Start (s),End (s),Scientific name,Common name,Confidence,ID,Year,Month,Day,Time
66.0,69.0,Periparus ater,Coal Tit,0.5536,psl3,2024,05,10,09
108.0,111.0,Periparus ater,Coal Tit,0.5699,psl3,2024,05,10,09
216.0,219.0,Phylloscopus humei,Hume's Warbler,0.6826,psl3,2024,05,10,09
219.0,222.0,Phylloscopus humei,Hume's Warbler,0.7507,psl3,2024,05,10,09
222.0,225.0,Phylloscopus humei,Hume's Warbler,0.8356,psl3,2024,05,10,09
225.0,228.0,Phylloscopus humei,Hume's Warbler,0.9574,psl3,2024,05,10,09
228.0,231.0,Conirostrum binghami,Giant Conebill,0.6692,psl3,2024,05,10,09
228.0,231.0,Phylloscopus humei,Hume's Warbler,0.6339,psl3,2024,05,10,09
234.0,237.0,Phylloscopus humei,Hume's Warbler,0.5558,psl3,2024,05,10,09
264.0,267.0,Phylloscopus humei,Hume's Warbler,0.9674,psl3,2024,05,10,09
270.0,273.0,Phylloscopus humei,Hume's Warbler,0.9147,psl3,2024,05,10,09
273.0,276.0,Phylloscopus humei,Hume's Warbler,0.8003,psl3,2024,05,10,09
276.0,279.0,Phylloscopus humei,Hume's Warbler,0.6391,psl3,2024,05,10,09
309.0,312.0,Phylloscopus humei,Hume's Warbler,0.5134,psl3,2024,05,10,09
351.0,354.0,Phylloscopus humei,Hume's Warbler,0.7886,psl3,2024,05,10,09
417.0,420.0,Phylloscopus humei,Hume's Warbler,0.769,psl3,2024,05,10,09
444.0,447.0,Phylloscopus humei,Hume's Warbler,0.7907,psl3,2024,05,10,09
447.0,450.0,Phylloscopus humei,Hume's Warbler,0.834,psl3,2024,05,10,09
450.0,453.0,Phylloscopus humei,Hume's Warbler,0.8413,psl3,2024,05,10,09
456.0,459.0,Phylloscopus humei,Hume's Warbler,0.9111,psl3,2024,05,10,09
459.0,462.0,Phylloscopus humei,Hume's Warbler,0.874,psl3,2024,05,10,09
462.0,465.0,Phylloscopus humei,Hume's Warbler,0.8168,psl3,2024,05,10,09
468.0,471.0,Phylloscopus humei,Hume's Warbler,0.8123,psl3,2024,05,10,09
471.0,474.0,Phylloscopus humei,Hume's Warbler,0.6793,psl3,2024,05,10,09
474.0,477.0,Phylloscopus humei,Hume's Warbler,0.9183,psl3,2024,05,10,09
477.0,480.0,Phylloscopus humei,Hume's Warbler,0.6328,psl3,2024,05,10,09
480.0,483.0,Phylloscopus humei,Hume's Warbler,0.583,psl3,2024,05,10,09
486.0,489.0,Phylloscopus humei,Hume's Warbler,0.8458,psl3,2024,05,10,09
498.0,501.0,Phylloscopus humei,Hume's Warbler,0.5295,psl3,2024,05,10,09
570.0,573.0,Turdus iliacus,Redwing,0.5791,psl3,2024,05,10,09
609.0,612.0,Conirostrum binghami,Giant Conebill,0.543,psl3,2024,05,10,09
12.0,15.0,Phylloscopus occipitalis,Western Crowned Warbler,0.6725,psl3,2024,05,11,06
39.0,42.0,Phylloscopus humei,Hume's Warbler,0.7275,psl3,2024,05,11,06
312.0,315.0,Periparus ater,Coal Tit,0.5671,psl3,2024,05,11,06
360.0,363.0,Periparus ater,Coal Tit,0.6466,psl3,2024,05,11,06
366.0,369.0,Periparus ater,Coal Tit,0.5168,psl3,2024,05,11,06
378.0,381.0,Periparus ater,Coal Tit,0.5437,psl3,2024,05,11,06
384.0,387.0,Periparus ater,Coal Tit,0.8568,psl3,2024,05,11,06
423.0,426.0,Periparus ater,Coal Tit,0.7435,psl3,2024,05,11,06
426.0,429.0,Periparus ater,Coal Tit,0.5305,psl3,2024,05,11,06
429.0,432.0,Periparus ater,Coal Tit,0.5718,psl3,2024,05,11,06
432.0,435.0,Periparus ater,Coal Tit,0.71,psl3,2024,05,11,06
447.0,450.0,Periparus ater,Coal Tit,0.5237,psl3,2024,05,11,06
453.0,456.0,Periparus ater,Coal Tit,0.6925,psl3,2024,05,11,06
744.0,747.0,Phylloscopus occipitalis,Western Crowned Warbler,0.5391,psl3,2024,05,11,06
747.0,750.0,Phylloscopus occipitalis,Western Crowned Warbler,0.7091,psl3,2024,05,11,06
759.0,762.0,Phylloscopus occipitalis,Western Crowned Warbler,0.7029,psl3,2024,05,11,06
768.0,771.0,Phylloscopus occipitalis,Western Crowned Warbler,0.8223,psl3,2024,05,11,06
807.0,810.0,Phylloscopus occipitalis,Western Crowned Warbler,0.9134,psl3,2024,05,11,06
837.0,840.0,Phylloscopus occipitalis,Western Crowned Warbler,0.5324,psl3,2024,05,11,06
861.0,864.0,Phylloscopus occipitalis,Western Crowned Warbler,0.5132,psl3,2024,05,11,06
306.0,309.0,Phylloscopus occipitalis,Western Crowned Warbler,0.6891,psl3,2024,05,11,07
339.0,342.0,Phylloscopus occipitalis,Western Crowned Warbler,0.8953,psl3,2024,05,11,07
375.0,378.0,Phylloscopus occipitalis,Western Crowned Warbler,0.691,psl3,2024,05,11,07
411.0,414.0,Anthus hodgsoni,Olive-backed Pipit,0.6586,psl3,2024,05,11,07
456.0,459.0,Phylloscopus occipitalis,Western Crowned Warbler,0.6902,psl3,2024,05,11,07
465.0,468.0,Phylloscopus occipitalis,Western Crowned Warbler,0.5416,psl3,2024,05,11,07
489.0,492.0,Phylloscopus occipitalis,Western Crowned Warbler,0.7175,psl3,2024,05,11,07
495.0,498.0,Phylloscopus occipitalis,Western Crowned Warbler,0.7409,psl3,2024,05,11,07
513.0,516.0,Phylloscopus occipitalis,Western Crowned Warbler,0.6441,psl3,2024,05,11,07
528.0,531.0,Phylloscopus tytleri,Tytler's Leaf Warbler,0.5015,psl3,2024,05,11,07
537.0,540.0,Phylloscopus occipitalis,Western Crowned Warbler,0.9061,psl3,2024,05,11,07
546.0,549.0,Phylloscopus occipitalis,Western Crowned Warbler,0.9143,psl3,2024,05,11,07
549.0,552.0,Phylloscopus occipitalis,Western Crowned Warbler,0.9485,psl3,2024,05,11,07
555.0,558.0,Phylloscopus occipitalis,Western Crowned Warbler,0.9383,psl3,2024,05,11,07
561.0,564.0,Anthus hodgsoni,Olive-backed Pipit,0.5325,psl3,2024,05,11,07
564.0,567.0,Phylloscopus occipitalis,Western Crowned Warbler,0.9765,psl3,2024,05,11,07
564.0,567.0,Phylloscopus reguloides,Blyth's Leaf Warbler,0.5034,psl3,2024,05,11,07
567.0,570.0,Phylloscopus occipitalis,Western Crowned Warbler,0.5277,psl3,2024,05,11,07
573.0,576.0,Phylloscopus occipitalis,Western Crowned Warbler,0.5227,psl3,2024,05,11,07
600.0,603.0,Phylloscopus occipitalis,Western Crowned Warbler,0.975,psl3,2024,05,11,07
603.0,606.0,Phylloscopus occipitalis,Western Crowned Warbler,0.5551,psl3,2024,05,11,07
639.0,642.0,Phylloscopus occipitalis,Western Crowned Warbler,0.8011,psl3,2024,05,11,07
645.0,648.0,Phylloscopus occipitalis,Western Crowned Warbler,0.9733,psl3,2024,05,11,07
654.0,657.0,Phylloscopus occipitalis,Western Crowned Warbler,0.7428,psl3,2024,05,11,07
660.0,663.0,Phylloscopus occipitalis,Western Crowned Warbler,0.9205,psl3,2024,05,11,07
663.0,666.0,Phylloscopus occipitalis,Western Crowned Warbler,0.6271,psl3,2024,05,11,07
669.0,672.0,Phylloscopus occipitalis,Western Crowned Warbler,0.7534,psl3,2024,05,11,07
675.0,678.0,Phylloscopus occipitalis,Western Crowned Warbler,0.863,psl3,2024,05,11,07
684.0,687.0,Phylloscopus occipitalis,Western Crowned Warbler,0.5507,psl3,2024,05,11,07
693.0,696.0,Phylloscopus occipitalis,Western Crowned Warbler,0.5329,psl3,2024,05,11,07
705.0,708.0,Phylloscopus occipitalis,Western Crowned Warbler,0.7336,psl3,2024,05,11,07
723.0,726.0,Phylloscopus occipitalis,Western Crowned Warbler,0.6294,psl3,2024,05,11,07
876.0,879.0,Phylloscopus humei,Hume's Warbler,0.6149,psl3,2024,05,11,07
279.0,282.0,Phylloscopus humei,Hume's Warbler,0.6554,psl3,2024,05,11,08
579.0,582.0,Phylloscopus humei,Hume's Warbler,0.8615,psl3,2024,05,11,08
582.0,585.0,Phylloscopus humei,Hume's Warbler,0.6021,psl3,2024,05,11,08
591.0,594.0,Phylloscopus humei,Hume's Warbler,0.5086,psl3,2024,05,11,08
594.0,597.0,Phylloscopus humei,Hume's Warbler,0.5227,psl3,2024,05,11,08
657.0,660.0,Phylloscopus humei,Hume's Warbler,0.5602,psl3,2024,05,11,08
660.0,663.0,Phylloscopus humei,Hume's Warbler,0.8511,psl3,2024,05,11,08
663.0,666.0,Phylloscopus humei,Hume's Warbler,0.7509,psl3,2024,05,11,08
669.0,672.0,Phylloscopus humei,Hume's Warbler,0.9112,psl3,2024,05,11,08
804.0,807.0,Phylloscopus occipitalis,Western Crowned Warbler,0.6353,psl3,2024,05,11,08
834.0,837.0,Phylloscopus occipitalis,Western Crowned Warbler,0.5272,psl3,2024,05,11,08
840.0,843.0,Turdus iliacus,Redwing,0.641,psl3,2024,05,11,08
852.0,855.0,Phylloscopus occipitalis,Western Crowned Warbler,0.9572,psl3,2024,05,11,08
855.0,858.0,Phylloscopus occipitalis,Western Crowned Warbler,0.7144,psl3,2024,05,11,08
864.0,867.0,Phylloscopus occipitalis,Western Crowned Warbler,0.9793,psl3,2024,05,11,08
867.0,870.0,Phylloscopus occipitalis,Western Crowned Warbler,0.6056,psl3,2024,05,11,08
882.0,885.0,Phylloscopus occipitalis,Western Crowned Warbler,0.9705,psl3,2024,05,11,08
885.0,888.0,Atlapetes fuscoolivaceus,Dusky-headed Brushfinch,0.5973,psl3,2024,05,11,08
891.0,894.0,Phylloscopus occipitalis,Western Crowned Warbler,0.7585,psl3,2024,05,11,08
9.0,12.0,Tachycineta euchrysea,Golden Swallow,0.537,psl3,2024,05,11,09
69.0,72.0,Tachycineta euchrysea,Golden Swallow,0.6038,psl3,2024,05,11,09
150.0,153.0,Periparus ater,Coal Tit,0.6804,psl3,2024,05,11,09
171.0,174.0,Periparus ater,Coal Tit,0.8505,psl3,2024,05,11,09
174.0,177.0,Phylloscopus occipitalis,Western Crowned Warbler,0.63,psl3,2024,05,11,09
180.0,183.0,Periparus ater,Coal Tit,0.8175,psl3,2024,05,11,09
180.0,183.0,Periparus rufonuchalis,Rufous-naped Tit,0.5142,psl3,2024,05,11,09
204.0,207.0,Phylloscopus occipitalis,Western Crowned Warbler,0.5552,psl3,2024,05,11,09
210.0,213.0,Phylloscopus occipitalis,Western Crowned Warbler,0.5641,psl3,2024,05,11,09
378.0,381.0,Phylloscopus occipitalis,Western Crowned Warbler,0.5686,psl3,2024,05,11,09
387.0,390.0,Phylloscopus occipitalis,Western Crowned Warbler,0.5298,psl3,2024,05,11,09
426.0,429.0,Phylloscopus occipitalis,Western Crowned Warbler,0.7711,psl3,2024,05,11,09
432.0,435.0,Phylloscopus humei,Hume's Warbler,0.7073,psl3,2024,05,11,09
435.0,438.0,Phylloscopus humei,Hume's Warbler,0.9995,psl3,2024,05,11,09
450.0,453.0,Phylloscopus humei,Hume's Warbler,0.7815,psl3,2024,05,11,09
453.0,456.0,Phylloscopus humei,Hume's Warbler,0.7773,psl3,2024,05,11,09
456.0,459.0,Phylloscopus humei,Hume's Warbler,0.8917,psl3,2024,05,11,09
465.0,468.0,Phylloscopus humei,Hume's Warbler,0.6955,psl3,2024,05,11,09
468.0,471.0,Phylloscopus humei,Hume's Warbler,0.7024,psl3,2024,05,11,09
471.0,474.0,Phylloscopus occipitalis,Western Crowned Warbler,0.7059,psl3,2024,05,11,09
474.0,477.0,Phylloscopus humei,Hume's Warbler,0.644,psl3,2024,05,11,09
513.0,516.0,Phylloscopus occipitalis,Western Crowned Warbler,0.5297,psl3,2024,05,11,09
522.0,525.0,Phylloscopus occipitalis,Western Crowned Warbler,0.5368,psl3,2024,05,11,09
525.0,528.0,Phylloscopus occipitalis,Western Crowned Warbler,0.6604,psl3,2024,05,11,09
531.0,534.0,Phylloscopus occipitalis,Western Crowned Warbler,0.7251,psl3,2024,05,11,09
543.0,546.0,Phylloscopus occipitalis,Western Crowned Warbler,0.6534,psl3,2024,05,11,09
555.0,558.0,Phylloscopus occipitalis,Western Crowned Warbler,0.9023,psl3,2024,05,11,09
597.0,600.0,Phylloscopus occipitalis,Western Crowned Warbler,0.6522,psl3,2024,05,11,09
603.0,606.0,Phylloscopus occipitalis,Western Crowned Warbler,0.7221,psl3,2024,05,11,09
609.0,612.0,Phylloscopus humei,Hume's Warbler,0.8792,psl3,2024,05,11,09
615.0,618.0,Phylloscopus humei,Hume's Warbler,0.7937,psl3,2024,05,11,09
627.0,630.0,Phylloscopus humei,Hume's Warbler,0.7615,psl3,2024,05,11,09
633.0,636.0,Phylloscopus occipitalis,Western Crowned Warbler,0.8423,psl3,2024,05,11,09
657.0,660.0,Phylloscopus occipitalis,Western Crowned Warbler,0.8036,psl3,2024,05,11,09
660.0,663.0,Phylloscopus humei,Hume's Warbler,0.625,psl3,2024,05,11,09
663.0,666.0,Phylloscopus occipitalis,Western Crowned Warbler,0.9575,psl3,2024,05,11,09
666.0,669.0,Phylloscopus occipitalis,Western Crowned Warbler,0.7372,psl3,2024,05,11,09
675.0,678.0,Phylloscopus occipitalis,Western Crowned Warbler,0.8527,psl3,2024,05,11,09
684.0,687.0,Phylloscopus occipitalis,Western Crowned Warbler,0.7647,psl3,2024,05,11,09
690.0,693.0,Phylloscopus occipitalis,Western Crowned Warbler,0.9805,psl3,2024,05,11,09
693.0,696.0,Phylloscopus occipitalis,Western Crowned Warbler,0.58,psl3,2024,05,11,09
699.0,702.0,Phylloscopus occipitalis,Western Crowned Warbler,0.9907,psl3,2024,05,11,09
708.0,711.0,Phylloscopus occipitalis,Western Crowned Warbler,0.9508,psl3,2024,05,11,09
717.0,720.0,Phylloscopus occipitalis,Western Crowned Warbler,0.6833,psl3,2024,05,11,09
726.0,729.0,Phylloscopus occipitalis,Western Crowned Warbler,0.5334,psl3,2024,05,11,09
735.0,738.0,Phylloscopus occipitalis,Western Crowned Warbler,0.8647,psl3,2024,05,11,09
744.0,747.0,Phylloscopus occipitalis,Western Crowned Warbler,0.7309,psl3,2024,05,11,09
759.0,762.0,Anthus hodgsoni,Olive-backed Pipit,0.7811,psl3,2024,05,11,09
15.0,18.0,Saltator maximus,Buff-throated Saltator,0.5725,psl3,2024,05,12,06
165.0,168.0,Phylloscopus humei,Hume's Warbler,0.9406,psl3,2024,05,12,06
171.0,174.0,Vermivora chrysoptera,Golden-winged Warbler,0.6661,psl3,2024,05,12,06
174.0,177.0,Phylloscopus humei,Hume's Warbler,0.5091,psl3,2024,05,12,06
180.0,183.0,Phylloscopus humei,Hume's Warbler,0.9033,psl3,2024,05,12,06
201.0,204.0,Phylloscopus humei,Hume's Warbler,0.7584,psl3,2024,05,12,06
243.0,246.0,Phylloscopus humei,Hume's Warbler,0.9976,psl3,2024,05,12,06
246.0,249.0,Vireo flavifrons,Yellow-throated Vireo,0.8691,psl3,2024,05,12,06
270.0,273.0,Phylloscopus humei,Hume's Warbler,0.9428,psl3,2024,05,12,06
276.0,279.0,Phylloscopus humei,Hume's Warbler,0.8951,psl3,2024,05,12,06
285.0,288.0,Phylloscopus humei,Hume's Warbler,0.9329,psl3,2024,05,12,06
309.0,312.0,Phylloscopus humei,Hume's Warbler,0.9542,psl3,2024,05,12,06
315.0,318.0,Phylloscopus humei,Hume's Warbler,0.6906,psl3,2024,05,12,06
477.0,480.0,Phylloscopus occipitalis,Western Crowned Warbler,0.6769,psl3,2024,05,12,06
489.0,492.0,Phylloscopus occipitalis,Western Crowned Warbler,0.7506,psl3,2024,05,12,06
519.0,522.0,Phylloscopus occipitalis,Western Crowned Warbler,0.7556,psl3,2024,05,12,06
531.0,534.0,Phylloscopus occipitalis,Western Crowned Warbler,0.5722,psl3,2024,05,12,06
543.0,546.0,Phylloscopus occipitalis,Western Crowned Warbler,0.7308,psl3,2024,05,12,06
570.0,573.0,Phylloscopus humei,Hume's Warbler,0.5901,psl3,2024,05,12,06
579.0,582.0,Phylloscopus humei,Hume's Warbler,0.6565,psl3,2024,05,12,06
624.0,627.0,Phylloscopus occipitalis,Western Crowned Warbler,0.7383,psl3,2024,05,12,06
654.0,657.0,Phylloscopus occipitalis,Western Crowned Warbler,0.5174,psl3,2024,05,12,06
708.0,711.0,Phylloscopus occipitalis,Western Crowned Warbler,0.5483,psl3,2024,05,12,06
720.0,723.0,Phylloscopus occipitalis,Western Crowned Warbler,0.644,psl3,2024,05,12,06
768.0,771.0,Phylloscopus occipitalis,Western Crowned Warbler,0.9028,psl3,2024,05,12,06
813.0,816.0,Phylloscopus occipitalis,Western Crowned Warbler,0.6467,psl3,2024,05,12,06
579.0,582.0,Periparus rufonuchalis,Rufous-naped Tit,0.7311,psl3,2024,05,12,07
627.0,630.0,Turdus iliacus,Redwing,0.5522,psl3,2024,05,12,07
9.0,12.0,Phylloscopus occipitalis,Western Crowned Warbler,0.7193,psl3,2024,05,12,08
18.0,21.0,Phylloscopus occipitalis,Western Crowned Warbler,0.8882,psl3,2024,05,12,08
30.0,33.0,Phylloscopus occipitalis,Western Crowned Warbler,0.8537,psl3,2024,05,12,08
42.0,45.0,Phylloscopus occipitalis,Western Crowned Warbler,0.967,psl3,2024,05,12,08
51.0,54.0,Phylloscopus occipitalis,Western Crowned Warbler,0.7442,psl3,2024,05,12,08
60.0,63.0,Phylloscopus occipitalis,Western Crowned Warbler,0.9729,psl3,2024,05,12,08
63.0,66.0,Phylloscopus occipitalis,Western Crowned Warbler,0.5979,psl3,2024,05,12,08
69.0,72.0,Phylloscopus occipitalis,Western Crowned Warbler,0.9441,psl3,2024,05,12,08
78.0,81.0,Phylloscopus occipitalis,Western Crowned Warbler,0.8067,psl3,2024,05,12,08
87.0,90.0,Atlapetes fuscoolivaceus,Dusky-headed Brushfinch,0.6169,psl3,2024,05,12,08
90.0,93.0,Phylloscopus occipitalis,Western Crowned Warbler,0.8624,psl3,2024,05,12,08
93.0,96.0,Phylloscopus occipitalis,Western Crowned Warbler,0.7846,psl3,2024,05,12,08
96.0,99.0,Phylloscopus occipitalis,Western Crowned Warbler,0.915,psl3,2024,05,12,08
99.0,102.0,Phylloscopus occipitalis,Western Crowned Warbler,0.6164,psl3,2024,05,12,08
105.0,108.0,Phylloscopus occipitalis,Western Crowned Warbler,0.8985,psl3,2024,05,12,08
108.0,111.0,Phylloscopus occipitalis,Western Crowned Warbler,0.9326,psl3,2024,05,12,08
111.0,114.0,Phylloscopus occipitalis,Western Crowned Warbler,0.5343,psl3,2024,05,12,08
114.0,117.0,Phylloscopus occipitalis,Western Crowned Warbler,0.8882,psl3,2024,05,12,08
138.0,141.0,Phylloscopus occipitalis,Western Crowned Warbler,0.9408,psl3,2024,05,12,08
141.0,144.0,Phylloscopus occipitalis,Western Crowned Warbler,0.8247,psl3,2024,05,12,08
147.0,150.0,Phylloscopus occipitalis,Western Crowned Warbler,0.918,psl3,2024,05,12,08
156.0,159.0,Phylloscopus occipitalis,Western Crowned Warbler,0.6594,psl3,2024,05,12,08
162.0,165.0,Phylloscopus occipitalis,Western Crowned Warbler,0.5423,psl3,2024,05,12,08
165.0,168.0,Phylloscopus occipitalis,Western Crowned Warbler,0.9437,psl3,2024,05,12,08
168.0,171.0,Phylloscopus occipitalis,Western Crowned Warbler,0.5588,psl3,2024,05,12,08
171.0,174.0,Phylloscopus occipitalis,Western Crowned Warbler,0.7597,psl3,2024,05,12,08
177.0,180.0,Phylloscopus occipitalis,Western Crowned Warbler,0.9023,psl3,2024,05,12,08
180.0,183.0,Phylloscopus occipitalis,Western Crowned Warbler,0.9414,psl3,2024,05,12,08
189.0,192.0,Phylloscopus occipitalis,Western Crowned Warbler,0.9588,psl3,2024,05,12,08
192.0,195.0,Phylloscopus occipitalis,Western Crowned Warbler,0.8173,psl3,2024,05,12,08
192.0,195.0,Phylloscopus reguloides,Blyth's Leaf Warbler,0.5453,psl3,2024,05,12,08
201.0,204.0,Phylloscopus occipitalis,Western Crowned Warbler,0.9626,psl3,2024,05,12,08
204.0,207.0,Phylloscopus occipitalis,Western Crowned Warbler,0.8495,psl3,2024,05,12,08
207.0,210.0,Phylloscopus occipitalis,Western Crowned Warbler,0.5207,psl3,2024,05,12,08
210.0,213.0,Phylloscopus occipitalis,Western Crowned Warbler,0.9974,psl3,2024,05,12,08
213.0,216.0,Phylloscopus occipitalis,Western Crowned Warbler,0.9352,psl3,2024,05,12,08
225.0,228.0,Phylloscopus occipitalis,Western Crowned Warbler,0.9352,psl3,2024,05,12,08
228.0,231.0,Phylloscopus occipitalis,Western Crowned Warbler,0.9202,psl3,2024,05,12,08
231.0,234.0,Phylloscopus occipitalis,Western Crowned Warbler,0.5131,psl3,2024,05,12,08
234.0,237.0,Phylloscopus occipitalis,Western Crowned Warbler,0.933,psl3,2024,05,12,08
237.0,240.0,Phylloscopus occipitalis,Western Crowned Warbler,0.5709,psl3,2024,05,12,08
246.0,249.0,Phylloscopus occipitalis,Western Crowned Warbler,0.9739,psl3,2024,05,12,08
249.0,252.0,Phylloscopus occipitalis,Western Crowned Warbler,0.6331,psl3,2024,05,12,08
258.0,261.0,Phylloscopus occipitalis,Western Crowned Warbler,0.8,psl3,2024,05,12,08
267.0,270.0,Phylloscopus occipitalis,Western Crowned Warbler,0.902,psl3,2024,05,12,08
270.0,273.0,Phylloscopus occipitalis,Western Crowned Warbler,0.8316,psl3,2024,05,12,08
276.0,279.0,Phylloscopus occipitalis,Western Crowned Warbler,0.9191,psl3,2024,05,12,08
282.0,285.0,Phylloscopus occipitalis,Western Crowned Warbler,0.9231,psl3,2024,05,12,08
294.0,297.0,Phylloscopus occipitalis,Western Crowned Warbler,0.9473,psl3,2024,05,12,08
300.0,303.0,Phylloscopus occipitalis,Western Crowned Warbler,0.9488,psl3,2024,05,12,08
303.0,306.0,Phylloscopus occipitalis,Western Crowned Warbler,0.6916,psl3,2024,05,12,08
309.0,312.0,Phylloscopus occipitalis,Western Crowned Warbler,0.5089,psl3,2024,05,12,08
312.0,315.0,Phylloscopus occipitalis,Western Crowned Warbler,0.8228,psl3,2024,05,12,08
327.0,330.0,Phylloscopus occipitalis,Western Crowned Warbler,0.93,psl3,2024,05,12,08
384.0,387.0,Phylloscopus occipitalis,Western Crowned Warbler,0.8803,psl3,2024,05,12,08
396.0,399.0,Phylloscopus occipitalis,Western Crowned Warbler,0.9377,psl3,2024,05,12,08
411.0,414.0,Phylloscopus occipitalis,Western Crowned Warbler,0.8812,psl3,2024,05,12,08
426.0,429.0,Phylloscopus occipitalis,Western Crowned Warbler,0.8733,psl3,2024,05,12,08
426.0,429.0,Phylloscopus reguloides,Blyth's Leaf Warbler,0.6265,psl3,2024,05,12,08
429.0,432.0,Phylloscopus occipitalis,Western Crowned Warbler,0.8203,psl3,2024,05,12,08
429.0,432.0,Phylloscopus reguloides,Blyth's Leaf Warbler,0.639,psl3,2024,05,12,08
450.0,453.0,Phylloscopus occipitalis,Western Crowned Warbler,0.8445,psl3,2024,05,12,08
453.0,456.0,Phylloscopus occipitalis,Western Crowned Warbler,0.7691,psl3,2024,05,12,08
465.0,468.0,Phylloscopus occipitalis,Western Crowned Warbler,0.9593,psl3,2024,05,12,08
468.0,471.0,Phylloscopus occipitalis,Western Crowned Warbler,0.685,psl3,2024,05,12,08
471.0,474.0,Phylloscopus occipitalis,Western Crowned Warbler,0.7353,psl3,2024,05,12,08
474.0,477.0,Phylloscopus occipitalis,Western Crowned Warbler,0.5999,psl3,2024,05,12,08
477.0,480.0,Phylloscopus occipitalis,Western Crowned Warbler,0.7927,psl3,2024,05,12,08
489.0,492.0,Phylloscopus occipitalis,Western Crowned Warbler,0.8012,psl3,2024,05,12,08
498.0,501.0,Phylloscopus occipitalis,Western Crowned Warbler,0.7818,psl3,2024,05,12,08
504.0,507.0,Phylloscopus occipitalis,Western Crowned Warbler,0.8949,psl3,2024,05,12,08
507.0,510.0,Phylloscopus occipitalis,Western Crowned Warbler,0.9541,psl3,2024,05,12,08
513.0,516.0,Phylloscopus occipitalis,Western Crowned Warbler,0.8087,psl3,2024,05,12,08
516.0,519.0,Phylloscopus occipitalis,Western Crowned Warbler,0.8992,psl3,2024,05,12,08
525.0,528.0,Phylloscopus occipitalis,Western Crowned Warbler,0.9481,psl3,2024,05,12,08
528.0,531.0,Phylloscopus occipitalis,Western Crowned Warbler,0.7096,psl3,2024,05,12,08
531.0,534.0,Phylloscopus occipitalis,Western Crowned Warbler,0.6016,psl3,2024,05,12,08
534.0,537.0,Phylloscopus occipitalis,Western Crowned Warbler,0.9459,psl3,2024,05,12,08
540.0,543.0,Phylloscopus occipitalis,Western Crowned Warbler,0.6673,psl3,2024,05,12,08
570.0,573.0,Phylloscopus occipitalis,Western Crowned Warbler,0.9024,psl3,2024,05,12,08
573.0,576.0,Phylloscopus occipitalis,Western Crowned Warbler,0.8458,psl3,2024,05,12,08
588.0,591.0,Phylloscopus occipitalis,Western Crowned Warbler,0.9286,psl3,2024,05,12,08
591.0,594.0,Phylloscopus occipitalis,Western Crowned Warbler,0.8813,psl3,2024,05,12,08
600.0,603.0,Phylloscopus occipitalis,Western Crowned Warbler,0.7973,psl3,2024,05,12,08
603.0,606.0,Phylloscopus occipitalis,Western Crowned Warbler,0.7809,psl3,2024,05,12,08
603.0,606.0,Phylloscopus reguloides,Blyth's Leaf Warbler,0.6773,psl3,2024,05,12,08
609.0,612.0,Phylloscopus occipitalis,Western Crowned Warbler,0.7724,psl3,2024,05,12,08
630.0,633.0,Phylloscopus occipitalis,Western Crowned Warbler,0.7396,psl3,2024,05,12,08
114.0,117.0,Protonotaria citrea,Prothonotary Warbler,0.6137,psl3,2024,05,12,09
399.0,402.0,Phylloscopus humei,Hume's Warbler,0.7475,psl3,2024,05,12,09
27.0,30.0,Phylloscopus occipitalis,Western Crowned Warbler,0.5099,psl3,2024,05,13,06
102.0,105.0,Phylloscopus occipitalis,Western Crowned Warbler,0.6991,psl3,2024,05,13,06
144.0,147.0,Phylloscopus occipitalis,Western Crowned Warbler,0.6957,psl3,2024,05,13,06
585.0,588.0,Turdus iliacus,Redwing,0.578,psl3,2024,05,13,06
738.0,741.0,Phylloscopus occipitalis,Western Crowned Warbler,0.51,psl3,2024,05,13,06
753.0,756.0,Phylloscopus occipitalis,Western Crowned Warbler,0.6838,psl3,2024,05,13,06
822.0,825.0,Phylloscopus occipitalis,Western Crowned Warbler,0.73,psl3,2024,05,13,06
834.0,837.0,Phylloscopus occipitalis,Western Crowned Warbler,0.8224,psl3,2024,05,13,06
846.0,849.0,Phylloscopus occipitalis,Western Crowned Warbler,0.9519,psl3,2024,05,13,06
849.0,852.0,Phylloscopus occipitalis,Western Crowned Warbler,0.537,psl3,2024,05,13,06
867.0,870.0,Phylloscopus tytleri,Tytler's Leaf Warbler,0.5277,psl3,2024,05,13,06
882.0,885.0,Phylloscopus occipitalis,Western Crowned Warbler,0.7683,psl3,2024,05,13,06
891.0,894.0,Phylloscopus occipitalis,Western Crowned Warbler,0.5255,psl3,2024,05,13,06
9.0,12.0,Phylloscopus tytleri,Tytler's Leaf Warbler,0.6896,psl3,2024,05,13,07
36.0,39.0,Phylloscopus occipitalis,Western Crowned Warbler,0.9762,psl3,2024,05,13,07
39.0,42.0,Phylloscopus occipitalis,Western Crowned Warbler,0.6879,psl3,2024,05,13,07
51.0,54.0,Phylloscopus occipitalis,Western Crowned Warbler,0.5654,psl3,2024,05,13,07
54.0,57.0,Phylloscopus occipitalis,Western Crowned Warbler,0.6722,psl3,2024,05,13,07
111.0,114.0,Phylloscopus occipitalis,Western Crowned Warbler,0.8851,psl3,2024,05,13,07
135.0,138.0,Phylloscopus occipitalis,Western Crowned Warbler,0.8063,psl3,2024,05,13,07
156.0,159.0,Phylloscopus occipitalis,Western Crowned Warbler,0.9471,psl3,2024,05,13,07
213.0,216.0,Phylloscopus occipitalis,Western Crowned Warbler,0.7374,psl3,2024,05,13,07
273.0,276.0,Phylloscopus occipitalis,Western Crowned Warbler,0.8876,psl3,2024,05,13,07
291.0,294.0,Phylloscopus occipitalis,Western Crowned Warbler,0.6363,psl3,2024,05,13,07
309.0,312.0,Phylloscopus occipitalis,Western Crowned Warbler,0.9229,psl3,2024,05,13,07
348.0,351.0,Phylloscopus occipitalis,Western Crowned Warbler,0.6697,psl3,2024,05,13,07
393.0,396.0,Phylloscopus occipitalis,Western Crowned Warbler,0.9286,psl3,2024,05,13,07
408.0,411.0,Phylloscopus occipitalis,Western Crowned Warbler,0.7186,psl3,2024,05,13,07
477.0,480.0,Phylloscopus occipitalis,Western Crowned Warbler,0.7022,psl3,2024,05,13,07
489.0,492.0,Phylloscopus occipitalis,Western Crowned Warbler,0.678,psl3,2024,05,13,07
612.0,615.0,Phylloscopus occipitalis,Western Crowned Warbler,0.6428,psl3,2024,05,13,07
654.0,657.0,Phylloscopus occipitalis,Western Crowned Warbler,0.7098,psl3,2024,05,13,07
855.0,858.0,Phylloscopus occipitalis,Western Crowned Warbler,0.6505,psl3,2024,05,13,07
0.0,3.0,Phylloscopus occipitalis,Western Crowned Warbler,0.5884,psl3,2024,05,13,08
3.0,6.0,Phylloscopus occipitalis,Western Crowned Warbler,0.7618,psl3,2024,05,13,08
33.0,36.0,Conirostrum bicolor,Bicolored Conebill,0.925,psl3,2024,05,13,08
39.0,42.0,Conirostrum bicolor,Bicolored Conebill,0.5955,psl3,2024,05,13,08
117.0,120.0,Phylloscopus occipitalis,Western Crowned Warbler,0.6428,psl3,2024,05,13,08
429.0,432.0,Phylloscopus occipitalis,Western Crowned Warbler,0.7041,psl3,2024,05,13,08
219.0,222.0,Myiarchus crinitus,Great Crested Flycatcher,0.5099,psl3,2024,05,13,09
243.0,246.0,Myiarchus crinitus,Great Crested Flycatcher,0.8699,psl3,2024,05,13,09
246.0,249.0,Myiarchus crinitus,Great Crested Flycatcher,0.7227,psl3,2024,05,13,09
435.0,438.0,Vanellus vanellus,Northern Lapwing,0.5036,psl3,2024,05,13,09
570.0,573.0,Atlapetes rufigenis,Rufous-eared Brushfinch,0.5341,psl3,2024,05,13,09
645.0,648.0,Turdus iliacus,Redwing,0.7905,psl3,2024,05,13,09
672.0,675.0,Turdus iliacus,Redwing,0.5838,psl3,2024,05,13,09
156.0,159.0,Phylloscopus humei,Hume's Warbler,0.6773,psl3,2024,05,14,06
339.0,342.0,Ficedula parva,Red-breasted Flycatcher,0.8175,psl3,2024,05,14,06
504.0,507.0,Phylloscopus nitidus,Green Warbler,0.7418,psl3,2024,05,14,06
657.0,660.0,Phylloscopus humei,Hume's Warbler,0.8169,psl3,2024,05,14,06
678.0,681.0,Phylloscopus humei,Hume's Warbler,0.6777,psl3,2024,05,14,06
711.0,714.0,Phylloscopus humei,Hume's Warbler,0.9061,psl3,2024,05,14,06
720.0,723.0,Phylloscopus humei,Hume's Warbler,0.6442,psl3,2024,05,14,06
729.0,732.0,Phylloscopus humei,Hume's Warbler,0.8327,psl3,2024,05,14,06
741.0,744.0,Phylloscopus humei,Hume's Warbler,0.6842,psl3,2024,05,14,06
750.0,753.0,Phylloscopus humei,Hume's Warbler,0.796,psl3,2024,05,14,06
765.0,768.0,Phylloscopus humei,Hume's Warbler,0.858,psl3,2024,05,14,06
771.0,774.0,Phylloscopus humei,Hume's Warbler,0.9389,psl3,2024,05,14,06
792.0,795.0,Phylloscopus occipitalis,Western Crowned Warbler,0.7015,psl3,2024,05,14,06
3.0,6.0,Leptasthenura xenothorax,White-browed Tit-Spinetail,0.5673,psl3,2024,05,14,07
30.0,33.0,Leptasthenura xenothorax,White-browed Tit-Spinetail,0.5786,psl3,2024,05,14,07
39.0,42.0,Junco hyemalis,Dark-eyed Junco,0.6131,psl3,2024,05,14,07
51.0,54.0,Leptasthenura xenothorax,White-browed Tit-Spinetail,0.5535,psl3,2024,05,14,07
132.0,135.0,Anthus trivialis,Tree Pipit,0.6715,psl3,2024,05,14,07
345.0,348.0,Periparus rufonuchalis,Rufous-naped Tit,0.8099,psl3,2024,05,14,07
366.0,369.0,Phylloscopus humei,Hume's Warbler,0.6483,psl3,2024,05,14,07
372.0,375.0,Phylloscopus humei,Hume's Warbler,0.747,psl3,2024,05,14,07
381.0,384.0,Phylloscopus humei,Hume's Warbler,0.6844,psl3,2024,05,14,07
396.0,399.0,Periparus rufonuchalis,Rufous-naped Tit,0.5622,psl3,2024,05,14,07
399.0,402.0,Phylloscopus humei,Hume's Warbler,0.8663,psl3,2024,05,14,07
402.0,405.0,Periparus rufonuchalis,Rufous-naped Tit,0.8962,psl3,2024,05,14,07
405.0,408.0,Phylloscopus humei,Hume's Warbler,0.7226,psl3,2024,05,14,07
696.0,699.0,Spizelloides arborea,American Tree Sparrow,0.5578,psl3,2024,05,14,07
711.0,714.0,Phylloscopus humei,Hume's Warbler,0.8548,psl3,2024,05,14,07
717.0,720.0,Phylloscopus humei,Hume's Warbler,0.5148,psl3,2024,05,14,07
726.0,729.0,Calliope pectoralis,Himalayan Rubythroat,0.8318,psl3,2024,05,14,07
732.0,735.0,Phylloscopus humei,Hume's Warbler,0.7046,psl3,2024,05,14,07
741.0,744.0,Phylloscopus humei,Hume's Warbler,0.6369,psl3,2024,05,14,07
789.0,792.0,Phylloscopus occipitalis,Western Crowned Warbler,0.8837,psl3,2024,05,14,07
801.0,804.0,Phylloscopus occipitalis,Western Crowned Warbler,0.7037,psl3,2024,05,14,07
801.0,804.0,Emberiza rustica,Rustic Bunting,0.5697,psl3,2024,05,14,07
807.0,810.0,Trochalopteron variegatum,Variegated Laughingthrush,0.9271,psl3,2024,05,14,07
819.0,822.0,Trochalopteron variegatum,Variegated Laughingthrush,0.6308,psl3,2024,05,14,07
822.0,825.0,Trochalopteron variegatum,Variegated Laughingthrush,0.6822,psl3,2024,05,14,07
831.0,834.0,Phylloscopus occipitalis,Western Crowned Warbler,0.6658,psl3,2024,05,14,07
831.0,834.0,Trochalopteron variegatum,Variegated Laughingthrush,0.5003,psl3,2024,05,14,07
834.0,837.0,Trochalopteron variegatum,Variegated Laughingthrush,0.8442,psl3,2024,05,14,07
840.0,843.0,Periparus rufonuchalis,Rufous-naped Tit,0.5117,psl3,2024,05,14,07
855.0,858.0,Phylloscopus occipitalis,Western Crowned Warbler,0.9129,psl3,2024,05,14,07
864.0,867.0,Phylloscopus occipitalis,Western Crowned Warbler,0.8187,psl3,2024,05,14,07
894.0,897.0,Phylloscopus occipitalis,Western Crowned Warbler,0.8762,psl3,2024,05,14,07
198.0,201.0,Phylloscopus occipitalis,Western Crowned Warbler,0.6963,psl3,2024,05,14,08
210.0,213.0,Phylloscopus occipitalis,Western Crowned Warbler,0.5148,psl3,2024,05,14,08
216.0,219.0,Phylloscopus occipitalis,Western Crowned Warbler,0.5953,psl3,2024,05,14,08
255.0,258.0,Emberiza cia,Rock Bunting,0.5705,psl3,2024,05,14,08
378.0,381.0,Phylloscopus humei,Hume's Warbler,0.6039,psl3,2024,05,14,08
456.0,459.0,Calidris alpina,Dunlin,0.7108,psl3,2024,05,14,08
711.0,714.0,Anthus hodgsoni,Olive-backed Pipit,0.8114,psl3,2024,05,14,08
75.0,78.0,Phylloscopus occipitalis,Western Crowned Warbler,0.5384,psl3,2024,05,14,09
345.0,348.0,Phylloscopus occipitalis,Western Crowned Warbler,0.5864,psl3,2024,05,14,09
348.0,351.0,Phylloscopus occipitalis,Western Crowned Warbler,0.5193,psl3,2024,05,14,09
393.0,396.0,Phylloscopus occipitalis,Western Crowned Warbler,0.8855,psl3,2024,05,14,09
549.0,552.0,Turdus iliacus,Redwing,0.7418,psl3,2024,05,14,09
561.0,564.0,Turdus iliacus,Redwing,0.6258,psl3,2024,05,14,09
693.0,696.0,Phylloscopus occipitalis,Western Crowned Warbler,0.6113,psl3,2024,05,14,09
702.0,705.0,Phylloscopus humei,Hume's Warbler,0.8199,psl3,2024,05,14,09
810.0,813.0,Phylloscopus occipitalis,Western Crowned Warbler,0.7916,psl3,2024,05,14,09
858.0,861.0,Phylloscopus occipitalis,Western Crowned Warbler,0.5663,psl3,2024,05,14,09
861.0,864.0,Phylloscopus occipitalis,Western Crowned Warbler,0.9442,psl3,2024,05,14,09
864.0,867.0,Phylloscopus occipitalis,Western Crowned Warbler,0.9892,psl3,2024,05,14,09
867.0,870.0,Phylloscopus occipitalis,Western Crowned Warbler,0.9878,psl3,2024,05,14,09
870.0,873.0,Phylloscopus occipitalis,Western Crowned Warbler,0.9874,psl3,2024,05,14,09
873.0,876.0,Phylloscopus occipitalis,Western Crowned Warbler,0.9574,psl3,2024,05,14,09
876.0,879.0,Phylloscopus occipitalis,Western Crowned Warbler,0.82,psl3,2024,05,14,09
879.0,882.0,Phylloscopus occipitalis,Western Crowned Warbler,0.9876,psl3,2024,05,14,09
882.0,885.0,Phylloscopus occipitalis,Western Crowned Warbler,0.9823,psl3,2024,05,14,09
885.0,888.0,Phylloscopus occipitalis,Western Crowned Warbler,0.9844,psl3,2024,05,14,09
888.0,891.0,Phylloscopus occipitalis,Western Crowned Warbler,0.9768,psl3,2024,05,14,09
891.0,894.0,Phylloscopus occipitalis,Western Crowned Warbler,0.9767,psl3,2024,05,14,09
894.0,897.0,Phylloscopus occipitalis,Western Crowned Warbler,0.6741,psl3,2024,05,14,09
897.0,900.0,Phylloscopus occipitalis,Western Crowned Warbler,0.7414,psl3,2024,05,14,09
24.0,27.0,Phylloscopus occipitalis,Western Crowned Warbler,0.6164,psl3,2024,05,15,06
27.0,30.0,Phylloscopus occipitalis,Western Crowned Warbler,0.5645,psl3,2024,05,15,06
177.0,180.0,Phylloscopus humei,Hume's Warbler,0.7642,psl3,2024,05,15,06
201.0,204.0,Phylloscopus humei,Hume's Warbler,0.8871,psl3,2024,05,15,06
321.0,324.0,Phylloscopus humei,Hume's Warbler,0.7495,psl3,2024,05,15,06
351.0,354.0,Phylloscopus humei,Hume's Warbler,0.6908,psl3,2024,05,15,06
360.0,363.0,Phylloscopus humei,Hume's Warbler,0.6709,psl3,2024,05,15,06
363.0,366.0,Phylloscopus tytleri,Tytler's Leaf Warbler,0.9069,psl3,2024,05,15,06
366.0,369.0,Phylloscopus tytleri,Tytler's Leaf Warbler,0.8538,psl3,2024,05,15,06
372.0,375.0,Phylloscopus tytleri,Tytler's Leaf Warbler,0.9941,psl3,2024,05,15,06
387.0,390.0,Phylloscopus tytleri,Tytler's Leaf Warbler,0.878,psl3,2024,05,15,06
390.0,393.0,Phylloscopus tytleri,Tytler's Leaf Warbler,0.5758,psl3,2024,05,15,06
396.0,399.0,Phylloscopus tytleri,Tytler's Leaf Warbler,0.8819,psl3,2024,05,15,06
465.0,468.0,Phylloscopus humei,Hume's Warbler,0.5499,psl3,2024,05,15,06
471.0,474.0,Phylloscopus occipitalis,Western Crowned Warbler,0.5285,psl3,2024,05,15,06
528.0,531.0,Phylloscopus humei,Hume's Warbler,0.5575,psl3,2024,05,15,06
549.0,552.0,Phylloscopus humei,Hume's Warbler,0.5394,psl3,2024,05,15,06
558.0,561.0,Phylloscopus humei,Hume's Warbler,0.6324,psl3,2024,05,15,06
567.0,570.0,Phylloscopus humei,Hume's Warbler,0.7893,psl3,2024,05,15,06
582.0,585.0,Phylloscopus humei,Hume's Warbler,0.634,psl3,2024,05,15,06
594.0,597.0,Trochalopteron elliotii,Elliot's Laughingthrush,0.5096,psl3,2024,05,15,06
606.0,609.0,Phylloscopus humei,Hume's Warbler,0.5875,psl3,2024,05,15,06
654.0,657.0,Anthus hodgsoni,Olive-backed Pipit,0.8933,psl3,2024,05,15,06
666.0,669.0,Trochalopteron variegatum,Variegated Laughingthrush,0.9521,psl3,2024,05,15,06
798.0,801.0,Phoenicurus frontalis,Blue-fronted Redstart,0.6212,psl3,2024,05,15,06
852.0,855.0,Phylloscopus nitidus,Green Warbler,0.7768,psl3,2024,05,15,06
876.0,879.0,Phylloscopus nitidus,Green Warbler,0.5148,psl3,2024,05,15,06
888.0,891.0,Phylloscopus nitidus,Green Warbler,0.7519,psl3,2024,05,15,06
24.0,27.0,Emberiza cia,Rock Bunting,0.9445,psl3,2024,05,15,07
30.0,33.0,Emberiza cia,Rock Bunting,0.8323,psl3,2024,05,15,07
75.0,78.0,Emberiza cia,Rock Bunting,0.6656,psl3,2024,05,15,07
81.0,84.0,Emberiza cia,Rock Bunting,0.6896,psl3,2024,05,15,07
99.0,102.0,Emberiza cia,Rock Bunting,0.5742,psl3,2024,05,15,07
120.0,123.0,Phylloscopus humei,Hume's Warbler,0.722,psl3,2024,05,15,07
126.0,129.0,Phylloscopus nitidus,Green Warbler,0.5462,psl3,2024,05,15,07
129.0,132.0,Phylloscopus humei,Hume's Warbler,0.9441,psl3,2024,05,15,07
132.0,135.0,Phylloscopus nitidus,Green Warbler,0.5974,psl3,2024,05,15,07
138.0,141.0,Phylloscopus humei,Hume's Warbler,0.9743,psl3,2024,05,15,07
141.0,144.0,Phylloscopus nitidus,Green Warbler,0.7454,psl3,2024,05,15,07
147.0,150.0,Phylloscopus humei,Hume's Warbler,0.7882,psl3,2024,05,15,07
156.0,159.0,Phylloscopus humei,Hume's Warbler,0.9772,psl3,2024,05,15,07
159.0,162.0,Phylloscopus tytleri,Tytler's Leaf Warbler,0.7005,psl3,2024,05,15,07
162.0,165.0,Phylloscopus humei,Hume's Warbler,0.8766,psl3,2024,05,15,07
171.0,174.0,Phylloscopus humei,Hume's Warbler,0.913,psl3,2024,05,15,07
177.0,180.0,Phylloscopus humei,Hume's Warbler,0.9873,psl3,2024,05,15,07
186.0,189.0,Phylloscopus humei,Hume's Warbler,0.6076,psl3,2024,05,15,07
189.0,192.0,Arremon assimilis,Gray-browed Brushfinch,0.6044,psl3,2024,05,15,07
195.0,198.0,Phylloscopus nitidus,Green Warbler,0.6688,psl3,2024,05,15,07
204.0,207.0,Emberiza cia,Rock Bunting,0.7059,psl3,2024,05,15,07
207.0,210.0,Emberiza cia,Rock Bunting,0.8391,psl3,2024,05,15,07
210.0,213.0,Emberiza cia,Rock Bunting,0.9818,psl3,2024,05,15,07
216.0,219.0,Emberiza cia,Rock Bunting,0.5536,psl3,2024,05,15,07
219.0,222.0,Emberiza cia,Rock Bunting,0.9144,psl3,2024,05,15,07
222.0,225.0,Emberiza cia,Rock Bunting,0.9555,psl3,2024,05,15,07
228.0,231.0,Emberiza cia,Rock Bunting,0.9957,psl3,2024,05,15,07
237.0,240.0,Emberiza cia,Rock Bunting,0.6629,psl3,2024,05,15,07
243.0,246.0,Emberiza cia,Rock Bunting,0.7004,psl3,2024,05,15,07
249.0,252.0,Emberiza cia,Rock Bunting,0.9059,psl3,2024,05,15,07
249.0,252.0,Emberiza godlewskii,Godlewski's Bunting,0.5762,psl3,2024,05,15,07
261.0,264.0,Phylloscopus nitidus,Green Warbler,0.8791,psl3,2024,05,15,07
294.0,297.0,Phylloscopus nitidus,Green Warbler,0.839,psl3,2024,05,15,07
306.0,309.0,Phylloscopus nitidus,Green Warbler,0.9764,psl3,2024,05,15,07
363.0,366.0,Phylloscopus trochiloides,Greenish Warbler,0.6885,psl3,2024,05,15,07
372.0,375.0,Phylloscopus nitidus,Green Warbler,0.7451,psl3,2024,05,15,07
408.0,411.0,Phylloscopus nitidus,Green Warbler,0.8732,psl3,2024,05,15,07
444.0,447.0,Carpodacus rodochroa,Pink-browed Rosefinch,0.6081,psl3,2024,05,15,07
471.0,474.0,Phylloscopus tytleri,Tytler's Leaf Warbler,0.6591,psl3,2024,05,15,07
471.0,474.0,Phylloscopus nitidus,Green Warbler,0.5688,psl3,2024,05,15,07
510.0,513.0,Phylloscopus trochiloides,Greenish Warbler,0.6264,psl3,2024,05,15,07
525.0,528.0,Phylloscopus nitidus,Green Warbler,0.7791,psl3,2024,05,15,07
552.0,555.0,Phylloscopus humei,Hume's Warbler,0.6719,psl3,2024,05,15,07
669.0,672.0,Phylloscopus humei,Hume's Warbler,0.8776,psl3,2024,05,15,07
675.0,678.0,Phylloscopus humei,Hume's Warbler,0.9239,psl3,2024,05,15,07
678.0,681.0,Phylloscopus humei,Hume's Warbler,0.73,psl3,2024,05,15,07
699.0,702.0,Phylloscopus nitidus,Green Warbler,0.5626,psl3,2024,05,15,07
834.0,837.0,Phylloscopus occipitalis,Western Crowned Warbler,0.7066,psl3,2024,05,15,07
837.0,840.0,Phylloscopus occipitalis,Western Crowned Warbler,0.9024,psl3,2024,05,15,07
852.0,855.0,Phylloscopus occipitalis,Western Crowned Warbler,0.6287,psl3,2024,05,15,07
864.0,867.0,Phylloscopus occipitalis,Western Crowned Warbler,0.6019,psl3,2024,05,15,07
876.0,879.0,Phylloscopus occipitalis,Western Crowned Warbler,0.5691,psl3,2024,05,15,07
888.0,891.0,Phylloscopus occipitalis,Western Crowned Warbler,0.6508,psl3,2024,05,15,07
891.0,894.0,Phylloscopus nitidus,Green Warbler,0.7185,psl3,2024,05,15,07
9.0,12.0,Periparus rufonuchalis,Rufous-naped Tit,0.5604,psl3,2024,05,15,08
15.0,18.0,Periparus rufonuchalis,Rufous-naped Tit,0.5384,psl3,2024,05,15,08
54.0,57.0,Periparus rufonuchalis,Rufous-naped Tit,0.6353,psl3,2024,05,15,08
63.0,66.0,Periparus rufonuchalis,Rufous-naped Tit,0.6213,psl3,2024,05,15,08
81.0,84.0,Periparus rufonuchalis,Rufous-naped Tit,0.5298,psl3,2024,05,15,08
129.0,132.0,Periparus rufonuchalis,Rufous-naped Tit,0.5251,psl3,2024,05,15,08
147.0,150.0,Periparus rufonuchalis,Rufous-naped Tit,0.7517,psl3,2024,05,15,08
162.0,165.0,Periparus rufonuchalis,Rufous-naped Tit,0.6697,psl3,2024,05,15,08
177.0,180.0,Henicorhina leucophrys,Gray-breasted Wood-Wren,0.7424,psl3,2024,05,15,08
183.0,186.0,Periparus rufonuchalis,Rufous-naped Tit,0.5475,psl3,2024,05,15,08
186.0,189.0,Periparus rubidiventris,Rufous-vented Tit,0.6638,psl3,2024,05,15,08
201.0,204.0,Periparus rufonuchalis,Rufous-naped Tit,0.7961,psl3,2024,05,15,08
273.0,276.0,Phylloscopus affinis,Tickell's Leaf Warbler,0.6526,psl3,2024,05,15,08
303.0,306.0,Phylloscopus humei,Hume's Warbler,0.7896,psl3,2024,05,15,08
312.0,315.0,Phylloscopus humei,Hume's Warbler,0.5864,psl3,2024,05,15,08
339.0,342.0,Phylloscopus humei,Hume's Warbler,0.7467,psl3,2024,05,15,08
375.0,378.0,Periparus rufonuchalis,Rufous-naped Tit,0.6564,psl3,2024,05,15,08
411.0,414.0,Turdus leucops,Pale-eyed Thrush,0.7913,psl3,2024,05,15,08
459.0,462.0,Phylloscopus humei,Hume's Warbler,0.9825,psl3,2024,05,15,08
465.0,468.0,Phylloscopus humei,Hume's Warbler,0.9232,psl3,2024,05,15,08
471.0,474.0,Phylloscopus humei,Hume's Warbler,0.9293,psl3,2024,05,15,08
480.0,483.0,Phylloscopus humei,Hume's Warbler,0.9937,psl3,2024,05,15,08
486.0,489.0,Phylloscopus humei,Hume's Warbler,0.952,psl3,2024,05,15,08
492.0,495.0,Phylloscopus humei,Hume's Warbler,0.9378,psl3,2024,05,15,08
498.0,501.0,Phylloscopus humei,Hume's Warbler,0.9923,psl3,2024,05,15,08
504.0,507.0,Phylloscopus humei,Hume's Warbler,0.6517,psl3,2024,05,15,08
540.0,543.0,Periparus rufonuchalis,Rufous-naped Tit,0.6156,psl3,2024,05,15,08
591.0,594.0,Periparus rufonuchalis,Rufous-naped Tit,0.6767,psl3,2024,05,15,08
600.0,603.0,Periparus rufonuchalis,Rufous-naped Tit,0.9906,psl3,2024,05,15,08
603.0,606.0,Periparus rufonuchalis,Rufous-naped Tit,0.9945,psl3,2024,05,15,08
606.0,609.0,Periparus rufonuchalis,Rufous-naped Tit,0.9954,psl3,2024,05,15,08
609.0,612.0,Periparus rufonuchalis,Rufous-naped Tit,0.9599,psl3,2024,05,15,08
612.0,615.0,Periparus rufonuchalis,Rufous-naped Tit,0.8843,psl3,2024,05,15,08
615.0,618.0,Periparus rufonuchalis,Rufous-naped Tit,0.9293,psl3,2024,05,15,08
618.0,621.0,Periparus rufonuchalis,Rufous-naped Tit,0.9951,psl3,2024,05,15,08
618.0,621.0,Periparus rubidiventris,Rufous-vented Tit,0.5758,psl3,2024,05,15,08
621.0,624.0,Periparus rufonuchalis,Rufous-naped Tit,0.9774,psl3,2024,05,15,08
624.0,627.0,Periparus rufonuchalis,Rufous-naped Tit,0.9966,psl3,2024,05,15,08
627.0,630.0,Periparus rufonuchalis,Rufous-naped Tit,0.9947,psl3,2024,05,15,08
630.0,633.0,Periparus rufonuchalis,Rufous-naped Tit,0.9996,psl3,2024,05,15,08
630.0,633.0,Periparus rubidiventris,Rufous-vented Tit,0.6607,psl3,2024,05,15,08
633.0,636.0,Periparus rufonuchalis,Rufous-naped Tit,0.9551,psl3,2024,05,15,08
636.0,639.0,Periparus rufonuchalis,Rufous-naped Tit,0.6975,psl3,2024,05,15,08
639.0,642.0,Periparus rufonuchalis,Rufous-naped Tit,0.7631,psl3,2024,05,15,08
642.0,645.0,Periparus rufonuchalis,Rufous-naped Tit,0.8937,psl3,2024,05,15,08
645.0,648.0,Periparus rufonuchalis,Rufous-naped Tit,0.9537,psl3,2024,05,15,08
654.0,657.0,Periparus rufonuchalis,Rufous-naped Tit,0.5686,psl3,2024,05,15,08
813.0,816.0,Actitis hypoleucos,Common Sandpiper,0.9711,psl3,2024,05,15,08
33.0,36.0,Phylloscopus humei,Hume's Warbler,0.6397,psl3,2024,05,15,09
45.0,48.0,Phylloscopus humei,Hume's Warbler,0.5228,psl3,2024,05,15,09
66.0,69.0,Phylloscopus occipitalis,Western Crowned Warbler,0.6143,psl3,2024,05,15,09
75.0,78.0,Phylloscopus occipitalis,Western Crowned Warbler,0.9251,psl3,2024,05,15,09
87.0,90.0,Phylloscopus occipitalis,Western Crowned Warbler,0.6103,psl3,2024,05,15,09
93.0,96.0,Phylloscopus occipitalis,Western Crowned Warbler,0.8542,psl3,2024,05,15,09
96.0,99.0,Phylloscopus occipitalis,Western Crowned Warbler,0.6771,psl3,2024,05,15,09
102.0,105.0,Phylloscopus occipitalis,Western Crowned Warbler,0.5859,psl3,2024,05,15,09
108.0,111.0,Phylloscopus occipitalis,Western Crowned Warbler,0.6411,psl3,2024,05,15,09
129.0,132.0,Phylloscopus occipitalis,Western Crowned Warbler,0.733,psl3,2024,05,15,09
141.0,144.0,Phylloscopus occipitalis,Western Crowned Warbler,0.8638,psl3,2024,05,15,09
144.0,147.0,Phylloscopus occipitalis,Western Crowned Warbler,0.6827,psl3,2024,05,15,09
165.0,168.0,Phylloscopus occipitalis,Western Crowned Warbler,0.7855,psl3,2024,05,15,09
177.0,180.0,Phylloscopus occipitalis,Western Crowned Warbler,0.6883,psl3,2024,05,15,09
183.0,186.0,Phylloscopus occipitalis,Western Crowned Warbler,0.7404,psl3,2024,05,15,09
204.0,207.0,Phylloscopus occipitalis,Western Crowned Warbler,0.7396,psl3,2024,05,15,09
207.0,210.0,Phylloscopus occipitalis,Western Crowned Warbler,0.8065,psl3,2024,05,15,09
582.0,585.0,Phylloscopus occipitalis,Western Crowned Warbler,0.8355,psl3,2024,05,15,09
615.0,618.0,Phylloscopus occipitalis,Western Crowned Warbler,0.9245,psl3,2024,05,15,09
639.0,642.0,Phylloscopus occipitalis,Western Crowned Warbler,0.9457,psl3,2024,05,15,09
690.0,693.0,Phylloscopus humei,Hume's Warbler,0.9535,psl3,2024,05,15,09
693.0,696.0,Phylloscopus humei,Hume's Warbler,0.8613,psl3,2024,05,15,09
696.0,699.0,Phylloscopus humei,Hume's Warbler,0.9403,psl3,2024,05,15,09
699.0,702.0,Phylloscopus humei,Hume's Warbler,0.9262,psl3,2024,05,15,09
705.0,708.0,Phylloscopus humei,Hume's Warbler,0.8586,psl3,2024,05,15,09
708.0,711.0,Phylloscopus humei,Hume's Warbler,0.915,psl3,2024,05,15,09
711.0,714.0,Phylloscopus humei,Hume's Warbler,0.663,psl3,2024,05,15,09
714.0,717.0,Phylloscopus humei,Hume's Warbler,0.7592,psl3,2024,05,15,09
717.0,720.0,Phylloscopus humei,Hume's Warbler,0.9328,psl3,2024,05,15,09
720.0,723.0,Phylloscopus humei,Hume's Warbler,0.699,psl3,2024,05,15,09
723.0,726.0,Phylloscopus humei,Hume's Warbler,0.7258,psl3,2024,05,15,09
792.0,795.0,Tachycineta euchrysea,Golden Swallow,0.6725,psl3,2024,05,15,09
810.0,813.0,Phylloscopus humei,Hume's Warbler,0.5185,psl3,2024,05,15,09
813.0,816.0,Phylloscopus humei,Hume's Warbler,0.7595,psl3,2024,05,15,09
819.0,822.0,Phylloscopus humei,Hume's Warbler,0.7734,psl3,2024,05,15,09
825.0,828.0,Phylloscopus humei,Hume's Warbler,0.5531,psl3,2024,05,15,09
831.0,834.0,Phylloscopus humei,Hume's Warbler,0.5122,psl3,2024,05,15,09
834.0,837.0,Phylloscopus humei,Hume's Warbler,0.6116,psl3,2024,05,15,09
843.0,846.0,Phylloscopus humei,Hume's Warbler,0.8914,psl3,2024,05,15,09
852.0,855.0,Phylloscopus humei,Hume's Warbler,0.9245,psl3,2024,05,15,09
855.0,858.0,Phylloscopus humei,Hume's Warbler,0.8563,psl3,2024,05,15,09
213.0,216.0,Trochalopteron variegatum,Variegated Laughingthrush,0.5965,psl3,2024,05,16,06
219.0,222.0,Trochalopteron variegatum,Variegated Laughingthrush,0.9565,psl3,2024,05,16,06
231.0,234.0,Trochalopteron variegatum,Variegated Laughingthrush,0.5294,psl3,2024,05,16,06
240.0,243.0,Trochalopteron variegatum,Variegated Laughingthrush,0.7791,psl3,2024,05,16,06
261.0,264.0,Phylloscopus occipitalis,Western Crowned Warbler,0.599,psl3,2024,05,16,06
267.0,270.0,Trochalopteron variegatum,Variegated Laughingthrush,0.9679,psl3,2024,05,16,06
282.0,285.0,Phylloscopus nitidus,Green Warbler,0.9028,psl3,2024,05,16,06
306.0,309.0,Phylloscopus reguloides,Blyth's Leaf Warbler,0.6207,psl3,2024,05,16,06
348.0,351.0,Phylloscopus nitidus,Green Warbler,0.7914,psl3,2024,05,16,06
351.0,354.0,Phylloscopus nitidus,Green Warbler,0.6315,psl3,2024,05,16,06
360.0,363.0,Phylloscopus nitidus,Green Warbler,0.6845,psl3,2024,05,16,06
390.0,393.0,Phylloscopus nitidus,Green Warbler,0.7476,psl3,2024,05,16,06
474.0,477.0,Phylloscopus nitidus,Green Warbler,0.72,psl3,2024,05,16,06
489.0,492.0,Trochalopteron variegatum,Variegated Laughingthrush,0.9737,psl3,2024,05,16,06
558.0,561.0,Phylloscopus nitidus,Green Warbler,0.6154,psl3,2024,05,16,06
582.0,585.0,Trochalopteron variegatum,Variegated Laughingthrush,0.5409,psl3,2024,05,16,06
615.0,618.0,Phylloscopus nitidus,Green Warbler,0.6979,psl3,2024,05,16,06
630.0,633.0,Tringa glareola,Wood Sandpiper,0.7592,psl3,2024,05,16,06
666.0,669.0,Phylloscopus nitidus,Green Warbler,0.593,psl3,2024,05,16,06
702.0,705.0,Phylloscopus occipitalis,Western Crowned Warbler,0.6206,psl3,2024,05,16,06
705.0,708.0,Phylloscopus reguloides,Blyth's Leaf Warbler,0.5635,psl3,2024,05,16,06
708.0,711.0,Phylloscopus occipitalis,Western Crowned Warbler,0.8402,psl3,2024,05,16,06
711.0,714.0,Phylloscopus occipitalis,Western Crowned Warbler,0.7455,psl3,2024,05,16,06
714.0,717.0,Phylloscopus occipitalis,Western Crowned Warbler,0.8445,psl3,2024,05,16,06
723.0,726.0,Phylloscopus occipitalis,Western Crowned Warbler,0.8257,psl3,2024,05,16,06
726.0,729.0,Phylloscopus nitidus,Green Warbler,0.6534,psl3,2024,05,16,06
750.0,753.0,Phylloscopus occipitalis,Western Crowned Warbler,0.6232,psl3,2024,05,16,06
822.0,825.0,Phylloscopus nitidus,Green Warbler,0.5148,psl3,2024,05,16,06
876.0,879.0,Phylloscopus tytleri,Tytler's Leaf Warbler,0.5146,psl3,2024,05,16,06
120.0,123.0,Phylloscopus tytleri,Tytler's Leaf Warbler,0.6689,psl3,2024,05,16,07
171.0,174.0,Phylloscopus occipitalis,Western Crowned Warbler,0.6692,psl3,2024,05,16,07
183.0,186.0,Phylloscopus occipitalis,Western Crowned Warbler,0.6446,psl3,2024,05,16,07
216.0,219.0,Phylloscopus occipitalis,Western Crowned Warbler,0.9262,psl3,2024,05,16,07
255.0,258.0,Phylloscopus occipitalis,Western Crowned Warbler,0.6595,psl3,2024,05,16,07
285.0,288.0,Phylloscopus occipitalis,Western Crowned Warbler,0.5982,psl3,2024,05,16,07
315.0,318.0,Phylloscopus nitidus,Green Warbler,0.5372,psl3,2024,05,16,07
321.0,324.0,Phylloscopus occipitalis,Western Crowned Warbler,0.6688,psl3,2024,05,16,07
336.0,339.0,Phylloscopus nitidus,Green Warbler,0.7125,psl3,2024,05,16,07
348.0,351.0,Phylloscopus nitidus,Green Warbler,0.683,psl3,2024,05,16,07
354.0,357.0,Phylloscopus occipitalis,Western Crowned Warbler,0.9452,psl3,2024,05,16,07
360.0,363.0,Phylloscopus nitidus,Green Warbler,0.6412,psl3,2024,05,16,07
366.0,369.0,Phylloscopus occipitalis,Western Crowned Warbler,0.8023,psl3,2024,05,16,07
372.0,375.0,Phylloscopus reguloides,Blyth's Leaf Warbler,0.8582,psl3,2024,05,16,07
372.0,375.0,Phylloscopus claudiae,Claudia's Leaf Warbler,0.6347,psl3,2024,05,16,07
372.0,375.0,Phylloscopus goodsoni,Hartert's Leaf Warbler,0.5922,psl3,2024,05,16,07
381.0,384.0,Phylloscopus occipitalis,Western Crowned Warbler,0.752,psl3,2024,05,16,07
387.0,390.0,Phylloscopus nitidus,Green Warbler,0.6413,psl3,2024,05,16,07
390.0,393.0,Phylloscopus occipitalis,Western Crowned Warbler,0.631,psl3,2024,05,16,07
390.0,393.0,Phylloscopus tytleri,Tytler's Leaf Warbler,0.5101,psl3,2024,05,16,07
444.0,447.0,Cygnus cygnus,Whooper Swan,0.643,psl3,2024,05,16,07
546.0,549.0,Basileuterus rufifrons,Rufous-capped Warbler,0.5295,psl3,2024,05,16,07
660.0,663.0,Phylloscopus occipitalis,Western Crowned Warbler,0.5001,psl3,2024,05,16,07
717.0,720.0,Phylloscopus occipitalis,Western Crowned Warbler,0.7859,psl3,2024,05,16,07
789.0,792.0,Junco hyemalis,Dark-eyed Junco,0.5035,psl3,2024,05,16,07
801.0,804.0,Phylloscopus occipitalis,Western Crowned Warbler,0.5514,psl3,2024,05,16,07
804.0,807.0,Phylloscopus occipitalis,Western Crowned Warbler,0.6153,psl3,2024,05,16,07
885.0,888.0,Phylloscopus occipitalis,Western Crowned Warbler,0.823,psl3,2024,05,16,07
102.0,105.0,Phylloscopus occipitalis,Western Crowned Warbler,0.554,psl3,2024,05,16,08
111.0,114.0,Phylloscopus occipitalis,Western Crowned Warbler,0.8708,psl3,2024,05,16,08
123.0,126.0,Phylloscopus occipitalis,Western Crowned Warbler,0.8166,psl3,2024,05,16,08
129.0,132.0,Phylloscopus occipitalis,Western Crowned Warbler,0.8281,psl3,2024,05,16,08
138.0,141.0,Phylloscopus occipitalis,Western Crowned Warbler,0.7691,psl3,2024,05,16,08
147.0,150.0,Phylloscopus occipitalis,Western Crowned Warbler,0.8932,psl3,2024,05,16,08
150.0,153.0,Phylloscopus occipitalis,Western Crowned Warbler,0.6788,psl3,2024,05,16,08
150.0,153.0,Phylloscopus tytleri,Tytler's Leaf Warbler,0.5371,psl3,2024,05,16,08
156.0,159.0,Phylloscopus occipitalis,Western Crowned Warbler,0.5811,psl3,2024,05,16,08
165.0,168.0,Phylloscopus occipitalis,Western Crowned Warbler,0.5537,psl3,2024,05,16,08
183.0,186.0,Phylloscopus occipitalis,Western Crowned Warbler,0.9201,psl3,2024,05,16,08
186.0,189.0,Phylloscopus reguloides,Blyth's Leaf Warbler,0.5243,psl3,2024,05,16,08
195.0,198.0,Phylloscopus occipitalis,Western Crowned Warbler,0.8175,psl3,2024,05,16,08
201.0,204.0,Phylloscopus occipitalis,Western Crowned Warbler,0.9122,psl3,2024,05,16,08
234.0,237.0,Phylloscopus occipitalis,Western Crowned Warbler,0.5811,psl3,2024,05,16,08
462.0,465.0,Phylloscopus occipitalis,Western Crowned Warbler,0.8824,psl3,2024,05,16,08
465.0,468.0,Phylloscopus occipitalis,Western Crowned Warbler,0.6192,psl3,2024,05,16,08
498.0,501.0,Phylloscopus occipitalis,Western Crowned Warbler,0.9202,psl3,2024,05,16,08
543.0,546.0,Phylloscopus occipitalis,Western Crowned Warbler,0.6617,psl3,2024,05,16,08
555.0,558.0,Phylloscopus occipitalis,Western Crowned Warbler,0.5204,psl3,2024,05,16,08
573.0,576.0,Phylloscopus occipitalis,Western Crowned Warbler,0.6655,psl3,2024,05,16,08
588.0,591.0,Phylloscopus occipitalis,Western Crowned Warbler,0.9709,psl3,2024,05,16,08
591.0,594.0,Phylloscopus occipitalis,Western Crowned Warbler,0.853,psl3,2024,05,16,08
612.0,615.0,Phylloscopus occipitalis,Western Crowned Warbler,0.8696,psl3,2024,05,16,08
615.0,618.0,Phylloscopus occipitalis,Western Crowned Warbler,0.9574,psl3,2024,05,16,08
621.0,624.0,Phylloscopus occipitalis,Western Crowned Warbler,0.8488,psl3,2024,05,16,08
624.0,627.0,Phylloscopus occipitalis,Western Crowned Warbler,0.9672,psl3,2024,05,16,08
624.0,627.0,Phylloscopus reguloides,Blyth's Leaf Warbler,0.5619,psl3,2024,05,16,08
633.0,636.0,Phylloscopus occipitalis,Western Crowned Warbler,0.9308,psl3,2024,05,16,08
636.0,639.0,Phylloscopus occipitalis,Western Crowned Warbler,0.97,psl3,2024,05,16,08
648.0,651.0,Phylloscopus occipitalis,Western Crowned Warbler,0.962,psl3,2024,05,16,08
657.0,660.0,Phylloscopus occipitalis,Western Crowned Warbler,0.9611,psl3,2024,05,16,08
666.0,669.0,Phylloscopus occipitalis,Western Crowned Warbler,0.946,psl3,2024,05,16,08
669.0,672.0,Phylloscopus occipitalis,Western Crowned Warbler,0.8222,psl3,2024,05,16,08
675.0,678.0,Phylloscopus occipitalis,Western Crowned Warbler,0.9897,psl3,2024,05,16,08
687.0,690.0,Phylloscopus occipitalis,Western Crowned Warbler,0.5232,psl3,2024,05,16,08
693.0,696.0,Phylloscopus occipitalis,Western Crowned Warbler,0.7513,psl3,2024,05,16,08
696.0,699.0,Phylloscopus occipitalis,Western Crowned Warbler,0.9161,psl3,2024,05,16,08
708.0,711.0,Phylloscopus occipitalis,Western Crowned Warbler,0.9282,psl3,2024,05,16,08
711.0,714.0,Phylloscopus reguloides,Blyth's Leaf Warbler,0.7028,psl3,2024,05,16,08
711.0,714.0,Phylloscopus occipitalis,Western Crowned Warbler,0.6411,psl3,2024,05,16,08
720.0,723.0,Phylloscopus occipitalis,Western Crowned Warbler,0.7882,psl3,2024,05,16,08
744.0,747.0,Protonotaria citrea,Prothonotary Warbler,0.6272,psl3,2024,05,16,08
747.0,750.0,Phylloscopus occipitalis,Western Crowned Warbler,0.5045,psl3,2024,05,16,08
753.0,756.0,Phylloscopus occipitalis,Western Crowned Warbler,0.517,psl3,2024,05,16,08
771.0,774.0,Phylloscopus occipitalis,Western Crowned Warbler,0.5315,psl3,2024,05,16,08
780.0,783.0,Phylloscopus occipitalis,Western Crowned Warbler,0.8693,psl3,2024,05,16,08
819.0,822.0,Phylloscopus occipitalis,Western Crowned Warbler,0.7748,psl3,2024,05,16,08
828.0,831.0,Phylloscopus occipitalis,Western Crowned Warbler,0.8728,psl3,2024,05,16,08
831.0,834.0,Phylloscopus occipitalis,Western Crowned Warbler,0.8831,psl3,2024,05,16,08
849.0,852.0,Phylloscopus occipitalis,Western Crowned Warbler,0.684,psl3,2024,05,16,08
21.0,24.0,Phylloscopus occipitalis,Western Crowned Warbler,0.5266,psl3,2024,05,16,09
24.0,27.0,Prunella strophiata,Rufous-breasted Accentor,0.5015,psl3,2024,05,16,09
39.0,42.0,Phylloscopus occipitalis,Western Crowned Warbler,0.9417,psl3,2024,05,16,09
42.0,45.0,Phylloscopus occipitalis,Western Crowned Warbler,0.6534,psl3,2024,05,16,09
51.0,54.0,Phylloscopus occipitalis,Western Crowned Warbler,0.988,psl3,2024,05,16,09
54.0,57.0,Phylloscopus occipitalis,Western Crowned Warbler,0.9499,psl3,2024,05,16,09
72.0,75.0,Phylloscopus occipitalis,Western Crowned Warbler,0.8817,psl3,2024,05,16,09
75.0,78.0,Phylloscopus occipitalis,Western Crowned Warbler,0.9877,psl3,2024,05,16,09
78.0,81.0,Phylloscopus occipitalis,Western Crowned Warbler,0.9901,psl3,2024,05,16,09
81.0,84.0,Conirostrum binghami,Giant Conebill,0.5417,psl3,2024,05,16,09
84.0,87.0,Phylloscopus occipitalis,Western Crowned Warbler,0.7642,psl3,2024,05,16,09
90.0,93.0,Phylloscopus occipitalis,Western Crowned Warbler,0.7944,psl3,2024,05,16,09
99.0,102.0,Phylloscopus occipitalis,Western Crowned Warbler,0.9135,psl3,2024,05,16,09
105.0,108.0,Phylloscopus occipitalis,Western Crowned Warbler,0.9503,psl3,2024,05,16,09
108.0,111.0,Phylloscopus occipitalis,Western Crowned Warbler,0.8185,psl3,2024,05,16,09
144.0,147.0,Phylloscopus occipitalis,Western Crowned Warbler,0.7095,psl3,2024,05,16,09
171.0,174.0,Phylloscopus occipitalis,Western Crowned Warbler,0.6058,psl3,2024,05,16,09
189.0,192.0,Phylloscopus occipitalis,Western Crowned Warbler,0.6611,psl3,2024,05,16,09
204.0,207.0,Phylloscopus occipitalis,Western Crowned Warbler,0.6343,psl3,2024,05,16,09
216.0,219.0,Phylloscopus occipitalis,Western Crowned Warbler,0.8305,psl3,2024,05,16,09
231.0,234.0,Phylloscopus occipitalis,Western Crowned Warbler,0.9647,psl3,2024,05,16,09
249.0,252.0,Phylloscopus occipitalis,Western Crowned Warbler,0.947,psl3,2024,05,16,09
252.0,255.0,Phylloscopus occipitalis,Western Crowned Warbler,0.9708,psl3,2024,05,16,09
255.0,258.0,Phylloscopus occipitalis,Western Crowned Warbler,0.9715,psl3,2024,05,16,09
258.0,261.0,Phylloscopus occipitalis,Western Crowned Warbler,0.9765,psl3,2024,05,16,09
261.0,264.0,Phylloscopus occipitalis,Western Crowned Warbler,0.9683,psl3,2024,05,16,09
264.0,267.0,Phylloscopus occipitalis,Western Crowned Warbler,0.9806,psl3,2024,05,16,09
267.0,270.0,Phylloscopus occipitalis,Western Crowned Warbler,0.9825,psl3,2024,05,16,09
270.0,273.0,Phylloscopus occipitalis,Western Crowned Warbler,0.9827,psl3,2024,05,16,09
273.0,276.0,Phylloscopus occipitalis,Western Crowned Warbler,0.9941,psl3,2024,05,16,09
276.0,279.0,Phylloscopus occipitalis,Western Crowned Warbler,0.9875,psl3,2024,05,16,09
279.0,282.0,Phylloscopus occipitalis,Western Crowned Warbler,0.9327,psl3,2024,05,16,09
282.0,285.0,Phylloscopus occipitalis,Western Crowned Warbler,0.9914,psl3,2024,05,16,09
285.0,288.0,Phylloscopus occipitalis,Western Crowned Warbler,0.9248,psl3,2024,05,16,09
288.0,291.0,Phylloscopus occipitalis,Western Crowned Warbler,0.8944,psl3,2024,05,16,09
291.0,294.0,Phylloscopus occipitalis,Western Crowned Warbler,0.9635,psl3,2024,05,16,09
294.0,297.0,Phylloscopus occipitalis,Western Crowned Warbler,0.9968,psl3,2024,05,16,09
297.0,300.0,Phylloscopus occipitalis,Western Crowned Warbler,0.9768,psl3,2024,05,16,09
300.0,303.0,Phylloscopus occipitalis,Western Crowned Warbler,0.9555,psl3,2024,05,16,09
303.0,306.0,Phylloscopus occipitalis,Western Crowned Warbler,0.9925,psl3,2024,05,16,09
306.0,309.0,Phylloscopus occipitalis,Western Crowned Warbler,0.9903,psl3,2024,05,16,09
309.0,312.0,Phylloscopus occipitalis,Western Crowned Warbler,0.8987,psl3,2024,05,16,09
312.0,315.0,Phylloscopus occipitalis,Western Crowned Warbler,0.9976,psl3,2024,05,16,09
315.0,318.0,Phylloscopus occipitalis,Western Crowned Warbler,0.9866,psl3,2024,05,16,09
318.0,321.0,Phylloscopus occipitalis,Western Crowned Warbler,0.971,psl3,2024,05,16,09
321.0,324.0,Phylloscopus occipitalis,Western Crowned Warbler,0.9974,psl3,2024,05,16,09
324.0,327.0,Phylloscopus occipitalis,Western Crowned Warbler,0.9928,psl3,2024,05,16,09
327.0,330.0,Phylloscopus occipitalis,Western Crowned Warbler,0.8877,psl3,2024,05,16,09
330.0,333.0,Phylloscopus occipitalis,Western Crowned Warbler,0.9648,psl3,2024,05,16,09
333.0,336.0,Phylloscopus occipitalis,Western Crowned Warbler,0.8737,psl3,2024,05,16,09
336.0,339.0,Phylloscopus occipitalis,Western Crowned Warbler,0.9993,psl3,2024,05,16,09
339.0,342.0,Phylloscopus occipitalis,Western Crowned Warbler,0.9736,psl3,2024,05,16,09
342.0,345.0,Phylloscopus occipitalis,Western Crowned Warbler,0.9981,psl3,2024,05,16,09
345.0,348.0,Phylloscopus occipitalis,Western Crowned Warbler,0.8531,psl3,2024,05,16,09
348.0,351.0,Phylloscopus occipitalis,Western Crowned Warbler,0.9807,psl3,2024,05,16,09
351.0,354.0,Phylloscopus occipitalis,Western Crowned Warbler,0.6372,psl3,2024,05,16,09
354.0,357.0,Phylloscopus occipitalis,Western Crowned Warbler,0.991,psl3,2024,05,16,09
357.0,360.0,Phylloscopus occipitalis,Western Crowned Warbler,0.9805,psl3,2024,05,16,09
366.0,369.0,Phylloscopus occipitalis,Western Crowned Warbler,0.9841,psl3,2024,05,16,09
369.0,372.0,Phylloscopus occipitalis,Western Crowned Warbler,0.9289,psl3,2024,05,16,09
375.0,378.0,Phylloscopus occipitalis,Western Crowned Warbler,0.954,psl3,2024,05,16,09
378.0,381.0,Phylloscopus occipitalis,Western Crowned Warbler,0.9516,psl3,2024,05,16,09
381.0,384.0,Phylloscopus occipitalis,Western Crowned Warbler,0.9749,psl3,2024,05,16,09
384.0,387.0,Phylloscopus occipitalis,Western Crowned Warbler,0.8253,psl3,2024,05,16,09
390.0,393.0,Phylloscopus occipitalis,Western Crowned Warbler,0.8786,psl3,2024,05,16,09
393.0,396.0,Phylloscopus occipitalis,Western Crowned Warbler,0.9739,psl3,2024,05,16,09
396.0,399.0,Phylloscopus occipitalis,Western Crowned Warbler,0.9707,psl3,2024,05,16,09
402.0,405.0,Phylloscopus occipitalis,Western Crowned Warbler,0.9819,psl3,2024,05,16,09
408.0,411.0,Phylloscopus occipitalis,Western Crowned Warbler,0.9544,psl3,2024,05,16,09
423.0,426.0,Phylloscopus humei,Hume's Warbler,0.9728,psl3,2024,05,16,09
432.0,435.0,Phylloscopus occipitalis,Western Crowned Warbler,0.5227,psl3,2024,05,16,09
438.0,441.0,Phylloscopus humei,Hume's Warbler,0.7813,psl3,2024,05,16,09
453.0,456.0,Phylloscopus humei,Hume's Warbler,0.5828,psl3,2024,05,16,09
459.0,462.0,Phylloscopus occipitalis,Western Crowned Warbler,0.8895,psl3,2024,05,16,09
486.0,489.0,Phylloscopus humei,Hume's Warbler,0.6337,psl3,2024,05,16,09
489.0,492.0,Phylloscopus occipitalis,Western Crowned Warbler,0.9427,psl3,2024,05,16,09
516.0,519.0,Phylloscopus humei,Hume's Warbler,0.7179,psl3,2024,05,16,09
543.0,546.0,Phylloscopus humei,Hume's Warbler,0.7151,psl3,2024,05,16,09
552.0,555.0,Phylloscopus occipitalis,Western Crowned Warbler,0.8682,psl3,2024,05,16,09
555.0,558.0,Phylloscopus humei,Hume's Warbler,0.666,psl3,2024,05,16,09
570.0,573.0,Phylloscopus occipitalis,Western Crowned Warbler,0.813,psl3,2024,05,16,09
579.0,582.0,Phylloscopus humei,Hume's Warbler,0.8243,psl3,2024,05,16,09
594.0,597.0,Phylloscopus humei,Hume's Warbler,0.8631,psl3,2024,05,16,09
606.0,609.0,Phylloscopus humei,Hume's Warbler,0.8078,psl3,2024,05,16,09
621.0,624.0,Phylloscopus humei,Hume's Warbler,0.8702,psl3,2024,05,16,09
627.0,630.0,Phylloscopus occipitalis,Western Crowned Warbler,0.8494,psl3,2024,05,16,09
627.0,630.0,Phylloscopus reguloides,Blyth's Leaf Warbler,0.5476,psl3,2024,05,16,09
630.0,633.0,Phylloscopus occipitalis,Western Crowned Warbler,0.6847,psl3,2024,05,16,09
630.0,633.0,Phylloscopus reguloides,Blyth's Leaf Warbler,0.6065,psl3,2024,05,16,09
639.0,642.0,Phylloscopus humei,Hume's Warbler,0.772,psl3,2024,05,16,09
645.0,648.0,Phylloscopus occipitalis,Western Crowned Warbler,0.995,psl3,2024,05,16,09
663.0,666.0,Phylloscopus occipitalis,Western Crowned Warbler,0.642,psl3,2024,05,16,09
666.0,669.0,Phylloscopus occipitalis,Western Crowned Warbler,0.929,psl3,2024,05,16,09
681.0,684.0,Phylloscopus occipitalis,Western Crowned Warbler,0.9832,psl3,2024,05,16,09
699.0,702.0,Phylloscopus occipitalis,Western Crowned Warbler,0.9012,psl3,2024,05,16,09
732.0,735.0,Phylloscopus occipitalis,Western Crowned Warbler,0.8846,psl3,2024,05,16,09
738.0,741.0,Phylloscopus occipitalis,Western Crowned Warbler,0.8183,psl3,2024,05,16,09
765.0,768.0,Phylloscopus occipitalis,Western Crowned Warbler,0.9183,psl3,2024,05,16,09
768.0,771.0,Phylloscopus occipitalis,Western Crowned Warbler,0.9506,psl3,2024,05,16,09
771.0,774.0,Phylloscopus occipitalis,Western Crowned Warbler,0.5558,psl3,2024,05,16,09
837.0,840.0,Ficedula parva,Red-breasted Flycatcher,0.7271,psl3,2024,05,16,09
0.0,3.0,Phylloscopus occipitalis,Western Crowned Warbler,0.8149,psl3,2024,05,17,06
9.0,12.0,Phylloscopus occipitalis,Western Crowned Warbler,0.643,psl3,2024,05,17,06
69.0,72.0,Phylloscopus occipitalis,Western Crowned Warbler,0.5676,psl3,2024,05,17,06
75.0,78.0,Phylloscopus occipitalis,Western Crowned Warbler,0.7167,psl3,2024,05,17,06
186.0,189.0,Phylloscopus occipitalis,Western Crowned Warbler,0.8274,psl3,2024,05,17,06
192.0,195.0,Phylloscopus occipitalis,Western Crowned Warbler,0.7353,psl3,2024,05,17,06
195.0,198.0,Phylloscopus occipitalis,Western Crowned Warbler,0.9663,psl3,2024,05,17,06
198.0,201.0,Phylloscopus occipitalis,Western Crowned Warbler,0.6024,psl3,2024,05,17,06
222.0,225.0,Phylloscopus occipitalis,Western Crowned Warbler,0.7255,psl3,2024,05,17,06
225.0,228.0,Phylloscopus occipitalis,Western Crowned Warbler,0.7876,psl3,2024,05,17,06
237.0,240.0,Phylloscopus occipitalis,Western Crowned Warbler,0.8256,psl3,2024,05,17,06
240.0,243.0,Phylloscopus occipitalis,Western Crowned Warbler,0.9876,psl3,2024,05,17,06
243.0,246.0,Phylloscopus occipitalis,Western Crowned Warbler,0.968,psl3,2024,05,17,06
246.0,249.0,Phylloscopus occipitalis,Western Crowned Warbler,0.9805,psl3,2024,05,17,06
249.0,252.0,Phylloscopus occipitalis,Western Crowned Warbler,0.9328,psl3,2024,05,17,06
252.0,255.0,Phylloscopus occipitalis,Western Crowned Warbler,0.8736,psl3,2024,05,17,06
255.0,258.0,Phylloscopus occipitalis,Western Crowned Warbler,0.9899,psl3,2024,05,17,06
258.0,261.0,Phylloscopus occipitalis,Western Crowned Warbler,0.967,psl3,2024,05,17,06
261.0,264.0,Phylloscopus occipitalis,Western Crowned Warbler,0.7532,psl3,2024,05,17,06
264.0,267.0,Phylloscopus occipitalis,Western Crowned Warbler,0.6072,psl3,2024,05,17,06
267.0,270.0,Phylloscopus occipitalis,Western Crowned Warbler,0.6927,psl3,2024,05,17,06
270.0,273.0,Phylloscopus occipitalis,Western Crowned Warbler,0.9948,psl3,2024,05,17,06
270.0,273.0,Protonotaria citrea,Prothonotary Warbler,0.5614,psl3,2024,05,17,06
273.0,276.0,Phylloscopus occipitalis,Western Crowned Warbler,0.6389,psl3,2024,05,17,06
276.0,279.0,Phylloscopus occipitalis,Western Crowned Warbler,0.9494,psl3,2024,05,17,06
279.0,282.0,Phylloscopus occipitalis,Western Crowned Warbler,0.6159,psl3,2024,05,17,06
297.0,300.0,Phylloscopus occipitalis,Western Crowned Warbler,0.8146,psl3,2024,05,17,06
300.0,303.0,Phylloscopus occipitalis,Western Crowned Warbler,0.8944,psl3,2024,05,17,06
312.0,315.0,Phylloscopus occipitalis,Western Crowned Warbler,0.8727,psl3,2024,05,17,06
321.0,324.0,Phylloscopus occipitalis,Western Crowned Warbler,0.9156,psl3,2024,05,17,06
324.0,327.0,Phylloscopus occipitalis,Western Crowned Warbler,0.8005,psl3,2024,05,17,06
336.0,339.0,Phylloscopus occipitalis,Western Crowned Warbler,0.5929,psl3,2024,05,17,06
345.0,348.0,Phylloscopus occipitalis,Western Crowned Warbler,0.977,psl3,2024,05,17,06
354.0,357.0,Phylloscopus occipitalis,Western Crowned Warbler,0.7874,psl3,2024,05,17,06
366.0,369.0,Phylloscopus occipitalis,Western Crowned Warbler,0.5274,psl3,2024,05,17,06
378.0,381.0,Phylloscopus occipitalis,Western Crowned Warbler,0.9141,psl3,2024,05,17,06
390.0,393.0,Phylloscopus occipitalis,Western Crowned Warbler,0.5053,psl3,2024,05,17,06
393.0,396.0,Phylloscopus occipitalis,Western Crowned Warbler,0.6087,psl3,2024,05,17,06
417.0,420.0,Protonotaria citrea,Prothonotary Warbler,0.6655,psl3,2024,05,17,06
423.0,426.0,Phylloscopus occipitalis,Western Crowned Warbler,0.7126,psl3,2024,05,17,06
435.0,438.0,Phylloscopus occipitalis,Western Crowned Warbler,0.7203,psl3,2024,05,17,06
450.0,453.0,Phylloscopus occipitalis,Western Crowned Warbler,0.852,psl3,2024,05,17,06
480.0,483.0,Phylloscopus occipitalis,Western Crowned Warbler,0.6504,psl3,2024,05,17,06
528.0,531.0,Phylloscopus occipitalis,Western Crowned Warbler,0.5226,psl3,2024,05,17,06
534.0,537.0,Phylloscopus occipitalis,Western Crowned Warbler,0.8357,psl3,2024,05,17,06
543.0,546.0,Phylloscopus occipitalis,Western Crowned Warbler,0.6743,psl3,2024,05,17,06
546.0,549.0,Phylloscopus occipitalis,Western Crowned Warbler,0.7399,psl3,2024,05,17,06
549.0,552.0,Phylloscopus occipitalis,Western Crowned Warbler,0.7877,psl3,2024,05,17,06
552.0,555.0,Phylloscopus occipitalis,Western Crowned Warbler,0.5794,psl3,2024,05,17,06
558.0,561.0,Phylloscopus occipitalis,Western Crowned Warbler,0.8999,psl3,2024,05,17,06
567.0,570.0,Phylloscopus occipitalis,Western Crowned Warbler,0.9695,psl3,2024,05,17,06
585.0,588.0,Protonotaria citrea,Prothonotary Warbler,0.826,psl3,2024,05,17,06
609.0,612.0,Protonotaria citrea,Prothonotary Warbler,0.6161,psl3,2024,05,17,06
714.0,717.0,Phylloscopus occipitalis,Western Crowned Warbler,0.8188,psl3,2024,05,17,06
720.0,723.0,Phylloscopus occipitalis,Western Crowned Warbler,0.9334,psl3,2024,05,17,06
732.0,735.0,Phylloscopus occipitalis,Western Crowned Warbler,0.6776,psl3,2024,05,17,06
738.0,741.0,Phylloscopus occipitalis,Western Crowned Warbler,0.8364,psl3,2024,05,17,06
747.0,750.0,Phylloscopus occipitalis,Western Crowned Warbler,0.9702,psl3,2024,05,17,06
804.0,807.0,Phylloscopus occipitalis,Western Crowned Warbler,0.9329,psl3,2024,05,17,06
819.0,822.0,Phylloscopus occipitalis,Western Crowned Warbler,0.9634,psl3,2024,05,17,06
819.0,822.0,Phylloscopus reguloides,Blyth's Leaf Warbler,0.5887,psl3,2024,05,17,06
822.0,825.0,Phylloscopus occipitalis,Western Crowned Warbler,0.8747,psl3,2024,05,17,06
822.0,825.0,Phylloscopus reguloides,Blyth's Leaf Warbler,0.7693,psl3,2024,05,17,06
837.0,840.0,Phylloscopus occipitalis,Western Crowned Warbler,0.9614,psl3,2024,05,17,06
843.0,846.0,Phylloscopus occipitalis,Western Crowned Warbler,0.904,psl3,2024,05,17,06
855.0,858.0,Phylloscopus occipitalis,Western Crowned Warbler,0.5935,psl3,2024,05,17,06
858.0,861.0,Phylloscopus occipitalis,Western Crowned Warbler,0.953,psl3,2024,05,17,06
861.0,864.0,Phylloscopus occipitalis,Western Crowned Warbler,0.8964,psl3,2024,05,17,06
864.0,867.0,Phylloscopus occipitalis,Western Crowned Warbler,0.6199,psl3,2024,05,17,06
867.0,870.0,Phylloscopus occipitalis,Western Crowned Warbler,0.7337,psl3,2024,05,17,06
879.0,882.0,Phylloscopus occipitalis,Western Crowned Warbler,0.951,psl3,2024,05,17,06
882.0,885.0,Phylloscopus occipitalis,Western Crowned Warbler,0.747,psl3,2024,05,17,06
882.0,885.0,Piranga leucoptera,White-winged Tanager,0.6787,psl3,2024,05,17,06
885.0,888.0,Phylloscopus occipitalis,Western Crowned Warbler,0.7511,psl3,2024,05,17,06
891.0,894.0,Phylloscopus occipitalis,Western Crowned Warbler,0.9539,psl3,2024,05,17,06
897.0,900.0,Phylloscopus occipitalis,Western Crowned Warbler,0.9832,psl3,2024,05,17,06
6.0,9.0,Phylloscopus occipitalis,Western Crowned Warbler,0.7973,psl3,2024,05,17,07
24.0,27.0,Phylloscopus occipitalis,Western Crowned Warbler,0.6077,psl3,2024,05,17,07
33.0,36.0,Phylloscopus occipitalis,Western Crowned Warbler,0.6622,psl3,2024,05,17,07
42.0,45.0,Phylloscopus occipitalis,Western Crowned Warbler,0.8026,psl3,2024,05,17,07
51.0,54.0,Phylloscopus occipitalis,Western Crowned Warbler,0.9537,psl3,2024,05,17,07
63.0,66.0,Phylloscopus occipitalis,Western Crowned Warbler,0.9628,psl3,2024,05,17,07
72.0,75.0,Phylloscopus occipitalis,Western Crowned Warbler,0.9089,psl3,2024,05,17,07
99.0,102.0,Protonotaria citrea,Prothonotary Warbler,0.6766,psl3,2024,05,17,07
108.0,111.0,Phylloscopus occipitalis,Western Crowned Warbler,0.6587,psl3,2024,05,17,07
123.0,126.0,Phylloscopus occipitalis,Western Crowned Warbler,0.8701,psl3,2024,05,17,07
132.0,135.0,Phylloscopus occipitalis,Western Crowned Warbler,0.881,psl3,2024,05,17,07
141.0,144.0,Phylloscopus occipitalis,Western Crowned Warbler,0.7303,psl3,2024,05,17,07
144.0,147.0,Protonotaria citrea,Prothonotary Warbler,0.5205,psl3,2024,05,17,07
153.0,156.0,Protonotaria citrea,Prothonotary Warbler,0.8012,psl3,2024,05,17,07
180.0,183.0,Phylloscopus occipitalis,Western Crowned Warbler,0.5115,psl3,2024,05,17,07
192.0,195.0,Phylloscopus occipitalis,Western Crowned Warbler,0.6297,psl3,2024,05,17,07
195.0,198.0,Phylloscopus occipitalis,Western Crowned Warbler,0.8932,psl3,2024,05,17,07
216.0,219.0,Protonotaria citrea,Prothonotary Warbler,0.7432,psl3,2024,05,17,07
219.0,222.0,Phylloscopus occipitalis,Western Crowned Warbler,0.6312,psl3,2024,05,17,07
228.0,231.0,Phylloscopus occipitalis,Western Crowned Warbler,0.7799,psl3,2024,05,17,07
234.0,237.0,Phylloscopus occipitalis,Western Crowned Warbler,0.6128,psl3,2024,05,17,07
240.0,243.0,Phylloscopus occipitalis,Western Crowned Warbler,0.5096,psl3,2024,05,17,07
261.0,264.0,Phylloscopus occipitalis,Western Crowned Warbler,0.7501,psl3,2024,05,17,07
261.0,264.0,Protonotaria citrea,Prothonotary Warbler,0.5643,psl3,2024,05,17,07
270.0,273.0,Phylloscopus occipitalis,Western Crowned Warbler,0.8765,psl3,2024,05,17,07
273.0,276.0,Phylloscopus occipitalis,Western Crowned Warbler,0.5737,psl3,2024,05,17,07
276.0,279.0,Phylloscopus occipitalis,Western Crowned Warbler,0.6296,psl3,2024,05,17,07
279.0,282.0,Phylloscopus occipitalis,Western Crowned Warbler,0.7112,psl3,2024,05,17,07
297.0,300.0,Phylloscopus occipitalis,Western Crowned Warbler,0.9016,psl3,2024,05,17,07
300.0,303.0,Phylloscopus occipitalis,Western Crowned Warbler,0.5884,psl3,2024,05,17,07
303.0,306.0,Phylloscopus occipitalis,Western Crowned Warbler,0.7691,psl3,2024,05,17,07
306.0,309.0,Phylloscopus occipitalis,Western Crowned Warbler,0.6346,psl3,2024,05,17,07
309.0,312.0,Phylloscopus occipitalis,Western Crowned Warbler,0.6007,psl3,2024,05,17,07
312.0,315.0,Protonotaria citrea,Prothonotary Warbler,0.6079,psl3,2024,05,17,07
315.0,318.0,Protonotaria citrea,Prothonotary Warbler,0.9145,psl3,2024,05,17,07
321.0,324.0,Phylloscopus occipitalis,Western Crowned Warbler,0.705,psl3,2024,05,17,07
324.0,327.0,Phylloscopus occipitalis,Western Crowned Warbler,0.862,psl3,2024,05,17,07
330.0,333.0,Phylloscopus occipitalis,Western Crowned Warbler,0.9639,psl3,2024,05,17,07
333.0,336.0,Phylloscopus occipitalis,Western Crowned Warbler,0.9787,psl3,2024,05,17,07
336.0,339.0,Phylloscopus occipitalis,Western Crowned Warbler,0.9522,psl3,2024,05,17,07
339.0,342.0,Phylloscopus occipitalis,Western Crowned Warbler,0.5774,psl3,2024,05,17,07
345.0,348.0,Phylloscopus occipitalis,Western Crowned Warbler,0.7772,psl3,2024,05,17,07
348.0,351.0,Phylloscopus occipitalis,Western Crowned Warbler,0.9969,psl3,2024,05,17,07
360.0,363.0,Phylloscopus occipitalis,Western Crowned Warbler,0.691,psl3,2024,05,17,07
363.0,366.0,Phylloscopus occipitalis,Western Crowned Warbler,0.969,psl3,2024,05,17,07
366.0,369.0,Phylloscopus occipitalis,Western Crowned Warbler,0.93,psl3,2024,05,17,07
369.0,372.0,Phylloscopus occipitalis,Western Crowned Warbler,0.9028,psl3,2024,05,17,07
372.0,375.0,Phylloscopus occipitalis,Western Crowned Warbler,0.9004,psl3,2024,05,17,07
375.0,378.0,Phylloscopus occipitalis,Western Crowned Warbler,0.8839,psl3,2024,05,17,07
378.0,381.0,Phylloscopus occipitalis,Western Crowned Warbler,0.9528,psl3,2024,05,17,07
381.0,384.0,Phylloscopus occipitalis,Western Crowned Warbler,0.9909,psl3,2024,05,17,07
384.0,387.0,Phylloscopus occipitalis,Western Crowned Warbler,0.8726,psl3,2024,05,17,07
387.0,390.0,Phylloscopus occipitalis,Western Crowned Warbler,0.8956,psl3,2024,05,17,07
390.0,393.0,Phylloscopus occipitalis,Western Crowned Warbler,0.8785,psl3,2024,05,17,07
393.0,396.0,Phylloscopus occipitalis,Western Crowned Warbler,0.9035,psl3,2024,05,17,07
396.0,399.0,Phylloscopus occipitalis,Western Crowned Warbler,0.8287,psl3,2024,05,17,07
399.0,402.0,Phylloscopus occipitalis,Western Crowned Warbler,0.8763,psl3,2024,05,17,07
402.0,405.0,Phylloscopus occipitalis,Western Crowned Warbler,0.9443,psl3,2024,05,17,07
405.0,408.0,Phylloscopus occipitalis,Western Crowned Warbler,0.8768,psl3,2024,05,17,07
408.0,411.0,Phylloscopus occipitalis,Western Crowned Warbler,0.9898,psl3,2024,05,17,07
411.0,414.0,Phylloscopus occipitalis,Western Crowned Warbler,0.9937,psl3,2024,05,17,07
414.0,417.0,Phylloscopus occipitalis,Western Crowned Warbler,0.971,psl3,2024,05,17,07
417.0,420.0,Phylloscopus occipitalis,Western Crowned Warbler,0.9759,psl3,2024,05,17,07
420.0,423.0,Phylloscopus occipitalis,Western Crowned Warbler,0.9849,psl3,2024,05,17,07
423.0,426.0,Phylloscopus occipitalis,Western Crowned Warbler,0.9202,psl3,2024,05,17,07
426.0,429.0,Phylloscopus occipitalis,Western Crowned Warbler,0.8939,psl3,2024,05,17,07
429.0,432.0,Phylloscopus occipitalis,Western Crowned Warbler,0.996,psl3,2024,05,17,07
435.0,438.0,Phylloscopus occipitalis,Western Crowned Warbler,0.9902,psl3,2024,05,17,07
438.0,441.0,Phylloscopus occipitalis,Western Crowned Warbler,0.8822,psl3,2024,05,17,07
441.0,444.0,Phylloscopus reguloides,Blyth's Leaf Warbler,0.8312,psl3,2024,05,17,07
441.0,444.0,Phylloscopus occipitalis,Western Crowned Warbler,0.7605,psl3,2024,05,17,07
444.0,447.0,Phylloscopus occipitalis,Western Crowned Warbler,0.8159,psl3,2024,05,17,07
447.0,450.0,Phylloscopus occipitalis,Western Crowned Warbler,0.9485,psl3,2024,05,17,07
450.0,453.0,Phylloscopus occipitalis,Western Crowned Warbler,0.9851,psl3,2024,05,17,07
453.0,456.0,Phylloscopus occipitalis,Western Crowned Warbler,0.9606,psl3,2024,05,17,07
462.0,465.0,Phylloscopus occipitalis,Western Crowned Warbler,0.6083,psl3,2024,05,17,07
468.0,471.0,Phylloscopus occipitalis,Western Crowned Warbler,0.7644,psl3,2024,05,17,07
477.0,480.0,Phylloscopus occipitalis,Western Crowned Warbler,0.9362,psl3,2024,05,17,07
480.0,483.0,Phylloscopus occipitalis,Western Crowned Warbler,0.9738,psl3,2024,05,17,07
486.0,489.0,Phylloscopus occipitalis,Western Crowned Warbler,0.5555,psl3,2024,05,17,07
501.0,504.0,Phylloscopus occipitalis,Western Crowned Warbler,0.752,psl3,2024,05,17,07
504.0,507.0,Phylloscopus occipitalis,Western Crowned Warbler,0.8244,psl3,2024,05,17,07
507.0,510.0,Phylloscopus occipitalis,Western Crowned Warbler,0.5763,psl3,2024,05,17,07
513.0,516.0,Phylloscopus occipitalis,Western Crowned Warbler,0.6134,psl3,2024,05,17,07
522.0,525.0,Phylloscopus occipitalis,Western Crowned Warbler,0.899,psl3,2024,05,17,07
525.0,528.0,Phylloscopus occipitalis,Western Crowned Warbler,0.7784,psl3,2024,05,17,07
525.0,528.0,Protonotaria citrea,Prothonotary Warbler,0.5677,psl3,2024,05,17,07
528.0,531.0,Phylloscopus occipitalis,Western Crowned Warbler,0.9378,psl3,2024,05,17,07
531.0,534.0,Phylloscopus reguloides,Blyth's Leaf Warbler,0.5643,psl3,2024,05,17,07
540.0,543.0,Phylloscopus occipitalis,Western Crowned Warbler,0.6756,psl3,2024,05,17,07
540.0,543.0,Phylloscopus reguloides,Blyth's Leaf Warbler,0.6689,psl3,2024,05,17,07
543.0,546.0,Phylloscopus occipitalis,Western Crowned Warbler,0.7877,psl3,2024,05,17,07
552.0,555.0,Phylloscopus occipitalis,Western Crowned Warbler,0.928,psl3,2024,05,17,07
555.0,558.0,Phylloscopus occipitalis,Western Crowned Warbler,0.8794,psl3,2024,05,17,07
555.0,558.0,Phylloscopus reguloides,Blyth's Leaf Warbler,0.6104,psl3,2024,05,17,07
564.0,567.0,Phylloscopus occipitalis,Western Crowned Warbler,0.8375,psl3,2024,05,17,07
564.0,567.0,Phylloscopus reguloides,Blyth's Leaf Warbler,0.723,psl3,2024,05,17,07
567.0,570.0,Phylloscopus occipitalis,Western Crowned Warbler,0.8589,psl3,2024,05,17,07
576.0,579.0,Phylloscopus occipitalis,Western Crowned Warbler,0.985,psl3,2024,05,17,07
591.0,594.0,Phylloscopus occipitalis,Western Crowned Warbler,0.7079,psl3,2024,05,17,07
603.0,606.0,Phylloscopus occipitalis,Western Crowned Warbler,0.6945,psl3,2024,05,17,07
612.0,615.0,Phylloscopus occipitalis,Western Crowned Warbler,0.7189,psl3,2024,05,17,07
633.0,636.0,Phylloscopus occipitalis,Western Crowned Warbler,0.8897,psl3,2024,05,17,07
633.0,636.0,Phylloscopus reguloides,Blyth's Leaf Warbler,0.6058,psl3,2024,05,17,07
636.0,639.0,Phylloscopus occipitalis,Western Crowned Warbler,0.6294,psl3,2024,05,17,07
642.0,645.0,Phylloscopus occipitalis,Western Crowned Warbler,0.5206,psl3,2024,05,17,07
663.0,666.0,Phylloscopus occipitalis,Western Crowned Warbler,0.9689,psl3,2024,05,17,07
681.0,684.0,Phylloscopus occipitalis,Western Crowned Warbler,0.9236,psl3,2024,05,17,07
696.0,699.0,Phylloscopus occipitalis,Western Crowned Warbler,0.7452,psl3,2024,05,17,07
699.0,702.0,Phylloscopus occipitalis,Western Crowned Warbler,0.671,psl3,2024,05,17,07
702.0,705.0,Phylloscopus occipitalis,Western Crowned Warbler,0.6901,psl3,2024,05,17,07
705.0,708.0,Phylloscopus occipitalis,Western Crowned Warbler,0.609,psl3,2024,05,17,07
708.0,711.0,Phylloscopus occipitalis,Western Crowned Warbler,0.9064,psl3,2024,05,17,07
711.0,714.0,Phylloscopus occipitalis,Western Crowned Warbler,0.5114,psl3,2024,05,17,07
717.0,720.0,Phylloscopus occipitalis,Western Crowned Warbler,0.6571,psl3,2024,05,17,07
720.0,723.0,Phylloscopus occipitalis,Western Crowned Warbler,0.8974,psl3,2024,05,17,07
723.0,726.0,Phylloscopus occipitalis,Western Crowned Warbler,0.8436,psl3,2024,05,17,07
726.0,729.0,Phylloscopus occipitalis,Western Crowned Warbler,0.954,psl3,2024,05,17,07
729.0,732.0,Phylloscopus occipitalis,Western Crowned Warbler,0.5863,psl3,2024,05,17,07
732.0,735.0,Phylloscopus occipitalis,Western Crowned Warbler,0.9137,psl3,2024,05,17,07
735.0,738.0,Phylloscopus occipitalis,Western Crowned Warbler,0.6591,psl3,2024,05,17,07
741.0,744.0,Phylloscopus occipitalis,Western Crowned Warbler,0.811,psl3,2024,05,17,07
747.0,750.0,Phylloscopus occipitalis,Western Crowned Warbler,0.9774,psl3,2024,05,17,07
753.0,756.0,Phylloscopus occipitalis,Western Crowned Warbler,0.7706,psl3,2024,05,17,07
759.0,762.0,Phylloscopus occipitalis,Western Crowned Warbler,0.925,psl3,2024,05,17,07
765.0,768.0,Phylloscopus occipitalis,Western Crowned Warbler,0.8063,psl3,2024,05,17,07
771.0,774.0,Phylloscopus occipitalis,Western Crowned Warbler,0.6486,psl3,2024,05,17,07
786.0,789.0,Phylloscopus occipitalis,Western Crowned Warbler,0.9344,psl3,2024,05,17,07
792.0,795.0,Phylloscopus occipitalis,Western Crowned Warbler,0.646,psl3,2024,05,17,07
813.0,816.0,Phylloscopus occipitalis,Western Crowned Warbler,0.7809,psl3,2024,05,17,07
855.0,858.0,Phylloscopus humei,Hume's Warbler,0.9411,psl3,2024,05,17,07
861.0,864.0,Phylloscopus occipitalis,Western Crowned Warbler,0.975,psl3,2024,05,17,07
870.0,873.0,Phylloscopus humei,Hume's Warbler,0.8943,psl3,2024,05,17,07
879.0,882.0,Phylloscopus occipitalis,Western Crowned Warbler,0.7052,psl3,2024,05,17,07
879.0,882.0,Phylloscopus reguloides,Blyth's Leaf Warbler,0.6012,psl3,2024,05,17,07
888.0,891.0,Phylloscopus humei,Hume's Warbler,0.7116,psl3,2024,05,17,07
897.0,900.0,Phylloscopus humei,Hume's Warbler,0.8816,psl3,2024,05,17,07
9.0,12.0,Phylloscopus occipitalis,Western Crowned Warbler,0.5045,psl3,2024,05,17,08
18.0,21.0,Phylloscopus occipitalis,Western Crowned Warbler,0.7786,psl3,2024,05,17,08
24.0,27.0,Phylloscopus occipitalis,Western Crowned Warbler,0.9166,psl3,2024,05,17,08
27.0,30.0,Phylloscopus occipitalis,Western Crowned Warbler,0.7823,psl3,2024,05,17,08
36.0,39.0,Phylloscopus occipitalis,Western Crowned Warbler,0.5854,psl3,2024,05,17,08
39.0,42.0,Phylloscopus occipitalis,Western Crowned Warbler,0.9287,psl3,2024,05,17,08
45.0,48.0,Phylloscopus occipitalis,Western Crowned Warbler,0.5562,psl3,2024,05,17,08
51.0,54.0,Phylloscopus occipitalis,Western Crowned Warbler,0.6714,psl3,2024,05,17,08
54.0,57.0,Phylloscopus occipitalis,Western Crowned Warbler,0.777,psl3,2024,05,17,08
57.0,60.0,Phylloscopus occipitalis,Western Crowned Warbler,0.7461,psl3,2024,05,17,08
63.0,66.0,Phylloscopus occipitalis,Western Crowned Warbler,0.908,psl3,2024,05,17,08
66.0,69.0,Phylloscopus occipitalis,Western Crowned Warbler,0.9769,psl3,2024,05,17,08
69.0,72.0,Phoenicurus frontalis,Blue-fronted Redstart,0.8355,psl3,2024,05,17,08
72.0,75.0,Phylloscopus occipitalis,Western Crowned Warbler,0.838,psl3,2024,05,17,08
75.0,78.0,Phylloscopus occipitalis,Western Crowned Warbler,0.9948,psl3,2024,05,17,08
75.0,78.0,Phoenicurus frontalis,Blue-fronted Redstart,0.691,psl3,2024,05,17,08
81.0,84.0,Phylloscopus occipitalis,Western Crowned Warbler,0.5398,psl3,2024,05,17,08
90.0,93.0,Phylloscopus occipitalis,Western Crowned Warbler,0.9092,psl3,2024,05,17,08
93.0,96.0,Protonotaria citrea,Prothonotary Warbler,0.6885,psl3,2024,05,17,08
102.0,105.0,Phylloscopus occipitalis,Western Crowned Warbler,0.9744,psl3,2024,05,17,08
114.0,117.0,Phylloscopus occipitalis,Western Crowned Warbler,0.9094,psl3,2024,05,17,08
126.0,129.0,Phylloscopus occipitalis,Western Crowned Warbler,0.9503,psl3,2024,05,17,08
138.0,141.0,Phylloscopus occipitalis,Western Crowned Warbler,0.7662,psl3,2024,05,17,08
153.0,156.0,Phylloscopus occipitalis,Western Crowned Warbler,0.9553,psl3,2024,05,17,08
159.0,162.0,Phylloscopus occipitalis,Western Crowned Warbler,0.7492,psl3,2024,05,17,08
162.0,165.0,Phylloscopus occipitalis,Western Crowned Warbler,0.5029,psl3,2024,05,17,08
165.0,168.0,Phylloscopus occipitalis,Western Crowned Warbler,0.9712,psl3,2024,05,17,08
168.0,171.0,Phylloscopus occipitalis,Western Crowned Warbler,0.8664,psl3,2024,05,17,08
171.0,174.0,Phylloscopus occipitalis,Western Crowned Warbler,0.9516,psl3,2024,05,17,08
174.0,177.0,Phylloscopus occipitalis,Western Crowned Warbler,0.9101,psl3,2024,05,17,08
183.0,186.0,Phylloscopus occipitalis,Western Crowned Warbler,0.5347,psl3,2024,05,17,08
210.0,213.0,Protonotaria citrea,Prothonotary Warbler,0.6759,psl3,2024,05,17,08
243.0,246.0,Phylloscopus occipitalis,Western Crowned Warbler,0.8138,psl3,2024,05,17,08
267.0,270.0,Phylloscopus occipitalis,Western Crowned Warbler,0.8735,psl3,2024,05,17,08
270.0,273.0,Phylloscopus occipitalis,Western Crowned Warbler,0.5406,psl3,2024,05,17,08
285.0,288.0,Protonotaria citrea,Prothonotary Warbler,0.6507,psl3,2024,05,17,08
312.0,315.0,Phylloscopus occipitalis,Western Crowned Warbler,0.7848,psl3,2024,05,17,08
315.0,318.0,Phylloscopus occipitalis,Western Crowned Warbler,0.7193,psl3,2024,05,17,08
321.0,324.0,Phylloscopus occipitalis,Western Crowned Warbler,0.5386,psl3,2024,05,17,08
324.0,327.0,Phylloscopus occipitalis,Western Crowned Warbler,0.7543,psl3,2024,05,17,08
339.0,342.0,Phylloscopus occipitalis,Western Crowned Warbler,0.7257,psl3,2024,05,17,08
342.0,345.0,Phylloscopus occipitalis,Western Crowned Warbler,0.8328,psl3,2024,05,17,08
345.0,348.0,Phylloscopus occipitalis,Western Crowned Warbler,0.7631,psl3,2024,05,17,08
354.0,357.0,Phylloscopus occipitalis,Western Crowned Warbler,0.5599,psl3,2024,05,17,08
360.0,363.0,Phylloscopus occipitalis,Western Crowned Warbler,0.7943,psl3,2024,05,17,08
363.0,366.0,Phylloscopus occipitalis,Western Crowned Warbler,0.5949,psl3,2024,05,17,08
387.0,390.0,Protonotaria citrea,Prothonotary Warbler,0.5311,psl3,2024,05,17,08
708.0,711.0,Erithacus rubecula,European Robin,0.5061,psl3,2024,05,17,08
729.0,732.0,Phylloscopus occipitalis,Western Crowned Warbler,0.6171,psl3,2024,05,17,08
735.0,738.0,Erithacus rubecula,European Robin,0.8656,psl3,2024,05,17,08
795.0,798.0,Phylloscopus occipitalis,Western Crowned Warbler,0.5355,psl3,2024,05,17,08
816.0,819.0,Phylloscopus occipitalis,Western Crowned Warbler,0.9677,psl3,2024,05,17,08
819.0,822.0,Phylloscopus occipitalis,Western Crowned Warbler,0.8324,psl3,2024,05,17,08
852.0,855.0,Phylloscopus occipitalis,Western Crowned Warbler,0.7466,psl3,2024,05,17,08
855.0,858.0,Phylloscopus occipitalis,Western Crowned Warbler,0.5805,psl3,2024,05,17,08
858.0,861.0,Protonotaria citrea,Prothonotary Warbler,0.7705,psl3,2024,05,17,08
867.0,870.0,Phylloscopus occipitalis,Western Crowned Warbler,0.6759,psl3,2024,05,17,08
873.0,876.0,Phylloscopus occipitalis,Western Crowned Warbler,0.8851,psl3,2024,05,17,08
882.0,885.0,Phylloscopus occipitalis,Western Crowned Warbler,0.6002,psl3,2024,05,17,08
21.0,24.0,Phylloscopus occipitalis,Western Crowned Warbler,0.8178,psl3,2024,05,17,09
27.0,30.0,Phylloscopus occipitalis,Western Crowned Warbler,0.5575,psl3,2024,05,17,09
30.0,33.0,Phylloscopus occipitalis,Western Crowned Warbler,0.7472,psl3,2024,05,17,09
33.0,36.0,Phylloscopus occipitalis,Western Crowned Warbler,0.5807,psl3,2024,05,17,09
60.0,63.0,Phylloscopus occipitalis,Western Crowned Warbler,0.569,psl3,2024,05,17,09
75.0,78.0,Phylloscopus occipitalis,Western Crowned Warbler,0.5064,psl3,2024,05,17,09
81.0,84.0,Phylloscopus occipitalis,Western Crowned Warbler,0.5278,psl3,2024,05,17,09
87.0,90.0,Phylloscopus occipitalis,Western Crowned Warbler,0.6398,psl3,2024,05,17,09
90.0,93.0,Phylloscopus occipitalis,Western Crowned Warbler,0.6226,psl3,2024,05,17,09
108.0,111.0,Phylloscopus occipitalis,Western Crowned Warbler,0.6926,psl3,2024,05,17,09
114.0,117.0,Phylloscopus occipitalis,Western Crowned Warbler,0.9383,psl3,2024,05,17,09
123.0,126.0,Phylloscopus occipitalis,Western Crowned Warbler,0.8112,psl3,2024,05,17,09
126.0,129.0,Phylloscopus occipitalis,Western Crowned Warbler,0.7229,psl3,2024,05,17,09
132.0,135.0,Phylloscopus occipitalis,Western Crowned Warbler,0.9426,psl3,2024,05,17,09
165.0,168.0,Phylloscopus occipitalis,Western Crowned Warbler,0.7252,psl3,2024,05,17,09
207.0,210.0,Phylloscopus occipitalis,Western Crowned Warbler,0.8403,psl3,2024,05,17,09
219.0,222.0,Protonotaria citrea,Prothonotary Warbler,0.5157,psl3,2024,05,17,09
231.0,234.0,Phylloscopus occipitalis,Western Crowned Warbler,0.8302,psl3,2024,05,17,09
252.0,255.0,Phylloscopus occipitalis,Western Crowned Warbler,0.8364,psl3,2024,05,17,09
300.0,303.0,Protonotaria citrea,Prothonotary Warbler,0.5103,psl3,2024,05,17,09
483.0,486.0,Phylloscopus occipitalis,Western Crowned Warbler,0.5313,psl3,2024,05,17,09
498.0,501.0,Phylloscopus occipitalis,Western Crowned Warbler,0.9518,psl3,2024,05,17,09
501.0,504.0,Phylloscopus occipitalis,Western Crowned Warbler,0.642,psl3,2024,05,17,09
540.0,543.0,Phylloscopus occipitalis,Western Crowned Warbler,0.8012,psl3,2024,05,17,09
552.0,555.0,Phylloscopus occipitalis,Western Crowned Warbler,0.5062,psl3,2024,05,17,09
570.0,573.0,Phylloscopus occipitalis,Western Crowned Warbler,0.9307,psl3,2024,05,17,09
582.0,585.0,Phylloscopus occipitalis,Western Crowned Warbler,0.8808,psl3,2024,05,17,09
600.0,603.0,Protonotaria citrea,Prothonotary Warbler,0.8304,psl3,2024,05,17,09
615.0,618.0,Phylloscopus occipitalis,Western Crowned Warbler,0.6608,psl3,2024,05,17,09
651.0,654.0,Protonotaria citrea,Prothonotary Warbler,0.7663,psl3,2024,05,17,09
693.0,696.0,Protonotaria citrea,Prothonotary Warbler,0.5807,psl3,2024,05,17,09
696.0,699.0,Protonotaria citrea,Prothonotary Warbler,0.6748,psl3,2024,05,17,09
69.0,72.0,Protonotaria citrea,Prothonotary Warbler,0.5156,psl3,2024,05,18,06
93.0,96.0,Phylloscopus occipitalis,Western Crowned Warbler,0.5193,psl3,2024,05,18,06
144.0,147.0,Phylloscopus occipitalis,Western Crowned Warbler,0.9197,psl3,2024,05,18,06
153.0,156.0,Phylloscopus occipitalis,Western Crowned Warbler,0.6763,psl3,2024,05,18,06
180.0,183.0,Phylloscopus occipitalis,Western Crowned Warbler,0.745,psl3,2024,05,18,06
198.0,201.0,Phylloscopus occipitalis,Western Crowned Warbler,0.7458,psl3,2024,05,18,06
213.0,216.0,Protonotaria citrea,Prothonotary Warbler,0.7056,psl3,2024,05,18,06
264.0,267.0,Phylloscopus occipitalis,Western Crowned Warbler,0.5145,psl3,2024,05,18,06
300.0,303.0,Phylloscopus occipitalis,Western Crowned Warbler,0.6397,psl3,2024,05,18,06
318.0,321.0,Protonotaria citrea,Prothonotary Warbler,0.6194,psl3,2024,05,18,06
330.0,333.0,Phylloscopus occipitalis,Western Crowned Warbler,0.8314,psl3,2024,05,18,06
336.0,339.0,Xenops rutilans,Streaked Xenops,0.8031,psl3,2024,05,18,06
345.0,348.0,Phylloscopus occipitalis,Western Crowned Warbler,0.9865,psl3,2024,05,18,06
348.0,351.0,Phylloscopus occipitalis,Western Crowned Warbler,0.6079,psl3,2024,05,18,06
357.0,360.0,Phylloscopus occipitalis,Western Crowned Warbler,0.8639,psl3,2024,05,18,06
363.0,366.0,Phylloscopus occipitalis,Western Crowned Warbler,0.9659,psl3,2024,05,18,06
366.0,369.0,Phylloscopus occipitalis,Western Crowned Warbler,0.8975,psl3,2024,05,18,06
372.0,375.0,Phylloscopus occipitalis,Western Crowned Warbler,0.8338,psl3,2024,05,18,06
381.0,384.0,Phylloscopus occipitalis,Western Crowned Warbler,0.944,psl3,2024,05,18,06
387.0,390.0,Phylloscopus occipitalis,Western Crowned Warbler,0.9472,psl3,2024,05,18,06
390.0,393.0,Phylloscopus occipitalis,Western Crowned Warbler,0.9516,psl3,2024,05,18,06
399.0,402.0,Phylloscopus occipitalis,Western Crowned Warbler,0.9948,psl3,2024,05,18,06
402.0,405.0,Phylloscopus occipitalis,Western Crowned Warbler,0.9825,psl3,2024,05,18,06
402.0,405.0,Phylloscopus reguloides,Blyth's Leaf Warbler,0.5496,psl3,2024,05,18,06
408.0,411.0,Phylloscopus occipitalis,Western Crowned Warbler,0.9803,psl3,2024,05,18,06
420.0,423.0,Phylloscopus occipitalis,Western Crowned Warbler,0.962,psl3,2024,05,18,06
435.0,438.0,Phylloscopus occipitalis,Western Crowned Warbler,0.9612,psl3,2024,05,18,06
438.0,441.0,Phylloscopus occipitalis,Western Crowned Warbler,0.8873,psl3,2024,05,18,06
447.0,450.0,Phylloscopus occipitalis,Western Crowned Warbler,0.9518,psl3,2024,05,18,06
450.0,453.0,Phylloscopus occipitalis,Western Crowned Warbler,0.9871,psl3,2024,05,18,06
468.0,471.0,Phylloscopus occipitalis,Western Crowned Warbler,0.9252,psl3,2024,05,18,06
471.0,474.0,Phylloscopus occipitalis,Western Crowned Warbler,0.8805,psl3,2024,05,18,06
480.0,483.0,Phylloscopus occipitalis,Western Crowned Warbler,0.8351,psl3,2024,05,18,06
483.0,486.0,Phylloscopus occipitalis,Western Crowned Warbler,0.6726,psl3,2024,05,18,06
489.0,492.0,Phylloscopus occipitalis,Western Crowned Warbler,0.9943,psl3,2024,05,18,06
492.0,495.0,Phylloscopus reguloides,Blyth's Leaf Warbler,0.8396,psl3,2024,05,18,06
492.0,495.0,Phylloscopus occipitalis,Western Crowned Warbler,0.5686,psl3,2024,05,18,06
507.0,510.0,Phylloscopus occipitalis,Western Crowned Warbler,0.9988,psl3,2024,05,18,06
513.0,516.0,Phylloscopus occipitalis,Western Crowned Warbler,0.9994,psl3,2024,05,18,06
516.0,519.0,Phylloscopus occipitalis,Western Crowned Warbler,0.9975,psl3,2024,05,18,06
534.0,537.0,Phylloscopus occipitalis,Western Crowned Warbler,0.9893,psl3,2024,05,18,06
543.0,546.0,Phylloscopus occipitalis,Western Crowned Warbler,0.999,psl3,2024,05,18,06
573.0,576.0,Phylloscopus occipitalis,Western Crowned Warbler,0.899,psl3,2024,05,18,06
576.0,579.0,Phylloscopus occipitalis,Western Crowned Warbler,0.9798,psl3,2024,05,18,06
576.0,579.0,Phylloscopus reguloides,Blyth's Leaf Warbler,0.5833,psl3,2024,05,18,06
582.0,585.0,Phylloscopus occipitalis,Western Crowned Warbler,0.7819,psl3,2024,05,18,06
585.0,588.0,Phylloscopus occipitalis,Western Crowned Warbler,0.894,psl3,2024,05,18,06
588.0,591.0,Phylloscopus nitidus,Green Warbler,0.6486,psl3,2024,05,18,06
594.0,597.0,Phylloscopus occipitalis,Western Crowned Warbler,0.9993,psl3,2024,05,18,06
597.0,600.0,Phylloscopus occipitalis,Western Crowned Warbler,0.8232,psl3,2024,05,18,06
603.0,606.0,Phylloscopus occipitalis,Western Crowned Warbler,0.995,psl3,2024,05,18,06
612.0,615.0,Phylloscopus occipitalis,Western Crowned Warbler,0.9982,psl3,2024,05,18,06
615.0,618.0,Phylloscopus nitidus,Green Warbler,0.6515,psl3,2024,05,18,06
621.0,624.0,Phylloscopus occipitalis,Western Crowned Warbler,0.8697,psl3,2024,05,18,06
624.0,627.0,Phylloscopus occipitalis,Western Crowned Warbler,0.9863,psl3,2024,05,18,06
633.0,636.0,Phylloscopus occipitalis,Western Crowned Warbler,0.9581,psl3,2024,05,18,06
636.0,639.0,Phylloscopus occipitalis,Western Crowned Warbler,0.9906,psl3,2024,05,18,06
642.0,645.0,Phylloscopus occipitalis,Western Crowned Warbler,0.9954,psl3,2024,05,18,06
645.0,648.0,Phylloscopus occipitalis,Western Crowned Warbler,0.983,psl3,2024,05,18,06
651.0,654.0,Phylloscopus occipitalis,Western Crowned Warbler,0.9699,psl3,2024,05,18,06
663.0,666.0,Phylloscopus occipitalis,Western Crowned Warbler,0.839,psl3,2024,05,18,06
672.0,675.0,Phylloscopus nitidus,Green Warbler,0.7446,psl3,2024,05,18,06
681.0,684.0,Phylloscopus occipitalis,Western Crowned Warbler,0.9963,psl3,2024,05,18,06
702.0,705.0,Phylloscopus occipitalis,Western Crowned Warbler,0.9432,psl3,2024,05,18,06
708.0,711.0,Phylloscopus occipitalis,Western Crowned Warbler,0.6763,psl3,2024,05,18,06
711.0,714.0,Phylloscopus occipitalis,Western Crowned Warbler,0.8085,psl3,2024,05,18,06
714.0,717.0,Phylloscopus occipitalis,Western Crowned Warbler,0.9892,psl3,2024,05,18,06
720.0,723.0,Phylloscopus nitidus,Green Warbler,0.756,psl3,2024,05,18,06
732.0,735.0,Phylloscopus occipitalis,Western Crowned Warbler,0.9341,psl3,2024,05,18,06
732.0,735.0,Phylloscopus reguloides,Blyth's Leaf Warbler,0.9319,psl3,2024,05,18,06
735.0,738.0,Phylloscopus occipitalis,Western Crowned Warbler,0.9868,psl3,2024,05,18,06
735.0,738.0,Poospiza nigrorufa,Black-and-rufous Warbling Finch,0.6371,psl3,2024,05,18,06
747.0,750.0,Phylloscopus occipitalis,Western Crowned Warbler,0.6868,psl3,2024,05,18,06
750.0,753.0,Phylloscopus occipitalis,Western Crowned Warbler,0.931,psl3,2024,05,18,06
753.0,756.0,Phylloscopus occipitalis,Western Crowned Warbler,0.9521,psl3,2024,05,18,06
759.0,762.0,Phylloscopus occipitalis,Western Crowned Warbler,0.9373,psl3,2024,05,18,06
762.0,765.0,Phylloscopus occipitalis,Western Crowned Warbler,0.9611,psl3,2024,05,18,06
765.0,768.0,Phylloscopus occipitalis,Western Crowned Warbler,0.9959,psl3,2024,05,18,06
768.0,771.0,Phylloscopus occipitalis,Western Crowned Warbler,0.9829,psl3,2024,05,18,06
771.0,774.0,Phylloscopus occipitalis,Western Crowned Warbler,0.9851,psl3,2024,05,18,06
774.0,777.0,Phylloscopus occipitalis,Western Crowned Warbler,0.9717,psl3,2024,05,18,06
777.0,780.0,Phylloscopus occipitalis,Western Crowned Warbler,0.5003,psl3,2024,05,18,06
780.0,783.0,Phylloscopus occipitalis,Western Crowned Warbler,0.9346,psl3,2024,05,18,06
786.0,789.0,Phylloscopus occipitalis,Western Crowned Warbler,0.9768,psl3,2024,05,18,06
789.0,792.0,Phylloscopus occipitalis,Western Crowned Warbler,0.6201,psl3,2024,05,18,06
792.0,795.0,Euphonia chlorotica,Purple-throated Euphonia,0.601,psl3,2024,05,18,06
795.0,798.0,Phylloscopus occipitalis,Western Crowned Warbler,0.9385,psl3,2024,05,18,06
795.0,798.0,Phylloscopus tytleri,Tytler's Leaf Warbler,0.5119,psl3,2024,05,18,06
801.0,804.0,Phylloscopus occipitalis,Western Crowned Warbler,0.9921,psl3,2024,05,18,06
807.0,810.0,Phylloscopus occipitalis,Western Crowned Warbler,0.8627,psl3,2024,05,18,06
825.0,828.0,Phylloscopus occipitalis,Western Crowned Warbler,0.9007,psl3,2024,05,18,06
828.0,831.0,Phylloscopus occipitalis,Western Crowned Warbler,0.866,psl3,2024,05,18,06
834.0,837.0,Phylloscopus occipitalis,Western Crowned Warbler,0.6927,psl3,2024,05,18,06
864.0,867.0,Phylloscopus nitidus,Green Warbler,0.5191,psl3,2024,05,18,06
870.0,873.0,Phylloscopus occipitalis,Western Crowned Warbler,0.5321,psl3,2024,05,18,06
882.0,885.0,Phylloscopus nitidus,Green Warbler,0.5475,psl3,2024,05,18,06
3.0,6.0,Phylloscopus occipitalis,Western Crowned Warbler,0.9631,psl3,2024,05,18,07
6.0,9.0,Phylloscopus occipitalis,Western Crowned Warbler,0.9402,psl3,2024,05,18,07
6.0,9.0,Protonotaria citrea,Prothonotary Warbler,0.5686,psl3,2024,05,18,07
27.0,30.0,Phylloscopus occipitalis,Western Crowned Warbler,0.8901,psl3,2024,05,18,07
45.0,48.0,Phylloscopus occipitalis,Western Crowned Warbler,0.8028,psl3,2024,05,18,07
114.0,117.0,Protonotaria citrea,Prothonotary Warbler,0.7613,psl3,2024,05,18,07
123.0,126.0,Protonotaria citrea,Prothonotary Warbler,0.5609,psl3,2024,05,18,07
126.0,129.0,Phylloscopus occipitalis,Western Crowned Warbler,0.8791,psl3,2024,05,18,07
156.0,159.0,Phylloscopus occipitalis,Western Crowned Warbler,0.8156,psl3,2024,05,18,07
159.0,162.0,Phylloscopus occipitalis,Western Crowned Warbler,0.7697,psl3,2024,05,18,07
168.0,171.0,Phylloscopus occipitalis,Western Crowned Warbler,0.8393,psl3,2024,05,18,07
177.0,180.0,Phylloscopus occipitalis,Western Crowned Warbler,0.5258,psl3,2024,05,18,07
201.0,204.0,Protonotaria citrea,Prothonotary Warbler,0.7449,psl3,2024,05,18,07
219.0,222.0,Protonotaria citrea,Prothonotary Warbler,0.7874,psl3,2024,05,18,07
237.0,240.0,Phylloscopus occipitalis,Western Crowned Warbler,0.7239,psl3,2024,05,18,07
252.0,255.0,Phylloscopus occipitalis,Western Crowned Warbler,0.7652,psl3,2024,05,18,07
252.0,255.0,Protonotaria citrea,Prothonotary Warbler,0.7023,psl3,2024,05,18,07
291.0,294.0,Phylloscopus occipitalis,Western Crowned Warbler,0.7206,psl3,2024,05,18,07
294.0,297.0,Phylloscopus occipitalis,Western Crowned Warbler,0.9539,psl3,2024,05,18,07
297.0,300.0,Phylloscopus occipitalis,Western Crowned Warbler,0.821,psl3,2024,05,18,07
300.0,303.0,Phylloscopus occipitalis,Western Crowned Warbler,0.556,psl3,2024,05,18,07
306.0,309.0,Phylloscopus occipitalis,Western Crowned Warbler,0.8773,psl3,2024,05,18,07
312.0,315.0,Phylloscopus occipitalis,Western Crowned Warbler,0.9184,psl3,2024,05,18,07
315.0,318.0,Phylloscopus occipitalis,Western Crowned Warbler,0.8307,psl3,2024,05,18,07
318.0,321.0,Phylloscopus occipitalis,Western Crowned Warbler,0.7608,psl3,2024,05,18,07
327.0,330.0,Phylloscopus occipitalis,Western Crowned Warbler,0.9966,psl3,2024,05,18,07
333.0,336.0,Phylloscopus occipitalis,Western Crowned Warbler,0.9862,psl3,2024,05,18,07
336.0,339.0,Phylloscopus occipitalis,Western Crowned Warbler,0.7029,psl3,2024,05,18,07
339.0,342.0,Phylloscopus occipitalis,Western Crowned Warbler,0.9845,psl3,2024,05,18,07
342.0,345.0,Phylloscopus occipitalis,Western Crowned Warbler,0.9928,psl3,2024,05,18,07
345.0,348.0,Phylloscopus occipitalis,Western Crowned Warbler,0.9374,psl3,2024,05,18,07
351.0,354.0,Phylloscopus occipitalis,Western Crowned Warbler,0.9865,psl3,2024,05,18,07
366.0,369.0,Phylloscopus occipitalis,Western Crowned Warbler,0.8754,psl3,2024,05,18,07
369.0,372.0,Phylloscopus occipitalis,Western Crowned Warbler,0.9989,psl3,2024,05,18,07
375.0,378.0,Phylloscopus maculipennis,Ashy-throated Warbler,0.8915,psl3,2024,05,18,07
378.0,381.0,Phylloscopus occipitalis,Western Crowned Warbler,0.9889,psl3,2024,05,18,07
393.0,396.0,Phylloscopus occipitalis,Western Crowned Warbler,0.9721,psl3,2024,05,18,07
396.0,399.0,Phylloscopus occipitalis,Western Crowned Warbler,0.9926,psl3,2024,05,18,07
405.0,408.0,Phylloscopus occipitalis,Western Crowned Warbler,0.9992,psl3,2024,05,18,07
417.0,420.0,Phylloscopus occipitalis,Western Crowned Warbler,0.9841,psl3,2024,05,18,07
444.0,447.0,Phylloscopus occipitalis,Western Crowned Warbler,0.988,psl3,2024,05,18,07
450.0,453.0,Phylloscopus occipitalis,Western Crowned Warbler,0.9826,psl3,2024,05,18,07
453.0,456.0,Phylloscopus occipitalis,Western Crowned Warbler,0.9383,psl3,2024,05,18,07
453.0,456.0,Phylloscopus reguloides,Blyth's Leaf Warbler,0.5179,psl3,2024,05,18,07
468.0,471.0,Phylloscopus occipitalis,Western Crowned Warbler,0.9877,psl3,2024,05,18,07
477.0,480.0,Phylloscopus occipitalis,Western Crowned Warbler,0.9875,psl3,2024,05,18,07
483.0,486.0,Phylloscopus occipitalis,Western Crowned Warbler,0.702,psl3,2024,05,18,07
507.0,510.0,Phylloscopus occipitalis,Western Crowned Warbler,0.9592,psl3,2024,05,18,07
510.0,513.0,Phylloscopus occipitalis,Western Crowned Warbler,0.9931,psl3,2024,05,18,07
513.0,516.0,Phylloscopus occipitalis,Western Crowned Warbler,0.9592,psl3,2024,05,18,07
519.0,522.0,Phylloscopus occipitalis,Western Crowned Warbler,0.899,psl3,2024,05,18,07
522.0,525.0,Phylloscopus occipitalis,Western Crowned Warbler,0.9768,psl3,2024,05,18,07
525.0,528.0,Phylloscopus occipitalis,Western Crowned Warbler,0.9664,psl3,2024,05,18,07
528.0,531.0,Phylloscopus occipitalis,Western Crowned Warbler,0.8928,psl3,2024,05,18,07
540.0,543.0,Phylloscopus occipitalis,Western Crowned Warbler,0.788,psl3,2024,05,18,07
546.0,549.0,Phylloscopus occipitalis,Western Crowned Warbler,0.9163,psl3,2024,05,18,07
549.0,552.0,Phylloscopus occipitalis,Western Crowned Warbler,0.7892,psl3,2024,05,18,07
552.0,555.0,Phylloscopus occipitalis,Western Crowned Warbler,0.718,psl3,2024,05,18,07
555.0,558.0,Phylloscopus occipitalis,Western Crowned Warbler,0.6617,psl3,2024,05,18,07
579.0,582.0,Phylloscopus occipitalis,Western Crowned Warbler,0.9158,psl3,2024,05,18,07
582.0,585.0,Phylloscopus occipitalis,Western Crowned Warbler,0.8012,psl3,2024,05,18,07
588.0,591.0,Phylloscopus occipitalis,Western Crowned Warbler,0.8852,psl3,2024,05,18,07
588.0,591.0,Protonotaria citrea,Prothonotary Warbler,0.5053,psl3,2024,05,18,07
591.0,594.0,Phylloscopus occipitalis,Western Crowned Warbler,0.9945,psl3,2024,05,18,07
594.0,597.0,Phylloscopus occipitalis,Western Crowned Warbler,0.7045,psl3,2024,05,18,07
597.0,600.0,Phylloscopus occipitalis,Western Crowned Warbler,0.9805,psl3,2024,05,18,07
600.0,603.0,Phylloscopus occipitalis,Western Crowned Warbler,0.9635,psl3,2024,05,18,07
603.0,606.0,Phylloscopus occipitalis,Western Crowned Warbler,0.7721,psl3,2024,05,18,07
606.0,609.0,Phylloscopus occipitalis,Western Crowned Warbler,0.8989,psl3,2024,05,18,07
609.0,612.0,Phylloscopus reguloides,Blyth's Leaf Warbler,0.5678,psl3,2024,05,18,07
609.0,612.0,Phylloscopus occipitalis,Western Crowned Warbler,0.5533,psl3,2024,05,18,07
612.0,615.0,Phylloscopus occipitalis,Western Crowned Warbler,0.9608,psl3,2024,05,18,07
615.0,618.0,Phylloscopus occipitalis,Western Crowned Warbler,0.7722,psl3,2024,05,18,07
621.0,624.0,Phylloscopus occipitalis,Western Crowned Warbler,0.7857,psl3,2024,05,18,07
627.0,630.0,Phylloscopus occipitalis,Western Crowned Warbler,0.5001,psl3,2024,05,18,07
630.0,633.0,Phylloscopus occipitalis,Western Crowned Warbler,0.6308,psl3,2024,05,18,07
633.0,636.0,Phylloscopus occipitalis,Western Crowned Warbler,0.588,psl3,2024,05,18,07
639.0,642.0,Protonotaria citrea,Prothonotary Warbler,0.8018,psl3,2024,05,18,07
648.0,651.0,Phylloscopus occipitalis,Western Crowned Warbler,0.5784,psl3,2024,05,18,07
654.0,657.0,Protonotaria citrea,Prothonotary Warbler,0.8637,psl3,2024,05,18,07
660.0,663.0,Protonotaria citrea,Prothonotary Warbler,0.6337,psl3,2024,05,18,07
669.0,672.0,Protonotaria citrea,Prothonotary Warbler,0.6041,psl3,2024,05,18,07
672.0,675.0,Phylloscopus occipitalis,Western Crowned Warbler,0.9184,psl3,2024,05,18,07
681.0,684.0,Phylloscopus occipitalis,Western Crowned Warbler,0.7252,psl3,2024,05,18,07
693.0,696.0,Phylloscopus occipitalis,Western Crowned Warbler,0.8778,psl3,2024,05,18,07
702.0,705.0,Phylloscopus occipitalis,Western Crowned Warbler,0.8543,psl3,2024,05,18,07
708.0,711.0,Phylloscopus humei,Hume's Warbler,0.9698,psl3,2024,05,18,07
714.0,717.0,Phylloscopus occipitalis,Western Crowned Warbler,0.6927,psl3,2024,05,18,07
732.0,735.0,Protonotaria citrea,Prothonotary Warbler,0.7211,psl3,2024,05,18,07
738.0,741.0,Protonotaria citrea,Prothonotary Warbler,0.821,psl3,2024,05,18,07
741.0,744.0,Phylloscopus occipitalis,Western Crowned Warbler,0.5377,psl3,2024,05,18,07
759.0,762.0,Phylloscopus occipitalis,Western Crowned Warbler,0.7816,psl3,2024,05,18,07
786.0,789.0,Protonotaria citrea,Prothonotary Warbler,0.6231,psl3,2024,05,18,07
810.0,813.0,Phylloscopus occipitalis,Western Crowned Warbler,0.6268,psl3,2024,05,18,07
846.0,849.0,Phylloscopus occipitalis,Western Crowned Warbler,0.5869,psl3,2024,05,18,07
846.0,849.0,Protonotaria citrea,Prothonotary Warbler,0.5836,psl3,2024,05,18,07
870.0,873.0,Protonotaria citrea,Prothonotary Warbler,0.5573,psl3,2024,05,18,07
876.0,879.0,Protonotaria citrea,Prothonotary Warbler,0.559,psl3,2024,05,18,07
885.0,888.0,Phylloscopus occipitalis,Western Crowned Warbler,0.9072,psl3,2024,05,18,07
888.0,891.0,Phylloscopus occipitalis,Western Crowned Warbler,0.6488,psl3,2024,05,18,07
897.0,900.0,Phylloscopus occipitalis,Western Crowned Warbler,0.6041,psl3,2024,05,18,07
9.0,12.0,Phylloscopus occipitalis,Western Crowned Warbler,0.5505,psl3,2024,05,18,08
12.0,15.0,Phylloscopus occipitalis,Western Crowned Warbler,0.7214,psl3,2024,05,18,08
18.0,21.0,Protonotaria citrea,Prothonotary Warbler,0.622,psl3,2024,05,18,08
24.0,27.0,Phylloscopus occipitalis,Western Crowned Warbler,0.7641,psl3,2024,05,18,08
33.0,36.0,Phylloscopus occipitalis,Western Crowned Warbler,0.799,psl3,2024,05,18,08
42.0,45.0,Protonotaria citrea,Prothonotary Warbler,0.8566,psl3,2024,05,18,08
51.0,54.0,Phylloscopus occipitalis,Western Crowned Warbler,0.5205,psl3,2024,05,18,08
60.0,63.0,Phylloscopus occipitalis,Western Crowned Warbler,0.816,psl3,2024,05,18,08
63.0,66.0,Protonotaria citrea,Prothonotary Warbler,0.8094,psl3,2024,05,18,08
72.0,75.0,Phylloscopus occipitalis,Western Crowned Warbler,0.7399,psl3,2024,05,18,08
75.0,78.0,Protonotaria citrea,Prothonotary Warbler,0.9298,psl3,2024,05,18,08
81.0,84.0,Phylloscopus occipitalis,Western Crowned Warbler,0.8696,psl3,2024,05,18,08
90.0,93.0,Phylloscopus occipitalis,Western Crowned Warbler,0.8727,psl3,2024,05,18,08
99.0,102.0,Protonotaria citrea,Prothonotary Warbler,0.7645,psl3,2024,05,18,08
99.0,102.0,Phylloscopus occipitalis,Western Crowned Warbler,0.5673,psl3,2024,05,18,08
102.0,105.0,Phylloscopus occipitalis,Western Crowned Warbler,0.7824,psl3,2024,05,18,08
108.0,111.0,Phylloscopus occipitalis,Western Crowned Warbler,0.9086,psl3,2024,05,18,08
114.0,117.0,Phylloscopus occipitalis,Western Crowned Warbler,0.9772,psl3,2024,05,18,08
117.0,120.0,Phylloscopus occipitalis,Western Crowned Warbler,0.9698,psl3,2024,05,18,08
123.0,126.0,Phylloscopus occipitalis,Western Crowned Warbler,0.9935,psl3,2024,05,18,08
135.0,138.0,Phylloscopus occipitalis,Western Crowned Warbler,0.92,psl3,2024,05,18,08
144.0,147.0,Phylloscopus occipitalis,Western Crowned Warbler,0.9257,psl3,2024,05,18,08
153.0,156.0,Phylloscopus occipitalis,Western Crowned Warbler,0.9162,psl3,2024,05,18,08
162.0,165.0,Phylloscopus occipitalis,Western Crowned Warbler,0.9657,psl3,2024,05,18,08
165.0,168.0,Phylloscopus humei,Hume's Warbler,0.6651,psl3,2024,05,18,08
171.0,174.0,Phylloscopus occipitalis,Western Crowned Warbler,0.9367,psl3,2024,05,18,08
180.0,183.0,Phylloscopus occipitalis,Western Crowned Warbler,0.7332,psl3,2024,05,18,08
180.0,183.0,Protonotaria citrea,Prothonotary Warbler,0.6172,psl3,2024,05,18,08
186.0,189.0,Phylloscopus occipitalis,Western Crowned Warbler,0.9647,psl3,2024,05,18,08
201.0,204.0,Phylloscopus occipitalis,Western Crowned Warbler,0.9816,psl3,2024,05,18,08
207.0,210.0,Phylloscopus occipitalis,Western Crowned Warbler,0.9485,psl3,2024,05,18,08
216.0,219.0,Phylloscopus occipitalis,Western Crowned Warbler,0.923,psl3,2024,05,18,08
222.0,225.0,Phylloscopus occipitalis,Western Crowned Warbler,0.9809,psl3,2024,05,18,08
225.0,228.0,Phylloscopus occipitalis,Western Crowned Warbler,0.7554,psl3,2024,05,18,08
225.0,228.0,Protonotaria citrea,Prothonotary Warbler,0.5775,psl3,2024,05,18,08
228.0,231.0,Phylloscopus occipitalis,Western Crowned Warbler,0.5469,psl3,2024,05,18,08
231.0,234.0,Phylloscopus occipitalis,Western Crowned Warbler,0.9762,psl3,2024,05,18,08
240.0,243.0,Phylloscopus occipitalis,Western Crowned Warbler,0.8776,psl3,2024,05,18,08
240.0,243.0,Protonotaria citrea,Prothonotary Warbler,0.5972,psl3,2024,05,18,08
246.0,249.0,Phylloscopus occipitalis,Western Crowned Warbler,0.9299,psl3,2024,05,18,08
252.0,255.0,Phylloscopus occipitalis,Western Crowned Warbler,0.8112,psl3,2024,05,18,08
258.0,261.0,Phylloscopus occipitalis,Western Crowned Warbler,0.7145,psl3,2024,05,18,08
264.0,267.0,Phylloscopus occipitalis,Western Crowned Warbler,0.8654,psl3,2024,05,18,08
273.0,276.0,Phylloscopus occipitalis,Western Crowned Warbler,0.727,psl3,2024,05,18,08
279.0,282.0,Phylloscopus occipitalis,Western Crowned Warbler,0.9486,psl3,2024,05,18,08
282.0,285.0,Phylloscopus occipitalis,Western Crowned Warbler,0.7426,psl3,2024,05,18,08
285.0,288.0,Phylloscopus occipitalis,Western Crowned Warbler,0.9853,psl3,2024,05,18,08
288.0,291.0,Phylloscopus occipitalis,Western Crowned Warbler,0.9886,psl3,2024,05,18,08
291.0,294.0,Phylloscopus occipitalis,Western Crowned Warbler,0.7125,psl3,2024,05,18,08
294.0,297.0,Phylloscopus occipitalis,Western Crowned Warbler,0.7031,psl3,2024,05,18,08
303.0,306.0,Phylloscopus occipitalis,Western Crowned Warbler,0.9494,psl3,2024,05,18,08
312.0,315.0,Phylloscopus occipitalis,Western Crowned Warbler,0.9845,psl3,2024,05,18,08
321.0,324.0,Phylloscopus occipitalis,Western Crowned Warbler,0.9751,psl3,2024,05,18,08
330.0,333.0,Phylloscopus occipitalis,Western Crowned Warbler,0.9051,psl3,2024,05,18,08
333.0,336.0,Phylloscopus occipitalis,Western Crowned Warbler,0.8928,psl3,2024,05,18,08
342.0,345.0,Phylloscopus occipitalis,Western Crowned Warbler,0.6947,psl3,2024,05,18,08
351.0,354.0,Phylloscopus occipitalis,Western Crowned Warbler,0.7914,psl3,2024,05,18,08
360.0,363.0,Phylloscopus occipitalis,Western Crowned Warbler,0.9893,psl3,2024,05,18,08
366.0,369.0,Phylloscopus occipitalis,Western Crowned Warbler,0.7814,psl3,2024,05,18,08
369.0,372.0,Protonotaria citrea,Prothonotary Warbler,0.9425,psl3,2024,05,18,08
390.0,393.0,Phylloscopus occipitalis,Western Crowned Warbler,0.6069,psl3,2024,05,18,08
399.0,402.0,Phylloscopus occipitalis,Western Crowned Warbler,0.8396,psl3,2024,05,18,08
417.0,420.0,Phylloscopus occipitalis,Western Crowned Warbler,0.8546,psl3,2024,05,18,08
420.0,423.0,Phylloscopus occipitalis,Western Crowned Warbler,0.8015,psl3,2024,05,18,08
426.0,429.0,Protonotaria citrea,Prothonotary Warbler,0.6529,psl3,2024,05,18,08
447.0,450.0,Phylloscopus occipitalis,Western Crowned Warbler,0.5328,psl3,2024,05,18,08
450.0,453.0,Phylloscopus occipitalis,Western Crowned Warbler,0.5023,psl3,2024,05,18,08
456.0,459.0,Phylloscopus occipitalis,Western Crowned Warbler,0.5768,psl3,2024,05,18,08
459.0,462.0,Phylloscopus occipitalis,Western Crowned Warbler,0.5054,psl3,2024,05,18,08
471.0,474.0,Phylloscopus occipitalis,Western Crowned Warbler,0.6159,psl3,2024,05,18,08
474.0,477.0,Phylloscopus occipitalis,Western Crowned Warbler,0.7438,psl3,2024,05,18,08
480.0,483.0,Phylloscopus occipitalis,Western Crowned Warbler,0.8616,psl3,2024,05,18,08
489.0,492.0,Phylloscopus occipitalis,Western Crowned Warbler,0.9551,psl3,2024,05,18,08
492.0,495.0,Phylloscopus occipitalis,Western Crowned Warbler,0.7604,psl3,2024,05,18,08
495.0,498.0,Phylloscopus occipitalis,Western Crowned Warbler,0.7059,psl3,2024,05,18,08
504.0,507.0,Phylloscopus occipitalis,Western Crowned Warbler,0.7425,psl3,2024,05,18,08
507.0,510.0,Phylloscopus occipitalis,Western Crowned Warbler,0.606,psl3,2024,05,18,08
513.0,516.0,Phylloscopus occipitalis,Western Crowned Warbler,0.6561,psl3,2024,05,18,08
516.0,519.0,Phylloscopus occipitalis,Western Crowned Warbler,0.6277,psl3,2024,05,18,08
525.0,528.0,Phylloscopus occipitalis,Western Crowned Warbler,0.9497,psl3,2024,05,18,08
528.0,531.0,Phylloscopus occipitalis,Western Crowned Warbler,0.7375,psl3,2024,05,18,08
534.0,537.0,Phylloscopus occipitalis,Western Crowned Warbler,0.636,psl3,2024,05,18,08
540.0,543.0,Phylloscopus occipitalis,Western Crowned Warbler,0.8687,psl3,2024,05,18,08
543.0,546.0,Phylloscopus occipitalis,Western Crowned Warbler,0.7836,psl3,2024,05,18,08
549.0,552.0,Phylloscopus occipitalis,Western Crowned Warbler,0.8871,psl3,2024,05,18,08
552.0,555.0,Phylloscopus occipitalis,Western Crowned Warbler,0.8727,psl3,2024,05,18,08
555.0,558.0,Phylloscopus occipitalis,Western Crowned Warbler,0.5794,psl3,2024,05,18,08
558.0,561.0,Phylloscopus occipitalis,Western Crowned Warbler,0.7889,psl3,2024,05,18,08
567.0,570.0,Phylloscopus occipitalis,Western Crowned Warbler,0.8444,psl3,2024,05,18,08
570.0,573.0,Phylloscopus occipitalis,Western Crowned Warbler,0.6676,psl3,2024,05,18,08
573.0,576.0,Phylloscopus occipitalis,Western Crowned Warbler,0.8873,psl3,2024,05,18,08
576.0,579.0,Phylloscopus occipitalis,Western Crowned Warbler,0.9447,psl3,2024,05,18,08
579.0,582.0,Phylloscopus occipitalis,Western Crowned Warbler,0.9962,psl3,2024,05,18,08
579.0,582.0,Protonotaria citrea,Prothonotary Warbler,0.6687,psl3,2024,05,18,08
588.0,591.0,Protonotaria citrea,Prothonotary Warbler,0.7382,psl3,2024,05,18,08
600.0,603.0,Phylloscopus occipitalis,Western Crowned Warbler,0.6824,psl3,2024,05,18,08
603.0,606.0,Protonotaria citrea,Prothonotary Warbler,0.5066,psl3,2024,05,18,08
618.0,621.0,Phylloscopus occipitalis,Western Crowned Warbler,0.579,psl3,2024,05,18,08
621.0,624.0,Phylloscopus occipitalis,Western Crowned Warbler,0.7274,psl3,2024,05,18,08
627.0,630.0,Phylloscopus occipitalis,Western Crowned Warbler,0.8,psl3,2024,05,18,08
636.0,639.0,Phylloscopus occipitalis,Western Crowned Warbler,0.8414,psl3,2024,05,18,08
663.0,666.0,Phylloscopus occipitalis,Western Crowned Warbler,0.586,psl3,2024,05,18,08
678.0,681.0,Protonotaria citrea,Prothonotary Warbler,0.6494,psl3,2024,05,18,08
684.0,687.0,Phylloscopus occipitalis,Western Crowned Warbler,0.8963,psl3,2024,05,18,08
699.0,702.0,Protonotaria citrea,Prothonotary Warbler,0.5448,psl3,2024,05,18,08
726.0,729.0,Phylloscopus occipitalis,Western Crowned Warbler,0.81,psl3,2024,05,18,08
729.0,732.0,Phylloscopus occipitalis,Western Crowned Warbler,0.5584,psl3,2024,05,18,08
744.0,747.0,Phylloscopus occipitalis,Western Crowned Warbler,0.531,psl3,2024,05,18,08
753.0,756.0,Phylloscopus occipitalis,Western Crowned Warbler,0.6504,psl3,2024,05,18,08
762.0,765.0,Phylloscopus occipitalis,Western Crowned Warbler,0.6608,psl3,2024,05,18,08
771.0,774.0,Phylloscopus occipitalis,Western Crowned Warbler,0.7306,psl3,2024,05,18,08
774.0,777.0,Phylloscopus occipitalis,Western Crowned Warbler,0.6361,psl3,2024,05,18,08
780.0,783.0,Phylloscopus occipitalis,Western Crowned Warbler,0.8758,psl3,2024,05,18,08
783.0,786.0,Phylloscopus occipitalis,Western Crowned Warbler,0.7242,psl3,2024,05,18,08
783.0,786.0,Protonotaria citrea,Prothonotary Warbler,0.5114,psl3,2024,05,18,08
789.0,792.0,Phylloscopus occipitalis,Western Crowned Warbler,0.776,psl3,2024,05,18,08
795.0,798.0,Phylloscopus occipitalis,Western Crowned Warbler,0.6346,psl3,2024,05,18,08
804.0,807.0,Phylloscopus occipitalis,Western Crowned Warbler,0.9433,psl3,2024,05,18,08
807.0,810.0,Phylloscopus occipitalis,Western Crowned Warbler,0.8499,psl3,2024,05,18,08
813.0,816.0,Phylloscopus occipitalis,Western Crowned Warbler,0.9862,psl3,2024,05,18,08
822.0,825.0,Phylloscopus occipitalis,Western Crowned Warbler,0.829,psl3,2024,05,18,08
825.0,828.0,Phylloscopus occipitalis,Western Crowned Warbler,0.7363,psl3,2024,05,18,08
834.0,837.0,Phylloscopus occipitalis,Western Crowned Warbler,0.9767,psl3,2024,05,18,08
837.0,840.0,Phylloscopus occipitalis,Western Crowned Warbler,0.9158,psl3,2024,05,18,08
861.0,864.0,Phylloscopus occipitalis,Western Crowned Warbler,0.7571,psl3,2024,05,18,08
873.0,876.0,Protonotaria citrea,Prothonotary Warbler,0.6883,psl3,2024,05,18,08
3.0,6.0,Phylloscopus occipitalis,Western Crowned Warbler,0.9765,psl3,2024,05,18,09
6.0,9.0,Phylloscopus occipitalis,Western Crowned Warbler,0.9391,psl3,2024,05,18,09
15.0,18.0,Phylloscopus occipitalis,Western Crowned Warbler,0.8698,psl3,2024,05,18,09
33.0,36.0,Phylloscopus occipitalis,Western Crowned Warbler,0.8146,psl3,2024,05,18,09
48.0,51.0,Phylloscopus occipitalis,Western Crowned Warbler,0.8672,psl3,2024,05,18,09
63.0,66.0,Phylloscopus occipitalis,Western Crowned Warbler,0.6904,psl3,2024,05,18,09
75.0,78.0,Phylloscopus occipitalis,Western Crowned Warbler,0.935,psl3,2024,05,18,09
78.0,81.0,Phylloscopus occipitalis,Western Crowned Warbler,0.533,psl3,2024,05,18,09
87.0,90.0,Phylloscopus occipitalis,Western Crowned Warbler,0.5093,psl3,2024,05,18,09
102.0,105.0,Tringa ochropus,Green Sandpiper,0.5279,psl3,2024,05,18,09
186.0,189.0,Protonotaria citrea,Prothonotary Warbler,0.5352,psl3,2024,05,18,09
234.0,237.0,Phylloscopus occipitalis,Western Crowned Warbler,0.6715,psl3,2024,05,18,09
273.0,276.0,Phylloscopus occipitalis,Western Crowned Warbler,0.9588,psl3,2024,05,18,09
276.0,279.0,Phylloscopus occipitalis,Western Crowned Warbler,0.7027,psl3,2024,05,18,09
282.0,285.0,Phylloscopus occipitalis,Western Crowned Warbler,0.7702,psl3,2024,05,18,09
315.0,318.0,Phylloscopus occipitalis,Western Crowned Warbler,0.8528,psl3,2024,05,18,09
318.0,321.0,Phylloscopus occipitalis,Western Crowned Warbler,0.5294,psl3,2024,05,18,09
321.0,324.0,Phylloscopus occipitalis,Western Crowned Warbler,0.8263,psl3,2024,05,18,09
324.0,327.0,Phylloscopus occipitalis,Western Crowned Warbler,0.8279,psl3,2024,05,18,09
330.0,333.0,Phylloscopus occipitalis,Western Crowned Warbler,0.7024,psl3,2024,05,18,09
339.0,342.0,Phylloscopus occipitalis,Western Crowned Warbler,0.5377,psl3,2024,05,18,09
345.0,348.0,Phylloscopus occipitalis,Western Crowned Warbler,0.5012,psl3,2024,05,18,09
360.0,363.0,Phylloscopus occipitalis,Western Crowned Warbler,0.9472,psl3,2024,05,18,09
363.0,366.0,Phylloscopus occipitalis,Western Crowned Warbler,0.9009,psl3,2024,05,18,09
366.0,369.0,Phylloscopus occipitalis,Western Crowned Warbler,0.6035,psl3,2024,05,18,09
369.0,372.0,Phylloscopus occipitalis,Western Crowned Warbler,0.8523,psl3,2024,05,18,09
372.0,375.0,Phylloscopus occipitalis,Western Crowned Warbler,0.8995,psl3,2024,05,18,09
375.0,378.0,Phylloscopus occipitalis,Western Crowned Warbler,0.6148,psl3,2024,05,18,09
378.0,381.0,Phylloscopus occipitalis,Western Crowned Warbler,0.9306,psl3,2024,05,18,09
384.0,387.0,Phylloscopus occipitalis,Western Crowned Warbler,0.7206,psl3,2024,05,18,09
387.0,390.0,Phylloscopus occipitalis,Western Crowned Warbler,0.9121,psl3,2024,05,18,09
393.0,396.0,Phylloscopus occipitalis,Western Crowned Warbler,0.9432,psl3,2024,05,18,09
399.0,402.0,Phylloscopus occipitalis,Western Crowned Warbler,0.9911,psl3,2024,05,18,09
408.0,411.0,Phylloscopus occipitalis,Western Crowned Warbler,0.994,psl3,2024,05,18,09
414.0,417.0,Phylloscopus occipitalis,Western Crowned Warbler,0.9499,psl3,2024,05,18,09
417.0,420.0,Phylloscopus occipitalis,Western Crowned Warbler,0.9808,psl3,2024,05,18,09
426.0,429.0,Phylloscopus occipitalis,Western Crowned Warbler,0.9198,psl3,2024,05,18,09
432.0,435.0,Leiothlypis celata,Orange-crowned Warbler,0.6263,psl3,2024,05,18,09
438.0,441.0,Phylloscopus occipitalis,Western Crowned Warbler,0.6154,psl3,2024,05,18,09
441.0,444.0,Phylloscopus occipitalis,Western Crowned Warbler,0.9836,psl3,2024,05,18,09
444.0,447.0,Phylloscopus occipitalis,Western Crowned Warbler,0.8918,psl3,2024,05,18,09
450.0,453.0,Phylloscopus occipitalis,Western Crowned Warbler,0.9422,psl3,2024,05,18,09
453.0,456.0,Phylloscopus occipitalis,Western Crowned Warbler,0.9541,psl3,2024,05,18,09
456.0,459.0,Phylloscopus occipitalis,Western Crowned Warbler,0.732,psl3,2024,05,18,09
459.0,462.0,Phylloscopus occipitalis,Western Crowned Warbler,0.9635,psl3,2024,05,18,09
462.0,465.0,Phylloscopus occipitalis,Western Crowned Warbler,0.9953,psl3,2024,05,18,09
465.0,468.0,Phylloscopus occipitalis,Western Crowned Warbler,0.9665,psl3,2024,05,18,09
471.0,474.0,Phylloscopus occipitalis,Western Crowned Warbler,0.9754,psl3,2024,05,18,09
474.0,477.0,Phylloscopus occipitalis,Western Crowned Warbler,0.9896,psl3,2024,05,18,09
477.0,480.0,Phylloscopus occipitalis,Western Crowned Warbler,0.9886,psl3,2024,05,18,09
480.0,483.0,Phylloscopus occipitalis,Western Crowned Warbler,0.9701,psl3,2024,05,18,09
486.0,489.0,Phylloscopus occipitalis,Western Crowned Warbler,0.9798,psl3,2024,05,18,09
489.0,492.0,Phylloscopus occipitalis,Western Crowned Warbler,0.6132,psl3,2024,05,18,09
501.0,504.0,Amphispiza bilineata,Black-throated Sparrow,0.9395,psl3,2024,05,18,09
504.0,507.0,Phylloscopus occipitalis,Western Crowned Warbler,0.9159,psl3,2024,05,18,09
516.0,519.0,Phylloscopus occipitalis,Western Crowned Warbler,0.9118,psl3,2024,05,18,09
522.0,525.0,Phylloscopus occipitalis,Western Crowned Warbler,0.7525,psl3,2024,05,18,09
531.0,534.0,Phylloscopus occipitalis,Western Crowned Warbler,0.9932,psl3,2024,05,18,09
534.0,537.0,Phylloscopus occipitalis,Western Crowned Warbler,0.6172,psl3,2024,05,18,09
537.0,540.0,Phylloscopus occipitalis,Western Crowned Warbler,0.7053,psl3,2024,05,18,09
540.0,543.0,Phylloscopus occipitalis,Western Crowned Warbler,0.9822,psl3,2024,05,18,09
543.0,546.0,Phylloscopus occipitalis,Western Crowned Warbler,0.9415,psl3,2024,05,18,09
555.0,558.0,Phylloscopus occipitalis,Western Crowned Warbler,0.8128,psl3,2024,05,18,09
558.0,561.0,Phylloscopus occipitalis,Western Crowned Warbler,0.7676,psl3,2024,05,18,09
561.0,564.0,Phylloscopus occipitalis,Western Crowned Warbler,0.9001,psl3,2024,05,18,09
567.0,570.0,Phylloscopus occipitalis,Western Crowned Warbler,0.799,psl3,2024,05,18,09
567.0,570.0,Protonotaria citrea,Prothonotary Warbler,0.5209,psl3,2024,05,18,09
570.0,573.0,Phylloscopus occipitalis,Western Crowned Warbler,0.9991,psl3,2024,05,18,09
573.0,576.0,Phylloscopus occipitalis,Western Crowned Warbler,0.9943,psl3,2024,05,18,09
573.0,576.0,Phylloscopus reguloides,Blyth's Leaf Warbler,0.5937,psl3,2024,05,18,09
582.0,585.0,Phylloscopus occipitalis,Western Crowned Warbler,0.6947,psl3,2024,05,18,09
585.0,588.0,Phylloscopus occipitalis,Western Crowned Warbler,0.8066,psl3,2024,05,18,09
588.0,591.0,Phylloscopus occipitalis,Western Crowned Warbler,0.9751,psl3,2024,05,18,09
591.0,594.0,Phylloscopus occipitalis,Western Crowned Warbler,0.7879,psl3,2024,05,18,09
594.0,597.0,Phylloscopus occipitalis,Western Crowned Warbler,0.9931,psl3,2024,05,18,09
597.0,600.0,Phylloscopus occipitalis,Western Crowned Warbler,0.9906,psl3,2024,05,18,09
603.0,606.0,Phylloscopus occipitalis,Western Crowned Warbler,0.5461,psl3,2024,05,18,09
606.0,609.0,Phylloscopus occipitalis,Western Crowned Warbler,0.7342,psl3,2024,05,18,09
612.0,615.0,Phylloscopus occipitalis,Western Crowned Warbler,0.9781,psl3,2024,05,18,09
618.0,621.0,Phylloscopus occipitalis,Western Crowned Warbler,0.9801,psl3,2024,05,18,09
621.0,624.0,Phylloscopus occipitalis,Western Crowned Warbler,0.974,psl3,2024,05,18,09
624.0,627.0,Phylloscopus occipitalis,Western Crowned Warbler,0.9246,psl3,2024,05,18,09
630.0,633.0,Phylloscopus occipitalis,Western Crowned Warbler,0.8819,psl3,2024,05,18,09
645.0,648.0,Phylloscopus occipitalis,Western Crowned Warbler,0.9937,psl3,2024,05,18,09
648.0,651.0,Phylloscopus occipitalis,Western Crowned Warbler,0.7578,psl3,2024,05,18,09
654.0,657.0,Phylloscopus occipitalis,Western Crowned Warbler,0.9982,psl3,2024,05,18,09
657.0,660.0,Phylloscopus occipitalis,Western Crowned Warbler,0.5949,psl3,2024,05,18,09
663.0,666.0,Phylloscopus occipitalis,Western Crowned Warbler,0.9863,psl3,2024,05,18,09
669.0,672.0,Phylloscopus occipitalis,Western Crowned Warbler,0.7585,psl3,2024,05,18,09
672.0,675.0,Phylloscopus occipitalis,Western Crowned Warbler,0.921,psl3,2024,05,18,09
681.0,684.0,Phylloscopus occipitalis,Western Crowned Warbler,0.9041,psl3,2024,05,18,09
684.0,687.0,Phylloscopus occipitalis,Western Crowned Warbler,0.5854,psl3,2024,05,18,09
693.0,696.0,Phylloscopus occipitalis,Western Crowned Warbler,0.6364,psl3,2024,05,18,09
699.0,702.0,Phylloscopus occipitalis,Western Crowned Warbler,0.7499,psl3,2024,05,18,09
702.0,705.0,Phylloscopus occipitalis,Western Crowned Warbler,0.746,psl3,2024,05,18,09
705.0,708.0,Phylloscopus occipitalis,Western Crowned Warbler,0.898,psl3,2024,05,18,09
708.0,711.0,Phylloscopus occipitalis,Western Crowned Warbler,0.8199,psl3,2024,05,18,09
714.0,717.0,Phylloscopus occipitalis,Western Crowned Warbler,0.9541,psl3,2024,05,18,09
717.0,720.0,Phylloscopus occipitalis,Western Crowned Warbler,0.816,psl3,2024,05,18,09
720.0,723.0,Phylloscopus occipitalis,Western Crowned Warbler,0.7572,psl3,2024,05,18,09
723.0,726.0,Phylloscopus occipitalis,Western Crowned Warbler,0.5785,psl3,2024,05,18,09
726.0,729.0,Phylloscopus occipitalis,Western Crowned Warbler,0.5725,psl3,2024,05,18,09
729.0,732.0,Phylloscopus occipitalis,Western Crowned Warbler,0.7284,psl3,2024,05,18,09
732.0,735.0,Phylloscopus occipitalis,Western Crowned Warbler,0.8362,psl3,2024,05,18,09
735.0,738.0,Phylloscopus occipitalis,Western Crowned Warbler,0.7838,psl3,2024,05,18,09
738.0,741.0,Phylloscopus occipitalis,Western Crowned Warbler,0.9596,psl3,2024,05,18,09
744.0,747.0,Phylloscopus occipitalis,Western Crowned Warbler,0.873,psl3,2024,05,18,09
747.0,750.0,Phylloscopus occipitalis,Western Crowned Warbler,0.8943,psl3,2024,05,18,09
750.0,753.0,Phylloscopus occipitalis,Western Crowned Warbler,0.8502,psl3,2024,05,18,09
756.0,759.0,Phylloscopus occipitalis,Western Crowned Warbler,0.5371,psl3,2024,05,18,09
759.0,762.0,Phylloscopus occipitalis,Western Crowned Warbler,0.5613,psl3,2024,05,18,09
771.0,774.0,Phylloscopus occipitalis,Western Crowned Warbler,0.5934,psl3,2024,05,18,09
840.0,843.0,Phylloscopus humei,Hume's Warbler,0.615,psl3,2024,05,18,09
9.0,12.0,Phylloscopus occipitalis,Western Crowned Warbler,0.776,psl3,2024,05,19,06
45.0,48.0,Phylloscopus nitidus,Green Warbler,0.631,psl3,2024,05,19,06
54.0,57.0,Phylloscopus occipitalis,Western Crowned Warbler,0.8644,psl3,2024,05,19,06
198.0,201.0,Protonotaria citrea,Prothonotary Warbler,0.5347,psl3,2024,05,19,06
201.0,204.0,Protonotaria citrea,Prothonotary Warbler,0.688,psl3,2024,05,19,06
216.0,219.0,Protonotaria citrea,Prothonotary Warbler,0.5718,psl3,2024,05,19,06
270.0,273.0,Protonotaria citrea,Prothonotary Warbler,0.5828,psl3,2024,05,19,06
309.0,312.0,Phylloscopus occipitalis,Western Crowned Warbler,0.659,psl3,2024,05,19,06
315.0,318.0,Phylloscopus occipitalis,Western Crowned Warbler,0.6295,psl3,2024,05,19,06
339.0,342.0,Phylloscopus occipitalis,Western Crowned Warbler,0.858,psl3,2024,05,19,06
348.0,351.0,Protonotaria citrea,Prothonotary Warbler,0.7853,psl3,2024,05,19,06
351.0,354.0,Protonotaria citrea,Prothonotary Warbler,0.5925,psl3,2024,05,19,06
357.0,360.0,Protonotaria citrea,Prothonotary Warbler,0.7719,psl3,2024,05,19,06
366.0,369.0,Protonotaria citrea,Prothonotary Warbler,0.8108,psl3,2024,05,19,06
381.0,384.0,Phylloscopus occipitalis,Western Crowned Warbler,0.7327,psl3,2024,05,19,06
390.0,393.0,Phylloscopus occipitalis,Western Crowned Warbler,0.8038,psl3,2024,05,19,06
399.0,402.0,Phylloscopus occipitalis,Western Crowned Warbler,0.5099,psl3,2024,05,19,06
399.0,402.0,Protonotaria citrea,Prothonotary Warbler,0.5042,psl3,2024,05,19,06
417.0,420.0,Phylloscopus occipitalis,Western Crowned Warbler,0.8174,psl3,2024,05,19,06
456.0,459.0,Protonotaria citrea,Prothonotary Warbler,0.6667,psl3,2024,05,19,06
474.0,477.0,Myophonus caeruleus,Blue Whistling-Thrush,0.7523,psl3,2024,05,19,06
477.0,480.0,Myophonus caeruleus,Blue Whistling-Thrush,0.5974,psl3,2024,05,19,06
510.0,513.0,Phylloscopus occipitalis,Western Crowned Warbler,0.9144,psl3,2024,05,19,06
516.0,519.0,Phylloscopus occipitalis,Western Crowned Warbler,0.7366,psl3,2024,05,19,06
519.0,522.0,Phylloscopus occipitalis,Western Crowned Warbler,0.7172,psl3,2024,05,19,06
522.0,525.0,Phylloscopus occipitalis,Western Crowned Warbler,0.8838,psl3,2024,05,19,06
525.0,528.0,Phylloscopus occipitalis,Western Crowned Warbler,0.9034,psl3,2024,05,19,06
528.0,531.0,Phylloscopus occipitalis,Western Crowned Warbler,0.5765,psl3,2024,05,19,06
531.0,534.0,Phylloscopus occipitalis,Western Crowned Warbler,0.8459,psl3,2024,05,19,06
537.0,540.0,Phylloscopus occipitalis,Western Crowned Warbler,0.9802,psl3,2024,05,19,06
543.0,546.0,Phylloscopus occipitalis,Western Crowned Warbler,0.847,psl3,2024,05,19,06
549.0,552.0,Phylloscopus occipitalis,Western Crowned Warbler,0.92,psl3,2024,05,19,06
552.0,555.0,Phylloscopus occipitalis,Western Crowned Warbler,0.6165,psl3,2024,05,19,06
555.0,558.0,Phylloscopus occipitalis,Western Crowned Warbler,0.714,psl3,2024,05,19,06
558.0,561.0,Phylloscopus occipitalis,Western Crowned Warbler,0.525,psl3,2024,05,19,06
564.0,567.0,Phylloscopus occipitalis,Western Crowned Warbler,0.832,psl3,2024,05,19,06
570.0,573.0,Phylloscopus occipitalis,Western Crowned Warbler,0.9673,psl3,2024,05,19,06
576.0,579.0,Phylloscopus occipitalis,Western Crowned Warbler,0.8496,psl3,2024,05,19,06
585.0,588.0,Phylloscopus occipitalis,Western Crowned Warbler,0.5494,psl3,2024,05,19,06
588.0,591.0,Phylloscopus occipitalis,Western Crowned Warbler,0.9806,psl3,2024,05,19,06
591.0,594.0,Phylloscopus occipitalis,Western Crowned Warbler,0.6158,psl3,2024,05,19,06
594.0,597.0,Phylloscopus occipitalis,Western Crowned Warbler,0.8897,psl3,2024,05,19,06
597.0,600.0,Phylloscopus occipitalis,Western Crowned Warbler,0.7843,psl3,2024,05,19,06
600.0,603.0,Phylloscopus occipitalis,Western Crowned Warbler,0.8753,psl3,2024,05,19,06
603.0,606.0,Phylloscopus occipitalis,Western Crowned Warbler,0.8013,psl3,2024,05,19,06
606.0,609.0,Phylloscopus occipitalis,Western Crowned Warbler,0.9511,psl3,2024,05,19,06
615.0,618.0,Phylloscopus occipitalis,Western Crowned Warbler,0.9166,psl3,2024,05,19,06
621.0,624.0,Phylloscopus occipitalis,Western Crowned Warbler,0.9664,psl3,2024,05,19,06
627.0,630.0,Phylloscopus occipitalis,Western Crowned Warbler,0.7406,psl3,2024,05,19,06
630.0,633.0,Phylloscopus occipitalis,Western Crowned Warbler,0.9225,psl3,2024,05,19,06
639.0,642.0,Protonotaria citrea,Prothonotary Warbler,0.7518,psl3,2024,05,19,06
648.0,651.0,Protonotaria citrea,Prothonotary Warbler,0.9389,psl3,2024,05,19,06
654.0,657.0,Protonotaria citrea,Prothonotary Warbler,0.8054,psl3,2024,05,19,06
657.0,660.0,Phylloscopus occipitalis,Western Crowned Warbler,0.8266,psl3,2024,05,19,06
663.0,666.0,Phylloscopus occipitalis,Western Crowned Warbler,0.9318,psl3,2024,05,19,06
672.0,675.0,Protonotaria citrea,Prothonotary Warbler,0.6877,psl3,2024,05,19,06
699.0,702.0,Phylloscopus occipitalis,Western Crowned Warbler,0.857,psl3,2024,05,19,06
705.0,708.0,Phylloscopus occipitalis,Western Crowned Warbler,0.5877,psl3,2024,05,19,06
711.0,714.0,Protonotaria citrea,Prothonotary Warbler,0.6279,psl3,2024,05,19,06
723.0,726.0,Protonotaria citrea,Prothonotary Warbler,0.6843,psl3,2024,05,19,06
780.0,783.0,Phylloscopus occipitalis,Western Crowned Warbler,0.7675,psl3,2024,05,19,06
783.0,786.0,Phylloscopus occipitalis,Western Crowned Warbler,0.6131,psl3,2024,05,19,06
789.0,792.0,Phylloscopus occipitalis,Western Crowned Warbler,0.713,psl3,2024,05,19,06
798.0,801.0,Phylloscopus occipitalis,Western Crowned Warbler,0.5531,psl3,2024,05,19,06
801.0,804.0,Phylloscopus occipitalis,Western Crowned Warbler,0.8119,psl3,2024,05,19,06
804.0,807.0,Phylloscopus occipitalis,Western Crowned Warbler,0.8142,psl3,2024,05,19,06
807.0,810.0,Phylloscopus occipitalis,Western Crowned Warbler,0.6764,psl3,2024,05,19,06
810.0,813.0,Phylloscopus occipitalis,Western Crowned Warbler,0.6037,psl3,2024,05,19,06
813.0,816.0,Phylloscopus occipitalis,Western Crowned Warbler,0.8163,psl3,2024,05,19,06
813.0,816.0,Protonotaria citrea,Prothonotary Warbler,0.6165,psl3,2024,05,19,06
816.0,819.0,Phylloscopus occipitalis,Western Crowned Warbler,0.7257,psl3,2024,05,19,06
822.0,825.0,Phylloscopus occipitalis,Western Crowned Warbler,0.5395,psl3,2024,05,19,06
834.0,837.0,Phylloscopus occipitalis,Western Crowned Warbler,0.8375,psl3,2024,05,19,06
843.0,846.0,Phylloscopus occipitalis,Western Crowned Warbler,0.7036,psl3,2024,05,19,06
858.0,861.0,Phylloscopus occipitalis,Western Crowned Warbler,0.9009,psl3,2024,05,19,06
867.0,870.0,Phylloscopus occipitalis,Western Crowned Warbler,0.7944,psl3,2024,05,19,06
873.0,876.0,Phylloscopus occipitalis,Western Crowned Warbler,0.9863,psl3,2024,05,19,06
876.0,879.0,Phylloscopus occipitalis,Western Crowned Warbler,0.6516,psl3,2024,05,19,06
879.0,882.0,Phylloscopus occipitalis,Western Crowned Warbler,0.9539,psl3,2024,05,19,06
882.0,885.0,Phylloscopus occipitalis,Western Crowned Warbler,0.9839,psl3,2024,05,19,06
885.0,888.0,Phylloscopus occipitalis,Western Crowned Warbler,0.984,psl3,2024,05,19,06
888.0,891.0,Phylloscopus occipitalis,Western Crowned Warbler,0.909,psl3,2024,05,19,06
891.0,894.0,Phylloscopus occipitalis,Western Crowned Warbler,0.8802,psl3,2024,05,19,06
897.0,900.0,Phylloscopus occipitalis,Western Crowned Warbler,0.9696,psl3,2024,05,19,06
3.0,6.0,Phylloscopus occipitalis,Western Crowned Warbler,0.9025,psl3,2024,05,19,07
6.0,9.0,Phylloscopus occipitalis,Western Crowned Warbler,0.9725,psl3,2024,05,19,07
9.0,12.0,Phylloscopus occipitalis,Western Crowned Warbler,0.9404,psl3,2024,05,19,07
12.0,15.0,Phylloscopus occipitalis,Western Crowned Warbler,0.9644,psl3,2024,05,19,07
15.0,18.0,Phylloscopus occipitalis,Western Crowned Warbler,0.9591,psl3,2024,05,19,07
18.0,21.0,Phylloscopus occipitalis,Western Crowned Warbler,0.9666,psl3,2024,05,19,07
24.0,27.0,Phylloscopus occipitalis,Western Crowned Warbler,0.9828,psl3,2024,05,19,07
30.0,33.0,Phylloscopus occipitalis,Western Crowned Warbler,0.9788,psl3,2024,05,19,07
39.0,42.0,Phylloscopus occipitalis,Western Crowned Warbler,0.9572,psl3,2024,05,19,07
45.0,48.0,Phylloscopus occipitalis,Western Crowned Warbler,0.9464,psl3,2024,05,19,07
48.0,51.0,Phylloscopus occipitalis,Western Crowned Warbler,0.5364,psl3,2024,05,19,07
51.0,54.0,Phylloscopus occipitalis,Western Crowned Warbler,0.9648,psl3,2024,05,19,07
54.0,57.0,Phylloscopus occipitalis,Western Crowned Warbler,0.9339,psl3,2024,05,19,07
57.0,60.0,Phylloscopus occipitalis,Western Crowned Warbler,0.973,psl3,2024,05,19,07
60.0,63.0,Phylloscopus occipitalis,Western Crowned Warbler,0.9526,psl3,2024,05,19,07
63.0,66.0,Phylloscopus occipitalis,Western Crowned Warbler,0.6027,psl3,2024,05,19,07
66.0,69.0,Phylloscopus occipitalis,Western Crowned Warbler,0.971,psl3,2024,05,19,07
69.0,72.0,Phylloscopus occipitalis,Western Crowned Warbler,0.914,psl3,2024,05,19,07
72.0,75.0,Phylloscopus occipitalis,Western Crowned Warbler,0.995,psl3,2024,05,19,07
75.0,78.0,Phylloscopus occipitalis,Western Crowned Warbler,0.9108,psl3,2024,05,19,07
78.0,81.0,Phylloscopus occipitalis,Western Crowned Warbler,0.9256,psl3,2024,05,19,07
84.0,87.0,Phylloscopus occipitalis,Western Crowned Warbler,0.9231,psl3,2024,05,19,07
87.0,90.0,Phylloscopus occipitalis,Western Crowned Warbler,0.9839,psl3,2024,05,19,07
90.0,93.0,Phylloscopus occipitalis,Western Crowned Warbler,0.9601,psl3,2024,05,19,07
93.0,96.0,Phylloscopus occipitalis,Western Crowned Warbler,0.9924,psl3,2024,05,19,07
96.0,99.0,Phylloscopus occipitalis,Western Crowned Warbler,0.9821,psl3,2024,05,19,07
99.0,102.0,Phylloscopus occipitalis,Western Crowned Warbler,0.9665,psl3,2024,05,19,07
102.0,105.0,Phylloscopus occipitalis,Western Crowned Warbler,0.9781,psl3,2024,05,19,07
105.0,108.0,Phylloscopus occipitalis,Western Crowned Warbler,0.9935,psl3,2024,05,19,07
108.0,111.0,Phylloscopus occipitalis,Western Crowned Warbler,0.9876,psl3,2024,05,19,07
111.0,114.0,Phylloscopus occipitalis,Western Crowned Warbler,0.6119,psl3,2024,05,19,07
114.0,117.0,Phylloscopus occipitalis,Western Crowned Warbler,0.9509,psl3,2024,05,19,07
117.0,120.0,Phylloscopus occipitalis,Western Crowned Warbler,0.9564,psl3,2024,05,19,07
120.0,123.0,Phylloscopus occipitalis,Western Crowned Warbler,0.9527,psl3,2024,05,19,07
123.0,126.0,Phylloscopus occipitalis,Western Crowned Warbler,0.775,psl3,2024,05,19,07
126.0,129.0,Phylloscopus occipitalis,Western Crowned Warbler,0.95,psl3,2024,05,19,07
129.0,132.0,Phylloscopus occipitalis,Western Crowned Warbler,0.6153,psl3,2024,05,19,07
138.0,141.0,Phylloscopus occipitalis,Western Crowned Warbler,0.9575,psl3,2024,05,19,07
141.0,144.0,Phylloscopus occipitalis,Western Crowned Warbler,0.8185,psl3,2024,05,19,07
144.0,147.0,Phylloscopus occipitalis,Western Crowned Warbler,0.8814,psl3,2024,05,19,07
147.0,150.0,Phylloscopus occipitalis,Western Crowned Warbler,0.7485,psl3,2024,05,19,07
150.0,153.0,Phylloscopus occipitalis,Western Crowned Warbler,0.8522,psl3,2024,05,19,07
153.0,156.0,Phylloscopus occipitalis,Western Crowned Warbler,0.5905,psl3,2024,05,19,07
162.0,165.0,Phylloscopus occipitalis,Western Crowned Warbler,0.7317,psl3,2024,05,19,07
168.0,171.0,Phylloscopus occipitalis,Western Crowned Warbler,0.9452,psl3,2024,05,19,07
171.0,174.0,Phylloscopus occipitalis,Western Crowned Warbler,0.6454,psl3,2024,05,19,07
186.0,189.0,Phylloscopus occipitalis,Western Crowned Warbler,0.9112,psl3,2024,05,19,07
195.0,198.0,Phylloscopus occipitalis,Western Crowned Warbler,0.8835,psl3,2024,05,19,07
198.0,201.0,Phylloscopus occipitalis,Western Crowned Warbler,0.7164,psl3,2024,05,19,07
204.0,207.0,Phylloscopus occipitalis,Western Crowned Warbler,0.8664,psl3,2024,05,19,07
207.0,210.0,Protonotaria citrea,Prothonotary Warbler,0.7384,psl3,2024,05,19,07
216.0,219.0,Phylloscopus occipitalis,Western Crowned Warbler,0.7649,psl3,2024,05,19,07
219.0,222.0,Phylloscopus tytleri,Tytler's Leaf Warbler,0.6972,psl3,2024,05,19,07
225.0,228.0,Phylloscopus occipitalis,Western Crowned Warbler,0.7787,psl3,2024,05,19,07
237.0,240.0,Phylloscopus occipitalis,Western Crowned Warbler,0.8824,psl3,2024,05,19,07
249.0,252.0,Phylloscopus nitidus,Green Warbler,0.7907,psl3,2024,05,19,07
252.0,255.0,Phylloscopus occipitalis,Western Crowned Warbler,0.8761,psl3,2024,05,19,07
255.0,258.0,Protonotaria citrea,Prothonotary Warbler,0.8148,psl3,2024,05,19,07
258.0,261.0,Phylloscopus nitidus,Green Warbler,0.5342,psl3,2024,05,19,07
264.0,267.0,Phylloscopus occipitalis,Western Crowned Warbler,0.8134,psl3,2024,05,19,07
264.0,267.0,Atlapetes fuscoolivaceus,Dusky-headed Brushfinch,0.5805,psl3,2024,05,19,07
273.0,276.0,Phylloscopus occipitalis,Western Crowned Warbler,0.9591,psl3,2024,05,19,07
282.0,285.0,Phylloscopus occipitalis,Western Crowned Warbler,0.8891,psl3,2024,05,19,07
285.0,288.0,Phylloscopus occipitalis,Western Crowned Warbler,0.868,psl3,2024,05,19,07
291.0,294.0,Phylloscopus occipitalis,Western Crowned Warbler,0.8997,psl3,2024,05,19,07
303.0,306.0,Phylloscopus occipitalis,Western Crowned Warbler,0.7807,psl3,2024,05,19,07
312.0,315.0,Phylloscopus occipitalis,Western Crowned Warbler,0.8276,psl3,2024,05,19,07
318.0,321.0,Phylloscopus occipitalis,Western Crowned Warbler,0.8917,psl3,2024,05,19,07
327.0,330.0,Phylloscopus occipitalis,Western Crowned Warbler,0.9817,psl3,2024,05,19,07
336.0,339.0,Phylloscopus occipitalis,Western Crowned Warbler,0.8972,psl3,2024,05,19,07
345.0,348.0,Phylloscopus occipitalis,Western Crowned Warbler,0.9755,psl3,2024,05,19,07
348.0,351.0,Phylloscopus occipitalis,Western Crowned Warbler,0.912,psl3,2024,05,19,07
354.0,357.0,Phylloscopus occipitalis,Western Crowned Warbler,0.5873,psl3,2024,05,19,07
360.0,363.0,Phylloscopus occipitalis,Western Crowned Warbler,0.966,psl3,2024,05,19,07
369.0,372.0,Phylloscopus occipitalis,Western Crowned Warbler,0.8644,psl3,2024,05,19,07
372.0,375.0,Phylloscopus occipitalis,Western Crowned Warbler,0.6675,psl3,2024,05,19,07
378.0,381.0,Phylloscopus occipitalis,Western Crowned Warbler,0.8562,psl3,2024,05,19,07
393.0,396.0,Phylloscopus occipitalis,Western Crowned Warbler,0.9694,psl3,2024,05,19,07
402.0,405.0,Phylloscopus occipitalis,Western Crowned Warbler,0.9078,psl3,2024,05,19,07
411.0,414.0,Phylloscopus occipitalis,Western Crowned Warbler,0.9372,psl3,2024,05,19,07
420.0,423.0,Phylloscopus occipitalis,Western Crowned Warbler,0.9645,psl3,2024,05,19,07
429.0,432.0,Phylloscopus occipitalis,Western Crowned Warbler,0.9879,psl3,2024,05,19,07
438.0,441.0,Phylloscopus occipitalis,Western Crowned Warbler,0.9571,psl3,2024,05,19,07
444.0,447.0,Phylloscopus occipitalis,Western Crowned Warbler,0.7062,psl3,2024,05,19,07
453.0,456.0,Phylloscopus occipitalis,Western Crowned Warbler,0.904,psl3,2024,05,19,07
462.0,465.0,Phylloscopus occipitalis,Western Crowned Warbler,0.9412,psl3,2024,05,19,07
474.0,477.0,Phylloscopus occipitalis,Western Crowned Warbler,0.66,psl3,2024,05,19,07
480.0,483.0,Phylloscopus occipitalis,Western Crowned Warbler,0.6184,psl3,2024,05,19,07
507.0,510.0,Protonotaria citrea,Prothonotary Warbler,0.6117,psl3,2024,05,19,07
510.0,513.0,Protonotaria citrea,Prothonotary Warbler,0.8902,psl3,2024,05,19,07
516.0,519.0,Protonotaria citrea,Prothonotary Warbler,0.9161,psl3,2024,05,19,07
525.0,528.0,Protonotaria citrea,Prothonotary Warbler,0.8406,psl3,2024,05,19,07
534.0,537.0,Phylloscopus occipitalis,Western Crowned Warbler,0.5153,psl3,2024,05,19,07
570.0,573.0,Protonotaria citrea,Prothonotary Warbler,0.8754,psl3,2024,05,19,07
600.0,603.0,Phylloscopus occipitalis,Western Crowned Warbler,0.9023,psl3,2024,05,19,07
777.0,780.0,Tarsiger rufilatus,Himalayan Bluetail,0.6168,psl3,2024,05,19,07
786.0,789.0,Protonotaria citrea,Prothonotary Warbler,0.6703,psl3,2024,05,19,07
198.0,201.0,Protonotaria citrea,Prothonotary Warbler,0.803,psl3,2024,05,19,08
207.0,210.0,Protonotaria citrea,Prothonotary Warbler,0.8896,psl3,2024,05,19,08
330.0,333.0,Protonotaria citrea,Prothonotary Warbler,0.742,psl3,2024,05,19,08
372.0,375.0,Phylloscopus occipitalis,Western Crowned Warbler,0.7925,psl3,2024,05,19,08
378.0,381.0,Phylloscopus occipitalis,Western Crowned Warbler,0.763,psl3,2024,05,19,08
378.0,381.0,Protonotaria citrea,Prothonotary Warbler,0.5923,psl3,2024,05,19,08
381.0,384.0,Protonotaria citrea,Prothonotary Warbler,0.7688,psl3,2024,05,19,08
384.0,387.0,Phylloscopus occipitalis,Western Crowned Warbler,0.5889,psl3,2024,05,19,08
387.0,390.0,Phylloscopus occipitalis,Western Crowned Warbler,0.9812,psl3,2024,05,19,08
396.0,399.0,Phylloscopus occipitalis,Western Crowned Warbler,0.8884,psl3,2024,05,19,08
402.0,405.0,Phylloscopus occipitalis,Western Crowned Warbler,0.9419,psl3,2024,05,19,08
414.0,417.0,Phylloscopus occipitalis,Western Crowned Warbler,0.8509,psl3,2024,05,19,08
420.0,423.0,Phylloscopus occipitalis,Western Crowned Warbler,0.9802,psl3,2024,05,19,08
423.0,426.0,Phylloscopus occipitalis,Western Crowned Warbler,0.7966,psl3,2024,05,19,08
429.0,432.0,Phylloscopus occipitalis,Western Crowned Warbler,0.9697,psl3,2024,05,19,08
435.0,438.0,Phylloscopus occipitalis,Western Crowned Warbler,0.9847,psl3,2024,05,19,08
438.0,441.0,Phylloscopus occipitalis,Western Crowned Warbler,0.6129,psl3,2024,05,19,08
441.0,444.0,Phylloscopus occipitalis,Western Crowned Warbler,0.9607,psl3,2024,05,19,08
447.0,450.0,Phylloscopus occipitalis,Western Crowned Warbler,0.9716,psl3,2024,05,19,08
453.0,456.0,Phylloscopus occipitalis,Western Crowned Warbler,0.6704,psl3,2024,05,19,08
456.0,459.0,Phylloscopus occipitalis,Western Crowned Warbler,0.8679,psl3,2024,05,19,08
459.0,462.0,Phylloscopus occipitalis,Western Crowned Warbler,0.851,psl3,2024,05,19,08
462.0,465.0,Phylloscopus occipitalis,Western Crowned Warbler,0.8889,psl3,2024,05,19,08
471.0,474.0,Phylloscopus occipitalis,Western Crowned Warbler,0.8296,psl3,2024,05,19,08
477.0,480.0,Phylloscopus occipitalis,Western Crowned Warbler,0.8219,psl3,2024,05,19,08
480.0,483.0,Phylloscopus occipitalis,Western Crowned Warbler,0.9707,psl3,2024,05,19,08
483.0,486.0,Phylloscopus occipitalis,Western Crowned Warbler,0.9745,psl3,2024,05,19,08
486.0,489.0,Phylloscopus occipitalis,Western Crowned Warbler,0.9966,psl3,2024,05,19,08
489.0,492.0,Phylloscopus occipitalis,Western Crowned Warbler,0.7929,psl3,2024,05,19,08
492.0,495.0,Phylloscopus occipitalis,Western Crowned Warbler,0.9755,psl3,2024,05,19,08
495.0,498.0,Phylloscopus occipitalis,Western Crowned Warbler,0.8888,psl3,2024,05,19,08
498.0,501.0,Phylloscopus occipitalis,Western Crowned Warbler,0.9484,psl3,2024,05,19,08
501.0,504.0,Phylloscopus occipitalis,Western Crowned Warbler,0.941,psl3,2024,05,19,08
504.0,507.0,Phylloscopus occipitalis,Western Crowned Warbler,0.9226,psl3,2024,05,19,08
507.0,510.0,Phylloscopus occipitalis,Western Crowned Warbler,0.5274,psl3,2024,05,19,08
513.0,516.0,Phylloscopus occipitalis,Western Crowned Warbler,0.9406,psl3,2024,05,19,08
522.0,525.0,Phylloscopus occipitalis,Western Crowned Warbler,0.6132,psl3,2024,05,19,08
528.0,531.0,Phylloscopus occipitalis,Western Crowned Warbler,0.924,psl3,2024,05,19,08
537.0,540.0,Phylloscopus occipitalis,Western Crowned Warbler,0.9298,psl3,2024,05,19,08
543.0,546.0,Phylloscopus occipitalis,Western Crowned Warbler,0.9208,psl3,2024,05,19,08
546.0,549.0,Protonotaria citrea,Prothonotary Warbler,0.7168,psl3,2024,05,19,08
546.0,549.0,Phylloscopus occipitalis,Western Crowned Warbler,0.6282,psl3,2024,05,19,08
552.0,555.0,Phylloscopus occipitalis,Western Crowned Warbler,0.8544,psl3,2024,05,19,08
561.0,564.0,Phylloscopus occipitalis,Western Crowned Warbler,0.8082,psl3,2024,05,19,08
573.0,576.0,Phylloscopus occipitalis,Western Crowned Warbler,0.6283,psl3,2024,05,19,08
579.0,582.0,Protonotaria citrea,Prothonotary Warbler,0.584,psl3,2024,05,19,08
582.0,585.0,Protonotaria citrea,Prothonotary Warbler,0.7763,psl3,2024,05,19,08
588.0,591.0,Phylloscopus occipitalis,Western Crowned Warbler,0.9331,psl3,2024,05,19,08
591.0,594.0,Phylloscopus occipitalis,Western Crowned Warbler,0.7495,psl3,2024,05,19,08
600.0,603.0,Phylloscopus occipitalis,Western Crowned Warbler,0.5471,psl3,2024,05,19,08
609.0,612.0,Phylloscopus occipitalis,Western Crowned Warbler,0.5316,psl3,2024,05,19,08
615.0,618.0,Phylloscopus occipitalis,Western Crowned Warbler,0.7969,psl3,2024,05,19,08
639.0,642.0,Phylloscopus occipitalis,Western Crowned Warbler,0.6486,psl3,2024,05,19,08
648.0,651.0,Phylloscopus occipitalis,Western Crowned Warbler,0.6269,psl3,2024,05,19,08
657.0,660.0,Phylloscopus occipitalis,Western Crowned Warbler,0.7095,psl3,2024,05,19,08
663.0,666.0,Phylloscopus occipitalis,Western Crowned Warbler,0.8944,psl3,2024,05,19,08
666.0,669.0,Phylloscopus occipitalis,Western Crowned Warbler,0.5761,psl3,2024,05,19,08
672.0,675.0,Phylloscopus occipitalis,Western Crowned Warbler,0.5682,psl3,2024,05,19,08
675.0,678.0,Protonotaria citrea,Prothonotary Warbler,0.8064,psl3,2024,05,19,08
681.0,684.0,Phylloscopus occipitalis,Western Crowned Warbler,0.73,psl3,2024,05,19,08
684.0,687.0,Protonotaria citrea,Prothonotary Warbler,0.7602,psl3,2024,05,19,08
693.0,696.0,Phylloscopus occipitalis,Western Crowned Warbler,0.7553,psl3,2024,05,19,08
705.0,708.0,Protonotaria citrea,Prothonotary Warbler,0.8944,psl3,2024,05,19,08
729.0,732.0,Phylloscopus occipitalis,Western Crowned Warbler,0.8224,psl3,2024,05,19,08
750.0,753.0,Phylloscopus occipitalis,Western Crowned Warbler,0.6149,psl3,2024,05,19,08
0.0,3.0,Phylloscopus occipitalis,Western Crowned Warbler,0.9697,psl3,2024,05,19,09
3.0,6.0,Phylloscopus occipitalis,Western Crowned Warbler,0.8723,psl3,2024,05,19,09
6.0,9.0,Phylloscopus occipitalis,Western Crowned Warbler,0.5437,psl3,2024,05,19,09
9.0,12.0,Phylloscopus occipitalis,Western Crowned Warbler,0.8725,psl3,2024,05,19,09
18.0,21.0,Phylloscopus occipitalis,Western Crowned Warbler,0.978,psl3,2024,05,19,09
24.0,27.0,Phylloscopus occipitalis,Western Crowned Warbler,0.918,psl3,2024,05,19,09
33.0,36.0,Phylloscopus occipitalis,Western Crowned Warbler,0.931,psl3,2024,05,19,09
39.0,42.0,Phylloscopus occipitalis,Western Crowned Warbler,0.7408,psl3,2024,05,19,09
42.0,45.0,Phylloscopus occipitalis,Western Crowned Warbler,0.6869,psl3,2024,05,19,09
48.0,51.0,Phylloscopus occipitalis,Western Crowned Warbler,0.9713,psl3,2024,05,19,09
57.0,60.0,Phylloscopus occipitalis,Western Crowned Warbler,0.89,psl3,2024,05,19,09
63.0,66.0,Phylloscopus occipitalis,Western Crowned Warbler,0.5655,psl3,2024,05,19,09
66.0,69.0,Phylloscopus occipitalis,Western Crowned Warbler,0.9692,psl3,2024,05,19,09
72.0,75.0,Phylloscopus occipitalis,Western Crowned Warbler,0.9093,psl3,2024,05,19,09
81.0,84.0,Phylloscopus occipitalis,Western Crowned Warbler,0.8162,psl3,2024,05,19,09
93.0,96.0,Phylloscopus occipitalis,Western Crowned Warbler,0.5413,psl3,2024,05,19,09
102.0,105.0,Phylloscopus occipitalis,Western Crowned Warbler,0.9424,psl3,2024,05,19,09
105.0,108.0,Phylloscopus occipitalis,Western Crowned Warbler,0.8622,psl3,2024,05,19,09
111.0,114.0,Phylloscopus occipitalis,Western Crowned Warbler,0.8778,psl3,2024,05,19,09
123.0,126.0,Phylloscopus occipitalis,Western Crowned Warbler,0.6658,psl3,2024,05,19,09
129.0,132.0,Phylloscopus occipitalis,Western Crowned Warbler,0.9515,psl3,2024,05,19,09
132.0,135.0,Phylloscopus occipitalis,Western Crowned Warbler,0.5494,psl3,2024,05,19,09
138.0,141.0,Phylloscopus occipitalis,Western Crowned Warbler,0.7089,psl3,2024,05,19,09
141.0,144.0,Phylloscopus occipitalis,Western Crowned Warbler,0.5311,psl3,2024,05,19,09
156.0,159.0,Phylloscopus occipitalis,Western Crowned Warbler,0.789,psl3,2024,05,19,09
168.0,171.0,Phylloscopus occipitalis,Western Crowned Warbler,0.8208,psl3,2024,05,19,09
189.0,192.0,Protonotaria citrea,Prothonotary Warbler,0.6217,psl3,2024,05,19,09
192.0,195.0,Protonotaria citrea,Prothonotary Warbler,0.7725,psl3,2024,05,19,09
216.0,219.0,Protonotaria citrea,Prothonotary Warbler,0.7245,psl3,2024,05,19,09
219.0,222.0,Protonotaria citrea,Prothonotary Warbler,0.9057,psl3,2024,05,19,09
234.0,237.0,Phylloscopus occipitalis,Western Crowned Warbler,0.5092,psl3,2024,05,19,09
243.0,246.0,Phylloscopus occipitalis,Western Crowned Warbler,0.631,psl3,2024,05,19,09
252.0,255.0,Protonotaria citrea,Prothonotary Warbler,0.8746,psl3,2024,05,19,09
270.0,273.0,Protonotaria citrea,Prothonotary Warbler,0.5195,psl3,2024,05,19,09
279.0,282.0,Protonotaria citrea,Prothonotary Warbler,0.9045,psl3,2024,05,19,09
285.0,288.0,Phylloscopus occipitalis,Western Crowned Warbler,0.5493,psl3,2024,05,19,09
705.0,708.0,Protonotaria citrea,Prothonotary Warbler,0.7165,psl3,2024,05,19,09
717.0,720.0,Phylloscopus occipitalis,Western Crowned Warbler,0.621,psl3,2024,05,19,09
801.0,804.0,Protonotaria citrea,Prothonotary Warbler,0.8742,psl3,2024,05,19,09
825.0,828.0,Phylloscopus occipitalis,Western Crowned Warbler,0.5402,psl3,2024,05,19,09
834.0,837.0,Phylloscopus occipitalis,Western Crowned Warbler,0.8731,psl3,2024,05,19,09
843.0,846.0,Phylloscopus occipitalis,Western Crowned Warbler,0.6374,psl3,2024,05,19,09
846.0,849.0,Phylloscopus occipitalis,Western Crowned Warbler,0.5618,psl3,2024,05,19,09
849.0,852.0,Phylloscopus occipitalis,Western Crowned Warbler,0.9329,psl3,2024,05,19,09
855.0,858.0,Phylloscopus occipitalis,Western Crowned Warbler,0.5757,psl3,2024,05,19,09
858.0,861.0,Phylloscopus occipitalis,Western Crowned Warbler,0.7157,psl3,2024,05,19,09
864.0,867.0,Phylloscopus occipitalis,Western Crowned Warbler,0.9171,psl3,2024,05,19,09
867.0,870.0,Phylloscopus occipitalis,Western Crowned Warbler,0.7262,psl3,2024,05,19,09
873.0,876.0,Phylloscopus occipitalis,Western Crowned Warbler,0.9196,psl3,2024,05,19,09
879.0,882.0,Phylloscopus occipitalis,Western Crowned Warbler,0.9478,psl3,2024,05,19,09
885.0,888.0,Phylloscopus occipitalis,Western Crowned Warbler,0.915,psl3,2024,05,19,09
888.0,891.0,Phylloscopus occipitalis,Western Crowned Warbler,0.5938,psl3,2024,05,19,09
891.0,894.0,Phylloscopus occipitalis,Western Crowned Warbler,0.663,psl3,2024,05,19,09
894.0,897.0,Phylloscopus occipitalis,Western Crowned Warbler,0.9555,psl3,2024,05,19,09
897.0,900.0,Phylloscopus occipitalis,Western Crowned Warbler,0.7865,psl3,2024,05,19,09
0.0,3.0,Phylloscopus occipitalis,Western Crowned Warbler,0.9842,psl3,2024,05,20,06
3.0,6.0,Phylloscopus occipitalis,Western Crowned Warbler,0.6504,psl3,2024,05,20,06
9.0,12.0,Phylloscopus occipitalis,Western Crowned Warbler,0.9797,psl3,2024,05,20,06
9.0,12.0,Phylloscopus reguloides,Blyth's Leaf Warbler,0.5124,psl3,2024,05,20,06
12.0,15.0,Phylloscopus occipitalis,Western Crowned Warbler,0.9934,psl3,2024,05,20,06
21.0,24.0,Ficedula hypoleuca,European Pied Flycatcher,0.6983,psl3,2024,05,20,06
21.0,24.0,Larvivora brunnea,Indian Blue Robin,0.553,psl3,2024,05,20,06
24.0,27.0,Phylloscopus occipitalis,Western Crowned Warbler,0.9955,psl3,2024,05,20,06
36.0,39.0,Phylloscopus occipitalis,Western Crowned Warbler,0.8712,psl3,2024,05,20,06
39.0,42.0,Phylloscopus occipitalis,Western Crowned Warbler,0.6592,psl3,2024,05,20,06
48.0,51.0,Phylloscopus occipitalis,Western Crowned Warbler,0.9923,psl3,2024,05,20,06
57.0,60.0,Phylloscopus occipitalis,Western Crowned Warbler,0.9818,psl3,2024,05,20,06
63.0,66.0,Phylloscopus occipitalis,Western Crowned Warbler,0.9927,psl3,2024,05,20,06
72.0,75.0,Phylloscopus occipitalis,Western Crowned Warbler,0.9735,psl3,2024,05,20,06
75.0,78.0,Phylloscopus occipitalis,Western Crowned Warbler,0.5175,psl3,2024,05,20,06
81.0,84.0,Phylloscopus occipitalis,Western Crowned Warbler,0.9866,psl3,2024,05,20,06
84.0,87.0,Phylloscopus occipitalis,Western Crowned Warbler,0.8677,psl3,2024,05,20,06
90.0,93.0,Phylloscopus occipitalis,Western Crowned Warbler,0.9387,psl3,2024,05,20,06
102.0,105.0,Phylloscopus occipitalis,Western Crowned Warbler,0.9218,psl3,2024,05,20,06
108.0,111.0,Phylloscopus occipitalis,Western Crowned Warbler,0.9021,psl3,2024,05,20,06
117.0,120.0,Phylloscopus occipitalis,Western Crowned Warbler,0.8834,psl3,2024,05,20,06
120.0,123.0,Phylloscopus occipitalis,Western Crowned Warbler,0.6046,psl3,2024,05,20,06
123.0,126.0,Phylloscopus occipitalis,Western Crowned Warbler,0.8733,psl3,2024,05,20,06
126.0,129.0,Phylloscopus occipitalis,Western Crowned Warbler,0.7189,psl3,2024,05,20,06
141.0,144.0,Phylloscopus occipitalis,Western Crowned Warbler,0.9941,psl3,2024,05,20,06
147.0,150.0,Phylloscopus occipitalis,Western Crowned Warbler,0.9917,psl3,2024,05,20,06
150.0,153.0,Phylloscopus occipitalis,Western Crowned Warbler,0.9542,psl3,2024,05,20,06
156.0,159.0,Phylloscopus occipitalis,Western Crowned Warbler,0.5289,psl3,2024,05,20,06
159.0,162.0,Phylloscopus occipitalis,Western Crowned Warbler,0.8039,psl3,2024,05,20,06
162.0,165.0,Phylloscopus occipitalis,Western Crowned Warbler,0.8979,psl3,2024,05,20,06
165.0,168.0,Phylloscopus occipitalis,Western Crowned Warbler,0.8193,psl3,2024,05,20,06
168.0,171.0,Phylloscopus occipitalis,Western Crowned Warbler,0.6323,psl3,2024,05,20,06
183.0,186.0,Protonotaria citrea,Prothonotary Warbler,0.782,psl3,2024,05,20,06
183.0,186.0,Phylloscopus occipitalis,Western Crowned Warbler,0.5764,psl3,2024,05,20,06
192.0,195.0,Phylloscopus occipitalis,Western Crowned Warbler,0.8492,psl3,2024,05,20,06
201.0,204.0,Phylloscopus occipitalis,Western Crowned Warbler,0.8863,psl3,2024,05,20,06
213.0,216.0,Phylloscopus occipitalis,Western Crowned Warbler,0.7548,psl3,2024,05,20,06
216.0,219.0,Phylloscopus occipitalis,Western Crowned Warbler,0.646,psl3,2024,05,20,06
228.0,231.0,Phylloscopus occipitalis,Western Crowned Warbler,0.9282,psl3,2024,05,20,06
231.0,234.0,Phylloscopus occipitalis,Western Crowned Warbler,0.7823,psl3,2024,05,20,06
240.0,243.0,Phylloscopus occipitalis,Western Crowned Warbler,0.8682,psl3,2024,05,20,06
249.0,252.0,Phylloscopus occipitalis,Western Crowned Warbler,0.7544,psl3,2024,05,20,06
345.0,348.0,Phylloscopus occipitalis,Western Crowned Warbler,0.5285,psl3,2024,05,20,06
369.0,372.0,Protonotaria citrea,Prothonotary Warbler,0.6607,psl3,2024,05,20,06
390.0,393.0,Protonotaria citrea,Prothonotary Warbler,0.6068,psl3,2024,05,20,06
444.0,447.0,Protonotaria citrea,Prothonotary Warbler,0.6789,psl3,2024,05,20,06
465.0,468.0,Protonotaria citrea,Prothonotary Warbler,0.769,psl3,2024,05,20,06
486.0,489.0,Phylloscopus occipitalis,Western Crowned Warbler,0.9402,psl3,2024,05,20,06
492.0,495.0,Phylloscopus occipitalis,Western Crowned Warbler,0.8801,psl3,2024,05,20,06
501.0,504.0,Protonotaria citrea,Prothonotary Warbler,0.5429,psl3,2024,05,20,06
507.0,510.0,Phylloscopus occipitalis,Western Crowned Warbler,0.6056,psl3,2024,05,20,06
516.0,519.0,Phylloscopus occipitalis,Western Crowned Warbler,0.8089,psl3,2024,05,20,06
519.0,522.0,Protonotaria citrea,Prothonotary Warbler,0.5923,psl3,2024,05,20,06
531.0,534.0,Protonotaria citrea,Prothonotary Warbler,0.7355,psl3,2024,05,20,06
534.0,537.0,Protonotaria citrea,Prothonotary Warbler,0.5005,psl3,2024,05,20,06
546.0,549.0,Phylloscopus occipitalis,Western Crowned Warbler,0.7657,psl3,2024,05,20,06
552.0,555.0,Phylloscopus occipitalis,Western Crowned Warbler,0.8041,psl3,2024,05,20,06
591.0,594.0,Phylloscopus occipitalis,Western Crowned Warbler,0.648,psl3,2024,05,20,06
594.0,597.0,Phylloscopus occipitalis,Western Crowned Warbler,0.529,psl3,2024,05,20,06
600.0,603.0,Protonotaria citrea,Prothonotary Warbler,0.5868,psl3,2024,05,20,06
603.0,606.0,Protonotaria citrea,Prothonotary Warbler,0.8716,psl3,2024,05,20,06
609.0,612.0,Phylloscopus occipitalis,Western Crowned Warbler,0.683,psl3,2024,05,20,06
609.0,612.0,Protonotaria citrea,Prothonotary Warbler,0.514,psl3,2024,05,20,06
618.0,621.0,Phylloscopus occipitalis,Western Crowned Warbler,0.7248,psl3,2024,05,20,06
627.0,630.0,Phylloscopus occipitalis,Western Crowned Warbler,0.615,psl3,2024,05,20,06
633.0,636.0,Phylloscopus occipitalis,Western Crowned Warbler,0.831,psl3,2024,05,20,06
636.0,639.0,Phylloscopus occipitalis,Western Crowned Warbler,0.5634,psl3,2024,05,20,06
642.0,645.0,Phylloscopus occipitalis,Western Crowned Warbler,0.6138,psl3,2024,05,20,06
648.0,651.0,Phylloscopus occipitalis,Western Crowned Warbler,0.9032,psl3,2024,05,20,06
657.0,660.0,Phylloscopus occipitalis,Western Crowned Warbler,0.6594,psl3,2024,05,20,06
666.0,669.0,Phylloscopus occipitalis,Western Crowned Warbler,0.817,psl3,2024,05,20,06
675.0,678.0,Protonotaria citrea,Prothonotary Warbler,0.5903,psl3,2024,05,20,06
681.0,684.0,Phylloscopus occipitalis,Western Crowned Warbler,0.9653,psl3,2024,05,20,06
690.0,693.0,Phylloscopus occipitalis,Western Crowned Warbler,0.6808,psl3,2024,05,20,06
699.0,702.0,Phylloscopus occipitalis,Western Crowned Warbler,0.8779,psl3,2024,05,20,06
708.0,711.0,Phylloscopus occipitalis,Western Crowned Warbler,0.9306,psl3,2024,05,20,06
714.0,717.0,Protonotaria citrea,Prothonotary Warbler,0.8645,psl3,2024,05,20,06
717.0,720.0,Protonotaria citrea,Prothonotary Warbler,0.7303,psl3,2024,05,20,06
717.0,720.0,Phylloscopus occipitalis,Western Crowned Warbler,0.6359,psl3,2024,05,20,06
726.0,729.0,Protonotaria citrea,Prothonotary Warbler,0.8617,psl3,2024,05,20,06
732.0,735.0,Protonotaria citrea,Prothonotary Warbler,0.622,psl3,2024,05,20,06
732.0,735.0,Phylloscopus occipitalis,Western Crowned Warbler,0.6146,psl3,2024,05,20,06
735.0,738.0,Phylloscopus occipitalis,Western Crowned Warbler,0.5932,psl3,2024,05,20,06
735.0,738.0,Protonotaria citrea,Prothonotary Warbler,0.5211,psl3,2024,05,20,06
744.0,747.0,Protonotaria citrea,Prothonotary Warbler,0.8212,psl3,2024,05,20,06
750.0,753.0,Protonotaria citrea,Prothonotary Warbler,0.5488,psl3,2024,05,20,06
762.0,765.0,Phylloscopus occipitalis,Western Crowned Warbler,0.9721,psl3,2024,05,20,06
789.0,792.0,Protonotaria citrea,Prothonotary Warbler,0.6069,psl3,2024,05,20,06
795.0,798.0,Phylloscopus occipitalis,Western Crowned Warbler,0.9823,psl3,2024,05,20,06
804.0,807.0,Phylloscopus occipitalis,Western Crowned Warbler,0.9423,psl3,2024,05,20,06
816.0,819.0,Phylloscopus occipitalis,Western Crowned Warbler,0.8324,psl3,2024,05,20,06
825.0,828.0,Phylloscopus occipitalis,Western Crowned Warbler,0.818,psl3,2024,05,20,06
834.0,837.0,Phylloscopus occipitalis,Western Crowned Warbler,0.5801,psl3,2024,05,20,06
843.0,846.0,Phylloscopus occipitalis,Western Crowned Warbler,0.9063,psl3,2024,05,20,06
852.0,855.0,Phylloscopus occipitalis,Western Crowned Warbler,0.9357,psl3,2024,05,20,06
855.0,858.0,Phylloscopus occipitalis,Western Crowned Warbler,0.8725,psl3,2024,05,20,06
861.0,864.0,Phylloscopus occipitalis,Western Crowned Warbler,0.9117,psl3,2024,05,20,06
864.0,867.0,Protonotaria citrea,Prothonotary Warbler,0.5316,psl3,2024,05,20,06
870.0,873.0,Phylloscopus occipitalis,Western Crowned Warbler,0.9737,psl3,2024,05,20,06
876.0,879.0,Phylloscopus occipitalis,Western Crowned Warbler,0.7306,psl3,2024,05,20,06
882.0,885.0,Phylloscopus occipitalis,Western Crowned Warbler,0.918,psl3,2024,05,20,06
885.0,888.0,Phylloscopus occipitalis,Western Crowned Warbler,0.9478,psl3,2024,05,20,06
894.0,897.0,Phylloscopus occipitalis,Western Crowned Warbler,0.9866,psl3,2024,05,20,06
6.0,9.0,Protonotaria citrea,Prothonotary Warbler,0.5785,psl3,2024,05,20,07
42.0,45.0,Prinia socialis,Ashy Prinia,0.5555,psl3,2024,05,20,07
87.0,90.0,Protonotaria citrea,Prothonotary Warbler,0.7137,psl3,2024,05,20,07
105.0,108.0,Phylloscopus occipitalis,Western Crowned Warbler,0.5158,psl3,2024,05,20,07
180.0,183.0,Phylloscopus occipitalis,Western Crowned Warbler,0.9724,psl3,2024,05,20,07
183.0,186.0,Protonotaria citrea,Prothonotary Warbler,0.6888,psl3,2024,05,20,07
186.0,189.0,Phylloscopus occipitalis,Western Crowned Warbler,0.8526,psl3,2024,05,20,07
189.0,192.0,Phylloscopus occipitalis,Western Crowned Warbler,0.7591,psl3,2024,05,20,07
249.0,252.0,Phylloscopus occipitalis,Western Crowned Warbler,0.5462,psl3,2024,05,20,07
276.0,279.0,Phylloscopus occipitalis,Western Crowned Warbler,0.6599,psl3,2024,05,20,07
288.0,291.0,Phylloscopus occipitalis,Western Crowned Warbler,0.5485,psl3,2024,05,20,07
291.0,294.0,Phylloscopus occipitalis,Western Crowned Warbler,0.5308,psl3,2024,05,20,07
327.0,330.0,Phylloscopus occipitalis,Western Crowned Warbler,0.5331,psl3,2024,05,20,07
339.0,342.0,Protonotaria citrea,Prothonotary Warbler,0.6829,psl3,2024,05,20,07
342.0,345.0,Protonotaria citrea,Prothonotary Warbler,0.5622,psl3,2024,05,20,07
354.0,357.0,Phylloscopus occipitalis,Western Crowned Warbler,0.8143,psl3,2024,05,20,07
372.0,375.0,Phylloscopus occipitalis,Western Crowned Warbler,0.8789,psl3,2024,05,20,07
378.0,381.0,Phylloscopus occipitalis,Western Crowned Warbler,0.616,psl3,2024,05,20,07
390.0,393.0,Phylloscopus occipitalis,Western Crowned Warbler,0.5129,psl3,2024,05,20,07
393.0,396.0,Protonotaria citrea,Prothonotary Warbler,0.6156,psl3,2024,05,20,07
405.0,408.0,Phylloscopus occipitalis,Western Crowned Warbler,0.6814,psl3,2024,05,20,07
426.0,429.0,Protonotaria citrea,Prothonotary Warbler,0.752,psl3,2024,05,20,07
438.0,441.0,Protonotaria citrea,Prothonotary Warbler,0.9151,psl3,2024,05,20,07
444.0,447.0,Phylloscopus occipitalis,Western Crowned Warbler,0.902,psl3,2024,05,20,07
447.0,450.0,Phylloscopus occipitalis,Western Crowned Warbler,0.9032,psl3,2024,05,20,07
456.0,459.0,Protonotaria citrea,Prothonotary Warbler,0.6703,psl3,2024,05,20,07
471.0,474.0,Protonotaria citrea,Prothonotary Warbler,0.6713,psl3,2024,05,20,07
483.0,486.0,Phylloscopus occipitalis,Western Crowned Warbler,0.734,psl3,2024,05,20,07
486.0,489.0,Phylloscopus occipitalis,Western Crowned Warbler,0.7019,psl3,2024,05,20,07
495.0,498.0,Protonotaria citrea,Prothonotary Warbler,0.836,psl3,2024,05,20,07
498.0,501.0,Protonotaria citrea,Prothonotary Warbler,0.9093,psl3,2024,05,20,07
513.0,516.0,Protonotaria citrea,Prothonotary Warbler,0.7101,psl3,2024,05,20,07
531.0,534.0,Phylloscopus occipitalis,Western Crowned Warbler,0.516,psl3,2024,05,20,07
543.0,546.0,Protonotaria citrea,Prothonotary Warbler,0.7187,psl3,2024,05,20,07
552.0,555.0,Protonotaria citrea,Prothonotary Warbler,0.7999,psl3,2024,05,20,07
579.0,582.0,Phylloscopus occipitalis,Western Crowned Warbler,0.5737,psl3,2024,05,20,07
585.0,588.0,Phylloscopus occipitalis,Western Crowned Warbler,0.5368,psl3,2024,05,20,07
597.0,600.0,Protonotaria citrea,Prothonotary Warbler,0.7004,psl3,2024,05,20,07
627.0,630.0,Phylloscopus occipitalis,Western Crowned Warbler,0.6224,psl3,2024,05,20,07
630.0,633.0,Protonotaria citrea,Prothonotary Warbler,0.8511,psl3,2024,05,20,07
636.0,639.0,Phylloscopus occipitalis,Western Crowned Warbler,0.9633,psl3,2024,05,20,07
639.0,642.0,Phylloscopus occipitalis,Western Crowned Warbler,0.731,psl3,2024,05,20,07
648.0,651.0,Protonotaria citrea,Prothonotary Warbler,0.7044,psl3,2024,05,20,07
660.0,663.0,Protonotaria citrea,Prothonotary Warbler,0.7057,psl3,2024,05,20,07
684.0,687.0,Phylloscopus nitidus,Green Warbler,0.5402,psl3,2024,05,20,07
711.0,714.0,Protonotaria citrea,Prothonotary Warbler,0.8996,psl3,2024,05,20,07
741.0,744.0,Protonotaria citrea,Prothonotary Warbler,0.5748,psl3,2024,05,20,07
774.0,777.0,Protonotaria citrea,Prothonotary Warbler,0.7013,psl3,2024,05,20,07
792.0,795.0,Phylloscopus occipitalis,Western Crowned Warbler,0.8126,psl3,2024,05,20,07
825.0,828.0,Phylloscopus occipitalis,Western Crowned Warbler,0.6189,psl3,2024,05,20,07
834.0,837.0,Phylloscopus occipitalis,Western Crowned Warbler,0.6486,psl3,2024,05,20,07
855.0,858.0,Phylloscopus occipitalis,Western Crowned Warbler,0.7904,psl3,2024,05,20,07
12.0,15.0,Protonotaria citrea,Prothonotary Warbler,0.7766,psl3,2024,05,20,08
42.0,45.0,Protonotaria citrea,Prothonotary Warbler,0.7276,psl3,2024,05,20,08
168.0,171.0,Phylloscopus occipitalis,Western Crowned Warbler,0.5466,psl3,2024,05,20,08
195.0,198.0,Protonotaria citrea,Prothonotary Warbler,0.764,psl3,2024,05,20,08
249.0,252.0,Phylloscopus occipitalis,Western Crowned Warbler,0.5398,psl3,2024,05,20,08
270.0,273.0,Phylloscopus occipitalis,Western Crowned Warbler,0.8121,psl3,2024,05,20,08
387.0,390.0,Phylloscopus occipitalis,Western Crowned Warbler,0.6774,psl3,2024,05,20,08
393.0,396.0,Phylloscopus occipitalis,Western Crowned Warbler,0.724,psl3,2024,05,20,08
444.0,447.0,Phylloscopus occipitalis,Western Crowned Warbler,0.7697,psl3,2024,05,20,08
450.0,453.0,Phylloscopus occipitalis,Western Crowned Warbler,0.719,psl3,2024,05,20,08
453.0,456.0,Phylloscopus occipitalis,Western Crowned Warbler,0.636,psl3,2024,05,20,08
501.0,504.0,Phylloscopus occipitalis,Western Crowned Warbler,0.5855,psl3,2024,05,20,08
507.0,510.0,Phylloscopus occipitalis,Western Crowned Warbler,0.781,psl3,2024,05,20,08
516.0,519.0,Phylloscopus occipitalis,Western Crowned Warbler,0.8099,psl3,2024,05,20,08
519.0,522.0,Phylloscopus occipitalis,Western Crowned Warbler,0.8546,psl3,2024,05,20,08
543.0,546.0,Phylloscopus occipitalis,Western Crowned Warbler,0.6068,psl3,2024,05,20,08
555.0,558.0,Phylloscopus occipitalis,Western Crowned Warbler,0.5489,psl3,2024,05,20,08
558.0,561.0,Protonotaria citrea,Prothonotary Warbler,0.5001,psl3,2024,05,20,08
591.0,594.0,Phylloscopus occipitalis,Western Crowned Warbler,0.8284,psl3,2024,05,20,08
594.0,597.0,Phylloscopus occipitalis,Western Crowned Warbler,0.6531,psl3,2024,05,20,08
609.0,612.0,Phylloscopus occipitalis,Western Crowned Warbler,0.5771,psl3,2024,05,20,08
612.0,615.0,Phylloscopus occipitalis,Western Crowned Warbler,0.5135,psl3,2024,05,20,08
618.0,621.0,Phylloscopus occipitalis,Western Crowned Warbler,0.8422,psl3,2024,05,20,08
621.0,624.0,Phylloscopus occipitalis,Western Crowned Warbler,0.5091,psl3,2024,05,20,08
624.0,627.0,Phylloscopus occipitalis,Western Crowned Warbler,0.6365,psl3,2024,05,20,08
633.0,636.0,Phylloscopus occipitalis,Western Crowned Warbler,0.8247,psl3,2024,05,20,08
639.0,642.0,Phylloscopus occipitalis,Western Crowned Warbler,0.9106,psl3,2024,05,20,08
645.0,648.0,Phylloscopus occipitalis,Western Crowned Warbler,0.5536,psl3,2024,05,20,08
654.0,657.0,Protonotaria citrea,Prothonotary Warbler,0.6454,psl3,2024,05,20,08
657.0,660.0,Phylloscopus occipitalis,Western Crowned Warbler,0.5553,psl3,2024,05,20,08
660.0,663.0,Phylloscopus occipitalis,Western Crowned Warbler,0.792,psl3,2024,05,20,08
744.0,747.0,Phylloscopus occipitalis,Western Crowned Warbler,0.8437,psl3,2024,05,20,08
756.0,759.0,Protonotaria citrea,Prothonotary Warbler,0.8381,psl3,2024,05,20,08
795.0,798.0,Anthus hodgsoni,Olive-backed Pipit,0.9224,psl3,2024,05,20,08
801.0,804.0,Phylloscopus occipitalis,Western Crowned Warbler,0.7928,psl3,2024,05,20,08
810.0,813.0,Anthus hodgsoni,Olive-backed Pipit,0.6769,psl3,2024,05,20,08
822.0,825.0,Phylloscopus occipitalis,Western Crowned Warbler,0.9691,psl3,2024,05,20,08
831.0,834.0,Phylloscopus occipitalis,Western Crowned Warbler,0.6127,psl3,2024,05,20,08
834.0,837.0,Phylloscopus occipitalis,Western Crowned Warbler,0.8812,psl3,2024,05,20,08
843.0,846.0,Phylloscopus occipitalis,Western Crowned Warbler,0.9251,psl3,2024,05,20,08
852.0,855.0,Phylloscopus occipitalis,Western Crowned Warbler,0.9616,psl3,2024,05,20,08
855.0,858.0,Phylloscopus occipitalis,Western Crowned Warbler,0.9442,psl3,2024,05,20,08
864.0,867.0,Phylloscopus occipitalis,Western Crowned Warbler,0.8684,psl3,2024,05,20,08
873.0,876.0,Phylloscopus occipitalis,Western Crowned Warbler,0.7748,psl3,2024,05,20,08
882.0,885.0,Phylloscopus occipitalis,Western Crowned Warbler,0.8359,psl3,2024,05,20,08
6.0,9.0,Protonotaria citrea,Prothonotary Warbler,0.5151,psl3,2024,05,20,09
24.0,27.0,Protonotaria citrea,Prothonotary Warbler,0.6033,psl3,2024,05,20,09
99.0,102.0,Phylloscopus occipitalis,Western Crowned Warbler,0.6777,psl3,2024,05,20,09
162.0,165.0,Protonotaria citrea,Prothonotary Warbler,0.716,psl3,2024,05,20,09
168.0,171.0,Phylloscopus occipitalis,Western Crowned Warbler,0.9284,psl3,2024,05,20,09
168.0,171.0,Protonotaria citrea,Prothonotary Warbler,0.5185,psl3,2024,05,20,09
171.0,174.0,Protonotaria citrea,Prothonotary Warbler,0.6334,psl3,2024,05,20,09
171.0,174.0,Phylloscopus occipitalis,Western Crowned Warbler,0.5113,psl3,2024,05,20,09
177.0,180.0,Phylloscopus occipitalis,Western Crowned Warbler,0.6608,psl3,2024,05,20,09
183.0,186.0,Phylloscopus occipitalis,Western Crowned Warbler,0.6907,psl3,2024,05,20,09
198.0,201.0,Phylloscopus occipitalis,Western Crowned Warbler,0.6301,psl3,2024,05,20,09
201.0,204.0,Phylloscopus occipitalis,Western Crowned Warbler,0.5138,psl3,2024,05,20,09
210.0,213.0,Phylloscopus occipitalis,Western Crowned Warbler,0.7331,psl3,2024,05,20,09
213.0,216.0,Phylloscopus occipitalis,Western Crowned Warbler,0.5644,psl3,2024,05,20,09
216.0,219.0,Phylloscopus occipitalis,Western Crowned Warbler,0.9599,psl3,2024,05,20,09
240.0,243.0,Phylloscopus occipitalis,Western Crowned Warbler,0.7285,psl3,2024,05,20,09
249.0,252.0,Phylloscopus occipitalis,Western Crowned Warbler,0.6195,psl3,2024,05,20,09
252.0,255.0,Phylloscopus occipitalis,Western Crowned Warbler,0.8577,psl3,2024,05,20,09
261.0,264.0,Phylloscopus occipitalis,Western Crowned Warbler,0.9226,psl3,2024,05,20,09
267.0,270.0,Phylloscopus occipitalis,Western Crowned Warbler,0.7125,psl3,2024,05,20,09
273.0,276.0,Phylloscopus occipitalis,Western Crowned Warbler,0.924,psl3,2024,05,20,09
285.0,288.0,Phylloscopus occipitalis,Western Crowned Warbler,0.5098,psl3,2024,05,20,09
288.0,291.0,Phylloscopus occipitalis,Western Crowned Warbler,0.7063,psl3,2024,05,20,09
294.0,297.0,Phylloscopus occipitalis,Western Crowned Warbler,0.5712,psl3,2024,05,20,09
297.0,300.0,Phylloscopus occipitalis,Western Crowned Warbler,0.537,psl3,2024,05,20,09
306.0,309.0,Phylloscopus occipitalis,Western Crowned Warbler,0.584,psl3,2024,05,20,09
345.0,348.0,Protonotaria citrea,Prothonotary Warbler,0.717,psl3,2024,05,20,09
405.0,408.0,Phylloscopus occipitalis,Western Crowned Warbler,0.6551,psl3,2024,05,20,09
441.0,444.0,Phylloscopus occipitalis,Western Crowned Warbler,0.6176,psl3,2024,05,20,09
447.0,450.0,Phylloscopus occipitalis,Western Crowned Warbler,0.8094,psl3,2024,05,20,09
450.0,453.0,Phylloscopus occipitalis,Western Crowned Warbler,0.8328,psl3,2024,05,20,09
495.0,498.0,Phylloscopus occipitalis,Western Crowned Warbler,0.5917,psl3,2024,05,20,09
498.0,501.0,Phylloscopus occipitalis,Western Crowned Warbler,0.5036,psl3,2024,05,20,09
501.0,504.0,Phylloscopus occipitalis,Western Crowned Warbler,0.6325,psl3,2024,05,20,09
534.0,537.0,Phylloscopus occipitalis,Western Crowned Warbler,0.6995,psl3,2024,05,20,09
540.0,543.0,Phylloscopus occipitalis,Western Crowned Warbler,0.7782,psl3,2024,05,20,09
543.0,546.0,Phylloscopus occipitalis,Western Crowned Warbler,0.5025,psl3,2024,05,20,09
546.0,549.0,Phylloscopus occipitalis,Western Crowned Warbler,0.7992,psl3,2024,05,20,09
552.0,555.0,Phylloscopus occipitalis,Western Crowned Warbler,0.6139,psl3,2024,05,20,09
579.0,582.0,Protonotaria citrea,Prothonotary Warbler,0.8702,psl3,2024,05,20,09
582.0,585.0,Phylloscopus occipitalis,Western Crowned Warbler,0.6686,psl3,2024,05,20,09
585.0,588.0,Phylloscopus occipitalis,Western Crowned Warbler,0.5685,psl3,2024,05,20,09
597.0,600.0,Phylloscopus occipitalis,Western Crowned Warbler,0.8769,psl3,2024,05,20,09
600.0,603.0,Phylloscopus occipitalis,Western Crowned Warbler,0.5207,psl3,2024,05,20,09
606.0,609.0,Phylloscopus occipitalis,Western Crowned Warbler,0.6951,psl3,2024,05,20,09
627.0,630.0,Phylloscopus occipitalis,Western Crowned Warbler,0.7795,psl3,2024,05,20,09
633.0,636.0,Phylloscopus occipitalis,Western Crowned Warbler,0.7839,psl3,2024,05,20,09
645.0,648.0,Protonotaria citrea,Prothonotary Warbler,0.8831,psl3,2024,05,20,09
651.0,654.0,Phylloscopus occipitalis,Western Crowned Warbler,0.8813,psl3,2024,05,20,09
663.0,666.0,Protonotaria citrea,Prothonotary Warbler,0.9112,psl3,2024,05,20,09
672.0,675.0,Phylloscopus occipitalis,Western Crowned Warbler,0.5603,psl3,2024,05,20,09
678.0,681.0,Protonotaria citrea,Prothonotary Warbler,0.7992,psl3,2024,05,20,09
693.0,696.0,Phylloscopus occipitalis,Western Crowned Warbler,0.5558,psl3,2024,05,20,09
699.0,702.0,Phylloscopus occipitalis,Western Crowned Warbler,0.8198,psl3,2024,05,20,09
702.0,705.0,Phylloscopus occipitalis,Western Crowned Warbler,0.5819,psl3,2024,05,20,09
705.0,708.0,Phylloscopus occipitalis,Western Crowned Warbler,0.8349,psl3,2024,05,20,09
708.0,711.0,Phylloscopus occipitalis,Western Crowned Warbler,0.529,psl3,2024,05,20,09
714.0,717.0,Phylloscopus occipitalis,Western Crowned Warbler,0.9776,psl3,2024,05,20,09
717.0,720.0,Phylloscopus occipitalis,Western Crowned Warbler,0.9193,psl3,2024,05,20,09
720.0,723.0,Phylloscopus occipitalis,Western Crowned Warbler,0.5948,psl3,2024,05,20,09
726.0,729.0,Phylloscopus occipitalis,Western Crowned Warbler,0.8843,psl3,2024,05,20,09
729.0,732.0,Phylloscopus occipitalis,Western Crowned Warbler,0.7611,psl3,2024,05,20,09
735.0,738.0,Phylloscopus occipitalis,Western Crowned Warbler,0.7272,psl3,2024,05,20,09
738.0,741.0,Phylloscopus occipitalis,Western Crowned Warbler,0.8874,psl3,2024,05,20,09
741.0,744.0,Phylloscopus occipitalis,Western Crowned Warbler,0.8107,psl3,2024,05,20,09
744.0,747.0,Phylloscopus occipitalis,Western Crowned Warbler,0.83,psl3,2024,05,20,09
747.0,750.0,Phylloscopus occipitalis,Western Crowned Warbler,0.7837,psl3,2024,05,20,09
750.0,753.0,Phylloscopus occipitalis,Western Crowned Warbler,0.9006,psl3,2024,05,20,09
759.0,762.0,Phylloscopus occipitalis,Western Crowned Warbler,0.9671,psl3,2024,05,20,09
762.0,765.0,Phylloscopus occipitalis,Western Crowned Warbler,0.8307,psl3,2024,05,20,09
771.0,774.0,Phylloscopus occipitalis,Western Crowned Warbler,0.8935,psl3,2024,05,20,09
774.0,777.0,Phylloscopus occipitalis,Western Crowned Warbler,0.8457,psl3,2024,05,20,09
786.0,789.0,Phylloscopus occipitalis,Western Crowned Warbler,0.9163,psl3,2024,05,20,09
792.0,795.0,Protonotaria citrea,Prothonotary Warbler,0.5536,psl3,2024,05,20,09
795.0,798.0,Phylloscopus occipitalis,Western Crowned Warbler,0.6411,psl3,2024,05,20,09
807.0,810.0,Phylloscopus occipitalis,Western Crowned Warbler,0.6356,psl3,2024,05,20,09
813.0,816.0,Phylloscopus occipitalis,Western Crowned Warbler,0.7681,psl3,2024,05,20,09
816.0,819.0,Phylloscopus occipitalis,Western Crowned Warbler,0.9279,psl3,2024,05,20,09
825.0,828.0,Phylloscopus occipitalis,Western Crowned Warbler,0.6495,psl3,2024,05,20,09
840.0,843.0,Phylloscopus occipitalis,Western Crowned Warbler,0.7799,psl3,2024,05,20,09
849.0,852.0,Phylloscopus occipitalis,Western Crowned Warbler,0.6665,psl3,2024,05,20,09
867.0,870.0,Phylloscopus occipitalis,Western Crowned Warbler,0.8705,psl3,2024,05,20,09
876.0,879.0,Phylloscopus occipitalis,Western Crowned Warbler,0.6649,psl3,2024,05,20,09
885.0,888.0,Phylloscopus occipitalis,Western Crowned Warbler,0.9278,psl3,2024,05,20,09
888.0,891.0,Phylloscopus occipitalis,Western Crowned Warbler,0.7961,psl3,2024,05,20,09
105.0,108.0,Protonotaria citrea,Prothonotary Warbler,0.518,psl3,2024,05,21,06
186.0,189.0,Phylloscopus occipitalis,Western Crowned Warbler,0.7336,psl3,2024,05,21,06
198.0,201.0,Phylloscopus occipitalis,Western Crowned Warbler,0.5319,psl3,2024,05,21,06
216.0,219.0,Phylloscopus occipitalis,Western Crowned Warbler,0.9501,psl3,2024,05,21,06
219.0,222.0,Phylloscopus occipitalis,Western Crowned Warbler,0.8432,psl3,2024,05,21,06
252.0,255.0,Phylloscopus occipitalis,Western Crowned Warbler,0.6109,psl3,2024,05,21,06
255.0,258.0,Phylloscopus occipitalis,Western Crowned Warbler,0.6106,psl3,2024,05,21,06
270.0,273.0,Phylloscopus occipitalis,Western Crowned Warbler,0.5864,psl3,2024,05,21,06
273.0,276.0,Phylloscopus occipitalis,Western Crowned Warbler,0.8605,psl3,2024,05,21,06
276.0,279.0,Phylloscopus occipitalis,Western Crowned Warbler,0.9655,psl3,2024,05,21,06
279.0,282.0,Phylloscopus occipitalis,Western Crowned Warbler,0.9318,psl3,2024,05,21,06
288.0,291.0,Phylloscopus occipitalis,Western Crowned Warbler,0.5389,psl3,2024,05,21,06
300.0,303.0,Phylloscopus occipitalis,Western Crowned Warbler,0.8844,psl3,2024,05,21,06
306.0,309.0,Phylloscopus occipitalis,Western Crowned Warbler,0.5536,psl3,2024,05,21,06
312.0,315.0,Phylloscopus occipitalis,Western Crowned Warbler,0.5956,psl3,2024,05,21,06
315.0,318.0,Phylloscopus occipitalis,Western Crowned Warbler,0.5006,psl3,2024,05,21,06
321.0,324.0,Phylloscopus occipitalis,Western Crowned Warbler,0.6872,psl3,2024,05,21,06
324.0,327.0,Phylloscopus occipitalis,Western Crowned Warbler,0.8952,psl3,2024,05,21,06
327.0,330.0,Phylloscopus occipitalis,Western Crowned Warbler,0.9226,psl3,2024,05,21,06
330.0,333.0,Phylloscopus occipitalis,Western Crowned Warbler,0.7159,psl3,2024,05,21,06
336.0,339.0,Phylloscopus occipitalis,Western Crowned Warbler,0.8872,psl3,2024,05,21,06
342.0,345.0,Phylloscopus occipitalis,Western Crowned Warbler,0.8827,psl3,2024,05,21,06
345.0,348.0,Phylloscopus occipitalis,Western Crowned Warbler,0.5704,psl3,2024,05,21,06
348.0,351.0,Phylloscopus occipitalis,Western Crowned Warbler,0.7871,psl3,2024,05,21,06
354.0,357.0,Phylloscopus occipitalis,Western Crowned Warbler,0.5446,psl3,2024,05,21,06
357.0,360.0,Phylloscopus occipitalis,Western Crowned Warbler,0.973,psl3,2024,05,21,06
360.0,363.0,Phylloscopus occipitalis,Western Crowned Warbler,0.8988,psl3,2024,05,21,06
387.0,390.0,Phylloscopus occipitalis,Western Crowned Warbler,0.9774,psl3,2024,05,21,06
390.0,393.0,Phylloscopus occipitalis,Western Crowned Warbler,0.7824,psl3,2024,05,21,06
411.0,414.0,Phylloscopus occipitalis,Western Crowned Warbler,0.8877,psl3,2024,05,21,06
414.0,417.0,Phylloscopus occipitalis,Western Crowned Warbler,0.9601,psl3,2024,05,21,06
435.0,438.0,Phylloscopus occipitalis,Western Crowned Warbler,0.8031,psl3,2024,05,21,06
453.0,456.0,Phylloscopus occipitalis,Western Crowned Warbler,0.9384,psl3,2024,05,21,06
456.0,459.0,Phylloscopus occipitalis,Western Crowned Warbler,0.854,psl3,2024,05,21,06
483.0,486.0,Phylloscopus occipitalis,Western Crowned Warbler,0.6208,psl3,2024,05,21,06
513.0,516.0,Phylloscopus occipitalis,Western Crowned Warbler,0.9779,psl3,2024,05,21,06
516.0,519.0,Phylloscopus occipitalis,Western Crowned Warbler,0.912,psl3,2024,05,21,06
537.0,540.0,Phylloscopus occipitalis,Western Crowned Warbler,0.7262,psl3,2024,05,21,06
540.0,543.0,Protonotaria citrea,Prothonotary Warbler,0.7965,psl3,2024,05,21,06
564.0,567.0,Phylloscopus occipitalis,Western Crowned Warbler,0.9039,psl3,2024,05,21,06
570.0,573.0,Phylloscopus occipitalis,Western Crowned Warbler,0.6873,psl3,2024,05,21,06
576.0,579.0,Phylloscopus occipitalis,Western Crowned Warbler,0.8279,psl3,2024,05,21,06
582.0,585.0,Phylloscopus occipitalis,Western Crowned Warbler,0.9576,psl3,2024,05,21,06
585.0,588.0,Phylloscopus occipitalis,Western Crowned Warbler,0.9308,psl3,2024,05,21,06
585.0,588.0,Protonotaria citrea,Prothonotary Warbler,0.5733,psl3,2024,05,21,06
591.0,594.0,Phylloscopus occipitalis,Western Crowned Warbler,0.7903,psl3,2024,05,21,06
594.0,597.0,Phylloscopus occipitalis,Western Crowned Warbler,0.9451,psl3,2024,05,21,06
600.0,603.0,Phylloscopus occipitalis,Western Crowned Warbler,0.9278,psl3,2024,05,21,06
603.0,606.0,Phylloscopus occipitalis,Western Crowned Warbler,0.8661,psl3,2024,05,21,06
606.0,609.0,Phylloscopus occipitalis,Western Crowned Warbler,0.8319,psl3,2024,05,21,06
612.0,615.0,Phylloscopus occipitalis,Western Crowned Warbler,0.7879,psl3,2024,05,21,06
621.0,624.0,Phylloscopus occipitalis,Western Crowned Warbler,0.5549,psl3,2024,05,21,06
624.0,627.0,Basileuterus rufifrons,Rufous-capped Warbler,0.7913,psl3,2024,05,21,06
630.0,633.0,Phylloscopus occipitalis,Western Crowned Warbler,0.9843,psl3,2024,05,21,06
636.0,639.0,Phylloscopus occipitalis,Western Crowned Warbler,0.5943,psl3,2024,05,21,06
639.0,642.0,Phylloscopus occipitalis,Western Crowned Warbler,0.5986,psl3,2024,05,21,06
642.0,645.0,Phylloscopus occipitalis,Western Crowned Warbler,0.7498,psl3,2024,05,21,06
648.0,651.0,Phylloscopus occipitalis,Western Crowned Warbler,0.5672,psl3,2024,05,21,06
651.0,654.0,Phylloscopus occipitalis,Western Crowned Warbler,0.9629,psl3,2024,05,21,06
654.0,657.0,Phylloscopus occipitalis,Western Crowned Warbler,0.6422,psl3,2024,05,21,06
663.0,666.0,Phylloscopus occipitalis,Western Crowned Warbler,0.7211,psl3,2024,05,21,06
672.0,675.0,Phylloscopus occipitalis,Western Crowned Warbler,0.886,psl3,2024,05,21,06
675.0,678.0,Phylloscopus occipitalis,Western Crowned Warbler,0.7735,psl3,2024,05,21,06
675.0,678.0,Protonotaria citrea,Prothonotary Warbler,0.666,psl3,2024,05,21,06
678.0,681.0,Phylloscopus occipitalis,Western Crowned Warbler,0.5295,psl3,2024,05,21,06
684.0,687.0,Phylloscopus occipitalis,Western Crowned Warbler,0.722,psl3,2024,05,21,06
702.0,705.0,Phylloscopus occipitalis,Western Crowned Warbler,0.8018,psl3,2024,05,21,06
711.0,714.0,Phylloscopus occipitalis,Western Crowned Warbler,0.8045,psl3,2024,05,21,06
714.0,717.0,Phylloscopus occipitalis,Western Crowned Warbler,0.7777,psl3,2024,05,21,06
726.0,729.0,Phylloscopus occipitalis,Western Crowned Warbler,0.6835,psl3,2024,05,21,06
735.0,738.0,Phylloscopus occipitalis,Western Crowned Warbler,0.6217,psl3,2024,05,21,06
744.0,747.0,Phylloscopus occipitalis,Western Crowned Warbler,0.9891,psl3,2024,05,21,06
753.0,756.0,Phylloscopus occipitalis,Western Crowned Warbler,0.9099,psl3,2024,05,21,06
762.0,765.0,Phylloscopus occipitalis,Western Crowned Warbler,0.842,psl3,2024,05,21,06
771.0,774.0,Phylloscopus occipitalis,Western Crowned Warbler,0.9101,psl3,2024,05,21,06
783.0,786.0,Phylloscopus occipitalis,Western Crowned Warbler,0.8999,psl3,2024,05,21,06
792.0,795.0,Phylloscopus occipitalis,Western Crowned Warbler,0.8324,psl3,2024,05,21,06
798.0,801.0,Phylloscopus occipitalis,Western Crowned Warbler,0.9714,psl3,2024,05,21,06
801.0,804.0,Phylloscopus occipitalis,Western Crowned Warbler,0.8136,psl3,2024,05,21,06
807.0,810.0,Phylloscopus occipitalis,Western Crowned Warbler,0.9239,psl3,2024,05,21,06
816.0,819.0,Phylloscopus occipitalis,Western Crowned Warbler,0.9767,psl3,2024,05,21,06
819.0,822.0,Phylloscopus occipitalis,Western Crowned Warbler,0.8245,psl3,2024,05,21,06
825.0,828.0,Phylloscopus occipitalis,Western Crowned Warbler,0.961,psl3,2024,05,21,06
828.0,831.0,Protonotaria citrea,Prothonotary Warbler,0.7496,psl3,2024,05,21,06
834.0,837.0,Phylloscopus occipitalis,Western Crowned Warbler,0.9043,psl3,2024,05,21,06
840.0,843.0,Phylloscopus reguloides,Blyth's Leaf Warbler,0.5987,psl3,2024,05,21,06
846.0,849.0,Phylloscopus trochiloides,Greenish Warbler,0.5202,psl3,2024,05,21,06
849.0,852.0,Phylloscopus occipitalis,Western Crowned Warbler,0.9533,psl3,2024,05,21,06
852.0,855.0,Phylloscopus nitidus,Green Warbler,0.5802,psl3,2024,05,21,06
855.0,858.0,Phylloscopus occipitalis,Western Crowned Warbler,0.9585,psl3,2024,05,21,06
858.0,861.0,Phylloscopus occipitalis,Western Crowned Warbler,0.7158,psl3,2024,05,21,06
861.0,864.0,Phylloscopus nitidus,Green Warbler,0.8621,psl3,2024,05,21,06
864.0,867.0,Phylloscopus occipitalis,Western Crowned Warbler,0.9848,psl3,2024,05,21,06
867.0,870.0,Phylloscopus occipitalis,Western Crowned Warbler,0.8681,psl3,2024,05,21,06
873.0,876.0,Phylloscopus occipitalis,Western Crowned Warbler,0.9762,psl3,2024,05,21,06
888.0,891.0,Phylloscopus occipitalis,Western Crowned Warbler,0.9936,psl3,2024,05,21,06
15.0,18.0,Phylloscopus chloronotus,Lemon-rumped Warbler,0.6909,psl3,2024,05,21,07
18.0,21.0,Phylloscopus chloronotus,Lemon-rumped Warbler,0.828,psl3,2024,05,21,07
33.0,36.0,Phylloscopus chloronotus,Lemon-rumped Warbler,0.7755,psl3,2024,05,21,07
57.0,60.0,Phylloscopus chloronotus,Lemon-rumped Warbler,0.656,psl3,2024,05,21,07
66.0,69.0,Phylloscopus occipitalis,Western Crowned Warbler,0.8107,psl3,2024,05,21,07
84.0,87.0,Phylloscopus occipitalis,Western Crowned Warbler,0.5238,psl3,2024,05,21,07
87.0,90.0,Phylloscopus occipitalis,Western Crowned Warbler,0.6977,psl3,2024,05,21,07
96.0,99.0,Phylloscopus occipitalis,Western Crowned Warbler,0.6327,psl3,2024,05,21,07
99.0,102.0,Phylloscopus occipitalis,Western Crowned Warbler,0.7454,psl3,2024,05,21,07
108.0,111.0,Protonotaria citrea,Prothonotary Warbler,0.8548,psl3,2024,05,21,07
111.0,114.0,Phylloscopus occipitalis,Western Crowned Warbler,0.5928,psl3,2024,05,21,07
168.0,171.0,Phylloscopus occipitalis,Western Crowned Warbler,0.5655,psl3,2024,05,21,07
177.0,180.0,Phylloscopus occipitalis,Western Crowned Warbler,0.9247,psl3,2024,05,21,07
180.0,183.0,Phylloscopus occipitalis,Western Crowned Warbler,0.5744,psl3,2024,05,21,07
183.0,186.0,Phylloscopus occipitalis,Western Crowned Warbler,0.6271,psl3,2024,05,21,07
198.0,201.0,Phylloscopus occipitalis,Western Crowned Warbler,0.6176,psl3,2024,05,21,07
207.0,210.0,Protonotaria citrea,Prothonotary Warbler,0.5667,psl3,2024,05,21,07
219.0,222.0,Protonotaria citrea,Prothonotary Warbler,0.5924,psl3,2024,05,21,07
249.0,252.0,Phylloscopus occipitalis,Western Crowned Warbler,0.7153,psl3,2024,05,21,07
279.0,282.0,Protonotaria citrea,Prothonotary Warbler,0.6121,psl3,2024,05,21,07
291.0,294.0,Phylloscopus occipitalis,Western Crowned Warbler,0.5524,psl3,2024,05,21,07
297.0,300.0,Phylloscopus occipitalis,Western Crowned Warbler,0.5011,psl3,2024,05,21,07
321.0,324.0,Phylloscopus occipitalis,Western Crowned Warbler,0.7744,psl3,2024,05,21,07
327.0,330.0,Phylloscopus occipitalis,Western Crowned Warbler,0.7632,psl3,2024,05,21,07
351.0,354.0,Phylloscopus occipitalis,Western Crowned Warbler,0.5615,psl3,2024,05,21,07
354.0,357.0,Phylloscopus occipitalis,Western Crowned Warbler,0.7521,psl3,2024,05,21,07
357.0,360.0,Phylloscopus occipitalis,Western Crowned Warbler,0.7504,psl3,2024,05,21,07
363.0,366.0,Phylloscopus occipitalis,Western Crowned Warbler,0.7193,psl3,2024,05,21,07
378.0,381.0,Phylloscopus occipitalis,Western Crowned Warbler,0.9139,psl3,2024,05,21,07
381.0,384.0,Phylloscopus occipitalis,Western Crowned Warbler,0.8411,psl3,2024,05,21,07
396.0,399.0,Phylloscopus occipitalis,Western Crowned Warbler,0.5211,psl3,2024,05,21,07
399.0,402.0,Phylloscopus occipitalis,Western Crowned Warbler,0.9663,psl3,2024,05,21,07
402.0,405.0,Phylloscopus occipitalis,Western Crowned Warbler,0.6599,psl3,2024,05,21,07
405.0,408.0,Phylloscopus occipitalis,Western Crowned Warbler,0.8209,psl3,2024,05,21,07
408.0,411.0,Phylloscopus occipitalis,Western Crowned Warbler,0.8063,psl3,2024,05,21,07
414.0,417.0,Phylloscopus occipitalis,Western Crowned Warbler,0.5268,psl3,2024,05,21,07
420.0,423.0,Phylloscopus occipitalis,Western Crowned Warbler,0.8471,psl3,2024,05,21,07
423.0,426.0,Phylloscopus occipitalis,Western Crowned Warbler,0.575,psl3,2024,05,21,07
450.0,453.0,Phylloscopus occipitalis,Western Crowned Warbler,0.68,psl3,2024,05,21,07
453.0,456.0,Phylloscopus occipitalis,Western Crowned Warbler,0.7625,psl3,2024,05,21,07
456.0,459.0,Phylloscopus occipitalis,Western Crowned Warbler,0.6537,psl3,2024,05,21,07
459.0,462.0,Phylloscopus occipitalis,Western Crowned Warbler,0.7122,psl3,2024,05,21,07
465.0,468.0,Phylloscopus occipitalis,Western Crowned Warbler,0.8391,psl3,2024,05,21,07
471.0,474.0,Phylloscopus occipitalis,Western Crowned Warbler,0.5173,psl3,2024,05,21,07
486.0,489.0,Phylloscopus occipitalis,Western Crowned Warbler,0.6239,psl3,2024,05,21,07
489.0,492.0,Phylloscopus occipitalis,Western Crowned Warbler,0.6294,psl3,2024,05,21,07
492.0,495.0,Phylloscopus occipitalis,Western Crowned Warbler,0.6203,psl3,2024,05,21,07
495.0,498.0,Phylloscopus occipitalis,Western Crowned Warbler,0.6837,psl3,2024,05,21,07
504.0,507.0,Phylloscopus occipitalis,Western Crowned Warbler,0.585,psl3,2024,05,21,07
708.0,711.0,Protonotaria citrea,Prothonotary Warbler,0.7401,psl3,2024,05,21,07
855.0,858.0,Phylloscopus occipitalis,Western Crowned Warbler,0.5007,psl3,2024,05,21,07
861.0,864.0,Phylloscopus occipitalis,Western Crowned Warbler,0.554,psl3,2024,05,21,07
891.0,894.0,Phylloscopus occipitalis,Western Crowned Warbler,0.6134,psl3,2024,05,21,07
39.0,42.0,Protonotaria citrea,Prothonotary Warbler,0.5354,psl3,2024,05,21,08
57.0,60.0,Phylloscopus occipitalis,Western Crowned Warbler,0.5979,psl3,2024,05,21,08
75.0,78.0,Protonotaria citrea,Prothonotary Warbler,0.939,psl3,2024,05,21,08
84.0,87.0,Protonotaria citrea,Prothonotary Warbler,0.8534,psl3,2024,05,21,08
93.0,96.0,Protonotaria citrea,Prothonotary Warbler,0.7576,psl3,2024,05,21,08
102.0,105.0,Protonotaria citrea,Prothonotary Warbler,0.9312,psl3,2024,05,21,08
201.0,204.0,Protonotaria citrea,Prothonotary Warbler,0.7056,psl3,2024,05,21,08
201.0,204.0,Phylloscopus occipitalis,Western Crowned Warbler,0.6416,psl3,2024,05,21,08
219.0,222.0,Phylloscopus occipitalis,Western Crowned Warbler,0.5455,psl3,2024,05,21,08
255.0,258.0,Phylloscopus occipitalis,Western Crowned Warbler,0.8351,psl3,2024,05,21,08
279.0,282.0,Phylloscopus occipitalis,Western Crowned Warbler,0.8255,psl3,2024,05,21,08
333.0,336.0,Phylloscopus occipitalis,Western Crowned Warbler,0.9851,psl3,2024,05,21,08
360.0,363.0,Phylloscopus occipitalis,Western Crowned Warbler,0.9932,psl3,2024,05,21,08
372.0,375.0,Phylloscopus occipitalis,Western Crowned Warbler,0.9636,psl3,2024,05,21,08
375.0,378.0,Phylloscopus occipitalis,Western Crowned Warbler,0.9478,psl3,2024,05,21,08
381.0,384.0,Phylloscopus occipitalis,Western Crowned Warbler,0.8902,psl3,2024,05,21,08
384.0,387.0,Phylloscopus occipitalis,Western Crowned Warbler,0.9803,psl3,2024,05,21,08
402.0,405.0,Phylloscopus occipitalis,Western Crowned Warbler,0.9863,psl3,2024,05,21,08
420.0,423.0,Phylloscopus occipitalis,Western Crowned Warbler,0.6267,psl3,2024,05,21,08
426.0,429.0,Phylloscopus occipitalis,Western Crowned Warbler,0.9036,psl3,2024,05,21,08
429.0,432.0,Phylloscopus occipitalis,Western Crowned Warbler,0.9834,psl3,2024,05,21,08
450.0,453.0,Phylloscopus occipitalis,Western Crowned Warbler,0.8828,psl3,2024,05,21,08
453.0,456.0,Phylloscopus occipitalis,Western Crowned Warbler,0.9319,psl3,2024,05,21,08
462.0,465.0,Phylloscopus occipitalis,Western Crowned Warbler,0.9857,psl3,2024,05,21,08
465.0,468.0,Phylloscopus occipitalis,Western Crowned Warbler,0.7224,psl3,2024,05,21,08
471.0,474.0,Phylloscopus occipitalis,Western Crowned Warbler,0.546,psl3,2024,05,21,08
486.0,489.0,Phylloscopus occipitalis,Western Crowned Warbler,0.97,psl3,2024,05,21,08
501.0,504.0,Phylloscopus occipitalis,Western Crowned Warbler,0.8044,psl3,2024,05,21,08
519.0,522.0,Protonotaria citrea,Prothonotary Warbler,0.7728,psl3,2024,05,21,08
534.0,537.0,Phylloscopus occipitalis,Western Crowned Warbler,0.7203,psl3,2024,05,21,08
585.0,588.0,Phylloscopus occipitalis,Western Crowned Warbler,0.9837,psl3,2024,05,21,08
585.0,588.0,Protonotaria citrea,Prothonotary Warbler,0.5944,psl3,2024,05,21,08
627.0,630.0,Protonotaria citrea,Prothonotary Warbler,0.5729,psl3,2024,05,21,08
630.0,633.0,Phylloscopus occipitalis,Western Crowned Warbler,0.5541,psl3,2024,05,21,08
636.0,639.0,Phylloscopus occipitalis,Western Crowned Warbler,0.9937,psl3,2024,05,21,08
639.0,642.0,Phylloscopus occipitalis,Western Crowned Warbler,0.6638,psl3,2024,05,21,08
645.0,648.0,Phylloscopus occipitalis,Western Crowned Warbler,0.9848,psl3,2024,05,21,08
648.0,651.0,Phylloscopus occipitalis,Western Crowned Warbler,0.9661,psl3,2024,05,21,08
654.0,657.0,Phylloscopus occipitalis,Western Crowned Warbler,0.9756,psl3,2024,05,21,08
657.0,660.0,Phylloscopus occipitalis,Western Crowned Warbler,0.982,psl3,2024,05,21,08
663.0,666.0,Phylloscopus occipitalis,Western Crowned Warbler,0.9995,psl3,2024,05,21,08
672.0,675.0,Phylloscopus occipitalis,Western Crowned Warbler,0.9743,psl3,2024,05,21,08
675.0,678.0,Phylloscopus occipitalis,Western Crowned Warbler,0.9102,psl3,2024,05,21,08
681.0,684.0,Phylloscopus occipitalis,Western Crowned Warbler,0.9921,psl3,2024,05,21,08
684.0,687.0,Phylloscopus occipitalis,Western Crowned Warbler,0.9817,psl3,2024,05,21,08
690.0,693.0,Phylloscopus occipitalis,Western Crowned Warbler,0.8886,psl3,2024,05,21,08
693.0,696.0,Phylloscopus occipitalis,Western Crowned Warbler,0.5739,psl3,2024,05,21,08
696.0,699.0,Protonotaria citrea,Prothonotary Warbler,0.969,psl3,2024,05,21,08
699.0,702.0,Phylloscopus occipitalis,Western Crowned Warbler,0.926,psl3,2024,05,21,08
702.0,705.0,Phylloscopus occipitalis,Western Crowned Warbler,0.5629,psl3,2024,05,21,08
708.0,711.0,Phylloscopus occipitalis,Western Crowned Warbler,0.6354,psl3,2024,05,21,08
711.0,714.0,Phylloscopus occipitalis,Western Crowned Warbler,0.5431,psl3,2024,05,21,08
720.0,723.0,Phylloscopus occipitalis,Western Crowned Warbler,0.5678,psl3,2024,05,21,08
729.0,732.0,Phylloscopus occipitalis,Western Crowned Warbler,0.7832,psl3,2024,05,21,08
738.0,741.0,Phylloscopus occipitalis,Western Crowned Warbler,0.7006,psl3,2024,05,21,08
750.0,753.0,Phylloscopus occipitalis,Western Crowned Warbler,0.9708,psl3,2024,05,21,08
762.0,765.0,Phylloscopus occipitalis,Western Crowned Warbler,0.9658,psl3,2024,05,21,08
765.0,768.0,Phylloscopus occipitalis,Western Crowned Warbler,0.9702,psl3,2024,05,21,08
777.0,780.0,Phylloscopus occipitalis,Western Crowned Warbler,0.8931,psl3,2024,05,21,08
777.0,780.0,Protonotaria citrea,Prothonotary Warbler,0.6261,psl3,2024,05,21,08
780.0,783.0,Phylloscopus occipitalis,Western Crowned Warbler,0.9702,psl3,2024,05,21,08
795.0,798.0,Phylloscopus occipitalis,Western Crowned Warbler,0.9691,psl3,2024,05,21,08
819.0,822.0,Phylloscopus occipitalis,Western Crowned Warbler,0.8011,psl3,2024,05,21,08
831.0,834.0,Phylloscopus occipitalis,Western Crowned Warbler,0.9996,psl3,2024,05,21,08
834.0,837.0,Phylloscopus occipitalis,Western Crowned Warbler,0.9996,psl3,2024,05,21,08
837.0,840.0,Phylloscopus occipitalis,Western Crowned Warbler,0.524,psl3,2024,05,21,08
846.0,849.0,Phylloscopus occipitalis,Western Crowned Warbler,0.7855,psl3,2024,05,21,08
852.0,855.0,Phylloscopus occipitalis,Western Crowned Warbler,0.9921,psl3,2024,05,21,08
855.0,858.0,Phylloscopus occipitalis,Western Crowned Warbler,0.9854,psl3,2024,05,21,08
864.0,867.0,Phylloscopus occipitalis,Western Crowned Warbler,0.9931,psl3,2024,05,21,08
867.0,870.0,Phylloscopus occipitalis,Western Crowned Warbler,0.9403,psl3,2024,05,21,08
888.0,891.0,Phylloscopus occipitalis,Western Crowned Warbler,0.9512,psl3,2024,05,21,08
891.0,894.0,Phylloscopus occipitalis,Western Crowned Warbler,0.8686,psl3,2024,05,21,08
21.0,24.0,Trochalopteron variegatum,Variegated Laughingthrush,0.9777,psl3,2024,05,21,09
24.0,27.0,Phylloscopus occipitalis,Western Crowned Warbler,0.7694,psl3,2024,05,21,09
51.0,54.0,Trochalopteron variegatum,Variegated Laughingthrush,0.7787,psl3,2024,05,21,09
66.0,69.0,Protonotaria citrea,Prothonotary Warbler,0.7943,psl3,2024,05,21,09
117.0,120.0,Phylloscopus occipitalis,Western Crowned Warbler,0.6723,psl3,2024,05,21,09
150.0,153.0,Trochalopteron variegatum,Variegated Laughingthrush,0.7894,psl3,2024,05,21,09
159.0,162.0,Trochalopteron variegatum,Variegated Laughingthrush,0.9177,psl3,2024,05,21,09
162.0,165.0,Protonotaria citrea,Prothonotary Warbler,0.5107,psl3,2024,05,21,09
171.0,174.0,Trochalopteron variegatum,Variegated Laughingthrush,0.967,psl3,2024,05,21,09
180.0,183.0,Trochalopteron variegatum,Variegated Laughingthrush,0.6657,psl3,2024,05,21,09
201.0,204.0,Trochalopteron variegatum,Variegated Laughingthrush,0.6416,psl3,2024,05,21,09
204.0,207.0,Phylloscopus occipitalis,Western Crowned Warbler,0.8178,psl3,2024,05,21,09
210.0,213.0,Carpodacus erythrinus,Common Rosefinch,0.7316,psl3,2024,05,21,09
222.0,225.0,Trochalopteron variegatum,Variegated Laughingthrush,0.8053,psl3,2024,05,21,09
228.0,231.0,Trochalopteron variegatum,Variegated Laughingthrush,0.7713,psl3,2024,05,21,09
240.0,243.0,Trochalopteron variegatum,Variegated Laughingthrush,0.7041,psl3,2024,05,21,09
264.0,267.0,Trochalopteron variegatum,Variegated Laughingthrush,0.9808,psl3,2024,05,21,09
267.0,270.0,Phylloscopus trochiloides,Greenish Warbler,0.5517,psl3,2024,05,21,09
282.0,285.0,Trochalopteron variegatum,Variegated Laughingthrush,0.8382,psl3,2024,05,21,09
294.0,297.0,Trochalopteron variegatum,Variegated Laughingthrush,0.8571,psl3,2024,05,21,09
384.0,387.0,Trochalopteron variegatum,Variegated Laughingthrush,0.5413,psl3,2024,05,21,09
408.0,411.0,Phylloscopus occipitalis,Western Crowned Warbler,0.5541,psl3,2024,05,21,09
414.0,417.0,Phylloscopus occipitalis,Western Crowned Warbler,0.7148,psl3,2024,05,21,09
498.0,501.0,Trochalopteron variegatum,Variegated Laughingthrush,0.7932,psl3,2024,05,21,09
504.0,507.0,Trochalopteron variegatum,Variegated Laughingthrush,0.9385,psl3,2024,05,21,09
549.0,552.0,Phylloscopus occipitalis,Western Crowned Warbler,0.5119,psl3,2024,05,21,09
561.0,564.0,Phylloscopus occipitalis,Western Crowned Warbler,0.7815,psl3,2024,05,21,09
627.0,630.0,Phylloscopus occipitalis,Western Crowned Warbler,0.5972,psl3,2024,05,21,09
636.0,639.0,Trochalopteron variegatum,Variegated Laughingthrush,0.862,psl3,2024,05,21,09
648.0,651.0,Phylloscopus occipitalis,Western Crowned Warbler,0.9608,psl3,2024,05,21,09
651.0,654.0,Phylloscopus occipitalis,Western Crowned Warbler,0.8206,psl3,2024,05,21,09
660.0,663.0,Phylloscopus occipitalis,Western Crowned Warbler,0.6367,psl3,2024,05,21,09
660.0,663.0,Protonotaria citrea,Prothonotary Warbler,0.5126,psl3,2024,05,21,09
669.0,672.0,Phylloscopus occipitalis,Western Crowned Warbler,0.6146,psl3,2024,05,21,09
696.0,699.0,Protonotaria citrea,Prothonotary Warbler,0.796,psl3,2024,05,21,09
819.0,822.0,Phylloscopus occipitalis,Western Crowned Warbler,0.6399,psl3,2024,05,21,09
822.0,825.0,Phylloscopus occipitalis,Western Crowned Warbler,0.8055,psl3,2024,05,21,09
825.0,828.0,Phylloscopus nitidus,Green Warbler,0.653,psl3,2024,05,21,09
0.0,3.0,Phylloscopus occipitalis,Western Crowned Warbler,0.7388,psl3,2024,05,22,06
21.0,24.0,Phylloscopus occipitalis,Western Crowned Warbler,0.8421,psl3,2024,05,22,06
39.0,42.0,Phylloscopus occipitalis,Western Crowned Warbler,0.8198,psl3,2024,05,22,06
45.0,48.0,Phylloscopus occipitalis,Western Crowned Warbler,0.9804,psl3,2024,05,22,06
54.0,57.0,Phylloscopus occipitalis,Western Crowned Warbler,0.9417,psl3,2024,05,22,06
57.0,60.0,Phylloscopus occipitalis,Western Crowned Warbler,0.9082,psl3,2024,05,22,06
63.0,66.0,Phylloscopus occipitalis,Western Crowned Warbler,0.96,psl3,2024,05,22,06
66.0,69.0,Phylloscopus occipitalis,Western Crowned Warbler,0.907,psl3,2024,05,22,06
69.0,72.0,Phylloscopus occipitalis,Western Crowned Warbler,0.8586,psl3,2024,05,22,06
72.0,75.0,Phylloscopus occipitalis,Western Crowned Warbler,0.9969,psl3,2024,05,22,06
72.0,75.0,Poospiza nigrorufa,Black-and-rufous Warbling Finch,0.6323,psl3,2024,05,22,06
75.0,78.0,Phylloscopus occipitalis,Western Crowned Warbler,0.9987,psl3,2024,05,22,06
78.0,81.0,Phylloscopus trochiloides,Greenish Warbler,0.5493,psl3,2024,05,22,06
78.0,81.0,Phylloscopus occipitalis,Western Crowned Warbler,0.5097,psl3,2024,05,22,06
81.0,84.0,Phylloscopus occipitalis,Western Crowned Warbler,0.9976,psl3,2024,05,22,06
84.0,87.0,Phylloscopus occipitalis,Western Crowned Warbler,0.9998,psl3,2024,05,22,06
87.0,90.0,Phylloscopus occipitalis,Western Crowned Warbler,0.6216,psl3,2024,05,22,06
90.0,93.0,Phylloscopus occipitalis,Western Crowned Warbler,0.5538,psl3,2024,05,22,06
93.0,96.0,Phylloscopus occipitalis,Western Crowned Warbler,0.9837,psl3,2024,05,22,06
96.0,99.0,Phylloscopus occipitalis,Western Crowned Warbler,0.8043,psl3,2024,05,22,06
102.0,105.0,Phylloscopus occipitalis,Western Crowned Warbler,0.9725,psl3,2024,05,22,06
108.0,111.0,Phylloscopus nitidus,Green Warbler,0.926,psl3,2024,05,22,06
111.0,114.0,Phylloscopus trochiloides,Greenish Warbler,0.5704,psl3,2024,05,22,06
111.0,114.0,Phylloscopus nitidus,Green Warbler,0.5064,psl3,2024,05,22,06
114.0,117.0,Phylloscopus occipitalis,Western Crowned Warbler,0.7489,psl3,2024,05,22,06
132.0,135.0,Phylloscopus occipitalis,Western Crowned Warbler,0.5216,psl3,2024,05,22,06
150.0,153.0,Phylloscopus trochiloides,Greenish Warbler,0.6265,psl3,2024,05,22,06
171.0,174.0,Phylloscopus nitidus,Green Warbler,0.9565,psl3,2024,05,22,06
192.0,195.0,Phylloscopus plumbeitarsus,Two-barred Warbler,0.7416,psl3,2024,05,22,06
207.0,210.0,Phylloscopus nitidus,Green Warbler,0.8315,psl3,2024,05,22,06
210.0,213.0,Phylloscopus occipitalis,Western Crowned Warbler,0.8123,psl3,2024,05,22,06
213.0,216.0,Basileuterus rufifrons,Rufous-capped Warbler,0.7694,psl3,2024,05,22,06
216.0,219.0,Phylloscopus occipitalis,Western Crowned Warbler,0.9873,psl3,2024,05,22,06
219.0,222.0,Phylloscopus occipitalis,Western Crowned Warbler,0.9211,psl3,2024,05,22,06
219.0,222.0,Phylloscopus reguloides,Blyth's Leaf Warbler,0.5099,psl3,2024,05,22,06
237.0,240.0,Phylloscopus occipitalis,Western Crowned Warbler,0.9768,psl3,2024,05,22,06
279.0,282.0,Phylloscopus occipitalis,Western Crowned Warbler,0.7435,psl3,2024,05,22,06
300.0,303.0,Phylloscopus occipitalis,Western Crowned Warbler,0.7769,psl3,2024,05,22,06
342.0,345.0,Phylloscopus occipitalis,Western Crowned Warbler,0.5754,psl3,2024,05,22,06
354.0,357.0,Phylloscopus occipitalis,Western Crowned Warbler,0.6793,psl3,2024,05,22,06
357.0,360.0,Phylloscopus occipitalis,Western Crowned Warbler,0.9564,psl3,2024,05,22,06
360.0,363.0,Phylloscopus occipitalis,Western Crowned Warbler,0.9924,psl3,2024,05,22,06
366.0,369.0,Phylloscopus occipitalis,Western Crowned Warbler,0.957,psl3,2024,05,22,06
375.0,378.0,Phylloscopus occipitalis,Western Crowned Warbler,0.8842,psl3,2024,05,22,06
390.0,393.0,Onychognathus tristramii,Tristram's Starling,0.7688,psl3,2024,05,22,06
390.0,393.0,Trochalopteron variegatum,Variegated Laughingthrush,0.5016,psl3,2024,05,22,06
402.0,405.0,Protonotaria citrea,Prothonotary Warbler,0.6647,psl3,2024,05,22,06
405.0,408.0,Trochalopteron variegatum,Variegated Laughingthrush,0.5667,psl3,2024,05,22,06
411.0,414.0,Phylloscopus occipitalis,Western Crowned Warbler,0.6377,psl3,2024,05,22,06
447.0,450.0,Phylloscopus nitidus,Green Warbler,0.5003,psl3,2024,05,22,06
453.0,456.0,Trochalopteron variegatum,Variegated Laughingthrush,0.5494,psl3,2024,05,22,06
504.0,507.0,Trochalopteron variegatum,Variegated Laughingthrush,0.606,psl3,2024,05,22,06
516.0,519.0,Trochalopteron variegatum,Variegated Laughingthrush,0.5793,psl3,2024,05,22,06
528.0,531.0,Phylloscopus occipitalis,Western Crowned Warbler,0.567,psl3,2024,05,22,06
531.0,534.0,Trochalopteron variegatum,Variegated Laughingthrush,0.9134,psl3,2024,05,22,06
534.0,537.0,Trochalopteron variegatum,Variegated Laughingthrush,0.9781,psl3,2024,05,22,06
540.0,543.0,Trochalopteron variegatum,Variegated Laughingthrush,0.586,psl3,2024,05,22,06
543.0,546.0,Trochalopteron variegatum,Variegated Laughingthrush,0.8476,psl3,2024,05,22,06
546.0,549.0,Trochalopteron variegatum,Variegated Laughingthrush,0.9374,psl3,2024,05,22,06
549.0,552.0,Trochalopteron variegatum,Variegated Laughingthrush,0.5369,psl3,2024,05,22,06
552.0,555.0,Trochalopteron variegatum,Variegated Laughingthrush,0.8129,psl3,2024,05,22,06
555.0,558.0,Trochalopteron variegatum,Variegated Laughingthrush,0.7541,psl3,2024,05,22,06
573.0,576.0,Phylloscopus occipitalis,Western Crowned Warbler,0.8862,psl3,2024,05,22,06
579.0,582.0,Phylloscopus occipitalis,Western Crowned Warbler,0.7336,psl3,2024,05,22,06
582.0,585.0,Phylloscopus occipitalis,Western Crowned Warbler,0.9449,psl3,2024,05,22,06
585.0,588.0,Phylloscopus occipitalis,Western Crowned Warbler,0.9335,psl3,2024,05,22,06
591.0,594.0,Phylloscopus occipitalis,Western Crowned Warbler,0.9798,psl3,2024,05,22,06
594.0,597.0,Phylloscopus occipitalis,Western Crowned Warbler,0.6859,psl3,2024,05,22,06
597.0,600.0,Phylloscopus occipitalis,Western Crowned Warbler,0.5308,psl3,2024,05,22,06
600.0,603.0,Phylloscopus occipitalis,Western Crowned Warbler,0.6885,psl3,2024,05,22,06
603.0,606.0,Phylloscopus occipitalis,Western Crowned Warbler,0.9967,psl3,2024,05,22,06
603.0,606.0,Protonotaria citrea,Prothonotary Warbler,0.7122,psl3,2024,05,22,06
606.0,609.0,Phylloscopus occipitalis,Western Crowned Warbler,0.968,psl3,2024,05,22,06
609.0,612.0,Phylloscopus occipitalis,Western Crowned Warbler,0.8871,psl3,2024,05,22,06
612.0,615.0,Phylloscopus occipitalis,Western Crowned Warbler,0.9993,psl3,2024,05,22,06
618.0,621.0,Phylloscopus occipitalis,Western Crowned Warbler,0.995,psl3,2024,05,22,06
627.0,630.0,Trochalopteron variegatum,Variegated Laughingthrush,0.7247,psl3,2024,05,22,06
633.0,636.0,Phylloscopus occipitalis,Western Crowned Warbler,0.9326,psl3,2024,05,22,06
642.0,645.0,Phylloscopus occipitalis,Western Crowned Warbler,0.799,psl3,2024,05,22,06
645.0,648.0,Phylloscopus occipitalis,Western Crowned Warbler,0.8636,psl3,2024,05,22,06
660.0,663.0,Phylloscopus occipitalis,Western Crowned Warbler,0.9897,psl3,2024,05,22,06
663.0,666.0,Trochalopteron variegatum,Variegated Laughingthrush,0.7794,psl3,2024,05,22,06
666.0,669.0,Trochalopteron variegatum,Variegated Laughingthrush,0.5257,psl3,2024,05,22,06
669.0,672.0,Phylloscopus occipitalis,Western Crowned Warbler,0.9816,psl3,2024,05,22,06
672.0,675.0,Phylloscopus occipitalis,Western Crowned Warbler,0.8817,psl3,2024,05,22,06
681.0,684.0,Trochalopteron variegatum,Variegated Laughingthrush,0.593,psl3,2024,05,22,06
687.0,690.0,Trochalopteron variegatum,Variegated Laughingthrush,0.6282,psl3,2024,05,22,06
690.0,693.0,Trochalopteron variegatum,Variegated Laughingthrush,0.7027,psl3,2024,05,22,06
693.0,696.0,Onychognathus tristramii,Tristram's Starling,0.5377,psl3,2024,05,22,06
699.0,702.0,Trochalopteron variegatum,Variegated Laughingthrush,0.7762,psl3,2024,05,22,06
702.0,705.0,Phylloscopus occipitalis,Western Crowned Warbler,0.9684,psl3,2024,05,22,06
705.0,708.0,Trochalopteron variegatum,Variegated Laughingthrush,0.5256,psl3,2024,05,22,06
708.0,711.0,Trochalopteron variegatum,Variegated Laughingthrush,0.9223,psl3,2024,05,22,06
714.0,717.0,Phylloscopus occipitalis,Western Crowned Warbler,0.6773,psl3,2024,05,22,06
717.0,720.0,Trochalopteron variegatum,Variegated Laughingthrush,0.9184,psl3,2024,05,22,06
717.0,720.0,Trochalopteron erythrocephalum,Chestnut-crowned Laughingthrush,0.637,psl3,2024,05,22,06
720.0,723.0,Trochalopteron variegatum,Variegated Laughingthrush,0.9898,psl3,2024,05,22,06
723.0,726.0,Phylloscopus occipitalis,Western Crowned Warbler,0.7245,psl3,2024,05,22,06
726.0,729.0,Trochalopteron variegatum,Variegated Laughingthrush,0.6401,psl3,2024,05,22,06
729.0,732.0,Trochalopteron variegatum,Variegated Laughingthrush,0.9174,psl3,2024,05,22,06
738.0,741.0,Phylloscopus occipitalis,Western Crowned Warbler,0.7937,psl3,2024,05,22,06
747.0,750.0,Phylloscopus occipitalis,Western Crowned Warbler,0.9771,psl3,2024,05,22,06
765.0,768.0,Phylloscopus occipitalis,Western Crowned Warbler,0.9157,psl3,2024,05,22,06
774.0,777.0,Phylloscopus occipitalis,Western Crowned Warbler,0.9558,psl3,2024,05,22,06
882.0,885.0,Phylloscopus occipitalis,Western Crowned Warbler,0.7317,psl3,2024,05,22,06
0.0,3.0,Protonotaria citrea,Prothonotary Warbler,0.9374,psl3,2024,05,22,07
6.0,9.0,Phylloscopus occipitalis,Western Crowned Warbler,0.894,psl3,2024,05,22,07
12.0,15.0,Phylloscopus occipitalis,Western Crowned Warbler,0.6599,psl3,2024,05,22,07
18.0,21.0,Phylloscopus occipitalis,Western Crowned Warbler,0.9866,psl3,2024,05,22,07
21.0,24.0,Phylloscopus occipitalis,Western Crowned Warbler,0.9915,psl3,2024,05,22,07
24.0,27.0,Phylloscopus occipitalis,Western Crowned Warbler,0.887,psl3,2024,05,22,07
30.0,33.0,Phylloscopus occipitalis,Western Crowned Warbler,0.991,psl3,2024,05,22,07
36.0,39.0,Phylloscopus occipitalis,Western Crowned Warbler,0.9985,psl3,2024,05,22,07
39.0,42.0,Phylloscopus occipitalis,Western Crowned Warbler,0.9988,psl3,2024,05,22,07
42.0,45.0,Phylloscopus occipitalis,Western Crowned Warbler,0.9722,psl3,2024,05,22,07
45.0,48.0,Phylloscopus occipitalis,Western Crowned Warbler,0.9636,psl3,2024,05,22,07
48.0,51.0,Phylloscopus occipitalis,Western Crowned Warbler,0.9942,psl3,2024,05,22,07
51.0,54.0,Phylloscopus occipitalis,Western Crowned Warbler,0.9726,psl3,2024,05,22,07
54.0,57.0,Phylloscopus occipitalis,Western Crowned Warbler,0.9586,psl3,2024,05,22,07
57.0,60.0,Phylloscopus occipitalis,Western Crowned Warbler,0.9995,psl3,2024,05,22,07
60.0,63.0,Phylloscopus occipitalis,Western Crowned Warbler,0.5225,psl3,2024,05,22,07
63.0,66.0,Phylloscopus occipitalis,Western Crowned Warbler,0.9972,psl3,2024,05,22,07
66.0,69.0,Phylloscopus occipitalis,Western Crowned Warbler,0.9741,psl3,2024,05,22,07
69.0,72.0,Phylloscopus occipitalis,Western Crowned Warbler,0.9756,psl3,2024,05,22,07
72.0,75.0,Phylloscopus occipitalis,Western Crowned Warbler,0.9608,psl3,2024,05,22,07
75.0,78.0,Phylloscopus occipitalis,Western Crowned Warbler,0.9347,psl3,2024,05,22,07
78.0,81.0,Phylloscopus occipitalis,Western Crowned Warbler,0.8387,psl3,2024,05,22,07
87.0,90.0,Phylloscopus occipitalis,Western Crowned Warbler,0.983,psl3,2024,05,22,07
90.0,93.0,Phylloscopus occipitalis,Western Crowned Warbler,0.8919,psl3,2024,05,22,07
93.0,96.0,Phylloscopus occipitalis,Western Crowned Warbler,0.9095,psl3,2024,05,22,07
96.0,99.0,Protonotaria citrea,Prothonotary Warbler,0.7519,psl3,2024,05,22,07
96.0,99.0,Phylloscopus occipitalis,Western Crowned Warbler,0.6726,psl3,2024,05,22,07
102.0,105.0,Phylloscopus occipitalis,Western Crowned Warbler,0.8166,psl3,2024,05,22,07
108.0,111.0,Phylloscopus occipitalis,Western Crowned Warbler,0.7982,psl3,2024,05,22,07
114.0,117.0,Phylloscopus occipitalis,Western Crowned Warbler,0.956,psl3,2024,05,22,07
117.0,120.0,Phylloscopus occipitalis,Western Crowned Warbler,0.8719,psl3,2024,05,22,07
123.0,126.0,Phylloscopus occipitalis,Western Crowned Warbler,0.9562,psl3,2024,05,22,07
129.0,132.0,Phylloscopus occipitalis,Western Crowned Warbler,0.9344,psl3,2024,05,22,07
138.0,141.0,Protonotaria citrea,Prothonotary Warbler,0.5427,psl3,2024,05,22,07
141.0,144.0,Phylloscopus occipitalis,Western Crowned Warbler,0.8359,psl3,2024,05,22,07
144.0,147.0,Phylloscopus occipitalis,Western Crowned Warbler,0.9468,psl3,2024,05,22,07
150.0,153.0,Protonotaria citrea,Prothonotary Warbler,0.8743,psl3,2024,05,22,07
150.0,153.0,Phylloscopus occipitalis,Western Crowned Warbler,0.6361,psl3,2024,05,22,07
159.0,162.0,Phylloscopus occipitalis,Western Crowned Warbler,0.705,psl3,2024,05,22,07
168.0,171.0,Phylloscopus occipitalis,Western Crowned Warbler,0.8368,psl3,2024,05,22,07
183.0,186.0,Protonotaria citrea,Prothonotary Warbler,0.6229,psl3,2024,05,22,07
192.0,195.0,Protonotaria citrea,Prothonotary Warbler,0.8067,psl3,2024,05,22,07
195.0,198.0,Protonotaria citrea,Prothonotary Warbler,0.6996,psl3,2024,05,22,07
267.0,270.0,Carduelis carduelis,European Goldfinch,0.6535,psl3,2024,05,22,07
450.0,453.0,Protonotaria citrea,Prothonotary Warbler,0.5957,psl3,2024,05,22,07
615.0,618.0,Phylloscopus nitidus,Green Warbler,0.6884,psl3,2024,05,22,07
738.0,741.0,Protonotaria citrea,Prothonotary Warbler,0.8942,psl3,2024,05,22,07
744.0,747.0,Phylloscopus collybita,Common Chiffchaff,0.5233,psl3,2024,05,22,07
798.0,801.0,Phylloscopus occipitalis,Western Crowned Warbler,0.8114,psl3,2024,05,22,07
813.0,816.0,Protonotaria citrea,Prothonotary Warbler,0.9341,psl3,2024,05,22,07
816.0,819.0,Protonotaria citrea,Prothonotary Warbler,0.5985,psl3,2024,05,22,07
846.0,849.0,Basileuterus rufifrons,Rufous-capped Warbler,0.575,psl3,2024,05,22,07
867.0,870.0,Protonotaria citrea,Prothonotary Warbler,0.7873,psl3,2024,05,22,07
891.0,894.0,Phylloscopus occipitalis,Western Crowned Warbler,0.8473,psl3,2024,05,22,07
894.0,897.0,Phylloscopus occipitalis,Western Crowned Warbler,0.743,psl3,2024,05,22,07
588.0,591.0,Periparus ater,Coal Tit,0.7734,psl3,2024,05,22,08
618.0,621.0,Protonotaria citrea,Prothonotary Warbler,0.9124,psl3,2024,05,22,08
711.0,714.0,Phylloscopus occipitalis,Western Crowned Warbler,0.5935,psl3,2024,05,22,08
861.0,864.0,Poecile palustris,Marsh Tit,0.7297,psl3,2024,05,22,08
201.0,204.0,Ciccaba albitarsis,Rufous-banded Owl,0.7204,psl3,2024,05,22,09
246.0,249.0,Protonotaria citrea,Prothonotary Warbler,0.6143,psl3,2024,05,22,09
771.0,774.0,Phylloscopus trochiloides,Greenish Warbler,0.6773,psl3,2024,05,22,09
816.0,819.0,Phylloscopus nitidus,Green Warbler,0.6798,psl3,2024,05,22,09
141.0,144.0,Phylloscopus occipitalis,Western Crowned Warbler,0.9151,psl3,2024,05,23,06
144.0,147.0,Phylloscopus occipitalis,Western Crowned Warbler,0.9547,psl3,2024,05,23,06
147.0,150.0,Phylloscopus occipitalis,Western Crowned Warbler,0.6969,psl3,2024,05,23,06
150.0,153.0,Phylloscopus occipitalis,Western Crowned Warbler,0.8164,psl3,2024,05,23,06
159.0,162.0,Phylloscopus occipitalis,Western Crowned Warbler,0.6166,psl3,2024,05,23,06
168.0,171.0,Phylloscopus occipitalis,Western Crowned Warbler,0.5027,psl3,2024,05,23,06
174.0,177.0,Phylloscopus occipitalis,Western Crowned Warbler,0.5867,psl3,2024,05,23,06
183.0,186.0,Phylloscopus occipitalis,Western Crowned Warbler,0.8087,psl3,2024,05,23,06
192.0,195.0,Phylloscopus occipitalis,Western Crowned Warbler,0.7296,psl3,2024,05,23,06
198.0,201.0,Phylloscopus occipitalis,Western Crowned Warbler,0.8766,psl3,2024,05,23,06
201.0,204.0,Phylloscopus occipitalis,Western Crowned Warbler,0.6287,psl3,2024,05,23,06
204.0,207.0,Phylloscopus occipitalis,Western Crowned Warbler,0.8031,psl3,2024,05,23,06
213.0,216.0,Phylloscopus tytleri,Tytler's Leaf Warbler,0.5403,psl3,2024,05,23,06
213.0,216.0,Phylloscopus occipitalis,Western Crowned Warbler,0.5142,psl3,2024,05,23,06
219.0,222.0,Phylloscopus occipitalis,Western Crowned Warbler,0.7486,psl3,2024,05,23,06
225.0,228.0,Phylloscopus occipitalis,Western Crowned Warbler,0.8523,psl3,2024,05,23,06
231.0,234.0,Protonotaria citrea,Prothonotary Warbler,0.5328,psl3,2024,05,23,06
237.0,240.0,Phylloscopus occipitalis,Western Crowned Warbler,0.6223,psl3,2024,05,23,06
240.0,243.0,Protonotaria citrea,Prothonotary Warbler,0.7613,psl3,2024,05,23,06
243.0,246.0,Protonotaria citrea,Prothonotary Warbler,0.7178,psl3,2024,05,23,06
243.0,246.0,Phylloscopus occipitalis,Western Crowned Warbler,0.5512,psl3,2024,05,23,06
246.0,249.0,Phylloscopus occipitalis,Western Crowned Warbler,0.8261,psl3,2024,05,23,06
246.0,249.0,Protonotaria citrea,Prothonotary Warbler,0.5228,psl3,2024,05,23,06
249.0,252.0,Phylloscopus occipitalis,Western Crowned Warbler,0.7459,psl3,2024,05,23,06
279.0,282.0,Phylloscopus occipitalis,Western Crowned Warbler,0.5349,psl3,2024,05,23,06
291.0,294.0,Phylloscopus occipitalis,Western Crowned Warbler,0.6141,psl3,2024,05,23,06
345.0,348.0,Phylloscopus occipitalis,Western Crowned Warbler,0.5963,psl3,2024,05,23,06
360.0,363.0,Protonotaria citrea,Prothonotary Warbler,0.724,psl3,2024,05,23,06
363.0,366.0,Protonotaria citrea,Prothonotary Warbler,0.6093,psl3,2024,05,23,06
381.0,384.0,Phylloscopus occipitalis,Western Crowned Warbler,0.5837,psl3,2024,05,23,06
684.0,687.0,Phylloscopus occipitalis,Western Crowned Warbler,0.9096,psl3,2024,05,23,06
687.0,690.0,Phylloscopus occipitalis,Western Crowned Warbler,0.6568,psl3,2024,05,23,06
696.0,699.0,Phylloscopus occipitalis,Western Crowned Warbler,0.7766,psl3,2024,05,23,06
732.0,735.0,Phylloscopus occipitalis,Western Crowned Warbler,0.8258,psl3,2024,05,23,06
738.0,741.0,Phylloscopus occipitalis,Western Crowned Warbler,0.7646,psl3,2024,05,23,06
750.0,753.0,Protonotaria citrea,Prothonotary Warbler,0.8108,psl3,2024,05,23,06
753.0,756.0,Protonotaria citrea,Prothonotary Warbler,0.6981,psl3,2024,05,23,06
798.0,801.0,Protonotaria citrea,Prothonotary Warbler,0.6511,psl3,2024,05,23,06
807.0,810.0,Phylloscopus occipitalis,Western Crowned Warbler,0.6028,psl3,2024,05,23,06
810.0,813.0,Protonotaria citrea,Prothonotary Warbler,0.624,psl3,2024,05,23,06
810.0,813.0,Phylloscopus occipitalis,Western Crowned Warbler,0.5531,psl3,2024,05,23,06
882.0,885.0,Cinnyris asiaticus,Purple Sunbird,0.5527,psl3,2024,05,23,06
69.0,72.0,Phylloscopus occipitalis,Western Crowned Warbler,0.5298,psl3,2024,05,23,07
93.0,96.0,Phylloscopus occipitalis,Western Crowned Warbler,0.8799,psl3,2024,05,23,07
99.0,102.0,Phylloscopus occipitalis,Western Crowned Warbler,0.5928,psl3,2024,05,23,07
102.0,105.0,Phylloscopus occipitalis,Western Crowned Warbler,0.6571,psl3,2024,05,23,07
123.0,126.0,Protonotaria citrea,Prothonotary Warbler,0.7675,psl3,2024,05,23,07
126.0,129.0,Trochalopteron variegatum,Variegated Laughingthrush,0.971,psl3,2024,05,23,07
132.0,135.0,Trochalopteron variegatum,Variegated Laughingthrush,0.7376,psl3,2024,05,23,07
156.0,159.0,Trochalopteron variegatum,Variegated Laughingthrush,0.7736,psl3,2024,05,23,07
159.0,162.0,Phylloscopus occipitalis,Western Crowned Warbler,0.8257,psl3,2024,05,23,07
162.0,165.0,Trochalopteron variegatum,Variegated Laughingthrush,0.9797,psl3,2024,05,23,07
165.0,168.0,Trochalopteron variegatum,Variegated Laughingthrush,0.8963,psl3,2024,05,23,07
168.0,171.0,Trochalopteron variegatum,Variegated Laughingthrush,0.8902,psl3,2024,05,23,07
171.0,174.0,Trochalopteron variegatum,Variegated Laughingthrush,0.99,psl3,2024,05,23,07
174.0,177.0,Trochalopteron variegatum,Variegated Laughingthrush,0.9835,psl3,2024,05,23,07
177.0,180.0,Trochalopteron variegatum,Variegated Laughingthrush,0.9982,psl3,2024,05,23,07
177.0,180.0,Trochalopteron henrici,Prince Henry's Laughingthrush,0.5658,psl3,2024,05,23,07
183.0,186.0,Trochalopteron variegatum,Variegated Laughingthrush,0.96,psl3,2024,05,23,07
186.0,189.0,Trochalopteron variegatum,Variegated Laughingthrush,0.9655,psl3,2024,05,23,07
189.0,192.0,Trochalopteron variegatum,Variegated Laughingthrush,0.9105,psl3,2024,05,23,07
192.0,195.0,Trochalopteron variegatum,Variegated Laughingthrush,0.9438,psl3,2024,05,23,07
195.0,198.0,Trochalopteron variegatum,Variegated Laughingthrush,0.9909,psl3,2024,05,23,07
198.0,201.0,Trochalopteron variegatum,Variegated Laughingthrush,0.99,psl3,2024,05,23,07
204.0,207.0,Trochalopteron variegatum,Variegated Laughingthrush,0.8018,psl3,2024,05,23,07
207.0,210.0,Trochalopteron variegatum,Variegated Laughingthrush,0.9296,psl3,2024,05,23,07
210.0,213.0,Trochalopteron variegatum,Variegated Laughingthrush,0.8204,psl3,2024,05,23,07
213.0,216.0,Trochalopteron variegatum,Variegated Laughingthrush,0.608,psl3,2024,05,23,07
216.0,219.0,Trochalopteron variegatum,Variegated Laughingthrush,0.9737,psl3,2024,05,23,07
222.0,225.0,Trochalopteron variegatum,Variegated Laughingthrush,0.9949,psl3,2024,05,23,07
228.0,231.0,Trochalopteron variegatum,Variegated Laughingthrush,0.9961,psl3,2024,05,23,07
231.0,234.0,Trochalopteron variegatum,Variegated Laughingthrush,0.9957,psl3,2024,05,23,07
234.0,237.0,Trochalopteron variegatum,Variegated Laughingthrush,0.9289,psl3,2024,05,23,07
237.0,240.0,Trochalopteron variegatum,Variegated Laughingthrush,0.97,psl3,2024,05,23,07
243.0,246.0,Trochalopteron variegatum,Variegated Laughingthrush,0.9518,psl3,2024,05,23,07
246.0,249.0,Trochalopteron variegatum,Variegated Laughingthrush,0.9967,psl3,2024,05,23,07
249.0,252.0,Trochalopteron variegatum,Variegated Laughingthrush,0.6916,psl3,2024,05,23,07
255.0,258.0,Trochalopteron variegatum,Variegated Laughingthrush,0.9987,psl3,2024,05,23,07
258.0,261.0,Trochalopteron variegatum,Variegated Laughingthrush,0.7702,psl3,2024,05,23,07
261.0,264.0,Trochalopteron variegatum,Variegated Laughingthrush,0.6476,psl3,2024,05,23,07
267.0,270.0,Trochalopteron variegatum,Variegated Laughingthrush,0.9857,psl3,2024,05,23,07
270.0,273.0,Trochalopteron variegatum,Variegated Laughingthrush,0.9708,psl3,2024,05,23,07
282.0,285.0,Trochalopteron variegatum,Variegated Laughingthrush,0.9976,psl3,2024,05,23,07
282.0,285.0,Pitangus sulphuratus,Great Kiskadee,0.5514,psl3,2024,05,23,07
285.0,288.0,Trochalopteron variegatum,Variegated Laughingthrush,0.9253,psl3,2024,05,23,07
288.0,291.0,Trochalopteron variegatum,Variegated Laughingthrush,0.7685,psl3,2024,05,23,07
294.0,297.0,Trochalopteron variegatum,Variegated Laughingthrush,0.9886,psl3,2024,05,23,07
303.0,306.0,Trochalopteron variegatum,Variegated Laughingthrush,0.9838,psl3,2024,05,23,07
327.0,330.0,Trochalopteron variegatum,Variegated Laughingthrush,0.8144,psl3,2024,05,23,07
357.0,360.0,Protonotaria citrea,Prothonotary Warbler,0.5072,psl3,2024,05,23,07
366.0,369.0,Trochalopteron variegatum,Variegated Laughingthrush,0.9722,psl3,2024,05,23,07
372.0,375.0,Trochalopteron variegatum,Variegated Laughingthrush,0.9722,psl3,2024,05,23,07
378.0,381.0,Trochalopteron variegatum,Variegated Laughingthrush,0.8852,psl3,2024,05,23,07
384.0,387.0,Trochalopteron variegatum,Variegated Laughingthrush,0.9428,psl3,2024,05,23,07
396.0,399.0,Trochalopteron variegatum,Variegated Laughingthrush,0.9917,psl3,2024,05,23,07
444.0,447.0,Phylloscopus occipitalis,Western Crowned Warbler,0.5966,psl3,2024,05,23,07
471.0,474.0,Phylloscopus occipitalis,Western Crowned Warbler,0.805,psl3,2024,05,23,07
480.0,483.0,Phylloscopus occipitalis,Western Crowned Warbler,0.7806,psl3,2024,05,23,07
489.0,492.0,Phylloscopus occipitalis,Western Crowned Warbler,0.8373,psl3,2024,05,23,07
495.0,498.0,Phylloscopus occipitalis,Western Crowned Warbler,0.7468,psl3,2024,05,23,07
498.0,501.0,Phylloscopus occipitalis,Western Crowned Warbler,0.877,psl3,2024,05,23,07
513.0,516.0,Phylloscopus occipitalis,Western Crowned Warbler,0.8645,psl3,2024,05,23,07
519.0,522.0,Phylloscopus occipitalis,Western Crowned Warbler,0.7473,psl3,2024,05,23,07
534.0,537.0,Phylloscopus occipitalis,Western Crowned Warbler,0.8688,psl3,2024,05,23,07
540.0,543.0,Phylloscopus occipitalis,Western Crowned Warbler,0.9714,psl3,2024,05,23,07
546.0,549.0,Phylloscopus occipitalis,Western Crowned Warbler,0.9003,psl3,2024,05,23,07
555.0,558.0,Protonotaria citrea,Prothonotary Warbler,0.9198,psl3,2024,05,23,07
558.0,561.0,Protonotaria citrea,Prothonotary Warbler,0.9339,psl3,2024,05,23,07
561.0,564.0,Phylloscopus occipitalis,Western Crowned Warbler,0.712,psl3,2024,05,23,07
588.0,591.0,Phylloscopus occipitalis,Western Crowned Warbler,0.5681,psl3,2024,05,23,07
594.0,597.0,Phylloscopus occipitalis,Western Crowned Warbler,0.7497,psl3,2024,05,23,07
597.0,600.0,Phylloscopus occipitalis,Western Crowned Warbler,0.5846,psl3,2024,05,23,07
600.0,603.0,Phylloscopus occipitalis,Western Crowned Warbler,0.8331,psl3,2024,05,23,07
603.0,606.0,Phylloscopus occipitalis,Western Crowned Warbler,0.9546,psl3,2024,05,23,07
624.0,627.0,Phylloscopus occipitalis,Western Crowned Warbler,0.8838,psl3,2024,05,23,07
630.0,633.0,Phylloscopus occipitalis,Western Crowned Warbler,0.62,psl3,2024,05,23,07
636.0,639.0,Steatornis caripensis,Oilbird,0.7034,psl3,2024,05,23,07
639.0,642.0,Phylloscopus occipitalis,Western Crowned Warbler,0.7986,psl3,2024,05,23,07
645.0,648.0,Protonotaria citrea,Prothonotary Warbler,0.837,psl3,2024,05,23,07
651.0,654.0,Protonotaria citrea,Prothonotary Warbler,0.805,psl3,2024,05,23,07
663.0,666.0,Phylloscopus occipitalis,Western Crowned Warbler,0.7692,psl3,2024,05,23,07
672.0,675.0,Phylloscopus occipitalis,Western Crowned Warbler,0.8038,psl3,2024,05,23,07
678.0,681.0,Phylloscopus occipitalis,Western Crowned Warbler,0.5742,psl3,2024,05,23,07
684.0,687.0,Phylloscopus occipitalis,Western Crowned Warbler,0.9251,psl3,2024,05,23,07
690.0,693.0,Phylloscopus occipitalis,Western Crowned Warbler,0.6541,psl3,2024,05,23,07
699.0,702.0,Phylloscopus occipitalis,Western Crowned Warbler,0.8853,psl3,2024,05,23,07
702.0,705.0,Phylloscopus occipitalis,Western Crowned Warbler,0.5112,psl3,2024,05,23,07
711.0,714.0,Phylloscopus occipitalis,Western Crowned Warbler,0.6309,psl3,2024,05,23,07
714.0,717.0,Phylloscopus occipitalis,Western Crowned Warbler,0.5298,psl3,2024,05,23,07
717.0,720.0,Phylloscopus occipitalis,Western Crowned Warbler,0.5984,psl3,2024,05,23,07
726.0,729.0,Phylloscopus occipitalis,Western Crowned Warbler,0.8537,psl3,2024,05,23,07
732.0,735.0,Phylloscopus occipitalis,Western Crowned Warbler,0.5997,psl3,2024,05,23,07
735.0,738.0,Phylloscopus occipitalis,Western Crowned Warbler,0.518,psl3,2024,05,23,07
741.0,744.0,Phylloscopus occipitalis,Western Crowned Warbler,0.6662,psl3,2024,05,23,07
750.0,753.0,Phylloscopus occipitalis,Western Crowned Warbler,0.5967,psl3,2024,05,23,07
765.0,768.0,Phylloscopus occipitalis,Western Crowned Warbler,0.7956,psl3,2024,05,23,07
777.0,780.0,Protonotaria citrea,Prothonotary Warbler,0.7953,psl3,2024,05,23,07
783.0,786.0,Phylloscopus occipitalis,Western Crowned Warbler,0.7372,psl3,2024,05,23,07
792.0,795.0,Phylloscopus nitidus,Green Warbler,0.522,psl3,2024,05,23,07
822.0,825.0,Phylloscopus tytleri,Tytler's Leaf Warbler,0.7258,psl3,2024,05,23,07
837.0,840.0,Phylloscopus nitidus,Green Warbler,0.6288,psl3,2024,05,23,07
855.0,858.0,Phylloscopus nitidus,Green Warbler,0.6205,psl3,2024,05,23,07
876.0,879.0,Phylloscopus nitidus,Green Warbler,0.8838,psl3,2024,05,23,07
108.0,111.0,Phylloscopus nitidus,Green Warbler,0.614,psl3,2024,05,23,08
201.0,204.0,Phylloscopus nitidus,Green Warbler,0.6874,psl3,2024,05,23,08
261.0,264.0,Phylloscopus nitidus,Green Warbler,0.7067,psl3,2024,05,23,08
270.0,273.0,Phylloscopus trochiloides,Greenish Warbler,0.9605,psl3,2024,05,23,08
273.0,276.0,Phylloscopus nitidus,Green Warbler,0.7638,psl3,2024,05,23,08
282.0,285.0,Phylloscopus maculipennis,Ashy-throated Warbler,0.5903,psl3,2024,05,23,08
291.0,294.0,Phylloscopus maculipennis,Ashy-throated Warbler,0.5843,psl3,2024,05,23,08
291.0,294.0,Phylloscopus reguloides,Blyth's Leaf Warbler,0.5792,psl3,2024,05,23,08
294.0,297.0,Phylloscopus trochiloides,Greenish Warbler,0.7959,psl3,2024,05,23,08
300.0,303.0,Phylloscopus maculipennis,Ashy-throated Warbler,0.561,psl3,2024,05,23,08
0.0,3.0,Phylloscopus occipitalis,Western Crowned Warbler,0.6989,psl3,2024,05,23,09
15.0,18.0,Trochalopteron variegatum,Variegated Laughingthrush,0.6094,psl3,2024,05,23,09
36.0,39.0,Phylloscopus occipitalis,Western Crowned Warbler,0.9039,psl3,2024,05,23,09
69.0,72.0,Trochalopteron variegatum,Variegated Laughingthrush,0.9579,psl3,2024,05,23,09
78.0,81.0,Trochalopteron variegatum,Variegated Laughingthrush,0.8501,psl3,2024,05,23,09
84.0,87.0,Trochalopteron variegatum,Variegated Laughingthrush,0.6944,psl3,2024,05,23,09
87.0,90.0,Trochalopteron variegatum,Variegated Laughingthrush,0.8786,psl3,2024,05,23,09
93.0,96.0,Trochalopteron variegatum,Variegated Laughingthrush,0.9192,psl3,2024,05,23,09
96.0,99.0,Trochalopteron variegatum,Variegated Laughingthrush,0.9346,psl3,2024,05,23,09
99.0,102.0,Trochalopteron variegatum,Variegated Laughingthrush,0.9033,psl3,2024,05,23,09
105.0,108.0,Trochalopteron variegatum,Variegated Laughingthrush,0.9376,psl3,2024,05,23,09
111.0,114.0,Trochalopteron variegatum,Variegated Laughingthrush,0.6361,psl3,2024,05,23,09
117.0,120.0,Trochalopteron variegatum,Variegated Laughingthrush,0.5029,psl3,2024,05,23,09
120.0,123.0,Trochalopteron variegatum,Variegated Laughingthrush,0.6299,psl3,2024,05,23,09
126.0,129.0,Trochalopteron variegatum,Variegated Laughingthrush,0.8173,psl3,2024,05,23,09
132.0,135.0,Trochalopteron variegatum,Variegated Laughingthrush,0.6761,psl3,2024,05,23,09
138.0,141.0,Trochalopteron variegatum,Variegated Laughingthrush,0.9222,psl3,2024,05,23,09
141.0,144.0,Trochalopteron variegatum,Variegated Laughingthrush,0.6404,psl3,2024,05,23,09
144.0,147.0,Trochalopteron variegatum,Variegated Laughingthrush,0.9017,psl3,2024,05,23,09
147.0,150.0,Trochalopteron variegatum,Variegated Laughingthrush,0.8386,psl3,2024,05,23,09
150.0,153.0,Phylloscopus occipitalis,Western Crowned Warbler,0.7684,psl3,2024,05,23,09
153.0,156.0,Trochalopteron variegatum,Variegated Laughingthrush,0.539,psl3,2024,05,23,09
177.0,180.0,Phylloscopus occipitalis,Western Crowned Warbler,0.897,psl3,2024,05,23,09
186.0,189.0,Phylloscopus occipitalis,Western Crowned Warbler,0.6263,psl3,2024,05,23,09
192.0,195.0,Trochalopteron variegatum,Variegated Laughingthrush,0.9511,psl3,2024,05,23,09
195.0,198.0,Protonotaria citrea,Prothonotary Warbler,0.7934,psl3,2024,05,23,09
198.0,201.0,Trochalopteron variegatum,Variegated Laughingthrush,0.9381,psl3,2024,05,23,09
204.0,207.0,Trochalopteron variegatum,Variegated Laughingthrush,0.9499,psl3,2024,05,23,09
210.0,213.0,Trochalopteron variegatum,Variegated Laughingthrush,0.9991,psl3,2024,05,23,09
210.0,213.0,Pitangus sulphuratus,Great Kiskadee,0.5316,psl3,2024,05,23,09
216.0,219.0,Trochalopteron variegatum,Variegated Laughingthrush,0.9578,psl3,2024,05,23,09
216.0,219.0,Phylloscopus occipitalis,Western Crowned Warbler,0.7111,psl3,2024,05,23,09
225.0,228.0,Trochalopteron variegatum,Variegated Laughingthrush,0.8738,psl3,2024,05,23,09
231.0,234.0,Trochalopteron variegatum,Variegated Laughingthrush,0.7847,psl3,2024,05,23,09
237.0,240.0,Trochalopteron variegatum,Variegated Laughingthrush,0.8792,psl3,2024,05,23,09
243.0,246.0,Trochalopteron variegatum,Variegated Laughingthrush,0.77,psl3,2024,05,23,09
246.0,249.0,Phylloscopus occipitalis,Western Crowned Warbler,0.9081,psl3,2024,05,23,09
249.0,252.0,Protonotaria citrea,Prothonotary Warbler,0.6032,psl3,2024,05,23,09
252.0,255.0,Trochalopteron variegatum,Variegated Laughingthrush,0.9783,psl3,2024,05,23,09
252.0,255.0,Phylloscopus occipitalis,Western Crowned Warbler,0.8028,psl3,2024,05,23,09
255.0,258.0,Trochalopteron variegatum,Variegated Laughingthrush,0.9195,psl3,2024,05,23,09
264.0,267.0,Trochalopteron variegatum,Variegated Laughingthrush,0.9901,psl3,2024,05,23,09
267.0,270.0,Phylloscopus occipitalis,Western Crowned Warbler,0.6061,psl3,2024,05,23,09
270.0,273.0,Trochalopteron variegatum,Variegated Laughingthrush,0.9532,psl3,2024,05,23,09
273.0,276.0,Phylloscopus occipitalis,Western Crowned Warbler,0.9635,psl3,2024,05,23,09
276.0,279.0,Trochalopteron variegatum,Variegated Laughingthrush,0.9644,psl3,2024,05,23,09
279.0,282.0,Phylloscopus occipitalis,Western Crowned Warbler,0.6605,psl3,2024,05,23,09
285.0,288.0,Trochalopteron variegatum,Variegated Laughingthrush,0.9077,psl3,2024,05,23,09
288.0,291.0,Phylloscopus occipitalis,Western Crowned Warbler,0.7253,psl3,2024,05,23,09
291.0,294.0,Trochalopteron variegatum,Variegated Laughingthrush,0.9386,psl3,2024,05,23,09
291.0,294.0,Phylloscopus occipitalis,Western Crowned Warbler,0.6409,psl3,2024,05,23,09
294.0,297.0,Trochalopteron variegatum,Variegated Laughingthrush,0.956,psl3,2024,05,23,09
294.0,297.0,Phylloscopus occipitalis,Western Crowned Warbler,0.8095,psl3,2024,05,23,09
297.0,300.0,Protonotaria citrea,Prothonotary Warbler,0.7734,psl3,2024,05,23,09
300.0,303.0,Trochalopteron variegatum,Variegated Laughingthrush,0.6703,psl3,2024,05,23,09
303.0,306.0,Trochalopteron variegatum,Variegated Laughingthrush,0.9414,psl3,2024,05,23,09
306.0,309.0,Phylloscopus occipitalis,Western Crowned Warbler,0.5256,psl3,2024,05,23,09
309.0,312.0,Trochalopteron variegatum,Variegated Laughingthrush,0.9861,psl3,2024,05,23,09
312.0,315.0,Phylloscopus occipitalis,Western Crowned Warbler,0.8833,psl3,2024,05,23,09
318.0,321.0,Phylloscopus occipitalis,Western Crowned Warbler,0.9135,psl3,2024,05,23,09
321.0,324.0,Phylloscopus occipitalis,Western Crowned Warbler,0.5726,psl3,2024,05,23,09
324.0,327.0,Phylloscopus occipitalis,Western Crowned Warbler,0.9687,psl3,2024,05,23,09
330.0,333.0,Phylloscopus occipitalis,Western Crowned Warbler,0.9745,psl3,2024,05,23,09
333.0,336.0,Phylloscopus occipitalis,Western Crowned Warbler,0.8631,psl3,2024,05,23,09
336.0,339.0,Phylloscopus occipitalis,Western Crowned Warbler,0.995,psl3,2024,05,23,09
339.0,342.0,Phylloscopus occipitalis,Western Crowned Warbler,0.9901,psl3,2024,05,23,09
342.0,345.0,Phylloscopus occipitalis,Western Crowned Warbler,0.9887,psl3,2024,05,23,09
345.0,348.0,Phylloscopus occipitalis,Western Crowned Warbler,0.9875,psl3,2024,05,23,09
348.0,351.0,Phylloscopus occipitalis,Western Crowned Warbler,0.9978,psl3,2024,05,23,09
351.0,354.0,Phylloscopus occipitalis,Western Crowned Warbler,0.9927,psl3,2024,05,23,09
354.0,357.0,Phylloscopus occipitalis,Western Crowned Warbler,0.9936,psl3,2024,05,23,09
357.0,360.0,Phylloscopus occipitalis,Western Crowned Warbler,0.9721,psl3,2024,05,23,09
360.0,363.0,Phylloscopus occipitalis,Western Crowned Warbler,0.997,psl3,2024,05,23,09
363.0,366.0,Phylloscopus occipitalis,Western Crowned Warbler,0.9909,psl3,2024,05,23,09
366.0,369.0,Phylloscopus occipitalis,Western Crowned Warbler,0.9855,psl3,2024,05,23,09
369.0,372.0,Phylloscopus occipitalis,Western Crowned Warbler,0.8349,psl3,2024,05,23,09
372.0,375.0,Phylloscopus occipitalis,Western Crowned Warbler,0.7612,psl3,2024,05,23,09
378.0,381.0,Phylloscopus occipitalis,Western Crowned Warbler,0.6274,psl3,2024,05,23,09
384.0,387.0,Phylloscopus occipitalis,Western Crowned Warbler,0.6958,psl3,2024,05,23,09
387.0,390.0,Phylloscopus occipitalis,Western Crowned Warbler,0.8004,psl3,2024,05,23,09
390.0,393.0,Phylloscopus occipitalis,Western Crowned Warbler,0.8891,psl3,2024,05,23,09
393.0,396.0,Phylloscopus occipitalis,Western Crowned Warbler,0.6857,psl3,2024,05,23,09
396.0,399.0,Phylloscopus occipitalis,Western Crowned Warbler,0.8869,psl3,2024,05,23,09
399.0,402.0,Phylloscopus occipitalis,Western Crowned Warbler,0.5177,psl3,2024,05,23,09
414.0,417.0,Phylloscopus occipitalis,Western Crowned Warbler,0.7636,psl3,2024,05,23,09
420.0,423.0,Phylloscopus occipitalis,Western Crowned Warbler,0.7275,psl3,2024,05,23,09
429.0,432.0,Phylloscopus occipitalis,Western Crowned Warbler,0.7947,psl3,2024,05,23,09
432.0,435.0,Phylloscopus occipitalis,Western Crowned Warbler,0.573,psl3,2024,05,23,09
435.0,438.0,Phylloscopus occipitalis,Western Crowned Warbler,0.7812,psl3,2024,05,23,09
447.0,450.0,Phylloscopus occipitalis,Western Crowned Warbler,0.5169,psl3,2024,05,23,09
450.0,453.0,Phylloscopus occipitalis,Western Crowned Warbler,0.9674,psl3,2024,05,23,09
456.0,459.0,Phylloscopus occipitalis,Western Crowned Warbler,0.8729,psl3,2024,05,23,09
471.0,474.0,Phylloscopus occipitalis,Western Crowned Warbler,0.9219,psl3,2024,05,23,09
474.0,477.0,Phylloscopus occipitalis,Western Crowned Warbler,0.9479,psl3,2024,05,23,09
477.0,480.0,Phylloscopus occipitalis,Western Crowned Warbler,0.6028,psl3,2024,05,23,09
480.0,483.0,Phylloscopus occipitalis,Western Crowned Warbler,0.6107,psl3,2024,05,23,09
489.0,492.0,Phylloscopus occipitalis,Western Crowned Warbler,0.8052,psl3,2024,05,23,09
504.0,507.0,Phylloscopus occipitalis,Western Crowned Warbler,0.7463,psl3,2024,05,23,09
513.0,516.0,Phylloscopus occipitalis,Western Crowned Warbler,0.5939,psl3,2024,05,23,09
516.0,519.0,Phylloscopus occipitalis,Western Crowned Warbler,0.6096,psl3,2024,05,23,09
519.0,522.0,Phylloscopus occipitalis,Western Crowned Warbler,0.8916,psl3,2024,05,23,09
525.0,528.0,Phylloscopus occipitalis,Western Crowned Warbler,0.807,psl3,2024,05,23,09
528.0,531.0,Phylloscopus occipitalis,Western Crowned Warbler,0.8833,psl3,2024,05,23,09
531.0,534.0,Phylloscopus occipitalis,Western Crowned Warbler,0.5378,psl3,2024,05,23,09
534.0,537.0,Phylloscopus occipitalis,Western Crowned Warbler,0.9647,psl3,2024,05,23,09
546.0,549.0,Phylloscopus occipitalis,Western Crowned Warbler,0.8543,psl3,2024,05,23,09
549.0,552.0,Phylloscopus occipitalis,Western Crowned Warbler,0.8664,psl3,2024,05,23,09
555.0,558.0,Phylloscopus occipitalis,Western Crowned Warbler,0.5115,psl3,2024,05,23,09
558.0,561.0,Phylloscopus occipitalis,Western Crowned Warbler,0.7554,psl3,2024,05,23,09
561.0,564.0,Phylloscopus occipitalis,Western Crowned Warbler,0.6102,psl3,2024,05,23,09
570.0,573.0,Phylloscopus occipitalis,Western Crowned Warbler,0.9246,psl3,2024,05,23,09
573.0,576.0,Phylloscopus occipitalis,Western Crowned Warbler,0.7669,psl3,2024,05,23,09
576.0,579.0,Phylloscopus occipitalis,Western Crowned Warbler,0.7534,psl3,2024,05,23,09
585.0,588.0,Phylloscopus occipitalis,Western Crowned Warbler,0.8016,psl3,2024,05,23,09
588.0,591.0,Phylloscopus occipitalis,Western Crowned Warbler,0.7968,psl3,2024,05,23,09
594.0,597.0,Phylloscopus occipitalis,Western Crowned Warbler,0.8287,psl3,2024,05,23,09
597.0,600.0,Phylloscopus occipitalis,Western Crowned Warbler,0.8575,psl3,2024,05,23,09
600.0,603.0,Phylloscopus occipitalis,Western Crowned Warbler,0.6071,psl3,2024,05,23,09
603.0,606.0,Phylloscopus occipitalis,Western Crowned Warbler,0.674,psl3,2024,05,23,09
606.0,609.0,Phylloscopus occipitalis,Western Crowned Warbler,0.948,psl3,2024,05,23,09
612.0,615.0,Phylloscopus occipitalis,Western Crowned Warbler,0.7971,psl3,2024,05,23,09
615.0,618.0,Phylloscopus occipitalis,Western Crowned Warbler,0.5025,psl3,2024,05,23,09
618.0,621.0,Phylloscopus occipitalis,Western Crowned Warbler,0.9177,psl3,2024,05,23,09
624.0,627.0,Phylloscopus occipitalis,Western Crowned Warbler,0.8921,psl3,2024,05,23,09
633.0,636.0,Protonotaria citrea,Prothonotary Warbler,0.92,psl3,2024,05,23,09
636.0,639.0,Protonotaria citrea,Prothonotary Warbler,0.5893,psl3,2024,05,23,09
642.0,645.0,Protonotaria citrea,Prothonotary Warbler,0.5703,psl3,2024,05,23,09
645.0,648.0,Phylloscopus occipitalis,Western Crowned Warbler,0.5911,psl3,2024,05,23,09
657.0,660.0,Phylloscopus occipitalis,Western Crowned Warbler,0.8513,psl3,2024,05,23,09
663.0,666.0,Phylloscopus occipitalis,Western Crowned Warbler,0.7246,psl3,2024,05,23,09
666.0,669.0,Phylloscopus occipitalis,Western Crowned Warbler,0.558,psl3,2024,05,23,09
675.0,678.0,Phylloscopus occipitalis,Western Crowned Warbler,0.9161,psl3,2024,05,23,09
687.0,690.0,Protonotaria citrea,Prothonotary Warbler,0.5563,psl3,2024,05,23,09
690.0,693.0,Phylloscopus occipitalis,Western Crowned Warbler,0.8318,psl3,2024,05,23,09
696.0,699.0,Phylloscopus occipitalis,Western Crowned Warbler,0.7694,psl3,2024,05,23,09
723.0,726.0,Protonotaria citrea,Prothonotary Warbler,0.9305,psl3,2024,05,23,09
33.0,36.0,Prinia socialis,Ashy Prinia,0.604,psl3,2024,05,24,06
84.0,87.0,Phylloscopus nitidus,Green Warbler,0.54,psl3,2024,05,24,06
120.0,123.0,Phylloscopus nitidus,Green Warbler,0.6874,psl3,2024,05,24,06
153.0,156.0,Phylloscopus trochiloides,Greenish Warbler,0.5371,psl3,2024,05,24,06
168.0,171.0,Prinia socialis,Ashy Prinia,0.5675,psl3,2024,05,24,06
249.0,252.0,Phylloscopus trochiloides,Greenish Warbler,0.6265,psl3,2024,05,24,06
267.0,270.0,Phylloscopus occipitalis,Western Crowned Warbler,0.5419,psl3,2024,05,24,06
282.0,285.0,Phylloscopus occipitalis,Western Crowned Warbler,0.5761,psl3,2024,05,24,06
309.0,312.0,Phylloscopus occipitalis,Western Crowned Warbler,0.5795,psl3,2024,05,24,06
78.0,81.0,Larvivora brunnea,Indian Blue Robin,0.9633,psl3,2024,05,24,07
87.0,90.0,Larvivora brunnea,Indian Blue Robin,0.9894,psl3,2024,05,24,07
99.0,102.0,Larvivora brunnea,Indian Blue Robin,0.5365,psl3,2024,05,24,07
108.0,111.0,Larvivora brunnea,Indian Blue Robin,0.9906,psl3,2024,05,24,07
132.0,135.0,Larvivora brunnea,Indian Blue Robin,0.9271,psl3,2024,05,24,07
162.0,165.0,Carpodacus erythrinus,Common Rosefinch,0.6606,psl3,2024,05,24,07
171.0,174.0,Larvivora brunnea,Indian Blue Robin,0.8687,psl3,2024,05,24,07
174.0,177.0,Larvivora brunnea,Indian Blue Robin,0.9591,psl3,2024,05,24,07
177.0,180.0,Carpodacus erythrinus,Common Rosefinch,0.742,psl3,2024,05,24,07
180.0,183.0,Carpodacus erythrinus,Common Rosefinch,0.5107,psl3,2024,05,24,07
183.0,186.0,Larvivora brunnea,Indian Blue Robin,0.9984,psl3,2024,05,24,07
189.0,192.0,Carpodacus erythrinus,Common Rosefinch,0.907,psl3,2024,05,24,07
210.0,213.0,Larvivora brunnea,Indian Blue Robin,0.9531,psl3,2024,05,24,07
216.0,219.0,Carpodacus erythrinus,Common Rosefinch,0.8177,psl3,2024,05,24,07
222.0,225.0,Larvivora brunnea,Indian Blue Robin,0.9868,psl3,2024,05,24,07
231.0,234.0,Larvivora brunnea,Indian Blue Robin,0.9837,psl3,2024,05,24,07
234.0,237.0,Larvivora brunnea,Indian Blue Robin,0.5957,psl3,2024,05,24,07
237.0,240.0,Carpodacus erythrinus,Common Rosefinch,0.6862,psl3,2024,05,24,07
243.0,246.0,Larvivora brunnea,Indian Blue Robin,0.7771,psl3,2024,05,24,07
243.0,246.0,Larvivora cyane,Siberian Blue Robin,0.5784,psl3,2024,05,24,07
252.0,255.0,Larvivora brunnea,Indian Blue Robin,0.8258,psl3,2024,05,24,07
255.0,258.0,Carpodacus erythrinus,Common Rosefinch,0.6591,psl3,2024,05,24,07
264.0,267.0,Larvivora brunnea,Indian Blue Robin,0.984,psl3,2024,05,24,07
270.0,273.0,Carpodacus erythrinus,Common Rosefinch,0.5069,psl3,2024,05,24,07
273.0,276.0,Larvivora brunnea,Indian Blue Robin,0.978,psl3,2024,05,24,07
282.0,285.0,Larvivora brunnea,Indian Blue Robin,0.865,psl3,2024,05,24,07
291.0,294.0,Larvivora brunnea,Indian Blue Robin,0.6743,psl3,2024,05,24,07
294.0,297.0,Zeledonia coronata,Wrenthrush,0.6181,psl3,2024,05,24,07
303.0,306.0,Carpodacus erythrinus,Common Rosefinch,0.6098,psl3,2024,05,24,07
306.0,309.0,Carpodacus erythrinus,Common Rosefinch,0.8371,psl3,2024,05,24,07
312.0,315.0,Carpodacus erythrinus,Common Rosefinch,0.6638,psl3,2024,05,24,07
321.0,324.0,Larvivora brunnea,Indian Blue Robin,0.5401,psl3,2024,05,24,07
324.0,327.0,Carpodacus erythrinus,Common Rosefinch,0.8613,psl3,2024,05,24,07
336.0,339.0,Larvivora brunnea,Indian Blue Robin,0.9927,psl3,2024,05,24,07
348.0,351.0,Larvivora brunnea,Indian Blue Robin,0.9162,psl3,2024,05,24,07
348.0,351.0,Larvivora cyane,Siberian Blue Robin,0.6342,psl3,2024,05,24,07
354.0,357.0,Larvivora brunnea,Indian Blue Robin,0.5994,psl3,2024,05,24,07
360.0,363.0,Carpodacus erythrinus,Common Rosefinch,0.6791,psl3,2024,05,24,07
366.0,369.0,Larvivora brunnea,Indian Blue Robin,0.9963,psl3,2024,05,24,07
369.0,372.0,Carpodacus erythrinus,Common Rosefinch,0.759,psl3,2024,05,24,07
372.0,375.0,Carpodacus erythrinus,Common Rosefinch,0.5192,psl3,2024,05,24,07
390.0,393.0,Larvivora brunnea,Indian Blue Robin,0.9836,psl3,2024,05,24,07
396.0,399.0,Protonotaria citrea,Prothonotary Warbler,0.8583,psl3,2024,05,24,07
396.0,399.0,Phylloscopus occipitalis,Western Crowned Warbler,0.71,psl3,2024,05,24,07
399.0,402.0,Phylloscopus occipitalis,Western Crowned Warbler,0.7095,psl3,2024,05,24,07
411.0,414.0,Phylloscopus occipitalis,Western Crowned Warbler,0.9902,psl3,2024,05,24,07
414.0,417.0,Larvivora brunnea,Indian Blue Robin,0.7578,psl3,2024,05,24,07
417.0,420.0,Phylloscopus occipitalis,Western Crowned Warbler,0.9625,psl3,2024,05,24,07
420.0,423.0,Larvivora brunnea,Indian Blue Robin,0.6787,psl3,2024,05,24,07
426.0,429.0,Phylloscopus occipitalis,Western Crowned Warbler,0.9866,psl3,2024,05,24,07
429.0,432.0,Phylloscopus occipitalis,Western Crowned Warbler,0.7906,psl3,2024,05,24,07
429.0,432.0,Phylloscopus tytleri,Tytler's Leaf Warbler,0.5078,psl3,2024,05,24,07
435.0,438.0,Phylloscopus occipitalis,Western Crowned Warbler,0.977,psl3,2024,05,24,07
441.0,444.0,Phylloscopus occipitalis,Western Crowned Warbler,0.9844,psl3,2024,05,24,07
447.0,450.0,Larvivora brunnea,Indian Blue Robin,0.7005,psl3,2024,05,24,07
453.0,456.0,Carpodacus erythrinus,Common Rosefinch,0.7464,psl3,2024,05,24,07
456.0,459.0,Phylloscopus occipitalis,Western Crowned Warbler,0.5874,psl3,2024,05,24,07
459.0,462.0,Phylloscopus occipitalis,Western Crowned Warbler,0.8727,psl3,2024,05,24,07
465.0,468.0,Phylloscopus occipitalis,Western Crowned Warbler,0.674,psl3,2024,05,24,07
468.0,471.0,Carpodacus erythrinus,Common Rosefinch,0.6027,psl3,2024,05,24,07
471.0,474.0,Phylloscopus occipitalis,Western Crowned Warbler,0.6699,psl3,2024,05,24,07
477.0,480.0,Phylloscopus occipitalis,Western Crowned Warbler,0.6291,psl3,2024,05,24,07
483.0,486.0,Carpodacus erythrinus,Common Rosefinch,0.6038,psl3,2024,05,24,07
489.0,492.0,Larvivora brunnea,Indian Blue Robin,0.6145,psl3,2024,05,24,07
495.0,498.0,Phylloscopus occipitalis,Western Crowned Warbler,0.9333,psl3,2024,05,24,07
498.0,501.0,Carpodacus erythrinus,Common Rosefinch,0.8186,psl3,2024,05,24,07
507.0,510.0,Carpodacus erythrinus,Common Rosefinch,0.7262,psl3,2024,05,24,07
516.0,519.0,Carpodacus erythrinus,Common Rosefinch,0.9349,psl3,2024,05,24,07
525.0,528.0,Carpodacus erythrinus,Common Rosefinch,0.7701,psl3,2024,05,24,07
534.0,537.0,Carpodacus erythrinus,Common Rosefinch,0.9463,psl3,2024,05,24,07
540.0,543.0,Carpodacus erythrinus,Common Rosefinch,0.857,psl3,2024,05,24,07
552.0,555.0,Larvivora brunnea,Indian Blue Robin,0.9437,psl3,2024,05,24,07
552.0,555.0,Larvivora cyane,Siberian Blue Robin,0.6067,psl3,2024,05,24,07
555.0,558.0,Atlapetes schistaceus,Slaty Brushfinch,0.5415,psl3,2024,05,24,07
558.0,561.0,Carpodacus erythrinus,Common Rosefinch,0.7922,psl3,2024,05,24,07
567.0,570.0,Carpodacus erythrinus,Common Rosefinch,0.9002,psl3,2024,05,24,07
579.0,582.0,Carpodacus erythrinus,Common Rosefinch,0.6401,psl3,2024,05,24,07
597.0,600.0,Carpodacus erythrinus,Common Rosefinch,0.9545,psl3,2024,05,24,07
621.0,624.0,Carpodacus erythrinus,Common Rosefinch,0.6621,psl3,2024,05,24,07
633.0,636.0,Carpodacus erythrinus,Common Rosefinch,0.5186,psl3,2024,05,24,07
642.0,645.0,Carpodacus erythrinus,Common Rosefinch,0.8685,psl3,2024,05,24,07
651.0,654.0,Carpodacus erythrinus,Common Rosefinch,0.5339,psl3,2024,05,24,07
657.0,660.0,Carpodacus erythrinus,Common Rosefinch,0.9163,psl3,2024,05,24,07
666.0,669.0,Carpodacus erythrinus,Common Rosefinch,0.6699,psl3,2024,05,24,07
669.0,672.0,Carpodacus erythrinus,Common Rosefinch,0.7126,psl3,2024,05,24,07
696.0,699.0,Carpodacus erythrinus,Common Rosefinch,0.7847,psl3,2024,05,24,07
711.0,714.0,Carpodacus erythrinus,Common Rosefinch,0.8402,psl3,2024,05,24,07
714.0,717.0,Carpodacus erythrinus,Common Rosefinch,0.8902,psl3,2024,05,24,07
726.0,729.0,Carpodacus erythrinus,Common Rosefinch,0.7057,psl3,2024,05,24,07
744.0,747.0,Carpodacus erythrinus,Common Rosefinch,0.7272,psl3,2024,05,24,07
747.0,750.0,Carpodacus erythrinus,Common Rosefinch,0.5569,psl3,2024,05,24,07
834.0,837.0,Protonotaria citrea,Prothonotary Warbler,0.524,psl3,2024,05,24,07
849.0,852.0,Protonotaria citrea,Prothonotary Warbler,0.6612,psl3,2024,05,24,07
0.0,3.0,Phylloscopus occipitalis,Western Crowned Warbler,0.9134,psl3,2024,05,24,08
3.0,6.0,Phylloscopus occipitalis,Western Crowned Warbler,0.9584,psl3,2024,05,24,08
6.0,9.0,Phylloscopus occipitalis,Western Crowned Warbler,0.8394,psl3,2024,05,24,08
21.0,24.0,Phylloscopus occipitalis,Western Crowned Warbler,0.9607,psl3,2024,05,24,08
27.0,30.0,Phylloscopus occipitalis,Western Crowned Warbler,0.8977,psl3,2024,05,24,08
30.0,33.0,Phylloscopus occipitalis,Western Crowned Warbler,0.9904,psl3,2024,05,24,08
39.0,42.0,Phylloscopus occipitalis,Western Crowned Warbler,0.7391,psl3,2024,05,24,08
51.0,54.0,Phylloscopus occipitalis,Western Crowned Warbler,0.877,psl3,2024,05,24,08
51.0,54.0,Protonotaria citrea,Prothonotary Warbler,0.6677,psl3,2024,05,24,08
54.0,57.0,Protonotaria citrea,Prothonotary Warbler,0.7617,psl3,2024,05,24,08
57.0,60.0,Phylloscopus occipitalis,Western Crowned Warbler,0.8252,psl3,2024,05,24,08
60.0,63.0,Protonotaria citrea,Prothonotary Warbler,0.8965,psl3,2024,05,24,08
60.0,63.0,Phylloscopus occipitalis,Western Crowned Warbler,0.7892,psl3,2024,05,24,08
63.0,66.0,Protonotaria citrea,Prothonotary Warbler,0.7341,psl3,2024,05,24,08
75.0,78.0,Phylloscopus occipitalis,Western Crowned Warbler,0.8762,psl3,2024,05,24,08
81.0,84.0,Phylloscopus occipitalis,Western Crowned Warbler,0.9471,psl3,2024,05,24,08
81.0,84.0,Atlapetes fuscoolivaceus,Dusky-headed Brushfinch,0.5595,psl3,2024,05,24,08
84.0,87.0,Phylloscopus occipitalis,Western Crowned Warbler,0.6331,psl3,2024,05,24,08
93.0,96.0,Phylloscopus occipitalis,Western Crowned Warbler,0.6664,psl3,2024,05,24,08
93.0,96.0,Phylloscopus tytleri,Tytler's Leaf Warbler,0.5263,psl3,2024,05,24,08
99.0,102.0,Phylloscopus occipitalis,Western Crowned Warbler,0.8318,psl3,2024,05,24,08
108.0,111.0,Phylloscopus occipitalis,Western Crowned Warbler,0.6936,psl3,2024,05,24,08
111.0,114.0,Phylloscopus occipitalis,Western Crowned Warbler,0.9166,psl3,2024,05,24,08
117.0,120.0,Phylloscopus occipitalis,Western Crowned Warbler,0.6078,psl3,2024,05,24,08
120.0,123.0,Phylloscopus occipitalis,Western Crowned Warbler,0.9905,psl3,2024,05,24,08
183.0,186.0,Phylloscopus occipitalis,Western Crowned Warbler,0.658,psl3,2024,05,24,08
183.0,186.0,Protonotaria citrea,Prothonotary Warbler,0.5546,psl3,2024,05,24,08
207.0,210.0,Phylloscopus occipitalis,Western Crowned Warbler,0.6181,psl3,2024,05,24,08
231.0,234.0,Phylloscopus trochiloides,Greenish Warbler,0.562,psl3,2024,05,24,08
240.0,243.0,Phylloscopus occipitalis,Western Crowned Warbler,0.5735,psl3,2024,05,24,08
261.0,264.0,Larvivora brunnea,Indian Blue Robin,0.8684,psl3,2024,05,24,08
285.0,288.0,Protonotaria citrea,Prothonotary Warbler,0.7134,psl3,2024,05,24,08
291.0,294.0,Larvivora brunnea,Indian Blue Robin,0.5733,psl3,2024,05,24,08
330.0,333.0,Larvivora brunnea,Indian Blue Robin,0.5709,psl3,2024,05,24,08
330.0,333.0,Larvivora cyane,Siberian Blue Robin,0.5336,psl3,2024,05,24,08
339.0,342.0,Setophaga townsendi,Townsend's Warbler,0.5628,psl3,2024,05,24,08
399.0,402.0,Larvivora brunnea,Indian Blue Robin,0.8071,psl3,2024,05,24,08
405.0,408.0,Atlapetes fuscoolivaceus,Dusky-headed Brushfinch,0.628,psl3,2024,05,24,08
411.0,414.0,Larvivora brunnea,Indian Blue Robin,0.8751,psl3,2024,05,24,08
420.0,423.0,Protonotaria citrea,Prothonotary Warbler,0.517,psl3,2024,05,24,08
429.0,432.0,Larvivora brunnea,Indian Blue Robin,0.6688,psl3,2024,05,24,08
474.0,477.0,Larvivora brunnea,Indian Blue Robin,0.992,psl3,2024,05,24,08
546.0,549.0,Phylloscopus occipitalis,Western Crowned Warbler,0.9748,psl3,2024,05,24,08
552.0,555.0,Phylloscopus occipitalis,Western Crowned Warbler,0.9743,psl3,2024,05,24,08
561.0,564.0,Phylloscopus occipitalis,Western Crowned Warbler,0.6037,psl3,2024,05,24,08
567.0,570.0,Larvivora brunnea,Indian Blue Robin,0.6317,psl3,2024,05,24,08
570.0,573.0,Phylloscopus occipitalis,Western Crowned Warbler,0.9451,psl3,2024,05,24,08
585.0,588.0,Phylloscopus occipitalis,Western Crowned Warbler,0.8665,psl3,2024,05,24,08
615.0,618.0,Larvivora brunnea,Indian Blue Robin,0.5482,psl3,2024,05,24,08
651.0,654.0,Phylloscopus occipitalis,Western Crowned Warbler,0.5854,psl3,2024,05,24,08
669.0,672.0,Phylloscopus occipitalis,Western Crowned Warbler,0.9657,psl3,2024,05,24,08
690.0,693.0,Phylloscopus occipitalis,Western Crowned Warbler,0.889,psl3,2024,05,24,08
711.0,714.0,Larvivora brunnea,Indian Blue Robin,0.8006,psl3,2024,05,24,08
726.0,729.0,Phylloscopus occipitalis,Western Crowned Warbler,0.9606,psl3,2024,05,24,08
729.0,732.0,Phylloscopus occipitalis,Western Crowned Warbler,0.9959,psl3,2024,05,24,08
756.0,759.0,Phylloscopus occipitalis,Western Crowned Warbler,0.9543,psl3,2024,05,24,08
774.0,777.0,Phylloscopus occipitalis,Western Crowned Warbler,0.9939,psl3,2024,05,24,08
780.0,783.0,Phylloscopus occipitalis,Western Crowned Warbler,0.9629,psl3,2024,05,24,08
783.0,786.0,Phylloscopus occipitalis,Western Crowned Warbler,0.9797,psl3,2024,05,24,08
795.0,798.0,Larvivora brunnea,Indian Blue Robin,0.8748,psl3,2024,05,24,08
801.0,804.0,Phylloscopus occipitalis,Western Crowned Warbler,0.6012,psl3,2024,05,24,08
828.0,831.0,Phylloscopus occipitalis,Western Crowned Warbler,0.5087,psl3,2024,05,24,08
852.0,855.0,Protonotaria citrea,Prothonotary Warbler,0.6,psl3,2024,05,24,08
867.0,870.0,Protonotaria citrea,Prothonotary Warbler,0.9469,psl3,2024,05,24,08
870.0,873.0,Phylloscopus occipitalis,Western Crowned Warbler,0.8292,psl3,2024,05,24,08
873.0,876.0,Phylloscopus occipitalis,Western Crowned Warbler,0.9121,psl3,2024,05,24,08
876.0,879.0,Phylloscopus occipitalis,Western Crowned Warbler,0.9868,psl3,2024,05,24,08
894.0,897.0,Phylloscopus occipitalis,Western Crowned Warbler,0.9758,psl3,2024,05,24,08
15.0,18.0,Phylloscopus occipitalis,Western Crowned Warbler,0.6417,psl3,2024,05,24,09
84.0,87.0,Larvivora brunnea,Indian Blue Robin,0.9291,psl3,2024,05,24,09
144.0,147.0,Protonotaria citrea,Prothonotary Warbler,0.5817,psl3,2024,05,24,09
156.0,159.0,Larvivora brunnea,Indian Blue Robin,0.8146,psl3,2024,05,24,09
195.0,198.0,Larvivora brunnea,Indian Blue Robin,0.9052,psl3,2024,05,24,09
228.0,231.0,Larvivora brunnea,Indian Blue Robin,0.99,psl3,2024,05,24,09
228.0,231.0,Larvivora cyane,Siberian Blue Robin,0.5697,psl3,2024,05,24,09
240.0,243.0,Larvivora brunnea,Indian Blue Robin,0.8589,psl3,2024,05,24,09
252.0,255.0,Larvivora brunnea,Indian Blue Robin,0.9051,psl3,2024,05,24,09
264.0,267.0,Larvivora brunnea,Indian Blue Robin,0.5092,psl3,2024,05,24,09
297.0,300.0,Larvivora brunnea,Indian Blue Robin,0.7335,psl3,2024,05,24,09
303.0,306.0,Larvivora brunnea,Indian Blue Robin,0.9491,psl3,2024,05,24,09
318.0,321.0,Larvivora brunnea,Indian Blue Robin,0.9176,psl3,2024,05,24,09
330.0,333.0,Larvivora brunnea,Indian Blue Robin,0.9255,psl3,2024,05,24,09
450.0,453.0,Protonotaria citrea,Prothonotary Warbler,0.7192,psl3,2024,05,24,09
462.0,465.0,Phylloscopus occipitalis,Western Crowned Warbler,0.5118,psl3,2024,05,24,09
474.0,477.0,Phylloscopus occipitalis,Western Crowned Warbler,0.6274,psl3,2024,05,24,09
480.0,483.0,Phylloscopus occipitalis,Western Crowned Warbler,0.9593,psl3,2024,05,24,09
486.0,489.0,Phylloscopus occipitalis,Western Crowned Warbler,0.9025,psl3,2024,05,24,09
489.0,492.0,Phylloscopus occipitalis,Western Crowned Warbler,0.9943,psl3,2024,05,24,09
498.0,501.0,Phylloscopus occipitalis,Western Crowned Warbler,0.5917,psl3,2024,05,24,09
501.0,504.0,Phylloscopus occipitalis,Western Crowned Warbler,0.9948,psl3,2024,05,24,09
522.0,525.0,Phylloscopus occipitalis,Western Crowned Warbler,0.9182,psl3,2024,05,24,09
531.0,534.0,Phylloscopus occipitalis,Western Crowned Warbler,0.964,psl3,2024,05,24,09
537.0,540.0,Phylloscopus occipitalis,Western Crowned Warbler,0.8061,psl3,2024,05,24,09
543.0,546.0,Phylloscopus occipitalis,Western Crowned Warbler,0.8033,psl3,2024,05,24,09
546.0,549.0,Phylloscopus occipitalis,Western Crowned Warbler,0.969,psl3,2024,05,24,09
549.0,552.0,Phylloscopus occipitalis,Western Crowned Warbler,0.9734,psl3,2024,05,24,09
552.0,555.0,Phylloscopus occipitalis,Western Crowned Warbler,0.7885,psl3,2024,05,24,09
555.0,558.0,Phylloscopus occipitalis,Western Crowned Warbler,0.7524,psl3,2024,05,24,09
558.0,561.0,Phylloscopus occipitalis,Western Crowned Warbler,0.9204,psl3,2024,05,24,09
561.0,564.0,Phylloscopus occipitalis,Western Crowned Warbler,0.9551,psl3,2024,05,24,09
567.0,570.0,Phylloscopus occipitalis,Western Crowned Warbler,0.7016,psl3,2024,05,24,09
573.0,576.0,Phylloscopus occipitalis,Western Crowned Warbler,0.6427,psl3,2024,05,24,09
603.0,606.0,Cinnyris asiaticus,Purple Sunbird,0.5521,psl3,2024,05,24,09
606.0,609.0,Phylloscopus occipitalis,Western Crowned Warbler,0.9585,psl3,2024,05,24,09
618.0,621.0,Phylloscopus occipitalis,Western Crowned Warbler,0.5052,psl3,2024,05,24,09
780.0,783.0,Phylloscopus occipitalis,Western Crowned Warbler,0.5009,psl3,2024,05,24,09
783.0,786.0,Protonotaria citrea,Prothonotary Warbler,0.6768,psl3,2024,05,24,09
795.0,798.0,Phylloscopus occipitalis,Western Crowned Warbler,0.5654,psl3,2024,05,24,09
807.0,810.0,Phylloscopus occipitalis,Western Crowned Warbler,0.9827,psl3,2024,05,24,09
885.0,888.0,Phylloscopus occipitalis,Western Crowned Warbler,0.9097,psl3,2024,05,24,09
138.0,141.0,Phylloscopus nitidus,Green Warbler,0.5655,psl3,2024,05,25,06
201.0,204.0,Phylloscopus nitidus,Green Warbler,0.6019,psl3,2024,05,25,06
225.0,228.0,Phylloscopus nitidus,Green Warbler,0.802,psl3,2024,05,25,06
231.0,234.0,Trochalopteron variegatum,Variegated Laughingthrush,0.5253,psl3,2024,05,25,06
237.0,240.0,Trochalopteron variegatum,Variegated Laughingthrush,0.9829,psl3,2024,05,25,06
240.0,243.0,Trochalopteron variegatum,Variegated Laughingthrush,0.9836,psl3,2024,05,25,06
246.0,249.0,Trochalopteron variegatum,Variegated Laughingthrush,0.723,psl3,2024,05,25,06
249.0,252.0,Trochalopteron variegatum,Variegated Laughingthrush,0.9634,psl3,2024,05,25,06
264.0,267.0,Trochalopteron variegatum,Variegated Laughingthrush,0.9796,psl3,2024,05,25,06
270.0,273.0,Trochalopteron variegatum,Variegated Laughingthrush,0.7752,psl3,2024,05,25,06
282.0,285.0,Phylloscopus occipitalis,Western Crowned Warbler,0.6664,psl3,2024,05,25,06
291.0,294.0,Phylloscopus occipitalis,Western Crowned Warbler,0.5006,psl3,2024,05,25,06
297.0,300.0,Phylloscopus occipitalis,Western Crowned Warbler,0.6563,psl3,2024,05,25,06
324.0,327.0,Protonotaria citrea,Prothonotary Warbler,0.6451,psl3,2024,05,25,06
360.0,363.0,Phylloscopus occipitalis,Western Crowned Warbler,0.5478,psl3,2024,05,25,06
366.0,369.0,Phylloscopus occipitalis,Western Crowned Warbler,0.5493,psl3,2024,05,25,06
486.0,489.0,Trochalopteron variegatum,Variegated Laughingthrush,0.9345,psl3,2024,05,25,06
495.0,498.0,Trochalopteron variegatum,Variegated Laughingthrush,0.5696,psl3,2024,05,25,06
501.0,504.0,Trochalopteron variegatum,Variegated Laughingthrush,0.9345,psl3,2024,05,25,06
510.0,513.0,Trochalopteron variegatum,Variegated Laughingthrush,0.7423,psl3,2024,05,25,06
513.0,516.0,Trochalopteron variegatum,Variegated Laughingthrush,0.7867,psl3,2024,05,25,06
531.0,534.0,Trochalopteron variegatum,Variegated Laughingthrush,0.9995,psl3,2024,05,25,06
537.0,540.0,Trochalopteron variegatum,Variegated Laughingthrush,0.9966,psl3,2024,05,25,06
543.0,546.0,Trochalopteron variegatum,Variegated Laughingthrush,0.9968,psl3,2024,05,25,06
546.0,549.0,Trochalopteron variegatum,Variegated Laughingthrush,0.9975,psl3,2024,05,25,06
549.0,552.0,Trochalopteron variegatum,Variegated Laughingthrush,0.9829,psl3,2024,05,25,06
552.0,555.0,Trochalopteron variegatum,Variegated Laughingthrush,0.9976,psl3,2024,05,25,06
555.0,558.0,Trochalopteron variegatum,Variegated Laughingthrush,0.9929,psl3,2024,05,25,06
558.0,561.0,Trochalopteron variegatum,Variegated Laughingthrush,0.999,psl3,2024,05,25,06
561.0,564.0,Trochalopteron variegatum,Variegated Laughingthrush,0.9893,psl3,2024,05,25,06
561.0,564.0,Trochalopteron henrici,Prince Henry's Laughingthrush,0.6889,psl3,2024,05,25,06
564.0,567.0,Trochalopteron variegatum,Variegated Laughingthrush,0.9955,psl3,2024,05,25,06
564.0,567.0,Trochalopteron henrici,Prince Henry's Laughingthrush,0.7151,psl3,2024,05,25,06
570.0,573.0,Trochalopteron variegatum,Variegated Laughingthrush,0.9448,psl3,2024,05,25,06
573.0,576.0,Trochalopteron variegatum,Variegated Laughingthrush,0.999,psl3,2024,05,25,06
579.0,582.0,Trochalopteron variegatum,Variegated Laughingthrush,0.9944,psl3,2024,05,25,06
582.0,585.0,Trochalopteron variegatum,Variegated Laughingthrush,0.9997,psl3,2024,05,25,06
585.0,588.0,Trochalopteron variegatum,Variegated Laughingthrush,0.9292,psl3,2024,05,25,06
591.0,594.0,Trochalopteron variegatum,Variegated Laughingthrush,0.8581,psl3,2024,05,25,06
597.0,600.0,Trochalopteron variegatum,Variegated Laughingthrush,0.9874,psl3,2024,05,25,06
603.0,606.0,Trochalopteron variegatum,Variegated Laughingthrush,0.9858,psl3,2024,05,25,06
606.0,609.0,Trochalopteron variegatum,Variegated Laughingthrush,0.9758,psl3,2024,05,25,06
606.0,609.0,Pitangus sulphuratus,Great Kiskadee,0.9056,psl3,2024,05,25,06
609.0,612.0,Trochalopteron variegatum,Variegated Laughingthrush,0.9719,psl3,2024,05,25,06
612.0,615.0,Trochalopteron variegatum,Variegated Laughingthrush,0.9424,psl3,2024,05,25,06
624.0,627.0,Trochalopteron variegatum,Variegated Laughingthrush,0.9989,psl3,2024,05,25,06
627.0,630.0,Trochalopteron variegatum,Variegated Laughingthrush,0.999,psl3,2024,05,25,06
642.0,645.0,Phylloscopus occipitalis,Western Crowned Warbler,0.5579,psl3,2024,05,25,06
651.0,654.0,Trochalopteron variegatum,Variegated Laughingthrush,0.9995,psl3,2024,05,25,06
663.0,666.0,Trochalopteron variegatum,Variegated Laughingthrush,0.9979,psl3,2024,05,25,06
672.0,675.0,Trochalopteron variegatum,Variegated Laughingthrush,0.9962,psl3,2024,05,25,06
672.0,675.0,Trochalopteron henrici,Prince Henry's Laughingthrush,0.5439,psl3,2024,05,25,06
681.0,684.0,Trochalopteron variegatum,Variegated Laughingthrush,0.9998,psl3,2024,05,25,06
687.0,690.0,Phylloscopus occipitalis,Western Crowned Warbler,0.6394,psl3,2024,05,25,06
693.0,696.0,Trochalopteron variegatum,Variegated Laughingthrush,0.9999,psl3,2024,05,25,06
702.0,705.0,Trochalopteron variegatum,Variegated Laughingthrush,0.9983,psl3,2024,05,25,06
705.0,708.0,Trochalopteron variegatum,Variegated Laughingthrush,0.9949,psl3,2024,05,25,06
711.0,714.0,Trochalopteron variegatum,Variegated Laughingthrush,0.9999,psl3,2024,05,25,06
714.0,717.0,Trochalopteron variegatum,Variegated Laughingthrush,0.9683,psl3,2024,05,25,06
717.0,720.0,Trochalopteron variegatum,Variegated Laughingthrush,0.9597,psl3,2024,05,25,06
720.0,723.0,Trochalopteron variegatum,Variegated Laughingthrush,0.9827,psl3,2024,05,25,06
723.0,726.0,Trochalopteron variegatum,Variegated Laughingthrush,0.5097,psl3,2024,05,25,06
726.0,729.0,Trochalopteron variegatum,Variegated Laughingthrush,0.9869,psl3,2024,05,25,06
732.0,735.0,Trochalopteron variegatum,Variegated Laughingthrush,0.9856,psl3,2024,05,25,06
735.0,738.0,Protonotaria citrea,Prothonotary Warbler,0.6357,psl3,2024,05,25,06
735.0,738.0,Piranga ludoviciana,Western Tanager,0.5208,psl3,2024,05,25,06
741.0,744.0,Trochalopteron variegatum,Variegated Laughingthrush,0.9024,psl3,2024,05,25,06
756.0,759.0,Trochalopteron variegatum,Variegated Laughingthrush,0.9261,psl3,2024,05,25,06
765.0,768.0,Trochalopteron variegatum,Variegated Laughingthrush,0.9968,psl3,2024,05,25,06
765.0,768.0,Trochalopteron henrici,Prince Henry's Laughingthrush,0.9262,psl3,2024,05,25,06
786.0,789.0,Trochalopteron variegatum,Variegated Laughingthrush,0.9675,psl3,2024,05,25,06
837.0,840.0,Phylloscopus occipitalis,Western Crowned Warbler,0.5613,psl3,2024,05,25,06
873.0,876.0,Phylloscopus occipitalis,Western Crowned Warbler,0.8296,psl3,2024,05,25,06
3.0,6.0,Carpodacus erythrinus,Common Rosefinch,0.9861,psl3,2024,05,25,07
12.0,15.0,Carpodacus erythrinus,Common Rosefinch,0.7046,psl3,2024,05,25,07
21.0,24.0,Carpodacus erythrinus,Common Rosefinch,0.9195,psl3,2024,05,25,07
24.0,27.0,Carpodacus erythrinus,Common Rosefinch,0.8434,psl3,2024,05,25,07
39.0,42.0,Carpodacus erythrinus,Common Rosefinch,0.5943,psl3,2024,05,25,07
45.0,48.0,Carpodacus erythrinus,Common Rosefinch,0.7821,psl3,2024,05,25,07
48.0,51.0,Carpodacus erythrinus,Common Rosefinch,0.9393,psl3,2024,05,25,07
57.0,60.0,Carpodacus erythrinus,Common Rosefinch,0.854,psl3,2024,05,25,07
66.0,69.0,Carpodacus erythrinus,Common Rosefinch,0.9328,psl3,2024,05,25,07
69.0,72.0,Carpodacus erythrinus,Common Rosefinch,0.503,psl3,2024,05,25,07
90.0,93.0,Carpodacus erythrinus,Common Rosefinch,0.6406,psl3,2024,05,25,07
99.0,102.0,Carpodacus erythrinus,Common Rosefinch,0.5839,psl3,2024,05,25,07
111.0,114.0,Carpodacus erythrinus,Common Rosefinch,0.8063,psl3,2024,05,25,07
120.0,123.0,Carpodacus erythrinus,Common Rosefinch,0.6679,psl3,2024,05,25,07
129.0,132.0,Carpodacus erythrinus,Common Rosefinch,0.6433,psl3,2024,05,25,07
156.0,159.0,Carpodacus erythrinus,Common Rosefinch,0.6917,psl3,2024,05,25,07
168.0,171.0,Carpodacus erythrinus,Common Rosefinch,0.5791,psl3,2024,05,25,07
174.0,177.0,Carpodacus erythrinus,Common Rosefinch,0.9508,psl3,2024,05,25,07
177.0,180.0,Carpodacus erythrinus,Common Rosefinch,0.5667,psl3,2024,05,25,07
183.0,186.0,Carpodacus erythrinus,Common Rosefinch,0.8528,psl3,2024,05,25,07
186.0,189.0,Carpodacus erythrinus,Common Rosefinch,0.9542,psl3,2024,05,25,07
192.0,195.0,Carpodacus erythrinus,Common Rosefinch,0.6423,psl3,2024,05,25,07
228.0,231.0,Carpodacus erythrinus,Common Rosefinch,0.5821,psl3,2024,05,25,07
237.0,240.0,Carpodacus erythrinus,Common Rosefinch,0.8264,psl3,2024,05,25,07
240.0,243.0,Carpodacus erythrinus,Common Rosefinch,0.8043,psl3,2024,05,25,07
261.0,264.0,Carpodacus erythrinus,Common Rosefinch,0.5996,psl3,2024,05,25,07
264.0,267.0,Carpodacus erythrinus,Common Rosefinch,0.6474,psl3,2024,05,25,07
282.0,285.0,Carpodacus erythrinus,Common Rosefinch,0.5284,psl3,2024,05,25,07
285.0,288.0,Carpodacus erythrinus,Common Rosefinch,0.5216,psl3,2024,05,25,07
300.0,303.0,Carpodacus erythrinus,Common Rosefinch,0.5817,psl3,2024,05,25,07
312.0,315.0,Carpodacus erythrinus,Common Rosefinch,0.856,psl3,2024,05,25,07
315.0,318.0,Carpodacus erythrinus,Common Rosefinch,0.6289,psl3,2024,05,25,07
321.0,324.0,Carpodacus erythrinus,Common Rosefinch,0.9112,psl3,2024,05,25,07
324.0,327.0,Carpodacus erythrinus,Common Rosefinch,0.7014,psl3,2024,05,25,07
333.0,336.0,Carpodacus erythrinus,Common Rosefinch,0.8433,psl3,2024,05,25,07
339.0,342.0,Carpodacus erythrinus,Common Rosefinch,0.7991,psl3,2024,05,25,07
357.0,360.0,Carpodacus erythrinus,Common Rosefinch,0.7791,psl3,2024,05,25,07
363.0,366.0,Carpodacus erythrinus,Common Rosefinch,0.6552,psl3,2024,05,25,07
378.0,381.0,Carpodacus erythrinus,Common Rosefinch,0.8691,psl3,2024,05,25,07
387.0,390.0,Carpodacus erythrinus,Common Rosefinch,0.5655,psl3,2024,05,25,07
402.0,405.0,Carpodacus erythrinus,Common Rosefinch,0.689,psl3,2024,05,25,07
405.0,408.0,Carpodacus erythrinus,Common Rosefinch,0.8996,psl3,2024,05,25,07
417.0,420.0,Carpodacus erythrinus,Common Rosefinch,0.791,psl3,2024,05,25,07
429.0,432.0,Carpodacus erythrinus,Common Rosefinch,0.8932,psl3,2024,05,25,07
447.0,450.0,Carpodacus erythrinus,Common Rosefinch,0.866,psl3,2024,05,25,07
459.0,462.0,Carpodacus erythrinus,Common Rosefinch,0.5765,psl3,2024,05,25,07
468.0,471.0,Protonotaria citrea,Prothonotary Warbler,0.8669,psl3,2024,05,25,07
474.0,477.0,Carpodacus erythrinus,Common Rosefinch,0.719,psl3,2024,05,25,07
483.0,486.0,Phylloscopus occipitalis,Western Crowned Warbler,0.9742,psl3,2024,05,25,07
486.0,489.0,Carpodacus erythrinus,Common Rosefinch,0.713,psl3,2024,05,25,07
489.0,492.0,Carpodacus erythrinus,Common Rosefinch,0.7448,psl3,2024,05,25,07
492.0,495.0,Phylloscopus occipitalis,Western Crowned Warbler,0.9127,psl3,2024,05,25,07
498.0,501.0,Phylloscopus occipitalis,Western Crowned Warbler,0.7471,psl3,2024,05,25,07
501.0,504.0,Phylloscopus occipitalis,Western Crowned Warbler,0.6422,psl3,2024,05,25,07
507.0,510.0,Phylloscopus occipitalis,Western Crowned Warbler,0.7495,psl3,2024,05,25,07
510.0,513.0,Phylloscopus occipitalis,Western Crowned Warbler,0.8961,psl3,2024,05,25,07
513.0,516.0,Phylloscopus occipitalis,Western Crowned Warbler,0.9673,psl3,2024,05,25,07
516.0,519.0,Phylloscopus occipitalis,Western Crowned Warbler,0.9684,psl3,2024,05,25,07
519.0,522.0,Phylloscopus occipitalis,Western Crowned Warbler,0.982,psl3,2024,05,25,07
525.0,528.0,Phylloscopus occipitalis,Western Crowned Warbler,0.9675,psl3,2024,05,25,07
528.0,531.0,Carpodacus erythrinus,Common Rosefinch,0.7174,psl3,2024,05,25,07
531.0,534.0,Phylloscopus occipitalis,Western Crowned Warbler,0.938,psl3,2024,05,25,07
540.0,543.0,Carpodacus erythrinus,Common Rosefinch,0.5308,psl3,2024,05,25,07
543.0,546.0,Carpodacus erythrinus,Common Rosefinch,0.8439,psl3,2024,05,25,07
549.0,552.0,Phylloscopus occipitalis,Western Crowned Warbler,0.7387,psl3,2024,05,25,07
552.0,555.0,Carpodacus erythrinus,Common Rosefinch,0.7465,psl3,2024,05,25,07
561.0,564.0,Phylloscopus occipitalis,Western Crowned Warbler,0.6698,psl3,2024,05,25,07
576.0,579.0,Phylloscopus occipitalis,Western Crowned Warbler,0.8775,psl3,2024,05,25,07
579.0,582.0,Carpodacus erythrinus,Common Rosefinch,0.7143,psl3,2024,05,25,07
603.0,606.0,Carpodacus erythrinus,Common Rosefinch,0.7377,psl3,2024,05,25,07
675.0,678.0,Carpodacus erythrinus,Common Rosefinch,0.827,psl3,2024,05,25,07
681.0,684.0,Carpodacus erythrinus,Common Rosefinch,0.8075,psl3,2024,05,25,07
696.0,699.0,Phylloscopus occipitalis,Western Crowned Warbler,0.6893,psl3,2024,05,25,07
735.0,738.0,Carpodacus erythrinus,Common Rosefinch,0.5057,psl3,2024,05,25,07
741.0,744.0,Carpodacus erythrinus,Common Rosefinch,0.6991,psl3,2024,05,25,07
747.0,750.0,Protonotaria citrea,Prothonotary Warbler,0.9444,psl3,2024,05,25,07
759.0,762.0,Phylloscopus occipitalis,Western Crowned Warbler,0.5941,psl3,2024,05,25,07
762.0,765.0,Phylloscopus occipitalis,Western Crowned Warbler,0.6964,psl3,2024,05,25,07
765.0,768.0,Phylloscopus occipitalis,Western Crowned Warbler,0.9594,psl3,2024,05,25,07
783.0,786.0,Carpodacus erythrinus,Common Rosefinch,0.7419,psl3,2024,05,25,07
792.0,795.0,Protonotaria citrea,Prothonotary Warbler,0.9307,psl3,2024,05,25,07
798.0,801.0,Carpodacus erythrinus,Common Rosefinch,0.5549,psl3,2024,05,25,07
801.0,804.0,Phylloscopus occipitalis,Western Crowned Warbler,0.8544,psl3,2024,05,25,07
810.0,813.0,Phylloscopus occipitalis,Western Crowned Warbler,0.9513,psl3,2024,05,25,07
813.0,816.0,Phylloscopus occipitalis,Western Crowned Warbler,0.9265,psl3,2024,05,25,07
813.0,816.0,Protonotaria citrea,Prothonotary Warbler,0.6601,psl3,2024,05,25,07
819.0,822.0,Phylloscopus occipitalis,Western Crowned Warbler,0.688,psl3,2024,05,25,07
828.0,831.0,Phylloscopus occipitalis,Western Crowned Warbler,0.7103,psl3,2024,05,25,07
831.0,834.0,Phylloscopus occipitalis,Western Crowned Warbler,0.8857,psl3,2024,05,25,07
852.0,855.0,Protonotaria citrea,Prothonotary Warbler,0.9689,psl3,2024,05,25,07
855.0,858.0,Phylloscopus occipitalis,Western Crowned Warbler,0.7203,psl3,2024,05,25,07
321.0,324.0,Geothlypis tolmiei,MacGillivray's Warbler,0.8037,psl3,2024,05,25,08
336.0,339.0,Periparus ater,Coal Tit,0.6794,psl3,2024,05,25,08
366.0,369.0,Phylloscopus nitidus,Green Warbler,0.9687,psl3,2024,05,25,08
537.0,540.0,Geothlypis tolmiei,MacGillivray's Warbler,0.6201,psl3,2024,05,25,08
573.0,576.0,Protonotaria citrea,Prothonotary Warbler,0.5413,psl3,2024,05,25,08
579.0,582.0,Phylloscopus occipitalis,Western Crowned Warbler,0.642,psl3,2024,05,25,08
582.0,585.0,Phylloscopus occipitalis,Western Crowned Warbler,0.5668,psl3,2024,05,25,08
591.0,594.0,Phylloscopus occipitalis,Western Crowned Warbler,0.9424,psl3,2024,05,25,08
594.0,597.0,Phylloscopus occipitalis,Western Crowned Warbler,0.6404,psl3,2024,05,25,08
597.0,600.0,Phylloscopus occipitalis,Western Crowned Warbler,0.6635,psl3,2024,05,25,08
606.0,609.0,Phylloscopus occipitalis,Western Crowned Warbler,0.8328,psl3,2024,05,25,08
609.0,612.0,Piranga leucoptera,White-winged Tanager,0.8335,psl3,2024,05,25,08
612.0,615.0,Phylloscopus occipitalis,Western Crowned Warbler,0.5238,psl3,2024,05,25,08
615.0,618.0,Phylloscopus occipitalis,Western Crowned Warbler,0.9321,psl3,2024,05,25,08
618.0,621.0,Phylloscopus occipitalis,Western Crowned Warbler,0.5221,psl3,2024,05,25,08
624.0,627.0,Phylloscopus occipitalis,Western Crowned Warbler,0.9118,psl3,2024,05,25,08
633.0,636.0,Phylloscopus occipitalis,Western Crowned Warbler,0.5932,psl3,2024,05,25,08
636.0,639.0,Phylloscopus occipitalis,Western Crowned Warbler,0.7837,psl3,2024,05,25,08
651.0,654.0,Phylloscopus occipitalis,Western Crowned Warbler,0.7212,psl3,2024,05,25,08
657.0,660.0,Phylloscopus occipitalis,Western Crowned Warbler,0.7984,psl3,2024,05,25,08
660.0,663.0,Phylloscopus occipitalis,Western Crowned Warbler,0.5277,psl3,2024,05,25,08
666.0,669.0,Protonotaria citrea,Prothonotary Warbler,0.7519,psl3,2024,05,25,08
669.0,672.0,Phylloscopus occipitalis,Western Crowned Warbler,0.7125,psl3,2024,05,25,08
726.0,729.0,Phylloscopus occipitalis,Western Crowned Warbler,0.5671,psl3,2024,05,25,08
732.0,735.0,Phylloscopus occipitalis,Western Crowned Warbler,0.7233,psl3,2024,05,25,08
744.0,747.0,Phylloscopus occipitalis,Western Crowned Warbler,0.594,psl3,2024,05,25,08
753.0,756.0,Phylloscopus occipitalis,Western Crowned Warbler,0.5194,psl3,2024,05,25,08
813.0,816.0,Protonotaria citrea,Prothonotary Warbler,0.8372,psl3,2024,05,25,08
816.0,819.0,Phylloscopus occipitalis,Western Crowned Warbler,0.6536,psl3,2024,05,25,08
828.0,831.0,Phylloscopus occipitalis,Western Crowned Warbler,0.7791,psl3,2024,05,25,08
837.0,840.0,Phylloscopus occipitalis,Western Crowned Warbler,0.7181,psl3,2024,05,25,08
840.0,843.0,Phylloscopus occipitalis,Western Crowned Warbler,0.8103,psl3,2024,05,25,08
843.0,846.0,Phylloscopus occipitalis,Western Crowned Warbler,0.6598,psl3,2024,05,25,08
9.0,12.0,Phylloscopus occipitalis,Western Crowned Warbler,0.8202,psl3,2024,05,25,09
24.0,27.0,Phylloscopus occipitalis,Western Crowned Warbler,0.8398,psl3,2024,05,25,09
33.0,36.0,Phylloscopus occipitalis,Western Crowned Warbler,0.6185,psl3,2024,05,25,09
42.0,45.0,Phylloscopus occipitalis,Western Crowned Warbler,0.8599,psl3,2024,05,25,09
57.0,60.0,Phylloscopus occipitalis,Western Crowned Warbler,0.507,psl3,2024,05,25,09
60.0,63.0,Phylloscopus occipitalis,Western Crowned Warbler,0.9635,psl3,2024,05,25,09
63.0,66.0,Phylloscopus occipitalis,Western Crowned Warbler,0.8665,psl3,2024,05,25,09
66.0,69.0,Phylloscopus occipitalis,Western Crowned Warbler,0.7981,psl3,2024,05,25,09
69.0,72.0,Phylloscopus occipitalis,Western Crowned Warbler,0.9495,psl3,2024,05,25,09
72.0,75.0,Phylloscopus occipitalis,Western Crowned Warbler,0.5729,psl3,2024,05,25,09
75.0,78.0,Phylloscopus occipitalis,Western Crowned Warbler,0.9911,psl3,2024,05,25,09
78.0,81.0,Phylloscopus occipitalis,Western Crowned Warbler,0.9948,psl3,2024,05,25,09
81.0,84.0,Phylloscopus occipitalis,Western Crowned Warbler,0.932,psl3,2024,05,25,09
87.0,90.0,Phylloscopus occipitalis,Western Crowned Warbler,0.9943,psl3,2024,05,25,09
90.0,93.0,Phylloscopus occipitalis,Western Crowned Warbler,0.9756,psl3,2024,05,25,09
93.0,96.0,Phylloscopus occipitalis,Western Crowned Warbler,0.9851,psl3,2024,05,25,09
96.0,99.0,Phylloscopus occipitalis,Western Crowned Warbler,0.9951,psl3,2024,05,25,09
99.0,102.0,Phylloscopus occipitalis,Western Crowned Warbler,0.9931,psl3,2024,05,25,09
102.0,105.0,Phylloscopus occipitalis,Western Crowned Warbler,0.9928,psl3,2024,05,25,09
105.0,108.0,Phylloscopus occipitalis,Western Crowned Warbler,0.9946,psl3,2024,05,25,09
108.0,111.0,Phylloscopus occipitalis,Western Crowned Warbler,0.9352,psl3,2024,05,25,09
111.0,114.0,Phylloscopus occipitalis,Western Crowned Warbler,0.9908,psl3,2024,05,25,09
114.0,117.0,Phylloscopus occipitalis,Western Crowned Warbler,0.9877,psl3,2024,05,25,09
117.0,120.0,Phylloscopus occipitalis,Western Crowned Warbler,0.9557,psl3,2024,05,25,09
123.0,126.0,Phylloscopus occipitalis,Western Crowned Warbler,0.9965,psl3,2024,05,25,09
126.0,129.0,Phylloscopus occipitalis,Western Crowned Warbler,0.9717,psl3,2024,05,25,09
129.0,132.0,Phylloscopus occipitalis,Western Crowned Warbler,0.9981,psl3,2024,05,25,09
132.0,135.0,Phylloscopus occipitalis,Western Crowned Warbler,0.9908,psl3,2024,05,25,09
135.0,138.0,Phylloscopus occipitalis,Western Crowned Warbler,0.7858,psl3,2024,05,25,09
138.0,141.0,Phylloscopus occipitalis,Western Crowned Warbler,0.9823,psl3,2024,05,25,09
141.0,144.0,Phylloscopus occipitalis,Western Crowned Warbler,0.974,psl3,2024,05,25,09
144.0,147.0,Phylloscopus occipitalis,Western Crowned Warbler,0.7989,psl3,2024,05,25,09
147.0,150.0,Phylloscopus occipitalis,Western Crowned Warbler,0.5125,psl3,2024,05,25,09
150.0,153.0,Phylloscopus occipitalis,Western Crowned Warbler,0.846,psl3,2024,05,25,09
219.0,222.0,Empidonax oberholseri,Dusky Flycatcher,0.91,psl3,2024,05,25,09
369.0,372.0,Phylloscopus occipitalis,Western Crowned Warbler,0.7677,psl3,2024,05,25,09
381.0,384.0,Phylloscopus occipitalis,Western Crowned Warbler,0.5488,psl3,2024,05,25,09
549.0,552.0,Empidonax oberholseri,Dusky Flycatcher,0.6245,psl3,2024,05,25,09
0.0,3.0,Phylloscopus occipitalis,Western Crowned Warbler,0.8073,psl3,2024,05,26,06
21.0,24.0,Phylloscopus occipitalis,Western Crowned Warbler,0.5351,psl3,2024,05,26,06
33.0,36.0,Phylloscopus occipitalis,Western Crowned Warbler,0.7644,psl3,2024,05,26,06
39.0,42.0,Phylloscopus occipitalis,Western Crowned Warbler,0.7082,psl3,2024,05,26,06
78.0,81.0,Phylloscopus occipitalis,Western Crowned Warbler,0.5409,psl3,2024,05,26,06
81.0,84.0,Phylloscopus occipitalis,Western Crowned Warbler,0.7495,psl3,2024,05,26,06
84.0,87.0,Phylloscopus occipitalis,Western Crowned Warbler,0.5766,psl3,2024,05,26,06
90.0,93.0,Phylloscopus occipitalis,Western Crowned Warbler,0.6841,psl3,2024,05,26,06
99.0,102.0,Phylloscopus occipitalis,Western Crowned Warbler,0.6695,psl3,2024,05,26,06
105.0,108.0,Phylloscopus occipitalis,Western Crowned Warbler,0.6696,psl3,2024,05,26,06
114.0,117.0,Phylloscopus occipitalis,Western Crowned Warbler,0.667,psl3,2024,05,26,06
123.0,126.0,Phylloscopus occipitalis,Western Crowned Warbler,0.6498,psl3,2024,05,26,06
147.0,150.0,Phylloscopus occipitalis,Western Crowned Warbler,0.6194,psl3,2024,05,26,06
150.0,153.0,Phylloscopus occipitalis,Western Crowned Warbler,0.5024,psl3,2024,05,26,06
162.0,165.0,Phylloscopus occipitalis,Western Crowned Warbler,0.5658,psl3,2024,05,26,06
165.0,168.0,Phylloscopus occipitalis,Western Crowned Warbler,0.578,psl3,2024,05,26,06
171.0,174.0,Phylloscopus occipitalis,Western Crowned Warbler,0.5177,psl3,2024,05,26,06
198.0,201.0,Phylloscopus occipitalis,Western Crowned Warbler,0.7591,psl3,2024,05,26,06
204.0,207.0,Phylloscopus occipitalis,Western Crowned Warbler,0.7489,psl3,2024,05,26,06
210.0,213.0,Phylloscopus occipitalis,Western Crowned Warbler,0.5749,psl3,2024,05,26,06
390.0,393.0,Protonotaria citrea,Prothonotary Warbler,0.5382,psl3,2024,05,26,06
429.0,432.0,Phylloscopus nitidus,Green Warbler,0.7355,psl3,2024,05,26,06
444.0,447.0,Phylloscopus occipitalis,Western Crowned Warbler,0.9322,psl3,2024,05,26,06
447.0,450.0,Phylloscopus occipitalis,Western Crowned Warbler,0.7944,psl3,2024,05,26,06
501.0,504.0,Phylloscopus occipitalis,Western Crowned Warbler,0.5323,psl3,2024,05,26,06
540.0,543.0,Phylloscopus trochiloides,Greenish Warbler,0.5021,psl3,2024,05,26,06
606.0,609.0,Phylloscopus nitidus,Green Warbler,0.8399,psl3,2024,05,26,06
612.0,615.0,Phylloscopus occipitalis,Western Crowned Warbler,0.5492,psl3,2024,05,26,06
681.0,684.0,Larvivora brunnea,Indian Blue Robin,0.6786,psl3,2024,05,26,06
897.0,900.0,Phylloscopus occipitalis,Western Crowned Warbler,0.5287,psl3,2024,05,26,06
45.0,48.0,Trochalopteron variegatum,Variegated Laughingthrush,0.5761,psl3,2024,05,26,07
177.0,180.0,Phylloscopus collybita,Common Chiffchaff,0.6181,psl3,2024,05,26,07
255.0,258.0,Trochalopteron variegatum,Variegated Laughingthrush,0.8333,psl3,2024,05,26,07
66.0,69.0,Erithacus rubecula,European Robin,0.617,psl3,2024,05,26,08
150.0,153.0,Phylloscopus occipitalis,Western Crowned Warbler,0.9225,psl3,2024,05,26,08
159.0,162.0,Phylloscopus occipitalis,Western Crowned Warbler,0.6922,psl3,2024,05,26,08
162.0,165.0,Phylloscopus occipitalis,Western Crowned Warbler,0.519,psl3,2024,05,26,08
171.0,174.0,Phylloscopus occipitalis,Western Crowned Warbler,0.9384,psl3,2024,05,26,08
174.0,177.0,Phylloscopus occipitalis,Western Crowned Warbler,0.6456,psl3,2024,05,26,08
177.0,180.0,Phylloscopus occipitalis,Western Crowned Warbler,0.8862,psl3,2024,05,26,08
180.0,183.0,Phylloscopus occipitalis,Western Crowned Warbler,0.7693,psl3,2024,05,26,08
183.0,186.0,Phylloscopus occipitalis,Western Crowned Warbler,0.5627,psl3,2024,05,26,08
192.0,195.0,Phylloscopus occipitalis,Western Crowned Warbler,0.7268,psl3,2024,05,26,08
198.0,201.0,Phylloscopus occipitalis,Western Crowned Warbler,0.7525,psl3,2024,05,26,08
201.0,204.0,Phylloscopus occipitalis,Western Crowned Warbler,0.6627,psl3,2024,05,26,08
231.0,234.0,Phylloscopus occipitalis,Western Crowned Warbler,0.6819,psl3,2024,05,26,08
234.0,237.0,Phylloscopus occipitalis,Western Crowned Warbler,0.6487,psl3,2024,05,26,08
357.0,360.0,Tarsiger rufilatus,Himalayan Bluetail,0.5704,psl3,2024,05,26,08
567.0,570.0,Phylloscopus occipitalis,Western Crowned Warbler,0.5344,psl3,2024,05,26,08
633.0,636.0,Protonotaria citrea,Prothonotary Warbler,0.5072,psl3,2024,05,26,08
696.0,699.0,Phylloscopus occipitalis,Western Crowned Warbler,0.8521,psl3,2024,05,26,08
696.0,699.0,Protonotaria citrea,Prothonotary Warbler,0.6035,psl3,2024,05,26,08
699.0,702.0,Phylloscopus occipitalis,Western Crowned Warbler,0.9753,psl3,2024,05,26,08
702.0,705.0,Phylloscopus occipitalis,Western Crowned Warbler,0.701,psl3,2024,05,26,08
705.0,708.0,Phylloscopus occipitalis,Western Crowned Warbler,0.9718,psl3,2024,05,26,08
714.0,717.0,Phylloscopus occipitalis,Western Crowned Warbler,0.8399,psl3,2024,05,26,08
717.0,720.0,Phylloscopus occipitalis,Western Crowned Warbler,0.986,psl3,2024,05,26,08
726.0,729.0,Phylloscopus occipitalis,Western Crowned Warbler,0.9637,psl3,2024,05,26,08
735.0,738.0,Phylloscopus occipitalis,Western Crowned Warbler,0.943,psl3,2024,05,26,08
741.0,744.0,Phylloscopus occipitalis,Western Crowned Warbler,0.8489,psl3,2024,05,26,08
744.0,747.0,Phylloscopus occipitalis,Western Crowned Warbler,0.8102,psl3,2024,05,26,08
747.0,750.0,Phylloscopus occipitalis,Western Crowned Warbler,0.9806,psl3,2024,05,26,08
753.0,756.0,Phylloscopus occipitalis,Western Crowned Warbler,0.8767,psl3,2024,05,26,08
831.0,834.0,Trochalopteron variegatum,Variegated Laughingthrush,0.5285,psl3,2024,05,26,08
840.0,843.0,Phylloscopus occipitalis,Western Crowned Warbler,0.7958,psl3,2024,05,26,08
33.0,36.0,Phylloscopus occipitalis,Western Crowned Warbler,0.826,psl3,2024,05,26,09
546.0,549.0,Phylloscopus occipitalis,Western Crowned Warbler,0.5833,psl3,2024,05,26,09
567.0,570.0,Tolmomyias sulphurescens,Yellow-olive Flycatcher,0.6028,psl3,2024,05,26,09
597.0,600.0,Phylloscopus occipitalis,Western Crowned Warbler,0.5295,psl3,2024,05,26,09
600.0,603.0,Phylloscopus occipitalis,Western Crowned Warbler,0.959,psl3,2024,05,26,09
603.0,606.0,Phylloscopus occipitalis,Western Crowned Warbler,0.9167,psl3,2024,05,26,09
606.0,609.0,Phylloscopus occipitalis,Western Crowned Warbler,0.9511,psl3,2024,05,26,09
612.0,615.0,Phylloscopus occipitalis,Western Crowned Warbler,0.9513,psl3,2024,05,26,09
720.0,723.0,Phylloscopus occipitalis,Western Crowned Warbler,0.6777,psl3,2024,05,26,09
744.0,747.0,Phylloscopus occipitalis,Western Crowned Warbler,0.5329,psl3,2024,05,26,09
747.0,750.0,Phylloscopus occipitalis,Western Crowned Warbler,0.6774,psl3,2024,05,26,09
765.0,768.0,Phylloscopus occipitalis,Western Crowned Warbler,0.6374,psl3,2024,05,26,09
768.0,771.0,Phylloscopus occipitalis,Western Crowned Warbler,0.9128,psl3,2024,05,26,09
768.0,771.0,Phylloscopus tytleri,Tytler's Leaf Warbler,0.5218,psl3,2024,05,26,09
771.0,774.0,Phylloscopus occipitalis,Western Crowned Warbler,0.797,psl3,2024,05,26,09
774.0,777.0,Phylloscopus occipitalis,Western Crowned Warbler,0.9798,psl3,2024,05,26,09
819.0,822.0,Phylloscopus occipitalis,Western Crowned Warbler,0.7396,psl3,2024,05,26,09
822.0,825.0,Phylloscopus occipitalis,Western Crowned Warbler,0.6245,psl3,2024,05,26,09
828.0,831.0,Phylloscopus occipitalis,Western Crowned Warbler,0.9369,psl3,2024,05,26,09
831.0,834.0,Phylloscopus occipitalis,Western Crowned Warbler,0.8857,psl3,2024,05,26,09
834.0,837.0,Phylloscopus occipitalis,Western Crowned Warbler,0.8596,psl3,2024,05,26,09
837.0,840.0,Phylloscopus occipitalis,Western Crowned Warbler,0.8853,psl3,2024,05,26,09
840.0,843.0,Phylloscopus occipitalis,Western Crowned Warbler,0.9263,psl3,2024,05,26,09
843.0,846.0,Phylloscopus occipitalis,Western Crowned Warbler,0.6723,psl3,2024,05,26,09
846.0,849.0,Phylloscopus occipitalis,Western Crowned Warbler,0.9837,psl3,2024,05,26,09
849.0,852.0,Phylloscopus occipitalis,Western Crowned Warbler,0.9933,psl3,2024,05,26,09
852.0,855.0,Phylloscopus occipitalis,Western Crowned Warbler,0.5618,psl3,2024,05,26,09
855.0,858.0,Phylloscopus occipitalis,Western Crowned Warbler,0.9871,psl3,2024,05,26,09
858.0,861.0,Phylloscopus occipitalis,Western Crowned Warbler,0.9357,psl3,2024,05,26,09
861.0,864.0,Phylloscopus occipitalis,Western Crowned Warbler,0.9769,psl3,2024,05,26,09
864.0,867.0,Protonotaria citrea,Prothonotary Warbler,0.725,psl3,2024,05,26,09
870.0,873.0,Phylloscopus occipitalis,Western Crowned Warbler,0.5748,psl3,2024,05,26,09
882.0,885.0,Protonotaria citrea,Prothonotary Warbler,0.7194,psl3,2024,05,26,09
885.0,888.0,Protonotaria citrea,Prothonotary Warbler,0.9106,psl3,2024,05,26,09
27.0,30.0,Phylloscopus occipitalis,Western Crowned Warbler,0.6727,psl3,2024,05,27,05
36.0,39.0,Phylloscopus occipitalis,Western Crowned Warbler,0.8893,psl3,2024,05,27,05
48.0,51.0,Phylloscopus occipitalis,Western Crowned Warbler,0.9285,psl3,2024,05,27,05
48.0,51.0,Phylloscopus tytleri,Tytler's Leaf Warbler,0.5656,psl3,2024,05,27,05
51.0,54.0,Phylloscopus occipitalis,Western Crowned Warbler,0.9231,psl3,2024,05,27,05
60.0,63.0,Phylloscopus occipitalis,Western Crowned Warbler,0.7495,psl3,2024,05,27,05
60.0,63.0,Phylloscopus tytleri,Tytler's Leaf Warbler,0.5292,psl3,2024,05,27,05
69.0,72.0,Phylloscopus occipitalis,Western Crowned Warbler,0.6773,psl3,2024,05,27,05
90.0,93.0,Phylloscopus occipitalis,Western Crowned Warbler,0.526,psl3,2024,05,27,05
111.0,114.0,Basileuterus rufifrons,Rufous-capped Warbler,0.5266,psl3,2024,05,27,05
114.0,117.0,Phylloscopus occipitalis,Western Crowned Warbler,0.5932,psl3,2024,05,27,05
132.0,135.0,Phylloscopus occipitalis,Western Crowned Warbler,0.7678,psl3,2024,05,27,05
162.0,165.0,Basileuterus rufifrons,Rufous-capped Warbler,0.5432,psl3,2024,05,27,05
174.0,177.0,Basileuterus rufifrons,Rufous-capped Warbler,0.7172,psl3,2024,05,27,05
312.0,315.0,Phylloscopus occipitalis,Western Crowned Warbler,0.6198,psl3,2024,05,27,05
321.0,324.0,Basileuterus rufifrons,Rufous-capped Warbler,0.5354,psl3,2024,05,27,05
324.0,327.0,Basileuterus rufifrons,Rufous-capped Warbler,0.7645,psl3,2024,05,27,05
327.0,330.0,Phylloscopus occipitalis,Western Crowned Warbler,0.776,psl3,2024,05,27,05
330.0,333.0,Basileuterus rufifrons,Rufous-capped Warbler,0.5229,psl3,2024,05,27,05
396.0,399.0,Basileuterus rufifrons,Rufous-capped Warbler,0.7306,psl3,2024,05,27,05
405.0,408.0,Basileuterus rufifrons,Rufous-capped Warbler,0.5055,psl3,2024,05,27,05
411.0,414.0,Basileuterus rufifrons,Rufous-capped Warbler,0.5165,psl3,2024,05,27,05
432.0,435.0,Basileuterus rufifrons,Rufous-capped Warbler,0.7533,psl3,2024,05,27,05
483.0,486.0,Phylloscopus occipitalis,Western Crowned Warbler,0.7078,psl3,2024,05,27,05
486.0,489.0,Phylloscopus occipitalis,Western Crowned Warbler,0.595,psl3,2024,05,27,05
492.0,495.0,Phylloscopus occipitalis,Western Crowned Warbler,0.7228,psl3,2024,05,27,05
570.0,573.0,Phylloscopus occipitalis,Western Crowned Warbler,0.7438,psl3,2024,05,27,05
576.0,579.0,Phylloscopus occipitalis,Western Crowned Warbler,0.8156,psl3,2024,05,27,05
585.0,588.0,Phylloscopus occipitalis,Western Crowned Warbler,0.7396,psl3,2024,05,27,05
597.0,600.0,Phylloscopus occipitalis,Western Crowned Warbler,0.8977,psl3,2024,05,27,05
606.0,609.0,Phylloscopus occipitalis,Western Crowned Warbler,0.7186,psl3,2024,05,27,05
609.0,612.0,Phylloscopus occipitalis,Western Crowned Warbler,0.895,psl3,2024,05,27,05
615.0,618.0,Phylloscopus occipitalis,Western Crowned Warbler,0.7143,psl3,2024,05,27,05
618.0,621.0,Phylloscopus occipitalis,Western Crowned Warbler,0.9082,psl3,2024,05,27,05
630.0,633.0,Phylloscopus occipitalis,Western Crowned Warbler,0.8632,psl3,2024,05,27,05
642.0,645.0,Phylloscopus tytleri,Tytler's Leaf Warbler,0.6034,psl3,2024,05,27,05
645.0,648.0,Phylloscopus occipitalis,Western Crowned Warbler,0.8194,psl3,2024,05,27,05
651.0,654.0,Phylloscopus occipitalis,Western Crowned Warbler,0.9766,psl3,2024,05,27,05
651.0,654.0,Phylloscopus tytleri,Tytler's Leaf Warbler,0.7738,psl3,2024,05,27,05
654.0,657.0,Phylloscopus occipitalis,Western Crowned Warbler,0.9793,psl3,2024,05,27,05
663.0,666.0,Phylloscopus occipitalis,Western Crowned Warbler,0.7989,psl3,2024,05,27,05
666.0,669.0,Phylloscopus occipitalis,Western Crowned Warbler,0.949,psl3,2024,05,27,05
669.0,672.0,Phylloscopus occipitalis,Western Crowned Warbler,0.6158,psl3,2024,05,27,05
672.0,675.0,Phylloscopus occipitalis,Western Crowned Warbler,0.9405,psl3,2024,05,27,05
675.0,678.0,Phylloscopus occipitalis,Western Crowned Warbler,0.526,psl3,2024,05,27,05
678.0,681.0,Phylloscopus occipitalis,Western Crowned Warbler,0.7831,psl3,2024,05,27,05
681.0,684.0,Trochalopteron variegatum,Variegated Laughingthrush,0.6303,psl3,2024,05,27,05
684.0,687.0,Trochalopteron variegatum,Variegated Laughingthrush,0.9806,psl3,2024,05,27,05
687.0,690.0,Phylloscopus tytleri,Tytler's Leaf Warbler,0.5798,psl3,2024,05,27,05
690.0,693.0,Phylloscopus occipitalis,Western Crowned Warbler,0.9302,psl3,2024,05,27,05
690.0,693.0,Trochalopteron variegatum,Variegated Laughingthrush,0.9061,psl3,2024,05,27,05
693.0,696.0,Phylloscopus occipitalis,Western Crowned Warbler,0.8152,psl3,2024,05,27,05
693.0,696.0,Trochalopteron variegatum,Variegated Laughingthrush,0.6504,psl3,2024,05,27,05
696.0,699.0,Phylloscopus occipitalis,Western Crowned Warbler,0.9841,psl3,2024,05,27,05
699.0,702.0,Trochalopteron variegatum,Variegated Laughingthrush,0.76,psl3,2024,05,27,05
702.0,705.0,Trochalopteron variegatum,Variegated Laughingthrush,0.9791,psl3,2024,05,27,05
702.0,705.0,Phylloscopus occipitalis,Western Crowned Warbler,0.8411,psl3,2024,05,27,05
705.0,708.0,Trochalopteron variegatum,Variegated Laughingthrush,0.953,psl3,2024,05,27,05
708.0,711.0,Phylloscopus occipitalis,Western Crowned Warbler,0.9007,psl3,2024,05,27,05
708.0,711.0,Trochalopteron variegatum,Variegated Laughingthrush,0.8326,psl3,2024,05,27,05
714.0,717.0,Phylloscopus occipitalis,Western Crowned Warbler,0.7519,psl3,2024,05,27,05
717.0,720.0,Trochalopteron variegatum,Variegated Laughingthrush,0.9431,psl3,2024,05,27,05
720.0,723.0,Phylloscopus occipitalis,Western Crowned Warbler,0.525,psl3,2024,05,27,05
723.0,726.0,Phylloscopus occipitalis,Western Crowned Warbler,0.8595,psl3,2024,05,27,05
729.0,732.0,Phylloscopus occipitalis,Western Crowned Warbler,0.617,psl3,2024,05,27,05
732.0,735.0,Trochalopteron variegatum,Variegated Laughingthrush,0.7595,psl3,2024,05,27,05
735.0,738.0,Phylloscopus occipitalis,Western Crowned Warbler,0.971,psl3,2024,05,27,05
738.0,741.0,Phylloscopus occipitalis,Western Crowned Warbler,0.7687,psl3,2024,05,27,05
741.0,744.0,Phylloscopus occipitalis,Western Crowned Warbler,0.6064,psl3,2024,05,27,05
744.0,747.0,Phylloscopus occipitalis,Western Crowned Warbler,0.8483,psl3,2024,05,27,05
744.0,747.0,Trochalopteron variegatum,Variegated Laughingthrush,0.8185,psl3,2024,05,27,05
747.0,750.0,Trochalopteron variegatum,Variegated Laughingthrush,0.9635,psl3,2024,05,27,05
753.0,756.0,Trochalopteron variegatum,Variegated Laughingthrush,0.9925,psl3,2024,05,27,05
756.0,759.0,Phylloscopus occipitalis,Western Crowned Warbler,0.928,psl3,2024,05,27,05
759.0,762.0,Trochalopteron variegatum,Variegated Laughingthrush,0.9905,psl3,2024,05,27,05
762.0,765.0,Trochalopteron variegatum,Variegated Laughingthrush,0.9975,psl3,2024,05,27,05
765.0,768.0,Trochalopteron variegatum,Variegated Laughingthrush,0.9985,psl3,2024,05,27,05
768.0,771.0,Trochalopteron variegatum,Variegated Laughingthrush,0.9435,psl3,2024,05,27,05
771.0,774.0,Trochalopteron variegatum,Variegated Laughingthrush,0.5905,psl3,2024,05,27,05
774.0,777.0,Trochalopteron variegatum,Variegated Laughingthrush,0.9996,psl3,2024,05,27,05
780.0,783.0,Trochalopteron variegatum,Variegated Laughingthrush,0.9787,psl3,2024,05,27,05
780.0,783.0,Larvivora brunnea,Indian Blue Robin,0.6343,psl3,2024,05,27,05
786.0,789.0,Trochalopteron variegatum,Variegated Laughingthrush,0.9988,psl3,2024,05,27,05
789.0,792.0,Trochalopteron variegatum,Variegated Laughingthrush,0.9977,psl3,2024,05,27,05
792.0,795.0,Phylloscopus occipitalis,Western Crowned Warbler,0.8516,psl3,2024,05,27,05
795.0,798.0,Trochalopteron variegatum,Variegated Laughingthrush,0.9564,psl3,2024,05,27,05
801.0,804.0,Trochalopteron variegatum,Variegated Laughingthrush,0.9983,psl3,2024,05,27,05
807.0,810.0,Trochalopteron variegatum,Variegated Laughingthrush,0.9891,psl3,2024,05,27,05
807.0,810.0,Larvivora brunnea,Indian Blue Robin,0.7035,psl3,2024,05,27,05
810.0,813.0,Trochalopteron variegatum,Variegated Laughingthrush,0.861,psl3,2024,05,27,05
816.0,819.0,Trochalopteron variegatum,Variegated Laughingthrush,0.9586,psl3,2024,05,27,05
819.0,822.0,Trochalopteron variegatum,Variegated Laughingthrush,0.9674,psl3,2024,05,27,05
825.0,828.0,Trochalopteron variegatum,Variegated Laughingthrush,0.9972,psl3,2024,05,27,05
828.0,831.0,Trochalopteron variegatum,Variegated Laughingthrush,0.941,psl3,2024,05,27,05
831.0,834.0,Trochalopteron variegatum,Variegated Laughingthrush,0.8492,psl3,2024,05,27,05
834.0,837.0,Trochalopteron variegatum,Variegated Laughingthrush,0.9818,psl3,2024,05,27,05
834.0,837.0,Larvivora brunnea,Indian Blue Robin,0.7561,psl3,2024,05,27,05
840.0,843.0,Trochalopteron variegatum,Variegated Laughingthrush,0.949,psl3,2024,05,27,05
852.0,855.0,Trochalopteron variegatum,Variegated Laughingthrush,0.9714,psl3,2024,05,27,05
855.0,858.0,Trochalopteron variegatum,Variegated Laughingthrush,0.986,psl3,2024,05,27,05
858.0,861.0,Trochalopteron variegatum,Variegated Laughingthrush,0.9914,psl3,2024,05,27,05
861.0,864.0,Larvivora brunnea,Indian Blue Robin,0.9676,psl3,2024,05,27,05
861.0,864.0,Phylloscopus magnirostris,Large-billed Leaf Warbler,0.6206,psl3,2024,05,27,05
864.0,867.0,Trochalopteron variegatum,Variegated Laughingthrush,0.7971,psl3,2024,05,27,05
864.0,867.0,Larvivora brunnea,Indian Blue Robin,0.5192,psl3,2024,05,27,05
867.0,870.0,Trochalopteron variegatum,Variegated Laughingthrush,0.9985,psl3,2024,05,27,05
870.0,873.0,Trochalopteron variegatum,Variegated Laughingthrush,0.9611,psl3,2024,05,27,05
873.0,876.0,Larvivora brunnea,Indian Blue Robin,0.6895,psl3,2024,05,27,05
876.0,879.0,Trochalopteron variegatum,Variegated Laughingthrush,0.7586,psl3,2024,05,27,05
879.0,882.0,Trochalopteron variegatum,Variegated Laughingthrush,0.9613,psl3,2024,05,27,05
882.0,885.0,Trochalopteron variegatum,Variegated Laughingthrush,0.8063,psl3,2024,05,27,05
891.0,894.0,Larvivora brunnea,Indian Blue Robin,0.7349,psl3,2024,05,27,05
891.0,894.0,Trochalopteron variegatum,Variegated Laughingthrush,0.6994,psl3,2024,05,27,05
897.0,900.0,Trochalopteron variegatum,Variegated Laughingthrush,0.9601,psl3,2024,05,27,05
177.0,180.0,Phylloscopus occipitalis,Western Crowned Warbler,0.5901,psl3,2024,05,27,06
186.0,189.0,Phylloscopus tytleri,Tytler's Leaf Warbler,0.6641,psl3,2024,05,27,06
201.0,204.0,Phylloscopus occipitalis,Western Crowned Warbler,0.5689,psl3,2024,05,27,06
234.0,237.0,Trochalopteron variegatum,Variegated Laughingthrush,0.6632,psl3,2024,05,27,06
270.0,273.0,Basileuterus rufifrons,Rufous-capped Warbler,0.5727,psl3,2024,05,27,06
276.0,279.0,Phylloscopus occipitalis,Western Crowned Warbler,0.6323,psl3,2024,05,27,06
291.0,294.0,Phylloscopus occipitalis,Western Crowned Warbler,0.5404,psl3,2024,05,27,06
294.0,297.0,Phylloscopus occipitalis,Western Crowned Warbler,0.823,psl3,2024,05,27,06
297.0,300.0,Phylloscopus occipitalis,Western Crowned Warbler,0.6772,psl3,2024,05,27,06
321.0,324.0,Phylloscopus occipitalis,Western Crowned Warbler,0.8386,psl3,2024,05,27,06
354.0,357.0,Phylloscopus occipitalis,Western Crowned Warbler,0.6309,psl3,2024,05,27,06
453.0,456.0,Phylloscopus occipitalis,Western Crowned Warbler,0.7867,psl3,2024,05,27,06
474.0,477.0,Phylloscopus occipitalis,Western Crowned Warbler,0.6238,psl3,2024,05,27,06
477.0,480.0,Phylloscopus occipitalis,Western Crowned Warbler,0.6815,psl3,2024,05,27,06
540.0,543.0,Phylloscopus occipitalis,Western Crowned Warbler,0.8046,psl3,2024,05,27,06
543.0,546.0,Protonotaria citrea,Prothonotary Warbler,0.6631,psl3,2024,05,27,06
543.0,546.0,Phylloscopus occipitalis,Western Crowned Warbler,0.6629,psl3,2024,05,27,06
549.0,552.0,Phylloscopus occipitalis,Western Crowned Warbler,0.5619,psl3,2024,05,27,06
552.0,555.0,Basileuterus rufifrons,Rufous-capped Warbler,0.7039,psl3,2024,05,27,06
561.0,564.0,Phylloscopus sibilatrix,Wood Warbler,0.9497,psl3,2024,05,27,06
564.0,567.0,Phylloscopus occipitalis,Western Crowned Warbler,0.7204,psl3,2024,05,27,06
570.0,573.0,Phylloscopus occipitalis,Western Crowned Warbler,0.668,psl3,2024,05,27,06
654.0,657.0,Basileuterus rufifrons,Rufous-capped Warbler,0.5303,psl3,2024,05,27,06
675.0,678.0,Phylloscopus occipitalis,Western Crowned Warbler,0.6423,psl3,2024,05,27,06
711.0,714.0,Phylloscopus occipitalis,Western Crowned Warbler,0.8082,psl3,2024,05,27,06
714.0,717.0,Phylloscopus occipitalis,Western Crowned Warbler,0.6225,psl3,2024,05,27,06
744.0,747.0,Phylloscopus occipitalis,Western Crowned Warbler,0.9217,psl3,2024,05,27,06
747.0,750.0,Phylloscopus occipitalis,Western Crowned Warbler,0.6748,psl3,2024,05,27,06
750.0,753.0,Phylloscopus occipitalis,Western Crowned Warbler,0.5775,psl3,2024,05,27,06
780.0,783.0,Phylloscopus occipitalis,Western Crowned Warbler,0.6275,psl3,2024,05,27,06
816.0,819.0,Basileuterus rufifrons,Rufous-capped Warbler,0.5251,psl3,2024,05,27,06
855.0,858.0,Protonotaria citrea,Prothonotary Warbler,0.6236,psl3,2024,05,27,06
30.0,33.0,Larvivora brunnea,Indian Blue Robin,0.5997,psl3,2024,05,27,07
48.0,51.0,Larvivora brunnea,Indian Blue Robin,0.8637,psl3,2024,05,27,07
390.0,393.0,Basileuterus rufifrons,Rufous-capped Warbler,0.5822,psl3,2024,05,27,07
399.0,402.0,Basileuterus rufifrons,Rufous-capped Warbler,0.615,psl3,2024,05,27,07
420.0,423.0,Phylloscopus occipitalis,Western Crowned Warbler,0.8638,psl3,2024,05,27,07
426.0,429.0,Basileuterus rufifrons,Rufous-capped Warbler,0.674,psl3,2024,05,27,07
444.0,447.0,Trochalopteron variegatum,Variegated Laughingthrush,0.5031,psl3,2024,05,27,07
453.0,456.0,Trochalopteron variegatum,Variegated Laughingthrush,0.722,psl3,2024,05,27,07
465.0,468.0,Cyclarhis gujanensis,Rufous-browed Peppershrike,0.674,psl3,2024,05,27,07
495.0,498.0,Trochalopteron variegatum,Variegated Laughingthrush,0.5423,psl3,2024,05,27,07
636.0,639.0,Trochalopteron variegatum,Variegated Laughingthrush,0.7421,psl3,2024,05,27,07
642.0,645.0,Trochalopteron elliotii,Elliot's Laughingthrush,0.5184,psl3,2024,05,27,07
663.0,666.0,Trochalopteron variegatum,Variegated Laughingthrush,0.6635,psl3,2024,05,27,07
669.0,672.0,Trochalopteron variegatum,Variegated Laughingthrush,0.8632,psl3,2024,05,27,07
678.0,681.0,Trochalopteron variegatum,Variegated Laughingthrush,0.7972,psl3,2024,05,27,07
693.0,696.0,Carpodacus erythrinus,Common Rosefinch,0.8113,psl3,2024,05,27,07
711.0,714.0,Basileuterus rufifrons,Rufous-capped Warbler,0.6159,psl3,2024,05,27,07
717.0,720.0,Trochalopteron variegatum,Variegated Laughingthrush,0.9137,psl3,2024,05,27,07
729.0,732.0,Basileuterus rufifrons,Rufous-capped Warbler,0.7939,psl3,2024,05,27,07
735.0,738.0,Basileuterus rufifrons,Rufous-capped Warbler,0.7403,psl3,2024,05,27,07
741.0,744.0,Trochalopteron variegatum,Variegated Laughingthrush,0.6331,psl3,2024,05,27,07
747.0,750.0,Trochalopteron variegatum,Variegated Laughingthrush,0.8623,psl3,2024,05,27,07
762.0,765.0,Trochalopteron variegatum,Variegated Laughingthrush,0.8904,psl3,2024,05,27,07
765.0,768.0,Protonotaria citrea,Prothonotary Warbler,0.7235,psl3,2024,05,27,07
768.0,771.0,Trochalopteron variegatum,Variegated Laughingthrush,0.9638,psl3,2024,05,27,07
783.0,786.0,Phylloscopus humei,Hume's Warbler,0.6124,psl3,2024,05,27,07
804.0,807.0,Basileuterus rufifrons,Rufous-capped Warbler,0.758,psl3,2024,05,27,07
816.0,819.0,Trochalopteron variegatum,Variegated Laughingthrush,0.9399,psl3,2024,05,27,07
825.0,828.0,Trochalopteron variegatum,Variegated Laughingthrush,0.9397,psl3,2024,05,27,07
888.0,891.0,Phylloscopus occipitalis,Western Crowned Warbler,0.8205,psl3,2024,05,27,07
891.0,894.0,Phylloscopus occipitalis,Western Crowned Warbler,0.758,psl3,2024,05,27,07
894.0,897.0,Trochalopteron variegatum,Variegated Laughingthrush,0.746,psl3,2024,05,27,07
0.0,3.0,Basileuterus rufifrons,Rufous-capped Warbler,0.7131,psl3,2024,05,28,05
3.0,6.0,Basileuterus rufifrons,Rufous-capped Warbler,0.7383,psl3,2024,05,28,05
9.0,12.0,Basileuterus rufifrons,Rufous-capped Warbler,0.5631,psl3,2024,05,28,05
15.0,18.0,Phylloscopus tytleri,Tytler's Leaf Warbler,0.5294,psl3,2024,05,28,05
75.0,78.0,Phylloscopus occipitalis,Western Crowned Warbler,0.6032,psl3,2024,05,28,05
84.0,87.0,Phylloscopus occipitalis,Western Crowned Warbler,0.8332,psl3,2024,05,28,05
90.0,93.0,Phylloscopus occipitalis,Western Crowned Warbler,0.6971,psl3,2024,05,28,05
117.0,120.0,Phylloscopus occipitalis,Western Crowned Warbler,0.5156,psl3,2024,05,28,05
126.0,129.0,Phylloscopus tytleri,Tytler's Leaf Warbler,0.5343,psl3,2024,05,28,05
135.0,138.0,Phylloscopus occipitalis,Western Crowned Warbler,0.5873,psl3,2024,05,28,05
150.0,153.0,Basileuterus rufifrons,Rufous-capped Warbler,0.8334,psl3,2024,05,28,05
162.0,165.0,Basileuterus rufifrons,Rufous-capped Warbler,0.6759,psl3,2024,05,28,05
189.0,192.0,Phylloscopus occipitalis,Western Crowned Warbler,0.845,psl3,2024,05,28,05
192.0,195.0,Phylloscopus occipitalis,Western Crowned Warbler,0.5138,psl3,2024,05,28,05
198.0,201.0,Phylloscopus occipitalis,Western Crowned Warbler,0.7871,psl3,2024,05,28,05
201.0,204.0,Phylloscopus occipitalis,Western Crowned Warbler,0.532,psl3,2024,05,28,05
204.0,207.0,Phylloscopus occipitalis,Western Crowned Warbler,0.9229,psl3,2024,05,28,05
219.0,222.0,Phylloscopus occipitalis,Western Crowned Warbler,0.5588,psl3,2024,05,28,05
222.0,225.0,Phylloscopus occipitalis,Western Crowned Warbler,0.5213,psl3,2024,05,28,05
240.0,243.0,Phylloscopus occipitalis,Western Crowned Warbler,0.7194,psl3,2024,05,28,05
252.0,255.0,Phylloscopus tytleri,Tytler's Leaf Warbler,0.5058,psl3,2024,05,28,05
255.0,258.0,Phylloscopus occipitalis,Western Crowned Warbler,0.8023,psl3,2024,05,28,05
261.0,264.0,Basileuterus rufifrons,Rufous-capped Warbler,0.5803,psl3,2024,05,28,05
279.0,282.0,Basileuterus rufifrons,Rufous-capped Warbler,0.733,psl3,2024,05,28,05
285.0,288.0,Phylloscopus occipitalis,Western Crowned Warbler,0.5439,psl3,2024,05,28,05
312.0,315.0,Basileuterus rufifrons,Rufous-capped Warbler,0.5249,psl3,2024,05,28,05
345.0,348.0,Basileuterus rufifrons,Rufous-capped Warbler,0.5395,psl3,2024,05,28,05
360.0,363.0,Basileuterus rufifrons,Rufous-capped Warbler,0.8543,psl3,2024,05,28,05
381.0,384.0,Basileuterus rufifrons,Rufous-capped Warbler,0.6909,psl3,2024,05,28,05
387.0,390.0,Basileuterus rufifrons,Rufous-capped Warbler,0.8281,psl3,2024,05,28,05
405.0,408.0,Phylloscopus occipitalis,Western Crowned Warbler,0.5654,psl3,2024,05,28,05
423.0,426.0,Phylloscopus occipitalis,Western Crowned Warbler,0.9342,psl3,2024,05,28,05
438.0,441.0,Phylloscopus occipitalis,Western Crowned Warbler,0.5419,psl3,2024,05,28,05
441.0,444.0,Phylloscopus occipitalis,Western Crowned Warbler,0.5181,psl3,2024,05,28,05
444.0,447.0,Basileuterus rufifrons,Rufous-capped Warbler,0.7195,psl3,2024,05,28,05
450.0,453.0,Basileuterus rufifrons,Rufous-capped Warbler,0.9089,psl3,2024,05,28,05
453.0,456.0,Basileuterus rufifrons,Rufous-capped Warbler,0.7342,psl3,2024,05,28,05
474.0,477.0,Phylloscopus occipitalis,Western Crowned Warbler,0.6774,psl3,2024,05,28,05
483.0,486.0,Phylloscopus occipitalis,Western Crowned Warbler,0.5579,psl3,2024,05,28,05
492.0,495.0,Phylloscopus occipitalis,Western Crowned Warbler,0.8173,psl3,2024,05,28,05
492.0,495.0,Phylloscopus tytleri,Tytler's Leaf Warbler,0.6442,psl3,2024,05,28,05
495.0,498.0,Phylloscopus occipitalis,Western Crowned Warbler,0.5024,psl3,2024,05,28,05
498.0,501.0,Phylloscopus occipitalis,Western Crowned Warbler,0.7671,psl3,2024,05,28,05
501.0,504.0,Phylloscopus occipitalis,Western Crowned Warbler,0.7668,psl3,2024,05,28,05
504.0,507.0,Phylloscopus occipitalis,Western Crowned Warbler,0.9122,psl3,2024,05,28,05
507.0,510.0,Phylloscopus occipitalis,Western Crowned Warbler,0.6626,psl3,2024,05,28,05
507.0,510.0,Phylloscopus tytleri,Tytler's Leaf Warbler,0.5225,psl3,2024,05,28,05
513.0,516.0,Phylloscopus occipitalis,Western Crowned Warbler,0.7169,psl3,2024,05,28,05
531.0,534.0,Phylloscopus occipitalis,Western Crowned Warbler,0.6674,psl3,2024,05,28,05
567.0,570.0,Phylloscopus occipitalis,Western Crowned Warbler,0.5148,psl3,2024,05,28,05
570.0,573.0,Phylloscopus occipitalis,Western Crowned Warbler,0.6163,psl3,2024,05,28,05
573.0,576.0,Basileuterus rufifrons,Rufous-capped Warbler,0.7627,psl3,2024,05,28,05
576.0,579.0,Phylloscopus occipitalis,Western Crowned Warbler,0.8953,psl3,2024,05,28,05
579.0,582.0,Phylloscopus occipitalis,Western Crowned Warbler,0.7711,psl3,2024,05,28,05
603.0,606.0,Basileuterus rufifrons,Rufous-capped Warbler,0.6516,psl3,2024,05,28,05
606.0,609.0,Phylloscopus tytleri,Tytler's Leaf Warbler,0.6187,psl3,2024,05,28,05
618.0,621.0,Basileuterus rufifrons,Rufous-capped Warbler,0.5381,psl3,2024,05,28,05
633.0,636.0,Phylloscopus occipitalis,Western Crowned Warbler,0.9077,psl3,2024,05,28,05
642.0,645.0,Basileuterus rufifrons,Rufous-capped Warbler,0.582,psl3,2024,05,28,05
645.0,648.0,Phylloscopus occipitalis,Western Crowned Warbler,0.9081,psl3,2024,05,28,05
648.0,651.0,Phylloscopus occipitalis,Western Crowned Warbler,0.5594,psl3,2024,05,28,05
687.0,690.0,Phylloscopus occipitalis,Western Crowned Warbler,0.7927,psl3,2024,05,28,05
690.0,693.0,Phylloscopus tytleri,Tytler's Leaf Warbler,0.6383,psl3,2024,05,28,05
735.0,738.0,Protonotaria citrea,Prothonotary Warbler,0.5879,psl3,2024,05,28,05
744.0,747.0,Phylloscopus occipitalis,Western Crowned Warbler,0.6432,psl3,2024,05,28,05
753.0,756.0,Phylloscopus occipitalis,Western Crowned Warbler,0.6314,psl3,2024,05,28,05
762.0,765.0,Phylloscopus occipitalis,Western Crowned Warbler,0.636,psl3,2024,05,28,05
780.0,783.0,Phylloscopus occipitalis,Western Crowned Warbler,0.7315,psl3,2024,05,28,05
807.0,810.0,Phylloscopus occipitalis,Western Crowned Warbler,0.5651,psl3,2024,05,28,05
816.0,819.0,Phylloscopus occipitalis,Western Crowned Warbler,0.5532,psl3,2024,05,28,05
825.0,828.0,Phylloscopus occipitalis,Western Crowned Warbler,0.5485,psl3,2024,05,28,05
828.0,831.0,Phylloscopus occipitalis,Western Crowned Warbler,0.5507,psl3,2024,05,28,05
831.0,834.0,Phylloscopus occipitalis,Western Crowned Warbler,0.5184,psl3,2024,05,28,05
873.0,876.0,Basileuterus rufifrons,Rufous-capped Warbler,0.701,psl3,2024,05,28,05
888.0,891.0,Phylloscopus occipitalis,Western Crowned Warbler,0.5089,psl3,2024,05,28,05
12.0,15.0,Phylloscopus occipitalis,Western Crowned Warbler,0.6011,psl3,2024,05,28,06
15.0,18.0,Phylloscopus occipitalis,Western Crowned Warbler,0.6787,psl3,2024,05,28,06
18.0,21.0,Phylloscopus occipitalis,Western Crowned Warbler,0.8473,psl3,2024,05,28,06
21.0,24.0,Phylloscopus occipitalis,Western Crowned Warbler,0.6413,psl3,2024,05,28,06
24.0,27.0,Phylloscopus occipitalis,Western Crowned Warbler,0.9408,psl3,2024,05,28,06
30.0,33.0,Phylloscopus occipitalis,Western Crowned Warbler,0.7674,psl3,2024,05,28,06
372.0,375.0,Phylloscopus occipitalis,Western Crowned Warbler,0.9621,psl3,2024,05,28,06
378.0,381.0,Phylloscopus occipitalis,Western Crowned Warbler,0.9941,psl3,2024,05,28,06
381.0,384.0,Phylloscopus occipitalis,Western Crowned Warbler,0.992,psl3,2024,05,28,06
384.0,387.0,Phylloscopus occipitalis,Western Crowned Warbler,0.9499,psl3,2024,05,28,06
387.0,390.0,Phylloscopus occipitalis,Western Crowned Warbler,0.9099,psl3,2024,05,28,06
390.0,393.0,Phylloscopus occipitalis,Western Crowned Warbler,0.9811,psl3,2024,05,28,06
393.0,396.0,Phylloscopus occipitalis,Western Crowned Warbler,0.973,psl3,2024,05,28,06
396.0,399.0,Phylloscopus occipitalis,Western Crowned Warbler,0.9774,psl3,2024,05,28,06
399.0,402.0,Phylloscopus occipitalis,Western Crowned Warbler,0.9952,psl3,2024,05,28,06
408.0,411.0,Phylloscopus occipitalis,Western Crowned Warbler,0.8774,psl3,2024,05,28,06
429.0,432.0,Trochalopteron variegatum,Variegated Laughingthrush,0.6886,psl3,2024,05,28,06
459.0,462.0,Mareca penelope,Eurasian Wigeon,0.6269,psl3,2024,05,28,06
570.0,573.0,Trochalopteron variegatum,Variegated Laughingthrush,0.5764,psl3,2024,05,28,06
711.0,714.0,Vireo flavifrons,Yellow-throated Vireo,0.8459,psl3,2024,05,28,06
732.0,735.0,Pitangus sulphuratus,Great Kiskadee,0.7368,psl3,2024,05,28,06
861.0,864.0,Phylloscopus occipitalis,Western Crowned Warbler,0.7689,psl3,2024,05,28,06
864.0,867.0,Phylloscopus occipitalis,Western Crowned Warbler,0.692,psl3,2024,05,28,06
876.0,879.0,Phylloscopus occipitalis,Western Crowned Warbler,0.5157,psl3,2024,05,28,06
879.0,882.0,Protonotaria citrea,Prothonotary Warbler,0.6329,psl3,2024,05,28,06
891.0,894.0,Phylloscopus occipitalis,Western Crowned Warbler,0.8643,psl3,2024,05,28,06
6.0,9.0,Basileuterus rufifrons,Rufous-capped Warbler,0.6406,psl3,2024,05,28,07
27.0,30.0,Basileuterus rufifrons,Rufous-capped Warbler,0.5045,psl3,2024,05,28,07
45.0,48.0,Phylloscopus occipitalis,Western Crowned Warbler,0.7221,psl3,2024,05,28,07
48.0,51.0,Phylloscopus occipitalis,Western Crowned Warbler,0.6602,psl3,2024,05,28,07
63.0,66.0,Phylloscopus occipitalis,Western Crowned Warbler,0.8007,psl3,2024,05,28,07
72.0,75.0,Phylloscopus occipitalis,Western Crowned Warbler,0.5612,psl3,2024,05,28,07
288.0,291.0,Phylloscopus occipitalis,Western Crowned Warbler,0.9044,psl3,2024,05,28,07
294.0,297.0,Phylloscopus occipitalis,Western Crowned Warbler,0.5452,psl3,2024,05,28,07
300.0,303.0,Phylloscopus occipitalis,Western Crowned Warbler,0.8676,psl3,2024,05,28,07
306.0,309.0,Phylloscopus occipitalis,Western Crowned Warbler,0.835,psl3,2024,05,28,07
312.0,315.0,Phylloscopus tytleri,Tytler's Leaf Warbler,0.567,psl3,2024,05,28,07
318.0,321.0,Basileuterus rufifrons,Rufous-capped Warbler,0.5249,psl3,2024,05,28,07
321.0,324.0,Phylloscopus occipitalis,Western Crowned Warbler,0.5533,psl3,2024,05,28,07
336.0,339.0,Basileuterus rufifrons,Rufous-capped Warbler,0.5786,psl3,2024,05,28,07
351.0,354.0,Basileuterus rufifrons,Rufous-capped Warbler,0.6022,psl3,2024,05,28,07
360.0,363.0,Phylloscopus occipitalis,Western Crowned Warbler,0.8823,psl3,2024,05,28,07
369.0,372.0,Phylloscopus occipitalis,Western Crowned Warbler,0.6915,psl3,2024,05,28,07
381.0,384.0,Phylloscopus occipitalis,Western Crowned Warbler,0.9666,psl3,2024,05,28,07
384.0,387.0,Phylloscopus occipitalis,Western Crowned Warbler,0.7389,psl3,2024,05,28,07
387.0,390.0,Phylloscopus occipitalis,Western Crowned Warbler,0.6978,psl3,2024,05,28,07
390.0,393.0,Phylloscopus occipitalis,Western Crowned Warbler,0.7491,psl3,2024,05,28,07
396.0,399.0,Phylloscopus occipitalis,Western Crowned Warbler,0.9765,psl3,2024,05,28,07
399.0,402.0,Phylloscopus occipitalis,Western Crowned Warbler,0.9031,psl3,2024,05,28,07
450.0,453.0,Basileuterus rufifrons,Rufous-capped Warbler,0.5265,psl3,2024,05,28,07
468.0,471.0,Phylloscopus occipitalis,Western Crowned Warbler,0.5829,psl3,2024,05,28,07
477.0,480.0,Phylloscopus occipitalis,Western Crowned Warbler,0.6696,psl3,2024,05,28,07
489.0,492.0,Phylloscopus occipitalis,Western Crowned Warbler,0.5685,psl3,2024,05,28,07
501.0,504.0,Phylloscopus occipitalis,Western Crowned Warbler,0.6885,psl3,2024,05,28,07
507.0,510.0,Phylloscopus occipitalis,Western Crowned Warbler,0.6428,psl3,2024,05,28,07
510.0,513.0,Phylloscopus occipitalis,Western Crowned Warbler,0.5093,psl3,2024,05,28,07
513.0,516.0,Phylloscopus occipitalis,Western Crowned Warbler,0.682,psl3,2024,05,28,07
516.0,519.0,Phylloscopus occipitalis,Western Crowned Warbler,0.6911,psl3,2024,05,28,07
519.0,522.0,Basileuterus rufifrons,Rufous-capped Warbler,0.6687,psl3,2024,05,28,07
522.0,525.0,Phylloscopus occipitalis,Western Crowned Warbler,0.8264,psl3,2024,05,28,07
534.0,537.0,Phylloscopus occipitalis,Western Crowned Warbler,0.8256,psl3,2024,05,28,07
585.0,588.0,Phylloscopus occipitalis,Western Crowned Warbler,0.6315,psl3,2024,05,28,07
594.0,597.0,Phylloscopus occipitalis,Western Crowned Warbler,0.5785,psl3,2024,05,28,07
600.0,603.0,Phylloscopus occipitalis,Western Crowned Warbler,0.6225,psl3,2024,05,28,07
603.0,606.0,Phylloscopus occipitalis,Western Crowned Warbler,0.525,psl3,2024,05,28,07
606.0,609.0,Phylloscopus occipitalis,Western Crowned Warbler,0.9572,psl3,2024,05,28,07
666.0,669.0,Basileuterus rufifrons,Rufous-capped Warbler,0.6374,psl3,2024,05,28,07
684.0,687.0,Phylloscopus trochiloides,Greenish Warbler,0.5171,psl3,2024,05,28,07
765.0,768.0,Phylloscopus trochiloides,Greenish Warbler,0.5904,psl3,2024,05,28,07
798.0,801.0,Phylloscopus occipitalis,Western Crowned Warbler,0.5641,psl3,2024,05,28,07
822.0,825.0,Phylloscopus occipitalis,Western Crowned Warbler,0.9173,psl3,2024,05,28,07
825.0,828.0,Phylloscopus occipitalis,Western Crowned Warbler,0.8316,psl3,2024,05,28,07
840.0,843.0,Basileuterus rufifrons,Rufous-capped Warbler,0.7727,psl3,2024,05,28,07
867.0,870.0,Basileuterus rufifrons,Rufous-capped Warbler,0.5837,psl3,2024,05,28,07
0.0,3.0,Basileuterus rufifrons,Rufous-capped Warbler,0.6163,psl3,2024,05,29,05
3.0,6.0,Basileuterus rufifrons,Rufous-capped Warbler,0.7755,psl3,2024,05,29,05
21.0,24.0,Basileuterus rufifrons,Rufous-capped Warbler,0.5177,psl3,2024,05,29,05
27.0,30.0,Basileuterus rufifrons,Rufous-capped Warbler,0.7048,psl3,2024,05,29,05
93.0,96.0,Geothlypis tolmiei,MacGillivray's Warbler,0.5048,psl3,2024,05,29,05
156.0,159.0,Basileuterus rufifrons,Rufous-capped Warbler,0.761,psl3,2024,05,29,05
213.0,216.0,Basileuterus rufifrons,Rufous-capped Warbler,0.6467,psl3,2024,05,29,05
234.0,237.0,Phylloscopus occipitalis,Western Crowned Warbler,0.9381,psl3,2024,05,29,05
240.0,243.0,Phylloscopus occipitalis,Western Crowned Warbler,0.5199,psl3,2024,05,29,05
243.0,246.0,Phylloscopus occipitalis,Western Crowned Warbler,0.5101,psl3,2024,05,29,05
249.0,252.0,Phylloscopus occipitalis,Western Crowned Warbler,0.5048,psl3,2024,05,29,05
258.0,261.0,Phylloscopus occipitalis,Western Crowned Warbler,0.7863,psl3,2024,05,29,05
261.0,264.0,Phylloscopus occipitalis,Western Crowned Warbler,0.8271,psl3,2024,05,29,05
261.0,264.0,Phylloscopus tytleri,Tytler's Leaf Warbler,0.6185,psl3,2024,05,29,05
303.0,306.0,Basileuterus rufifrons,Rufous-capped Warbler,0.5927,psl3,2024,05,29,05
372.0,375.0,Basileuterus rufifrons,Rufous-capped Warbler,0.6273,psl3,2024,05,29,05
432.0,435.0,Basileuterus rufifrons,Rufous-capped Warbler,0.5667,psl3,2024,05,29,05
432.0,435.0,Phylloscopus tytleri,Tytler's Leaf Warbler,0.5205,psl3,2024,05,29,05
522.0,525.0,Basileuterus rufifrons,Rufous-capped Warbler,0.589,psl3,2024,05,29,05
549.0,552.0,Basileuterus rufifrons,Rufous-capped Warbler,0.6682,psl3,2024,05,29,05
720.0,723.0,Phylloscopus occipitalis,Western Crowned Warbler,0.7269,psl3,2024,05,29,05
729.0,732.0,Phylloscopus occipitalis,Western Crowned Warbler,0.5115,psl3,2024,05,29,05
741.0,744.0,Phylloscopus occipitalis,Western Crowned Warbler,0.7982,psl3,2024,05,29,05
0.0,3.0,Phylloscopus occipitalis,Western Crowned Warbler,0.5485,psl3,2024,05,29,06
3.0,6.0,Trochalopteron variegatum,Variegated Laughingthrush,0.7072,psl3,2024,05,29,06
3.0,6.0,Saltator maximus,Buff-throated Saltator,0.6095,psl3,2024,05,29,06
21.0,24.0,Trochalopteron variegatum,Variegated Laughingthrush,0.7309,psl3,2024,05,29,06
33.0,36.0,Trochalopteron variegatum,Variegated Laughingthrush,0.8989,psl3,2024,05,29,06
39.0,42.0,Phylloscopus occipitalis,Western Crowned Warbler,0.507,psl3,2024,05,29,06
42.0,45.0,Trochalopteron variegatum,Variegated Laughingthrush,0.8332,psl3,2024,05,29,06
48.0,51.0,Trochalopteron variegatum,Variegated Laughingthrush,0.88,psl3,2024,05,29,06
51.0,54.0,Trochalopteron variegatum,Variegated Laughingthrush,0.8854,psl3,2024,05,29,06
54.0,57.0,Trochalopteron variegatum,Variegated Laughingthrush,0.9252,psl3,2024,05,29,06
60.0,63.0,Trochalopteron variegatum,Variegated Laughingthrush,0.7305,psl3,2024,05,29,06
63.0,66.0,Trochalopteron variegatum,Variegated Laughingthrush,0.6482,psl3,2024,05,29,06
72.0,75.0,Trochalopteron variegatum,Variegated Laughingthrush,0.7078,psl3,2024,05,29,06
132.0,135.0,Trochalopteron variegatum,Variegated Laughingthrush,0.9587,psl3,2024,05,29,06
135.0,138.0,Trochalopteron variegatum,Variegated Laughingthrush,0.9323,psl3,2024,05,29,06
141.0,144.0,Trochalopteron variegatum,Variegated Laughingthrush,0.9707,psl3,2024,05,29,06
153.0,156.0,Trochalopteron variegatum,Variegated Laughingthrush,0.7646,psl3,2024,05,29,06
159.0,162.0,Trochalopteron variegatum,Variegated Laughingthrush,0.9328,psl3,2024,05,29,06
162.0,165.0,Trochalopteron variegatum,Variegated Laughingthrush,0.8838,psl3,2024,05,29,06
189.0,192.0,Phylloscopus tytleri,Tytler's Leaf Warbler,0.6235,psl3,2024,05,29,06
195.0,198.0,Phylloscopus occipitalis,Western Crowned Warbler,0.5567,psl3,2024,05,29,06
213.0,216.0,Phylloscopus reguloides,Blyth's Leaf Warbler,0.5105,psl3,2024,05,29,06
216.0,219.0,Saltator maximus,Buff-throated Saltator,0.7086,psl3,2024,05,29,06
261.0,264.0,Phylloscopus trochiloides,Greenish Warbler,0.6212,psl3,2024,05,29,06
267.0,270.0,Phylloscopus occipitalis,Western Crowned Warbler,0.8467,psl3,2024,05,29,06
288.0,291.0,Phylloscopus occipitalis,Western Crowned Warbler,0.7493,psl3,2024,05,29,06
339.0,342.0,Phylloscopus reguloides,Blyth's Leaf Warbler,0.5215,psl3,2024,05,29,06
471.0,474.0,Phylloscopus occipitalis,Western Crowned Warbler,0.7592,psl3,2024,05,29,06
606.0,609.0,Phylloscopus sindianus,Mountain Chiffchaff,0.7152,psl3,2024,05,29,06
609.0,612.0,Phylloscopus sindianus,Mountain Chiffchaff,0.8267,psl3,2024,05,29,06
624.0,627.0,Basileuterus rufifrons,Rufous-capped Warbler,0.7846,psl3,2024,05,29,06
651.0,654.0,Tarsiger rufilatus,Himalayan Bluetail,0.8504,psl3,2024,05,29,06
663.0,666.0,Basileuterus rufifrons,Rufous-capped Warbler,0.6525,psl3,2024,05,29,06
672.0,675.0,Basileuterus rufifrons,Rufous-capped Warbler,0.7714,psl3,2024,05,29,06
783.0,786.0,Protonotaria citrea,Prothonotary Warbler,0.5497,psl3,2024,05,29,06
897.0,900.0,Scolopax minor,American Woodcock,0.5172,psl3,2024,05,30,06
6.0,9.0,Phylloscopus occipitalis,Western Crowned Warbler,0.543,psl3,2024,05,30,07
21.0,24.0,Phylloscopus occipitalis,Western Crowned Warbler,0.9523,psl3,2024,05,30,07
30.0,33.0,Phylloscopus occipitalis,Western Crowned Warbler,0.6695,psl3,2024,05,30,07
36.0,39.0,Phylloscopus occipitalis,Western Crowned Warbler,0.6655,psl3,2024,05,30,07
39.0,42.0,Phylloscopus occipitalis,Western Crowned Warbler,0.8154,psl3,2024,05,30,07
51.0,54.0,Phylloscopus occipitalis,Western Crowned Warbler,0.9465,psl3,2024,05,30,07
54.0,57.0,Phylloscopus occipitalis,Western Crowned Warbler,0.7373,psl3,2024,05,30,07
57.0,60.0,Phylloscopus occipitalis,Western Crowned Warbler,0.7601,psl3,2024,05,30,07
114.0,117.0,Phylloscopus occipitalis,Western Crowned Warbler,0.6832,psl3,2024,05,30,07
117.0,120.0,Phylloscopus occipitalis,Western Crowned Warbler,0.6369,psl3,2024,05,30,07
120.0,123.0,Phylloscopus occipitalis,Western Crowned Warbler,0.5376,psl3,2024,05,30,07
183.0,186.0,Phylloscopus occipitalis,Western Crowned Warbler,0.8623,psl3,2024,05,30,07
189.0,192.0,Phylloscopus occipitalis,Western Crowned Warbler,0.7713,psl3,2024,05,30,07
192.0,195.0,Phylloscopus occipitalis,Western Crowned Warbler,0.5375,psl3,2024,05,30,07
195.0,198.0,Phylloscopus occipitalis,Western Crowned Warbler,0.7218,psl3,2024,05,30,07
216.0,219.0,Trochalopteron variegatum,Variegated Laughingthrush,0.8936,psl3,2024,05,30,07
273.0,276.0,Trochalopteron variegatum,Variegated Laughingthrush,0.893,psl3,2024,05,30,07
279.0,282.0,Trochalopteron variegatum,Variegated Laughingthrush,0.8455,psl3,2024,05,30,07
285.0,288.0,Trochalopteron variegatum,Variegated Laughingthrush,0.957,psl3,2024,05,30,07
288.0,291.0,Phylloscopus nitidus,Green Warbler,0.519,psl3,2024,05,30,07
354.0,357.0,Phylloscopus occipitalis,Western Crowned Warbler,0.5766,psl3,2024,05,30,07
363.0,366.0,Phylloscopus occipitalis,Western Crowned Warbler,0.7217,psl3,2024,05,30,07
384.0,387.0,Phylloscopus occipitalis,Western Crowned Warbler,0.7242,psl3,2024,05,30,07
432.0,435.0,Pitangus sulphuratus,Great Kiskadee,0.5199,psl3,2024,05,30,07
462.0,465.0,Trochalopteron variegatum,Variegated Laughingthrush,0.5648,psl3,2024,05,30,07
483.0,486.0,Sericossypha albocristata,White-capped Tanager,0.5498,psl3,2024,05,30,07
498.0,501.0,Trochalopteron variegatum,Variegated Laughingthrush,0.7602,psl3,2024,05,30,07
501.0,504.0,Trochalopteron variegatum,Variegated Laughingthrush,0.6018,psl3,2024,05,30,07
507.0,510.0,Trochalopteron variegatum,Variegated Laughingthrush,0.9014,psl3,2024,05,30,07
525.0,528.0,Trochalopteron variegatum,Variegated Laughingthrush,0.6397,psl3,2024,05,30,07
534.0,537.0,Trochalopteron variegatum,Variegated Laughingthrush,0.6355,psl3,2024,05,30,07
540.0,543.0,Trochalopteron variegatum,Variegated Laughingthrush,0.5478,psl3,2024,05,30,07
690.0,693.0,Trochalopteron variegatum,Variegated Laughingthrush,0.6249,psl3,2024,05,30,07
96.0,99.0,Geothlypis tolmiei,MacGillivray's Warbler,0.5524,psl3,2024,05,31,05
270.0,273.0,Phylloscopus tytleri,Tytler's Leaf Warbler,0.5673,psl3,2024,05,31,05
270.0,273.0,Phylloscopus occipitalis,Western Crowned Warbler,0.5305,psl3,2024,05,31,05
273.0,276.0,Phylloscopus occipitalis,Western Crowned Warbler,0.991,psl3,2024,05,31,05
276.0,279.0,Phylloscopus occipitalis,Western Crowned Warbler,0.9616,psl3,2024,05,31,05
279.0,282.0,Phylloscopus occipitalis,Western Crowned Warbler,0.8897,psl3,2024,05,31,05
282.0,285.0,Phylloscopus occipitalis,Western Crowned Warbler,0.7747,psl3,2024,05,31,05
351.0,354.0,Prinia socialis,Ashy Prinia,0.5417,psl3,2024,05,31,05
375.0,378.0,Phylloscopus occipitalis,Western Crowned Warbler,0.5869,psl3,2024,05,31,05
426.0,429.0,Prinia socialis,Ashy Prinia,0.5744,psl3,2024,05,31,05
447.0,450.0,Phylloscopus occipitalis,Western Crowned Warbler,0.5792,psl3,2024,05,31,05
456.0,459.0,Phylloscopus occipitalis,Western Crowned Warbler,0.8808,psl3,2024,05,31,05
459.0,462.0,Phylloscopus occipitalis,Western Crowned Warbler,0.8988,psl3,2024,05,31,05
459.0,462.0,Steatornis caripensis,Oilbird,0.6435,psl3,2024,05,31,05
465.0,468.0,Phylloscopus occipitalis,Western Crowned Warbler,0.7838,psl3,2024,05,31,05
468.0,471.0,Phylloscopus occipitalis,Western Crowned Warbler,0.8725,psl3,2024,05,31,05
471.0,474.0,Steatornis caripensis,Oilbird,0.8422,psl3,2024,05,31,05
486.0,489.0,Phylloscopus occipitalis,Western Crowned Warbler,0.9189,psl3,2024,05,31,05
489.0,492.0,Phylloscopus occipitalis,Western Crowned Warbler,0.9461,psl3,2024,05,31,05
492.0,495.0,Phylloscopus occipitalis,Western Crowned Warbler,0.9802,psl3,2024,05,31,05
528.0,531.0,Phylloscopus reguloides,Blyth's Leaf Warbler,0.527,psl3,2024,05,31,05
555.0,558.0,Calliope pectardens,Firethroat,0.58,psl3,2024,05,31,05
567.0,570.0,Tarsiger rufilatus,Himalayan Bluetail,0.7825,psl3,2024,05,31,05
570.0,573.0,Tarsiger rufilatus,Himalayan Bluetail,0.7648,psl3,2024,05,31,05
669.0,672.0,Phylloscopus occipitalis,Western Crowned Warbler,0.6398,psl3,2024,05,31,05
675.0,678.0,Phylloscopus nitidus,Green Warbler,0.5787,psl3,2024,05,31,05
690.0,693.0,Basileuterus rufifrons,Rufous-capped Warbler,0.5206,psl3,2024,05,31,05
693.0,696.0,Protonotaria citrea,Prothonotary Warbler,0.5055,psl3,2024,05,31,05
729.0,732.0,Protonotaria citrea,Prothonotary Warbler,0.513,psl3,2024,05,31,05
738.0,741.0,Phylloscopus occipitalis,Western Crowned Warbler,0.6931,psl3,2024,05,31,05
744.0,747.0,Phylloscopus occipitalis,Western Crowned Warbler,0.6031,psl3,2024,05,31,05
753.0,756.0,Phylloscopus occipitalis,Western Crowned Warbler,0.5591,psl3,2024,05,31,05
771.0,774.0,Phylloscopus occipitalis,Western Crowned Warbler,0.6821,psl3,2024,05,31,05
777.0,780.0,Phylloscopus occipitalis,Western Crowned Warbler,0.8203,psl3,2024,05,31,05
780.0,783.0,Phylloscopus occipitalis,Western Crowned Warbler,0.9959,psl3,2024,05,31,05
783.0,786.0,Phylloscopus occipitalis,Western Crowned Warbler,0.9874,psl3,2024,05,31,05
786.0,789.0,Phylloscopus occipitalis,Western Crowned Warbler,0.9989,psl3,2024,05,31,05
792.0,795.0,Phylloscopus occipitalis,Western Crowned Warbler,0.9549,psl3,2024,05,31,05
795.0,798.0,Phylloscopus occipitalis,Western Crowned Warbler,0.9984,psl3,2024,05,31,05
798.0,801.0,Phylloscopus occipitalis,Western Crowned Warbler,0.9182,psl3,2024,05,31,05
801.0,804.0,Phylloscopus occipitalis,Western Crowned Warbler,0.9959,psl3,2024,05,31,05
807.0,810.0,Phylloscopus occipitalis,Western Crowned Warbler,0.8774,psl3,2024,05,31,05
810.0,813.0,Phylloscopus occipitalis,Western Crowned Warbler,0.9886,psl3,2024,05,31,05
810.0,813.0,Phylloscopus reguloides,Blyth's Leaf Warbler,0.6035,psl3,2024,05,31,05
813.0,816.0,Phylloscopus occipitalis,Western Crowned Warbler,0.979,psl3,2024,05,31,05
816.0,819.0,Carpodacus erythrinus,Common Rosefinch,0.998,psl3,2024,05,31,05
819.0,822.0,Carpodacus erythrinus,Common Rosefinch,0.9742,psl3,2024,05,31,05
822.0,825.0,Carpodacus erythrinus,Common Rosefinch,0.9892,psl3,2024,05,31,05
828.0,831.0,Carpodacus erythrinus,Common Rosefinch,0.9856,psl3,2024,05,31,05
831.0,834.0,Carpodacus erythrinus,Common Rosefinch,0.9797,psl3,2024,05,31,05
834.0,837.0,Carpodacus erythrinus,Common Rosefinch,0.8331,psl3,2024,05,31,05
837.0,840.0,Carpodacus erythrinus,Common Rosefinch,0.7271,psl3,2024,05,31,05
840.0,843.0,Carpodacus erythrinus,Common Rosefinch,0.997,psl3,2024,05,31,05
843.0,846.0,Carpodacus erythrinus,Common Rosefinch,0.9734,psl3,2024,05,31,05
846.0,849.0,Carpodacus erythrinus,Common Rosefinch,0.9333,psl3,2024,05,31,05
852.0,855.0,Carpodacus erythrinus,Common Rosefinch,0.995,psl3,2024,05,31,05
855.0,858.0,Carpodacus erythrinus,Common Rosefinch,0.9907,psl3,2024,05,31,05
858.0,861.0,Carpodacus erythrinus,Common Rosefinch,0.9979,psl3,2024,05,31,05
864.0,867.0,Carpodacus erythrinus,Common Rosefinch,0.9852,psl3,2024,05,31,05
867.0,870.0,Carpodacus erythrinus,Common Rosefinch,0.9929,psl3,2024,05,31,05
870.0,873.0,Carpodacus erythrinus,Common Rosefinch,0.9913,psl3,2024,05,31,05
876.0,879.0,Carpodacus erythrinus,Common Rosefinch,0.9838,psl3,2024,05,31,05
879.0,882.0,Carpodacus erythrinus,Common Rosefinch,0.9851,psl3,2024,05,31,05
882.0,885.0,Carpodacus erythrinus,Common Rosefinch,0.9735,psl3,2024,05,31,05
885.0,888.0,Carpodacus erythrinus,Common Rosefinch,0.9982,psl3,2024,05,31,05
891.0,894.0,Carpodacus erythrinus,Common Rosefinch,0.9576,psl3,2024,05,31,05
894.0,897.0,Carpodacus erythrinus,Common Rosefinch,0.9947,psl3,2024,05,31,05
897.0,900.0,Carpodacus erythrinus,Common Rosefinch,0.9788,psl3,2024,05,31,05
39.0,42.0,Setophaga townsendi,Townsend's Warbler,0.5994,psl3,2024,05,31,06
207.0,210.0,Protonotaria citrea,Prothonotary Warbler,0.5026,psl3,2024,05,31,06
273.0,276.0,Protonotaria citrea,Prothonotary Warbler,0.9272,psl3,2024,05,31,06
285.0,288.0,Phylloscopus occipitalis,Western Crowned Warbler,0.8438,psl3,2024,05,31,06
285.0,288.0,Protonotaria citrea,Prothonotary Warbler,0.6504,psl3,2024,05,31,06
288.0,291.0,Phylloscopus occipitalis,Western Crowned Warbler,0.7582,psl3,2024,05,31,06
288.0,291.0,Protonotaria citrea,Prothonotary Warbler,0.5912,psl3,2024,05,31,06
291.0,294.0,Phylloscopus occipitalis,Western Crowned Warbler,0.9249,psl3,2024,05,31,06
291.0,294.0,Protonotaria citrea,Prothonotary Warbler,0.7566,psl3,2024,05,31,06
294.0,297.0,Phylloscopus occipitalis,Western Crowned Warbler,0.8557,psl3,2024,05,31,06
300.0,303.0,Phylloscopus occipitalis,Western Crowned Warbler,0.7633,psl3,2024,05,31,06
306.0,309.0,Phylloscopus occipitalis,Western Crowned Warbler,0.7134,psl3,2024,05,31,06
309.0,312.0,Phylloscopus occipitalis,Western Crowned Warbler,0.9878,psl3,2024,05,31,06
312.0,315.0,Phylloscopus occipitalis,Western Crowned Warbler,0.8739,psl3,2024,05,31,06
315.0,318.0,Phylloscopus occipitalis,Western Crowned Warbler,0.8635,psl3,2024,05,31,06
318.0,321.0,Phylloscopus occipitalis,Western Crowned Warbler,0.9464,psl3,2024,05,31,06
321.0,324.0,Phylloscopus occipitalis,Western Crowned Warbler,0.985,psl3,2024,05,31,06
324.0,327.0,Phylloscopus occipitalis,Western Crowned Warbler,0.8739,psl3,2024,05,31,06
327.0,330.0,Phylloscopus occipitalis,Western Crowned Warbler,0.9895,psl3,2024,05,31,06
330.0,333.0,Phylloscopus occipitalis,Western Crowned Warbler,0.7808,psl3,2024,05,31,06
339.0,342.0,Phylloscopus occipitalis,Western Crowned Warbler,0.8451,psl3,2024,05,31,06
342.0,345.0,Phylloscopus occipitalis,Western Crowned Warbler,0.9962,psl3,2024,05,31,06
357.0,360.0,Phylloscopus occipitalis,Western Crowned Warbler,0.9754,psl3,2024,05,31,06
366.0,369.0,Phylloscopus occipitalis,Western Crowned Warbler,0.9596,psl3,2024,05,31,06
375.0,378.0,Phylloscopus occipitalis,Western Crowned Warbler,0.9313,psl3,2024,05,31,06
375.0,378.0,Phylloscopus reguloides,Blyth's Leaf Warbler,0.6205,psl3,2024,05,31,06
378.0,381.0,Phylloscopus occipitalis,Western Crowned Warbler,0.8578,psl3,2024,05,31,06
378.0,381.0,Phylloscopus reguloides,Blyth's Leaf Warbler,0.786,psl3,2024,05,31,06
381.0,384.0,Phylloscopus occipitalis,Western Crowned Warbler,0.5157,psl3,2024,05,31,06
384.0,387.0,Phylloscopus reguloides,Blyth's Leaf Warbler,0.5944,psl3,2024,05,31,06
387.0,390.0,Phylloscopus reguloides,Blyth's Leaf Warbler,0.6816,psl3,2024,05,31,06
402.0,405.0,Phylloscopus occipitalis,Western Crowned Warbler,0.8174,psl3,2024,05,31,06
417.0,420.0,Protonotaria citrea,Prothonotary Warbler,0.596,psl3,2024,05,31,06
510.0,513.0,Protonotaria citrea,Prothonotary Warbler,0.5505,psl3,2024,05,31,06
516.0,519.0,Protonotaria citrea,Prothonotary Warbler,0.5062,psl3,2024,05,31,06
675.0,678.0,Phylloscopus occipitalis,Western Crowned Warbler,0.5374,psl3,2024,05,31,06
684.0,687.0,Phylloscopus occipitalis,Western Crowned Warbler,0.5379,psl3,2024,05,31,06
702.0,705.0,Phylloscopus tytleri,Tytler's Leaf Warbler,0.6503,psl3,2024,05,31,06
717.0,720.0,Phylloscopus occipitalis,Western Crowned Warbler,0.8135,psl3,2024,05,31,06
720.0,723.0,Phylloscopus occipitalis,Western Crowned Warbler,0.5235,psl3,2024,05,31,06
735.0,738.0,Protonotaria citrea,Prothonotary Warbler,0.6868,psl3,2024,05,31,06
858.0,861.0,Prinia socialis,Ashy Prinia,0.7238,psl3,2024,05,31,06
876.0,879.0,Geothlypis tolmiei,MacGillivray's Warbler,0.7061,psl3,2024,05,31,06
33.0,36.0,Phylloscopus nitidus,Green Warbler,0.6953,psl3,2024,05,31,07
387.0,390.0,Haemorhous purpureus,Purple Finch,0.5977,psl3,2024,05,31,07
861.0,864.0,Phylloscopus occipitalis,Western Crowned Warbler,0.7296,psl3,2024,05,31,07
876.0,879.0,Phylloscopus occipitalis,Western Crowned Warbler,0.8455,psl3,2024,05,31,07
891.0,894.0,Phylloscopus occipitalis,Western Crowned Warbler,0.6231,psl3,2024,05,31,07
894.0,897.0,Phylloscopus occipitalis,Western Crowned Warbler,0.5561,psl3,2024,05,31,07
891.0,894.0,Psiloscops flammeolus,Flammulated Owl,0.5279,psl3,2024,06,01,04
3.0,6.0,Phylloscopus occipitalis,Western Crowned Warbler,0.8007,psl3,2024,06,01,05
6.0,9.0,Phylloscopus occipitalis,Western Crowned Warbler,0.7721,psl3,2024,06,01,05
9.0,12.0,Phylloscopus occipitalis,Western Crowned Warbler,0.6948,psl3,2024,06,01,05
9.0,12.0,Phylloscopus tytleri,Tytler's Leaf Warbler,0.6069,psl3,2024,06,01,05
12.0,15.0,Phylloscopus occipitalis,Western Crowned Warbler,0.5785,psl3,2024,06,01,05
15.0,18.0,Phylloscopus occipitalis,Western Crowned Warbler,0.6287,psl3,2024,06,01,05
18.0,21.0,Phylloscopus occipitalis,Western Crowned Warbler,0.8296,psl3,2024,06,01,05
24.0,27.0,Phylloscopus occipitalis,Western Crowned Warbler,0.6921,psl3,2024,06,01,05
24.0,27.0,Phylloscopus tytleri,Tytler's Leaf Warbler,0.5244,psl3,2024,06,01,05
30.0,33.0,Protonotaria citrea,Prothonotary Warbler,0.5638,psl3,2024,06,01,05
33.0,36.0,Phylloscopus occipitalis,Western Crowned Warbler,0.5361,psl3,2024,06,01,05
36.0,39.0,Phylloscopus occipitalis,Western Crowned Warbler,0.9308,psl3,2024,06,01,05
39.0,42.0,Phylloscopus occipitalis,Western Crowned Warbler,0.7668,psl3,2024,06,01,05
42.0,45.0,Falco sparverius,American Kestrel,0.8704,psl3,2024,06,01,05
48.0,51.0,Phylloscopus occipitalis,Western Crowned Warbler,0.842,psl3,2024,06,01,05
51.0,54.0,Myophonus caeruleus,Blue Whistling-Thrush,0.5815,psl3,2024,06,01,05
54.0,57.0,Phylloscopus occipitalis,Western Crowned Warbler,0.7077,psl3,2024,06,01,05
60.0,63.0,Phylloscopus occipitalis,Western Crowned Warbler,0.6393,psl3,2024,06,01,05
63.0,66.0,Phylloscopus occipitalis,Western Crowned Warbler,0.7471,psl3,2024,06,01,05
69.0,72.0,Phylloscopus occipitalis,Western Crowned Warbler,0.7979,psl3,2024,06,01,05
72.0,75.0,Phylloscopus occipitalis,Western Crowned Warbler,0.9516,psl3,2024,06,01,05
72.0,75.0,Protonotaria citrea,Prothonotary Warbler,0.7075,psl3,2024,06,01,05
75.0,78.0,Phylloscopus occipitalis,Western Crowned Warbler,0.6049,psl3,2024,06,01,05
81.0,84.0,Phylloscopus occipitalis,Western Crowned Warbler,0.9373,psl3,2024,06,01,05
84.0,87.0,Phylloscopus occipitalis,Western Crowned Warbler,0.8485,psl3,2024,06,01,05
87.0,90.0,Phylloscopus occipitalis,Western Crowned Warbler,0.639,psl3,2024,06,01,05
90.0,93.0,Myophonus caeruleus,Blue Whistling-Thrush,0.5435,psl3,2024,06,01,05
96.0,99.0,Phylloscopus occipitalis,Western Crowned Warbler,0.506,psl3,2024,06,01,05
99.0,102.0,Phylloscopus occipitalis,Western Crowned Warbler,0.6774,psl3,2024,06,01,05
120.0,123.0,Phylloscopus occipitalis,Western Crowned Warbler,0.8044,psl3,2024,06,01,05
123.0,126.0,Phylloscopus occipitalis,Western Crowned Warbler,0.8476,psl3,2024,06,01,05
129.0,132.0,Phylloscopus occipitalis,Western Crowned Warbler,0.9424,psl3,2024,06,01,05
129.0,132.0,Phylloscopus tytleri,Tytler's Leaf Warbler,0.702,psl3,2024,06,01,05
132.0,135.0,Phylloscopus occipitalis,Western Crowned Warbler,0.8286,psl3,2024,06,01,05
135.0,138.0,Phylloscopus occipitalis,Western Crowned Warbler,0.6967,psl3,2024,06,01,05
138.0,141.0,Phylloscopus occipitalis,Western Crowned Warbler,0.6423,psl3,2024,06,01,05
141.0,144.0,Phylloscopus occipitalis,Western Crowned Warbler,0.5848,psl3,2024,06,01,05
144.0,147.0,Phylloscopus occipitalis,Western Crowned Warbler,0.8004,psl3,2024,06,01,05
150.0,153.0,Phylloscopus occipitalis,Western Crowned Warbler,0.6827,psl3,2024,06,01,05
162.0,165.0,Phylloscopus occipitalis,Western Crowned Warbler,0.7978,psl3,2024,06,01,05
174.0,177.0,Phylloscopus occipitalis,Western Crowned Warbler,0.5742,psl3,2024,06,01,05
177.0,180.0,Phylloscopus occipitalis,Western Crowned Warbler,0.6438,psl3,2024,06,01,05
180.0,183.0,Phylloscopus occipitalis,Western Crowned Warbler,0.8162,psl3,2024,06,01,05
183.0,186.0,Phylloscopus occipitalis,Western Crowned Warbler,0.5049,psl3,2024,06,01,05
186.0,189.0,Phylloscopus occipitalis,Western Crowned Warbler,0.6067,psl3,2024,06,01,05
189.0,192.0,Phylloscopus occipitalis,Western Crowned Warbler,0.6268,psl3,2024,06,01,05
195.0,198.0,Phylloscopus occipitalis,Western Crowned Warbler,0.9792,psl3,2024,06,01,05
207.0,210.0,Phylloscopus occipitalis,Western Crowned Warbler,0.807,psl3,2024,06,01,05
210.0,213.0,Phylloscopus occipitalis,Western Crowned Warbler,0.7087,psl3,2024,06,01,05
216.0,219.0,Phylloscopus occipitalis,Western Crowned Warbler,0.7818,psl3,2024,06,01,05
219.0,222.0,Phylloscopus occipitalis,Western Crowned Warbler,0.5414,psl3,2024,06,01,05
222.0,225.0,Phylloscopus occipitalis,Western Crowned Warbler,0.9745,psl3,2024,06,01,05
225.0,228.0,Phylloscopus occipitalis,Western Crowned Warbler,0.5517,psl3,2024,06,01,05
231.0,234.0,Phylloscopus occipitalis,Western Crowned Warbler,0.7275,psl3,2024,06,01,05
240.0,243.0,Phylloscopus occipitalis,Western Crowned Warbler,0.9742,psl3,2024,06,01,05
246.0,249.0,Phylloscopus occipitalis,Western Crowned Warbler,0.9574,psl3,2024,06,01,05
246.0,249.0,Phylloscopus reguloides,Blyth's Leaf Warbler,0.5065,psl3,2024,06,01,05
249.0,252.0,Phylloscopus occipitalis,Western Crowned Warbler,0.9187,psl3,2024,06,01,05
255.0,258.0,Phylloscopus reguloides,Blyth's Leaf Warbler,0.6297,psl3,2024,06,01,05
255.0,258.0,Phylloscopus occipitalis,Western Crowned Warbler,0.5802,psl3,2024,06,01,05
258.0,261.0,Phylloscopus occipitalis,Western Crowned Warbler,0.7927,psl3,2024,06,01,05
261.0,264.0,Phylloscopus occipitalis,Western Crowned Warbler,0.5899,psl3,2024,06,01,05
264.0,267.0,Phylloscopus occipitalis,Western Crowned Warbler,0.6789,psl3,2024,06,01,05
267.0,270.0,Phylloscopus occipitalis,Western Crowned Warbler,0.8977,psl3,2024,06,01,05
276.0,279.0,Phylloscopus occipitalis,Western Crowned Warbler,0.8147,psl3,2024,06,01,05
279.0,282.0,Phylloscopus occipitalis,Western Crowned Warbler,0.7533,psl3,2024,06,01,05
288.0,291.0,Phylloscopus occipitalis,Western Crowned Warbler,0.6698,psl3,2024,06,01,05
297.0,300.0,Phylloscopus occipitalis,Western Crowned Warbler,0.9477,psl3,2024,06,01,05
306.0,309.0,Phylloscopus occipitalis,Western Crowned Warbler,0.6846,psl3,2024,06,01,05
315.0,318.0,Phylloscopus occipitalis,Western Crowned Warbler,0.5941,psl3,2024,06,01,05
318.0,321.0,Phylloscopus occipitalis,Western Crowned Warbler,0.6227,psl3,2024,06,01,05
336.0,339.0,Phylloscopus occipitalis,Western Crowned Warbler,0.5814,psl3,2024,06,01,05
342.0,345.0,Phylloscopus occipitalis,Western Crowned Warbler,0.9706,psl3,2024,06,01,05
345.0,348.0,Phylloscopus occipitalis,Western Crowned Warbler,0.6827,psl3,2024,06,01,05
351.0,354.0,Phylloscopus occipitalis,Western Crowned Warbler,0.7496,psl3,2024,06,01,05
354.0,357.0,Phylloscopus occipitalis,Western Crowned Warbler,0.64,psl3,2024,06,01,05
366.0,369.0,Phylloscopus nitidus,Green Warbler,0.5938,psl3,2024,06,01,05
396.0,399.0,Phylloscopus nitidus,Green Warbler,0.5286,psl3,2024,06,01,05
414.0,417.0,Phylloscopus nitidus,Green Warbler,0.5847,psl3,2024,06,01,05
429.0,432.0,Phylloscopus occipitalis,Western Crowned Warbler,0.7437,psl3,2024,06,01,05
438.0,441.0,Phylloscopus occipitalis,Western Crowned Warbler,0.9032,psl3,2024,06,01,05
441.0,444.0,Phylloscopus occipitalis,Western Crowned Warbler,0.9741,psl3,2024,06,01,05
447.0,450.0,Phylloscopus occipitalis,Western Crowned Warbler,0.5079,psl3,2024,06,01,05
456.0,459.0,Phylloscopus occipitalis,Western Crowned Warbler,0.8158,psl3,2024,06,01,05
459.0,462.0,Phylloscopus occipitalis,Western Crowned Warbler,0.7818,psl3,2024,06,01,05
495.0,498.0,Phylloscopus occipitalis,Western Crowned Warbler,0.7916,psl3,2024,06,01,05
504.0,507.0,Phylloscopus occipitalis,Western Crowned Warbler,0.705,psl3,2024,06,01,05
507.0,510.0,Phylloscopus occipitalis,Western Crowned Warbler,0.6134,psl3,2024,06,01,05
513.0,516.0,Phylloscopus occipitalis,Western Crowned Warbler,0.5032,psl3,2024,06,01,05
516.0,519.0,Phylloscopus occipitalis,Western Crowned Warbler,0.9365,psl3,2024,06,01,05
525.0,528.0,Phylloscopus occipitalis,Western Crowned Warbler,0.8936,psl3,2024,06,01,05
528.0,531.0,Phylloscopus occipitalis,Western Crowned Warbler,0.846,psl3,2024,06,01,05
534.0,537.0,Phylloscopus occipitalis,Western Crowned Warbler,0.6022,psl3,2024,06,01,05
537.0,540.0,Phylloscopus occipitalis,Western Crowned Warbler,0.5689,psl3,2024,06,01,05
546.0,549.0,Phylloscopus occipitalis,Western Crowned Warbler,0.5799,psl3,2024,06,01,05
570.0,573.0,Phylloscopus tytleri,Tytler's Leaf Warbler,0.6056,psl3,2024,06,01,05
570.0,573.0,Phylloscopus occipitalis,Western Crowned Warbler,0.5252,psl3,2024,06,01,05
573.0,576.0,Phylloscopus occipitalis,Western Crowned Warbler,0.9502,psl3,2024,06,01,05
579.0,582.0,Phylloscopus occipitalis,Western Crowned Warbler,0.9762,psl3,2024,06,01,05
582.0,585.0,Phylloscopus occipitalis,Western Crowned Warbler,0.9973,psl3,2024,06,01,05
585.0,588.0,Phylloscopus occipitalis,Western Crowned Warbler,0.7367,psl3,2024,06,01,05
588.0,591.0,Phylloscopus occipitalis,Western Crowned Warbler,0.9994,psl3,2024,06,01,05
591.0,594.0,Phylloscopus occipitalis,Western Crowned Warbler,0.9995,psl3,2024,06,01,05
594.0,597.0,Phylloscopus occipitalis,Western Crowned Warbler,0.9841,psl3,2024,06,01,05
597.0,600.0,Phylloscopus occipitalis,Western Crowned Warbler,0.9122,psl3,2024,06,01,05
600.0,603.0,Phylloscopus occipitalis,Western Crowned Warbler,0.5872,psl3,2024,06,01,05
603.0,606.0,Phylloscopus occipitalis,Western Crowned Warbler,0.9969,psl3,2024,06,01,05
606.0,609.0,Phylloscopus occipitalis,Western Crowned Warbler,0.999,psl3,2024,06,01,05
609.0,612.0,Phylloscopus occipitalis,Western Crowned Warbler,0.9929,psl3,2024,06,01,05
612.0,615.0,Phylloscopus occipitalis,Western Crowned Warbler,0.9676,psl3,2024,06,01,05
615.0,618.0,Phylloscopus occipitalis,Western Crowned Warbler,0.8999,psl3,2024,06,01,05
618.0,621.0,Phylloscopus occipitalis,Western Crowned Warbler,0.9971,psl3,2024,06,01,05
621.0,624.0,Phylloscopus occipitalis,Western Crowned Warbler,0.9534,psl3,2024,06,01,05
624.0,627.0,Phylloscopus occipitalis,Western Crowned Warbler,0.8667,psl3,2024,06,01,05
627.0,630.0,Phylloscopus occipitalis,Western Crowned Warbler,0.7971,psl3,2024,06,01,05
630.0,633.0,Phylloscopus occipitalis,Western Crowned Warbler,0.9675,psl3,2024,06,01,05
633.0,636.0,Phylloscopus occipitalis,Western Crowned Warbler,0.6835,psl3,2024,06,01,05
636.0,639.0,Phylloscopus occipitalis,Western Crowned Warbler,0.9254,psl3,2024,06,01,05
639.0,642.0,Phylloscopus occipitalis,Western Crowned Warbler,0.6014,psl3,2024,06,01,05
645.0,648.0,Protonotaria citrea,Prothonotary Warbler,0.7215,psl3,2024,06,01,05
645.0,648.0,Phylloscopus occipitalis,Western Crowned Warbler,0.7128,psl3,2024,06,01,05
648.0,651.0,Phylloscopus occipitalis,Western Crowned Warbler,0.9435,psl3,2024,06,01,05
654.0,657.0,Phylloscopus occipitalis,Western Crowned Warbler,0.8412,psl3,2024,06,01,05
657.0,660.0,Phylloscopus occipitalis,Western Crowned Warbler,0.9351,psl3,2024,06,01,05
660.0,663.0,Phylloscopus occipitalis,Western Crowned Warbler,0.7737,psl3,2024,06,01,05
663.0,666.0,Phylloscopus occipitalis,Western Crowned Warbler,0.9461,psl3,2024,06,01,05
666.0,669.0,Phylloscopus occipitalis,Western Crowned Warbler,0.9741,psl3,2024,06,01,05
666.0,669.0,Phylloscopus tytleri,Tytler's Leaf Warbler,0.8389,psl3,2024,06,01,05
669.0,672.0,Phylloscopus occipitalis,Western Crowned Warbler,0.9903,psl3,2024,06,01,05
672.0,675.0,Phylloscopus occipitalis,Western Crowned Warbler,0.5206,psl3,2024,06,01,05
675.0,678.0,Phylloscopus occipitalis,Western Crowned Warbler,0.527,psl3,2024,06,01,05
678.0,681.0,Phylloscopus occipitalis,Western Crowned Warbler,0.8605,psl3,2024,06,01,05
678.0,681.0,Phylloscopus tytleri,Tytler's Leaf Warbler,0.6919,psl3,2024,06,01,05
681.0,684.0,Phylloscopus occipitalis,Western Crowned Warbler,0.9785,psl3,2024,06,01,05
684.0,687.0,Phylloscopus occipitalis,Western Crowned Warbler,0.8772,psl3,2024,06,01,05
687.0,690.0,Phylloscopus occipitalis,Western Crowned Warbler,0.997,psl3,2024,06,01,05
693.0,696.0,Phylloscopus reguloides,Blyth's Leaf Warbler,0.5921,psl3,2024,06,01,05
693.0,696.0,Phylloscopus occipitalis,Western Crowned Warbler,0.5254,psl3,2024,06,01,05
696.0,699.0,Phylloscopus occipitalis,Western Crowned Warbler,0.9886,psl3,2024,06,01,05
702.0,705.0,Phylloscopus occipitalis,Western Crowned Warbler,0.8657,psl3,2024,06,01,05
705.0,708.0,Phylloscopus occipitalis,Western Crowned Warbler,0.7914,psl3,2024,06,01,05
705.0,708.0,Phylloscopus reguloides,Blyth's Leaf Warbler,0.5778,psl3,2024,06,01,05
708.0,711.0,Phylloscopus occipitalis,Western Crowned Warbler,0.8968,psl3,2024,06,01,05
714.0,717.0,Phylloscopus occipitalis,Western Crowned Warbler,0.5381,psl3,2024,06,01,05
720.0,723.0,Phylloscopus occipitalis,Western Crowned Warbler,0.9625,psl3,2024,06,01,05
726.0,729.0,Phylloscopus occipitalis,Western Crowned Warbler,0.7535,psl3,2024,06,01,05
729.0,732.0,Phylloscopus occipitalis,Western Crowned Warbler,0.7603,psl3,2024,06,01,05
732.0,735.0,Phylloscopus occipitalis,Western Crowned Warbler,0.5597,psl3,2024,06,01,05
735.0,738.0,Phylloscopus occipitalis,Western Crowned Warbler,0.9719,psl3,2024,06,01,05
738.0,741.0,Phylloscopus occipitalis,Western Crowned Warbler,0.9709,psl3,2024,06,01,05
744.0,747.0,Phylloscopus occipitalis,Western Crowned Warbler,0.9673,psl3,2024,06,01,05
747.0,750.0,Phylloscopus occipitalis,Western Crowned Warbler,0.9891,psl3,2024,06,01,05
750.0,753.0,Phylloscopus occipitalis,Western Crowned Warbler,0.8607,psl3,2024,06,01,05
753.0,756.0,Phylloscopus occipitalis,Western Crowned Warbler,0.531,psl3,2024,06,01,05
756.0,759.0,Phylloscopus occipitalis,Western Crowned Warbler,0.9368,psl3,2024,06,01,05
759.0,762.0,Phylloscopus occipitalis,Western Crowned Warbler,0.8392,psl3,2024,06,01,05
762.0,765.0,Phylloscopus occipitalis,Western Crowned Warbler,0.6662,psl3,2024,06,01,05
762.0,765.0,Phylloscopus reguloides,Blyth's Leaf Warbler,0.5154,psl3,2024,06,01,05
768.0,771.0,Phylloscopus reguloides,Blyth's Leaf Warbler,0.6359,psl3,2024,06,01,05
768.0,771.0,Phylloscopus occipitalis,Western Crowned Warbler,0.6082,psl3,2024,06,01,05
771.0,774.0,Phylloscopus occipitalis,Western Crowned Warbler,0.7603,psl3,2024,06,01,05
774.0,777.0,Phylloscopus occipitalis,Western Crowned Warbler,0.8075,psl3,2024,06,01,05
777.0,780.0,Phylloscopus reguloides,Blyth's Leaf Warbler,0.5179,psl3,2024,06,01,05
780.0,783.0,Phylloscopus occipitalis,Western Crowned Warbler,0.9384,psl3,2024,06,01,05
786.0,789.0,Phylloscopus occipitalis,Western Crowned Warbler,0.9039,psl3,2024,06,01,05
789.0,792.0,Phylloscopus occipitalis,Western Crowned Warbler,0.7623,psl3,2024,06,01,05
792.0,795.0,Phylloscopus occipitalis,Western Crowned Warbler,0.9691,psl3,2024,06,01,05
795.0,798.0,Phylloscopus occipitalis,Western Crowned Warbler,0.9868,psl3,2024,06,01,05
801.0,804.0,Phylloscopus occipitalis,Western Crowned Warbler,0.5243,psl3,2024,06,01,05
807.0,810.0,Phylloscopus occipitalis,Western Crowned Warbler,0.7383,psl3,2024,06,01,05
813.0,816.0,Phylloscopus occipitalis,Western Crowned Warbler,0.7789,psl3,2024,06,01,05
816.0,819.0,Phylloscopus occipitalis,Western Crowned Warbler,0.6278,psl3,2024,06,01,05
840.0,843.0,Phylloscopus occipitalis,Western Crowned Warbler,0.7265,psl3,2024,06,01,05
840.0,843.0,Phylloscopus tytleri,Tytler's Leaf Warbler,0.6053,psl3,2024,06,01,05
885.0,888.0,Phylloscopus occipitalis,Western Crowned Warbler,0.5198,psl3,2024,06,01,05
897.0,900.0,Phylloscopus occipitalis,Western Crowned Warbler,0.547,psl3,2024,06,01,05
0.0,3.0,Phylloscopus occipitalis,Western Crowned Warbler,0.5325,psl3,2024,06,01,06
6.0,9.0,Phylloscopus occipitalis,Western Crowned Warbler,0.9641,psl3,2024,06,01,06
9.0,12.0,Protonotaria citrea,Prothonotary Warbler,0.622,psl3,2024,06,01,06
12.0,15.0,Phylloscopus occipitalis,Western Crowned Warbler,0.5703,psl3,2024,06,01,06
42.0,45.0,Phylloscopus occipitalis,Western Crowned Warbler,0.7855,psl3,2024,06,01,06
72.0,75.0,Phylloscopus trochiloides,Greenish Warbler,0.5749,psl3,2024,06,01,06
81.0,84.0,Phylloscopus tytleri,Tytler's Leaf Warbler,0.7118,psl3,2024,06,01,06
96.0,99.0,Phylloscopus occipitalis,Western Crowned Warbler,0.7801,psl3,2024,06,01,06
129.0,132.0,Phylloscopus occipitalis,Western Crowned Warbler,0.5443,psl3,2024,06,01,06
132.0,135.0,Phylloscopus occipitalis,Western Crowned Warbler,0.5917,psl3,2024,06,01,06
156.0,159.0,Phylloscopus occipitalis,Western Crowned Warbler,0.9201,psl3,2024,06,01,06
171.0,174.0,Phylloscopus occipitalis,Western Crowned Warbler,0.812,psl3,2024,06,01,06
171.0,174.0,Phylloscopus reguloides,Blyth's Leaf Warbler,0.7543,psl3,2024,06,01,06
177.0,180.0,Phylloscopus occipitalis,Western Crowned Warbler,0.9371,psl3,2024,06,01,06
177.0,180.0,Phylloscopus reguloides,Blyth's Leaf Warbler,0.7244,psl3,2024,06,01,06
183.0,186.0,Phylloscopus occipitalis,Western Crowned Warbler,0.9294,psl3,2024,06,01,06
183.0,186.0,Phylloscopus reguloides,Blyth's Leaf Warbler,0.77,psl3,2024,06,01,06
198.0,201.0,Phylloscopus nitidus,Green Warbler,0.711,psl3,2024,06,01,06
207.0,210.0,Protonotaria citrea,Prothonotary Warbler,0.5194,psl3,2024,06,01,06
213.0,216.0,Larvivora brunnea,Indian Blue Robin,0.8021,psl3,2024,06,01,06
225.0,228.0,Phylloscopus tytleri,Tytler's Leaf Warbler,0.6944,psl3,2024,06,01,06
258.0,261.0,Basileuterus rufifrons,Rufous-capped Warbler,0.6596,psl3,2024,06,01,06
315.0,318.0,Larvivora brunnea,Indian Blue Robin,0.8657,psl3,2024,06,01,06
315.0,318.0,Setophaga townsendi,Townsend's Warbler,0.5068,psl3,2024,06,01,06
333.0,336.0,Larvivora brunnea,Indian Blue Robin,0.7588,psl3,2024,06,01,06
402.0,405.0,Larvivora brunnea,Indian Blue Robin,0.5219,psl3,2024,06,01,06
420.0,423.0,Larvivora brunnea,Indian Blue Robin,0.7819,psl3,2024,06,01,06
477.0,480.0,Larvivora brunnea,Indian Blue Robin,0.6414,psl3,2024,06,01,06
612.0,615.0,Calidris alpina,Dunlin,0.5375,psl3,2024,06,01,06
618.0,621.0,Phylloscopus nitidus,Green Warbler,0.854,psl3,2024,06,01,06
651.0,654.0,Andropadus importunus,Sombre Greenbul,0.5107,psl3,2024,06,01,06
681.0,684.0,Leiothlypis ruficapilla,Nashville Warbler,0.7193,psl3,2024,06,01,06
711.0,714.0,Phylloscopus reguloides,Blyth's Leaf Warbler,0.5723,psl3,2024,06,01,06
750.0,753.0,Andropadus importunus,Sombre Greenbul,0.5157,psl3,2024,06,01,06
831.0,834.0,Haemorhous purpureus,Purple Finch,0.7036,psl3,2024,06,01,06
843.0,846.0,Protonotaria citrea,Prothonotary Warbler,0.6008,psl3,2024,06,01,06
855.0,858.0,Protonotaria citrea,Prothonotary Warbler,0.8405,psl3,2024,06,01,06
861.0,864.0,Protonotaria citrea,Prothonotary Warbler,0.6715,psl3,2024,06,01,06
864.0,867.0,Protonotaria citrea,Prothonotary Warbler,0.8281,psl3,2024,06,01,06
873.0,876.0,Phylloscopus occipitalis,Western Crowned Warbler,0.6363,psl3,2024,06,01,06
897.0,900.0,Phylloscopus occipitalis,Western Crowned Warbler,0.8284,psl3,2024,06,01,06
12.0,15.0,Phylloscopus trochiloides,Greenish Warbler,0.5548,psl3,2024,06,01,07
63.0,66.0,Phylloscopus nitidus,Green Warbler,0.508,psl3,2024,06,01,07
612.0,615.0,Geothlypis tolmiei,MacGillivray's Warbler,0.5733,psl3,2024,06,01,07
744.0,747.0,Prinia socialis,Ashy Prinia,0.7144,psl3,2024,06,01,07
747.0,750.0,Prinia socialis,Ashy Prinia,0.5256,psl3,2024,06,01,07
39.0,42.0,Phylloscopus occipitalis,Western Crowned Warbler,0.633,psl3,2024,06,02,05
42.0,45.0,Phylloscopus occipitalis,Western Crowned Warbler,0.776,psl3,2024,06,02,05
57.0,60.0,Protonotaria citrea,Prothonotary Warbler,0.6323,psl3,2024,06,02,05
72.0,75.0,Phylloscopus occipitalis,Western Crowned Warbler,0.5915,psl3,2024,06,02,05
81.0,84.0,Phylloscopus occipitalis,Western Crowned Warbler,0.6772,psl3,2024,06,02,05
84.0,87.0,Phylloscopus occipitalis,Western Crowned Warbler,0.6919,psl3,2024,06,02,05
93.0,96.0,Phylloscopus occipitalis,Western Crowned Warbler,0.6732,psl3,2024,06,02,05
93.0,96.0,Phylloscopus tytleri,Tytler's Leaf Warbler,0.5891,psl3,2024,06,02,05
99.0,102.0,Phylloscopus occipitalis,Western Crowned Warbler,0.6338,psl3,2024,06,02,05
105.0,108.0,Phylloscopus occipitalis,Western Crowned Warbler,0.9042,psl3,2024,06,02,05
111.0,114.0,Phylloscopus occipitalis,Western Crowned Warbler,0.8599,psl3,2024,06,02,05
114.0,117.0,Protonotaria citrea,Prothonotary Warbler,0.5411,psl3,2024,06,02,05
117.0,120.0,Phylloscopus occipitalis,Western Crowned Warbler,0.8497,psl3,2024,06,02,05
117.0,120.0,Protonotaria citrea,Prothonotary Warbler,0.7027,psl3,2024,06,02,05
120.0,123.0,Phylloscopus occipitalis,Western Crowned Warbler,0.6787,psl3,2024,06,02,05
123.0,126.0,Protonotaria citrea,Prothonotary Warbler,0.9572,psl3,2024,06,02,05
123.0,126.0,Phylloscopus occipitalis,Western Crowned Warbler,0.8077,psl3,2024,06,02,05
126.0,129.0,Phylloscopus occipitalis,Western Crowned Warbler,0.6624,psl3,2024,06,02,05
135.0,138.0,Phylloscopus occipitalis,Western Crowned Warbler,0.9495,psl3,2024,06,02,05
135.0,138.0,Phylloscopus tytleri,Tytler's Leaf Warbler,0.5557,psl3,2024,06,02,05
147.0,150.0,Phylloscopus occipitalis,Western Crowned Warbler,0.595,psl3,2024,06,02,05
159.0,162.0,Phylloscopus occipitalis,Western Crowned Warbler,0.6377,psl3,2024,06,02,05
162.0,165.0,Phylloscopus occipitalis,Western Crowned Warbler,0.6537,psl3,2024,06,02,05
162.0,165.0,Phylloscopus tytleri,Tytler's Leaf Warbler,0.5433,psl3,2024,06,02,05
186.0,189.0,Protonotaria citrea,Prothonotary Warbler,0.595,psl3,2024,06,02,05
234.0,237.0,Phylloscopus occipitalis,Western Crowned Warbler,0.6889,psl3,2024,06,02,05
237.0,240.0,Protonotaria citrea,Prothonotary Warbler,0.558,psl3,2024,06,02,05
255.0,258.0,Phylloscopus occipitalis,Western Crowned Warbler,0.6365,psl3,2024,06,02,05
258.0,261.0,Phylloscopus occipitalis,Western Crowned Warbler,0.5534,psl3,2024,06,02,05
270.0,273.0,Protonotaria citrea,Prothonotary Warbler,0.5372,psl3,2024,06,02,05
273.0,276.0,Phylloscopus occipitalis,Western Crowned Warbler,0.6515,psl3,2024,06,02,05
276.0,279.0,Phylloscopus occipitalis,Western Crowned Warbler,0.5341,psl3,2024,06,02,05
285.0,288.0,Phylloscopus tytleri,Tytler's Leaf Warbler,0.5392,psl3,2024,06,02,05
294.0,297.0,Phylloscopus occipitalis,Western Crowned Warbler,0.6834,psl3,2024,06,02,05
300.0,303.0,Phylloscopus occipitalis,Western Crowned Warbler,0.6634,psl3,2024,06,02,05
315.0,318.0,Phylloscopus occipitalis,Western Crowned Warbler,0.9331,psl3,2024,06,02,05
318.0,321.0,Phylloscopus occipitalis,Western Crowned Warbler,0.6358,psl3,2024,06,02,05
318.0,321.0,Phylloscopus tytleri,Tytler's Leaf Warbler,0.6131,psl3,2024,06,02,05
321.0,324.0,Phylloscopus occipitalis,Western Crowned Warbler,0.881,psl3,2024,06,02,05
327.0,330.0,Phylloscopus tytleri,Tytler's Leaf Warbler,0.5843,psl3,2024,06,02,05
330.0,333.0,Phylloscopus occipitalis,Western Crowned Warbler,0.98,psl3,2024,06,02,05
333.0,336.0,Phylloscopus occipitalis,Western Crowned Warbler,0.9843,psl3,2024,06,02,05
336.0,339.0,Phylloscopus occipitalis,Western Crowned Warbler,0.6548,psl3,2024,06,02,05
339.0,342.0,Phylloscopus occipitalis,Western Crowned Warbler,0.9942,psl3,2024,06,02,05
342.0,345.0,Phylloscopus occipitalis,Western Crowned Warbler,0.8928,psl3,2024,06,02,05
342.0,345.0,Phylloscopus reguloides,Blyth's Leaf Warbler,0.6445,psl3,2024,06,02,05
345.0,348.0,Phylloscopus occipitalis,Western Crowned Warbler,0.8525,psl3,2024,06,02,05
348.0,351.0,Phylloscopus occipitalis,Western Crowned Warbler,0.989,psl3,2024,06,02,05
354.0,357.0,Phylloscopus occipitalis,Western Crowned Warbler,0.9957,psl3,2024,06,02,05
357.0,360.0,Phylloscopus occipitalis,Western Crowned Warbler,0.8891,psl3,2024,06,02,05
360.0,363.0,Phylloscopus occipitalis,Western Crowned Warbler,0.9721,psl3,2024,06,02,05
363.0,366.0,Phylloscopus occipitalis,Western Crowned Warbler,0.9926,psl3,2024,06,02,05
366.0,369.0,Phylloscopus occipitalis,Western Crowned Warbler,0.9987,psl3,2024,06,02,05
369.0,372.0,Phylloscopus tytleri,Tytler's Leaf Warbler,0.5347,psl3,2024,06,02,05
372.0,375.0,Phylloscopus occipitalis,Western Crowned Warbler,0.9826,psl3,2024,06,02,05
375.0,378.0,Phylloscopus occipitalis,Western Crowned Warbler,0.9728,psl3,2024,06,02,05
378.0,381.0,Phylloscopus occipitalis,Western Crowned Warbler,0.9987,psl3,2024,06,02,05
384.0,387.0,Phylloscopus occipitalis,Western Crowned Warbler,0.9582,psl3,2024,06,02,05
387.0,390.0,Phylloscopus occipitalis,Western Crowned Warbler,0.8237,psl3,2024,06,02,05
390.0,393.0,Phylloscopus occipitalis,Western Crowned Warbler,0.7781,psl3,2024,06,02,05
393.0,396.0,Phylloscopus maculipennis,Ashy-throated Warbler,0.5595,psl3,2024,06,02,05
396.0,399.0,Phylloscopus occipitalis,Western Crowned Warbler,0.714,psl3,2024,06,02,05
399.0,402.0,Phylloscopus occipitalis,Western Crowned Warbler,0.5056,psl3,2024,06,02,05
402.0,405.0,Phylloscopus occipitalis,Western Crowned Warbler,0.9751,psl3,2024,06,02,05
405.0,408.0,Phylloscopus occipitalis,Western Crowned Warbler,0.7954,psl3,2024,06,02,05
408.0,411.0,Phylloscopus occipitalis,Western Crowned Warbler,0.9307,psl3,2024,06,02,05
411.0,414.0,Phylloscopus occipitalis,Western Crowned Warbler,0.9708,psl3,2024,06,02,05
417.0,420.0,Phylloscopus occipitalis,Western Crowned Warbler,0.8672,psl3,2024,06,02,05
420.0,423.0,Phylloscopus occipitalis,Western Crowned Warbler,0.7884,psl3,2024,06,02,05
426.0,429.0,Phylloscopus occipitalis,Western Crowned Warbler,0.8743,psl3,2024,06,02,05
429.0,432.0,Phylloscopus occipitalis,Western Crowned Warbler,0.747,psl3,2024,06,02,05
435.0,438.0,Phylloscopus tytleri,Tytler's Leaf Warbler,0.5965,psl3,2024,06,02,05
438.0,441.0,Phylloscopus occipitalis,Western Crowned Warbler,0.5917,psl3,2024,06,02,05
441.0,444.0,Phylloscopus occipitalis,Western Crowned Warbler,0.8562,psl3,2024,06,02,05
444.0,447.0,Phylloscopus occipitalis,Western Crowned Warbler,0.9926,psl3,2024,06,02,05
447.0,450.0,Phylloscopus occipitalis,Western Crowned Warbler,0.9638,psl3,2024,06,02,05
450.0,453.0,Phylloscopus occipitalis,Western Crowned Warbler,0.9794,psl3,2024,06,02,05
453.0,456.0,Phylloscopus occipitalis,Western Crowned Warbler,0.9178,psl3,2024,06,02,05
456.0,459.0,Phylloscopus occipitalis,Western Crowned Warbler,0.9629,psl3,2024,06,02,05
459.0,462.0,Phylloscopus occipitalis,Western Crowned Warbler,0.5198,psl3,2024,06,02,05
462.0,465.0,Phylloscopus occipitalis,Western Crowned Warbler,0.549,psl3,2024,06,02,05
465.0,468.0,Phylloscopus occipitalis,Western Crowned Warbler,0.8588,psl3,2024,06,02,05
480.0,483.0,Phylloscopus occipitalis,Western Crowned Warbler,0.9041,psl3,2024,06,02,05
492.0,495.0,Phylloscopus occipitalis,Western Crowned Warbler,0.5615,psl3,2024,06,02,05
495.0,498.0,Phylloscopus tytleri,Tytler's Leaf Warbler,0.6027,psl3,2024,06,02,05
498.0,501.0,Phylloscopus occipitalis,Western Crowned Warbler,0.5725,psl3,2024,06,02,05
504.0,507.0,Phylloscopus occipitalis,Western Crowned Warbler,0.8933,psl3,2024,06,02,05
504.0,507.0,Protonotaria citrea,Prothonotary Warbler,0.744,psl3,2024,06,02,05
510.0,513.0,Phylloscopus occipitalis,Western Crowned Warbler,0.5928,psl3,2024,06,02,05
513.0,516.0,Phylloscopus occipitalis,Western Crowned Warbler,0.621,psl3,2024,06,02,05
522.0,525.0,Phylloscopus occipitalis,Western Crowned Warbler,0.7917,psl3,2024,06,02,05
531.0,534.0,Phylloscopus occipitalis,Western Crowned Warbler,0.87,psl3,2024,06,02,05
534.0,537.0,Protonotaria citrea,Prothonotary Warbler,0.6392,psl3,2024,06,02,05
537.0,540.0,Phylloscopus occipitalis,Western Crowned Warbler,0.6998,psl3,2024,06,02,05
555.0,558.0,Phylloscopus occipitalis,Western Crowned Warbler,0.5322,psl3,2024,06,02,05
561.0,564.0,Phylloscopus tytleri,Tytler's Leaf Warbler,0.6476,psl3,2024,06,02,05
561.0,564.0,Phylloscopus occipitalis,Western Crowned Warbler,0.5775,psl3,2024,06,02,05
579.0,582.0,Phylloscopus tytleri,Tytler's Leaf Warbler,0.6193,psl3,2024,06,02,05
582.0,585.0,Phylloscopus occipitalis,Western Crowned Warbler,0.6178,psl3,2024,06,02,05
597.0,600.0,Phylloscopus tytleri,Tytler's Leaf Warbler,0.6358,psl3,2024,06,02,05
603.0,606.0,Protonotaria citrea,Prothonotary Warbler,0.8328,psl3,2024,06,02,05
609.0,612.0,Protonotaria citrea,Prothonotary Warbler,0.7338,psl3,2024,06,02,05
624.0,627.0,Phylloscopus occipitalis,Western Crowned Warbler,0.8547,psl3,2024,06,02,05
627.0,630.0,Phylloscopus tytleri,Tytler's Leaf Warbler,0.5083,psl3,2024,06,02,05
648.0,651.0,Phylloscopus occipitalis,Western Crowned Warbler,0.5414,psl3,2024,06,02,05
651.0,654.0,Phylloscopus tytleri,Tytler's Leaf Warbler,0.7519,psl3,2024,06,02,05
651.0,654.0,Phylloscopus occipitalis,Western Crowned Warbler,0.6346,psl3,2024,06,02,05
657.0,660.0,Phylloscopus occipitalis,Western Crowned Warbler,0.6508,psl3,2024,06,02,05
660.0,663.0,Phylloscopus occipitalis,Western Crowned Warbler,0.8034,psl3,2024,06,02,05
663.0,666.0,Phylloscopus occipitalis,Western Crowned Warbler,0.941,psl3,2024,06,02,05
666.0,669.0,Phylloscopus occipitalis,Western Crowned Warbler,0.897,psl3,2024,06,02,05
666.0,669.0,Phylloscopus tytleri,Tytler's Leaf Warbler,0.7256,psl3,2024,06,02,05
672.0,675.0,Phylloscopus occipitalis,Western Crowned Warbler,0.9577,psl3,2024,06,02,05
675.0,678.0,Phylloscopus occipitalis,Western Crowned Warbler,0.6633,psl3,2024,06,02,05
681.0,684.0,Phylloscopus occipitalis,Western Crowned Warbler,0.7143,psl3,2024,06,02,05
687.0,690.0,Phylloscopus occipitalis,Western Crowned Warbler,0.9266,psl3,2024,06,02,05
690.0,693.0,Phylloscopus occipitalis,Western Crowned Warbler,0.692,psl3,2024,06,02,05
693.0,696.0,Phylloscopus occipitalis,Western Crowned Warbler,0.5474,psl3,2024,06,02,05
696.0,699.0,Phylloscopus occipitalis,Western Crowned Warbler,0.7657,psl3,2024,06,02,05
708.0,711.0,Phylloscopus occipitalis,Western Crowned Warbler,0.6408,psl3,2024,06,02,05
723.0,726.0,Phylloscopus occipitalis,Western Crowned Warbler,0.5568,psl3,2024,06,02,05
726.0,729.0,Phylloscopus occipitalis,Western Crowned Warbler,0.7681,psl3,2024,06,02,05
729.0,732.0,Phylloscopus occipitalis,Western Crowned Warbler,0.6714,psl3,2024,06,02,05
732.0,735.0,Phylloscopus occipitalis,Western Crowned Warbler,0.7954,psl3,2024,06,02,05
735.0,738.0,Phylloscopus occipitalis,Western Crowned Warbler,0.6511,psl3,2024,06,02,05
738.0,741.0,Phylloscopus occipitalis,Western Crowned Warbler,0.8316,psl3,2024,06,02,05
738.0,741.0,Phylloscopus tytleri,Tytler's Leaf Warbler,0.5668,psl3,2024,06,02,05
741.0,744.0,Phylloscopus occipitalis,Western Crowned Warbler,0.5951,psl3,2024,06,02,05
744.0,747.0,Phylloscopus tytleri,Tytler's Leaf Warbler,0.6065,psl3,2024,06,02,05
750.0,753.0,Phylloscopus occipitalis,Western Crowned Warbler,0.5339,psl3,2024,06,02,05
756.0,759.0,Phylloscopus tytleri,Tytler's Leaf Warbler,0.5858,psl3,2024,06,02,05
759.0,762.0,Phylloscopus occipitalis,Western Crowned Warbler,0.6297,psl3,2024,06,02,05
786.0,789.0,Phylloscopus occipitalis,Western Crowned Warbler,0.6851,psl3,2024,06,02,05
792.0,795.0,Phylloscopus reguloides,Blyth's Leaf Warbler,0.5016,psl3,2024,06,02,05
795.0,798.0,Phylloscopus occipitalis,Western Crowned Warbler,0.6796,psl3,2024,06,02,05
798.0,801.0,Phylloscopus occipitalis,Western Crowned Warbler,0.6236,psl3,2024,06,02,05
810.0,813.0,Phylloscopus occipitalis,Western Crowned Warbler,0.5991,psl3,2024,06,02,05
819.0,822.0,Phylloscopus occipitalis,Western Crowned Warbler,0.535,psl3,2024,06,02,05
822.0,825.0,Phylloscopus occipitalis,Western Crowned Warbler,0.5733,psl3,2024,06,02,05
825.0,828.0,Phylloscopus tytleri,Tytler's Leaf Warbler,0.5044,psl3,2024,06,02,05
831.0,834.0,Phylloscopus occipitalis,Western Crowned Warbler,0.9125,psl3,2024,06,02,05
831.0,834.0,Phylloscopus tytleri,Tytler's Leaf Warbler,0.5863,psl3,2024,06,02,05
843.0,846.0,Protonotaria citrea,Prothonotary Warbler,0.5003,psl3,2024,06,02,05
123.0,126.0,Protonotaria citrea,Prothonotary Warbler,0.7211,psl3,2024,06,02,06
246.0,249.0,Phylloscopus occipitalis,Western Crowned Warbler,0.5246,psl3,2024,06,02,06
303.0,306.0,Protonotaria citrea,Prothonotary Warbler,0.6325,psl3,2024,06,02,06
321.0,324.0,Protonotaria citrea,Prothonotary Warbler,0.7039,psl3,2024,06,02,06
330.0,333.0,Protonotaria citrea,Prothonotary Warbler,0.647,psl3,2024,06,02,06
372.0,375.0,Protonotaria citrea,Prothonotary Warbler,0.7791,psl3,2024,06,02,06
891.0,894.0,Elachura formosa,Spotted Elachura,0.7424,psl3,2024,06,02,06
132.0,135.0,Anaxyrus terrestris,Southern Toad,0.6852,psl3,2024,06,02,07
195.0,198.0,Protonotaria citrea,Prothonotary Warbler,0.7144,psl3,2024,06,02,07
813.0,816.0,Protonotaria citrea,Prothonotary Warbler,0.9238,psl3,2024,06,02,07
813.0,816.0,Phylloscopus occipitalis,Western Crowned Warbler,0.7911,psl3,2024,06,02,07
819.0,822.0,Phylloscopus occipitalis,Western Crowned Warbler,0.5882,psl3,2024,06,02,07
831.0,834.0,Phylloscopus occipitalis,Western Crowned Warbler,0.5986,psl3,2024,06,02,07
834.0,837.0,Phylloscopus tytleri,Tytler's Leaf Warbler,0.6944,psl3,2024,06,02,07
843.0,846.0,Protonotaria citrea,Prothonotary Warbler,0.5138,psl3,2024,06,02,07
855.0,858.0,Phylloscopus occipitalis,Western Crowned Warbler,0.7347,psl3,2024,06,02,07
858.0,861.0,Phylloscopus occipitalis,Western Crowned Warbler,0.5145,psl3,2024,06,02,07
6.0,9.0,Phylloscopus occipitalis,Western Crowned Warbler,0.5782,psl3,2024,06,03,05
15.0,18.0,Phylloscopus occipitalis,Western Crowned Warbler,0.6298,psl3,2024,06,03,05
18.0,21.0,Phylloscopus occipitalis,Western Crowned Warbler,0.7586,psl3,2024,06,03,05
21.0,24.0,Phylloscopus occipitalis,Western Crowned Warbler,0.6299,psl3,2024,06,03,05
24.0,27.0,Phylloscopus occipitalis,Western Crowned Warbler,0.7593,psl3,2024,06,03,05
33.0,36.0,Phylloscopus occipitalis,Western Crowned Warbler,0.6392,psl3,2024,06,03,05
36.0,39.0,Phylloscopus occipitalis,Western Crowned Warbler,0.5226,psl3,2024,06,03,05
51.0,54.0,Phylloscopus occipitalis,Western Crowned Warbler,0.8055,psl3,2024,06,03,05
54.0,57.0,Phylloscopus occipitalis,Western Crowned Warbler,0.659,psl3,2024,06,03,05
57.0,60.0,Protonotaria citrea,Prothonotary Warbler,0.5315,psl3,2024,06,03,05
60.0,63.0,Phylloscopus occipitalis,Western Crowned Warbler,0.7189,psl3,2024,06,03,05
75.0,78.0,Phylloscopus occipitalis,Western Crowned Warbler,0.5127,psl3,2024,06,03,05
81.0,84.0,Phylloscopus occipitalis,Western Crowned Warbler,0.9429,psl3,2024,06,03,05
84.0,87.0,Phylloscopus occipitalis,Western Crowned Warbler,0.714,psl3,2024,06,03,05
87.0,90.0,Phylloscopus occipitalis,Western Crowned Warbler,0.643,psl3,2024,06,03,05
90.0,93.0,Phylloscopus occipitalis,Western Crowned Warbler,0.5599,psl3,2024,06,03,05
93.0,96.0,Phylloscopus occipitalis,Western Crowned Warbler,0.9333,psl3,2024,06,03,05
93.0,96.0,Phylloscopus tytleri,Tytler's Leaf Warbler,0.8173,psl3,2024,06,03,05
96.0,99.0,Phylloscopus occipitalis,Western Crowned Warbler,0.5701,psl3,2024,06,03,05
111.0,114.0,Phylloscopus occipitalis,Western Crowned Warbler,0.5391,psl3,2024,06,03,05
129.0,132.0,Protonotaria citrea,Prothonotary Warbler,0.5818,psl3,2024,06,03,05
132.0,135.0,Phylloscopus occipitalis,Western Crowned Warbler,0.599,psl3,2024,06,03,05
141.0,144.0,Phylloscopus occipitalis,Western Crowned Warbler,0.7279,psl3,2024,06,03,05
147.0,150.0,Phylloscopus occipitalis,Western Crowned Warbler,0.8313,psl3,2024,06,03,05
150.0,153.0,Phylloscopus occipitalis,Western Crowned Warbler,0.6729,psl3,2024,06,03,05
153.0,156.0,Phylloscopus occipitalis,Western Crowned Warbler,0.5214,psl3,2024,06,03,05
162.0,165.0,Phylloscopus tytleri,Tytler's Leaf Warbler,0.5432,psl3,2024,06,03,05
168.0,171.0,Phylloscopus occipitalis,Western Crowned Warbler,0.7147,psl3,2024,06,03,05
171.0,174.0,Phylloscopus tytleri,Tytler's Leaf Warbler,0.7058,psl3,2024,06,03,05
171.0,174.0,Phylloscopus occipitalis,Western Crowned Warbler,0.6736,psl3,2024,06,03,05
174.0,177.0,Phylloscopus occipitalis,Western Crowned Warbler,0.5635,psl3,2024,06,03,05
198.0,201.0,Phylloscopus occipitalis,Western Crowned Warbler,0.6747,psl3,2024,06,03,05
210.0,213.0,Phylloscopus occipitalis,Western Crowned Warbler,0.6622,psl3,2024,06,03,05
249.0,252.0,Protonotaria citrea,Prothonotary Warbler,0.6034,psl3,2024,06,03,05
285.0,288.0,Phylloscopus tytleri,Tytler's Leaf Warbler,0.5822,psl3,2024,06,03,05
288.0,291.0,Phylloscopus occipitalis,Western Crowned Warbler,0.5986,psl3,2024,06,03,05
300.0,303.0,Phylloscopus occipitalis,Western Crowned Warbler,0.5691,psl3,2024,06,03,05
306.0,309.0,Phylloscopus tytleri,Tytler's Leaf Warbler,0.6084,psl3,2024,06,03,05
306.0,309.0,Phylloscopus occipitalis,Western Crowned Warbler,0.595,psl3,2024,06,03,05
315.0,318.0,Phylloscopus tytleri,Tytler's Leaf Warbler,0.6536,psl3,2024,06,03,05
318.0,321.0,Phylloscopus tytleri,Tytler's Leaf Warbler,0.5685,psl3,2024,06,03,05
330.0,333.0,Phylloscopus tytleri,Tytler's Leaf Warbler,0.5686,psl3,2024,06,03,05
336.0,339.0,Phylloscopus occipitalis,Western Crowned Warbler,0.8817,psl3,2024,06,03,05
339.0,342.0,Phylloscopus occipitalis,Western Crowned Warbler,0.9643,psl3,2024,06,03,05
342.0,345.0,Phylloscopus occipitalis,Western Crowned Warbler,0.9218,psl3,2024,06,03,05
345.0,348.0,Phylloscopus occipitalis,Western Crowned Warbler,0.8255,psl3,2024,06,03,05
348.0,351.0,Protonotaria citrea,Prothonotary Warbler,0.5784,psl3,2024,06,03,05
351.0,354.0,Phylloscopus occipitalis,Western Crowned Warbler,0.8449,psl3,2024,06,03,05
354.0,357.0,Phylloscopus occipitalis,Western Crowned Warbler,0.9194,psl3,2024,06,03,05
357.0,360.0,Phylloscopus occipitalis,Western Crowned Warbler,0.9463,psl3,2024,06,03,05
360.0,363.0,Phylloscopus occipitalis,Western Crowned Warbler,0.9406,psl3,2024,06,03,05
363.0,366.0,Phylloscopus occipitalis,Western Crowned Warbler,0.7375,psl3,2024,06,03,05
366.0,369.0,Phylloscopus occipitalis,Western Crowned Warbler,0.7795,psl3,2024,06,03,05
366.0,369.0,Protonotaria citrea,Prothonotary Warbler,0.6842,psl3,2024,06,03,05
375.0,378.0,Phylloscopus occipitalis,Western Crowned Warbler,0.9592,psl3,2024,06,03,05
378.0,381.0,Phylloscopus occipitalis,Western Crowned Warbler,0.7225,psl3,2024,06,03,05
378.0,381.0,Protonotaria citrea,Prothonotary Warbler,0.5843,psl3,2024,06,03,05
381.0,384.0,Phylloscopus occipitalis,Western Crowned Warbler,0.7493,psl3,2024,06,03,05
387.0,390.0,Phylloscopus occipitalis,Western Crowned Warbler,0.574,psl3,2024,06,03,05
393.0,396.0,Phylloscopus occipitalis,Western Crowned Warbler,0.8504,psl3,2024,06,03,05
405.0,408.0,Phylloscopus occipitalis,Western Crowned Warbler,0.5103,psl3,2024,06,03,05
417.0,420.0,Protonotaria citrea,Prothonotary Warbler,0.7848,psl3,2024,06,03,05
429.0,432.0,Phylloscopus occipitalis,Western Crowned Warbler,0.7625,psl3,2024,06,03,05
435.0,438.0,Phylloscopus tytleri,Tytler's Leaf Warbler,0.506,psl3,2024,06,03,05
438.0,441.0,Phylloscopus occipitalis,Western Crowned Warbler,0.6981,psl3,2024,06,03,05
444.0,447.0,Phylloscopus occipitalis,Western Crowned Warbler,0.8974,psl3,2024,06,03,05
459.0,462.0,Phylloscopus occipitalis,Western Crowned Warbler,0.5045,psl3,2024,06,03,05
465.0,468.0,Phylloscopus occipitalis,Western Crowned Warbler,0.6543,psl3,2024,06,03,05
468.0,471.0,Protonotaria citrea,Prothonotary Warbler,0.5741,psl3,2024,06,03,05
471.0,474.0,Phylloscopus occipitalis,Western Crowned Warbler,0.5693,psl3,2024,06,03,05
486.0,489.0,Phylloscopus occipitalis,Western Crowned Warbler,0.798,psl3,2024,06,03,05
498.0,501.0,Phylloscopus occipitalis,Western Crowned Warbler,0.593,psl3,2024,06,03,05
501.0,504.0,Phylloscopus occipitalis,Western Crowned Warbler,0.6984,psl3,2024,06,03,05
504.0,507.0,Phylloscopus occipitalis,Western Crowned Warbler,0.7035,psl3,2024,06,03,05
510.0,513.0,Phylloscopus occipitalis,Western Crowned Warbler,0.5437,psl3,2024,06,03,05
516.0,519.0,Phylloscopus occipitalis,Western Crowned Warbler,0.5185,psl3,2024,06,03,05
519.0,522.0,Phylloscopus tytleri,Tytler's Leaf Warbler,0.5756,psl3,2024,06,03,05
525.0,528.0,Phylloscopus occipitalis,Western Crowned Warbler,0.5991,psl3,2024,06,03,05
531.0,534.0,Phylloscopus occipitalis,Western Crowned Warbler,0.7043,psl3,2024,06,03,05
546.0,549.0,Phylloscopus occipitalis,Western Crowned Warbler,0.6425,psl3,2024,06,03,05
549.0,552.0,Protonotaria citrea,Prothonotary Warbler,0.5964,psl3,2024,06,03,05
552.0,555.0,Phylloscopus occipitalis,Western Crowned Warbler,0.7144,psl3,2024,06,03,05
567.0,570.0,Phylloscopus occipitalis,Western Crowned Warbler,0.7908,psl3,2024,06,03,05
582.0,585.0,Phylloscopus occipitalis,Western Crowned Warbler,0.6058,psl3,2024,06,03,05
588.0,591.0,Phylloscopus occipitalis,Western Crowned Warbler,0.8964,psl3,2024,06,03,05
591.0,594.0,Phylloscopus occipitalis,Western Crowned Warbler,0.5984,psl3,2024,06,03,05
594.0,597.0,Phylloscopus occipitalis,Western Crowned Warbler,0.5801,psl3,2024,06,03,05
597.0,600.0,Phylloscopus occipitalis,Western Crowned Warbler,0.6834,psl3,2024,06,03,05
603.0,606.0,Phylloscopus occipitalis,Western Crowned Warbler,0.8373,psl3,2024,06,03,05
606.0,609.0,Phylloscopus occipitalis,Western Crowned Warbler,0.6301,psl3,2024,06,03,05
612.0,615.0,Phylloscopus occipitalis,Western Crowned Warbler,0.9361,psl3,2024,06,03,05
612.0,615.0,Cinnyris asiaticus,Purple Sunbird,0.5158,psl3,2024,06,03,05
615.0,618.0,Phylloscopus occipitalis,Western Crowned Warbler,0.9458,psl3,2024,06,03,05
618.0,621.0,Phylloscopus occipitalis,Western Crowned Warbler,0.9344,psl3,2024,06,03,05
621.0,624.0,Phylloscopus occipitalis,Western Crowned Warbler,0.739,psl3,2024,06,03,05
624.0,627.0,Phylloscopus reguloides,Blyth's Leaf Warbler,0.5489,psl3,2024,06,03,05
633.0,636.0,Phylloscopus occipitalis,Western Crowned Warbler,0.7156,psl3,2024,06,03,05
651.0,654.0,Phylloscopus occipitalis,Western Crowned Warbler,0.5603,psl3,2024,06,03,05
654.0,657.0,Phylloscopus tytleri,Tytler's Leaf Warbler,0.6459,psl3,2024,06,03,05
660.0,663.0,Phylloscopus occipitalis,Western Crowned Warbler,0.9599,psl3,2024,06,03,05
693.0,696.0,Phylloscopus occipitalis,Western Crowned Warbler,0.6375,psl3,2024,06,03,05
693.0,696.0,Phylloscopus tytleri,Tytler's Leaf Warbler,0.5709,psl3,2024,06,03,05
696.0,699.0,Phylloscopus occipitalis,Western Crowned Warbler,0.7446,psl3,2024,06,03,05
711.0,714.0,Phylloscopus occipitalis,Western Crowned Warbler,0.5714,psl3,2024,06,03,05
723.0,726.0,Phylloscopus occipitalis,Western Crowned Warbler,0.5848,psl3,2024,06,03,05
735.0,738.0,Phylloscopus tytleri,Tytler's Leaf Warbler,0.5608,psl3,2024,06,03,05
741.0,744.0,Phylloscopus occipitalis,Western Crowned Warbler,0.7453,psl3,2024,06,03,05
741.0,744.0,Phylloscopus tytleri,Tytler's Leaf Warbler,0.6972,psl3,2024,06,03,05
744.0,747.0,Phylloscopus occipitalis,Western Crowned Warbler,0.9554,psl3,2024,06,03,05
753.0,756.0,Phylloscopus occipitalis,Western Crowned Warbler,0.5836,psl3,2024,06,03,05
762.0,765.0,Phylloscopus occipitalis,Western Crowned Warbler,0.546,psl3,2024,06,03,05
783.0,786.0,Phylloscopus tytleri,Tytler's Leaf Warbler,0.9042,psl3,2024,06,03,05
789.0,792.0,Phylloscopus occipitalis,Western Crowned Warbler,0.6491,psl3,2024,06,03,05
801.0,804.0,Phylloscopus occipitalis,Western Crowned Warbler,0.6804,psl3,2024,06,03,05
819.0,822.0,Phylloscopus tytleri,Tytler's Leaf Warbler,0.6201,psl3,2024,06,03,05
825.0,828.0,Phylloscopus tytleri,Tytler's Leaf Warbler,0.6849,psl3,2024,06,03,05
825.0,828.0,Phylloscopus occipitalis,Western Crowned Warbler,0.5614,psl3,2024,06,03,05
828.0,831.0,Phylloscopus occipitalis,Western Crowned Warbler,0.7552,psl3,2024,06,03,05
828.0,831.0,Phylloscopus tytleri,Tytler's Leaf Warbler,0.7394,psl3,2024,06,03,05
831.0,834.0,Phylloscopus tytleri,Tytler's Leaf Warbler,0.6774,psl3,2024,06,03,05
837.0,840.0,Phylloscopus occipitalis,Western Crowned Warbler,0.6606,psl3,2024,06,03,05
846.0,849.0,Phylloscopus occipitalis,Western Crowned Warbler,0.9637,psl3,2024,06,03,05
876.0,879.0,Phylloscopus tytleri,Tytler's Leaf Warbler,0.5229,psl3,2024,06,03,05
879.0,882.0,Phylloscopus occipitalis,Western Crowned Warbler,0.8716,psl3,2024,06,03,05
885.0,888.0,Phylloscopus occipitalis,Western Crowned Warbler,0.7832,psl3,2024,06,03,05
885.0,888.0,Phylloscopus tytleri,Tytler's Leaf Warbler,0.7046,psl3,2024,06,03,05
891.0,894.0,Phylloscopus occipitalis,Western Crowned Warbler,0.8375,psl3,2024,06,03,05
891.0,894.0,Phylloscopus tytleri,Tytler's Leaf Warbler,0.725,psl3,2024,06,03,05
204.0,207.0,Basileuterus rufifrons,Rufous-capped Warbler,0.5044,psl3,2024,06,03,06
510.0,513.0,Phylloscopus nitidus,Green Warbler,0.8651,psl3,2024,06,03,06
540.0,543.0,Phylloscopus reguloides,Blyth's Leaf Warbler,0.6221,psl3,2024,06,03,06
546.0,549.0,Phylloscopus nitidus,Green Warbler,0.5295,psl3,2024,06,03,06
597.0,600.0,Phylloscopus tytleri,Tytler's Leaf Warbler,0.5902,psl3,2024,06,03,06
618.0,621.0,Larvivora brunnea,Indian Blue Robin,0.5035,psl3,2024,06,03,06
627.0,630.0,Larvivora brunnea,Indian Blue Robin,0.5274,psl3,2024,06,03,06
645.0,648.0,Phylloscopus nitidus,Green Warbler,0.5216,psl3,2024,06,03,06
684.0,687.0,Phylloscopus nitidus,Green Warbler,0.6301,psl3,2024,06,03,06
804.0,807.0,Phylloscopus nitidus,Green Warbler,0.6029,psl3,2024,06,03,06
879.0,882.0,Larvivora brunnea,Indian Blue Robin,0.7983,psl3,2024,06,03,06
156.0,159.0,Cardellina pusilla,Wilson's Warbler,0.517,psl3,2024,06,03,07
312.0,315.0,Basileuterus rufifrons,Rufous-capped Warbler,0.6596,psl3,2024,06,03,07
330.0,333.0,Phylloscopus nitidus,Green Warbler,0.5188,psl3,2024,06,03,07
456.0,459.0,Larvivora brunnea,Indian Blue Robin,0.5933,psl3,2024,06,03,07
501.0,504.0,Anaxyrus terrestris,Southern Toad,0.5165,psl3,2024,06,03,07
672.0,675.0,Larvivora brunnea,Indian Blue Robin,0.9386,psl3,2024,06,03,07
705.0,708.0,Larvivora brunnea,Indian Blue Robin,0.8872,psl3,2024,06,03,07
756.0,759.0,Larvivora brunnea,Indian Blue Robin,0.9834,psl3,2024,06,03,07
801.0,804.0,Larvivora brunnea,Indian Blue Robin,0.6623,psl3,2024,06,03,07
852.0,855.0,Larvivora brunnea,Indian Blue Robin,0.5432,psl3,2024,06,03,07
0.0,3.0,Phylloscopus occipitalis,Western Crowned Warbler,0.8622,psl3,2024,06,04,05
3.0,6.0,Phylloscopus occipitalis,Western Crowned Warbler,0.9526,psl3,2024,06,04,05
3.0,6.0,Phylloscopus tytleri,Tytler's Leaf Warbler,0.6375,psl3,2024,06,04,05
15.0,18.0,Phylloscopus occipitalis,Western Crowned Warbler,0.7089,psl3,2024,06,04,05
18.0,21.0,Phylloscopus occipitalis,Western Crowned Warbler,0.5191,psl3,2024,06,04,05
33.0,36.0,Phylloscopus occipitalis,Western Crowned Warbler,0.6371,psl3,2024,06,04,05
45.0,48.0,Phylloscopus occipitalis,Western Crowned Warbler,0.57,psl3,2024,06,04,05
51.0,54.0,Phylloscopus occipitalis,Western Crowned Warbler,0.501,psl3,2024,06,04,05
63.0,66.0,Phylloscopus occipitalis,Western Crowned Warbler,0.7191,psl3,2024,06,04,05
66.0,69.0,Protonotaria citrea,Prothonotary Warbler,0.5238,psl3,2024,06,04,05
69.0,72.0,Phylloscopus occipitalis,Western Crowned Warbler,0.9152,psl3,2024,06,04,05
72.0,75.0,Protonotaria citrea,Prothonotary Warbler,0.7237,psl3,2024,06,04,05
75.0,78.0,Phylloscopus occipitalis,Western Crowned Warbler,0.5671,psl3,2024,06,04,05
78.0,81.0,Phylloscopus occipitalis,Western Crowned Warbler,0.5836,psl3,2024,06,04,05
84.0,87.0,Phylloscopus occipitalis,Western Crowned Warbler,0.8953,psl3,2024,06,04,05
87.0,90.0,Phylloscopus occipitalis,Western Crowned Warbler,0.8268,psl3,2024,06,04,05
90.0,93.0,Protonotaria citrea,Prothonotary Warbler,0.9499,psl3,2024,06,04,05
90.0,93.0,Phylloscopus occipitalis,Western Crowned Warbler,0.7914,psl3,2024,06,04,05
93.0,96.0,Phylloscopus occipitalis,Western Crowned Warbler,0.8091,psl3,2024,06,04,05
96.0,99.0,Phylloscopus occipitalis,Western Crowned Warbler,0.8696,psl3,2024,06,04,05
117.0,120.0,Phylloscopus occipitalis,Western Crowned Warbler,0.7059,psl3,2024,06,04,05
132.0,135.0,Phylloscopus occipitalis,Western Crowned Warbler,0.5913,psl3,2024,06,04,05
153.0,156.0,Phylloscopus occipitalis,Western Crowned Warbler,0.639,psl3,2024,06,04,05
156.0,159.0,Phylloscopus tytleri,Tytler's Leaf Warbler,0.5671,psl3,2024,06,04,05
249.0,252.0,Phylloscopus occipitalis,Western Crowned Warbler,0.774,psl3,2024,06,04,05
252.0,255.0,Cinnyris asiaticus,Purple Sunbird,0.5152,psl3,2024,06,04,05
255.0,258.0,Phylloscopus occipitalis,Western Crowned Warbler,0.7338,psl3,2024,06,04,05
258.0,261.0,Phylloscopus occipitalis,Western Crowned Warbler,0.5036,psl3,2024,06,04,05
264.0,267.0,Phylloscopus tytleri,Tytler's Leaf Warbler,0.5604,psl3,2024,06,04,05
276.0,279.0,Phylloscopus occipitalis,Western Crowned Warbler,0.9206,psl3,2024,06,04,05
282.0,285.0,Phylloscopus occipitalis,Western Crowned Warbler,0.5738,psl3,2024,06,04,05
294.0,297.0,Protonotaria citrea,Prothonotary Warbler,0.7201,psl3,2024,06,04,05
300.0,303.0,Phylloscopus occipitalis,Western Crowned Warbler,0.8,psl3,2024,06,04,05
306.0,309.0,Phylloscopus occipitalis,Western Crowned Warbler,0.8279,psl3,2024,06,04,05
309.0,312.0,Phylloscopus occipitalis,Western Crowned Warbler,0.7272,psl3,2024,06,04,05
312.0,315.0,Phylloscopus occipitalis,Western Crowned Warbler,0.5103,psl3,2024,06,04,05
315.0,318.0,Phylloscopus occipitalis,Western Crowned Warbler,0.8143,psl3,2024,06,04,05
318.0,321.0,Phylloscopus occipitalis,Western Crowned Warbler,0.6974,psl3,2024,06,04,05
324.0,327.0,Phylloscopus occipitalis,Western Crowned Warbler,0.8726,psl3,2024,06,04,05
327.0,330.0,Phylloscopus occipitalis,Western Crowned Warbler,0.5711,psl3,2024,06,04,05
336.0,339.0,Phylloscopus occipitalis,Western Crowned Warbler,0.5709,psl3,2024,06,04,05
342.0,345.0,Phylloscopus occipitalis,Western Crowned Warbler,0.6386,psl3,2024,06,04,05
345.0,348.0,Phylloscopus tytleri,Tytler's Leaf Warbler,0.5353,psl3,2024,06,04,05
360.0,363.0,Phylloscopus occipitalis,Western Crowned Warbler,0.5929,psl3,2024,06,04,05
363.0,366.0,Phylloscopus occipitalis,Western Crowned Warbler,0.5769,psl3,2024,06,04,05
366.0,369.0,Phylloscopus tytleri,Tytler's Leaf Warbler,0.5117,psl3,2024,06,04,05
372.0,375.0,Protonotaria citrea,Prothonotary Warbler,0.6002,psl3,2024,06,04,05
384.0,387.0,Protonotaria citrea,Prothonotary Warbler,0.5225,psl3,2024,06,04,05
396.0,399.0,Phylloscopus occipitalis,Western Crowned Warbler,0.5169,psl3,2024,06,04,05
402.0,405.0,Protonotaria citrea,Prothonotary Warbler,0.5145,psl3,2024,06,04,05
417.0,420.0,Phylloscopus tytleri,Tytler's Leaf Warbler,0.5651,psl3,2024,06,04,05
420.0,423.0,Phylloscopus occipitalis,Western Crowned Warbler,0.5688,psl3,2024,06,04,05
426.0,429.0,Protonotaria citrea,Prothonotary Warbler,0.5734,psl3,2024,06,04,05
441.0,444.0,Phylloscopus occipitalis,Western Crowned Warbler,0.5978,psl3,2024,06,04,05
456.0,459.0,Phylloscopus occipitalis,Western Crowned Warbler,0.5717,psl3,2024,06,04,05
468.0,471.0,Protonotaria citrea,Prothonotary Warbler,0.5647,psl3,2024,06,04,05
477.0,480.0,Phylloscopus tytleri,Tytler's Leaf Warbler,0.6867,psl3,2024,06,04,05
483.0,486.0,Protonotaria citrea,Prothonotary Warbler,0.6653,psl3,2024,06,04,05
492.0,495.0,Protonotaria citrea,Prothonotary Warbler,0.6415,psl3,2024,06,04,05
519.0,522.0,Phylloscopus occipitalis,Western Crowned Warbler,0.5035,psl3,2024,06,04,05
555.0,558.0,Protonotaria citrea,Prothonotary Warbler,0.7269,psl3,2024,06,04,05
573.0,576.0,Protonotaria citrea,Prothonotary Warbler,0.6137,psl3,2024,06,04,05
678.0,681.0,Phylloscopus tytleri,Tytler's Leaf Warbler,0.6739,psl3,2024,06,04,05
684.0,687.0,Phylloscopus tytleri,Tytler's Leaf Warbler,0.5492,psl3,2024,06,04,05
693.0,696.0,Protonotaria citrea,Prothonotary Warbler,0.5901,psl3,2024,06,04,05
696.0,699.0,Phylloscopus tytleri,Tytler's Leaf Warbler,0.5737,psl3,2024,06,04,05
702.0,705.0,Phylloscopus occipitalis,Western Crowned Warbler,0.8954,psl3,2024,06,04,05
702.0,705.0,Phylloscopus tytleri,Tytler's Leaf Warbler,0.6991,psl3,2024,06,04,05
711.0,714.0,Phylloscopus occipitalis,Western Crowned Warbler,0.5947,psl3,2024,06,04,05
732.0,735.0,Phylloscopus tytleri,Tytler's Leaf Warbler,0.6771,psl3,2024,06,04,05
741.0,744.0,Phylloscopus tytleri,Tytler's Leaf Warbler,0.8859,psl3,2024,06,04,05
750.0,753.0,Phylloscopus occipitalis,Western Crowned Warbler,0.6482,psl3,2024,06,04,05
765.0,768.0,Phylloscopus occipitalis,Western Crowned Warbler,0.619,psl3,2024,06,04,05
780.0,783.0,Phylloscopus tytleri,Tytler's Leaf Warbler,0.5703,psl3,2024,06,04,05
786.0,789.0,Phylloscopus tytleri,Tytler's Leaf Warbler,0.6945,psl3,2024,06,04,05
786.0,789.0,Phylloscopus occipitalis,Western Crowned Warbler,0.5179,psl3,2024,06,04,05
789.0,792.0,Phylloscopus occipitalis,Western Crowned Warbler,0.6567,psl3,2024,06,04,05
792.0,795.0,Phylloscopus occipitalis,Western Crowned Warbler,0.8518,psl3,2024,06,04,05
801.0,804.0,Protonotaria citrea,Prothonotary Warbler,0.8282,psl3,2024,06,04,05
804.0,807.0,Phylloscopus occipitalis,Western Crowned Warbler,0.6783,psl3,2024,06,04,05
807.0,810.0,Protonotaria citrea,Prothonotary Warbler,0.6602,psl3,2024,06,04,05
807.0,810.0,Phylloscopus occipitalis,Western Crowned Warbler,0.5866,psl3,2024,06,04,05
810.0,813.0,Phylloscopus occipitalis,Western Crowned Warbler,0.8863,psl3,2024,06,04,05
813.0,816.0,Phylloscopus occipitalis,Western Crowned Warbler,0.6208,psl3,2024,06,04,05
825.0,828.0,Phylloscopus occipitalis,Western Crowned Warbler,0.7855,psl3,2024,06,04,05
834.0,837.0,Phylloscopus occipitalis,Western Crowned Warbler,0.5106,psl3,2024,06,04,05
837.0,840.0,Phylloscopus occipitalis,Western Crowned Warbler,0.7401,psl3,2024,06,04,05
846.0,849.0,Phylloscopus occipitalis,Western Crowned Warbler,0.5725,psl3,2024,06,04,05
849.0,852.0,Phylloscopus occipitalis,Western Crowned Warbler,0.5918,psl3,2024,06,04,05
852.0,855.0,Phylloscopus tytleri,Tytler's Leaf Warbler,0.6936,psl3,2024,06,04,05
855.0,858.0,Phylloscopus occipitalis,Western Crowned Warbler,0.684,psl3,2024,06,04,05
858.0,861.0,Phylloscopus occipitalis,Western Crowned Warbler,0.7242,psl3,2024,06,04,05
867.0,870.0,Phylloscopus occipitalis,Western Crowned Warbler,0.6428,psl3,2024,06,04,05
870.0,873.0,Phylloscopus occipitalis,Western Crowned Warbler,0.6441,psl3,2024,06,04,05
873.0,876.0,Phylloscopus occipitalis,Western Crowned Warbler,0.898,psl3,2024,06,04,05
876.0,879.0,Phylloscopus occipitalis,Western Crowned Warbler,0.5382,psl3,2024,06,04,05
882.0,885.0,Phylloscopus occipitalis,Western Crowned Warbler,0.5123,psl3,2024,06,04,05
894.0,897.0,Phylloscopus occipitalis,Western Crowned Warbler,0.6578,psl3,2024,06,04,05
6.0,9.0,Haemorhous purpureus,Purple Finch,0.5025,psl3,2024,06,04,06
69.0,72.0,Protonotaria citrea,Prothonotary Warbler,0.7018,psl3,2024,06,04,06
156.0,159.0,Phylloscopus nitidus,Green Warbler,0.5718,psl3,2024,06,04,06
297.0,300.0,Phylloscopus reguloides,Blyth's Leaf Warbler,0.6091,psl3,2024,06,04,06
312.0,315.0,Phylloscopus nitidus,Green Warbler,0.6151,psl3,2024,06,04,06
561.0,564.0,Chordeiles minor,Common Nighthawk,0.821,psl3,2024,06,04,06
630.0,633.0,Carpodacus erythrinus,Common Rosefinch,0.8055,psl3,2024,06,04,06
633.0,636.0,Carpodacus erythrinus,Common Rosefinch,0.8208,psl3,2024,06,04,06
651.0,654.0,Carpodacus erythrinus,Common Rosefinch,0.709,psl3,2024,06,04,06
669.0,672.0,Carpodacus erythrinus,Common Rosefinch,0.6118,psl3,2024,06,04,06
675.0,678.0,Carpodacus erythrinus,Common Rosefinch,0.5093,psl3,2024,06,04,06
681.0,684.0,Phylloscopus occipitalis,Western Crowned Warbler,0.6323,psl3,2024,06,04,06
681.0,684.0,Phylloscopus tytleri,Tytler's Leaf Warbler,0.5742,psl3,2024,06,04,06
687.0,690.0,Carpodacus erythrinus,Common Rosefinch,0.8952,psl3,2024,06,04,06
690.0,693.0,Carpodacus erythrinus,Common Rosefinch,0.5745,psl3,2024,06,04,06
696.0,699.0,Carpodacus erythrinus,Common Rosefinch,0.7236,psl3,2024,06,04,06
699.0,702.0,Carpodacus erythrinus,Common Rosefinch,0.915,psl3,2024,06,04,06
705.0,708.0,Carpodacus erythrinus,Common Rosefinch,0.5526,psl3,2024,06,04,06
708.0,711.0,Carpodacus erythrinus,Common Rosefinch,0.6515,psl3,2024,06,04,06
723.0,726.0,Phylloscopus occipitalis,Western Crowned Warbler,0.5774,psl3,2024,06,04,06
735.0,738.0,Phylloscopus tytleri,Tytler's Leaf Warbler,0.515,psl3,2024,06,04,06
795.0,798.0,Carpodacus erythrinus,Common Rosefinch,0.5624,psl3,2024,06,04,06
66.0,69.0,Larvivora brunnea,Indian Blue Robin,0.8343,psl3,2024,06,04,07
114.0,117.0,Larvivora brunnea,Indian Blue Robin,0.9438,psl3,2024,06,04,07
129.0,132.0,Larvivora brunnea,Indian Blue Robin,0.739,psl3,2024,06,04,07
156.0,159.0,Larvivora brunnea,Indian Blue Robin,0.8818,psl3,2024,06,04,07
168.0,171.0,Larvivora brunnea,Indian Blue Robin,0.8269,psl3,2024,06,04,07
177.0,180.0,Larvivora brunnea,Indian Blue Robin,0.7226,psl3,2024,06,04,07
300.0,303.0,Anaxyrus terrestris,Southern Toad,0.6868,psl3,2024,06,04,07
339.0,342.0,Anaxyrus terrestris,Southern Toad,0.5486,psl3,2024,06,04,07
633.0,636.0,Anaxyrus terrestris,Southern Toad,0.5333,psl3,2024,06,04,07
708.0,711.0,Catharus bicknelli,Bicknell's Thrush,0.5311,psl3,2024,06,04,07
717.0,720.0,Chordeiles minor,Common Nighthawk,0.8103,psl3,2024,06,04,07
42.0,45.0,Protonotaria citrea,Prothonotary Warbler,0.5895,psl3,2024,06,05,05
54.0,57.0,Protonotaria citrea,Prothonotary Warbler,0.6039,psl3,2024,06,05,05
66.0,69.0,Phylloscopus occipitalis,Western Crowned Warbler,0.7166,psl3,2024,06,05,05
69.0,72.0,Phylloscopus occipitalis,Western Crowned Warbler,0.9514,psl3,2024,06,05,05
72.0,75.0,Protonotaria citrea,Prothonotary Warbler,0.5771,psl3,2024,06,05,05
75.0,78.0,Phylloscopus occipitalis,Western Crowned Warbler,0.9364,psl3,2024,06,05,05
78.0,81.0,Phylloscopus occipitalis,Western Crowned Warbler,0.8897,psl3,2024,06,05,05
81.0,84.0,Phylloscopus occipitalis,Western Crowned Warbler,0.9844,psl3,2024,06,05,05
81.0,84.0,Protonotaria citrea,Prothonotary Warbler,0.6496,psl3,2024,06,05,05
84.0,87.0,Phylloscopus occipitalis,Western Crowned Warbler,0.9353,psl3,2024,06,05,05
87.0,90.0,Phylloscopus occipitalis,Western Crowned Warbler,0.7407,psl3,2024,06,05,05
90.0,93.0,Phylloscopus occipitalis,Western Crowned Warbler,0.7249,psl3,2024,06,05,05
90.0,93.0,Phylloscopus reguloides,Blyth's Leaf Warbler,0.5249,psl3,2024,06,05,05
96.0,99.0,Phylloscopus occipitalis,Western Crowned Warbler,0.7098,psl3,2024,06,05,05
111.0,114.0,Protonotaria citrea,Prothonotary Warbler,0.5894,psl3,2024,06,05,05
147.0,150.0,Protonotaria citrea,Prothonotary Warbler,0.5783,psl3,2024,06,05,05
171.0,174.0,Phylloscopus tytleri,Tytler's Leaf Warbler,0.6913,psl3,2024,06,05,05
174.0,177.0,Phylloscopus tytleri,Tytler's Leaf Warbler,0.8034,psl3,2024,06,05,05
186.0,189.0,Phylloscopus occipitalis,Western Crowned Warbler,0.5485,psl3,2024,06,05,05
192.0,195.0,Phylloscopus occipitalis,Western Crowned Warbler,0.8814,psl3,2024,06,05,05
192.0,195.0,Protonotaria citrea,Prothonotary Warbler,0.8225,psl3,2024,06,05,05
213.0,216.0,Phylloscopus occipitalis,Western Crowned Warbler,0.805,psl3,2024,06,05,05
216.0,219.0,Phylloscopus occipitalis,Western Crowned Warbler,0.9074,psl3,2024,06,05,05
216.0,219.0,Protonotaria citrea,Prothonotary Warbler,0.527,psl3,2024,06,05,05
222.0,225.0,Phylloscopus occipitalis,Western Crowned Warbler,0.6985,psl3,2024,06,05,05
225.0,228.0,Phylloscopus occipitalis,Western Crowned Warbler,0.9559,psl3,2024,06,05,05
225.0,228.0,Protonotaria citrea,Prothonotary Warbler,0.5719,psl3,2024,06,05,05
240.0,243.0,Phylloscopus occipitalis,Western Crowned Warbler,0.5947,psl3,2024,06,05,05
243.0,246.0,Phylloscopus occipitalis,Western Crowned Warbler,0.8552,psl3,2024,06,05,05
249.0,252.0,Phylloscopus occipitalis,Western Crowned Warbler,0.9056,psl3,2024,06,05,05
255.0,258.0,Phylloscopus tytleri,Tytler's Leaf Warbler,0.6536,psl3,2024,06,05,05
255.0,258.0,Phylloscopus occipitalis,Western Crowned Warbler,0.5613,psl3,2024,06,05,05
264.0,267.0,Phylloscopus occipitalis,Western Crowned Warbler,0.5751,psl3,2024,06,05,05
267.0,270.0,Protonotaria citrea,Prothonotary Warbler,0.5618,psl3,2024,06,05,05
279.0,282.0,Phylloscopus occipitalis,Western Crowned Warbler,0.9115,psl3,2024,06,05,05
285.0,288.0,Phylloscopus occipitalis,Western Crowned Warbler,0.6322,psl3,2024,06,05,05
285.0,288.0,Phylloscopus tytleri,Tytler's Leaf Warbler,0.565,psl3,2024,06,05,05
288.0,291.0,Phylloscopus occipitalis,Western Crowned Warbler,0.6246,psl3,2024,06,05,05
291.0,294.0,Phylloscopus occipitalis,Western Crowned Warbler,0.7636,psl3,2024,06,05,05
297.0,300.0,Protonotaria citrea,Prothonotary Warbler,0.5059,psl3,2024,06,05,05
297.0,300.0,Phylloscopus occipitalis,Western Crowned Warbler,0.5051,psl3,2024,06,05,05
312.0,315.0,Phylloscopus occipitalis,Western Crowned Warbler,0.6457,psl3,2024,06,05,05
315.0,318.0,Phylloscopus occipitalis,Western Crowned Warbler,0.8743,psl3,2024,06,05,05
324.0,327.0,Phylloscopus occipitalis,Western Crowned Warbler,0.9806,psl3,2024,06,05,05
336.0,339.0,Phylloscopus occipitalis,Western Crowned Warbler,0.6783,psl3,2024,06,05,05
348.0,351.0,Phylloscopus occipitalis,Western Crowned Warbler,0.5173,psl3,2024,06,05,05
357.0,360.0,Phylloscopus occipitalis,Western Crowned Warbler,0.9008,psl3,2024,06,05,05
375.0,378.0,Phylloscopus occipitalis,Western Crowned Warbler,0.6604,psl3,2024,06,05,05
378.0,381.0,Protonotaria citrea,Prothonotary Warbler,0.8902,psl3,2024,06,05,05
378.0,381.0,Phylloscopus occipitalis,Western Crowned Warbler,0.5658,psl3,2024,06,05,05
381.0,384.0,Phylloscopus occipitalis,Western Crowned Warbler,0.7348,psl3,2024,06,05,05
393.0,396.0,Phylloscopus occipitalis,Western Crowned Warbler,0.5308,psl3,2024,06,05,05
396.0,399.0,Phylloscopus occipitalis,Western Crowned Warbler,0.5802,psl3,2024,06,05,05
405.0,408.0,Phylloscopus occipitalis,Western Crowned Warbler,0.6613,psl3,2024,06,05,05
414.0,417.0,Phylloscopus occipitalis,Western Crowned Warbler,0.7638,psl3,2024,06,05,05
423.0,426.0,Phylloscopus occipitalis,Western Crowned Warbler,0.805,psl3,2024,06,05,05
426.0,429.0,Phylloscopus occipitalis,Western Crowned Warbler,0.9239,psl3,2024,06,05,05
429.0,432.0,Protonotaria citrea,Prothonotary Warbler,0.8525,psl3,2024,06,05,05
438.0,441.0,Phylloscopus occipitalis,Western Crowned Warbler,0.7849,psl3,2024,06,05,05
438.0,441.0,Protonotaria citrea,Prothonotary Warbler,0.6463,psl3,2024,06,05,05
441.0,444.0,Phylloscopus occipitalis,Western Crowned Warbler,0.8515,psl3,2024,06,05,05
447.0,450.0,Phylloscopus occipitalis,Western Crowned Warbler,0.8851,psl3,2024,06,05,05
453.0,456.0,Phylloscopus tytleri,Tytler's Leaf Warbler,0.5863,psl3,2024,06,05,05
537.0,540.0,Phylloscopus occipitalis,Western Crowned Warbler,0.7373,psl3,2024,06,05,05
543.0,546.0,Phylloscopus occipitalis,Western Crowned Warbler,0.5363,psl3,2024,06,05,05
573.0,576.0,Phylloscopus occipitalis,Western Crowned Warbler,0.833,psl3,2024,06,05,05
576.0,579.0,Protonotaria citrea,Prothonotary Warbler,0.6645,psl3,2024,06,05,05
591.0,594.0,Phylloscopus occipitalis,Western Crowned Warbler,0.5411,psl3,2024,06,05,05
621.0,624.0,Phylloscopus tytleri,Tytler's Leaf Warbler,0.6941,psl3,2024,06,05,05
651.0,654.0,Phylloscopus occipitalis,Western Crowned Warbler,0.5366,psl3,2024,06,05,05
672.0,675.0,Phylloscopus occipitalis,Western Crowned Warbler,0.5718,psl3,2024,06,05,05
675.0,678.0,Phylloscopus occipitalis,Western Crowned Warbler,0.6501,psl3,2024,06,05,05
684.0,687.0,Phylloscopus occipitalis,Western Crowned Warbler,0.8375,psl3,2024,06,05,05
693.0,696.0,Protonotaria citrea,Prothonotary Warbler,0.6912,psl3,2024,06,05,05
699.0,702.0,Protonotaria citrea,Prothonotary Warbler,0.9277,psl3,2024,06,05,05
708.0,711.0,Protonotaria citrea,Prothonotary Warbler,0.5943,psl3,2024,06,05,05
765.0,768.0,Phylloscopus occipitalis,Western Crowned Warbler,0.6642,psl3,2024,06,05,05
765.0,768.0,Phylloscopus tytleri,Tytler's Leaf Warbler,0.551,psl3,2024,06,05,05
771.0,774.0,Phylloscopus tytleri,Tytler's Leaf Warbler,0.5911,psl3,2024,06,05,05
780.0,783.0,Protonotaria citrea,Prothonotary Warbler,0.6567,psl3,2024,06,05,05
843.0,846.0,Protonotaria citrea,Prothonotary Warbler,0.8069,psl3,2024,06,05,05
846.0,849.0,Protonotaria citrea,Prothonotary Warbler,0.787,psl3,2024,06,05,05
861.0,864.0,Phylloscopus occipitalis,Western Crowned Warbler,0.6566,psl3,2024,06,05,05
879.0,882.0,Phylloscopus occipitalis,Western Crowned Warbler,0.6113,psl3,2024,06,05,05
888.0,891.0,Phylloscopus occipitalis,Western Crowned Warbler,0.9018,psl3,2024,06,05,05
891.0,894.0,Phylloscopus occipitalis,Western Crowned Warbler,0.8702,psl3,2024,06,05,05
897.0,900.0,Phylloscopus occipitalis,Western Crowned Warbler,0.7458,psl3,2024,06,05,05
15.0,18.0,Protonotaria citrea,Prothonotary Warbler,0.5412,psl3,2024,06,05,06
45.0,48.0,Vireo altiloquus,Black-whiskered Vireo,0.8516,psl3,2024,06,05,06
60.0,63.0,Phylloscopus occipitalis,Western Crowned Warbler,0.6005,psl3,2024,06,05,06
63.0,66.0,Phylloscopus occipitalis,Western Crowned Warbler,0.757,psl3,2024,06,05,06
78.0,81.0,Phylloscopus occipitalis,Western Crowned Warbler,0.9187,psl3,2024,06,05,06
123.0,126.0,Phylloscopus occipitalis,Western Crowned Warbler,0.6111,psl3,2024,06,05,06
216.0,219.0,Protonotaria citrea,Prothonotary Warbler,0.8105,psl3,2024,06,05,06
222.0,225.0,Basileuterus rufifrons,Rufous-capped Warbler,0.7934,psl3,2024,06,05,06
225.0,228.0,Protonotaria citrea,Prothonotary Warbler,0.6028,psl3,2024,06,05,06
255.0,258.0,Phylloscopus occipitalis,Western Crowned Warbler,0.7704,psl3,2024,06,05,06
255.0,258.0,Phylloscopus reguloides,Blyth's Leaf Warbler,0.5848,psl3,2024,06,05,06
264.0,267.0,Phylloscopus occipitalis,Western Crowned Warbler,0.7765,psl3,2024,06,05,06
276.0,279.0,Phylloscopus occipitalis,Western Crowned Warbler,0.9071,psl3,2024,06,05,06
279.0,282.0,Phylloscopus occipitalis,Western Crowned Warbler,0.9799,psl3,2024,06,05,06
288.0,291.0,Phylloscopus occipitalis,Western Crowned Warbler,0.9206,psl3,2024,06,05,06
291.0,294.0,Phylloscopus occipitalis,Western Crowned Warbler,0.6335,psl3,2024,06,05,06
330.0,333.0,Phylloscopus occipitalis,Western Crowned Warbler,0.886,psl3,2024,06,05,06
333.0,336.0,Protonotaria citrea,Prothonotary Warbler,0.5218,psl3,2024,06,05,06
342.0,345.0,Phylloscopus occipitalis,Western Crowned Warbler,0.6848,psl3,2024,06,05,06
351.0,354.0,Phylloscopus occipitalis,Western Crowned Warbler,0.694,psl3,2024,06,05,06
363.0,366.0,Phylloscopus occipitalis,Western Crowned Warbler,0.6741,psl3,2024,06,05,06
375.0,378.0,Phylloscopus occipitalis,Western Crowned Warbler,0.9357,psl3,2024,06,05,06
381.0,384.0,Haemorhous purpureus,Purple Finch,0.5219,psl3,2024,06,05,06
450.0,453.0,Phylloscopus occipitalis,Western Crowned Warbler,0.5552,psl3,2024,06,05,06
468.0,471.0,Phylloscopus reguloides,Blyth's Leaf Warbler,0.5299,psl3,2024,06,05,06
489.0,492.0,Phoenicurus frontalis,Blue-fronted Redstart,0.687,psl3,2024,06,05,06
498.0,501.0,Pheugopedius rutilus,Rufous-breasted Wren,0.5379,psl3,2024,06,05,06
630.0,633.0,Trochalopteron variegatum,Variegated Laughingthrush,0.6146,psl3,2024,06,05,06
636.0,639.0,Phylloscopus nitidus,Green Warbler,0.5131,psl3,2024,06,05,06
42.0,45.0,Trochalopteron variegatum,Variegated Laughingthrush,0.7087,psl3,2024,06,05,07
54.0,57.0,Protonotaria citrea,Prothonotary Warbler,0.6119,psl3,2024,06,05,07
585.0,588.0,Trochalopteron variegatum,Variegated Laughingthrush,0.8483,psl3,2024,06,05,07
588.0,591.0,Trochalopteron variegatum,Variegated Laughingthrush,0.5743,psl3,2024,06,05,07
591.0,594.0,Trochalopteron variegatum,Variegated Laughingthrush,0.7752,psl3,2024,06,05,07
660.0,663.0,Trochalopteron variegatum,Variegated Laughingthrush,0.6847,psl3,2024,06,05,07
684.0,687.0,Trochalopteron variegatum,Variegated Laughingthrush,0.8383,psl3,2024,06,05,07
714.0,717.0,Trochalopteron variegatum,Variegated Laughingthrush,0.6821,psl3,2024,06,05,07
741.0,744.0,Trochalopteron variegatum,Variegated Laughingthrush,0.7105,psl3,2024,06,05,07
780.0,783.0,Phylloscopus reguloides,Blyth's Leaf Warbler,0.8235,psl3,2024,06,05,07
831.0,834.0,Phylloscopus nitidus,Green Warbler,0.7501,psl3,2024,06,05,07
840.0,843.0,Phylloscopus nitidus,Green Warbler,0.6768,psl3,2024,06,05,07
0.0,3.0,Phylloscopus occipitalis,Western Crowned Warbler,0.9433,psl3,2024,06,06,05
15.0,18.0,Phylloscopus occipitalis,Western Crowned Warbler,0.6917,psl3,2024,06,06,05
18.0,21.0,Parus minor,Japanese Tit,0.7505,psl3,2024,06,06,05
24.0,27.0,Phylloscopus occipitalis,Western Crowned Warbler,0.6467,psl3,2024,06,06,05
36.0,39.0,Phylloscopus occipitalis,Western Crowned Warbler,0.9563,psl3,2024,06,06,05
48.0,51.0,Phylloscopus occipitalis,Western Crowned Warbler,0.7857,psl3,2024,06,06,05
51.0,54.0,Phylloscopus occipitalis,Western Crowned Warbler,0.9914,psl3,2024,06,06,05
54.0,57.0,Phylloscopus occipitalis,Western Crowned Warbler,0.6061,psl3,2024,06,06,05
60.0,63.0,Phylloscopus occipitalis,Western Crowned Warbler,0.7215,psl3,2024,06,06,05
63.0,66.0,Phylloscopus occipitalis,Western Crowned Warbler,0.8094,psl3,2024,06,06,05
66.0,69.0,Phylloscopus occipitalis,Western Crowned Warbler,0.9906,psl3,2024,06,06,05
69.0,72.0,Phylloscopus occipitalis,Western Crowned Warbler,0.7317,psl3,2024,06,06,05
75.0,78.0,Phylloscopus occipitalis,Western Crowned Warbler,0.9475,psl3,2024,06,06,05
84.0,87.0,Phylloscopus occipitalis,Western Crowned Warbler,0.949,psl3,2024,06,06,05
90.0,93.0,Phylloscopus occipitalis,Western Crowned Warbler,0.9786,psl3,2024,06,06,05
93.0,96.0,Phylloscopus coronatus,Eastern Crowned Warbler,0.6052,psl3,2024,06,06,05
108.0,111.0,Phylloscopus occipitalis,Western Crowned Warbler,0.6666,psl3,2024,06,06,05
117.0,120.0,Phylloscopus occipitalis,Western Crowned Warbler,0.5223,psl3,2024,06,06,05
120.0,123.0,Phylloscopus occipitalis,Western Crowned Warbler,0.5272,psl3,2024,06,06,05
147.0,150.0,Protonotaria citrea,Prothonotary Warbler,0.6538,psl3,2024,06,06,05
150.0,153.0,Phylloscopus occipitalis,Western Crowned Warbler,0.9972,psl3,2024,06,06,05
150.0,153.0,Protonotaria citrea,Prothonotary Warbler,0.9452,psl3,2024,06,06,05
153.0,156.0,Phylloscopus occipitalis,Western Crowned Warbler,0.9866,psl3,2024,06,06,05
156.0,159.0,Phylloscopus occipitalis,Western Crowned Warbler,0.9928,psl3,2024,06,06,05
159.0,162.0,Phylloscopus occipitalis,Western Crowned Warbler,0.9864,psl3,2024,06,06,05
162.0,165.0,Phylloscopus occipitalis,Western Crowned Warbler,0.9638,psl3,2024,06,06,05
165.0,168.0,Phylloscopus occipitalis,Western Crowned Warbler,0.9979,psl3,2024,06,06,05
165.0,168.0,Protonotaria citrea,Prothonotary Warbler,0.7618,psl3,2024,06,06,05
168.0,171.0,Phylloscopus occipitalis,Western Crowned Warbler,0.9407,psl3,2024,06,06,05
171.0,174.0,Phylloscopus occipitalis,Western Crowned Warbler,0.984,psl3,2024,06,06,05
174.0,177.0,Phylloscopus occipitalis,Western Crowned Warbler,0.8884,psl3,2024,06,06,05
177.0,180.0,Phylloscopus occipitalis,Western Crowned Warbler,0.5961,psl3,2024,06,06,05
180.0,183.0,Phylloscopus occipitalis,Western Crowned Warbler,0.8822,psl3,2024,06,06,05
183.0,186.0,Phylloscopus occipitalis,Western Crowned Warbler,0.8626,psl3,2024,06,06,05
186.0,189.0,Phylloscopus occipitalis,Western Crowned Warbler,0.9257,psl3,2024,06,06,05
189.0,192.0,Phylloscopus occipitalis,Western Crowned Warbler,0.9663,psl3,2024,06,06,05
192.0,195.0,Phylloscopus occipitalis,Western Crowned Warbler,0.8134,psl3,2024,06,06,05
195.0,198.0,Phylloscopus occipitalis,Western Crowned Warbler,0.6083,psl3,2024,06,06,05
198.0,201.0,Phylloscopus occipitalis,Western Crowned Warbler,0.8687,psl3,2024,06,06,05
201.0,204.0,Phylloscopus occipitalis,Western Crowned Warbler,0.8375,psl3,2024,06,06,05
204.0,207.0,Phylloscopus occipitalis,Western Crowned Warbler,0.9705,psl3,2024,06,06,05
207.0,210.0,Phylloscopus occipitalis,Western Crowned Warbler,0.8279,psl3,2024,06,06,05
210.0,213.0,Phylloscopus occipitalis,Western Crowned Warbler,0.9032,psl3,2024,06,06,05
219.0,222.0,Phylloscopus occipitalis,Western Crowned Warbler,0.6091,psl3,2024,06,06,05
228.0,231.0,Phylloscopus occipitalis,Western Crowned Warbler,0.8958,psl3,2024,06,06,05
234.0,237.0,Phylloscopus occipitalis,Western Crowned Warbler,0.6728,psl3,2024,06,06,05
237.0,240.0,Phylloscopus occipitalis,Western Crowned Warbler,0.9717,psl3,2024,06,06,05
237.0,240.0,Protonotaria citrea,Prothonotary Warbler,0.9064,psl3,2024,06,06,05
249.0,252.0,Phylloscopus occipitalis,Western Crowned Warbler,0.7514,psl3,2024,06,06,05
255.0,258.0,Phylloscopus occipitalis,Western Crowned Warbler,0.9765,psl3,2024,06,06,05
258.0,261.0,Phylloscopus occipitalis,Western Crowned Warbler,0.7982,psl3,2024,06,06,05
276.0,279.0,Protonotaria citrea,Prothonotary Warbler,0.6165,psl3,2024,06,06,05
282.0,285.0,Phylloscopus occipitalis,Western Crowned Warbler,0.7981,psl3,2024,06,06,05
285.0,288.0,Phylloscopus occipitalis,Western Crowned Warbler,0.8763,psl3,2024,06,06,05
291.0,294.0,Phylloscopus occipitalis,Western Crowned Warbler,0.5268,psl3,2024,06,06,05
294.0,297.0,Phylloscopus occipitalis,Western Crowned Warbler,0.8717,psl3,2024,06,06,05
297.0,300.0,Phylloscopus occipitalis,Western Crowned Warbler,0.9065,psl3,2024,06,06,05
312.0,315.0,Phylloscopus occipitalis,Western Crowned Warbler,0.9099,psl3,2024,06,06,05
315.0,318.0,Phylloscopus occipitalis,Western Crowned Warbler,0.8654,psl3,2024,06,06,05
318.0,321.0,Phylloscopus occipitalis,Western Crowned Warbler,0.6959,psl3,2024,06,06,05
321.0,324.0,Phylloscopus occipitalis,Western Crowned Warbler,0.8096,psl3,2024,06,06,05
324.0,327.0,Phylloscopus occipitalis,Western Crowned Warbler,0.7376,psl3,2024,06,06,05
330.0,333.0,Phylloscopus occipitalis,Western Crowned Warbler,0.5362,psl3,2024,06,06,05
333.0,336.0,Phylloscopus occipitalis,Western Crowned Warbler,0.6933,psl3,2024,06,06,05
336.0,339.0,Phylloscopus occipitalis,Western Crowned Warbler,0.8197,psl3,2024,06,06,05
345.0,348.0,Phylloscopus occipitalis,Western Crowned Warbler,0.6843,psl3,2024,06,06,05
348.0,351.0,Phylloscopus occipitalis,Western Crowned Warbler,0.5457,psl3,2024,06,06,05
351.0,354.0,Phylloscopus occipitalis,Western Crowned Warbler,0.8629,psl3,2024,06,06,05
351.0,354.0,Protonotaria citrea,Prothonotary Warbler,0.5553,psl3,2024,06,06,05
357.0,360.0,Phylloscopus occipitalis,Western Crowned Warbler,0.5884,psl3,2024,06,06,05
363.0,366.0,Phylloscopus occipitalis,Western Crowned Warbler,0.8192,psl3,2024,06,06,05
366.0,369.0,Phylloscopus occipitalis,Western Crowned Warbler,0.7015,psl3,2024,06,06,05
375.0,378.0,Phylloscopus occipitalis,Western Crowned Warbler,0.739,psl3,2024,06,06,05
381.0,384.0,Phylloscopus occipitalis,Western Crowned Warbler,0.865,psl3,2024,06,06,05
390.0,393.0,Phylloscopus occipitalis,Western Crowned Warbler,0.7293,psl3,2024,06,06,05
396.0,399.0,Phylloscopus occipitalis,Western Crowned Warbler,0.81,psl3,2024,06,06,05
420.0,423.0,Phylloscopus occipitalis,Western Crowned Warbler,0.6907,psl3,2024,06,06,05
483.0,486.0,Phylloscopus coronatus,Eastern Crowned Warbler,0.6522,psl3,2024,06,06,05
522.0,525.0,Phylloscopus occipitalis,Western Crowned Warbler,0.5028,psl3,2024,06,06,05
525.0,528.0,Phylloscopus occipitalis,Western Crowned Warbler,0.5892,psl3,2024,06,06,05
528.0,531.0,Phylloscopus occipitalis,Western Crowned Warbler,0.6178,psl3,2024,06,06,05
564.0,567.0,Protonotaria citrea,Prothonotary Warbler,0.573,psl3,2024,06,06,05
582.0,585.0,Protonotaria citrea,Prothonotary Warbler,0.6847,psl3,2024,06,06,05
588.0,591.0,Protonotaria citrea,Prothonotary Warbler,0.5341,psl3,2024,06,06,05
588.0,591.0,Phylloscopus occipitalis,Western Crowned Warbler,0.5115,psl3,2024,06,06,05
612.0,615.0,Phylloscopus occipitalis,Western Crowned Warbler,0.7201,psl3,2024,06,06,05
621.0,624.0,Phylloscopus occipitalis,Western Crowned Warbler,0.5221,psl3,2024,06,06,05
636.0,639.0,Protonotaria citrea,Prothonotary Warbler,0.652,psl3,2024,06,06,05
645.0,648.0,Phylloscopus occipitalis,Western Crowned Warbler,0.7339,psl3,2024,06,06,05
672.0,675.0,Phylloscopus occipitalis,Western Crowned Warbler,0.7347,psl3,2024,06,06,05
762.0,765.0,Phylloscopus occipitalis,Western Crowned Warbler,0.5641,psl3,2024,06,06,05
819.0,822.0,Protonotaria citrea,Prothonotary Warbler,0.766,psl3,2024,06,06,05
825.0,828.0,Protonotaria citrea,Prothonotary Warbler,0.5883,psl3,2024,06,06,05
834.0,837.0,Phylloscopus occipitalis,Western Crowned Warbler,0.604,psl3,2024,06,06,05
846.0,849.0,Phylloscopus occipitalis,Western Crowned Warbler,0.6482,psl3,2024,06,06,05
852.0,855.0,Phylloscopus occipitalis,Western Crowned Warbler,0.5919,psl3,2024,06,06,05
873.0,876.0,Phylloscopus occipitalis,Western Crowned Warbler,0.5358,psl3,2024,06,06,05
897.0,900.0,Phylloscopus occipitalis,Western Crowned Warbler,0.6399,psl3,2024,06,06,05
183.0,186.0,Larvivora brunnea,Indian Blue Robin,0.9774,psl3,2024,06,06,06
225.0,228.0,Carpodacus erythrinus,Common Rosefinch,0.5026,psl3,2024,06,06,06
285.0,288.0,Carpodacus erythrinus,Common Rosefinch,0.7497,psl3,2024,06,06,06
291.0,294.0,Carpodacus erythrinus,Common Rosefinch,0.7137,psl3,2024,06,06,06
312.0,315.0,Carpodacus erythrinus,Common Rosefinch,0.8969,psl3,2024,06,06,06
321.0,324.0,Protonotaria citrea,Prothonotary Warbler,0.8463,psl3,2024,06,06,06
393.0,396.0,Carpodacus erythrinus,Common Rosefinch,0.5883,psl3,2024,06,06,06
468.0,471.0,Phylloscopus occipitalis,Western Crowned Warbler,0.7435,psl3,2024,06,06,06
471.0,474.0,Phylloscopus occipitalis,Western Crowned Warbler,0.6006,psl3,2024,06,06,06
486.0,489.0,Phylloscopus occipitalis,Western Crowned Warbler,0.6926,psl3,2024,06,06,06
681.0,684.0,Larvivora brunnea,Indian Blue Robin,0.5262,psl3,2024,06,06,06
768.0,771.0,Phylloscopus occipitalis,Western Crowned Warbler,0.7124,psl3,2024,06,06,06
828.0,831.0,Larvivora brunnea,Indian Blue Robin,0.6188,psl3,2024,06,06,06
147.0,150.0,Phylloscopus occipitalis,Western Crowned Warbler,0.7236,psl3,2024,06,06,07
156.0,159.0,Phylloscopus occipitalis,Western Crowned Warbler,0.9315,psl3,2024,06,06,07
165.0,168.0,Phylloscopus occipitalis,Western Crowned Warbler,0.8729,psl3,2024,06,06,07
189.0,192.0,Phylloscopus occipitalis,Western Crowned Warbler,0.6442,psl3,2024,06,06,07
246.0,249.0,Protonotaria citrea,Prothonotary Warbler,0.6463,psl3,2024,06,06,07
285.0,288.0,Protonotaria citrea,Prothonotary Warbler,0.5213,psl3,2024,06,06,07
348.0,351.0,Trochalopteron variegatum,Variegated Laughingthrush,0.6619,psl3,2024,06,06,07
417.0,420.0,Trochalopteron variegatum,Variegated Laughingthrush,0.6817,psl3,2024,06,06,07
426.0,429.0,Trochalopteron variegatum,Variegated Laughingthrush,0.6582,psl3,2024,06,06,07
429.0,432.0,Trochalopteron variegatum,Variegated Laughingthrush,0.7406,psl3,2024,06,06,07
435.0,438.0,Trochalopteron variegatum,Variegated Laughingthrush,0.8618,psl3,2024,06,06,07
444.0,447.0,Trochalopteron variegatum,Variegated Laughingthrush,0.9729,psl3,2024,06,06,07
450.0,453.0,Trochalopteron variegatum,Variegated Laughingthrush,0.9609,psl3,2024,06,06,07
453.0,456.0,Trochalopteron variegatum,Variegated Laughingthrush,0.7133,psl3,2024,06,06,07
462.0,465.0,Trochalopteron variegatum,Variegated Laughingthrush,0.5449,psl3,2024,06,06,07
468.0,471.0,Trochalopteron variegatum,Variegated Laughingthrush,0.8739,psl3,2024,06,06,07
471.0,474.0,Trochalopteron variegatum,Variegated Laughingthrush,0.6758,psl3,2024,06,06,07
474.0,477.0,Trochalopteron variegatum,Variegated Laughingthrush,0.7038,psl3,2024,06,06,07
477.0,480.0,Trochalopteron variegatum,Variegated Laughingthrush,0.9265,psl3,2024,06,06,07
480.0,483.0,Trochalopteron variegatum,Variegated Laughingthrush,0.8161,psl3,2024,06,06,07
492.0,495.0,Trochalopteron variegatum,Variegated Laughingthrush,0.9622,psl3,2024,06,06,07
495.0,498.0,Trochalopteron variegatum,Variegated Laughingthrush,0.7031,psl3,2024,06,06,07
507.0,510.0,Trochalopteron variegatum,Variegated Laughingthrush,0.6503,psl3,2024,06,06,07
516.0,519.0,Trochalopteron variegatum,Variegated Laughingthrush,0.8824,psl3,2024,06,06,07
519.0,522.0,Trochalopteron variegatum,Variegated Laughingthrush,0.5596,psl3,2024,06,06,07
525.0,528.0,Trochalopteron variegatum,Variegated Laughingthrush,0.8058,psl3,2024,06,06,07
528.0,531.0,Trochalopteron variegatum,Variegated Laughingthrush,0.9269,psl3,2024,06,06,07
531.0,534.0,Trochalopteron variegatum,Variegated Laughingthrush,0.8818,psl3,2024,06,06,07
534.0,537.0,Trochalopteron variegatum,Variegated Laughingthrush,0.6603,psl3,2024,06,06,07
537.0,540.0,Trochalopteron variegatum,Variegated Laughingthrush,0.5424,psl3,2024,06,06,07
540.0,543.0,Trochalopteron variegatum,Variegated Laughingthrush,0.7051,psl3,2024,06,06,07
543.0,546.0,Trochalopteron variegatum,Variegated Laughingthrush,0.5914,psl3,2024,06,06,07
546.0,549.0,Trochalopteron erythrocephalum,Chestnut-crowned Laughingthrush,0.8804,psl3,2024,06,06,07
549.0,552.0,Trochalopteron variegatum,Variegated Laughingthrush,0.7599,psl3,2024,06,06,07
552.0,555.0,Trochalopteron variegatum,Variegated Laughingthrush,0.9885,psl3,2024,06,06,07
555.0,558.0,Trochalopteron variegatum,Variegated Laughingthrush,0.5314,psl3,2024,06,06,07
564.0,567.0,Trochalopteron variegatum,Variegated Laughingthrush,0.8056,psl3,2024,06,06,07
570.0,573.0,Trochalopteron variegatum,Variegated Laughingthrush,0.6952,psl3,2024,06,06,07
573.0,576.0,Phylloscopus occipitalis,Western Crowned Warbler,0.826,psl3,2024,06,06,07
585.0,588.0,Trochalopteron variegatum,Variegated Laughingthrush,0.5071,psl3,2024,06,06,07
591.0,594.0,Trochalopteron variegatum,Variegated Laughingthrush,0.6211,psl3,2024,06,06,07
594.0,597.0,Trochalopteron variegatum,Variegated Laughingthrush,0.5684,psl3,2024,06,06,07
612.0,615.0,Trochalopteron variegatum,Variegated Laughingthrush,0.6113,psl3,2024,06,06,07
654.0,657.0,Phylloscopus occipitalis,Western Crowned Warbler,0.5843,psl3,2024,06,06,07
663.0,666.0,Vireo altiloquus,Black-whiskered Vireo,0.6617,psl3,2024,06,06,07
693.0,696.0,Phylloscopus occipitalis,Western Crowned Warbler,0.5475,psl3,2024,06,06,07
780.0,783.0,Carpodacus erythrinus,Common Rosefinch,0.5028,psl3,2024,06,06,07
783.0,786.0,Phylloscopus occipitalis,Western Crowned Warbler,0.6028,psl3,2024,06,06,07
795.0,798.0,Phylloscopus occipitalis,Western Crowned Warbler,0.8384,psl3,2024,06,06,07
813.0,816.0,Carpodacus erythrinus,Common Rosefinch,0.6206,psl3,2024,06,06,07
870.0,873.0,Phylloscopus occipitalis,Western Crowned Warbler,0.6468,psl3,2024,06,06,07
876.0,879.0,Phylloscopus occipitalis,Western Crowned Warbler,0.5762,psl3,2024,06,06,07
882.0,885.0,Phylloscopus occipitalis,Western Crowned Warbler,0.7709,psl3,2024,06,06,07
885.0,888.0,Protonotaria citrea,Prothonotary Warbler,0.5077,psl3,2024,06,06,07
888.0,891.0,Phylloscopus occipitalis,Western Crowned Warbler,0.6166,psl3,2024,06,06,07
897.0,900.0,Phylloscopus occipitalis,Western Crowned Warbler,0.5886,psl3,2024,06,06,07
0.0,3.0,Trochalopteron variegatum,Variegated Laughingthrush,0.9586,psl3,2024,06,07,05
6.0,9.0,Trochalopteron variegatum,Variegated Laughingthrush,0.9336,psl3,2024,06,07,05
9.0,12.0,Phylloscopus occipitalis,Western Crowned Warbler,0.5073,psl3,2024,06,07,05
15.0,18.0,Trochalopteron variegatum,Variegated Laughingthrush,0.9834,psl3,2024,06,07,05
21.0,24.0,Trochalopteron variegatum,Variegated Laughingthrush,0.8611,psl3,2024,06,07,05
30.0,33.0,Trochalopteron variegatum,Variegated Laughingthrush,0.9044,psl3,2024,06,07,05
36.0,39.0,Trochalopteron variegatum,Variegated Laughingthrush,0.9866,psl3,2024,06,07,05
42.0,45.0,Trochalopteron variegatum,Variegated Laughingthrush,0.5702,psl3,2024,06,07,05
48.0,51.0,Trochalopteron variegatum,Variegated Laughingthrush,0.8832,psl3,2024,06,07,05
57.0,60.0,Trochalopteron variegatum,Variegated Laughingthrush,0.94,psl3,2024,06,07,05
63.0,66.0,Phylloscopus occipitalis,Western Crowned Warbler,0.5478,psl3,2024,06,07,05
66.0,69.0,Trochalopteron variegatum,Variegated Laughingthrush,0.9971,psl3,2024,06,07,05
72.0,75.0,Trochalopteron variegatum,Variegated Laughingthrush,0.9701,psl3,2024,06,07,05
78.0,81.0,Trochalopteron variegatum,Variegated Laughingthrush,0.9798,psl3,2024,06,07,05
84.0,87.0,Trochalopteron variegatum,Variegated Laughingthrush,0.985,psl3,2024,06,07,05
90.0,93.0,Trochalopteron variegatum,Variegated Laughingthrush,0.9463,psl3,2024,06,07,05
99.0,102.0,Trochalopteron variegatum,Variegated Laughingthrush,0.8748,psl3,2024,06,07,05
108.0,111.0,Trochalopteron variegatum,Variegated Laughingthrush,0.8746,psl3,2024,06,07,05
111.0,114.0,Trochalopteron variegatum,Variegated Laughingthrush,0.9201,psl3,2024,06,07,05
114.0,117.0,Anthus hodgsoni,Olive-backed Pipit,0.5016,psl3,2024,06,07,05
129.0,132.0,Trochalopteron variegatum,Variegated Laughingthrush,0.9983,psl3,2024,06,07,05
159.0,162.0,Phylloscopus occipitalis,Western Crowned Warbler,0.5122,psl3,2024,06,07,05
165.0,168.0,Phylloscopus occipitalis,Western Crowned Warbler,0.9633,psl3,2024,06,07,05
171.0,174.0,Phylloscopus occipitalis,Western Crowned Warbler,0.9788,psl3,2024,06,07,05
174.0,177.0,Protonotaria citrea,Prothonotary Warbler,0.5266,psl3,2024,06,07,05
177.0,180.0,Phylloscopus occipitalis,Western Crowned Warbler,0.9595,psl3,2024,06,07,05
180.0,183.0,Phylloscopus occipitalis,Western Crowned Warbler,0.9481,psl3,2024,06,07,05
186.0,189.0,Phylloscopus occipitalis,Western Crowned Warbler,0.7205,psl3,2024,06,07,05
189.0,192.0,Phylloscopus occipitalis,Western Crowned Warbler,0.9426,psl3,2024,06,07,05
192.0,195.0,Phylloscopus occipitalis,Western Crowned Warbler,0.7149,psl3,2024,06,07,05
192.0,195.0,Protonotaria citrea,Prothonotary Warbler,0.5968,psl3,2024,06,07,05
195.0,198.0,Phylloscopus occipitalis,Western Crowned Warbler,0.8848,psl3,2024,06,07,05
198.0,201.0,Phylloscopus occipitalis,Western Crowned Warbler,0.9344,psl3,2024,06,07,05
204.0,207.0,Phylloscopus occipitalis,Western Crowned Warbler,0.7568,psl3,2024,06,07,05
207.0,210.0,Phylloscopus occipitalis,Western Crowned Warbler,0.8222,psl3,2024,06,07,05
210.0,213.0,Phylloscopus occipitalis,Western Crowned Warbler,0.8269,psl3,2024,06,07,05
213.0,216.0,Protonotaria citrea,Prothonotary Warbler,0.8014,psl3,2024,06,07,05
213.0,216.0,Phylloscopus occipitalis,Western Crowned Warbler,0.5961,psl3,2024,06,07,05
216.0,219.0,Phylloscopus occipitalis,Western Crowned Warbler,0.827,psl3,2024,06,07,05
219.0,222.0,Phylloscopus occipitalis,Western Crowned Warbler,0.6669,psl3,2024,06,07,05
225.0,228.0,Phylloscopus occipitalis,Western Crowned Warbler,0.888,psl3,2024,06,07,05
228.0,231.0,Phylloscopus occipitalis,Western Crowned Warbler,0.7087,psl3,2024,06,07,05
237.0,240.0,Phylloscopus occipitalis,Western Crowned Warbler,0.9474,psl3,2024,06,07,05
240.0,243.0,Phylloscopus occipitalis,Western Crowned Warbler,0.9764,psl3,2024,06,07,05
243.0,246.0,Phylloscopus occipitalis,Western Crowned Warbler,0.8155,psl3,2024,06,07,05
243.0,246.0,Phylloscopus reguloides,Blyth's Leaf Warbler,0.7379,psl3,2024,06,07,05
246.0,249.0,Phylloscopus occipitalis,Western Crowned Warbler,0.9536,psl3,2024,06,07,05
252.0,255.0,Phylloscopus occipitalis,Western Crowned Warbler,0.9254,psl3,2024,06,07,05
258.0,261.0,Phylloscopus occipitalis,Western Crowned Warbler,0.9976,psl3,2024,06,07,05
261.0,264.0,Phylloscopus occipitalis,Western Crowned Warbler,0.9886,psl3,2024,06,07,05
276.0,279.0,Phylloscopus occipitalis,Western Crowned Warbler,0.647,psl3,2024,06,07,05
279.0,282.0,Phylloscopus occipitalis,Western Crowned Warbler,0.6513,psl3,2024,06,07,05
321.0,324.0,Phylloscopus occipitalis,Western Crowned Warbler,0.6228,psl3,2024,06,07,05
345.0,348.0,Trochalopteron variegatum,Variegated Laughingthrush,0.9265,psl3,2024,06,07,05
351.0,354.0,Trochalopteron variegatum,Variegated Laughingthrush,0.8949,psl3,2024,06,07,05
357.0,360.0,Trochalopteron variegatum,Variegated Laughingthrush,0.9205,psl3,2024,06,07,05
360.0,363.0,Trochalopteron variegatum,Variegated Laughingthrush,0.7228,psl3,2024,06,07,05
381.0,384.0,Phylloscopus occipitalis,Western Crowned Warbler,0.5545,psl3,2024,06,07,05
387.0,390.0,Phylloscopus occipitalis,Western Crowned Warbler,0.7321,psl3,2024,06,07,05
393.0,396.0,Phylloscopus occipitalis,Western Crowned Warbler,0.8423,psl3,2024,06,07,05
417.0,420.0,Protonotaria citrea,Prothonotary Warbler,0.6441,psl3,2024,06,07,05
459.0,462.0,Protonotaria citrea,Prothonotary Warbler,0.5966,psl3,2024,06,07,05
510.0,513.0,Phylloscopus occipitalis,Western Crowned Warbler,0.5662,psl3,2024,06,07,05
513.0,516.0,Phylloscopus occipitalis,Western Crowned Warbler,0.8554,psl3,2024,06,07,05
534.0,537.0,Phylloscopus occipitalis,Western Crowned Warbler,0.5028,psl3,2024,06,07,05
537.0,540.0,Phylloscopus occipitalis,Western Crowned Warbler,0.53,psl3,2024,06,07,05
558.0,561.0,Protonotaria citrea,Prothonotary Warbler,0.7798,psl3,2024,06,07,05
642.0,645.0,Phylloscopus tytleri,Tytler's Leaf Warbler,0.6091,psl3,2024,06,07,05
648.0,651.0,Phylloscopus occipitalis,Western Crowned Warbler,0.7447,psl3,2024,06,07,05
702.0,705.0,Phylloscopus occipitalis,Western Crowned Warbler,0.6299,psl3,2024,06,07,05
708.0,711.0,Phylloscopus occipitalis,Western Crowned Warbler,0.6416,psl3,2024,06,07,05
726.0,729.0,Phylloscopus occipitalis,Western Crowned Warbler,0.7673,psl3,2024,06,07,05
735.0,738.0,Phylloscopus occipitalis,Western Crowned Warbler,0.851,psl3,2024,06,07,05
753.0,756.0,Protonotaria citrea,Prothonotary Warbler,0.5599,psl3,2024,06,07,05
780.0,783.0,Protonotaria citrea,Prothonotary Warbler,0.5708,psl3,2024,06,07,05
780.0,783.0,Phylloscopus occipitalis,Western Crowned Warbler,0.5305,psl3,2024,06,07,05
789.0,792.0,Protonotaria citrea,Prothonotary Warbler,0.8813,psl3,2024,06,07,05
810.0,813.0,Phylloscopus occipitalis,Western Crowned Warbler,0.8788,psl3,2024,06,07,05
819.0,822.0,Phylloscopus occipitalis,Western Crowned Warbler,0.6797,psl3,2024,06,07,05
831.0,834.0,Phylloscopus tytleri,Tytler's Leaf Warbler,0.5538,psl3,2024,06,07,05
834.0,837.0,Phylloscopus occipitalis,Western Crowned Warbler,0.7766,psl3,2024,06,07,05
843.0,846.0,Phylloscopus occipitalis,Western Crowned Warbler,0.6416,psl3,2024,06,07,05
852.0,855.0,Phylloscopus occipitalis,Western Crowned Warbler,0.9021,psl3,2024,06,07,05
861.0,864.0,Phylloscopus occipitalis,Western Crowned Warbler,0.5587,psl3,2024,06,07,05
879.0,882.0,Phylloscopus occipitalis,Western Crowned Warbler,0.5505,psl3,2024,06,07,05
885.0,888.0,Phylloscopus reguloides,Blyth's Leaf Warbler,0.5778,psl3,2024,06,07,05
891.0,894.0,Phylloscopus nitidus,Green Warbler,0.763,psl3,2024,06,07,05
897.0,900.0,Phylloscopus reguloides,Blyth's Leaf Warbler,0.598,psl3,2024,06,07,05
81.0,84.0,Protonotaria citrea,Prothonotary Warbler,0.715,psl3,2024,06,07,06
288.0,291.0,Trochalopteron variegatum,Variegated Laughingthrush,0.6129,psl3,2024,06,07,06
312.0,315.0,Tringa erythropus,Spotted Redshank,0.7803,psl3,2024,06,07,06
336.0,339.0,Trochalopteron variegatum,Variegated Laughingthrush,0.641,psl3,2024,06,07,06
339.0,342.0,Tringa erythropus,Spotted Redshank,0.5183,psl3,2024,06,07,06
372.0,375.0,Trochalopteron variegatum,Variegated Laughingthrush,0.8364,psl3,2024,06,07,06
378.0,381.0,Trochalopteron variegatum,Variegated Laughingthrush,0.6589,psl3,2024,06,07,06
381.0,384.0,Trochalopteron variegatum,Variegated Laughingthrush,0.5001,psl3,2024,06,07,06
390.0,393.0,Trochalopteron variegatum,Variegated Laughingthrush,0.5254,psl3,2024,06,07,06
405.0,408.0,Trochalopteron variegatum,Variegated Laughingthrush,0.8825,psl3,2024,06,07,06
414.0,417.0,Trochalopteron variegatum,Variegated Laughingthrush,0.7679,psl3,2024,06,07,06
414.0,417.0,Trochalopteron subunicolor,Scaly Laughingthrush,0.5585,psl3,2024,06,07,06
429.0,432.0,Trochalopteron variegatum,Variegated Laughingthrush,0.6743,psl3,2024,06,07,06
447.0,450.0,Trochalopteron variegatum,Variegated Laughingthrush,0.9071,psl3,2024,06,07,06
477.0,480.0,Trochalopteron variegatum,Variegated Laughingthrush,0.9673,psl3,2024,06,07,06
570.0,573.0,Phylloscopus trochiloides,Greenish Warbler,0.5407,psl3,2024,06,07,06
594.0,597.0,Trochalopteron variegatum,Variegated Laughingthrush,0.9348,psl3,2024,06,07,06
606.0,609.0,Phylloscopus nitidus,Green Warbler,0.6607,psl3,2024,06,07,06
633.0,636.0,Phylloscopus nitidus,Green Warbler,0.6102,psl3,2024,06,07,06
639.0,642.0,Phylloscopus nitidus,Green Warbler,0.647,psl3,2024,06,07,06
660.0,663.0,Phylloscopus nitidus,Green Warbler,0.6224,psl3,2024,06,07,06
681.0,684.0,Phylloscopus nitidus,Green Warbler,0.9234,psl3,2024,06,07,06
681.0,684.0,Phylloscopus trochiloides,Greenish Warbler,0.6176,psl3,2024,06,07,06
735.0,738.0,Phylloscopus nitidus,Green Warbler,0.7607,psl3,2024,06,07,06
744.0,747.0,Phylloscopus trochiloides,Greenish Warbler,0.6825,psl3,2024,06,07,06
252.0,255.0,Carpodacus erythrinus,Common Rosefinch,0.6629,psl3,2024,06,07,07
261.0,264.0,Carpodacus erythrinus,Common Rosefinch,0.974,psl3,2024,06,07,07
318.0,321.0,Protonotaria citrea,Prothonotary Warbler,0.5521,psl3,2024,06,07,07
357.0,360.0,Phylloscopus occipitalis,Western Crowned Warbler,0.5477,psl3,2024,06,07,07
363.0,366.0,Phylloscopus occipitalis,Western Crowned Warbler,0.9731,psl3,2024,06,07,07
369.0,372.0,Phylloscopus nitidus,Green Warbler,0.8682,psl3,2024,06,07,07
420.0,423.0,Protonotaria citrea,Prothonotary Warbler,0.5369,psl3,2024,06,07,07
456.0,459.0,Phylloscopus occipitalis,Western Crowned Warbler,0.7864,psl3,2024,06,07,07
462.0,465.0,Phylloscopus occipitalis,Western Crowned Warbler,0.8907,psl3,2024,06,07,07
471.0,474.0,Phylloscopus occipitalis,Western Crowned Warbler,0.7857,psl3,2024,06,07,07
477.0,480.0,Phylloscopus occipitalis,Western Crowned Warbler,0.5375,psl3,2024,06,07,07
486.0,489.0,Phylloscopus occipitalis,Western Crowned Warbler,0.5608,psl3,2024,06,07,07
489.0,492.0,Phylloscopus occipitalis,Western Crowned Warbler,0.7009,psl3,2024,06,07,07
627.0,630.0,Phylloscopus occipitalis,Western Crowned Warbler,0.5372,psl3,2024,06,07,07
639.0,642.0,Phylloscopus occipitalis,Western Crowned Warbler,0.5511,psl3,2024,06,07,07
642.0,645.0,Protonotaria citrea,Prothonotary Warbler,0.5152,psl3,2024,06,07,07
801.0,804.0,Vireo flavifrons,Yellow-throated Vireo,0.5191,psl3,2024,06,07,07
864.0,867.0,Protonotaria citrea,Prothonotary Warbler,0.6218,psl3,2024,06,07,07
6.0,9.0,Phylloscopus occipitalis,Western Crowned Warbler,0.7631,psl3,2024,06,08,05
9.0,12.0,Phylloscopus occipitalis,Western Crowned Warbler,0.9445,psl3,2024,06,08,05
12.0,15.0,Phylloscopus occipitalis,Western Crowned Warbler,0.8421,psl3,2024,06,08,05
18.0,21.0,Phylloscopus occipitalis,Western Crowned Warbler,0.8016,psl3,2024,06,08,05
21.0,24.0,Larvivora brunnea,Indian Blue Robin,0.9247,psl3,2024,06,08,05
27.0,30.0,Phylloscopus occipitalis,Western Crowned Warbler,0.8001,psl3,2024,06,08,05
30.0,33.0,Phylloscopus occipitalis,Western Crowned Warbler,0.6299,psl3,2024,06,08,05
36.0,39.0,Phylloscopus occipitalis,Western Crowned Warbler,0.5241,psl3,2024,06,08,05
45.0,48.0,Phylloscopus reguloides,Blyth's Leaf Warbler,0.5296,psl3,2024,06,08,05
48.0,51.0,Phylloscopus occipitalis,Western Crowned Warbler,0.8344,psl3,2024,06,08,05
51.0,54.0,Protonotaria citrea,Prothonotary Warbler,0.6177,psl3,2024,06,08,05
57.0,60.0,Phylloscopus occipitalis,Western Crowned Warbler,0.6811,psl3,2024,06,08,05
84.0,87.0,Phylloscopus occipitalis,Western Crowned Warbler,0.8124,psl3,2024,06,08,05
84.0,87.0,Phylloscopus tytleri,Tytler's Leaf Warbler,0.5025,psl3,2024,06,08,05
93.0,96.0,Larvivora brunnea,Indian Blue Robin,0.6072,psl3,2024,06,08,05
96.0,99.0,Phylloscopus tytleri,Tytler's Leaf Warbler,0.5519,psl3,2024,06,08,05
99.0,102.0,Larvivora brunnea,Indian Blue Robin,0.6355,psl3,2024,06,08,05
102.0,105.0,Phylloscopus occipitalis,Western Crowned Warbler,0.5728,psl3,2024,06,08,05
153.0,156.0,Phylloscopus occipitalis,Western Crowned Warbler,0.8993,psl3,2024,06,08,05
156.0,159.0,Phylloscopus occipitalis,Western Crowned Warbler,0.54,psl3,2024,06,08,05
162.0,165.0,Phylloscopus occipitalis,Western Crowned Warbler,0.705,psl3,2024,06,08,05
165.0,168.0,Phylloscopus occipitalis,Western Crowned Warbler,0.8977,psl3,2024,06,08,05
168.0,171.0,Phylloscopus occipitalis,Western Crowned Warbler,0.649,psl3,2024,06,08,05
174.0,177.0,Phylloscopus occipitalis,Western Crowned Warbler,0.6436,psl3,2024,06,08,05
189.0,192.0,Phylloscopus occipitalis,Western Crowned Warbler,0.5909,psl3,2024,06,08,05
192.0,195.0,Phylloscopus occipitalis,Western Crowned Warbler,0.7798,psl3,2024,06,08,05
195.0,198.0,Phylloscopus occipitalis,Western Crowned Warbler,0.7863,psl3,2024,06,08,05
210.0,213.0,Phylloscopus occipitalis,Western Crowned Warbler,0.8419,psl3,2024,06,08,05
216.0,219.0,Phylloscopus occipitalis,Western Crowned Warbler,0.5038,psl3,2024,06,08,05
225.0,228.0,Phylloscopus occipitalis,Western Crowned Warbler,0.5077,psl3,2024,06,08,05
234.0,237.0,Phylloscopus occipitalis,Western Crowned Warbler,0.6433,psl3,2024,06,08,05
240.0,243.0,Phylloscopus occipitalis,Western Crowned Warbler,0.7304,psl3,2024,06,08,05
249.0,252.0,Phylloscopus occipitalis,Western Crowned Warbler,0.8414,psl3,2024,06,08,05
252.0,255.0,Phylloscopus occipitalis,Western Crowned Warbler,0.5345,psl3,2024,06,08,05
264.0,267.0,Phylloscopus occipitalis,Western Crowned Warbler,0.6877,psl3,2024,06,08,05
270.0,273.0,Phylloscopus occipitalis,Western Crowned Warbler,0.6159,psl3,2024,06,08,05
279.0,282.0,Phylloscopus occipitalis,Western Crowned Warbler,0.6216,psl3,2024,06,08,05
294.0,297.0,Phylloscopus occipitalis,Western Crowned Warbler,0.6442,psl3,2024,06,08,05
297.0,300.0,Phylloscopus occipitalis,Western Crowned Warbler,0.558,psl3,2024,06,08,05
300.0,303.0,Phylloscopus occipitalis,Western Crowned Warbler,0.5523,psl3,2024,06,08,05
315.0,318.0,Phylloscopus occipitalis,Western Crowned Warbler,0.684,psl3,2024,06,08,05
324.0,327.0,Phylloscopus occipitalis,Western Crowned Warbler,0.5818,psl3,2024,06,08,05
354.0,357.0,Phylloscopus occipitalis,Western Crowned Warbler,0.5037,psl3,2024,06,08,05
363.0,366.0,Phylloscopus occipitalis,Western Crowned Warbler,0.5054,psl3,2024,06,08,05
378.0,381.0,Phylloscopus occipitalis,Western Crowned Warbler,0.549,psl3,2024,06,08,05
381.0,384.0,Phylloscopus occipitalis,Western Crowned Warbler,0.7931,psl3,2024,06,08,05
384.0,387.0,Phylloscopus occipitalis,Western Crowned Warbler,0.7863,psl3,2024,06,08,05
390.0,393.0,Phylloscopus occipitalis,Western Crowned Warbler,0.7423,psl3,2024,06,08,05
393.0,396.0,Phylloscopus occipitalis,Western Crowned Warbler,0.8077,psl3,2024,06,08,05
396.0,399.0,Phylloscopus occipitalis,Western Crowned Warbler,0.766,psl3,2024,06,08,05
402.0,405.0,Phylloscopus occipitalis,Western Crowned Warbler,0.8398,psl3,2024,06,08,05
405.0,408.0,Phylloscopus occipitalis,Western Crowned Warbler,0.7307,psl3,2024,06,08,05
414.0,417.0,Phylloscopus occipitalis,Western Crowned Warbler,0.6213,psl3,2024,06,08,05
420.0,423.0,Phylloscopus occipitalis,Western Crowned Warbler,0.5369,psl3,2024,06,08,05
447.0,450.0,Phylloscopus occipitalis,Western Crowned Warbler,0.6062,psl3,2024,06,08,05
459.0,462.0,Protonotaria citrea,Prothonotary Warbler,0.7671,psl3,2024,06,08,05
477.0,480.0,Phylloscopus occipitalis,Western Crowned Warbler,0.5313,psl3,2024,06,08,05
492.0,495.0,Phylloscopus occipitalis,Western Crowned Warbler,0.9008,psl3,2024,06,08,05
516.0,519.0,Phylloscopus occipitalis,Western Crowned Warbler,0.5006,psl3,2024,06,08,05
540.0,543.0,Phylloscopus occipitalis,Western Crowned Warbler,0.7046,psl3,2024,06,08,05
567.0,570.0,Phylloscopus occipitalis,Western Crowned Warbler,0.6385,psl3,2024,06,08,05
576.0,579.0,Phylloscopus occipitalis,Western Crowned Warbler,0.6083,psl3,2024,06,08,05
582.0,585.0,Phylloscopus occipitalis,Western Crowned Warbler,0.8016,psl3,2024,06,08,05
591.0,594.0,Phylloscopus occipitalis,Western Crowned Warbler,0.5129,psl3,2024,06,08,05
594.0,597.0,Phylloscopus occipitalis,Western Crowned Warbler,0.6114,psl3,2024,06,08,05
615.0,618.0,Phylloscopus occipitalis,Western Crowned Warbler,0.9156,psl3,2024,06,08,05
627.0,630.0,Phylloscopus occipitalis,Western Crowned Warbler,0.5165,psl3,2024,06,08,05
630.0,633.0,Phylloscopus occipitalis,Western Crowned Warbler,0.7675,psl3,2024,06,08,05
642.0,645.0,Protonotaria citrea,Prothonotary Warbler,0.8075,psl3,2024,06,08,05
660.0,663.0,Phylloscopus tytleri,Tytler's Leaf Warbler,0.7698,psl3,2024,06,08,05
669.0,672.0,Phylloscopus occipitalis,Western Crowned Warbler,0.8727,psl3,2024,06,08,05
699.0,702.0,Phylloscopus occipitalis,Western Crowned Warbler,0.7608,psl3,2024,06,08,05
735.0,738.0,Phylloscopus occipitalis,Western Crowned Warbler,0.6403,psl3,2024,06,08,05
744.0,747.0,Phylloscopus reguloides,Blyth's Leaf Warbler,0.6547,psl3,2024,06,08,05
756.0,759.0,Phylloscopus nitidus,Green Warbler,0.5373,psl3,2024,06,08,05
777.0,780.0,Phylloscopus tytleri,Tytler's Leaf Warbler,0.6847,psl3,2024,06,08,05
777.0,780.0,Phylloscopus occipitalis,Western Crowned Warbler,0.6513,psl3,2024,06,08,05
789.0,792.0,Phylloscopus maculipennis,Ashy-throated Warbler,0.5871,psl3,2024,06,08,05
792.0,795.0,Phylloscopus reguloides,Blyth's Leaf Warbler,0.5624,psl3,2024,06,08,05
801.0,804.0,Phylloscopus reguloides,Blyth's Leaf Warbler,0.531,psl3,2024,06,08,05
834.0,837.0,Phylloscopus occipitalis,Western Crowned Warbler,0.6083,psl3,2024,06,08,05
837.0,840.0,Phylloscopus occipitalis,Western Crowned Warbler,0.51,psl3,2024,06,08,05
846.0,849.0,Phylloscopus occipitalis,Western Crowned Warbler,0.5695,psl3,2024,06,08,05
861.0,864.0,Phylloscopus occipitalis,Western Crowned Warbler,0.6776,psl3,2024,06,08,05
864.0,867.0,Phylloscopus tytleri,Tytler's Leaf Warbler,0.772,psl3,2024,06,08,05
864.0,867.0,Phylloscopus occipitalis,Western Crowned Warbler,0.5725,psl3,2024,06,08,05
870.0,873.0,Phylloscopus tytleri,Tytler's Leaf Warbler,0.5465,psl3,2024,06,08,05
879.0,882.0,Phylloscopus occipitalis,Western Crowned Warbler,0.7939,psl3,2024,06,08,05
882.0,885.0,Phylloscopus occipitalis,Western Crowned Warbler,0.6384,psl3,2024,06,08,05
888.0,891.0,Phylloscopus borealis,Arctic Warbler,0.6872,psl3,2024,06,08,05
24.0,27.0,Phylloscopus nitidus,Green Warbler,0.7759,psl3,2024,06,08,06
54.0,57.0,Phylloscopus reguloides,Blyth's Leaf Warbler,0.6278,psl3,2024,06,08,06
63.0,66.0,Phylloscopus occipitalis,Western Crowned Warbler,0.5072,psl3,2024,06,08,06
75.0,78.0,Phylloscopus maculipennis,Ashy-throated Warbler,0.5963,psl3,2024,06,08,06
78.0,81.0,Phylloscopus nitidus,Green Warbler,0.5132,psl3,2024,06,08,06
93.0,96.0,Phylloscopus occipitalis,Western Crowned Warbler,0.7424,psl3,2024,06,08,06
132.0,135.0,Phylloscopus occipitalis,Western Crowned Warbler,0.5131,psl3,2024,06,08,06
135.0,138.0,Larvivora brunnea,Indian Blue Robin,0.6085,psl3,2024,06,08,06
141.0,144.0,Larvivora brunnea,Indian Blue Robin,0.5238,psl3,2024,06,08,06
192.0,195.0,Phylloscopus tytleri,Tytler's Leaf Warbler,0.5091,psl3,2024,06,08,06
216.0,219.0,Phylloscopus reguloides,Blyth's Leaf Warbler,0.868,psl3,2024,06,08,06
219.0,222.0,Phylloscopus occipitalis,Western Crowned Warbler,0.5692,psl3,2024,06,08,06
234.0,237.0,Phylloscopus occipitalis,Western Crowned Warbler,0.8261,psl3,2024,06,08,06
261.0,264.0,Phylloscopus occipitalis,Western Crowned Warbler,0.5448,psl3,2024,06,08,06
279.0,282.0,Phylloscopus occipitalis,Western Crowned Warbler,0.9829,psl3,2024,06,08,06
312.0,315.0,Phylloscopus nitidus,Green Warbler,0.9736,psl3,2024,06,08,06
324.0,327.0,Phylloscopus occipitalis,Western Crowned Warbler,0.7323,psl3,2024,06,08,06
324.0,327.0,Phylloscopus reguloides,Blyth's Leaf Warbler,0.5523,psl3,2024,06,08,06
369.0,372.0,Phylloscopus occipitalis,Western Crowned Warbler,0.7685,psl3,2024,06,08,06
387.0,390.0,Phylloscopus occipitalis,Western Crowned Warbler,0.9162,psl3,2024,06,08,06
405.0,408.0,Phylloscopus occipitalis,Western Crowned Warbler,0.8856,psl3,2024,06,08,06
423.0,426.0,Phylloscopus occipitalis,Western Crowned Warbler,0.8004,psl3,2024,06,08,06
426.0,429.0,Phylloscopus nitidus,Green Warbler,0.6034,psl3,2024,06,08,06
510.0,513.0,Phylloscopus nitidus,Green Warbler,0.5833,psl3,2024,06,08,06
513.0,516.0,Phylloscopus occipitalis,Western Crowned Warbler,0.7816,psl3,2024,06,08,06
519.0,522.0,Phylloscopus reguloides,Blyth's Leaf Warbler,0.5048,psl3,2024,06,08,06
573.0,576.0,Phylloscopus nitidus,Green Warbler,0.882,psl3,2024,06,08,06
585.0,588.0,Phylloscopus nitidus,Green Warbler,0.5512,psl3,2024,06,08,06
735.0,738.0,Phylloscopus nitidus,Green Warbler,0.5633,psl3,2024,06,08,06
741.0,744.0,Phylloscopus nitidus,Green Warbler,0.648,psl3,2024,06,08,06
879.0,882.0,Phylloscopus nitidus,Green Warbler,0.9227,psl3,2024,06,08,06
42.0,45.0,Phylloscopus occipitalis,Western Crowned Warbler,0.6107,psl3,2024,06,08,07
96.0,99.0,Protonotaria citrea,Prothonotary Warbler,0.699,psl3,2024,06,08,07
117.0,120.0,Phylloscopus occipitalis,Western Crowned Warbler,0.9637,psl3,2024,06,08,07
162.0,165.0,Phylloscopus occipitalis,Western Crowned Warbler,0.5041,psl3,2024,06,08,07
171.0,174.0,Phylloscopus occipitalis,Western Crowned Warbler,0.9067,psl3,2024,06,08,07
210.0,213.0,Phylloscopus occipitalis,Western Crowned Warbler,0.9506,psl3,2024,06,08,07
636.0,639.0,Spinus spinus,Eurasian Siskin,0.5971,psl3,2024,06,08,07
657.0,660.0,Tarsiger rufilatus,Himalayan Bluetail,0.6813,psl3,2024,06,08,07
18.0,21.0,Phylloscopus occipitalis,Western Crowned Warbler,0.7201,psl3,2024,06,09,05
24.0,27.0,Setophaga townsendi,Townsend's Warbler,0.6414,psl3,2024,06,09,05
36.0,39.0,Phylloscopus occipitalis,Western Crowned Warbler,0.525,psl3,2024,06,09,05
36.0,39.0,Protonotaria citrea,Prothonotary Warbler,0.5133,psl3,2024,06,09,05
51.0,54.0,Protonotaria citrea,Prothonotary Warbler,0.7478,psl3,2024,06,09,05
54.0,57.0,Phylloscopus occipitalis,Western Crowned Warbler,0.6585,psl3,2024,06,09,05
69.0,72.0,Phylloscopus occipitalis,Western Crowned Warbler,0.5383,psl3,2024,06,09,05
84.0,87.0,Phylloscopus occipitalis,Western Crowned Warbler,0.5528,psl3,2024,06,09,05
90.0,93.0,Phylloscopus occipitalis,Western Crowned Warbler,0.5608,psl3,2024,06,09,05
141.0,144.0,Phylloscopus occipitalis,Western Crowned Warbler,0.5969,psl3,2024,06,09,05
222.0,225.0,Phylloscopus occipitalis,Western Crowned Warbler,0.5295,psl3,2024,06,09,05
231.0,234.0,Phylloscopus occipitalis,Western Crowned Warbler,0.8261,psl3,2024,06,09,05
279.0,282.0,Protonotaria citrea,Prothonotary Warbler,0.515,psl3,2024,06,09,05
306.0,309.0,Protonotaria citrea,Prothonotary Warbler,0.615,psl3,2024,06,09,05
318.0,321.0,Protonotaria citrea,Prothonotary Warbler,0.6004,psl3,2024,06,09,05
351.0,354.0,Protonotaria citrea,Prothonotary Warbler,0.556,psl3,2024,06,09,05
372.0,375.0,Phylloscopus occipitalis,Western Crowned Warbler,0.7131,psl3,2024,06,09,05
396.0,399.0,Protonotaria citrea,Prothonotary Warbler,0.5754,psl3,2024,06,09,05
423.0,426.0,Phylloscopus occipitalis,Western Crowned Warbler,0.6097,psl3,2024,06,09,05
426.0,429.0,Protonotaria citrea,Prothonotary Warbler,0.6776,psl3,2024,06,09,05
435.0,438.0,Phylloscopus occipitalis,Western Crowned Warbler,0.6231,psl3,2024,06,09,05
474.0,477.0,Phylloscopus occipitalis,Western Crowned Warbler,0.5243,psl3,2024,06,09,05
480.0,483.0,Phylloscopus occipitalis,Western Crowned Warbler,0.6183,psl3,2024,06,09,05
486.0,489.0,Phylloscopus occipitalis,Western Crowned Warbler,0.7205,psl3,2024,06,09,05
489.0,492.0,Phylloscopus occipitalis,Western Crowned Warbler,0.902,psl3,2024,06,09,05
489.0,492.0,Phylloscopus tytleri,Tytler's Leaf Warbler,0.5795,psl3,2024,06,09,05
495.0,498.0,Phylloscopus occipitalis,Western Crowned Warbler,0.5771,psl3,2024,06,09,05
498.0,501.0,Phylloscopus occipitalis,Western Crowned Warbler,0.6841,psl3,2024,06,09,05
522.0,525.0,Phylloscopus occipitalis,Western Crowned Warbler,0.5797,psl3,2024,06,09,05
525.0,528.0,Phylloscopus occipitalis,Western Crowned Warbler,0.994,psl3,2024,06,09,05
531.0,534.0,Phylloscopus occipitalis,Western Crowned Warbler,0.8449,psl3,2024,06,09,05
534.0,537.0,Phylloscopus occipitalis,Western Crowned Warbler,0.9762,psl3,2024,06,09,05
537.0,540.0,Phylloscopus occipitalis,Western Crowned Warbler,0.845,psl3,2024,06,09,05
537.0,540.0,Phylloscopus reguloides,Blyth's Leaf Warbler,0.7304,psl3,2024,06,09,05
540.0,543.0,Phylloscopus reguloides,Blyth's Leaf Warbler,0.888,psl3,2024,06,09,05
540.0,543.0,Phylloscopus occipitalis,Western Crowned Warbler,0.6619,psl3,2024,06,09,05
543.0,546.0,Phylloscopus occipitalis,Western Crowned Warbler,0.6721,psl3,2024,06,09,05
546.0,549.0,Phylloscopus occipitalis,Western Crowned Warbler,0.7663,psl3,2024,06,09,05
546.0,549.0,Phylloscopus reguloides,Blyth's Leaf Warbler,0.7206,psl3,2024,06,09,05
549.0,552.0,Phylloscopus maculipennis,Ashy-throated Warbler,0.529,psl3,2024,06,09,05
552.0,555.0,Phylloscopus occipitalis,Western Crowned Warbler,0.5501,psl3,2024,06,09,05
558.0,561.0,Phylloscopus occipitalis,Western Crowned Warbler,0.9449,psl3,2024,06,09,05
567.0,570.0,Phylloscopus occipitalis,Western Crowned Warbler,0.9859,psl3,2024,06,09,05
576.0,579.0,Phylloscopus occipitalis,Western Crowned Warbler,0.9883,psl3,2024,06,09,05
582.0,585.0,Phylloscopus occipitalis,Western Crowned Warbler,0.9879,psl3,2024,06,09,05
594.0,597.0,Phylloscopus occipitalis,Western Crowned Warbler,0.9823,psl3,2024,06,09,05
612.0,615.0,Setophaga magnolia,Magnolia Warbler,0.5786,psl3,2024,06,09,05
621.0,624.0,Phylloscopus occipitalis,Western Crowned Warbler,0.7213,psl3,2024,06,09,05
630.0,633.0,Phylloscopus occipitalis,Western Crowned Warbler,0.8996,psl3,2024,06,09,05
633.0,636.0,Phylloscopus occipitalis,Western Crowned Warbler,0.7942,psl3,2024,06,09,05
642.0,645.0,Phylloscopus occipitalis,Western Crowned Warbler,0.7786,psl3,2024,06,09,05
651.0,654.0,Phylloscopus occipitalis,Western Crowned Warbler,0.624,psl3,2024,06,09,05
657.0,660.0,Phylloscopus reguloides,Blyth's Leaf Warbler,0.797,psl3,2024,06,09,05
663.0,666.0,Phylloscopus nitidus,Green Warbler,0.6831,psl3,2024,06,09,05
690.0,693.0,Phylloscopus reguloides,Blyth's Leaf Warbler,0.6349,psl3,2024,06,09,05
693.0,696.0,Phylloscopus occipitalis,Western Crowned Warbler,0.9402,psl3,2024,06,09,05
702.0,705.0,Phylloscopus occipitalis,Western Crowned Warbler,0.9915,psl3,2024,06,09,05
708.0,711.0,Phylloscopus nitidus,Green Warbler,0.56,psl3,2024,06,09,05
714.0,717.0,Phylloscopus occipitalis,Western Crowned Warbler,0.6269,psl3,2024,06,09,05
726.0,729.0,Phylloscopus nitidus,Green Warbler,0.5979,psl3,2024,06,09,05
729.0,732.0,Phylloscopus occipitalis,Western Crowned Warbler,0.9571,psl3,2024,06,09,05
744.0,747.0,Phylloscopus occipitalis,Western Crowned Warbler,0.9607,psl3,2024,06,09,05
747.0,750.0,Phylloscopus occipitalis,Western Crowned Warbler,0.5215,psl3,2024,06,09,05
753.0,756.0,Phylloscopus occipitalis,Western Crowned Warbler,0.888,psl3,2024,06,09,05
753.0,756.0,Phylloscopus reguloides,Blyth's Leaf Warbler,0.8483,psl3,2024,06,09,05
759.0,762.0,Phylloscopus occipitalis,Western Crowned Warbler,0.828,psl3,2024,06,09,05
768.0,771.0,Phylloscopus occipitalis,Western Crowned Warbler,0.745,psl3,2024,06,09,05
771.0,774.0,Phylloscopus occipitalis,Western Crowned Warbler,0.9887,psl3,2024,06,09,05
771.0,774.0,Protonotaria citrea,Prothonotary Warbler,0.6066,psl3,2024,06,09,05
804.0,807.0,Phylloscopus occipitalis,Western Crowned Warbler,0.5544,psl3,2024,06,09,05
807.0,810.0,Phylloscopus nitidus,Green Warbler,0.942,psl3,2024,06,09,05
831.0,834.0,Phylloscopus trochiloides,Greenish Warbler,0.5804,psl3,2024,06,09,05
879.0,882.0,Phylloscopus occipitalis,Western Crowned Warbler,0.9705,psl3,2024,06,09,05
24.0,27.0,Larvivora brunnea,Indian Blue Robin,0.9839,psl3,2024,06,09,06
30.0,33.0,Phylloscopus occipitalis,Western Crowned Warbler,0.9357,psl3,2024,06,09,06
33.0,36.0,Phylloscopus occipitalis,Western Crowned Warbler,0.9647,psl3,2024,06,09,06
42.0,45.0,Phylloscopus occipitalis,Western Crowned Warbler,0.7514,psl3,2024,06,09,06
60.0,63.0,Phylloscopus occipitalis,Western Crowned Warbler,0.9919,psl3,2024,06,09,06
72.0,75.0,Phylloscopus nitidus,Green Warbler,0.6307,psl3,2024,06,09,06
141.0,144.0,Phylloscopus reguloides,Blyth's Leaf Warbler,0.6662,psl3,2024,06,09,06
147.0,150.0,Phylloscopus trochiloides,Greenish Warbler,0.722,psl3,2024,06,09,06
117.0,120.0,Thalasseus sandvicensis,Sandwich Tern,0.7183,psl3,2024,06,09,07
162.0,165.0,Larvivora brunnea,Indian Blue Robin,0.6916,psl3,2024,06,09,07
240.0,243.0,Larvivora brunnea,Indian Blue Robin,0.8103,psl3,2024,06,09,07
276.0,279.0,Larvivora brunnea,Indian Blue Robin,0.5596,psl3,2024,06,09,07
279.0,282.0,Larvivora brunnea,Indian Blue Robin,0.8964,psl3,2024,06,09,07
303.0,306.0,Larvivora brunnea,Indian Blue Robin,0.9908,psl3,2024,06,09,07
309.0,312.0,Thalasseus sandvicensis,Sandwich Tern,0.5082,psl3,2024,06,09,07
312.0,315.0,Prinia socialis,Ashy Prinia,0.5136,psl3,2024,06,09,07
327.0,330.0,Larvivora brunnea,Indian Blue Robin,0.9788,psl3,2024,06,09,07
360.0,363.0,Larvivora brunnea,Indian Blue Robin,0.6289,psl3,2024,06,09,07
381.0,384.0,Larvivora brunnea,Indian Blue Robin,0.9742,psl3,2024,06,09,07
468.0,471.0,Larvivora brunnea,Indian Blue Robin,0.9889,psl3,2024,06,09,07
513.0,516.0,Larvivora brunnea,Indian Blue Robin,0.9878,psl3,2024,06,09,07
558.0,561.0,Larvivora brunnea,Indian Blue Robin,0.959,psl3,2024,06,09,07
600.0,603.0,Larvivora brunnea,Indian Blue Robin,0.8661,psl3,2024,06,09,07
603.0,606.0,Larvivora brunnea,Indian Blue Robin,0.9755,psl3,2024,06,09,07
621.0,624.0,Pnoepyga pusilla,Pygmy Cupwing,0.5716,psl3,2024,06,09,07
624.0,627.0,Larvivora brunnea,Indian Blue Robin,0.9985,psl3,2024,06,09,07
636.0,639.0,Larvivora brunnea,Indian Blue Robin,0.598,psl3,2024,06,09,07
639.0,642.0,Larvivora brunnea,Indian Blue Robin,0.9989,psl3,2024,06,09,07
675.0,678.0,Larvivora brunnea,Indian Blue Robin,0.9288,psl3,2024,06,09,07
708.0,711.0,Larvivora brunnea,Indian Blue Robin,0.9948,psl3,2024,06,09,07
729.0,732.0,Larvivora brunnea,Indian Blue Robin,0.8797,psl3,2024,06,09,07
735.0,738.0,Larvivora brunnea,Indian Blue Robin,0.9964,psl3,2024,06,09,07
759.0,762.0,Larvivora brunnea,Indian Blue Robin,0.8689,psl3,2024,06,09,07
762.0,765.0,Larvivora brunnea,Indian Blue Robin,0.944,psl3,2024,06,09,07
765.0,768.0,Phylloscopus occipitalis,Western Crowned Warbler,0.8125,psl3,2024,06,09,07
765.0,768.0,Phylloscopus tytleri,Tytler's Leaf Warbler,0.6053,psl3,2024,06,09,07
774.0,777.0,Larvivora brunnea,Indian Blue Robin,0.9561,psl3,2024,06,09,07
801.0,804.0,Phylloscopus occipitalis,Western Crowned Warbler,0.6076,psl3,2024,06,09,07
804.0,807.0,Phylloscopus occipitalis,Western Crowned Warbler,0.7107,psl3,2024,06,09,07
825.0,828.0,Larvivora brunnea,Indian Blue Robin,0.9969,psl3,2024,06,09,07
837.0,840.0,Phylloscopus occipitalis,Western Crowned Warbler,0.8574,psl3,2024,06,09,07
843.0,846.0,Larvivora brunnea,Indian Blue Robin,0.8785,psl3,2024,06,09,07
846.0,849.0,Phylloscopus occipitalis,Western Crowned Warbler,0.9625,psl3,2024,06,09,07
855.0,858.0,Phylloscopus occipitalis,Western Crowned Warbler,0.94,psl3,2024,06,09,07
879.0,882.0,Larvivora brunnea,Indian Blue Robin,0.9263,psl3,2024,06,09,07
891.0,894.0,Larvivora brunnea,Indian Blue Robin,0.9532,psl3,2024,06,09,07
0.0,3.0,Phylloscopus occipitalis,Western Crowned Warbler,0.8947,psl3,2024,06,10,05
6.0,9.0,Phylloscopus occipitalis,Western Crowned Warbler,0.875,psl3,2024,06,10,05
12.0,15.0,Phylloscopus occipitalis,Western Crowned Warbler,0.6576,psl3,2024,06,10,05
24.0,27.0,Phylloscopus reguloides,Blyth's Leaf Warbler,0.5077,psl3,2024,06,10,05
27.0,30.0,Phylloscopus occipitalis,Western Crowned Warbler,0.9937,psl3,2024,06,10,05
30.0,33.0,Phylloscopus occipitalis,Western Crowned Warbler,0.9002,psl3,2024,06,10,05
30.0,33.0,Phylloscopus reguloides,Blyth's Leaf Warbler,0.6229,psl3,2024,06,10,05
33.0,36.0,Phylloscopus occipitalis,Western Crowned Warbler,0.935,psl3,2024,06,10,05
36.0,39.0,Phylloscopus occipitalis,Western Crowned Warbler,0.9941,psl3,2024,06,10,05
39.0,42.0,Phylloscopus occipitalis,Western Crowned Warbler,0.9838,psl3,2024,06,10,05
42.0,45.0,Phylloscopus occipitalis,Western Crowned Warbler,0.9681,psl3,2024,06,10,05
45.0,48.0,Phylloscopus occipitalis,Western Crowned Warbler,0.9664,psl3,2024,06,10,05
48.0,51.0,Phylloscopus occipitalis,Western Crowned Warbler,0.8658,psl3,2024,06,10,05
51.0,54.0,Phylloscopus occipitalis,Western Crowned Warbler,0.9725,psl3,2024,06,10,05
54.0,57.0,Phylloscopus occipitalis,Western Crowned Warbler,0.7423,psl3,2024,06,10,05
57.0,60.0,Phylloscopus occipitalis,Western Crowned Warbler,0.8891,psl3,2024,06,10,05
63.0,66.0,Phylloscopus occipitalis,Western Crowned Warbler,0.9833,psl3,2024,06,10,05
66.0,69.0,Phylloscopus occipitalis,Western Crowned Warbler,0.6768,psl3,2024,06,10,05
69.0,72.0,Phylloscopus occipitalis,Western Crowned Warbler,0.958,psl3,2024,06,10,05
72.0,75.0,Phylloscopus occipitalis,Western Crowned Warbler,0.9241,psl3,2024,06,10,05
75.0,78.0,Phylloscopus occipitalis,Western Crowned Warbler,0.7211,psl3,2024,06,10,05
78.0,81.0,Phylloscopus occipitalis,Western Crowned Warbler,0.9133,psl3,2024,06,10,05
84.0,87.0,Phylloscopus occipitalis,Western Crowned Warbler,0.9731,psl3,2024,06,10,05
90.0,93.0,Phylloscopus occipitalis,Western Crowned Warbler,0.9667,psl3,2024,06,10,05
93.0,96.0,Phylloscopus occipitalis,Western Crowned Warbler,0.7709,psl3,2024,06,10,05
96.0,99.0,Phylloscopus occipitalis,Western Crowned Warbler,0.9344,psl3,2024,06,10,05
96.0,99.0,Phylloscopus reguloides,Blyth's Leaf Warbler,0.5559,psl3,2024,06,10,05
108.0,111.0,Phylloscopus occipitalis,Western Crowned Warbler,0.7156,psl3,2024,06,10,05
114.0,117.0,Phylloscopus occipitalis,Western Crowned Warbler,0.7159,psl3,2024,06,10,05
114.0,117.0,Phylloscopus tytleri,Tytler's Leaf Warbler,0.5298,psl3,2024,06,10,05
120.0,123.0,Phylloscopus occipitalis,Western Crowned Warbler,0.9234,psl3,2024,06,10,05
123.0,126.0,Phylloscopus occipitalis,Western Crowned Warbler,0.9559,psl3,2024,06,10,05
129.0,132.0,Phylloscopus occipitalis,Western Crowned Warbler,0.8265,psl3,2024,06,10,05
135.0,138.0,Phylloscopus occipitalis,Western Crowned Warbler,0.9611,psl3,2024,06,10,05
141.0,144.0,Phylloscopus occipitalis,Western Crowned Warbler,0.7775,psl3,2024,06,10,05
144.0,147.0,Phylloscopus occipitalis,Western Crowned Warbler,0.991,psl3,2024,06,10,05
150.0,153.0,Phylloscopus reguloides,Blyth's Leaf Warbler,0.7058,psl3,2024,06,10,05
171.0,174.0,Phylloscopus occipitalis,Western Crowned Warbler,0.5508,psl3,2024,06,10,05
174.0,177.0,Phylloscopus tytleri,Tytler's Leaf Warbler,0.6495,psl3,2024,06,10,05
267.0,270.0,Protonotaria citrea,Prothonotary Warbler,0.6561,psl3,2024,06,10,05
279.0,282.0,Protonotaria citrea,Prothonotary Warbler,0.5654,psl3,2024,06,10,05
291.0,294.0,Protonotaria citrea,Prothonotary Warbler,0.7298,psl3,2024,06,10,05
321.0,324.0,Phylloscopus occipitalis,Western Crowned Warbler,0.5337,psl3,2024,06,10,05
342.0,345.0,Phylloscopus tytleri,Tytler's Leaf Warbler,0.659,psl3,2024,06,10,05
372.0,375.0,Phylloscopus occipitalis,Western Crowned Warbler,0.5754,psl3,2024,06,10,05
381.0,384.0,Phylloscopus occipitalis,Western Crowned Warbler,0.7058,psl3,2024,06,10,05
381.0,384.0,Protonotaria citrea,Prothonotary Warbler,0.6073,psl3,2024,06,10,05
387.0,390.0,Larvivora brunnea,Indian Blue Robin,0.8293,psl3,2024,06,10,05
402.0,405.0,Phylloscopus occipitalis,Western Crowned Warbler,0.7681,psl3,2024,06,10,05
420.0,423.0,Phylloscopus tytleri,Tytler's Leaf Warbler,0.5415,psl3,2024,06,10,05
441.0,444.0,Phylloscopus reguloides,Blyth's Leaf Warbler,0.5893,psl3,2024,06,10,05
444.0,447.0,Phylloscopus occipitalis,Western Crowned Warbler,0.9779,psl3,2024,06,10,05
456.0,459.0,Phylloscopus occipitalis,Western Crowned Warbler,0.9553,psl3,2024,06,10,05
471.0,474.0,Protonotaria citrea,Prothonotary Warbler,0.6554,psl3,2024,06,10,05
477.0,480.0,Phylloscopus occipitalis,Western Crowned Warbler,0.5915,psl3,2024,06,10,05
480.0,483.0,Phylloscopus occipitalis,Western Crowned Warbler,0.9737,psl3,2024,06,10,05
483.0,486.0,Phylloscopus occipitalis,Western Crowned Warbler,0.8437,psl3,2024,06,10,05
489.0,492.0,Phylloscopus occipitalis,Western Crowned Warbler,0.8794,psl3,2024,06,10,05
492.0,495.0,Phylloscopus occipitalis,Western Crowned Warbler,0.9614,psl3,2024,06,10,05
501.0,504.0,Phylloscopus occipitalis,Western Crowned Warbler,0.8392,psl3,2024,06,10,05
501.0,504.0,Phylloscopus reguloides,Blyth's Leaf Warbler,0.5176,psl3,2024,06,10,05
507.0,510.0,Phylloscopus reguloides,Blyth's Leaf Warbler,0.6114,psl3,2024,06,10,05
507.0,510.0,Phylloscopus occipitalis,Western Crowned Warbler,0.5346,psl3,2024,06,10,05
510.0,513.0,Phylloscopus occipitalis,Western Crowned Warbler,0.8421,psl3,2024,06,10,05
516.0,519.0,Phylloscopus occipitalis,Western Crowned Warbler,0.7196,psl3,2024,06,10,05
525.0,528.0,Phylloscopus occipitalis,Western Crowned Warbler,0.6773,psl3,2024,06,10,05
534.0,537.0,Phylloscopus occipitalis,Western Crowned Warbler,0.6637,psl3,2024,06,10,05
543.0,546.0,Larvivora brunnea,Indian Blue Robin,0.7226,psl3,2024,06,10,05
552.0,555.0,Phylloscopus occipitalis,Western Crowned Warbler,0.5157,psl3,2024,06,10,05
558.0,561.0,Phylloscopus occipitalis,Western Crowned Warbler,0.8162,psl3,2024,06,10,05
561.0,564.0,Larvivora brunnea,Indian Blue Robin,0.9643,psl3,2024,06,10,05
579.0,582.0,Larvivora brunnea,Indian Blue Robin,0.9971,psl3,2024,06,10,05
585.0,588.0,Phylloscopus occipitalis,Western Crowned Warbler,0.8994,psl3,2024,06,10,05
588.0,591.0,Phylloscopus occipitalis,Western Crowned Warbler,0.9547,psl3,2024,06,10,05
591.0,594.0,Phylloscopus occipitalis,Western Crowned Warbler,0.9277,psl3,2024,06,10,05
594.0,597.0,Phylloscopus occipitalis,Western Crowned Warbler,0.8239,psl3,2024,06,10,05
597.0,600.0,Phylloscopus occipitalis,Western Crowned Warbler,0.9565,psl3,2024,06,10,05
600.0,603.0,Larvivora brunnea,Indian Blue Robin,0.9798,psl3,2024,06,10,05
603.0,606.0,Phylloscopus occipitalis,Western Crowned Warbler,0.5149,psl3,2024,06,10,05
606.0,609.0,Phylloscopus occipitalis,Western Crowned Warbler,0.7463,psl3,2024,06,10,05
609.0,612.0,Phylloscopus occipitalis,Western Crowned Warbler,0.9398,psl3,2024,06,10,05
612.0,615.0,Larvivora brunnea,Indian Blue Robin,0.9923,psl3,2024,06,10,05
621.0,624.0,Phylloscopus occipitalis,Western Crowned Warbler,0.9135,psl3,2024,06,10,05
624.0,627.0,Phylloscopus reguloides,Blyth's Leaf Warbler,0.6549,psl3,2024,06,10,05
630.0,633.0,Phylloscopus occipitalis,Western Crowned Warbler,0.7352,psl3,2024,06,10,05
633.0,636.0,Protonotaria citrea,Prothonotary Warbler,0.9369,psl3,2024,06,10,05
633.0,636.0,Phylloscopus occipitalis,Western Crowned Warbler,0.697,psl3,2024,06,10,05
645.0,648.0,Phylloscopus occipitalis,Western Crowned Warbler,0.9785,psl3,2024,06,10,05
648.0,651.0,Phylloscopus occipitalis,Western Crowned Warbler,0.8855,psl3,2024,06,10,05
657.0,660.0,Phylloscopus occipitalis,Western Crowned Warbler,0.8316,psl3,2024,06,10,05
666.0,669.0,Phylloscopus occipitalis,Western Crowned Warbler,0.9867,psl3,2024,06,10,05
669.0,672.0,Phylloscopus occipitalis,Western Crowned Warbler,0.8273,psl3,2024,06,10,05
672.0,675.0,Phylloscopus reguloides,Blyth's Leaf Warbler,0.7611,psl3,2024,06,10,05
672.0,675.0,Phylloscopus occipitalis,Western Crowned Warbler,0.5996,psl3,2024,06,10,05
675.0,678.0,Phylloscopus occipitalis,Western Crowned Warbler,0.927,psl3,2024,06,10,05
678.0,681.0,Phylloscopus occipitalis,Western Crowned Warbler,0.9638,psl3,2024,06,10,05
681.0,684.0,Phylloscopus occipitalis,Western Crowned Warbler,0.9946,psl3,2024,06,10,05
684.0,687.0,Phylloscopus occipitalis,Western Crowned Warbler,0.9854,psl3,2024,06,10,05
687.0,690.0,Phylloscopus occipitalis,Western Crowned Warbler,0.9562,psl3,2024,06,10,05
690.0,693.0,Phylloscopus occipitalis,Western Crowned Warbler,0.5501,psl3,2024,06,10,05
693.0,696.0,Phylloscopus occipitalis,Western Crowned Warbler,0.9032,psl3,2024,06,10,05
696.0,699.0,Phylloscopus occipitalis,Western Crowned Warbler,0.9952,psl3,2024,06,10,05
699.0,702.0,Phylloscopus occipitalis,Western Crowned Warbler,0.9778,psl3,2024,06,10,05
702.0,705.0,Phylloscopus occipitalis,Western Crowned Warbler,0.9411,psl3,2024,06,10,05
705.0,708.0,Phylloscopus occipitalis,Western Crowned Warbler,0.5865,psl3,2024,06,10,05
708.0,711.0,Phylloscopus occipitalis,Western Crowned Warbler,0.966,psl3,2024,06,10,05
711.0,714.0,Phylloscopus occipitalis,Western Crowned Warbler,0.8534,psl3,2024,06,10,05
714.0,717.0,Phylloscopus occipitalis,Western Crowned Warbler,0.7057,psl3,2024,06,10,05
717.0,720.0,Phylloscopus occipitalis,Western Crowned Warbler,0.9357,psl3,2024,06,10,05
720.0,723.0,Phylloscopus reguloides,Blyth's Leaf Warbler,0.5833,psl3,2024,06,10,05
723.0,726.0,Phylloscopus occipitalis,Western Crowned Warbler,0.8748,psl3,2024,06,10,05
729.0,732.0,Phylloscopus occipitalis,Western Crowned Warbler,0.7476,psl3,2024,06,10,05
732.0,735.0,Phylloscopus occipitalis,Western Crowned Warbler,0.8187,psl3,2024,06,10,05
735.0,738.0,Phylloscopus occipitalis,Western Crowned Warbler,0.7762,psl3,2024,06,10,05
738.0,741.0,Phylloscopus occipitalis,Western Crowned Warbler,0.965,psl3,2024,06,10,05
744.0,747.0,Phylloscopus occipitalis,Western Crowned Warbler,0.8175,psl3,2024,06,10,05
744.0,747.0,Phylloscopus reguloides,Blyth's Leaf Warbler,0.7434,psl3,2024,06,10,05
750.0,753.0,Phylloscopus occipitalis,Western Crowned Warbler,0.6801,psl3,2024,06,10,05
759.0,762.0,Phylloscopus occipitalis,Western Crowned Warbler,0.6594,psl3,2024,06,10,05
765.0,768.0,Phylloscopus occipitalis,Western Crowned Warbler,0.7769,psl3,2024,06,10,05
768.0,771.0,Phylloscopus occipitalis,Western Crowned Warbler,0.6363,psl3,2024,06,10,05
771.0,774.0,Phylloscopus occipitalis,Western Crowned Warbler,0.7628,psl3,2024,06,10,05
771.0,774.0,Phylloscopus reguloides,Blyth's Leaf Warbler,0.6206,psl3,2024,06,10,05
774.0,777.0,Phylloscopus occipitalis,Western Crowned Warbler,0.8386,psl3,2024,06,10,05
780.0,783.0,Phylloscopus occipitalis,Western Crowned Warbler,0.9443,psl3,2024,06,10,05
783.0,786.0,Phylloscopus occipitalis,Western Crowned Warbler,0.9712,psl3,2024,06,10,05
786.0,789.0,Phylloscopus occipitalis,Western Crowned Warbler,0.5926,psl3,2024,06,10,05
789.0,792.0,Phylloscopus occipitalis,Western Crowned Warbler,0.8953,psl3,2024,06,10,05
792.0,795.0,Phylloscopus occipitalis,Western Crowned Warbler,0.522,psl3,2024,06,10,05
795.0,798.0,Phylloscopus occipitalis,Western Crowned Warbler,0.7244,psl3,2024,06,10,05
843.0,846.0,Phylloscopus occipitalis,Western Crowned Warbler,0.9622,psl3,2024,06,10,05
849.0,852.0,Phylloscopus tytleri,Tytler's Leaf Warbler,0.5575,psl3,2024,06,10,05
891.0,894.0,Phylloscopus occipitalis,Western Crowned Warbler,0.8699,psl3,2024,06,10,05
318.0,321.0,Phylloscopus occipitalis,Western Crowned Warbler,0.6167,psl3,2024,06,10,06
324.0,327.0,Larvivora brunnea,Indian Blue Robin,0.5943,psl3,2024,06,10,06
339.0,342.0,Phylloscopus occipitalis,Western Crowned Warbler,0.8095,psl3,2024,06,10,06
435.0,438.0,Phylloscopus occipitalis,Western Crowned Warbler,0.9151,psl3,2024,06,10,06
468.0,471.0,Phylloscopus occipitalis,Western Crowned Warbler,0.6518,psl3,2024,06,10,06
471.0,474.0,Phylloscopus occipitalis,Western Crowned Warbler,0.834,psl3,2024,06,10,06
492.0,495.0,Phylloscopus tytleri,Tytler's Leaf Warbler,0.5012,psl3,2024,06,10,06
501.0,504.0,Phylloscopus occipitalis,Western Crowned Warbler,0.8679,psl3,2024,06,10,06
504.0,507.0,Phylloscopus occipitalis,Western Crowned Warbler,0.8355,psl3,2024,06,10,06
516.0,519.0,Phylloscopus trochiloides,Greenish Warbler,0.5224,psl3,2024,06,10,06
519.0,522.0,Phylloscopus occipitalis,Western Crowned Warbler,0.9864,psl3,2024,06,10,06
537.0,540.0,Phylloscopus occipitalis,Western Crowned Warbler,0.9258,psl3,2024,06,10,06
543.0,546.0,Phylloscopus nitidus,Green Warbler,0.8492,psl3,2024,06,10,06
552.0,555.0,Phylloscopus nitidus,Green Warbler,0.9387,psl3,2024,06,10,06
552.0,555.0,Phylloscopus trochiloides,Greenish Warbler,0.5681,psl3,2024,06,10,06
561.0,564.0,Phylloscopus occipitalis,Western Crowned Warbler,0.8594,psl3,2024,06,10,06
633.0,636.0,Phylloscopus occipitalis,Western Crowned Warbler,0.9237,psl3,2024,06,10,06
651.0,654.0,Phylloscopus occipitalis,Western Crowned Warbler,0.6598,psl3,2024,06,10,06
705.0,708.0,Tringa ochropus,Green Sandpiper,0.5984,psl3,2024,06,10,06
735.0,738.0,Phylloscopus occipitalis,Western Crowned Warbler,0.8374,psl3,2024,06,10,06
738.0,741.0,Phylloscopus occipitalis,Western Crowned Warbler,0.748,psl3,2024,06,10,06
744.0,747.0,Phylloscopus occipitalis,Western Crowned Warbler,0.8166,psl3,2024,06,10,06
747.0,750.0,Phylloscopus occipitalis,Western Crowned Warbler,0.6695,psl3,2024,06,10,06
750.0,753.0,Phylloscopus occipitalis,Western Crowned Warbler,0.6741,psl3,2024,06,10,06
756.0,759.0,Phylloscopus occipitalis,Western Crowned Warbler,0.562,psl3,2024,06,10,06
768.0,771.0,Phylloscopus occipitalis,Western Crowned Warbler,0.9857,psl3,2024,06,10,06
780.0,783.0,Protonotaria citrea,Prothonotary Warbler,0.748,psl3,2024,06,10,06
789.0,792.0,Phylloscopus occipitalis,Western Crowned Warbler,0.8244,psl3,2024,06,10,06
792.0,795.0,Phylloscopus occipitalis,Western Crowned Warbler,0.9151,psl3,2024,06,10,06
798.0,801.0,Phylloscopus occipitalis,Western Crowned Warbler,0.7412,psl3,2024,06,10,06
801.0,804.0,Phylloscopus occipitalis,Western Crowned Warbler,0.59,psl3,2024,06,10,06
807.0,810.0,Phylloscopus occipitalis,Western Crowned Warbler,0.6957,psl3,2024,06,10,06
810.0,813.0,Phylloscopus occipitalis,Western Crowned Warbler,0.8971,psl3,2024,06,10,06
822.0,825.0,Phylloscopus occipitalis,Western Crowned Warbler,0.5942,psl3,2024,06,10,06
834.0,837.0,Phylloscopus occipitalis,Western Crowned Warbler,0.7959,psl3,2024,06,10,06
837.0,840.0,Phylloscopus reguloides,Blyth's Leaf Warbler,0.5374,psl3,2024,06,10,06
843.0,846.0,Phylloscopus occipitalis,Western Crowned Warbler,0.7103,psl3,2024,06,10,06
861.0,864.0,Phylloscopus occipitalis,Western Crowned Warbler,0.7841,psl3,2024,06,10,06
867.0,870.0,Phylloscopus occipitalis,Western Crowned Warbler,0.7455,psl3,2024,06,10,06
876.0,879.0,Phylloscopus occipitalis,Western Crowned Warbler,0.6972,psl3,2024,06,10,06
888.0,891.0,Phylloscopus occipitalis,Western Crowned Warbler,0.5711,psl3,2024,06,10,06
897.0,900.0,Phylloscopus occipitalis,Western Crowned Warbler,0.7354,psl3,2024,06,10,06
3.0,6.0,Larvivora brunnea,Indian Blue Robin,0.794,psl3,2024,06,10,07
6.0,9.0,Larvivora brunnea,Indian Blue Robin,0.7192,psl3,2024,06,10,07
15.0,18.0,Larvivora brunnea,Indian Blue Robin,0.9469,psl3,2024,06,10,07
24.0,27.0,Larvivora brunnea,Indian Blue Robin,0.973,psl3,2024,06,10,07
36.0,39.0,Larvivora brunnea,Indian Blue Robin,0.9768,psl3,2024,06,10,07
36.0,39.0,Larvivora cyane,Siberian Blue Robin,0.564,psl3,2024,06,10,07
45.0,48.0,Larvivora brunnea,Indian Blue Robin,0.9948,psl3,2024,06,10,07
54.0,57.0,Larvivora brunnea,Indian Blue Robin,0.9803,psl3,2024,06,10,07
66.0,69.0,Larvivora brunnea,Indian Blue Robin,0.8182,psl3,2024,06,10,07
75.0,78.0,Larvivora brunnea,Indian Blue Robin,0.9637,psl3,2024,06,10,07
108.0,111.0,Larvivora brunnea,Indian Blue Robin,0.9518,psl3,2024,06,10,07
150.0,153.0,Larvivora brunnea,Indian Blue Robin,0.5627,psl3,2024,06,10,07
159.0,162.0,Larvivora brunnea,Indian Blue Robin,0.9985,psl3,2024,06,10,07
189.0,192.0,Pnoepyga pusilla,Pygmy Cupwing,0.7248,psl3,2024,06,10,07
192.0,195.0,Larvivora brunnea,Indian Blue Robin,0.9927,psl3,2024,06,10,07
219.0,222.0,Larvivora brunnea,Indian Blue Robin,0.86,psl3,2024,06,10,07
222.0,225.0,Larvivora brunnea,Indian Blue Robin,0.9122,psl3,2024,06,10,07
240.0,243.0,Larvivora brunnea,Indian Blue Robin,0.9992,psl3,2024,06,10,07
258.0,261.0,Larvivora brunnea,Indian Blue Robin,0.9966,psl3,2024,06,10,07
270.0,273.0,Larvivora brunnea,Indian Blue Robin,0.9944,psl3,2024,06,10,07
330.0,333.0,Larvivora brunnea,Indian Blue Robin,0.9969,psl3,2024,06,10,07
333.0,336.0,Ficedula hypoleuca,European Pied Flycatcher,0.5556,psl3,2024,06,10,07
369.0,372.0,Larvivora brunnea,Indian Blue Robin,0.9968,psl3,2024,06,10,07
387.0,390.0,Phylloscopus occipitalis,Western Crowned Warbler,0.6681,psl3,2024,06,10,07
408.0,411.0,Larvivora brunnea,Indian Blue Robin,0.922,psl3,2024,06,10,07
411.0,414.0,Phylloscopus occipitalis,Western Crowned Warbler,0.656,psl3,2024,06,10,07
411.0,414.0,Phylloscopus tytleri,Tytler's Leaf Warbler,0.5596,psl3,2024,06,10,07
426.0,429.0,Larvivora brunnea,Indian Blue Robin,0.8778,psl3,2024,06,10,07
456.0,459.0,Larvivora brunnea,Indian Blue Robin,0.622,psl3,2024,06,10,07
498.0,501.0,Larvivora brunnea,Indian Blue Robin,0.9987,psl3,2024,06,10,07
531.0,534.0,Larvivora brunnea,Indian Blue Robin,0.9503,psl3,2024,06,10,07
552.0,555.0,Larvivora brunnea,Indian Blue Robin,0.9803,psl3,2024,06,10,07
576.0,579.0,Larvivora brunnea,Indian Blue Robin,0.9895,psl3,2024,06,10,07
585.0,588.0,Larvivora brunnea,Indian Blue Robin,0.9941,psl3,2024,06,10,07
594.0,597.0,Larvivora brunnea,Indian Blue Robin,0.9948,psl3,2024,06,10,07
603.0,606.0,Larvivora brunnea,Indian Blue Robin,0.9972,psl3,2024,06,10,07
612.0,615.0,Larvivora brunnea,Indian Blue Robin,0.898,psl3,2024,06,10,07
615.0,618.0,Larvivora cyane,Siberian Blue Robin,0.5315,psl3,2024,06,10,07
621.0,624.0,Larvivora brunnea,Indian Blue Robin,0.6374,psl3,2024,06,10,07
621.0,624.0,Phylloscopus magnirostris,Large-billed Leaf Warbler,0.539,psl3,2024,06,10,07
630.0,633.0,Larvivora brunnea,Indian Blue Robin,0.7774,psl3,2024,06,10,07
633.0,636.0,Larvivora brunnea,Indian Blue Robin,0.9786,psl3,2024,06,10,07
651.0,654.0,Larvivora brunnea,Indian Blue Robin,0.8966,psl3,2024,06,10,07
654.0,657.0,Larvivora brunnea,Indian Blue Robin,0.5599,psl3,2024,06,10,07
663.0,666.0,Larvivora brunnea,Indian Blue Robin,0.9954,psl3,2024,06,10,07
672.0,675.0,Larvivora brunnea,Indian Blue Robin,0.9927,psl3,2024,06,10,07
681.0,684.0,Larvivora brunnea,Indian Blue Robin,0.9917,psl3,2024,06,10,07
690.0,693.0,Larvivora brunnea,Indian Blue Robin,0.9845,psl3,2024,06,10,07
702.0,705.0,Larvivora brunnea,Indian Blue Robin,0.9967,psl3,2024,06,10,07
711.0,714.0,Larvivora brunnea,Indian Blue Robin,0.9925,psl3,2024,06,10,07
723.0,726.0,Larvivora brunnea,Indian Blue Robin,0.9979,psl3,2024,06,10,07
738.0,741.0,Larvivora brunnea,Indian Blue Robin,0.9964,psl3,2024,06,10,07
747.0,750.0,Larvivora brunnea,Indian Blue Robin,0.9985,psl3,2024,06,10,07
750.0,753.0,Setophaga townsendi,Townsend's Warbler,0.5108,psl3,2024,06,10,07
756.0,759.0,Larvivora brunnea,Indian Blue Robin,0.7885,psl3,2024,06,10,07
759.0,762.0,Larvivora brunnea,Indian Blue Robin,0.9759,psl3,2024,06,10,07
768.0,771.0,Larvivora brunnea,Indian Blue Robin,0.9961,psl3,2024,06,10,07
777.0,780.0,Larvivora brunnea,Indian Blue Robin,0.9932,psl3,2024,06,10,07
780.0,783.0,Ficedula hypoleuca,European Pied Flycatcher,0.6352,psl3,2024,06,10,07
786.0,789.0,Larvivora brunnea,Indian Blue Robin,0.5509,psl3,2024,06,10,07
789.0,792.0,Larvivora brunnea,Indian Blue Robin,0.9866,psl3,2024,06,10,07
795.0,798.0,Larvivora brunnea,Indian Blue Robin,0.762,psl3,2024,06,10,07
798.0,801.0,Larvivora brunnea,Indian Blue Robin,0.947,psl3,2024,06,10,07
807.0,810.0,Larvivora brunnea,Indian Blue Robin,0.7795,psl3,2024,06,10,07
810.0,813.0,Larvivora brunnea,Indian Blue Robin,0.9734,psl3,2024,06,10,07
822.0,825.0,Larvivora brunnea,Indian Blue Robin,0.9959,psl3,2024,06,10,07
828.0,831.0,Protonotaria citrea,Prothonotary Warbler,0.5331,psl3,2024,06,10,07
831.0,834.0,Larvivora brunnea,Indian Blue Robin,0.997,psl3,2024,06,10,07
840.0,843.0,Larvivora brunnea,Indian Blue Robin,0.7258,psl3,2024,06,10,07
852.0,855.0,Larvivora brunnea,Indian Blue Robin,0.998,psl3,2024,06,10,07
864.0,867.0,Larvivora brunnea,Indian Blue Robin,0.9896,psl3,2024,06,10,07
870.0,873.0,Larvivora brunnea,Indian Blue Robin,0.796,psl3,2024,06,10,07
873.0,876.0,Larvivora brunnea,Indian Blue Robin,0.8651,psl3,2024,06,10,07
882.0,885.0,Larvivora brunnea,Indian Blue Robin,0.9979,psl3,2024,06,10,07
888.0,891.0,Larvivora brunnea,Indian Blue Robin,0.705,psl3,2024,06,10,07
891.0,894.0,Larvivora brunnea,Indian Blue Robin,0.9674,psl3,2024,06,10,07
150.0,153.0,Colaptes auratus,Northern Flicker,0.5753,psl3,2024,06,11,04
165.0,168.0,Contopus cooperi,Olive-sided Flycatcher,0.5434,psl3,2024,06,11,04
9.0,12.0,Setophaga townsendi,Townsend's Warbler,0.5242,psl3,2024,06,11,05
81.0,84.0,Larvivora brunnea,Indian Blue Robin,0.9611,psl3,2024,06,11,05
84.0,87.0,Catharus aurantiirostris,Orange-billed Nightingale-Thrush,0.9021,psl3,2024,06,11,05
114.0,117.0,Larvivora brunnea,Indian Blue Robin,0.9589,psl3,2024,06,11,05
126.0,129.0,Larvivora brunnea,Indian Blue Robin,0.895,psl3,2024,06,11,05
168.0,171.0,Larvivora brunnea,Indian Blue Robin,0.7523,psl3,2024,06,11,05
177.0,180.0,Larvivora brunnea,Indian Blue Robin,0.777,psl3,2024,06,11,05
222.0,225.0,Larvivora brunnea,Indian Blue Robin,0.8486,psl3,2024,06,11,05
363.0,366.0,Basileuterus rufifrons,Rufous-capped Warbler,0.5841,psl3,2024,06,11,05
405.0,408.0,Protonotaria citrea,Prothonotary Warbler,0.8844,psl3,2024,06,11,05
537.0,540.0,Phylloscopus occipitalis,Western Crowned Warbler,0.5786,psl3,2024,06,11,05
546.0,549.0,Phylloscopus tytleri,Tytler's Leaf Warbler,0.652,psl3,2024,06,11,05
633.0,636.0,Basileuterus rufifrons,Rufous-capped Warbler,0.7277,psl3,2024,06,11,05
654.0,657.0,Phylloscopus occipitalis,Western Crowned Warbler,0.569,psl3,2024,06,11,05
675.0,678.0,Phylloscopus occipitalis,Western Crowned Warbler,0.7688,psl3,2024,06,11,05
702.0,705.0,Phylloscopus occipitalis,Western Crowned Warbler,0.6006,psl3,2024,06,11,05
732.0,735.0,Phylloscopus occipitalis,Western Crowned Warbler,0.5526,psl3,2024,06,11,05
804.0,807.0,Phylloscopus occipitalis,Western Crowned Warbler,0.5922,psl3,2024,06,11,05
813.0,816.0,Protonotaria citrea,Prothonotary Warbler,0.857,psl3,2024,06,11,05
825.0,828.0,Phylloscopus occipitalis,Western Crowned Warbler,0.6358,psl3,2024,06,11,05
831.0,834.0,Phylloscopus occipitalis,Western Crowned Warbler,0.6987,psl3,2024,06,11,05
834.0,837.0,Phylloscopus occipitalis,Western Crowned Warbler,0.8967,psl3,2024,06,11,05
15.0,18.0,Tringa ochropus,Green Sandpiper,0.7943,psl3,2024,06,11,06
207.0,210.0,Phylloscopus magnirostris,Large-billed Leaf Warbler,0.6026,psl3,2024,06,11,06
249.0,252.0,Phylloscopus magnirostris,Large-billed Leaf Warbler,0.9452,psl3,2024,06,11,06
258.0,261.0,Larvivora brunnea,Indian Blue Robin,0.8443,psl3,2024,06,11,06
261.0,264.0,Phylloscopus magnirostris,Large-billed Leaf Warbler,0.8715,psl3,2024,06,11,06
267.0,270.0,Phylloscopus magnirostris,Large-billed Leaf Warbler,0.7703,psl3,2024,06,11,06
270.0,273.0,Phylloscopus magnirostris,Large-billed Leaf Warbler,0.9988,psl3,2024,06,11,06
285.0,288.0,Phylloscopus magnirostris,Large-billed Leaf Warbler,0.9912,psl3,2024,06,11,06
291.0,294.0,Phylloscopus magnirostris,Large-billed Leaf Warbler,0.992,psl3,2024,06,11,06
294.0,297.0,Phylloscopus magnirostris,Large-billed Leaf Warbler,0.8967,psl3,2024,06,11,06
297.0,300.0,Phylloscopus magnirostris,Large-billed Leaf Warbler,0.994,psl3,2024,06,11,06
300.0,303.0,Phylloscopus magnirostris,Large-billed Leaf Warbler,0.9459,psl3,2024,06,11,06
303.0,306.0,Phylloscopus magnirostris,Large-billed Leaf Warbler,0.5612,psl3,2024,06,11,06
387.0,390.0,Larvivora brunnea,Indian Blue Robin,0.5602,psl3,2024,06,11,06
387.0,390.0,Larvivora cyane,Siberian Blue Robin,0.534,psl3,2024,06,11,06
408.0,411.0,Actitis hypoleucos,Common Sandpiper,0.9521,psl3,2024,06,11,06
411.0,414.0,Larvivora brunnea,Indian Blue Robin,0.9828,psl3,2024,06,11,06
423.0,426.0,Larvivora brunnea,Indian Blue Robin,0.867,psl3,2024,06,11,06
444.0,447.0,Larvivora brunnea,Indian Blue Robin,0.579,psl3,2024,06,11,06
462.0,465.0,Actitis hypoleucos,Common Sandpiper,0.6245,psl3,2024,06,11,06
471.0,474.0,Larvivora brunnea,Indian Blue Robin,0.9908,psl3,2024,06,11,06
495.0,498.0,Larvivora brunnea,Indian Blue Robin,0.9879,psl3,2024,06,11,06
507.0,510.0,Larvivora brunnea,Indian Blue Robin,0.9402,psl3,2024,06,11,06
510.0,513.0,Larvivora brunnea,Indian Blue Robin,0.7868,psl3,2024,06,11,06
519.0,522.0,Larvivora brunnea,Indian Blue Robin,0.8277,psl3,2024,06,11,06
528.0,531.0,Larvivora brunnea,Indian Blue Robin,0.9031,psl3,2024,06,11,06
537.0,540.0,Larvivora brunnea,Indian Blue Robin,0.9913,psl3,2024,06,11,06
546.0,549.0,Larvivora brunnea,Indian Blue Robin,0.9778,psl3,2024,06,11,06
555.0,558.0,Larvivora brunnea,Indian Blue Robin,0.8134,psl3,2024,06,11,06
558.0,561.0,Larvivora brunnea,Indian Blue Robin,0.7424,psl3,2024,06,11,06
564.0,567.0,Larvivora brunnea,Indian Blue Robin,0.883,psl3,2024,06,11,06
573.0,576.0,Larvivora brunnea,Indian Blue Robin,0.7468,psl3,2024,06,11,06
582.0,585.0,Larvivora brunnea,Indian Blue Robin,0.8916,psl3,2024,06,11,06
594.0,597.0,Larvivora brunnea,Indian Blue Robin,0.841,psl3,2024,06,11,06
597.0,600.0,Actitis hypoleucos,Common Sandpiper,0.8213,psl3,2024,06,11,06
597.0,600.0,Phylloscopus magnirostris,Large-billed Leaf Warbler,0.7442,psl3,2024,06,11,06
603.0,606.0,Larvivora brunnea,Indian Blue Robin,0.7961,psl3,2024,06,11,06
606.0,609.0,Larvivora brunnea,Indian Blue Robin,0.9534,psl3,2024,06,11,06
615.0,618.0,Larvivora brunnea,Indian Blue Robin,0.8564,psl3,2024,06,11,06
618.0,621.0,Larvivora cyane,Siberian Blue Robin,0.9752,psl3,2024,06,11,06
618.0,621.0,Larvivora brunnea,Indian Blue Robin,0.7504,psl3,2024,06,11,06
624.0,627.0,Larvivora brunnea,Indian Blue Robin,0.9918,psl3,2024,06,11,06
627.0,630.0,Ficedula hypoleuca,European Pied Flycatcher,0.5916,psl3,2024,06,11,06
633.0,636.0,Larvivora brunnea,Indian Blue Robin,0.9947,psl3,2024,06,11,06
645.0,648.0,Larvivora brunnea,Indian Blue Robin,0.9862,psl3,2024,06,11,06
657.0,660.0,Larvivora brunnea,Indian Blue Robin,0.991,psl3,2024,06,11,06
660.0,663.0,Phylloscopus magnirostris,Large-billed Leaf Warbler,0.9653,psl3,2024,06,11,06
669.0,672.0,Larvivora brunnea,Indian Blue Robin,0.9825,psl3,2024,06,11,06
681.0,684.0,Larvivora brunnea,Indian Blue Robin,0.9805,psl3,2024,06,11,06
693.0,696.0,Phylloscopus magnirostris,Large-billed Leaf Warbler,0.8982,psl3,2024,06,11,06
702.0,705.0,Larvivora brunnea,Indian Blue Robin,0.9706,psl3,2024,06,11,06
711.0,714.0,Larvivora brunnea,Indian Blue Robin,0.9943,psl3,2024,06,11,06
723.0,726.0,Larvivora brunnea,Indian Blue Robin,0.8657,psl3,2024,06,11,06
732.0,735.0,Larvivora brunnea,Indian Blue Robin,0.9956,psl3,2024,06,11,06
744.0,747.0,Larvivora brunnea,Indian Blue Robin,0.9708,psl3,2024,06,11,06
756.0,759.0,Larvivora brunnea,Indian Blue Robin,0.6478,psl3,2024,06,11,06
783.0,786.0,Larvivora brunnea,Indian Blue Robin,0.9953,psl3,2024,06,11,06
795.0,798.0,Larvivora brunnea,Indian Blue Robin,0.6459,psl3,2024,06,11,06
336.0,339.0,Larvivora brunnea,Indian Blue Robin,0.6179,psl3,2024,06,11,07
348.0,351.0,Larvivora brunnea,Indian Blue Robin,0.8799,psl3,2024,06,11,07
360.0,363.0,Larvivora brunnea,Indian Blue Robin,0.5024,psl3,2024,06,11,07
369.0,372.0,Larvivora brunnea,Indian Blue Robin,0.5358,psl3,2024,06,11,07
381.0,384.0,Larvivora brunnea,Indian Blue Robin,0.6792,psl3,2024,06,11,07
387.0,390.0,Larvivora brunnea,Indian Blue Robin,0.5552,psl3,2024,06,11,07
390.0,393.0,Larvivora brunnea,Indian Blue Robin,0.902,psl3,2024,06,11,07
399.0,402.0,Larvivora brunnea,Indian Blue Robin,0.6765,psl3,2024,06,11,07
411.0,414.0,Larvivora brunnea,Indian Blue Robin,0.9525,psl3,2024,06,11,07
423.0,426.0,Larvivora brunnea,Indian Blue Robin,0.989,psl3,2024,06,11,07
438.0,441.0,Larvivora brunnea,Indian Blue Robin,0.8474,psl3,2024,06,11,07
447.0,450.0,Larvivora brunnea,Indian Blue Robin,0.584,psl3,2024,06,11,07
483.0,486.0,Larvivora brunnea,Indian Blue Robin,0.8246,psl3,2024,06,11,07
507.0,510.0,Larvivora brunnea,Indian Blue Robin,0.7066,psl3,2024,06,11,07
540.0,543.0,Larvivora brunnea,Indian Blue Robin,0.9742,psl3,2024,06,11,07
819.0,822.0,Phylloscopus occipitalis,Western Crowned Warbler,0.8473,psl3,2024,06,11,07
822.0,825.0,Protonotaria citrea,Prothonotary Warbler,0.8383,psl3,2024,06,11,07
828.0,831.0,Phylloscopus occipitalis,Western Crowned Warbler,0.5595,psl3,2024,06,11,07
3.0,6.0,Pyrrhula pyrrhula,Eurasian Bullfinch,0.7352,psl3,2024,06,12,05
9.0,12.0,Pyrrhula pyrrhula,Eurasian Bullfinch,0.7357,psl3,2024,06,12,05
15.0,18.0,Pyrrhula pyrrhula,Eurasian Bullfinch,0.5948,psl3,2024,06,12,05
18.0,21.0,Pyrrhula erythaca,Gray-headed Bullfinch,0.7647,psl3,2024,06,12,05
18.0,21.0,Pyrrhula pyrrhula,Eurasian Bullfinch,0.5796,psl3,2024,06,12,05
24.0,27.0,Baeolophus atricristatus,Black-crested Titmouse,0.7959,psl3,2024,06,12,05
24.0,27.0,Basileuterus rufifrons,Rufous-capped Warbler,0.5172,psl3,2024,06,12,05
30.0,33.0,Pyrrhula erythaca,Gray-headed Bullfinch,0.5259,psl3,2024,06,12,05
33.0,36.0,Pyrrhula erythaca,Gray-headed Bullfinch,0.7658,psl3,2024,06,12,05
33.0,36.0,Pyrrhula pyrrhula,Eurasian Bullfinch,0.6657,psl3,2024,06,12,05
36.0,39.0,Pyrrhula pyrrhula,Eurasian Bullfinch,0.818,psl3,2024,06,12,05
39.0,42.0,Pyrrhula erythaca,Gray-headed Bullfinch,0.6617,psl3,2024,06,12,05
39.0,42.0,Basileuterus rufifrons,Rufous-capped Warbler,0.5709,psl3,2024,06,12,05
42.0,45.0,Pyrrhula erythaca,Gray-headed Bullfinch,0.8881,psl3,2024,06,12,05
42.0,45.0,Pyrrhula pyrrhula,Eurasian Bullfinch,0.5513,psl3,2024,06,12,05
66.0,69.0,Protonotaria citrea,Prothonotary Warbler,0.7045,psl3,2024,06,12,05
93.0,96.0,Pyrrhula pyrrhula,Eurasian Bullfinch,0.8866,psl3,2024,06,12,05
105.0,108.0,Pyrrhula pyrrhula,Eurasian Bullfinch,0.9619,psl3,2024,06,12,05
108.0,111.0,Phylloscopus occipitalis,Western Crowned Warbler,0.5107,psl3,2024,06,12,05
120.0,123.0,Pyrrhula pyrrhula,Eurasian Bullfinch,0.9049,psl3,2024,06,12,05
129.0,132.0,Pyrrhula pyrrhula,Eurasian Bullfinch,0.7119,psl3,2024,06,12,05
135.0,138.0,Pyrrhula pyrrhula,Eurasian Bullfinch,0.9703,psl3,2024,06,12,05
135.0,138.0,Phylloscopus occipitalis,Western Crowned Warbler,0.8577,psl3,2024,06,12,05
135.0,138.0,Protonotaria citrea,Prothonotary Warbler,0.7733,psl3,2024,06,12,05
138.0,141.0,Pyrrhula pyrrhula,Eurasian Bullfinch,0.5509,psl3,2024,06,12,05
141.0,144.0,Pyrrhula pyrrhula,Eurasian Bullfinch,0.5401,psl3,2024,06,12,05
147.0,150.0,Baeolophus atricristatus,Black-crested Titmouse,0.8868,psl3,2024,06,12,05
153.0,156.0,Pyrrhula pyrrhula,Eurasian Bullfinch,0.8757,psl3,2024,06,12,05
153.0,156.0,Phylloscopus occipitalis,Western Crowned Warbler,0.7986,psl3,2024,06,12,05
156.0,159.0,Pyrrhula pyrrhula,Eurasian Bullfinch,0.8463,psl3,2024,06,12,05
156.0,159.0,Protonotaria citrea,Prothonotary Warbler,0.6542,psl3,2024,06,12,05
159.0,162.0,Pyrrhula pyrrhula,Eurasian Bullfinch,0.9149,psl3,2024,06,12,05
162.0,165.0,Phylloscopus occipitalis,Western Crowned Warbler,0.5132,psl3,2024,06,12,05
165.0,168.0,Baeolophus atricristatus,Black-crested Titmouse,0.7912,psl3,2024,06,12,05
177.0,180.0,Phylloscopus occipitalis,Western Crowned Warbler,0.5785,psl3,2024,06,12,05
177.0,180.0,Pyrrhula pyrrhula,Eurasian Bullfinch,0.5025,psl3,2024,06,12,05
180.0,183.0,Baeolophus atricristatus,Black-crested Titmouse,0.5304,psl3,2024,06,12,05
183.0,186.0,Baeolophus atricristatus,Black-crested Titmouse,0.7772,psl3,2024,06,12,05
192.0,195.0,Baeolophus atricristatus,Black-crested Titmouse,0.6867,psl3,2024,06,12,05
207.0,210.0,Pyrrhula erythaca,Gray-headed Bullfinch,0.8667,psl3,2024,06,12,05
210.0,213.0,Pyrrhula erythaca,Gray-headed Bullfinch,0.8651,psl3,2024,06,12,05
213.0,216.0,Phylloscopus occipitalis,Western Crowned Warbler,0.6076,psl3,2024,06,12,05
216.0,219.0,Pyrrhula pyrrhula,Eurasian Bullfinch,0.5483,psl3,2024,06,12,05
222.0,225.0,Phylloscopus occipitalis,Western Crowned Warbler,0.8283,psl3,2024,06,12,05
225.0,228.0,Larvivora brunnea,Indian Blue Robin,0.8923,psl3,2024,06,12,05
228.0,231.0,Pyrrhula pyrrhula,Eurasian Bullfinch,0.7847,psl3,2024,06,12,05
243.0,246.0,Phylloscopus occipitalis,Western Crowned Warbler,0.9069,psl3,2024,06,12,05
246.0,249.0,Cinnyris jugularis,Olive-backed Sunbird,0.5041,psl3,2024,06,12,05
258.0,261.0,Larvivora brunnea,Indian Blue Robin,0.9595,psl3,2024,06,12,05
264.0,267.0,Phylloscopus occipitalis,Western Crowned Warbler,0.8148,psl3,2024,06,12,05
267.0,270.0,Phylloscopus occipitalis,Western Crowned Warbler,0.8077,psl3,2024,06,12,05
273.0,276.0,Larvivora brunnea,Indian Blue Robin,0.6508,psl3,2024,06,12,05
276.0,279.0,Phylloscopus occipitalis,Western Crowned Warbler,0.507,psl3,2024,06,12,05
285.0,288.0,Phylloscopus occipitalis,Western Crowned Warbler,0.8126,psl3,2024,06,12,05
297.0,300.0,Larvivora brunnea,Indian Blue Robin,0.9672,psl3,2024,06,12,05
303.0,306.0,Protonotaria citrea,Prothonotary Warbler,0.5681,psl3,2024,06,12,05
318.0,321.0,Larvivora brunnea,Indian Blue Robin,0.9565,psl3,2024,06,12,05
324.0,327.0,Phylloscopus occipitalis,Western Crowned Warbler,0.6706,psl3,2024,06,12,05
330.0,333.0,Phylloscopus occipitalis,Western Crowned Warbler,0.6286,psl3,2024,06,12,05
333.0,336.0,Phylloscopus occipitalis,Western Crowned Warbler,0.6875,psl3,2024,06,12,05
345.0,348.0,Phylloscopus occipitalis,Western Crowned Warbler,0.7746,psl3,2024,06,12,05
348.0,351.0,Phylloscopus tytleri,Tytler's Leaf Warbler,0.5109,psl3,2024,06,12,05
351.0,354.0,Larvivora brunnea,Indian Blue Robin,0.8223,psl3,2024,06,12,05
372.0,375.0,Larvivora brunnea,Indian Blue Robin,0.7867,psl3,2024,06,12,05
381.0,384.0,Protonotaria citrea,Prothonotary Warbler,0.7065,psl3,2024,06,12,05
384.0,387.0,Protonotaria citrea,Prothonotary Warbler,0.8244,psl3,2024,06,12,05
387.0,390.0,Larvivora brunnea,Indian Blue Robin,0.96,psl3,2024,06,12,05
393.0,396.0,Protonotaria citrea,Prothonotary Warbler,0.6289,psl3,2024,06,12,05
399.0,402.0,Phylloscopus occipitalis,Western Crowned Warbler,0.7002,psl3,2024,06,12,05
405.0,408.0,Phylloscopus occipitalis,Western Crowned Warbler,0.5489,psl3,2024,06,12,05
417.0,420.0,Phylloscopus occipitalis,Western Crowned Warbler,0.6622,psl3,2024,06,12,05
423.0,426.0,Larvivora brunnea,Indian Blue Robin,0.982,psl3,2024,06,12,05
435.0,438.0,Phylloscopus occipitalis,Western Crowned Warbler,0.5224,psl3,2024,06,12,05
453.0,456.0,Phylloscopus occipitalis,Western Crowned Warbler,0.6525,psl3,2024,06,12,05
480.0,483.0,Phylloscopus occipitalis,Western Crowned Warbler,0.5351,psl3,2024,06,12,05
501.0,504.0,Phylloscopus occipitalis,Western Crowned Warbler,0.8035,psl3,2024,06,12,05
516.0,519.0,Larvivora brunnea,Indian Blue Robin,0.9132,psl3,2024,06,12,05
519.0,522.0,Catharus aurantiirostris,Orange-billed Nightingale-Thrush,0.8882,psl3,2024,06,12,05
528.0,531.0,Phylloscopus occipitalis,Western Crowned Warbler,0.6928,psl3,2024,06,12,05
534.0,537.0,Phylloscopus occipitalis,Western Crowned Warbler,0.6506,psl3,2024,06,12,05
537.0,540.0,Phylloscopus occipitalis,Western Crowned Warbler,0.5075,psl3,2024,06,12,05
546.0,549.0,Phylloscopus occipitalis,Western Crowned Warbler,0.8766,psl3,2024,06,12,05
552.0,555.0,Phylloscopus occipitalis,Western Crowned Warbler,0.8212,psl3,2024,06,12,05
555.0,558.0,Phylloscopus occipitalis,Western Crowned Warbler,0.9669,psl3,2024,06,12,05
558.0,561.0,Phylloscopus occipitalis,Western Crowned Warbler,0.8224,psl3,2024,06,12,05
567.0,570.0,Phylloscopus occipitalis,Western Crowned Warbler,0.9638,psl3,2024,06,12,05
570.0,573.0,Phylloscopus occipitalis,Western Crowned Warbler,0.8944,psl3,2024,06,12,05
573.0,576.0,Phylloscopus occipitalis,Western Crowned Warbler,0.7452,psl3,2024,06,12,05
576.0,579.0,Phylloscopus occipitalis,Western Crowned Warbler,0.8913,psl3,2024,06,12,05
579.0,582.0,Larvivora brunnea,Indian Blue Robin,0.9859,psl3,2024,06,12,05
585.0,588.0,Phylloscopus occipitalis,Western Crowned Warbler,0.5222,psl3,2024,06,12,05
588.0,591.0,Phylloscopus occipitalis,Western Crowned Warbler,0.6119,psl3,2024,06,12,05
594.0,597.0,Phylloscopus occipitalis,Western Crowned Warbler,0.9445,psl3,2024,06,12,05
594.0,597.0,Protonotaria citrea,Prothonotary Warbler,0.7653,psl3,2024,06,12,05
600.0,603.0,Larvivora brunnea,Indian Blue Robin,0.8162,psl3,2024,06,12,05
606.0,609.0,Protonotaria citrea,Prothonotary Warbler,0.6779,psl3,2024,06,12,05
606.0,609.0,Phylloscopus occipitalis,Western Crowned Warbler,0.552,psl3,2024,06,12,05
609.0,612.0,Protonotaria citrea,Prothonotary Warbler,0.5841,psl3,2024,06,12,05
612.0,615.0,Larvivora brunnea,Indian Blue Robin,0.995,psl3,2024,06,12,05
621.0,624.0,Phylloscopus occipitalis,Western Crowned Warbler,0.6994,psl3,2024,06,12,05
624.0,627.0,Phylloscopus occipitalis,Western Crowned Warbler,0.5085,psl3,2024,06,12,05
627.0,630.0,Phylloscopus occipitalis,Western Crowned Warbler,0.5999,psl3,2024,06,12,05
633.0,636.0,Phylloscopus occipitalis,Western Crowned Warbler,0.6653,psl3,2024,06,12,05
639.0,642.0,Larvivora brunnea,Indian Blue Robin,0.7256,psl3,2024,06,12,05
645.0,648.0,Phylloscopus occipitalis,Western Crowned Warbler,0.7789,psl3,2024,06,12,05
648.0,651.0,Phylloscopus occipitalis,Western Crowned Warbler,0.6543,psl3,2024,06,12,05
657.0,660.0,Phylloscopus reguloides,Blyth's Leaf Warbler,0.5417,psl3,2024,06,12,05
660.0,663.0,Phylloscopus occipitalis,Western Crowned Warbler,0.7172,psl3,2024,06,12,05
684.0,687.0,Larvivora brunnea,Indian Blue Robin,0.9111,psl3,2024,06,12,05
693.0,696.0,Phylloscopus magnirostris,Large-billed Leaf Warbler,0.6745,psl3,2024,06,12,05
693.0,696.0,Larvivora brunnea,Indian Blue Robin,0.6193,psl3,2024,06,12,05
729.0,732.0,Protonotaria citrea,Prothonotary Warbler,0.5954,psl3,2024,06,12,05
744.0,747.0,Protonotaria citrea,Prothonotary Warbler,0.5726,psl3,2024,06,12,05
750.0,753.0,Larvivora brunnea,Indian Blue Robin,0.8242,psl3,2024,06,12,05
777.0,780.0,Phylloscopus occipitalis,Western Crowned Warbler,0.6617,psl3,2024,06,12,05
792.0,795.0,Larvivora brunnea,Indian Blue Robin,0.8246,psl3,2024,06,12,05
813.0,816.0,Phylloscopus occipitalis,Western Crowned Warbler,0.566,psl3,2024,06,12,05
816.0,819.0,Larvivora brunnea,Indian Blue Robin,0.5461,psl3,2024,06,12,05
822.0,825.0,Phylloscopus occipitalis,Western Crowned Warbler,0.9029,psl3,2024,06,12,05
831.0,834.0,Vireo flavifrons,Yellow-throated Vireo,0.8736,psl3,2024,06,12,05
849.0,852.0,Sayornis saya,Say's Phoebe,0.8687,psl3,2024,06,12,05
879.0,882.0,Trochalopteron variegatum,Variegated Laughingthrush,0.708,psl3,2024,06,12,05
885.0,888.0,Trochalopteron variegatum,Variegated Laughingthrush,0.6407,psl3,2024,06,12,05
21.0,24.0,Protonotaria citrea,Prothonotary Warbler,0.5473,psl3,2024,06,12,06
141.0,144.0,Vireo flavifrons,Yellow-throated Vireo,0.5338,psl3,2024,06,12,06
156.0,159.0,Palmeria dolei,Akohekohe,0.5285,psl3,2024,06,12,06
273.0,276.0,Tringa erythropus,Spotted Redshank,0.8973,psl3,2024,06,12,06
318.0,321.0,Tringa erythropus,Spotted Redshank,0.6299,psl3,2024,06,12,06
411.0,414.0,Vireo flavifrons,Yellow-throated Vireo,0.7862,psl3,2024,06,12,06
429.0,432.0,Phylloscopus magnirostris,Large-billed Leaf Warbler,0.8055,psl3,2024,06,12,06
435.0,438.0,Phylloscopus magnirostris,Large-billed Leaf Warbler,0.5481,psl3,2024,06,12,06
444.0,447.0,Phylloscopus magnirostris,Large-billed Leaf Warbler,0.5425,psl3,2024,06,12,06
462.0,465.0,Phylloscopus magnirostris,Large-billed Leaf Warbler,0.6209,psl3,2024,06,12,06
474.0,477.0,Phylloscopus magnirostris,Large-billed Leaf Warbler,0.6215,psl3,2024,06,12,06
483.0,486.0,Phylloscopus magnirostris,Large-billed Leaf Warbler,0.6984,psl3,2024,06,12,06
666.0,669.0,Phylloscopus maculipennis,Ashy-throated Warbler,0.6584,psl3,2024,06,12,06
810.0,813.0,Basileuterus rufifrons,Rufous-capped Warbler,0.5029,psl3,2024,06,12,06
78.0,81.0,Prinia socialis,Ashy Prinia,0.5211,psl3,2024,06,12,07
159.0,162.0,Phylloscopus reguloides,Blyth's Leaf Warbler,0.5029,psl3,2024,06,12,07
165.0,168.0,Phylloscopus occipitalis,Western Crowned Warbler,0.6271,psl3,2024,06,12,07
168.0,171.0,Phylloscopus reguloides,Blyth's Leaf Warbler,0.5262,psl3,2024,06,12,07
171.0,174.0,Phylloscopus occipitalis,Western Crowned Warbler,0.8088,psl3,2024,06,12,07
213.0,216.0,Phylloscopus occipitalis,Western Crowned Warbler,0.759,psl3,2024,06,12,07
228.0,231.0,Phylloscopus reguloides,Blyth's Leaf Warbler,0.5572,psl3,2024,06,12,07
240.0,243.0,Enicurus maculatus,Spotted Forktail,0.9124,psl3,2024,06,12,07
246.0,249.0,Protonotaria citrea,Prothonotary Warbler,0.5102,psl3,2024,06,12,07
279.0,282.0,Protonotaria citrea,Prothonotary Warbler,0.5556,psl3,2024,06,12,07
411.0,414.0,Phylloscopus occipitalis,Western Crowned Warbler,0.744,psl3,2024,06,12,07
429.0,432.0,Phylloscopus occipitalis,Western Crowned Warbler,0.8679,psl3,2024,06,12,07
432.0,435.0,Phylloscopus reguloides,Blyth's Leaf Warbler,0.5098,psl3,2024,06,12,07
444.0,447.0,Phylloscopus occipitalis,Western Crowned Warbler,0.7646,psl3,2024,06,12,07
444.0,447.0,Phylloscopus reguloides,Blyth's Leaf Warbler,0.5831,psl3,2024,06,12,07
489.0,492.0,Phylloscopus borealis,Arctic Warbler,0.9584,psl3,2024,06,12,07
504.0,507.0,Phylloscopus occipitalis,Western Crowned Warbler,0.7111,psl3,2024,06,12,07
528.0,531.0,Phylloscopus occipitalis,Western Crowned Warbler,0.6482,psl3,2024,06,12,07
561.0,564.0,Phylloscopus nitidus,Green Warbler,0.9025,psl3,2024,06,12,07
615.0,618.0,Phylloscopus reguloides,Blyth's Leaf Warbler,0.519,psl3,2024,06,12,07
642.0,645.0,Phylloscopus occipitalis,Western Crowned Warbler,0.9774,psl3,2024,06,12,07
651.0,654.0,Trochalopteron variegatum,Variegated Laughingthrush,0.9732,psl3,2024,06,12,07
654.0,657.0,Phylloscopus occipitalis,Western Crowned Warbler,0.8927,psl3,2024,06,12,07
705.0,708.0,Trochalopteron variegatum,Variegated Laughingthrush,0.5906,psl3,2024,06,12,07
714.0,717.0,Trochalopteron variegatum,Variegated Laughingthrush,0.9358,psl3,2024,06,12,07
723.0,726.0,Trochalopteron variegatum,Variegated Laughingthrush,0.9143,psl3,2024,06,12,07
0.0,3.0,Protonotaria citrea,Prothonotary Warbler,0.7904,psl3,2024,06,13,05
54.0,57.0,Protonotaria citrea,Prothonotary Warbler,0.5294,psl3,2024,06,13,05
63.0,66.0,Phylloscopus occipitalis,Western Crowned Warbler,0.6294,psl3,2024,06,13,05
72.0,75.0,Phylloscopus tytleri,Tytler's Leaf Warbler,0.5578,psl3,2024,06,13,05
93.0,96.0,Protonotaria citrea,Prothonotary Warbler,0.5626,psl3,2024,06,13,05
96.0,99.0,Protonotaria citrea,Prothonotary Warbler,0.531,psl3,2024,06,13,05
105.0,108.0,Phylloscopus tytleri,Tytler's Leaf Warbler,0.5328,psl3,2024,06,13,05
114.0,117.0,Phylloscopus tytleri,Tytler's Leaf Warbler,0.7535,psl3,2024,06,13,05
114.0,117.0,Phylloscopus occipitalis,Western Crowned Warbler,0.5827,psl3,2024,06,13,05
171.0,174.0,Phylloscopus tytleri,Tytler's Leaf Warbler,0.5682,psl3,2024,06,13,05
171.0,174.0,Phylloscopus occipitalis,Western Crowned Warbler,0.5161,psl3,2024,06,13,05
207.0,210.0,Phylloscopus occipitalis,Western Crowned Warbler,0.5365,psl3,2024,06,13,05
228.0,231.0,Phylloscopus occipitalis,Western Crowned Warbler,0.6416,psl3,2024,06,13,05
270.0,273.0,Phylloscopus tytleri,Tytler's Leaf Warbler,0.5399,psl3,2024,06,13,05
273.0,276.0,Phylloscopus occipitalis,Western Crowned Warbler,0.5693,psl3,2024,06,13,05
276.0,279.0,Phylloscopus occipitalis,Western Crowned Warbler,0.6865,psl3,2024,06,13,05
294.0,297.0,Phylloscopus occipitalis,Western Crowned Warbler,0.6008,psl3,2024,06,13,05
303.0,306.0,Phylloscopus occipitalis,Western Crowned Warbler,0.5962,psl3,2024,06,13,05
306.0,309.0,Phylloscopus occipitalis,Western Crowned Warbler,0.501,psl3,2024,06,13,05
309.0,312.0,Phylloscopus occipitalis,Western Crowned Warbler,0.8245,psl3,2024,06,13,05
321.0,324.0,Phylloscopus occipitalis,Western Crowned Warbler,0.6329,psl3,2024,06,13,05
327.0,330.0,Phylloscopus occipitalis,Western Crowned Warbler,0.5033,psl3,2024,06,13,05
330.0,333.0,Phylloscopus occipitalis,Western Crowned Warbler,0.685,psl3,2024,06,13,05
330.0,333.0,Phylloscopus tytleri,Tytler's Leaf Warbler,0.5366,psl3,2024,06,13,05
360.0,363.0,Empidonax oberholseri,Dusky Flycatcher,0.6227,psl3,2024,06,13,05
369.0,372.0,Phylloscopus occipitalis,Western Crowned Warbler,0.5309,psl3,2024,06,13,05
372.0,375.0,Phylloscopus occipitalis,Western Crowned Warbler,0.5155,psl3,2024,06,13,05
378.0,381.0,Phylloscopus occipitalis,Western Crowned Warbler,0.6352,psl3,2024,06,13,05
378.0,381.0,Phylloscopus tytleri,Tytler's Leaf Warbler,0.5659,psl3,2024,06,13,05
384.0,387.0,Phylloscopus occipitalis,Western Crowned Warbler,0.6076,psl3,2024,06,13,05
390.0,393.0,Phylloscopus tytleri,Tytler's Leaf Warbler,0.5377,psl3,2024,06,13,05
393.0,396.0,Protonotaria citrea,Prothonotary Warbler,0.6486,psl3,2024,06,13,05
396.0,399.0,Phylloscopus occipitalis,Western Crowned Warbler,0.7643,psl3,2024,06,13,05
399.0,402.0,Phylloscopus occipitalis,Western Crowned Warbler,0.6073,psl3,2024,06,13,05
408.0,411.0,Phylloscopus occipitalis,Western Crowned Warbler,0.631,psl3,2024,06,13,05
411.0,414.0,Phylloscopus occipitalis,Western Crowned Warbler,0.7332,psl3,2024,06,13,05
414.0,417.0,Phylloscopus occipitalis,Western Crowned Warbler,0.8779,psl3,2024,06,13,05
432.0,435.0,Phylloscopus magnirostris,Large-billed Leaf Warbler,0.8839,psl3,2024,06,13,05
441.0,444.0,Phylloscopus occipitalis,Western Crowned Warbler,0.7901,psl3,2024,06,13,05
444.0,447.0,Phylloscopus occipitalis,Western Crowned Warbler,0.5423,psl3,2024,06,13,05
447.0,450.0,Phylloscopus occipitalis,Western Crowned Warbler,0.5538,psl3,2024,06,13,05
456.0,459.0,Phylloscopus magnirostris,Large-billed Leaf Warbler,0.5536,psl3,2024,06,13,05
483.0,486.0,Phylloscopus magnirostris,Large-billed Leaf Warbler,0.9799,psl3,2024,06,13,05
492.0,495.0,Phylloscopus magnirostris,Large-billed Leaf Warbler,0.8029,psl3,2024,06,13,05
501.0,504.0,Phylloscopus magnirostris,Large-billed Leaf Warbler,0.9153,psl3,2024,06,13,05
513.0,516.0,Phylloscopus occipitalis,Western Crowned Warbler,0.5677,psl3,2024,06,13,05
522.0,525.0,Phylloscopus magnirostris,Large-billed Leaf Warbler,0.8852,psl3,2024,06,13,05
528.0,531.0,Phylloscopus occipitalis,Western Crowned Warbler,0.5906,psl3,2024,06,13,05
540.0,543.0,Phylloscopus magnirostris,Large-billed Leaf Warbler,0.8371,psl3,2024,06,13,05
564.0,567.0,Phylloscopus occipitalis,Western Crowned Warbler,0.9099,psl3,2024,06,13,05
567.0,570.0,Phylloscopus occipitalis,Western Crowned Warbler,0.6688,psl3,2024,06,13,05
573.0,576.0,Phylloscopus occipitalis,Western Crowned Warbler,0.9568,psl3,2024,06,13,05
582.0,585.0,Phylloscopus occipitalis,Western Crowned Warbler,0.9315,psl3,2024,06,13,05
597.0,600.0,Protonotaria citrea,Prothonotary Warbler,0.8321,psl3,2024,06,13,05
72.0,75.0,Phylloscopus nitidus,Green Warbler,0.766,psl3,2024,06,13,06
144.0,147.0,Phylloscopus nitidus,Green Warbler,0.6057,psl3,2024,06,13,06
171.0,174.0,Phylloscopus nitidus,Green Warbler,0.6243,psl3,2024,06,13,06
291.0,294.0,Basileuterus rufifrons,Rufous-capped Warbler,0.5333,psl3,2024,06,13,06
759.0,762.0,Tringa ochropus,Green Sandpiper,0.668,psl3,2024,06,13,06
447.0,450.0,Pyrrhula pyrrhula,Eurasian Bullfinch,0.9633,psl3,2024,06,13,07
657.0,660.0,Anthus trivialis,Tree Pipit,0.8791,psl3,2024,06,13,07
744.0,747.0,Phylloscopus occipitalis,Western Crowned Warbler,0.7302,psl3,2024,06,13,07
747.0,750.0,Phylloscopus occipitalis,Western Crowned Warbler,0.7639,psl3,2024,06,13,07
750.0,753.0,Phylloscopus occipitalis,Western Crowned Warbler,0.7696,psl3,2024,06,13,07
759.0,762.0,Trochalopteron erythrocephalum,Chestnut-crowned Laughingthrush,0.7496,psl3,2024,06,13,07
759.0,762.0,Trochalopteron variegatum,Variegated Laughingthrush,0.5964,psl3,2024,06,13,07
762.0,765.0,Cyclarhis gujanensis,Rufous-browed Peppershrike,0.5712,psl3,2024,06,13,07
762.0,765.0,Trochalopteron variegatum,Variegated Laughingthrush,0.5178,psl3,2024,06,13,07
774.0,777.0,Trochalopteron variegatum,Variegated Laughingthrush,0.7308,psl3,2024,06,13,07
786.0,789.0,Trochalopteron variegatum,Variegated Laughingthrush,0.5167,psl3,2024,06,13,07
795.0,798.0,Trochalopteron variegatum,Variegated Laughingthrush,0.8884,psl3,2024,06,13,07
810.0,813.0,Trochalopteron variegatum,Variegated Laughingthrush,0.7083,psl3,2024,06,13,07
816.0,819.0,Trochalopteron variegatum,Variegated Laughingthrush,0.65,psl3,2024,06,13,07
834.0,837.0,Trochalopteron variegatum,Variegated Laughingthrush,0.875,psl3,2024,06,13,07
849.0,852.0,Trochalopteron variegatum,Variegated Laughingthrush,0.7484,psl3,2024,06,13,07
855.0,858.0,Phylloscopus occipitalis,Western Crowned Warbler,0.6337,psl3,2024,06,13,07
867.0,870.0,Phylloscopus occipitalis,Western Crowned Warbler,0.9606,psl3,2024,06,13,07
888.0,891.0,Phylloscopus occipitalis,Western Crowned Warbler,0.8315,psl3,2024,06,13,07
888.0,891.0,Phylloscopus reguloides,Blyth's Leaf Warbler,0.799,psl3,2024,06,13,07
897.0,900.0,Phylloscopus occipitalis,Western Crowned Warbler,0.5219,psl3,2024,06,13,07
18.0,21.0,Protonotaria citrea,Prothonotary Warbler,0.6508,psl3,2024,06,14,05
54.0,57.0,Phylloscopus occipitalis,Western Crowned Warbler,0.5155,psl3,2024,06,14,05
99.0,102.0,Prinia socialis,Ashy Prinia,0.6636,psl3,2024,06,14,05
156.0,159.0,Protonotaria citrea,Prothonotary Warbler,0.9233,psl3,2024,06,14,05
219.0,222.0,Phylloscopus occipitalis,Western Crowned Warbler,0.8141,psl3,2024,06,14,05
225.0,228.0,Phylloscopus occipitalis,Western Crowned Warbler,0.5348,psl3,2024,06,14,05
231.0,234.0,Phylloscopus tytleri,Tytler's Leaf Warbler,0.5706,psl3,2024,06,14,05
237.0,240.0,Phylloscopus tytleri,Tytler's Leaf Warbler,0.613,psl3,2024,06,14,05
240.0,243.0,Phylloscopus occipitalis,Western Crowned Warbler,0.5618,psl3,2024,06,14,05
240.0,243.0,Phylloscopus tytleri,Tytler's Leaf Warbler,0.5469,psl3,2024,06,14,05
279.0,282.0,Phylloscopus occipitalis,Western Crowned Warbler,0.7838,psl3,2024,06,14,05
294.0,297.0,Phylloscopus maculipennis,Ashy-throated Warbler,0.5273,psl3,2024,06,14,05
297.0,300.0,Phylloscopus occipitalis,Western Crowned Warbler,0.7185,psl3,2024,06,14,05
309.0,312.0,Phylloscopus occipitalis,Western Crowned Warbler,0.8595,psl3,2024,06,14,05
321.0,324.0,Phylloscopus occipitalis,Western Crowned Warbler,0.9649,psl3,2024,06,14,05
333.0,336.0,Phylloscopus occipitalis,Western Crowned Warbler,0.7784,psl3,2024,06,14,05
339.0,342.0,Phylloscopus occipitalis,Western Crowned Warbler,0.8792,psl3,2024,06,14,05
339.0,342.0,Phylloscopus reguloides,Blyth's Leaf Warbler,0.7677,psl3,2024,06,14,05
342.0,345.0,Phylloscopus reguloides,Blyth's Leaf Warbler,0.7998,psl3,2024,06,14,05
342.0,345.0,Phylloscopus occipitalis,Western Crowned Warbler,0.631,psl3,2024,06,14,05
348.0,351.0,Phylloscopus occipitalis,Western Crowned Warbler,0.8346,psl3,2024,06,14,05
348.0,351.0,Phylloscopus reguloides,Blyth's Leaf Warbler,0.6235,psl3,2024,06,14,05
351.0,354.0,Phylloscopus reguloides,Blyth's Leaf Warbler,0.613,psl3,2024,06,14,05
360.0,363.0,Phylloscopus occipitalis,Western Crowned Warbler,0.8249,psl3,2024,06,14,05
363.0,366.0,Phylloscopus occipitalis,Western Crowned Warbler,0.5856,psl3,2024,06,14,05
369.0,372.0,Bradypterus sylvaticus,Knysna Warbler,0.5009,psl3,2024,06,14,05
381.0,384.0,Phylloscopus occipitalis,Western Crowned Warbler,0.79,psl3,2024,06,14,05
384.0,387.0,Phylloscopus occipitalis,Western Crowned Warbler,0.6718,psl3,2024,06,14,05
390.0,393.0,Phylloscopus occipitalis,Western Crowned Warbler,0.6847,psl3,2024,06,14,05
393.0,396.0,Protonotaria citrea,Prothonotary Warbler,0.838,psl3,2024,06,14,05
411.0,414.0,Phylloscopus occipitalis,Western Crowned Warbler,0.7914,psl3,2024,06,14,05
414.0,417.0,Protonotaria citrea,Prothonotary Warbler,0.9452,psl3,2024,06,14,05
417.0,420.0,Protonotaria citrea,Prothonotary Warbler,0.6631,psl3,2024,06,14,05
471.0,474.0,Phylloscopus tytleri,Tytler's Leaf Warbler,0.6287,psl3,2024,06,14,05
471.0,474.0,Phylloscopus occipitalis,Western Crowned Warbler,0.5286,psl3,2024,06,14,05
477.0,480.0,Phylloscopus occipitalis,Western Crowned Warbler,0.6472,psl3,2024,06,14,05
516.0,519.0,Haematopus ostralegus,Eurasian Oystercatcher,0.5725,psl3,2024,06,14,05
522.0,525.0,Protonotaria citrea,Prothonotary Warbler,0.5297,psl3,2024,06,14,05
576.0,579.0,Phylloscopus occipitalis,Western Crowned Warbler,0.582,psl3,2024,06,14,05
843.0,846.0,Tringa erythropus,Spotted Redshank,0.5917,psl3,2024,06,14,05
126.0,129.0,Phylloscopus trochiloides,Greenish Warbler,0.6005,psl3,2024,06,14,06
171.0,174.0,Phylloscopus nitidus,Green Warbler,0.5338,psl3,2024,06,14,06
276.0,279.0,Phylloscopus reguloides,Blyth's Leaf Warbler,0.5349,psl3,2024,06,14,06
321.0,324.0,Phylloscopus goodsoni,Hartert's Leaf Warbler,0.6421,psl3,2024,06,14,06
369.0,372.0,Phylloscopus nitidus,Green Warbler,0.7025,psl3,2024,06,14,06
393.0,396.0,Phylloscopus goodsoni,Hartert's Leaf Warbler,0.566,psl3,2024,06,14,06
402.0,405.0,Phylloscopus reguloides,Blyth's Leaf Warbler,0.5288,psl3,2024,06,14,06
453.0,456.0,Phylloscopus reguloides,Blyth's Leaf Warbler,0.6421,psl3,2024,06,14,06
462.0,465.0,Phylloscopus trochiloides,Greenish Warbler,0.5202,psl3,2024,06,14,06
474.0,477.0,Phylloscopus trochiloides,Greenish Warbler,0.5246,psl3,2024,06,14,06
486.0,489.0,Phylloscopus nitidus,Green Warbler,0.7993,psl3,2024,06,14,06
486.0,489.0,Phylloscopus trochiloides,Greenish Warbler,0.5601,psl3,2024,06,14,06
495.0,498.0,Phylloscopus reguloides,Blyth's Leaf Warbler,0.6888,psl3,2024,06,14,06
501.0,504.0,Phylloscopus reguloides,Blyth's Leaf Warbler,0.5602,psl3,2024,06,14,06
516.0,519.0,Phylloscopus reguloides,Blyth's Leaf Warbler,0.7113,psl3,2024,06,14,06
537.0,540.0,Phylloscopus reguloides,Blyth's Leaf Warbler,0.8515,psl3,2024,06,14,06
564.0,567.0,Phylloscopus maculipennis,Ashy-throated Warbler,0.6096,psl3,2024,06,14,06
648.0,651.0,Phylloscopus nitidus,Green Warbler,0.916,psl3,2024,06,14,06
660.0,663.0,Basileuterus rufifrons,Rufous-capped Warbler,0.5787,psl3,2024,06,14,06
684.0,687.0,Phylloscopus nitidus,Green Warbler,0.7941,psl3,2024,06,14,06
693.0,696.0,Phylloscopus reguloides,Blyth's Leaf Warbler,0.5456,psl3,2024,06,14,06
696.0,699.0,Phylloscopus nitidus,Green Warbler,0.5498,psl3,2024,06,14,06
714.0,717.0,Phylloscopus trochiloides,Greenish Warbler,0.6036,psl3,2024,06,14,06
729.0,732.0,Phylloscopus occipitalis,Western Crowned Warbler,0.5559,psl3,2024,06,14,06
765.0,768.0,Phylloscopus trochiloides,Greenish Warbler,0.5376,psl3,2024,06,14,06
831.0,834.0,Basileuterus rufifrons,Rufous-capped Warbler,0.5059,psl3,2024,06,14,06
876.0,879.0,Phylloscopus nitidus,Green Warbler,0.6148,psl3,2024,06,14,06
897.0,900.0,Phylloscopus nitidus,Green Warbler,0.5733,psl3,2024,06,14,06
45.0,48.0,Trochalopteron variegatum,Variegated Laughingthrush,0.5741,psl3,2024,06,14,07
54.0,57.0,Trochalopteron variegatum,Variegated Laughingthrush,0.7217,psl3,2024,06,14,07
57.0,60.0,Trochalopteron variegatum,Variegated Laughingthrush,0.8491,psl3,2024,06,14,07
96.0,99.0,Phylloscopus occipitalis,Western Crowned Warbler,0.6072,psl3,2024,06,14,07
99.0,102.0,Protonotaria citrea,Prothonotary Warbler,0.8043,psl3,2024,06,14,07
111.0,114.0,Vireo plumbeus,Plumbeous Vireo,0.5507,psl3,2024,06,14,07
126.0,129.0,Trochalopteron variegatum,Variegated Laughingthrush,0.8393,psl3,2024,06,14,07
756.0,759.0,Phylloscopus trochiloides,Greenish Warbler,0.5985,psl3,2024,06,14,07
3.0,6.0,Phylloscopus occipitalis,Western Crowned Warbler,0.9562,psl3,2024,06,15,05
12.0,15.0,Phylloscopus occipitalis,Western Crowned Warbler,0.8946,psl3,2024,06,15,05
18.0,21.0,Phylloscopus occipitalis,Western Crowned Warbler,0.9735,psl3,2024,06,15,05
27.0,30.0,Phylloscopus reguloides,Blyth's Leaf Warbler,0.5666,psl3,2024,06,15,05
36.0,39.0,Phylloscopus occipitalis,Western Crowned Warbler,0.5057,psl3,2024,06,15,05
42.0,45.0,Phylloscopus occipitalis,Western Crowned Warbler,0.693,psl3,2024,06,15,05
42.0,45.0,Phylloscopus reguloides,Blyth's Leaf Warbler,0.6171,psl3,2024,06,15,05
45.0,48.0,Phylloscopus occipitalis,Western Crowned Warbler,0.9315,psl3,2024,06,15,05
51.0,54.0,Phylloscopus occipitalis,Western Crowned Warbler,0.56,psl3,2024,06,15,05
54.0,57.0,Phylloscopus occipitalis,Western Crowned Warbler,0.8687,psl3,2024,06,15,05
60.0,63.0,Phylloscopus occipitalis,Western Crowned Warbler,0.964,psl3,2024,06,15,05
69.0,72.0,Phylloscopus occipitalis,Western Crowned Warbler,0.6393,psl3,2024,06,15,05
81.0,84.0,Phylloscopus occipitalis,Western Crowned Warbler,0.9347,psl3,2024,06,15,05
84.0,87.0,Phylloscopus occipitalis,Western Crowned Warbler,0.9901,psl3,2024,06,15,05
93.0,96.0,Phylloscopus occipitalis,Western Crowned Warbler,0.9971,psl3,2024,06,15,05
96.0,99.0,Phylloscopus occipitalis,Western Crowned Warbler,0.9564,psl3,2024,06,15,05
99.0,102.0,Phylloscopus occipitalis,Western Crowned Warbler,0.8458,psl3,2024,06,15,05
99.0,102.0,Phylloscopus reguloides,Blyth's Leaf Warbler,0.755,psl3,2024,06,15,05
102.0,105.0,Phylloscopus occipitalis,Western Crowned Warbler,0.9593,psl3,2024,06,15,05
102.0,105.0,Protonotaria citrea,Prothonotary Warbler,0.8009,psl3,2024,06,15,05
105.0,108.0,Phylloscopus occipitalis,Western Crowned Warbler,0.937,psl3,2024,06,15,05
108.0,111.0,Phylloscopus occipitalis,Western Crowned Warbler,0.8674,psl3,2024,06,15,05
111.0,114.0,Phylloscopus occipitalis,Western Crowned Warbler,0.9681,psl3,2024,06,15,05
117.0,120.0,Phylloscopus tytleri,Tytler's Leaf Warbler,0.5336,psl3,2024,06,15,05
117.0,120.0,Phylloscopus occipitalis,Western Crowned Warbler,0.5176,psl3,2024,06,15,05
120.0,123.0,Phylloscopus occipitalis,Western Crowned Warbler,0.5947,psl3,2024,06,15,05
123.0,126.0,Phylloscopus occipitalis,Western Crowned Warbler,0.5873,psl3,2024,06,15,05
129.0,132.0,Phylloscopus occipitalis,Western Crowned Warbler,0.6728,psl3,2024,06,15,05
132.0,135.0,Phylloscopus occipitalis,Western Crowned Warbler,0.9524,psl3,2024,06,15,05
135.0,138.0,Protonotaria citrea,Prothonotary Warbler,0.5241,psl3,2024,06,15,05
138.0,141.0,Phylloscopus occipitalis,Western Crowned Warbler,0.9894,psl3,2024,06,15,05
144.0,147.0,Phylloscopus occipitalis,Western Crowned Warbler,0.9361,psl3,2024,06,15,05
147.0,150.0,Phylloscopus occipitalis,Western Crowned Warbler,0.8741,psl3,2024,06,15,05
156.0,159.0,Phylloscopus occipitalis,Western Crowned Warbler,0.9534,psl3,2024,06,15,05
165.0,168.0,Phylloscopus occipitalis,Western Crowned Warbler,0.8583,psl3,2024,06,15,05
168.0,171.0,Phylloscopus tytleri,Tytler's Leaf Warbler,0.6244,psl3,2024,06,15,05
171.0,174.0,Phylloscopus occipitalis,Western Crowned Warbler,0.7116,psl3,2024,06,15,05
174.0,177.0,Phylloscopus occipitalis,Western Crowned Warbler,0.786,psl3,2024,06,15,05
180.0,183.0,Phylloscopus occipitalis,Western Crowned Warbler,0.8569,psl3,2024,06,15,05
189.0,192.0,Phylloscopus occipitalis,Western Crowned Warbler,0.5366,psl3,2024,06,15,05
192.0,195.0,Phylloscopus occipitalis,Western Crowned Warbler,0.9517,psl3,2024,06,15,05
195.0,198.0,Phylloscopus occipitalis,Western Crowned Warbler,0.8473,psl3,2024,06,15,05
210.0,213.0,Phylloscopus occipitalis,Western Crowned Warbler,0.8282,psl3,2024,06,15,05
213.0,216.0,Phylloscopus occipitalis,Western Crowned Warbler,0.8578,psl3,2024,06,15,05
216.0,219.0,Phylloscopus occipitalis,Western Crowned Warbler,0.6554,psl3,2024,06,15,05
219.0,222.0,Phylloscopus occipitalis,Western Crowned Warbler,0.639,psl3,2024,06,15,05
219.0,222.0,Phylloscopus claudiae,Claudia's Leaf Warbler,0.5222,psl3,2024,06,15,05
222.0,225.0,Phylloscopus occipitalis,Western Crowned Warbler,0.7669,psl3,2024,06,15,05
225.0,228.0,Phylloscopus occipitalis,Western Crowned Warbler,0.762,psl3,2024,06,15,05
231.0,234.0,Phylloscopus occipitalis,Western Crowned Warbler,0.9439,psl3,2024,06,15,05
249.0,252.0,Phylloscopus tytleri,Tytler's Leaf Warbler,0.8514,psl3,2024,06,15,05
249.0,252.0,Phylloscopus occipitalis,Western Crowned Warbler,0.8055,psl3,2024,06,15,05
255.0,258.0,Phylloscopus occipitalis,Western Crowned Warbler,0.9252,psl3,2024,06,15,05
261.0,264.0,Phylloscopus occipitalis,Western Crowned Warbler,0.7166,psl3,2024,06,15,05
264.0,267.0,Phylloscopus occipitalis,Western Crowned Warbler,0.9074,psl3,2024,06,15,05
270.0,273.0,Protonotaria citrea,Prothonotary Warbler,0.7865,psl3,2024,06,15,05
270.0,273.0,Phylloscopus occipitalis,Western Crowned Warbler,0.7373,psl3,2024,06,15,05
273.0,276.0,Phylloscopus occipitalis,Western Crowned Warbler,0.8913,psl3,2024,06,15,05
276.0,279.0,Phylloscopus occipitalis,Western Crowned Warbler,0.7901,psl3,2024,06,15,05
279.0,282.0,Phylloscopus occipitalis,Western Crowned Warbler,0.9877,psl3,2024,06,15,05
285.0,288.0,Phylloscopus occipitalis,Western Crowned Warbler,0.742,psl3,2024,06,15,05
288.0,291.0,Protonotaria citrea,Prothonotary Warbler,0.7789,psl3,2024,06,15,05
291.0,294.0,Phylloscopus occipitalis,Western Crowned Warbler,0.597,psl3,2024,06,15,05
294.0,297.0,Phylloscopus occipitalis,Western Crowned Warbler,0.937,psl3,2024,06,15,05
309.0,312.0,Phylloscopus occipitalis,Western Crowned Warbler,0.7484,psl3,2024,06,15,05
318.0,321.0,Phylloscopus occipitalis,Western Crowned Warbler,0.8111,psl3,2024,06,15,05
327.0,330.0,Trochalopteron variegatum,Variegated Laughingthrush,0.8009,psl3,2024,06,15,05
330.0,333.0,Phylloscopus occipitalis,Western Crowned Warbler,0.6689,psl3,2024,06,15,05
336.0,339.0,Rupornis magnirostris,Roadside Hawk,0.9501,psl3,2024,06,15,05
336.0,339.0,Phylloscopus occipitalis,Western Crowned Warbler,0.8391,psl3,2024,06,15,05
336.0,339.0,Trochalopteron variegatum,Variegated Laughingthrush,0.5286,psl3,2024,06,15,05
342.0,345.0,Trochalopteron variegatum,Variegated Laughingthrush,0.9522,psl3,2024,06,15,05
348.0,351.0,Acropternis orthonyx,Ocellated Tapaculo,0.9349,psl3,2024,06,15,05
348.0,351.0,Trochalopteron variegatum,Variegated Laughingthrush,0.574,psl3,2024,06,15,05
357.0,360.0,Acropternis orthonyx,Ocellated Tapaculo,0.7689,psl3,2024,06,15,05
357.0,360.0,Trochalopteron variegatum,Variegated Laughingthrush,0.6903,psl3,2024,06,15,05
363.0,366.0,Acropternis orthonyx,Ocellated Tapaculo,0.796,psl3,2024,06,15,05
372.0,375.0,Trochalopteron variegatum,Variegated Laughingthrush,0.9086,psl3,2024,06,15,05
372.0,375.0,Acropternis orthonyx,Ocellated Tapaculo,0.8478,psl3,2024,06,15,05
375.0,378.0,Trochalopteron variegatum,Variegated Laughingthrush,0.7642,psl3,2024,06,15,05
375.0,378.0,Acropternis orthonyx,Ocellated Tapaculo,0.5429,psl3,2024,06,15,05
381.0,384.0,Trochalopteron variegatum,Variegated Laughingthrush,0.8797,psl3,2024,06,15,05
381.0,384.0,Acropternis orthonyx,Ocellated Tapaculo,0.806,psl3,2024,06,15,05
432.0,435.0,Protonotaria citrea,Prothonotary Warbler,0.7466,psl3,2024,06,15,05
441.0,444.0,Phylloscopus occipitalis,Western Crowned Warbler,0.7768,psl3,2024,06,15,05
447.0,450.0,Phylloscopus occipitalis,Western Crowned Warbler,0.5745,psl3,2024,06,15,05
732.0,735.0,Phylloscopus reguloides,Blyth's Leaf Warbler,0.5602,psl3,2024,06,15,05
858.0,861.0,Phylloscopus trochiloides,Greenish Warbler,0.5185,psl3,2024,06,15,05
0.0,3.0,Carpodacus erythrinus,Common Rosefinch,0.6445,psl3,2024,06,15,06
21.0,24.0,Carpodacus erythrinus,Common Rosefinch,0.8779,psl3,2024,06,15,06
39.0,42.0,Carpodacus erythrinus,Common Rosefinch,0.5894,psl3,2024,06,15,06
57.0,60.0,Carpodacus erythrinus,Common Rosefinch,0.7524,psl3,2024,06,15,06
69.0,72.0,Carpodacus erythrinus,Common Rosefinch,0.6226,psl3,2024,06,15,06
120.0,123.0,Phylloscopus nitidus,Green Warbler,0.7146,psl3,2024,06,15,06
165.0,168.0,Trochalopteron variegatum,Variegated Laughingthrush,0.597,psl3,2024,06,15,06
168.0,171.0,Carpodacus erythrinus,Common Rosefinch,0.8593,psl3,2024,06,15,06
189.0,192.0,Phylloscopus reguloides,Blyth's Leaf Warbler,0.5994,psl3,2024,06,15,06
192.0,195.0,Trochalopteron variegatum,Variegated Laughingthrush,0.8596,psl3,2024,06,15,06
204.0,207.0,Carpodacus erythrinus,Common Rosefinch,0.7815,psl3,2024,06,15,06
207.0,210.0,Trochalopteron morrisonianum,White-whiskered Laughingthrush,0.5802,psl3,2024,06,15,06
225.0,228.0,Trochalopteron variegatum,Variegated Laughingthrush,0.6308,psl3,2024,06,15,06
249.0,252.0,Trochalopteron variegatum,Variegated Laughingthrush,0.7246,psl3,2024,06,15,06
261.0,264.0,Trochalopteron variegatum,Variegated Laughingthrush,0.5883,psl3,2024,06,15,06
264.0,267.0,Carpodacus erythrinus,Common Rosefinch,0.7437,psl3,2024,06,15,06
276.0,279.0,Carpodacus erythrinus,Common Rosefinch,0.8317,psl3,2024,06,15,06
294.0,297.0,Larvivora brunnea,Indian Blue Robin,0.5537,psl3,2024,06,15,06
315.0,318.0,Larvivora brunnea,Indian Blue Robin,0.6442,psl3,2024,06,15,06
318.0,321.0,Larvivora brunnea,Indian Blue Robin,0.8294,psl3,2024,06,15,06
345.0,348.0,Larvivora brunnea,Indian Blue Robin,0.793,psl3,2024,06,15,06
348.0,351.0,Phylloscopus tytleri,Tytler's Leaf Warbler,0.7102,psl3,2024,06,15,06
348.0,351.0,Larvivora brunnea,Indian Blue Robin,0.5162,psl3,2024,06,15,06
378.0,381.0,Larvivora brunnea,Indian Blue Robin,0.9977,psl3,2024,06,15,06
426.0,429.0,Larvivora brunnea,Indian Blue Robin,0.9757,psl3,2024,06,15,06
495.0,498.0,Larvivora cyane,Siberian Blue Robin,0.7542,psl3,2024,06,15,06
495.0,498.0,Larvivora brunnea,Indian Blue Robin,0.6989,psl3,2024,06,15,06
507.0,510.0,Phylloscopus tytleri,Tytler's Leaf Warbler,0.5574,psl3,2024,06,15,06
519.0,522.0,Larvivora brunnea,Indian Blue Robin,0.9931,psl3,2024,06,15,06
537.0,540.0,Larvivora brunnea,Indian Blue Robin,0.7449,psl3,2024,06,15,06
564.0,567.0,Larvivora brunnea,Indian Blue Robin,0.985,psl3,2024,06,15,06
570.0,573.0,Phylloscopus nitidus,Green Warbler,0.5038,psl3,2024,06,15,06
579.0,582.0,Phylloscopus occipitalis,Western Crowned Warbler,0.8343,psl3,2024,06,15,06
585.0,588.0,Phylloscopus occipitalis,Western Crowned Warbler,0.7998,psl3,2024,06,15,06
594.0,597.0,Phylloscopus occipitalis,Western Crowned Warbler,0.7952,psl3,2024,06,15,06
603.0,606.0,Phylloscopus occipitalis,Western Crowned Warbler,0.909,psl3,2024,06,15,06
609.0,612.0,Phylloscopus occipitalis,Western Crowned Warbler,0.9429,psl3,2024,06,15,06
618.0,621.0,Phylloscopus occipitalis,Western Crowned Warbler,0.7711,psl3,2024,06,15,06
621.0,624.0,Larvivora brunnea,Indian Blue Robin,0.5912,psl3,2024,06,15,06
633.0,636.0,Phylloscopus occipitalis,Western Crowned Warbler,0.93,psl3,2024,06,15,06
636.0,639.0,Protonotaria citrea,Prothonotary Warbler,0.7859,psl3,2024,06,15,06
645.0,648.0,Phylloscopus occipitalis,Western Crowned Warbler,0.6155,psl3,2024,06,15,06
723.0,726.0,Larvivora brunnea,Indian Blue Robin,0.8644,psl3,2024,06,15,06
726.0,729.0,Phylloscopus bonelli,Western Bonelli's Warbler,0.8239,psl3,2024,06,15,06
768.0,771.0,Larvivora brunnea,Indian Blue Robin,0.9931,psl3,2024,06,15,06
816.0,819.0,Larvivora brunnea,Indian Blue Robin,0.9297,psl3,2024,06,15,06
855.0,858.0,Larvivora brunnea,Indian Blue Robin,0.9682,psl3,2024,06,15,06
858.0,861.0,Larvivora brunnea,Indian Blue Robin,0.7035,psl3,2024,06,15,06
876.0,879.0,Larvivora brunnea,Indian Blue Robin,0.9924,psl3,2024,06,15,06
897.0,900.0,Larvivora brunnea,Indian Blue Robin,0.7108,psl3,2024,06,15,06
84.0,87.0,Carpodacus erythrinus,Common Rosefinch,0.8664,psl3,2024,06,15,07
102.0,105.0,Carpodacus erythrinus,Common Rosefinch,0.8493,psl3,2024,06,15,07
117.0,120.0,Carpodacus erythrinus,Common Rosefinch,0.8238,psl3,2024,06,15,07
141.0,144.0,Carpodacus erythrinus,Common Rosefinch,0.6846,psl3,2024,06,15,07
150.0,153.0,Carpodacus erythrinus,Common Rosefinch,0.8888,psl3,2024,06,15,07
168.0,171.0,Carpodacus erythrinus,Common Rosefinch,0.8585,psl3,2024,06,15,07
207.0,210.0,Protonotaria citrea,Prothonotary Warbler,0.7328,psl3,2024,06,15,07
210.0,213.0,Protonotaria citrea,Prothonotary Warbler,0.5579,psl3,2024,06,15,07
237.0,240.0,Carpodacus erythrinus,Common Rosefinch,0.5753,psl3,2024,06,15,07
252.0,255.0,Carpodacus erythrinus,Common Rosefinch,0.8746,psl3,2024,06,15,07
258.0,261.0,Carpodacus erythrinus,Common Rosefinch,0.7188,psl3,2024,06,15,07
267.0,270.0,Carpodacus erythrinus,Common Rosefinch,0.6081,psl3,2024,06,15,07
273.0,276.0,Carpodacus erythrinus,Common Rosefinch,0.6585,psl3,2024,06,15,07
279.0,282.0,Carpodacus erythrinus,Common Rosefinch,0.8771,psl3,2024,06,15,07
291.0,294.0,Carpodacus erythrinus,Common Rosefinch,0.7541,psl3,2024,06,15,07
306.0,309.0,Carpodacus erythrinus,Common Rosefinch,0.5215,psl3,2024,06,15,07
315.0,318.0,Carpodacus erythrinus,Common Rosefinch,0.744,psl3,2024,06,15,07
318.0,321.0,Carpodacus erythrinus,Common Rosefinch,0.6791,psl3,2024,06,15,07
327.0,330.0,Carpodacus erythrinus,Common Rosefinch,0.8508,psl3,2024,06,15,07
330.0,333.0,Carpodacus erythrinus,Common Rosefinch,0.8687,psl3,2024,06,15,07
339.0,342.0,Carpodacus erythrinus,Common Rosefinch,0.9332,psl3,2024,06,15,07
357.0,360.0,Carpodacus erythrinus,Common Rosefinch,0.7174,psl3,2024,06,15,07
366.0,369.0,Carpodacus erythrinus,Common Rosefinch,0.7714,psl3,2024,06,15,07
372.0,375.0,Carpodacus erythrinus,Common Rosefinch,0.7747,psl3,2024,06,15,07
399.0,402.0,Carpodacus erythrinus,Common Rosefinch,0.8823,psl3,2024,06,15,07
459.0,462.0,Carpodacus erythrinus,Common Rosefinch,0.854,psl3,2024,06,15,07
480.0,483.0,Carpodacus erythrinus,Common Rosefinch,0.5223,psl3,2024,06,15,07
513.0,516.0,Protonotaria citrea,Prothonotary Warbler,0.5324,psl3,2024,06,15,07
543.0,546.0,Carpodacus erythrinus,Common Rosefinch,0.5799,psl3,2024,06,15,07
642.0,645.0,Carpodacus erythrinus,Common Rosefinch,0.5261,psl3,2024,06,15,07
822.0,825.0,Protonotaria citrea,Prothonotary Warbler,0.5498,psl3,2024,06,15,07
831.0,834.0,Protonotaria citrea,Prothonotary Warbler,0.6131,psl3,2024,06,15,07
843.0,846.0,Protonotaria citrea,Prothonotary Warbler,0.5849,psl3,2024,06,15,07
858.0,861.0,Protonotaria citrea,Prothonotary Warbler,0.7193,psl3,2024,06,15,07
21.0,24.0,Phylloscopus occipitalis,Western Crowned Warbler,0.7954,psl3,2024,06,16,05
24.0,27.0,Phylloscopus occipitalis,Western Crowned Warbler,0.9458,psl3,2024,06,16,05
30.0,33.0,Phylloscopus occipitalis,Western Crowned Warbler,0.7866,psl3,2024,06,16,05
36.0,39.0,Phylloscopus occipitalis,Western Crowned Warbler,0.5962,psl3,2024,06,16,05
84.0,87.0,Phylloscopus occipitalis,Western Crowned Warbler,0.5882,psl3,2024,06,16,05
96.0,99.0,Trochalopteron variegatum,Variegated Laughingthrush,0.5923,psl3,2024,06,16,05
114.0,117.0,Hemignathus wilsoni,Akiapolaau,0.7804,psl3,2024,06,16,05
138.0,141.0,Phylloscopus occipitalis,Western Crowned Warbler,0.5036,psl3,2024,06,16,05
150.0,153.0,Phylloscopus occipitalis,Western Crowned Warbler,0.5765,psl3,2024,06,16,05
159.0,162.0,Trochalopteron variegatum,Variegated Laughingthrush,0.687,psl3,2024,06,16,05
174.0,177.0,Trochalopteron variegatum,Variegated Laughingthrush,0.5512,psl3,2024,06,16,05
177.0,180.0,Phylloscopus occipitalis,Western Crowned Warbler,0.5514,psl3,2024,06,16,05
177.0,180.0,Phylloscopus tytleri,Tytler's Leaf Warbler,0.5499,psl3,2024,06,16,05
201.0,204.0,Protonotaria citrea,Prothonotary Warbler,0.6092,psl3,2024,06,16,05
204.0,207.0,Trochalopteron variegatum,Variegated Laughingthrush,0.9427,psl3,2024,06,16,05
210.0,213.0,Trochalopteron variegatum,Variegated Laughingthrush,0.6569,psl3,2024,06,16,05
225.0,228.0,Hemignathus wilsoni,Akiapolaau,0.5354,psl3,2024,06,16,05
231.0,234.0,Phylloscopus nitidus,Green Warbler,0.5139,psl3,2024,06,16,05
270.0,273.0,Trochalopteron variegatum,Variegated Laughingthrush,0.6857,psl3,2024,06,16,05
303.0,306.0,Trochalopteron variegatum,Variegated Laughingthrush,0.7944,psl3,2024,06,16,05
318.0,321.0,Hemignathus wilsoni,Akiapolaau,0.7838,psl3,2024,06,16,05
339.0,342.0,Phylloscopus tytleri,Tytler's Leaf Warbler,0.6649,psl3,2024,06,16,05
369.0,372.0,Phylloscopus magnirostris,Large-billed Leaf Warbler,0.7842,psl3,2024,06,16,05
387.0,390.0,Phylloscopus magnirostris,Large-billed Leaf Warbler,0.7731,psl3,2024,06,16,05
393.0,396.0,Phylloscopus magnirostris,Large-billed Leaf Warbler,0.6127,psl3,2024,06,16,05
402.0,405.0,Phylloscopus magnirostris,Large-billed Leaf Warbler,0.8316,psl3,2024,06,16,05
441.0,444.0,Trochalopteron variegatum,Variegated Laughingthrush,0.9507,psl3,2024,06,16,05
456.0,459.0,Trochalopteron variegatum,Variegated Laughingthrush,0.7267,psl3,2024,06,16,05
465.0,468.0,Trochalopteron variegatum,Variegated Laughingthrush,0.7923,psl3,2024,06,16,05
480.0,483.0,Trochalopteron variegatum,Variegated Laughingthrush,0.7808,psl3,2024,06,16,05
489.0,492.0,Trochalopteron variegatum,Variegated Laughingthrush,0.7389,psl3,2024,06,16,05
633.0,636.0,Protonotaria citrea,Prothonotary Warbler,0.7533,psl3,2024,06,16,05
657.0,660.0,Phylloscopus occipitalis,Western Crowned Warbler,0.7224,psl3,2024,06,16,05
657.0,660.0,Phylloscopus tytleri,Tytler's Leaf Warbler,0.6962,psl3,2024,06,16,05
663.0,666.0,Phylloscopus tytleri,Tytler's Leaf Warbler,0.6683,psl3,2024,06,16,05
675.0,678.0,Protonotaria citrea,Prothonotary Warbler,0.7366,psl3,2024,06,16,05
678.0,681.0,Protonotaria citrea,Prothonotary Warbler,0.6337,psl3,2024,06,16,05
696.0,699.0,Phylloscopus occipitalis,Western Crowned Warbler,0.5711,psl3,2024,06,16,05
702.0,705.0,Phylloscopus occipitalis,Western Crowned Warbler,0.6279,psl3,2024,06,16,05
708.0,711.0,Phylloscopus occipitalis,Western Crowned Warbler,0.7304,psl3,2024,06,16,05
726.0,729.0,Protonotaria citrea,Prothonotary Warbler,0.5506,psl3,2024,06,16,05
783.0,786.0,Phylloscopus occipitalis,Western Crowned Warbler,0.907,psl3,2024,06,16,05
792.0,795.0,Phylloscopus occipitalis,Western Crowned Warbler,0.5686,psl3,2024,06,16,05
795.0,798.0,Phylloscopus occipitalis,Western Crowned Warbler,0.9762,psl3,2024,06,16,05
798.0,801.0,Phylloscopus occipitalis,Western Crowned Warbler,0.5057,psl3,2024,06,16,05
804.0,807.0,Phylloscopus occipitalis,Western Crowned Warbler,0.8992,psl3,2024,06,16,05
807.0,810.0,Phylloscopus tytleri,Tytler's Leaf Warbler,0.529,psl3,2024,06,16,05
807.0,810.0,Phylloscopus occipitalis,Western Crowned Warbler,0.5112,psl3,2024,06,16,05
822.0,825.0,Phylloscopus occipitalis,Western Crowned Warbler,0.7493,psl3,2024,06,16,05
855.0,858.0,Phylloscopus occipitalis,Western Crowned Warbler,0.7213,psl3,2024,06,16,05
888.0,891.0,Phylloscopus occipitalis,Western Crowned Warbler,0.6836,psl3,2024,06,16,05
894.0,897.0,Phylloscopus occipitalis,Western Crowned Warbler,0.8248,psl3,2024,06,16,05
0.0,3.0,Larvivora brunnea,Indian Blue Robin,0.9736,psl3,2024,06,16,06
18.0,21.0,Phylloscopus trochiloides,Greenish Warbler,0.7422,psl3,2024,06,16,06
33.0,36.0,Larvivora brunnea,Indian Blue Robin,0.9524,psl3,2024,06,16,06
51.0,54.0,Phylloscopus magnirostris,Large-billed Leaf Warbler,0.9521,psl3,2024,06,16,06
54.0,57.0,Larvivora brunnea,Indian Blue Robin,0.5575,psl3,2024,06,16,06
63.0,66.0,Phylloscopus magnirostris,Large-billed Leaf Warbler,0.8481,psl3,2024,06,16,06
72.0,75.0,Larvivora brunnea,Indian Blue Robin,0.9378,psl3,2024,06,16,06
90.0,93.0,Larvivora brunnea,Indian Blue Robin,0.9516,psl3,2024,06,16,06
99.0,102.0,Phylloscopus magnirostris,Large-billed Leaf Warbler,0.8339,psl3,2024,06,16,06
108.0,111.0,Phylloscopus magnirostris,Large-billed Leaf Warbler,0.9296,psl3,2024,06,16,06
114.0,117.0,Phylloscopus magnirostris,Large-billed Leaf Warbler,0.7103,psl3,2024,06,16,06
123.0,126.0,Phylloscopus magnirostris,Large-billed Leaf Warbler,0.9093,psl3,2024,06,16,06
138.0,141.0,Larvivora brunnea,Indian Blue Robin,0.9131,psl3,2024,06,16,06
141.0,144.0,Trochalopteron variegatum,Variegated Laughingthrush,0.5512,psl3,2024,06,16,06
156.0,159.0,Phylloscopus magnirostris,Large-billed Leaf Warbler,0.9063,psl3,2024,06,16,06
165.0,168.0,Phylloscopus magnirostris,Large-billed Leaf Warbler,0.9192,psl3,2024,06,16,06
171.0,174.0,Larvivora brunnea,Indian Blue Robin,0.9931,psl3,2024,06,16,06
180.0,183.0,Phylloscopus magnirostris,Large-billed Leaf Warbler,0.7042,psl3,2024,06,16,06
192.0,195.0,Phylloscopus magnirostris,Large-billed Leaf Warbler,0.5768,psl3,2024,06,16,06
198.0,201.0,Larvivora brunnea,Indian Blue Robin,0.5617,psl3,2024,06,16,06
201.0,204.0,Larvivora brunnea,Indian Blue Robin,0.5816,psl3,2024,06,16,06
207.0,210.0,Phylloscopus magnirostris,Large-billed Leaf Warbler,0.584,psl3,2024,06,16,06
207.0,210.0,Elachura formosa,Spotted Elachura,0.5811,psl3,2024,06,16,06
213.0,216.0,Phylloscopus magnirostris,Large-billed Leaf Warbler,0.9782,psl3,2024,06,16,06
228.0,231.0,Phylloscopus magnirostris,Large-billed Leaf Warbler,0.6781,psl3,2024,06,16,06
237.0,240.0,Phylloscopus magnirostris,Large-billed Leaf Warbler,0.558,psl3,2024,06,16,06
255.0,258.0,Trochalopteron variegatum,Variegated Laughingthrush,0.7004,psl3,2024,06,16,06
258.0,261.0,Larvivora brunnea,Indian Blue Robin,0.9866,psl3,2024,06,16,06
276.0,279.0,Basileuterus rufifrons,Rufous-capped Warbler,0.5947,psl3,2024,06,16,06
288.0,291.0,Phoenicurus fuliginosus,Plumbeous Redstart,0.7553,psl3,2024,06,16,06
315.0,318.0,Phylloscopus magnirostris,Large-billed Leaf Warbler,0.9977,psl3,2024,06,16,06
327.0,330.0,Basileuterus rufifrons,Rufous-capped Warbler,0.5558,psl3,2024,06,16,06
351.0,354.0,Basileuterus rufifrons,Rufous-capped Warbler,0.5456,psl3,2024,06,16,06
357.0,360.0,Larvivora brunnea,Indian Blue Robin,0.7666,psl3,2024,06,16,06
390.0,393.0,Basileuterus rufifrons,Rufous-capped Warbler,0.6157,psl3,2024,06,16,06
408.0,411.0,Larvivora brunnea,Indian Blue Robin,0.7991,psl3,2024,06,16,06
411.0,414.0,Geothlypis tolmiei,MacGillivray's Warbler,0.6295,psl3,2024,06,16,06
531.0,534.0,Basileuterus rufifrons,Rufous-capped Warbler,0.5122,psl3,2024,06,16,06
606.0,609.0,Larvivora brunnea,Indian Blue Robin,0.9671,psl3,2024,06,16,06
633.0,636.0,Larvivora brunnea,Indian Blue Robin,0.9748,psl3,2024,06,16,06
666.0,669.0,Ficedula hypoleuca,European Pied Flycatcher,0.78,psl3,2024,06,16,06
684.0,687.0,Larvivora brunnea,Indian Blue Robin,0.8432,psl3,2024,06,16,06
684.0,687.0,Phylloscopus nitidus,Green Warbler,0.8419,psl3,2024,06,16,06
684.0,687.0,Phylloscopus trochiloides,Greenish Warbler,0.502,psl3,2024,06,16,06
699.0,702.0,Larvivora brunnea,Indian Blue Robin,0.884,psl3,2024,06,16,06
699.0,702.0,Larvivora cyane,Siberian Blue Robin,0.5395,psl3,2024,06,16,06
708.0,711.0,Trochalopteron variegatum,Variegated Laughingthrush,0.9616,psl3,2024,06,16,06
714.0,717.0,Phylloscopus nitidus,Green Warbler,0.5465,psl3,2024,06,16,06
723.0,726.0,Trochalopteron variegatum,Variegated Laughingthrush,0.5184,psl3,2024,06,16,06
726.0,729.0,Trochalopteron variegatum,Variegated Laughingthrush,0.513,psl3,2024,06,16,06
732.0,735.0,Trochalopteron variegatum,Variegated Laughingthrush,0.9487,psl3,2024,06,16,06
738.0,741.0,Trochalopteron variegatum,Variegated Laughingthrush,0.9789,psl3,2024,06,16,06
747.0,750.0,Trochalopteron variegatum,Variegated Laughingthrush,0.9802,psl3,2024,06,16,06
753.0,756.0,Trochalopteron variegatum,Variegated Laughingthrush,0.9877,psl3,2024,06,16,06
756.0,759.0,Trochalopteron variegatum,Variegated Laughingthrush,0.9989,psl3,2024,06,16,06
762.0,765.0,Trochalopteron variegatum,Variegated Laughingthrush,0.9997,psl3,2024,06,16,06
765.0,768.0,Trochalopteron variegatum,Variegated Laughingthrush,0.9941,psl3,2024,06,16,06
768.0,771.0,Trochalopteron variegatum,Variegated Laughingthrush,0.9982,psl3,2024,06,16,06
771.0,774.0,Larvivora brunnea,Indian Blue Robin,0.9856,psl3,2024,06,16,06
774.0,777.0,Trochalopteron variegatum,Variegated Laughingthrush,0.9912,psl3,2024,06,16,06
783.0,786.0,Trochalopteron variegatum,Variegated Laughingthrush,0.7552,psl3,2024,06,16,06
786.0,789.0,Trochalopteron variegatum,Variegated Laughingthrush,0.9489,psl3,2024,06,16,06
789.0,792.0,Larvivora brunnea,Indian Blue Robin,0.986,psl3,2024,06,16,06
795.0,798.0,Trochalopteron variegatum,Variegated Laughingthrush,0.8049,psl3,2024,06,16,06
801.0,804.0,Trochalopteron variegatum,Variegated Laughingthrush,0.9594,psl3,2024,06,16,06
807.0,810.0,Larvivora brunnea,Indian Blue Robin,0.6723,psl3,2024,06,16,06
810.0,813.0,Trochalopteron variegatum,Variegated Laughingthrush,0.8054,psl3,2024,06,16,06
813.0,816.0,Trochalopteron variegatum,Variegated Laughingthrush,0.9693,psl3,2024,06,16,06
837.0,840.0,Trochalopteron variegatum,Variegated Laughingthrush,0.7732,psl3,2024,06,16,06
843.0,846.0,Trochalopteron variegatum,Variegated Laughingthrush,0.9792,psl3,2024,06,16,06
849.0,852.0,Trochalopteron variegatum,Variegated Laughingthrush,0.9696,psl3,2024,06,16,06
858.0,861.0,Phylloscopus nitidus,Green Warbler,0.6196,psl3,2024,06,16,06
882.0,885.0,Larvivora brunnea,Indian Blue Robin,0.7241,psl3,2024,06,16,06
0.0,3.0,Phylloscopus nitidus,Green Warbler,0.6346,psl3,2024,06,16,07
21.0,24.0,Phylloscopus nitidus,Green Warbler,0.6619,psl3,2024,06,16,07
138.0,141.0,Phylloscopus trochiloides,Greenish Warbler,0.5043,psl3,2024,06,16,07
192.0,195.0,Phylloscopus magnirostris,Large-billed Leaf Warbler,0.9747,psl3,2024,06,16,07
195.0,198.0,Periparus ater,Coal Tit,0.7993,psl3,2024,06,16,07
201.0,204.0,Periparus ater,Coal Tit,0.8679,psl3,2024,06,16,07
213.0,216.0,Periparus ater,Coal Tit,0.5642,psl3,2024,06,16,07
270.0,273.0,Phylloscopus nitidus,Green Warbler,0.7771,psl3,2024,06,16,07
381.0,384.0,Phylloscopus magnirostris,Large-billed Leaf Warbler,0.9663,psl3,2024,06,16,07
582.0,585.0,Tringa glareola,Wood Sandpiper,0.8826,psl3,2024,06,16,07
690.0,693.0,Basileuterus rufifrons,Rufous-capped Warbler,0.8049,psl3,2024,06,16,07
33.0,36.0,Phylloscopus occipitalis,Western Crowned Warbler,0.551,psl3,2024,06,17,05
45.0,48.0,Phylloscopus occipitalis,Western Crowned Warbler,0.5712,psl3,2024,06,17,05
57.0,60.0,Phylloscopus occipitalis,Western Crowned Warbler,0.8384,psl3,2024,06,17,05
78.0,81.0,Phylloscopus magnirostris,Large-billed Leaf Warbler,0.6332,psl3,2024,06,17,05
102.0,105.0,Phylloscopus magnirostris,Large-billed Leaf Warbler,0.5984,psl3,2024,06,17,05
144.0,147.0,Trochalopteron variegatum,Variegated Laughingthrush,0.8959,psl3,2024,06,17,05
183.0,186.0,Phylloscopus occipitalis,Western Crowned Warbler,0.6405,psl3,2024,06,17,05
195.0,198.0,Trochalopteron variegatum,Variegated Laughingthrush,0.7419,psl3,2024,06,17,05
204.0,207.0,Trochalopteron variegatum,Variegated Laughingthrush,0.7227,psl3,2024,06,17,05
222.0,225.0,Trochalopteron variegatum,Variegated Laughingthrush,0.5907,psl3,2024,06,17,05
228.0,231.0,Trochalopteron variegatum,Variegated Laughingthrush,0.6308,psl3,2024,06,17,05
234.0,237.0,Phylloscopus occipitalis,Western Crowned Warbler,0.8225,psl3,2024,06,17,05
237.0,240.0,Trochalopteron variegatum,Variegated Laughingthrush,0.5262,psl3,2024,06,17,05
249.0,252.0,Phylloscopus occipitalis,Western Crowned Warbler,0.7003,psl3,2024,06,17,05
249.0,252.0,Trochalopteron variegatum,Variegated Laughingthrush,0.5426,psl3,2024,06,17,05
261.0,264.0,Trochalopteron variegatum,Variegated Laughingthrush,0.6908,psl3,2024,06,17,05
264.0,267.0,Trochalopteron variegatum,Variegated Laughingthrush,0.6687,psl3,2024,06,17,05
270.0,273.0,Trochalopteron variegatum,Variegated Laughingthrush,0.6277,psl3,2024,06,17,05
273.0,276.0,Phylloscopus occipitalis,Western Crowned Warbler,0.6451,psl3,2024,06,17,05
273.0,276.0,Phylloscopus tytleri,Tytler's Leaf Warbler,0.5798,psl3,2024,06,17,05
285.0,288.0,Protonotaria citrea,Prothonotary Warbler,0.7588,psl3,2024,06,17,05
291.0,294.0,Prinia socialis,Ashy Prinia,0.6975,psl3,2024,06,17,05
297.0,300.0,Phylloscopus occipitalis,Western Crowned Warbler,0.5998,psl3,2024,06,17,05
300.0,303.0,Phylloscopus tytleri,Tytler's Leaf Warbler,0.6455,psl3,2024,06,17,05
300.0,303.0,Phylloscopus occipitalis,Western Crowned Warbler,0.5892,psl3,2024,06,17,05
303.0,306.0,Phylloscopus occipitalis,Western Crowned Warbler,0.6286,psl3,2024,06,17,05
312.0,315.0,Trochalopteron variegatum,Variegated Laughingthrush,0.6545,psl3,2024,06,17,05
333.0,336.0,Phylloscopus occipitalis,Western Crowned Warbler,0.8867,psl3,2024,06,17,05
339.0,342.0,Trochalopteron variegatum,Variegated Laughingthrush,0.5027,psl3,2024,06,17,05
342.0,345.0,Phylloscopus occipitalis,Western Crowned Warbler,0.8209,psl3,2024,06,17,05
348.0,351.0,Phylloscopus occipitalis,Western Crowned Warbler,0.5309,psl3,2024,06,17,05
354.0,357.0,Phylloscopus occipitalis,Western Crowned Warbler,0.933,psl3,2024,06,17,05
357.0,360.0,Trochalopteron variegatum,Variegated Laughingthrush,0.8605,psl3,2024,06,17,05
366.0,369.0,Trochalopteron variegatum,Variegated Laughingthrush,0.5788,psl3,2024,06,17,05
372.0,375.0,Trochalopteron variegatum,Variegated Laughingthrush,0.6678,psl3,2024,06,17,05
375.0,378.0,Phylloscopus occipitalis,Western Crowned Warbler,0.7601,psl3,2024,06,17,05
381.0,384.0,Trochalopteron variegatum,Variegated Laughingthrush,0.7463,psl3,2024,06,17,05
399.0,402.0,Phylloscopus occipitalis,Western Crowned Warbler,0.7788,psl3,2024,06,17,05
402.0,405.0,Protonotaria citrea,Prothonotary Warbler,0.7162,psl3,2024,06,17,05
405.0,408.0,Phylloscopus occipitalis,Western Crowned Warbler,0.6572,psl3,2024,06,17,05
417.0,420.0,Phylloscopus occipitalis,Western Crowned Warbler,0.551,psl3,2024,06,17,05
420.0,423.0,Phylloscopus occipitalis,Western Crowned Warbler,0.772,psl3,2024,06,17,05
426.0,429.0,Phylloscopus occipitalis,Western Crowned Warbler,0.9646,psl3,2024,06,17,05
438.0,441.0,Phylloscopus occipitalis,Western Crowned Warbler,0.8919,psl3,2024,06,17,05
444.0,447.0,Phylloscopus occipitalis,Western Crowned Warbler,0.8814,psl3,2024,06,17,05
447.0,450.0,Phylloscopus occipitalis,Western Crowned Warbler,0.9128,psl3,2024,06,17,05
459.0,462.0,Phylloscopus occipitalis,Western Crowned Warbler,0.554,psl3,2024,06,17,05
465.0,468.0,Trochalopteron variegatum,Variegated Laughingthrush,0.581,psl3,2024,06,17,05
471.0,474.0,Phylloscopus occipitalis,Western Crowned Warbler,0.5454,psl3,2024,06,17,05
474.0,477.0,Phylloscopus occipitalis,Western Crowned Warbler,0.5815,psl3,2024,06,17,05
483.0,486.0,Phylloscopus occipitalis,Western Crowned Warbler,0.7155,psl3,2024,06,17,05
489.0,492.0,Phylloscopus occipitalis,Western Crowned Warbler,0.7959,psl3,2024,06,17,05
495.0,498.0,Phylloscopus nitidus,Green Warbler,0.8727,psl3,2024,06,17,05
501.0,504.0,Phylloscopus occipitalis,Western Crowned Warbler,0.5496,psl3,2024,06,17,05
507.0,510.0,Phylloscopus occipitalis,Western Crowned Warbler,0.7939,psl3,2024,06,17,05
522.0,525.0,Phylloscopus occipitalis,Western Crowned Warbler,0.8325,psl3,2024,06,17,05
528.0,531.0,Phylloscopus occipitalis,Western Crowned Warbler,0.5158,psl3,2024,06,17,05
546.0,549.0,Phylloscopus occipitalis,Western Crowned Warbler,0.6285,psl3,2024,06,17,05
552.0,555.0,Phylloscopus occipitalis,Western Crowned Warbler,0.8654,psl3,2024,06,17,05
558.0,561.0,Poecile rufescens,Chestnut-backed Chickadee,0.6448,psl3,2024,06,17,05
570.0,573.0,Phylloscopus occipitalis,Western Crowned Warbler,0.6775,psl3,2024,06,17,05
576.0,579.0,Phylloscopus occipitalis,Western Crowned Warbler,0.906,psl3,2024,06,17,05
582.0,585.0,Phylloscopus occipitalis,Western Crowned Warbler,0.8181,psl3,2024,06,17,05
585.0,588.0,Phylloscopus occipitalis,Western Crowned Warbler,0.5108,psl3,2024,06,17,05
588.0,591.0,Phylloscopus occipitalis,Western Crowned Warbler,0.6418,psl3,2024,06,17,05
597.0,600.0,Phylloscopus occipitalis,Western Crowned Warbler,0.8383,psl3,2024,06,17,05
609.0,612.0,Phylloscopus occipitalis,Western Crowned Warbler,0.5746,psl3,2024,06,17,05
612.0,615.0,Protonotaria citrea,Prothonotary Warbler,0.6733,psl3,2024,06,17,05
615.0,618.0,Phylloscopus occipitalis,Western Crowned Warbler,0.8677,psl3,2024,06,17,05
702.0,705.0,Luscinia phaenicuroides,White-bellied Redstart,0.7323,psl3,2024,06,17,05
837.0,840.0,Phylloscopus occipitalis,Western Crowned Warbler,0.6948,psl3,2024,06,17,05
843.0,846.0,Phylloscopus occipitalis,Western Crowned Warbler,0.5157,psl3,2024,06,17,05
849.0,852.0,Phylloscopus occipitalis,Western Crowned Warbler,0.6517,psl3,2024,06,17,05
855.0,858.0,Phylloscopus occipitalis,Western Crowned Warbler,0.6108,psl3,2024,06,17,05
858.0,861.0,Protonotaria citrea,Prothonotary Warbler,0.7077,psl3,2024,06,17,05
867.0,870.0,Phylloscopus reguloides,Blyth's Leaf Warbler,0.5613,psl3,2024,06,17,05
873.0,876.0,Phylloscopus occipitalis,Western Crowned Warbler,0.5867,psl3,2024,06,17,05
0.0,3.0,Phylloscopus occipitalis,Western Crowned Warbler,0.5955,psl3,2024,06,17,06
27.0,30.0,Basileuterus rufifrons,Rufous-capped Warbler,0.71,psl3,2024,06,17,06
87.0,90.0,Phylloscopus occipitalis,Western Crowned Warbler,0.7803,psl3,2024,06,17,06
96.0,99.0,Protonotaria citrea,Prothonotary Warbler,0.5191,psl3,2024,06,17,06
99.0,102.0,Phylloscopus occipitalis,Western Crowned Warbler,0.6382,psl3,2024,06,17,06
105.0,108.0,Phylloscopus occipitalis,Western Crowned Warbler,0.5682,psl3,2024,06,17,06
108.0,111.0,Protonotaria citrea,Prothonotary Warbler,0.6923,psl3,2024,06,17,06
114.0,117.0,Protonotaria citrea,Prothonotary Warbler,0.602,psl3,2024,06,17,06
126.0,129.0,Phylloscopus occipitalis,Western Crowned Warbler,0.7602,psl3,2024,06,17,06
144.0,147.0,Protonotaria citrea,Prothonotary Warbler,0.733,psl3,2024,06,17,06
162.0,165.0,Phylloscopus occipitalis,Western Crowned Warbler,0.805,psl3,2024,06,17,06
195.0,198.0,Phylloscopus magnirostris,Large-billed Leaf Warbler,0.7085,psl3,2024,06,17,06
210.0,213.0,Phylloscopus occipitalis,Western Crowned Warbler,0.5093,psl3,2024,06,17,06
213.0,216.0,Luscinia phaenicuroides,White-bellied Redstart,0.8181,psl3,2024,06,17,06
216.0,219.0,Phylloscopus occipitalis,Western Crowned Warbler,0.6582,psl3,2024,06,17,06
222.0,225.0,Luscinia phaenicuroides,White-bellied Redstart,0.5041,psl3,2024,06,17,06
234.0,237.0,Phylloscopus occipitalis,Western Crowned Warbler,0.637,psl3,2024,06,17,06
237.0,240.0,Phylloscopus tytleri,Tytler's Leaf Warbler,0.5415,psl3,2024,06,17,06
255.0,258.0,Phylloscopus occipitalis,Western Crowned Warbler,0.6951,psl3,2024,06,17,06
264.0,267.0,Phylloscopus occipitalis,Western Crowned Warbler,0.9647,psl3,2024,06,17,06
267.0,270.0,Phylloscopus occipitalis,Western Crowned Warbler,0.6695,psl3,2024,06,17,06
273.0,276.0,Phylloscopus occipitalis,Western Crowned Warbler,0.7705,psl3,2024,06,17,06
288.0,291.0,Phylloscopus occipitalis,Western Crowned Warbler,0.8543,psl3,2024,06,17,06
297.0,300.0,Protonotaria citrea,Prothonotary Warbler,0.6785,psl3,2024,06,17,06
303.0,306.0,Phylloscopus occipitalis,Western Crowned Warbler,0.7206,psl3,2024,06,17,06
306.0,309.0,Protonotaria citrea,Prothonotary Warbler,0.8261,psl3,2024,06,17,06
312.0,315.0,Luscinia phaenicuroides,White-bellied Redstart,0.9912,psl3,2024,06,17,06
321.0,324.0,Luscinia phaenicuroides,White-bellied Redstart,0.9959,psl3,2024,06,17,06
345.0,348.0,Phylloscopus occipitalis,Western Crowned Warbler,0.7288,psl3,2024,06,17,06
351.0,354.0,Phylloscopus occipitalis,Western Crowned Warbler,0.8926,psl3,2024,06,17,06
354.0,357.0,Phylloscopus tytleri,Tytler's Leaf Warbler,0.5751,psl3,2024,06,17,06
360.0,363.0,Phylloscopus occipitalis,Western Crowned Warbler,0.7915,psl3,2024,06,17,06
369.0,372.0,Phylloscopus reguloides,Blyth's Leaf Warbler,0.5045,psl3,2024,06,17,06
372.0,375.0,Protonotaria citrea,Prothonotary Warbler,0.5735,psl3,2024,06,17,06
384.0,387.0,Protonotaria citrea,Prothonotary Warbler,0.8431,psl3,2024,06,17,06
402.0,405.0,Phylloscopus magnirostris,Large-billed Leaf Warbler,0.8628,psl3,2024,06,17,06
405.0,408.0,Phylloscopus occipitalis,Western Crowned Warbler,0.6273,psl3,2024,06,17,06
408.0,411.0,Protonotaria citrea,Prothonotary Warbler,0.5317,psl3,2024,06,17,06
414.0,417.0,Phylloscopus magnirostris,Large-billed Leaf Warbler,0.7419,psl3,2024,06,17,06
423.0,426.0,Phylloscopus magnirostris,Large-billed Leaf Warbler,0.5963,psl3,2024,06,17,06
426.0,429.0,Protonotaria citrea,Prothonotary Warbler,0.6243,psl3,2024,06,17,06
429.0,432.0,Phylloscopus occipitalis,Western Crowned Warbler,0.7233,psl3,2024,06,17,06
432.0,435.0,Protonotaria citrea,Prothonotary Warbler,0.6613,psl3,2024,06,17,06
435.0,438.0,Phylloscopus occipitalis,Western Crowned Warbler,0.5893,psl3,2024,06,17,06
450.0,453.0,Phylloscopus magnirostris,Large-billed Leaf Warbler,0.9548,psl3,2024,06,17,06
456.0,459.0,Phylloscopus magnirostris,Large-billed Leaf Warbler,0.8408,psl3,2024,06,17,06
465.0,468.0,Phylloscopus magnirostris,Large-billed Leaf Warbler,0.5779,psl3,2024,06,17,06
507.0,510.0,Phylloscopus magnirostris,Large-billed Leaf Warbler,0.8425,psl3,2024,06,17,06
516.0,519.0,Phylloscopus magnirostris,Large-billed Leaf Warbler,0.8616,psl3,2024,06,17,06
522.0,525.0,Protonotaria citrea,Prothonotary Warbler,0.6285,psl3,2024,06,17,06
525.0,528.0,Phylloscopus magnirostris,Large-billed Leaf Warbler,0.663,psl3,2024,06,17,06
537.0,540.0,Phylloscopus magnirostris,Large-billed Leaf Warbler,0.8624,psl3,2024,06,17,06
546.0,549.0,Phylloscopus magnirostris,Large-billed Leaf Warbler,0.9958,psl3,2024,06,17,06
558.0,561.0,Phylloscopus magnirostris,Large-billed Leaf Warbler,0.8325,psl3,2024,06,17,06
567.0,570.0,Phylloscopus magnirostris,Large-billed Leaf Warbler,0.5248,psl3,2024,06,17,06
573.0,576.0,Phylloscopus magnirostris,Large-billed Leaf Warbler,0.6033,psl3,2024,06,17,06
579.0,582.0,Phylloscopus occipitalis,Western Crowned Warbler,0.7161,psl3,2024,06,17,06
582.0,585.0,Phylloscopus magnirostris,Large-billed Leaf Warbler,0.9667,psl3,2024,06,17,06
588.0,591.0,Phylloscopus occipitalis,Western Crowned Warbler,0.9143,psl3,2024,06,17,06
594.0,597.0,Phylloscopus magnirostris,Large-billed Leaf Warbler,0.605,psl3,2024,06,17,06
609.0,612.0,Phylloscopus occipitalis,Western Crowned Warbler,0.7396,psl3,2024,06,17,06
612.0,615.0,Phylloscopus magnirostris,Large-billed Leaf Warbler,0.8292,psl3,2024,06,17,06
633.0,636.0,Phylloscopus occipitalis,Western Crowned Warbler,0.8729,psl3,2024,06,17,06
633.0,636.0,Phylloscopus magnirostris,Large-billed Leaf Warbler,0.6576,psl3,2024,06,17,06
636.0,639.0,Protonotaria citrea,Prothonotary Warbler,0.9356,psl3,2024,06,17,06
639.0,642.0,Phylloscopus magnirostris,Large-billed Leaf Warbler,0.821,psl3,2024,06,17,06
645.0,648.0,Phylloscopus occipitalis,Western Crowned Warbler,0.9522,psl3,2024,06,17,06
648.0,651.0,Phylloscopus magnirostris,Large-billed Leaf Warbler,0.776,psl3,2024,06,17,06
657.0,660.0,Phylloscopus magnirostris,Large-billed Leaf Warbler,0.8122,psl3,2024,06,17,06
657.0,660.0,Elachura formosa,Spotted Elachura,0.6544,psl3,2024,06,17,06
660.0,663.0,Protonotaria citrea,Prothonotary Warbler,0.6903,psl3,2024,06,17,06
669.0,672.0,Phylloscopus magnirostris,Large-billed Leaf Warbler,0.6762,psl3,2024,06,17,06
678.0,681.0,Phylloscopus occipitalis,Western Crowned Warbler,0.9681,psl3,2024,06,17,06
681.0,684.0,Phylloscopus occipitalis,Western Crowned Warbler,0.7493,psl3,2024,06,17,06
684.0,687.0,Phylloscopus magnirostris,Large-billed Leaf Warbler,0.957,psl3,2024,06,17,06
687.0,690.0,Phylloscopus occipitalis,Western Crowned Warbler,0.9221,psl3,2024,06,17,06
690.0,693.0,Phylloscopus occipitalis,Western Crowned Warbler,0.558,psl3,2024,06,17,06
693.0,696.0,Phylloscopus magnirostris,Large-billed Leaf Warbler,0.9567,psl3,2024,06,17,06
696.0,699.0,Phylloscopus occipitalis,Western Crowned Warbler,0.8324,psl3,2024,06,17,06
702.0,705.0,Phylloscopus magnirostris,Large-billed Leaf Warbler,0.9731,psl3,2024,06,17,06
705.0,708.0,Phylloscopus occipitalis,Western Crowned Warbler,0.5613,psl3,2024,06,17,06
711.0,714.0,Phylloscopus magnirostris,Large-billed Leaf Warbler,0.886,psl3,2024,06,17,06
714.0,717.0,Phylloscopus occipitalis,Western Crowned Warbler,0.7067,psl3,2024,06,17,06
717.0,720.0,Phylloscopus occipitalis,Western Crowned Warbler,0.5782,psl3,2024,06,17,06
720.0,723.0,Phylloscopus magnirostris,Large-billed Leaf Warbler,0.9014,psl3,2024,06,17,06
723.0,726.0,Phylloscopus occipitalis,Western Crowned Warbler,0.9143,psl3,2024,06,17,06
729.0,732.0,Phylloscopus magnirostris,Large-billed Leaf Warbler,0.9918,psl3,2024,06,17,06
732.0,735.0,Phylloscopus occipitalis,Western Crowned Warbler,0.9127,psl3,2024,06,17,06
741.0,744.0,Phylloscopus occipitalis,Western Crowned Warbler,0.7538,psl3,2024,06,17,06
744.0,747.0,Phylloscopus magnirostris,Large-billed Leaf Warbler,0.5517,psl3,2024,06,17,06
750.0,753.0,Phylloscopus occipitalis,Western Crowned Warbler,0.9747,psl3,2024,06,17,06
753.0,756.0,Phylloscopus occipitalis,Western Crowned Warbler,0.6795,psl3,2024,06,17,06
762.0,765.0,Phylloscopus occipitalis,Western Crowned Warbler,0.6746,psl3,2024,06,17,06
771.0,774.0,Phylloscopus occipitalis,Western Crowned Warbler,0.9026,psl3,2024,06,17,06
774.0,777.0,Phylloscopus magnirostris,Large-billed Leaf Warbler,0.9904,psl3,2024,06,17,06
783.0,786.0,Phylloscopus magnirostris,Large-billed Leaf Warbler,0.8894,psl3,2024,06,17,06
786.0,789.0,Phylloscopus occipitalis,Western Crowned Warbler,0.8274,psl3,2024,06,17,06
789.0,792.0,Phylloscopus magnirostris,Large-billed Leaf Warbler,0.9092,psl3,2024,06,17,06
792.0,795.0,Phylloscopus occipitalis,Western Crowned Warbler,0.7798,psl3,2024,06,17,06
795.0,798.0,Phylloscopus occipitalis,Western Crowned Warbler,0.748,psl3,2024,06,17,06
801.0,804.0,Phylloscopus occipitalis,Western Crowned Warbler,0.9196,psl3,2024,06,17,06
807.0,810.0,Phylloscopus magnirostris,Large-billed Leaf Warbler,0.6934,psl3,2024,06,17,06
810.0,813.0,Phylloscopus occipitalis,Western Crowned Warbler,0.9932,psl3,2024,06,17,06
813.0,816.0,Phylloscopus magnirostris,Large-billed Leaf Warbler,0.9319,psl3,2024,06,17,06
819.0,822.0,Protonotaria citrea,Prothonotary Warbler,0.8012,psl3,2024,06,17,06
822.0,825.0,Phylloscopus magnirostris,Large-billed Leaf Warbler,0.9897,psl3,2024,06,17,06
831.0,834.0,Protonotaria citrea,Prothonotary Warbler,0.6866,psl3,2024,06,17,06
846.0,849.0,Phylloscopus magnirostris,Large-billed Leaf Warbler,0.9972,psl3,2024,06,17,06
849.0,852.0,Phylloscopus occipitalis,Western Crowned Warbler,0.6522,psl3,2024,06,17,06
852.0,855.0,Phylloscopus magnirostris,Large-billed Leaf Warbler,0.9532,psl3,2024,06,17,06
861.0,864.0,Phylloscopus magnirostris,Large-billed Leaf Warbler,0.9943,psl3,2024,06,17,06
864.0,867.0,Phylloscopus occipitalis,Western Crowned Warbler,0.6227,psl3,2024,06,17,06
867.0,870.0,Phylloscopus magnirostris,Large-billed Leaf Warbler,0.9641,psl3,2024,06,17,06
876.0,879.0,Phylloscopus magnirostris,Large-billed Leaf Warbler,0.9475,psl3,2024,06,17,06
891.0,894.0,Phylloscopus magnirostris,Large-billed Leaf Warbler,0.7396,psl3,2024,06,17,06
897.0,900.0,Phylloscopus magnirostris,Large-billed Leaf Warbler,0.929,psl3,2024,06,17,06
21.0,24.0,Larvivora brunnea,Indian Blue Robin,0.9861,psl3,2024,06,17,07
45.0,48.0,Protonotaria citrea,Prothonotary Warbler,0.7554,psl3,2024,06,17,07
69.0,72.0,Larvivora brunnea,Indian Blue Robin,0.5192,psl3,2024,06,17,07
72.0,75.0,Ficedula hypoleuca,European Pied Flycatcher,0.6015,psl3,2024,06,17,07
93.0,96.0,Larvivora brunnea,Indian Blue Robin,0.8753,psl3,2024,06,17,07
159.0,162.0,Larvivora brunnea,Indian Blue Robin,0.5403,psl3,2024,06,17,07
369.0,372.0,Catharus aurantiirostris,Orange-billed Nightingale-Thrush,0.7323,psl3,2024,06,17,07
561.0,564.0,Phylloscopus occipitalis,Western Crowned Warbler,0.6574,psl3,2024,06,17,07
564.0,567.0,Protonotaria citrea,Prothonotary Warbler,0.9428,psl3,2024,06,17,07
573.0,576.0,Protonotaria citrea,Prothonotary Warbler,0.8125,psl3,2024,06,17,07
585.0,588.0,Phylloscopus occipitalis,Western Crowned Warbler,0.5258,psl3,2024,06,17,07
600.0,603.0,Phylloscopus occipitalis,Western Crowned Warbler,0.6955,psl3,2024,06,17,07
609.0,612.0,Phylloscopus occipitalis,Western Crowned Warbler,0.756,psl3,2024,06,17,07
612.0,615.0,Phylloscopus occipitalis,Western Crowned Warbler,0.6499,psl3,2024,06,17,07
624.0,627.0,Phylloscopus occipitalis,Western Crowned Warbler,0.615,psl3,2024,06,17,07
636.0,639.0,Phylloscopus occipitalis,Western Crowned Warbler,0.9277,psl3,2024,06,17,07
639.0,642.0,Phylloscopus occipitalis,Western Crowned Warbler,0.8523,psl3,2024,06,17,07
651.0,654.0,Phylloscopus occipitalis,Western Crowned Warbler,0.7731,psl3,2024,06,17,07
696.0,699.0,Phylloscopus occipitalis,Western Crowned Warbler,0.668,psl3,2024,06,17,07
711.0,714.0,Phylloscopus occipitalis,Western Crowned Warbler,0.5996,psl3,2024,06,17,07
0.0,3.0,Phylloscopus occipitalis,Western Crowned Warbler,0.7928,psl3,2024,06,18,05
9.0,12.0,Phylloscopus occipitalis,Western Crowned Warbler,0.6868,psl3,2024,06,18,05
21.0,24.0,Phylloscopus occipitalis,Western Crowned Warbler,0.6608,psl3,2024,06,18,05
24.0,27.0,Phylloscopus occipitalis,Western Crowned Warbler,0.5735,psl3,2024,06,18,05
90.0,93.0,Phylloscopus occipitalis,Western Crowned Warbler,0.5558,psl3,2024,06,18,05
90.0,93.0,Phylloscopus tytleri,Tytler's Leaf Warbler,0.5247,psl3,2024,06,18,05
99.0,102.0,Phylloscopus occipitalis,Western Crowned Warbler,0.5212,psl3,2024,06,18,05
114.0,117.0,Phylloscopus occipitalis,Western Crowned Warbler,0.5298,psl3,2024,06,18,05
117.0,120.0,Phylloscopus occipitalis,Western Crowned Warbler,0.5066,psl3,2024,06,18,05
120.0,123.0,Phylloscopus occipitalis,Western Crowned Warbler,0.5927,psl3,2024,06,18,05
147.0,150.0,Phylloscopus occipitalis,Western Crowned Warbler,0.7423,psl3,2024,06,18,05
156.0,159.0,Phylloscopus occipitalis,Western Crowned Warbler,0.6149,psl3,2024,06,18,05
162.0,165.0,Phylloscopus occipitalis,Western Crowned Warbler,0.5957,psl3,2024,06,18,05
165.0,168.0,Phylloscopus occipitalis,Western Crowned Warbler,0.578,psl3,2024,06,18,05
168.0,171.0,Phylloscopus occipitalis,Western Crowned Warbler,0.577,psl3,2024,06,18,05
174.0,177.0,Protonotaria citrea,Prothonotary Warbler,0.6815,psl3,2024,06,18,05
177.0,180.0,Protonotaria citrea,Prothonotary Warbler,0.513,psl3,2024,06,18,05
198.0,201.0,Phylloscopus occipitalis,Western Crowned Warbler,0.5666,psl3,2024,06,18,05
219.0,222.0,Phylloscopus occipitalis,Western Crowned Warbler,0.7053,psl3,2024,06,18,05
249.0,252.0,Phylloscopus occipitalis,Western Crowned Warbler,0.5531,psl3,2024,06,18,05
261.0,264.0,Phylloscopus occipitalis,Western Crowned Warbler,0.5572,psl3,2024,06,18,05
276.0,279.0,Phylloscopus occipitalis,Western Crowned Warbler,0.6974,psl3,2024,06,18,05
306.0,309.0,Phylloscopus occipitalis,Western Crowned Warbler,0.5882,psl3,2024,06,18,05
312.0,315.0,Protonotaria citrea,Prothonotary Warbler,0.5118,psl3,2024,06,18,05
330.0,333.0,Phylloscopus occipitalis,Western Crowned Warbler,0.5188,psl3,2024,06,18,05
339.0,342.0,Phylloscopus occipitalis,Western Crowned Warbler,0.519,psl3,2024,06,18,05
363.0,366.0,Phylloscopus occipitalis,Western Crowned Warbler,0.8772,psl3,2024,06,18,05
372.0,375.0,Phylloscopus occipitalis,Western Crowned Warbler,0.7348,psl3,2024,06,18,05
375.0,378.0,Phylloscopus occipitalis,Western Crowned Warbler,0.8222,psl3,2024,06,18,05
381.0,384.0,Phylloscopus occipitalis,Western Crowned Warbler,0.8156,psl3,2024,06,18,05
387.0,390.0,Phylloscopus occipitalis,Western Crowned Warbler,0.5181,psl3,2024,06,18,05
399.0,402.0,Phylloscopus occipitalis,Western Crowned Warbler,0.6981,psl3,2024,06,18,05
438.0,441.0,Phylloscopus occipitalis,Western Crowned Warbler,0.6352,psl3,2024,06,18,05
444.0,447.0,Phylloscopus occipitalis,Western Crowned Warbler,0.5183,psl3,2024,06,18,05
504.0,507.0,Protonotaria citrea,Prothonotary Warbler,0.6617,psl3,2024,06,18,05
519.0,522.0,Phylloscopus occipitalis,Western Crowned Warbler,0.658,psl3,2024,06,18,05
531.0,534.0,Protonotaria citrea,Prothonotary Warbler,0.831,psl3,2024,06,18,05
549.0,552.0,Phylloscopus occipitalis,Western Crowned Warbler,0.6553,psl3,2024,06,18,05
567.0,570.0,Protonotaria citrea,Prothonotary Warbler,0.9269,psl3,2024,06,18,05
576.0,579.0,Protonotaria citrea,Prothonotary Warbler,0.6172,psl3,2024,06,18,05
579.0,582.0,Phylloscopus occipitalis,Western Crowned Warbler,0.5341,psl3,2024,06,18,05
585.0,588.0,Phylloscopus occipitalis,Western Crowned Warbler,0.8372,psl3,2024,06,18,05
591.0,594.0,Protonotaria citrea,Prothonotary Warbler,0.83,psl3,2024,06,18,05
594.0,597.0,Phylloscopus occipitalis,Western Crowned Warbler,0.5472,psl3,2024,06,18,05
597.0,600.0,Phylloscopus occipitalis,Western Crowned Warbler,0.8259,psl3,2024,06,18,05
618.0,621.0,Phylloscopus occipitalis,Western Crowned Warbler,0.609,psl3,2024,06,18,05
621.0,624.0,Phylloscopus occipitalis,Western Crowned Warbler,0.5548,psl3,2024,06,18,05
633.0,636.0,Phylloscopus occipitalis,Western Crowned Warbler,0.7697,psl3,2024,06,18,05
636.0,639.0,Phylloscopus reguloides,Blyth's Leaf Warbler,0.7483,psl3,2024,06,18,05
636.0,639.0,Phylloscopus occipitalis,Western Crowned Warbler,0.6855,psl3,2024,06,18,05
639.0,642.0,Phylloscopus occipitalis,Western Crowned Warbler,0.7135,psl3,2024,06,18,05
642.0,645.0,Phylloscopus nitidus,Green Warbler,0.7645,psl3,2024,06,18,05
645.0,648.0,Phylloscopus occipitalis,Western Crowned Warbler,0.5409,psl3,2024,06,18,05
651.0,654.0,Phylloscopus occipitalis,Western Crowned Warbler,0.9629,psl3,2024,06,18,05
672.0,675.0,Phylloscopus reguloides,Blyth's Leaf Warbler,0.5969,psl3,2024,06,18,05
678.0,681.0,Phylloscopus nitidus,Green Warbler,0.7605,psl3,2024,06,18,05
687.0,690.0,Phylloscopus nitidus,Green Warbler,0.6455,psl3,2024,06,18,05
771.0,774.0,Protonotaria citrea,Prothonotary Warbler,0.912,psl3,2024,06,18,05
786.0,789.0,Phylloscopus occipitalis,Western Crowned Warbler,0.5182,psl3,2024,06,18,05
792.0,795.0,Phylloscopus occipitalis,Western Crowned Warbler,0.5626,psl3,2024,06,18,05
795.0,798.0,Phylloscopus occipitalis,Western Crowned Warbler,0.6152,psl3,2024,06,18,05
807.0,810.0,Protonotaria citrea,Prothonotary Warbler,0.5863,psl3,2024,06,18,05
816.0,819.0,Protonotaria citrea,Prothonotary Warbler,0.8025,psl3,2024,06,18,05
831.0,834.0,Phylloscopus occipitalis,Western Crowned Warbler,0.6947,psl3,2024,06,18,05
834.0,837.0,Protonotaria citrea,Prothonotary Warbler,0.7812,psl3,2024,06,18,05
843.0,846.0,Phylloscopus occipitalis,Western Crowned Warbler,0.9183,psl3,2024,06,18,05
849.0,852.0,Phylloscopus occipitalis,Western Crowned Warbler,0.8467,psl3,2024,06,18,05
852.0,855.0,Phylloscopus occipitalis,Western Crowned Warbler,0.7352,psl3,2024,06,18,05
858.0,861.0,Phylloscopus occipitalis,Western Crowned Warbler,0.5206,psl3,2024,06,18,05
864.0,867.0,Phylloscopus occipitalis,Western Crowned Warbler,0.5539,psl3,2024,06,18,05
876.0,879.0,Phylloscopus occipitalis,Western Crowned Warbler,0.6878,psl3,2024,06,18,05
879.0,882.0,Phylloscopus occipitalis,Western Crowned Warbler,0.7097,psl3,2024,06,18,05
888.0,891.0,Phylloscopus occipitalis,Western Crowned Warbler,0.9569,psl3,2024,06,18,05
891.0,894.0,Phylloscopus occipitalis,Western Crowned Warbler,0.9152,psl3,2024,06,18,05
288.0,291.0,Protonotaria citrea,Prothonotary Warbler,0.5617,psl3,2024,06,18,06
309.0,312.0,Phylloscopus occipitalis,Western Crowned Warbler,0.664,psl3,2024,06,18,06
315.0,318.0,Phylloscopus occipitalis,Western Crowned Warbler,0.832,psl3,2024,06,18,06
318.0,321.0,Phylloscopus occipitalis,Western Crowned Warbler,0.6486,psl3,2024,06,18,06
333.0,336.0,Phylloscopus occipitalis,Western Crowned Warbler,0.7918,psl3,2024,06,18,06
339.0,342.0,Phylloscopus occipitalis,Western Crowned Warbler,0.69,psl3,2024,06,18,06
348.0,351.0,Phylloscopus occipitalis,Western Crowned Warbler,0.791,psl3,2024,06,18,06
357.0,360.0,Phylloscopus occipitalis,Western Crowned Warbler,0.9731,psl3,2024,06,18,06
369.0,372.0,Phylloscopus occipitalis,Western Crowned Warbler,0.9289,psl3,2024,06,18,06
381.0,384.0,Phylloscopus occipitalis,Western Crowned Warbler,0.9874,psl3,2024,06,18,06
390.0,393.0,Phylloscopus occipitalis,Western Crowned Warbler,0.9716,psl3,2024,06,18,06
396.0,399.0,Phylloscopus occipitalis,Western Crowned Warbler,0.9252,psl3,2024,06,18,06
405.0,408.0,Phylloscopus occipitalis,Western Crowned Warbler,0.8935,psl3,2024,06,18,06
411.0,414.0,Phylloscopus occipitalis,Western Crowned Warbler,0.8599,psl3,2024,06,18,06
423.0,426.0,Phylloscopus occipitalis,Western Crowned Warbler,0.9631,psl3,2024,06,18,06
426.0,429.0,Phylloscopus occipitalis,Western Crowned Warbler,0.533,psl3,2024,06,18,06
432.0,435.0,Phylloscopus occipitalis,Western Crowned Warbler,0.9609,psl3,2024,06,18,06
438.0,441.0,Phylloscopus occipitalis,Western Crowned Warbler,0.9892,psl3,2024,06,18,06
444.0,447.0,Phylloscopus occipitalis,Western Crowned Warbler,0.9801,psl3,2024,06,18,06
447.0,450.0,Phylloscopus occipitalis,Western Crowned Warbler,0.7106,psl3,2024,06,18,06
450.0,453.0,Phylloscopus occipitalis,Western Crowned Warbler,0.9265,psl3,2024,06,18,06
462.0,465.0,Phylloscopus occipitalis,Western Crowned Warbler,0.846,psl3,2024,06,18,06
468.0,471.0,Phylloscopus occipitalis,Western Crowned Warbler,0.7592,psl3,2024,06,18,06
477.0,480.0,Phylloscopus occipitalis,Western Crowned Warbler,0.5997,psl3,2024,06,18,06
486.0,489.0,Phylloscopus occipitalis,Western Crowned Warbler,0.8118,psl3,2024,06,18,06
492.0,495.0,Phylloscopus occipitalis,Western Crowned Warbler,0.5113,psl3,2024,06,18,06
495.0,498.0,Phylloscopus occipitalis,Western Crowned Warbler,0.9373,psl3,2024,06,18,06
501.0,504.0,Phylloscopus occipitalis,Western Crowned Warbler,0.8799,psl3,2024,06,18,06
504.0,507.0,Phylloscopus occipitalis,Western Crowned Warbler,0.8613,psl3,2024,06,18,06
510.0,513.0,Phylloscopus occipitalis,Western Crowned Warbler,0.9649,psl3,2024,06,18,06
519.0,522.0,Phylloscopus occipitalis,Western Crowned Warbler,0.9449,psl3,2024,06,18,06
528.0,531.0,Phylloscopus occipitalis,Western Crowned Warbler,0.7719,psl3,2024,06,18,06
537.0,540.0,Phylloscopus occipitalis,Western Crowned Warbler,0.9353,psl3,2024,06,18,06
549.0,552.0,Phylloscopus occipitalis,Western Crowned Warbler,0.5608,psl3,2024,06,18,06
555.0,558.0,Phylloscopus occipitalis,Western Crowned Warbler,0.7294,psl3,2024,06,18,06
558.0,561.0,Protonotaria citrea,Prothonotary Warbler,0.5371,psl3,2024,06,18,06
561.0,564.0,Phylloscopus occipitalis,Western Crowned Warbler,0.9769,psl3,2024,06,18,06
564.0,567.0,Phylloscopus occipitalis,Western Crowned Warbler,0.9396,psl3,2024,06,18,06
564.0,567.0,Protonotaria citrea,Prothonotary Warbler,0.6156,psl3,2024,06,18,06
570.0,573.0,Phylloscopus occipitalis,Western Crowned Warbler,0.9855,psl3,2024,06,18,06
576.0,579.0,Phylloscopus occipitalis,Western Crowned Warbler,0.9572,psl3,2024,06,18,06
582.0,585.0,Phylloscopus occipitalis,Western Crowned Warbler,0.5451,psl3,2024,06,18,06
585.0,588.0,Phylloscopus occipitalis,Western Crowned Warbler,0.749,psl3,2024,06,18,06
591.0,594.0,Phylloscopus occipitalis,Western Crowned Warbler,0.8809,psl3,2024,06,18,06
600.0,603.0,Phylloscopus occipitalis,Western Crowned Warbler,0.8993,psl3,2024,06,18,06
603.0,606.0,Phylloscopus occipitalis,Western Crowned Warbler,0.8199,psl3,2024,06,18,06
609.0,612.0,Phylloscopus occipitalis,Western Crowned Warbler,0.9535,psl3,2024,06,18,06
618.0,621.0,Phylloscopus occipitalis,Western Crowned Warbler,0.8792,psl3,2024,06,18,06
621.0,624.0,Phylloscopus tytleri,Tytler's Leaf Warbler,0.5772,psl3,2024,06,18,06
693.0,696.0,Phylloscopus occipitalis,Western Crowned Warbler,0.8585,psl3,2024,06,18,06
702.0,705.0,Phylloscopus occipitalis,Western Crowned Warbler,0.8398,psl3,2024,06,18,06
705.0,708.0,Phylloscopus occipitalis,Western Crowned Warbler,0.9576,psl3,2024,06,18,06
711.0,714.0,Phylloscopus occipitalis,Western Crowned Warbler,0.9932,psl3,2024,06,18,06
720.0,723.0,Phylloscopus occipitalis,Western Crowned Warbler,0.9739,psl3,2024,06,18,06
723.0,726.0,Phylloscopus occipitalis,Western Crowned Warbler,0.9424,psl3,2024,06,18,06
726.0,729.0,Phylloscopus occipitalis,Western Crowned Warbler,0.855,psl3,2024,06,18,06
732.0,735.0,Phylloscopus occipitalis,Western Crowned Warbler,0.9281,psl3,2024,06,18,06
735.0,738.0,Phylloscopus occipitalis,Western Crowned Warbler,0.9188,psl3,2024,06,18,06
738.0,741.0,Phylloscopus occipitalis,Western Crowned Warbler,0.5993,psl3,2024,06,18,06
741.0,744.0,Phylloscopus occipitalis,Western Crowned Warbler,0.8637,psl3,2024,06,18,06
747.0,750.0,Phylloscopus occipitalis,Western Crowned Warbler,0.9889,psl3,2024,06,18,06
753.0,756.0,Phylloscopus occipitalis,Western Crowned Warbler,0.9417,psl3,2024,06,18,06
756.0,759.0,Phylloscopus occipitalis,Western Crowned Warbler,0.8134,psl3,2024,06,18,06
756.0,759.0,Protonotaria citrea,Prothonotary Warbler,0.5257,psl3,2024,06,18,06
762.0,765.0,Phylloscopus occipitalis,Western Crowned Warbler,0.9765,psl3,2024,06,18,06
780.0,783.0,Phylloscopus occipitalis,Western Crowned Warbler,0.941,psl3,2024,06,18,06
789.0,792.0,Phylloscopus occipitalis,Western Crowned Warbler,0.9761,psl3,2024,06,18,06
798.0,801.0,Phylloscopus occipitalis,Western Crowned Warbler,0.9529,psl3,2024,06,18,06
804.0,807.0,Phylloscopus occipitalis,Western Crowned Warbler,0.5319,psl3,2024,06,18,06
810.0,813.0,Phylloscopus occipitalis,Western Crowned Warbler,0.64,psl3,2024,06,18,06
816.0,819.0,Phylloscopus occipitalis,Western Crowned Warbler,0.5089,psl3,2024,06,18,06
822.0,825.0,Phylloscopus occipitalis,Western Crowned Warbler,0.5678,psl3,2024,06,18,06
825.0,828.0,Trochalopteron variegatum,Variegated Laughingthrush,0.7037,psl3,2024,06,18,06
828.0,831.0,Phylloscopus occipitalis,Western Crowned Warbler,0.8537,psl3,2024,06,18,06
831.0,834.0,Trochalopteron variegatum,Variegated Laughingthrush,0.9893,psl3,2024,06,18,06
834.0,837.0,Phylloscopus occipitalis,Western Crowned Warbler,0.7318,psl3,2024,06,18,06
837.0,840.0,Protonotaria citrea,Prothonotary Warbler,0.5644,psl3,2024,06,18,06
837.0,840.0,Phylloscopus occipitalis,Western Crowned Warbler,0.5286,psl3,2024,06,18,06
843.0,846.0,Phylloscopus occipitalis,Western Crowned Warbler,0.7653,psl3,2024,06,18,06
843.0,846.0,Trochalopteron variegatum,Variegated Laughingthrush,0.5369,psl3,2024,06,18,06
846.0,849.0,Protonotaria citrea,Prothonotary Warbler,0.6672,psl3,2024,06,18,06
849.0,852.0,Phylloscopus occipitalis,Western Crowned Warbler,0.9758,psl3,2024,06,18,06
852.0,855.0,Phylloscopus occipitalis,Western Crowned Warbler,0.8118,psl3,2024,06,18,06
852.0,855.0,Protonotaria citrea,Prothonotary Warbler,0.5292,psl3,2024,06,18,06
855.0,858.0,Trochalopteron variegatum,Variegated Laughingthrush,0.9554,psl3,2024,06,18,06
858.0,861.0,Phylloscopus occipitalis,Western Crowned Warbler,0.8844,psl3,2024,06,18,06
861.0,864.0,Trochalopteron variegatum,Variegated Laughingthrush,0.703,psl3,2024,06,18,06
864.0,867.0,Phylloscopus occipitalis,Western Crowned Warbler,0.9479,psl3,2024,06,18,06
870.0,873.0,Trochalopteron variegatum,Variegated Laughingthrush,0.6514,psl3,2024,06,18,06
873.0,876.0,Phylloscopus occipitalis,Western Crowned Warbler,0.7476,psl3,2024,06,18,06
876.0,879.0,Trochalopteron variegatum,Variegated Laughingthrush,0.8812,psl3,2024,06,18,06
879.0,882.0,Phylloscopus occipitalis,Western Crowned Warbler,0.8326,psl3,2024,06,18,06
882.0,885.0,Trochalopteron variegatum,Variegated Laughingthrush,0.7279,psl3,2024,06,18,06
888.0,891.0,Trochalopteron variegatum,Variegated Laughingthrush,0.5957,psl3,2024,06,18,06
3.0,6.0,Phylloscopus occipitalis,Western Crowned Warbler,0.7588,psl3,2024,06,18,07
9.0,12.0,Phylloscopus occipitalis,Western Crowned Warbler,0.6664,psl3,2024,06,18,07
15.0,18.0,Phylloscopus occipitalis,Western Crowned Warbler,0.8616,psl3,2024,06,18,07
21.0,24.0,Phylloscopus occipitalis,Western Crowned Warbler,0.9725,psl3,2024,06,18,07
27.0,30.0,Phylloscopus occipitalis,Western Crowned Warbler,0.9347,psl3,2024,06,18,07
33.0,36.0,Phylloscopus occipitalis,Western Crowned Warbler,0.7528,psl3,2024,06,18,07
36.0,39.0,Phylloscopus occipitalis,Western Crowned Warbler,0.9509,psl3,2024,06,18,07
39.0,42.0,Phylloscopus occipitalis,Western Crowned Warbler,0.9337,psl3,2024,06,18,07
42.0,45.0,Phylloscopus tytleri,Tytler's Leaf Warbler,0.7162,psl3,2024,06,18,07
45.0,48.0,Phylloscopus occipitalis,Western Crowned Warbler,0.975,psl3,2024,06,18,07
51.0,54.0,Phylloscopus occipitalis,Western Crowned Warbler,0.9276,psl3,2024,06,18,07
54.0,57.0,Phylloscopus occipitalis,Western Crowned Warbler,0.8858,psl3,2024,06,18,07
57.0,60.0,Phylloscopus occipitalis,Western Crowned Warbler,0.9781,psl3,2024,06,18,07
63.0,66.0,Phylloscopus occipitalis,Western Crowned Warbler,0.9617,psl3,2024,06,18,07
69.0,72.0,Phylloscopus occipitalis,Western Crowned Warbler,0.9452,psl3,2024,06,18,07
72.0,75.0,Protonotaria citrea,Prothonotary Warbler,0.709,psl3,2024,06,18,07
78.0,81.0,Phylloscopus occipitalis,Western Crowned Warbler,0.771,psl3,2024,06,18,07
84.0,87.0,Phylloscopus occipitalis,Western Crowned Warbler,0.9394,psl3,2024,06,18,07
90.0,93.0,Phylloscopus occipitalis,Western Crowned Warbler,0.8995,psl3,2024,06,18,07
99.0,102.0,Phylloscopus occipitalis,Western Crowned Warbler,0.975,psl3,2024,06,18,07
105.0,108.0,Phylloscopus occipitalis,Western Crowned Warbler,0.5333,psl3,2024,06,18,07
108.0,111.0,Phylloscopus occipitalis,Western Crowned Warbler,0.7882,psl3,2024,06,18,07
132.0,135.0,Phylloscopus occipitalis,Western Crowned Warbler,0.7288,psl3,2024,06,18,07
138.0,141.0,Phylloscopus occipitalis,Western Crowned Warbler,0.8579,psl3,2024,06,18,07
144.0,147.0,Phylloscopus occipitalis,Western Crowned Warbler,0.5661,psl3,2024,06,18,07
159.0,162.0,Phylloscopus occipitalis,Western Crowned Warbler,0.9517,psl3,2024,06,18,07
165.0,168.0,Phylloscopus tytleri,Tytler's Leaf Warbler,0.5305,psl3,2024,06,18,07
168.0,171.0,Phylloscopus occipitalis,Western Crowned Warbler,0.6732,psl3,2024,06,18,07
171.0,174.0,Larvivora brunnea,Indian Blue Robin,0.8629,psl3,2024,06,18,07
174.0,177.0,Phylloscopus occipitalis,Western Crowned Warbler,0.9608,psl3,2024,06,18,07
180.0,183.0,Phylloscopus occipitalis,Western Crowned Warbler,0.9768,psl3,2024,06,18,07
186.0,189.0,Phylloscopus occipitalis,Western Crowned Warbler,0.9432,psl3,2024,06,18,07
192.0,195.0,Larvivora brunnea,Indian Blue Robin,0.7394,psl3,2024,06,18,07
195.0,198.0,Phylloscopus occipitalis,Western Crowned Warbler,0.6578,psl3,2024,06,18,07
201.0,204.0,Phylloscopus occipitalis,Western Crowned Warbler,0.8008,psl3,2024,06,18,07
207.0,210.0,Phylloscopus occipitalis,Western Crowned Warbler,0.8939,psl3,2024,06,18,07
213.0,216.0,Phylloscopus occipitalis,Western Crowned Warbler,0.8965,psl3,2024,06,18,07
222.0,225.0,Phylloscopus occipitalis,Western Crowned Warbler,0.9063,psl3,2024,06,18,07
225.0,228.0,Protonotaria citrea,Prothonotary Warbler,0.8094,psl3,2024,06,18,07
228.0,231.0,Phylloscopus sibilatrix,Wood Warbler,0.816,psl3,2024,06,18,07
231.0,234.0,Phylloscopus occipitalis,Western Crowned Warbler,0.6619,psl3,2024,06,18,07
234.0,237.0,Protonotaria citrea,Prothonotary Warbler,0.925,psl3,2024,06,18,07
237.0,240.0,Protonotaria citrea,Prothonotary Warbler,0.828,psl3,2024,06,18,07
258.0,261.0,Phylloscopus occipitalis,Western Crowned Warbler,0.8672,psl3,2024,06,18,07
267.0,270.0,Larvivora brunnea,Indian Blue Robin,0.9493,psl3,2024,06,18,07
315.0,318.0,Larvivora brunnea,Indian Blue Robin,0.9018,psl3,2024,06,18,07
336.0,339.0,Larvivora brunnea,Indian Blue Robin,0.9195,psl3,2024,06,18,07
360.0,363.0,Larvivora brunnea,Indian Blue Robin,0.9004,psl3,2024,06,18,07
381.0,384.0,Phylloscopus occipitalis,Western Crowned Warbler,0.511,psl3,2024,06,18,07
399.0,402.0,Larvivora brunnea,Indian Blue Robin,0.8197,psl3,2024,06,18,07
402.0,405.0,Protonotaria citrea,Prothonotary Warbler,0.5876,psl3,2024,06,18,07
414.0,417.0,Protonotaria citrea,Prothonotary Warbler,0.6605,psl3,2024,06,18,07
429.0,432.0,Ficedula hypoleuca,European Pied Flycatcher,0.527,psl3,2024,06,18,07
438.0,441.0,Phylloscopus occipitalis,Western Crowned Warbler,0.5345,psl3,2024,06,18,07
465.0,468.0,Protonotaria citrea,Prothonotary Warbler,0.8961,psl3,2024,06,18,07
474.0,477.0,Protonotaria citrea,Prothonotary Warbler,0.576,psl3,2024,06,18,07
477.0,480.0,Protonotaria citrea,Prothonotary Warbler,0.6224,psl3,2024,06,18,07
543.0,546.0,Protonotaria citrea,Prothonotary Warbler,0.6881,psl3,2024,06,18,07
570.0,573.0,Phylloscopus occipitalis,Western Crowned Warbler,0.8028,psl3,2024,06,18,07
573.0,576.0,Protonotaria citrea,Prothonotary Warbler,0.6043,psl3,2024,06,18,07
576.0,579.0,Phylloscopus occipitalis,Western Crowned Warbler,0.8253,psl3,2024,06,18,07
597.0,600.0,Protonotaria citrea,Prothonotary Warbler,0.7469,psl3,2024,06,18,07
612.0,615.0,Protonotaria citrea,Prothonotary Warbler,0.789,psl3,2024,06,18,07
0.0,3.0,Phylloscopus occipitalis,Western Crowned Warbler,0.5803,psl3,2024,06,19,05
54.0,57.0,Saltator aurantiirostris,Golden-billed Saltator,0.8829,psl3,2024,06,19,05
57.0,60.0,Trochalopteron morrisonianum,White-whiskered Laughingthrush,0.7362,psl3,2024,06,19,05
63.0,66.0,Trochalopteron variegatum,Variegated Laughingthrush,0.6798,psl3,2024,06,19,05
87.0,90.0,Trochalopteron variegatum,Variegated Laughingthrush,0.5681,psl3,2024,06,19,05
96.0,99.0,Trochalopteron variegatum,Variegated Laughingthrush,0.7842,psl3,2024,06,19,05
108.0,111.0,Trochalopteron morrisonianum,White-whiskered Laughingthrush,0.7204,psl3,2024,06,19,05
114.0,117.0,Phylloscopus tytleri,Tytler's Leaf Warbler,0.8474,psl3,2024,06,19,05
114.0,117.0,Phylloscopus occipitalis,Western Crowned Warbler,0.6799,psl3,2024,06,19,05
117.0,120.0,Trochalopteron variegatum,Variegated Laughingthrush,0.6132,psl3,2024,06,19,05
126.0,129.0,Trochalopteron variegatum,Variegated Laughingthrush,0.9346,psl3,2024,06,19,05
132.0,135.0,Trochalopteron variegatum,Variegated Laughingthrush,0.6231,psl3,2024,06,19,05
135.0,138.0,Phylloscopus tytleri,Tytler's Leaf Warbler,0.6913,psl3,2024,06,19,05
135.0,138.0,Phylloscopus occipitalis,Western Crowned Warbler,0.6131,psl3,2024,06,19,05
138.0,141.0,Trochalopteron variegatum,Variegated Laughingthrush,0.9635,psl3,2024,06,19,05
141.0,144.0,Trochalopteron variegatum,Variegated Laughingthrush,0.8207,psl3,2024,06,19,05
144.0,147.0,Phylloscopus occipitalis,Western Crowned Warbler,0.8125,psl3,2024,06,19,05
153.0,156.0,Trochalopteron variegatum,Variegated Laughingthrush,0.858,psl3,2024,06,19,05
156.0,159.0,Phylloscopus occipitalis,Western Crowned Warbler,0.9693,psl3,2024,06,19,05
162.0,165.0,Phylloscopus occipitalis,Western Crowned Warbler,0.8501,psl3,2024,06,19,05
168.0,171.0,Phylloscopus occipitalis,Western Crowned Warbler,0.967,psl3,2024,06,19,05
180.0,183.0,Phylloscopus occipitalis,Western Crowned Warbler,0.622,psl3,2024,06,19,05
183.0,186.0,Trochalopteron variegatum,Variegated Laughingthrush,0.5666,psl3,2024,06,19,05
189.0,192.0,Phylloscopus occipitalis,Western Crowned Warbler,0.5492,psl3,2024,06,19,05
192.0,195.0,Phylloscopus occipitalis,Western Crowned Warbler,0.6267,psl3,2024,06,19,05
195.0,198.0,Trochalopteron variegatum,Variegated Laughingthrush,0.5615,psl3,2024,06,19,05
207.0,210.0,Phylloscopus occipitalis,Western Crowned Warbler,0.7135,psl3,2024,06,19,05
210.0,213.0,Trochalopteron variegatum,Variegated Laughingthrush,0.849,psl3,2024,06,19,05
213.0,216.0,Phylloscopus occipitalis,Western Crowned Warbler,0.8036,psl3,2024,06,19,05
222.0,225.0,Phylloscopus occipitalis,Western Crowned Warbler,0.6935,psl3,2024,06,19,05
264.0,267.0,Phylloscopus occipitalis,Western Crowned Warbler,0.6075,psl3,2024,06,19,05
267.0,270.0,Trochalopteron variegatum,Variegated Laughingthrush,0.5544,psl3,2024,06,19,05
288.0,291.0,Phylloscopus occipitalis,Western Crowned Warbler,0.7947,psl3,2024,06,19,05
291.0,294.0,Phylloscopus occipitalis,Western Crowned Warbler,0.6755,psl3,2024,06,19,05
348.0,351.0,Phylloscopus tytleri,Tytler's Leaf Warbler,0.5198,psl3,2024,06,19,05
357.0,360.0,Protonotaria citrea,Prothonotary Warbler,0.51,psl3,2024,06,19,05
366.0,369.0,Phylloscopus tytleri,Tytler's Leaf Warbler,0.5432,psl3,2024,06,19,05
378.0,381.0,Phylloscopus occipitalis,Western Crowned Warbler,0.5669,psl3,2024,06,19,05
381.0,384.0,Phylloscopus occipitalis,Western Crowned Warbler,0.7831,psl3,2024,06,19,05
387.0,390.0,Phylloscopus occipitalis,Western Crowned Warbler,0.5905,psl3,2024,06,19,05
390.0,393.0,Phylloscopus occipitalis,Western Crowned Warbler,0.7379,psl3,2024,06,19,05
456.0,459.0,Phylloscopus occipitalis,Western Crowned Warbler,0.8466,psl3,2024,06,19,05
462.0,465.0,Phylloscopus occipitalis,Western Crowned Warbler,0.7516,psl3,2024,06,19,05
477.0,480.0,Protonotaria citrea,Prothonotary Warbler,0.671,psl3,2024,06,19,05
531.0,534.0,Protonotaria citrea,Prothonotary Warbler,0.8067,psl3,2024,06,19,05
534.0,537.0,Phylloscopus magnirostris,Large-billed Leaf Warbler,0.9986,psl3,2024,06,19,05
543.0,546.0,Phylloscopus magnirostris,Large-billed Leaf Warbler,0.9902,psl3,2024,06,19,05
549.0,552.0,Phylloscopus magnirostris,Large-billed Leaf Warbler,0.6946,psl3,2024,06,19,05
552.0,555.0,Phylloscopus magnirostris,Large-billed Leaf Warbler,0.9706,psl3,2024,06,19,05
555.0,558.0,Phylloscopus magnirostris,Large-billed Leaf Warbler,0.9964,psl3,2024,06,19,05
558.0,561.0,Phylloscopus magnirostris,Large-billed Leaf Warbler,0.9712,psl3,2024,06,19,05
564.0,567.0,Phylloscopus magnirostris,Large-billed Leaf Warbler,0.9923,psl3,2024,06,19,05
570.0,573.0,Phylloscopus magnirostris,Large-billed Leaf Warbler,0.9778,psl3,2024,06,19,05
573.0,576.0,Phylloscopus magnirostris,Large-billed Leaf Warbler,0.7682,psl3,2024,06,19,05
576.0,579.0,Phylloscopus magnirostris,Large-billed Leaf Warbler,0.9988,psl3,2024,06,19,05
582.0,585.0,Phylloscopus magnirostris,Large-billed Leaf Warbler,0.9876,psl3,2024,06,19,05
588.0,591.0,Phylloscopus magnirostris,Large-billed Leaf Warbler,0.91,psl3,2024,06,19,05
594.0,597.0,Phylloscopus magnirostris,Large-billed Leaf Warbler,0.9617,psl3,2024,06,19,05
600.0,603.0,Phylloscopus magnirostris,Large-billed Leaf Warbler,0.9693,psl3,2024,06,19,05
609.0,612.0,Phylloscopus magnirostris,Large-billed Leaf Warbler,0.9624,psl3,2024,06,19,05
612.0,615.0,Phylloscopus reguloides,Blyth's Leaf Warbler,0.519,psl3,2024,06,19,05
618.0,621.0,Phylloscopus occipitalis,Western Crowned Warbler,0.945,psl3,2024,06,19,05
621.0,624.0,Phylloscopus magnirostris,Large-billed Leaf Warbler,0.8214,psl3,2024,06,19,05
624.0,627.0,Phylloscopus occipitalis,Western Crowned Warbler,0.6361,psl3,2024,06,19,05
627.0,630.0,Phylloscopus occipitalis,Western Crowned Warbler,0.9185,psl3,2024,06,19,05
633.0,636.0,Phylloscopus magnirostris,Large-billed Leaf Warbler,0.9558,psl3,2024,06,19,05
639.0,642.0,Phylloscopus nitidus,Green Warbler,0.6548,psl3,2024,06,19,05
648.0,651.0,Phylloscopus occipitalis,Western Crowned Warbler,0.6236,psl3,2024,06,19,05
654.0,657.0,Phylloscopus occipitalis,Western Crowned Warbler,0.5587,psl3,2024,06,19,05
678.0,681.0,Phylloscopus trochiloides,Greenish Warbler,0.5313,psl3,2024,06,19,05
687.0,690.0,Phylloscopus occipitalis,Western Crowned Warbler,0.8633,psl3,2024,06,19,05
693.0,696.0,Phylloscopus occipitalis,Western Crowned Warbler,0.7713,psl3,2024,06,19,05
891.0,894.0,Protonotaria citrea,Prothonotary Warbler,0.5378,psl3,2024,06,19,05
0.0,3.0,Phylloscopus occipitalis,Western Crowned Warbler,0.5214,psl3,2024,06,19,06
9.0,12.0,Phylloscopus occipitalis,Western Crowned Warbler,0.7406,psl3,2024,06,19,06
21.0,24.0,Phylloscopus occipitalis,Western Crowned Warbler,0.751,psl3,2024,06,19,06
45.0,48.0,Phylloscopus occipitalis,Western Crowned Warbler,0.8876,psl3,2024,06,19,06
48.0,51.0,Phylloscopus occipitalis,Western Crowned Warbler,0.8998,psl3,2024,06,19,06
60.0,63.0,Phylloscopus occipitalis,Western Crowned Warbler,0.6806,psl3,2024,06,19,06
63.0,66.0,Phylloscopus occipitalis,Western Crowned Warbler,0.7746,psl3,2024,06,19,06
114.0,117.0,Phylloscopus occipitalis,Western Crowned Warbler,0.9823,psl3,2024,06,19,06
117.0,120.0,Phylloscopus occipitalis,Western Crowned Warbler,0.9852,psl3,2024,06,19,06
120.0,123.0,Phylloscopus occipitalis,Western Crowned Warbler,0.9615,psl3,2024,06,19,06
123.0,126.0,Phylloscopus occipitalis,Western Crowned Warbler,0.9861,psl3,2024,06,19,06
126.0,129.0,Phylloscopus occipitalis,Western Crowned Warbler,0.7474,psl3,2024,06,19,06
129.0,132.0,Phylloscopus occipitalis,Western Crowned Warbler,0.9588,psl3,2024,06,19,06
132.0,135.0,Phylloscopus occipitalis,Western Crowned Warbler,0.9526,psl3,2024,06,19,06
135.0,138.0,Phylloscopus occipitalis,Western Crowned Warbler,0.9368,psl3,2024,06,19,06
138.0,141.0,Phylloscopus occipitalis,Western Crowned Warbler,0.9452,psl3,2024,06,19,06
141.0,144.0,Phylloscopus occipitalis,Western Crowned Warbler,0.8221,psl3,2024,06,19,06
144.0,147.0,Phylloscopus occipitalis,Western Crowned Warbler,0.9739,psl3,2024,06,19,06
147.0,150.0,Phylloscopus occipitalis,Western Crowned Warbler,0.9426,psl3,2024,06,19,06
150.0,153.0,Phylloscopus occipitalis,Western Crowned Warbler,0.9678,psl3,2024,06,19,06
153.0,156.0,Phylloscopus occipitalis,Western Crowned Warbler,0.9894,psl3,2024,06,19,06
156.0,159.0,Phylloscopus occipitalis,Western Crowned Warbler,0.9627,psl3,2024,06,19,06
159.0,162.0,Phylloscopus occipitalis,Western Crowned Warbler,0.978,psl3,2024,06,19,06
162.0,165.0,Phylloscopus occipitalis,Western Crowned Warbler,0.8214,psl3,2024,06,19,06
168.0,171.0,Phylloscopus occipitalis,Western Crowned Warbler,0.652,psl3,2024,06,19,06
171.0,174.0,Phylloscopus occipitalis,Western Crowned Warbler,0.759,psl3,2024,06,19,06
180.0,183.0,Phylloscopus occipitalis,Western Crowned Warbler,0.5643,psl3,2024,06,19,06
195.0,198.0,Phylloscopus occipitalis,Western Crowned Warbler,0.8482,psl3,2024,06,19,06
210.0,213.0,Phylloscopus magnirostris,Large-billed Leaf Warbler,0.8161,psl3,2024,06,19,06
216.0,219.0,Phylloscopus magnirostris,Large-billed Leaf Warbler,0.6415,psl3,2024,06,19,06
231.0,234.0,Phylloscopus magnirostris,Large-billed Leaf Warbler,0.9108,psl3,2024,06,19,06
237.0,240.0,Phylloscopus occipitalis,Western Crowned Warbler,0.7336,psl3,2024,06,19,06
240.0,243.0,Phylloscopus magnirostris,Large-billed Leaf Warbler,0.9108,psl3,2024,06,19,06
252.0,255.0,Phylloscopus magnirostris,Large-billed Leaf Warbler,0.9558,psl3,2024,06,19,06
255.0,258.0,Phylloscopus reguloides,Blyth's Leaf Warbler,0.5054,psl3,2024,06,19,06
261.0,264.0,Phylloscopus magnirostris,Large-billed Leaf Warbler,0.9225,psl3,2024,06,19,06
264.0,267.0,Phylloscopus occipitalis,Western Crowned Warbler,0.6784,psl3,2024,06,19,06
270.0,273.0,Phylloscopus magnirostris,Large-billed Leaf Warbler,0.9409,psl3,2024,06,19,06
273.0,276.0,Phylloscopus occipitalis,Western Crowned Warbler,0.8041,psl3,2024,06,19,06
276.0,279.0,Phylloscopus magnirostris,Large-billed Leaf Warbler,0.886,psl3,2024,06,19,06
279.0,282.0,Phylloscopus occipitalis,Western Crowned Warbler,0.9694,psl3,2024,06,19,06
282.0,285.0,Phylloscopus occipitalis,Western Crowned Warbler,0.7815,psl3,2024,06,19,06
288.0,291.0,Phylloscopus magnirostris,Large-billed Leaf Warbler,0.65,psl3,2024,06,19,06
315.0,318.0,Phylloscopus magnirostris,Large-billed Leaf Warbler,0.9115,psl3,2024,06,19,06
327.0,330.0,Phylloscopus occipitalis,Western Crowned Warbler,0.9821,psl3,2024,06,19,06
330.0,333.0,Phylloscopus tytleri,Tytler's Leaf Warbler,0.8807,psl3,2024,06,19,06
333.0,336.0,Phylloscopus magnirostris,Large-billed Leaf Warbler,0.9467,psl3,2024,06,19,06
342.0,345.0,Phylloscopus occipitalis,Western Crowned Warbler,0.8855,psl3,2024,06,19,06
345.0,348.0,Phylloscopus occipitalis,Western Crowned Warbler,0.9097,psl3,2024,06,19,06
354.0,357.0,Phylloscopus occipitalis,Western Crowned Warbler,0.9017,psl3,2024,06,19,06
357.0,360.0,Phylloscopus occipitalis,Western Crowned Warbler,0.7569,psl3,2024,06,19,06
360.0,363.0,Phylloscopus occipitalis,Western Crowned Warbler,0.7238,psl3,2024,06,19,06
363.0,366.0,Protonotaria citrea,Prothonotary Warbler,0.5605,psl3,2024,06,19,06
366.0,369.0,Phylloscopus magnirostris,Large-billed Leaf Warbler,0.808,psl3,2024,06,19,06
396.0,399.0,Phylloscopus magnirostris,Large-billed Leaf Warbler,0.8364,psl3,2024,06,19,06
402.0,405.0,Phylloscopus magnirostris,Large-billed Leaf Warbler,0.5161,psl3,2024,06,19,06
408.0,411.0,Phylloscopus occipitalis,Western Crowned Warbler,0.7122,psl3,2024,06,19,06
411.0,414.0,Phylloscopus magnirostris,Large-billed Leaf Warbler,0.7258,psl3,2024,06,19,06
432.0,435.0,Protonotaria citrea,Prothonotary Warbler,0.6049,psl3,2024,06,19,06
438.0,441.0,Phylloscopus occipitalis,Western Crowned Warbler,0.8478,psl3,2024,06,19,06
447.0,450.0,Phylloscopus occipitalis,Western Crowned Warbler,0.6439,psl3,2024,06,19,06
456.0,459.0,Protonotaria citrea,Prothonotary Warbler,0.6523,psl3,2024,06,19,06
480.0,483.0,Phylloscopus occipitalis,Western Crowned Warbler,0.9898,psl3,2024,06,19,06
489.0,492.0,Phylloscopus occipitalis,Western Crowned Warbler,0.8085,psl3,2024,06,19,06
489.0,492.0,Phylloscopus reguloides,Blyth's Leaf Warbler,0.5186,psl3,2024,06,19,06
492.0,495.0,Phylloscopus occipitalis,Western Crowned Warbler,0.8906,psl3,2024,06,19,06
492.0,495.0,Phylloscopus reguloides,Blyth's Leaf Warbler,0.5224,psl3,2024,06,19,06
498.0,501.0,Phylloscopus occipitalis,Western Crowned Warbler,0.7143,psl3,2024,06,19,06
501.0,504.0,Phylloscopus occipitalis,Western Crowned Warbler,0.5579,psl3,2024,06,19,06
510.0,513.0,Phylloscopus nitidus,Green Warbler,0.7452,psl3,2024,06,19,06
513.0,516.0,Phylloscopus occipitalis,Western Crowned Warbler,0.778,psl3,2024,06,19,06
528.0,531.0,Phylloscopus nitidus,Green Warbler,0.8528,psl3,2024,06,19,06
528.0,531.0,Phylloscopus trochiloides,Greenish Warbler,0.5069,psl3,2024,06,19,06
555.0,558.0,Phylloscopus magnirostris,Large-billed Leaf Warbler,0.9859,psl3,2024,06,19,06
561.0,564.0,Phylloscopus magnirostris,Large-billed Leaf Warbler,0.8813,psl3,2024,06,19,06
567.0,570.0,Phylloscopus magnirostris,Large-billed Leaf Warbler,0.9446,psl3,2024,06,19,06
450.0,453.0,Protonotaria citrea,Prothonotary Warbler,0.8796,psl3,2024,06,19,07
480.0,483.0,Phylloscopus occipitalis,Western Crowned Warbler,0.578,psl3,2024,06,19,07
489.0,492.0,Phylloscopus occipitalis,Western Crowned Warbler,0.9008,psl3,2024,06,19,07
492.0,495.0,Phylloscopus occipitalis,Western Crowned Warbler,0.829,psl3,2024,06,19,07
501.0,504.0,Phylloscopus occipitalis,Western Crowned Warbler,0.5982,psl3,2024,06,19,07
519.0,522.0,Phylloscopus occipitalis,Western Crowned Warbler,0.6948,psl3,2024,06,19,07
537.0,540.0,Phylloscopus tytleri,Tytler's Leaf Warbler,0.6518,psl3,2024,06,19,07
552.0,555.0,Phylloscopus occipitalis,Western Crowned Warbler,0.5618,psl3,2024,06,19,07
555.0,558.0,Protonotaria citrea,Prothonotary Warbler,0.9325,psl3,2024,06,19,07
195.0,198.0,Phylloscopus occipitalis,Western Crowned Warbler,0.6641,psl3,2024,06,20,05
213.0,216.0,Phylloscopus tytleri,Tytler's Leaf Warbler,0.5148,psl3,2024,06,20,05
336.0,339.0,Phylloscopus occipitalis,Western Crowned Warbler,0.6753,psl3,2024,06,20,05
345.0,348.0,Phylloscopus occipitalis,Western Crowned Warbler,0.5212,psl3,2024,06,20,05
372.0,375.0,Phylloscopus tytleri,Tytler's Leaf Warbler,0.6353,psl3,2024,06,20,05
372.0,375.0,Phylloscopus occipitalis,Western Crowned Warbler,0.5078,psl3,2024,06,20,05
375.0,378.0,Phylloscopus occipitalis,Western Crowned Warbler,0.695,psl3,2024,06,20,05
381.0,384.0,Phylloscopus occipitalis,Western Crowned Warbler,0.6101,psl3,2024,06,20,05
381.0,384.0,Phylloscopus tytleri,Tytler's Leaf Warbler,0.5691,psl3,2024,06,20,05
402.0,405.0,Empidonax oberholseri,Dusky Flycatcher,0.5595,psl3,2024,06,20,05
573.0,576.0,Phylloscopus occipitalis,Western Crowned Warbler,0.5573,psl3,2024,06,20,05
582.0,585.0,Phylloscopus occipitalis,Western Crowned Warbler,0.664,psl3,2024,06,20,05
585.0,588.0,Phylloscopus tytleri,Tytler's Leaf Warbler,0.588,psl3,2024,06,20,05
681.0,684.0,Phylloscopus occipitalis,Western Crowned Warbler,0.597,psl3,2024,06,20,05
714.0,717.0,Protonotaria citrea,Prothonotary Warbler,0.7142,psl3,2024,06,20,05
732.0,735.0,Phylloscopus occipitalis,Western Crowned Warbler,0.5536,psl3,2024,06,20,05
732.0,735.0,Phylloscopus tytleri,Tytler's Leaf Warbler,0.5076,psl3,2024,06,20,05
33.0,36.0,Protonotaria citrea,Prothonotary Warbler,0.6596,psl3,2024,06,20,06
36.0,39.0,Protonotaria citrea,Prothonotary Warbler,0.5148,psl3,2024,06,20,06
45.0,48.0,Protonotaria citrea,Prothonotary Warbler,0.7203,psl3,2024,06,20,06
54.0,57.0,Protonotaria citrea,Prothonotary Warbler,0.8806,psl3,2024,06,20,06
60.0,63.0,Protonotaria citrea,Prothonotary Warbler,0.8123,psl3,2024,06,20,06
114.0,117.0,Protonotaria citrea,Prothonotary Warbler,0.5128,psl3,2024,06,20,06
120.0,123.0,Protonotaria citrea,Prothonotary Warbler,0.5742,psl3,2024,06,20,06
129.0,132.0,Protonotaria citrea,Prothonotary Warbler,0.8268,psl3,2024,06,20,06
135.0,138.0,Protonotaria citrea,Prothonotary Warbler,0.6358,psl3,2024,06,20,06
150.0,153.0,Protonotaria citrea,Prothonotary Warbler,0.8073,psl3,2024,06,20,06
153.0,156.0,Protonotaria citrea,Prothonotary Warbler,0.8772,psl3,2024,06,20,06
156.0,159.0,Protonotaria citrea,Prothonotary Warbler,0.8166,psl3,2024,06,20,06
210.0,213.0,Phylloscopus occipitalis,Western Crowned Warbler,0.8645,psl3,2024,06,20,06
210.0,213.0,Phylloscopus reguloides,Blyth's Leaf Warbler,0.5083,psl3,2024,06,20,06
225.0,228.0,Phylloscopus occipitalis,Western Crowned Warbler,0.9204,psl3,2024,06,20,06
237.0,240.0,Phylloscopus occipitalis,Western Crowned Warbler,0.9457,psl3,2024,06,20,06
246.0,249.0,Phylloscopus occipitalis,Western Crowned Warbler,0.8211,psl3,2024,06,20,06
261.0,264.0,Phylloscopus occipitalis,Western Crowned Warbler,0.9301,psl3,2024,06,20,06
264.0,267.0,Protonotaria citrea,Prothonotary Warbler,0.6325,psl3,2024,06,20,06
270.0,273.0,Phylloscopus occipitalis,Western Crowned Warbler,0.745,psl3,2024,06,20,06
276.0,279.0,Phylloscopus occipitalis,Western Crowned Warbler,0.9733,psl3,2024,06,20,06
282.0,285.0,Phylloscopus occipitalis,Western Crowned Warbler,0.8604,psl3,2024,06,20,06
288.0,291.0,Phylloscopus occipitalis,Western Crowned Warbler,0.7322,psl3,2024,06,20,06
294.0,297.0,Phylloscopus occipitalis,Western Crowned Warbler,0.8243,psl3,2024,06,20,06
300.0,303.0,Phylloscopus occipitalis,Western Crowned Warbler,0.7137,psl3,2024,06,20,06
303.0,306.0,Phylloscopus occipitalis,Western Crowned Warbler,0.6712,psl3,2024,06,20,06
306.0,309.0,Phylloscopus occipitalis,Western Crowned Warbler,0.7259,psl3,2024,06,20,06
309.0,312.0,Phylloscopus occipitalis,Western Crowned Warbler,0.7211,psl3,2024,06,20,06
318.0,321.0,Phylloscopus occipitalis,Western Crowned Warbler,0.8688,psl3,2024,06,20,06
321.0,324.0,Protonotaria citrea,Prothonotary Warbler,0.97,psl3,2024,06,20,06
324.0,327.0,Phylloscopus occipitalis,Western Crowned Warbler,0.8059,psl3,2024,06,20,06
327.0,330.0,Protonotaria citrea,Prothonotary Warbler,0.9438,psl3,2024,06,20,06
330.0,333.0,Phylloscopus occipitalis,Western Crowned Warbler,0.7705,psl3,2024,06,20,06
627.0,630.0,Larvivora brunnea,Indian Blue Robin,0.9771,psl3,2024,06,20,06
666.0,669.0,Larvivora brunnea,Indian Blue Robin,0.9416,psl3,2024,06,20,06
669.0,672.0,Ficedula hypoleuca,European Pied Flycatcher,0.753,psl3,2024,06,20,06
696.0,699.0,Basileuterus rufifrons,Rufous-capped Warbler,0.5957,psl3,2024,06,20,06
699.0,702.0,Larvivora brunnea,Indian Blue Robin,0.9986,psl3,2024,06,20,06
732.0,735.0,Larvivora brunnea,Indian Blue Robin,0.9897,psl3,2024,06,20,06
756.0,759.0,Larvivora brunnea,Indian Blue Robin,0.9831,psl3,2024,06,20,06
774.0,777.0,Larvivora brunnea,Indian Blue Robin,0.8368,psl3,2024,06,20,06
783.0,786.0,Larvivora brunnea,Indian Blue Robin,0.8649,psl3,2024,06,20,06
9.0,12.0,Phylloscopus humei,Hume's Warbler,0.5286,psl3,2024,06,20,07
42.0,45.0,Larvivora brunnea,Indian Blue Robin,0.6582,psl3,2024,06,20,07
69.0,72.0,Larvivora brunnea,Indian Blue Robin,0.8854,psl3,2024,06,20,07
111.0,114.0,Larvivora brunnea,Indian Blue Robin,0.6069,psl3,2024,06,20,07
135.0,138.0,Larvivora brunnea,Indian Blue Robin,0.658,psl3,2024,06,20,07
177.0,180.0,Larvivora brunnea,Indian Blue Robin,0.8323,psl3,2024,06,20,07
216.0,219.0,Protonotaria citrea,Prothonotary Warbler,0.8085,psl3,2024,06,20,07
219.0,222.0,Larvivora brunnea,Indian Blue Robin,0.9288,psl3,2024,06,20,07
222.0,225.0,Protonotaria citrea,Prothonotary Warbler,0.7572,psl3,2024,06,20,07
228.0,231.0,Protonotaria citrea,Prothonotary Warbler,0.7031,psl3,2024,06,20,07
234.0,237.0,Phylloscopus occipitalis,Western Crowned Warbler,0.6903,psl3,2024,06,20,07
237.0,240.0,Larvivora brunnea,Indian Blue Robin,0.6864,psl3,2024,06,20,07
249.0,252.0,Protonotaria citrea,Prothonotary Warbler,0.8279,psl3,2024,06,20,07
252.0,255.0,Phylloscopus occipitalis,Western Crowned Warbler,0.6395,psl3,2024,06,20,07
258.0,261.0,Phylloscopus occipitalis,Western Crowned Warbler,0.8989,psl3,2024,06,20,07
261.0,264.0,Phylloscopus occipitalis,Western Crowned Warbler,0.7139,psl3,2024,06,20,07
270.0,273.0,Larvivora brunnea,Indian Blue Robin,0.5225,psl3,2024,06,20,07
273.0,276.0,Phylloscopus occipitalis,Western Crowned Warbler,0.6296,psl3,2024,06,20,07
279.0,282.0,Phylloscopus occipitalis,Western Crowned Warbler,0.7249,psl3,2024,06,20,07
294.0,297.0,Phylloscopus occipitalis,Western Crowned Warbler,0.7345,psl3,2024,06,20,07
300.0,303.0,Phylloscopus occipitalis,Western Crowned Warbler,0.6379,psl3,2024,06,20,07
306.0,309.0,Larvivora brunnea,Indian Blue Robin,0.6298,psl3,2024,06,20,07
315.0,318.0,Phylloscopus occipitalis,Western Crowned Warbler,0.6817,psl3,2024,06,20,07
321.0,324.0,Phylloscopus occipitalis,Western Crowned Warbler,0.8421,psl3,2024,06,20,07
327.0,330.0,Phylloscopus occipitalis,Western Crowned Warbler,0.7475,psl3,2024,06,20,07
330.0,333.0,Phylloscopus occipitalis,Western Crowned Warbler,0.7271,psl3,2024,06,20,07
333.0,336.0,Phylloscopus occipitalis,Western Crowned Warbler,0.7471,psl3,2024,06,20,07
339.0,342.0,Phylloscopus occipitalis,Western Crowned Warbler,0.8422,psl3,2024,06,20,07
342.0,345.0,Phylloscopus occipitalis,Western Crowned Warbler,0.554,psl3,2024,06,20,07
363.0,366.0,Larvivora brunnea,Indian Blue Robin,0.5624,psl3,2024,06,20,07
369.0,372.0,Phylloscopus occipitalis,Western Crowned Warbler,0.5652,psl3,2024,06,20,07
372.0,375.0,Protonotaria citrea,Prothonotary Warbler,0.9108,psl3,2024,06,20,07
378.0,381.0,Phylloscopus occipitalis,Western Crowned Warbler,0.7712,psl3,2024,06,20,07
384.0,387.0,Phylloscopus occipitalis,Western Crowned Warbler,0.9656,psl3,2024,06,20,07
393.0,396.0,Phylloscopus occipitalis,Western Crowned Warbler,0.6549,psl3,2024,06,20,07
396.0,399.0,Setophaga townsendi,Townsend's Warbler,0.7264,psl3,2024,06,20,07
405.0,408.0,Phylloscopus occipitalis,Western Crowned Warbler,0.5061,psl3,2024,06,20,07
417.0,420.0,Phylloscopus occipitalis,Western Crowned Warbler,0.7668,psl3,2024,06,20,07
420.0,423.0,Larvivora brunnea,Indian Blue Robin,0.6309,psl3,2024,06,20,07
423.0,426.0,Phylloscopus occipitalis,Western Crowned Warbler,0.5685,psl3,2024,06,20,07
429.0,432.0,Phylloscopus occipitalis,Western Crowned Warbler,0.8947,psl3,2024,06,20,07
432.0,435.0,Phylloscopus occipitalis,Western Crowned Warbler,0.6667,psl3,2024,06,20,07
453.0,456.0,Phylloscopus occipitalis,Western Crowned Warbler,0.6264,psl3,2024,06,20,07
462.0,465.0,Protonotaria citrea,Prothonotary Warbler,0.8687,psl3,2024,06,20,07
465.0,468.0,Phylloscopus occipitalis,Western Crowned Warbler,0.9145,psl3,2024,06,20,07
468.0,471.0,Protonotaria citrea,Prothonotary Warbler,0.7983,psl3,2024,06,20,07
474.0,477.0,Larvivora brunnea,Indian Blue Robin,0.8908,psl3,2024,06,20,07
483.0,486.0,Phylloscopus occipitalis,Western Crowned Warbler,0.7842,psl3,2024,06,20,07
489.0,492.0,Phylloscopus occipitalis,Western Crowned Warbler,0.6124,psl3,2024,06,20,07
492.0,495.0,Phylloscopus occipitalis,Western Crowned Warbler,0.6767,psl3,2024,06,20,07
495.0,498.0,Phylloscopus occipitalis,Western Crowned Warbler,0.5985,psl3,2024,06,20,07
654.0,657.0,Larvivora brunnea,Indian Blue Robin,0.9143,psl3,2024,06,20,07
657.0,660.0,Larvivora brunnea,Indian Blue Robin,0.7998,psl3,2024,06,20,07
693.0,696.0,Larvivora brunnea,Indian Blue Robin,0.9949,psl3,2024,06,20,07
723.0,726.0,Larvivora brunnea,Indian Blue Robin,0.9554,psl3,2024,06,20,07
726.0,729.0,Larvivora brunnea,Indian Blue Robin,0.9335,psl3,2024,06,20,07
756.0,759.0,Protonotaria citrea,Prothonotary Warbler,0.851,psl3,2024,06,20,07
768.0,771.0,Protonotaria citrea,Prothonotary Warbler,0.5533,psl3,2024,06,20,07
774.0,777.0,Larvivora brunnea,Indian Blue Robin,0.9712,psl3,2024,06,20,07
786.0,789.0,Protonotaria citrea,Prothonotary Warbler,0.6228,psl3,2024,06,20,07
789.0,792.0,Larvivora brunnea,Indian Blue Robin,0.9181,psl3,2024,06,20,07
792.0,795.0,Larvivora brunnea,Indian Blue Robin,0.9948,psl3,2024,06,20,07
801.0,804.0,Protonotaria citrea,Prothonotary Warbler,0.6059,psl3,2024,06,20,07
810.0,813.0,Larvivora brunnea,Indian Blue Robin,0.9852,psl3,2024,06,20,07
825.0,828.0,Larvivora brunnea,Indian Blue Robin,0.9575,psl3,2024,06,20,07
843.0,846.0,Larvivora brunnea,Indian Blue Robin,0.9964,psl3,2024,06,20,07
867.0,870.0,Larvivora brunnea,Indian Blue Robin,0.9338,psl3,2024,06,20,07
888.0,891.0,Larvivora brunnea,Indian Blue Robin,0.9987,psl3,2024,06,20,07
123.0,126.0,Phylloscopus tytleri,Tytler's Leaf Warbler,0.5154,psl3,2024,06,21,05
222.0,225.0,Phylloscopus occipitalis,Western Crowned Warbler,0.6133,psl3,2024,06,21,05
264.0,267.0,Phylloscopus tytleri,Tytler's Leaf Warbler,0.719,psl3,2024,06,21,05
264.0,267.0,Phylloscopus occipitalis,Western Crowned Warbler,0.6491,psl3,2024,06,21,05
297.0,300.0,Phylloscopus occipitalis,Western Crowned Warbler,0.5524,psl3,2024,06,21,05
387.0,390.0,Phylloscopus occipitalis,Western Crowned Warbler,0.5072,psl3,2024,06,21,05
429.0,432.0,Phylloscopus tytleri,Tytler's Leaf Warbler,0.5372,psl3,2024,06,21,05
441.0,444.0,Protonotaria citrea,Prothonotary Warbler,0.8112,psl3,2024,06,21,05
480.0,483.0,Phylloscopus occipitalis,Western Crowned Warbler,0.7214,psl3,2024,06,21,05
645.0,648.0,Phylloscopus occipitalis,Western Crowned Warbler,0.6188,psl3,2024,06,21,05
684.0,687.0,Phylloscopus occipitalis,Western Crowned Warbler,0.7324,psl3,2024,06,21,05
684.0,687.0,Phylloscopus tytleri,Tytler's Leaf Warbler,0.5103,psl3,2024,06,21,05
687.0,690.0,Phylloscopus occipitalis,Western Crowned Warbler,0.552,psl3,2024,06,21,05
687.0,690.0,Phylloscopus tytleri,Tytler's Leaf Warbler,0.5441,psl3,2024,06,21,05
705.0,708.0,Protonotaria citrea,Prothonotary Warbler,0.581,psl3,2024,06,21,05
723.0,726.0,Phylloscopus occipitalis,Western Crowned Warbler,0.7164,psl3,2024,06,21,05
732.0,735.0,Phylloscopus occipitalis,Western Crowned Warbler,0.6002,psl3,2024,06,21,05
759.0,762.0,Protonotaria citrea,Prothonotary Warbler,0.5137,psl3,2024,06,21,05
783.0,786.0,Phylloscopus occipitalis,Western Crowned Warbler,0.8249,psl3,2024,06,21,05
795.0,798.0,Phylloscopus occipitalis,Western Crowned Warbler,0.8128,psl3,2024,06,21,05
828.0,831.0,Protonotaria citrea,Prothonotary Warbler,0.547,psl3,2024,06,21,05
831.0,834.0,Protonotaria citrea,Prothonotary Warbler,0.5072,psl3,2024,06,21,05
12.0,15.0,Protonotaria citrea,Prothonotary Warbler,0.876,psl3,2024,06,21,06
18.0,21.0,Protonotaria citrea,Prothonotary Warbler,0.759,psl3,2024,06,21,06
21.0,24.0,Protonotaria citrea,Prothonotary Warbler,0.8446,psl3,2024,06,21,06
45.0,48.0,Protonotaria citrea,Prothonotary Warbler,0.8085,psl3,2024,06,21,06
69.0,72.0,Protonotaria citrea,Prothonotary Warbler,0.9734,psl3,2024,06,21,06
78.0,81.0,Protonotaria citrea,Prothonotary Warbler,0.7464,psl3,2024,06,21,06
102.0,105.0,Phylloscopus occipitalis,Western Crowned Warbler,0.5567,psl3,2024,06,21,06
111.0,114.0,Phylloscopus occipitalis,Western Crowned Warbler,0.6686,psl3,2024,06,21,06
129.0,132.0,Protonotaria citrea,Prothonotary Warbler,0.8526,psl3,2024,06,21,06
135.0,138.0,Protonotaria citrea,Prothonotary Warbler,0.6662,psl3,2024,06,21,06
141.0,144.0,Protonotaria citrea,Prothonotary Warbler,0.7995,psl3,2024,06,21,06
144.0,147.0,Protonotaria citrea,Prothonotary Warbler,0.8788,psl3,2024,06,21,06
147.0,150.0,Phylloscopus trochiloides,Greenish Warbler,0.6286,psl3,2024,06,21,06
153.0,156.0,Protonotaria citrea,Prothonotary Warbler,0.9661,psl3,2024,06,21,06
168.0,171.0,Protonotaria citrea,Prothonotary Warbler,0.7489,psl3,2024,06,21,06
183.0,186.0,Protonotaria citrea,Prothonotary Warbler,0.8633,psl3,2024,06,21,06
198.0,201.0,Protonotaria citrea,Prothonotary Warbler,0.6459,psl3,2024,06,21,06
204.0,207.0,Phylloscopus occipitalis,Western Crowned Warbler,0.8509,psl3,2024,06,21,06
219.0,222.0,Phylloscopus occipitalis,Western Crowned Warbler,0.5503,psl3,2024,06,21,06
225.0,228.0,Phylloscopus occipitalis,Western Crowned Warbler,0.5579,psl3,2024,06,21,06
228.0,231.0,Protonotaria citrea,Prothonotary Warbler,0.5037,psl3,2024,06,21,06
234.0,237.0,Phylloscopus occipitalis,Western Crowned Warbler,0.5119,psl3,2024,06,21,06
237.0,240.0,Phylloscopus occipitalis,Western Crowned Warbler,0.5846,psl3,2024,06,21,06
249.0,252.0,Phylloscopus occipitalis,Western Crowned Warbler,0.5724,psl3,2024,06,21,06
255.0,258.0,Protonotaria citrea,Prothonotary Warbler,0.8239,psl3,2024,06,21,06
258.0,261.0,Protonotaria citrea,Prothonotary Warbler,0.8966,psl3,2024,06,21,06
264.0,267.0,Phylloscopus occipitalis,Western Crowned Warbler,0.5014,psl3,2024,06,21,06
270.0,273.0,Phylloscopus occipitalis,Western Crowned Warbler,0.5694,psl3,2024,06,21,06
279.0,282.0,Phylloscopus occipitalis,Western Crowned Warbler,0.5284,psl3,2024,06,21,06
288.0,291.0,Phylloscopus occipitalis,Western Crowned Warbler,0.5039,psl3,2024,06,21,06
303.0,306.0,Protonotaria citrea,Prothonotary Warbler,0.5409,psl3,2024,06,21,06
309.0,312.0,Protonotaria citrea,Prothonotary Warbler,0.7498,psl3,2024,06,21,06
327.0,330.0,Protonotaria citrea,Prothonotary Warbler,0.9255,psl3,2024,06,21,06
348.0,351.0,Protonotaria citrea,Prothonotary Warbler,0.573,psl3,2024,06,21,06
366.0,369.0,Protonotaria citrea,Prothonotary Warbler,0.8784,psl3,2024,06,21,06
378.0,381.0,Phylloscopus tytleri,Tytler's Leaf Warbler,0.516,psl3,2024,06,21,06
402.0,405.0,Phylloscopus occipitalis,Western Crowned Warbler,0.512,psl3,2024,06,21,06
411.0,414.0,Phylloscopus occipitalis,Western Crowned Warbler,0.8088,psl3,2024,06,21,06
417.0,420.0,Phylloscopus occipitalis,Western Crowned Warbler,0.7983,psl3,2024,06,21,06
429.0,432.0,Protonotaria citrea,Prothonotary Warbler,0.7142,psl3,2024,06,21,06
447.0,450.0,Protonotaria citrea,Prothonotary Warbler,0.955,psl3,2024,06,21,06
450.0,453.0,Protonotaria citrea,Prothonotary Warbler,0.6495,psl3,2024,06,21,06
456.0,459.0,Protonotaria citrea,Prothonotary Warbler,0.7853,psl3,2024,06,21,06
459.0,462.0,Protonotaria citrea,Prothonotary Warbler,0.5267,psl3,2024,06,21,06
483.0,486.0,Protonotaria citrea,Prothonotary Warbler,0.719,psl3,2024,06,21,06
498.0,501.0,Phylloscopus occipitalis,Western Crowned Warbler,0.6416,psl3,2024,06,21,06
507.0,510.0,Phylloscopus occipitalis,Western Crowned Warbler,0.6744,psl3,2024,06,21,06
525.0,528.0,Protonotaria citrea,Prothonotary Warbler,0.6852,psl3,2024,06,21,06
528.0,531.0,Phylloscopus occipitalis,Western Crowned Warbler,0.7341,psl3,2024,06,21,06
537.0,540.0,Protonotaria citrea,Prothonotary Warbler,0.7944,psl3,2024,06,21,06
540.0,543.0,Phylloscopus occipitalis,Western Crowned Warbler,0.7113,psl3,2024,06,21,06
546.0,549.0,Protonotaria citrea,Prothonotary Warbler,0.5545,psl3,2024,06,21,06
549.0,552.0,Protonotaria citrea,Prothonotary Warbler,0.7048,psl3,2024,06,21,06
582.0,585.0,Phylloscopus occipitalis,Western Crowned Warbler,0.7331,psl3,2024,06,21,06
591.0,594.0,Phylloscopus occipitalis,Western Crowned Warbler,0.8198,psl3,2024,06,21,06
702.0,705.0,Trochalopteron variegatum,Variegated Laughingthrush,0.5261,psl3,2024,06,21,06
711.0,714.0,Trochalopteron variegatum,Variegated Laughingthrush,0.5895,psl3,2024,06,21,06
732.0,735.0,Trochalopteron variegatum,Variegated Laughingthrush,0.789,psl3,2024,06,21,06
744.0,747.0,Trochalopteron morrisonianum,White-whiskered Laughingthrush,0.5103,psl3,2024,06,21,06
750.0,753.0,Trochalopteron variegatum,Variegated Laughingthrush,0.6672,psl3,2024,06,21,06
762.0,765.0,Protonotaria citrea,Prothonotary Warbler,0.7686,psl3,2024,06,21,06
780.0,783.0,Trochalopteron variegatum,Variegated Laughingthrush,0.8355,psl3,2024,06,21,06
798.0,801.0,Phylloscopus occipitalis,Western Crowned Warbler,0.7798,psl3,2024,06,21,06
804.0,807.0,Larvivora brunnea,Indian Blue Robin,0.8611,psl3,2024,06,21,06
810.0,813.0,Protonotaria citrea,Prothonotary Warbler,0.6554,psl3,2024,06,21,06
822.0,825.0,Trochalopteron variegatum,Variegated Laughingthrush,0.6228,psl3,2024,06,21,06
825.0,828.0,Protonotaria citrea,Prothonotary Warbler,0.7558,psl3,2024,06,21,06
828.0,831.0,Limnothlypis swainsonii,Swainson's Warbler,0.824,psl3,2024,06,21,06
834.0,837.0,Protonotaria citrea,Prothonotary Warbler,0.7774,psl3,2024,06,21,06
840.0,843.0,Trochalopteron variegatum,Variegated Laughingthrush,0.8693,psl3,2024,06,21,06
840.0,843.0,Trochalopteron morrisonianum,White-whiskered Laughingthrush,0.6424,psl3,2024,06,21,06
843.0,846.0,Protonotaria citrea,Prothonotary Warbler,0.9049,psl3,2024,06,21,06
852.0,855.0,Trochalopteron variegatum,Variegated Laughingthrush,0.5616,psl3,2024,06,21,06
855.0,858.0,Trochalopteron variegatum,Variegated Laughingthrush,0.6991,psl3,2024,06,21,06
855.0,858.0,Trochalopteron morrisonianum,White-whiskered Laughingthrush,0.5809,psl3,2024,06,21,06
885.0,888.0,Larvivora brunnea,Indian Blue Robin,0.7393,psl3,2024,06,21,06
15.0,18.0,Protonotaria citrea,Prothonotary Warbler,0.6155,psl3,2024,06,21,07
21.0,24.0,Phylloscopus magnirostris,Large-billed Leaf Warbler,0.8745,psl3,2024,06,21,07
30.0,33.0,Phylloscopus magnirostris,Large-billed Leaf Warbler,0.6636,psl3,2024,06,21,07
39.0,42.0,Phylloscopus magnirostris,Large-billed Leaf Warbler,0.7029,psl3,2024,06,21,07
48.0,51.0,Phylloscopus magnirostris,Large-billed Leaf Warbler,0.7875,psl3,2024,06,21,07
57.0,60.0,Phylloscopus magnirostris,Large-billed Leaf Warbler,0.9196,psl3,2024,06,21,07
60.0,63.0,Protonotaria citrea,Prothonotary Warbler,0.734,psl3,2024,06,21,07
72.0,75.0,Phylloscopus occipitalis,Western Crowned Warbler,0.5911,psl3,2024,06,21,07
78.0,81.0,Phylloscopus magnirostris,Large-billed Leaf Warbler,0.9719,psl3,2024,06,21,07
90.0,93.0,Phylloscopus occipitalis,Western Crowned Warbler,0.8529,psl3,2024,06,21,07
93.0,96.0,Phylloscopus magnirostris,Large-billed Leaf Warbler,0.6251,psl3,2024,06,21,07
96.0,99.0,Phylloscopus occipitalis,Western Crowned Warbler,0.6637,psl3,2024,06,21,07
99.0,102.0,Phylloscopus occipitalis,Western Crowned Warbler,0.5853,psl3,2024,06,21,07
105.0,108.0,Protonotaria citrea,Prothonotary Warbler,0.7716,psl3,2024,06,21,07
117.0,120.0,Phylloscopus magnirostris,Large-billed Leaf Warbler,0.5094,psl3,2024,06,21,07
120.0,123.0,Phylloscopus magnirostris,Large-billed Leaf Warbler,0.9765,psl3,2024,06,21,07
126.0,129.0,Phylloscopus occipitalis,Western Crowned Warbler,0.5295,psl3,2024,06,21,07
129.0,132.0,Phylloscopus magnirostris,Large-billed Leaf Warbler,0.5957,psl3,2024,06,21,07
132.0,135.0,Phylloscopus occipitalis,Western Crowned Warbler,0.8339,psl3,2024,06,21,07
138.0,141.0,Larvivora brunnea,Indian Blue Robin,0.6509,psl3,2024,06,21,07
144.0,147.0,Protonotaria citrea,Prothonotary Warbler,0.7185,psl3,2024,06,21,07
144.0,147.0,Phylloscopus magnirostris,Large-billed Leaf Warbler,0.538,psl3,2024,06,21,07
150.0,153.0,Phylloscopus occipitalis,Western Crowned Warbler,0.7321,psl3,2024,06,21,07
153.0,156.0,Phylloscopus magnirostris,Large-billed Leaf Warbler,0.7947,psl3,2024,06,21,07
162.0,165.0,Phylloscopus magnirostris,Large-billed Leaf Warbler,0.9787,psl3,2024,06,21,07
165.0,168.0,Phylloscopus occipitalis,Western Crowned Warbler,0.9448,psl3,2024,06,21,07
171.0,174.0,Phylloscopus occipitalis,Western Crowned Warbler,0.6236,psl3,2024,06,21,07
183.0,186.0,Larvivora brunnea,Indian Blue Robin,0.9498,psl3,2024,06,21,07
183.0,186.0,Phylloscopus tytleri,Tytler's Leaf Warbler,0.5051,psl3,2024,06,21,07
195.0,198.0,Phylloscopus occipitalis,Western Crowned Warbler,0.5919,psl3,2024,06,21,07
198.0,201.0,Protonotaria citrea,Prothonotary Warbler,0.5869,psl3,2024,06,21,07
216.0,219.0,Phylloscopus magnirostris,Large-billed Leaf Warbler,0.9762,psl3,2024,06,21,07
228.0,231.0,Phylloscopus occipitalis,Western Crowned Warbler,0.6353,psl3,2024,06,21,07
231.0,234.0,Phylloscopus magnirostris,Large-billed Leaf Warbler,0.98,psl3,2024,06,21,07
237.0,240.0,Phylloscopus occipitalis,Western Crowned Warbler,0.7809,psl3,2024,06,21,07
240.0,243.0,Phylloscopus magnirostris,Large-billed Leaf Warbler,0.8676,psl3,2024,06,21,07
243.0,246.0,Phylloscopus occipitalis,Western Crowned Warbler,0.6257,psl3,2024,06,21,07
249.0,252.0,Larvivora brunnea,Indian Blue Robin,0.8996,psl3,2024,06,21,07
252.0,255.0,Phylloscopus occipitalis,Western Crowned Warbler,0.5688,psl3,2024,06,21,07
255.0,258.0,Phylloscopus magnirostris,Large-billed Leaf Warbler,0.7985,psl3,2024,06,21,07
264.0,267.0,Phylloscopus occipitalis,Western Crowned Warbler,0.6433,psl3,2024,06,21,07
270.0,273.0,Phylloscopus occipitalis,Western Crowned Warbler,0.7518,psl3,2024,06,21,07
273.0,276.0,Phylloscopus magnirostris,Large-billed Leaf Warbler,0.8641,psl3,2024,06,21,07
276.0,279.0,Phylloscopus occipitalis,Western Crowned Warbler,0.8628,psl3,2024,06,21,07
285.0,288.0,Protonotaria citrea,Prothonotary Warbler,0.9015,psl3,2024,06,21,07
288.0,291.0,Phylloscopus magnirostris,Large-billed Leaf Warbler,0.6067,psl3,2024,06,21,07
297.0,300.0,Phylloscopus magnirostris,Large-billed Leaf Warbler,0.8068,psl3,2024,06,21,07
303.0,306.0,Phylloscopus occipitalis,Western Crowned Warbler,0.8552,psl3,2024,06,21,07
309.0,312.0,Phylloscopus occipitalis,Western Crowned Warbler,0.8707,psl3,2024,06,21,07
312.0,315.0,Phylloscopus occipitalis,Western Crowned Warbler,0.7389,psl3,2024,06,21,07
363.0,366.0,Protonotaria citrea,Prothonotary Warbler,0.9045,psl3,2024,06,21,07
363.0,366.0,Phylloscopus occipitalis,Western Crowned Warbler,0.5366,psl3,2024,06,21,07
399.0,402.0,Phylloscopus occipitalis,Western Crowned Warbler,0.773,psl3,2024,06,21,07
411.0,414.0,Phylloscopus occipitalis,Western Crowned Warbler,0.856,psl3,2024,06,21,07
423.0,426.0,Phylloscopus sibilatrix,Wood Warbler,0.9709,psl3,2024,06,21,07
429.0,432.0,Phylloscopus occipitalis,Western Crowned Warbler,0.7828,psl3,2024,06,21,07
432.0,435.0,Phylloscopus occipitalis,Western Crowned Warbler,0.9347,psl3,2024,06,21,07
435.0,438.0,Phylloscopus occipitalis,Western Crowned Warbler,0.9561,psl3,2024,06,21,07
438.0,441.0,Phylloscopus occipitalis,Western Crowned Warbler,0.6467,psl3,2024,06,21,07
450.0,453.0,Protonotaria citrea,Prothonotary Warbler,0.8572,psl3,2024,06,21,07
459.0,462.0,Protonotaria citrea,Prothonotary Warbler,0.7543,psl3,2024,06,21,07
471.0,474.0,Phylloscopus occipitalis,Western Crowned Warbler,0.5818,psl3,2024,06,21,07
477.0,480.0,Phylloscopus occipitalis,Western Crowned Warbler,0.8455,psl3,2024,06,21,07
504.0,507.0,Protonotaria citrea,Prothonotary Warbler,0.7233,psl3,2024,06,21,07
513.0,516.0,Protonotaria citrea,Prothonotary Warbler,0.5867,psl3,2024,06,21,07
519.0,522.0,Protonotaria citrea,Prothonotary Warbler,0.5088,psl3,2024,06,21,07
540.0,543.0,Phylloscopus occipitalis,Western Crowned Warbler,0.7548,psl3,2024,06,21,07
549.0,552.0,Phylloscopus occipitalis,Western Crowned Warbler,0.5227,psl3,2024,06,21,07
555.0,558.0,Phylloscopus occipitalis,Western Crowned Warbler,0.7045,psl3,2024,06,21,07
570.0,573.0,Protonotaria citrea,Prothonotary Warbler,0.6477,psl3,2024,06,21,07
573.0,576.0,Protonotaria citrea,Prothonotary Warbler,0.7256,psl3,2024,06,21,07
579.0,582.0,Phylloscopus occipitalis,Western Crowned Warbler,0.594,psl3,2024,06,21,07
582.0,585.0,Protonotaria citrea,Prothonotary Warbler,0.8425,psl3,2024,06,21,07
612.0,615.0,Phylloscopus occipitalis,Western Crowned Warbler,0.5261,psl3,2024,06,21,07
618.0,621.0,Phylloscopus occipitalis,Western Crowned Warbler,0.8526,psl3,2024,06,21,07
621.0,624.0,Phylloscopus occipitalis,Western Crowned Warbler,0.7003,psl3,2024,06,21,07
651.0,654.0,Protonotaria citrea,Prothonotary Warbler,0.6966,psl3,2024,06,21,07
660.0,663.0,Protonotaria citrea,Prothonotary Warbler,0.8039,psl3,2024,06,21,07
669.0,672.0,Phylloscopus occipitalis,Western Crowned Warbler,0.5363,psl3,2024,06,21,07
690.0,693.0,Phylloscopus occipitalis,Western Crowned Warbler,0.6633,psl3,2024,06,21,07
696.0,699.0,Phylloscopus occipitalis,Western Crowned Warbler,0.8627,psl3,2024,06,21,07
708.0,711.0,Protonotaria citrea,Prothonotary Warbler,0.9421,psl3,2024,06,21,07
723.0,726.0,Phylloscopus occipitalis,Western Crowned Warbler,0.5598,psl3,2024,06,21,07
726.0,729.0,Protonotaria citrea,Prothonotary Warbler,0.845,psl3,2024,06,21,07
735.0,738.0,Protonotaria citrea,Prothonotary Warbler,0.8089,psl3,2024,06,21,07
750.0,753.0,Phylloscopus occipitalis,Western Crowned Warbler,0.5223,psl3,2024,06,21,07
759.0,762.0,Phylloscopus occipitalis,Western Crowned Warbler,0.8475,psl3,2024,06,21,07
771.0,774.0,Phylloscopus occipitalis,Western Crowned Warbler,0.5533,psl3,2024,06,21,07
819.0,822.0,Protonotaria citrea,Prothonotary Warbler,0.852,psl3,2024,06,21,07
825.0,828.0,Protonotaria citrea,Prothonotary Warbler,0.5855,psl3,2024,06,21,07
831.0,834.0,Protonotaria citrea,Prothonotary Warbler,0.5753,psl3,2024,06,21,07
843.0,846.0,Protonotaria citrea,Prothonotary Warbler,0.6291,psl3,2024,06,21,07
870.0,873.0,Phylloscopus occipitalis,Western Crowned Warbler,0.8618,psl3,2024,06,21,07
882.0,885.0,Protonotaria citrea,Prothonotary Warbler,0.9165,psl3,2024,06,21,07
888.0,891.0,Protonotaria citrea,Prothonotary Warbler,0.556,psl3,2024,06,21,07
891.0,894.0,Protonotaria citrea,Prothonotary Warbler,0.8807,psl3,2024,06,21,07
0.0,3.0,Larvivora brunnea,Indian Blue Robin,0.9984,psl3,2024,06,22,05
18.0,21.0,Larvivora brunnea,Indian Blue Robin,0.5705,psl3,2024,06,22,05
21.0,24.0,Ficedula hypoleuca,European Pied Flycatcher,0.7919,psl3,2024,06,22,05
33.0,36.0,Larvivora brunnea,Indian Blue Robin,0.8527,psl3,2024,06,22,05
36.0,39.0,Larvivora brunnea,Indian Blue Robin,0.8951,psl3,2024,06,22,05
54.0,57.0,Larvivora brunnea,Indian Blue Robin,0.9939,psl3,2024,06,22,05
87.0,90.0,Larvivora brunnea,Indian Blue Robin,0.9681,psl3,2024,06,22,05
111.0,114.0,Larvivora brunnea,Indian Blue Robin,0.9215,psl3,2024,06,22,05
129.0,132.0,Larvivora brunnea,Indian Blue Robin,0.9612,psl3,2024,06,22,05
129.0,132.0,Larvivora cyane,Siberian Blue Robin,0.6441,psl3,2024,06,22,05
141.0,144.0,Phylloscopus tytleri,Tytler's Leaf Warbler,0.6571,psl3,2024,06,22,05
147.0,150.0,Larvivora brunnea,Indian Blue Robin,0.6695,psl3,2024,06,22,05
165.0,168.0,Larvivora brunnea,Indian Blue Robin,0.8928,psl3,2024,06,22,05
186.0,189.0,Larvivora brunnea,Indian Blue Robin,0.9137,psl3,2024,06,22,05
201.0,204.0,Larvivora brunnea,Indian Blue Robin,0.9828,psl3,2024,06,22,05
219.0,222.0,Larvivora brunnea,Indian Blue Robin,0.9425,psl3,2024,06,22,05
234.0,237.0,Larvivora brunnea,Indian Blue Robin,0.8584,psl3,2024,06,22,05
249.0,252.0,Larvivora brunnea,Indian Blue Robin,0.5391,psl3,2024,06,22,05
267.0,270.0,Larvivora brunnea,Indian Blue Robin,0.994,psl3,2024,06,22,05
273.0,276.0,Phylloscopus occipitalis,Western Crowned Warbler,0.8402,psl3,2024,06,22,05
300.0,303.0,Larvivora brunnea,Indian Blue Robin,0.6221,psl3,2024,06,22,05
315.0,318.0,Larvivora brunnea,Indian Blue Robin,0.8995,psl3,2024,06,22,05
321.0,324.0,Phylloscopus occipitalis,Western Crowned Warbler,0.5444,psl3,2024,06,22,05
327.0,330.0,Larvivora brunnea,Indian Blue Robin,0.6549,psl3,2024,06,22,05
342.0,345.0,Larvivora brunnea,Indian Blue Robin,0.9923,psl3,2024,06,22,05
375.0,378.0,Larvivora brunnea,Indian Blue Robin,0.904,psl3,2024,06,22,05
390.0,393.0,Larvivora brunnea,Indian Blue Robin,0.9989,psl3,2024,06,22,05
396.0,399.0,Protonotaria citrea,Prothonotary Warbler,0.5943,psl3,2024,06,22,05
399.0,402.0,Trochalopteron erythrocephalum,Chestnut-crowned Laughingthrush,0.5411,psl3,2024,06,22,05
399.0,402.0,Trochalopteron variegatum,Variegated Laughingthrush,0.5313,psl3,2024,06,22,05
411.0,414.0,Trochalopteron variegatum,Variegated Laughingthrush,0.5767,psl3,2024,06,22,05
417.0,420.0,Trochalopteron variegatum,Variegated Laughingthrush,0.6306,psl3,2024,06,22,05
423.0,426.0,Trochalopteron variegatum,Variegated Laughingthrush,0.928,psl3,2024,06,22,05
429.0,432.0,Trochalopteron variegatum,Variegated Laughingthrush,0.9464,psl3,2024,06,22,05
438.0,441.0,Trochalopteron variegatum,Variegated Laughingthrush,0.834,psl3,2024,06,22,05
444.0,447.0,Trochalopteron variegatum,Variegated Laughingthrush,0.644,psl3,2024,06,22,05
450.0,453.0,Trochalopteron variegatum,Variegated Laughingthrush,0.5184,psl3,2024,06,22,05
459.0,462.0,Trochalopteron variegatum,Variegated Laughingthrush,0.6836,psl3,2024,06,22,05
465.0,468.0,Trochalopteron variegatum,Variegated Laughingthrush,0.9832,psl3,2024,06,22,05
480.0,483.0,Trochalopteron variegatum,Variegated Laughingthrush,0.9625,psl3,2024,06,22,05
492.0,495.0,Trochalopteron variegatum,Variegated Laughingthrush,0.6706,psl3,2024,06,22,05
516.0,519.0,Trochalopteron variegatum,Variegated Laughingthrush,0.6465,psl3,2024,06,22,05
567.0,570.0,Phylloscopus occipitalis,Western Crowned Warbler,0.5724,psl3,2024,06,22,05
606.0,609.0,Phylloscopus occipitalis,Western Crowned Warbler,0.5972,psl3,2024,06,22,05
714.0,717.0,Phylloscopus occipitalis,Western Crowned Warbler,0.566,psl3,2024,06,22,05
777.0,780.0,Phylloscopus occipitalis,Western Crowned Warbler,0.5691,psl3,2024,06,22,05
792.0,795.0,Phylloscopus magnirostris,Large-billed Leaf Warbler,0.8641,psl3,2024,06,22,05
792.0,795.0,Elachura formosa,Spotted Elachura,0.6157,psl3,2024,06,22,05
801.0,804.0,Phylloscopus magnirostris,Large-billed Leaf Warbler,0.8521,psl3,2024,06,22,05
810.0,813.0,Phylloscopus magnirostris,Large-billed Leaf Warbler,0.7625,psl3,2024,06,22,05
816.0,819.0,Phylloscopus magnirostris,Large-billed Leaf Warbler,0.9608,psl3,2024,06,22,05
822.0,825.0,Phylloscopus magnirostris,Large-billed Leaf Warbler,0.9782,psl3,2024,06,22,05
12.0,15.0,Larvivora brunnea,Indian Blue Robin,0.971,psl3,2024,06,22,06
15.0,18.0,Phylloscopus occipitalis,Western Crowned Warbler,0.9168,psl3,2024,06,22,06
24.0,27.0,Phylloscopus occipitalis,Western Crowned Warbler,0.6729,psl3,2024,06,22,06
30.0,33.0,Larvivora brunnea,Indian Blue Robin,0.9635,psl3,2024,06,22,06
48.0,51.0,Larvivora brunnea,Indian Blue Robin,0.8415,psl3,2024,06,22,06
66.0,69.0,Larvivora brunnea,Indian Blue Robin,0.9842,psl3,2024,06,22,06
81.0,84.0,Larvivora brunnea,Indian Blue Robin,0.9896,psl3,2024,06,22,06
99.0,102.0,Larvivora brunnea,Indian Blue Robin,0.9134,psl3,2024,06,22,06
135.0,138.0,Larvivora brunnea,Indian Blue Robin,0.9939,psl3,2024,06,22,06
159.0,162.0,Larvivora brunnea,Indian Blue Robin,0.8283,psl3,2024,06,22,06
168.0,171.0,Larvivora brunnea,Indian Blue Robin,0.8069,psl3,2024,06,22,06
171.0,174.0,Larvivora brunnea,Indian Blue Robin,0.9955,psl3,2024,06,22,06
219.0,222.0,Protonotaria citrea,Prothonotary Warbler,0.9422,psl3,2024,06,22,06
228.0,231.0,Larvivora brunnea,Indian Blue Robin,0.9442,psl3,2024,06,22,06
270.0,273.0,Larvivora brunnea,Indian Blue Robin,0.7091,psl3,2024,06,22,06
270.0,273.0,Larvivora cyane,Siberian Blue Robin,0.6674,psl3,2024,06,22,06
327.0,330.0,Larvivora brunnea,Indian Blue Robin,0.9938,psl3,2024,06,22,06
381.0,384.0,Larvivora brunnea,Indian Blue Robin,0.9974,psl3,2024,06,22,06
411.0,414.0,Larvivora brunnea,Indian Blue Robin,0.6764,psl3,2024,06,22,06
414.0,417.0,Larvivora brunnea,Indian Blue Robin,0.9704,psl3,2024,06,22,06
456.0,459.0,Larvivora brunnea,Indian Blue Robin,0.9966,psl3,2024,06,22,06
492.0,495.0,Larvivora brunnea,Indian Blue Robin,0.964,psl3,2024,06,22,06
495.0,498.0,Ficedula hypoleuca,European Pied Flycatcher,0.8553,psl3,2024,06,22,06
543.0,546.0,Larvivora brunnea,Indian Blue Robin,0.9943,psl3,2024,06,22,06
573.0,576.0,Larvivora brunnea,Indian Blue Robin,0.5372,psl3,2024,06,22,06
597.0,600.0,Larvivora brunnea,Indian Blue Robin,0.8972,psl3,2024,06,22,06
645.0,648.0,Larvivora brunnea,Indian Blue Robin,0.5698,psl3,2024,06,22,06
669.0,672.0,Phylloscopus occipitalis,Western Crowned Warbler,0.5532,psl3,2024,06,22,06
681.0,684.0,Larvivora brunnea,Indian Blue Robin,0.9781,psl3,2024,06,22,06
708.0,711.0,Phylloscopus magnirostris,Large-billed Leaf Warbler,0.7566,psl3,2024,06,22,06
711.0,714.0,Larvivora brunnea,Indian Blue Robin,0.7298,psl3,2024,06,22,06
714.0,717.0,Phylloscopus occipitalis,Western Crowned Warbler,0.9503,psl3,2024,06,22,06
729.0,732.0,Larvivora brunnea,Indian Blue Robin,0.8869,psl3,2024,06,22,06
729.0,732.0,Larvivora cyane,Siberian Blue Robin,0.6225,psl3,2024,06,22,06
735.0,738.0,Phylloscopus magnirostris,Large-billed Leaf Warbler,0.7382,psl3,2024,06,22,06
744.0,747.0,Phylloscopus occipitalis,Western Crowned Warbler,0.7376,psl3,2024,06,22,06
747.0,750.0,Larvivora brunnea,Indian Blue Robin,0.9078,psl3,2024,06,22,06
753.0,756.0,Phylloscopus magnirostris,Large-billed Leaf Warbler,0.9853,psl3,2024,06,22,06
774.0,777.0,Phylloscopus occipitalis,Western Crowned Warbler,0.7075,psl3,2024,06,22,06
777.0,780.0,Phylloscopus magnirostris,Large-billed Leaf Warbler,0.5489,psl3,2024,06,22,06
780.0,783.0,Larvivora brunnea,Indian Blue Robin,0.5762,psl3,2024,06,22,06
783.0,786.0,Larvivora brunnea,Indian Blue Robin,0.7218,psl3,2024,06,22,06
816.0,819.0,Phylloscopus occipitalis,Western Crowned Warbler,0.6812,psl3,2024,06,22,06
819.0,822.0,Phylloscopus magnirostris,Large-billed Leaf Warbler,0.8216,psl3,2024,06,22,06
825.0,828.0,Larvivora brunnea,Indian Blue Robin,0.942,psl3,2024,06,22,06
837.0,840.0,Phylloscopus occipitalis,Western Crowned Warbler,0.7709,psl3,2024,06,22,06
843.0,846.0,Larvivora brunnea,Indian Blue Robin,0.9097,psl3,2024,06,22,06
855.0,858.0,Phylloscopus occipitalis,Western Crowned Warbler,0.6793,psl3,2024,06,22,06
861.0,864.0,Setophaga townsendi,Townsend's Warbler,0.741,psl3,2024,06,22,06
867.0,870.0,Phylloscopus occipitalis,Western Crowned Warbler,0.513,psl3,2024,06,22,06
6.0,9.0,Protonotaria citrea,Prothonotary Warbler,0.5784,psl3,2024,06,22,07
12.0,15.0,Phylloscopus occipitalis,Western Crowned Warbler,0.5835,psl3,2024,06,22,07
69.0,72.0,Phylloscopus occipitalis,Western Crowned Warbler,0.7147,psl3,2024,06,22,07
81.0,84.0,Phylloscopus nitidus,Green Warbler,0.5947,psl3,2024,06,22,07
105.0,108.0,Phylloscopus nitidus,Green Warbler,0.5575,psl3,2024,06,22,07
108.0,111.0,Phylloscopus nitidus,Green Warbler,0.9218,psl3,2024,06,22,07
114.0,117.0,Phylloscopus trochiloides,Greenish Warbler,0.5979,psl3,2024,06,22,07
117.0,120.0,Phylloscopus occipitalis,Western Crowned Warbler,0.8093,psl3,2024,06,22,07
123.0,126.0,Phylloscopus occipitalis,Western Crowned Warbler,0.5352,psl3,2024,06,22,07
126.0,129.0,Protonotaria citrea,Prothonotary Warbler,0.8896,psl3,2024,06,22,07
132.0,135.0,Phylloscopus occipitalis,Western Crowned Warbler,0.6619,psl3,2024,06,22,07
147.0,150.0,Phylloscopus occipitalis,Western Crowned Warbler,0.6858,psl3,2024,06,22,07
153.0,156.0,Phylloscopus occipitalis,Western Crowned Warbler,0.8033,psl3,2024,06,22,07
174.0,177.0,Phylloscopus occipitalis,Western Crowned Warbler,0.5001,psl3,2024,06,22,07
180.0,183.0,Phylloscopus occipitalis,Western Crowned Warbler,0.55,psl3,2024,06,22,07
195.0,198.0,Phylloscopus occipitalis,Western Crowned Warbler,0.5149,psl3,2024,06,22,07
201.0,204.0,Phylloscopus occipitalis,Western Crowned Warbler,0.6891,psl3,2024,06,22,07
204.0,207.0,Protonotaria citrea,Prothonotary Warbler,0.8885,psl3,2024,06,22,07
255.0,258.0,Protonotaria citrea,Prothonotary Warbler,0.7538,psl3,2024,06,22,07
261.0,264.0,Protonotaria citrea,Prothonotary Warbler,0.5186,psl3,2024,06,22,07
270.0,273.0,Protonotaria citrea,Prothonotary Warbler,0.5391,psl3,2024,06,22,07
291.0,294.0,Protonotaria citrea,Prothonotary Warbler,0.7543,psl3,2024,06,22,07
339.0,342.0,Protonotaria citrea,Prothonotary Warbler,0.5375,psl3,2024,06,22,07
405.0,408.0,Phylloscopus occipitalis,Western Crowned Warbler,0.7565,psl3,2024,06,22,07
459.0,462.0,Protonotaria citrea,Prothonotary Warbler,0.6399,psl3,2024,06,22,07
651.0,654.0,Protonotaria citrea,Prothonotary Warbler,0.5379,psl3,2024,06,22,07
717.0,720.0,Phylloscopus occipitalis,Western Crowned Warbler,0.7786,psl3,2024,06,22,07
723.0,726.0,Phylloscopus occipitalis,Western Crowned Warbler,0.6464,psl3,2024,06,22,07
729.0,732.0,Phylloscopus occipitalis,Western Crowned Warbler,0.9467,psl3,2024,06,22,07
732.0,735.0,Protonotaria citrea,Prothonotary Warbler,0.9636,psl3,2024,06,22,07
741.0,744.0,Phylloscopus occipitalis,Western Crowned Warbler,0.665,psl3,2024,06,22,07
747.0,750.0,Phylloscopus occipitalis,Western Crowned Warbler,0.7539,psl3,2024,06,22,07
753.0,756.0,Phylloscopus occipitalis,Western Crowned Warbler,0.6739,psl3,2024,06,22,07
768.0,771.0,Protonotaria citrea,Prothonotary Warbler,0.6161,psl3,2024,06,22,07
771.0,774.0,Protonotaria citrea,Prothonotary Warbler,0.5996,psl3,2024,06,22,07
798.0,801.0,Phylloscopus occipitalis,Western Crowned Warbler,0.6338,psl3,2024,06,22,07
819.0,822.0,Phylloscopus occipitalis,Western Crowned Warbler,0.9008,psl3,2024,06,22,07
834.0,837.0,Phylloscopus occipitalis,Western Crowned Warbler,0.8618,psl3,2024,06,22,07
840.0,843.0,Phylloscopus occipitalis,Western Crowned Warbler,0.6239,psl3,2024,06,22,07
846.0,849.0,Phylloscopus occipitalis,Western Crowned Warbler,0.7711,psl3,2024,06,22,07
864.0,867.0,Protonotaria citrea,Prothonotary Warbler,0.7569,psl3,2024,06,22,07
0.0,3.0,Phylloscopus magnirostris,Large-billed Leaf Warbler,0.5118,psl3,2024,06,23,05
3.0,6.0,Phylloscopus occipitalis,Western Crowned Warbler,0.7358,psl3,2024,06,23,05
6.0,9.0,Phylloscopus occipitalis,Western Crowned Warbler,0.9957,psl3,2024,06,23,05
9.0,12.0,Phylloscopus magnirostris,Large-billed Leaf Warbler,0.9197,psl3,2024,06,23,05
18.0,21.0,Phylloscopus magnirostris,Large-billed Leaf Warbler,0.6415,psl3,2024,06,23,05
39.0,42.0,Phylloscopus magnirostris,Large-billed Leaf Warbler,0.68,psl3,2024,06,23,05
42.0,45.0,Phylloscopus occipitalis,Western Crowned Warbler,0.6599,psl3,2024,06,23,05
48.0,51.0,Phylloscopus magnirostris,Large-billed Leaf Warbler,0.7597,psl3,2024,06,23,05
57.0,60.0,Phylloscopus magnirostris,Large-billed Leaf Warbler,0.964,psl3,2024,06,23,05
81.0,84.0,Phylloscopus magnirostris,Large-billed Leaf Warbler,0.8126,psl3,2024,06,23,05
90.0,93.0,Phylloscopus magnirostris,Large-billed Leaf Warbler,0.5718,psl3,2024,06,23,05
99.0,102.0,Phylloscopus magnirostris,Large-billed Leaf Warbler,0.5894,psl3,2024,06,23,05
150.0,153.0,Brachypteryx hyperythra,Rusty-bellied Shortwing,0.5056,psl3,2024,06,23,05
195.0,198.0,Protonotaria citrea,Prothonotary Warbler,0.6329,psl3,2024,06,23,05
303.0,306.0,Protonotaria citrea,Prothonotary Warbler,0.5648,psl3,2024,06,23,05
363.0,366.0,Phylloscopus tytleri,Tytler's Leaf Warbler,0.5913,psl3,2024,06,23,05
480.0,483.0,Phylloscopus occipitalis,Western Crowned Warbler,0.5869,psl3,2024,06,23,05
570.0,573.0,Phylloscopus occipitalis,Western Crowned Warbler,0.8402,psl3,2024,06,23,05
585.0,588.0,Protonotaria citrea,Prothonotary Warbler,0.908,psl3,2024,06,23,05
591.0,594.0,Protonotaria citrea,Prothonotary Warbler,0.6242,psl3,2024,06,23,05
651.0,654.0,Protonotaria citrea,Prothonotary Warbler,0.9108,psl3,2024,06,23,05
654.0,657.0,Protonotaria citrea,Prothonotary Warbler,0.9086,psl3,2024,06,23,05
660.0,663.0,Protonotaria citrea,Prothonotary Warbler,0.7838,psl3,2024,06,23,05
672.0,675.0,Phylloscopus occipitalis,Western Crowned Warbler,0.6269,psl3,2024,06,23,05
684.0,687.0,Phylloscopus occipitalis,Western Crowned Warbler,0.8487,psl3,2024,06,23,05
711.0,714.0,Phylloscopus occipitalis,Western Crowned Warbler,0.6761,psl3,2024,06,23,05
714.0,717.0,Protonotaria citrea,Prothonotary Warbler,0.8597,psl3,2024,06,23,05
723.0,726.0,Protonotaria citrea,Prothonotary Warbler,0.586,psl3,2024,06,23,05
768.0,771.0,Phylloscopus occipitalis,Western Crowned Warbler,0.5608,psl3,2024,06,23,05
771.0,774.0,Phylloscopus occipitalis,Western Crowned Warbler,0.5132,psl3,2024,06,23,05
798.0,801.0,Phylloscopus occipitalis,Western Crowned Warbler,0.6109,psl3,2024,06,23,05
801.0,804.0,Phylloscopus occipitalis,Western Crowned Warbler,0.6142,psl3,2024,06,23,05
819.0,822.0,Protonotaria citrea,Prothonotary Warbler,0.7176,psl3,2024,06,23,05
858.0,861.0,Phylloscopus occipitalis,Western Crowned Warbler,0.7605,psl3,2024,06,23,05
864.0,867.0,Phylloscopus occipitalis,Western Crowned Warbler,0.6998,psl3,2024,06,23,05
894.0,897.0,Protonotaria citrea,Prothonotary Warbler,0.5248,psl3,2024,06,23,05
111.0,114.0,Phylloscopus occipitalis,Western Crowned Warbler,0.6321,psl3,2024,06,23,06
123.0,126.0,Protonotaria citrea,Prothonotary Warbler,0.9431,psl3,2024,06,23,06
126.0,129.0,Protonotaria citrea,Prothonotary Warbler,0.5004,psl3,2024,06,23,06
129.0,132.0,Protonotaria citrea,Prothonotary Warbler,0.7805,psl3,2024,06,23,06
135.0,138.0,Protonotaria citrea,Prothonotary Warbler,0.5971,psl3,2024,06,23,06
141.0,144.0,Protonotaria citrea,Prothonotary Warbler,0.5532,psl3,2024,06,23,06
159.0,162.0,Protonotaria citrea,Prothonotary Warbler,0.7723,psl3,2024,06,23,06
171.0,174.0,Phylloscopus occipitalis,Western Crowned Warbler,0.569,psl3,2024,06,23,06
213.0,216.0,Protonotaria citrea,Prothonotary Warbler,0.7475,psl3,2024,06,23,06
216.0,219.0,Protonotaria citrea,Prothonotary Warbler,0.6656,psl3,2024,06,23,06
219.0,222.0,Protonotaria citrea,Prothonotary Warbler,0.6153,psl3,2024,06,23,06
228.0,231.0,Protonotaria citrea,Prothonotary Warbler,0.9605,psl3,2024,06,23,06
234.0,237.0,Protonotaria citrea,Prothonotary Warbler,0.8575,psl3,2024,06,23,06
381.0,384.0,Protonotaria citrea,Prothonotary Warbler,0.9198,psl3,2024,06,23,06
384.0,387.0,Protonotaria citrea,Prothonotary Warbler,0.7792,psl3,2024,06,23,06
387.0,390.0,Protonotaria citrea,Prothonotary Warbler,0.6615,psl3,2024,06,23,06
390.0,393.0,Protonotaria citrea,Prothonotary Warbler,0.9635,psl3,2024,06,23,06
405.0,408.0,Protonotaria citrea,Prothonotary Warbler,0.9291,psl3,2024,06,23,06
423.0,426.0,Phylloscopus occipitalis,Western Crowned Warbler,0.5115,psl3,2024,06,23,06
429.0,432.0,Phylloscopus occipitalis,Western Crowned Warbler,0.6011,psl3,2024,06,23,06
435.0,438.0,Phylloscopus occipitalis,Western Crowned Warbler,0.5479,psl3,2024,06,23,06
447.0,450.0,Protonotaria citrea,Prothonotary Warbler,0.8403,psl3,2024,06,23,06
447.0,450.0,Phylloscopus occipitalis,Western Crowned Warbler,0.7636,psl3,2024,06,23,06
450.0,453.0,Protonotaria citrea,Prothonotary Warbler,0.9126,psl3,2024,06,23,06
456.0,459.0,Phylloscopus occipitalis,Western Crowned Warbler,0.8631,psl3,2024,06,23,06
459.0,462.0,Protonotaria citrea,Prothonotary Warbler,0.7101,psl3,2024,06,23,06
609.0,612.0,Anthus trivialis,Tree Pipit,0.6746,psl3,2024,06,23,06
177.0,180.0,Protonotaria citrea,Prothonotary Warbler,0.5147,psl3,2024,06,23,07
180.0,183.0,Protonotaria citrea,Prothonotary Warbler,0.796,psl3,2024,06,23,07
219.0,222.0,Phylloscopus occipitalis,Western Crowned Warbler,0.5917,psl3,2024,06,23,07
225.0,228.0,Phylloscopus occipitalis,Western Crowned Warbler,0.7746,psl3,2024,06,23,07
228.0,231.0,Protonotaria citrea,Prothonotary Warbler,0.8016,psl3,2024,06,23,07
234.0,237.0,Phylloscopus occipitalis,Western Crowned Warbler,0.8055,psl3,2024,06,23,07
237.0,240.0,Protonotaria citrea,Prothonotary Warbler,0.7278,psl3,2024,06,23,07
246.0,249.0,Phylloscopus occipitalis,Western Crowned Warbler,0.9356,psl3,2024,06,23,07
249.0,252.0,Protonotaria citrea,Prothonotary Warbler,0.5051,psl3,2024,06,23,07
258.0,261.0,Phylloscopus occipitalis,Western Crowned Warbler,0.972,psl3,2024,06,23,07
261.0,264.0,Phylloscopus occipitalis,Western Crowned Warbler,0.6321,psl3,2024,06,23,07
267.0,270.0,Phylloscopus occipitalis,Western Crowned Warbler,0.9121,psl3,2024,06,23,07
270.0,273.0,Phylloscopus occipitalis,Western Crowned Warbler,0.9643,psl3,2024,06,23,07
282.0,285.0,Phylloscopus occipitalis,Western Crowned Warbler,0.5887,psl3,2024,06,23,07
291.0,294.0,Phylloscopus occipitalis,Western Crowned Warbler,0.9497,psl3,2024,06,23,07
300.0,303.0,Phylloscopus occipitalis,Western Crowned Warbler,0.7696,psl3,2024,06,23,07
309.0,312.0,Phylloscopus occipitalis,Western Crowned Warbler,0.9609,psl3,2024,06,23,07
312.0,315.0,Protonotaria citrea,Prothonotary Warbler,0.7978,psl3,2024,06,23,07
318.0,321.0,Phylloscopus occipitalis,Western Crowned Warbler,0.9441,psl3,2024,06,23,07
321.0,324.0,Protonotaria citrea,Prothonotary Warbler,0.6113,psl3,2024,06,23,07
330.0,333.0,Phylloscopus occipitalis,Western Crowned Warbler,0.5956,psl3,2024,06,23,07
339.0,342.0,Phylloscopus occipitalis,Western Crowned Warbler,0.9895,psl3,2024,06,23,07
345.0,348.0,Phylloscopus maculipennis,Ashy-throated Warbler,0.7209,psl3,2024,06,23,07
348.0,351.0,Phylloscopus occipitalis,Western Crowned Warbler,0.926,psl3,2024,06,23,07
363.0,366.0,Phylloscopus occipitalis,Western Crowned Warbler,0.9932,psl3,2024,06,23,07
375.0,378.0,Phylloscopus occipitalis,Western Crowned Warbler,0.9163,psl3,2024,06,23,07
375.0,378.0,Phylloscopus sibilatrix,Wood Warbler,0.6139,psl3,2024,06,23,07
378.0,381.0,Phylloscopus occipitalis,Western Crowned Warbler,0.7029,psl3,2024,06,23,07
387.0,390.0,Phylloscopus occipitalis,Western Crowned Warbler,0.9663,psl3,2024,06,23,07
390.0,393.0,Phylloscopus occipitalis,Western Crowned Warbler,0.7296,psl3,2024,06,23,07
396.0,399.0,Phylloscopus occipitalis,Western Crowned Warbler,0.9653,psl3,2024,06,23,07
414.0,417.0,Phylloscopus occipitalis,Western Crowned Warbler,0.8676,psl3,2024,06,23,07
417.0,420.0,Phylloscopus occipitalis,Western Crowned Warbler,0.8994,psl3,2024,06,23,07
423.0,426.0,Phylloscopus occipitalis,Western Crowned Warbler,0.9381,psl3,2024,06,23,07
426.0,429.0,Phylloscopus occipitalis,Western Crowned Warbler,0.9275,psl3,2024,06,23,07
435.0,438.0,Phylloscopus occipitalis,Western Crowned Warbler,0.6629,psl3,2024,06,23,07
447.0,450.0,Phylloscopus occipitalis,Western Crowned Warbler,0.6037,psl3,2024,06,23,07
462.0,465.0,Phylloscopus occipitalis,Western Crowned Warbler,0.7303,psl3,2024,06,23,07
477.0,480.0,Phylloscopus occipitalis,Western Crowned Warbler,0.6196,psl3,2024,06,23,07
555.0,558.0,Larvivora brunnea,Indian Blue Robin,0.9051,psl3,2024,06,23,07
579.0,582.0,Phylloscopus occipitalis,Western Crowned Warbler,0.8835,psl3,2024,06,23,07
579.0,582.0,Protonotaria citrea,Prothonotary Warbler,0.5946,psl3,2024,06,23,07
582.0,585.0,Protonotaria citrea,Prothonotary Warbler,0.7023,psl3,2024,06,23,07
609.0,612.0,Setophaga townsendi,Townsend's Warbler,0.6148,psl3,2024,06,23,07
690.0,693.0,Larvivora brunnea,Indian Blue Robin,0.686,psl3,2024,06,23,07
711.0,714.0,Larvivora brunnea,Indian Blue Robin,0.7528,psl3,2024,06,23,07
714.0,717.0,Troglodytes rufociliatus,Rufous-browed Wren,0.5702,psl3,2024,06,23,07
774.0,777.0,Setophaga townsendi,Townsend's Warbler,0.5602,psl3,2024,06,23,07
798.0,801.0,Larvivora brunnea,Indian Blue Robin,0.7165,psl3,2024,06,23,07
822.0,825.0,Larvivora brunnea,Indian Blue Robin,0.6619,psl3,2024,06,23,07
846.0,849.0,Phylloscopus proregulus,Pallas's Leaf Warbler,0.7843,psl3,2024,06,23,07
888.0,891.0,Larvivora brunnea,Indian Blue Robin,0.9013,psl3,2024,06,23,07
6.0,9.0,Phylloscopus tytleri,Tytler's Leaf Warbler,0.5629,psl3,2024,06,24,05
72.0,75.0,Phylloscopus occipitalis,Western Crowned Warbler,0.8479,psl3,2024,06,24,05
84.0,87.0,Phylloscopus occipitalis,Western Crowned Warbler,0.5927,psl3,2024,06,24,05
120.0,123.0,Protonotaria citrea,Prothonotary Warbler,0.56,psl3,2024,06,24,05
129.0,132.0,Phylloscopus occipitalis,Western Crowned Warbler,0.5281,psl3,2024,06,24,05
171.0,174.0,Phylloscopus tytleri,Tytler's Leaf Warbler,0.5776,psl3,2024,06,24,05
177.0,180.0,Phylloscopus tytleri,Tytler's Leaf Warbler,0.6544,psl3,2024,06,24,05
255.0,258.0,Protonotaria citrea,Prothonotary Warbler,0.5368,psl3,2024,06,24,05
267.0,270.0,Phylloscopus occipitalis,Western Crowned Warbler,0.6058,psl3,2024,06,24,05
282.0,285.0,Phylloscopus occipitalis,Western Crowned Warbler,0.7308,psl3,2024,06,24,05
291.0,294.0,Phylloscopus occipitalis,Western Crowned Warbler,0.6858,psl3,2024,06,24,05
294.0,297.0,Phylloscopus occipitalis,Western Crowned Warbler,0.8608,psl3,2024,06,24,05
303.0,306.0,Phylloscopus occipitalis,Western Crowned Warbler,0.8453,psl3,2024,06,24,05
306.0,309.0,Phylloscopus occipitalis,Western Crowned Warbler,0.7188,psl3,2024,06,24,05
309.0,312.0,Phylloscopus occipitalis,Western Crowned Warbler,0.7938,psl3,2024,06,24,05
315.0,318.0,Phylloscopus occipitalis,Western Crowned Warbler,0.8095,psl3,2024,06,24,05
318.0,321.0,Phylloscopus occipitalis,Western Crowned Warbler,0.8953,psl3,2024,06,24,05
324.0,327.0,Phylloscopus occipitalis,Western Crowned Warbler,0.9057,psl3,2024,06,24,05
327.0,330.0,Phylloscopus reguloides,Blyth's Leaf Warbler,0.512,psl3,2024,06,24,05
345.0,348.0,Phylloscopus occipitalis,Western Crowned Warbler,0.7118,psl3,2024,06,24,05
423.0,426.0,Phylloscopus occipitalis,Western Crowned Warbler,0.6647,psl3,2024,06,24,05
489.0,492.0,Phylloscopus occipitalis,Western Crowned Warbler,0.501,psl3,2024,06,24,05
528.0,531.0,Phylloscopus occipitalis,Western Crowned Warbler,0.566,psl3,2024,06,24,05
585.0,588.0,Phylloscopus occipitalis,Western Crowned Warbler,0.9729,psl3,2024,06,24,05
591.0,594.0,Phylloscopus occipitalis,Western Crowned Warbler,0.8562,psl3,2024,06,24,05
597.0,600.0,Phylloscopus occipitalis,Western Crowned Warbler,0.9501,psl3,2024,06,24,05
603.0,606.0,Phylloscopus occipitalis,Western Crowned Warbler,0.5612,psl3,2024,06,24,05
609.0,612.0,Phylloscopus occipitalis,Western Crowned Warbler,0.7907,psl3,2024,06,24,05
615.0,618.0,Phylloscopus occipitalis,Western Crowned Warbler,0.8343,psl3,2024,06,24,05
621.0,624.0,Protonotaria citrea,Prothonotary Warbler,0.5694,psl3,2024,06,24,05
636.0,639.0,Protonotaria citrea,Prothonotary Warbler,0.6817,psl3,2024,06,24,05
774.0,777.0,Phylloscopus occipitalis,Western Crowned Warbler,0.533,psl3,2024,06,24,05
789.0,792.0,Protonotaria citrea,Prothonotary Warbler,0.569,psl3,2024,06,24,05
801.0,804.0,Protonotaria citrea,Prothonotary Warbler,0.6163,psl3,2024,06,24,05
882.0,885.0,Protonotaria citrea,Prothonotary Warbler,0.5809,psl3,2024,06,24,05
6.0,9.0,Coccothraustes vespertinus,Evening Grosbeak,0.6547,psl3,2024,06,24,06
123.0,126.0,Trochalopteron variegatum,Variegated Laughingthrush,0.9304,psl3,2024,06,24,06
129.0,132.0,Trochalopteron variegatum,Variegated Laughingthrush,0.7555,psl3,2024,06,24,06
132.0,135.0,Trochalopteron variegatum,Variegated Laughingthrush,0.6467,psl3,2024,06,24,06
138.0,141.0,Trochalopteron variegatum,Variegated Laughingthrush,0.6201,psl3,2024,06,24,06
144.0,147.0,Trochalopteron variegatum,Variegated Laughingthrush,0.6028,psl3,2024,06,24,06
153.0,156.0,Trochalopteron variegatum,Variegated Laughingthrush,0.8809,psl3,2024,06,24,06
156.0,159.0,Trochalopteron variegatum,Variegated Laughingthrush,0.9454,psl3,2024,06,24,06
165.0,168.0,Trochalopteron variegatum,Variegated Laughingthrush,0.738,psl3,2024,06,24,06
177.0,180.0,Trochalopteron variegatum,Variegated Laughingthrush,0.5075,psl3,2024,06,24,06
183.0,186.0,Trochalopteron variegatum,Variegated Laughingthrush,0.7096,psl3,2024,06,24,06
192.0,195.0,Trochalopteron variegatum,Variegated Laughingthrush,0.9612,psl3,2024,06,24,06
195.0,198.0,Trochalopteron variegatum,Variegated Laughingthrush,0.9647,psl3,2024,06,24,06
204.0,207.0,Trochalopteron variegatum,Variegated Laughingthrush,0.7253,psl3,2024,06,24,06
210.0,213.0,Trochalopteron variegatum,Variegated Laughingthrush,0.7837,psl3,2024,06,24,06
222.0,225.0,Trochalopteron variegatum,Variegated Laughingthrush,0.6282,psl3,2024,06,24,06
234.0,237.0,Trochalopteron variegatum,Variegated Laughingthrush,0.9249,psl3,2024,06,24,06
240.0,243.0,Trochalopteron variegatum,Variegated Laughingthrush,0.7356,psl3,2024,06,24,06
243.0,246.0,Trochalopteron variegatum,Variegated Laughingthrush,0.7571,psl3,2024,06,24,06
249.0,252.0,Trochalopteron variegatum,Variegated Laughingthrush,0.6642,psl3,2024,06,24,06
258.0,261.0,Trochalopteron variegatum,Variegated Laughingthrush,0.911,psl3,2024,06,24,06
267.0,270.0,Trochalopteron variegatum,Variegated Laughingthrush,0.7967,psl3,2024,06,24,06
327.0,330.0,Trochalopteron variegatum,Variegated Laughingthrush,0.5512,psl3,2024,06,24,06
372.0,375.0,Phylloscopus nitidus,Green Warbler,0.688,psl3,2024,06,24,06
375.0,378.0,Phylloscopus trochiloides,Greenish Warbler,0.5272,psl3,2024,06,24,06
453.0,456.0,Ficedula hypoleuca,European Pied Flycatcher,0.5677,psl3,2024,06,24,06
609.0,612.0,Calidris alpina,Dunlin,0.6026,psl3,2024,06,24,06
702.0,705.0,Calidris alpina,Dunlin,0.7739,psl3,2024,06,24,06
762.0,765.0,Phylloscopus magnirostris,Large-billed Leaf Warbler,0.8921,psl3,2024,06,24,07
807.0,810.0,Protonotaria citrea,Prothonotary Warbler,0.5116,psl3,2024,06,24,07
819.0,822.0,Phylloscopus occipitalis,Western Crowned Warbler,0.7306,psl3,2024,06,24,07
822.0,825.0,Protonotaria citrea,Prothonotary Warbler,0.8457,psl3,2024,06,24,07
834.0,837.0,Phylloscopus occipitalis,Western Crowned Warbler,0.5364,psl3,2024,06,24,07
840.0,843.0,Phylloscopus occipitalis,Western Crowned Warbler,0.7438,psl3,2024,06,24,07
843.0,846.0,Phylloscopus occipitalis,Western Crowned Warbler,0.534,psl3,2024,06,24,07
858.0,861.0,Phylloscopus occipitalis,Western Crowned Warbler,0.966,psl3,2024,06,24,07
861.0,864.0,Phylloscopus occipitalis,Western Crowned Warbler,0.8595,psl3,2024,06,24,07
864.0,867.0,Phylloscopus occipitalis,Western Crowned Warbler,0.7707,psl3,2024,06,24,07
867.0,870.0,Phylloscopus reguloides,Blyth's Leaf Warbler,0.5526,psl3,2024,06,24,07
870.0,873.0,Phylloscopus occipitalis,Western Crowned Warbler,0.7151,psl3,2024,06,24,07
873.0,876.0,Phylloscopus occipitalis,Western Crowned Warbler,0.6667,psl3,2024,06,24,07
876.0,879.0,Phylloscopus occipitalis,Western Crowned Warbler,0.8786,psl3,2024,06,24,07
879.0,882.0,Phylloscopus occipitalis,Western Crowned Warbler,0.5949,psl3,2024,06,24,07
885.0,888.0,Phylloscopus occipitalis,Western Crowned Warbler,0.964,psl3,2024,06,24,07
318.0,321.0,Protonotaria citrea,Prothonotary Warbler,0.5166,psl3,2024,06,25,05
342.0,345.0,Phylloscopus occipitalis,Western Crowned Warbler,0.5322,psl3,2024,06,25,05
390.0,393.0,Basileuterus rufifrons,Rufous-capped Warbler,0.763,psl3,2024,06,25,05
396.0,399.0,Phylloscopus occipitalis,Western Crowned Warbler,0.5263,psl3,2024,06,25,05
408.0,411.0,Protonotaria citrea,Prothonotary Warbler,0.745,psl3,2024,06,25,05
423.0,426.0,Basileuterus rufifrons,Rufous-capped Warbler,0.5654,psl3,2024,06,25,05
450.0,453.0,Phylloscopus occipitalis,Western Crowned Warbler,0.5995,psl3,2024,06,25,05
453.0,456.0,Phylloscopus occipitalis,Western Crowned Warbler,0.5612,psl3,2024,06,25,05
630.0,633.0,Basileuterus rufifrons,Rufous-capped Warbler,0.6635,psl3,2024,06,25,05
633.0,636.0,Phylloscopus tytleri,Tytler's Leaf Warbler,0.5752,psl3,2024,06,25,05
639.0,642.0,Phylloscopus occipitalis,Western Crowned Warbler,0.7581,psl3,2024,06,25,05
642.0,645.0,Phylloscopus occipitalis,Western Crowned Warbler,0.6288,psl3,2024,06,25,05
696.0,699.0,Phylloscopus occipitalis,Western Crowned Warbler,0.5556,psl3,2024,06,25,05
711.0,714.0,Phylloscopus magnirostris,Large-billed Leaf Warbler,0.8492,psl3,2024,06,25,05
717.0,720.0,Phylloscopus occipitalis,Western Crowned Warbler,0.5392,psl3,2024,06,25,05
720.0,723.0,Phylloscopus magnirostris,Large-billed Leaf Warbler,0.8566,psl3,2024,06,25,05
723.0,726.0,Phylloscopus occipitalis,Western Crowned Warbler,0.538,psl3,2024,06,25,05
726.0,729.0,Phylloscopus magnirostris,Large-billed Leaf Warbler,0.7504,psl3,2024,06,25,05
732.0,735.0,Phylloscopus occipitalis,Western Crowned Warbler,0.5424,psl3,2024,06,25,05
738.0,741.0,Phylloscopus magnirostris,Large-billed Leaf Warbler,0.7433,psl3,2024,06,25,05
759.0,762.0,Phylloscopus occipitalis,Western Crowned Warbler,0.6943,psl3,2024,06,25,05
762.0,765.0,Phylloscopus magnirostris,Large-billed Leaf Warbler,0.7718,psl3,2024,06,25,05
768.0,771.0,Phylloscopus occipitalis,Western Crowned Warbler,0.7987,psl3,2024,06,25,05
774.0,777.0,Phylloscopus occipitalis,Western Crowned Warbler,0.5352,psl3,2024,06,25,05
780.0,783.0,Phylloscopus occipitalis,Western Crowned Warbler,0.7825,psl3,2024,06,25,05
783.0,786.0,Phylloscopus occipitalis,Western Crowned Warbler,0.543,psl3,2024,06,25,05
786.0,789.0,Phylloscopus magnirostris,Large-billed Leaf Warbler,0.9079,psl3,2024,06,25,05
792.0,795.0,Phylloscopus magnirostris,Large-billed Leaf Warbler,0.8383,psl3,2024,06,25,05
798.0,801.0,Phylloscopus occipitalis,Western Crowned Warbler,0.5792,psl3,2024,06,25,05
816.0,819.0,Phylloscopus occipitalis,Western Crowned Warbler,0.7234,psl3,2024,06,25,05
819.0,822.0,Protonotaria citrea,Prothonotary Warbler,0.8513,psl3,2024,06,25,05
822.0,825.0,Phylloscopus magnirostris,Large-billed Leaf Warbler,0.8792,psl3,2024,06,25,05
828.0,831.0,Phylloscopus magnirostris,Large-billed Leaf Warbler,0.5218,psl3,2024,06,25,05
834.0,837.0,Phylloscopus occipitalis,Western Crowned Warbler,0.5797,psl3,2024,06,25,05
843.0,846.0,Protonotaria citrea,Prothonotary Warbler,0.7987,psl3,2024,06,25,05
846.0,849.0,Phylloscopus magnirostris,Large-billed Leaf Warbler,0.6811,psl3,2024,06,25,05
852.0,855.0,Phylloscopus magnirostris,Large-billed Leaf Warbler,0.6535,psl3,2024,06,25,05
861.0,864.0,Phylloscopus occipitalis,Western Crowned Warbler,0.5236,psl3,2024,06,25,05
864.0,867.0,Phylloscopus occipitalis,Western Crowned Warbler,0.7581,psl3,2024,06,25,05
876.0,879.0,Phylloscopus magnirostris,Large-billed Leaf Warbler,0.8437,psl3,2024,06,25,05
882.0,885.0,Phylloscopus magnirostris,Large-billed Leaf Warbler,0.8401,psl3,2024,06,25,05
78.0,81.0,Palmeria dolei,Akohekohe,0.8656,psl3,2024,06,25,06
84.0,87.0,Protonotaria citrea,Prothonotary Warbler,0.7497,psl3,2024,06,25,06
165.0,168.0,Myiarchus crinitus,Great Crested Flycatcher,0.6396,psl3,2024,06,25,06
228.0,231.0,Trochalopteron variegatum,Variegated Laughingthrush,0.5952,psl3,2024,06,25,06
651.0,654.0,Mareca penelope,Eurasian Wigeon,0.5265,psl3,2024,06,25,06
33.0,36.0,Phylloscopus magnirostris,Large-billed Leaf Warbler,0.5671,psl3,2024,06,25,07
54.0,57.0,Periparus ater,Coal Tit,0.6071,psl3,2024,06,25,07
90.0,93.0,Phylloscopus trochiloides,Greenish Warbler,0.5034,psl3,2024,06,25,07
105.0,108.0,Phylloscopus nitidus,Green Warbler,0.57,psl3,2024,06,25,07
120.0,123.0,Phylloscopus trochiloides,Greenish Warbler,0.8096,psl3,2024,06,25,07
129.0,132.0,Phylloscopus trochiloides,Greenish Warbler,0.5678,psl3,2024,06,25,07
132.0,135.0,Phylloscopus reguloides,Blyth's Leaf Warbler,0.5154,psl3,2024,06,25,07
144.0,147.0,Phylloscopus nitidus,Green Warbler,0.7917,psl3,2024,06,25,07
144.0,147.0,Phylloscopus magnirostris,Large-billed Leaf Warbler,0.6184,psl3,2024,06,25,07
144.0,147.0,Phylloscopus trochiloides,Greenish Warbler,0.5567,psl3,2024,06,25,07
171.0,174.0,Phylloscopus magnirostris,Large-billed Leaf Warbler,0.9468,psl3,2024,06,25,07
171.0,174.0,Phylloscopus nitidus,Green Warbler,0.844,psl3,2024,06,25,07
297.0,300.0,Phylloscopus magnirostris,Large-billed Leaf Warbler,0.9603,psl3,2024,06,25,07
303.0,306.0,Phylloscopus magnirostris,Large-billed Leaf Warbler,0.5579,psl3,2024,06,25,07
315.0,318.0,Phylloscopus magnirostris,Large-billed Leaf Warbler,0.95,psl3,2024,06,25,07
324.0,327.0,Phylloscopus magnirostris,Large-billed Leaf Warbler,0.5084,psl3,2024,06,25,07
333.0,336.0,Phylloscopus magnirostris,Large-billed Leaf Warbler,0.9975,psl3,2024,06,25,07
336.0,339.0,Phylloscopus magnirostris,Large-billed Leaf Warbler,0.6062,psl3,2024,06,25,07
339.0,342.0,Phylloscopus magnirostris,Large-billed Leaf Warbler,0.9992,psl3,2024,06,25,07
345.0,348.0,Phylloscopus magnirostris,Large-billed Leaf Warbler,0.9946,psl3,2024,06,25,07
354.0,357.0,Phylloscopus magnirostris,Large-billed Leaf Warbler,0.9996,psl3,2024,06,25,07
360.0,363.0,Phylloscopus magnirostris,Large-billed Leaf Warbler,0.9975,psl3,2024,06,25,07
366.0,369.0,Phylloscopus magnirostris,Large-billed Leaf Warbler,0.9936,psl3,2024,06,25,07
369.0,372.0,Poecile montanus,Willow Tit,0.5594,psl3,2024,06,25,07
372.0,375.0,Phylloscopus magnirostris,Large-billed Leaf Warbler,0.9868,psl3,2024,06,25,07
375.0,378.0,Phylloscopus magnirostris,Large-billed Leaf Warbler,0.927,psl3,2024,06,25,07
375.0,378.0,Cyanolyca armillata,Black-collared Jay,0.5259,psl3,2024,06,25,07
378.0,381.0,Phylloscopus magnirostris,Large-billed Leaf Warbler,0.7053,psl3,2024,06,25,07
381.0,384.0,Phylloscopus magnirostris,Large-billed Leaf Warbler,0.9954,psl3,2024,06,25,07
387.0,390.0,Phylloscopus magnirostris,Large-billed Leaf Warbler,0.9967,psl3,2024,06,25,07
393.0,396.0,Phylloscopus magnirostris,Large-billed Leaf Warbler,0.9695,psl3,2024,06,25,07
396.0,399.0,Phylloscopus magnirostris,Large-billed Leaf Warbler,0.9958,psl3,2024,06,25,07
606.0,609.0,Calidris alpina,Dunlin,0.7516,psl3,2024,06,25,07
9.0,12.0,Prinia socialis,Ashy Prinia,0.6715,psl3,2024,06,26,05
30.0,33.0,Phylloscopus occipitalis,Western Crowned Warbler,0.5573,psl3,2024,06,26,05
90.0,93.0,Basileuterus rufifrons,Rufous-capped Warbler,0.6584,psl3,2024,06,26,05
96.0,99.0,Melozone leucotis,White-eared Ground-Sparrow,0.673,psl3,2024,06,26,05
129.0,132.0,Phylloscopus occipitalis,Western Crowned Warbler,0.5164,psl3,2024,06,26,05
282.0,285.0,Phylloscopus occipitalis,Western Crowned Warbler,0.7138,psl3,2024,06,26,05
288.0,291.0,Phylloscopus occipitalis,Western Crowned Warbler,0.6653,psl3,2024,06,26,05
318.0,321.0,Phylloscopus occipitalis,Western Crowned Warbler,0.7606,psl3,2024,06,26,05
324.0,327.0,Phylloscopus occipitalis,Western Crowned Warbler,0.6674,psl3,2024,06,26,05
345.0,348.0,Protonotaria citrea,Prothonotary Warbler,0.5926,psl3,2024,06,26,05
354.0,357.0,Phylloscopus occipitalis,Western Crowned Warbler,0.9739,psl3,2024,06,26,05
360.0,363.0,Phylloscopus occipitalis,Western Crowned Warbler,0.9517,psl3,2024,06,26,05
366.0,369.0,Phylloscopus occipitalis,Western Crowned Warbler,0.9465,psl3,2024,06,26,05
375.0,378.0,Phylloscopus occipitalis,Western Crowned Warbler,0.9775,psl3,2024,06,26,05
387.0,390.0,Phylloscopus occipitalis,Western Crowned Warbler,0.5347,psl3,2024,06,26,05
396.0,399.0,Phylloscopus occipitalis,Western Crowned Warbler,0.6837,psl3,2024,06,26,05
402.0,405.0,Phylloscopus occipitalis,Western Crowned Warbler,0.9322,psl3,2024,06,26,05
414.0,417.0,Phylloscopus occipitalis,Western Crowned Warbler,0.5485,psl3,2024,06,26,05
423.0,426.0,Phylloscopus occipitalis,Western Crowned Warbler,0.6734,psl3,2024,06,26,05
423.0,426.0,Protonotaria citrea,Prothonotary Warbler,0.5331,psl3,2024,06,26,05
429.0,432.0,Phylloscopus occipitalis,Western Crowned Warbler,0.9354,psl3,2024,06,26,05
435.0,438.0,Phylloscopus occipitalis,Western Crowned Warbler,0.9351,psl3,2024,06,26,05
450.0,453.0,Phylloscopus occipitalis,Western Crowned Warbler,0.8383,psl3,2024,06,26,05
468.0,471.0,Phylloscopus occipitalis,Western Crowned Warbler,0.8848,psl3,2024,06,26,05
477.0,480.0,Phylloscopus occipitalis,Western Crowned Warbler,0.8221,psl3,2024,06,26,05
486.0,489.0,Phylloscopus occipitalis,Western Crowned Warbler,0.9317,psl3,2024,06,26,05
492.0,495.0,Phylloscopus occipitalis,Western Crowned Warbler,0.9044,psl3,2024,06,26,05
495.0,498.0,Phylloscopus reguloides,Blyth's Leaf Warbler,0.5136,psl3,2024,06,26,05
516.0,519.0,Phylloscopus occipitalis,Western Crowned Warbler,0.732,psl3,2024,06,26,05
525.0,528.0,Phylloscopus occipitalis,Western Crowned Warbler,0.7656,psl3,2024,06,26,05
570.0,573.0,Basileuterus rufifrons,Rufous-capped Warbler,0.6329,psl3,2024,06,26,05
597.0,600.0,Phylloscopus occipitalis,Western Crowned Warbler,0.9474,psl3,2024,06,26,05
603.0,606.0,Phylloscopus occipitalis,Western Crowned Warbler,0.599,psl3,2024,06,26,05
606.0,609.0,Protonotaria citrea,Prothonotary Warbler,0.7734,psl3,2024,06,26,05
651.0,654.0,Phylloscopus magnirostris,Large-billed Leaf Warbler,0.9914,psl3,2024,06,26,05
654.0,657.0,Phylloscopus magnirostris,Large-billed Leaf Warbler,0.9695,psl3,2024,06,26,05
657.0,660.0,Phylloscopus magnirostris,Large-billed Leaf Warbler,0.9961,psl3,2024,06,26,05
660.0,663.0,Phylloscopus magnirostris,Large-billed Leaf Warbler,0.9979,psl3,2024,06,26,05
666.0,669.0,Phylloscopus magnirostris,Large-billed Leaf Warbler,0.9924,psl3,2024,06,26,05
672.0,675.0,Phylloscopus magnirostris,Large-billed Leaf Warbler,0.9991,psl3,2024,06,26,05
675.0,678.0,Phylloscopus magnirostris,Large-billed Leaf Warbler,0.9856,psl3,2024,06,26,05
678.0,681.0,Phylloscopus magnirostris,Large-billed Leaf Warbler,0.9739,psl3,2024,06,26,05
681.0,684.0,Phylloscopus magnirostris,Large-billed Leaf Warbler,0.9867,psl3,2024,06,26,05
687.0,690.0,Phylloscopus magnirostris,Large-billed Leaf Warbler,0.9974,psl3,2024,06,26,05
693.0,696.0,Phylloscopus magnirostris,Large-billed Leaf Warbler,0.9987,psl3,2024,06,26,05
699.0,702.0,Phylloscopus magnirostris,Large-billed Leaf Warbler,0.9811,psl3,2024,06,26,05
705.0,708.0,Phylloscopus magnirostris,Large-billed Leaf Warbler,0.9996,psl3,2024,06,26,05
711.0,714.0,Phylloscopus magnirostris,Large-billed Leaf Warbler,0.5801,psl3,2024,06,26,05
717.0,720.0,Phylloscopus magnirostris,Large-billed Leaf Warbler,0.9984,psl3,2024,06,26,05
738.0,741.0,Phylloscopus nitidus,Green Warbler,0.5086,psl3,2024,06,26,05
774.0,777.0,Phylloscopus nitidus,Green Warbler,0.6182,psl3,2024,06,26,05
831.0,834.0,Phylloscopus occipitalis,Western Crowned Warbler,0.8894,psl3,2024,06,26,05
837.0,840.0,Phylloscopus occipitalis,Western Crowned Warbler,0.8748,psl3,2024,06,26,05
846.0,849.0,Phylloscopus occipitalis,Western Crowned Warbler,0.7371,psl3,2024,06,26,05
852.0,855.0,Phylloscopus occipitalis,Western Crowned Warbler,0.9723,psl3,2024,06,26,05
858.0,861.0,Phylloscopus occipitalis,Western Crowned Warbler,0.7257,psl3,2024,06,26,05
858.0,861.0,Protonotaria citrea,Prothonotary Warbler,0.6163,psl3,2024,06,26,05
867.0,870.0,Phylloscopus occipitalis,Western Crowned Warbler,0.9794,psl3,2024,06,26,05
891.0,894.0,Phylloscopus occipitalis,Western Crowned Warbler,0.9515,psl3,2024,06,26,05
897.0,900.0,Phylloscopus occipitalis,Western Crowned Warbler,0.9479,psl3,2024,06,26,05
36.0,39.0,Anthus hodgsoni,Olive-backed Pipit,0.6644,psl3,2024,06,26,06
3.0,6.0,Phylloscopus magnirostris,Large-billed Leaf Warbler,0.6444,psl3,2024,06,26,07
252.0,255.0,Larvivora brunnea,Indian Blue Robin,0.8699,psl3,2024,06,26,07
270.0,273.0,Larvivora brunnea,Indian Blue Robin,0.9579,psl3,2024,06,26,07
288.0,291.0,Larvivora brunnea,Indian Blue Robin,0.8807,psl3,2024,06,26,07
294.0,297.0,Setophaga townsendi,Townsend's Warbler,0.5332,psl3,2024,06,26,07
300.0,303.0,Larvivora brunnea,Indian Blue Robin,0.5157,psl3,2024,06,26,07
321.0,324.0,Zonotrichia capensis,Rufous-collared Sparrow,0.5106,psl3,2024,06,26,07
327.0,330.0,Larvivora brunnea,Indian Blue Robin,0.718,psl3,2024,06,26,07
333.0,336.0,Larvivora brunnea,Indian Blue Robin,0.9186,psl3,2024,06,26,07
351.0,354.0,Larvivora brunnea,Indian Blue Robin,0.7961,psl3,2024,06,26,07
354.0,357.0,Larvivora brunnea,Indian Blue Robin,0.9095,psl3,2024,06,26,07
363.0,366.0,Larvivora brunnea,Indian Blue Robin,0.9837,psl3,2024,06,26,07
378.0,381.0,Larvivora brunnea,Indian Blue Robin,0.9918,psl3,2024,06,26,07
378.0,381.0,Larvivora cyane,Siberian Blue Robin,0.7436,psl3,2024,06,26,07
393.0,396.0,Larvivora brunnea,Indian Blue Robin,0.9709,psl3,2024,06,26,07
411.0,414.0,Larvivora brunnea,Indian Blue Robin,0.9917,psl3,2024,06,26,07
417.0,420.0,Actitis hypoleucos,Common Sandpiper,0.7475,psl3,2024,06,26,07
423.0,426.0,Larvivora brunnea,Indian Blue Robin,0.9621,psl3,2024,06,26,07
432.0,435.0,Larvivora brunnea,Indian Blue Robin,0.9861,psl3,2024,06,26,07
435.0,438.0,Larvivora brunnea,Indian Blue Robin,0.9987,psl3,2024,06,26,07
444.0,447.0,Larvivora brunnea,Indian Blue Robin,0.7348,psl3,2024,06,26,07
453.0,456.0,Larvivora brunnea,Indian Blue Robin,0.6105,psl3,2024,06,26,07
456.0,459.0,Larvivora brunnea,Indian Blue Robin,0.9773,psl3,2024,06,26,07
459.0,462.0,Larvivora brunnea,Indian Blue Robin,0.9786,psl3,2024,06,26,07
468.0,471.0,Larvivora brunnea,Indian Blue Robin,0.8473,psl3,2024,06,26,07
471.0,474.0,Larvivora brunnea,Indian Blue Robin,0.8084,psl3,2024,06,26,07
480.0,483.0,Larvivora brunnea,Indian Blue Robin,0.6223,psl3,2024,06,26,07
486.0,489.0,Larvivora brunnea,Indian Blue Robin,0.9148,psl3,2024,06,26,07
498.0,501.0,Larvivora brunnea,Indian Blue Robin,0.9322,psl3,2024,06,26,07
498.0,501.0,Larvivora cyane,Siberian Blue Robin,0.5721,psl3,2024,06,26,07
504.0,507.0,Larvivora brunnea,Indian Blue Robin,0.6174,psl3,2024,06,26,07
513.0,516.0,Larvivora brunnea,Indian Blue Robin,0.9974,psl3,2024,06,26,07
528.0,531.0,Larvivora brunnea,Indian Blue Robin,0.9538,psl3,2024,06,26,07
546.0,549.0,Larvivora brunnea,Indian Blue Robin,0.9801,psl3,2024,06,26,07
561.0,564.0,Larvivora brunnea,Indian Blue Robin,0.7485,psl3,2024,06,26,07
576.0,579.0,Larvivora brunnea,Indian Blue Robin,0.9895,psl3,2024,06,26,07
591.0,594.0,Larvivora brunnea,Indian Blue Robin,0.8842,psl3,2024,06,26,07
609.0,612.0,Larvivora brunnea,Indian Blue Robin,0.9879,psl3,2024,06,26,07
654.0,657.0,Larvivora brunnea,Indian Blue Robin,0.6889,psl3,2024,06,26,07
657.0,660.0,Larvivora brunnea,Indian Blue Robin,0.9918,psl3,2024,06,26,07
699.0,702.0,Larvivora brunnea,Indian Blue Robin,0.8392,psl3,2024,06,26,07
702.0,705.0,Larvivora brunnea,Indian Blue Robin,0.7124,psl3,2024,06,26,07
723.0,726.0,Larvivora brunnea,Indian Blue Robin,0.9928,psl3,2024,06,26,07
735.0,738.0,Larvivora brunnea,Indian Blue Robin,0.9618,psl3,2024,06,26,07
738.0,741.0,Larvivora brunnea,Indian Blue Robin,0.7086,psl3,2024,06,26,07
771.0,774.0,Larvivora brunnea,Indian Blue Robin,0.988,psl3,2024,06,26,07
780.0,783.0,Phylloscopus magnirostris,Large-billed Leaf Warbler,0.5139,psl3,2024,06,26,07
786.0,789.0,Phylloscopus magnirostris,Large-billed Leaf Warbler,0.6408,psl3,2024,06,26,07
798.0,801.0,Phylloscopus magnirostris,Large-billed Leaf Warbler,0.9836,psl3,2024,06,26,07
807.0,810.0,Phylloscopus magnirostris,Large-billed Leaf Warbler,0.5647,psl3,2024,06,26,07
813.0,816.0,Phylloscopus magnirostris,Large-billed Leaf Warbler,0.5772,psl3,2024,06,26,07
816.0,819.0,Larvivora brunnea,Indian Blue Robin,0.9231,psl3,2024,06,26,07
828.0,831.0,Phylloscopus magnirostris,Large-billed Leaf Warbler,0.8789,psl3,2024,06,26,07
837.0,840.0,Zonotrichia albicollis,White-throated Sparrow,0.5347,psl3,2024,06,26,07
849.0,852.0,Larvivora brunnea,Indian Blue Robin,0.9907,psl3,2024,06,26,07
885.0,888.0,Phylloscopus magnirostris,Large-billed Leaf Warbler,0.9212,psl3,2024,06,26,07
894.0,897.0,Phylloscopus magnirostris,Large-billed Leaf Warbler,0.5452,psl3,2024,06,26,07
135.0,138.0,Phylloscopus nitidus,Green Warbler,0.8672,psl3,2024,06,27,05
141.0,144.0,Phylloscopus tytleri,Tytler's Leaf Warbler,0.5684,psl3,2024,06,27,05
147.0,150.0,Phylloscopus tytleri,Tytler's Leaf Warbler,0.6491,psl3,2024,06,27,05
150.0,153.0,Phylloscopus nitidus,Green Warbler,0.7289,psl3,2024,06,27,05
165.0,168.0,Phylloscopus nitidus,Green Warbler,0.7665,psl3,2024,06,27,05
333.0,336.0,Phylloscopus nitidus,Green Warbler,0.7061,psl3,2024,06,27,05
342.0,345.0,Phylloscopus borealis,Arctic Warbler,0.8167,psl3,2024,06,27,05
537.0,540.0,Phylloscopus nitidus,Green Warbler,0.9638,psl3,2024,06,27,05
537.0,540.0,Phylloscopus trochiloides,Greenish Warbler,0.5504,psl3,2024,06,27,05
552.0,555.0,Phylloscopus occipitalis,Western Crowned Warbler,0.6081,psl3,2024,06,27,05
636.0,639.0,Phylloscopus occipitalis,Western Crowned Warbler,0.8153,psl3,2024,06,27,05
648.0,651.0,Phylloscopus occipitalis,Western Crowned Warbler,0.582,psl3,2024,06,27,05
762.0,765.0,Phylloscopus occipitalis,Western Crowned Warbler,0.8249,psl3,2024,06,27,05
786.0,789.0,Phylloscopus occipitalis,Western Crowned Warbler,0.5498,psl3,2024,06,27,05
819.0,822.0,Phylloscopus nitidus,Green Warbler,0.5065,psl3,2024,06,27,05
831.0,834.0,Phylloscopus nitidus,Green Warbler,0.9182,psl3,2024,06,27,05
846.0,849.0,Phylloscopus occipitalis,Western Crowned Warbler,0.7305,psl3,2024,06,27,05
879.0,882.0,Phylloscopus occipitalis,Western Crowned Warbler,0.6494,psl3,2024,06,27,05
882.0,885.0,Phylloscopus occipitalis,Western Crowned Warbler,0.6687,psl3,2024,06,27,05
891.0,894.0,Phylloscopus occipitalis,Western Crowned Warbler,0.7546,psl3,2024,06,27,05
894.0,897.0,Phylloscopus occipitalis,Western Crowned Warbler,0.6954,psl3,2024,06,27,05
897.0,900.0,Phylloscopus occipitalis,Western Crowned Warbler,0.5765,psl3,2024,06,27,05
264.0,267.0,Spinus spinus,Eurasian Siskin,0.7799,psl3,2024,06,27,06
273.0,276.0,Trochalopteron variegatum,Variegated Laughingthrush,0.8497,psl3,2024,06,27,06
306.0,309.0,Trochalopteron variegatum,Variegated Laughingthrush,0.8296,psl3,2024,06,27,06
318.0,321.0,Trochalopteron variegatum,Variegated Laughingthrush,0.9238,psl3,2024,06,27,06
324.0,327.0,Trochalopteron variegatum,Variegated Laughingthrush,0.9516,psl3,2024,06,27,06
327.0,330.0,Trochalopteron variegatum,Variegated Laughingthrush,0.9601,psl3,2024,06,27,06
336.0,339.0,Trochalopteron variegatum,Variegated Laughingthrush,0.611,psl3,2024,06,27,06
339.0,342.0,Trochalopteron variegatum,Variegated Laughingthrush,0.9858,psl3,2024,06,27,06
357.0,360.0,Trochalopteron variegatum,Variegated Laughingthrush,0.918,psl3,2024,06,27,06
363.0,366.0,Trochalopteron variegatum,Variegated Laughingthrush,0.6162,psl3,2024,06,27,06
366.0,369.0,Trochalopteron variegatum,Variegated Laughingthrush,0.9596,psl3,2024,06,27,06
384.0,387.0,Trochalopteron variegatum,Variegated Laughingthrush,0.9642,psl3,2024,06,27,06
387.0,390.0,Trochalopteron variegatum,Variegated Laughingthrush,0.823,psl3,2024,06,27,06
393.0,396.0,Trochalopteron variegatum,Variegated Laughingthrush,0.8736,psl3,2024,06,27,06
405.0,408.0,Trochalopteron variegatum,Variegated Laughingthrush,0.7701,psl3,2024,06,27,06
408.0,411.0,Tringa erythropus,Spotted Redshank,0.73,psl3,2024,06,27,06
414.0,417.0,Trochalopteron variegatum,Variegated Laughingthrush,0.9578,psl3,2024,06,27,06
420.0,423.0,Trochalopteron variegatum,Variegated Laughingthrush,0.5473,psl3,2024,06,27,06
423.0,426.0,Tringa erythropus,Spotted Redshank,0.8178,psl3,2024,06,27,06
426.0,429.0,Trochalopteron variegatum,Variegated Laughingthrush,0.9673,psl3,2024,06,27,06
435.0,438.0,Trochalopteron variegatum,Variegated Laughingthrush,0.6245,psl3,2024,06,27,06
438.0,441.0,Tringa erythropus,Spotted Redshank,0.5783,psl3,2024,06,27,06
441.0,444.0,Trochalopteron variegatum,Variegated Laughingthrush,0.9175,psl3,2024,06,27,06
447.0,450.0,Trochalopteron variegatum,Variegated Laughingthrush,0.6277,psl3,2024,06,27,06
453.0,456.0,Trochalopteron variegatum,Variegated Laughingthrush,0.9577,psl3,2024,06,27,06
456.0,459.0,Tringa erythropus,Spotted Redshank,0.8584,psl3,2024,06,27,06
465.0,468.0,Trochalopteron variegatum,Variegated Laughingthrush,0.6984,psl3,2024,06,27,06
474.0,477.0,Tringa erythropus,Spotted Redshank,0.588,psl3,2024,06,27,06
480.0,483.0,Tringa erythropus,Spotted Redshank,0.9494,psl3,2024,06,27,06
492.0,495.0,Tringa erythropus,Spotted Redshank,0.7503,psl3,2024,06,27,06
519.0,522.0,Tringa erythropus,Spotted Redshank,0.6946,psl3,2024,06,27,06
528.0,531.0,Tringa erythropus,Spotted Redshank,0.6862,psl3,2024,06,27,06
531.0,534.0,Tringa erythropus,Spotted Redshank,0.6924,psl3,2024,06,27,06
564.0,567.0,Tringa erythropus,Spotted Redshank,0.9433,psl3,2024,06,27,06
573.0,576.0,Tringa erythropus,Spotted Redshank,0.7079,psl3,2024,06,27,06
618.0,621.0,Tringa erythropus,Spotted Redshank,0.9349,psl3,2024,06,27,06
651.0,654.0,Tringa erythropus,Spotted Redshank,0.6096,psl3,2024,06,27,06
669.0,672.0,Tringa erythropus,Spotted Redshank,0.7767,psl3,2024,06,27,06
705.0,708.0,Tringa erythropus,Spotted Redshank,0.525,psl3,2024,06,27,06
708.0,711.0,Tringa erythropus,Spotted Redshank,0.7271,psl3,2024,06,27,06
726.0,729.0,Tringa erythropus,Spotted Redshank,0.7216,psl3,2024,06,27,06
738.0,741.0,Tringa erythropus,Spotted Redshank,0.7968,psl3,2024,06,27,06
804.0,807.0,Tringa erythropus,Spotted Redshank,0.5826,psl3,2024,06,27,06
807.0,810.0,Trochalopteron variegatum,Variegated Laughingthrush,0.9371,psl3,2024,06,27,06
810.0,813.0,Trochalopteron variegatum,Variegated Laughingthrush,0.8079,psl3,2024,06,27,06
822.0,825.0,Trochalopteron variegatum,Variegated Laughingthrush,0.5893,psl3,2024,06,27,06
849.0,852.0,Trochalopteron variegatum,Variegated Laughingthrush,0.9367,psl3,2024,06,27,06
852.0,855.0,Trochalopteron elliotii,Elliot's Laughingthrush,0.6762,psl3,2024,06,27,06
867.0,870.0,Trochalopteron variegatum,Variegated Laughingthrush,0.9788,psl3,2024,06,27,06
879.0,882.0,Trochalopteron variegatum,Variegated Laughingthrush,0.9918,psl3,2024,06,27,06
885.0,888.0,Tringa erythropus,Spotted Redshank,0.6581,psl3,2024,06,27,06
39.0,42.0,Larvivora brunnea,Indian Blue Robin,0.9585,psl3,2024,06,27,07
57.0,60.0,Larvivora brunnea,Indian Blue Robin,0.9897,psl3,2024,06,27,07
120.0,123.0,Larvivora brunnea,Indian Blue Robin,0.5604,psl3,2024,06,27,07
132.0,135.0,Larvivora brunnea,Indian Blue Robin,0.8054,psl3,2024,06,27,07
147.0,150.0,Larvivora brunnea,Indian Blue Robin,0.9568,psl3,2024,06,27,07
165.0,168.0,Larvivora brunnea,Indian Blue Robin,0.8433,psl3,2024,06,27,07
204.0,207.0,Larvivora brunnea,Indian Blue Robin,0.7558,psl3,2024,06,27,07
225.0,228.0,Larvivora brunnea,Indian Blue Robin,0.9832,psl3,2024,06,27,07
237.0,240.0,Larvivora brunnea,Indian Blue Robin,0.8911,psl3,2024,06,27,07
255.0,258.0,Larvivora brunnea,Indian Blue Robin,0.9541,psl3,2024,06,27,07
315.0,318.0,Phylloscopus occipitalis,Western Crowned Warbler,0.5568,psl3,2024,06,27,07
321.0,324.0,Phylloscopus occipitalis,Western Crowned Warbler,0.6127,psl3,2024,06,27,07
627.0,630.0,Calidris alpina,Dunlin,0.5852,psl3,2024,06,27,07
744.0,747.0,Calidris alpina,Dunlin,0.8283,psl3,2024,06,27,07
849.0,852.0,Coccothraustes vespertinus,Evening Grosbeak,0.5919,psl3,2024,06,27,07
0.0,3.0,Larvivora brunnea,Indian Blue Robin,0.5981,psl3,2024,06,28,05
18.0,21.0,Larvivora brunnea,Indian Blue Robin,0.9118,psl3,2024,06,28,05
102.0,105.0,Phylloscopus nitidus,Green Warbler,0.6401,psl3,2024,06,28,05
141.0,144.0,Phylloscopus nitidus,Green Warbler,0.5447,psl3,2024,06,28,05
153.0,156.0,Phylloscopus magnirostris,Large-billed Leaf Warbler,0.6284,psl3,2024,06,28,05
294.0,297.0,Phylloscopus occipitalis,Western Crowned Warbler,0.7174,psl3,2024,06,28,05
363.0,366.0,Larvivora brunnea,Indian Blue Robin,0.5392,psl3,2024,06,28,05
369.0,372.0,Phylloscopus nitidus,Green Warbler,0.7388,psl3,2024,06,28,05
369.0,372.0,Phylloscopus trochiloides,Greenish Warbler,0.5716,psl3,2024,06,28,05
384.0,387.0,Larvivora brunnea,Indian Blue Robin,0.8572,psl3,2024,06,28,05
405.0,408.0,Phylloscopus occipitalis,Western Crowned Warbler,0.5237,psl3,2024,06,28,05
414.0,417.0,Phylloscopus reguloides,Blyth's Leaf Warbler,0.6124,psl3,2024,06,28,05
417.0,420.0,Phylloscopus reguloides,Blyth's Leaf Warbler,0.614,psl3,2024,06,28,05
441.0,444.0,Larvivora brunnea,Indian Blue Robin,0.7355,psl3,2024,06,28,05
459.0,462.0,Protonotaria citrea,Prothonotary Warbler,0.5803,psl3,2024,06,28,05
489.0,492.0,Phylloscopus nitidus,Green Warbler,0.7585,psl3,2024,06,28,05
513.0,516.0,Phylloscopus occipitalis,Western Crowned Warbler,0.569,psl3,2024,06,28,05
525.0,528.0,Phylloscopus occipitalis,Western Crowned Warbler,0.905,psl3,2024,06,28,05
528.0,531.0,Phylloscopus occipitalis,Western Crowned Warbler,0.5679,psl3,2024,06,28,05
552.0,555.0,Phylloscopus occipitalis,Western Crowned Warbler,0.9845,psl3,2024,06,28,05
558.0,561.0,Phylloscopus nitidus,Green Warbler,0.632,psl3,2024,06,28,05
576.0,579.0,Phylloscopus occipitalis,Western Crowned Warbler,0.8836,psl3,2024,06,28,05
582.0,585.0,Phylloscopus occipitalis,Western Crowned Warbler,0.6478,psl3,2024,06,28,05
621.0,624.0,Phylloscopus occipitalis,Western Crowned Warbler,0.5581,psl3,2024,06,28,05
630.0,633.0,Phylloscopus occipitalis,Western Crowned Warbler,0.5661,psl3,2024,06,28,05
630.0,633.0,Phylloscopus tytleri,Tytler's Leaf Warbler,0.5396,psl3,2024,06,28,05
642.0,645.0,Phylloscopus occipitalis,Western Crowned Warbler,0.8952,psl3,2024,06,28,05
651.0,654.0,Phylloscopus occipitalis,Western Crowned Warbler,0.8055,psl3,2024,06,28,05
654.0,657.0,Phylloscopus occipitalis,Western Crowned Warbler,0.7683,psl3,2024,06,28,05
660.0,663.0,Phylloscopus occipitalis,Western Crowned Warbler,0.7744,psl3,2024,06,28,05
669.0,672.0,Phylloscopus occipitalis,Western Crowned Warbler,0.7927,psl3,2024,06,28,05
672.0,675.0,Phylloscopus occipitalis,Western Crowned Warbler,0.5523,psl3,2024,06,28,05
675.0,678.0,Larvivora brunnea,Indian Blue Robin,0.8663,psl3,2024,06,28,05
678.0,681.0,Phylloscopus occipitalis,Western Crowned Warbler,0.6612,psl3,2024,06,28,05
720.0,723.0,Phylloscopus occipitalis,Western Crowned Warbler,0.859,psl3,2024,06,28,05
723.0,726.0,Larvivora brunnea,Indian Blue Robin,0.5214,psl3,2024,06,28,05
729.0,732.0,Phylloscopus occipitalis,Western Crowned Warbler,0.8972,psl3,2024,06,28,05
732.0,735.0,Phylloscopus occipitalis,Western Crowned Warbler,0.9598,psl3,2024,06,28,05
732.0,735.0,Protonotaria citrea,Prothonotary Warbler,0.5858,psl3,2024,06,28,05
735.0,738.0,Phylloscopus occipitalis,Western Crowned Warbler,0.5511,psl3,2024,06,28,05
741.0,744.0,Phylloscopus occipitalis,Western Crowned Warbler,0.828,psl3,2024,06,28,05
741.0,744.0,Phylloscopus tytleri,Tytler's Leaf Warbler,0.5427,psl3,2024,06,28,05
750.0,753.0,Phylloscopus occipitalis,Western Crowned Warbler,0.9386,psl3,2024,06,28,05
753.0,756.0,Phylloscopus occipitalis,Western Crowned Warbler,0.6421,psl3,2024,06,28,05
756.0,759.0,Phylloscopus occipitalis,Western Crowned Warbler,0.9246,psl3,2024,06,28,05
762.0,765.0,Phylloscopus occipitalis,Western Crowned Warbler,0.9627,psl3,2024,06,28,05
765.0,768.0,Phylloscopus tytleri,Tytler's Leaf Warbler,0.7135,psl3,2024,06,28,05
783.0,786.0,Phylloscopus occipitalis,Western Crowned Warbler,0.5203,psl3,2024,06,28,05
822.0,825.0,Phylloscopus occipitalis,Western Crowned Warbler,0.5002,psl3,2024,06,28,05
882.0,885.0,Setophaga townsendi,Townsend's Warbler,0.5945,psl3,2024,06,28,05
12.0,15.0,Setophaga townsendi,Townsend's Warbler,0.5438,psl3,2024,06,28,06
54.0,57.0,Setophaga townsendi,Townsend's Warbler,0.6248,psl3,2024,06,28,06
69.0,72.0,Setophaga townsendi,Townsend's Warbler,0.866,psl3,2024,06,28,06
84.0,87.0,Larvivora brunnea,Indian Blue Robin,0.7221,psl3,2024,06,28,06
102.0,105.0,Larvivora brunnea,Indian Blue Robin,0.7085,psl3,2024,06,28,06
153.0,156.0,Larvivora brunnea,Indian Blue Robin,0.5147,psl3,2024,06,28,06
183.0,186.0,Larvivora brunnea,Indian Blue Robin,0.5711,psl3,2024,06,28,06
186.0,189.0,Larvivora brunnea,Indian Blue Robin,0.7829,psl3,2024,06,28,06
216.0,219.0,Larvivora brunnea,Indian Blue Robin,0.7443,psl3,2024,06,28,06
291.0,294.0,Phylloscopus occipitalis,Western Crowned Warbler,0.5597,psl3,2024,06,28,06
354.0,357.0,Setophaga townsendi,Townsend's Warbler,0.6083,psl3,2024,06,28,06
396.0,399.0,Cyanopica cooki,Iberian Magpie,0.6405,psl3,2024,06,28,06
432.0,435.0,Trochalopteron variegatum,Variegated Laughingthrush,0.7106,psl3,2024,06,28,06
441.0,444.0,Cyanopica cooki,Iberian Magpie,0.7691,psl3,2024,06,28,06
480.0,483.0,Trochalopteron variegatum,Variegated Laughingthrush,0.6459,psl3,2024,06,28,06
495.0,498.0,Phylloscopus occipitalis,Western Crowned Warbler,0.8698,psl3,2024,06,28,06
504.0,507.0,Phylloscopus occipitalis,Western Crowned Warbler,0.9513,psl3,2024,06,28,06
507.0,510.0,Phylloscopus occipitalis,Western Crowned Warbler,0.7386,psl3,2024,06,28,06
513.0,516.0,Phylloscopus occipitalis,Western Crowned Warbler,0.632,psl3,2024,06,28,06
525.0,528.0,Phylloscopus occipitalis,Western Crowned Warbler,0.6817,psl3,2024,06,28,06
528.0,531.0,Setophaga townsendi,Townsend's Warbler,0.7299,psl3,2024,06,28,06
543.0,546.0,Larvivora brunnea,Indian Blue Robin,0.9709,psl3,2024,06,28,06
555.0,558.0,Setophaga townsendi,Townsend's Warbler,0.8683,psl3,2024,06,28,06
585.0,588.0,Larvivora brunnea,Indian Blue Robin,0.5172,psl3,2024,06,28,06
621.0,624.0,Phylloscopus occipitalis,Western Crowned Warbler,0.7418,psl3,2024,06,28,06
753.0,756.0,Larvivora brunnea,Indian Blue Robin,0.7157,psl3,2024,06,28,06
765.0,768.0,Larvivora brunnea,Indian Blue Robin,0.9844,psl3,2024,06,28,06
795.0,798.0,Larvivora brunnea,Indian Blue Robin,0.8437,psl3,2024,06,28,06
816.0,819.0,Phylloscopus occipitalis,Western Crowned Warbler,0.6946,psl3,2024,06,28,06
828.0,831.0,Phylloscopus occipitalis,Western Crowned Warbler,0.6975,psl3,2024,06,28,06
849.0,852.0,Protonotaria citrea,Prothonotary Warbler,0.735,psl3,2024,06,28,06
858.0,861.0,Larvivora brunnea,Indian Blue Robin,0.715,psl3,2024,06,28,06
858.0,861.0,Phylloscopus tytleri,Tytler's Leaf Warbler,0.6127,psl3,2024,06,28,06
870.0,873.0,Larvivora brunnea,Indian Blue Robin,0.611,psl3,2024,06,28,06
882.0,885.0,Larvivora brunnea,Indian Blue Robin,0.9366,psl3,2024,06,28,06
885.0,888.0,Larvivora brunnea,Indian Blue Robin,0.701,psl3,2024,06,28,06
888.0,891.0,Protonotaria citrea,Prothonotary Warbler,0.8844,psl3,2024,06,28,06
0.0,3.0,Phylloscopus occipitalis,Western Crowned Warbler,0.5567,psl3,2024,06,28,07
3.0,6.0,Phylloscopus occipitalis,Western Crowned Warbler,0.7863,psl3,2024,06,28,07
12.0,15.0,Phylloscopus occipitalis,Western Crowned Warbler,0.6585,psl3,2024,06,28,07
15.0,18.0,Phylloscopus occipitalis,Western Crowned Warbler,0.914,psl3,2024,06,28,07
21.0,24.0,Phylloscopus occipitalis,Western Crowned Warbler,0.5089,psl3,2024,06,28,07
27.0,30.0,Phylloscopus occipitalis,Western Crowned Warbler,0.8751,psl3,2024,06,28,07
30.0,33.0,Phylloscopus occipitalis,Western Crowned Warbler,0.7902,psl3,2024,06,28,07
33.0,36.0,Phylloscopus occipitalis,Western Crowned Warbler,0.902,psl3,2024,06,28,07
36.0,39.0,Phylloscopus occipitalis,Western Crowned Warbler,0.8414,psl3,2024,06,28,07
60.0,63.0,Phylloscopus occipitalis,Western Crowned Warbler,0.6069,psl3,2024,06,28,07
72.0,75.0,Phylloscopus occipitalis,Western Crowned Warbler,0.6575,psl3,2024,06,28,07
75.0,78.0,Phylloscopus occipitalis,Western Crowned Warbler,0.8644,psl3,2024,06,28,07
78.0,81.0,Phylloscopus occipitalis,Western Crowned Warbler,0.8514,psl3,2024,06,28,07
81.0,84.0,Phylloscopus occipitalis,Western Crowned Warbler,0.6646,psl3,2024,06,28,07
84.0,87.0,Phylloscopus occipitalis,Western Crowned Warbler,0.6908,psl3,2024,06,28,07
87.0,90.0,Phylloscopus occipitalis,Western Crowned Warbler,0.6481,psl3,2024,06,28,07
93.0,96.0,Phylloscopus occipitalis,Western Crowned Warbler,0.6373,psl3,2024,06,28,07
96.0,99.0,Phylloscopus occipitalis,Western Crowned Warbler,0.6902,psl3,2024,06,28,07
99.0,102.0,Phylloscopus occipitalis,Western Crowned Warbler,0.6147,psl3,2024,06,28,07
102.0,105.0,Phylloscopus occipitalis,Western Crowned Warbler,0.9608,psl3,2024,06,28,07
105.0,108.0,Phylloscopus occipitalis,Western Crowned Warbler,0.6288,psl3,2024,06,28,07
108.0,111.0,Phylloscopus occipitalis,Western Crowned Warbler,0.54,psl3,2024,06,28,07
111.0,114.0,Phylloscopus occipitalis,Western Crowned Warbler,0.9126,psl3,2024,06,28,07
132.0,135.0,Trochalopteron variegatum,Variegated Laughingthrush,0.9737,psl3,2024,06,28,07
144.0,147.0,Trochalopteron variegatum,Variegated Laughingthrush,0.7973,psl3,2024,06,28,07
150.0,153.0,Trochalopteron variegatum,Variegated Laughingthrush,0.9407,psl3,2024,06,28,07
156.0,159.0,Trochalopteron variegatum,Variegated Laughingthrush,0.522,psl3,2024,06,28,07
156.0,159.0,Coracina macei,Large Cuckooshrike,0.5101,psl3,2024,06,28,07
168.0,171.0,Trochalopteron variegatum,Variegated Laughingthrush,0.9739,psl3,2024,06,28,07
174.0,177.0,Trochalopteron variegatum,Variegated Laughingthrush,0.7187,psl3,2024,06,28,07
177.0,180.0,Trochalopteron variegatum,Variegated Laughingthrush,0.7656,psl3,2024,06,28,07
177.0,180.0,Vireo altiloquus,Black-whiskered Vireo,0.5496,psl3,2024,06,28,07
186.0,189.0,Trochalopteron variegatum,Variegated Laughingthrush,0.8027,psl3,2024,06,28,07
198.0,201.0,Trochalopteron variegatum,Variegated Laughingthrush,0.9345,psl3,2024,06,28,07
219.0,222.0,Trochalopteron variegatum,Variegated Laughingthrush,0.8038,psl3,2024,06,28,07
231.0,234.0,Trochalopteron variegatum,Variegated Laughingthrush,0.5599,psl3,2024,06,28,07
246.0,249.0,Phylloscopus occipitalis,Western Crowned Warbler,0.9519,psl3,2024,06,28,07
267.0,270.0,Vireo flavifrons,Yellow-throated Vireo,0.5566,psl3,2024,06,28,07
297.0,300.0,Phylloscopus occipitalis,Western Crowned Warbler,0.9326,psl3,2024,06,28,07
306.0,309.0,Trochalopteron variegatum,Variegated Laughingthrush,0.8343,psl3,2024,06,28,07
315.0,318.0,Trochalopteron variegatum,Variegated Laughingthrush,0.8428,psl3,2024,06,28,07
354.0,357.0,Trochalopteron variegatum,Variegated Laughingthrush,0.8735,psl3,2024,06,28,07
369.0,372.0,Phylloscopus occipitalis,Western Crowned Warbler,0.923,psl3,2024,06,28,07
372.0,375.0,Trochalopteron variegatum,Variegated Laughingthrush,0.7883,psl3,2024,06,28,07
387.0,390.0,Basileuterus rufifrons,Rufous-capped Warbler,0.8766,psl3,2024,06,28,07
399.0,402.0,Phylloscopus occipitalis,Western Crowned Warbler,0.6046,psl3,2024,06,28,07
402.0,405.0,Phylloscopus tytleri,Tytler's Leaf Warbler,0.5739,psl3,2024,06,28,07
411.0,414.0,Phylloscopus trochiloides,Greenish Warbler,0.7642,psl3,2024,06,28,07
423.0,426.0,Phylloscopus occipitalis,Western Crowned Warbler,0.5945,psl3,2024,06,28,07
429.0,432.0,Phylloscopus nitidus,Green Warbler,0.7413,psl3,2024,06,28,07
435.0,438.0,Phylloscopus occipitalis,Western Crowned Warbler,0.9772,psl3,2024,06,28,07
438.0,441.0,Phylloscopus occipitalis,Western Crowned Warbler,0.918,psl3,2024,06,28,07
444.0,447.0,Phylloscopus occipitalis,Western Crowned Warbler,0.9095,psl3,2024,06,28,07
447.0,450.0,Trochalopteron variegatum,Variegated Laughingthrush,0.5401,psl3,2024,06,28,07
450.0,453.0,Phylloscopus occipitalis,Western Crowned Warbler,0.9558,psl3,2024,06,28,07
459.0,462.0,Phylloscopus reguloides,Blyth's Leaf Warbler,0.6564,psl3,2024,06,28,07
462.0,465.0,Phylloscopus occipitalis,Western Crowned Warbler,0.6846,psl3,2024,06,28,07
465.0,468.0,Phylloscopus occipitalis,Western Crowned Warbler,0.7238,psl3,2024,06,28,07
468.0,471.0,Protonotaria citrea,Prothonotary Warbler,0.6067,psl3,2024,06,28,07
486.0,489.0,Trochalopteron variegatum,Variegated Laughingthrush,0.9024,psl3,2024,06,28,07
492.0,495.0,Trochalopteron variegatum,Variegated Laughingthrush,0.615,psl3,2024,06,28,07
498.0,501.0,Phylloscopus occipitalis,Western Crowned Warbler,0.7745,psl3,2024,06,28,07
501.0,504.0,Phylloscopus occipitalis,Western Crowned Warbler,0.8675,psl3,2024,06,28,07
504.0,507.0,Trochalopteron variegatum,Variegated Laughingthrush,0.7546,psl3,2024,06,28,07
513.0,516.0,Phylloscopus humei,Hume's Warbler,0.9444,psl3,2024,06,28,07
516.0,519.0,Phylloscopus humei,Hume's Warbler,0.6107,psl3,2024,06,28,07
522.0,525.0,Phylloscopus humei,Hume's Warbler,0.9564,psl3,2024,06,28,07
525.0,528.0,Phylloscopus humei,Hume's Warbler,0.8979,psl3,2024,06,28,07
531.0,534.0,Phylloscopus humei,Hume's Warbler,0.808,psl3,2024,06,28,07
534.0,537.0,Phylloscopus humei,Hume's Warbler,0.6256,psl3,2024,06,28,07
540.0,543.0,Phylloscopus humei,Hume's Warbler,0.9288,psl3,2024,06,28,07
543.0,546.0,Phylloscopus humei,Hume's Warbler,0.8672,psl3,2024,06,28,07
546.0,549.0,Phylloscopus humei,Hume's Warbler,0.904,psl3,2024,06,28,07
549.0,552.0,Phylloscopus humei,Hume's Warbler,0.9488,psl3,2024,06,28,07
552.0,555.0,Phylloscopus humei,Hume's Warbler,0.8922,psl3,2024,06,28,07
555.0,558.0,Phylloscopus humei,Hume's Warbler,0.9601,psl3,2024,06,28,07
558.0,561.0,Trochalopteron variegatum,Variegated Laughingthrush,0.677,psl3,2024,06,28,07
561.0,564.0,Phylloscopus humei,Hume's Warbler,0.5921,psl3,2024,06,28,07
564.0,567.0,Trochalopteron variegatum,Variegated Laughingthrush,0.7341,psl3,2024,06,28,07
570.0,573.0,Phylloscopus humei,Hume's Warbler,0.8347,psl3,2024,06,28,07
591.0,594.0,Trochalopteron variegatum,Variegated Laughingthrush,0.756,psl3,2024,06,28,07
594.0,597.0,Trochalopteron variegatum,Variegated Laughingthrush,0.7735,psl3,2024,06,28,07
600.0,603.0,Trochalopteron variegatum,Variegated Laughingthrush,0.8126,psl3,2024,06,28,07
609.0,612.0,Trochalopteron variegatum,Variegated Laughingthrush,0.7783,psl3,2024,06,28,07
615.0,618.0,Trochalopteron variegatum,Variegated Laughingthrush,0.9764,psl3,2024,06,28,07
618.0,621.0,Protonotaria citrea,Prothonotary Warbler,0.5806,psl3,2024,06,28,07
621.0,624.0,Trochalopteron variegatum,Variegated Laughingthrush,0.8856,psl3,2024,06,28,07
627.0,630.0,Trochalopteron variegatum,Variegated Laughingthrush,0.6438,psl3,2024,06,28,07
639.0,642.0,Trochalopteron variegatum,Variegated Laughingthrush,0.7125,psl3,2024,06,28,07
726.0,729.0,Trochalopteron virgatum,Striped Laughingthrush,0.697,psl3,2024,06,28,07
732.0,735.0,Pteruthius aeralatus,Blyth's Shrike-Babbler,0.5414,psl3,2024,06,28,07
750.0,753.0,Trochalopteron variegatum,Variegated Laughingthrush,0.7481,psl3,2024,06,28,07
783.0,786.0,Phylloscopus occipitalis,Western Crowned Warbler,0.6097,psl3,2024,06,28,07
807.0,810.0,Phylloscopus occipitalis,Western Crowned Warbler,0.9491,psl3,2024,06,28,07
819.0,822.0,Phylloscopus occipitalis,Western Crowned Warbler,0.78,psl3,2024,06,28,07
831.0,834.0,Phylloscopus occipitalis,Western Crowned Warbler,0.959,psl3,2024,06,28,07
870.0,873.0,Phylloscopus occipitalis,Western Crowned Warbler,0.5537,psl3,2024,06,28,07
888.0,891.0,Ficedula parva,Red-breasted Flycatcher,0.8736,psl3,2024,06,28,07
897.0,900.0,Phylloscopus reguloides,Blyth's Leaf Warbler,0.5243,psl3,2024,06,28,07
114.0,117.0,Phylloscopus nitidus,Green Warbler,0.895,psl3,2024,06,29,05
132.0,135.0,Phylloscopus nitidus,Green Warbler,0.5268,psl3,2024,06,29,05
177.0,180.0,Phylloscopus trochiloides,Greenish Warbler,0.5469,psl3,2024,06,29,05
192.0,195.0,Phylloscopus occipitalis,Western Crowned Warbler,0.6495,psl3,2024,06,29,05
219.0,222.0,Phylloscopus tytleri,Tytler's Leaf Warbler,0.7148,psl3,2024,06,29,05
267.0,270.0,Phylloscopus occipitalis,Western Crowned Warbler,0.5266,psl3,2024,06,29,05
270.0,273.0,Phylloscopus occipitalis,Western Crowned Warbler,0.699,psl3,2024,06,29,05
276.0,279.0,Phylloscopus occipitalis,Western Crowned Warbler,0.6152,psl3,2024,06,29,05
294.0,297.0,Phylloscopus nitidus,Green Warbler,0.5363,psl3,2024,06,29,05
306.0,309.0,Phylloscopus nitidus,Green Warbler,0.7073,psl3,2024,06,29,05
309.0,312.0,Phylloscopus nitidus,Green Warbler,0.7934,psl3,2024,06,29,05
324.0,327.0,Phylloscopus nitidus,Green Warbler,0.8415,psl3,2024,06,29,05
339.0,342.0,Phylloscopus trochiloides,Greenish Warbler,0.7609,psl3,2024,06,29,05
339.0,342.0,Phylloscopus nitidus,Green Warbler,0.604,psl3,2024,06,29,05
342.0,345.0,Phylloscopus plumbeitarsus,Two-barred Warbler,0.6258,psl3,2024,06,29,05
342.0,345.0,Phylloscopus trochiloides,Greenish Warbler,0.5863,psl3,2024,06,29,05
342.0,345.0,Phylloscopus nitidus,Green Warbler,0.5163,psl3,2024,06,29,05
345.0,348.0,Phylloscopus trochiloides,Greenish Warbler,0.6083,psl3,2024,06,29,05
351.0,354.0,Phylloscopus nitidus,Green Warbler,0.6108,psl3,2024,06,29,05
354.0,357.0,Phylloscopus trochiloides,Greenish Warbler,0.8491,psl3,2024,06,29,05
363.0,366.0,Phylloscopus nitidus,Green Warbler,0.7502,psl3,2024,06,29,05
363.0,366.0,Phylloscopus trochiloides,Greenish Warbler,0.6469,psl3,2024,06,29,05
366.0,369.0,Phylloscopus trochiloides,Greenish Warbler,0.7971,psl3,2024,06,29,05
375.0,378.0,Phylloscopus nitidus,Green Warbler,0.5063,psl3,2024,06,29,05
384.0,387.0,Phylloscopus occipitalis,Western Crowned Warbler,0.8989,psl3,2024,06,29,05
387.0,390.0,Phylloscopus tytleri,Tytler's Leaf Warbler,0.5027,psl3,2024,06,29,05
396.0,399.0,Phylloscopus occipitalis,Western Crowned Warbler,0.9345,psl3,2024,06,29,05
402.0,405.0,Phylloscopus occipitalis,Western Crowned Warbler,0.5223,psl3,2024,06,29,05
405.0,408.0,Phylloscopus occipitalis,Western Crowned Warbler,0.635,psl3,2024,06,29,05
411.0,414.0,Phylloscopus tytleri,Tytler's Leaf Warbler,0.6366,psl3,2024,06,29,05
411.0,414.0,Phylloscopus occipitalis,Western Crowned Warbler,0.5015,psl3,2024,06,29,05
435.0,438.0,Basileuterus rufifrons,Rufous-capped Warbler,0.6551,psl3,2024,06,29,05
558.0,561.0,Phylloscopus occipitalis,Western Crowned Warbler,0.7841,psl3,2024,06,29,05
564.0,567.0,Phylloscopus occipitalis,Western Crowned Warbler,0.7274,psl3,2024,06,29,05
585.0,588.0,Phylloscopus occipitalis,Western Crowned Warbler,0.5502,psl3,2024,06,29,05
708.0,711.0,Phylloscopus occipitalis,Western Crowned Warbler,0.8277,psl3,2024,06,29,05
714.0,717.0,Phylloscopus occipitalis,Western Crowned Warbler,0.8805,psl3,2024,06,29,05
717.0,720.0,Phylloscopus occipitalis,Western Crowned Warbler,0.7244,psl3,2024,06,29,05
720.0,723.0,Phylloscopus occipitalis,Western Crowned Warbler,0.7907,psl3,2024,06,29,05
723.0,726.0,Phylloscopus occipitalis,Western Crowned Warbler,0.8141,psl3,2024,06,29,05
729.0,732.0,Phylloscopus occipitalis,Western Crowned Warbler,0.5893,psl3,2024,06,29,05
3.0,6.0,Setophaga townsendi,Townsend's Warbler,0.5307,psl3,2024,06,29,06
69.0,72.0,Larvivora brunnea,Indian Blue Robin,0.638,psl3,2024,06,29,06
99.0,102.0,Setophaga townsendi,Townsend's Warbler,0.6643,psl3,2024,06,29,06
129.0,132.0,Setophaga townsendi,Townsend's Warbler,0.5363,psl3,2024,06,29,06
228.0,231.0,Setophaga townsendi,Townsend's Warbler,0.7202,psl3,2024,06,29,06
300.0,303.0,Setophaga townsendi,Townsend's Warbler,0.5461,psl3,2024,06,29,06
336.0,339.0,Protonotaria citrea,Prothonotary Warbler,0.7305,psl3,2024,06,29,07
492.0,495.0,Larvivora brunnea,Indian Blue Robin,0.7138,psl3,2024,06,29,07
528.0,531.0,Phylloscopus magnirostris,Large-billed Leaf Warbler,0.8687,psl3,2024,06,29,07
534.0,537.0,Phylloscopus magnirostris,Large-billed Leaf Warbler,0.5737,psl3,2024,06,29,07
540.0,543.0,Phylloscopus magnirostris,Large-billed Leaf Warbler,0.7613,psl3,2024,06,29,07
543.0,546.0,Larvivora brunnea,Indian Blue Robin,0.5246,psl3,2024,06,29,07
546.0,549.0,Phylloscopus magnirostris,Large-billed Leaf Warbler,0.9706,psl3,2024,06,29,07
558.0,561.0,Phylloscopus magnirostris,Large-billed Leaf Warbler,0.9585,psl3,2024,06,29,07
564.0,567.0,Phylloscopus magnirostris,Large-billed Leaf Warbler,0.9523,psl3,2024,06,29,07
570.0,573.0,Setophaga townsendi,Townsend's Warbler,0.5629,psl3,2024,06,29,07
573.0,576.0,Phylloscopus magnirostris,Large-billed Leaf Warbler,0.9103,psl3,2024,06,29,07
579.0,582.0,Phylloscopus magnirostris,Large-billed Leaf Warbler,0.9074,psl3,2024,06,29,07
585.0,588.0,Phylloscopus magnirostris,Large-billed Leaf Warbler,0.7828,psl3,2024,06,29,07
591.0,594.0,Phylloscopus magnirostris,Large-billed Leaf Warbler,0.9547,psl3,2024,06,29,07
597.0,600.0,Phylloscopus magnirostris,Large-billed Leaf Warbler,0.97,psl3,2024,06,29,07
606.0,609.0,Phylloscopus magnirostris,Large-billed Leaf Warbler,0.8189,psl3,2024,06,29,07
609.0,612.0,Phylloscopus magnirostris,Large-billed Leaf Warbler,0.8828,psl3,2024,06,29,07
612.0,615.0,Phylloscopus magnirostris,Large-billed Leaf Warbler,0.8069,psl3,2024,06,29,07
618.0,621.0,Phylloscopus magnirostris,Large-billed Leaf Warbler,0.6808,psl3,2024,06,29,07
624.0,627.0,Phylloscopus magnirostris,Large-billed Leaf Warbler,0.8872,psl3,2024,06,29,07
636.0,639.0,Phylloscopus magnirostris,Large-billed Leaf Warbler,0.7503,psl3,2024,06,29,07
639.0,642.0,Phylloscopus magnirostris,Large-billed Leaf Warbler,0.9306,psl3,2024,06,29,07
642.0,645.0,Phylloscopus magnirostris,Large-billed Leaf Warbler,0.9347,psl3,2024,06,29,07
648.0,651.0,Phylloscopus magnirostris,Large-billed Leaf Warbler,0.9555,psl3,2024,06,29,07
654.0,657.0,Phylloscopus magnirostris,Large-billed Leaf Warbler,0.9781,psl3,2024,06,29,07
660.0,663.0,Phylloscopus magnirostris,Large-billed Leaf Warbler,0.8906,psl3,2024,06,29,07
663.0,666.0,Phylloscopus magnirostris,Large-billed Leaf Warbler,0.6007,psl3,2024,06,29,07
669.0,672.0,Phylloscopus magnirostris,Large-billed Leaf Warbler,0.9747,psl3,2024,06,29,07
672.0,675.0,Phylloscopus magnirostris,Large-billed Leaf Warbler,0.9548,psl3,2024,06,29,07
675.0,678.0,Phylloscopus magnirostris,Large-billed Leaf Warbler,0.8823,psl3,2024,06,29,07
681.0,684.0,Phylloscopus magnirostris,Large-billed Leaf Warbler,0.8837,psl3,2024,06,29,07
687.0,690.0,Phylloscopus magnirostris,Large-billed Leaf Warbler,0.6483,psl3,2024,06,29,07
693.0,696.0,Phylloscopus magnirostris,Large-billed Leaf Warbler,0.9898,psl3,2024,06,29,07
696.0,699.0,Larvivora brunnea,Indian Blue Robin,0.599,psl3,2024,06,29,07
699.0,702.0,Phylloscopus magnirostris,Large-billed Leaf Warbler,0.9685,psl3,2024,06,29,07
705.0,708.0,Phylloscopus magnirostris,Large-billed Leaf Warbler,0.7126,psl3,2024,06,29,07
711.0,714.0,Phylloscopus magnirostris,Large-billed Leaf Warbler,0.5217,psl3,2024,06,29,07
714.0,717.0,Phylloscopus magnirostris,Large-billed Leaf Warbler,0.6654,psl3,2024,06,29,07
717.0,720.0,Phylloscopus magnirostris,Large-billed Leaf Warbler,0.7009,psl3,2024,06,29,07
720.0,723.0,Phylloscopus magnirostris,Large-billed Leaf Warbler,0.5352,psl3,2024,06,29,07
723.0,726.0,Setophaga townsendi,Townsend's Warbler,0.7816,psl3,2024,06,29,07
726.0,729.0,Phylloscopus magnirostris,Large-billed Leaf Warbler,0.9969,psl3,2024,06,29,07
732.0,735.0,Phylloscopus magnirostris,Large-billed Leaf Warbler,0.7806,psl3,2024,06,29,07
738.0,741.0,Phylloscopus magnirostris,Large-billed Leaf Warbler,0.9821,psl3,2024,06,29,07
744.0,747.0,Phylloscopus magnirostris,Large-billed Leaf Warbler,0.7334,psl3,2024,06,29,07
747.0,750.0,Setophaga townsendi,Townsend's Warbler,0.6026,psl3,2024,06,29,07
750.0,753.0,Phylloscopus magnirostris,Large-billed Leaf Warbler,0.9825,psl3,2024,06,29,07
756.0,759.0,Phylloscopus magnirostris,Large-billed Leaf Warbler,0.7122,psl3,2024,06,29,07
765.0,768.0,Phylloscopus magnirostris,Large-billed Leaf Warbler,0.9126,psl3,2024,06,29,07
771.0,774.0,Phylloscopus magnirostris,Large-billed Leaf Warbler,0.9843,psl3,2024,06,29,07
777.0,780.0,Phylloscopus magnirostris,Large-billed Leaf Warbler,0.9044,psl3,2024,06,29,07
783.0,786.0,Phylloscopus magnirostris,Large-billed Leaf Warbler,0.8326,psl3,2024,06,29,07
783.0,786.0,Elachura formosa,Spotted Elachura,0.6013,psl3,2024,06,29,07
798.0,801.0,Phylloscopus occipitalis,Western Crowned Warbler,0.9833,psl3,2024,06,29,07
807.0,810.0,Phylloscopus magnirostris,Large-billed Leaf Warbler,0.8433,psl3,2024,06,29,07
867.0,870.0,Phylloscopus magnirostris,Large-billed Leaf Warbler,0.9427,psl3,2024,06,29,07
0.0,3.0,Phylloscopus trochiloides,Greenish Warbler,0.8985,psl3,2024,06,30,05
0.0,3.0,Phylloscopus plumbeitarsus,Two-barred Warbler,0.5991,psl3,2024,06,30,05
6.0,9.0,Phylloscopus nitidus,Green Warbler,0.6277,psl3,2024,06,30,05
15.0,18.0,Phylloscopus plumbeitarsus,Two-barred Warbler,0.7083,psl3,2024,06,30,05
27.0,30.0,Larvivora brunnea,Indian Blue Robin,0.8967,psl3,2024,06,30,05
60.0,63.0,Larvivora brunnea,Indian Blue Robin,0.9547,psl3,2024,06,30,05
66.0,69.0,Phylloscopus plumbeitarsus,Two-barred Warbler,0.6659,psl3,2024,06,30,05
75.0,78.0,Larvivora brunnea,Indian Blue Robin,0.8882,psl3,2024,06,30,05
84.0,87.0,Phylloscopus tytleri,Tytler's Leaf Warbler,0.564,psl3,2024,06,30,05
90.0,93.0,Larvivora brunnea,Indian Blue Robin,0.7983,psl3,2024,06,30,05
105.0,108.0,Larvivora brunnea,Indian Blue Robin,0.5921,psl3,2024,06,30,05
123.0,126.0,Setophaga townsendi,Townsend's Warbler,0.926,psl3,2024,06,30,05
141.0,144.0,Larvivora brunnea,Indian Blue Robin,0.6579,psl3,2024,06,30,05
141.0,144.0,Phylloscopus tytleri,Tytler's Leaf Warbler,0.6495,psl3,2024,06,30,05
156.0,159.0,Larvivora brunnea,Indian Blue Robin,0.6135,psl3,2024,06,30,05
159.0,162.0,Larvivora brunnea,Indian Blue Robin,0.6066,psl3,2024,06,30,05
162.0,165.0,Phylloscopus occipitalis,Western Crowned Warbler,0.7431,psl3,2024,06,30,05
165.0,168.0,Phylloscopus tytleri,Tytler's Leaf Warbler,0.7672,psl3,2024,06,30,05
165.0,168.0,Phylloscopus occipitalis,Western Crowned Warbler,0.6594,psl3,2024,06,30,05
174.0,177.0,Larvivora brunnea,Indian Blue Robin,0.6255,psl3,2024,06,30,05
201.0,204.0,Phylloscopus nitidus,Green Warbler,0.7018,psl3,2024,06,30,05
204.0,207.0,Larvivora brunnea,Indian Blue Robin,0.933,psl3,2024,06,30,05
204.0,207.0,Phylloscopus tytleri,Tytler's Leaf Warbler,0.8642,psl3,2024,06,30,05
237.0,240.0,Setophaga townsendi,Townsend's Warbler,0.6822,psl3,2024,06,30,05
264.0,267.0,Phylloscopus nitidus,Green Warbler,0.8383,psl3,2024,06,30,05
267.0,270.0,Phylloscopus nitidus,Green Warbler,0.9334,psl3,2024,06,30,05
282.0,285.0,Phylloscopus trochiloides,Greenish Warbler,0.7743,psl3,2024,06,30,05
285.0,288.0,Phylloscopus trochiloides,Greenish Warbler,0.5053,psl3,2024,06,30,05
288.0,291.0,Phylloscopus trochiloides,Greenish Warbler,0.7757,psl3,2024,06,30,05
288.0,291.0,Phylloscopus nitidus,Green Warbler,0.6161,psl3,2024,06,30,05
297.0,300.0,Phylloscopus trochiloides,Greenish Warbler,0.8898,psl3,2024,06,30,05
306.0,309.0,Phylloscopus trochiloides,Greenish Warbler,0.8398,psl3,2024,06,30,05
309.0,312.0,Phylloscopus trochiloides,Greenish Warbler,0.9314,psl3,2024,06,30,05
312.0,315.0,Phylloscopus trochiloides,Greenish Warbler,0.5909,psl3,2024,06,30,05
318.0,321.0,Phylloscopus trochiloides,Greenish Warbler,0.589,psl3,2024,06,30,05
321.0,324.0,Phylloscopus nitidus,Green Warbler,0.5321,psl3,2024,06,30,05
321.0,324.0,Phylloscopus trochiloides,Greenish Warbler,0.5224,psl3,2024,06,30,05
324.0,327.0,Phylloscopus trochiloides,Greenish Warbler,0.7022,psl3,2024,06,30,05
324.0,327.0,Phylloscopus nitidus,Green Warbler,0.5459,psl3,2024,06,30,05
327.0,330.0,Phylloscopus nitidus,Green Warbler,0.7268,psl3,2024,06,30,05
336.0,339.0,Phylloscopus tytleri,Tytler's Leaf Warbler,0.7557,psl3,2024,06,30,05
342.0,345.0,Phylloscopus trochiloides,Greenish Warbler,0.6065,psl3,2024,06,30,05
360.0,363.0,Larvivora brunnea,Indian Blue Robin,0.5453,psl3,2024,06,30,05
390.0,393.0,Larvivora brunnea,Indian Blue Robin,0.919,psl3,2024,06,30,05
447.0,450.0,Phylloscopus nitidus,Green Warbler,0.6066,psl3,2024,06,30,05
456.0,459.0,Larvivora brunnea,Indian Blue Robin,0.5602,psl3,2024,06,30,05
462.0,465.0,Phylloscopus trochiloides,Greenish Warbler,0.5208,psl3,2024,06,30,05
465.0,468.0,Phylloscopus tytleri,Tytler's Leaf Warbler,0.5065,psl3,2024,06,30,05
468.0,471.0,Larvivora brunnea,Indian Blue Robin,0.9176,psl3,2024,06,30,05
513.0,516.0,Phylloscopus occipitalis,Western Crowned Warbler,0.5513,psl3,2024,06,30,05
516.0,519.0,Phylloscopus occipitalis,Western Crowned Warbler,0.683,psl3,2024,06,30,05
546.0,549.0,Phylloscopus occipitalis,Western Crowned Warbler,0.5206,psl3,2024,06,30,05
585.0,588.0,Larvivora brunnea,Indian Blue Robin,0.8314,psl3,2024,06,30,05
645.0,648.0,Larvivora brunnea,Indian Blue Robin,0.6746,psl3,2024,06,30,05
648.0,651.0,Larvivora brunnea,Indian Blue Robin,0.7498,psl3,2024,06,30,05
660.0,663.0,Larvivora brunnea,Indian Blue Robin,0.8711,psl3,2024,06,30,05
675.0,678.0,Larvivora brunnea,Indian Blue Robin,0.9062,psl3,2024,06,30,05
690.0,693.0,Larvivora brunnea,Indian Blue Robin,0.8457,psl3,2024,06,30,05
705.0,708.0,Larvivora brunnea,Indian Blue Robin,0.5566,psl3,2024,06,30,05
705.0,708.0,Setophaga townsendi,Townsend's Warbler,0.5097,psl3,2024,06,30,05
717.0,720.0,Larvivora brunnea,Indian Blue Robin,0.8205,psl3,2024,06,30,05
720.0,723.0,Phylloscopus occipitalis,Western Crowned Warbler,0.6389,psl3,2024,06,30,05
729.0,732.0,Larvivora brunnea,Indian Blue Robin,0.8334,psl3,2024,06,30,05
735.0,738.0,Phylloscopus occipitalis,Western Crowned Warbler,0.594,psl3,2024,06,30,05
741.0,744.0,Larvivora brunnea,Indian Blue Robin,0.5536,psl3,2024,06,30,05
753.0,756.0,Larvivora brunnea,Indian Blue Robin,0.7136,psl3,2024,06,30,05
768.0,771.0,Larvivora brunnea,Indian Blue Robin,0.5207,psl3,2024,06,30,05
777.0,780.0,Larvivora brunnea,Indian Blue Robin,0.5282,psl3,2024,06,30,05
792.0,795.0,Larvivora brunnea,Indian Blue Robin,0.6454,psl3,2024,06,30,05
792.0,795.0,Setophaga townsendi,Townsend's Warbler,0.6438,psl3,2024,06,30,05
801.0,804.0,Larvivora brunnea,Indian Blue Robin,0.8159,psl3,2024,06,30,05
816.0,819.0,Setophaga townsendi,Townsend's Warbler,0.6502,psl3,2024,06,30,05
840.0,843.0,Larvivora brunnea,Indian Blue Robin,0.8443,psl3,2024,06,30,05
852.0,855.0,Periparus ater,Coal Tit,0.565,psl3,2024,06,30,05
861.0,864.0,Larvivora brunnea,Indian Blue Robin,0.7402,psl3,2024,06,30,05
873.0,876.0,Larvivora brunnea,Indian Blue Robin,0.8617,psl3,2024,06,30,05
60.0,63.0,Setophaga townsendi,Townsend's Warbler,0.874,psl3,2024,06,30,06
141.0,144.0,Larvivora brunnea,Indian Blue Robin,0.8644,psl3,2024,06,30,06
159.0,162.0,Larvivora brunnea,Indian Blue Robin,0.9941,psl3,2024,06,30,06
186.0,189.0,Larvivora brunnea,Indian Blue Robin,0.5975,psl3,2024,06,30,06
204.0,207.0,Larvivora brunnea,Indian Blue Robin,0.7613,psl3,2024,06,30,06
222.0,225.0,Larvivora brunnea,Indian Blue Robin,0.9501,psl3,2024,06,30,06
258.0,261.0,Larvivora brunnea,Indian Blue Robin,0.8353,psl3,2024,06,30,06
270.0,273.0,Larvivora brunnea,Indian Blue Robin,0.7461,psl3,2024,06,30,06
282.0,285.0,Larvivora brunnea,Indian Blue Robin,0.7796,psl3,2024,06,30,06
297.0,300.0,Larvivora brunnea,Indian Blue Robin,0.9061,psl3,2024,06,30,06
309.0,312.0,Larvivora brunnea,Indian Blue Robin,0.932,psl3,2024,06,30,06
399.0,402.0,Setophaga townsendi,Townsend's Warbler,0.7061,psl3,2024,06,30,06
417.0,420.0,Protonotaria citrea,Prothonotary Warbler,0.537,psl3,2024,06,30,06
501.0,504.0,Protonotaria citrea,Prothonotary Warbler,0.6618,psl3,2024,06,30,06
597.0,600.0,Phylloscopus occipitalis,Western Crowned Warbler,0.7745,psl3,2024,06,30,06
600.0,603.0,Protonotaria citrea,Prothonotary Warbler,0.6444,psl3,2024,06,30,06
600.0,603.0,Phylloscopus occipitalis,Western Crowned Warbler,0.5336,psl3,2024,06,30,06
657.0,660.0,Larvivora brunnea,Indian Blue Robin,0.5569,psl3,2024,06,30,06
675.0,678.0,Setophaga townsendi,Townsend's Warbler,0.6393,psl3,2024,06,30,06
693.0,696.0,Setophaga townsendi,Townsend's Warbler,0.5118,psl3,2024,06,30,06
852.0,855.0,Setophaga townsendi,Townsend's Warbler,0.7671,psl3,2024,06,30,06
867.0,870.0,Setophaga townsendi,Townsend's Warbler,0.525,psl3,2024,06,30,06
15.0,18.0,Phylloscopus occipitalis,Western Crowned Warbler,0.7658,psl3,2024,06,30,07
36.0,39.0,Phylloscopus occipitalis,Western Crowned Warbler,0.7242,psl3,2024,06,30,07
39.0,42.0,Phylloscopus occipitalis,Western Crowned Warbler,0.7704,psl3,2024,06,30,07
45.0,48.0,Phylloscopus occipitalis,Western Crowned Warbler,0.965,psl3,2024,06,30,07
552.0,555.0,Phylloscopus occipitalis,Western Crowned Warbler,0.8765,psl3,2024,06,30,07
555.0,558.0,Phylloscopus occipitalis,Western Crowned Warbler,0.9222,psl3,2024,06,30,07
558.0,561.0,Phylloscopus occipitalis,Western Crowned Warbler,0.5885,psl3,2024,06,30,07
567.0,570.0,Phylloscopus occipitalis,Western Crowned Warbler,0.7135,psl3,2024,06,30,07
570.0,573.0,Phylloscopus occipitalis,Western Crowned Warbler,0.9805,psl3,2024,06,30,07
576.0,579.0,Phylloscopus occipitalis,Western Crowned Warbler,0.9791,psl3,2024,06,30,07
585.0,588.0,Phylloscopus occipitalis,Western Crowned Warbler,0.8942,psl3,2024,06,30,07
588.0,591.0,Phylloscopus occipitalis,Western Crowned Warbler,0.7188,psl3,2024,06,30,07
591.0,594.0,Phylloscopus occipitalis,Western Crowned Warbler,0.9746,psl3,2024,06,30,07
594.0,597.0,Phylloscopus occipitalis,Western Crowned Warbler,0.9892,psl3,2024,06,30,07
615.0,618.0,Phylloscopus occipitalis,Western Crowned Warbler,0.9717,psl3,2024,06,30,07
618.0,621.0,Phylloscopus occipitalis,Western Crowned Warbler,0.961,psl3,2024,06,30,07
621.0,624.0,Phylloscopus occipitalis,Western Crowned Warbler,0.8962,psl3,2024,06,30,07
621.0,624.0,Phylloscopus reguloides,Blyth's Leaf Warbler,0.5814,psl3,2024,06,30,07
624.0,627.0,Phylloscopus occipitalis,Western Crowned Warbler,0.6996,psl3,2024,06,30,07
627.0,630.0,Phylloscopus occipitalis,Western Crowned Warbler,0.9237,psl3,2024,06,30,07
630.0,633.0,Phylloscopus occipitalis,Western Crowned Warbler,0.8338,psl3,2024,06,30,07
633.0,636.0,Phylloscopus occipitalis,Western Crowned Warbler,0.9671,psl3,2024,06,30,07
636.0,639.0,Phylloscopus occipitalis,Western Crowned Warbler,0.9821,psl3,2024,06,30,07
636.0,639.0,Phylloscopus reguloides,Blyth's Leaf Warbler,0.7141,psl3,2024,06,30,07
639.0,642.0,Phylloscopus occipitalis,Western Crowned Warbler,0.6704,psl3,2024,06,30,07
657.0,660.0,Phylloscopus occipitalis,Western Crowned Warbler,0.9628,psl3,2024,06,30,07
663.0,666.0,Phylloscopus occipitalis,Western Crowned Warbler,0.9769,psl3,2024,06,30,07
666.0,669.0,Phylloscopus occipitalis,Western Crowned Warbler,0.9955,psl3,2024,06,30,07
669.0,672.0,Phylloscopus occipitalis,Western Crowned Warbler,0.9427,psl3,2024,06,30,07
672.0,675.0,Phylloscopus occipitalis,Western Crowned Warbler,0.6892,psl3,2024,06,30,07
675.0,678.0,Phylloscopus occipitalis,Western Crowned Warbler,0.9244,psl3,2024,06,30,07
675.0,678.0,Phylloscopus reguloides,Blyth's Leaf Warbler,0.6048,psl3,2024,06,30,07
681.0,684.0,Phylloscopus occipitalis,Western Crowned Warbler,0.6764,psl3,2024,06,30,07
699.0,702.0,Phylloscopus occipitalis,Western Crowned Warbler,0.9921,psl3,2024,06,30,07
702.0,705.0,Phylloscopus occipitalis,Western Crowned Warbler,0.9428,psl3,2024,06,30,07
708.0,711.0,Phylloscopus occipitalis,Western Crowned Warbler,0.7058,psl3,2024,06,30,07
714.0,717.0,Phylloscopus occipitalis,Western Crowned Warbler,0.9939,psl3,2024,06,30,07
720.0,723.0,Phylloscopus occipitalis,Western Crowned Warbler,0.7548,psl3,2024,06,30,07
723.0,726.0,Phylloscopus occipitalis,Western Crowned Warbler,0.7115,psl3,2024,06,30,07
729.0,732.0,Phylloscopus occipitalis,Western Crowned Warbler,0.8852,psl3,2024,06,30,07
792.0,795.0,Phylloscopus occipitalis,Western Crowned Warbler,0.9061,psl3,2024,06,30,07
813.0,816.0,Phylloscopus occipitalis,Western Crowned Warbler,0.7934,psl3,2024,06,30,07
822.0,825.0,Phylloscopus occipitalis,Western Crowned Warbler,0.8432,psl3,2024,06,30,07
834.0,837.0,Protonotaria citrea,Prothonotary Warbler,0.7379,psl3,2024,06,30,07
843.0,846.0,Protonotaria citrea,Prothonotary Warbler,0.8434,psl3,2024,06,30,07
111.0,114.0,Cantorchilus modestus,Cabanis's Wren,0.632,psl3,2024,07,01,05
135.0,138.0,Cantorchilus modestus,Cabanis's Wren,0.6543,psl3,2024,07,01,05
411.0,414.0,Phylloscopus occipitalis,Western Crowned Warbler,0.663,psl3,2024,07,01,05
495.0,498.0,Phylloscopus occipitalis,Western Crowned Warbler,0.6297,psl3,2024,07,01,05
519.0,522.0,Phylloscopus nitidus,Green Warbler,0.5937,psl3,2024,07,01,05
690.0,693.0,Trochalopteron variegatum,Variegated Laughingthrush,0.6074,psl3,2024,07,01,05
699.0,702.0,Trochalopteron variegatum,Variegated Laughingthrush,0.6183,psl3,2024,07,01,05
771.0,774.0,Phylloscopus occipitalis,Western Crowned Warbler,0.6898,psl3,2024,07,01,05
810.0,813.0,Phylloscopus occipitalis,Western Crowned Warbler,0.61,psl3,2024,07,01,05
849.0,852.0,Phylloscopus nitidus,Green Warbler,0.7019,psl3,2024,07,01,05
3.0,6.0,Trochalopteron variegatum,Variegated Laughingthrush,0.7646,psl3,2024,07,01,06
9.0,12.0,Larvivora brunnea,Indian Blue Robin,0.8319,psl3,2024,07,01,06
24.0,27.0,Larvivora brunnea,Indian Blue Robin,0.7939,psl3,2024,07,01,06
30.0,33.0,Phylloscopus trochiloides,Greenish Warbler,0.7553,psl3,2024,07,01,06
30.0,33.0,Phylloscopus nitidus,Green Warbler,0.6623,psl3,2024,07,01,06
33.0,36.0,Trochalopteron variegatum,Variegated Laughingthrush,0.5676,psl3,2024,07,01,06
36.0,39.0,Phylloscopus trochiloides,Greenish Warbler,0.647,psl3,2024,07,01,06
42.0,45.0,Phylloscopus nitidus,Green Warbler,0.7643,psl3,2024,07,01,06
42.0,45.0,Phylloscopus trochiloides,Greenish Warbler,0.7524,psl3,2024,07,01,06
45.0,48.0,Phylloscopus trochiloides,Greenish Warbler,0.9128,psl3,2024,07,01,06
54.0,57.0,Phylloscopus trochiloides,Greenish Warbler,0.9125,psl3,2024,07,01,06
63.0,66.0,Phylloscopus trochiloides,Greenish Warbler,0.7095,psl3,2024,07,01,06
63.0,66.0,Phylloscopus nitidus,Green Warbler,0.6344,psl3,2024,07,01,06
66.0,69.0,Phylloscopus nitidus,Green Warbler,0.6125,psl3,2024,07,01,06
69.0,72.0,Phylloscopus trochiloides,Greenish Warbler,0.5359,psl3,2024,07,01,06
72.0,75.0,Phylloscopus goodsoni,Hartert's Leaf Warbler,0.6901,psl3,2024,07,01,06
72.0,75.0,Phylloscopus reguloides,Blyth's Leaf Warbler,0.5587,psl3,2024,07,01,06
75.0,78.0,Larvivora brunnea,Indian Blue Robin,0.8907,psl3,2024,07,01,06
81.0,84.0,Phylloscopus trochiloides,Greenish Warbler,0.9027,psl3,2024,07,01,06
90.0,93.0,Larvivora brunnea,Indian Blue Robin,0.9724,psl3,2024,07,01,06
93.0,96.0,Phylloscopus trochiloides,Greenish Warbler,0.8562,psl3,2024,07,01,06
105.0,108.0,Larvivora brunnea,Indian Blue Robin,0.9669,psl3,2024,07,01,06
114.0,117.0,Basileuterus rufifrons,Rufous-capped Warbler,0.5511,psl3,2024,07,01,06
123.0,126.0,Phylloscopus trochiloides,Greenish Warbler,0.8333,psl3,2024,07,01,06
123.0,126.0,Phylloscopus nitidus,Green Warbler,0.5201,psl3,2024,07,01,06
138.0,141.0,Phylloscopus trochiloides,Greenish Warbler,0.5078,psl3,2024,07,01,06
150.0,153.0,Phylloscopus nitidus,Green Warbler,0.9269,psl3,2024,07,01,06
150.0,153.0,Phylloscopus trochiloides,Greenish Warbler,0.5542,psl3,2024,07,01,06
183.0,186.0,Phylloscopus trochiloides,Greenish Warbler,0.6556,psl3,2024,07,01,06
186.0,189.0,Phylloscopus humei,Hume's Warbler,0.7929,psl3,2024,07,01,06
195.0,198.0,Phylloscopus trochiloides,Greenish Warbler,0.6404,psl3,2024,07,01,06
210.0,213.0,Phylloscopus trochiloides,Greenish Warbler,0.9706,psl3,2024,07,01,06
225.0,228.0,Phylloscopus trochiloides,Greenish Warbler,0.9001,psl3,2024,07,01,06
228.0,231.0,Phylloscopus trochiloides,Greenish Warbler,0.6743,psl3,2024,07,01,06
231.0,234.0,Phylloscopus trochiloides,Greenish Warbler,0.8327,psl3,2024,07,01,06
231.0,234.0,Phylloscopus magnirostris,Large-billed Leaf Warbler,0.5162,psl3,2024,07,01,06
252.0,255.0,Phylloscopus nitidus,Green Warbler,0.6847,psl3,2024,07,01,06
273.0,276.0,Phylloscopus nitidus,Green Warbler,0.9081,psl3,2024,07,01,06
276.0,279.0,Phylloscopus trochiloides,Greenish Warbler,0.5466,psl3,2024,07,01,06
282.0,285.0,Larvivora brunnea,Indian Blue Robin,0.971,psl3,2024,07,01,06
288.0,291.0,Phylloscopus trochiloides,Greenish Warbler,0.9311,psl3,2024,07,01,06
291.0,294.0,Phylloscopus trochiloides,Greenish Warbler,0.6783,psl3,2024,07,01,06
300.0,303.0,Phylloscopus nitidus,Green Warbler,0.8939,psl3,2024,07,01,06
327.0,330.0,Larvivora brunnea,Indian Blue Robin,0.6339,psl3,2024,07,01,06
336.0,339.0,Phylloscopus nitidus,Green Warbler,0.8321,psl3,2024,07,01,06
336.0,339.0,Phylloscopus trochiloides,Greenish Warbler,0.5153,psl3,2024,07,01,06
342.0,345.0,Larvivora brunnea,Indian Blue Robin,0.8973,psl3,2024,07,01,06
348.0,351.0,Phylloscopus nitidus,Green Warbler,0.8348,psl3,2024,07,01,06
357.0,360.0,Phylloscopus nitidus,Green Warbler,0.6636,psl3,2024,07,01,06
372.0,375.0,Larvivora brunnea,Indian Blue Robin,0.9615,psl3,2024,07,01,06
378.0,381.0,Phylloscopus nitidus,Green Warbler,0.8104,psl3,2024,07,01,06
384.0,387.0,Phylloscopus reguloides,Blyth's Leaf Warbler,0.5133,psl3,2024,07,01,06
387.0,390.0,Larvivora brunnea,Indian Blue Robin,0.9772,psl3,2024,07,01,06
405.0,408.0,Larvivora brunnea,Indian Blue Robin,0.9878,psl3,2024,07,01,06
408.0,411.0,Phylloscopus trochiloides,Greenish Warbler,0.7101,psl3,2024,07,01,06
426.0,429.0,Larvivora brunnea,Indian Blue Robin,0.5645,psl3,2024,07,01,06
441.0,444.0,Phylloscopus trochiloides,Greenish Warbler,0.7555,psl3,2024,07,01,06
462.0,465.0,Phylloscopus nitidus,Green Warbler,0.7135,psl3,2024,07,01,06
462.0,465.0,Phylloscopus trochiloides,Greenish Warbler,0.5766,psl3,2024,07,01,06
468.0,471.0,Phylloscopus humei,Hume's Warbler,0.5574,psl3,2024,07,01,06
480.0,483.0,Phylloscopus nitidus,Green Warbler,0.5882,psl3,2024,07,01,06
483.0,486.0,Larvivora brunnea,Indian Blue Robin,0.6959,psl3,2024,07,01,06
486.0,489.0,Phylloscopus trochiloides,Greenish Warbler,0.7012,psl3,2024,07,01,06
498.0,501.0,Phylloscopus trochiloides,Greenish Warbler,0.59,psl3,2024,07,01,06
498.0,501.0,Phylloscopus nitidus,Green Warbler,0.5031,psl3,2024,07,01,06
501.0,504.0,Larvivora brunnea,Indian Blue Robin,0.7627,psl3,2024,07,01,06
504.0,507.0,Phylloscopus trochiloides,Greenish Warbler,0.54,psl3,2024,07,01,06
510.0,513.0,Phylloscopus trochiloides,Greenish Warbler,0.761,psl3,2024,07,01,06
519.0,522.0,Cardellina pusilla,Wilson's Warbler,0.6334,psl3,2024,07,01,06
522.0,525.0,Phylloscopus trochiloides,Greenish Warbler,0.6816,psl3,2024,07,01,06
522.0,525.0,Phylloscopus nitidus,Green Warbler,0.6779,psl3,2024,07,01,06
525.0,528.0,Phylloscopus trochiloides,Greenish Warbler,0.9374,psl3,2024,07,01,06
531.0,534.0,Phylloscopus trochiloides,Greenish Warbler,0.665,psl3,2024,07,01,06
534.0,537.0,Larvivora brunnea,Indian Blue Robin,0.9145,psl3,2024,07,01,06
534.0,537.0,Phylloscopus trochiloides,Greenish Warbler,0.6143,psl3,2024,07,01,06
573.0,576.0,Larvivora brunnea,Indian Blue Robin,0.9955,psl3,2024,07,01,06
585.0,588.0,Larvivora brunnea,Indian Blue Robin,0.5525,psl3,2024,07,01,06
588.0,591.0,Phylloscopus tytleri,Tytler's Leaf Warbler,0.566,psl3,2024,07,01,06
597.0,600.0,Larvivora brunnea,Indian Blue Robin,0.6979,psl3,2024,07,01,06
615.0,618.0,Setophaga townsendi,Townsend's Warbler,0.5231,psl3,2024,07,01,06
615.0,618.0,Larvivora brunnea,Indian Blue Robin,0.5138,psl3,2024,07,01,06
639.0,642.0,Larvivora brunnea,Indian Blue Robin,0.9194,psl3,2024,07,01,06
666.0,669.0,Larvivora brunnea,Indian Blue Robin,0.9158,psl3,2024,07,01,06
687.0,690.0,Certhia brachydactyla,Short-toed Treecreeper,0.6414,psl3,2024,07,01,06
726.0,729.0,Larvivora brunnea,Indian Blue Robin,0.6013,psl3,2024,07,01,06
747.0,750.0,Larvivora brunnea,Indian Blue Robin,0.9402,psl3,2024,07,01,06
759.0,762.0,Rallus aquaticus,Water Rail,0.64,psl3,2024,07,01,06
786.0,789.0,Larvivora brunnea,Indian Blue Robin,0.9848,psl3,2024,07,01,06
789.0,792.0,Coccothraustes vespertinus,Evening Grosbeak,0.9198,psl3,2024,07,01,06
804.0,807.0,Larvivora brunnea,Indian Blue Robin,0.9682,psl3,2024,07,01,06
822.0,825.0,Larvivora brunnea,Indian Blue Robin,0.7093,psl3,2024,07,01,06
834.0,837.0,Larvivora brunnea,Indian Blue Robin,0.7707,psl3,2024,07,01,06
846.0,849.0,Larvivora brunnea,Indian Blue Robin,0.912,psl3,2024,07,01,06
861.0,864.0,Larvivora brunnea,Indian Blue Robin,0.5857,psl3,2024,07,01,06
873.0,876.0,Larvivora brunnea,Indian Blue Robin,0.9918,psl3,2024,07,01,06
888.0,891.0,Larvivora brunnea,Indian Blue Robin,0.9215,psl3,2024,07,01,06
0.0,3.0,Phylloscopus nitidus,Green Warbler,0.7858,psl3,2024,07,01,07
18.0,21.0,Protonotaria citrea,Prothonotary Warbler,0.5224,psl3,2024,07,01,07
21.0,24.0,Phylloscopus nitidus,Green Warbler,0.6249,psl3,2024,07,01,07
75.0,78.0,Phylloscopus goodsoni,Hartert's Leaf Warbler,0.5449,psl3,2024,07,01,07
87.0,90.0,Phylloscopus occipitalis,Western Crowned Warbler,0.6616,psl3,2024,07,01,07
90.0,93.0,Phylloscopus nitidus,Green Warbler,0.7262,psl3,2024,07,01,07
99.0,102.0,Phylloscopus nitidus,Green Warbler,0.6664,psl3,2024,07,01,07
108.0,111.0,Protonotaria citrea,Prothonotary Warbler,0.5397,psl3,2024,07,01,07
138.0,141.0,Phylloscopus nitidus,Green Warbler,0.851,psl3,2024,07,01,07
138.0,141.0,Phylloscopus magnirostris,Large-billed Leaf Warbler,0.6717,psl3,2024,07,01,07
177.0,180.0,Phylloscopus trochiloides,Greenish Warbler,0.7571,psl3,2024,07,01,07
201.0,204.0,Phylloscopus occipitalis,Western Crowned Warbler,0.6901,psl3,2024,07,01,07
210.0,213.0,Phylloscopus occipitalis,Western Crowned Warbler,0.6726,psl3,2024,07,01,07
219.0,222.0,Phylloscopus nitidus,Green Warbler,0.7193,psl3,2024,07,01,07
225.0,228.0,Phylloscopus trochiloides,Greenish Warbler,0.9391,psl3,2024,07,01,07
231.0,234.0,Phylloscopus trochiloides,Greenish Warbler,0.8726,psl3,2024,07,01,07
237.0,240.0,Phylloscopus reguloides,Blyth's Leaf Warbler,0.5241,psl3,2024,07,01,07
240.0,243.0,Phylloscopus occipitalis,Western Crowned Warbler,0.589,psl3,2024,07,01,07
246.0,249.0,Phylloscopus trochiloides,Greenish Warbler,0.9756,psl3,2024,07,01,07
249.0,252.0,Phylloscopus trochiloides,Greenish Warbler,0.9661,psl3,2024,07,01,07
267.0,270.0,Phylloscopus occipitalis,Western Crowned Warbler,0.5082,psl3,2024,07,01,07
276.0,279.0,Phylloscopus trochiloides,Greenish Warbler,0.7286,psl3,2024,07,01,07
279.0,282.0,Phylloscopus trochiloides,Greenish Warbler,0.6668,psl3,2024,07,01,07
282.0,285.0,Phylloscopus trochiloides,Greenish Warbler,0.62,psl3,2024,07,01,07
282.0,285.0,Phylloscopus nitidus,Green Warbler,0.5522,psl3,2024,07,01,07
285.0,288.0,Phylloscopus occipitalis,Western Crowned Warbler,0.505,psl3,2024,07,01,07
294.0,297.0,Phylloscopus nitidus,Green Warbler,0.9609,psl3,2024,07,01,07
297.0,300.0,Phylloscopus nitidus,Green Warbler,0.6728,psl3,2024,07,01,07
300.0,303.0,Phylloscopus nitidus,Green Warbler,0.6567,psl3,2024,07,01,07
303.0,306.0,Phylloscopus nitidus,Green Warbler,0.5908,psl3,2024,07,01,07
306.0,309.0,Phylloscopus nitidus,Green Warbler,0.7055,psl3,2024,07,01,07
309.0,312.0,Phylloscopus nitidus,Green Warbler,0.6209,psl3,2024,07,01,07
315.0,318.0,Phylloscopus nitidus,Green Warbler,0.5771,psl3,2024,07,01,07
318.0,321.0,Phylloscopus nitidus,Green Warbler,0.9123,psl3,2024,07,01,07
324.0,327.0,Phylloscopus nitidus,Green Warbler,0.7329,psl3,2024,07,01,07
327.0,330.0,Phylloscopus trochiloides,Greenish Warbler,0.7341,psl3,2024,07,01,07
333.0,336.0,Phylloscopus trochiloides,Greenish Warbler,0.6333,psl3,2024,07,01,07
336.0,339.0,Phylloscopus trochiloides,Greenish Warbler,0.6939,psl3,2024,07,01,07
339.0,342.0,Phylloscopus trochiloides,Greenish Warbler,0.8203,psl3,2024,07,01,07
339.0,342.0,Phylloscopus nitidus,Green Warbler,0.7105,psl3,2024,07,01,07
342.0,345.0,Phylloscopus trochiloides,Greenish Warbler,0.6663,psl3,2024,07,01,07
354.0,357.0,Phylloscopus nitidus,Green Warbler,0.8203,psl3,2024,07,01,07
363.0,366.0,Phylloscopus trochiloides,Greenish Warbler,0.6307,psl3,2024,07,01,07
369.0,372.0,Phylloscopus nitidus,Green Warbler,0.7294,psl3,2024,07,01,07
369.0,372.0,Phylloscopus trochiloides,Greenish Warbler,0.7273,psl3,2024,07,01,07
375.0,378.0,Phylloscopus nitidus,Green Warbler,0.8429,psl3,2024,07,01,07
387.0,390.0,Phylloscopus trochiloides,Greenish Warbler,0.6971,psl3,2024,07,01,07
390.0,393.0,Phylloscopus trochiloides,Greenish Warbler,0.7847,psl3,2024,07,01,07
396.0,399.0,Phylloscopus trochiloides,Greenish Warbler,0.9392,psl3,2024,07,01,07
405.0,408.0,Phylloscopus trochiloides,Greenish Warbler,0.8731,psl3,2024,07,01,07
417.0,420.0,Phylloscopus nitidus,Green Warbler,0.5829,psl3,2024,07,01,07
423.0,426.0,Phylloscopus trochiloides,Greenish Warbler,0.5542,psl3,2024,07,01,07
456.0,459.0,Phylloscopus trochiloides,Greenish Warbler,0.7424,psl3,2024,07,01,07
486.0,489.0,Phylloscopus nitidus,Green Warbler,0.5354,psl3,2024,07,01,07
492.0,495.0,Phylloscopus nitidus,Green Warbler,0.7298,psl3,2024,07,01,07
492.0,495.0,Phylloscopus trochiloides,Greenish Warbler,0.5249,psl3,2024,07,01,07
516.0,519.0,Phylloscopus nitidus,Green Warbler,0.6891,psl3,2024,07,01,07
567.0,570.0,Phylloscopus magnirostris,Large-billed Leaf Warbler,0.6337,psl3,2024,07,01,07
579.0,582.0,Phylloscopus nitidus,Green Warbler,0.6136,psl3,2024,07,01,07
612.0,615.0,Phylloscopus trochiloides,Greenish Warbler,0.5103,psl3,2024,07,01,07
612.0,615.0,Phylloscopus nitidus,Green Warbler,0.5018,psl3,2024,07,01,07
144.0,147.0,Phylloscopus nitidus,Green Warbler,0.5352,psl3,2024,07,02,05
168.0,171.0,Phylloscopus nitidus,Green Warbler,0.7878,psl3,2024,07,02,05
171.0,174.0,Phylloscopus occipitalis,Western Crowned Warbler,0.5537,psl3,2024,07,02,05
180.0,183.0,Phylloscopus trochiloides,Greenish Warbler,0.545,psl3,2024,07,02,05
294.0,297.0,Phylloscopus occipitalis,Western Crowned Warbler,0.5051,psl3,2024,07,02,05
309.0,312.0,Phylloscopus occipitalis,Western Crowned Warbler,0.6503,psl3,2024,07,02,05
327.0,330.0,Phylloscopus occipitalis,Western Crowned Warbler,0.6786,psl3,2024,07,02,05
489.0,492.0,Phylloscopus nitidus,Green Warbler,0.6608,psl3,2024,07,02,05
510.0,513.0,Phylloscopus nitidus,Green Warbler,0.7609,psl3,2024,07,02,05
534.0,537.0,Phylloscopus nitidus,Green Warbler,0.6799,psl3,2024,07,02,05
537.0,540.0,Phylloscopus nitidus,Green Warbler,0.5903,psl3,2024,07,02,05
570.0,573.0,Phylloscopus nitidus,Green Warbler,0.5421,psl3,2024,07,02,05
585.0,588.0,Phylloscopus trochiloides,Greenish Warbler,0.5365,psl3,2024,07,02,05
660.0,663.0,Phylloscopus nitidus,Green Warbler,0.7382,psl3,2024,07,02,05
768.0,771.0,Phylloscopus nitidus,Green Warbler,0.7519,psl3,2024,07,02,05
771.0,774.0,Phylloscopus trochiloides,Greenish Warbler,0.6401,psl3,2024,07,02,05
795.0,798.0,Larvivora brunnea,Indian Blue Robin,0.81,psl3,2024,07,02,05
804.0,807.0,Phylloscopus trochiloides,Greenish Warbler,0.5136,psl3,2024,07,02,05
807.0,810.0,Larvivora brunnea,Indian Blue Robin,0.8863,psl3,2024,07,02,05
810.0,813.0,Larvivora brunnea,Indian Blue Robin,0.7229,psl3,2024,07,02,05
834.0,837.0,Larvivora brunnea,Indian Blue Robin,0.7993,psl3,2024,07,02,05
843.0,846.0,Phylloscopus occipitalis,Western Crowned Warbler,0.8931,psl3,2024,07,02,05
858.0,861.0,Phylloscopus occipitalis,Western Crowned Warbler,0.6501,psl3,2024,07,02,05
867.0,870.0,Phylloscopus occipitalis,Western Crowned Warbler,0.9772,psl3,2024,07,02,05
870.0,873.0,Phylloscopus trochiloides,Greenish Warbler,0.5124,psl3,2024,07,02,05
885.0,888.0,Phylloscopus occipitalis,Western Crowned Warbler,0.5368,psl3,2024,07,02,05
894.0,897.0,Phylloscopus nitidus,Green Warbler,0.5367,psl3,2024,07,02,05
12.0,15.0,Larvivora brunnea,Indian Blue Robin,0.8914,psl3,2024,07,02,06
90.0,93.0,Larvivora brunnea,Indian Blue Robin,0.8668,psl3,2024,07,02,06
117.0,120.0,Larvivora brunnea,Indian Blue Robin,0.9695,psl3,2024,07,02,06
138.0,141.0,Larvivora brunnea,Indian Blue Robin,0.9991,psl3,2024,07,02,06
156.0,159.0,Larvivora brunnea,Indian Blue Robin,0.9556,psl3,2024,07,02,06
162.0,165.0,Phylloscopus magnirostris,Large-billed Leaf Warbler,0.6626,psl3,2024,07,02,06
171.0,174.0,Larvivora brunnea,Indian Blue Robin,0.7508,psl3,2024,07,02,06
180.0,183.0,Larvivora brunnea,Indian Blue Robin,0.7744,psl3,2024,07,02,06
384.0,387.0,Phylloscopus trochiloides,Greenish Warbler,0.6586,psl3,2024,07,02,06
402.0,405.0,Phylloscopus trochiloides,Greenish Warbler,0.6215,psl3,2024,07,02,06
405.0,408.0,Phylloscopus trochiloides,Greenish Warbler,0.9439,psl3,2024,07,02,06
405.0,408.0,Colibri delphinae,Brown Violetear,0.5986,psl3,2024,07,02,06
411.0,414.0,Phylloscopus goodsoni,Hartert's Leaf Warbler,0.6641,psl3,2024,07,02,06
429.0,432.0,Phylloscopus trochiloides,Greenish Warbler,0.6129,psl3,2024,07,02,06
432.0,435.0,Phylloscopus nitidus,Green Warbler,0.5955,psl3,2024,07,02,06
447.0,450.0,Phylloscopus trochiloides,Greenish Warbler,0.6822,psl3,2024,07,02,06
462.0,465.0,Phylloscopus nitidus,Green Warbler,0.9871,psl3,2024,07,02,06
462.0,465.0,Phylloscopus trochiloides,Greenish Warbler,0.7307,psl3,2024,07,02,06
546.0,549.0,Phylloscopus occipitalis,Western Crowned Warbler,0.8929,psl3,2024,07,02,06
549.0,552.0,Phylloscopus occipitalis,Western Crowned Warbler,0.8381,psl3,2024,07,02,06
552.0,555.0,Phylloscopus occipitalis,Western Crowned Warbler,0.9282,psl3,2024,07,02,06
552.0,555.0,Phylloscopus tytleri,Tytler's Leaf Warbler,0.5499,psl3,2024,07,02,06
564.0,567.0,Phylloscopus occipitalis,Western Crowned Warbler,0.9654,psl3,2024,07,02,06
591.0,594.0,Phylloscopus occipitalis,Western Crowned Warbler,0.7291,psl3,2024,07,02,06
597.0,600.0,Phylloscopus occipitalis,Western Crowned Warbler,0.8737,psl3,2024,07,02,06
603.0,606.0,Phylloscopus occipitalis,Western Crowned Warbler,0.7123,psl3,2024,07,02,06
609.0,612.0,Phylloscopus occipitalis,Western Crowned Warbler,0.5847,psl3,2024,07,02,06
612.0,615.0,Phylloscopus occipitalis,Western Crowned Warbler,0.6186,psl3,2024,07,02,06
630.0,633.0,Protonotaria citrea,Prothonotary Warbler,0.7656,psl3,2024,07,02,06
684.0,687.0,Phylloscopus trochiloides,Greenish Warbler,0.9692,psl3,2024,07,02,06
684.0,687.0,Phylloscopus nitidus,Green Warbler,0.5592,psl3,2024,07,02,06
693.0,696.0,Phylloscopus reguloides,Blyth's Leaf Warbler,0.5502,psl3,2024,07,02,06
699.0,702.0,Phylloscopus trochiloides,Greenish Warbler,0.893,psl3,2024,07,02,06
702.0,705.0,Phylloscopus tytleri,Tytler's Leaf Warbler,0.5476,psl3,2024,07,02,06
708.0,711.0,Phylloscopus trochiloides,Greenish Warbler,0.6614,psl3,2024,07,02,06
708.0,711.0,Phylloscopus nitidus,Green Warbler,0.5946,psl3,2024,07,02,06
723.0,726.0,Phylloscopus nitidus,Green Warbler,0.7035,psl3,2024,07,02,06
729.0,732.0,Phylloscopus trochiloides,Greenish Warbler,0.5789,psl3,2024,07,02,06
741.0,744.0,Phylloscopus reguloides,Blyth's Leaf Warbler,0.5704,psl3,2024,07,02,06
741.0,744.0,Phylloscopus maculipennis,Ashy-throated Warbler,0.5103,psl3,2024,07,02,06
744.0,747.0,Phylloscopus nitidus,Green Warbler,0.9622,psl3,2024,07,02,06
756.0,759.0,Phylloscopus trochiloides,Greenish Warbler,0.8967,psl3,2024,07,02,06
762.0,765.0,Phylloscopus nitidus,Green Warbler,0.6797,psl3,2024,07,02,06
768.0,771.0,Phylloscopus plumbeitarsus,Two-barred Warbler,0.5228,psl3,2024,07,02,06
780.0,783.0,Phylloscopus trochiloides,Greenish Warbler,0.6839,psl3,2024,07,02,06
783.0,786.0,Phylloscopus trochiloides,Greenish Warbler,0.5633,psl3,2024,07,02,06
813.0,816.0,Phylloscopus nitidus,Green Warbler,0.8084,psl3,2024,07,02,06
813.0,816.0,Phylloscopus trochiloides,Greenish Warbler,0.6052,psl3,2024,07,02,06
834.0,837.0,Phylloscopus trochiloides,Greenish Warbler,0.6594,psl3,2024,07,02,06
837.0,840.0,Phylloscopus nitidus,Green Warbler,0.8228,psl3,2024,07,02,06
837.0,840.0,Phylloscopus trochiloides,Greenish Warbler,0.6765,psl3,2024,07,02,06
846.0,849.0,Phylloscopus nitidus,Green Warbler,0.7941,psl3,2024,07,02,06
852.0,855.0,Phylloscopus nitidus,Green Warbler,0.6353,psl3,2024,07,02,06
858.0,861.0,Phylloscopus trochiloides,Greenish Warbler,0.5241,psl3,2024,07,02,06
867.0,870.0,Phylloscopus reguloides,Blyth's Leaf Warbler,0.5592,psl3,2024,07,02,06
873.0,876.0,Phylloscopus occipitalis,Western Crowned Warbler,0.5752,psl3,2024,07,02,06
879.0,882.0,Phylloscopus nitidus,Green Warbler,0.8665,psl3,2024,07,02,06
891.0,894.0,Phylloscopus nitidus,Green Warbler,0.8203,psl3,2024,07,02,06
894.0,897.0,Phylloscopus occipitalis,Western Crowned Warbler,0.5598,psl3,2024,07,02,06
108.0,111.0,Phylloscopus nitidus,Green Warbler,0.5361,psl3,2024,07,02,07
135.0,138.0,Phylloscopus trochiloides,Greenish Warbler,0.6304,psl3,2024,07,02,07
150.0,153.0,Phylloscopus trochiloides,Greenish Warbler,0.5877,psl3,2024,07,02,07
156.0,159.0,Phylloscopus trochiloides,Greenish Warbler,0.505,psl3,2024,07,02,07
159.0,162.0,Phylloscopus trochiloides,Greenish Warbler,0.802,psl3,2024,07,02,07
162.0,165.0,Phylloscopus nitidus,Green Warbler,0.6298,psl3,2024,07,02,07
168.0,171.0,Phylloscopus trochiloides,Greenish Warbler,0.7368,psl3,2024,07,02,07
174.0,177.0,Phylloscopus nitidus,Green Warbler,0.7504,psl3,2024,07,02,07
177.0,180.0,Phylloscopus trochiloides,Greenish Warbler,0.507,psl3,2024,07,02,07
186.0,189.0,Phylloscopus trochiloides,Greenish Warbler,0.6122,psl3,2024,07,02,07
213.0,216.0,Phylloscopus trochiloides,Greenish Warbler,0.6493,psl3,2024,07,02,07
240.0,243.0,Phylloscopus nitidus,Green Warbler,0.7405,psl3,2024,07,02,07
264.0,267.0,Phylloscopus goodsoni,Hartert's Leaf Warbler,0.6101,psl3,2024,07,02,07
264.0,267.0,Phylloscopus reguloides,Blyth's Leaf Warbler,0.5921,psl3,2024,07,02,07
264.0,267.0,Phylloscopus plumbeitarsus,Two-barred Warbler,0.5451,psl3,2024,07,02,07
270.0,273.0,Coccothraustes coccothraustes,Hawfinch,0.6076,psl3,2024,07,02,07
276.0,279.0,Phylloscopus nitidus,Green Warbler,0.8531,psl3,2024,07,02,07
285.0,288.0,Phylloscopus plumbeitarsus,Two-barred Warbler,0.5665,psl3,2024,07,02,07
318.0,321.0,Phylloscopus nitidus,Green Warbler,0.8566,psl3,2024,07,02,07
324.0,327.0,Phylloscopus reguloides,Blyth's Leaf Warbler,0.6171,psl3,2024,07,02,07
327.0,330.0,Phylloscopus nitidus,Green Warbler,0.9016,psl3,2024,07,02,07
345.0,348.0,Phylloscopus trochiloides,Greenish Warbler,0.8584,psl3,2024,07,02,07
366.0,369.0,Phylloscopus humei,Hume's Warbler,0.5673,psl3,2024,07,02,07
381.0,384.0,Phylloscopus nitidus,Green Warbler,0.9512,psl3,2024,07,02,07
381.0,384.0,Phylloscopus trochiloides,Greenish Warbler,0.703,psl3,2024,07,02,07
384.0,387.0,Phylloscopus trochiloides,Greenish Warbler,0.5003,psl3,2024,07,02,07
390.0,393.0,Phylloscopus nitidus,Green Warbler,0.5753,psl3,2024,07,02,07
399.0,402.0,Phylloscopus nitidus,Green Warbler,0.7758,psl3,2024,07,02,07
399.0,402.0,Phylloscopus trochiloides,Greenish Warbler,0.5411,psl3,2024,07,02,07
432.0,435.0,Phylloscopus nitidus,Green Warbler,0.6174,psl3,2024,07,02,07
441.0,444.0,Phylloscopus nitidus,Green Warbler,0.9809,psl3,2024,07,02,07
456.0,459.0,Muscicapa striata,Spotted Flycatcher,0.5017,psl3,2024,07,02,07
465.0,468.0,Phylloscopus nitidus,Green Warbler,0.8742,psl3,2024,07,02,07
477.0,480.0,Phylloscopus nitidus,Green Warbler,0.8858,psl3,2024,07,02,07
501.0,504.0,Phylloscopus reguloides,Blyth's Leaf Warbler,0.5327,psl3,2024,07,02,07
504.0,507.0,Phylloscopus nitidus,Green Warbler,0.5605,psl3,2024,07,02,07
510.0,513.0,Phylloscopus trochiloides,Greenish Warbler,0.8405,psl3,2024,07,02,07
513.0,516.0,Phylloscopus trochiloides,Greenish Warbler,0.7554,psl3,2024,07,02,07
516.0,519.0,Phylloscopus trochiloides,Greenish Warbler,0.5016,psl3,2024,07,02,07
519.0,522.0,Phylloscopus trochiloides,Greenish Warbler,0.533,psl3,2024,07,02,07
519.0,522.0,Phylloscopus nitidus,Green Warbler,0.5085,psl3,2024,07,02,07
534.0,537.0,Phylloscopus trochiloides,Greenish Warbler,0.5134,psl3,2024,07,02,07
555.0,558.0,Phylloscopus nitidus,Green Warbler,0.6593,psl3,2024,07,02,07
582.0,585.0,Phylloscopus trochiloides,Greenish Warbler,0.5701,psl3,2024,07,02,07
588.0,591.0,Phylloscopus nitidus,Green Warbler,0.65,psl3,2024,07,02,07
597.0,600.0,Phylloscopus trochiloides,Greenish Warbler,0.7599,psl3,2024,07,02,07
597.0,600.0,Phylloscopus nitidus,Green Warbler,0.5292,psl3,2024,07,02,07
618.0,621.0,Phylloscopus nitidus,Green Warbler,0.9113,psl3,2024,07,02,07
624.0,627.0,Phylloscopus nitidus,Green Warbler,0.9215,psl3,2024,07,02,07
633.0,636.0,Phylloscopus trochiloides,Greenish Warbler,0.9465,psl3,2024,07,02,07
636.0,639.0,Phylloscopus nitidus,Green Warbler,0.8718,psl3,2024,07,02,07
636.0,639.0,Phylloscopus trochiloides,Greenish Warbler,0.5547,psl3,2024,07,02,07
660.0,663.0,Phylloscopus nitidus,Green Warbler,0.7671,psl3,2024,07,02,07
681.0,684.0,Phylloscopus nitidus,Green Warbler,0.6526,psl3,2024,07,02,07
687.0,690.0,Phylloscopus nitidus,Green Warbler,0.7255,psl3,2024,07,02,07
690.0,693.0,Phylloscopus nitidus,Green Warbler,0.6807,psl3,2024,07,02,07
777.0,780.0,Phylloscopus nitidus,Green Warbler,0.9205,psl3,2024,07,02,07
804.0,807.0,Phylloscopus magnirostris,Large-billed Leaf Warbler,0.6977,psl3,2024,07,02,07
819.0,822.0,Phylloscopus nitidus,Green Warbler,0.919,psl3,2024,07,02,07
849.0,852.0,Phylloscopus trochiloides,Greenish Warbler,0.5838,psl3,2024,07,02,07
861.0,864.0,Phylloscopus nitidus,Green Warbler,0.5926,psl3,2024,07,02,07
864.0,867.0,Phylloscopus magnirostris,Large-billed Leaf Warbler,0.9402,psl3,2024,07,02,07
882.0,885.0,Phylloscopus nitidus,Green Warbler,0.6346,psl3,2024,07,02,07
885.0,888.0,Phylloscopus magnirostris,Large-billed Leaf Warbler,0.6202,psl3,2024,07,02,07
891.0,894.0,Phylloscopus magnirostris,Large-billed Leaf Warbler,0.8235,psl3,2024,07,02,07
3.0,6.0,Larvivora brunnea,Indian Blue Robin,0.8783,psl3,2024,07,03,05
3.0,6.0,Phylloscopus magnirostris,Large-billed Leaf Warbler,0.5967,psl3,2024,07,03,05
111.0,114.0,Phylloscopus nitidus,Green Warbler,0.8717,psl3,2024,07,03,05
132.0,135.0,Phylloscopus nitidus,Green Warbler,0.5015,psl3,2024,07,03,05
156.0,159.0,Phylloscopus nitidus,Green Warbler,0.7688,psl3,2024,07,03,05
228.0,231.0,Phylloscopus nitidus,Green Warbler,0.54,psl3,2024,07,03,05
270.0,273.0,Phylloscopus nitidus,Green Warbler,0.6889,psl3,2024,07,03,05
288.0,291.0,Phylloscopus nitidus,Green Warbler,0.5592,psl3,2024,07,03,05
309.0,312.0,Phylloscopus nitidus,Green Warbler,0.7984,psl3,2024,07,03,05
378.0,381.0,Phylloscopus nitidus,Green Warbler,0.8224,psl3,2024,07,03,05
387.0,390.0,Phylloscopus nitidus,Green Warbler,0.5504,psl3,2024,07,03,05
399.0,402.0,Phylloscopus nitidus,Green Warbler,0.6314,psl3,2024,07,03,05
423.0,426.0,Phylloscopus nitidus,Green Warbler,0.5686,psl3,2024,07,03,05
438.0,441.0,Phylloscopus nitidus,Green Warbler,0.776,psl3,2024,07,03,05
453.0,456.0,Phylloscopus nitidus,Green Warbler,0.886,psl3,2024,07,03,05
456.0,459.0,Phylloscopus nitidus,Green Warbler,0.5292,psl3,2024,07,03,05
462.0,465.0,Phylloscopus nitidus,Green Warbler,0.8331,psl3,2024,07,03,05
486.0,489.0,Phylloscopus nitidus,Green Warbler,0.579,psl3,2024,07,03,05
531.0,534.0,Phylloscopus nitidus,Green Warbler,0.5813,psl3,2024,07,03,05
537.0,540.0,Phylloscopus nitidus,Green Warbler,0.601,psl3,2024,07,03,05
618.0,621.0,Larvivora brunnea,Indian Blue Robin,0.9964,psl3,2024,07,03,05
630.0,633.0,Phylloscopus nitidus,Green Warbler,0.6522,psl3,2024,07,03,05
648.0,651.0,Phylloscopus trochiloides,Greenish Warbler,0.6063,psl3,2024,07,03,05
741.0,744.0,Phylloscopus nitidus,Green Warbler,0.8171,psl3,2024,07,03,05
759.0,762.0,Larvivora brunnea,Indian Blue Robin,0.6972,psl3,2024,07,03,05
765.0,768.0,Phylloscopus nitidus,Green Warbler,0.7389,psl3,2024,07,03,05
777.0,780.0,Larvivora brunnea,Indian Blue Robin,0.6514,psl3,2024,07,03,05
783.0,786.0,Phylloscopus occipitalis,Western Crowned Warbler,0.5427,psl3,2024,07,03,05
804.0,807.0,Phylloscopus nitidus,Green Warbler,0.5301,psl3,2024,07,03,05
828.0,831.0,Phylloscopus nitidus,Green Warbler,0.8412,psl3,2024,07,03,05
852.0,855.0,Phylloscopus nitidus,Green Warbler,0.7745,psl3,2024,07,03,05
870.0,873.0,Phylloscopus nitidus,Green Warbler,0.7487,psl3,2024,07,03,05
873.0,876.0,Phylloscopus nitidus,Green Warbler,0.5238,psl3,2024,07,03,05
12.0,15.0,Phylloscopus nitidus,Green Warbler,0.556,psl3,2024,07,03,06
24.0,27.0,Phylloscopus nitidus,Green Warbler,0.8032,psl3,2024,07,03,06
45.0,48.0,Phylloscopus nitidus,Green Warbler,0.7967,psl3,2024,07,03,06
138.0,141.0,Phylloscopus nitidus,Green Warbler,0.5546,psl3,2024,07,03,06
162.0,165.0,Phylloscopus nitidus,Green Warbler,0.8878,psl3,2024,07,03,06
168.0,171.0,Phylloscopus trochiloides,Greenish Warbler,0.6304,psl3,2024,07,03,06
174.0,177.0,Phylloscopus nitidus,Green Warbler,0.7645,psl3,2024,07,03,06
195.0,198.0,Phylloscopus nitidus,Green Warbler,0.968,psl3,2024,07,03,06
657.0,660.0,Protonotaria citrea,Prothonotary Warbler,0.6163,psl3,2024,07,03,06
714.0,717.0,Phylloscopus occipitalis,Western Crowned Warbler,0.8046,psl3,2024,07,03,06
741.0,744.0,Phylloscopus occipitalis,Western Crowned Warbler,0.5938,psl3,2024,07,03,06
762.0,765.0,Phylloscopus trochiloides,Greenish Warbler,0.5114,psl3,2024,07,03,06
768.0,771.0,Phylloscopus trochiloides,Greenish Warbler,0.7946,psl3,2024,07,03,06
786.0,789.0,Phylloscopus nitidus,Green Warbler,0.5974,psl3,2024,07,03,06
789.0,792.0,Phylloscopus nitidus,Green Warbler,0.9946,psl3,2024,07,03,06
795.0,798.0,Phylloscopus nitidus,Green Warbler,0.6951,psl3,2024,07,03,06
801.0,804.0,Phylloscopus nitidus,Green Warbler,0.935,psl3,2024,07,03,06
822.0,825.0,Phylloscopus reguloides,Blyth's Leaf Warbler,0.558,psl3,2024,07,03,06
825.0,828.0,Phylloscopus affinis,Tickell's Leaf Warbler,0.6067,psl3,2024,07,03,06
831.0,834.0,Basileuterus rufifrons,Rufous-capped Warbler,0.7627,psl3,2024,07,03,06
849.0,852.0,Phylloscopus reguloides,Blyth's Leaf Warbler,0.5844,psl3,2024,07,03,06
855.0,858.0,Phylloscopus affinis,Tickell's Leaf Warbler,0.9859,psl3,2024,07,03,06
861.0,864.0,Phylloscopus affinis,Tickell's Leaf Warbler,0.6711,psl3,2024,07,03,06
885.0,888.0,Phylloscopus occipitalis,Western Crowned Warbler,0.591,psl3,2024,07,03,06
12.0,15.0,Phylloscopus nitidus,Green Warbler,0.771,psl3,2024,07,03,07
12.0,15.0,Phylloscopus trochiloides,Greenish Warbler,0.6365,psl3,2024,07,03,07
36.0,39.0,Phylloscopus nitidus,Green Warbler,0.8527,psl3,2024,07,03,07
42.0,45.0,Phylloscopus nitidus,Green Warbler,0.7496,psl3,2024,07,03,07
42.0,45.0,Phylloscopus trochiloides,Greenish Warbler,0.584,psl3,2024,07,03,07
87.0,90.0,Phylloscopus nitidus,Green Warbler,0.5576,psl3,2024,07,03,07
87.0,90.0,Phylloscopus trochiloides,Greenish Warbler,0.5278,psl3,2024,07,03,07
108.0,111.0,Phylloscopus reguloides,Blyth's Leaf Warbler,0.5275,psl3,2024,07,03,07
111.0,114.0,Phylloscopus reguloides,Blyth's Leaf Warbler,0.6716,psl3,2024,07,03,07
120.0,123.0,Phylloscopus reguloides,Blyth's Leaf Warbler,0.6101,psl3,2024,07,03,07
123.0,126.0,Phylloscopus nitidus,Green Warbler,0.6773,psl3,2024,07,03,07
123.0,126.0,Phylloscopus trochiloides,Greenish Warbler,0.5203,psl3,2024,07,03,07
147.0,150.0,Phylloscopus nitidus,Green Warbler,0.8899,psl3,2024,07,03,07
156.0,159.0,Phylloscopus trochiloides,Greenish Warbler,0.5067,psl3,2024,07,03,07
168.0,171.0,Phylloscopus nitidus,Green Warbler,0.7319,psl3,2024,07,03,07
168.0,171.0,Phylloscopus trochiloides,Greenish Warbler,0.5568,psl3,2024,07,03,07
207.0,210.0,Phylloscopus trochiloides,Greenish Warbler,0.7046,psl3,2024,07,03,07
219.0,222.0,Phylloscopus trochiloides,Greenish Warbler,0.7388,psl3,2024,07,03,07
234.0,237.0,Phylloscopus trochiloides,Greenish Warbler,0.7873,psl3,2024,07,03,07
264.0,267.0,Phylloscopus trochiloides,Greenish Warbler,0.7679,psl3,2024,07,03,07
264.0,267.0,Phylloscopus nitidus,Green Warbler,0.5899,psl3,2024,07,03,07
291.0,294.0,Phylloscopus trochiloides,Greenish Warbler,0.6909,psl3,2024,07,03,07
324.0,327.0,Phylloscopus trochiloides,Greenish Warbler,0.8558,psl3,2024,07,03,07
366.0,369.0,Phylloscopus nitidus,Green Warbler,0.6707,psl3,2024,07,03,07
570.0,573.0,Phylloscopus trochiloides,Greenish Warbler,0.5677,psl3,2024,07,03,07
597.0,600.0,Phylloscopus trochiloides,Greenish Warbler,0.6029,psl3,2024,07,03,07
600.0,603.0,Phylloscopus trochiloides,Greenish Warbler,0.5453,psl3,2024,07,03,07
603.0,606.0,Phylloscopus trochiloides,Greenish Warbler,0.842,psl3,2024,07,03,07
606.0,609.0,Phylloscopus trochiloides,Greenish Warbler,0.9436,psl3,2024,07,03,07
609.0,612.0,Phylloscopus trochiloides,Greenish Warbler,0.8616,psl3,2024,07,03,07
612.0,615.0,Phylloscopus trochiloides,Greenish Warbler,0.8924,psl3,2024,07,03,07
615.0,618.0,Phylloscopus trochiloides,Greenish Warbler,0.92,psl3,2024,07,03,07
618.0,621.0,Phylloscopus trochiloides,Greenish Warbler,0.9698,psl3,2024,07,03,07
621.0,624.0,Phylloscopus trochiloides,Greenish Warbler,0.9189,psl3,2024,07,03,07
624.0,627.0,Phylloscopus trochiloides,Greenish Warbler,0.9317,psl3,2024,07,03,07
627.0,630.0,Phylloscopus trochiloides,Greenish Warbler,0.8717,psl3,2024,07,03,07
630.0,633.0,Phylloscopus trochiloides,Greenish Warbler,0.5808,psl3,2024,07,03,07
633.0,636.0,Phylloscopus trochiloides,Greenish Warbler,0.9,psl3,2024,07,03,07
639.0,642.0,Phylloscopus trochiloides,Greenish Warbler,0.8318,psl3,2024,07,03,07
642.0,645.0,Phylloscopus trochiloides,Greenish Warbler,0.9215,psl3,2024,07,03,07
651.0,654.0,Phylloscopus trochiloides,Greenish Warbler,0.9338,psl3,2024,07,03,07
654.0,657.0,Phylloscopus trochiloides,Greenish Warbler,0.6896,psl3,2024,07,03,07
657.0,660.0,Phylloscopus trochiloides,Greenish Warbler,0.6546,psl3,2024,07,03,07
675.0,678.0,Phylloscopus trochiloides,Greenish Warbler,0.6471,psl3,2024,07,03,07
681.0,684.0,Phylloscopus trochiloides,Greenish Warbler,0.8721,psl3,2024,07,03,07
738.0,741.0,Phylloscopus nitidus,Green Warbler,0.5875,psl3,2024,07,03,07
774.0,777.0,Phylloscopus nitidus,Green Warbler,0.7572,psl3,2024,07,03,07
774.0,777.0,Phylloscopus trochiloides,Greenish Warbler,0.5578,psl3,2024,07,03,07
789.0,792.0,Phylloscopus nitidus,Green Warbler,0.7911,psl3,2024,07,03,07
807.0,810.0,Phylloscopus nitidus,Green Warbler,0.8048,psl3,2024,07,03,07
882.0,885.0,Larvivora brunnea,Indian Blue Robin,0.9193,psl3,2024,07,03,07
882.0,885.0,Phylloscopus magnirostris,Large-billed Leaf Warbler,0.6729,psl3,2024,07,03,07
885.0,888.0,Larvivora brunnea,Indian Blue Robin,0.9093,psl3,2024,07,03,07
0.0,3.0,Larvivora brunnea,Indian Blue Robin,0.9423,psl3,2024,07,04,05
3.0,6.0,Phylloscopus nitidus,Green Warbler,0.7214,psl3,2024,07,04,05
15.0,18.0,Larvivora brunnea,Indian Blue Robin,0.9803,psl3,2024,07,04,05
27.0,30.0,Larvivora brunnea,Indian Blue Robin,0.9925,psl3,2024,07,04,05
57.0,60.0,Larvivora brunnea,Indian Blue Robin,0.9594,psl3,2024,07,04,05
99.0,102.0,Larvivora brunnea,Indian Blue Robin,0.888,psl3,2024,07,04,05
111.0,114.0,Larvivora brunnea,Indian Blue Robin,0.964,psl3,2024,07,04,05
111.0,114.0,Larvivora cyane,Siberian Blue Robin,0.9302,psl3,2024,07,04,05
126.0,129.0,Larvivora brunnea,Indian Blue Robin,0.7515,psl3,2024,07,04,05
141.0,144.0,Larvivora brunnea,Indian Blue Robin,0.8071,psl3,2024,07,04,05
156.0,159.0,Larvivora brunnea,Indian Blue Robin,0.965,psl3,2024,07,04,05
174.0,177.0,Larvivora brunnea,Indian Blue Robin,0.7467,psl3,2024,07,04,05
186.0,189.0,Larvivora brunnea,Indian Blue Robin,0.695,psl3,2024,07,04,05
225.0,228.0,Phylloscopus occipitalis,Western Crowned Warbler,0.5187,psl3,2024,07,04,05
231.0,234.0,Larvivora brunnea,Indian Blue Robin,0.6586,psl3,2024,07,04,05
246.0,249.0,Larvivora brunnea,Indian Blue Robin,0.5446,psl3,2024,07,04,05
258.0,261.0,Larvivora brunnea,Indian Blue Robin,0.7278,psl3,2024,07,04,05
273.0,276.0,Larvivora brunnea,Indian Blue Robin,0.9292,psl3,2024,07,04,05
276.0,279.0,Phylloscopus nitidus,Green Warbler,0.6074,psl3,2024,07,04,05
282.0,285.0,Phylloscopus tytleri,Tytler's Leaf Warbler,0.557,psl3,2024,07,04,05
297.0,300.0,Larvivora brunnea,Indian Blue Robin,0.6627,psl3,2024,07,04,05
312.0,315.0,Larvivora brunnea,Indian Blue Robin,0.8615,psl3,2024,07,04,05
324.0,327.0,Larvivora brunnea,Indian Blue Robin,0.9815,psl3,2024,07,04,05
336.0,339.0,Larvivora brunnea,Indian Blue Robin,0.5868,psl3,2024,07,04,05
342.0,345.0,Phylloscopus occipitalis,Western Crowned Warbler,0.7043,psl3,2024,07,04,05
366.0,369.0,Larvivora brunnea,Indian Blue Robin,0.9343,psl3,2024,07,04,05
375.0,378.0,Larvivora brunnea,Indian Blue Robin,0.6772,psl3,2024,07,04,05
381.0,384.0,Larvivora brunnea,Indian Blue Robin,0.5439,psl3,2024,07,04,05
399.0,402.0,Larvivora brunnea,Indian Blue Robin,0.8821,psl3,2024,07,04,05
411.0,414.0,Larvivora brunnea,Indian Blue Robin,0.9342,psl3,2024,07,04,05
417.0,420.0,Larvivora brunnea,Indian Blue Robin,0.9761,psl3,2024,07,04,05
426.0,429.0,Larvivora brunnea,Indian Blue Robin,0.8546,psl3,2024,07,04,05
429.0,432.0,Phylloscopus nitidus,Green Warbler,0.9007,psl3,2024,07,04,05
435.0,438.0,Larvivora brunnea,Indian Blue Robin,0.8689,psl3,2024,07,04,05
441.0,444.0,Larvivora brunnea,Indian Blue Robin,0.8445,psl3,2024,07,04,05
450.0,453.0,Larvivora brunnea,Indian Blue Robin,0.9613,psl3,2024,07,04,05
456.0,459.0,Larvivora brunnea,Indian Blue Robin,0.9944,psl3,2024,07,04,05
462.0,465.0,Phylloscopus nitidus,Green Warbler,0.7923,psl3,2024,07,04,05
465.0,468.0,Larvivora brunnea,Indian Blue Robin,0.9144,psl3,2024,07,04,05
468.0,471.0,Phylloscopus nitidus,Green Warbler,0.5449,psl3,2024,07,04,05
471.0,474.0,Larvivora brunnea,Indian Blue Robin,0.839,psl3,2024,07,04,05
480.0,483.0,Larvivora brunnea,Indian Blue Robin,0.9644,psl3,2024,07,04,05
495.0,498.0,Larvivora brunnea,Indian Blue Robin,0.9888,psl3,2024,07,04,05
501.0,504.0,Larvivora brunnea,Indian Blue Robin,0.8959,psl3,2024,07,04,05
510.0,513.0,Larvivora brunnea,Indian Blue Robin,0.7124,psl3,2024,07,04,05
519.0,522.0,Larvivora brunnea,Indian Blue Robin,0.9962,psl3,2024,07,04,05
528.0,531.0,Larvivora brunnea,Indian Blue Robin,0.8697,psl3,2024,07,04,05
531.0,534.0,Larvivora brunnea,Indian Blue Robin,0.6309,psl3,2024,07,04,05
534.0,537.0,Phylloscopus nitidus,Green Warbler,0.5048,psl3,2024,07,04,05
546.0,549.0,Larvivora brunnea,Indian Blue Robin,0.9869,psl3,2024,07,04,05
555.0,558.0,Larvivora brunnea,Indian Blue Robin,0.9993,psl3,2024,07,04,05
564.0,567.0,Larvivora brunnea,Indian Blue Robin,0.9608,psl3,2024,07,04,05
567.0,570.0,Ficedula hypoleuca,European Pied Flycatcher,0.5869,psl3,2024,07,04,05
567.0,570.0,Larvivora brunnea,Indian Blue Robin,0.5359,psl3,2024,07,04,05
567.0,570.0,Larvivora cyane,Siberian Blue Robin,0.5202,psl3,2024,07,04,05
573.0,576.0,Larvivora brunnea,Indian Blue Robin,0.8682,psl3,2024,07,04,05
573.0,576.0,Phylloscopus magnirostris,Large-billed Leaf Warbler,0.8204,psl3,2024,07,04,05
576.0,579.0,Larvivora brunnea,Indian Blue Robin,0.9968,psl3,2024,07,04,05
582.0,585.0,Larvivora brunnea,Indian Blue Robin,0.9422,psl3,2024,07,04,05
582.0,585.0,Phylloscopus magnirostris,Large-billed Leaf Warbler,0.6537,psl3,2024,07,04,05
588.0,591.0,Larvivora brunnea,Indian Blue Robin,0.7965,psl3,2024,07,04,05
591.0,594.0,Larvivora brunnea,Indian Blue Robin,0.9841,psl3,2024,07,04,05
597.0,600.0,Larvivora brunnea,Indian Blue Robin,0.9974,psl3,2024,07,04,05
603.0,606.0,Luscinia phaenicuroides,White-bellied Redstart,0.7668,psl3,2024,07,04,05
603.0,606.0,Phylloscopus magnirostris,Large-billed Leaf Warbler,0.7584,psl3,2024,07,04,05
603.0,606.0,Larvivora brunnea,Indian Blue Robin,0.607,psl3,2024,07,04,05
606.0,609.0,Larvivora brunnea,Indian Blue Robin,0.872,psl3,2024,07,04,05
606.0,609.0,Phylloscopus magnirostris,Large-billed Leaf Warbler,0.6105,psl3,2024,07,04,05
609.0,612.0,Larvivora brunnea,Indian Blue Robin,0.9937,psl3,2024,07,04,05
615.0,618.0,Larvivora brunnea,Indian Blue Robin,0.9765,psl3,2024,07,04,05
615.0,618.0,Phylloscopus magnirostris,Large-billed Leaf Warbler,0.8108,psl3,2024,07,04,05
618.0,621.0,Larvivora brunnea,Indian Blue Robin,0.9844,psl3,2024,07,04,05
624.0,627.0,Phylloscopus occipitalis,Western Crowned Warbler,0.6488,psl3,2024,07,04,05
633.0,636.0,Larvivora brunnea,Indian Blue Robin,0.681,psl3,2024,07,04,05
633.0,636.0,Phylloscopus magnirostris,Large-billed Leaf Warbler,0.5227,psl3,2024,07,04,05
636.0,639.0,Larvivora brunnea,Indian Blue Robin,0.9995,psl3,2024,07,04,05
645.0,648.0,Larvivora brunnea,Indian Blue Robin,0.9963,psl3,2024,07,04,05
648.0,651.0,Larvivora brunnea,Indian Blue Robin,0.8105,psl3,2024,07,04,05
648.0,651.0,Larvivora cyane,Siberian Blue Robin,0.5138,psl3,2024,07,04,05
654.0,657.0,Phylloscopus magnirostris,Large-billed Leaf Warbler,0.5229,psl3,2024,07,04,05
657.0,660.0,Larvivora brunnea,Indian Blue Robin,0.999,psl3,2024,07,04,05
663.0,666.0,Larvivora brunnea,Indian Blue Robin,0.8112,psl3,2024,07,04,05
663.0,666.0,Phylloscopus magnirostris,Large-billed Leaf Warbler,0.7034,psl3,2024,07,04,05
666.0,669.0,Larvivora brunnea,Indian Blue Robin,0.9885,psl3,2024,07,04,05
669.0,672.0,Phylloscopus nitidus,Green Warbler,0.6605,psl3,2024,07,04,05
672.0,675.0,Larvivora brunnea,Indian Blue Robin,0.9852,psl3,2024,07,04,05
675.0,678.0,Larvivora brunnea,Indian Blue Robin,0.6442,psl3,2024,07,04,05
681.0,684.0,Larvivora brunnea,Indian Blue Robin,0.9354,psl3,2024,07,04,05
684.0,687.0,Larvivora brunnea,Indian Blue Robin,0.9968,psl3,2024,07,04,05
690.0,693.0,Larvivora brunnea,Indian Blue Robin,0.9925,psl3,2024,07,04,05
690.0,693.0,Phylloscopus magnirostris,Large-billed Leaf Warbler,0.8625,psl3,2024,07,04,05
693.0,696.0,Larvivora brunnea,Indian Blue Robin,0.9898,psl3,2024,07,04,05
696.0,699.0,Phylloscopus nitidus,Green Warbler,0.8569,psl3,2024,07,04,05
699.0,702.0,Larvivora brunnea,Indian Blue Robin,0.9734,psl3,2024,07,04,05
702.0,705.0,Larvivora brunnea,Indian Blue Robin,0.9829,psl3,2024,07,04,05
711.0,714.0,Phylloscopus magnirostris,Large-billed Leaf Warbler,0.912,psl3,2024,07,04,05
711.0,714.0,Larvivora brunnea,Indian Blue Robin,0.848,psl3,2024,07,04,05
714.0,717.0,Larvivora brunnea,Indian Blue Robin,0.8257,psl3,2024,07,04,05
723.0,726.0,Larvivora brunnea,Indian Blue Robin,0.9948,psl3,2024,07,04,05
729.0,732.0,Phylloscopus nitidus,Green Warbler,0.7914,psl3,2024,07,04,05
735.0,738.0,Phylloscopus magnirostris,Large-billed Leaf Warbler,0.6112,psl3,2024,07,04,05
738.0,741.0,Larvivora brunnea,Indian Blue Robin,0.9997,psl3,2024,07,04,05
747.0,750.0,Phylloscopus magnirostris,Large-billed Leaf Warbler,0.6901,psl3,2024,07,04,05
750.0,753.0,Larvivora brunnea,Indian Blue Robin,0.9227,psl3,2024,07,04,05
768.0,771.0,Larvivora brunnea,Indian Blue Robin,0.9991,psl3,2024,07,04,05
771.0,774.0,Larvivora brunnea,Indian Blue Robin,0.9652,psl3,2024,07,04,05
771.0,774.0,Phylloscopus magnirostris,Large-billed Leaf Warbler,0.724,psl3,2024,07,04,05
774.0,777.0,Phylloscopus magnirostris,Large-billed Leaf Warbler,0.7601,psl3,2024,07,04,05
774.0,777.0,Larvivora brunnea,Indian Blue Robin,0.5943,psl3,2024,07,04,05
777.0,780.0,Larvivora brunnea,Indian Blue Robin,0.9776,psl3,2024,07,04,05
780.0,783.0,Larvivora brunnea,Indian Blue Robin,0.9921,psl3,2024,07,04,05
786.0,789.0,Phylloscopus magnirostris,Large-billed Leaf Warbler,0.5533,psl3,2024,07,04,05
789.0,792.0,Phylloscopus magnirostris,Large-billed Leaf Warbler,0.9826,psl3,2024,07,04,05
789.0,792.0,Larvivora brunnea,Indian Blue Robin,0.9339,psl3,2024,07,04,05
792.0,795.0,Larvivora brunnea,Indian Blue Robin,0.6422,psl3,2024,07,04,05
795.0,798.0,Phylloscopus magnirostris,Large-billed Leaf Warbler,0.6551,psl3,2024,07,04,05
798.0,801.0,Larvivora brunnea,Indian Blue Robin,0.9226,psl3,2024,07,04,05
798.0,801.0,Phylloscopus magnirostris,Large-billed Leaf Warbler,0.7225,psl3,2024,07,04,05
801.0,804.0,Larvivora brunnea,Indian Blue Robin,0.7743,psl3,2024,07,04,05
801.0,804.0,Phylloscopus magnirostris,Large-billed Leaf Warbler,0.5686,psl3,2024,07,04,05
804.0,807.0,Larvivora brunnea,Indian Blue Robin,0.8033,psl3,2024,07,04,05
810.0,813.0,Larvivora brunnea,Indian Blue Robin,0.8719,psl3,2024,07,04,05
816.0,819.0,Phylloscopus magnirostris,Large-billed Leaf Warbler,0.8997,psl3,2024,07,04,05
816.0,819.0,Larvivora brunnea,Indian Blue Robin,0.8981,psl3,2024,07,04,05
819.0,822.0,Larvivora brunnea,Indian Blue Robin,0.9972,psl3,2024,07,04,05
828.0,831.0,Phylloscopus nitidus,Green Warbler,0.6543,psl3,2024,07,04,05
831.0,834.0,Larvivora brunnea,Indian Blue Robin,0.9412,psl3,2024,07,04,05
831.0,834.0,Phylloscopus magnirostris,Large-billed Leaf Warbler,0.528,psl3,2024,07,04,05
834.0,837.0,Larvivora brunnea,Indian Blue Robin,0.9901,psl3,2024,07,04,05
840.0,843.0,Larvivora brunnea,Indian Blue Robin,0.9978,psl3,2024,07,04,05
846.0,849.0,Larvivora brunnea,Indian Blue Robin,0.9195,psl3,2024,07,04,05
849.0,852.0,Larvivora brunnea,Indian Blue Robin,0.9936,psl3,2024,07,04,05
855.0,858.0,Phylloscopus magnirostris,Large-billed Leaf Warbler,0.5566,psl3,2024,07,04,05
861.0,864.0,Larvivora brunnea,Indian Blue Robin,0.9951,psl3,2024,07,04,05
867.0,870.0,Larvivora brunnea,Indian Blue Robin,0.9997,psl3,2024,07,04,05
870.0,873.0,Phylloscopus nitidus,Green Warbler,0.509,psl3,2024,07,04,05
876.0,879.0,Larvivora brunnea,Indian Blue Robin,0.9981,psl3,2024,07,04,05
882.0,885.0,Larvivora brunnea,Indian Blue Robin,0.8784,psl3,2024,07,04,05
885.0,888.0,Larvivora brunnea,Indian Blue Robin,0.9837,psl3,2024,07,04,05
891.0,894.0,Larvivora brunnea,Indian Blue Robin,0.9919,psl3,2024,07,04,05
897.0,900.0,Phylloscopus magnirostris,Large-billed Leaf Warbler,0.6051,psl3,2024,07,04,05
0.0,3.0,Larvivora brunnea,Indian Blue Robin,0.9679,psl3,2024,07,04,06
15.0,18.0,Larvivora brunnea,Indian Blue Robin,0.9179,psl3,2024,07,04,06
36.0,39.0,Phylloscopus nitidus,Green Warbler,0.53,psl3,2024,07,04,06
51.0,54.0,Larvivora brunnea,Indian Blue Robin,0.5178,psl3,2024,07,04,06
54.0,57.0,Larvivora brunnea,Indian Blue Robin,0.9825,psl3,2024,07,04,06
57.0,60.0,Larvivora brunnea,Indian Blue Robin,0.9733,psl3,2024,07,04,06
69.0,72.0,Larvivora brunnea,Indian Blue Robin,0.9795,psl3,2024,07,04,06
81.0,84.0,Phylloscopus nitidus,Green Warbler,0.7309,psl3,2024,07,04,06
84.0,87.0,Phylloscopus trochiloides,Greenish Warbler,0.6037,psl3,2024,07,04,06
87.0,90.0,Larvivora brunnea,Indian Blue Robin,0.9807,psl3,2024,07,04,06
87.0,90.0,Phylloscopus magnirostris,Large-billed Leaf Warbler,0.8299,psl3,2024,07,04,06
90.0,93.0,Larvivora brunnea,Indian Blue Robin,0.7408,psl3,2024,07,04,06
96.0,99.0,Larvivora brunnea,Indian Blue Robin,0.9988,psl3,2024,07,04,06
105.0,108.0,Larvivora brunnea,Indian Blue Robin,0.5748,psl3,2024,07,04,06
108.0,111.0,Larvivora brunnea,Indian Blue Robin,0.9921,psl3,2024,07,04,06
117.0,120.0,Larvivora brunnea,Indian Blue Robin,0.9826,psl3,2024,07,04,06
120.0,123.0,Larvivora brunnea,Indian Blue Robin,0.9394,psl3,2024,07,04,06
126.0,129.0,Phylloscopus occipitalis,Western Crowned Warbler,0.8185,psl3,2024,07,04,06
129.0,132.0,Phylloscopus occipitalis,Western Crowned Warbler,0.8732,psl3,2024,07,04,06
132.0,135.0,Larvivora brunnea,Indian Blue Robin,0.9772,psl3,2024,07,04,06
138.0,141.0,Phylloscopus nitidus,Green Warbler,0.5,psl3,2024,07,04,06
141.0,144.0,Larvivora brunnea,Indian Blue Robin,0.959,psl3,2024,07,04,06
141.0,144.0,Phylloscopus magnirostris,Large-billed Leaf Warbler,0.6126,psl3,2024,07,04,06
144.0,147.0,Larvivora brunnea,Indian Blue Robin,0.9977,psl3,2024,07,04,06
150.0,153.0,Phylloscopus occipitalis,Western Crowned Warbler,0.716,psl3,2024,07,04,06
153.0,156.0,Larvivora brunnea,Indian Blue Robin,0.9263,psl3,2024,07,04,06
156.0,159.0,Larvivora brunnea,Indian Blue Robin,0.9185,psl3,2024,07,04,06
159.0,162.0,Phylloscopus occipitalis,Western Crowned Warbler,0.7644,psl3,2024,07,04,06
162.0,165.0,Larvivora brunnea,Indian Blue Robin,0.9553,psl3,2024,07,04,06
162.0,165.0,Phylloscopus magnirostris,Large-billed Leaf Warbler,0.571,psl3,2024,07,04,06
165.0,168.0,Larvivora brunnea,Indian Blue Robin,0.9982,psl3,2024,07,04,06
174.0,177.0,Larvivora brunnea,Indian Blue Robin,0.553,psl3,2024,07,04,06
177.0,180.0,Larvivora brunnea,Indian Blue Robin,0.9909,psl3,2024,07,04,06
183.0,186.0,Phylloscopus nitidus,Green Warbler,0.6553,psl3,2024,07,04,06
201.0,204.0,Phylloscopus nitidus,Green Warbler,0.9081,psl3,2024,07,04,06
216.0,219.0,Phylloscopus occipitalis,Western Crowned Warbler,0.9562,psl3,2024,07,04,06
228.0,231.0,Phylloscopus occipitalis,Western Crowned Warbler,0.8396,psl3,2024,07,04,06
231.0,234.0,Phylloscopus occipitalis,Western Crowned Warbler,0.9893,psl3,2024,07,04,06
237.0,240.0,Prunella modularis,Dunnock,0.5249,psl3,2024,07,04,06
243.0,246.0,Phylloscopus occipitalis,Western Crowned Warbler,0.9675,psl3,2024,07,04,06
249.0,252.0,Phylloscopus occipitalis,Western Crowned Warbler,0.8594,psl3,2024,07,04,06
249.0,252.0,Phylloscopus reguloides,Blyth's Leaf Warbler,0.5828,psl3,2024,07,04,06
252.0,255.0,Phylloscopus occipitalis,Western Crowned Warbler,0.617,psl3,2024,07,04,06
261.0,264.0,Phylloscopus occipitalis,Western Crowned Warbler,0.7994,psl3,2024,07,04,06
264.0,267.0,Larvivora brunnea,Indian Blue Robin,0.9772,psl3,2024,07,04,06
267.0,270.0,Protonotaria citrea,Prothonotary Warbler,0.717,psl3,2024,07,04,06
270.0,273.0,Phylloscopus occipitalis,Western Crowned Warbler,0.7901,psl3,2024,07,04,06
273.0,276.0,Larvivora brunnea,Indian Blue Robin,0.8848,psl3,2024,07,04,06
276.0,279.0,Phylloscopus occipitalis,Western Crowned Warbler,0.8318,psl3,2024,07,04,06
285.0,288.0,Phylloscopus occipitalis,Western Crowned Warbler,0.881,psl3,2024,07,04,06
294.0,297.0,Phylloscopus occipitalis,Western Crowned Warbler,0.9552,psl3,2024,07,04,06
300.0,303.0,Phylloscopus occipitalis,Western Crowned Warbler,0.9811,psl3,2024,07,04,06
303.0,306.0,Larvivora brunnea,Indian Blue Robin,0.8536,psl3,2024,07,04,06
306.0,309.0,Phylloscopus occipitalis,Western Crowned Warbler,0.6135,psl3,2024,07,04,06
312.0,315.0,Larvivora brunnea,Indian Blue Robin,0.9894,psl3,2024,07,04,06
318.0,321.0,Phylloscopus occipitalis,Western Crowned Warbler,0.9408,psl3,2024,07,04,06
324.0,327.0,Phylloscopus occipitalis,Western Crowned Warbler,0.9349,psl3,2024,07,04,06
327.0,330.0,Phylloscopus occipitalis,Western Crowned Warbler,0.8517,psl3,2024,07,04,06
336.0,339.0,Phylloscopus occipitalis,Western Crowned Warbler,0.9691,psl3,2024,07,04,06
342.0,345.0,Larvivora brunnea,Indian Blue Robin,0.9551,psl3,2024,07,04,06
342.0,345.0,Phylloscopus magnirostris,Large-billed Leaf Warbler,0.582,psl3,2024,07,04,06
345.0,348.0,Phylloscopus occipitalis,Western Crowned Warbler,0.8401,psl3,2024,07,04,06
348.0,351.0,Larvivora brunnea,Indian Blue Robin,0.9254,psl3,2024,07,04,06
357.0,360.0,Larvivora brunnea,Indian Blue Robin,0.9978,psl3,2024,07,04,06
360.0,363.0,Phylloscopus occipitalis,Western Crowned Warbler,0.9109,psl3,2024,07,04,06
366.0,369.0,Larvivora brunnea,Indian Blue Robin,0.9983,psl3,2024,07,04,06
369.0,372.0,Phylloscopus occipitalis,Western Crowned Warbler,0.7315,psl3,2024,07,04,06
372.0,375.0,Larvivora brunnea,Indian Blue Robin,0.9389,psl3,2024,07,04,06
381.0,384.0,Larvivora brunnea,Indian Blue Robin,0.7804,psl3,2024,07,04,06
390.0,393.0,Larvivora brunnea,Indian Blue Robin,0.9985,psl3,2024,07,04,06
399.0,402.0,Larvivora brunnea,Indian Blue Robin,0.9986,psl3,2024,07,04,06
420.0,423.0,Larvivora brunnea,Indian Blue Robin,0.8792,psl3,2024,07,04,06
426.0,429.0,Larvivora brunnea,Indian Blue Robin,0.6241,psl3,2024,07,04,06
429.0,432.0,Larvivora brunnea,Indian Blue Robin,0.9965,psl3,2024,07,04,06
438.0,441.0,Larvivora brunnea,Indian Blue Robin,0.6644,psl3,2024,07,04,06
453.0,456.0,Phylloscopus occipitalis,Western Crowned Warbler,0.8192,psl3,2024,07,04,06
456.0,459.0,Larvivora brunnea,Indian Blue Robin,0.9918,psl3,2024,07,04,06
465.0,468.0,Larvivora brunnea,Indian Blue Robin,0.9725,psl3,2024,07,04,06
474.0,477.0,Phylloscopus occipitalis,Western Crowned Warbler,0.6109,psl3,2024,07,04,06
483.0,486.0,Setophaga magnolia,Magnolia Warbler,0.5898,psl3,2024,07,04,06
498.0,501.0,Larvivora brunnea,Indian Blue Robin,0.6846,psl3,2024,07,04,06
567.0,570.0,Phylloscopus nitidus,Green Warbler,0.8081,psl3,2024,07,04,06
597.0,600.0,Phylloscopus nitidus,Green Warbler,0.5083,psl3,2024,07,04,06
702.0,705.0,Phylloscopus nitidus,Green Warbler,0.863,psl3,2024,07,04,06
732.0,735.0,Larvivora brunnea,Indian Blue Robin,0.8088,psl3,2024,07,04,06
732.0,735.0,Larvivora cyane,Siberian Blue Robin,0.5057,psl3,2024,07,04,06
741.0,744.0,Larvivora brunnea,Indian Blue Robin,0.9666,psl3,2024,07,04,06
762.0,765.0,Phylloscopus occipitalis,Western Crowned Warbler,0.6869,psl3,2024,07,04,06
771.0,774.0,Phylloscopus occipitalis,Western Crowned Warbler,0.6783,psl3,2024,07,04,06
771.0,774.0,Phylloscopus reguloides,Blyth's Leaf Warbler,0.5912,psl3,2024,07,04,06
774.0,777.0,Phylloscopus occipitalis,Western Crowned Warbler,0.6082,psl3,2024,07,04,06
777.0,780.0,Larvivora brunnea,Indian Blue Robin,0.9954,psl3,2024,07,04,06
792.0,795.0,Larvivora brunnea,Indian Blue Robin,0.9976,psl3,2024,07,04,06
795.0,798.0,Phylloscopus occipitalis,Western Crowned Warbler,0.5834,psl3,2024,07,04,06
813.0,816.0,Phylloscopus occipitalis,Western Crowned Warbler,0.5731,psl3,2024,07,04,06
822.0,825.0,Larvivora brunnea,Indian Blue Robin,0.8464,psl3,2024,07,04,06
831.0,834.0,Larvivora brunnea,Indian Blue Robin,0.5669,psl3,2024,07,04,06
834.0,837.0,Larvivora brunnea,Indian Blue Robin,0.929,psl3,2024,07,04,06
837.0,840.0,Phylloscopus nitidus,Green Warbler,0.5559,psl3,2024,07,04,06
846.0,849.0,Larvivora brunnea,Indian Blue Robin,0.9945,psl3,2024,07,04,06
873.0,876.0,Larvivora brunnea,Indian Blue Robin,0.8532,psl3,2024,07,04,06
885.0,888.0,Larvivora brunnea,Indian Blue Robin,0.9713,psl3,2024,07,04,06
891.0,894.0,Phylloscopus nitidus,Green Warbler,0.8946,psl3,2024,07,04,06
180.0,183.0,Phylloscopus occipitalis,Western Crowned Warbler,0.5129,psl3,2024,07,04,07
183.0,186.0,Protonotaria citrea,Prothonotary Warbler,0.5398,psl3,2024,07,04,07
189.0,192.0,Phylloscopus occipitalis,Western Crowned Warbler,0.8241,psl3,2024,07,04,07
294.0,297.0,Phylloscopus occipitalis,Western Crowned Warbler,0.7155,psl3,2024,07,04,07
297.0,300.0,Protonotaria citrea,Prothonotary Warbler,0.6505,psl3,2024,07,04,07
303.0,306.0,Phylloscopus occipitalis,Western Crowned Warbler,0.7618,psl3,2024,07,04,07
309.0,312.0,Phylloscopus occipitalis,Western Crowned Warbler,0.5852,psl3,2024,07,04,07
321.0,324.0,Phylloscopus tytleri,Tytler's Leaf Warbler,0.5675,psl3,2024,07,04,07
336.0,339.0,Phylloscopus occipitalis,Western Crowned Warbler,0.6393,psl3,2024,07,04,07
339.0,342.0,Phylloscopus occipitalis,Western Crowned Warbler,0.5368,psl3,2024,07,04,07
345.0,348.0,Phylloscopus occipitalis,Western Crowned Warbler,0.5815,psl3,2024,07,04,07
348.0,351.0,Phylloscopus occipitalis,Western Crowned Warbler,0.5536,psl3,2024,07,04,07
351.0,354.0,Phylloscopus occipitalis,Western Crowned Warbler,0.955,psl3,2024,07,04,07
354.0,357.0,Phylloscopus occipitalis,Western Crowned Warbler,0.536,psl3,2024,07,04,07
363.0,366.0,Phylloscopus occipitalis,Western Crowned Warbler,0.6636,psl3,2024,07,04,07
375.0,378.0,Phylloscopus occipitalis,Western Crowned Warbler,0.753,psl3,2024,07,04,07
378.0,381.0,Phylloscopus occipitalis,Western Crowned Warbler,0.6585,psl3,2024,07,04,07
381.0,384.0,Phylloscopus occipitalis,Western Crowned Warbler,0.6896,psl3,2024,07,04,07
384.0,387.0,Phylloscopus occipitalis,Western Crowned Warbler,0.8159,psl3,2024,07,04,07
387.0,390.0,Phylloscopus occipitalis,Western Crowned Warbler,0.6529,psl3,2024,07,04,07
393.0,396.0,Phylloscopus occipitalis,Western Crowned Warbler,0.9123,psl3,2024,07,04,07
402.0,405.0,Phylloscopus occipitalis,Western Crowned Warbler,0.8125,psl3,2024,07,04,07
408.0,411.0,Phylloscopus occipitalis,Western Crowned Warbler,0.7166,psl3,2024,07,04,07
411.0,414.0,Phylloscopus occipitalis,Western Crowned Warbler,0.7158,psl3,2024,07,04,07
441.0,444.0,Phylloscopus occipitalis,Western Crowned Warbler,0.5865,psl3,2024,07,04,07
444.0,447.0,Protonotaria citrea,Prothonotary Warbler,0.6701,psl3,2024,07,04,07
453.0,456.0,Phylloscopus occipitalis,Western Crowned Warbler,0.7472,psl3,2024,07,04,07
459.0,462.0,Phylloscopus occipitalis,Western Crowned Warbler,0.5619,psl3,2024,07,04,07
471.0,474.0,Phylloscopus occipitalis,Western Crowned Warbler,0.718,psl3,2024,07,04,07
474.0,477.0,Protonotaria citrea,Prothonotary Warbler,0.9589,psl3,2024,07,04,07
474.0,477.0,Phylloscopus occipitalis,Western Crowned Warbler,0.7325,psl3,2024,07,04,07
492.0,495.0,Phylloscopus occipitalis,Western Crowned Warbler,0.5469,psl3,2024,07,04,07
540.0,543.0,Protonotaria citrea,Prothonotary Warbler,0.549,psl3,2024,07,04,07
573.0,576.0,Larvivora brunnea,Indian Blue Robin,0.51,psl3,2024,07,04,07
582.0,585.0,Phylloscopus occipitalis,Western Crowned Warbler,0.702,psl3,2024,07,04,07
585.0,588.0,Larvivora brunnea,Indian Blue Robin,0.9204,psl3,2024,07,04,07
588.0,591.0,Larvivora brunnea,Indian Blue Robin,0.6277,psl3,2024,07,04,07
597.0,600.0,Larvivora brunnea,Indian Blue Robin,0.7418,psl3,2024,07,04,07
600.0,603.0,Phylloscopus occipitalis,Western Crowned Warbler,0.7626,psl3,2024,07,04,07
603.0,606.0,Phylloscopus occipitalis,Western Crowned Warbler,0.592,psl3,2024,07,04,07
609.0,612.0,Larvivora brunnea,Indian Blue Robin,0.5849,psl3,2024,07,04,07
615.0,618.0,Larvivora brunnea,Indian Blue Robin,0.7258,psl3,2024,07,04,07
636.0,639.0,Larvivora brunnea,Indian Blue Robin,0.9394,psl3,2024,07,04,07
648.0,651.0,Larvivora brunnea,Indian Blue Robin,0.9998,psl3,2024,07,04,07
810.0,813.0,Phylloscopus nitidus,Green Warbler,0.8718,psl3,2024,07,04,07
9.0,12.0,Larvivora brunnea,Indian Blue Robin,0.9988,psl3,2024,07,05,05
21.0,24.0,Larvivora brunnea,Indian Blue Robin,0.9957,psl3,2024,07,05,05
21.0,24.0,Phoenicurus fuliginosus,Plumbeous Redstart,0.878,psl3,2024,07,05,05
42.0,45.0,Larvivora brunnea,Indian Blue Robin,0.9581,psl3,2024,07,05,05
42.0,45.0,Larvivora cyane,Siberian Blue Robin,0.5183,psl3,2024,07,05,05
45.0,48.0,Larvivora brunnea,Indian Blue Robin,0.7212,psl3,2024,07,05,05
51.0,54.0,Larvivora brunnea,Indian Blue Robin,0.6405,psl3,2024,07,05,05
54.0,57.0,Larvivora brunnea,Indian Blue Robin,0.5807,psl3,2024,07,05,05
66.0,69.0,Larvivora brunnea,Indian Blue Robin,0.6671,psl3,2024,07,05,05
75.0,78.0,Larvivora brunnea,Indian Blue Robin,0.9681,psl3,2024,07,05,05
87.0,90.0,Larvivora brunnea,Indian Blue Robin,0.9993,psl3,2024,07,05,05
99.0,102.0,Larvivora brunnea,Indian Blue Robin,0.9981,psl3,2024,07,05,05
111.0,114.0,Larvivora brunnea,Indian Blue Robin,0.9688,psl3,2024,07,05,05
123.0,126.0,Larvivora brunnea,Indian Blue Robin,0.9934,psl3,2024,07,05,05
126.0,129.0,Phylloscopus trochiloides,Greenish Warbler,0.6785,psl3,2024,07,05,05
126.0,129.0,Phylloscopus nitidus,Green Warbler,0.5259,psl3,2024,07,05,05
135.0,138.0,Larvivora brunnea,Indian Blue Robin,0.8897,psl3,2024,07,05,05
144.0,147.0,Larvivora brunnea,Indian Blue Robin,0.972,psl3,2024,07,05,05
198.0,201.0,Phylloscopus nitidus,Green Warbler,0.6875,psl3,2024,07,05,05
213.0,216.0,Larvivora brunnea,Indian Blue Robin,0.9501,psl3,2024,07,05,05
222.0,225.0,Larvivora brunnea,Indian Blue Robin,0.97,psl3,2024,07,05,05
243.0,246.0,Larvivora brunnea,Indian Blue Robin,0.9483,psl3,2024,07,05,05
252.0,255.0,Larvivora brunnea,Indian Blue Robin,0.8193,psl3,2024,07,05,05
261.0,264.0,Larvivora brunnea,Indian Blue Robin,0.9641,psl3,2024,07,05,05
270.0,273.0,Larvivora brunnea,Indian Blue Robin,0.8892,psl3,2024,07,05,05
270.0,273.0,Phylloscopus magnirostris,Large-billed Leaf Warbler,0.8376,psl3,2024,07,05,05
270.0,273.0,Luscinia phaenicuroides,White-bellied Redstart,0.5528,psl3,2024,07,05,05
282.0,285.0,Larvivora brunnea,Indian Blue Robin,0.8446,psl3,2024,07,05,05
291.0,294.0,Larvivora brunnea,Indian Blue Robin,0.7648,psl3,2024,07,05,05
291.0,294.0,Phylloscopus magnirostris,Large-billed Leaf Warbler,0.5321,psl3,2024,07,05,05
309.0,312.0,Larvivora brunnea,Indian Blue Robin,0.8417,psl3,2024,07,05,05
318.0,321.0,Larvivora brunnea,Indian Blue Robin,0.9944,psl3,2024,07,05,05
330.0,333.0,Larvivora brunnea,Indian Blue Robin,0.9767,psl3,2024,07,05,05
330.0,333.0,Larvivora cyane,Siberian Blue Robin,0.6005,psl3,2024,07,05,05
348.0,351.0,Larvivora brunnea,Indian Blue Robin,0.9714,psl3,2024,07,05,05
363.0,366.0,Larvivora brunnea,Indian Blue Robin,0.9781,psl3,2024,07,05,05
372.0,375.0,Larvivora brunnea,Indian Blue Robin,0.5331,psl3,2024,07,05,05
381.0,384.0,Larvivora brunnea,Indian Blue Robin,0.8092,psl3,2024,07,05,05
384.0,387.0,Larvivora brunnea,Indian Blue Robin,0.7645,psl3,2024,07,05,05
393.0,396.0,Phylloscopus nitidus,Green Warbler,0.8619,psl3,2024,07,05,05
411.0,414.0,Larvivora brunnea,Indian Blue Robin,0.5603,psl3,2024,07,05,05
417.0,420.0,Phylloscopus nitidus,Green Warbler,0.8261,psl3,2024,07,05,05
432.0,435.0,Larvivora brunnea,Indian Blue Robin,0.8307,psl3,2024,07,05,05
453.0,456.0,Larvivora brunnea,Indian Blue Robin,0.9188,psl3,2024,07,05,05
468.0,471.0,Larvivora brunnea,Indian Blue Robin,0.9935,psl3,2024,07,05,05
474.0,477.0,Phylloscopus nitidus,Green Warbler,0.5625,psl3,2024,07,05,05
489.0,492.0,Larvivora brunnea,Indian Blue Robin,0.9936,psl3,2024,07,05,05
498.0,501.0,Larvivora brunnea,Indian Blue Robin,0.9791,psl3,2024,07,05,05
501.0,504.0,Larvivora brunnea,Indian Blue Robin,0.7851,psl3,2024,07,05,05
510.0,513.0,Larvivora brunnea,Indian Blue Robin,0.9996,psl3,2024,07,05,05
522.0,525.0,Larvivora brunnea,Indian Blue Robin,0.9869,psl3,2024,07,05,05
525.0,528.0,Larvivora brunnea,Indian Blue Robin,0.6009,psl3,2024,07,05,05
531.0,534.0,Larvivora brunnea,Indian Blue Robin,0.9962,psl3,2024,07,05,05
540.0,543.0,Larvivora brunnea,Indian Blue Robin,0.9988,psl3,2024,07,05,05
546.0,549.0,Larvivora brunnea,Indian Blue Robin,0.6559,psl3,2024,07,05,05
549.0,552.0,Larvivora brunnea,Indian Blue Robin,0.999,psl3,2024,07,05,05
555.0,558.0,Larvivora brunnea,Indian Blue Robin,0.7182,psl3,2024,07,05,05
558.0,561.0,Larvivora brunnea,Indian Blue Robin,0.9469,psl3,2024,07,05,05
564.0,567.0,Larvivora brunnea,Indian Blue Robin,0.8254,psl3,2024,07,05,05
564.0,567.0,Phylloscopus magnirostris,Large-billed Leaf Warbler,0.5231,psl3,2024,07,05,05
567.0,570.0,Ficedula hypoleuca,European Pied Flycatcher,0.7277,psl3,2024,07,05,05
573.0,576.0,Larvivora brunnea,Indian Blue Robin,0.7154,psl3,2024,07,05,05
576.0,579.0,Larvivora brunnea,Indian Blue Robin,0.8075,psl3,2024,07,05,05
579.0,582.0,Larvivora brunnea,Indian Blue Robin,0.9853,psl3,2024,07,05,05
588.0,591.0,Larvivora brunnea,Indian Blue Robin,0.5066,psl3,2024,07,05,05
600.0,603.0,Larvivora brunnea,Indian Blue Robin,0.9972,psl3,2024,07,05,05
612.0,615.0,Larvivora brunnea,Indian Blue Robin,0.8332,psl3,2024,07,05,05
615.0,618.0,Larvivora brunnea,Indian Blue Robin,0.9863,psl3,2024,07,05,05
618.0,621.0,Phylloscopus nitidus,Green Warbler,0.5587,psl3,2024,07,05,05
636.0,639.0,Phylloscopus trochiloides,Greenish Warbler,0.703,psl3,2024,07,05,05
642.0,645.0,Larvivora brunnea,Indian Blue Robin,0.7986,psl3,2024,07,05,05
642.0,645.0,Phylloscopus magnirostris,Large-billed Leaf Warbler,0.5098,psl3,2024,07,05,05
663.0,666.0,Larvivora brunnea,Indian Blue Robin,0.8264,psl3,2024,07,05,05
663.0,666.0,Phylloscopus magnirostris,Large-billed Leaf Warbler,0.5457,psl3,2024,07,05,05
681.0,684.0,Larvivora brunnea,Indian Blue Robin,0.8961,psl3,2024,07,05,05
681.0,684.0,Phylloscopus magnirostris,Large-billed Leaf Warbler,0.8354,psl3,2024,07,05,05
684.0,687.0,Larvivora brunnea,Indian Blue Robin,0.9783,psl3,2024,07,05,05
702.0,705.0,Larvivora brunnea,Indian Blue Robin,0.8751,psl3,2024,07,05,05
717.0,720.0,Larvivora brunnea,Indian Blue Robin,0.9952,psl3,2024,07,05,05
726.0,729.0,Larvivora brunnea,Indian Blue Robin,0.8609,psl3,2024,07,05,05
729.0,732.0,Larvivora brunnea,Indian Blue Robin,0.8591,psl3,2024,07,05,05
738.0,741.0,Larvivora brunnea,Indian Blue Robin,0.9264,psl3,2024,07,05,05
747.0,750.0,Larvivora brunnea,Indian Blue Robin,0.9959,psl3,2024,07,05,05
756.0,759.0,Larvivora brunnea,Indian Blue Robin,0.651,psl3,2024,07,05,05
759.0,762.0,Larvivora brunnea,Indian Blue Robin,0.996,psl3,2024,07,05,05
768.0,771.0,Larvivora brunnea,Indian Blue Robin,0.9989,psl3,2024,07,05,05
780.0,783.0,Larvivora brunnea,Indian Blue Robin,0.9991,psl3,2024,07,05,05
786.0,789.0,Larvivora brunnea,Indian Blue Robin,0.9125,psl3,2024,07,05,05
789.0,792.0,Larvivora brunnea,Indian Blue Robin,0.8761,psl3,2024,07,05,05
795.0,798.0,Larvivora brunnea,Indian Blue Robin,0.8025,psl3,2024,07,05,05
798.0,801.0,Larvivora brunnea,Indian Blue Robin,0.9945,psl3,2024,07,05,05
801.0,804.0,Phylloscopus occipitalis,Western Crowned Warbler,0.7266,psl3,2024,07,05,05
807.0,810.0,Larvivora brunnea,Indian Blue Robin,0.9829,psl3,2024,07,05,05
816.0,819.0,Larvivora brunnea,Indian Blue Robin,0.9979,psl3,2024,07,05,05
825.0,828.0,Larvivora brunnea,Indian Blue Robin,0.9848,psl3,2024,07,05,05
828.0,831.0,Larvivora brunnea,Indian Blue Robin,0.6126,psl3,2024,07,05,05
828.0,831.0,Larvivora cyane,Siberian Blue Robin,0.5228,psl3,2024,07,05,05
834.0,837.0,Larvivora brunnea,Indian Blue Robin,0.9968,psl3,2024,07,05,05
843.0,846.0,Larvivora brunnea,Indian Blue Robin,0.9856,psl3,2024,07,05,05
852.0,855.0,Larvivora brunnea,Indian Blue Robin,0.9935,psl3,2024,07,05,05
861.0,864.0,Larvivora brunnea,Indian Blue Robin,0.9995,psl3,2024,07,05,05
873.0,876.0,Larvivora brunnea,Indian Blue Robin,0.6657,psl3,2024,07,05,05
882.0,885.0,Larvivora brunnea,Indian Blue Robin,0.9759,psl3,2024,07,05,05
891.0,894.0,Larvivora brunnea,Indian Blue Robin,0.8726,psl3,2024,07,05,05
897.0,900.0,Larvivora brunnea,Indian Blue Robin,0.9796,psl3,2024,07,05,05
3.0,6.0,Larvivora brunnea,Indian Blue Robin,0.9231,psl3,2024,07,05,06
12.0,15.0,Larvivora brunnea,Indian Blue Robin,0.7865,psl3,2024,07,05,06
33.0,36.0,Larvivora brunnea,Indian Blue Robin,0.828,psl3,2024,07,05,06
42.0,45.0,Setophaga townsendi,Townsend's Warbler,0.5176,psl3,2024,07,05,06
51.0,54.0,Larvivora brunnea,Indian Blue Robin,0.5934,psl3,2024,07,05,06
63.0,66.0,Setophaga townsendi,Townsend's Warbler,0.6121,psl3,2024,07,05,06
72.0,75.0,Larvivora brunnea,Indian Blue Robin,0.8712,psl3,2024,07,05,06
99.0,102.0,Setophaga townsendi,Townsend's Warbler,0.6647,psl3,2024,07,05,06
174.0,177.0,Tringa erythropus,Spotted Redshank,0.981,psl3,2024,07,05,06
234.0,237.0,Leiothlypis ruficapilla,Nashville Warbler,0.7417,psl3,2024,07,05,06
249.0,252.0,Phylloscopus nitidus,Green Warbler,0.8701,psl3,2024,07,05,06
270.0,273.0,Phylloscopus trochiloides,Greenish Warbler,0.839,psl3,2024,07,05,06
279.0,282.0,Phylloscopus nitidus,Green Warbler,0.9443,psl3,2024,07,05,06
282.0,285.0,Phylloscopus nitidus,Green Warbler,0.8535,psl3,2024,07,05,06
291.0,294.0,Phylloscopus goodsoni,Hartert's Leaf Warbler,0.5364,psl3,2024,07,05,06
300.0,303.0,Phylloscopus maculipennis,Ashy-throated Warbler,0.6346,psl3,2024,07,05,06
363.0,366.0,Phylloscopus trochiloides,Greenish Warbler,0.5715,psl3,2024,07,05,06
375.0,378.0,Phylloscopus nitidus,Green Warbler,0.9643,psl3,2024,07,05,06
408.0,411.0,Phylloscopus nitidus,Green Warbler,0.8014,psl3,2024,07,05,06
408.0,411.0,Phylloscopus trochiloides,Greenish Warbler,0.6219,psl3,2024,07,05,06
423.0,426.0,Phylloscopus nitidus,Green Warbler,0.7514,psl3,2024,07,05,06
510.0,513.0,Larvivora brunnea,Indian Blue Robin,0.9542,psl3,2024,07,05,06
564.0,567.0,Setophaga townsendi,Townsend's Warbler,0.7765,psl3,2024,07,05,06
564.0,567.0,Larvivora brunnea,Indian Blue Robin,0.6675,psl3,2024,07,05,06
579.0,582.0,Larvivora brunnea,Indian Blue Robin,0.9491,psl3,2024,07,05,06
591.0,594.0,Larvivora brunnea,Indian Blue Robin,0.8897,psl3,2024,07,05,06
618.0,621.0,Larvivora brunnea,Indian Blue Robin,0.9792,psl3,2024,07,05,06
3.0,6.0,Larvivora brunnea,Indian Blue Robin,0.8135,psl3,2024,07,05,07
12.0,15.0,Phylloscopus reguloides,Blyth's Leaf Warbler,0.6223,psl3,2024,07,05,07
15.0,18.0,Larvivora brunnea,Indian Blue Robin,0.97,psl3,2024,07,05,07
30.0,33.0,Phylloscopus humei,Hume's Warbler,0.8526,psl3,2024,07,05,07
36.0,39.0,Phylloscopus nitidus,Green Warbler,0.9699,psl3,2024,07,05,07
42.0,45.0,Phylloscopus humei,Hume's Warbler,0.979,psl3,2024,07,05,07
45.0,48.0,Larvivora brunnea,Indian Blue Robin,0.9654,psl3,2024,07,05,07
51.0,54.0,Phylloscopus reguloides,Blyth's Leaf Warbler,0.704,psl3,2024,07,05,07
54.0,57.0,Larvivora brunnea,Indian Blue Robin,0.921,psl3,2024,07,05,07
63.0,66.0,Larvivora brunnea,Indian Blue Robin,0.9406,psl3,2024,07,05,07
66.0,69.0,Phylloscopus nitidus,Green Warbler,0.5683,psl3,2024,07,05,07
69.0,72.0,Phylloscopus nitidus,Green Warbler,0.7996,psl3,2024,07,05,07
72.0,75.0,Larvivora brunnea,Indian Blue Robin,0.6204,psl3,2024,07,05,07
81.0,84.0,Phylloscopus trochiloides,Greenish Warbler,0.8829,psl3,2024,07,05,07
84.0,87.0,Larvivora brunnea,Indian Blue Robin,0.5636,psl3,2024,07,05,07
87.0,90.0,Phylloscopus trochiloides,Greenish Warbler,0.8038,psl3,2024,07,05,07
87.0,90.0,Phylloscopus nitidus,Green Warbler,0.7437,psl3,2024,07,05,07
93.0,96.0,Larvivora brunnea,Indian Blue Robin,0.991,psl3,2024,07,05,07
102.0,105.0,Phylloscopus trochiloides,Greenish Warbler,0.7558,psl3,2024,07,05,07
105.0,108.0,Phylloscopus trochiloides,Greenish Warbler,0.957,psl3,2024,07,05,07
108.0,111.0,Phylloscopus trochiloides,Greenish Warbler,0.9164,psl3,2024,07,05,07
114.0,117.0,Larvivora brunnea,Indian Blue Robin,0.9787,psl3,2024,07,05,07
117.0,120.0,Phylloscopus nitidus,Green Warbler,0.6594,psl3,2024,07,05,07
120.0,123.0,Phylloscopus trochiloides,Greenish Warbler,0.6743,psl3,2024,07,05,07
126.0,129.0,Phylloscopus trochiloides,Greenish Warbler,0.7842,psl3,2024,07,05,07
129.0,132.0,Phylloscopus trochiloides,Greenish Warbler,0.955,psl3,2024,07,05,07
141.0,144.0,Larvivora brunnea,Indian Blue Robin,0.7762,psl3,2024,07,05,07
174.0,177.0,Phylloscopus reguloides,Blyth's Leaf Warbler,0.7524,psl3,2024,07,05,07
180.0,183.0,Larvivora brunnea,Indian Blue Robin,0.9784,psl3,2024,07,05,07
192.0,195.0,Phylloscopus nitidus,Green Warbler,0.7952,psl3,2024,07,05,07
192.0,195.0,Phylloscopus trochiloides,Greenish Warbler,0.7089,psl3,2024,07,05,07
201.0,204.0,Larvivora brunnea,Indian Blue Robin,0.8646,psl3,2024,07,05,07
210.0,213.0,Phylloscopus trochiloides,Greenish Warbler,0.7719,psl3,2024,07,05,07
213.0,216.0,Phylloscopus trochiloides,Greenish Warbler,0.9491,psl3,2024,07,05,07
216.0,219.0,Phylloscopus reguloides,Blyth's Leaf Warbler,0.5164,psl3,2024,07,05,07
219.0,222.0,Phylloscopus nitidus,Green Warbler,0.8326,psl3,2024,07,05,07
225.0,228.0,Phylloscopus trochiloides,Greenish Warbler,0.8399,psl3,2024,07,05,07
228.0,231.0,Phylloscopus nitidus,Green Warbler,0.6629,psl3,2024,07,05,07
228.0,231.0,Phylloscopus trochiloides,Greenish Warbler,0.6154,psl3,2024,07,05,07
231.0,234.0,Larvivora brunnea,Indian Blue Robin,0.9795,psl3,2024,07,05,07
240.0,243.0,Larvivora brunnea,Indian Blue Robin,0.9813,psl3,2024,07,05,07
255.0,258.0,Phylloscopus trochiloides,Greenish Warbler,0.6138,psl3,2024,07,05,07
261.0,264.0,Larvivora brunnea,Indian Blue Robin,0.986,psl3,2024,07,05,07
270.0,273.0,Larvivora brunnea,Indian Blue Robin,0.652,psl3,2024,07,05,07
276.0,279.0,Phylloscopus reguloides,Blyth's Leaf Warbler,0.6318,psl3,2024,07,05,07
303.0,306.0,Phylloscopus nitidus,Green Warbler,0.5831,psl3,2024,07,05,07
312.0,315.0,Phylloscopus nitidus,Green Warbler,0.8192,psl3,2024,07,05,07
312.0,315.0,Phylloscopus trochiloides,Greenish Warbler,0.5577,psl3,2024,07,05,07
330.0,333.0,Phylloscopus nitidus,Green Warbler,0.8765,psl3,2024,07,05,07
330.0,333.0,Phylloscopus trochiloides,Greenish Warbler,0.6497,psl3,2024,07,05,07
336.0,339.0,Phylloscopus trochiloides,Greenish Warbler,0.9295,psl3,2024,07,05,07
339.0,342.0,Phylloscopus reguloides,Blyth's Leaf Warbler,0.7262,psl3,2024,07,05,07
360.0,363.0,Phylloscopus trochiloides,Greenish Warbler,0.8889,psl3,2024,07,05,07
360.0,363.0,Phylloscopus nitidus,Green Warbler,0.6815,psl3,2024,07,05,07
387.0,390.0,Larvivora brunnea,Indian Blue Robin,0.7404,psl3,2024,07,05,07
393.0,396.0,Phylloscopus trochiloides,Greenish Warbler,0.8395,psl3,2024,07,05,07
396.0,399.0,Phylloscopus trochiloides,Greenish Warbler,0.8443,psl3,2024,07,05,07
399.0,402.0,Phylloscopus trochiloides,Greenish Warbler,0.9072,psl3,2024,07,05,07
408.0,411.0,Larvivora brunnea,Indian Blue Robin,0.9845,psl3,2024,07,05,07
417.0,420.0,Larvivora brunnea,Indian Blue Robin,0.5692,psl3,2024,07,05,07
420.0,423.0,Ficedula hypoleuca,European Pied Flycatcher,0.7675,psl3,2024,07,05,07
423.0,426.0,Trochalopteron variegatum,Variegated Laughingthrush,0.9372,psl3,2024,07,05,07
432.0,435.0,Phylloscopus trochiloides,Greenish Warbler,0.6219,psl3,2024,07,05,07
435.0,438.0,Larvivora brunnea,Indian Blue Robin,0.7843,psl3,2024,07,05,07
438.0,441.0,Phylloscopus nitidus,Green Warbler,0.801,psl3,2024,07,05,07
447.0,450.0,Phylloscopus trochiloides,Greenish Warbler,0.7351,psl3,2024,07,05,07
483.0,486.0,Larvivora brunnea,Indian Blue Robin,0.7131,psl3,2024,07,05,07
495.0,498.0,Phylloscopus trochiloides,Greenish Warbler,0.6928,psl3,2024,07,05,07
501.0,504.0,Phylloscopus trochiloides,Greenish Warbler,0.6651,psl3,2024,07,05,07
507.0,510.0,Larvivora brunnea,Indian Blue Robin,0.685,psl3,2024,07,05,07
516.0,519.0,Phylloscopus nitidus,Green Warbler,0.904,psl3,2024,07,05,07
519.0,522.0,Phylloscopus nitidus,Green Warbler,0.9675,psl3,2024,07,05,07
534.0,537.0,Phylloscopus nitidus,Green Warbler,0.6431,psl3,2024,07,05,07
537.0,540.0,Phylloscopus humei,Hume's Warbler,0.7854,psl3,2024,07,05,07
540.0,543.0,Phylloscopus humei,Hume's Warbler,0.6515,psl3,2024,07,05,07
546.0,549.0,Phylloscopus nitidus,Green Warbler,0.5061,psl3,2024,07,05,07
555.0,558.0,Phylloscopus humei,Hume's Warbler,0.6573,psl3,2024,07,05,07
561.0,564.0,Phylloscopus humei,Hume's Warbler,0.8451,psl3,2024,07,05,07
567.0,570.0,Larvivora brunnea,Indian Blue Robin,0.9057,psl3,2024,07,05,07
570.0,573.0,Phylloscopus humei,Hume's Warbler,0.9633,psl3,2024,07,05,07
573.0,576.0,Phylloscopus humei,Hume's Warbler,0.8795,psl3,2024,07,05,07
576.0,579.0,Phylloscopus humei,Hume's Warbler,0.8219,psl3,2024,07,05,07
579.0,582.0,Phylloscopus humei,Hume's Warbler,0.9304,psl3,2024,07,05,07
582.0,585.0,Phylloscopus humei,Hume's Warbler,0.561,psl3,2024,07,05,07
588.0,591.0,Phylloscopus trochiloides,Greenish Warbler,0.5599,psl3,2024,07,05,07
597.0,600.0,Phylloscopus humei,Hume's Warbler,0.79,psl3,2024,07,05,07
606.0,609.0,Phylloscopus humei,Hume's Warbler,0.5154,psl3,2024,07,05,07
609.0,612.0,Phylloscopus humei,Hume's Warbler,0.7768,psl3,2024,07,05,07
612.0,615.0,Phylloscopus humei,Hume's Warbler,0.9097,psl3,2024,07,05,07
615.0,618.0,Phylloscopus humei,Hume's Warbler,0.6837,psl3,2024,07,05,07
621.0,624.0,Phylloscopus humei,Hume's Warbler,0.8943,psl3,2024,07,05,07
627.0,630.0,Certhia brachydactyla,Short-toed Treecreeper,0.5144,psl3,2024,07,05,07
630.0,633.0,Phylloscopus humei,Hume's Warbler,0.5402,psl3,2024,07,05,07
633.0,636.0,Phylloscopus humei,Hume's Warbler,0.9341,psl3,2024,07,05,07
636.0,639.0,Phylloscopus humei,Hume's Warbler,0.528,psl3,2024,07,05,07
642.0,645.0,Phylloscopus humei,Hume's Warbler,0.5116,psl3,2024,07,05,07
645.0,648.0,Larvivora brunnea,Indian Blue Robin,0.9364,psl3,2024,07,05,07
648.0,651.0,Phylloscopus humei,Hume's Warbler,0.9004,psl3,2024,07,05,07
657.0,660.0,Zosterops simplex,Swinhoe's White-eye,0.8695,psl3,2024,07,05,07
660.0,663.0,Larvivora brunnea,Indian Blue Robin,0.7821,psl3,2024,07,05,07
660.0,663.0,Phylloscopus humei,Hume's Warbler,0.5176,psl3,2024,07,05,07
663.0,666.0,Phylloscopus humei,Hume's Warbler,0.8673,psl3,2024,07,05,07
669.0,672.0,Phylloscopus humei,Hume's Warbler,0.6193,psl3,2024,07,05,07
687.0,690.0,Larvivora brunnea,Indian Blue Robin,0.7358,psl3,2024,07,05,07
723.0,726.0,Larvivora brunnea,Indian Blue Robin,0.5345,psl3,2024,07,05,07
726.0,729.0,Larvivora brunnea,Indian Blue Robin,0.9181,psl3,2024,07,05,07
738.0,741.0,Larvivora brunnea,Indian Blue Robin,0.8683,psl3,2024,07,05,07
765.0,768.0,Phylloscopus humei,Hume's Warbler,0.958,psl3,2024,07,05,07
768.0,771.0,Phylloscopus humei,Hume's Warbler,0.9327,psl3,2024,07,05,07
771.0,774.0,Phylloscopus humei,Hume's Warbler,0.9527,psl3,2024,07,05,07
843.0,846.0,Phylloscopus humei,Hume's Warbler,0.8514,psl3,2024,07,05,07
846.0,849.0,Phylloscopus humei,Hume's Warbler,0.8641,psl3,2024,07,05,07
858.0,861.0,Setophaga townsendi,Townsend's Warbler,0.5441,psl3,2024,07,05,07
882.0,885.0,Larvivora brunnea,Indian Blue Robin,0.6204,psl3,2024,07,05,07
12.0,15.0,Larvivora brunnea,Indian Blue Robin,0.6995,psl3,2024,07,06,05
15.0,18.0,Larvivora brunnea,Indian Blue Robin,0.9897,psl3,2024,07,06,05
21.0,24.0,Larvivora brunnea,Indian Blue Robin,0.7466,psl3,2024,07,06,05
24.0,27.0,Larvivora brunnea,Indian Blue Robin,0.9695,psl3,2024,07,06,05
33.0,36.0,Larvivora brunnea,Indian Blue Robin,0.7678,psl3,2024,07,06,05
51.0,54.0,Larvivora cyane,Siberian Blue Robin,0.8392,psl3,2024,07,06,05
57.0,60.0,Larvivora brunnea,Indian Blue Robin,0.5901,psl3,2024,07,06,05
60.0,63.0,Larvivora brunnea,Indian Blue Robin,0.9923,psl3,2024,07,06,05
63.0,66.0,Larvivora brunnea,Indian Blue Robin,0.9946,psl3,2024,07,06,05
66.0,69.0,Larvivora cyane,Siberian Blue Robin,0.7931,psl3,2024,07,06,05
78.0,81.0,Larvivora brunnea,Indian Blue Robin,0.8995,psl3,2024,07,06,05
81.0,84.0,Larvivora brunnea,Indian Blue Robin,0.7911,psl3,2024,07,06,05
84.0,87.0,Larvivora brunnea,Indian Blue Robin,0.9855,psl3,2024,07,06,05
96.0,99.0,Larvivora brunnea,Indian Blue Robin,0.9921,psl3,2024,07,06,05
99.0,102.0,Larvivora brunnea,Indian Blue Robin,0.9909,psl3,2024,07,06,05
114.0,117.0,Larvivora brunnea,Indian Blue Robin,0.9629,psl3,2024,07,06,05
117.0,120.0,Larvivora brunnea,Indian Blue Robin,0.9694,psl3,2024,07,06,05
120.0,123.0,Larvivora cyane,Siberian Blue Robin,0.6174,psl3,2024,07,06,05
126.0,129.0,Larvivora brunnea,Indian Blue Robin,0.5276,psl3,2024,07,06,05
132.0,135.0,Larvivora brunnea,Indian Blue Robin,0.9768,psl3,2024,07,06,05
135.0,138.0,Larvivora brunnea,Indian Blue Robin,0.9967,psl3,2024,07,06,05
150.0,153.0,Larvivora brunnea,Indian Blue Robin,0.9647,psl3,2024,07,06,05
153.0,156.0,Larvivora brunnea,Indian Blue Robin,0.9662,psl3,2024,07,06,05
159.0,162.0,Phylloscopus magnirostris,Large-billed Leaf Warbler,0.8551,psl3,2024,07,06,05
159.0,162.0,Larvivora brunnea,Indian Blue Robin,0.711,psl3,2024,07,06,05
171.0,174.0,Larvivora brunnea,Indian Blue Robin,0.66,psl3,2024,07,06,05
174.0,177.0,Larvivora brunnea,Indian Blue Robin,0.9485,psl3,2024,07,06,05
177.0,180.0,Larvivora brunnea,Indian Blue Robin,0.9908,psl3,2024,07,06,05
183.0,186.0,Larvivora brunnea,Indian Blue Robin,0.9657,psl3,2024,07,06,05
195.0,198.0,Larvivora brunnea,Indian Blue Robin,0.8895,psl3,2024,07,06,05
222.0,225.0,Larvivora brunnea,Indian Blue Robin,0.974,psl3,2024,07,06,05
225.0,228.0,Larvivora brunnea,Indian Blue Robin,0.9323,psl3,2024,07,06,05
234.0,237.0,Larvivora brunnea,Indian Blue Robin,0.8559,psl3,2024,07,06,05
237.0,240.0,Larvivora brunnea,Indian Blue Robin,0.8168,psl3,2024,07,06,05
243.0,246.0,Larvivora brunnea,Indian Blue Robin,0.9604,psl3,2024,07,06,05
252.0,255.0,Larvivora brunnea,Indian Blue Robin,0.7243,psl3,2024,07,06,05
267.0,270.0,Larvivora brunnea,Indian Blue Robin,0.994,psl3,2024,07,06,05
279.0,282.0,Larvivora brunnea,Indian Blue Robin,0.6236,psl3,2024,07,06,05
288.0,291.0,Setophaga townsendi,Townsend's Warbler,0.7799,psl3,2024,07,06,05
291.0,294.0,Larvivora brunnea,Indian Blue Robin,0.6408,psl3,2024,07,06,05
294.0,297.0,Larvivora brunnea,Indian Blue Robin,0.6517,psl3,2024,07,06,05
303.0,306.0,Larvivora brunnea,Indian Blue Robin,0.9837,psl3,2024,07,06,05
321.0,324.0,Larvivora brunnea,Indian Blue Robin,0.8387,psl3,2024,07,06,05
339.0,342.0,Larvivora brunnea,Indian Blue Robin,0.5439,psl3,2024,07,06,05
351.0,354.0,Larvivora brunnea,Indian Blue Robin,0.9105,psl3,2024,07,06,05
372.0,375.0,Larvivora brunnea,Indian Blue Robin,0.9587,psl3,2024,07,06,05
381.0,384.0,Larvivora brunnea,Indian Blue Robin,0.9842,psl3,2024,07,06,05
414.0,417.0,Larvivora brunnea,Indian Blue Robin,0.8951,psl3,2024,07,06,05
435.0,438.0,Larvivora brunnea,Indian Blue Robin,0.9862,psl3,2024,07,06,05
456.0,459.0,Larvivora brunnea,Indian Blue Robin,0.7015,psl3,2024,07,06,05
459.0,462.0,Larvivora brunnea,Indian Blue Robin,0.6337,psl3,2024,07,06,05
483.0,486.0,Larvivora brunnea,Indian Blue Robin,0.9917,psl3,2024,07,06,05
486.0,489.0,Phylloscopus trochiloides,Greenish Warbler,0.6494,psl3,2024,07,06,05
486.0,489.0,Phylloscopus nitidus,Green Warbler,0.525,psl3,2024,07,06,05
495.0,498.0,Larvivora brunnea,Indian Blue Robin,0.7991,psl3,2024,07,06,05
510.0,513.0,Larvivora brunnea,Indian Blue Robin,0.9858,psl3,2024,07,06,05
525.0,528.0,Larvivora brunnea,Indian Blue Robin,0.7772,psl3,2024,07,06,05
537.0,540.0,Larvivora brunnea,Indian Blue Robin,0.9802,psl3,2024,07,06,05
570.0,573.0,Phylloscopus trochiloides,Greenish Warbler,0.6146,psl3,2024,07,06,05
609.0,612.0,Larvivora brunnea,Indian Blue Robin,0.9084,psl3,2024,07,06,05
621.0,624.0,Larvivora brunnea,Indian Blue Robin,0.9575,psl3,2024,07,06,05
636.0,639.0,Larvivora brunnea,Indian Blue Robin,0.9279,psl3,2024,07,06,05
648.0,651.0,Larvivora brunnea,Indian Blue Robin,0.9709,psl3,2024,07,06,05
657.0,660.0,Larvivora brunnea,Indian Blue Robin,0.5721,psl3,2024,07,06,05
675.0,678.0,Larvivora brunnea,Indian Blue Robin,0.8947,psl3,2024,07,06,05
687.0,690.0,Larvivora brunnea,Indian Blue Robin,0.927,psl3,2024,07,06,05
690.0,693.0,Phylloscopus goodsoni,Hartert's Leaf Warbler,0.5223,psl3,2024,07,06,05
702.0,705.0,Larvivora brunnea,Indian Blue Robin,0.8883,psl3,2024,07,06,05
747.0,750.0,Larvivora brunnea,Indian Blue Robin,0.9426,psl3,2024,07,06,05
777.0,780.0,Larvivora brunnea,Indian Blue Robin,0.8598,psl3,2024,07,06,05
777.0,780.0,Phylloscopus magnirostris,Large-billed Leaf Warbler,0.584,psl3,2024,07,06,05
783.0,786.0,Phylloscopus magnirostris,Large-billed Leaf Warbler,0.6779,psl3,2024,07,06,05
786.0,789.0,Larvivora brunnea,Indian Blue Robin,0.9951,psl3,2024,07,06,05
789.0,792.0,Larvivora brunnea,Indian Blue Robin,0.7003,psl3,2024,07,06,05
804.0,807.0,Phylloscopus magnirostris,Large-billed Leaf Warbler,0.5968,psl3,2024,07,06,05
804.0,807.0,Larvivora brunnea,Indian Blue Robin,0.5603,psl3,2024,07,06,05
822.0,825.0,Larvivora brunnea,Indian Blue Robin,0.6409,psl3,2024,07,06,05
831.0,834.0,Larvivora brunnea,Indian Blue Robin,0.9327,psl3,2024,07,06,05
834.0,837.0,Larvivora brunnea,Indian Blue Robin,0.7426,psl3,2024,07,06,05
843.0,846.0,Larvivora brunnea,Indian Blue Robin,0.608,psl3,2024,07,06,05
855.0,858.0,Larvivora brunnea,Indian Blue Robin,0.9423,psl3,2024,07,06,05
879.0,882.0,Larvivora brunnea,Indian Blue Robin,0.9725,psl3,2024,07,06,05
0.0,3.0,Larvivora brunnea,Indian Blue Robin,0.9782,psl3,2024,07,06,06
9.0,12.0,Phylloscopus magnirostris,Large-billed Leaf Warbler,0.5601,psl3,2024,07,06,06
21.0,24.0,Larvivora brunnea,Indian Blue Robin,0.9811,psl3,2024,07,06,06
27.0,30.0,Phylloscopus trochiloides,Greenish Warbler,0.9207,psl3,2024,07,06,06
33.0,36.0,Larvivora brunnea,Indian Blue Robin,0.6613,psl3,2024,07,06,06
36.0,39.0,Phylloscopus trochiloides,Greenish Warbler,0.6145,psl3,2024,07,06,06
45.0,48.0,Larvivora brunnea,Indian Blue Robin,0.9703,psl3,2024,07,06,06
48.0,51.0,Phylloscopus trochiloides,Greenish Warbler,0.8703,psl3,2024,07,06,06
60.0,63.0,Larvivora brunnea,Indian Blue Robin,0.9229,psl3,2024,07,06,06
72.0,75.0,Larvivora brunnea,Indian Blue Robin,0.7487,psl3,2024,07,06,06
75.0,78.0,Larvivora brunnea,Indian Blue Robin,0.9585,psl3,2024,07,06,06
84.0,87.0,Larvivora brunnea,Indian Blue Robin,0.7315,psl3,2024,07,06,06
99.0,102.0,Larvivora brunnea,Indian Blue Robin,0.9992,psl3,2024,07,06,06
105.0,108.0,Phylloscopus trochiloides,Greenish Warbler,0.8508,psl3,2024,07,06,06
114.0,117.0,Phylloscopus plumbeitarsus,Two-barred Warbler,0.6112,psl3,2024,07,06,06
156.0,159.0,Phylloscopus nitidus,Green Warbler,0.5778,psl3,2024,07,06,06
162.0,165.0,Phylloscopus trochiloides,Greenish Warbler,0.5316,psl3,2024,07,06,06
309.0,312.0,Larvivora brunnea,Indian Blue Robin,0.9849,psl3,2024,07,06,06
786.0,789.0,Larvivora brunnea,Indian Blue Robin,0.6732,psl3,2024,07,06,06
807.0,810.0,Larvivora brunnea,Indian Blue Robin,0.6946,psl3,2024,07,06,06
828.0,831.0,Setophaga townsendi,Townsend's Warbler,0.5204,psl3,2024,07,06,06
837.0,840.0,Larvivora brunnea,Indian Blue Robin,0.9192,psl3,2024,07,06,06
858.0,861.0,Larvivora brunnea,Indian Blue Robin,0.5368,psl3,2024,07,06,06
867.0,870.0,Larvivora brunnea,Indian Blue Robin,0.918,psl3,2024,07,06,06
888.0,891.0,Larvivora brunnea,Indian Blue Robin,0.8649,psl3,2024,07,06,06
0.0,3.0,Larvivora brunnea,Indian Blue Robin,0.9123,psl3,2024,07,06,07
12.0,15.0,Larvivora brunnea,Indian Blue Robin,0.9805,psl3,2024,07,06,07
18.0,21.0,Phylloscopus nitidus,Green Warbler,0.5702,psl3,2024,07,06,07
24.0,27.0,Larvivora brunnea,Indian Blue Robin,0.6345,psl3,2024,07,06,07
27.0,30.0,Larvivora brunnea,Indian Blue Robin,0.5125,psl3,2024,07,06,07
39.0,42.0,Larvivora brunnea,Indian Blue Robin,0.9818,psl3,2024,07,06,07
48.0,51.0,Larvivora brunnea,Indian Blue Robin,0.9414,psl3,2024,07,06,07
51.0,54.0,Larvivora brunnea,Indian Blue Robin,0.5573,psl3,2024,07,06,07
63.0,66.0,Larvivora brunnea,Indian Blue Robin,0.8489,psl3,2024,07,06,07
78.0,81.0,Phylloscopus reguloides,Blyth's Leaf Warbler,0.6855,psl3,2024,07,06,07
84.0,87.0,Larvivora brunnea,Indian Blue Robin,0.9884,psl3,2024,07,06,07
90.0,93.0,Phylloscopus nitidus,Green Warbler,0.5221,psl3,2024,07,06,07
93.0,96.0,Phylloscopus magnirostris,Large-billed Leaf Warbler,0.655,psl3,2024,07,06,07
93.0,96.0,Larvivora brunnea,Indian Blue Robin,0.553,psl3,2024,07,06,07
102.0,105.0,Phylloscopus nitidus,Green Warbler,0.6327,psl3,2024,07,06,07
105.0,108.0,Larvivora brunnea,Indian Blue Robin,0.9827,psl3,2024,07,06,07
111.0,114.0,Phylloscopus nitidus,Green Warbler,0.9088,psl3,2024,07,06,07
117.0,120.0,Larvivora brunnea,Indian Blue Robin,0.928,psl3,2024,07,06,07
117.0,120.0,Phylloscopus magnirostris,Large-billed Leaf Warbler,0.7766,psl3,2024,07,06,07
117.0,120.0,Phylloscopus nitidus,Green Warbler,0.54,psl3,2024,07,06,07
123.0,126.0,Phylloscopus goodsoni,Hartert's Leaf Warbler,0.5756,psl3,2024,07,06,07
126.0,129.0,Larvivora brunnea,Indian Blue Robin,0.9731,psl3,2024,07,06,07
129.0,132.0,Phylloscopus trochiloides,Greenish Warbler,0.697,psl3,2024,07,06,07
135.0,138.0,Larvivora brunnea,Indian Blue Robin,0.7134,psl3,2024,07,06,07
144.0,147.0,Larvivora brunnea,Indian Blue Robin,0.8157,psl3,2024,07,06,07
144.0,147.0,Phylloscopus magnirostris,Large-billed Leaf Warbler,0.5799,psl3,2024,07,06,07
147.0,150.0,Larvivora brunnea,Indian Blue Robin,0.8933,psl3,2024,07,06,07
156.0,159.0,Larvivora brunnea,Indian Blue Robin,0.9779,psl3,2024,07,06,07
159.0,162.0,Phylloscopus nitidus,Green Warbler,0.8631,psl3,2024,07,06,07
177.0,180.0,Larvivora brunnea,Indian Blue Robin,0.7764,psl3,2024,07,06,07
177.0,180.0,Phylloscopus nitidus,Green Warbler,0.5449,psl3,2024,07,06,07
195.0,198.0,Larvivora brunnea,Indian Blue Robin,0.9062,psl3,2024,07,06,07
204.0,207.0,Larvivora brunnea,Indian Blue Robin,0.5286,psl3,2024,07,06,07
207.0,210.0,Larvivora brunnea,Indian Blue Robin,0.9745,psl3,2024,07,06,07
216.0,219.0,Larvivora brunnea,Indian Blue Robin,0.9815,psl3,2024,07,06,07
225.0,228.0,Larvivora brunnea,Indian Blue Robin,0.7143,psl3,2024,07,06,07
228.0,231.0,Larvivora brunnea,Indian Blue Robin,0.8643,psl3,2024,07,06,07
237.0,240.0,Larvivora brunnea,Indian Blue Robin,0.86,psl3,2024,07,06,07
246.0,249.0,Larvivora brunnea,Indian Blue Robin,0.7601,psl3,2024,07,06,07
258.0,261.0,Larvivora brunnea,Indian Blue Robin,0.9706,psl3,2024,07,06,07
270.0,273.0,Larvivora brunnea,Indian Blue Robin,0.9622,psl3,2024,07,06,07
291.0,294.0,Phylloscopus trochiloides,Greenish Warbler,0.5202,psl3,2024,07,06,07
294.0,297.0,Phylloscopus trochiloides,Greenish Warbler,0.6398,psl3,2024,07,06,07
378.0,381.0,Phylloscopus nitidus,Green Warbler,0.6143,psl3,2024,07,06,07
399.0,402.0,Phylloscopus plumbeitarsus,Two-barred Warbler,0.7018,psl3,2024,07,06,07
417.0,420.0,Phylloscopus trochiloides,Greenish Warbler,0.5398,psl3,2024,07,06,07
465.0,468.0,Phylloscopus trochiloides,Greenish Warbler,0.7684,psl3,2024,07,06,07
474.0,477.0,Phylloscopus nitidus,Green Warbler,0.9529,psl3,2024,07,06,07
483.0,486.0,Phylloscopus nitidus,Green Warbler,0.7109,psl3,2024,07,06,07
486.0,489.0,Phylloscopus nitidus,Green Warbler,0.8192,psl3,2024,07,06,07
507.0,510.0,Phylloscopus nitidus,Green Warbler,0.6259,psl3,2024,07,06,07
51.0,54.0,Spinus spinus,Eurasian Siskin,0.5751,psl3,2024,07,07,05
87.0,90.0,Setophaga townsendi,Townsend's Warbler,0.7935,psl3,2024,07,07,05
111.0,114.0,Larvivora brunnea,Indian Blue Robin,0.5101,psl3,2024,07,07,05
141.0,144.0,Larvivora brunnea,Indian Blue Robin,0.6324,psl3,2024,07,07,05
345.0,348.0,Larvivora brunnea,Indian Blue Robin,0.613,psl3,2024,07,07,05
351.0,354.0,Phylloscopus nitidus,Green Warbler,0.5552,psl3,2024,07,07,05
357.0,360.0,Larvivora brunnea,Indian Blue Robin,0.9147,psl3,2024,07,07,05
372.0,375.0,Larvivora brunnea,Indian Blue Robin,0.5422,psl3,2024,07,07,05
387.0,390.0,Larvivora brunnea,Indian Blue Robin,0.9286,psl3,2024,07,07,05
765.0,768.0,Phylloscopus occipitalis,Western Crowned Warbler,0.7536,psl3,2024,07,07,05
786.0,789.0,Phylloscopus occipitalis,Western Crowned Warbler,0.9245,psl3,2024,07,07,05
795.0,798.0,Phylloscopus occipitalis,Western Crowned Warbler,0.7211,psl3,2024,07,07,05
798.0,801.0,Phylloscopus occipitalis,Western Crowned Warbler,0.973,psl3,2024,07,07,05
840.0,843.0,Phylloscopus nitidus,Green Warbler,0.7757,psl3,2024,07,07,05
894.0,897.0,Phylloscopus tytleri,Tytler's Leaf Warbler,0.5188,psl3,2024,07,07,05
240.0,243.0,Prinia socialis,Ashy Prinia,0.5682,psl3,2024,07,07,06
456.0,459.0,Setophaga townsendi,Townsend's Warbler,0.5531,psl3,2024,07,07,06
594.0,597.0,Basileuterus rufifrons,Rufous-capped Warbler,0.636,psl3,2024,07,07,06
768.0,771.0,Phylloscopus nitidus,Green Warbler,0.659,psl3,2024,07,07,06
780.0,783.0,Phylloscopus nitidus,Green Warbler,0.6241,psl3,2024,07,07,06
840.0,843.0,Phylloscopus trochiloides,Greenish Warbler,0.8064,psl3,2024,07,07,06
843.0,846.0,Phylloscopus trochiloides,Greenish Warbler,0.7075,psl3,2024,07,07,06
846.0,849.0,Phylloscopus trochiloides,Greenish Warbler,0.8378,psl3,2024,07,07,06
846.0,849.0,Phylloscopus nitidus,Green Warbler,0.5871,psl3,2024,07,07,06
864.0,867.0,Phylloscopus nitidus,Green Warbler,0.8709,psl3,2024,07,07,06
867.0,870.0,Phylloscopus nitidus,Green Warbler,0.8495,psl3,2024,07,07,06
873.0,876.0,Phylloscopus trochiloides,Greenish Warbler,0.6018,psl3,2024,07,07,06
888.0,891.0,Phylloscopus nitidus,Green Warbler,0.6618,psl3,2024,07,07,06
888.0,891.0,Phylloscopus trochiloides,Greenish Warbler,0.6365,psl3,2024,07,07,06
36.0,39.0,Larvivora brunnea,Indian Blue Robin,0.7447,psl3,2024,07,07,07
42.0,45.0,Coccothraustes coccothraustes,Hawfinch,0.7982,psl3,2024,07,07,07
48.0,51.0,Larvivora brunnea,Indian Blue Robin,0.7529,psl3,2024,07,07,07
69.0,72.0,Larvivora brunnea,Indian Blue Robin,0.6201,psl3,2024,07,07,07
81.0,84.0,Larvivora brunnea,Indian Blue Robin,0.6371,psl3,2024,07,07,07
84.0,87.0,Anthus hodgsoni,Olive-backed Pipit,0.7041,psl3,2024,07,07,07
93.0,96.0,Setophaga townsendi,Townsend's Warbler,0.7034,psl3,2024,07,07,07
150.0,153.0,Anthus hodgsoni,Olive-backed Pipit,0.5022,psl3,2024,07,07,07
165.0,168.0,Anthus hodgsoni,Olive-backed Pipit,0.6683,psl3,2024,07,07,07
222.0,225.0,Setophaga townsendi,Townsend's Warbler,0.7384,psl3,2024,07,07,07
264.0,267.0,Larvivora brunnea,Indian Blue Robin,0.6385,psl3,2024,07,07,07
330.0,333.0,Larvivora brunnea,Indian Blue Robin,0.5985,psl3,2024,07,07,07
402.0,405.0,Larvivora brunnea,Indian Blue Robin,0.5326,psl3,2024,07,07,07
411.0,414.0,Larvivora brunnea,Indian Blue Robin,0.9244,psl3,2024,07,07,07
627.0,630.0,Anthus hodgsoni,Olive-backed Pipit,0.93,psl3,2024,07,07,07
642.0,645.0,Anthus hodgsoni,Olive-backed Pipit,0.5329,psl3,2024,07,07,07
849.0,852.0,Coccothraustes coccothraustes,Hawfinch,0.5468,psl3,2024,07,07,07
864.0,867.0,Anthus hodgsoni,Olive-backed Pipit,0.7869,psl3,2024,07,07,07
885.0,888.0,Anthus hodgsoni,Olive-backed Pipit,0.6561,psl3,2024,07,07,07
12.0,15.0,Larvivora brunnea,Indian Blue Robin,0.9911,psl3,2024,07,08,05
12.0,15.0,Larvivora cyane,Siberian Blue Robin,0.7399,psl3,2024,07,08,05
48.0,51.0,Larvivora brunnea,Indian Blue Robin,0.9405,psl3,2024,07,08,05
81.0,84.0,Larvivora brunnea,Indian Blue Robin,0.8313,psl3,2024,07,08,05
93.0,96.0,Phylloscopus magnirostris,Large-billed Leaf Warbler,0.6002,psl3,2024,07,08,05
96.0,99.0,Brachypteryx cruralis,Himalayan Shortwing,0.561,psl3,2024,07,08,05
111.0,114.0,Basileuterus rufifrons,Rufous-capped Warbler,0.7217,psl3,2024,07,08,05
141.0,144.0,Larvivora brunnea,Indian Blue Robin,0.5882,psl3,2024,07,08,05
186.0,189.0,Phylloscopus magnirostris,Large-billed Leaf Warbler,0.8563,psl3,2024,07,08,05
186.0,189.0,Larvivora brunnea,Indian Blue Robin,0.7759,psl3,2024,07,08,05
213.0,216.0,Larvivora brunnea,Indian Blue Robin,0.7827,psl3,2024,07,08,05
228.0,231.0,Larvivora brunnea,Indian Blue Robin,0.6856,psl3,2024,07,08,05
255.0,258.0,Phylloscopus goodsoni,Hartert's Leaf Warbler,0.5247,psl3,2024,07,08,05
255.0,258.0,Phylloscopus plumbeitarsus,Two-barred Warbler,0.5111,psl3,2024,07,08,05
288.0,291.0,Phylloscopus plumbeitarsus,Two-barred Warbler,0.5886,psl3,2024,07,08,05
294.0,297.0,Phylloscopus tytleri,Tytler's Leaf Warbler,0.6715,psl3,2024,07,08,05
315.0,318.0,Larvivora brunnea,Indian Blue Robin,0.6167,psl3,2024,07,08,05
348.0,351.0,Phylloscopus nitidus,Green Warbler,0.5709,psl3,2024,07,08,05
588.0,591.0,Phylloscopus trochiloides,Greenish Warbler,0.5035,psl3,2024,07,08,05
660.0,663.0,Phylloscopus plumbeitarsus,Two-barred Warbler,0.5103,psl3,2024,07,08,05
705.0,708.0,Phylloscopus magnirostris,Large-billed Leaf Warbler,0.5645,psl3,2024,07,08,05
708.0,711.0,Phylloscopus tytleri,Tytler's Leaf Warbler,0.5786,psl3,2024,07,08,05
717.0,720.0,Phylloscopus tytleri,Tytler's Leaf Warbler,0.5031,psl3,2024,07,08,05
753.0,756.0,Phylloscopus trochiloides,Greenish Warbler,0.5692,psl3,2024,07,08,05
756.0,759.0,Phylloscopus nitidus,Green Warbler,0.7395,psl3,2024,07,08,05
756.0,759.0,Phylloscopus trochiloides,Greenish Warbler,0.5081,psl3,2024,07,08,05
774.0,777.0,Phylloscopus nitidus,Green Warbler,0.5983,psl3,2024,07,08,05
792.0,795.0,Basileuterus rufifrons,Rufous-capped Warbler,0.5665,psl3,2024,07,08,05
795.0,798.0,Phylloscopus nitidus,Green Warbler,0.7221,psl3,2024,07,08,05
0.0,3.0,Larvivora brunnea,Indian Blue Robin,0.8703,psl3,2024,07,08,06
9.0,12.0,Larvivora brunnea,Indian Blue Robin,0.6611,psl3,2024,07,08,06
12.0,15.0,Larvivora brunnea,Indian Blue Robin,0.6086,psl3,2024,07,08,06
21.0,24.0,Larvivora brunnea,Indian Blue Robin,0.993,psl3,2024,07,08,06
24.0,27.0,Larvivora brunnea,Indian Blue Robin,0.7571,psl3,2024,07,08,06
30.0,33.0,Larvivora brunnea,Indian Blue Robin,0.976,psl3,2024,07,08,06
39.0,42.0,Larvivora brunnea,Indian Blue Robin,0.9983,psl3,2024,07,08,06
48.0,51.0,Larvivora brunnea,Indian Blue Robin,0.6272,psl3,2024,07,08,06
54.0,57.0,Larvivora brunnea,Indian Blue Robin,0.9506,psl3,2024,07,08,06
57.0,60.0,Larvivora brunnea,Indian Blue Robin,0.993,psl3,2024,07,08,06
66.0,69.0,Larvivora brunnea,Indian Blue Robin,0.9561,psl3,2024,07,08,06
69.0,72.0,Larvivora brunnea,Indian Blue Robin,0.5576,psl3,2024,07,08,06
78.0,81.0,Larvivora brunnea,Indian Blue Robin,0.9918,psl3,2024,07,08,06
87.0,90.0,Larvivora brunnea,Indian Blue Robin,0.9974,psl3,2024,07,08,06
96.0,99.0,Larvivora brunnea,Indian Blue Robin,0.9969,psl3,2024,07,08,06
105.0,108.0,Larvivora brunnea,Indian Blue Robin,0.8358,psl3,2024,07,08,06
117.0,120.0,Larvivora brunnea,Indian Blue Robin,0.9985,psl3,2024,07,08,06
126.0,129.0,Larvivora brunnea,Indian Blue Robin,0.8598,psl3,2024,07,08,06
129.0,132.0,Larvivora brunnea,Indian Blue Robin,0.858,psl3,2024,07,08,06
138.0,141.0,Larvivora brunnea,Indian Blue Robin,0.9932,psl3,2024,07,08,06
147.0,150.0,Larvivora brunnea,Indian Blue Robin,0.8737,psl3,2024,07,08,06
150.0,153.0,Larvivora brunnea,Indian Blue Robin,0.588,psl3,2024,07,08,06
159.0,162.0,Larvivora brunnea,Indian Blue Robin,0.9963,psl3,2024,07,08,06
171.0,174.0,Larvivora brunnea,Indian Blue Robin,0.8902,psl3,2024,07,08,06
174.0,177.0,Larvivora brunnea,Indian Blue Robin,0.9761,psl3,2024,07,08,06
186.0,189.0,Larvivora brunnea,Indian Blue Robin,0.9817,psl3,2024,07,08,06
204.0,207.0,Larvivora brunnea,Indian Blue Robin,0.9931,psl3,2024,07,08,06
219.0,222.0,Larvivora brunnea,Indian Blue Robin,0.9959,psl3,2024,07,08,06
234.0,237.0,Larvivora brunnea,Indian Blue Robin,0.9966,psl3,2024,07,08,06
246.0,249.0,Larvivora brunnea,Indian Blue Robin,0.8516,psl3,2024,07,08,06
249.0,252.0,Setophaga townsendi,Townsend's Warbler,0.6417,psl3,2024,07,08,06
249.0,252.0,Larvivora brunnea,Indian Blue Robin,0.5087,psl3,2024,07,08,06
258.0,261.0,Larvivora brunnea,Indian Blue Robin,0.8993,psl3,2024,07,08,06
261.0,264.0,Larvivora brunnea,Indian Blue Robin,0.9735,psl3,2024,07,08,06
270.0,273.0,Larvivora brunnea,Indian Blue Robin,0.7812,psl3,2024,07,08,06
273.0,276.0,Larvivora brunnea,Indian Blue Robin,0.6293,psl3,2024,07,08,06
282.0,285.0,Larvivora brunnea,Indian Blue Robin,0.9308,psl3,2024,07,08,06
294.0,297.0,Larvivora brunnea,Indian Blue Robin,0.9978,psl3,2024,07,08,06
303.0,306.0,Larvivora brunnea,Indian Blue Robin,0.8474,psl3,2024,07,08,06
306.0,309.0,Larvivora brunnea,Indian Blue Robin,0.9524,psl3,2024,07,08,06
318.0,321.0,Larvivora brunnea,Indian Blue Robin,0.9981,psl3,2024,07,08,06
330.0,333.0,Larvivora brunnea,Indian Blue Robin,0.9989,psl3,2024,07,08,06
342.0,345.0,Larvivora brunnea,Indian Blue Robin,0.9987,psl3,2024,07,08,06
351.0,354.0,Larvivora brunnea,Indian Blue Robin,0.9983,psl3,2024,07,08,06
363.0,366.0,Larvivora brunnea,Indian Blue Robin,0.939,psl3,2024,07,08,06
372.0,375.0,Larvivora brunnea,Indian Blue Robin,0.7149,psl3,2024,07,08,06
375.0,378.0,Larvivora brunnea,Indian Blue Robin,0.9931,psl3,2024,07,08,06
384.0,387.0,Larvivora brunnea,Indian Blue Robin,0.5679,psl3,2024,07,08,06
387.0,390.0,Larvivora brunnea,Indian Blue Robin,0.9816,psl3,2024,07,08,06
396.0,399.0,Larvivora brunnea,Indian Blue Robin,0.9817,psl3,2024,07,08,06
399.0,402.0,Ficedula hypoleuca,European Pied Flycatcher,0.703,psl3,2024,07,08,06
408.0,411.0,Larvivora brunnea,Indian Blue Robin,0.8641,psl3,2024,07,08,06
411.0,414.0,Larvivora brunnea,Indian Blue Robin,0.8153,psl3,2024,07,08,06
441.0,444.0,Larvivora brunnea,Indian Blue Robin,0.5937,psl3,2024,07,08,06
453.0,456.0,Larvivora brunnea,Indian Blue Robin,0.9636,psl3,2024,07,08,06
456.0,459.0,Phylloscopus nitidus,Green Warbler,0.5016,psl3,2024,07,08,06
462.0,465.0,Phylloscopus nitidus,Green Warbler,0.8215,psl3,2024,07,08,06
465.0,468.0,Phylloscopus nitidus,Green Warbler,0.5273,psl3,2024,07,08,06
471.0,474.0,Phylloscopus nitidus,Green Warbler,0.7135,psl3,2024,07,08,06
480.0,483.0,Phylloscopus trochiloides,Greenish Warbler,0.7483,psl3,2024,07,08,06
516.0,519.0,Phylloscopus trochiloides,Greenish Warbler,0.7997,psl3,2024,07,08,06
519.0,522.0,Phylloscopus trochiloides,Greenish Warbler,0.7966,psl3,2024,07,08,06
522.0,525.0,Phylloscopus trochiloides,Greenish Warbler,0.8241,psl3,2024,07,08,06
525.0,528.0,Phylloscopus reguloides,Blyth's Leaf Warbler,0.5028,psl3,2024,07,08,06
528.0,531.0,Larvivora brunnea,Indian Blue Robin,0.7121,psl3,2024,07,08,06
534.0,537.0,Phylloscopus reguloides,Blyth's Leaf Warbler,0.7226,psl3,2024,07,08,06
546.0,549.0,Larvivora brunnea,Indian Blue Robin,0.5614,psl3,2024,07,08,06
558.0,561.0,Larvivora brunnea,Indian Blue Robin,0.9405,psl3,2024,07,08,06
561.0,564.0,Phylloscopus reguloides,Blyth's Leaf Warbler,0.6824,psl3,2024,07,08,06
573.0,576.0,Larvivora brunnea,Indian Blue Robin,0.6207,psl3,2024,07,08,06
591.0,594.0,Larvivora brunnea,Indian Blue Robin,0.8994,psl3,2024,07,08,06
603.0,606.0,Larvivora brunnea,Indian Blue Robin,0.7814,psl3,2024,07,08,06
603.0,606.0,Setophaga townsendi,Townsend's Warbler,0.5063,psl3,2024,07,08,06
612.0,615.0,Larvivora brunnea,Indian Blue Robin,0.9526,psl3,2024,07,08,06
624.0,627.0,Larvivora brunnea,Indian Blue Robin,0.5707,psl3,2024,07,08,06
639.0,642.0,Larvivora brunnea,Indian Blue Robin,0.6019,psl3,2024,07,08,06
654.0,657.0,Larvivora brunnea,Indian Blue Robin,0.8271,psl3,2024,07,08,06
666.0,669.0,Larvivora brunnea,Indian Blue Robin,0.8279,psl3,2024,07,08,06
678.0,681.0,Larvivora brunnea,Indian Blue Robin,0.9626,psl3,2024,07,08,06
690.0,693.0,Larvivora brunnea,Indian Blue Robin,0.8071,psl3,2024,07,08,06
702.0,705.0,Larvivora brunnea,Indian Blue Robin,0.7348,psl3,2024,07,08,06
735.0,738.0,Larvivora brunnea,Indian Blue Robin,0.879,psl3,2024,07,08,06
747.0,750.0,Larvivora brunnea,Indian Blue Robin,0.9653,psl3,2024,07,08,06
759.0,762.0,Larvivora brunnea,Indian Blue Robin,0.9853,psl3,2024,07,08,06
768.0,771.0,Larvivora brunnea,Indian Blue Robin,0.9054,psl3,2024,07,08,06
780.0,783.0,Larvivora brunnea,Indian Blue Robin,0.5931,psl3,2024,07,08,06
783.0,786.0,Larvivora brunnea,Indian Blue Robin,0.6153,psl3,2024,07,08,06
792.0,795.0,Larvivora brunnea,Indian Blue Robin,0.9397,psl3,2024,07,08,06
801.0,804.0,Larvivora brunnea,Indian Blue Robin,0.771,psl3,2024,07,08,06
813.0,816.0,Larvivora brunnea,Indian Blue Robin,0.989,psl3,2024,07,08,06
837.0,840.0,Larvivora brunnea,Indian Blue Robin,0.6081,psl3,2024,07,08,06
837.0,840.0,Setophaga townsendi,Townsend's Warbler,0.5527,psl3,2024,07,08,06
846.0,849.0,Larvivora brunnea,Indian Blue Robin,0.7649,psl3,2024,07,08,06
858.0,861.0,Larvivora brunnea,Indian Blue Robin,0.6627,psl3,2024,07,08,06
867.0,870.0,Larvivora brunnea,Indian Blue Robin,0.9951,psl3,2024,07,08,06
879.0,882.0,Larvivora brunnea,Indian Blue Robin,0.9528,psl3,2024,07,08,06
39.0,42.0,Larvivora brunnea,Indian Blue Robin,0.8451,psl3,2024,07,08,07
54.0,57.0,Ficedula hypoleuca,European Pied Flycatcher,0.5564,psl3,2024,07,08,07
66.0,69.0,Larvivora brunnea,Indian Blue Robin,0.6344,psl3,2024,07,08,07
90.0,93.0,Larvivora brunnea,Indian Blue Robin,0.8532,psl3,2024,07,08,07
102.0,105.0,Larvivora brunnea,Indian Blue Robin,0.9678,psl3,2024,07,08,07
117.0,120.0,Larvivora brunnea,Indian Blue Robin,0.9201,psl3,2024,07,08,07
126.0,129.0,Larvivora brunnea,Indian Blue Robin,0.8626,psl3,2024,07,08,07
129.0,132.0,Setophaga townsendi,Townsend's Warbler,0.8004,psl3,2024,07,08,07
153.0,156.0,Setophaga townsendi,Townsend's Warbler,0.6155,psl3,2024,07,08,07
153.0,156.0,Larvivora brunnea,Indian Blue Robin,0.5855,psl3,2024,07,08,07
165.0,168.0,Larvivora brunnea,Indian Blue Robin,0.8231,psl3,2024,07,08,07
177.0,180.0,Larvivora brunnea,Indian Blue Robin,0.5026,psl3,2024,07,08,07
189.0,192.0,Larvivora brunnea,Indian Blue Robin,0.6702,psl3,2024,07,08,07
204.0,207.0,Larvivora brunnea,Indian Blue Robin,0.9366,psl3,2024,07,08,07
219.0,222.0,Larvivora brunnea,Indian Blue Robin,0.722,psl3,2024,07,08,07
219.0,222.0,Setophaga townsendi,Townsend's Warbler,0.5847,psl3,2024,07,08,07
246.0,249.0,Larvivora brunnea,Indian Blue Robin,0.7266,psl3,2024,07,08,07
258.0,261.0,Larvivora brunnea,Indian Blue Robin,0.9629,psl3,2024,07,08,07
270.0,273.0,Larvivora brunnea,Indian Blue Robin,0.8777,psl3,2024,07,08,07
285.0,288.0,Larvivora brunnea,Indian Blue Robin,0.9696,psl3,2024,07,08,07
297.0,300.0,Larvivora brunnea,Indian Blue Robin,0.824,psl3,2024,07,08,07
309.0,312.0,Larvivora brunnea,Indian Blue Robin,0.9462,psl3,2024,07,08,07
324.0,327.0,Larvivora brunnea,Indian Blue Robin,0.9271,psl3,2024,07,08,07
360.0,363.0,Larvivora brunnea,Indian Blue Robin,0.6807,psl3,2024,07,08,07
372.0,375.0,Larvivora brunnea,Indian Blue Robin,0.9728,psl3,2024,07,08,07
381.0,384.0,Larvivora brunnea,Indian Blue Robin,0.5539,psl3,2024,07,08,07
384.0,387.0,Larvivora brunnea,Indian Blue Robin,0.8565,psl3,2024,07,08,07
393.0,396.0,Larvivora brunnea,Indian Blue Robin,0.9772,psl3,2024,07,08,07
408.0,411.0,Cyanistes caeruleus,Eurasian Blue Tit,0.7492,psl3,2024,07,08,07
522.0,525.0,Larvivora brunnea,Indian Blue Robin,0.9591,psl3,2024,07,08,07
543.0,546.0,Larvivora brunnea,Indian Blue Robin,0.823,psl3,2024,07,08,07
561.0,564.0,Larvivora brunnea,Indian Blue Robin,0.9483,psl3,2024,07,08,07
585.0,588.0,Setophaga townsendi,Townsend's Warbler,0.6967,psl3,2024,07,08,07
588.0,591.0,Larvivora brunnea,Indian Blue Robin,0.5419,psl3,2024,07,08,07
603.0,606.0,Larvivora brunnea,Indian Blue Robin,0.7207,psl3,2024,07,08,07
606.0,609.0,Larvivora brunnea,Indian Blue Robin,0.8725,psl3,2024,07,08,07
612.0,615.0,Larvivora brunnea,Indian Blue Robin,0.5398,psl3,2024,07,08,07
615.0,618.0,Setophaga townsendi,Townsend's Warbler,0.6554,psl3,2024,07,08,07
618.0,621.0,Larvivora brunnea,Indian Blue Robin,0.9906,psl3,2024,07,08,07
621.0,624.0,Larvivora brunnea,Indian Blue Robin,0.9343,psl3,2024,07,08,07
636.0,639.0,Larvivora brunnea,Indian Blue Robin,0.6701,psl3,2024,07,08,07
639.0,642.0,Larvivora brunnea,Indian Blue Robin,0.9662,psl3,2024,07,08,07
642.0,645.0,Larvivora brunnea,Indian Blue Robin,0.6946,psl3,2024,07,08,07
651.0,654.0,Larvivora brunnea,Indian Blue Robin,0.616,psl3,2024,07,08,07
651.0,654.0,Setophaga townsendi,Townsend's Warbler,0.5233,psl3,2024,07,08,07
657.0,660.0,Larvivora brunnea,Indian Blue Robin,0.9461,psl3,2024,07,08,07
663.0,666.0,Larvivora brunnea,Indian Blue Robin,0.993,psl3,2024,07,08,07
666.0,669.0,Larvivora brunnea,Indian Blue Robin,0.9719,psl3,2024,07,08,07
675.0,678.0,Larvivora brunnea,Indian Blue Robin,0.6829,psl3,2024,07,08,07
678.0,681.0,Ficedula hypoleuca,European Pied Flycatcher,0.9442,psl3,2024,07,08,07
681.0,684.0,Larvivora brunnea,Indian Blue Robin,0.6045,psl3,2024,07,08,07
684.0,687.0,Larvivora brunnea,Indian Blue Robin,0.5273,psl3,2024,07,08,07
687.0,690.0,Larvivora brunnea,Indian Blue Robin,0.9685,psl3,2024,07,08,07
699.0,702.0,Larvivora brunnea,Indian Blue Robin,0.9643,psl3,2024,07,08,07
711.0,714.0,Larvivora brunnea,Indian Blue Robin,0.6949,psl3,2024,07,08,07
714.0,717.0,Larvivora brunnea,Indian Blue Robin,0.6374,psl3,2024,07,08,07
723.0,726.0,Larvivora brunnea,Indian Blue Robin,0.528,psl3,2024,07,08,07
726.0,729.0,Larvivora brunnea,Indian Blue Robin,0.8261,psl3,2024,07,08,07
738.0,741.0,Larvivora brunnea,Indian Blue Robin,0.9916,psl3,2024,07,08,07
765.0,768.0,Larvivora brunnea,Indian Blue Robin,0.7403,psl3,2024,07,08,07
780.0,783.0,Larvivora brunnea,Indian Blue Robin,0.9573,psl3,2024,07,08,07
816.0,819.0,Phylloscopus occipitalis,Western Crowned Warbler,0.7028,psl3,2024,07,08,07
822.0,825.0,Anthus hodgsoni,Olive-backed Pipit,0.6299,psl3,2024,07,08,07
825.0,828.0,Phylloscopus occipitalis,Western Crowned Warbler,0.9147,psl3,2024,07,08,07
831.0,834.0,Phylloscopus nitidus,Green Warbler,0.5657,psl3,2024,07,08,07
831.0,834.0,Phylloscopus plumbeitarsus,Two-barred Warbler,0.5566,psl3,2024,07,08,07
831.0,834.0,Phylloscopus reguloides,Blyth's Leaf Warbler,0.5412,psl3,2024,07,08,07
837.0,840.0,Phylloscopus tytleri,Tytler's Leaf Warbler,0.6673,psl3,2024,07,08,07
843.0,846.0,Phylloscopus occipitalis,Western Crowned Warbler,0.7709,psl3,2024,07,08,07
849.0,852.0,Setophaga townsendi,Townsend's Warbler,0.6438,psl3,2024,07,08,07
858.0,861.0,Phylloscopus nitidus,Green Warbler,0.6105,psl3,2024,07,08,07
879.0,882.0,Phylloscopus nitidus,Green Warbler,0.6182,psl3,2024,07,08,07
879.0,882.0,Phylloscopus trochiloides,Greenish Warbler,0.5227,psl3,2024,07,08,07
888.0,891.0,Larvivora brunnea,Indian Blue Robin,0.6486,psl3,2024,07,08,07
12.0,15.0,Larvivora brunnea,Indian Blue Robin,0.9973,psl3,2024,07,09,05
24.0,27.0,Phylloscopus magnirostris,Large-billed Leaf Warbler,0.5189,psl3,2024,07,09,05
27.0,30.0,Larvivora brunnea,Indian Blue Robin,0.8986,psl3,2024,07,09,05
39.0,42.0,Larvivora brunnea,Indian Blue Robin,0.8267,psl3,2024,07,09,05
42.0,45.0,Larvivora brunnea,Indian Blue Robin,0.783,psl3,2024,07,09,05
45.0,48.0,Phylloscopus nitidus,Green Warbler,0.7899,psl3,2024,07,09,05
63.0,66.0,Larvivora brunnea,Indian Blue Robin,0.9891,psl3,2024,07,09,05
72.0,75.0,Larvivora brunnea,Indian Blue Robin,0.8366,psl3,2024,07,09,05
108.0,111.0,Larvivora brunnea,Indian Blue Robin,0.6756,psl3,2024,07,09,05
111.0,114.0,Larvivora brunnea,Indian Blue Robin,0.9541,psl3,2024,07,09,05
126.0,129.0,Setophaga townsendi,Townsend's Warbler,0.6509,psl3,2024,07,09,05
132.0,135.0,Larvivora brunnea,Indian Blue Robin,0.8377,psl3,2024,07,09,05
150.0,153.0,Larvivora brunnea,Indian Blue Robin,0.8424,psl3,2024,07,09,05
153.0,156.0,Larvivora brunnea,Indian Blue Robin,0.5899,psl3,2024,07,09,05
177.0,180.0,Larvivora brunnea,Indian Blue Robin,0.9414,psl3,2024,07,09,05
180.0,183.0,Larvivora brunnea,Indian Blue Robin,0.9674,psl3,2024,07,09,05
180.0,183.0,Larvivora cyane,Siberian Blue Robin,0.6986,psl3,2024,07,09,05
192.0,195.0,Phylloscopus magnirostris,Large-billed Leaf Warbler,0.9518,psl3,2024,07,09,05
192.0,195.0,Larvivora brunnea,Indian Blue Robin,0.8285,psl3,2024,07,09,05
195.0,198.0,Larvivora brunnea,Indian Blue Robin,0.9111,psl3,2024,07,09,05
195.0,198.0,Larvivora cyane,Siberian Blue Robin,0.5009,psl3,2024,07,09,05
204.0,207.0,Larvivora brunnea,Indian Blue Robin,0.9933,psl3,2024,07,09,05
213.0,216.0,Larvivora brunnea,Indian Blue Robin,0.8652,psl3,2024,07,09,05
216.0,219.0,Larvivora brunnea,Indian Blue Robin,0.9744,psl3,2024,07,09,05
228.0,231.0,Larvivora brunnea,Indian Blue Robin,0.9477,psl3,2024,07,09,05
228.0,231.0,Phylloscopus magnirostris,Large-billed Leaf Warbler,0.9305,psl3,2024,07,09,05
231.0,234.0,Larvivora brunnea,Indian Blue Robin,0.995,psl3,2024,07,09,05
240.0,243.0,Larvivora brunnea,Indian Blue Robin,0.9938,psl3,2024,07,09,05
249.0,252.0,Larvivora brunnea,Indian Blue Robin,0.9912,psl3,2024,07,09,05
252.0,255.0,Larvivora brunnea,Indian Blue Robin,0.7239,psl3,2024,07,09,05
261.0,264.0,Larvivora brunnea,Indian Blue Robin,0.9991,psl3,2024,07,09,05
276.0,279.0,Larvivora brunnea,Indian Blue Robin,0.9798,psl3,2024,07,09,05
279.0,282.0,Larvivora brunnea,Indian Blue Robin,0.5713,psl3,2024,07,09,05
288.0,291.0,Larvivora brunnea,Indian Blue Robin,0.8896,psl3,2024,07,09,05
297.0,300.0,Larvivora brunnea,Indian Blue Robin,0.9693,psl3,2024,07,09,05
300.0,303.0,Larvivora brunnea,Indian Blue Robin,0.6989,psl3,2024,07,09,05
309.0,312.0,Larvivora brunnea,Indian Blue Robin,0.9926,psl3,2024,07,09,05
318.0,321.0,Larvivora brunnea,Indian Blue Robin,0.8483,psl3,2024,07,09,05
321.0,324.0,Larvivora brunnea,Indian Blue Robin,0.9268,psl3,2024,07,09,05
330.0,333.0,Larvivora brunnea,Indian Blue Robin,0.9974,psl3,2024,07,09,05
339.0,342.0,Larvivora brunnea,Indian Blue Robin,0.7574,psl3,2024,07,09,05
342.0,345.0,Larvivora brunnea,Indian Blue Robin,0.7964,psl3,2024,07,09,05
351.0,354.0,Larvivora brunnea,Indian Blue Robin,0.9978,psl3,2024,07,09,05
360.0,363.0,Larvivora brunnea,Indian Blue Robin,0.9403,psl3,2024,07,09,05
363.0,366.0,Larvivora brunnea,Indian Blue Robin,0.7819,psl3,2024,07,09,05
369.0,372.0,Larvivora brunnea,Indian Blue Robin,0.8065,psl3,2024,07,09,05
372.0,375.0,Larvivora brunnea,Indian Blue Robin,0.9561,psl3,2024,07,09,05
381.0,384.0,Larvivora brunnea,Indian Blue Robin,0.9833,psl3,2024,07,09,05
390.0,393.0,Phylloscopus magnirostris,Large-billed Leaf Warbler,0.5394,psl3,2024,07,09,05
393.0,396.0,Larvivora brunnea,Indian Blue Robin,0.9872,psl3,2024,07,09,05
408.0,411.0,Pnoepyga pusilla,Pygmy Cupwing,0.9181,psl3,2024,07,09,05
411.0,414.0,Larvivora brunnea,Indian Blue Robin,0.6678,psl3,2024,07,09,05
414.0,417.0,Larvivora brunnea,Indian Blue Robin,0.9938,psl3,2024,07,09,05
429.0,432.0,Larvivora brunnea,Indian Blue Robin,0.9965,psl3,2024,07,09,05
432.0,435.0,Larvivora brunnea,Indian Blue Robin,0.5919,psl3,2024,07,09,05
447.0,450.0,Larvivora brunnea,Indian Blue Robin,0.9969,psl3,2024,07,09,05
456.0,459.0,Larvivora brunnea,Indian Blue Robin,0.9951,psl3,2024,07,09,05
465.0,468.0,Larvivora brunnea,Indian Blue Robin,0.9622,psl3,2024,07,09,05
474.0,477.0,Larvivora brunnea,Indian Blue Robin,0.8438,psl3,2024,07,09,05
474.0,477.0,Phylloscopus magnirostris,Large-billed Leaf Warbler,0.7862,psl3,2024,07,09,05
477.0,480.0,Larvivora brunnea,Indian Blue Robin,0.9957,psl3,2024,07,09,05
489.0,492.0,Larvivora brunnea,Indian Blue Robin,0.8323,psl3,2024,07,09,05
492.0,495.0,Larvivora brunnea,Indian Blue Robin,0.9939,psl3,2024,07,09,05
504.0,507.0,Phylloscopus magnirostris,Large-billed Leaf Warbler,0.7137,psl3,2024,07,09,05
516.0,519.0,Larvivora brunnea,Indian Blue Robin,0.9501,psl3,2024,07,09,05
519.0,522.0,Larvivora brunnea,Indian Blue Robin,0.999,psl3,2024,07,09,05
549.0,552.0,Larvivora brunnea,Indian Blue Robin,0.9571,psl3,2024,07,09,05
552.0,555.0,Larvivora cyane,Siberian Blue Robin,0.7164,psl3,2024,07,09,05
564.0,567.0,Larvivora brunnea,Indian Blue Robin,0.9706,psl3,2024,07,09,05
573.0,576.0,Larvivora brunnea,Indian Blue Robin,0.9687,psl3,2024,07,09,05
585.0,588.0,Larvivora brunnea,Indian Blue Robin,0.8243,psl3,2024,07,09,05
585.0,588.0,Larvivora cyane,Siberian Blue Robin,0.535,psl3,2024,07,09,05
594.0,597.0,Larvivora brunnea,Indian Blue Robin,0.9728,psl3,2024,07,09,05
606.0,609.0,Larvivora brunnea,Indian Blue Robin,0.9723,psl3,2024,07,09,05
615.0,618.0,Larvivora brunnea,Indian Blue Robin,0.6959,psl3,2024,07,09,05
633.0,636.0,Larvivora brunnea,Indian Blue Robin,0.9534,psl3,2024,07,09,05
633.0,636.0,Phylloscopus magnirostris,Large-billed Leaf Warbler,0.7186,psl3,2024,07,09,05
642.0,645.0,Phylloscopus magnirostris,Large-billed Leaf Warbler,0.8643,psl3,2024,07,09,05
642.0,645.0,Larvivora brunnea,Indian Blue Robin,0.777,psl3,2024,07,09,05
645.0,648.0,Larvivora brunnea,Indian Blue Robin,0.6751,psl3,2024,07,09,05
657.0,660.0,Larvivora brunnea,Indian Blue Robin,0.8481,psl3,2024,07,09,05
660.0,663.0,Larvivora brunnea,Indian Blue Robin,0.6747,psl3,2024,07,09,05
666.0,669.0,Larvivora brunnea,Indian Blue Robin,0.6096,psl3,2024,07,09,05
669.0,672.0,Larvivora brunnea,Indian Blue Robin,0.7365,psl3,2024,07,09,05
681.0,684.0,Larvivora brunnea,Indian Blue Robin,0.5668,psl3,2024,07,09,05
684.0,687.0,Larvivora brunnea,Indian Blue Robin,0.9166,psl3,2024,07,09,05
735.0,738.0,Larvivora brunnea,Indian Blue Robin,0.8374,psl3,2024,07,09,05
735.0,738.0,Setophaga townsendi,Townsend's Warbler,0.5558,psl3,2024,07,09,05
744.0,747.0,Larvivora brunnea,Indian Blue Robin,0.8288,psl3,2024,07,09,05
753.0,756.0,Larvivora brunnea,Indian Blue Robin,0.8584,psl3,2024,07,09,05
759.0,762.0,Larvivora brunnea,Indian Blue Robin,0.6324,psl3,2024,07,09,05
855.0,858.0,Larvivora brunnea,Indian Blue Robin,0.6837,psl3,2024,07,09,05
12.0,15.0,Larvivora brunnea,Indian Blue Robin,0.9572,psl3,2024,07,09,06
24.0,27.0,Larvivora brunnea,Indian Blue Robin,0.8864,psl3,2024,07,09,06
24.0,27.0,Phylloscopus magnirostris,Large-billed Leaf Warbler,0.7568,psl3,2024,07,09,06
30.0,33.0,Protonotaria citrea,Prothonotary Warbler,0.6606,psl3,2024,07,09,06
45.0,48.0,Phylloscopus occipitalis,Western Crowned Warbler,0.8251,psl3,2024,07,09,06
54.0,57.0,Larvivora brunnea,Indian Blue Robin,0.5103,psl3,2024,07,09,06
57.0,60.0,Larvivora brunnea,Indian Blue Robin,0.5264,psl3,2024,07,09,06
60.0,63.0,Phylloscopus occipitalis,Western Crowned Warbler,0.5264,psl3,2024,07,09,06
72.0,75.0,Phylloscopus occipitalis,Western Crowned Warbler,0.7354,psl3,2024,07,09,06
78.0,81.0,Larvivora brunnea,Indian Blue Robin,0.933,psl3,2024,07,09,06
81.0,84.0,Phylloscopus occipitalis,Western Crowned Warbler,0.6626,psl3,2024,07,09,06
99.0,102.0,Larvivora brunnea,Indian Blue Robin,0.7586,psl3,2024,07,09,06
120.0,123.0,Larvivora brunnea,Indian Blue Robin,0.9748,psl3,2024,07,09,06
123.0,126.0,Phylloscopus occipitalis,Western Crowned Warbler,0.7749,psl3,2024,07,09,06
138.0,141.0,Larvivora brunnea,Indian Blue Robin,0.9474,psl3,2024,07,09,06
156.0,159.0,Phylloscopus occipitalis,Western Crowned Warbler,0.8218,psl3,2024,07,09,06
159.0,162.0,Phylloscopus occipitalis,Western Crowned Warbler,0.7345,psl3,2024,07,09,06
165.0,168.0,Larvivora brunnea,Indian Blue Robin,0.9852,psl3,2024,07,09,06
171.0,174.0,Phylloscopus occipitalis,Western Crowned Warbler,0.8677,psl3,2024,07,09,06
180.0,183.0,Larvivora brunnea,Indian Blue Robin,0.9822,psl3,2024,07,09,06
186.0,189.0,Phylloscopus tytleri,Tytler's Leaf Warbler,0.5352,psl3,2024,07,09,06
192.0,195.0,Larvivora brunnea,Indian Blue Robin,0.9327,psl3,2024,07,09,06
192.0,195.0,Larvivora cyane,Siberian Blue Robin,0.6377,psl3,2024,07,09,06
204.0,207.0,Larvivora brunnea,Indian Blue Robin,0.5662,psl3,2024,07,09,06
207.0,210.0,Phylloscopus occipitalis,Western Crowned Warbler,0.5232,psl3,2024,07,09,06
222.0,225.0,Phylloscopus occipitalis,Western Crowned Warbler,0.5328,psl3,2024,07,09,06
225.0,228.0,Phylloscopus tytleri,Tytler's Leaf Warbler,0.5348,psl3,2024,07,09,06
237.0,240.0,Larvivora brunnea,Indian Blue Robin,0.9467,psl3,2024,07,09,06
276.0,279.0,Protonotaria citrea,Prothonotary Warbler,0.5869,psl3,2024,07,09,06
297.0,300.0,Larvivora brunnea,Indian Blue Robin,0.5504,psl3,2024,07,09,06
300.0,303.0,Larvivora brunnea,Indian Blue Robin,0.7648,psl3,2024,07,09,06
312.0,315.0,Larvivora brunnea,Indian Blue Robin,0.9323,psl3,2024,07,09,06
330.0,333.0,Larvivora brunnea,Indian Blue Robin,0.7576,psl3,2024,07,09,06
333.0,336.0,Larvivora brunnea,Indian Blue Robin,0.7886,psl3,2024,07,09,06
348.0,351.0,Larvivora brunnea,Indian Blue Robin,0.9076,psl3,2024,07,09,06
351.0,354.0,Larvivora brunnea,Indian Blue Robin,0.9751,psl3,2024,07,09,06
363.0,366.0,Larvivora brunnea,Indian Blue Robin,0.9951,psl3,2024,07,09,06
375.0,378.0,Larvivora brunnea,Indian Blue Robin,0.9532,psl3,2024,07,09,06
387.0,390.0,Larvivora brunnea,Indian Blue Robin,0.9949,psl3,2024,07,09,06
399.0,402.0,Larvivora brunnea,Indian Blue Robin,0.9974,psl3,2024,07,09,06
414.0,417.0,Larvivora brunnea,Indian Blue Robin,0.9971,psl3,2024,07,09,06
429.0,432.0,Larvivora brunnea,Indian Blue Robin,0.9677,psl3,2024,07,09,06
432.0,435.0,Larvivora cyane,Siberian Blue Robin,0.6244,psl3,2024,07,09,06
441.0,444.0,Larvivora brunnea,Indian Blue Robin,0.5466,psl3,2024,07,09,06
444.0,447.0,Larvivora brunnea,Indian Blue Robin,0.8424,psl3,2024,07,09,06
456.0,459.0,Larvivora brunnea,Indian Blue Robin,0.9964,psl3,2024,07,09,06
465.0,468.0,Larvivora brunnea,Indian Blue Robin,0.9988,psl3,2024,07,09,06
477.0,480.0,Larvivora brunnea,Indian Blue Robin,0.9926,psl3,2024,07,09,06
495.0,498.0,Larvivora brunnea,Indian Blue Robin,0.6171,psl3,2024,07,09,06
507.0,510.0,Larvivora brunnea,Indian Blue Robin,0.9945,psl3,2024,07,09,06
522.0,525.0,Larvivora brunnea,Indian Blue Robin,0.9965,psl3,2024,07,09,06
534.0,537.0,Larvivora brunnea,Indian Blue Robin,0.999,psl3,2024,07,09,06
546.0,549.0,Larvivora brunnea,Indian Blue Robin,0.9885,psl3,2024,07,09,06
564.0,567.0,Larvivora brunnea,Indian Blue Robin,0.9965,psl3,2024,07,09,06
576.0,579.0,Larvivora brunnea,Indian Blue Robin,0.8685,psl3,2024,07,09,06
579.0,582.0,Larvivora brunnea,Indian Blue Robin,0.9648,psl3,2024,07,09,06
591.0,594.0,Larvivora brunnea,Indian Blue Robin,0.8643,psl3,2024,07,09,06
594.0,597.0,Larvivora brunnea,Indian Blue Robin,0.8196,psl3,2024,07,09,06
594.0,597.0,Larvivora cyane,Siberian Blue Robin,0.6005,psl3,2024,07,09,06
606.0,609.0,Larvivora brunnea,Indian Blue Robin,0.9948,psl3,2024,07,09,06
633.0,636.0,Larvivora brunnea,Indian Blue Robin,0.99,psl3,2024,07,09,06
654.0,657.0,Larvivora brunnea,Indian Blue Robin,0.6272,psl3,2024,07,09,06
657.0,660.0,Catharus gracilirostris,Black-billed Nightingale-Thrush,0.5452,psl3,2024,07,09,06
672.0,675.0,Larvivora brunnea,Indian Blue Robin,0.9586,psl3,2024,07,09,06
696.0,699.0,Larvivora brunnea,Indian Blue Robin,0.9563,psl3,2024,07,09,06
711.0,714.0,Larvivora brunnea,Indian Blue Robin,0.556,psl3,2024,07,09,06
60.0,63.0,Phylloscopus tytleri,Tytler's Leaf Warbler,0.659,psl3,2024,07,09,07
63.0,66.0,Phylloscopus nitidus,Green Warbler,0.7903,psl3,2024,07,09,07
213.0,216.0,Setophaga townsendi,Townsend's Warbler,0.5708,psl3,2024,07,09,07
342.0,345.0,Turdus iliacus,Redwing,0.6131,psl3,2024,07,09,07
402.0,405.0,Thlypopsis ornata,Rufous-chested Tanager,0.667,psl3,2024,07,09,07
519.0,522.0,Thlypopsis ornata,Rufous-chested Tanager,0.5089,psl3,2024,07,09,07
537.0,540.0,Polioptila caerulea,Blue-gray Gnatcatcher,0.7607,psl3,2024,07,09,07
555.0,558.0,Polioptila caerulea,Blue-gray Gnatcatcher,0.6434,psl3,2024,07,09,07
612.0,615.0,Tersina viridis,Swallow Tanager,0.7398,psl3,2024,07,09,07
648.0,651.0,Phylloscopus humei,Hume's Warbler,0.7869,psl3,2024,07,09,07
651.0,654.0,Phylloscopus humei,Hume's Warbler,0.7528,psl3,2024,07,09,07
678.0,681.0,Thraupis abbas,Yellow-winged Tanager,0.5217,psl3,2024,07,09,07
732.0,735.0,Tersina viridis,Swallow Tanager,0.8943,psl3,2024,07,09,07
126.0,129.0,Zosterops japonicus,Warbling White-eye,0.6294,psl3,2024,07,10,05
231.0,234.0,Spinus spinus,Eurasian Siskin,0.5624,psl3,2024,07,10,05
267.0,270.0,Luscinia phaenicuroides,White-bellied Redstart,0.5743,psl3,2024,07,10,05
375.0,378.0,Phylloscopus tytleri,Tytler's Leaf Warbler,0.5604,psl3,2024,07,10,05
516.0,519.0,Phylloscopus nitidus,Green Warbler,0.6904,psl3,2024,07,10,05
618.0,621.0,Phylloscopus nitidus,Green Warbler,0.5687,psl3,2024,07,10,05
735.0,738.0,Phylloscopus nitidus,Green Warbler,0.7645,psl3,2024,07,10,05
795.0,798.0,Phylloscopus nitidus,Green Warbler,0.5894,psl3,2024,07,10,05
828.0,831.0,Phylloscopus nitidus,Green Warbler,0.5124,psl3,2024,07,10,05
888.0,891.0,Phylloscopus trochiloides,Greenish Warbler,0.7261,psl3,2024,07,10,05
24.0,27.0,Phylloscopus magnirostris,Large-billed Leaf Warbler,0.5542,psl3,2024,07,10,06
48.0,51.0,Phylloscopus magnirostris,Large-billed Leaf Warbler,0.5677,psl3,2024,07,10,06
69.0,72.0,Phylloscopus magnirostris,Large-billed Leaf Warbler,0.523,psl3,2024,07,10,06
84.0,87.0,Phylloscopus magnirostris,Large-billed Leaf Warbler,0.8356,psl3,2024,07,10,06
99.0,102.0,Phylloscopus magnirostris,Large-billed Leaf Warbler,0.7289,psl3,2024,07,10,06
105.0,108.0,Phylloscopus magnirostris,Large-billed Leaf Warbler,0.5107,psl3,2024,07,10,06
747.0,750.0,Setophaga townsendi,Townsend's Warbler,0.5638,psl3,2024,07,10,06
237.0,240.0,Phylloscopus nitidus,Green Warbler,0.7491,psl3,2024,07,10,07
270.0,273.0,Phylloscopus nitidus,Green Warbler,0.8332,psl3,2024,07,10,07
270.0,273.0,Phylloscopus trochiloides,Greenish Warbler,0.5478,psl3,2024,07,10,07
276.0,279.0,Phylloscopus nitidus,Green Warbler,0.9045,psl3,2024,07,10,07
288.0,291.0,Phylloscopus nitidus,Green Warbler,0.7097,psl3,2024,07,10,07
288.0,291.0,Phylloscopus trochiloides,Greenish Warbler,0.5476,psl3,2024,07,10,07
294.0,297.0,Phylloscopus trochiloides,Greenish Warbler,0.792,psl3,2024,07,10,07
375.0,378.0,Phylloscopus trochiloides,Greenish Warbler,0.7313,psl3,2024,07,10,07
405.0,408.0,Phylloscopus reguloides,Blyth's Leaf Warbler,0.5148,psl3,2024,07,10,07
