Start (s),End (s),Scientific name,Common name,Confidence,ID,Year,Month,Day,Time
6.0,9.0,Phylloscopus occipitalis,Western Crowned Warbler,0.9971,psl4,2024,05,09,06
12.0,15.0,Phylloscopus occipitalis,Western Crowned Warbler,0.9783,psl4,2024,05,09,06
15.0,18.0,Phylloscopus occipitalis,Western Crowned Warbler,0.9965,psl4,2024,05,09,06
18.0,21.0,Phylloscopus humei,Hume's Warbler,0.9924,psl4,2024,05,09,06
21.0,24.0,Phylloscopus occipitalis,Western Crowned Warbler,0.9898,psl4,2024,05,09,06
24.0,27.0,Phylloscopus occipitalis,Western Crowned Warbler,0.9626,psl4,2024,05,09,06
27.0,30.0,Phylloscopus humei,Hume's Warbler,0.8227,psl4,2024,05,09,06
30.0,33.0,Phylloscopus occipitalis,Western Crowned Warbler,0.7675,psl4,2024,05,09,06
33.0,36.0,Phylloscopus humei,Hume's Warbler,0.9912,psl4,2024,05,09,06
36.0,39.0,Phylloscopus occipitalis,Western Crowned Warbler,0.9406,psl4,2024,05,09,06
42.0,45.0,Phylloscopus humei,Hume's Warbler,0.9852,psl4,2024,05,09,06
51.0,54.0,Phylloscopus humei,Hume's Warbler,0.8359,psl4,2024,05,09,06
51.0,54.0,Phylloscopus occipitalis,Western Crowned Warbler,0.7132,psl4,2024,05,09,06
57.0,60.0,Phylloscopus humei,Hume's Warbler,0.9283,psl4,2024,05,09,06
60.0,63.0,Phylloscopus occipitalis,Western Crowned Warbler,0.997,psl4,2024,05,09,06
72.0,75.0,Phylloscopus humei,Hume's Warbler,0.7889,psl4,2024,05,09,06
78.0,81.0,Phylloscopus humei,Hume's Warbler,0.9764,psl4,2024,05,09,06
81.0,84.0,Phylloscopus occipitalis,Western Crowned Warbler,0.907,psl4,2024,05,09,06
84.0,87.0,Phylloscopus humei,Hume's Warbler,0.9191,psl4,2024,05,09,06
87.0,90.0,Phylloscopus occipitalis,Western Crowned Warbler,0.9103,psl4,2024,05,09,06
93.0,96.0,Phylloscopus humei,Hume's Warbler,0.84,psl4,2024,05,09,06
99.0,102.0,Phylloscopus occipitalis,Western Crowned Warbler,0.6741,psl4,2024,05,09,06
102.0,105.0,Phylloscopus humei,Hume's Warbler,0.8931,psl4,2024,05,09,06
105.0,108.0,Phylloscopus occipitalis,Western Crowned Warbler,0.9975,psl4,2024,05,09,06
108.0,111.0,Phylloscopus humei,Hume's Warbler,0.9534,psl4,2024,05,09,06
114.0,117.0,Phylloscopus humei,Hume's Warbler,0.9658,psl4,2024,05,09,06
117.0,120.0,Protonotaria citrea,Prothonotary Warbler,0.5803,psl4,2024,05,09,06
129.0,132.0,Phylloscopus humei,Hume's Warbler,0.9393,psl4,2024,05,09,06
132.0,135.0,Phylloscopus occipitalis,Western Crowned Warbler,0.8429,psl4,2024,05,09,06
138.0,141.0,Phylloscopus humei,Hume's Warbler,0.8581,psl4,2024,05,09,06
144.0,147.0,Phylloscopus humei,Hume's Warbler,0.9306,psl4,2024,05,09,06
147.0,150.0,Phylloscopus occipitalis,Western Crowned Warbler,0.808,psl4,2024,05,09,06
150.0,153.0,Phylloscopus humei,Hume's Warbler,0.9928,psl4,2024,05,09,06
153.0,156.0,Phylloscopus occipitalis,Western Crowned Warbler,0.6413,psl4,2024,05,09,06
159.0,162.0,Phylloscopus occipitalis,Western Crowned Warbler,0.9573,psl4,2024,05,09,06
165.0,168.0,Phylloscopus humei,Hume's Warbler,0.8316,psl4,2024,05,09,06
168.0,171.0,Phylloscopus occipitalis,Western Crowned Warbler,0.8864,psl4,2024,05,09,06
171.0,174.0,Phylloscopus humei,Hume's Warbler,0.6655,psl4,2024,05,09,06
174.0,177.0,Phylloscopus humei,Hume's Warbler,0.9985,psl4,2024,05,09,06
177.0,180.0,Phylloscopus occipitalis,Western Crowned Warbler,0.7384,psl4,2024,05,09,06
192.0,195.0,Phylloscopus occipitalis,Western Crowned Warbler,0.7926,psl4,2024,05,09,06
204.0,207.0,Phylloscopus humei,Hume's Warbler,0.9907,psl4,2024,05,09,06
213.0,216.0,Phylloscopus occipitalis,Western Crowned Warbler,0.8574,psl4,2024,05,09,06
216.0,219.0,Phylloscopus occipitalis,Western Crowned Warbler,0.6172,psl4,2024,05,09,06
222.0,225.0,Phylloscopus occipitalis,Western Crowned Warbler,0.7942,psl4,2024,05,09,06
225.0,228.0,Phylloscopus humei,Hume's Warbler,0.9967,psl4,2024,05,09,06
228.0,231.0,Phylloscopus occipitalis,Western Crowned Warbler,0.8462,psl4,2024,05,09,06
231.0,234.0,Phylloscopus occipitalis,Western Crowned Warbler,0.8904,psl4,2024,05,09,06
237.0,240.0,Phylloscopus occipitalis,Western Crowned Warbler,0.559,psl4,2024,05,09,06
240.0,243.0,Phylloscopus occipitalis,Western Crowned Warbler,0.5297,psl4,2024,05,09,06
249.0,252.0,Phylloscopus occipitalis,Western Crowned Warbler,0.7351,psl4,2024,05,09,06
255.0,258.0,Phylloscopus occipitalis,Western Crowned Warbler,0.8503,psl4,2024,05,09,06
258.0,261.0,Prunella strophiata,Rufous-breasted Accentor,0.8444,psl4,2024,05,09,06
261.0,264.0,Phylloscopus occipitalis,Western Crowned Warbler,0.8726,psl4,2024,05,09,06
264.0,267.0,Phylloscopus occipitalis,Western Crowned Warbler,0.8046,psl4,2024,05,09,06
264.0,267.0,Prunella strophiata,Rufous-breasted Accentor,0.5459,psl4,2024,05,09,06
270.0,273.0,Phylloscopus occipitalis,Western Crowned Warbler,0.5951,psl4,2024,05,09,06
282.0,285.0,Phylloscopus occipitalis,Western Crowned Warbler,0.8223,psl4,2024,05,09,06
285.0,288.0,Phylloscopus occipitalis,Western Crowned Warbler,0.9358,psl4,2024,05,09,06
288.0,291.0,Periparus rufonuchalis,Rufous-naped Tit,0.9258,psl4,2024,05,09,06
291.0,294.0,Periparus rufonuchalis,Rufous-naped Tit,0.5761,psl4,2024,05,09,06
294.0,297.0,Periparus rufonuchalis,Rufous-naped Tit,0.9982,psl4,2024,05,09,06
294.0,297.0,Dasyornis longirostris,Western Bristlebird,0.7352,psl4,2024,05,09,06
297.0,300.0,Periparus rufonuchalis,Rufous-naped Tit,0.9995,psl4,2024,05,09,06
300.0,303.0,Periparus rufonuchalis,Rufous-naped Tit,0.9697,psl4,2024,05,09,06
303.0,306.0,Periparus rufonuchalis,Rufous-naped Tit,0.9986,psl4,2024,05,09,06
303.0,306.0,Periparus rubidiventris,Rufous-vented Tit,0.6746,psl4,2024,05,09,06
306.0,309.0,Periparus rufonuchalis,Rufous-naped Tit,0.9947,psl4,2024,05,09,06
309.0,312.0,Periparus rufonuchalis,Rufous-naped Tit,0.9873,psl4,2024,05,09,06
312.0,315.0,Periparus rufonuchalis,Rufous-naped Tit,0.9996,psl4,2024,05,09,06
312.0,315.0,Periparus rubidiventris,Rufous-vented Tit,0.8225,psl4,2024,05,09,06
315.0,318.0,Periparus rufonuchalis,Rufous-naped Tit,0.999,psl4,2024,05,09,06
318.0,321.0,Periparus rufonuchalis,Rufous-naped Tit,0.9802,psl4,2024,05,09,06
321.0,324.0,Periparus rufonuchalis,Rufous-naped Tit,0.9995,psl4,2024,05,09,06
321.0,324.0,Dasyornis longirostris,Western Bristlebird,0.781,psl4,2024,05,09,06
324.0,327.0,Periparus rufonuchalis,Rufous-naped Tit,0.9962,psl4,2024,05,09,06
327.0,330.0,Periparus rufonuchalis,Rufous-naped Tit,0.9948,psl4,2024,05,09,06
327.0,330.0,Dasyornis longirostris,Western Bristlebird,0.5461,psl4,2024,05,09,06
330.0,333.0,Periparus rufonuchalis,Rufous-naped Tit,0.999,psl4,2024,05,09,06
330.0,333.0,Periparus rubidiventris,Rufous-vented Tit,0.7812,psl4,2024,05,09,06
333.0,336.0,Periparus rufonuchalis,Rufous-naped Tit,0.9986,psl4,2024,05,09,06
336.0,339.0,Periparus rufonuchalis,Rufous-naped Tit,0.9776,psl4,2024,05,09,06
339.0,342.0,Periparus rufonuchalis,Rufous-naped Tit,0.9903,psl4,2024,05,09,06
342.0,345.0,Periparus rufonuchalis,Rufous-naped Tit,0.9962,psl4,2024,05,09,06
345.0,348.0,Periparus rufonuchalis,Rufous-naped Tit,0.9999,psl4,2024,05,09,06
345.0,348.0,Periparus rubidiventris,Rufous-vented Tit,0.7037,psl4,2024,05,09,06
348.0,351.0,Periparus rufonuchalis,Rufous-naped Tit,0.999,psl4,2024,05,09,06
348.0,351.0,Periparus rubidiventris,Rufous-vented Tit,0.7506,psl4,2024,05,09,06
351.0,354.0,Periparus rufonuchalis,Rufous-naped Tit,0.9931,psl4,2024,05,09,06
354.0,357.0,Periparus rufonuchalis,Rufous-naped Tit,0.9977,psl4,2024,05,09,06
354.0,357.0,Haemorhous mexicanus,House Finch,0.6671,psl4,2024,05,09,06
354.0,357.0,Periparus rubidiventris,Rufous-vented Tit,0.5745,psl4,2024,05,09,06
357.0,360.0,Periparus rufonuchalis,Rufous-naped Tit,0.996,psl4,2024,05,09,06
360.0,363.0,Periparus rufonuchalis,Rufous-naped Tit,0.9999,psl4,2024,05,09,06
360.0,363.0,Periparus rubidiventris,Rufous-vented Tit,0.6743,psl4,2024,05,09,06
363.0,366.0,Periparus rufonuchalis,Rufous-naped Tit,0.9714,psl4,2024,05,09,06
366.0,369.0,Periparus rufonuchalis,Rufous-naped Tit,0.9985,psl4,2024,05,09,06
369.0,372.0,Periparus rufonuchalis,Rufous-naped Tit,0.9972,psl4,2024,05,09,06
369.0,372.0,Periparus rubidiventris,Rufous-vented Tit,0.685,psl4,2024,05,09,06
372.0,375.0,Periparus rufonuchalis,Rufous-naped Tit,0.9978,psl4,2024,05,09,06
375.0,378.0,Periparus rufonuchalis,Rufous-naped Tit,0.9982,psl4,2024,05,09,06
375.0,378.0,Periparus rubidiventris,Rufous-vented Tit,0.8013,psl4,2024,05,09,06
378.0,381.0,Periparus rufonuchalis,Rufous-naped Tit,0.9974,psl4,2024,05,09,06
381.0,384.0,Periparus rufonuchalis,Rufous-naped Tit,0.998,psl4,2024,05,09,06
381.0,384.0,Periparus rubidiventris,Rufous-vented Tit,0.7114,psl4,2024,05,09,06
384.0,387.0,Periparus rufonuchalis,Rufous-naped Tit,0.9978,psl4,2024,05,09,06
387.0,390.0,Periparus rufonuchalis,Rufous-naped Tit,0.9884,psl4,2024,05,09,06
390.0,393.0,Periparus rufonuchalis,Rufous-naped Tit,0.7368,psl4,2024,05,09,06
393.0,396.0,Periparus rufonuchalis,Rufous-naped Tit,0.9994,psl4,2024,05,09,06
396.0,399.0,Periparus rufonuchalis,Rufous-naped Tit,0.9988,psl4,2024,05,09,06
396.0,399.0,Periparus rubidiventris,Rufous-vented Tit,0.6651,psl4,2024,05,09,06
399.0,402.0,Periparus rufonuchalis,Rufous-naped Tit,0.9148,psl4,2024,05,09,06
402.0,405.0,Periparus rufonuchalis,Rufous-naped Tit,0.9983,psl4,2024,05,09,06
402.0,405.0,Periparus rubidiventris,Rufous-vented Tit,0.7279,psl4,2024,05,09,06
405.0,408.0,Periparus rufonuchalis,Rufous-naped Tit,1.0,psl4,2024,05,09,06
405.0,408.0,Periparus rubidiventris,Rufous-vented Tit,0.8717,psl4,2024,05,09,06
408.0,411.0,Periparus rufonuchalis,Rufous-naped Tit,0.969,psl4,2024,05,09,06
411.0,414.0,Periparus rufonuchalis,Rufous-naped Tit,0.9951,psl4,2024,05,09,06
411.0,414.0,Periparus rubidiventris,Rufous-vented Tit,0.6706,psl4,2024,05,09,06
414.0,417.0,Periparus rufonuchalis,Rufous-naped Tit,0.8969,psl4,2024,05,09,06
417.0,420.0,Periparus rufonuchalis,Rufous-naped Tit,0.7426,psl4,2024,05,09,06
420.0,423.0,Periparus rufonuchalis,Rufous-naped Tit,0.9972,psl4,2024,05,09,06
420.0,423.0,Periparus rubidiventris,Rufous-vented Tit,0.5792,psl4,2024,05,09,06
423.0,426.0,Periparus rufonuchalis,Rufous-naped Tit,0.9622,psl4,2024,05,09,06
426.0,429.0,Periparus rufonuchalis,Rufous-naped Tit,0.9928,psl4,2024,05,09,06
429.0,432.0,Periparus rufonuchalis,Rufous-naped Tit,0.731,psl4,2024,05,09,06
432.0,435.0,Periparus rufonuchalis,Rufous-naped Tit,0.9987,psl4,2024,05,09,06
432.0,435.0,Periparus rubidiventris,Rufous-vented Tit,0.8256,psl4,2024,05,09,06
435.0,438.0,Periparus rufonuchalis,Rufous-naped Tit,0.9832,psl4,2024,05,09,06
435.0,438.0,Dasyornis longirostris,Western Bristlebird,0.5748,psl4,2024,05,09,06
438.0,441.0,Periparus rufonuchalis,Rufous-naped Tit,1.0,psl4,2024,05,09,06
438.0,441.0,Periparus rubidiventris,Rufous-vented Tit,0.9603,psl4,2024,05,09,06
441.0,444.0,Periparus rufonuchalis,Rufous-naped Tit,0.9948,psl4,2024,05,09,06
444.0,447.0,Periparus rufonuchalis,Rufous-naped Tit,0.999,psl4,2024,05,09,06
444.0,447.0,Periparus rubidiventris,Rufous-vented Tit,0.7943,psl4,2024,05,09,06
447.0,450.0,Periparus rufonuchalis,Rufous-naped Tit,0.9867,psl4,2024,05,09,06
447.0,450.0,Periparus rubidiventris,Rufous-vented Tit,0.5643,psl4,2024,05,09,06
450.0,453.0,Periparus rufonuchalis,Rufous-naped Tit,0.9932,psl4,2024,05,09,06
450.0,453.0,Periparus rubidiventris,Rufous-vented Tit,0.5659,psl4,2024,05,09,06
453.0,456.0,Periparus rufonuchalis,Rufous-naped Tit,0.9975,psl4,2024,05,09,06
456.0,459.0,Periparus rufonuchalis,Rufous-naped Tit,0.9727,psl4,2024,05,09,06
459.0,462.0,Periparus rufonuchalis,Rufous-naped Tit,0.9846,psl4,2024,05,09,06
462.0,465.0,Periparus rufonuchalis,Rufous-naped Tit,0.9542,psl4,2024,05,09,06
462.0,465.0,Periparus ater,Coal Tit,0.5853,psl4,2024,05,09,06
465.0,468.0,Periparus rufonuchalis,Rufous-naped Tit,0.9983,psl4,2024,05,09,06
468.0,471.0,Periparus rufonuchalis,Rufous-naped Tit,0.936,psl4,2024,05,09,06
471.0,474.0,Periparus rufonuchalis,Rufous-naped Tit,0.9603,psl4,2024,05,09,06
471.0,474.0,Dasyornis longirostris,Western Bristlebird,0.5984,psl4,2024,05,09,06
474.0,477.0,Phylloscopus occipitalis,Western Crowned Warbler,0.9742,psl4,2024,05,09,06
477.0,480.0,Phylloscopus occipitalis,Western Crowned Warbler,0.7706,psl4,2024,05,09,06
477.0,480.0,Periparus ater,Coal Tit,0.6668,psl4,2024,05,09,06
486.0,489.0,Phylloscopus occipitalis,Western Crowned Warbler,0.8237,psl4,2024,05,09,06
486.0,489.0,Periparus ater,Coal Tit,0.6335,psl4,2024,05,09,06
492.0,495.0,Phylloscopus occipitalis,Western Crowned Warbler,0.9157,psl4,2024,05,09,06
498.0,501.0,Phylloscopus occipitalis,Western Crowned Warbler,0.7611,psl4,2024,05,09,06
501.0,504.0,Phylloscopus occipitalis,Western Crowned Warbler,0.957,psl4,2024,05,09,06
504.0,507.0,Phylloscopus occipitalis,Western Crowned Warbler,0.999,psl4,2024,05,09,06
510.0,513.0,Phylloscopus occipitalis,Western Crowned Warbler,0.9565,psl4,2024,05,09,06
516.0,519.0,Phylloscopus occipitalis,Western Crowned Warbler,0.6793,psl4,2024,05,09,06
519.0,522.0,Periparus ater,Coal Tit,0.7317,psl4,2024,05,09,06
522.0,525.0,Phylloscopus occipitalis,Western Crowned Warbler,0.9891,psl4,2024,05,09,06
525.0,528.0,Phylloscopus occipitalis,Western Crowned Warbler,0.9731,psl4,2024,05,09,06
531.0,534.0,Phylloscopus occipitalis,Western Crowned Warbler,0.9874,psl4,2024,05,09,06
531.0,534.0,Phylloscopus tytleri,Tytler's Leaf Warbler,0.7282,psl4,2024,05,09,06
537.0,540.0,Phylloscopus occipitalis,Western Crowned Warbler,0.9437,psl4,2024,05,09,06
540.0,543.0,Phylloscopus occipitalis,Western Crowned Warbler,0.9029,psl4,2024,05,09,06
549.0,552.0,Phylloscopus occipitalis,Western Crowned Warbler,0.8179,psl4,2024,05,09,06
552.0,555.0,Periparus ater,Coal Tit,0.8356,psl4,2024,05,09,06
558.0,561.0,Phylloscopus occipitalis,Western Crowned Warbler,0.837,psl4,2024,05,09,06
561.0,564.0,Phylloscopus tytleri,Tytler's Leaf Warbler,0.718,psl4,2024,05,09,06
561.0,564.0,Periparus ater,Coal Tit,0.5862,psl4,2024,05,09,06
573.0,576.0,Poecile palustris,Marsh Tit,0.6039,psl4,2024,05,09,06
579.0,582.0,Periparus ater,Coal Tit,0.7171,psl4,2024,05,09,06
582.0,585.0,Phylloscopus humei,Hume's Warbler,0.7083,psl4,2024,05,09,06
585.0,588.0,Phylloscopus occipitalis,Western Crowned Warbler,0.5266,psl4,2024,05,09,06
588.0,591.0,Periparus ater,Coal Tit,0.9019,psl4,2024,05,09,06
588.0,591.0,Poecile palustris,Marsh Tit,0.662,psl4,2024,05,09,06
591.0,594.0,Poecile palustris,Marsh Tit,0.5128,psl4,2024,05,09,06
594.0,597.0,Phylloscopus occipitalis,Western Crowned Warbler,0.783,psl4,2024,05,09,06
597.0,600.0,Periparus ater,Coal Tit,0.739,psl4,2024,05,09,06
600.0,603.0,Phylloscopus humei,Hume's Warbler,0.6469,psl4,2024,05,09,06
612.0,615.0,Poecile palustris,Marsh Tit,0.6524,psl4,2024,05,09,06
612.0,615.0,Periparus ater,Coal Tit,0.523,psl4,2024,05,09,06
615.0,618.0,Phylloscopus occipitalis,Western Crowned Warbler,0.6758,psl4,2024,05,09,06
621.0,624.0,Phylloscopus occipitalis,Western Crowned Warbler,0.5747,psl4,2024,05,09,06
624.0,627.0,Phylloscopus humei,Hume's Warbler,0.5058,psl4,2024,05,09,06
627.0,630.0,Periparus rufonuchalis,Rufous-naped Tit,0.5274,psl4,2024,05,09,06
630.0,633.0,Phylloscopus occipitalis,Western Crowned Warbler,0.642,psl4,2024,05,09,06
636.0,639.0,Phylloscopus occipitalis,Western Crowned Warbler,0.9622,psl4,2024,05,09,06
642.0,645.0,Phylloscopus occipitalis,Western Crowned Warbler,0.8725,psl4,2024,05,09,06
645.0,648.0,Phylloscopus occipitalis,Western Crowned Warbler,0.7549,psl4,2024,05,09,06
651.0,654.0,Anthus hodgsoni,Olive-backed Pipit,0.6875,psl4,2024,05,09,06
654.0,657.0,Phylloscopus occipitalis,Western Crowned Warbler,0.8622,psl4,2024,05,09,06
657.0,660.0,Phylloscopus humei,Hume's Warbler,0.6105,psl4,2024,05,09,06
657.0,660.0,Phylloscopus occipitalis,Western Crowned Warbler,0.5899,psl4,2024,05,09,06
660.0,663.0,Phylloscopus occipitalis,Western Crowned Warbler,0.5403,psl4,2024,05,09,06
666.0,669.0,Phylloscopus humei,Hume's Warbler,0.7116,psl4,2024,05,09,06
672.0,675.0,Phylloscopus occipitalis,Western Crowned Warbler,0.6539,psl4,2024,05,09,06
678.0,681.0,Periparus rufonuchalis,Rufous-naped Tit,0.5957,psl4,2024,05,09,06
678.0,681.0,Phylloscopus humei,Hume's Warbler,0.5635,psl4,2024,05,09,06
684.0,687.0,Phylloscopus occipitalis,Western Crowned Warbler,0.5001,psl4,2024,05,09,06
687.0,690.0,Phylloscopus humei,Hume's Warbler,0.8709,psl4,2024,05,09,06
690.0,693.0,Phylloscopus occipitalis,Western Crowned Warbler,0.9065,psl4,2024,05,09,06
693.0,696.0,Phylloscopus humei,Hume's Warbler,0.708,psl4,2024,05,09,06
696.0,699.0,Anthus hodgsoni,Olive-backed Pipit,0.5803,psl4,2024,05,09,06
744.0,747.0,Phylloscopus humei,Hume's Warbler,0.8644,psl4,2024,05,09,06
747.0,750.0,Phylloscopus humei,Hume's Warbler,0.9818,psl4,2024,05,09,06
750.0,753.0,Phylloscopus occipitalis,Western Crowned Warbler,0.641,psl4,2024,05,09,06
759.0,762.0,Phylloscopus humei,Hume's Warbler,0.7625,psl4,2024,05,09,06
771.0,774.0,Phylloscopus occipitalis,Western Crowned Warbler,0.7091,psl4,2024,05,09,06
774.0,777.0,Phylloscopus humei,Hume's Warbler,0.7288,psl4,2024,05,09,06
777.0,780.0,Periparus rufonuchalis,Rufous-naped Tit,0.6432,psl4,2024,05,09,06
780.0,783.0,Periparus rufonuchalis,Rufous-naped Tit,0.9236,psl4,2024,05,09,06
783.0,786.0,Periparus rufonuchalis,Rufous-naped Tit,0.8467,psl4,2024,05,09,06
789.0,792.0,Periparus rufonuchalis,Rufous-naped Tit,0.9844,psl4,2024,05,09,06
792.0,795.0,Periparus rufonuchalis,Rufous-naped Tit,0.8427,psl4,2024,05,09,06
804.0,807.0,Phylloscopus tytleri,Tytler's Leaf Warbler,0.5176,psl4,2024,05,09,06
813.0,816.0,Phylloscopus occipitalis,Western Crowned Warbler,0.8338,psl4,2024,05,09,06
816.0,819.0,Phylloscopus occipitalis,Western Crowned Warbler,0.7005,psl4,2024,05,09,06
825.0,828.0,Poecile palustris,Marsh Tit,0.7056,psl4,2024,05,09,06
828.0,831.0,Atlapetes pallidinucha,Pale-naped Brushfinch,0.5849,psl4,2024,05,09,06
831.0,834.0,Phylloscopus occipitalis,Western Crowned Warbler,0.5376,psl4,2024,05,09,06
840.0,843.0,Poecile palustris,Marsh Tit,0.6553,psl4,2024,05,09,06
849.0,852.0,Poecile palustris,Marsh Tit,0.561,psl4,2024,05,09,06
855.0,858.0,Poecile palustris,Marsh Tit,0.6474,psl4,2024,05,09,06
858.0,861.0,Periparus rufonuchalis,Rufous-naped Tit,0.6801,psl4,2024,05,09,06
861.0,864.0,Periparus rufonuchalis,Rufous-naped Tit,0.9324,psl4,2024,05,09,06
864.0,867.0,Periparus rufonuchalis,Rufous-naped Tit,0.7457,psl4,2024,05,09,06
864.0,867.0,Parus major,Great Tit,0.6371,psl4,2024,05,09,06
873.0,876.0,Periparus rufonuchalis,Rufous-naped Tit,0.7085,psl4,2024,05,09,06
876.0,879.0,Periparus rufonuchalis,Rufous-naped Tit,0.9882,psl4,2024,05,09,06
876.0,879.0,Periparus rubidiventris,Rufous-vented Tit,0.7718,psl4,2024,05,09,06
879.0,882.0,Periparus rufonuchalis,Rufous-naped Tit,0.8697,psl4,2024,05,09,06
882.0,885.0,Periparus rufonuchalis,Rufous-naped Tit,0.5029,psl4,2024,05,09,06
888.0,891.0,Phylloscopus occipitalis,Western Crowned Warbler,0.867,psl4,2024,05,09,06
894.0,897.0,Phylloscopus occipitalis,Western Crowned Warbler,0.8564,psl4,2024,05,09,06
897.0,900.0,Phylloscopus occipitalis,Western Crowned Warbler,0.8727,psl4,2024,05,09,06
0.0,3.0,Phylloscopus occipitalis,Western Crowned Warbler,0.7522,psl4,2024,05,09,07
6.0,9.0,Phylloscopus occipitalis,Western Crowned Warbler,0.9566,psl4,2024,05,09,07
12.0,15.0,Phylloscopus occipitalis,Western Crowned Warbler,0.9132,psl4,2024,05,09,07
15.0,18.0,Phylloscopus occipitalis,Western Crowned Warbler,0.919,psl4,2024,05,09,07
24.0,27.0,Phylloscopus occipitalis,Western Crowned Warbler,0.9964,psl4,2024,05,09,07
27.0,30.0,Phylloscopus humei,Hume's Warbler,0.942,psl4,2024,05,09,07
39.0,42.0,Phylloscopus occipitalis,Western Crowned Warbler,0.7827,psl4,2024,05,09,07
42.0,45.0,Phylloscopus occipitalis,Western Crowned Warbler,0.8783,psl4,2024,05,09,07
48.0,51.0,Phylloscopus humei,Hume's Warbler,0.7374,psl4,2024,05,09,07
48.0,51.0,Phylloscopus occipitalis,Western Crowned Warbler,0.7069,psl4,2024,05,09,07
57.0,60.0,Phylloscopus occipitalis,Western Crowned Warbler,0.7355,psl4,2024,05,09,07
57.0,60.0,Phylloscopus humei,Hume's Warbler,0.6383,psl4,2024,05,09,07
66.0,69.0,Phylloscopus occipitalis,Western Crowned Warbler,0.911,psl4,2024,05,09,07
66.0,69.0,Phylloscopus sibilatrix,Wood Warbler,0.5163,psl4,2024,05,09,07
69.0,72.0,Phylloscopus occipitalis,Western Crowned Warbler,0.8288,psl4,2024,05,09,07
78.0,81.0,Phylloscopus occipitalis,Western Crowned Warbler,0.9405,psl4,2024,05,09,07
81.0,84.0,Phylloscopus occipitalis,Western Crowned Warbler,0.823,psl4,2024,05,09,07
87.0,90.0,Phylloscopus occipitalis,Western Crowned Warbler,0.7518,psl4,2024,05,09,07
96.0,99.0,Phylloscopus occipitalis,Western Crowned Warbler,0.8779,psl4,2024,05,09,07
99.0,102.0,Phylloscopus occipitalis,Western Crowned Warbler,0.5228,psl4,2024,05,09,07
105.0,108.0,Phylloscopus humei,Hume's Warbler,0.632,psl4,2024,05,09,07
108.0,111.0,Phylloscopus occipitalis,Western Crowned Warbler,0.7221,psl4,2024,05,09,07
111.0,114.0,Phylloscopus humei,Hume's Warbler,0.797,psl4,2024,05,09,07
117.0,120.0,Phylloscopus occipitalis,Western Crowned Warbler,0.966,psl4,2024,05,09,07
120.0,123.0,Phylloscopus occipitalis,Western Crowned Warbler,0.9597,psl4,2024,05,09,07
129.0,132.0,Phylloscopus occipitalis,Western Crowned Warbler,0.7824,psl4,2024,05,09,07
135.0,138.0,Phylloscopus humei,Hume's Warbler,0.9957,psl4,2024,05,09,07
138.0,141.0,Phylloscopus occipitalis,Western Crowned Warbler,0.9733,psl4,2024,05,09,07
141.0,144.0,Phylloscopus occipitalis,Western Crowned Warbler,0.832,psl4,2024,05,09,07
144.0,147.0,Phylloscopus humei,Hume's Warbler,0.9728,psl4,2024,05,09,07
147.0,150.0,Phylloscopus humei,Hume's Warbler,0.8386,psl4,2024,05,09,07
153.0,156.0,Phylloscopus humei,Hume's Warbler,0.9844,psl4,2024,05,09,07
156.0,159.0,Phylloscopus humei,Hume's Warbler,0.9873,psl4,2024,05,09,07
159.0,162.0,Phylloscopus humei,Hume's Warbler,0.9594,psl4,2024,05,09,07
162.0,165.0,Phylloscopus humei,Hume's Warbler,0.5355,psl4,2024,05,09,07
168.0,171.0,Phylloscopus humei,Hume's Warbler,0.9876,psl4,2024,05,09,07
177.0,180.0,Phylloscopus humei,Hume's Warbler,0.9777,psl4,2024,05,09,07
180.0,183.0,Phylloscopus humei,Hume's Warbler,0.9418,psl4,2024,05,09,07
183.0,186.0,Phylloscopus humei,Hume's Warbler,0.5626,psl4,2024,05,09,07
186.0,189.0,Phylloscopus occipitalis,Western Crowned Warbler,0.6401,psl4,2024,05,09,07
189.0,192.0,Phylloscopus humei,Hume's Warbler,0.5589,psl4,2024,05,09,07
192.0,195.0,Phylloscopus humei,Hume's Warbler,0.7898,psl4,2024,05,09,07
195.0,198.0,Phylloscopus occipitalis,Western Crowned Warbler,0.7707,psl4,2024,05,09,07
207.0,210.0,Phylloscopus occipitalis,Western Crowned Warbler,0.5829,psl4,2024,05,09,07
213.0,216.0,Phylloscopus humei,Hume's Warbler,0.8811,psl4,2024,05,09,07
216.0,219.0,Phylloscopus humei,Hume's Warbler,0.7851,psl4,2024,05,09,07
219.0,222.0,Phylloscopus humei,Hume's Warbler,0.7534,psl4,2024,05,09,07
222.0,225.0,Phylloscopus humei,Hume's Warbler,0.8421,psl4,2024,05,09,07
225.0,228.0,Phylloscopus humei,Hume's Warbler,0.7987,psl4,2024,05,09,07
228.0,231.0,Phylloscopus occipitalis,Western Crowned Warbler,0.8754,psl4,2024,05,09,07
231.0,234.0,Phylloscopus occipitalis,Western Crowned Warbler,0.7488,psl4,2024,05,09,07
237.0,240.0,Phylloscopus humei,Hume's Warbler,0.5775,psl4,2024,05,09,07
252.0,255.0,Phylloscopus humei,Hume's Warbler,0.6657,psl4,2024,05,09,07
258.0,261.0,Phylloscopus humei,Hume's Warbler,0.6554,psl4,2024,05,09,07
261.0,264.0,Phylloscopus occipitalis,Western Crowned Warbler,0.7285,psl4,2024,05,09,07
267.0,270.0,Phylloscopus humei,Hume's Warbler,0.6567,psl4,2024,05,09,07
270.0,273.0,Phylloscopus humei,Hume's Warbler,0.6842,psl4,2024,05,09,07
273.0,276.0,Phylloscopus occipitalis,Western Crowned Warbler,0.8494,psl4,2024,05,09,07
276.0,279.0,Phylloscopus occipitalis,Western Crowned Warbler,0.638,psl4,2024,05,09,07
285.0,288.0,Phylloscopus occipitalis,Western Crowned Warbler,0.9901,psl4,2024,05,09,07
288.0,291.0,Phylloscopus occipitalis,Western Crowned Warbler,0.8822,psl4,2024,05,09,07
291.0,294.0,Phylloscopus tytleri,Tytler's Leaf Warbler,0.631,psl4,2024,05,09,07
303.0,306.0,Phylloscopus occipitalis,Western Crowned Warbler,0.8888,psl4,2024,05,09,07
306.0,309.0,Phylloscopus occipitalis,Western Crowned Warbler,0.9533,psl4,2024,05,09,07
312.0,315.0,Phylloscopus humei,Hume's Warbler,0.865,psl4,2024,05,09,07
318.0,321.0,Phylloscopus humei,Hume's Warbler,0.9095,psl4,2024,05,09,07
324.0,327.0,Phylloscopus humei,Hume's Warbler,0.866,psl4,2024,05,09,07
327.0,330.0,Phylloscopus humei,Hume's Warbler,0.7876,psl4,2024,05,09,07
333.0,336.0,Phylloscopus occipitalis,Western Crowned Warbler,0.6592,psl4,2024,05,09,07
348.0,351.0,Phylloscopus humei,Hume's Warbler,0.7113,psl4,2024,05,09,07
363.0,366.0,Phylloscopus occipitalis,Western Crowned Warbler,0.5247,psl4,2024,05,09,07
366.0,369.0,Phylloscopus humei,Hume's Warbler,0.9884,psl4,2024,05,09,07
369.0,372.0,Phylloscopus humei,Hume's Warbler,0.9754,psl4,2024,05,09,07
393.0,396.0,Phylloscopus humei,Hume's Warbler,0.9773,psl4,2024,05,09,07
441.0,444.0,Phylloscopus humei,Hume's Warbler,0.5528,psl4,2024,05,09,07
450.0,453.0,Phylloscopus humei,Hume's Warbler,0.9894,psl4,2024,05,09,07
459.0,462.0,Phylloscopus humei,Hume's Warbler,0.772,psl4,2024,05,09,07
462.0,465.0,Phylloscopus humei,Hume's Warbler,0.9513,psl4,2024,05,09,07
465.0,468.0,Phylloscopus humei,Hume's Warbler,0.9599,psl4,2024,05,09,07
468.0,471.0,Phylloscopus humei,Hume's Warbler,0.8822,psl4,2024,05,09,07
471.0,474.0,Phylloscopus humei,Hume's Warbler,0.9184,psl4,2024,05,09,07
474.0,477.0,Phylloscopus humei,Hume's Warbler,0.747,psl4,2024,05,09,07
477.0,480.0,Phylloscopus humei,Hume's Warbler,0.9842,psl4,2024,05,09,07
480.0,483.0,Phylloscopus humei,Hume's Warbler,0.9497,psl4,2024,05,09,07
483.0,486.0,Phylloscopus humei,Hume's Warbler,0.8619,psl4,2024,05,09,07
489.0,492.0,Phylloscopus humei,Hume's Warbler,0.708,psl4,2024,05,09,07
495.0,498.0,Phylloscopus humei,Hume's Warbler,0.7141,psl4,2024,05,09,07
510.0,513.0,Phylloscopus humei,Hume's Warbler,0.5064,psl4,2024,05,09,07
525.0,528.0,Phylloscopus occipitalis,Western Crowned Warbler,0.6115,psl4,2024,05,09,07
561.0,564.0,Phylloscopus occipitalis,Western Crowned Warbler,0.9745,psl4,2024,05,09,07
564.0,567.0,Phylloscopus occipitalis,Western Crowned Warbler,0.7682,psl4,2024,05,09,07
579.0,582.0,Phylloscopus humei,Hume's Warbler,0.9516,psl4,2024,05,09,07
591.0,594.0,Phylloscopus occipitalis,Western Crowned Warbler,0.8321,psl4,2024,05,09,07
603.0,606.0,Phylloscopus humei,Hume's Warbler,0.7109,psl4,2024,05,09,07
603.0,606.0,Phylloscopus occipitalis,Western Crowned Warbler,0.6202,psl4,2024,05,09,07
618.0,621.0,Phylloscopus occipitalis,Western Crowned Warbler,0.7734,psl4,2024,05,09,07
621.0,624.0,Phylloscopus occipitalis,Western Crowned Warbler,0.8644,psl4,2024,05,09,07
627.0,630.0,Phylloscopus humei,Hume's Warbler,0.7951,psl4,2024,05,09,07
639.0,642.0,Phylloscopus humei,Hume's Warbler,0.9527,psl4,2024,05,09,07
642.0,645.0,Phylloscopus occipitalis,Western Crowned Warbler,0.9139,psl4,2024,05,09,07
651.0,654.0,Phylloscopus humei,Hume's Warbler,0.8978,psl4,2024,05,09,07
660.0,663.0,Phylloscopus humei,Hume's Warbler,0.88,psl4,2024,05,09,07
669.0,672.0,Phylloscopus humei,Hume's Warbler,0.5211,psl4,2024,05,09,07
681.0,684.0,Phylloscopus humei,Hume's Warbler,0.8377,psl4,2024,05,09,07
690.0,693.0,Phylloscopus humei,Hume's Warbler,0.8369,psl4,2024,05,09,07
699.0,702.0,Phylloscopus humei,Hume's Warbler,0.8996,psl4,2024,05,09,07
708.0,711.0,Phylloscopus humei,Hume's Warbler,0.9843,psl4,2024,05,09,07
717.0,720.0,Phylloscopus humei,Hume's Warbler,0.95,psl4,2024,05,09,07
744.0,747.0,Phylloscopus humei,Hume's Warbler,0.511,psl4,2024,05,09,07
759.0,762.0,Tringa nebularia,Common Greenshank,0.7922,psl4,2024,05,09,07
762.0,765.0,Phylloscopus humei,Hume's Warbler,0.9923,psl4,2024,05,09,07
795.0,798.0,Phylloscopus humei,Hume's Warbler,0.5869,psl4,2024,05,09,07
810.0,813.0,Erithacus rubecula,European Robin,0.504,psl4,2024,05,09,07
813.0,816.0,Phylloscopus humei,Hume's Warbler,0.9618,psl4,2024,05,09,07
822.0,825.0,Anthus hodgsoni,Olive-backed Pipit,0.5934,psl4,2024,05,09,07
828.0,831.0,Phylloscopus humei,Hume's Warbler,0.9519,psl4,2024,05,09,07
834.0,837.0,Phylloscopus humei,Hume's Warbler,0.9995,psl4,2024,05,09,07
837.0,840.0,Phylloscopus humei,Hume's Warbler,0.9992,psl4,2024,05,09,07
840.0,843.0,Phylloscopus humei,Hume's Warbler,0.9996,psl4,2024,05,09,07
846.0,849.0,Phylloscopus humei,Hume's Warbler,0.7113,psl4,2024,05,09,07
846.0,849.0,Vermivora chrysoptera,Golden-winged Warbler,0.6138,psl4,2024,05,09,07
849.0,852.0,Phylloscopus humei,Hume's Warbler,0.9905,psl4,2024,05,09,07
861.0,864.0,Phylloscopus humei,Hume's Warbler,0.9973,psl4,2024,05,09,07
870.0,873.0,Phylloscopus humei,Hume's Warbler,0.9632,psl4,2024,05,09,07
876.0,879.0,Troglodytes pacificus,Pacific Wren,0.5197,psl4,2024,05,09,07
879.0,882.0,Anthus hodgsoni,Olive-backed Pipit,0.8925,psl4,2024,05,09,07
882.0,885.0,Phylloscopus humei,Hume's Warbler,0.9746,psl4,2024,05,09,07
885.0,888.0,Troglodytes pacificus,Pacific Wren,0.729,psl4,2024,05,09,07
888.0,891.0,Anthus hodgsoni,Olive-backed Pipit,0.8817,psl4,2024,05,09,07
891.0,894.0,Phylloscopus humei,Hume's Warbler,0.9957,psl4,2024,05,09,07
6.0,9.0,Prunella strophiata,Rufous-breasted Accentor,0.5933,psl4,2024,05,09,08
39.0,42.0,Serinus serinus,European Serin,0.5022,psl4,2024,05,09,08
51.0,54.0,Cyanistes teneriffae,African Blue Tit,0.7465,psl4,2024,05,09,08
135.0,138.0,Anthus hodgsoni,Olive-backed Pipit,0.6713,psl4,2024,05,09,08
156.0,159.0,Anthus hodgsoni,Olive-backed Pipit,0.8169,psl4,2024,05,09,08
207.0,210.0,Phylloscopus humei,Hume's Warbler,0.6424,psl4,2024,05,09,08
222.0,225.0,Anthus hodgsoni,Olive-backed Pipit,0.5695,psl4,2024,05,09,08
252.0,255.0,Phylloscopus humei,Hume's Warbler,0.8081,psl4,2024,05,09,08
273.0,276.0,Phylloscopus humei,Hume's Warbler,0.5287,psl4,2024,05,09,08
309.0,312.0,Anthus hodgsoni,Olive-backed Pipit,0.553,psl4,2024,05,09,08
333.0,336.0,Ichthyaetus melanocephalus,Mediterranean Gull,0.6845,psl4,2024,05,09,08
336.0,339.0,Grus grus,Common Crane,0.648,psl4,2024,05,09,08
351.0,354.0,Phylloscopus occipitalis,Western Crowned Warbler,0.5901,psl4,2024,05,09,08
396.0,399.0,Spinus pinus,Pine Siskin,0.6204,psl4,2024,05,09,08
402.0,405.0,Phylloscopus occipitalis,Western Crowned Warbler,0.5851,psl4,2024,05,09,08
411.0,414.0,Phylloscopus occipitalis,Western Crowned Warbler,0.6237,psl4,2024,05,09,08
414.0,417.0,Protonotaria citrea,Prothonotary Warbler,0.9466,psl4,2024,05,09,08
417.0,420.0,Phylloscopus humei,Hume's Warbler,0.7872,psl4,2024,05,09,08
420.0,423.0,Phylloscopus occipitalis,Western Crowned Warbler,0.5236,psl4,2024,05,09,08
432.0,435.0,Phylloscopus humei,Hume's Warbler,0.7284,psl4,2024,05,09,08
441.0,444.0,Anthus hodgsoni,Olive-backed Pipit,0.6905,psl4,2024,05,09,08
450.0,453.0,Phylloscopus humei,Hume's Warbler,0.8743,psl4,2024,05,09,08
453.0,456.0,Anthus hodgsoni,Olive-backed Pipit,0.6837,psl4,2024,05,09,08
456.0,459.0,Phylloscopus humei,Hume's Warbler,0.6827,psl4,2024,05,09,08
459.0,462.0,Phylloscopus humei,Hume's Warbler,0.9981,psl4,2024,05,09,08
462.0,465.0,Anthus hodgsoni,Olive-backed Pipit,0.7024,psl4,2024,05,09,08
465.0,468.0,Phylloscopus humei,Hume's Warbler,0.6321,psl4,2024,05,09,08
471.0,474.0,Phylloscopus humei,Hume's Warbler,0.862,psl4,2024,05,09,08
477.0,480.0,Phylloscopus humei,Hume's Warbler,0.8988,psl4,2024,05,09,08
480.0,483.0,Phylloscopus humei,Hume's Warbler,0.9716,psl4,2024,05,09,08
483.0,486.0,Phylloscopus occipitalis,Western Crowned Warbler,0.5859,psl4,2024,05,09,08
486.0,489.0,Phylloscopus humei,Hume's Warbler,0.9896,psl4,2024,05,09,08
492.0,495.0,Phylloscopus humei,Hume's Warbler,0.5213,psl4,2024,05,09,08
501.0,504.0,Phylloscopus humei,Hume's Warbler,0.9998,psl4,2024,05,09,08
510.0,513.0,Phylloscopus humei,Hume's Warbler,0.8388,psl4,2024,05,09,08
516.0,519.0,Phylloscopus humei,Hume's Warbler,0.9745,psl4,2024,05,09,08
522.0,525.0,Phylloscopus humei,Hume's Warbler,0.9182,psl4,2024,05,09,08
525.0,528.0,Phylloscopus humei,Hume's Warbler,0.8608,psl4,2024,05,09,08
525.0,528.0,Turdus iliacus,Redwing,0.6356,psl4,2024,05,09,08
531.0,534.0,Phylloscopus humei,Hume's Warbler,0.9272,psl4,2024,05,09,08
534.0,537.0,Phylloscopus humei,Hume's Warbler,0.9951,psl4,2024,05,09,08
540.0,543.0,Phylloscopus humei,Hume's Warbler,0.9264,psl4,2024,05,09,08
546.0,549.0,Phylloscopus humei,Hume's Warbler,0.9772,psl4,2024,05,09,08
552.0,555.0,Phylloscopus humei,Hume's Warbler,0.8086,psl4,2024,05,09,08
555.0,558.0,Anthus hodgsoni,Olive-backed Pipit,0.5048,psl4,2024,05,09,08
561.0,564.0,Phylloscopus humei,Hume's Warbler,0.955,psl4,2024,05,09,08
570.0,573.0,Phylloscopus humei,Hume's Warbler,0.7541,psl4,2024,05,09,08
582.0,585.0,Phylloscopus humei,Hume's Warbler,0.5046,psl4,2024,05,09,08
606.0,609.0,Prunella strophiata,Rufous-breasted Accentor,0.774,psl4,2024,05,09,08
612.0,615.0,Prunella strophiata,Rufous-breasted Accentor,0.6929,psl4,2024,05,09,08
615.0,618.0,Prunella strophiata,Rufous-breasted Accentor,0.7968,psl4,2024,05,09,08
624.0,627.0,Prunella strophiata,Rufous-breasted Accentor,0.5199,psl4,2024,05,09,08
672.0,675.0,Phylloscopus occipitalis,Western Crowned Warbler,0.5068,psl4,2024,05,09,08
684.0,687.0,Protonotaria citrea,Prothonotary Warbler,0.5049,psl4,2024,05,09,08
690.0,693.0,Phylloscopus occipitalis,Western Crowned Warbler,0.6915,psl4,2024,05,09,08
708.0,711.0,Phylloscopus occipitalis,Western Crowned Warbler,0.639,psl4,2024,05,09,08
714.0,717.0,Phylloscopus occipitalis,Western Crowned Warbler,0.7931,psl4,2024,05,09,08
723.0,726.0,Phylloscopus occipitalis,Western Crowned Warbler,0.8213,psl4,2024,05,09,08
726.0,729.0,Phylloscopus occipitalis,Western Crowned Warbler,0.6652,psl4,2024,05,09,08
735.0,738.0,Phylloscopus occipitalis,Western Crowned Warbler,0.9617,psl4,2024,05,09,08
738.0,741.0,Phylloscopus occipitalis,Western Crowned Warbler,0.8292,psl4,2024,05,09,08
741.0,744.0,Phylloscopus occipitalis,Western Crowned Warbler,0.8132,psl4,2024,05,09,08
744.0,747.0,Phylloscopus occipitalis,Western Crowned Warbler,0.7952,psl4,2024,05,09,08
747.0,750.0,Phylloscopus occipitalis,Western Crowned Warbler,0.7488,psl4,2024,05,09,08
750.0,753.0,Phylloscopus occipitalis,Western Crowned Warbler,0.8622,psl4,2024,05,09,08
756.0,759.0,Phylloscopus occipitalis,Western Crowned Warbler,0.7267,psl4,2024,05,09,08
774.0,777.0,Phylloscopus occipitalis,Western Crowned Warbler,0.6216,psl4,2024,05,09,08
777.0,780.0,Phylloscopus occipitalis,Western Crowned Warbler,0.525,psl4,2024,05,09,08
795.0,798.0,Phylloscopus occipitalis,Western Crowned Warbler,0.8257,psl4,2024,05,09,08
798.0,801.0,Phylloscopus occipitalis,Western Crowned Warbler,0.9245,psl4,2024,05,09,08
801.0,804.0,Protonotaria citrea,Prothonotary Warbler,0.7178,psl4,2024,05,09,08
810.0,813.0,Phylloscopus occipitalis,Western Crowned Warbler,0.6564,psl4,2024,05,09,08
813.0,816.0,Phylloscopus occipitalis,Western Crowned Warbler,0.8653,psl4,2024,05,09,08
816.0,819.0,Phylloscopus occipitalis,Western Crowned Warbler,0.7062,psl4,2024,05,09,08
825.0,828.0,Phylloscopus occipitalis,Western Crowned Warbler,0.6794,psl4,2024,05,09,08
828.0,831.0,Phylloscopus occipitalis,Western Crowned Warbler,0.7765,psl4,2024,05,09,08
834.0,837.0,Phylloscopus occipitalis,Western Crowned Warbler,0.7191,psl4,2024,05,09,08
840.0,843.0,Phylloscopus occipitalis,Western Crowned Warbler,0.5188,psl4,2024,05,09,08
843.0,846.0,Phylloscopus occipitalis,Western Crowned Warbler,0.7451,psl4,2024,05,09,08
849.0,852.0,Phylloscopus occipitalis,Western Crowned Warbler,0.7897,psl4,2024,05,09,08
855.0,858.0,Phylloscopus occipitalis,Western Crowned Warbler,0.9042,psl4,2024,05,09,08
867.0,870.0,Phylloscopus occipitalis,Western Crowned Warbler,0.712,psl4,2024,05,09,08
888.0,891.0,Phylloscopus occipitalis,Western Crowned Warbler,0.6655,psl4,2024,05,09,08
891.0,894.0,Phylloscopus occipitalis,Western Crowned Warbler,0.6164,psl4,2024,05,09,08
0.0,3.0,Trochalopteron variegatum,Variegated Laughingthrush,0.9444,psl4,2024,05,09,09
3.0,6.0,Trochalopteron variegatum,Variegated Laughingthrush,0.5055,psl4,2024,05,09,09
6.0,9.0,Trochalopteron variegatum,Variegated Laughingthrush,0.9602,psl4,2024,05,09,09
9.0,12.0,Trochalopteron variegatum,Variegated Laughingthrush,0.9244,psl4,2024,05,09,09
12.0,15.0,Trochalopteron variegatum,Variegated Laughingthrush,0.8529,psl4,2024,05,09,09
15.0,18.0,Trochalopteron variegatum,Variegated Laughingthrush,0.9369,psl4,2024,05,09,09
18.0,21.0,Trochalopteron variegatum,Variegated Laughingthrush,0.8298,psl4,2024,05,09,09
21.0,24.0,Trochalopteron variegatum,Variegated Laughingthrush,0.7684,psl4,2024,05,09,09
21.0,24.0,Phylloscopus occipitalis,Western Crowned Warbler,0.5911,psl4,2024,05,09,09
27.0,30.0,Trochalopteron variegatum,Variegated Laughingthrush,0.8552,psl4,2024,05,09,09
30.0,33.0,Trochalopteron variegatum,Variegated Laughingthrush,0.7796,psl4,2024,05,09,09
33.0,36.0,Trochalopteron variegatum,Variegated Laughingthrush,0.9337,psl4,2024,05,09,09
36.0,39.0,Trochalopteron variegatum,Variegated Laughingthrush,0.9124,psl4,2024,05,09,09
39.0,42.0,Vermivora chrysoptera,Golden-winged Warbler,0.8276,psl4,2024,05,09,09
42.0,45.0,Trochalopteron variegatum,Variegated Laughingthrush,0.636,psl4,2024,05,09,09
45.0,48.0,Trochalopteron variegatum,Variegated Laughingthrush,0.9525,psl4,2024,05,09,09
48.0,51.0,Trochalopteron variegatum,Variegated Laughingthrush,0.9039,psl4,2024,05,09,09
48.0,51.0,Phylloscopus humei,Hume's Warbler,0.5649,psl4,2024,05,09,09
51.0,54.0,Trochalopteron variegatum,Variegated Laughingthrush,0.9439,psl4,2024,05,09,09
54.0,57.0,Trochalopteron variegatum,Variegated Laughingthrush,0.9309,psl4,2024,05,09,09
57.0,60.0,Trochalopteron variegatum,Variegated Laughingthrush,0.8774,psl4,2024,05,09,09
60.0,63.0,Trochalopteron variegatum,Variegated Laughingthrush,0.8272,psl4,2024,05,09,09
63.0,66.0,Phylloscopus humei,Hume's Warbler,0.7687,psl4,2024,05,09,09
63.0,66.0,Trochalopteron variegatum,Variegated Laughingthrush,0.651,psl4,2024,05,09,09
66.0,69.0,Trochalopteron variegatum,Variegated Laughingthrush,0.9522,psl4,2024,05,09,09
69.0,72.0,Trochalopteron variegatum,Variegated Laughingthrush,0.898,psl4,2024,05,09,09
72.0,75.0,Phylloscopus humei,Hume's Warbler,0.9657,psl4,2024,05,09,09
75.0,78.0,Phylloscopus humei,Hume's Warbler,0.9824,psl4,2024,05,09,09
75.0,78.0,Trochalopteron variegatum,Variegated Laughingthrush,0.8488,psl4,2024,05,09,09
78.0,81.0,Phylloscopus humei,Hume's Warbler,0.9734,psl4,2024,05,09,09
78.0,81.0,Trochalopteron variegatum,Variegated Laughingthrush,0.8719,psl4,2024,05,09,09
81.0,84.0,Phylloscopus humei,Hume's Warbler,0.9865,psl4,2024,05,09,09
81.0,84.0,Trochalopteron variegatum,Variegated Laughingthrush,0.5397,psl4,2024,05,09,09
84.0,87.0,Trochalopteron variegatum,Variegated Laughingthrush,0.9692,psl4,2024,05,09,09
84.0,87.0,Phylloscopus humei,Hume's Warbler,0.5695,psl4,2024,05,09,09
87.0,90.0,Trochalopteron variegatum,Variegated Laughingthrush,0.8436,psl4,2024,05,09,09
90.0,93.0,Phylloscopus humei,Hume's Warbler,0.9999,psl4,2024,05,09,09
93.0,96.0,Phylloscopus humei,Hume's Warbler,0.6938,psl4,2024,05,09,09
93.0,96.0,Trochalopteron variegatum,Variegated Laughingthrush,0.6602,psl4,2024,05,09,09
99.0,102.0,Phylloscopus humei,Hume's Warbler,0.9611,psl4,2024,05,09,09
99.0,102.0,Trochalopteron variegatum,Variegated Laughingthrush,0.789,psl4,2024,05,09,09
102.0,105.0,Trochalopteron variegatum,Variegated Laughingthrush,0.9655,psl4,2024,05,09,09
105.0,108.0,Trochalopteron variegatum,Variegated Laughingthrush,0.9945,psl4,2024,05,09,09
108.0,111.0,Trochalopteron variegatum,Variegated Laughingthrush,0.9035,psl4,2024,05,09,09
111.0,114.0,Trochalopteron variegatum,Variegated Laughingthrush,0.6389,psl4,2024,05,09,09
111.0,114.0,Phylloscopus humei,Hume's Warbler,0.51,psl4,2024,05,09,09
114.0,117.0,Trochalopteron variegatum,Variegated Laughingthrush,0.8897,psl4,2024,05,09,09
114.0,117.0,Phylloscopus humei,Hume's Warbler,0.5476,psl4,2024,05,09,09
117.0,120.0,Phylloscopus humei,Hume's Warbler,0.6286,psl4,2024,05,09,09
120.0,123.0,Trochalopteron variegatum,Variegated Laughingthrush,0.7912,psl4,2024,05,09,09
123.0,126.0,Trochalopteron variegatum,Variegated Laughingthrush,0.84,psl4,2024,05,09,09
126.0,129.0,Phylloscopus humei,Hume's Warbler,0.9988,psl4,2024,05,09,09
126.0,129.0,Trochalopteron variegatum,Variegated Laughingthrush,0.5067,psl4,2024,05,09,09
129.0,132.0,Trochalopteron variegatum,Variegated Laughingthrush,0.9876,psl4,2024,05,09,09
132.0,135.0,Trochalopteron variegatum,Variegated Laughingthrush,0.81,psl4,2024,05,09,09
138.0,141.0,Trochalopteron variegatum,Variegated Laughingthrush,0.919,psl4,2024,05,09,09
141.0,144.0,Trochalopteron variegatum,Variegated Laughingthrush,0.9402,psl4,2024,05,09,09
144.0,147.0,Trochalopteron variegatum,Variegated Laughingthrush,0.9548,psl4,2024,05,09,09
147.0,150.0,Trochalopteron variegatum,Variegated Laughingthrush,0.6176,psl4,2024,05,09,09
150.0,153.0,Trochalopteron variegatum,Variegated Laughingthrush,0.9188,psl4,2024,05,09,09
153.0,156.0,Trochalopteron variegatum,Variegated Laughingthrush,0.5753,psl4,2024,05,09,09
156.0,159.0,Trochalopteron variegatum,Variegated Laughingthrush,0.8762,psl4,2024,05,09,09
159.0,162.0,Trochalopteron variegatum,Variegated Laughingthrush,0.951,psl4,2024,05,09,09
162.0,165.0,Trochalopteron variegatum,Variegated Laughingthrush,0.8832,psl4,2024,05,09,09
165.0,168.0,Trochalopteron variegatum,Variegated Laughingthrush,0.6146,psl4,2024,05,09,09
168.0,171.0,Trochalopteron variegatum,Variegated Laughingthrush,0.6344,psl4,2024,05,09,09
177.0,180.0,Trochalopteron variegatum,Variegated Laughingthrush,0.9804,psl4,2024,05,09,09
180.0,183.0,Phylloscopus humei,Hume's Warbler,0.9148,psl4,2024,05,09,09
201.0,204.0,Trochalopteron variegatum,Variegated Laughingthrush,0.6267,psl4,2024,05,09,09
204.0,207.0,Trochalopteron variegatum,Variegated Laughingthrush,0.5902,psl4,2024,05,09,09
210.0,213.0,Trochalopteron variegatum,Variegated Laughingthrush,0.8842,psl4,2024,05,09,09
216.0,219.0,Protonotaria citrea,Prothonotary Warbler,0.6722,psl4,2024,05,09,09
219.0,222.0,Trochalopteron variegatum,Variegated Laughingthrush,0.7085,psl4,2024,05,09,09
228.0,231.0,Trochalopteron variegatum,Variegated Laughingthrush,0.8513,psl4,2024,05,09,09
252.0,255.0,Trochalopteron variegatum,Variegated Laughingthrush,0.5233,psl4,2024,05,09,09
267.0,270.0,Phylloscopus occipitalis,Western Crowned Warbler,0.6652,psl4,2024,05,09,09
273.0,276.0,Phylloscopus occipitalis,Western Crowned Warbler,0.5873,psl4,2024,05,09,09
276.0,279.0,Phylloscopus occipitalis,Western Crowned Warbler,0.7459,psl4,2024,05,09,09
282.0,285.0,Phylloscopus humei,Hume's Warbler,0.5775,psl4,2024,05,09,09
297.0,300.0,Phylloscopus occipitalis,Western Crowned Warbler,0.6674,psl4,2024,05,09,09
306.0,309.0,Prunella strophiata,Rufous-breasted Accentor,0.5322,psl4,2024,05,09,09
309.0,312.0,Phylloscopus occipitalis,Western Crowned Warbler,0.7505,psl4,2024,05,09,09
315.0,318.0,Phylloscopus occipitalis,Western Crowned Warbler,0.9483,psl4,2024,05,09,09
318.0,321.0,Phylloscopus occipitalis,Western Crowned Warbler,0.8077,psl4,2024,05,09,09
324.0,327.0,Phylloscopus occipitalis,Western Crowned Warbler,0.6324,psl4,2024,05,09,09
327.0,330.0,Phylloscopus occipitalis,Western Crowned Warbler,0.7869,psl4,2024,05,09,09
327.0,330.0,Phylloscopus reguloides,Blyth's Leaf Warbler,0.5611,psl4,2024,05,09,09
336.0,339.0,Phylloscopus occipitalis,Western Crowned Warbler,0.6946,psl4,2024,05,09,09
342.0,345.0,Phylloscopus occipitalis,Western Crowned Warbler,0.9168,psl4,2024,05,09,09
354.0,357.0,Serinus serinus,European Serin,0.7605,psl4,2024,05,09,09
354.0,357.0,Prunella strophiata,Rufous-breasted Accentor,0.6879,psl4,2024,05,09,09
354.0,357.0,Periparus ater,Coal Tit,0.5429,psl4,2024,05,09,09
357.0,360.0,Phylloscopus occipitalis,Western Crowned Warbler,0.7031,psl4,2024,05,09,09
360.0,363.0,Phylloscopus occipitalis,Western Crowned Warbler,0.6376,psl4,2024,05,09,09
363.0,366.0,Prunella strophiata,Rufous-breasted Accentor,0.5832,psl4,2024,05,09,09
369.0,372.0,Phylloscopus occipitalis,Western Crowned Warbler,0.9724,psl4,2024,05,09,09
372.0,375.0,Phylloscopus occipitalis,Western Crowned Warbler,0.7292,psl4,2024,05,09,09
378.0,381.0,Phylloscopus occipitalis,Western Crowned Warbler,0.991,psl4,2024,05,09,09
381.0,384.0,Phylloscopus humei,Hume's Warbler,0.6553,psl4,2024,05,09,09
384.0,387.0,Phylloscopus reguloides,Blyth's Leaf Warbler,0.586,psl4,2024,05,09,09
390.0,393.0,Phylloscopus humei,Hume's Warbler,0.7665,psl4,2024,05,09,09
399.0,402.0,Phylloscopus humei,Hume's Warbler,0.9674,psl4,2024,05,09,09
402.0,405.0,Phylloscopus occipitalis,Western Crowned Warbler,0.6683,psl4,2024,05,09,09
408.0,411.0,Phylloscopus humei,Hume's Warbler,0.6199,psl4,2024,05,09,09
411.0,414.0,Phylloscopus occipitalis,Western Crowned Warbler,0.5898,psl4,2024,05,09,09
414.0,417.0,Phylloscopus occipitalis,Western Crowned Warbler,0.9864,psl4,2024,05,09,09
423.0,426.0,Phylloscopus occipitalis,Western Crowned Warbler,0.8012,psl4,2024,05,09,09
426.0,429.0,Phylloscopus occipitalis,Western Crowned Warbler,0.9186,psl4,2024,05,09,09
426.0,429.0,Phylloscopus humei,Hume's Warbler,0.588,psl4,2024,05,09,09
435.0,438.0,Phylloscopus occipitalis,Western Crowned Warbler,0.7366,psl4,2024,05,09,09
447.0,450.0,Phylloscopus occipitalis,Western Crowned Warbler,0.5564,psl4,2024,05,09,09
447.0,450.0,Phylloscopus humei,Hume's Warbler,0.5533,psl4,2024,05,09,09
450.0,453.0,Phylloscopus occipitalis,Western Crowned Warbler,0.9486,psl4,2024,05,09,09
453.0,456.0,Phylloscopus occipitalis,Western Crowned Warbler,0.7976,psl4,2024,05,09,09
480.0,483.0,Phylloscopus occipitalis,Western Crowned Warbler,0.9247,psl4,2024,05,09,09
486.0,489.0,Phylloscopus humei,Hume's Warbler,0.9048,psl4,2024,05,09,09
498.0,501.0,Phylloscopus occipitalis,Western Crowned Warbler,0.8581,psl4,2024,05,09,09
507.0,510.0,Phylloscopus occipitalis,Western Crowned Warbler,0.8944,psl4,2024,05,09,09
525.0,528.0,Phylloscopus occipitalis,Western Crowned Warbler,0.8076,psl4,2024,05,09,09
540.0,543.0,Phylloscopus humei,Hume's Warbler,0.9301,psl4,2024,05,09,09
543.0,546.0,Phylloscopus humei,Hume's Warbler,0.6269,psl4,2024,05,09,09
558.0,561.0,Phylloscopus occipitalis,Western Crowned Warbler,0.6446,psl4,2024,05,09,09
564.0,567.0,Cyanistes teneriffae,African Blue Tit,0.6553,psl4,2024,05,09,09
573.0,576.0,Phylloscopus occipitalis,Western Crowned Warbler,0.8775,psl4,2024,05,09,09
582.0,585.0,Serinus serinus,European Serin,0.6021,psl4,2024,05,09,09
615.0,618.0,Emberiza cia,Rock Bunting,0.7817,psl4,2024,05,09,09
618.0,621.0,Phylloscopus occipitalis,Western Crowned Warbler,0.8728,psl4,2024,05,09,09
630.0,633.0,Phylloscopus occipitalis,Western Crowned Warbler,0.8966,psl4,2024,05,09,09
642.0,645.0,Phylloscopus maculipennis,Ashy-throated Warbler,0.6616,psl4,2024,05,09,09
645.0,648.0,Phylloscopus occipitalis,Western Crowned Warbler,0.9917,psl4,2024,05,09,09
654.0,657.0,Phylloscopus occipitalis,Western Crowned Warbler,0.9854,psl4,2024,05,09,09
663.0,666.0,Phylloscopus occipitalis,Western Crowned Warbler,0.9795,psl4,2024,05,09,09
666.0,669.0,Periparus ater,Coal Tit,0.8389,psl4,2024,05,09,09
669.0,672.0,Phylloscopus humei,Hume's Warbler,0.9853,psl4,2024,05,09,09
672.0,675.0,Phylloscopus occipitalis,Western Crowned Warbler,0.9908,psl4,2024,05,09,09
675.0,678.0,Phylloscopus occipitalis,Western Crowned Warbler,0.9603,psl4,2024,05,09,09
681.0,684.0,Phylloscopus occipitalis,Western Crowned Warbler,0.7939,psl4,2024,05,09,09
687.0,690.0,Phylloscopus humei,Hume's Warbler,0.9945,psl4,2024,05,09,09
690.0,693.0,Phylloscopus occipitalis,Western Crowned Warbler,0.8352,psl4,2024,05,09,09
693.0,696.0,Phylloscopus occipitalis,Western Crowned Warbler,0.983,psl4,2024,05,09,09
696.0,699.0,Phylloscopus humei,Hume's Warbler,0.9966,psl4,2024,05,09,09
702.0,705.0,Phylloscopus humei,Hume's Warbler,0.8461,psl4,2024,05,09,09
705.0,708.0,Phylloscopus humei,Hume's Warbler,0.95,psl4,2024,05,09,09
711.0,714.0,Phylloscopus occipitalis,Western Crowned Warbler,0.6042,psl4,2024,05,09,09
711.0,714.0,Phylloscopus humei,Hume's Warbler,0.5803,psl4,2024,05,09,09
714.0,717.0,Phylloscopus occipitalis,Western Crowned Warbler,0.7971,psl4,2024,05,09,09
723.0,726.0,Phylloscopus occipitalis,Western Crowned Warbler,0.9702,psl4,2024,05,09,09
732.0,735.0,Phylloscopus humei,Hume's Warbler,0.9899,psl4,2024,05,09,09
741.0,744.0,Phylloscopus humei,Hume's Warbler,0.9613,psl4,2024,05,09,09
747.0,750.0,Periparus ater,Coal Tit,0.5343,psl4,2024,05,09,09
753.0,756.0,Poecile palustris,Marsh Tit,0.8505,psl4,2024,05,09,09
756.0,759.0,Phylloscopus occipitalis,Western Crowned Warbler,0.9494,psl4,2024,05,09,09
759.0,762.0,Phylloscopus occipitalis,Western Crowned Warbler,0.9809,psl4,2024,05,09,09
765.0,768.0,Phylloscopus occipitalis,Western Crowned Warbler,0.7779,psl4,2024,05,09,09
768.0,771.0,Phylloscopus occipitalis,Western Crowned Warbler,0.7293,psl4,2024,05,09,09
771.0,774.0,Phylloscopus occipitalis,Western Crowned Warbler,0.981,psl4,2024,05,09,09
777.0,780.0,Phylloscopus occipitalis,Western Crowned Warbler,0.9671,psl4,2024,05,09,09
777.0,780.0,Periparus ater,Coal Tit,0.743,psl4,2024,05,09,09
783.0,786.0,Phylloscopus occipitalis,Western Crowned Warbler,0.9946,psl4,2024,05,09,09
786.0,789.0,Phylloscopus occipitalis,Western Crowned Warbler,0.9722,psl4,2024,05,09,09
789.0,792.0,Phylloscopus occipitalis,Western Crowned Warbler,0.9927,psl4,2024,05,09,09
792.0,795.0,Periparus ater,Coal Tit,0.5507,psl4,2024,05,09,09
798.0,801.0,Phylloscopus occipitalis,Western Crowned Warbler,0.7637,psl4,2024,05,09,09
798.0,801.0,Phylloscopus tytleri,Tytler's Leaf Warbler,0.6518,psl4,2024,05,09,09
804.0,807.0,Phylloscopus occipitalis,Western Crowned Warbler,0.7147,psl4,2024,05,09,09
810.0,813.0,Phylloscopus occipitalis,Western Crowned Warbler,0.9824,psl4,2024,05,09,09
813.0,816.0,Phylloscopus occipitalis,Western Crowned Warbler,0.5478,psl4,2024,05,09,09
816.0,819.0,Phylloscopus occipitalis,Western Crowned Warbler,0.6598,psl4,2024,05,09,09
819.0,822.0,Phylloscopus occipitalis,Western Crowned Warbler,0.9039,psl4,2024,05,09,09
822.0,825.0,Phylloscopus occipitalis,Western Crowned Warbler,0.6594,psl4,2024,05,09,09
825.0,828.0,Phylloscopus occipitalis,Western Crowned Warbler,0.9809,psl4,2024,05,09,09
831.0,834.0,Phylloscopus occipitalis,Western Crowned Warbler,0.9856,psl4,2024,05,09,09
834.0,837.0,Phylloscopus occipitalis,Western Crowned Warbler,0.976,psl4,2024,05,09,09
837.0,840.0,Phylloscopus occipitalis,Western Crowned Warbler,0.9207,psl4,2024,05,09,09
840.0,843.0,Phylloscopus occipitalis,Western Crowned Warbler,0.607,psl4,2024,05,09,09
843.0,846.0,Protonotaria citrea,Prothonotary Warbler,0.8474,psl4,2024,05,09,09
846.0,849.0,Phylloscopus occipitalis,Western Crowned Warbler,0.8822,psl4,2024,05,09,09
852.0,855.0,Phylloscopus occipitalis,Western Crowned Warbler,0.6642,psl4,2024,05,09,09
855.0,858.0,Phylloscopus occipitalis,Western Crowned Warbler,0.925,psl4,2024,05,09,09
864.0,867.0,Phylloscopus occipitalis,Western Crowned Warbler,0.8524,psl4,2024,05,09,09
867.0,870.0,Phylloscopus occipitalis,Western Crowned Warbler,0.7572,psl4,2024,05,09,09
870.0,873.0,Phylloscopus occipitalis,Western Crowned Warbler,0.8693,psl4,2024,05,09,09
876.0,879.0,Phylloscopus occipitalis,Western Crowned Warbler,0.9728,psl4,2024,05,09,09
879.0,882.0,Phylloscopus occipitalis,Western Crowned Warbler,0.7478,psl4,2024,05,09,09
885.0,888.0,Prunella strophiata,Rufous-breasted Accentor,0.775,psl4,2024,05,09,09
888.0,891.0,Ficedula parva,Red-breasted Flycatcher,0.9062,psl4,2024,05,09,09
891.0,894.0,Phylloscopus occipitalis,Western Crowned Warbler,0.9726,psl4,2024,05,09,09
897.0,900.0,Prunella strophiata,Rufous-breasted Accentor,0.7388,psl4,2024,05,09,09
6.0,9.0,Phylloscopus humei,Hume's Warbler,0.5188,psl4,2024,05,10,06
9.0,12.0,Phylloscopus humei,Hume's Warbler,0.911,psl4,2024,05,10,06
12.0,15.0,Phylloscopus humei,Hume's Warbler,0.5914,psl4,2024,05,10,06
15.0,18.0,Phylloscopus humei,Hume's Warbler,0.9096,psl4,2024,05,10,06
18.0,21.0,Phylloscopus humei,Hume's Warbler,0.6708,psl4,2024,05,10,06
27.0,30.0,Phylloscopus humei,Hume's Warbler,0.7675,psl4,2024,05,10,06
27.0,30.0,Carpodacus erythrinus,Common Rosefinch,0.7023,psl4,2024,05,10,06
30.0,33.0,Phylloscopus humei,Hume's Warbler,0.8911,psl4,2024,05,10,06
33.0,36.0,Phylloscopus humei,Hume's Warbler,0.8773,psl4,2024,05,10,06
36.0,39.0,Phylloscopus humei,Hume's Warbler,0.8459,psl4,2024,05,10,06
39.0,42.0,Phylloscopus humei,Hume's Warbler,0.8214,psl4,2024,05,10,06
39.0,42.0,Carpodacus erythrinus,Common Rosefinch,0.7012,psl4,2024,05,10,06
42.0,45.0,Phylloscopus humei,Hume's Warbler,0.8084,psl4,2024,05,10,06
45.0,48.0,Carpodacus erythrinus,Common Rosefinch,0.8126,psl4,2024,05,10,06
45.0,48.0,Phylloscopus humei,Hume's Warbler,0.7941,psl4,2024,05,10,06
48.0,51.0,Phylloscopus humei,Hume's Warbler,0.9045,psl4,2024,05,10,06
51.0,54.0,Phylloscopus humei,Hume's Warbler,0.9422,psl4,2024,05,10,06
51.0,54.0,Carpodacus erythrinus,Common Rosefinch,0.7251,psl4,2024,05,10,06
54.0,57.0,Phylloscopus humei,Hume's Warbler,0.83,psl4,2024,05,10,06
57.0,60.0,Carpodacus erythrinus,Common Rosefinch,0.803,psl4,2024,05,10,06
57.0,60.0,Phylloscopus humei,Hume's Warbler,0.6446,psl4,2024,05,10,06
63.0,66.0,Carpodacus erythrinus,Common Rosefinch,0.8107,psl4,2024,05,10,06
66.0,69.0,Phylloscopus humei,Hume's Warbler,0.7157,psl4,2024,05,10,06
69.0,72.0,Phylloscopus humei,Hume's Warbler,0.6621,psl4,2024,05,10,06
69.0,72.0,Carpodacus erythrinus,Common Rosefinch,0.5956,psl4,2024,05,10,06
72.0,75.0,Carpodacus erythrinus,Common Rosefinch,0.5915,psl4,2024,05,10,06
72.0,75.0,Phylloscopus humei,Hume's Warbler,0.5254,psl4,2024,05,10,06
75.0,78.0,Phylloscopus humei,Hume's Warbler,0.6777,psl4,2024,05,10,06
78.0,81.0,Phylloscopus humei,Hume's Warbler,0.9086,psl4,2024,05,10,06
78.0,81.0,Carpodacus erythrinus,Common Rosefinch,0.5362,psl4,2024,05,10,06
81.0,84.0,Phylloscopus humei,Hume's Warbler,0.6498,psl4,2024,05,10,06
84.0,87.0,Phylloscopus humei,Hume's Warbler,0.9045,psl4,2024,05,10,06
87.0,90.0,Phylloscopus humei,Hume's Warbler,0.8689,psl4,2024,05,10,06
93.0,96.0,Phylloscopus humei,Hume's Warbler,0.8598,psl4,2024,05,10,06
96.0,99.0,Sicalis citrina,Stripe-tailed Yellow-Finch,0.547,psl4,2024,05,10,06
99.0,102.0,Phylloscopus humei,Hume's Warbler,0.97,psl4,2024,05,10,06
102.0,105.0,Phylloscopus humei,Hume's Warbler,0.969,psl4,2024,05,10,06
105.0,108.0,Phylloscopus humei,Hume's Warbler,0.9349,psl4,2024,05,10,06
108.0,111.0,Phylloscopus humei,Hume's Warbler,0.9822,psl4,2024,05,10,06
111.0,114.0,Phylloscopus humei,Hume's Warbler,0.7564,psl4,2024,05,10,06
114.0,117.0,Carpodacus erythrinus,Common Rosefinch,0.9955,psl4,2024,05,10,06
114.0,117.0,Phylloscopus sindianus,Mountain Chiffchaff,0.6159,psl4,2024,05,10,06
117.0,120.0,Carpodacus erythrinus,Common Rosefinch,0.9794,psl4,2024,05,10,06
120.0,123.0,Carpodacus erythrinus,Common Rosefinch,0.53,psl4,2024,05,10,06
123.0,126.0,Carpodacus erythrinus,Common Rosefinch,0.7622,psl4,2024,05,10,06
126.0,129.0,Carpodacus erythrinus,Common Rosefinch,0.8975,psl4,2024,05,10,06
132.0,135.0,Carpodacus erythrinus,Common Rosefinch,0.8923,psl4,2024,05,10,06
135.0,138.0,Periparus ater,Coal Tit,0.6085,psl4,2024,05,10,06
141.0,144.0,Carpodacus erythrinus,Common Rosefinch,0.8457,psl4,2024,05,10,06
144.0,147.0,Carpodacus erythrinus,Common Rosefinch,0.5296,psl4,2024,05,10,06
147.0,150.0,Carpodacus erythrinus,Common Rosefinch,0.8997,psl4,2024,05,10,06
150.0,153.0,Carpodacus erythrinus,Common Rosefinch,0.6109,psl4,2024,05,10,06
156.0,159.0,Periparus ater,Coal Tit,0.7131,psl4,2024,05,10,06
156.0,159.0,Carpodacus erythrinus,Common Rosefinch,0.5734,psl4,2024,05,10,06
162.0,165.0,Carpodacus erythrinus,Common Rosefinch,0.7509,psl4,2024,05,10,06
165.0,168.0,Periparus ater,Coal Tit,0.8196,psl4,2024,05,10,06
171.0,174.0,Periparus ater,Coal Tit,0.7371,psl4,2024,05,10,06
177.0,180.0,Periparus ater,Coal Tit,0.8991,psl4,2024,05,10,06
180.0,183.0,Carpodacus erythrinus,Common Rosefinch,0.9119,psl4,2024,05,10,06
189.0,192.0,Carpodacus erythrinus,Common Rosefinch,0.9194,psl4,2024,05,10,06
192.0,195.0,Carpodacus erythrinus,Common Rosefinch,0.6122,psl4,2024,05,10,06
195.0,198.0,Carpodacus erythrinus,Common Rosefinch,0.9729,psl4,2024,05,10,06
201.0,204.0,Carpodacus erythrinus,Common Rosefinch,0.8956,psl4,2024,05,10,06
204.0,207.0,Carpodacus erythrinus,Common Rosefinch,0.9404,psl4,2024,05,10,06
207.0,210.0,Carpodacus erythrinus,Common Rosefinch,0.9467,psl4,2024,05,10,06
213.0,216.0,Carpodacus erythrinus,Common Rosefinch,0.782,psl4,2024,05,10,06
219.0,222.0,Carpodacus erythrinus,Common Rosefinch,0.9537,psl4,2024,05,10,06
225.0,228.0,Periparus ater,Coal Tit,0.9438,psl4,2024,05,10,06
228.0,231.0,Carpodacus erythrinus,Common Rosefinch,0.8468,psl4,2024,05,10,06
231.0,234.0,Carpodacus erythrinus,Common Rosefinch,0.855,psl4,2024,05,10,06
237.0,240.0,Carpodacus erythrinus,Common Rosefinch,0.724,psl4,2024,05,10,06
240.0,243.0,Periparus ater,Coal Tit,0.9464,psl4,2024,05,10,06
243.0,246.0,Carpodacus erythrinus,Common Rosefinch,0.5343,psl4,2024,05,10,06
252.0,255.0,Carpodacus erythrinus,Common Rosefinch,0.8936,psl4,2024,05,10,06
255.0,258.0,Periparus ater,Coal Tit,0.5302,psl4,2024,05,10,06
261.0,264.0,Carpodacus erythrinus,Common Rosefinch,0.5889,psl4,2024,05,10,06
264.0,267.0,Carpodacus erythrinus,Common Rosefinch,0.8663,psl4,2024,05,10,06
267.0,270.0,Carpodacus erythrinus,Common Rosefinch,0.6035,psl4,2024,05,10,06
270.0,273.0,Periparus ater,Coal Tit,0.5675,psl4,2024,05,10,06
276.0,279.0,Carpodacus erythrinus,Common Rosefinch,0.9672,psl4,2024,05,10,06
276.0,279.0,Periparus ater,Coal Tit,0.8579,psl4,2024,05,10,06
279.0,282.0,Phylloscopus occipitalis,Western Crowned Warbler,0.5459,psl4,2024,05,10,06
285.0,288.0,Periparus ater,Coal Tit,0.626,psl4,2024,05,10,06
288.0,291.0,Carpodacus erythrinus,Common Rosefinch,0.6573,psl4,2024,05,10,06
294.0,297.0,Periparus ater,Coal Tit,0.8908,psl4,2024,05,10,06
303.0,306.0,Periparus ater,Coal Tit,0.7754,psl4,2024,05,10,06
309.0,312.0,Phylloscopus occipitalis,Western Crowned Warbler,0.9278,psl4,2024,05,10,06
312.0,315.0,Periparus ater,Coal Tit,0.7176,psl4,2024,05,10,06
315.0,318.0,Periparus ater,Coal Tit,0.8457,psl4,2024,05,10,06
315.0,318.0,Phylloscopus occipitalis,Western Crowned Warbler,0.8006,psl4,2024,05,10,06
321.0,324.0,Phylloscopus occipitalis,Western Crowned Warbler,0.8238,psl4,2024,05,10,06
324.0,327.0,Periparus ater,Coal Tit,0.9417,psl4,2024,05,10,06
327.0,330.0,Carpodacus erythrinus,Common Rosefinch,0.9098,psl4,2024,05,10,06
339.0,342.0,Phylloscopus occipitalis,Western Crowned Warbler,0.6907,psl4,2024,05,10,06
342.0,345.0,Periparus ater,Coal Tit,0.654,psl4,2024,05,10,06
348.0,351.0,Periparus ater,Coal Tit,0.687,psl4,2024,05,10,06
354.0,357.0,Periparus ater,Coal Tit,0.5496,psl4,2024,05,10,06
363.0,366.0,Periparus ater,Coal Tit,0.8303,psl4,2024,05,10,06
366.0,369.0,Phylloscopus occipitalis,Western Crowned Warbler,0.7696,psl4,2024,05,10,06
375.0,378.0,Phylloscopus occipitalis,Western Crowned Warbler,0.8752,psl4,2024,05,10,06
381.0,384.0,Periparus ater,Coal Tit,0.7559,psl4,2024,05,10,06
390.0,393.0,Periparus ater,Coal Tit,0.5402,psl4,2024,05,10,06
399.0,402.0,Periparus ater,Coal Tit,0.8178,psl4,2024,05,10,06
414.0,417.0,Carpodacus erythrinus,Common Rosefinch,0.6349,psl4,2024,05,10,06
417.0,420.0,Phylloscopus occipitalis,Western Crowned Warbler,0.6258,psl4,2024,05,10,06
435.0,438.0,Phylloscopus occipitalis,Western Crowned Warbler,0.7938,psl4,2024,05,10,06
450.0,453.0,Phylloscopus occipitalis,Western Crowned Warbler,0.9467,psl4,2024,05,10,06
456.0,459.0,Prunella strophiata,Rufous-breasted Accentor,0.5564,psl4,2024,05,10,06
459.0,462.0,Prunella strophiata,Rufous-breasted Accentor,0.7233,psl4,2024,05,10,06
459.0,462.0,Carpodacus erythrinus,Common Rosefinch,0.7102,psl4,2024,05,10,06
471.0,474.0,Phylloscopus occipitalis,Western Crowned Warbler,0.5996,psl4,2024,05,10,06
477.0,480.0,Phylloscopus occipitalis,Western Crowned Warbler,0.9672,psl4,2024,05,10,06
483.0,486.0,Phylloscopus occipitalis,Western Crowned Warbler,0.8722,psl4,2024,05,10,06
486.0,489.0,Phylloscopus occipitalis,Western Crowned Warbler,0.8834,psl4,2024,05,10,06
486.0,489.0,Trochalopteron lineatum,Streaked Laughingthrush,0.6458,psl4,2024,05,10,06
495.0,498.0,Trochalopteron lineatum,Streaked Laughingthrush,0.6782,psl4,2024,05,10,06
498.0,501.0,Anthus hodgsoni,Olive-backed Pipit,0.9722,psl4,2024,05,10,06
501.0,504.0,Trochalopteron lineatum,Streaked Laughingthrush,0.7138,psl4,2024,05,10,06
504.0,507.0,Phylloscopus humei,Hume's Warbler,0.7216,psl4,2024,05,10,06
507.0,510.0,Phylloscopus occipitalis,Western Crowned Warbler,0.5964,psl4,2024,05,10,06
510.0,513.0,Anthus hodgsoni,Olive-backed Pipit,0.875,psl4,2024,05,10,06
516.0,519.0,Phylloscopus occipitalis,Western Crowned Warbler,0.9286,psl4,2024,05,10,06
522.0,525.0,Trochalopteron lineatum,Streaked Laughingthrush,0.8639,psl4,2024,05,10,06
537.0,540.0,Anthus hodgsoni,Olive-backed Pipit,0.6241,psl4,2024,05,10,06
549.0,552.0,Periparus ater,Coal Tit,0.5375,psl4,2024,05,10,06
555.0,558.0,Anthus hodgsoni,Olive-backed Pipit,0.6288,psl4,2024,05,10,06
585.0,588.0,Anthus hodgsoni,Olive-backed Pipit,0.8866,psl4,2024,05,10,06
591.0,594.0,Anthus hodgsoni,Olive-backed Pipit,0.936,psl4,2024,05,10,06
597.0,600.0,Phylloscopus occipitalis,Western Crowned Warbler,0.6509,psl4,2024,05,10,06
600.0,603.0,Phylloscopus occipitalis,Western Crowned Warbler,0.976,psl4,2024,05,10,06
606.0,609.0,Anthus hodgsoni,Olive-backed Pipit,0.591,psl4,2024,05,10,06
609.0,612.0,Anthus hodgsoni,Olive-backed Pipit,0.6991,psl4,2024,05,10,06
615.0,618.0,Phylloscopus occipitalis,Western Crowned Warbler,0.614,psl4,2024,05,10,06
621.0,624.0,Phylloscopus occipitalis,Western Crowned Warbler,0.9829,psl4,2024,05,10,06
627.0,630.0,Phylloscopus occipitalis,Western Crowned Warbler,0.9603,psl4,2024,05,10,06
636.0,639.0,Phylloscopus occipitalis,Western Crowned Warbler,0.5612,psl4,2024,05,10,06
639.0,642.0,Phylloscopus humei,Hume's Warbler,0.7105,psl4,2024,05,10,06
639.0,642.0,Phylloscopus occipitalis,Western Crowned Warbler,0.5064,psl4,2024,05,10,06
642.0,645.0,Phylloscopus humei,Hume's Warbler,0.8346,psl4,2024,05,10,06
645.0,648.0,Phylloscopus humei,Hume's Warbler,0.8413,psl4,2024,05,10,06
651.0,654.0,Phylloscopus occipitalis,Western Crowned Warbler,0.9556,psl4,2024,05,10,06
654.0,657.0,Phylloscopus humei,Hume's Warbler,0.627,psl4,2024,05,10,06
657.0,660.0,Phylloscopus occipitalis,Western Crowned Warbler,0.9855,psl4,2024,05,10,06
663.0,666.0,Phylloscopus occipitalis,Western Crowned Warbler,0.9968,psl4,2024,05,10,06
666.0,669.0,Periparus ater,Coal Tit,0.5062,psl4,2024,05,10,06
669.0,672.0,Phylloscopus occipitalis,Western Crowned Warbler,0.8616,psl4,2024,05,10,06
678.0,681.0,Phylloscopus occipitalis,Western Crowned Warbler,0.9982,psl4,2024,05,10,06
690.0,693.0,Anthus hodgsoni,Olive-backed Pipit,0.6242,psl4,2024,05,10,06
693.0,696.0,Phylloscopus occipitalis,Western Crowned Warbler,0.9885,psl4,2024,05,10,06
708.0,711.0,Phylloscopus occipitalis,Western Crowned Warbler,0.9731,psl4,2024,05,10,06
711.0,714.0,Phylloscopus occipitalis,Western Crowned Warbler,0.9832,psl4,2024,05,10,06
717.0,720.0,Phylloscopus occipitalis,Western Crowned Warbler,0.9956,psl4,2024,05,10,06
723.0,726.0,Phylloscopus occipitalis,Western Crowned Warbler,0.7642,psl4,2024,05,10,06
723.0,726.0,Phylloscopus reguloides,Blyth's Leaf Warbler,0.7032,psl4,2024,05,10,06
726.0,729.0,Phylloscopus occipitalis,Western Crowned Warbler,0.9934,psl4,2024,05,10,06
729.0,732.0,Phylloscopus occipitalis,Western Crowned Warbler,0.8402,psl4,2024,05,10,06
732.0,735.0,Phylloscopus occipitalis,Western Crowned Warbler,0.9869,psl4,2024,05,10,06
738.0,741.0,Phylloscopus occipitalis,Western Crowned Warbler,0.9988,psl4,2024,05,10,06
744.0,747.0,Phylloscopus occipitalis,Western Crowned Warbler,0.9681,psl4,2024,05,10,06
744.0,747.0,Phylloscopus reguloides,Blyth's Leaf Warbler,0.5716,psl4,2024,05,10,06
747.0,750.0,Phylloscopus occipitalis,Western Crowned Warbler,0.9692,psl4,2024,05,10,06
753.0,756.0,Phylloscopus occipitalis,Western Crowned Warbler,0.6073,psl4,2024,05,10,06
756.0,759.0,Phylloscopus occipitalis,Western Crowned Warbler,0.8414,psl4,2024,05,10,06
759.0,762.0,Troglodytes pacificus,Pacific Wren,0.7529,psl4,2024,05,10,06
762.0,765.0,Phylloscopus occipitalis,Western Crowned Warbler,0.6467,psl4,2024,05,10,06
765.0,768.0,Phylloscopus occipitalis,Western Crowned Warbler,0.787,psl4,2024,05,10,06
768.0,771.0,Anthus hodgsoni,Olive-backed Pipit,0.6361,psl4,2024,05,10,06
771.0,774.0,Phylloscopus occipitalis,Western Crowned Warbler,0.9962,psl4,2024,05,10,06
774.0,777.0,Phylloscopus occipitalis,Western Crowned Warbler,0.9694,psl4,2024,05,10,06
777.0,780.0,Anthus hodgsoni,Olive-backed Pipit,0.8355,psl4,2024,05,10,06
780.0,783.0,Phylloscopus occipitalis,Western Crowned Warbler,0.5152,psl4,2024,05,10,06
786.0,789.0,Phylloscopus occipitalis,Western Crowned Warbler,0.9939,psl4,2024,05,10,06
792.0,795.0,Phylloscopus occipitalis,Western Crowned Warbler,0.8964,psl4,2024,05,10,06
795.0,798.0,Phylloscopus humei,Hume's Warbler,0.6215,psl4,2024,05,10,06
798.0,801.0,Phylloscopus occipitalis,Western Crowned Warbler,0.5767,psl4,2024,05,10,06
801.0,804.0,Phylloscopus occipitalis,Western Crowned Warbler,0.7645,psl4,2024,05,10,06
804.0,807.0,Phylloscopus occipitalis,Western Crowned Warbler,0.5744,psl4,2024,05,10,06
807.0,810.0,Phylloscopus occipitalis,Western Crowned Warbler,0.9545,psl4,2024,05,10,06
819.0,822.0,Phylloscopus occipitalis,Western Crowned Warbler,0.5335,psl4,2024,05,10,06
822.0,825.0,Phylloscopus occipitalis,Western Crowned Warbler,0.8664,psl4,2024,05,10,06
825.0,828.0,Phylloscopus occipitalis,Western Crowned Warbler,0.5229,psl4,2024,05,10,06
840.0,843.0,Periparus ater,Coal Tit,0.7889,psl4,2024,05,10,06
855.0,858.0,Phylloscopus occipitalis,Western Crowned Warbler,0.5285,psl4,2024,05,10,06
864.0,867.0,Phylloscopus occipitalis,Western Crowned Warbler,0.843,psl4,2024,05,10,06
867.0,870.0,Phylloscopus occipitalis,Western Crowned Warbler,0.6494,psl4,2024,05,10,06
885.0,888.0,Phylloscopus occipitalis,Western Crowned Warbler,0.8566,psl4,2024,05,10,06
897.0,900.0,Phylloscopus occipitalis,Western Crowned Warbler,0.825,psl4,2024,05,10,06
897.0,900.0,Phylloscopus humei,Hume's Warbler,0.5844,psl4,2024,05,10,06
9.0,12.0,Phylloscopus humei,Hume's Warbler,0.65,psl4,2024,05,10,07
12.0,15.0,Phylloscopus humei,Hume's Warbler,0.9148,psl4,2024,05,10,07
24.0,27.0,Phylloscopus humei,Hume's Warbler,0.9654,psl4,2024,05,10,07
27.0,30.0,Phylloscopus humei,Hume's Warbler,0.736,psl4,2024,05,10,07
45.0,48.0,Phylloscopus humei,Hume's Warbler,0.958,psl4,2024,05,10,07
66.0,69.0,Phylloscopus occipitalis,Western Crowned Warbler,0.7249,psl4,2024,05,10,07
69.0,72.0,Phylloscopus occipitalis,Western Crowned Warbler,0.5184,psl4,2024,05,10,07
75.0,78.0,Phylloscopus occipitalis,Western Crowned Warbler,0.5946,psl4,2024,05,10,07
90.0,93.0,Phylloscopus occipitalis,Western Crowned Warbler,0.8271,psl4,2024,05,10,07
96.0,99.0,Phylloscopus occipitalis,Western Crowned Warbler,0.5702,psl4,2024,05,10,07
105.0,108.0,Phylloscopus occipitalis,Western Crowned Warbler,0.5675,psl4,2024,05,10,07
144.0,147.0,Phylloscopus occipitalis,Western Crowned Warbler,0.5713,psl4,2024,05,10,07
159.0,162.0,Phylloscopus occipitalis,Western Crowned Warbler,0.9037,psl4,2024,05,10,07
162.0,165.0,Phylloscopus occipitalis,Western Crowned Warbler,0.5754,psl4,2024,05,10,07
177.0,180.0,Phylloscopus occipitalis,Western Crowned Warbler,0.8727,psl4,2024,05,10,07
180.0,183.0,Phylloscopus occipitalis,Western Crowned Warbler,0.7585,psl4,2024,05,10,07
183.0,186.0,Phylloscopus humei,Hume's Warbler,0.8604,psl4,2024,05,10,07
186.0,189.0,Phylloscopus humei,Hume's Warbler,0.7687,psl4,2024,05,10,07
189.0,192.0,Phylloscopus occipitalis,Western Crowned Warbler,0.8662,psl4,2024,05,10,07
198.0,201.0,Phylloscopus occipitalis,Western Crowned Warbler,0.6113,psl4,2024,05,10,07
204.0,207.0,Phylloscopus occipitalis,Western Crowned Warbler,0.5832,psl4,2024,05,10,07
213.0,216.0,Phylloscopus humei,Hume's Warbler,0.9929,psl4,2024,05,10,07
222.0,225.0,Phylloscopus occipitalis,Western Crowned Warbler,0.934,psl4,2024,05,10,07
225.0,228.0,Phylloscopus occipitalis,Western Crowned Warbler,0.9698,psl4,2024,05,10,07
228.0,231.0,Phylloscopus occipitalis,Western Crowned Warbler,0.5466,psl4,2024,05,10,07
231.0,234.0,Phylloscopus occipitalis,Western Crowned Warbler,0.8461,psl4,2024,05,10,07
234.0,237.0,Phylloscopus humei,Hume's Warbler,0.8891,psl4,2024,05,10,07
237.0,240.0,Phylloscopus occipitalis,Western Crowned Warbler,0.7429,psl4,2024,05,10,07
246.0,249.0,Phylloscopus occipitalis,Western Crowned Warbler,0.5806,psl4,2024,05,10,07
249.0,252.0,Phylloscopus occipitalis,Western Crowned Warbler,0.6862,psl4,2024,05,10,07
252.0,255.0,Phylloscopus occipitalis,Western Crowned Warbler,0.828,psl4,2024,05,10,07
255.0,258.0,Phylloscopus humei,Hume's Warbler,0.8046,psl4,2024,05,10,07
261.0,264.0,Phylloscopus occipitalis,Western Crowned Warbler,0.9586,psl4,2024,05,10,07
267.0,270.0,Phylloscopus humei,Hume's Warbler,0.7729,psl4,2024,05,10,07
270.0,273.0,Phylloscopus humei,Hume's Warbler,0.6092,psl4,2024,05,10,07
273.0,276.0,Phylloscopus humei,Hume's Warbler,0.9897,psl4,2024,05,10,07
276.0,279.0,Phylloscopus humei,Hume's Warbler,0.9775,psl4,2024,05,10,07
291.0,294.0,Phylloscopus humei,Hume's Warbler,0.968,psl4,2024,05,10,07
306.0,309.0,Protonotaria citrea,Prothonotary Warbler,0.5119,psl4,2024,05,10,07
309.0,312.0,Phylloscopus humei,Hume's Warbler,0.8315,psl4,2024,05,10,07
315.0,318.0,Phylloscopus occipitalis,Western Crowned Warbler,0.5154,psl4,2024,05,10,07
318.0,321.0,Phylloscopus occipitalis,Western Crowned Warbler,0.5547,psl4,2024,05,10,07
321.0,324.0,Phylloscopus occipitalis,Western Crowned Warbler,0.8265,psl4,2024,05,10,07
324.0,327.0,Phylloscopus occipitalis,Western Crowned Warbler,0.8634,psl4,2024,05,10,07
336.0,339.0,Phylloscopus humei,Hume's Warbler,0.7088,psl4,2024,05,10,07
342.0,345.0,Phylloscopus occipitalis,Western Crowned Warbler,0.5816,psl4,2024,05,10,07
345.0,348.0,Phylloscopus occipitalis,Western Crowned Warbler,0.6824,psl4,2024,05,10,07
354.0,357.0,Phylloscopus occipitalis,Western Crowned Warbler,0.7052,psl4,2024,05,10,07
357.0,360.0,Phylloscopus occipitalis,Western Crowned Warbler,0.6784,psl4,2024,05,10,07
360.0,363.0,Phylloscopus occipitalis,Western Crowned Warbler,0.8839,psl4,2024,05,10,07
375.0,378.0,Phylloscopus occipitalis,Western Crowned Warbler,0.7282,psl4,2024,05,10,07
375.0,378.0,Phylloscopus humei,Hume's Warbler,0.6799,psl4,2024,05,10,07
384.0,387.0,Phylloscopus humei,Hume's Warbler,0.6905,psl4,2024,05,10,07
393.0,396.0,Phylloscopus tytleri,Tytler's Leaf Warbler,0.6165,psl4,2024,05,10,07
396.0,399.0,Phylloscopus occipitalis,Western Crowned Warbler,0.6908,psl4,2024,05,10,07
399.0,402.0,Phylloscopus humei,Hume's Warbler,0.5628,psl4,2024,05,10,07
426.0,429.0,Poecile palustris,Marsh Tit,0.6344,psl4,2024,05,10,07
432.0,435.0,Poecile palustris,Marsh Tit,0.5152,psl4,2024,05,10,07
456.0,459.0,Poecile palustris,Marsh Tit,0.9148,psl4,2024,05,10,07
459.0,462.0,Periparus ater,Coal Tit,0.5794,psl4,2024,05,10,07
471.0,474.0,Phylloscopus occipitalis,Western Crowned Warbler,0.8382,psl4,2024,05,10,07
474.0,477.0,Periparus ater,Coal Tit,0.5703,psl4,2024,05,10,07
480.0,483.0,Phylloscopus occipitalis,Western Crowned Warbler,0.5087,psl4,2024,05,10,07
486.0,489.0,Phylloscopus occipitalis,Western Crowned Warbler,0.9584,psl4,2024,05,10,07
495.0,498.0,Phylloscopus occipitalis,Western Crowned Warbler,0.8295,psl4,2024,05,10,07
498.0,501.0,Protonotaria citrea,Prothonotary Warbler,0.628,psl4,2024,05,10,07
504.0,507.0,Phylloscopus occipitalis,Western Crowned Warbler,0.8077,psl4,2024,05,10,07
507.0,510.0,Phylloscopus humei,Hume's Warbler,0.5868,psl4,2024,05,10,07
519.0,522.0,Phylloscopus humei,Hume's Warbler,0.568,psl4,2024,05,10,07
525.0,528.0,Ficedula parva,Red-breasted Flycatcher,0.8575,psl4,2024,05,10,07
585.0,588.0,Phylloscopus humei,Hume's Warbler,0.9991,psl4,2024,05,10,07
594.0,597.0,Phylloscopus humei,Hume's Warbler,0.6437,psl4,2024,05,10,07
597.0,600.0,Phylloscopus humei,Hume's Warbler,0.5419,psl4,2024,05,10,07
600.0,603.0,Phylloscopus humei,Hume's Warbler,0.6418,psl4,2024,05,10,07
603.0,606.0,Phylloscopus humei,Hume's Warbler,0.9687,psl4,2024,05,10,07
606.0,609.0,Phylloscopus humei,Hume's Warbler,0.9946,psl4,2024,05,10,07
615.0,618.0,Phylloscopus humei,Hume's Warbler,0.8936,psl4,2024,05,10,07
618.0,621.0,Phylloscopus humei,Hume's Warbler,0.5227,psl4,2024,05,10,07
621.0,624.0,Phylloscopus occipitalis,Western Crowned Warbler,0.6305,psl4,2024,05,10,07
624.0,627.0,Phylloscopus humei,Hume's Warbler,0.6142,psl4,2024,05,10,07
624.0,627.0,Phylloscopus affinis,Tickell's Leaf Warbler,0.5338,psl4,2024,05,10,07
630.0,633.0,Phylloscopus humei,Hume's Warbler,0.9988,psl4,2024,05,10,07
642.0,645.0,Phylloscopus occipitalis,Western Crowned Warbler,0.5122,psl4,2024,05,10,07
651.0,654.0,Phylloscopus occipitalis,Western Crowned Warbler,0.5154,psl4,2024,05,10,07
687.0,690.0,Phylloscopus humei,Hume's Warbler,0.8302,psl4,2024,05,10,07
720.0,723.0,Phylloscopus humei,Hume's Warbler,0.6248,psl4,2024,05,10,07
732.0,735.0,Phylloscopus humei,Hume's Warbler,0.773,psl4,2024,05,10,07
759.0,762.0,Phylloscopus humei,Hume's Warbler,0.8811,psl4,2024,05,10,07
762.0,765.0,Prinia socialis,Ashy Prinia,0.5754,psl4,2024,05,10,07
786.0,789.0,Phylloscopus occipitalis,Western Crowned Warbler,0.5174,psl4,2024,05,10,07
789.0,792.0,Phylloscopus occipitalis,Western Crowned Warbler,0.53,psl4,2024,05,10,07
795.0,798.0,Phylloscopus humei,Hume's Warbler,0.9422,psl4,2024,05,10,07
816.0,819.0,Phylloscopus humei,Hume's Warbler,0.9048,psl4,2024,05,10,07
822.0,825.0,Phylloscopus humei,Hume's Warbler,0.9988,psl4,2024,05,10,07
825.0,828.0,Phylloscopus humei,Hume's Warbler,0.9766,psl4,2024,05,10,07
828.0,831.0,Phylloscopus humei,Hume's Warbler,0.9758,psl4,2024,05,10,07
843.0,846.0,Phylloscopus humei,Hume's Warbler,0.7892,psl4,2024,05,10,07
846.0,849.0,Phylloscopus humei,Hume's Warbler,0.9254,psl4,2024,05,10,07
849.0,852.0,Phylloscopus humei,Hume's Warbler,0.8277,psl4,2024,05,10,07
855.0,858.0,Phylloscopus humei,Hume's Warbler,0.8851,psl4,2024,05,10,07
858.0,861.0,Phylloscopus occipitalis,Western Crowned Warbler,0.6817,psl4,2024,05,10,07
867.0,870.0,Phylloscopus humei,Hume's Warbler,0.9892,psl4,2024,05,10,07
870.0,873.0,Carpodacus erythrinus,Common Rosefinch,0.9428,psl4,2024,05,10,07
879.0,882.0,Carpodacus erythrinus,Common Rosefinch,0.5353,psl4,2024,05,10,07
882.0,885.0,Phylloscopus humei,Hume's Warbler,0.9963,psl4,2024,05,10,07
21.0,24.0,Protonotaria citrea,Prothonotary Warbler,0.7231,psl4,2024,05,10,08
24.0,27.0,Protonotaria citrea,Prothonotary Warbler,0.7488,psl4,2024,05,10,08
24.0,27.0,Phylloscopus occipitalis,Western Crowned Warbler,0.6783,psl4,2024,05,10,08
27.0,30.0,Phylloscopus occipitalis,Western Crowned Warbler,0.5335,psl4,2024,05,10,08
36.0,39.0,Anthus hodgsoni,Olive-backed Pipit,0.5351,psl4,2024,05,10,08
51.0,54.0,Phylloscopus occipitalis,Western Crowned Warbler,0.6512,psl4,2024,05,10,08
81.0,84.0,Anthus hodgsoni,Olive-backed Pipit,0.9493,psl4,2024,05,10,08
90.0,93.0,Phylloscopus occipitalis,Western Crowned Warbler,0.7624,psl4,2024,05,10,08
93.0,96.0,Protonotaria citrea,Prothonotary Warbler,0.9157,psl4,2024,05,10,08
123.0,126.0,Phylloscopus occipitalis,Western Crowned Warbler,0.552,psl4,2024,05,10,08
135.0,138.0,Anthus hodgsoni,Olive-backed Pipit,0.7328,psl4,2024,05,10,08
138.0,141.0,Anthus hodgsoni,Olive-backed Pipit,0.8661,psl4,2024,05,10,08
153.0,156.0,Phylloscopus occipitalis,Western Crowned Warbler,0.6454,psl4,2024,05,10,08
156.0,159.0,Anthus hodgsoni,Olive-backed Pipit,0.8868,psl4,2024,05,10,08
162.0,165.0,Phylloscopus occipitalis,Western Crowned Warbler,0.6811,psl4,2024,05,10,08
174.0,177.0,Anthus hodgsoni,Olive-backed Pipit,0.6379,psl4,2024,05,10,08
177.0,180.0,Phylloscopus occipitalis,Western Crowned Warbler,0.8135,psl4,2024,05,10,08
180.0,183.0,Anthus hodgsoni,Olive-backed Pipit,0.9071,psl4,2024,05,10,08
189.0,192.0,Phylloscopus occipitalis,Western Crowned Warbler,0.6816,psl4,2024,05,10,08
201.0,204.0,Phylloscopus occipitalis,Western Crowned Warbler,0.7389,psl4,2024,05,10,08
222.0,225.0,Phylloscopus occipitalis,Western Crowned Warbler,0.8832,psl4,2024,05,10,08
234.0,237.0,Phylloscopus occipitalis,Western Crowned Warbler,0.7088,psl4,2024,05,10,08
237.0,240.0,Phylloscopus occipitalis,Western Crowned Warbler,0.9776,psl4,2024,05,10,08
243.0,246.0,Protonotaria citrea,Prothonotary Warbler,0.8245,psl4,2024,05,10,08
246.0,249.0,Phylloscopus occipitalis,Western Crowned Warbler,0.6612,psl4,2024,05,10,08
249.0,252.0,Anthus hodgsoni,Olive-backed Pipit,0.996,psl4,2024,05,10,08
252.0,255.0,Phylloscopus occipitalis,Western Crowned Warbler,0.9385,psl4,2024,05,10,08
261.0,264.0,Phylloscopus occipitalis,Western Crowned Warbler,0.9414,psl4,2024,05,10,08
267.0,270.0,Phylloscopus occipitalis,Western Crowned Warbler,0.9674,psl4,2024,05,10,08
267.0,270.0,Periparus ater,Coal Tit,0.6473,psl4,2024,05,10,08
270.0,273.0,Phylloscopus occipitalis,Western Crowned Warbler,0.6555,psl4,2024,05,10,08
279.0,282.0,Phylloscopus occipitalis,Western Crowned Warbler,0.9317,psl4,2024,05,10,08
285.0,288.0,Phylloscopus occipitalis,Western Crowned Warbler,0.9119,psl4,2024,05,10,08
291.0,294.0,Phylloscopus occipitalis,Western Crowned Warbler,0.5364,psl4,2024,05,10,08
303.0,306.0,Phylloscopus occipitalis,Western Crowned Warbler,0.6237,psl4,2024,05,10,08
309.0,312.0,Phylloscopus occipitalis,Western Crowned Warbler,0.8106,psl4,2024,05,10,08
312.0,315.0,Periparus ater,Coal Tit,0.7893,psl4,2024,05,10,08
321.0,324.0,Periparus ater,Coal Tit,0.9229,psl4,2024,05,10,08
324.0,327.0,Periparus ater,Coal Tit,0.9523,psl4,2024,05,10,08
327.0,330.0,Poecile palustris,Marsh Tit,0.6987,psl4,2024,05,10,08
327.0,330.0,Periparus ater,Coal Tit,0.6942,psl4,2024,05,10,08
336.0,339.0,Phylloscopus occipitalis,Western Crowned Warbler,0.6797,psl4,2024,05,10,08
345.0,348.0,Periparus ater,Coal Tit,0.7449,psl4,2024,05,10,08
366.0,369.0,Prunella strophiata,Rufous-breasted Accentor,0.7541,psl4,2024,05,10,08
372.0,375.0,Prunella strophiata,Rufous-breasted Accentor,0.8119,psl4,2024,05,10,08
375.0,378.0,Prunella strophiata,Rufous-breasted Accentor,0.8251,psl4,2024,05,10,08
381.0,384.0,Prunella strophiata,Rufous-breasted Accentor,0.8735,psl4,2024,05,10,08
390.0,393.0,Prunella strophiata,Rufous-breasted Accentor,0.8536,psl4,2024,05,10,08
393.0,396.0,Prunella strophiata,Rufous-breasted Accentor,0.7237,psl4,2024,05,10,08
393.0,396.0,Ficedula parva,Red-breasted Flycatcher,0.6714,psl4,2024,05,10,08
399.0,402.0,Phylloscopus humei,Hume's Warbler,0.9117,psl4,2024,05,10,08
414.0,417.0,Periparus ater,Coal Tit,0.7798,psl4,2024,05,10,08
417.0,420.0,Periparus ater,Coal Tit,0.7654,psl4,2024,05,10,08
420.0,423.0,Phylloscopus humei,Hume's Warbler,0.9993,psl4,2024,05,10,08
426.0,429.0,Periparus ater,Coal Tit,0.7201,psl4,2024,05,10,08
429.0,432.0,Periparus ater,Coal Tit,0.5183,psl4,2024,05,10,08
432.0,435.0,Periparus ater,Coal Tit,0.8411,psl4,2024,05,10,08
435.0,438.0,Periparus ater,Coal Tit,0.8518,psl4,2024,05,10,08
438.0,441.0,Periparus ater,Coal Tit,0.8259,psl4,2024,05,10,08
438.0,441.0,Poecile palustris,Marsh Tit,0.5884,psl4,2024,05,10,08
450.0,453.0,Phylloscopus humei,Hume's Warbler,0.6564,psl4,2024,05,10,08
459.0,462.0,Periparus ater,Coal Tit,0.5664,psl4,2024,05,10,08
513.0,516.0,Anthus hodgsoni,Olive-backed Pipit,0.88,psl4,2024,05,10,08
516.0,519.0,Anthus hodgsoni,Olive-backed Pipit,0.7699,psl4,2024,05,10,08
534.0,537.0,Anthus hodgsoni,Olive-backed Pipit,0.9295,psl4,2024,05,10,08
543.0,546.0,Locustella caudata,Long-tailed Bush Warbler,0.5535,psl4,2024,05,10,08
546.0,549.0,Phylloscopus humei,Hume's Warbler,0.9041,psl4,2024,05,10,08
549.0,552.0,Anthus hodgsoni,Olive-backed Pipit,0.8599,psl4,2024,05,10,08
552.0,555.0,Anthus hodgsoni,Olive-backed Pipit,0.9667,psl4,2024,05,10,08
561.0,564.0,Phylloscopus humei,Hume's Warbler,0.9789,psl4,2024,05,10,08
567.0,570.0,Phylloscopus humei,Hume's Warbler,0.9176,psl4,2024,05,10,08
570.0,573.0,Phylloscopus humei,Hume's Warbler,0.9696,psl4,2024,05,10,08
573.0,576.0,Anthus hodgsoni,Olive-backed Pipit,0.5846,psl4,2024,05,10,08
576.0,579.0,Phylloscopus humei,Hume's Warbler,0.8631,psl4,2024,05,10,08
588.0,591.0,Phylloscopus humei,Hume's Warbler,0.9078,psl4,2024,05,10,08
597.0,600.0,Phylloscopus humei,Hume's Warbler,0.7891,psl4,2024,05,10,08
600.0,603.0,Phylloscopus humei,Hume's Warbler,0.7375,psl4,2024,05,10,08
603.0,606.0,Phylloscopus humei,Hume's Warbler,0.5126,psl4,2024,05,10,08
612.0,615.0,Phylloscopus humei,Hume's Warbler,0.9426,psl4,2024,05,10,08
615.0,618.0,Phylloscopus humei,Hume's Warbler,0.7941,psl4,2024,05,10,08
618.0,621.0,Anthus hodgsoni,Olive-backed Pipit,0.8211,psl4,2024,05,10,08
621.0,624.0,Phylloscopus humei,Hume's Warbler,0.5088,psl4,2024,05,10,08
624.0,627.0,Phylloscopus humei,Hume's Warbler,0.9079,psl4,2024,05,10,08
627.0,630.0,Phylloscopus humei,Hume's Warbler,0.7649,psl4,2024,05,10,08
630.0,633.0,Phylloscopus humei,Hume's Warbler,0.9685,psl4,2024,05,10,08
633.0,636.0,Anthus hodgsoni,Olive-backed Pipit,0.6417,psl4,2024,05,10,08
639.0,642.0,Phylloscopus humei,Hume's Warbler,0.8851,psl4,2024,05,10,08
642.0,645.0,Phylloscopus humei,Hume's Warbler,0.892,psl4,2024,05,10,08
645.0,648.0,Phylloscopus humei,Hume's Warbler,0.9604,psl4,2024,05,10,08
648.0,651.0,Phylloscopus humei,Hume's Warbler,0.957,psl4,2024,05,10,08
651.0,654.0,Phylloscopus humei,Hume's Warbler,0.8772,psl4,2024,05,10,08
654.0,657.0,Phylloscopus humei,Hume's Warbler,0.9301,psl4,2024,05,10,08
657.0,660.0,Phylloscopus humei,Hume's Warbler,0.8085,psl4,2024,05,10,08
669.0,672.0,Phylloscopus humei,Hume's Warbler,0.6265,psl4,2024,05,10,08
672.0,675.0,Phylloscopus humei,Hume's Warbler,0.7292,psl4,2024,05,10,08
675.0,678.0,Phylloscopus humei,Hume's Warbler,0.6761,psl4,2024,05,10,08
678.0,681.0,Phylloscopus humei,Hume's Warbler,0.9885,psl4,2024,05,10,08
693.0,696.0,Phylloscopus humei,Hume's Warbler,0.5764,psl4,2024,05,10,08
696.0,699.0,Phylloscopus humei,Hume's Warbler,0.915,psl4,2024,05,10,08
729.0,732.0,Anthus hodgsoni,Olive-backed Pipit,0.7792,psl4,2024,05,10,08
735.0,738.0,Poecile palustris,Marsh Tit,0.5142,psl4,2024,05,10,08
750.0,753.0,Periparus ater,Coal Tit,0.7985,psl4,2024,05,10,08
750.0,753.0,Poecile palustris,Marsh Tit,0.6422,psl4,2024,05,10,08
753.0,756.0,Periparus ater,Coal Tit,0.9636,psl4,2024,05,10,08
756.0,759.0,Periparus ater,Coal Tit,0.5746,psl4,2024,05,10,08
762.0,765.0,Poecile palustris,Marsh Tit,0.9368,psl4,2024,05,10,08
765.0,768.0,Poecile palustris,Marsh Tit,0.5948,psl4,2024,05,10,08
777.0,780.0,Phylloscopus humei,Hume's Warbler,0.7227,psl4,2024,05,10,08
780.0,783.0,Phylloscopus humei,Hume's Warbler,0.6249,psl4,2024,05,10,08
783.0,786.0,Periparus ater,Coal Tit,0.8098,psl4,2024,05,10,08
786.0,789.0,Periparus ater,Coal Tit,0.7403,psl4,2024,05,10,08
792.0,795.0,Periparus ater,Coal Tit,0.7664,psl4,2024,05,10,08
795.0,798.0,Periparus ater,Coal Tit,0.9431,psl4,2024,05,10,08
831.0,834.0,Phylloscopus occipitalis,Western Crowned Warbler,0.7051,psl4,2024,05,10,08
837.0,840.0,Anthus hodgsoni,Olive-backed Pipit,0.849,psl4,2024,05,10,08
852.0,855.0,Protonotaria citrea,Prothonotary Warbler,0.6018,psl4,2024,05,10,08
855.0,858.0,Phylloscopus humei,Hume's Warbler,0.6652,psl4,2024,05,10,08
879.0,882.0,Phylloscopus occipitalis,Western Crowned Warbler,0.5117,psl4,2024,05,10,08
882.0,885.0,Phylloscopus humei,Hume's Warbler,0.6889,psl4,2024,05,10,08
897.0,900.0,Anthus hodgsoni,Olive-backed Pipit,0.9572,psl4,2024,05,10,08
9.0,12.0,Turdus philomelos,Song Thrush,0.6628,psl4,2024,05,10,09
30.0,33.0,Phylloscopus occipitalis,Western Crowned Warbler,0.5834,psl4,2024,05,10,09
33.0,36.0,Phylloscopus occipitalis,Western Crowned Warbler,0.9226,psl4,2024,05,10,09
42.0,45.0,Phylloscopus humei,Hume's Warbler,0.6349,psl4,2024,05,10,09
123.0,126.0,Zosterops simplex,Swinhoe's White-eye,0.7278,psl4,2024,05,10,09
132.0,135.0,Poecile palustris,Marsh Tit,0.6478,psl4,2024,05,10,09
159.0,162.0,Phylloscopus humei,Hume's Warbler,0.9479,psl4,2024,05,10,09
198.0,201.0,Phylloscopus occipitalis,Western Crowned Warbler,0.5839,psl4,2024,05,10,09
201.0,204.0,Phylloscopus humei,Hume's Warbler,0.8377,psl4,2024,05,10,09
216.0,219.0,Cygnus columbianus,Tundra Swan,0.5344,psl4,2024,05,10,09
240.0,243.0,Anthus hodgsoni,Olive-backed Pipit,0.5209,psl4,2024,05,10,09
276.0,279.0,Strix aluco,Tawny Owl,0.9453,psl4,2024,05,10,09
303.0,306.0,Phylloscopus humei,Hume's Warbler,0.5303,psl4,2024,05,10,09
330.0,333.0,Recurvirostra avosetta,Pied Avocet,0.6578,psl4,2024,05,10,09
339.0,342.0,Phylloscopus occipitalis,Western Crowned Warbler,0.6864,psl4,2024,05,10,09
348.0,351.0,Strix aluco,Tawny Owl,0.6172,psl4,2024,05,10,09
354.0,357.0,Strix aluco,Tawny Owl,0.908,psl4,2024,05,10,09
477.0,480.0,Phylloscopus humei,Hume's Warbler,0.5961,psl4,2024,05,10,09
480.0,483.0,Phylloscopus occipitalis,Western Crowned Warbler,0.5919,psl4,2024,05,10,09
483.0,486.0,Phylloscopus occipitalis,Western Crowned Warbler,0.8696,psl4,2024,05,10,09
522.0,525.0,Erithacus rubecula,European Robin,0.5843,psl4,2024,05,10,09
567.0,570.0,Phylloscopus humei,Hume's Warbler,0.8681,psl4,2024,05,10,09
612.0,615.0,Serinus serinus,European Serin,0.6163,psl4,2024,05,10,09
642.0,645.0,Prunella strophiata,Rufous-breasted Accentor,0.7174,psl4,2024,05,10,09
702.0,705.0,Phylloscopus proregulus,Pallas's Leaf Warbler,0.5084,psl4,2024,05,10,09
714.0,717.0,Periparus rufonuchalis,Rufous-naped Tit,0.6553,psl4,2024,05,10,09
723.0,726.0,Periparus rufonuchalis,Rufous-naped Tit,0.5267,psl4,2024,05,10,09
765.0,768.0,Phylloscopus humei,Hume's Warbler,0.5555,psl4,2024,05,10,09
774.0,777.0,Prunella strophiata,Rufous-breasted Accentor,0.6674,psl4,2024,05,10,09
789.0,792.0,Phylloscopus occipitalis,Western Crowned Warbler,0.6234,psl4,2024,05,10,09
804.0,807.0,Phylloscopus humei,Hume's Warbler,0.7966,psl4,2024,05,10,09
807.0,810.0,Tarsiger rufilatus,Himalayan Bluetail,0.6977,psl4,2024,05,10,09
810.0,813.0,Prunella strophiata,Rufous-breasted Accentor,0.7843,psl4,2024,05,10,09
828.0,831.0,Periparus ater,Coal Tit,0.8751,psl4,2024,05,10,09
840.0,843.0,Periparus ater,Coal Tit,0.898,psl4,2024,05,10,09
849.0,852.0,Phylloscopus humei,Hume's Warbler,0.6235,psl4,2024,05,10,09
852.0,855.0,Periparus ater,Coal Tit,0.6263,psl4,2024,05,10,09
855.0,858.0,Periparus ater,Coal Tit,0.8996,psl4,2024,05,10,09
858.0,861.0,Periparus ater,Coal Tit,0.6544,psl4,2024,05,10,09
861.0,864.0,Periparus ater,Coal Tit,0.9815,psl4,2024,05,10,09
867.0,870.0,Periparus ater,Coal Tit,0.8674,psl4,2024,05,10,09
870.0,873.0,Periparus ater,Coal Tit,0.7617,psl4,2024,05,10,09
879.0,882.0,Phylloscopus humei,Hume's Warbler,0.7893,psl4,2024,05,10,09
882.0,885.0,Tarsiger rufilatus,Himalayan Bluetail,0.6493,psl4,2024,05,10,09
885.0,888.0,Tarsiger rufilatus,Himalayan Bluetail,0.8175,psl4,2024,05,10,09
891.0,894.0,Tarsiger rufilatus,Himalayan Bluetail,0.6411,psl4,2024,05,10,09
894.0,897.0,Tarsiger rufilatus,Himalayan Bluetail,0.8301,psl4,2024,05,10,09
0.0,3.0,Phylloscopus occipitalis,Western Crowned Warbler,0.9091,psl4,2024,05,11,06
3.0,6.0,Phylloscopus occipitalis,Western Crowned Warbler,0.6024,psl4,2024,05,11,06
6.0,9.0,Phylloscopus occipitalis,Western Crowned Warbler,0.6831,psl4,2024,05,11,06
12.0,15.0,Phylloscopus humei,Hume's Warbler,0.8848,psl4,2024,05,11,06
15.0,18.0,Phylloscopus occipitalis,Western Crowned Warbler,0.7007,psl4,2024,05,11,06
18.0,21.0,Phylloscopus humei,Hume's Warbler,0.5667,psl4,2024,05,11,06
21.0,24.0,Phylloscopus humei,Hume's Warbler,0.673,psl4,2024,05,11,06
21.0,24.0,Anthus hodgsoni,Olive-backed Pipit,0.517,psl4,2024,05,11,06
30.0,33.0,Phylloscopus humei,Hume's Warbler,0.7539,psl4,2024,05,11,06
36.0,39.0,Phylloscopus humei,Hume's Warbler,0.5719,psl4,2024,05,11,06
39.0,42.0,Phylloscopus humei,Hume's Warbler,0.9843,psl4,2024,05,11,06
45.0,48.0,Phylloscopus humei,Hume's Warbler,0.8239,psl4,2024,05,11,06
48.0,51.0,Phylloscopus humei,Hume's Warbler,0.8913,psl4,2024,05,11,06
60.0,63.0,Phylloscopus occipitalis,Western Crowned Warbler,0.5732,psl4,2024,05,11,06
69.0,72.0,Phylloscopus occipitalis,Western Crowned Warbler,0.5123,psl4,2024,05,11,06
78.0,81.0,Phylloscopus occipitalis,Western Crowned Warbler,0.8418,psl4,2024,05,11,06
81.0,84.0,Protonotaria citrea,Prothonotary Warbler,0.5233,psl4,2024,05,11,06
84.0,87.0,Phylloscopus occipitalis,Western Crowned Warbler,0.6044,psl4,2024,05,11,06
87.0,90.0,Phylloscopus occipitalis,Western Crowned Warbler,0.5844,psl4,2024,05,11,06
90.0,93.0,Phylloscopus occipitalis,Western Crowned Warbler,0.5723,psl4,2024,05,11,06
108.0,111.0,Phylloscopus occipitalis,Western Crowned Warbler,0.9179,psl4,2024,05,11,06
111.0,114.0,Phylloscopus occipitalis,Western Crowned Warbler,0.9518,psl4,2024,05,11,06
114.0,117.0,Phylloscopus occipitalis,Western Crowned Warbler,0.7015,psl4,2024,05,11,06
123.0,126.0,Phylloscopus occipitalis,Western Crowned Warbler,0.6717,psl4,2024,05,11,06
126.0,129.0,Phylloscopus occipitalis,Western Crowned Warbler,0.6616,psl4,2024,05,11,06
132.0,135.0,Phylloscopus occipitalis,Western Crowned Warbler,0.8292,psl4,2024,05,11,06
135.0,138.0,Protonotaria citrea,Prothonotary Warbler,0.6329,psl4,2024,05,11,06
138.0,141.0,Phylloscopus occipitalis,Western Crowned Warbler,0.663,psl4,2024,05,11,06
156.0,159.0,Phylloscopus occipitalis,Western Crowned Warbler,0.9074,psl4,2024,05,11,06
165.0,168.0,Phylloscopus occipitalis,Western Crowned Warbler,0.7972,psl4,2024,05,11,06
168.0,171.0,Phylloscopus occipitalis,Western Crowned Warbler,0.8592,psl4,2024,05,11,06
174.0,177.0,Phylloscopus occipitalis,Western Crowned Warbler,0.5848,psl4,2024,05,11,06
189.0,192.0,Phylloscopus occipitalis,Western Crowned Warbler,0.7341,psl4,2024,05,11,06
210.0,213.0,Ficedula tricolor,Slaty-blue Flycatcher,0.6874,psl4,2024,05,11,06
216.0,219.0,Ficedula tricolor,Slaty-blue Flycatcher,0.8087,psl4,2024,05,11,06
219.0,222.0,Phylloscopus occipitalis,Western Crowned Warbler,0.7349,psl4,2024,05,11,06
222.0,225.0,Ficedula tricolor,Slaty-blue Flycatcher,0.7334,psl4,2024,05,11,06
228.0,231.0,Ficedula tricolor,Slaty-blue Flycatcher,0.5264,psl4,2024,05,11,06
240.0,243.0,Ficedula tricolor,Slaty-blue Flycatcher,0.5512,psl4,2024,05,11,06
243.0,246.0,Phylloscopus occipitalis,Western Crowned Warbler,0.5829,psl4,2024,05,11,06
249.0,252.0,Phylloscopus occipitalis,Western Crowned Warbler,0.5041,psl4,2024,05,11,06
252.0,255.0,Ficedula tricolor,Slaty-blue Flycatcher,0.8405,psl4,2024,05,11,06
255.0,258.0,Phylloscopus occipitalis,Western Crowned Warbler,0.5244,psl4,2024,05,11,06
267.0,270.0,Cettia castaneocoronata,Chestnut-headed Tesia,0.687,psl4,2024,05,11,06
270.0,273.0,Phylloscopus occipitalis,Western Crowned Warbler,0.5442,psl4,2024,05,11,06
279.0,282.0,Ficedula tricolor,Slaty-blue Flycatcher,0.8651,psl4,2024,05,11,06
282.0,285.0,Phylloscopus occipitalis,Western Crowned Warbler,0.5428,psl4,2024,05,11,06
291.0,294.0,Phylloscopus occipitalis,Western Crowned Warbler,0.5812,psl4,2024,05,11,06
306.0,309.0,Phylloscopus tytleri,Tytler's Leaf Warbler,0.5413,psl4,2024,05,11,06
312.0,315.0,Anthus hodgsoni,Olive-backed Pipit,0.9624,psl4,2024,05,11,06
342.0,345.0,Phylloscopus occipitalis,Western Crowned Warbler,0.6023,psl4,2024,05,11,06
369.0,372.0,Phylloscopus humei,Hume's Warbler,0.5459,psl4,2024,05,11,06
393.0,396.0,Phylloscopus occipitalis,Western Crowned Warbler,0.8815,psl4,2024,05,11,06
402.0,405.0,Phylloscopus occipitalis,Western Crowned Warbler,0.5734,psl4,2024,05,11,06
420.0,423.0,Phylloscopus occipitalis,Western Crowned Warbler,0.8231,psl4,2024,05,11,06
435.0,438.0,Atlapetes albinucha,White-naped Brushfinch,0.6148,psl4,2024,05,11,06
438.0,441.0,Phylloscopus occipitalis,Western Crowned Warbler,0.744,psl4,2024,05,11,06
447.0,450.0,Phylloscopus occipitalis,Western Crowned Warbler,0.6101,psl4,2024,05,11,06
453.0,456.0,Phylloscopus occipitalis,Western Crowned Warbler,0.8585,psl4,2024,05,11,06
456.0,459.0,Phylloscopus occipitalis,Western Crowned Warbler,0.5762,psl4,2024,05,11,06
462.0,465.0,Phylloscopus occipitalis,Western Crowned Warbler,0.9384,psl4,2024,05,11,06
480.0,483.0,Ficedula tricolor,Slaty-blue Flycatcher,0.5083,psl4,2024,05,11,06
483.0,486.0,Phylloscopus occipitalis,Western Crowned Warbler,0.5996,psl4,2024,05,11,06
486.0,489.0,Phylloscopus occipitalis,Western Crowned Warbler,0.7307,psl4,2024,05,11,06
489.0,492.0,Ficedula tricolor,Slaty-blue Flycatcher,0.7848,psl4,2024,05,11,06
495.0,498.0,Phylloscopus occipitalis,Western Crowned Warbler,0.7693,psl4,2024,05,11,06
525.0,528.0,Prunella modularis,Dunnock,0.7218,psl4,2024,05,11,06
531.0,534.0,Phylloscopus occipitalis,Western Crowned Warbler,0.9726,psl4,2024,05,11,06
537.0,540.0,Phylloscopus occipitalis,Western Crowned Warbler,0.9711,psl4,2024,05,11,06
558.0,561.0,Phylloscopus occipitalis,Western Crowned Warbler,0.5703,psl4,2024,05,11,06
561.0,564.0,Prunella strophiata,Rufous-breasted Accentor,0.9719,psl4,2024,05,11,06
561.0,564.0,Phylloscopus occipitalis,Western Crowned Warbler,0.5536,psl4,2024,05,11,06
567.0,570.0,Phylloscopus occipitalis,Western Crowned Warbler,0.7069,psl4,2024,05,11,06
573.0,576.0,Phylloscopus occipitalis,Western Crowned Warbler,0.6226,psl4,2024,05,11,06
585.0,588.0,Phylloscopus occipitalis,Western Crowned Warbler,0.6146,psl4,2024,05,11,06
588.0,591.0,Periparus rufonuchalis,Rufous-naped Tit,0.7942,psl4,2024,05,11,06
594.0,597.0,Periparus rufonuchalis,Rufous-naped Tit,0.6762,psl4,2024,05,11,06
603.0,606.0,Phylloscopus occipitalis,Western Crowned Warbler,0.7257,psl4,2024,05,11,06
609.0,612.0,Phylloscopus occipitalis,Western Crowned Warbler,0.8545,psl4,2024,05,11,06
621.0,624.0,Phylloscopus occipitalis,Western Crowned Warbler,0.8894,psl4,2024,05,11,06
624.0,627.0,Periparus rufonuchalis,Rufous-naped Tit,0.8569,psl4,2024,05,11,06
633.0,636.0,Phylloscopus occipitalis,Western Crowned Warbler,0.7135,psl4,2024,05,11,06
636.0,639.0,Phylloscopus occipitalis,Western Crowned Warbler,0.5127,psl4,2024,05,11,06
639.0,642.0,Phylloscopus occipitalis,Western Crowned Warbler,0.7759,psl4,2024,05,11,06
639.0,642.0,Periparus rufonuchalis,Rufous-naped Tit,0.6419,psl4,2024,05,11,06
648.0,651.0,Phylloscopus occipitalis,Western Crowned Warbler,0.742,psl4,2024,05,11,06
654.0,657.0,Periparus rufonuchalis,Rufous-naped Tit,0.9733,psl4,2024,05,11,06
657.0,660.0,Periparus rufonuchalis,Rufous-naped Tit,0.8965,psl4,2024,05,11,06
660.0,663.0,Phylloscopus occipitalis,Western Crowned Warbler,0.5852,psl4,2024,05,11,06
663.0,666.0,Phylloscopus occipitalis,Western Crowned Warbler,0.9981,psl4,2024,05,11,06
666.0,669.0,Periparus rufonuchalis,Rufous-naped Tit,0.7795,psl4,2024,05,11,06
666.0,669.0,Phylloscopus occipitalis,Western Crowned Warbler,0.5259,psl4,2024,05,11,06
672.0,675.0,Phylloscopus occipitalis,Western Crowned Warbler,0.9378,psl4,2024,05,11,06
675.0,678.0,Phylloscopus occipitalis,Western Crowned Warbler,0.9691,psl4,2024,05,11,06
681.0,684.0,Phylloscopus occipitalis,Western Crowned Warbler,0.6275,psl4,2024,05,11,06
684.0,687.0,Phylloscopus occipitalis,Western Crowned Warbler,0.7822,psl4,2024,05,11,06
687.0,690.0,Phylloscopus occipitalis,Western Crowned Warbler,0.8246,psl4,2024,05,11,06
693.0,696.0,Phylloscopus occipitalis,Western Crowned Warbler,0.9276,psl4,2024,05,11,06
696.0,699.0,Phylloscopus occipitalis,Western Crowned Warbler,0.5288,psl4,2024,05,11,06
705.0,708.0,Phylloscopus occipitalis,Western Crowned Warbler,0.9934,psl4,2024,05,11,06
708.0,711.0,Periparus rufonuchalis,Rufous-naped Tit,0.7417,psl4,2024,05,11,06
708.0,711.0,Phylloscopus occipitalis,Western Crowned Warbler,0.5913,psl4,2024,05,11,06
714.0,717.0,Phylloscopus occipitalis,Western Crowned Warbler,0.9966,psl4,2024,05,11,06
720.0,723.0,Prunella modularis,Dunnock,0.5223,psl4,2024,05,11,06
723.0,726.0,Phylloscopus occipitalis,Western Crowned Warbler,0.9853,psl4,2024,05,11,06
723.0,726.0,Protonotaria citrea,Prothonotary Warbler,0.6423,psl4,2024,05,11,06
726.0,729.0,Phylloscopus occipitalis,Western Crowned Warbler,0.7218,psl4,2024,05,11,06
735.0,738.0,Phylloscopus occipitalis,Western Crowned Warbler,0.8597,psl4,2024,05,11,06
738.0,741.0,Phylloscopus occipitalis,Western Crowned Warbler,0.9464,psl4,2024,05,11,06
747.0,750.0,Phylloscopus occipitalis,Western Crowned Warbler,0.7803,psl4,2024,05,11,06
756.0,759.0,Phylloscopus occipitalis,Western Crowned Warbler,0.6656,psl4,2024,05,11,06
756.0,759.0,Periparus rufonuchalis,Rufous-naped Tit,0.5299,psl4,2024,05,11,06
762.0,765.0,Phylloscopus occipitalis,Western Crowned Warbler,0.5991,psl4,2024,05,11,06
768.0,771.0,Phylloscopus occipitalis,Western Crowned Warbler,0.6339,psl4,2024,05,11,06
777.0,780.0,Phylloscopus occipitalis,Western Crowned Warbler,0.9198,psl4,2024,05,11,06
780.0,783.0,Phylloscopus occipitalis,Western Crowned Warbler,0.8809,psl4,2024,05,11,06
786.0,789.0,Periparus rufonuchalis,Rufous-naped Tit,0.7378,psl4,2024,05,11,06
789.0,792.0,Periparus rufonuchalis,Rufous-naped Tit,0.5796,psl4,2024,05,11,06
795.0,798.0,Phylloscopus occipitalis,Western Crowned Warbler,0.9849,psl4,2024,05,11,06
798.0,801.0,Phylloscopus xanthoschistos,Gray-hooded Warbler,0.6305,psl4,2024,05,11,06
801.0,804.0,Phylloscopus occipitalis,Western Crowned Warbler,0.5053,psl4,2024,05,11,06
810.0,813.0,Phylloscopus occipitalis,Western Crowned Warbler,0.9758,psl4,2024,05,11,06
813.0,816.0,Phylloscopus occipitalis,Western Crowned Warbler,0.6924,psl4,2024,05,11,06
819.0,822.0,Phylloscopus occipitalis,Western Crowned Warbler,0.9273,psl4,2024,05,11,06
822.0,825.0,Phylloscopus occipitalis,Western Crowned Warbler,0.9439,psl4,2024,05,11,06
831.0,834.0,Phylloscopus occipitalis,Western Crowned Warbler,0.9437,psl4,2024,05,11,06
837.0,840.0,Phylloscopus occipitalis,Western Crowned Warbler,0.9953,psl4,2024,05,11,06
846.0,849.0,Phylloscopus occipitalis,Western Crowned Warbler,0.9682,psl4,2024,05,11,06
855.0,858.0,Phylloscopus occipitalis,Western Crowned Warbler,0.9736,psl4,2024,05,11,06
858.0,861.0,Phylloscopus occipitalis,Western Crowned Warbler,0.8246,psl4,2024,05,11,06
864.0,867.0,Phylloscopus occipitalis,Western Crowned Warbler,0.9678,psl4,2024,05,11,06
873.0,876.0,Phylloscopus occipitalis,Western Crowned Warbler,0.8955,psl4,2024,05,11,06
882.0,885.0,Phylloscopus occipitalis,Western Crowned Warbler,0.9269,psl4,2024,05,11,06
885.0,888.0,Periparus rufonuchalis,Rufous-naped Tit,0.6884,psl4,2024,05,11,06
885.0,888.0,Phylloscopus occipitalis,Western Crowned Warbler,0.6028,psl4,2024,05,11,06
888.0,891.0,Phylloscopus occipitalis,Western Crowned Warbler,0.63,psl4,2024,05,11,06
891.0,894.0,Periparus rufonuchalis,Rufous-naped Tit,0.8016,psl4,2024,05,11,06
897.0,900.0,Phylloscopus occipitalis,Western Crowned Warbler,0.5817,psl4,2024,05,11,06
9.0,12.0,Anthus hodgsoni,Olive-backed Pipit,0.6297,psl4,2024,05,11,07
15.0,18.0,Phylloscopus humei,Hume's Warbler,0.7309,psl4,2024,05,11,07
27.0,30.0,Anthus hodgsoni,Olive-backed Pipit,0.9455,psl4,2024,05,11,07
39.0,42.0,Anthus hodgsoni,Olive-backed Pipit,0.9985,psl4,2024,05,11,07
45.0,48.0,Anthus hodgsoni,Olive-backed Pipit,0.9379,psl4,2024,05,11,07
48.0,51.0,Anthus hodgsoni,Olive-backed Pipit,0.915,psl4,2024,05,11,07
54.0,57.0,Phylloscopus occipitalis,Western Crowned Warbler,0.7558,psl4,2024,05,11,07
57.0,60.0,Anthus hodgsoni,Olive-backed Pipit,0.7956,psl4,2024,05,11,07
69.0,72.0,Anthus hodgsoni,Olive-backed Pipit,0.9533,psl4,2024,05,11,07
78.0,81.0,Anthus hodgsoni,Olive-backed Pipit,0.8793,psl4,2024,05,11,07
84.0,87.0,Anthus hodgsoni,Olive-backed Pipit,0.8767,psl4,2024,05,11,07
96.0,99.0,Phylloscopus humei,Hume's Warbler,0.9973,psl4,2024,05,11,07
108.0,111.0,Anthus hodgsoni,Olive-backed Pipit,0.9175,psl4,2024,05,11,07
111.0,114.0,Phylloscopus humei,Hume's Warbler,0.9538,psl4,2024,05,11,07
114.0,117.0,Phylloscopus humei,Hume's Warbler,0.5604,psl4,2024,05,11,07
123.0,126.0,Phylloscopus humei,Hume's Warbler,0.8587,psl4,2024,05,11,07
144.0,147.0,Phylloscopus occipitalis,Western Crowned Warbler,0.7445,psl4,2024,05,11,07
150.0,153.0,Anthus hodgsoni,Olive-backed Pipit,0.6319,psl4,2024,05,11,07
153.0,156.0,Phylloscopus occipitalis,Western Crowned Warbler,0.5456,psl4,2024,05,11,07
153.0,156.0,Phylloscopus humei,Hume's Warbler,0.5044,psl4,2024,05,11,07
156.0,159.0,Anthus hodgsoni,Olive-backed Pipit,0.77,psl4,2024,05,11,07
171.0,174.0,Phylloscopus humei,Hume's Warbler,0.9368,psl4,2024,05,11,07
174.0,177.0,Anthus hodgsoni,Olive-backed Pipit,0.9052,psl4,2024,05,11,07
177.0,180.0,Anthus hodgsoni,Olive-backed Pipit,0.9819,psl4,2024,05,11,07
183.0,186.0,Phylloscopus occipitalis,Western Crowned Warbler,0.7978,psl4,2024,05,11,07
192.0,195.0,Anthus hodgsoni,Olive-backed Pipit,0.9666,psl4,2024,05,11,07
201.0,204.0,Phylloscopus occipitalis,Western Crowned Warbler,0.6666,psl4,2024,05,11,07
207.0,210.0,Anthus hodgsoni,Olive-backed Pipit,0.78,psl4,2024,05,11,07
210.0,213.0,Cinnyris jugularis,Olive-backed Sunbird,0.5231,psl4,2024,05,11,07
213.0,216.0,Phylloscopus occipitalis,Western Crowned Warbler,0.7969,psl4,2024,05,11,07
228.0,231.0,Anthus hodgsoni,Olive-backed Pipit,0.981,psl4,2024,05,11,07
231.0,234.0,Anthus hodgsoni,Olive-backed Pipit,0.9713,psl4,2024,05,11,07
267.0,270.0,Luscinia phaenicuroides,White-bellied Redstart,0.725,psl4,2024,05,11,07
267.0,270.0,Phylloscopus tytleri,Tytler's Leaf Warbler,0.6436,psl4,2024,05,11,07
279.0,282.0,Phylloscopus occipitalis,Western Crowned Warbler,0.5295,psl4,2024,05,11,07
309.0,312.0,Phylloscopus occipitalis,Western Crowned Warbler,0.5002,psl4,2024,05,11,07
345.0,348.0,Phylloscopus occipitalis,Western Crowned Warbler,0.6724,psl4,2024,05,11,07
354.0,357.0,Phylloscopus occipitalis,Western Crowned Warbler,0.6037,psl4,2024,05,11,07
360.0,363.0,Phylloscopus occipitalis,Western Crowned Warbler,0.5795,psl4,2024,05,11,07
384.0,387.0,Phylloscopus occipitalis,Western Crowned Warbler,0.9247,psl4,2024,05,11,07
399.0,402.0,Phylloscopus occipitalis,Western Crowned Warbler,0.5463,psl4,2024,05,11,07
411.0,414.0,Phylloscopus occipitalis,Western Crowned Warbler,0.6783,psl4,2024,05,11,07
429.0,432.0,Phylloscopus occipitalis,Western Crowned Warbler,0.5718,psl4,2024,05,11,07
459.0,462.0,Phylloscopus occipitalis,Western Crowned Warbler,0.6163,psl4,2024,05,11,07
468.0,471.0,Apus apus,Common Swift,0.6282,psl4,2024,05,11,07
474.0,477.0,Phylloscopus occipitalis,Western Crowned Warbler,0.6931,psl4,2024,05,11,07
489.0,492.0,Phylloscopus occipitalis,Western Crowned Warbler,0.5475,psl4,2024,05,11,07
498.0,501.0,Phylloscopus occipitalis,Western Crowned Warbler,0.5071,psl4,2024,05,11,07
504.0,507.0,Phylloscopus occipitalis,Western Crowned Warbler,0.5343,psl4,2024,05,11,07
513.0,516.0,Phylloscopus occipitalis,Western Crowned Warbler,0.6829,psl4,2024,05,11,07
528.0,531.0,Phylloscopus occipitalis,Western Crowned Warbler,0.6349,psl4,2024,05,11,07
567.0,570.0,Protonotaria citrea,Prothonotary Warbler,0.6798,psl4,2024,05,11,07
585.0,588.0,Periparus ater,Coal Tit,0.6081,psl4,2024,05,11,07
594.0,597.0,Phylloscopus occipitalis,Western Crowned Warbler,0.6313,psl4,2024,05,11,07
603.0,606.0,Periparus ater,Coal Tit,0.6561,psl4,2024,05,11,07
618.0,621.0,Anthus hodgsoni,Olive-backed Pipit,0.6053,psl4,2024,05,11,07
621.0,624.0,Anthus hodgsoni,Olive-backed Pipit,0.5239,psl4,2024,05,11,07
627.0,630.0,Anthus hodgsoni,Olive-backed Pipit,0.817,psl4,2024,05,11,07
627.0,630.0,Phylloscopus occipitalis,Western Crowned Warbler,0.5965,psl4,2024,05,11,07
630.0,633.0,Anthus hodgsoni,Olive-backed Pipit,0.8742,psl4,2024,05,11,07
633.0,636.0,Anthus hodgsoni,Olive-backed Pipit,0.5547,psl4,2024,05,11,07
633.0,636.0,Phylloscopus occipitalis,Western Crowned Warbler,0.511,psl4,2024,05,11,07
639.0,642.0,Phylloscopus occipitalis,Western Crowned Warbler,0.7607,psl4,2024,05,11,07
645.0,648.0,Phylloscopus coronatus,Eastern Crowned Warbler,0.5136,psl4,2024,05,11,07
648.0,651.0,Anthus hodgsoni,Olive-backed Pipit,0.863,psl4,2024,05,11,07
648.0,651.0,Phylloscopus occipitalis,Western Crowned Warbler,0.6188,psl4,2024,05,11,07
651.0,654.0,Phylloscopus occipitalis,Western Crowned Warbler,0.944,psl4,2024,05,11,07
666.0,669.0,Phylloscopus occipitalis,Western Crowned Warbler,0.7517,psl4,2024,05,11,07
672.0,675.0,Anthus hodgsoni,Olive-backed Pipit,0.9899,psl4,2024,05,11,07
678.0,681.0,Anthus hodgsoni,Olive-backed Pipit,0.9713,psl4,2024,05,11,07
681.0,684.0,Anthus hodgsoni,Olive-backed Pipit,0.8483,psl4,2024,05,11,07
684.0,687.0,Ficedula tricolor,Slaty-blue Flycatcher,0.5236,psl4,2024,05,11,07
693.0,696.0,Phylloscopus occipitalis,Western Crowned Warbler,0.5726,psl4,2024,05,11,07
699.0,702.0,Phylloscopus occipitalis,Western Crowned Warbler,0.8156,psl4,2024,05,11,07
702.0,705.0,Phylloscopus occipitalis,Western Crowned Warbler,0.7093,psl4,2024,05,11,07
705.0,708.0,Ficedula tricolor,Slaty-blue Flycatcher,0.9916,psl4,2024,05,11,07
708.0,711.0,Phylloscopus occipitalis,Western Crowned Warbler,0.5699,psl4,2024,05,11,07
747.0,750.0,Phylloscopus occipitalis,Western Crowned Warbler,0.512,psl4,2024,05,11,07
750.0,753.0,Phylloscopus occipitalis,Western Crowned Warbler,0.759,psl4,2024,05,11,07
771.0,774.0,Phylloscopus occipitalis,Western Crowned Warbler,0.6231,psl4,2024,05,11,07
786.0,789.0,Phylloscopus occipitalis,Western Crowned Warbler,0.5559,psl4,2024,05,11,07
798.0,801.0,Phylloscopus occipitalis,Western Crowned Warbler,0.7715,psl4,2024,05,11,07
804.0,807.0,Phylloscopus occipitalis,Western Crowned Warbler,0.7248,psl4,2024,05,11,07
807.0,810.0,Phylloscopus occipitalis,Western Crowned Warbler,0.8071,psl4,2024,05,11,07
819.0,822.0,Phylloscopus occipitalis,Western Crowned Warbler,0.9147,psl4,2024,05,11,07
822.0,825.0,Phylloscopus occipitalis,Western Crowned Warbler,0.9077,psl4,2024,05,11,07
825.0,828.0,Phylloscopus occipitalis,Western Crowned Warbler,0.8821,psl4,2024,05,11,07
834.0,837.0,Phylloscopus occipitalis,Western Crowned Warbler,0.6768,psl4,2024,05,11,07
840.0,843.0,Phylloscopus occipitalis,Western Crowned Warbler,0.6441,psl4,2024,05,11,07
852.0,855.0,Phylloscopus occipitalis,Western Crowned Warbler,0.7789,psl4,2024,05,11,07
855.0,858.0,Anthus hodgsoni,Olive-backed Pipit,0.8534,psl4,2024,05,11,07
879.0,882.0,Phylloscopus occipitalis,Western Crowned Warbler,0.5419,psl4,2024,05,11,07
885.0,888.0,Phylloscopus occipitalis,Western Crowned Warbler,0.6432,psl4,2024,05,11,07
888.0,891.0,Phylloscopus occipitalis,Western Crowned Warbler,0.6844,psl4,2024,05,11,07
891.0,894.0,Phylloscopus occipitalis,Western Crowned Warbler,0.5976,psl4,2024,05,11,07
0.0,3.0,Phylloscopus occipitalis,Western Crowned Warbler,0.9538,psl4,2024,05,11,08
3.0,6.0,Phylloscopus occipitalis,Western Crowned Warbler,0.9775,psl4,2024,05,11,08
6.0,9.0,Phylloscopus occipitalis,Western Crowned Warbler,0.9413,psl4,2024,05,11,08
9.0,12.0,Phylloscopus occipitalis,Western Crowned Warbler,0.5201,psl4,2024,05,11,08
12.0,15.0,Phylloscopus occipitalis,Western Crowned Warbler,0.8552,psl4,2024,05,11,08
30.0,33.0,Phylloscopus occipitalis,Western Crowned Warbler,0.501,psl4,2024,05,11,08
36.0,39.0,Phylloscopus occipitalis,Western Crowned Warbler,0.6388,psl4,2024,05,11,08
39.0,42.0,Phylloscopus occipitalis,Western Crowned Warbler,0.7068,psl4,2024,05,11,08
72.0,75.0,Phylloscopus occipitalis,Western Crowned Warbler,0.6826,psl4,2024,05,11,08
75.0,78.0,Phylloscopus humei,Hume's Warbler,0.8482,psl4,2024,05,11,08
78.0,81.0,Phylloscopus occipitalis,Western Crowned Warbler,0.783,psl4,2024,05,11,08
81.0,84.0,Phylloscopus occipitalis,Western Crowned Warbler,0.7737,psl4,2024,05,11,08
90.0,93.0,Phylloscopus occipitalis,Western Crowned Warbler,0.9217,psl4,2024,05,11,08
96.0,99.0,Phylloscopus occipitalis,Western Crowned Warbler,0.8293,psl4,2024,05,11,08
99.0,102.0,Phylloscopus occipitalis,Western Crowned Warbler,0.605,psl4,2024,05,11,08
108.0,111.0,Phylloscopus occipitalis,Western Crowned Warbler,0.964,psl4,2024,05,11,08
111.0,114.0,Phylloscopus occipitalis,Western Crowned Warbler,0.9541,psl4,2024,05,11,08
114.0,117.0,Prunella strophiata,Rufous-breasted Accentor,0.646,psl4,2024,05,11,08
120.0,123.0,Phylloscopus occipitalis,Western Crowned Warbler,0.9236,psl4,2024,05,11,08
126.0,129.0,Phylloscopus occipitalis,Western Crowned Warbler,0.9369,psl4,2024,05,11,08
135.0,138.0,Phylloscopus occipitalis,Western Crowned Warbler,0.9937,psl4,2024,05,11,08
138.0,141.0,Phylloscopus occipitalis,Western Crowned Warbler,0.7726,psl4,2024,05,11,08
138.0,141.0,Phylloscopus reguloides,Blyth's Leaf Warbler,0.545,psl4,2024,05,11,08
144.0,147.0,Phylloscopus occipitalis,Western Crowned Warbler,0.9294,psl4,2024,05,11,08
147.0,150.0,Phylloscopus occipitalis,Western Crowned Warbler,0.8785,psl4,2024,05,11,08
153.0,156.0,Phylloscopus occipitalis,Western Crowned Warbler,0.8088,psl4,2024,05,11,08
156.0,159.0,Phylloscopus occipitalis,Western Crowned Warbler,0.6719,psl4,2024,05,11,08
159.0,162.0,Phylloscopus reguloides,Blyth's Leaf Warbler,0.8294,psl4,2024,05,11,08
162.0,165.0,Phylloscopus occipitalis,Western Crowned Warbler,0.6948,psl4,2024,05,11,08
165.0,168.0,Ficedula parva,Red-breasted Flycatcher,0.7522,psl4,2024,05,11,08
168.0,171.0,Phylloscopus occipitalis,Western Crowned Warbler,0.9126,psl4,2024,05,11,08
174.0,177.0,Phylloscopus occipitalis,Western Crowned Warbler,0.7807,psl4,2024,05,11,08
174.0,177.0,Phylloscopus reguloides,Blyth's Leaf Warbler,0.6971,psl4,2024,05,11,08
177.0,180.0,Phylloscopus reguloides,Blyth's Leaf Warbler,0.7802,psl4,2024,05,11,08
180.0,183.0,Phylloscopus occipitalis,Western Crowned Warbler,0.9884,psl4,2024,05,11,08
183.0,186.0,Phylloscopus occipitalis,Western Crowned Warbler,0.951,psl4,2024,05,11,08
186.0,189.0,Phylloscopus occipitalis,Western Crowned Warbler,0.8369,psl4,2024,05,11,08
192.0,195.0,Phylloscopus occipitalis,Western Crowned Warbler,0.9934,psl4,2024,05,11,08
198.0,201.0,Phylloscopus occipitalis,Western Crowned Warbler,0.9191,psl4,2024,05,11,08
201.0,204.0,Phylloscopus occipitalis,Western Crowned Warbler,0.972,psl4,2024,05,11,08
204.0,207.0,Phylloscopus sibilatrix,Wood Warbler,0.7325,psl4,2024,05,11,08
207.0,210.0,Phylloscopus occipitalis,Western Crowned Warbler,0.718,psl4,2024,05,11,08
213.0,216.0,Phylloscopus occipitalis,Western Crowned Warbler,0.9546,psl4,2024,05,11,08
216.0,219.0,Phylloscopus occipitalis,Western Crowned Warbler,0.7814,psl4,2024,05,11,08
225.0,228.0,Phylloscopus occipitalis,Western Crowned Warbler,0.8409,psl4,2024,05,11,08
231.0,234.0,Phylloscopus occipitalis,Western Crowned Warbler,0.6656,psl4,2024,05,11,08
234.0,237.0,Phylloscopus occipitalis,Western Crowned Warbler,0.9878,psl4,2024,05,11,08
237.0,240.0,Phylloscopus reguloides,Blyth's Leaf Warbler,0.597,psl4,2024,05,11,08
240.0,243.0,Phylloscopus occipitalis,Western Crowned Warbler,0.9704,psl4,2024,05,11,08
240.0,243.0,Phylloscopus reguloides,Blyth's Leaf Warbler,0.7102,psl4,2024,05,11,08
243.0,246.0,Phylloscopus occipitalis,Western Crowned Warbler,0.9439,psl4,2024,05,11,08
246.0,249.0,Phylloscopus occipitalis,Western Crowned Warbler,0.9986,psl4,2024,05,11,08
249.0,252.0,Phylloscopus occipitalis,Western Crowned Warbler,0.9829,psl4,2024,05,11,08
252.0,255.0,Phylloscopus occipitalis,Western Crowned Warbler,0.6933,psl4,2024,05,11,08
255.0,258.0,Phylloscopus occipitalis,Western Crowned Warbler,0.7193,psl4,2024,05,11,08
261.0,264.0,Phylloscopus occipitalis,Western Crowned Warbler,0.9363,psl4,2024,05,11,08
264.0,267.0,Phylloscopus occipitalis,Western Crowned Warbler,0.9975,psl4,2024,05,11,08
273.0,276.0,Phylloscopus occipitalis,Western Crowned Warbler,0.9293,psl4,2024,05,11,08
276.0,279.0,Phylloscopus occipitalis,Western Crowned Warbler,0.6031,psl4,2024,05,11,08
282.0,285.0,Phylloscopus occipitalis,Western Crowned Warbler,0.9837,psl4,2024,05,11,08
285.0,288.0,Phylloscopus occipitalis,Western Crowned Warbler,0.9312,psl4,2024,05,11,08
288.0,291.0,Phylloscopus occipitalis,Western Crowned Warbler,0.9668,psl4,2024,05,11,08
291.0,294.0,Phylloscopus occipitalis,Western Crowned Warbler,0.9709,psl4,2024,05,11,08
294.0,297.0,Phylloscopus occipitalis,Western Crowned Warbler,0.6767,psl4,2024,05,11,08
300.0,303.0,Phylloscopus occipitalis,Western Crowned Warbler,0.9945,psl4,2024,05,11,08
303.0,306.0,Phylloscopus occipitalis,Western Crowned Warbler,0.9982,psl4,2024,05,11,08
309.0,312.0,Phylloscopus occipitalis,Western Crowned Warbler,0.9763,psl4,2024,05,11,08
312.0,315.0,Phylloscopus occipitalis,Western Crowned Warbler,0.9881,psl4,2024,05,11,08
315.0,318.0,Phylloscopus occipitalis,Western Crowned Warbler,0.8514,psl4,2024,05,11,08
318.0,321.0,Phylloscopus occipitalis,Western Crowned Warbler,0.9907,psl4,2024,05,11,08
327.0,330.0,Phylloscopus occipitalis,Western Crowned Warbler,0.9831,psl4,2024,05,11,08
333.0,336.0,Phylloscopus occipitalis,Western Crowned Warbler,0.9944,psl4,2024,05,11,08
336.0,339.0,Phylloscopus occipitalis,Western Crowned Warbler,0.7568,psl4,2024,05,11,08
339.0,342.0,Phylloscopus occipitalis,Western Crowned Warbler,0.5916,psl4,2024,05,11,08
342.0,345.0,Phylloscopus occipitalis,Western Crowned Warbler,0.88,psl4,2024,05,11,08
345.0,348.0,Phylloscopus occipitalis,Western Crowned Warbler,0.9111,psl4,2024,05,11,08
348.0,351.0,Protonotaria citrea,Prothonotary Warbler,0.8386,psl4,2024,05,11,08
351.0,354.0,Phylloscopus occipitalis,Western Crowned Warbler,0.765,psl4,2024,05,11,08
354.0,357.0,Phylloscopus occipitalis,Western Crowned Warbler,0.7386,psl4,2024,05,11,08
360.0,363.0,Phylloscopus occipitalis,Western Crowned Warbler,0.9511,psl4,2024,05,11,08
363.0,366.0,Phylloscopus occipitalis,Western Crowned Warbler,0.8539,psl4,2024,05,11,08
369.0,372.0,Phylloscopus occipitalis,Western Crowned Warbler,0.9811,psl4,2024,05,11,08
372.0,375.0,Phylloscopus occipitalis,Western Crowned Warbler,0.9496,psl4,2024,05,11,08
375.0,378.0,Phylloscopus occipitalis,Western Crowned Warbler,0.9496,psl4,2024,05,11,08
381.0,384.0,Phylloscopus occipitalis,Western Crowned Warbler,0.9059,psl4,2024,05,11,08
384.0,387.0,Phylloscopus occipitalis,Western Crowned Warbler,0.9165,psl4,2024,05,11,08
387.0,390.0,Phylloscopus reguloides,Blyth's Leaf Warbler,0.7573,psl4,2024,05,11,08
387.0,390.0,Phylloscopus occipitalis,Western Crowned Warbler,0.6671,psl4,2024,05,11,08
396.0,399.0,Phylloscopus occipitalis,Western Crowned Warbler,0.9223,psl4,2024,05,11,08
399.0,402.0,Phylloscopus occipitalis,Western Crowned Warbler,0.9219,psl4,2024,05,11,08
402.0,405.0,Phylloscopus occipitalis,Western Crowned Warbler,0.9959,psl4,2024,05,11,08
405.0,408.0,Phylloscopus occipitalis,Western Crowned Warbler,0.9983,psl4,2024,05,11,08
408.0,411.0,Phylloscopus occipitalis,Western Crowned Warbler,0.9821,psl4,2024,05,11,08
411.0,414.0,Phylloscopus occipitalis,Western Crowned Warbler,0.7502,psl4,2024,05,11,08
417.0,420.0,Phylloscopus occipitalis,Western Crowned Warbler,0.945,psl4,2024,05,11,08
423.0,426.0,Phylloscopus occipitalis,Western Crowned Warbler,0.9885,psl4,2024,05,11,08
426.0,429.0,Phylloscopus occipitalis,Western Crowned Warbler,0.8286,psl4,2024,05,11,08
438.0,441.0,Phylloscopus occipitalis,Western Crowned Warbler,0.8413,psl4,2024,05,11,08
447.0,450.0,Phylloscopus occipitalis,Western Crowned Warbler,0.9453,psl4,2024,05,11,08
450.0,453.0,Phylloscopus occipitalis,Western Crowned Warbler,0.883,psl4,2024,05,11,08
456.0,459.0,Phylloscopus occipitalis,Western Crowned Warbler,0.8097,psl4,2024,05,11,08
456.0,459.0,Periparus ater,Coal Tit,0.6684,psl4,2024,05,11,08
459.0,462.0,Phylloscopus occipitalis,Western Crowned Warbler,0.9332,psl4,2024,05,11,08
462.0,465.0,Phylloscopus occipitalis,Western Crowned Warbler,0.9924,psl4,2024,05,11,08
465.0,468.0,Phylloscopus occipitalis,Western Crowned Warbler,0.5853,psl4,2024,05,11,08
468.0,471.0,Phylloscopus occipitalis,Western Crowned Warbler,0.8182,psl4,2024,05,11,08
471.0,474.0,Phylloscopus occipitalis,Western Crowned Warbler,0.9808,psl4,2024,05,11,08
474.0,477.0,Phylloscopus occipitalis,Western Crowned Warbler,0.8119,psl4,2024,05,11,08
477.0,480.0,Phylloscopus occipitalis,Western Crowned Warbler,0.9935,psl4,2024,05,11,08
480.0,483.0,Phylloscopus occipitalis,Western Crowned Warbler,0.7793,psl4,2024,05,11,08
483.0,486.0,Phylloscopus occipitalis,Western Crowned Warbler,0.6647,psl4,2024,05,11,08
486.0,489.0,Phylloscopus occipitalis,Western Crowned Warbler,0.9624,psl4,2024,05,11,08
489.0,492.0,Phylloscopus occipitalis,Western Crowned Warbler,0.9802,psl4,2024,05,11,08
495.0,498.0,Phylloscopus occipitalis,Western Crowned Warbler,0.983,psl4,2024,05,11,08
498.0,501.0,Phylloscopus occipitalis,Western Crowned Warbler,0.8682,psl4,2024,05,11,08
501.0,504.0,Phylloscopus occipitalis,Western Crowned Warbler,0.6433,psl4,2024,05,11,08
507.0,510.0,Phylloscopus occipitalis,Western Crowned Warbler,0.9323,psl4,2024,05,11,08
510.0,513.0,Phylloscopus occipitalis,Western Crowned Warbler,0.7741,psl4,2024,05,11,08
513.0,516.0,Phylloscopus occipitalis,Western Crowned Warbler,0.9158,psl4,2024,05,11,08
516.0,519.0,Phylloscopus occipitalis,Western Crowned Warbler,0.9507,psl4,2024,05,11,08
525.0,528.0,Phylloscopus occipitalis,Western Crowned Warbler,0.871,psl4,2024,05,11,08
531.0,534.0,Phylloscopus occipitalis,Western Crowned Warbler,0.7253,psl4,2024,05,11,08
537.0,540.0,Phylloscopus occipitalis,Western Crowned Warbler,0.9818,psl4,2024,05,11,08
540.0,543.0,Phylloscopus occipitalis,Western Crowned Warbler,0.9596,psl4,2024,05,11,08
546.0,549.0,Phylloscopus occipitalis,Western Crowned Warbler,0.9372,psl4,2024,05,11,08
552.0,555.0,Phylloscopus occipitalis,Western Crowned Warbler,0.8791,psl4,2024,05,11,08
555.0,558.0,Phylloscopus occipitalis,Western Crowned Warbler,0.767,psl4,2024,05,11,08
558.0,561.0,Phylloscopus occipitalis,Western Crowned Warbler,0.7354,psl4,2024,05,11,08
564.0,567.0,Phylloscopus coronatus,Eastern Crowned Warbler,0.6499,psl4,2024,05,11,08
567.0,570.0,Phylloscopus occipitalis,Western Crowned Warbler,0.8489,psl4,2024,05,11,08
585.0,588.0,Phylloscopus occipitalis,Western Crowned Warbler,0.5622,psl4,2024,05,11,08
588.0,591.0,Phylloscopus occipitalis,Western Crowned Warbler,0.9062,psl4,2024,05,11,08
597.0,600.0,Phylloscopus occipitalis,Western Crowned Warbler,0.9176,psl4,2024,05,11,08
603.0,606.0,Phylloscopus occipitalis,Western Crowned Warbler,0.7641,psl4,2024,05,11,08
606.0,609.0,Phylloscopus occipitalis,Western Crowned Warbler,0.8306,psl4,2024,05,11,08
612.0,615.0,Phylloscopus occipitalis,Western Crowned Warbler,0.6472,psl4,2024,05,11,08
630.0,633.0,Phylloscopus occipitalis,Western Crowned Warbler,0.8988,psl4,2024,05,11,08
651.0,654.0,Phylloscopus occipitalis,Western Crowned Warbler,0.7709,psl4,2024,05,11,08
660.0,663.0,Phylloscopus occipitalis,Western Crowned Warbler,0.7684,psl4,2024,05,11,08
666.0,669.0,Ficedula tricolor,Slaty-blue Flycatcher,0.7066,psl4,2024,05,11,08
672.0,675.0,Phylloscopus occipitalis,Western Crowned Warbler,0.8585,psl4,2024,05,11,08
675.0,678.0,Cettia castaneocoronata,Chestnut-headed Tesia,0.6675,psl4,2024,05,11,08
681.0,684.0,Phylloscopus occipitalis,Western Crowned Warbler,0.7464,psl4,2024,05,11,08
696.0,699.0,Phylloscopus occipitalis,Western Crowned Warbler,0.5766,psl4,2024,05,11,08
705.0,708.0,Phylloscopus occipitalis,Western Crowned Warbler,0.6844,psl4,2024,05,11,08
720.0,723.0,Phylloscopus occipitalis,Western Crowned Warbler,0.7724,psl4,2024,05,11,08
723.0,726.0,Phylloscopus occipitalis,Western Crowned Warbler,0.9387,psl4,2024,05,11,08
744.0,747.0,Phylloscopus occipitalis,Western Crowned Warbler,0.8162,psl4,2024,05,11,08
765.0,768.0,Phylloscopus occipitalis,Western Crowned Warbler,0.9164,psl4,2024,05,11,08
768.0,771.0,Phylloscopus occipitalis,Western Crowned Warbler,0.6342,psl4,2024,05,11,08
774.0,777.0,Phylloscopus occipitalis,Western Crowned Warbler,0.9585,psl4,2024,05,11,08
777.0,780.0,Phylloscopus occipitalis,Western Crowned Warbler,0.8201,psl4,2024,05,11,08
783.0,786.0,Phylloscopus occipitalis,Western Crowned Warbler,0.6867,psl4,2024,05,11,08
786.0,789.0,Phylloscopus occipitalis,Western Crowned Warbler,0.7066,psl4,2024,05,11,08
795.0,798.0,Phylloscopus occipitalis,Western Crowned Warbler,0.8064,psl4,2024,05,11,08
807.0,810.0,Phylloscopus occipitalis,Western Crowned Warbler,0.6303,psl4,2024,05,11,08
813.0,816.0,Phylloscopus occipitalis,Western Crowned Warbler,0.9617,psl4,2024,05,11,08
816.0,819.0,Phylloscopus occipitalis,Western Crowned Warbler,0.7998,psl4,2024,05,11,08
822.0,825.0,Phylloscopus occipitalis,Western Crowned Warbler,0.9716,psl4,2024,05,11,08
822.0,825.0,Periparus ater,Coal Tit,0.6037,psl4,2024,05,11,08
831.0,834.0,Phylloscopus occipitalis,Western Crowned Warbler,0.9677,psl4,2024,05,11,08
840.0,843.0,Phylloscopus occipitalis,Western Crowned Warbler,0.7667,psl4,2024,05,11,08
846.0,849.0,Phylloscopus humei,Hume's Warbler,0.5549,psl4,2024,05,11,08
849.0,852.0,Phylloscopus occipitalis,Western Crowned Warbler,0.8574,psl4,2024,05,11,08
855.0,858.0,Phylloscopus occipitalis,Western Crowned Warbler,0.6492,psl4,2024,05,11,08
867.0,870.0,Phylloscopus occipitalis,Western Crowned Warbler,0.7704,psl4,2024,05,11,08
876.0,879.0,Phylloscopus occipitalis,Western Crowned Warbler,0.9532,psl4,2024,05,11,08
882.0,885.0,Phylloscopus occipitalis,Western Crowned Warbler,0.9786,psl4,2024,05,11,08
885.0,888.0,Phylloscopus occipitalis,Western Crowned Warbler,0.8314,psl4,2024,05,11,08
891.0,894.0,Phylloscopus occipitalis,Western Crowned Warbler,0.7946,psl4,2024,05,11,08
36.0,39.0,Prunella modularis,Dunnock,0.5512,psl4,2024,05,11,09
57.0,60.0,Phylloscopus occipitalis,Western Crowned Warbler,0.538,psl4,2024,05,11,09
66.0,69.0,Phylloscopus occipitalis,Western Crowned Warbler,0.8,psl4,2024,05,11,09
72.0,75.0,Phylloscopus occipitalis,Western Crowned Warbler,0.8692,psl4,2024,05,11,09
75.0,78.0,Phylloscopus occipitalis,Western Crowned Warbler,0.8653,psl4,2024,05,11,09
84.0,87.0,Phylloscopus occipitalis,Western Crowned Warbler,0.7526,psl4,2024,05,11,09
90.0,93.0,Prinia socialis,Ashy Prinia,0.675,psl4,2024,05,11,09
102.0,105.0,Phylloscopus occipitalis,Western Crowned Warbler,0.82,psl4,2024,05,11,09
114.0,117.0,Phylloscopus occipitalis,Western Crowned Warbler,0.6365,psl4,2024,05,11,09
114.0,117.0,Protonotaria citrea,Prothonotary Warbler,0.6271,psl4,2024,05,11,09
165.0,168.0,Phylloscopus occipitalis,Western Crowned Warbler,0.5321,psl4,2024,05,11,09
171.0,174.0,Phylloscopus occipitalis,Western Crowned Warbler,0.5392,psl4,2024,05,11,09
174.0,177.0,Phylloscopus occipitalis,Western Crowned Warbler,0.5633,psl4,2024,05,11,09
189.0,192.0,Phylloscopus occipitalis,Western Crowned Warbler,0.6242,psl4,2024,05,11,09
198.0,201.0,Phylloscopus occipitalis,Western Crowned Warbler,0.524,psl4,2024,05,11,09
210.0,213.0,Protonotaria citrea,Prothonotary Warbler,0.5988,psl4,2024,05,11,09
213.0,216.0,Phylloscopus occipitalis,Western Crowned Warbler,0.7436,psl4,2024,05,11,09
219.0,222.0,Phylloscopus occipitalis,Western Crowned Warbler,0.9082,psl4,2024,05,11,09
222.0,225.0,Phylloscopus occipitalis,Western Crowned Warbler,0.8475,psl4,2024,05,11,09
228.0,231.0,Phylloscopus occipitalis,Western Crowned Warbler,0.5695,psl4,2024,05,11,09
234.0,237.0,Phylloscopus occipitalis,Western Crowned Warbler,0.9402,psl4,2024,05,11,09
243.0,246.0,Phylloscopus occipitalis,Western Crowned Warbler,0.526,psl4,2024,05,11,09
246.0,249.0,Protonotaria citrea,Prothonotary Warbler,0.5556,psl4,2024,05,11,09
252.0,255.0,Phylloscopus occipitalis,Western Crowned Warbler,0.7741,psl4,2024,05,11,09
255.0,258.0,Protonotaria citrea,Prothonotary Warbler,0.9029,psl4,2024,05,11,09
291.0,294.0,Tarsiger rufilatus,Himalayan Bluetail,0.756,psl4,2024,05,11,09
294.0,297.0,Tarsiger rufilatus,Himalayan Bluetail,0.9032,psl4,2024,05,11,09
297.0,300.0,Tarsiger rufilatus,Himalayan Bluetail,0.9269,psl4,2024,05,11,09
303.0,306.0,Tarsiger rufilatus,Himalayan Bluetail,0.81,psl4,2024,05,11,09
306.0,309.0,Tarsiger rufilatus,Himalayan Bluetail,0.6347,psl4,2024,05,11,09
309.0,312.0,Tarsiger rufilatus,Himalayan Bluetail,0.7269,psl4,2024,05,11,09
312.0,315.0,Tarsiger rufilatus,Himalayan Bluetail,0.6481,psl4,2024,05,11,09
315.0,318.0,Tarsiger rufilatus,Himalayan Bluetail,0.9241,psl4,2024,05,11,09
318.0,321.0,Tarsiger rufilatus,Himalayan Bluetail,0.9147,psl4,2024,05,11,09
321.0,324.0,Tarsiger rufilatus,Himalayan Bluetail,0.9605,psl4,2024,05,11,09
324.0,327.0,Tarsiger rufilatus,Himalayan Bluetail,0.7676,psl4,2024,05,11,09
327.0,330.0,Tarsiger rufilatus,Himalayan Bluetail,0.976,psl4,2024,05,11,09
330.0,333.0,Tarsiger rufilatus,Himalayan Bluetail,0.9362,psl4,2024,05,11,09
333.0,336.0,Protonotaria citrea,Prothonotary Warbler,0.5303,psl4,2024,05,11,09
336.0,339.0,Tarsiger rufilatus,Himalayan Bluetail,0.5808,psl4,2024,05,11,09
339.0,342.0,Tarsiger rufilatus,Himalayan Bluetail,0.8208,psl4,2024,05,11,09
342.0,345.0,Tarsiger rufilatus,Himalayan Bluetail,0.9886,psl4,2024,05,11,09
345.0,348.0,Tarsiger rufilatus,Himalayan Bluetail,0.9569,psl4,2024,05,11,09
348.0,351.0,Tarsiger rufilatus,Himalayan Bluetail,0.9294,psl4,2024,05,11,09
351.0,354.0,Tarsiger rufilatus,Himalayan Bluetail,0.7125,psl4,2024,05,11,09
354.0,357.0,Tarsiger rufilatus,Himalayan Bluetail,0.9592,psl4,2024,05,11,09
357.0,360.0,Tarsiger rufilatus,Himalayan Bluetail,0.9804,psl4,2024,05,11,09
360.0,363.0,Tarsiger rufilatus,Himalayan Bluetail,0.9538,psl4,2024,05,11,09
366.0,369.0,Tarsiger rufilatus,Himalayan Bluetail,0.866,psl4,2024,05,11,09
369.0,372.0,Tarsiger rufilatus,Himalayan Bluetail,0.9581,psl4,2024,05,11,09
372.0,375.0,Tarsiger rufilatus,Himalayan Bluetail,0.8264,psl4,2024,05,11,09
375.0,378.0,Tarsiger rufilatus,Himalayan Bluetail,0.9797,psl4,2024,05,11,09
375.0,378.0,Phylloscopus occipitalis,Western Crowned Warbler,0.7479,psl4,2024,05,11,09
378.0,381.0,Tarsiger rufilatus,Himalayan Bluetail,0.986,psl4,2024,05,11,09
381.0,384.0,Tarsiger rufilatus,Himalayan Bluetail,0.9962,psl4,2024,05,11,09
384.0,387.0,Tarsiger rufilatus,Himalayan Bluetail,0.9829,psl4,2024,05,11,09
387.0,390.0,Tarsiger rufilatus,Himalayan Bluetail,0.9928,psl4,2024,05,11,09
390.0,393.0,Tarsiger rufilatus,Himalayan Bluetail,0.8217,psl4,2024,05,11,09
393.0,396.0,Tarsiger rufilatus,Himalayan Bluetail,0.9362,psl4,2024,05,11,09
396.0,399.0,Tarsiger rufilatus,Himalayan Bluetail,0.9176,psl4,2024,05,11,09
399.0,402.0,Tarsiger rufilatus,Himalayan Bluetail,0.9925,psl4,2024,05,11,09
405.0,408.0,Tarsiger rufilatus,Himalayan Bluetail,0.6083,psl4,2024,05,11,09
408.0,411.0,Tarsiger rufilatus,Himalayan Bluetail,0.989,psl4,2024,05,11,09
411.0,414.0,Tarsiger rufilatus,Himalayan Bluetail,0.9081,psl4,2024,05,11,09
414.0,417.0,Tarsiger rufilatus,Himalayan Bluetail,0.9195,psl4,2024,05,11,09
417.0,420.0,Tarsiger rufilatus,Himalayan Bluetail,0.852,psl4,2024,05,11,09
423.0,426.0,Tarsiger rufilatus,Himalayan Bluetail,0.9859,psl4,2024,05,11,09
426.0,429.0,Tarsiger rufilatus,Himalayan Bluetail,0.7508,psl4,2024,05,11,09
426.0,429.0,Phylloscopus sindianus,Mountain Chiffchaff,0.6868,psl4,2024,05,11,09
429.0,432.0,Tarsiger rufilatus,Himalayan Bluetail,0.9775,psl4,2024,05,11,09
432.0,435.0,Tarsiger rufilatus,Himalayan Bluetail,0.5959,psl4,2024,05,11,09
435.0,438.0,Tarsiger rufilatus,Himalayan Bluetail,0.9871,psl4,2024,05,11,09
438.0,441.0,Tarsiger rufilatus,Himalayan Bluetail,0.8814,psl4,2024,05,11,09
438.0,441.0,Phylloscopus sindianus,Mountain Chiffchaff,0.649,psl4,2024,05,11,09
441.0,444.0,Tarsiger rufilatus,Himalayan Bluetail,0.9906,psl4,2024,05,11,09
447.0,450.0,Tarsiger rufilatus,Himalayan Bluetail,0.6306,psl4,2024,05,11,09
450.0,453.0,Tarsiger rufilatus,Himalayan Bluetail,0.9388,psl4,2024,05,11,09
453.0,456.0,Tarsiger rufilatus,Himalayan Bluetail,0.9444,psl4,2024,05,11,09
453.0,456.0,Phylloscopus sindianus,Mountain Chiffchaff,0.5893,psl4,2024,05,11,09
456.0,459.0,Tarsiger rufilatus,Himalayan Bluetail,0.671,psl4,2024,05,11,09
462.0,465.0,Tarsiger rufilatus,Himalayan Bluetail,0.8282,psl4,2024,05,11,09
465.0,468.0,Tarsiger rufilatus,Himalayan Bluetail,0.9122,psl4,2024,05,11,09
465.0,468.0,Phylloscopus occipitalis,Western Crowned Warbler,0.5062,psl4,2024,05,11,09
468.0,471.0,Tarsiger rufilatus,Himalayan Bluetail,0.7078,psl4,2024,05,11,09
468.0,471.0,Phylloscopus occipitalis,Western Crowned Warbler,0.6929,psl4,2024,05,11,09
468.0,471.0,Phylloscopus tytleri,Tytler's Leaf Warbler,0.5546,psl4,2024,05,11,09
474.0,477.0,Phylloscopus sindianus,Mountain Chiffchaff,0.5924,psl4,2024,05,11,09
474.0,477.0,Tarsiger rufilatus,Himalayan Bluetail,0.5873,psl4,2024,05,11,09
477.0,480.0,Phylloscopus occipitalis,Western Crowned Warbler,0.8452,psl4,2024,05,11,09
480.0,483.0,Phylloscopus occipitalis,Western Crowned Warbler,0.5498,psl4,2024,05,11,09
486.0,489.0,Tarsiger rufilatus,Himalayan Bluetail,0.751,psl4,2024,05,11,09
486.0,489.0,Phylloscopus sindianus,Mountain Chiffchaff,0.6541,psl4,2024,05,11,09
489.0,492.0,Phylloscopus occipitalis,Western Crowned Warbler,0.5888,psl4,2024,05,11,09
492.0,495.0,Tarsiger rufilatus,Himalayan Bluetail,0.8327,psl4,2024,05,11,09
510.0,513.0,Phylloscopus occipitalis,Western Crowned Warbler,0.5542,psl4,2024,05,11,09
519.0,522.0,Phylloscopus occipitalis,Western Crowned Warbler,0.913,psl4,2024,05,11,09
522.0,525.0,Phylloscopus occipitalis,Western Crowned Warbler,0.5908,psl4,2024,05,11,09
528.0,531.0,Phylloscopus occipitalis,Western Crowned Warbler,0.6925,psl4,2024,05,11,09
552.0,555.0,Ficedula tricolor,Slaty-blue Flycatcher,0.7936,psl4,2024,05,11,09
555.0,558.0,Ficedula tricolor,Slaty-blue Flycatcher,0.7224,psl4,2024,05,11,09
570.0,573.0,Ficedula tricolor,Slaty-blue Flycatcher,0.6721,psl4,2024,05,11,09
573.0,576.0,Ficedula tricolor,Slaty-blue Flycatcher,0.9853,psl4,2024,05,11,09
576.0,579.0,Ficedula tricolor,Slaty-blue Flycatcher,0.9241,psl4,2024,05,11,09
579.0,582.0,Ficedula tricolor,Slaty-blue Flycatcher,0.9497,psl4,2024,05,11,09
582.0,585.0,Ficedula tricolor,Slaty-blue Flycatcher,0.9964,psl4,2024,05,11,09
585.0,588.0,Phylloscopus humei,Hume's Warbler,0.9259,psl4,2024,05,11,09
585.0,588.0,Ficedula tricolor,Slaty-blue Flycatcher,0.897,psl4,2024,05,11,09
594.0,597.0,Phylloscopus humei,Hume's Warbler,0.922,psl4,2024,05,11,09
597.0,600.0,Ficedula tricolor,Slaty-blue Flycatcher,0.9051,psl4,2024,05,11,09
597.0,600.0,Phylloscopus humei,Hume's Warbler,0.7113,psl4,2024,05,11,09
600.0,603.0,Phylloscopus humei,Hume's Warbler,0.9362,psl4,2024,05,11,09
600.0,603.0,Ficedula tricolor,Slaty-blue Flycatcher,0.896,psl4,2024,05,11,09
603.0,606.0,Phylloscopus humei,Hume's Warbler,0.9964,psl4,2024,05,11,09
609.0,612.0,Ficedula tricolor,Slaty-blue Flycatcher,0.9922,psl4,2024,05,11,09
612.0,615.0,Ficedula tricolor,Slaty-blue Flycatcher,0.9518,psl4,2024,05,11,09
618.0,621.0,Ficedula tricolor,Slaty-blue Flycatcher,0.9679,psl4,2024,05,11,09
618.0,621.0,Phylloscopus humei,Hume's Warbler,0.557,psl4,2024,05,11,09
621.0,624.0,Phylloscopus occipitalis,Western Crowned Warbler,0.6371,psl4,2024,05,11,09
624.0,627.0,Phylloscopus occipitalis,Western Crowned Warbler,0.7566,psl4,2024,05,11,09
627.0,630.0,Ficedula tricolor,Slaty-blue Flycatcher,0.7675,psl4,2024,05,11,09
639.0,642.0,Phylloscopus occipitalis,Western Crowned Warbler,0.521,psl4,2024,05,11,09
642.0,645.0,Phylloscopus humei,Hume's Warbler,0.861,psl4,2024,05,11,09
645.0,648.0,Phylloscopus humei,Hume's Warbler,0.8389,psl4,2024,05,11,09
648.0,651.0,Phylloscopus occipitalis,Western Crowned Warbler,0.7711,psl4,2024,05,11,09
657.0,660.0,Phylloscopus occipitalis,Western Crowned Warbler,0.9333,psl4,2024,05,11,09
660.0,663.0,Phylloscopus humei,Hume's Warbler,0.9719,psl4,2024,05,11,09
663.0,666.0,Phylloscopus humei,Hume's Warbler,0.8954,psl4,2024,05,11,09
666.0,669.0,Phylloscopus occipitalis,Western Crowned Warbler,0.9675,psl4,2024,05,11,09
675.0,678.0,Phylloscopus occipitalis,Western Crowned Warbler,0.9195,psl4,2024,05,11,09
684.0,687.0,Phylloscopus humei,Hume's Warbler,0.8831,psl4,2024,05,11,09
870.0,873.0,Protonotaria citrea,Prothonotary Warbler,0.6246,psl4,2024,05,11,09
894.0,897.0,Turdus falcklandii,Austral Thrush,0.5438,psl4,2024,05,11,09
0.0,3.0,Phylloscopus occipitalis,Western Crowned Warbler,0.5504,psl4,2024,05,12,06
3.0,6.0,Phylloscopus occipitalis,Western Crowned Warbler,0.7253,psl4,2024,05,12,06
6.0,9.0,Phylloscopus occipitalis,Western Crowned Warbler,0.9509,psl4,2024,05,12,06
18.0,21.0,Phylloscopus occipitalis,Western Crowned Warbler,0.5701,psl4,2024,05,12,06
21.0,24.0,Phylloscopus occipitalis,Western Crowned Warbler,0.6685,psl4,2024,05,12,06
36.0,39.0,Phylloscopus occipitalis,Western Crowned Warbler,0.5476,psl4,2024,05,12,06
39.0,42.0,Phylloscopus occipitalis,Western Crowned Warbler,0.6905,psl4,2024,05,12,06
45.0,48.0,Phylloscopus occipitalis,Western Crowned Warbler,0.5037,psl4,2024,05,12,06
48.0,51.0,Phylloscopus occipitalis,Western Crowned Warbler,0.6161,psl4,2024,05,12,06
75.0,78.0,Protonotaria citrea,Prothonotary Warbler,0.687,psl4,2024,05,12,06
84.0,87.0,Phylloscopus occipitalis,Western Crowned Warbler,0.8591,psl4,2024,05,12,06
87.0,90.0,Prunella strophiata,Rufous-breasted Accentor,0.9219,psl4,2024,05,12,06
96.0,99.0,Phylloscopus occipitalis,Western Crowned Warbler,0.8428,psl4,2024,05,12,06
99.0,102.0,Phylloscopus occipitalis,Western Crowned Warbler,0.8593,psl4,2024,05,12,06
102.0,105.0,Phylloscopus occipitalis,Western Crowned Warbler,0.5745,psl4,2024,05,12,06
105.0,108.0,Phylloscopus occipitalis,Western Crowned Warbler,0.7921,psl4,2024,05,12,06
111.0,114.0,Phylloscopus occipitalis,Western Crowned Warbler,0.6508,psl4,2024,05,12,06
120.0,123.0,Phylloscopus occipitalis,Western Crowned Warbler,0.9808,psl4,2024,05,12,06
129.0,132.0,Phylloscopus occipitalis,Western Crowned Warbler,0.9578,psl4,2024,05,12,06
132.0,135.0,Phylloscopus occipitalis,Western Crowned Warbler,0.9764,psl4,2024,05,12,06
132.0,135.0,Protonotaria citrea,Prothonotary Warbler,0.7526,psl4,2024,05,12,06
135.0,138.0,Phylloscopus occipitalis,Western Crowned Warbler,0.9633,psl4,2024,05,12,06
138.0,141.0,Phylloscopus occipitalis,Western Crowned Warbler,0.6491,psl4,2024,05,12,06
141.0,144.0,Phylloscopus occipitalis,Western Crowned Warbler,0.6371,psl4,2024,05,12,06
144.0,147.0,Phylloscopus occipitalis,Western Crowned Warbler,0.7896,psl4,2024,05,12,06
150.0,153.0,Phylloscopus occipitalis,Western Crowned Warbler,0.8995,psl4,2024,05,12,06
162.0,165.0,Phylloscopus occipitalis,Western Crowned Warbler,0.6617,psl4,2024,05,12,06
165.0,168.0,Phylloscopus occipitalis,Western Crowned Warbler,0.9716,psl4,2024,05,12,06
177.0,180.0,Phylloscopus occipitalis,Western Crowned Warbler,0.8585,psl4,2024,05,12,06
192.0,195.0,Phylloscopus occipitalis,Western Crowned Warbler,0.8897,psl4,2024,05,12,06
195.0,198.0,Phylloscopus occipitalis,Western Crowned Warbler,0.8375,psl4,2024,05,12,06
201.0,204.0,Phylloscopus occipitalis,Western Crowned Warbler,0.8952,psl4,2024,05,12,06
207.0,210.0,Phylloscopus humei,Hume's Warbler,0.6055,psl4,2024,05,12,06
210.0,213.0,Prunella strophiata,Rufous-breasted Accentor,0.8471,psl4,2024,05,12,06
213.0,216.0,Prunella strophiata,Rufous-breasted Accentor,0.6589,psl4,2024,05,12,06
225.0,228.0,Phylloscopus humei,Hume's Warbler,1.0,psl4,2024,05,12,06
240.0,243.0,Phylloscopus occipitalis,Western Crowned Warbler,0.7441,psl4,2024,05,12,06
243.0,246.0,Phylloscopus occipitalis,Western Crowned Warbler,0.934,psl4,2024,05,12,06
246.0,249.0,Phylloscopus occipitalis,Western Crowned Warbler,0.9047,psl4,2024,05,12,06
249.0,252.0,Phylloscopus occipitalis,Western Crowned Warbler,0.9144,psl4,2024,05,12,06
252.0,255.0,Phylloscopus occipitalis,Western Crowned Warbler,0.9588,psl4,2024,05,12,06
261.0,264.0,Phylloscopus occipitalis,Western Crowned Warbler,0.519,psl4,2024,05,12,06
267.0,270.0,Phylloscopus occipitalis,Western Crowned Warbler,0.5389,psl4,2024,05,12,06
270.0,273.0,Phylloscopus occipitalis,Western Crowned Warbler,0.6442,psl4,2024,05,12,06
273.0,276.0,Phylloscopus occipitalis,Western Crowned Warbler,0.8571,psl4,2024,05,12,06
276.0,279.0,Phylloscopus occipitalis,Western Crowned Warbler,0.9544,psl4,2024,05,12,06
282.0,285.0,Phylloscopus occipitalis,Western Crowned Warbler,0.5249,psl4,2024,05,12,06
285.0,288.0,Phylloscopus occipitalis,Western Crowned Warbler,0.9106,psl4,2024,05,12,06
303.0,306.0,Phylloscopus occipitalis,Western Crowned Warbler,0.8885,psl4,2024,05,12,06
306.0,309.0,Ficedula tricolor,Slaty-blue Flycatcher,0.5132,psl4,2024,05,12,06
315.0,318.0,Phylloscopus occipitalis,Western Crowned Warbler,0.8177,psl4,2024,05,12,06
318.0,321.0,Phylloscopus occipitalis,Western Crowned Warbler,0.9302,psl4,2024,05,12,06
321.0,324.0,Prunella strophiata,Rufous-breasted Accentor,0.6143,psl4,2024,05,12,06
324.0,327.0,Phylloscopus occipitalis,Western Crowned Warbler,0.9373,psl4,2024,05,12,06
333.0,336.0,Phylloscopus occipitalis,Western Crowned Warbler,0.707,psl4,2024,05,12,06
339.0,342.0,Phylloscopus occipitalis,Western Crowned Warbler,0.9866,psl4,2024,05,12,06
342.0,345.0,Phylloscopus occipitalis,Western Crowned Warbler,0.6987,psl4,2024,05,12,06
345.0,348.0,Phylloscopus occipitalis,Western Crowned Warbler,0.9344,psl4,2024,05,12,06
354.0,357.0,Phylloscopus occipitalis,Western Crowned Warbler,0.7925,psl4,2024,05,12,06
357.0,360.0,Phylloscopus occipitalis,Western Crowned Warbler,0.9654,psl4,2024,05,12,06
363.0,366.0,Phylloscopus maculipennis,Ashy-throated Warbler,0.5506,psl4,2024,05,12,06
366.0,369.0,Phylloscopus occipitalis,Western Crowned Warbler,0.9876,psl4,2024,05,12,06
378.0,381.0,Phylloscopus occipitalis,Western Crowned Warbler,0.876,psl4,2024,05,12,06
381.0,384.0,Prunella strophiata,Rufous-breasted Accentor,0.8484,psl4,2024,05,12,06
390.0,393.0,Phylloscopus occipitalis,Western Crowned Warbler,0.9939,psl4,2024,05,12,06
399.0,402.0,Phylloscopus occipitalis,Western Crowned Warbler,0.9839,psl4,2024,05,12,06
402.0,405.0,Phylloscopus occipitalis,Western Crowned Warbler,0.8538,psl4,2024,05,12,06
411.0,414.0,Phylloscopus occipitalis,Western Crowned Warbler,0.9795,psl4,2024,05,12,06
417.0,420.0,Phylloscopus occipitalis,Western Crowned Warbler,0.7879,psl4,2024,05,12,06
420.0,423.0,Phylloscopus occipitalis,Western Crowned Warbler,0.9592,psl4,2024,05,12,06
423.0,426.0,Phylloscopus occipitalis,Western Crowned Warbler,0.9849,psl4,2024,05,12,06
429.0,432.0,Prunella strophiata,Rufous-breasted Accentor,0.9571,psl4,2024,05,12,06
429.0,432.0,Serinus serinus,European Serin,0.5654,psl4,2024,05,12,06
432.0,435.0,Phylloscopus occipitalis,Western Crowned Warbler,0.7143,psl4,2024,05,12,06
435.0,438.0,Prunella strophiata,Rufous-breasted Accentor,0.8398,psl4,2024,05,12,06
447.0,450.0,Phylloscopus occipitalis,Western Crowned Warbler,0.9794,psl4,2024,05,12,06
450.0,453.0,Phylloscopus occipitalis,Western Crowned Warbler,0.9548,psl4,2024,05,12,06
456.0,459.0,Phylloscopus occipitalis,Western Crowned Warbler,0.9876,psl4,2024,05,12,06
468.0,471.0,Phylloscopus occipitalis,Western Crowned Warbler,0.9635,psl4,2024,05,12,06
471.0,474.0,Phylloscopus occipitalis,Western Crowned Warbler,0.8776,psl4,2024,05,12,06
477.0,480.0,Phylloscopus occipitalis,Western Crowned Warbler,0.9731,psl4,2024,05,12,06
480.0,483.0,Phylloscopus occipitalis,Western Crowned Warbler,0.6014,psl4,2024,05,12,06
495.0,498.0,Phylloscopus occipitalis,Western Crowned Warbler,0.9916,psl4,2024,05,12,06
498.0,501.0,Phylloscopus occipitalis,Western Crowned Warbler,0.6137,psl4,2024,05,12,06
501.0,504.0,Phylloscopus humei,Hume's Warbler,0.7468,psl4,2024,05,12,06
504.0,507.0,Phylloscopus occipitalis,Western Crowned Warbler,0.9979,psl4,2024,05,12,06
507.0,510.0,Phylloscopus occipitalis,Western Crowned Warbler,0.9886,psl4,2024,05,12,06
513.0,516.0,Phylloscopus occipitalis,Western Crowned Warbler,0.9747,psl4,2024,05,12,06
519.0,522.0,Phylloscopus occipitalis,Western Crowned Warbler,0.7196,psl4,2024,05,12,06
519.0,522.0,Phylloscopus reguloides,Blyth's Leaf Warbler,0.5769,psl4,2024,05,12,06
522.0,525.0,Phylloscopus occipitalis,Western Crowned Warbler,0.9772,psl4,2024,05,12,06
528.0,531.0,Phylloscopus occipitalis,Western Crowned Warbler,0.9565,psl4,2024,05,12,06
534.0,537.0,Phylloscopus humei,Hume's Warbler,0.5938,psl4,2024,05,12,06
537.0,540.0,Phylloscopus occipitalis,Western Crowned Warbler,0.9751,psl4,2024,05,12,06
543.0,546.0,Phylloscopus occipitalis,Western Crowned Warbler,0.9891,psl4,2024,05,12,06
546.0,549.0,Phylloscopus occipitalis,Western Crowned Warbler,0.7428,psl4,2024,05,12,06
552.0,555.0,Phylloscopus occipitalis,Western Crowned Warbler,0.9798,psl4,2024,05,12,06
567.0,570.0,Phylloscopus occipitalis,Western Crowned Warbler,0.9895,psl4,2024,05,12,06
570.0,573.0,Phylloscopus occipitalis,Western Crowned Warbler,0.9933,psl4,2024,05,12,06
576.0,579.0,Phylloscopus occipitalis,Western Crowned Warbler,0.9888,psl4,2024,05,12,06
582.0,585.0,Phylloscopus occipitalis,Western Crowned Warbler,0.9927,psl4,2024,05,12,06
591.0,594.0,Phylloscopus occipitalis,Western Crowned Warbler,0.9232,psl4,2024,05,12,06
594.0,597.0,Phylloscopus occipitalis,Western Crowned Warbler,0.9168,psl4,2024,05,12,06
600.0,603.0,Phylloscopus occipitalis,Western Crowned Warbler,0.9921,psl4,2024,05,12,06
609.0,612.0,Phylloscopus occipitalis,Western Crowned Warbler,0.9593,psl4,2024,05,12,06
618.0,621.0,Phylloscopus occipitalis,Western Crowned Warbler,0.8319,psl4,2024,05,12,06
621.0,624.0,Phylloscopus occipitalis,Western Crowned Warbler,0.97,psl4,2024,05,12,06
630.0,633.0,Phylloscopus occipitalis,Western Crowned Warbler,0.9805,psl4,2024,05,12,06
636.0,639.0,Phylloscopus occipitalis,Western Crowned Warbler,0.9813,psl4,2024,05,12,06
639.0,642.0,Phylloscopus occipitalis,Western Crowned Warbler,0.9379,psl4,2024,05,12,06
639.0,642.0,Protonotaria citrea,Prothonotary Warbler,0.663,psl4,2024,05,12,06
642.0,645.0,Carpodacus erythrinus,Common Rosefinch,0.7911,psl4,2024,05,12,06
648.0,651.0,Phylloscopus occipitalis,Western Crowned Warbler,0.8525,psl4,2024,05,12,06
651.0,654.0,Carpodacus erythrinus,Common Rosefinch,0.8057,psl4,2024,05,12,06
657.0,660.0,Phylloscopus occipitalis,Western Crowned Warbler,0.5521,psl4,2024,05,12,06
660.0,663.0,Carpodacus erythrinus,Common Rosefinch,0.786,psl4,2024,05,12,06
663.0,666.0,Phylloscopus occipitalis,Western Crowned Warbler,0.7775,psl4,2024,05,12,06
666.0,669.0,Phylloscopus occipitalis,Western Crowned Warbler,0.912,psl4,2024,05,12,06
669.0,672.0,Carpodacus erythrinus,Common Rosefinch,0.5986,psl4,2024,05,12,06
675.0,678.0,Phylloscopus occipitalis,Western Crowned Warbler,0.9311,psl4,2024,05,12,06
681.0,684.0,Carpodacus erythrinus,Common Rosefinch,0.9182,psl4,2024,05,12,06
687.0,690.0,Carpodacus erythrinus,Common Rosefinch,0.6307,psl4,2024,05,12,06
690.0,693.0,Carpodacus erythrinus,Common Rosefinch,0.9362,psl4,2024,05,12,06
693.0,696.0,Carpodacus erythrinus,Common Rosefinch,0.6272,psl4,2024,05,12,06
696.0,699.0,Carpodacus erythrinus,Common Rosefinch,0.8639,psl4,2024,05,12,06
699.0,702.0,Carpodacus erythrinus,Common Rosefinch,0.8176,psl4,2024,05,12,06
702.0,705.0,Carpodacus erythrinus,Common Rosefinch,0.8506,psl4,2024,05,12,06
708.0,711.0,Phylloscopus occipitalis,Western Crowned Warbler,0.869,psl4,2024,05,12,06
711.0,714.0,Phylloscopus occipitalis,Western Crowned Warbler,0.7862,psl4,2024,05,12,06
714.0,717.0,Carpodacus erythrinus,Common Rosefinch,0.8288,psl4,2024,05,12,06
723.0,726.0,Phylloscopus occipitalis,Western Crowned Warbler,0.7835,psl4,2024,05,12,06
738.0,741.0,Carpodacus erythrinus,Common Rosefinch,0.9342,psl4,2024,05,12,06
741.0,744.0,Phylloscopus occipitalis,Western Crowned Warbler,0.5985,psl4,2024,05,12,06
753.0,756.0,Prunella strophiata,Rufous-breasted Accentor,0.6501,psl4,2024,05,12,06
756.0,759.0,Phylloscopus occipitalis,Western Crowned Warbler,0.6196,psl4,2024,05,12,06
759.0,762.0,Phylloscopus occipitalis,Western Crowned Warbler,0.8127,psl4,2024,05,12,06
762.0,765.0,Prunella strophiata,Rufous-breasted Accentor,0.6123,psl4,2024,05,12,06
765.0,768.0,Phylloscopus occipitalis,Western Crowned Warbler,0.9914,psl4,2024,05,12,06
774.0,777.0,Phylloscopus occipitalis,Western Crowned Warbler,0.8716,psl4,2024,05,12,06
780.0,783.0,Phylloscopus occipitalis,Western Crowned Warbler,0.7773,psl4,2024,05,12,06
792.0,795.0,Phylloscopus occipitalis,Western Crowned Warbler,0.9277,psl4,2024,05,12,06
795.0,798.0,Phylloscopus reguloides,Blyth's Leaf Warbler,0.7705,psl4,2024,05,12,06
810.0,813.0,Phylloscopus humei,Hume's Warbler,0.8521,psl4,2024,05,12,06
822.0,825.0,Phylloscopus occipitalis,Western Crowned Warbler,0.9118,psl4,2024,05,12,06
831.0,834.0,Phylloscopus occipitalis,Western Crowned Warbler,0.6566,psl4,2024,05,12,06
834.0,837.0,Phylloscopus occipitalis,Western Crowned Warbler,0.8021,psl4,2024,05,12,06
837.0,840.0,Phylloscopus occipitalis,Western Crowned Warbler,0.8482,psl4,2024,05,12,06
840.0,843.0,Phylloscopus occipitalis,Western Crowned Warbler,0.6595,psl4,2024,05,12,06
843.0,846.0,Phylloscopus occipitalis,Western Crowned Warbler,0.6189,psl4,2024,05,12,06
849.0,852.0,Phylloscopus occipitalis,Western Crowned Warbler,0.8737,psl4,2024,05,12,06
867.0,870.0,Phylloscopus occipitalis,Western Crowned Warbler,0.7047,psl4,2024,05,12,06
870.0,873.0,Anthus hodgsoni,Olive-backed Pipit,0.9515,psl4,2024,05,12,06
888.0,891.0,Phylloscopus occipitalis,Western Crowned Warbler,0.7024,psl4,2024,05,12,06
891.0,894.0,Phylloscopus occipitalis,Western Crowned Warbler,0.6845,psl4,2024,05,12,06
3.0,6.0,Phylloscopus occipitalis,Western Crowned Warbler,0.8951,psl4,2024,05,12,07
9.0,12.0,Carpodacus erythrinus,Common Rosefinch,0.7509,psl4,2024,05,12,07
9.0,12.0,Protonotaria citrea,Prothonotary Warbler,0.7476,psl4,2024,05,12,07
9.0,12.0,Phylloscopus occipitalis,Western Crowned Warbler,0.5235,psl4,2024,05,12,07
30.0,33.0,Phylloscopus occipitalis,Western Crowned Warbler,0.8976,psl4,2024,05,12,07
51.0,54.0,Phylloscopus occipitalis,Western Crowned Warbler,0.654,psl4,2024,05,12,07
54.0,57.0,Carpodacus erythrinus,Common Rosefinch,0.6008,psl4,2024,05,12,07
117.0,120.0,Carpodacus erythrinus,Common Rosefinch,0.6029,psl4,2024,05,12,07
120.0,123.0,Phylloscopus occipitalis,Western Crowned Warbler,0.7546,psl4,2024,05,12,07
180.0,183.0,Ficedula tricolor,Slaty-blue Flycatcher,0.9304,psl4,2024,05,12,07
213.0,216.0,Carpodacus erythrinus,Common Rosefinch,0.6204,psl4,2024,05,12,07
231.0,234.0,Phylloscopus occipitalis,Western Crowned Warbler,0.6356,psl4,2024,05,12,07
234.0,237.0,Carpodacus erythrinus,Common Rosefinch,0.858,psl4,2024,05,12,07
237.0,240.0,Phylloscopus occipitalis,Western Crowned Warbler,0.5024,psl4,2024,05,12,07
240.0,243.0,Phylloscopus occipitalis,Western Crowned Warbler,0.5054,psl4,2024,05,12,07
249.0,252.0,Phylloscopus occipitalis,Western Crowned Warbler,0.6538,psl4,2024,05,12,07
258.0,261.0,Phylloscopus occipitalis,Western Crowned Warbler,0.5576,psl4,2024,05,12,07
303.0,306.0,Carpodacus erythrinus,Common Rosefinch,0.5431,psl4,2024,05,12,07
306.0,309.0,Phylloscopus occipitalis,Western Crowned Warbler,0.937,psl4,2024,05,12,07
321.0,324.0,Anthus hodgsoni,Olive-backed Pipit,0.9231,psl4,2024,05,12,07
327.0,330.0,Anthus hodgsoni,Olive-backed Pipit,0.9721,psl4,2024,05,12,07
348.0,351.0,Carpodacus erythrinus,Common Rosefinch,0.6689,psl4,2024,05,12,07
357.0,360.0,Carpodacus erythrinus,Common Rosefinch,0.7423,psl4,2024,05,12,07
357.0,360.0,Anthus hodgsoni,Olive-backed Pipit,0.521,psl4,2024,05,12,07
387.0,390.0,Phylloscopus occipitalis,Western Crowned Warbler,0.5159,psl4,2024,05,12,07
393.0,396.0,Phylloscopus humei,Hume's Warbler,0.5277,psl4,2024,05,12,07
441.0,444.0,Anthus hodgsoni,Olive-backed Pipit,0.5344,psl4,2024,05,12,07
468.0,471.0,Prunella strophiata,Rufous-breasted Accentor,0.7168,psl4,2024,05,12,07
489.0,492.0,Phylloscopus occipitalis,Western Crowned Warbler,0.5236,psl4,2024,05,12,07
492.0,495.0,Anthus hodgsoni,Olive-backed Pipit,0.785,psl4,2024,05,12,07
498.0,501.0,Phylloscopus occipitalis,Western Crowned Warbler,0.7217,psl4,2024,05,12,07
504.0,507.0,Troglodytes pacificus,Pacific Wren,0.7238,psl4,2024,05,12,07
510.0,513.0,Phylloscopus occipitalis,Western Crowned Warbler,0.5273,psl4,2024,05,12,07
522.0,525.0,Carpodacus erythrinus,Common Rosefinch,0.562,psl4,2024,05,12,07
525.0,528.0,Carpodacus erythrinus,Common Rosefinch,0.5724,psl4,2024,05,12,07
534.0,537.0,Carpodacus erythrinus,Common Rosefinch,0.7446,psl4,2024,05,12,07
537.0,540.0,Carpodacus erythrinus,Common Rosefinch,0.7704,psl4,2024,05,12,07
540.0,543.0,Anthus hodgsoni,Olive-backed Pipit,0.9691,psl4,2024,05,12,07
543.0,546.0,Carpodacus erythrinus,Common Rosefinch,0.7672,psl4,2024,05,12,07
546.0,549.0,Phylloscopus occipitalis,Western Crowned Warbler,0.6577,psl4,2024,05,12,07
549.0,552.0,Carpodacus erythrinus,Common Rosefinch,0.7322,psl4,2024,05,12,07
555.0,558.0,Carpodacus erythrinus,Common Rosefinch,0.5339,psl4,2024,05,12,07
567.0,570.0,Phylloscopus occipitalis,Western Crowned Warbler,0.6171,psl4,2024,05,12,07
570.0,573.0,Carpodacus erythrinus,Common Rosefinch,0.8814,psl4,2024,05,12,07
579.0,582.0,Phylloscopus humei,Hume's Warbler,0.8141,psl4,2024,05,12,07
579.0,582.0,Carpodacus erythrinus,Common Rosefinch,0.6599,psl4,2024,05,12,07
582.0,585.0,Phylloscopus humei,Hume's Warbler,0.9893,psl4,2024,05,12,07
585.0,588.0,Phylloscopus occipitalis,Western Crowned Warbler,0.7984,psl4,2024,05,12,07
588.0,591.0,Carpodacus erythrinus,Common Rosefinch,0.9624,psl4,2024,05,12,07
591.0,594.0,Phylloscopus occipitalis,Western Crowned Warbler,0.9465,psl4,2024,05,12,07
594.0,597.0,Carpodacus erythrinus,Common Rosefinch,0.729,psl4,2024,05,12,07
600.0,603.0,Carpodacus erythrinus,Common Rosefinch,0.956,psl4,2024,05,12,07
606.0,609.0,Carpodacus erythrinus,Common Rosefinch,0.6402,psl4,2024,05,12,07
609.0,612.0,Anthus hodgsoni,Olive-backed Pipit,0.6066,psl4,2024,05,12,07
612.0,615.0,Carpodacus erythrinus,Common Rosefinch,0.6899,psl4,2024,05,12,07
621.0,624.0,Carpodacus erythrinus,Common Rosefinch,0.9424,psl4,2024,05,12,07
624.0,627.0,Phylloscopus occipitalis,Western Crowned Warbler,0.7282,psl4,2024,05,12,07
633.0,636.0,Carpodacus erythrinus,Common Rosefinch,0.7938,psl4,2024,05,12,07
639.0,642.0,Carpodacus erythrinus,Common Rosefinch,0.5804,psl4,2024,05,12,07
645.0,648.0,Carpodacus erythrinus,Common Rosefinch,0.8621,psl4,2024,05,12,07
654.0,657.0,Carpodacus erythrinus,Common Rosefinch,0.6667,psl4,2024,05,12,07
657.0,660.0,Phylloscopus occipitalis,Western Crowned Warbler,0.6027,psl4,2024,05,12,07
660.0,663.0,Carpodacus erythrinus,Common Rosefinch,0.5679,psl4,2024,05,12,07
666.0,669.0,Carpodacus erythrinus,Common Rosefinch,0.9352,psl4,2024,05,12,07
672.0,675.0,Carpodacus erythrinus,Common Rosefinch,0.6367,psl4,2024,05,12,07
675.0,678.0,Phylloscopus humei,Hume's Warbler,0.9219,psl4,2024,05,12,07
678.0,681.0,Phylloscopus occipitalis,Western Crowned Warbler,0.8633,psl4,2024,05,12,07
684.0,687.0,Phylloscopus humei,Hume's Warbler,0.8015,psl4,2024,05,12,07
687.0,690.0,Carpodacus erythrinus,Common Rosefinch,0.6147,psl4,2024,05,12,07
690.0,693.0,Phylloscopus humei,Hume's Warbler,0.6957,psl4,2024,05,12,07
696.0,699.0,Phylloscopus humei,Hume's Warbler,0.6388,psl4,2024,05,12,07
699.0,702.0,Carpodacus erythrinus,Common Rosefinch,0.5527,psl4,2024,05,12,07
702.0,705.0,Phylloscopus humei,Hume's Warbler,0.826,psl4,2024,05,12,07
705.0,708.0,Carpodacus erythrinus,Common Rosefinch,0.7583,psl4,2024,05,12,07
708.0,711.0,Phylloscopus humei,Hume's Warbler,0.5294,psl4,2024,05,12,07
711.0,714.0,Carpodacus erythrinus,Common Rosefinch,0.5479,psl4,2024,05,12,07
720.0,723.0,Carpodacus erythrinus,Common Rosefinch,0.946,psl4,2024,05,12,07
726.0,729.0,Phylloscopus humei,Hume's Warbler,0.6505,psl4,2024,05,12,07
732.0,735.0,Carpodacus erythrinus,Common Rosefinch,0.7267,psl4,2024,05,12,07
735.0,738.0,Carpodacus erythrinus,Common Rosefinch,0.6002,psl4,2024,05,12,07
741.0,744.0,Carpodacus erythrinus,Common Rosefinch,0.581,psl4,2024,05,12,07
747.0,750.0,Phylloscopus humei,Hume's Warbler,0.9346,psl4,2024,05,12,07
756.0,759.0,Phylloscopus humei,Hume's Warbler,0.6473,psl4,2024,05,12,07
762.0,765.0,Carpodacus erythrinus,Common Rosefinch,0.7368,psl4,2024,05,12,07
762.0,765.0,Phylloscopus humei,Hume's Warbler,0.6959,psl4,2024,05,12,07
765.0,768.0,Phylloscopus humei,Hume's Warbler,0.8783,psl4,2024,05,12,07
768.0,771.0,Phylloscopus humei,Hume's Warbler,0.9302,psl4,2024,05,12,07
771.0,774.0,Phylloscopus humei,Hume's Warbler,0.9349,psl4,2024,05,12,07
780.0,783.0,Anthus hodgsoni,Olive-backed Pipit,0.585,psl4,2024,05,12,07
783.0,786.0,Phylloscopus humei,Hume's Warbler,0.8485,psl4,2024,05,12,07
789.0,792.0,Anthus hodgsoni,Olive-backed Pipit,0.5446,psl4,2024,05,12,07
795.0,798.0,Phylloscopus humei,Hume's Warbler,0.9032,psl4,2024,05,12,07
801.0,804.0,Phylloscopus humei,Hume's Warbler,0.5187,psl4,2024,05,12,07
810.0,813.0,Anthus hodgsoni,Olive-backed Pipit,0.7435,psl4,2024,05,12,07
813.0,816.0,Phylloscopus humei,Hume's Warbler,0.8422,psl4,2024,05,12,07
819.0,822.0,Anthus hodgsoni,Olive-backed Pipit,0.7406,psl4,2024,05,12,07
825.0,828.0,Phylloscopus humei,Hume's Warbler,0.6801,psl4,2024,05,12,07
828.0,831.0,Phylloscopus humei,Hume's Warbler,0.865,psl4,2024,05,12,07
837.0,840.0,Phylloscopus humei,Hume's Warbler,0.573,psl4,2024,05,12,07
840.0,843.0,Phylloscopus humei,Hume's Warbler,0.5642,psl4,2024,05,12,07
843.0,846.0,Phylloscopus humei,Hume's Warbler,0.6545,psl4,2024,05,12,07
849.0,852.0,Phylloscopus humei,Hume's Warbler,0.9243,psl4,2024,05,12,07
855.0,858.0,Phylloscopus humei,Hume's Warbler,0.6611,psl4,2024,05,12,07
858.0,861.0,Phylloscopus humei,Hume's Warbler,0.8083,psl4,2024,05,12,07
861.0,864.0,Phylloscopus humei,Hume's Warbler,0.9727,psl4,2024,05,12,07
864.0,867.0,Phylloscopus humei,Hume's Warbler,0.5696,psl4,2024,05,12,07
891.0,894.0,Phylloscopus humei,Hume's Warbler,0.6433,psl4,2024,05,12,07
894.0,897.0,Phylloscopus humei,Hume's Warbler,0.5217,psl4,2024,05,12,07
0.0,3.0,Anthus hodgsoni,Olive-backed Pipit,0.5031,psl4,2024,05,12,08
3.0,6.0,Phylloscopus occipitalis,Western Crowned Warbler,0.7478,psl4,2024,05,12,08
15.0,18.0,Phylloscopus occipitalis,Western Crowned Warbler,0.7799,psl4,2024,05,12,08
21.0,24.0,Phylloscopus occipitalis,Western Crowned Warbler,0.9671,psl4,2024,05,12,08
24.0,27.0,Phylloscopus occipitalis,Western Crowned Warbler,0.9451,psl4,2024,05,12,08
30.0,33.0,Phylloscopus occipitalis,Western Crowned Warbler,0.7308,psl4,2024,05,12,08
33.0,36.0,Phylloscopus occipitalis,Western Crowned Warbler,0.7332,psl4,2024,05,12,08
36.0,39.0,Anthus hodgsoni,Olive-backed Pipit,0.5389,psl4,2024,05,12,08
39.0,42.0,Phylloscopus occipitalis,Western Crowned Warbler,0.7577,psl4,2024,05,12,08
42.0,45.0,Phylloscopus occipitalis,Western Crowned Warbler,0.7668,psl4,2024,05,12,08
54.0,57.0,Phylloscopus occipitalis,Western Crowned Warbler,0.6386,psl4,2024,05,12,08
57.0,60.0,Phylloscopus occipitalis,Western Crowned Warbler,0.7717,psl4,2024,05,12,08
63.0,66.0,Phylloscopus occipitalis,Western Crowned Warbler,0.8774,psl4,2024,05,12,08
72.0,75.0,Anthus hodgsoni,Olive-backed Pipit,0.8446,psl4,2024,05,12,08
75.0,78.0,Phylloscopus occipitalis,Western Crowned Warbler,0.8946,psl4,2024,05,12,08
78.0,81.0,Phylloscopus occipitalis,Western Crowned Warbler,0.9496,psl4,2024,05,12,08
81.0,84.0,Phylloscopus occipitalis,Western Crowned Warbler,0.747,psl4,2024,05,12,08
84.0,87.0,Prunella strophiata,Rufous-breasted Accentor,0.8526,psl4,2024,05,12,08
84.0,87.0,Serinus serinus,European Serin,0.7483,psl4,2024,05,12,08
84.0,87.0,Ficedula parva,Red-breasted Flycatcher,0.6833,psl4,2024,05,12,08
87.0,90.0,Anthus hodgsoni,Olive-backed Pipit,0.8717,psl4,2024,05,12,08
96.0,99.0,Prunella strophiata,Rufous-breasted Accentor,0.7959,psl4,2024,05,12,08
96.0,99.0,Phylloscopus occipitalis,Western Crowned Warbler,0.5008,psl4,2024,05,12,08
99.0,102.0,Phylloscopus occipitalis,Western Crowned Warbler,0.6286,psl4,2024,05,12,08
117.0,120.0,Phylloscopus occipitalis,Western Crowned Warbler,0.5966,psl4,2024,05,12,08
123.0,126.0,Phylloscopus occipitalis,Western Crowned Warbler,0.7277,psl4,2024,05,12,08
129.0,132.0,Troglodytes pacificus,Pacific Wren,0.5349,psl4,2024,05,12,08
132.0,135.0,Phylloscopus occipitalis,Western Crowned Warbler,0.6337,psl4,2024,05,12,08
135.0,138.0,Cettia castaneocoronata,Chestnut-headed Tesia,0.667,psl4,2024,05,12,08
138.0,141.0,Phylloscopus occipitalis,Western Crowned Warbler,0.9319,psl4,2024,05,12,08
147.0,150.0,Phylloscopus occipitalis,Western Crowned Warbler,0.507,psl4,2024,05,12,08
159.0,162.0,Phylloscopus occipitalis,Western Crowned Warbler,0.5866,psl4,2024,05,12,08
171.0,174.0,Anthus hodgsoni,Olive-backed Pipit,0.8482,psl4,2024,05,12,08
180.0,183.0,Ficedula tricolor,Slaty-blue Flycatcher,0.5818,psl4,2024,05,12,08
183.0,186.0,Phylloscopus occipitalis,Western Crowned Warbler,0.85,psl4,2024,05,12,08
192.0,195.0,Phylloscopus occipitalis,Western Crowned Warbler,0.5539,psl4,2024,05,12,08
195.0,198.0,Phylloscopus occipitalis,Western Crowned Warbler,0.8071,psl4,2024,05,12,08
207.0,210.0,Phylloscopus occipitalis,Western Crowned Warbler,0.6124,psl4,2024,05,12,08
207.0,210.0,Phoenicurus auroreus,Daurian Redstart,0.5122,psl4,2024,05,12,08
213.0,216.0,Phylloscopus occipitalis,Western Crowned Warbler,0.6808,psl4,2024,05,12,08
222.0,225.0,Phylloscopus occipitalis,Western Crowned Warbler,0.8198,psl4,2024,05,12,08
225.0,228.0,Phylloscopus occipitalis,Western Crowned Warbler,0.506,psl4,2024,05,12,08
228.0,231.0,Phylloscopus occipitalis,Western Crowned Warbler,0.9025,psl4,2024,05,12,08
231.0,234.0,Phylloscopus occipitalis,Western Crowned Warbler,0.7262,psl4,2024,05,12,08
234.0,237.0,Phylloscopus coronatus,Eastern Crowned Warbler,0.6619,psl4,2024,05,12,08
237.0,240.0,Phylloscopus occipitalis,Western Crowned Warbler,0.8288,psl4,2024,05,12,08
240.0,243.0,Phylloscopus occipitalis,Western Crowned Warbler,0.9426,psl4,2024,05,12,08
243.0,246.0,Ficedula tricolor,Slaty-blue Flycatcher,0.6228,psl4,2024,05,12,08
246.0,249.0,Phylloscopus occipitalis,Western Crowned Warbler,0.6737,psl4,2024,05,12,08
255.0,258.0,Phylloscopus occipitalis,Western Crowned Warbler,0.6819,psl4,2024,05,12,08
285.0,288.0,Prunella modularis,Dunnock,0.6681,psl4,2024,05,12,08
327.0,330.0,Phylloscopus humei,Hume's Warbler,0.7687,psl4,2024,05,12,08
351.0,354.0,Phylloscopus nitidus,Green Warbler,0.55,psl4,2024,05,12,08
357.0,360.0,Phylloscopus humei,Hume's Warbler,0.5854,psl4,2024,05,12,08
381.0,384.0,Protonotaria citrea,Prothonotary Warbler,0.6651,psl4,2024,05,12,08
396.0,399.0,Phylloscopus humei,Hume's Warbler,0.5119,psl4,2024,05,12,08
399.0,402.0,Phylloscopus occipitalis,Western Crowned Warbler,0.5305,psl4,2024,05,12,08
411.0,414.0,Phylloscopus occipitalis,Western Crowned Warbler,0.9263,psl4,2024,05,12,08
417.0,420.0,Phoenicurus auroreus,Daurian Redstart,0.7023,psl4,2024,05,12,08
420.0,423.0,Phylloscopus occipitalis,Western Crowned Warbler,0.6841,psl4,2024,05,12,08
423.0,426.0,Apus apus,Common Swift,0.5386,psl4,2024,05,12,08
429.0,432.0,Phylloscopus occipitalis,Western Crowned Warbler,0.7007,psl4,2024,05,12,08
438.0,441.0,Phylloscopus occipitalis,Western Crowned Warbler,0.8633,psl4,2024,05,12,08
441.0,444.0,Phylloscopus occipitalis,Western Crowned Warbler,0.8075,psl4,2024,05,12,08
447.0,450.0,Phylloscopus occipitalis,Western Crowned Warbler,0.8047,psl4,2024,05,12,08
456.0,459.0,Phylloscopus occipitalis,Western Crowned Warbler,0.7926,psl4,2024,05,12,08
465.0,468.0,Phylloscopus occipitalis,Western Crowned Warbler,0.9642,psl4,2024,05,12,08
468.0,471.0,Phylloscopus occipitalis,Western Crowned Warbler,0.9663,psl4,2024,05,12,08
474.0,477.0,Phylloscopus occipitalis,Western Crowned Warbler,0.6206,psl4,2024,05,12,08
477.0,480.0,Phylloscopus humei,Hume's Warbler,0.5553,psl4,2024,05,12,08
480.0,483.0,Phylloscopus humei,Hume's Warbler,0.9623,psl4,2024,05,12,08
492.0,495.0,Phylloscopus occipitalis,Western Crowned Warbler,0.9515,psl4,2024,05,12,08
495.0,498.0,Phylloscopus occipitalis,Western Crowned Warbler,0.6237,psl4,2024,05,12,08
501.0,504.0,Phylloscopus occipitalis,Western Crowned Warbler,0.9879,psl4,2024,05,12,08
507.0,510.0,Phylloscopus occipitalis,Western Crowned Warbler,0.9227,psl4,2024,05,12,08
510.0,513.0,Phylloscopus occipitalis,Western Crowned Warbler,0.873,psl4,2024,05,12,08
516.0,519.0,Phylloscopus occipitalis,Western Crowned Warbler,0.9596,psl4,2024,05,12,08
519.0,522.0,Phylloscopus occipitalis,Western Crowned Warbler,0.973,psl4,2024,05,12,08
522.0,525.0,Phylloscopus occipitalis,Western Crowned Warbler,0.6801,psl4,2024,05,12,08
540.0,543.0,Phylloscopus occipitalis,Western Crowned Warbler,0.6495,psl4,2024,05,12,08
552.0,555.0,Phylloscopus occipitalis,Western Crowned Warbler,0.9502,psl4,2024,05,12,08
576.0,579.0,Phoenicurus auroreus,Daurian Redstart,0.5203,psl4,2024,05,12,08
579.0,582.0,Phylloscopus occipitalis,Western Crowned Warbler,0.9438,psl4,2024,05,12,08
585.0,588.0,Phylloscopus occipitalis,Western Crowned Warbler,0.9019,psl4,2024,05,12,08
588.0,591.0,Phylloscopus occipitalis,Western Crowned Warbler,0.6103,psl4,2024,05,12,08
594.0,597.0,Phylloscopus occipitalis,Western Crowned Warbler,0.9477,psl4,2024,05,12,08
597.0,600.0,Phylloscopus occipitalis,Western Crowned Warbler,0.781,psl4,2024,05,12,08
603.0,606.0,Phylloscopus occipitalis,Western Crowned Warbler,0.5862,psl4,2024,05,12,08
612.0,615.0,Phylloscopus occipitalis,Western Crowned Warbler,0.726,psl4,2024,05,12,08
618.0,621.0,Phylloscopus occipitalis,Western Crowned Warbler,0.8969,psl4,2024,05,12,08
621.0,624.0,Phylloscopus occipitalis,Western Crowned Warbler,0.7879,psl4,2024,05,12,08
624.0,627.0,Phylloscopus occipitalis,Western Crowned Warbler,0.8904,psl4,2024,05,12,08
627.0,630.0,Phylloscopus occipitalis,Western Crowned Warbler,0.8376,psl4,2024,05,12,08
633.0,636.0,Phylloscopus occipitalis,Western Crowned Warbler,0.7831,psl4,2024,05,12,08
642.0,645.0,Phylloscopus occipitalis,Western Crowned Warbler,0.7667,psl4,2024,05,12,08
651.0,654.0,Phylloscopus occipitalis,Western Crowned Warbler,0.8293,psl4,2024,05,12,08
654.0,657.0,Phylloscopus occipitalis,Western Crowned Warbler,0.9197,psl4,2024,05,12,08
660.0,663.0,Phylloscopus occipitalis,Western Crowned Warbler,0.652,psl4,2024,05,12,08
666.0,669.0,Phylloscopus occipitalis,Western Crowned Warbler,0.6315,psl4,2024,05,12,08
669.0,672.0,Phylloscopus occipitalis,Western Crowned Warbler,0.9875,psl4,2024,05,12,08
678.0,681.0,Phylloscopus occipitalis,Western Crowned Warbler,0.984,psl4,2024,05,12,08
684.0,687.0,Ficedula tricolor,Slaty-blue Flycatcher,0.7166,psl4,2024,05,12,08
687.0,690.0,Phylloscopus occipitalis,Western Crowned Warbler,0.8923,psl4,2024,05,12,08
690.0,693.0,Phylloscopus occipitalis,Western Crowned Warbler,0.9863,psl4,2024,05,12,08
693.0,696.0,Ficedula tricolor,Slaty-blue Flycatcher,0.5971,psl4,2024,05,12,08
705.0,708.0,Phylloscopus occipitalis,Western Crowned Warbler,0.845,psl4,2024,05,12,08
744.0,747.0,Phylloscopus occipitalis,Western Crowned Warbler,0.8165,psl4,2024,05,12,08
747.0,750.0,Phylloscopus occipitalis,Western Crowned Warbler,0.545,psl4,2024,05,12,08
756.0,759.0,Phylloscopus occipitalis,Western Crowned Warbler,0.7987,psl4,2024,05,12,08
774.0,777.0,Phylloscopus occipitalis,Western Crowned Warbler,0.597,psl4,2024,05,12,08
780.0,783.0,Phylloscopus occipitalis,Western Crowned Warbler,0.8225,psl4,2024,05,12,08
783.0,786.0,Phylloscopus nitidus,Green Warbler,0.5365,psl4,2024,05,12,08
783.0,786.0,Phylloscopus occipitalis,Western Crowned Warbler,0.5022,psl4,2024,05,12,08
789.0,792.0,Phylloscopus occipitalis,Western Crowned Warbler,0.9907,psl4,2024,05,12,08
804.0,807.0,Phylloscopus occipitalis,Western Crowned Warbler,0.6997,psl4,2024,05,12,08
807.0,810.0,Phylloscopus occipitalis,Western Crowned Warbler,0.6003,psl4,2024,05,12,08
825.0,828.0,Phylloscopus occipitalis,Western Crowned Warbler,0.9201,psl4,2024,05,12,08
828.0,831.0,Phylloscopus occipitalis,Western Crowned Warbler,0.8521,psl4,2024,05,12,08
834.0,837.0,Phylloscopus occipitalis,Western Crowned Warbler,0.8785,psl4,2024,05,12,08
837.0,840.0,Phylloscopus occipitalis,Western Crowned Warbler,0.7457,psl4,2024,05,12,08
840.0,843.0,Phylloscopus occipitalis,Western Crowned Warbler,0.704,psl4,2024,05,12,08
843.0,846.0,Phylloscopus occipitalis,Western Crowned Warbler,0.9662,psl4,2024,05,12,08
858.0,861.0,Phylloscopus occipitalis,Western Crowned Warbler,0.9052,psl4,2024,05,12,08
861.0,864.0,Protonotaria citrea,Prothonotary Warbler,0.6228,psl4,2024,05,12,08
870.0,873.0,Phylloscopus occipitalis,Western Crowned Warbler,0.8912,psl4,2024,05,12,08
885.0,888.0,Phylloscopus occipitalis,Western Crowned Warbler,0.7829,psl4,2024,05,12,08
897.0,900.0,Phylloscopus occipitalis,Western Crowned Warbler,0.8363,psl4,2024,05,12,08
237.0,240.0,Protonotaria citrea,Prothonotary Warbler,0.8135,psl4,2024,05,12,09
243.0,246.0,Spinus tristis,American Goldfinch,0.7121,psl4,2024,05,12,09
270.0,273.0,Phylloscopus occipitalis,Western Crowned Warbler,0.6234,psl4,2024,05,12,09
273.0,276.0,Phylloscopus occipitalis,Western Crowned Warbler,0.7339,psl4,2024,05,12,09
306.0,309.0,Protonotaria citrea,Prothonotary Warbler,0.8383,psl4,2024,05,12,09
309.0,312.0,Protonotaria citrea,Prothonotary Warbler,0.7426,psl4,2024,05,12,09
426.0,429.0,Protonotaria citrea,Prothonotary Warbler,0.7289,psl4,2024,05,12,09
468.0,471.0,Tringa nebularia,Common Greenshank,0.8637,psl4,2024,05,12,09
471.0,474.0,Pyrrhula pyrrhula,Eurasian Bullfinch,0.722,psl4,2024,05,12,09
480.0,483.0,Pyrrhula erythaca,Gray-headed Bullfinch,0.876,psl4,2024,05,12,09
486.0,489.0,Pyrrhula pyrrhula,Eurasian Bullfinch,0.5284,psl4,2024,05,12,09
489.0,492.0,Pyrrhula pyrrhula,Eurasian Bullfinch,0.8165,psl4,2024,05,12,09
636.0,639.0,Protonotaria citrea,Prothonotary Warbler,0.9369,psl4,2024,05,12,09
0.0,3.0,Phylloscopus humei,Hume's Warbler,0.8577,psl4,2024,05,13,06
6.0,9.0,Phylloscopus humei,Hume's Warbler,0.5424,psl4,2024,05,13,06
9.0,12.0,Phylloscopus humei,Hume's Warbler,0.8079,psl4,2024,05,13,06
12.0,15.0,Phylloscopus humei,Hume's Warbler,0.6169,psl4,2024,05,13,06
15.0,18.0,Phylloscopus humei,Hume's Warbler,0.8372,psl4,2024,05,13,06
18.0,21.0,Phylloscopus humei,Hume's Warbler,0.664,psl4,2024,05,13,06
21.0,24.0,Phylloscopus humei,Hume's Warbler,0.9766,psl4,2024,05,13,06
24.0,27.0,Phylloscopus humei,Hume's Warbler,0.7416,psl4,2024,05,13,06
27.0,30.0,Phylloscopus humei,Hume's Warbler,0.895,psl4,2024,05,13,06
30.0,33.0,Phylloscopus humei,Hume's Warbler,0.7586,psl4,2024,05,13,06
33.0,36.0,Phylloscopus humei,Hume's Warbler,0.9555,psl4,2024,05,13,06
36.0,39.0,Phylloscopus humei,Hume's Warbler,0.968,psl4,2024,05,13,06
39.0,42.0,Phylloscopus humei,Hume's Warbler,0.8164,psl4,2024,05,13,06
45.0,48.0,Phylloscopus humei,Hume's Warbler,0.5845,psl4,2024,05,13,06
48.0,51.0,Phylloscopus humei,Hume's Warbler,0.9233,psl4,2024,05,13,06
51.0,54.0,Phylloscopus humei,Hume's Warbler,0.8668,psl4,2024,05,13,06
63.0,66.0,Phylloscopus occipitalis,Western Crowned Warbler,0.7442,psl4,2024,05,13,06
66.0,69.0,Periparus ater,Coal Tit,0.5133,psl4,2024,05,13,06
69.0,72.0,Anthus hodgsoni,Olive-backed Pipit,0.6042,psl4,2024,05,13,06
72.0,75.0,Phylloscopus humei,Hume's Warbler,0.8849,psl4,2024,05,13,06
78.0,81.0,Poecile palustris,Marsh Tit,0.6938,psl4,2024,05,13,06
84.0,87.0,Phylloscopus occipitalis,Western Crowned Warbler,0.6436,psl4,2024,05,13,06
90.0,93.0,Phylloscopus humei,Hume's Warbler,0.7308,psl4,2024,05,13,06
138.0,141.0,Phylloscopus humei,Hume's Warbler,0.8594,psl4,2024,05,13,06
144.0,147.0,Phylloscopus humei,Hume's Warbler,0.7022,psl4,2024,05,13,06
156.0,159.0,Phylloscopus humei,Hume's Warbler,0.6862,psl4,2024,05,13,06
168.0,171.0,Lophophanes cristatus,Crested Tit,0.736,psl4,2024,05,13,06
204.0,207.0,Phylloscopus humei,Hume's Warbler,0.9354,psl4,2024,05,13,06
207.0,210.0,Phylloscopus humei,Hume's Warbler,0.9558,psl4,2024,05,13,06
210.0,213.0,Phylloscopus humei,Hume's Warbler,0.8828,psl4,2024,05,13,06
216.0,219.0,Phylloscopus humei,Hume's Warbler,0.6026,psl4,2024,05,13,06
219.0,222.0,Phylloscopus humei,Hume's Warbler,0.9565,psl4,2024,05,13,06
222.0,225.0,Phylloscopus humei,Hume's Warbler,0.5277,psl4,2024,05,13,06
225.0,228.0,Periparus ater,Coal Tit,0.8185,psl4,2024,05,13,06
228.0,231.0,Periparus ater,Coal Tit,0.7733,psl4,2024,05,13,06
243.0,246.0,Periparus ater,Coal Tit,0.5251,psl4,2024,05,13,06
252.0,255.0,Phylloscopus humei,Hume's Warbler,0.6531,psl4,2024,05,13,06
255.0,258.0,Phylloscopus humei,Hume's Warbler,0.852,psl4,2024,05,13,06
258.0,261.0,Periparus ater,Coal Tit,0.6163,psl4,2024,05,13,06
273.0,276.0,Phylloscopus humei,Hume's Warbler,0.9185,psl4,2024,05,13,06
276.0,279.0,Phylloscopus humei,Hume's Warbler,0.978,psl4,2024,05,13,06
285.0,288.0,Phylloscopus humei,Hume's Warbler,0.6538,psl4,2024,05,13,06
288.0,291.0,Phylloscopus humei,Hume's Warbler,0.6877,psl4,2024,05,13,06
294.0,297.0,Periparus ater,Coal Tit,0.5813,psl4,2024,05,13,06
300.0,303.0,Periparus ater,Coal Tit,0.6456,psl4,2024,05,13,06
303.0,306.0,Phylloscopus humei,Hume's Warbler,0.9766,psl4,2024,05,13,06
306.0,309.0,Periparus ater,Coal Tit,0.8878,psl4,2024,05,13,06
309.0,312.0,Phylloscopus humei,Hume's Warbler,0.9598,psl4,2024,05,13,06
318.0,321.0,Phylloscopus humei,Hume's Warbler,0.8088,psl4,2024,05,13,06
321.0,324.0,Periparus ater,Coal Tit,0.8478,psl4,2024,05,13,06
324.0,327.0,Phylloscopus humei,Hume's Warbler,0.9099,psl4,2024,05,13,06
327.0,330.0,Phylloscopus humei,Hume's Warbler,0.9609,psl4,2024,05,13,06
330.0,333.0,Periparus ater,Coal Tit,0.8259,psl4,2024,05,13,06
336.0,339.0,Phylloscopus humei,Hume's Warbler,0.9556,psl4,2024,05,13,06
339.0,342.0,Phylloscopus humei,Hume's Warbler,0.9924,psl4,2024,05,13,06
348.0,351.0,Phylloscopus humei,Hume's Warbler,0.8901,psl4,2024,05,13,06
351.0,354.0,Phylloscopus humei,Hume's Warbler,0.9833,psl4,2024,05,13,06
354.0,357.0,Phylloscopus humei,Hume's Warbler,0.995,psl4,2024,05,13,06
390.0,393.0,Phylloscopus humei,Hume's Warbler,0.9755,psl4,2024,05,13,06
414.0,417.0,Phylloscopus humei,Hume's Warbler,0.979,psl4,2024,05,13,06
417.0,420.0,Phylloscopus humei,Hume's Warbler,0.9855,psl4,2024,05,13,06
420.0,423.0,Phylloscopus humei,Hume's Warbler,0.7417,psl4,2024,05,13,06
423.0,426.0,Phylloscopus humei,Hume's Warbler,0.9936,psl4,2024,05,13,06
429.0,432.0,Phylloscopus humei,Hume's Warbler,0.9944,psl4,2024,05,13,06
432.0,435.0,Phylloscopus humei,Hume's Warbler,0.9838,psl4,2024,05,13,06
435.0,438.0,Phylloscopus humei,Hume's Warbler,0.9079,psl4,2024,05,13,06
438.0,441.0,Phylloscopus humei,Hume's Warbler,0.959,psl4,2024,05,13,06
456.0,459.0,Phylloscopus humei,Hume's Warbler,0.9789,psl4,2024,05,13,06
465.0,468.0,Phylloscopus humei,Hume's Warbler,0.9759,psl4,2024,05,13,06
468.0,471.0,Phylloscopus humei,Hume's Warbler,0.9654,psl4,2024,05,13,06
471.0,474.0,Phylloscopus humei,Hume's Warbler,0.9012,psl4,2024,05,13,06
474.0,477.0,Phylloscopus humei,Hume's Warbler,0.9215,psl4,2024,05,13,06
477.0,480.0,Phylloscopus humei,Hume's Warbler,0.6417,psl4,2024,05,13,06
480.0,483.0,Phylloscopus humei,Hume's Warbler,0.6587,psl4,2024,05,13,06
483.0,486.0,Phylloscopus humei,Hume's Warbler,0.9912,psl4,2024,05,13,06
486.0,489.0,Phylloscopus humei,Hume's Warbler,0.9734,psl4,2024,05,13,06
495.0,498.0,Phylloscopus humei,Hume's Warbler,0.9648,psl4,2024,05,13,06
501.0,504.0,Phylloscopus humei,Hume's Warbler,0.9762,psl4,2024,05,13,06
507.0,510.0,Phylloscopus humei,Hume's Warbler,0.9774,psl4,2024,05,13,06
510.0,513.0,Phylloscopus humei,Hume's Warbler,0.9618,psl4,2024,05,13,06
516.0,519.0,Phylloscopus humei,Hume's Warbler,0.9795,psl4,2024,05,13,06
525.0,528.0,Phylloscopus humei,Hume's Warbler,0.9915,psl4,2024,05,13,06
537.0,540.0,Phylloscopus humei,Hume's Warbler,0.9779,psl4,2024,05,13,06
549.0,552.0,Phylloscopus humei,Hume's Warbler,0.6918,psl4,2024,05,13,06
552.0,555.0,Phylloscopus humei,Hume's Warbler,0.9449,psl4,2024,05,13,06
555.0,558.0,Phylloscopus humei,Hume's Warbler,0.9896,psl4,2024,05,13,06
558.0,561.0,Phylloscopus humei,Hume's Warbler,0.9827,psl4,2024,05,13,06
561.0,564.0,Phylloscopus humei,Hume's Warbler,0.9305,psl4,2024,05,13,06
564.0,567.0,Phylloscopus humei,Hume's Warbler,0.6335,psl4,2024,05,13,06
567.0,570.0,Phylloscopus humei,Hume's Warbler,0.9675,psl4,2024,05,13,06
570.0,573.0,Phylloscopus humei,Hume's Warbler,0.9725,psl4,2024,05,13,06
573.0,576.0,Phylloscopus humei,Hume's Warbler,0.7038,psl4,2024,05,13,06
576.0,579.0,Phylloscopus humei,Hume's Warbler,0.6418,psl4,2024,05,13,06
582.0,585.0,Phylloscopus humei,Hume's Warbler,0.7675,psl4,2024,05,13,06
585.0,588.0,Phylloscopus humei,Hume's Warbler,0.8466,psl4,2024,05,13,06
588.0,591.0,Phylloscopus humei,Hume's Warbler,0.6837,psl4,2024,05,13,06
594.0,597.0,Phylloscopus humei,Hume's Warbler,0.5849,psl4,2024,05,13,06
612.0,615.0,Troglodytes pacificus,Pacific Wren,0.5641,psl4,2024,05,13,06
624.0,627.0,Prunella strophiata,Rufous-breasted Accentor,0.6926,psl4,2024,05,13,06
627.0,630.0,Prunella strophiata,Rufous-breasted Accentor,0.9424,psl4,2024,05,13,06
630.0,633.0,Phylloscopus humei,Hume's Warbler,0.8391,psl4,2024,05,13,06
672.0,675.0,Prunella strophiata,Rufous-breasted Accentor,0.8932,psl4,2024,05,13,06
672.0,675.0,Ficedula parva,Red-breasted Flycatcher,0.6016,psl4,2024,05,13,06
675.0,678.0,Anthus hodgsoni,Olive-backed Pipit,0.8812,psl4,2024,05,13,06
681.0,684.0,Prunella strophiata,Rufous-breasted Accentor,0.8616,psl4,2024,05,13,06
699.0,702.0,Prunella strophiata,Rufous-breasted Accentor,0.8825,psl4,2024,05,13,06
699.0,702.0,Serinus serinus,European Serin,0.6572,psl4,2024,05,13,06
702.0,705.0,Prunella strophiata,Rufous-breasted Accentor,0.8653,psl4,2024,05,13,06
705.0,708.0,Prunella strophiata,Rufous-breasted Accentor,0.9794,psl4,2024,05,13,06
708.0,711.0,Prunella strophiata,Rufous-breasted Accentor,0.9936,psl4,2024,05,13,06
714.0,717.0,Prunella strophiata,Rufous-breasted Accentor,0.6223,psl4,2024,05,13,06
765.0,768.0,Anthus hodgsoni,Olive-backed Pipit,0.5605,psl4,2024,05,13,06
777.0,780.0,Anthus hodgsoni,Olive-backed Pipit,0.5059,psl4,2024,05,13,06
780.0,783.0,Phylloscopus occipitalis,Western Crowned Warbler,0.7214,psl4,2024,05,13,06
822.0,825.0,Prunella strophiata,Rufous-breasted Accentor,0.564,psl4,2024,05,13,06
834.0,837.0,Prunella strophiata,Rufous-breasted Accentor,0.5081,psl4,2024,05,13,06
879.0,882.0,Phylloscopus occipitalis,Western Crowned Warbler,0.7427,psl4,2024,05,13,06
882.0,885.0,Phylloscopus occipitalis,Western Crowned Warbler,0.5819,psl4,2024,05,13,06
885.0,888.0,Anthus hodgsoni,Olive-backed Pipit,0.8121,psl4,2024,05,13,06
894.0,897.0,Phylloscopus occipitalis,Western Crowned Warbler,0.6718,psl4,2024,05,13,06
897.0,900.0,Phylloscopus occipitalis,Western Crowned Warbler,0.7628,psl4,2024,05,13,06
9.0,12.0,Turdus iliacus,Redwing,0.8606,psl4,2024,05,13,07
15.0,18.0,Anthus hodgsoni,Olive-backed Pipit,0.8162,psl4,2024,05,13,07
48.0,51.0,Phylloscopus occipitalis,Western Crowned Warbler,0.5877,psl4,2024,05,13,07
57.0,60.0,Phylloscopus humei,Hume's Warbler,0.8236,psl4,2024,05,13,07
72.0,75.0,Phylloscopus humei,Hume's Warbler,0.6572,psl4,2024,05,13,07
75.0,78.0,Phylloscopus humei,Hume's Warbler,0.5557,psl4,2024,05,13,07
90.0,93.0,Phylloscopus humei,Hume's Warbler,0.7279,psl4,2024,05,13,07
102.0,105.0,Phylloscopus humei,Hume's Warbler,0.6252,psl4,2024,05,13,07
105.0,108.0,Phylloscopus occipitalis,Western Crowned Warbler,0.5698,psl4,2024,05,13,07
111.0,114.0,Phylloscopus humei,Hume's Warbler,0.9833,psl4,2024,05,13,07
132.0,135.0,Phylloscopus humei,Hume's Warbler,0.7325,psl4,2024,05,13,07
135.0,138.0,Phylloscopus humei,Hume's Warbler,0.585,psl4,2024,05,13,07
150.0,153.0,Phylloscopus humei,Hume's Warbler,0.7569,psl4,2024,05,13,07
168.0,171.0,Phylloscopus humei,Hume's Warbler,0.5552,psl4,2024,05,13,07
219.0,222.0,Phylloscopus humei,Hume's Warbler,0.6585,psl4,2024,05,13,07
255.0,258.0,Phylloscopus humei,Hume's Warbler,0.8582,psl4,2024,05,13,07
294.0,297.0,Glaucidium gnoma,Northern Pygmy-Owl,0.5114,psl4,2024,05,13,07
318.0,321.0,Glaucidium gnoma,Northern Pygmy-Owl,0.7617,psl4,2024,05,13,07
330.0,333.0,Phylloscopus humei,Hume's Warbler,0.7405,psl4,2024,05,13,07
348.0,351.0,Phylloscopus trochiloides,Greenish Warbler,0.5826,psl4,2024,05,13,07
351.0,354.0,Phylloscopus humei,Hume's Warbler,0.9687,psl4,2024,05,13,07
357.0,360.0,Phylloscopus humei,Hume's Warbler,0.7306,psl4,2024,05,13,07
360.0,363.0,Phylloscopus humei,Hume's Warbler,0.8017,psl4,2024,05,13,07
363.0,366.0,Phylloscopus humei,Hume's Warbler,0.9025,psl4,2024,05,13,07
369.0,372.0,Phylloscopus humei,Hume's Warbler,0.7118,psl4,2024,05,13,07
372.0,375.0,Phylloscopus humei,Hume's Warbler,0.9633,psl4,2024,05,13,07
378.0,381.0,Phylloscopus humei,Hume's Warbler,0.966,psl4,2024,05,13,07
381.0,384.0,Phylloscopus humei,Hume's Warbler,0.7629,psl4,2024,05,13,07
384.0,387.0,Phylloscopus humei,Hume's Warbler,0.835,psl4,2024,05,13,07
396.0,399.0,Protonotaria citrea,Prothonotary Warbler,0.5116,psl4,2024,05,13,07
405.0,408.0,Phylloscopus occipitalis,Western Crowned Warbler,0.5771,psl4,2024,05,13,07
408.0,411.0,Phylloscopus occipitalis,Western Crowned Warbler,0.534,psl4,2024,05,13,07
411.0,414.0,Phylloscopus humei,Hume's Warbler,0.5094,psl4,2024,05,13,07
417.0,420.0,Phylloscopus occipitalis,Western Crowned Warbler,0.7666,psl4,2024,05,13,07
417.0,420.0,Phylloscopus tytleri,Tytler's Leaf Warbler,0.5311,psl4,2024,05,13,07
420.0,423.0,Phylloscopus humei,Hume's Warbler,0.7197,psl4,2024,05,13,07
426.0,429.0,Phylloscopus humei,Hume's Warbler,0.5987,psl4,2024,05,13,07
432.0,435.0,Phylloscopus humei,Hume's Warbler,0.8525,psl4,2024,05,13,07
447.0,450.0,Phylloscopus occipitalis,Western Crowned Warbler,0.5131,psl4,2024,05,13,07
483.0,486.0,Phylloscopus occipitalis,Western Crowned Warbler,0.7226,psl4,2024,05,13,07
507.0,510.0,Phylloscopus occipitalis,Western Crowned Warbler,0.6127,psl4,2024,05,13,07
534.0,537.0,Phylloscopus humei,Hume's Warbler,0.952,psl4,2024,05,13,07
537.0,540.0,Phylloscopus occipitalis,Western Crowned Warbler,0.7716,psl4,2024,05,13,07
543.0,546.0,Phylloscopus humei,Hume's Warbler,0.8403,psl4,2024,05,13,07
549.0,552.0,Phylloscopus occipitalis,Western Crowned Warbler,0.7163,psl4,2024,05,13,07
555.0,558.0,Phylloscopus occipitalis,Western Crowned Warbler,0.6818,psl4,2024,05,13,07
561.0,564.0,Phylloscopus occipitalis,Western Crowned Warbler,0.9376,psl4,2024,05,13,07
564.0,567.0,Phylloscopus occipitalis,Western Crowned Warbler,0.6548,psl4,2024,05,13,07
570.0,573.0,Phylloscopus occipitalis,Western Crowned Warbler,0.6217,psl4,2024,05,13,07
591.0,594.0,Phylloscopus occipitalis,Western Crowned Warbler,0.6087,psl4,2024,05,13,07
603.0,606.0,Phylloscopus occipitalis,Western Crowned Warbler,0.7928,psl4,2024,05,13,07
618.0,621.0,Phylloscopus occipitalis,Western Crowned Warbler,0.6499,psl4,2024,05,13,07
639.0,642.0,Phylloscopus occipitalis,Western Crowned Warbler,0.78,psl4,2024,05,13,07
654.0,657.0,Phylloscopus occipitalis,Western Crowned Warbler,0.8918,psl4,2024,05,13,07
660.0,663.0,Phylloscopus occipitalis,Western Crowned Warbler,0.9294,psl4,2024,05,13,07
678.0,681.0,Gavia stellata,Red-throated Loon,0.5676,psl4,2024,05,13,07
711.0,714.0,Gavia stellata,Red-throated Loon,0.8263,psl4,2024,05,13,07
717.0,720.0,Gavia stellata,Red-throated Loon,0.5093,psl4,2024,05,13,07
720.0,723.0,Phylloscopus occipitalis,Western Crowned Warbler,0.6239,psl4,2024,05,13,07
732.0,735.0,Phylloscopus occipitalis,Western Crowned Warbler,0.641,psl4,2024,05,13,07
741.0,744.0,Protonotaria citrea,Prothonotary Warbler,0.5488,psl4,2024,05,13,07
807.0,810.0,Phylloscopus occipitalis,Western Crowned Warbler,0.5902,psl4,2024,05,13,07
822.0,825.0,Phylloscopus occipitalis,Western Crowned Warbler,0.5306,psl4,2024,05,13,07
6.0,9.0,Anthus hodgsoni,Olive-backed Pipit,0.6555,psl4,2024,05,13,08
24.0,27.0,Troglodytes pacificus,Pacific Wren,0.531,psl4,2024,05,13,08
30.0,33.0,Phylloscopus inornatus,Yellow-browed Warbler,0.541,psl4,2024,05,13,08
42.0,45.0,Anthus hodgsoni,Olive-backed Pipit,0.9007,psl4,2024,05,13,08
54.0,57.0,Anthus hodgsoni,Olive-backed Pipit,0.8981,psl4,2024,05,13,08
63.0,66.0,Anthus hodgsoni,Olive-backed Pipit,0.9573,psl4,2024,05,13,08
72.0,75.0,Anthus hodgsoni,Olive-backed Pipit,0.6062,psl4,2024,05,13,08
75.0,78.0,Passerina cyanea,Indigo Bunting,0.6183,psl4,2024,05,13,08
81.0,84.0,Anthus hodgsoni,Olive-backed Pipit,0.9208,psl4,2024,05,13,08
93.0,96.0,Anthus hodgsoni,Olive-backed Pipit,0.7433,psl4,2024,05,13,08
99.0,102.0,Anthus hodgsoni,Olive-backed Pipit,0.9647,psl4,2024,05,13,08
126.0,129.0,Phylloscopus humei,Hume's Warbler,0.6124,psl4,2024,05,13,08
129.0,132.0,Phylloscopus occipitalis,Western Crowned Warbler,0.5936,psl4,2024,05,13,08
138.0,141.0,Anthus hodgsoni,Olive-backed Pipit,0.604,psl4,2024,05,13,08
144.0,147.0,Phylloscopus occipitalis,Western Crowned Warbler,0.6493,psl4,2024,05,13,08
147.0,150.0,Phylloscopus humei,Hume's Warbler,0.6617,psl4,2024,05,13,08
159.0,162.0,Phylloscopus humei,Hume's Warbler,0.535,psl4,2024,05,13,08
183.0,186.0,Phylloscopus humei,Hume's Warbler,0.5799,psl4,2024,05,13,08
186.0,189.0,Phylloscopus humei,Hume's Warbler,0.8866,psl4,2024,05,13,08
192.0,195.0,Phylloscopus humei,Hume's Warbler,0.5755,psl4,2024,05,13,08
195.0,198.0,Phylloscopus humei,Hume's Warbler,0.6604,psl4,2024,05,13,08
201.0,204.0,Phylloscopus humei,Hume's Warbler,0.6776,psl4,2024,05,13,08
204.0,207.0,Phylloscopus humei,Hume's Warbler,0.7031,psl4,2024,05,13,08
210.0,213.0,Phylloscopus humei,Hume's Warbler,0.9336,psl4,2024,05,13,08
213.0,216.0,Phylloscopus humei,Hume's Warbler,0.6437,psl4,2024,05,13,08
216.0,219.0,Phylloscopus humei,Hume's Warbler,0.8544,psl4,2024,05,13,08
219.0,222.0,Phylloscopus humei,Hume's Warbler,0.5605,psl4,2024,05,13,08
231.0,234.0,Phylloscopus humei,Hume's Warbler,0.5511,psl4,2024,05,13,08
237.0,240.0,Phylloscopus humei,Hume's Warbler,0.5474,psl4,2024,05,13,08
240.0,243.0,Phylloscopus humei,Hume's Warbler,0.7383,psl4,2024,05,13,08
243.0,246.0,Phylloscopus humei,Hume's Warbler,0.8651,psl4,2024,05,13,08
246.0,249.0,Phylloscopus humei,Hume's Warbler,0.8394,psl4,2024,05,13,08
249.0,252.0,Phylloscopus humei,Hume's Warbler,0.8255,psl4,2024,05,13,08
252.0,255.0,Phylloscopus humei,Hume's Warbler,0.9672,psl4,2024,05,13,08
255.0,258.0,Phylloscopus humei,Hume's Warbler,0.9618,psl4,2024,05,13,08
258.0,261.0,Phylloscopus humei,Hume's Warbler,0.8174,psl4,2024,05,13,08
267.0,270.0,Phylloscopus humei,Hume's Warbler,0.7292,psl4,2024,05,13,08
270.0,273.0,Phylloscopus humei,Hume's Warbler,0.9866,psl4,2024,05,13,08
279.0,282.0,Phylloscopus humei,Hume's Warbler,0.9672,psl4,2024,05,13,08
285.0,288.0,Phylloscopus humei,Hume's Warbler,0.98,psl4,2024,05,13,08
288.0,291.0,Phylloscopus humei,Hume's Warbler,0.9643,psl4,2024,05,13,08
294.0,297.0,Phylloscopus humei,Hume's Warbler,0.6436,psl4,2024,05,13,08
300.0,303.0,Phylloscopus humei,Hume's Warbler,0.8486,psl4,2024,05,13,08
345.0,348.0,Phylloscopus occipitalis,Western Crowned Warbler,0.7963,psl4,2024,05,13,08
357.0,360.0,Protonotaria citrea,Prothonotary Warbler,0.5633,psl4,2024,05,13,08
360.0,363.0,Protonotaria citrea,Prothonotary Warbler,0.8047,psl4,2024,05,13,08
366.0,369.0,Phylloscopus occipitalis,Western Crowned Warbler,0.622,psl4,2024,05,13,08
375.0,378.0,Phylloscopus occipitalis,Western Crowned Warbler,0.5186,psl4,2024,05,13,08
387.0,390.0,Phylloscopus humei,Hume's Warbler,0.8801,psl4,2024,05,13,08
390.0,393.0,Phylloscopus occipitalis,Western Crowned Warbler,0.6354,psl4,2024,05,13,08
396.0,399.0,Phylloscopus occipitalis,Western Crowned Warbler,0.7264,psl4,2024,05,13,08
399.0,402.0,Phylloscopus occipitalis,Western Crowned Warbler,0.581,psl4,2024,05,13,08
405.0,408.0,Phylloscopus occipitalis,Western Crowned Warbler,0.6823,psl4,2024,05,13,08
420.0,423.0,Phylloscopus occipitalis,Western Crowned Warbler,0.6878,psl4,2024,05,13,08
423.0,426.0,Phylloscopus occipitalis,Western Crowned Warbler,0.7493,psl4,2024,05,13,08
438.0,441.0,Phylloscopus occipitalis,Western Crowned Warbler,0.865,psl4,2024,05,13,08
441.0,444.0,Phylloscopus occipitalis,Western Crowned Warbler,0.5703,psl4,2024,05,13,08
444.0,447.0,Phylloscopus humei,Hume's Warbler,0.9257,psl4,2024,05,13,08
447.0,450.0,Phylloscopus occipitalis,Western Crowned Warbler,0.8147,psl4,2024,05,13,08
456.0,459.0,Protonotaria citrea,Prothonotary Warbler,0.7299,psl4,2024,05,13,08
462.0,465.0,Phylloscopus occipitalis,Western Crowned Warbler,0.7371,psl4,2024,05,13,08
477.0,480.0,Phylloscopus humei,Hume's Warbler,0.7871,psl4,2024,05,13,08
483.0,486.0,Phylloscopus occipitalis,Western Crowned Warbler,0.8909,psl4,2024,05,13,08
489.0,492.0,Phylloscopus occipitalis,Western Crowned Warbler,0.9554,psl4,2024,05,13,08
498.0,501.0,Phylloscopus humei,Hume's Warbler,0.9398,psl4,2024,05,13,08
501.0,504.0,Phylloscopus occipitalis,Western Crowned Warbler,0.5502,psl4,2024,05,13,08
510.0,513.0,Phylloscopus humei,Hume's Warbler,0.9878,psl4,2024,05,13,08
516.0,519.0,Phylloscopus occipitalis,Western Crowned Warbler,0.7228,psl4,2024,05,13,08
519.0,522.0,Phylloscopus occipitalis,Western Crowned Warbler,0.9146,psl4,2024,05,13,08
522.0,525.0,Phylloscopus occipitalis,Western Crowned Warbler,0.7868,psl4,2024,05,13,08
528.0,531.0,Phylloscopus occipitalis,Western Crowned Warbler,0.875,psl4,2024,05,13,08
531.0,534.0,Phylloscopus humei,Hume's Warbler,0.9669,psl4,2024,05,13,08
537.0,540.0,Phylloscopus occipitalis,Western Crowned Warbler,0.8739,psl4,2024,05,13,08
543.0,546.0,Phylloscopus occipitalis,Western Crowned Warbler,0.9139,psl4,2024,05,13,08
546.0,549.0,Phylloscopus occipitalis,Western Crowned Warbler,0.8925,psl4,2024,05,13,08
552.0,555.0,Phylloscopus occipitalis,Western Crowned Warbler,0.9093,psl4,2024,05,13,08
561.0,564.0,Phylloscopus occipitalis,Western Crowned Warbler,0.8621,psl4,2024,05,13,08
567.0,570.0,Phylloscopus occipitalis,Western Crowned Warbler,0.6419,psl4,2024,05,13,08
579.0,582.0,Sayornis nigricans,Black Phoebe,0.7998,psl4,2024,05,13,08
582.0,585.0,Phylloscopus sibilatrix,Wood Warbler,0.5753,psl4,2024,05,13,08
585.0,588.0,Phylloscopus humei,Hume's Warbler,0.5156,psl4,2024,05,13,08
588.0,591.0,Phylloscopus humei,Hume's Warbler,0.866,psl4,2024,05,13,08
591.0,594.0,Phylloscopus occipitalis,Western Crowned Warbler,0.865,psl4,2024,05,13,08
597.0,600.0,Phylloscopus occipitalis,Western Crowned Warbler,0.5564,psl4,2024,05,13,08
603.0,606.0,Phylloscopus humei,Hume's Warbler,0.6681,psl4,2024,05,13,08
606.0,609.0,Phylloscopus occipitalis,Western Crowned Warbler,0.8902,psl4,2024,05,13,08
612.0,615.0,Phylloscopus occipitalis,Western Crowned Warbler,0.8451,psl4,2024,05,13,08
615.0,618.0,Phylloscopus occipitalis,Western Crowned Warbler,0.9387,psl4,2024,05,13,08
618.0,621.0,Ficedula parva,Red-breasted Flycatcher,0.7555,psl4,2024,05,13,08
618.0,621.0,Prunella strophiata,Rufous-breasted Accentor,0.5112,psl4,2024,05,13,08
630.0,633.0,Phylloscopus occipitalis,Western Crowned Warbler,0.6661,psl4,2024,05,13,08
633.0,636.0,Phylloscopus occipitalis,Western Crowned Warbler,0.7138,psl4,2024,05,13,08
645.0,648.0,Prunella modularis,Dunnock,0.7618,psl4,2024,05,13,08
654.0,657.0,Phylloscopus humei,Hume's Warbler,0.9872,psl4,2024,05,13,08
657.0,660.0,Phylloscopus humei,Hume's Warbler,0.9763,psl4,2024,05,13,08
660.0,663.0,Prunella strophiata,Rufous-breasted Accentor,0.7156,psl4,2024,05,13,08
660.0,663.0,Phylloscopus occipitalis,Western Crowned Warbler,0.6329,psl4,2024,05,13,08
663.0,666.0,Phylloscopus humei,Hume's Warbler,0.6118,psl4,2024,05,13,08
669.0,672.0,Phylloscopus occipitalis,Western Crowned Warbler,0.6823,psl4,2024,05,13,08
687.0,690.0,Phylloscopus humei,Hume's Warbler,0.7653,psl4,2024,05,13,08
735.0,738.0,Phylloscopus humei,Hume's Warbler,0.5622,psl4,2024,05,13,08
738.0,741.0,Phylloscopus humei,Hume's Warbler,0.9808,psl4,2024,05,13,08
747.0,750.0,Phylloscopus humei,Hume's Warbler,0.9904,psl4,2024,05,13,08
750.0,753.0,Phylloscopus humei,Hume's Warbler,0.9901,psl4,2024,05,13,08
753.0,756.0,Phylloscopus humei,Hume's Warbler,0.9873,psl4,2024,05,13,08
756.0,759.0,Phylloscopus humei,Hume's Warbler,0.5443,psl4,2024,05,13,08
759.0,762.0,Phylloscopus humei,Hume's Warbler,0.5831,psl4,2024,05,13,08
762.0,765.0,Phylloscopus humei,Hume's Warbler,0.9881,psl4,2024,05,13,08
765.0,768.0,Phylloscopus humei,Hume's Warbler,0.6756,psl4,2024,05,13,08
768.0,771.0,Phylloscopus occipitalis,Western Crowned Warbler,0.6419,psl4,2024,05,13,08
771.0,774.0,Phylloscopus humei,Hume's Warbler,0.9716,psl4,2024,05,13,08
774.0,777.0,Phylloscopus humei,Hume's Warbler,0.98,psl4,2024,05,13,08
777.0,780.0,Phylloscopus occipitalis,Western Crowned Warbler,0.559,psl4,2024,05,13,08
780.0,783.0,Phylloscopus humei,Hume's Warbler,0.8698,psl4,2024,05,13,08
783.0,786.0,Phylloscopus humei,Hume's Warbler,0.9607,psl4,2024,05,13,08
789.0,792.0,Phylloscopus humei,Hume's Warbler,0.7873,psl4,2024,05,13,08
792.0,795.0,Phylloscopus humei,Hume's Warbler,0.5906,psl4,2024,05,13,08
795.0,798.0,Phylloscopus occipitalis,Western Crowned Warbler,0.6523,psl4,2024,05,13,08
798.0,801.0,Phylloscopus humei,Hume's Warbler,0.9995,psl4,2024,05,13,08
804.0,807.0,Phylloscopus occipitalis,Western Crowned Warbler,0.6442,psl4,2024,05,13,08
807.0,810.0,Phylloscopus humei,Hume's Warbler,0.8625,psl4,2024,05,13,08
810.0,813.0,Phylloscopus humei,Hume's Warbler,0.5541,psl4,2024,05,13,08
813.0,816.0,Phylloscopus occipitalis,Western Crowned Warbler,0.8054,psl4,2024,05,13,08
816.0,819.0,Phylloscopus humei,Hume's Warbler,0.978,psl4,2024,05,13,08
819.0,822.0,Phylloscopus humei,Hume's Warbler,0.8554,psl4,2024,05,13,08
822.0,825.0,Phylloscopus occipitalis,Western Crowned Warbler,0.7419,psl4,2024,05,13,08
825.0,828.0,Phylloscopus humei,Hume's Warbler,0.9713,psl4,2024,05,13,08
828.0,831.0,Phylloscopus humei,Hume's Warbler,0.9564,psl4,2024,05,13,08
831.0,834.0,Phylloscopus humei,Hume's Warbler,0.5158,psl4,2024,05,13,08
840.0,843.0,Phylloscopus humei,Hume's Warbler,0.7573,psl4,2024,05,13,08
843.0,846.0,Phylloscopus occipitalis,Western Crowned Warbler,0.7611,psl4,2024,05,13,08
849.0,852.0,Phylloscopus humei,Hume's Warbler,0.7474,psl4,2024,05,13,08
852.0,855.0,Phylloscopus occipitalis,Western Crowned Warbler,0.7292,psl4,2024,05,13,08
858.0,861.0,Phylloscopus humei,Hume's Warbler,0.5612,psl4,2024,05,13,08
861.0,864.0,Periparus rufonuchalis,Rufous-naped Tit,0.7707,psl4,2024,05,13,08
870.0,873.0,Phylloscopus occipitalis,Western Crowned Warbler,0.8346,psl4,2024,05,13,08
873.0,876.0,Phylloscopus humei,Hume's Warbler,0.9616,psl4,2024,05,13,08
879.0,882.0,Phylloscopus humei,Hume's Warbler,0.9189,psl4,2024,05,13,08
885.0,888.0,Phylloscopus occipitalis,Western Crowned Warbler,0.9525,psl4,2024,05,13,08
888.0,891.0,Phylloscopus humei,Hume's Warbler,0.5478,psl4,2024,05,13,08
891.0,894.0,Phylloscopus occipitalis,Western Crowned Warbler,0.6904,psl4,2024,05,13,08
894.0,897.0,Phylloscopus occipitalis,Western Crowned Warbler,0.6163,psl4,2024,05,13,08
894.0,897.0,Phylloscopus humei,Hume's Warbler,0.577,psl4,2024,05,13,08
15.0,18.0,Gavia stellata,Red-throated Loon,0.766,psl4,2024,05,13,09
18.0,21.0,Gavia stellata,Red-throated Loon,0.7544,psl4,2024,05,13,09
27.0,30.0,Gavia stellata,Red-throated Loon,0.9603,psl4,2024,05,13,09
33.0,36.0,Gavia stellata,Red-throated Loon,0.578,psl4,2024,05,13,09
48.0,51.0,Gavia stellata,Red-throated Loon,0.9688,psl4,2024,05,13,09
54.0,57.0,Phylloscopus occipitalis,Western Crowned Warbler,0.8557,psl4,2024,05,13,09
105.0,108.0,Bubo bubo,Eurasian Eagle-Owl,0.5231,psl4,2024,05,13,09
114.0,117.0,Periparus rufonuchalis,Rufous-naped Tit,0.6211,psl4,2024,05,13,09
129.0,132.0,Periparus rufonuchalis,Rufous-naped Tit,0.6901,psl4,2024,05,13,09
138.0,141.0,Periparus rufonuchalis,Rufous-naped Tit,0.9745,psl4,2024,05,13,09
138.0,141.0,Periparus rubidiventris,Rufous-vented Tit,0.8024,psl4,2024,05,13,09
144.0,147.0,Periparus rufonuchalis,Rufous-naped Tit,0.541,psl4,2024,05,13,09
183.0,186.0,Periparus rufonuchalis,Rufous-naped Tit,0.5209,psl4,2024,05,13,09
186.0,189.0,Periparus rufonuchalis,Rufous-naped Tit,0.6718,psl4,2024,05,13,09
195.0,198.0,Phylloscopus occipitalis,Western Crowned Warbler,0.6331,psl4,2024,05,13,09
207.0,210.0,Periparus rufonuchalis,Rufous-naped Tit,0.7121,psl4,2024,05,13,09
207.0,210.0,Phylloscopus occipitalis,Western Crowned Warbler,0.5748,psl4,2024,05,13,09
228.0,231.0,Phylloscopus sibilatrix,Wood Warbler,0.6417,psl4,2024,05,13,09
318.0,321.0,Parus major,Great Tit,0.5654,psl4,2024,05,13,09
393.0,396.0,Phylloscopus sibilatrix,Wood Warbler,0.6855,psl4,2024,05,13,09
405.0,408.0,Gavia stellata,Red-throated Loon,0.791,psl4,2024,05,13,09
462.0,465.0,Turdus iliacus,Redwing,0.7947,psl4,2024,05,13,09
465.0,468.0,Phylloscopus humei,Hume's Warbler,0.6712,psl4,2024,05,13,09
477.0,480.0,Phylloscopus occipitalis,Western Crowned Warbler,0.6546,psl4,2024,05,13,09
483.0,486.0,Phylloscopus occipitalis,Western Crowned Warbler,0.6205,psl4,2024,05,13,09
492.0,495.0,Phylloscopus occipitalis,Western Crowned Warbler,0.9451,psl4,2024,05,13,09
495.0,498.0,Phylloscopus occipitalis,Western Crowned Warbler,0.5861,psl4,2024,05,13,09
501.0,504.0,Phylloscopus occipitalis,Western Crowned Warbler,0.9828,psl4,2024,05,13,09
507.0,510.0,Phylloscopus occipitalis,Western Crowned Warbler,0.6869,psl4,2024,05,13,09
522.0,525.0,Phylloscopus occipitalis,Western Crowned Warbler,0.9593,psl4,2024,05,13,09
525.0,528.0,Phylloscopus occipitalis,Western Crowned Warbler,0.7768,psl4,2024,05,13,09
531.0,534.0,Phylloscopus occipitalis,Western Crowned Warbler,0.6416,psl4,2024,05,13,09
534.0,537.0,Phylloscopus occipitalis,Western Crowned Warbler,0.9417,psl4,2024,05,13,09
537.0,540.0,Phylloscopus humei,Hume's Warbler,0.7651,psl4,2024,05,13,09
540.0,543.0,Phylloscopus occipitalis,Western Crowned Warbler,0.857,psl4,2024,05,13,09
549.0,552.0,Phylloscopus occipitalis,Western Crowned Warbler,0.6057,psl4,2024,05,13,09
558.0,561.0,Phylloscopus occipitalis,Western Crowned Warbler,0.7552,psl4,2024,05,13,09
561.0,564.0,Ficedula tricolor,Slaty-blue Flycatcher,0.8935,psl4,2024,05,13,09
573.0,576.0,Phylloscopus occipitalis,Western Crowned Warbler,0.7756,psl4,2024,05,13,09
576.0,579.0,Phylloscopus humei,Hume's Warbler,0.6218,psl4,2024,05,13,09
579.0,582.0,Phylloscopus occipitalis,Western Crowned Warbler,0.8648,psl4,2024,05,13,09
585.0,588.0,Prunella modularis,Dunnock,0.9066,psl4,2024,05,13,09
588.0,591.0,Phylloscopus occipitalis,Western Crowned Warbler,0.9071,psl4,2024,05,13,09
591.0,594.0,Phylloscopus humei,Hume's Warbler,0.9651,psl4,2024,05,13,09
594.0,597.0,Phylloscopus occipitalis,Western Crowned Warbler,0.9616,psl4,2024,05,13,09
597.0,600.0,Phylloscopus occipitalis,Western Crowned Warbler,0.6158,psl4,2024,05,13,09
603.0,606.0,Phylloscopus occipitalis,Western Crowned Warbler,0.9329,psl4,2024,05,13,09
606.0,609.0,Phylloscopus occipitalis,Western Crowned Warbler,0.5935,psl4,2024,05,13,09
612.0,615.0,Phylloscopus occipitalis,Western Crowned Warbler,0.7368,psl4,2024,05,13,09
618.0,621.0,Phylloscopus occipitalis,Western Crowned Warbler,0.6361,psl4,2024,05,13,09
618.0,621.0,Phylloscopus humei,Hume's Warbler,0.5505,psl4,2024,05,13,09
630.0,633.0,Phylloscopus occipitalis,Western Crowned Warbler,0.7499,psl4,2024,05,13,09
633.0,636.0,Phylloscopus humei,Hume's Warbler,0.8949,psl4,2024,05,13,09
636.0,639.0,Phylloscopus occipitalis,Western Crowned Warbler,0.8887,psl4,2024,05,13,09
639.0,642.0,Phylloscopus occipitalis,Western Crowned Warbler,0.6198,psl4,2024,05,13,09
648.0,651.0,Phylloscopus humei,Hume's Warbler,0.7922,psl4,2024,05,13,09
654.0,657.0,Phylloscopus occipitalis,Western Crowned Warbler,0.6444,psl4,2024,05,13,09
657.0,660.0,Phylloscopus occipitalis,Western Crowned Warbler,0.8255,psl4,2024,05,13,09
660.0,663.0,Phylloscopus humei,Hume's Warbler,0.8971,psl4,2024,05,13,09
663.0,666.0,Phylloscopus occipitalis,Western Crowned Warbler,0.8626,psl4,2024,05,13,09
666.0,669.0,Phylloscopus humei,Hume's Warbler,0.8367,psl4,2024,05,13,09
672.0,675.0,Phylloscopus occipitalis,Western Crowned Warbler,0.6615,psl4,2024,05,13,09
681.0,684.0,Phylloscopus occipitalis,Western Crowned Warbler,0.6161,psl4,2024,05,13,09
705.0,708.0,Phylloscopus occipitalis,Western Crowned Warbler,0.5645,psl4,2024,05,13,09
717.0,720.0,Phylloscopus occipitalis,Western Crowned Warbler,0.5546,psl4,2024,05,13,09
726.0,729.0,Phylloscopus occipitalis,Western Crowned Warbler,0.626,psl4,2024,05,13,09
738.0,741.0,Anthus trivialis,Tree Pipit,0.5093,psl4,2024,05,13,09
750.0,753.0,Phylloscopus occipitalis,Western Crowned Warbler,0.8228,psl4,2024,05,13,09
756.0,759.0,Phylloscopus occipitalis,Western Crowned Warbler,0.9727,psl4,2024,05,13,09
759.0,762.0,Phylloscopus occipitalis,Western Crowned Warbler,0.5677,psl4,2024,05,13,09
768.0,771.0,Phylloscopus occipitalis,Western Crowned Warbler,0.6628,psl4,2024,05,13,09
771.0,774.0,Phylloscopus humei,Hume's Warbler,0.5921,psl4,2024,05,13,09
774.0,777.0,Phylloscopus occipitalis,Western Crowned Warbler,0.7949,psl4,2024,05,13,09
780.0,783.0,Phylloscopus humei,Hume's Warbler,0.9073,psl4,2024,05,13,09
783.0,786.0,Anthus hodgsoni,Olive-backed Pipit,0.9403,psl4,2024,05,13,09
786.0,789.0,Phylloscopus occipitalis,Western Crowned Warbler,0.7992,psl4,2024,05,13,09
798.0,801.0,Phylloscopus occipitalis,Western Crowned Warbler,0.5324,psl4,2024,05,13,09
807.0,810.0,Phylloscopus humei,Hume's Warbler,0.5095,psl4,2024,05,13,09
813.0,816.0,Phylloscopus occipitalis,Western Crowned Warbler,0.8776,psl4,2024,05,13,09
834.0,837.0,Phylloscopus humei,Hume's Warbler,0.8366,psl4,2024,05,13,09
843.0,846.0,Phylloscopus occipitalis,Western Crowned Warbler,0.5135,psl4,2024,05,13,09
852.0,855.0,Phylloscopus occipitalis,Western Crowned Warbler,0.6011,psl4,2024,05,13,09
873.0,876.0,Phylloscopus occipitalis,Western Crowned Warbler,0.9698,psl4,2024,05,13,09
885.0,888.0,Phylloscopus occipitalis,Western Crowned Warbler,0.8199,psl4,2024,05,13,09
888.0,891.0,Anthus hodgsoni,Olive-backed Pipit,0.5875,psl4,2024,05,13,09
3.0,6.0,Phylloscopus occipitalis,Western Crowned Warbler,0.7869,psl4,2024,05,14,06
9.0,12.0,Carpodacus erythrinus,Common Rosefinch,0.596,psl4,2024,05,14,06
18.0,21.0,Phylloscopus occipitalis,Western Crowned Warbler,0.7766,psl4,2024,05,14,06
30.0,33.0,Phylloscopus occipitalis,Western Crowned Warbler,0.6985,psl4,2024,05,14,06
36.0,39.0,Phylloscopus occipitalis,Western Crowned Warbler,0.8443,psl4,2024,05,14,06
45.0,48.0,Phylloscopus occipitalis,Western Crowned Warbler,0.725,psl4,2024,05,14,06
51.0,54.0,Phylloscopus occipitalis,Western Crowned Warbler,0.9326,psl4,2024,05,14,06
54.0,57.0,Phylloscopus humei,Hume's Warbler,0.7475,psl4,2024,05,14,06
57.0,60.0,Phylloscopus humei,Hume's Warbler,0.7126,psl4,2024,05,14,06
60.0,63.0,Phylloscopus occipitalis,Western Crowned Warbler,0.6527,psl4,2024,05,14,06
75.0,78.0,Phylloscopus occipitalis,Western Crowned Warbler,0.5791,psl4,2024,05,14,06
84.0,87.0,Phylloscopus humei,Hume's Warbler,0.6279,psl4,2024,05,14,06
99.0,102.0,Phylloscopus occipitalis,Western Crowned Warbler,0.5427,psl4,2024,05,14,06
105.0,108.0,Phylloscopus occipitalis,Western Crowned Warbler,0.728,psl4,2024,05,14,06
111.0,114.0,Phylloscopus occipitalis,Western Crowned Warbler,0.5363,psl4,2024,05,14,06
117.0,120.0,Phylloscopus occipitalis,Western Crowned Warbler,0.7957,psl4,2024,05,14,06
120.0,123.0,Phylloscopus occipitalis,Western Crowned Warbler,0.7437,psl4,2024,05,14,06
126.0,129.0,Phylloscopus occipitalis,Western Crowned Warbler,0.9444,psl4,2024,05,14,06
132.0,135.0,Phylloscopus occipitalis,Western Crowned Warbler,0.7312,psl4,2024,05,14,06
141.0,144.0,Phylloscopus occipitalis,Western Crowned Warbler,0.776,psl4,2024,05,14,06
147.0,150.0,Phylloscopus occipitalis,Western Crowned Warbler,0.8102,psl4,2024,05,14,06
153.0,156.0,Phylloscopus occipitalis,Western Crowned Warbler,0.808,psl4,2024,05,14,06
159.0,162.0,Phylloscopus occipitalis,Western Crowned Warbler,0.5225,psl4,2024,05,14,06
162.0,165.0,Phylloscopus occipitalis,Western Crowned Warbler,0.6897,psl4,2024,05,14,06
165.0,168.0,Phylloscopus occipitalis,Western Crowned Warbler,0.8721,psl4,2024,05,14,06
168.0,171.0,Phylloscopus occipitalis,Western Crowned Warbler,0.5554,psl4,2024,05,14,06
171.0,174.0,Phylloscopus occipitalis,Western Crowned Warbler,0.826,psl4,2024,05,14,06
177.0,180.0,Phylloscopus occipitalis,Western Crowned Warbler,0.7281,psl4,2024,05,14,06
180.0,183.0,Phylloscopus occipitalis,Western Crowned Warbler,0.7198,psl4,2024,05,14,06
186.0,189.0,Phylloscopus humei,Hume's Warbler,0.5869,psl4,2024,05,14,06
192.0,195.0,Phylloscopus occipitalis,Western Crowned Warbler,0.8724,psl4,2024,05,14,06
195.0,198.0,Phylloscopus occipitalis,Western Crowned Warbler,0.9402,psl4,2024,05,14,06
201.0,204.0,Phylloscopus occipitalis,Western Crowned Warbler,0.9133,psl4,2024,05,14,06
204.0,207.0,Phylloscopus occipitalis,Western Crowned Warbler,0.5367,psl4,2024,05,14,06
210.0,213.0,Phylloscopus occipitalis,Western Crowned Warbler,0.9676,psl4,2024,05,14,06
216.0,219.0,Phylloscopus occipitalis,Western Crowned Warbler,0.9689,psl4,2024,05,14,06
222.0,225.0,Phylloscopus occipitalis,Western Crowned Warbler,0.8982,psl4,2024,05,14,06
225.0,228.0,Phylloscopus occipitalis,Western Crowned Warbler,0.8633,psl4,2024,05,14,06
228.0,231.0,Phylloscopus occipitalis,Western Crowned Warbler,0.8874,psl4,2024,05,14,06
231.0,234.0,Phylloscopus occipitalis,Western Crowned Warbler,0.5927,psl4,2024,05,14,06
240.0,243.0,Phylloscopus occipitalis,Western Crowned Warbler,0.5937,psl4,2024,05,14,06
246.0,249.0,Phylloscopus occipitalis,Western Crowned Warbler,0.9174,psl4,2024,05,14,06
252.0,255.0,Phylloscopus occipitalis,Western Crowned Warbler,0.8174,psl4,2024,05,14,06
261.0,264.0,Phylloscopus tytleri,Tytler's Leaf Warbler,0.6078,psl4,2024,05,14,06
267.0,270.0,Phylloscopus occipitalis,Western Crowned Warbler,0.575,psl4,2024,05,14,06
270.0,273.0,Carpodacus erythrinus,Common Rosefinch,0.5215,psl4,2024,05,14,06
282.0,285.0,Phylloscopus occipitalis,Western Crowned Warbler,0.8467,psl4,2024,05,14,06
288.0,291.0,Phylloscopus occipitalis,Western Crowned Warbler,0.7397,psl4,2024,05,14,06
294.0,297.0,Phylloscopus occipitalis,Western Crowned Warbler,0.9426,psl4,2024,05,14,06
297.0,300.0,Phylloscopus occipitalis,Western Crowned Warbler,0.9727,psl4,2024,05,14,06
303.0,306.0,Phylloscopus occipitalis,Western Crowned Warbler,0.9255,psl4,2024,05,14,06
306.0,309.0,Phylloscopus occipitalis,Western Crowned Warbler,0.9762,psl4,2024,05,14,06
315.0,318.0,Carpodacus erythrinus,Common Rosefinch,0.5,psl4,2024,05,14,06
321.0,324.0,Phylloscopus occipitalis,Western Crowned Warbler,0.6302,psl4,2024,05,14,06
324.0,327.0,Phylloscopus occipitalis,Western Crowned Warbler,0.8196,psl4,2024,05,14,06
330.0,333.0,Phylloscopus occipitalis,Western Crowned Warbler,0.6346,psl4,2024,05,14,06
339.0,342.0,Phylloscopus occipitalis,Western Crowned Warbler,0.9517,psl4,2024,05,14,06
342.0,345.0,Carpodacus erythrinus,Common Rosefinch,0.5619,psl4,2024,05,14,06
345.0,348.0,Phylloscopus occipitalis,Western Crowned Warbler,0.6755,psl4,2024,05,14,06
354.0,357.0,Phylloscopus occipitalis,Western Crowned Warbler,0.7389,psl4,2024,05,14,06
357.0,360.0,Prunella strophiata,Rufous-breasted Accentor,0.7021,psl4,2024,05,14,06
360.0,363.0,Phylloscopus occipitalis,Western Crowned Warbler,0.9895,psl4,2024,05,14,06
369.0,372.0,Phylloscopus occipitalis,Western Crowned Warbler,0.97,psl4,2024,05,14,06
372.0,375.0,Carpodacus erythrinus,Common Rosefinch,0.8882,psl4,2024,05,14,06
378.0,381.0,Phylloscopus occipitalis,Western Crowned Warbler,0.8513,psl4,2024,05,14,06
384.0,387.0,Phylloscopus occipitalis,Western Crowned Warbler,0.706,psl4,2024,05,14,06
387.0,390.0,Phylloscopus occipitalis,Western Crowned Warbler,0.8277,psl4,2024,05,14,06
390.0,393.0,Phylloscopus occipitalis,Western Crowned Warbler,0.9462,psl4,2024,05,14,06
393.0,396.0,Phylloscopus occipitalis,Western Crowned Warbler,0.5795,psl4,2024,05,14,06
399.0,402.0,Phylloscopus occipitalis,Western Crowned Warbler,0.903,psl4,2024,05,14,06
402.0,405.0,Carpodacus erythrinus,Common Rosefinch,0.7644,psl4,2024,05,14,06
405.0,408.0,Phylloscopus humei,Hume's Warbler,0.9087,psl4,2024,05,14,06
408.0,411.0,Phylloscopus occipitalis,Western Crowned Warbler,0.9754,psl4,2024,05,14,06
414.0,417.0,Phylloscopus humei,Hume's Warbler,0.5187,psl4,2024,05,14,06
417.0,420.0,Phylloscopus occipitalis,Western Crowned Warbler,0.9927,psl4,2024,05,14,06
429.0,432.0,Phylloscopus occipitalis,Western Crowned Warbler,0.9115,psl4,2024,05,14,06
432.0,435.0,Phylloscopus humei,Hume's Warbler,0.7234,psl4,2024,05,14,06
435.0,438.0,Phylloscopus occipitalis,Western Crowned Warbler,0.9667,psl4,2024,05,14,06
438.0,441.0,Phylloscopus occipitalis,Western Crowned Warbler,0.8947,psl4,2024,05,14,06
438.0,441.0,Protonotaria citrea,Prothonotary Warbler,0.5633,psl4,2024,05,14,06
441.0,444.0,Phylloscopus humei,Hume's Warbler,0.7729,psl4,2024,05,14,06
444.0,447.0,Phylloscopus occipitalis,Western Crowned Warbler,0.9954,psl4,2024,05,14,06
450.0,453.0,Phylloscopus humei,Hume's Warbler,0.9087,psl4,2024,05,14,06
453.0,456.0,Phylloscopus occipitalis,Western Crowned Warbler,0.9875,psl4,2024,05,14,06
459.0,462.0,Phylloscopus occipitalis,Western Crowned Warbler,0.7847,psl4,2024,05,14,06
462.0,465.0,Phylloscopus occipitalis,Western Crowned Warbler,0.9295,psl4,2024,05,14,06
468.0,471.0,Phylloscopus occipitalis,Western Crowned Warbler,0.9268,psl4,2024,05,14,06
474.0,477.0,Phylloscopus occipitalis,Western Crowned Warbler,0.9843,psl4,2024,05,14,06
486.0,489.0,Phylloscopus occipitalis,Western Crowned Warbler,0.9454,psl4,2024,05,14,06
489.0,492.0,Phylloscopus occipitalis,Western Crowned Warbler,0.7197,psl4,2024,05,14,06
492.0,495.0,Phylloscopus occipitalis,Western Crowned Warbler,0.9689,psl4,2024,05,14,06
501.0,504.0,Phylloscopus occipitalis,Western Crowned Warbler,0.789,psl4,2024,05,14,06
507.0,510.0,Phylloscopus occipitalis,Western Crowned Warbler,0.6978,psl4,2024,05,14,06
513.0,516.0,Phylloscopus occipitalis,Western Crowned Warbler,0.9486,psl4,2024,05,14,06
519.0,522.0,Prunella strophiata,Rufous-breasted Accentor,0.7397,psl4,2024,05,14,06
522.0,525.0,Prunella strophiata,Rufous-breasted Accentor,0.8923,psl4,2024,05,14,06
522.0,525.0,Phoenicurus frontalis,Blue-fronted Redstart,0.6593,psl4,2024,05,14,06
528.0,531.0,Phylloscopus humei,Hume's Warbler,0.9769,psl4,2024,05,14,06
531.0,534.0,Phylloscopus occipitalis,Western Crowned Warbler,0.5726,psl4,2024,05,14,06
534.0,537.0,Phylloscopus occipitalis,Western Crowned Warbler,0.8363,psl4,2024,05,14,06
540.0,543.0,Phylloscopus occipitalis,Western Crowned Warbler,0.846,psl4,2024,05,14,06
546.0,549.0,Phylloscopus occipitalis,Western Crowned Warbler,0.987,psl4,2024,05,14,06
549.0,552.0,Phylloscopus occipitalis,Western Crowned Warbler,0.8886,psl4,2024,05,14,06
555.0,558.0,Phylloscopus occipitalis,Western Crowned Warbler,0.9224,psl4,2024,05,14,06
561.0,564.0,Phylloscopus occipitalis,Western Crowned Warbler,0.7517,psl4,2024,05,14,06
564.0,567.0,Phylloscopus occipitalis,Western Crowned Warbler,0.9249,psl4,2024,05,14,06
570.0,573.0,Phylloscopus occipitalis,Western Crowned Warbler,0.9572,psl4,2024,05,14,06
579.0,582.0,Phylloscopus occipitalis,Western Crowned Warbler,0.7808,psl4,2024,05,14,06
585.0,588.0,Phylloscopus occipitalis,Western Crowned Warbler,0.8849,psl4,2024,05,14,06
591.0,594.0,Phylloscopus occipitalis,Western Crowned Warbler,0.9103,psl4,2024,05,14,06
594.0,597.0,Phylloscopus occipitalis,Western Crowned Warbler,0.7907,psl4,2024,05,14,06
603.0,606.0,Prunella strophiata,Rufous-breasted Accentor,0.5335,psl4,2024,05,14,06
606.0,609.0,Phylloscopus occipitalis,Western Crowned Warbler,0.898,psl4,2024,05,14,06
609.0,612.0,Phylloscopus occipitalis,Western Crowned Warbler,0.6666,psl4,2024,05,14,06
615.0,618.0,Phylloscopus occipitalis,Western Crowned Warbler,0.9813,psl4,2024,05,14,06
621.0,624.0,Phylloscopus occipitalis,Western Crowned Warbler,0.9534,psl4,2024,05,14,06
624.0,627.0,Phylloscopus occipitalis,Western Crowned Warbler,0.974,psl4,2024,05,14,06
630.0,633.0,Phylloscopus occipitalis,Western Crowned Warbler,0.8298,psl4,2024,05,14,06
636.0,639.0,Phylloscopus occipitalis,Western Crowned Warbler,0.6826,psl4,2024,05,14,06
639.0,642.0,Phylloscopus occipitalis,Western Crowned Warbler,0.8065,psl4,2024,05,14,06
642.0,645.0,Phylloscopus occipitalis,Western Crowned Warbler,0.6709,psl4,2024,05,14,06
645.0,648.0,Phylloscopus occipitalis,Western Crowned Warbler,0.9243,psl4,2024,05,14,06
651.0,654.0,Phylloscopus occipitalis,Western Crowned Warbler,0.9891,psl4,2024,05,14,06
654.0,657.0,Phylloscopus occipitalis,Western Crowned Warbler,0.9802,psl4,2024,05,14,06
660.0,663.0,Phylloscopus occipitalis,Western Crowned Warbler,0.9563,psl4,2024,05,14,06
669.0,672.0,Phylloscopus occipitalis,Western Crowned Warbler,0.593,psl4,2024,05,14,06
672.0,675.0,Phylloscopus occipitalis,Western Crowned Warbler,0.9852,psl4,2024,05,14,06
678.0,681.0,Phylloscopus occipitalis,Western Crowned Warbler,0.9864,psl4,2024,05,14,06
681.0,684.0,Phylloscopus occipitalis,Western Crowned Warbler,0.8586,psl4,2024,05,14,06
684.0,687.0,Phylloscopus occipitalis,Western Crowned Warbler,0.9274,psl4,2024,05,14,06
687.0,690.0,Phylloscopus occipitalis,Western Crowned Warbler,0.9048,psl4,2024,05,14,06
693.0,696.0,Phylloscopus occipitalis,Western Crowned Warbler,0.9673,psl4,2024,05,14,06
699.0,702.0,Phylloscopus occipitalis,Western Crowned Warbler,0.9823,psl4,2024,05,14,06
708.0,711.0,Phylloscopus occipitalis,Western Crowned Warbler,0.8393,psl4,2024,05,14,06
711.0,714.0,Phylloscopus occipitalis,Western Crowned Warbler,0.7746,psl4,2024,05,14,06
714.0,717.0,Phylloscopus occipitalis,Western Crowned Warbler,0.5168,psl4,2024,05,14,06
717.0,720.0,Phylloscopus occipitalis,Western Crowned Warbler,0.9021,psl4,2024,05,14,06
720.0,723.0,Phylloscopus occipitalis,Western Crowned Warbler,0.8709,psl4,2024,05,14,06
723.0,726.0,Phylloscopus occipitalis,Western Crowned Warbler,0.7385,psl4,2024,05,14,06
726.0,729.0,Phylloscopus occipitalis,Western Crowned Warbler,0.9307,psl4,2024,05,14,06
732.0,735.0,Phylloscopus occipitalis,Western Crowned Warbler,0.8428,psl4,2024,05,14,06
735.0,738.0,Prunella strophiata,Rufous-breasted Accentor,0.7111,psl4,2024,05,14,06
738.0,741.0,Phylloscopus occipitalis,Western Crowned Warbler,0.9457,psl4,2024,05,14,06
747.0,750.0,Phylloscopus occipitalis,Western Crowned Warbler,0.9889,psl4,2024,05,14,06
753.0,756.0,Phylloscopus occipitalis,Western Crowned Warbler,0.938,psl4,2024,05,14,06
759.0,762.0,Phylloscopus occipitalis,Western Crowned Warbler,0.8107,psl4,2024,05,14,06
762.0,765.0,Phylloscopus occipitalis,Western Crowned Warbler,0.9827,psl4,2024,05,14,06
768.0,771.0,Phylloscopus occipitalis,Western Crowned Warbler,0.7305,psl4,2024,05,14,06
774.0,777.0,Phylloscopus occipitalis,Western Crowned Warbler,0.9637,psl4,2024,05,14,06
783.0,786.0,Phylloscopus occipitalis,Western Crowned Warbler,0.9528,psl4,2024,05,14,06
786.0,789.0,Phylloscopus occipitalis,Western Crowned Warbler,0.7956,psl4,2024,05,14,06
789.0,792.0,Phylloscopus occipitalis,Western Crowned Warbler,0.9626,psl4,2024,05,14,06
795.0,798.0,Phylloscopus occipitalis,Western Crowned Warbler,0.9921,psl4,2024,05,14,06
798.0,801.0,Phylloscopus occipitalis,Western Crowned Warbler,0.978,psl4,2024,05,14,06
801.0,804.0,Phylloscopus occipitalis,Western Crowned Warbler,0.9946,psl4,2024,05,14,06
804.0,807.0,Phylloscopus occipitalis,Western Crowned Warbler,0.9662,psl4,2024,05,14,06
807.0,810.0,Phylloscopus occipitalis,Western Crowned Warbler,0.8221,psl4,2024,05,14,06
810.0,813.0,Phylloscopus occipitalis,Western Crowned Warbler,0.9652,psl4,2024,05,14,06
813.0,816.0,Phylloscopus occipitalis,Western Crowned Warbler,0.9882,psl4,2024,05,14,06
819.0,822.0,Phylloscopus occipitalis,Western Crowned Warbler,0.9936,psl4,2024,05,14,06
825.0,828.0,Phylloscopus occipitalis,Western Crowned Warbler,0.9296,psl4,2024,05,14,06
828.0,831.0,Carpodacus erythrinus,Common Rosefinch,0.7903,psl4,2024,05,14,06
831.0,834.0,Phylloscopus occipitalis,Western Crowned Warbler,0.9872,psl4,2024,05,14,06
837.0,840.0,Phylloscopus occipitalis,Western Crowned Warbler,0.7654,psl4,2024,05,14,06
840.0,843.0,Phylloscopus occipitalis,Western Crowned Warbler,0.9855,psl4,2024,05,14,06
846.0,849.0,Phylloscopus occipitalis,Western Crowned Warbler,0.9948,psl4,2024,05,14,06
852.0,855.0,Phylloscopus occipitalis,Western Crowned Warbler,0.635,psl4,2024,05,14,06
855.0,858.0,Carpodacus erythrinus,Common Rosefinch,0.8661,psl4,2024,05,14,06
861.0,864.0,Phylloscopus occipitalis,Western Crowned Warbler,0.9938,psl4,2024,05,14,06
876.0,879.0,Phylloscopus occipitalis,Western Crowned Warbler,0.7795,psl4,2024,05,14,06
879.0,882.0,Carpodacus erythrinus,Common Rosefinch,0.9752,psl4,2024,05,14,06
882.0,885.0,Phylloscopus occipitalis,Western Crowned Warbler,0.8188,psl4,2024,05,14,06
885.0,888.0,Carpodacus erythrinus,Common Rosefinch,0.8907,psl4,2024,05,14,06
888.0,891.0,Phylloscopus occipitalis,Western Crowned Warbler,0.962,psl4,2024,05,14,06
891.0,894.0,Carpodacus erythrinus,Common Rosefinch,0.7647,psl4,2024,05,14,06
894.0,897.0,Phylloscopus occipitalis,Western Crowned Warbler,0.9342,psl4,2024,05,14,06
12.0,15.0,Phylloscopus occipitalis,Western Crowned Warbler,0.5789,psl4,2024,05,14,07
15.0,18.0,Phylloscopus occipitalis,Western Crowned Warbler,0.7884,psl4,2024,05,14,07
18.0,21.0,Carpodacus erythrinus,Common Rosefinch,0.8779,psl4,2024,05,14,07
21.0,24.0,Phylloscopus occipitalis,Western Crowned Warbler,0.9203,psl4,2024,05,14,07
24.0,27.0,Carpodacus erythrinus,Common Rosefinch,0.877,psl4,2024,05,14,07
30.0,33.0,Phylloscopus occipitalis,Western Crowned Warbler,0.6128,psl4,2024,05,14,07
36.0,39.0,Protonotaria citrea,Prothonotary Warbler,0.7535,psl4,2024,05,14,07
39.0,42.0,Phylloscopus occipitalis,Western Crowned Warbler,0.7697,psl4,2024,05,14,07
42.0,45.0,Carpodacus erythrinus,Common Rosefinch,0.883,psl4,2024,05,14,07
45.0,48.0,Phylloscopus occipitalis,Western Crowned Warbler,0.7386,psl4,2024,05,14,07
57.0,60.0,Phylloscopus occipitalis,Western Crowned Warbler,0.9708,psl4,2024,05,14,07
60.0,63.0,Phylloscopus occipitalis,Western Crowned Warbler,0.9535,psl4,2024,05,14,07
66.0,69.0,Phylloscopus occipitalis,Western Crowned Warbler,0.8234,psl4,2024,05,14,07
69.0,72.0,Carpodacus erythrinus,Common Rosefinch,0.7387,psl4,2024,05,14,07
72.0,75.0,Phylloscopus occipitalis,Western Crowned Warbler,0.9924,psl4,2024,05,14,07
84.0,87.0,Phylloscopus occipitalis,Western Crowned Warbler,0.8076,psl4,2024,05,14,07
87.0,90.0,Phylloscopus occipitalis,Western Crowned Warbler,0.726,psl4,2024,05,14,07
90.0,93.0,Carpodacus erythrinus,Common Rosefinch,0.71,psl4,2024,05,14,07
93.0,96.0,Phylloscopus occipitalis,Western Crowned Warbler,0.5114,psl4,2024,05,14,07
96.0,99.0,Phylloscopus occipitalis,Western Crowned Warbler,0.9479,psl4,2024,05,14,07
99.0,102.0,Phylloscopus occipitalis,Western Crowned Warbler,0.8835,psl4,2024,05,14,07
102.0,105.0,Phylloscopus occipitalis,Western Crowned Warbler,0.7745,psl4,2024,05,14,07
105.0,108.0,Phylloscopus occipitalis,Western Crowned Warbler,0.9412,psl4,2024,05,14,07
108.0,111.0,Phylloscopus occipitalis,Western Crowned Warbler,0.8496,psl4,2024,05,14,07
114.0,117.0,Protonotaria citrea,Prothonotary Warbler,0.6704,psl4,2024,05,14,07
117.0,120.0,Carpodacus erythrinus,Common Rosefinch,0.5631,psl4,2024,05,14,07
126.0,129.0,Phylloscopus occipitalis,Western Crowned Warbler,0.9173,psl4,2024,05,14,07
129.0,132.0,Phylloscopus occipitalis,Western Crowned Warbler,0.8408,psl4,2024,05,14,07
135.0,138.0,Phylloscopus occipitalis,Western Crowned Warbler,0.8007,psl4,2024,05,14,07
168.0,171.0,Phylloscopus occipitalis,Western Crowned Warbler,0.7301,psl4,2024,05,14,07
177.0,180.0,Protonotaria citrea,Prothonotary Warbler,0.779,psl4,2024,05,14,07
201.0,204.0,Phylloscopus humei,Hume's Warbler,0.6003,psl4,2024,05,14,07
240.0,243.0,Prinia socialis,Ashy Prinia,0.6327,psl4,2024,05,14,07
264.0,267.0,Carpodacus erythrinus,Common Rosefinch,0.8697,psl4,2024,05,14,07
273.0,276.0,Carpodacus erythrinus,Common Rosefinch,0.969,psl4,2024,05,14,07
276.0,279.0,Carpodacus erythrinus,Common Rosefinch,0.7118,psl4,2024,05,14,07
279.0,282.0,Carpodacus erythrinus,Common Rosefinch,0.6464,psl4,2024,05,14,07
282.0,285.0,Carpodacus erythrinus,Common Rosefinch,0.8167,psl4,2024,05,14,07
285.0,288.0,Carpodacus erythrinus,Common Rosefinch,0.7612,psl4,2024,05,14,07
291.0,294.0,Carpodacus erythrinus,Common Rosefinch,0.8965,psl4,2024,05,14,07
297.0,300.0,Carpodacus erythrinus,Common Rosefinch,0.7537,psl4,2024,05,14,07
303.0,306.0,Carpodacus erythrinus,Common Rosefinch,0.9519,psl4,2024,05,14,07
306.0,309.0,Phylloscopus humei,Hume's Warbler,0.9355,psl4,2024,05,14,07
309.0,312.0,Carpodacus erythrinus,Common Rosefinch,0.8058,psl4,2024,05,14,07
312.0,315.0,Carpodacus erythrinus,Common Rosefinch,0.7957,psl4,2024,05,14,07
315.0,318.0,Carpodacus erythrinus,Common Rosefinch,0.7873,psl4,2024,05,14,07
321.0,324.0,Phylloscopus humei,Hume's Warbler,0.9131,psl4,2024,05,14,07
330.0,333.0,Phylloscopus occipitalis,Western Crowned Warbler,0.5482,psl4,2024,05,14,07
336.0,339.0,Carpodacus erythrinus,Common Rosefinch,0.9216,psl4,2024,05,14,07
339.0,342.0,Carpodacus erythrinus,Common Rosefinch,0.9507,psl4,2024,05,14,07
345.0,348.0,Carpodacus erythrinus,Common Rosefinch,0.9428,psl4,2024,05,14,07
348.0,351.0,Phylloscopus occipitalis,Western Crowned Warbler,0.913,psl4,2024,05,14,07
351.0,354.0,Carpodacus erythrinus,Common Rosefinch,0.8856,psl4,2024,05,14,07
363.0,366.0,Carpodacus erythrinus,Common Rosefinch,0.5292,psl4,2024,05,14,07
414.0,417.0,Carpodacus erythrinus,Common Rosefinch,0.7608,psl4,2024,05,14,07
426.0,429.0,Phylloscopus occipitalis,Western Crowned Warbler,0.5699,psl4,2024,05,14,07
435.0,438.0,Carpodacus erythrinus,Common Rosefinch,0.9183,psl4,2024,05,14,07
441.0,444.0,Carpodacus erythrinus,Common Rosefinch,0.8511,psl4,2024,05,14,07
447.0,450.0,Carpodacus erythrinus,Common Rosefinch,0.5402,psl4,2024,05,14,07
453.0,456.0,Carpodacus erythrinus,Common Rosefinch,0.6678,psl4,2024,05,14,07
456.0,459.0,Carpodacus erythrinus,Common Rosefinch,0.5676,psl4,2024,05,14,07
459.0,462.0,Phylloscopus occipitalis,Western Crowned Warbler,0.9564,psl4,2024,05,14,07
462.0,465.0,Carpodacus erythrinus,Common Rosefinch,0.5871,psl4,2024,05,14,07
465.0,468.0,Phylloscopus occipitalis,Western Crowned Warbler,0.7365,psl4,2024,05,14,07
468.0,471.0,Carpodacus erythrinus,Common Rosefinch,0.9675,psl4,2024,05,14,07
471.0,474.0,Phylloscopus occipitalis,Western Crowned Warbler,0.774,psl4,2024,05,14,07
474.0,477.0,Carpodacus erythrinus,Common Rosefinch,0.8122,psl4,2024,05,14,07
477.0,480.0,Carpodacus erythrinus,Common Rosefinch,0.7952,psl4,2024,05,14,07
480.0,483.0,Carpodacus erythrinus,Common Rosefinch,0.8791,psl4,2024,05,14,07
486.0,489.0,Carpodacus erythrinus,Common Rosefinch,0.9376,psl4,2024,05,14,07
492.0,495.0,Carpodacus erythrinus,Common Rosefinch,0.8992,psl4,2024,05,14,07
495.0,498.0,Phylloscopus occipitalis,Western Crowned Warbler,0.5366,psl4,2024,05,14,07
504.0,507.0,Carpodacus erythrinus,Common Rosefinch,0.9614,psl4,2024,05,14,07
507.0,510.0,Carpodacus erythrinus,Common Rosefinch,0.9233,psl4,2024,05,14,07
516.0,519.0,Carpodacus erythrinus,Common Rosefinch,0.9155,psl4,2024,05,14,07
522.0,525.0,Carpodacus erythrinus,Common Rosefinch,0.5625,psl4,2024,05,14,07
525.0,528.0,Carpodacus erythrinus,Common Rosefinch,0.5413,psl4,2024,05,14,07
528.0,531.0,Carpodacus erythrinus,Common Rosefinch,0.5973,psl4,2024,05,14,07
534.0,537.0,Carpodacus erythrinus,Common Rosefinch,0.8461,psl4,2024,05,14,07
537.0,540.0,Protonotaria citrea,Prothonotary Warbler,0.8366,psl4,2024,05,14,07
543.0,546.0,Carpodacus erythrinus,Common Rosefinch,0.8268,psl4,2024,05,14,07
552.0,555.0,Carpodacus erythrinus,Common Rosefinch,0.582,psl4,2024,05,14,07
555.0,558.0,Carpodacus erythrinus,Common Rosefinch,0.8961,psl4,2024,05,14,07
558.0,561.0,Carpodacus erythrinus,Common Rosefinch,0.877,psl4,2024,05,14,07
564.0,567.0,Carpodacus erythrinus,Common Rosefinch,0.9388,psl4,2024,05,14,07
570.0,573.0,Carpodacus erythrinus,Common Rosefinch,0.9277,psl4,2024,05,14,07
573.0,576.0,Protonotaria citrea,Prothonotary Warbler,0.638,psl4,2024,05,14,07
582.0,585.0,Carpodacus erythrinus,Common Rosefinch,0.8199,psl4,2024,05,14,07
588.0,591.0,Carpodacus erythrinus,Common Rosefinch,0.8887,psl4,2024,05,14,07
591.0,594.0,Carpodacus erythrinus,Common Rosefinch,0.8928,psl4,2024,05,14,07
597.0,600.0,Carpodacus erythrinus,Common Rosefinch,0.5487,psl4,2024,05,14,07
600.0,603.0,Carpodacus erythrinus,Common Rosefinch,0.6022,psl4,2024,05,14,07
606.0,609.0,Carpodacus erythrinus,Common Rosefinch,0.9198,psl4,2024,05,14,07
612.0,615.0,Carpodacus erythrinus,Common Rosefinch,0.5573,psl4,2024,05,14,07
615.0,618.0,Carpodacus erythrinus,Common Rosefinch,0.6404,psl4,2024,05,14,07
624.0,627.0,Carpodacus erythrinus,Common Rosefinch,0.7327,psl4,2024,05,14,07
630.0,633.0,Carpodacus erythrinus,Common Rosefinch,0.8966,psl4,2024,05,14,07
642.0,645.0,Carpodacus erythrinus,Common Rosefinch,0.9453,psl4,2024,05,14,07
648.0,651.0,Carpodacus erythrinus,Common Rosefinch,0.9369,psl4,2024,05,14,07
660.0,663.0,Phylloscopus occipitalis,Western Crowned Warbler,0.8776,psl4,2024,05,14,07
666.0,669.0,Phylloscopus occipitalis,Western Crowned Warbler,0.8147,psl4,2024,05,14,07
669.0,672.0,Phylloscopus occipitalis,Western Crowned Warbler,0.8794,psl4,2024,05,14,07
672.0,675.0,Phylloscopus occipitalis,Western Crowned Warbler,0.9759,psl4,2024,05,14,07
675.0,678.0,Phylloscopus occipitalis,Western Crowned Warbler,0.7703,psl4,2024,05,14,07
678.0,681.0,Phylloscopus occipitalis,Western Crowned Warbler,0.6687,psl4,2024,05,14,07
693.0,696.0,Phylloscopus occipitalis,Western Crowned Warbler,0.6693,psl4,2024,05,14,07
708.0,711.0,Phylloscopus humei,Hume's Warbler,0.7201,psl4,2024,05,14,07
714.0,717.0,Phylloscopus occipitalis,Western Crowned Warbler,0.6625,psl4,2024,05,14,07
717.0,720.0,Phylloscopus humei,Hume's Warbler,0.63,psl4,2024,05,14,07
729.0,732.0,Phylloscopus occipitalis,Western Crowned Warbler,0.5874,psl4,2024,05,14,07
732.0,735.0,Phylloscopus occipitalis,Western Crowned Warbler,0.8088,psl4,2024,05,14,07
732.0,735.0,Phylloscopus humei,Hume's Warbler,0.7988,psl4,2024,05,14,07
735.0,738.0,Phylloscopus occipitalis,Western Crowned Warbler,0.9209,psl4,2024,05,14,07
741.0,744.0,Phylloscopus occipitalis,Western Crowned Warbler,0.9215,psl4,2024,05,14,07
741.0,744.0,Phylloscopus humei,Hume's Warbler,0.6288,psl4,2024,05,14,07
744.0,747.0,Phylloscopus occipitalis,Western Crowned Warbler,0.8473,psl4,2024,05,14,07
750.0,753.0,Phylloscopus humei,Hume's Warbler,0.7719,psl4,2024,05,14,07
759.0,762.0,Phylloscopus humei,Hume's Warbler,0.7104,psl4,2024,05,14,07
762.0,765.0,Phylloscopus humei,Hume's Warbler,0.5819,psl4,2024,05,14,07
765.0,768.0,Phylloscopus humei,Hume's Warbler,0.9222,psl4,2024,05,14,07
774.0,777.0,Phylloscopus humei,Hume's Warbler,0.9967,psl4,2024,05,14,07
777.0,780.0,Phylloscopus occipitalis,Western Crowned Warbler,0.7881,psl4,2024,05,14,07
780.0,783.0,Phylloscopus humei,Hume's Warbler,0.7546,psl4,2024,05,14,07
786.0,789.0,Phylloscopus occipitalis,Western Crowned Warbler,0.9786,psl4,2024,05,14,07
789.0,792.0,Phylloscopus humei,Hume's Warbler,0.938,psl4,2024,05,14,07
792.0,795.0,Phylloscopus occipitalis,Western Crowned Warbler,0.8507,psl4,2024,05,14,07
795.0,798.0,Phylloscopus occipitalis,Western Crowned Warbler,0.6157,psl4,2024,05,14,07
798.0,801.0,Phylloscopus humei,Hume's Warbler,0.9276,psl4,2024,05,14,07
816.0,819.0,Phylloscopus humei,Hume's Warbler,0.969,psl4,2024,05,14,07
819.0,822.0,Phylloscopus humei,Hume's Warbler,0.9492,psl4,2024,05,14,07
831.0,834.0,Phylloscopus occipitalis,Western Crowned Warbler,0.9499,psl4,2024,05,14,07
834.0,837.0,Phylloscopus humei,Hume's Warbler,0.9821,psl4,2024,05,14,07
837.0,840.0,Phylloscopus occipitalis,Western Crowned Warbler,0.5863,psl4,2024,05,14,07
840.0,843.0,Phylloscopus occipitalis,Western Crowned Warbler,0.5696,psl4,2024,05,14,07
843.0,846.0,Phylloscopus humei,Hume's Warbler,0.7802,psl4,2024,05,14,07
846.0,849.0,Phylloscopus humei,Hume's Warbler,0.9224,psl4,2024,05,14,07
849.0,852.0,Phylloscopus humei,Hume's Warbler,0.8163,psl4,2024,05,14,07
852.0,855.0,Phylloscopus humei,Hume's Warbler,0.9999,psl4,2024,05,14,07
855.0,858.0,Phylloscopus humei,Hume's Warbler,0.8983,psl4,2024,05,14,07
861.0,864.0,Phylloscopus humei,Hume's Warbler,0.9338,psl4,2024,05,14,07
864.0,867.0,Phylloscopus occipitalis,Western Crowned Warbler,0.8175,psl4,2024,05,14,07
870.0,873.0,Phylloscopus humei,Hume's Warbler,0.684,psl4,2024,05,14,07
873.0,876.0,Phylloscopus occipitalis,Western Crowned Warbler,0.8785,psl4,2024,05,14,07
879.0,882.0,Phylloscopus humei,Hume's Warbler,0.9458,psl4,2024,05,14,07
882.0,885.0,Phylloscopus occipitalis,Western Crowned Warbler,0.9876,psl4,2024,05,14,07
888.0,891.0,Phylloscopus occipitalis,Western Crowned Warbler,0.7508,psl4,2024,05,14,07
891.0,894.0,Phylloscopus humei,Hume's Warbler,0.9924,psl4,2024,05,14,07
894.0,897.0,Phylloscopus occipitalis,Western Crowned Warbler,0.9222,psl4,2024,05,14,07
897.0,900.0,Phylloscopus humei,Hume's Warbler,0.9796,psl4,2024,05,14,07
0.0,3.0,Phylloscopus occipitalis,Western Crowned Warbler,0.9558,psl4,2024,05,14,08
0.0,3.0,Phylloscopus reguloides,Blyth's Leaf Warbler,0.7975,psl4,2024,05,14,08
6.0,9.0,Phylloscopus occipitalis,Western Crowned Warbler,0.9956,psl4,2024,05,14,08
9.0,12.0,Phylloscopus occipitalis,Western Crowned Warbler,0.98,psl4,2024,05,14,08
9.0,12.0,Phylloscopus reguloides,Blyth's Leaf Warbler,0.7152,psl4,2024,05,14,08
15.0,18.0,Phylloscopus occipitalis,Western Crowned Warbler,0.9963,psl4,2024,05,14,08
18.0,21.0,Phylloscopus occipitalis,Western Crowned Warbler,0.9236,psl4,2024,05,14,08
18.0,21.0,Phylloscopus reguloides,Blyth's Leaf Warbler,0.5309,psl4,2024,05,14,08
24.0,27.0,Phylloscopus occipitalis,Western Crowned Warbler,0.9922,psl4,2024,05,14,08
27.0,30.0,Prunella strophiata,Rufous-breasted Accentor,0.8737,psl4,2024,05,14,08
30.0,33.0,Phylloscopus occipitalis,Western Crowned Warbler,0.9906,psl4,2024,05,14,08
33.0,36.0,Phylloscopus occipitalis,Western Crowned Warbler,0.9749,psl4,2024,05,14,08
33.0,36.0,Protonotaria citrea,Prothonotary Warbler,0.5052,psl4,2024,05,14,08
39.0,42.0,Phylloscopus occipitalis,Western Crowned Warbler,0.9856,psl4,2024,05,14,08
45.0,48.0,Phylloscopus occipitalis,Western Crowned Warbler,0.9945,psl4,2024,05,14,08
54.0,57.0,Phylloscopus occipitalis,Western Crowned Warbler,0.9689,psl4,2024,05,14,08
69.0,72.0,Phylloscopus occipitalis,Western Crowned Warbler,0.9954,psl4,2024,05,14,08
69.0,72.0,Phylloscopus reguloides,Blyth's Leaf Warbler,0.5415,psl4,2024,05,14,08
75.0,78.0,Phylloscopus occipitalis,Western Crowned Warbler,0.9984,psl4,2024,05,14,08
78.0,81.0,Phylloscopus humei,Hume's Warbler,0.6449,psl4,2024,05,14,08
84.0,87.0,Phylloscopus occipitalis,Western Crowned Warbler,0.9914,psl4,2024,05,14,08
90.0,93.0,Phylloscopus reguloides,Blyth's Leaf Warbler,0.6089,psl4,2024,05,14,08
93.0,96.0,Phylloscopus reguloides,Blyth's Leaf Warbler,0.724,psl4,2024,05,14,08
93.0,96.0,Phylloscopus occipitalis,Western Crowned Warbler,0.61,psl4,2024,05,14,08
102.0,105.0,Phylloscopus occipitalis,Western Crowned Warbler,0.9955,psl4,2024,05,14,08
105.0,108.0,Phylloscopus occipitalis,Western Crowned Warbler,0.955,psl4,2024,05,14,08
111.0,114.0,Phylloscopus occipitalis,Western Crowned Warbler,0.9964,psl4,2024,05,14,08
120.0,123.0,Phylloscopus occipitalis,Western Crowned Warbler,0.9626,psl4,2024,05,14,08
126.0,129.0,Phylloscopus occipitalis,Western Crowned Warbler,0.9853,psl4,2024,05,14,08
126.0,129.0,Phylloscopus reguloides,Blyth's Leaf Warbler,0.5511,psl4,2024,05,14,08
132.0,135.0,Phylloscopus occipitalis,Western Crowned Warbler,0.5485,psl4,2024,05,14,08
135.0,138.0,Phylloscopus occipitalis,Western Crowned Warbler,0.9927,psl4,2024,05,14,08
141.0,144.0,Phylloscopus occipitalis,Western Crowned Warbler,0.7237,psl4,2024,05,14,08
144.0,147.0,Phylloscopus occipitalis,Western Crowned Warbler,0.9876,psl4,2024,05,14,08
147.0,150.0,Phylloscopus occipitalis,Western Crowned Warbler,0.5102,psl4,2024,05,14,08
153.0,156.0,Phylloscopus occipitalis,Western Crowned Warbler,0.9936,psl4,2024,05,14,08
159.0,162.0,Phylloscopus occipitalis,Western Crowned Warbler,0.6913,psl4,2024,05,14,08
162.0,165.0,Phylloscopus occipitalis,Western Crowned Warbler,0.9652,psl4,2024,05,14,08
168.0,171.0,Phylloscopus occipitalis,Western Crowned Warbler,0.9862,psl4,2024,05,14,08
171.0,174.0,Phylloscopus occipitalis,Western Crowned Warbler,0.9486,psl4,2024,05,14,08
177.0,180.0,Phylloscopus occipitalis,Western Crowned Warbler,0.9906,psl4,2024,05,14,08
180.0,183.0,Phylloscopus occipitalis,Western Crowned Warbler,0.6014,psl4,2024,05,14,08
180.0,183.0,Phylloscopus reguloides,Blyth's Leaf Warbler,0.5531,psl4,2024,05,14,08
183.0,186.0,Phylloscopus occipitalis,Western Crowned Warbler,0.5968,psl4,2024,05,14,08
186.0,189.0,Phylloscopus occipitalis,Western Crowned Warbler,0.811,psl4,2024,05,14,08
189.0,192.0,Phylloscopus occipitalis,Western Crowned Warbler,0.5809,psl4,2024,05,14,08
192.0,195.0,Phylloscopus occipitalis,Western Crowned Warbler,0.9212,psl4,2024,05,14,08
195.0,198.0,Phylloscopus occipitalis,Western Crowned Warbler,0.9839,psl4,2024,05,14,08
198.0,201.0,Phylloscopus occipitalis,Western Crowned Warbler,0.6202,psl4,2024,05,14,08
201.0,204.0,Phylloscopus occipitalis,Western Crowned Warbler,0.9948,psl4,2024,05,14,08
207.0,210.0,Phylloscopus occipitalis,Western Crowned Warbler,0.9965,psl4,2024,05,14,08
213.0,216.0,Phylloscopus occipitalis,Western Crowned Warbler,0.9923,psl4,2024,05,14,08
216.0,219.0,Phylloscopus occipitalis,Western Crowned Warbler,0.9938,psl4,2024,05,14,08
222.0,225.0,Phylloscopus occipitalis,Western Crowned Warbler,0.9993,psl4,2024,05,14,08
225.0,228.0,Phylloscopus occipitalis,Western Crowned Warbler,0.9417,psl4,2024,05,14,08
231.0,234.0,Phylloscopus occipitalis,Western Crowned Warbler,0.9991,psl4,2024,05,14,08
240.0,243.0,Phylloscopus occipitalis,Western Crowned Warbler,0.9859,psl4,2024,05,14,08
243.0,246.0,Phylloscopus occipitalis,Western Crowned Warbler,0.8131,psl4,2024,05,14,08
249.0,252.0,Phylloscopus occipitalis,Western Crowned Warbler,0.9382,psl4,2024,05,14,08
255.0,258.0,Phylloscopus occipitalis,Western Crowned Warbler,0.9892,psl4,2024,05,14,08
276.0,279.0,Phylloscopus occipitalis,Western Crowned Warbler,0.9854,psl4,2024,05,14,08
285.0,288.0,Phylloscopus occipitalis,Western Crowned Warbler,0.9903,psl4,2024,05,14,08
288.0,291.0,Ficedula tricolor,Slaty-blue Flycatcher,0.9683,psl4,2024,05,14,08
291.0,294.0,Phylloscopus occipitalis,Western Crowned Warbler,0.9645,psl4,2024,05,14,08
300.0,303.0,Phylloscopus occipitalis,Western Crowned Warbler,0.8763,psl4,2024,05,14,08
309.0,312.0,Phylloscopus occipitalis,Western Crowned Warbler,0.8941,psl4,2024,05,14,08
312.0,315.0,Ficedula tricolor,Slaty-blue Flycatcher,0.6236,psl4,2024,05,14,08
315.0,318.0,Ficedula tricolor,Slaty-blue Flycatcher,0.6302,psl4,2024,05,14,08
315.0,318.0,Phylloscopus occipitalis,Western Crowned Warbler,0.598,psl4,2024,05,14,08
318.0,321.0,Prunella modularis,Dunnock,0.8533,psl4,2024,05,14,08
321.0,324.0,Phylloscopus occipitalis,Western Crowned Warbler,0.8784,psl4,2024,05,14,08
324.0,327.0,Phylloscopus occipitalis,Western Crowned Warbler,0.876,psl4,2024,05,14,08
327.0,330.0,Ficedula tricolor,Slaty-blue Flycatcher,0.5315,psl4,2024,05,14,08
330.0,333.0,Phylloscopus occipitalis,Western Crowned Warbler,0.9512,psl4,2024,05,14,08
333.0,336.0,Ficedula tricolor,Slaty-blue Flycatcher,0.9546,psl4,2024,05,14,08
339.0,342.0,Phylloscopus occipitalis,Western Crowned Warbler,0.7469,psl4,2024,05,14,08
342.0,345.0,Prunella modularis,Dunnock,0.8635,psl4,2024,05,14,08
342.0,345.0,Ficedula tricolor,Slaty-blue Flycatcher,0.7026,psl4,2024,05,14,08
348.0,351.0,Phylloscopus humei,Hume's Warbler,0.9996,psl4,2024,05,14,08
351.0,354.0,Ficedula tricolor,Slaty-blue Flycatcher,0.7388,psl4,2024,05,14,08
354.0,357.0,Ficedula tricolor,Slaty-blue Flycatcher,0.7524,psl4,2024,05,14,08
357.0,360.0,Phylloscopus occipitalis,Western Crowned Warbler,0.7574,psl4,2024,05,14,08
360.0,363.0,Ficedula tricolor,Slaty-blue Flycatcher,0.5027,psl4,2024,05,14,08
363.0,366.0,Phylloscopus occipitalis,Western Crowned Warbler,0.9079,psl4,2024,05,14,08
366.0,369.0,Ficedula tricolor,Slaty-blue Flycatcher,0.9338,psl4,2024,05,14,08
369.0,372.0,Phylloscopus occipitalis,Western Crowned Warbler,0.9752,psl4,2024,05,14,08
375.0,378.0,Phylloscopus humei,Hume's Warbler,1.0,psl4,2024,05,14,08
378.0,381.0,Phylloscopus occipitalis,Western Crowned Warbler,0.9911,psl4,2024,05,14,08
381.0,384.0,Phylloscopus occipitalis,Western Crowned Warbler,0.6032,psl4,2024,05,14,08
384.0,387.0,Ficedula tricolor,Slaty-blue Flycatcher,0.6055,psl4,2024,05,14,08
399.0,402.0,Phylloscopus occipitalis,Western Crowned Warbler,0.9744,psl4,2024,05,14,08
402.0,405.0,Phylloscopus humei,Hume's Warbler,0.996,psl4,2024,05,14,08
405.0,408.0,Ficedula tricolor,Slaty-blue Flycatcher,0.6672,psl4,2024,05,14,08
411.0,414.0,Phylloscopus occipitalis,Western Crowned Warbler,0.9956,psl4,2024,05,14,08
417.0,420.0,Phylloscopus occipitalis,Western Crowned Warbler,0.9182,psl4,2024,05,14,08
420.0,423.0,Ficedula tricolor,Slaty-blue Flycatcher,0.7581,psl4,2024,05,14,08
423.0,426.0,Phylloscopus occipitalis,Western Crowned Warbler,0.5411,psl4,2024,05,14,08
426.0,429.0,Phylloscopus occipitalis,Western Crowned Warbler,0.7164,psl4,2024,05,14,08
429.0,432.0,Phylloscopus occipitalis,Western Crowned Warbler,0.9393,psl4,2024,05,14,08
435.0,438.0,Phylloscopus occipitalis,Western Crowned Warbler,0.7256,psl4,2024,05,14,08
438.0,441.0,Phylloscopus occipitalis,Western Crowned Warbler,0.8096,psl4,2024,05,14,08
441.0,444.0,Phylloscopus occipitalis,Western Crowned Warbler,0.9678,psl4,2024,05,14,08
447.0,450.0,Phylloscopus occipitalis,Western Crowned Warbler,0.597,psl4,2024,05,14,08
462.0,465.0,Phylloscopus occipitalis,Western Crowned Warbler,0.9953,psl4,2024,05,14,08
468.0,471.0,Phylloscopus occipitalis,Western Crowned Warbler,0.8005,psl4,2024,05,14,08
480.0,483.0,Phylloscopus occipitalis,Western Crowned Warbler,0.9889,psl4,2024,05,14,08
492.0,495.0,Phylloscopus occipitalis,Western Crowned Warbler,0.9923,psl4,2024,05,14,08
498.0,501.0,Phylloscopus occipitalis,Western Crowned Warbler,0.9099,psl4,2024,05,14,08
501.0,504.0,Phylloscopus occipitalis,Western Crowned Warbler,0.6057,psl4,2024,05,14,08
507.0,510.0,Trochalopteron variegatum,Variegated Laughingthrush,0.7891,psl4,2024,05,14,08
513.0,516.0,Phylloscopus occipitalis,Western Crowned Warbler,0.957,psl4,2024,05,14,08
519.0,522.0,Phylloscopus occipitalis,Western Crowned Warbler,0.9069,psl4,2024,05,14,08
522.0,525.0,Phylloscopus occipitalis,Western Crowned Warbler,0.8695,psl4,2024,05,14,08
525.0,528.0,Phylloscopus occipitalis,Western Crowned Warbler,0.9617,psl4,2024,05,14,08
528.0,531.0,Phylloscopus occipitalis,Western Crowned Warbler,0.909,psl4,2024,05,14,08
531.0,534.0,Motacilla cinerea,Gray Wagtail,0.9609,psl4,2024,05,14,08
534.0,537.0,Phylloscopus occipitalis,Western Crowned Warbler,0.9763,psl4,2024,05,14,08
540.0,543.0,Phylloscopus occipitalis,Western Crowned Warbler,0.9957,psl4,2024,05,14,08
546.0,549.0,Phylloscopus occipitalis,Western Crowned Warbler,0.9882,psl4,2024,05,14,08
546.0,549.0,Protonotaria citrea,Prothonotary Warbler,0.7799,psl4,2024,05,14,08
549.0,552.0,Phylloscopus occipitalis,Western Crowned Warbler,0.852,psl4,2024,05,14,08
552.0,555.0,Phylloscopus occipitalis,Western Crowned Warbler,0.6151,psl4,2024,05,14,08
555.0,558.0,Phylloscopus occipitalis,Western Crowned Warbler,0.9729,psl4,2024,05,14,08
558.0,561.0,Ficedula tricolor,Slaty-blue Flycatcher,0.7616,psl4,2024,05,14,08
561.0,564.0,Phylloscopus occipitalis,Western Crowned Warbler,0.7309,psl4,2024,05,14,08
573.0,576.0,Phylloscopus occipitalis,Western Crowned Warbler,0.9757,psl4,2024,05,14,08
579.0,582.0,Phylloscopus occipitalis,Western Crowned Warbler,0.9887,psl4,2024,05,14,08
585.0,588.0,Myzomela rosenbergii,Red-collared Myzomela,0.5752,psl4,2024,05,14,08
588.0,591.0,Phylloscopus occipitalis,Western Crowned Warbler,0.9586,psl4,2024,05,14,08
594.0,597.0,Phylloscopus occipitalis,Western Crowned Warbler,0.711,psl4,2024,05,14,08
600.0,603.0,Ficedula tricolor,Slaty-blue Flycatcher,0.577,psl4,2024,05,14,08
603.0,606.0,Phylloscopus occipitalis,Western Crowned Warbler,0.9591,psl4,2024,05,14,08
606.0,609.0,Phylloscopus occipitalis,Western Crowned Warbler,0.5182,psl4,2024,05,14,08
609.0,612.0,Phylloscopus occipitalis,Western Crowned Warbler,0.9985,psl4,2024,05,14,08
612.0,615.0,Ficedula tricolor,Slaty-blue Flycatcher,0.6956,psl4,2024,05,14,08
615.0,618.0,Phylloscopus occipitalis,Western Crowned Warbler,0.9957,psl4,2024,05,14,08
621.0,624.0,Ficedula tricolor,Slaty-blue Flycatcher,0.7486,psl4,2024,05,14,08
624.0,627.0,Phylloscopus occipitalis,Western Crowned Warbler,0.9994,psl4,2024,05,14,08
630.0,633.0,Phylloscopus occipitalis,Western Crowned Warbler,0.946,psl4,2024,05,14,08
633.0,636.0,Phylloscopus occipitalis,Western Crowned Warbler,0.6926,psl4,2024,05,14,08
636.0,639.0,Phylloscopus humei,Hume's Warbler,0.7735,psl4,2024,05,14,08
639.0,642.0,Phylloscopus occipitalis,Western Crowned Warbler,0.602,psl4,2024,05,14,08
639.0,642.0,Ficedula tricolor,Slaty-blue Flycatcher,0.5119,psl4,2024,05,14,08
642.0,645.0,Phylloscopus occipitalis,Western Crowned Warbler,0.5247,psl4,2024,05,14,08
648.0,651.0,Phylloscopus occipitalis,Western Crowned Warbler,0.9913,psl4,2024,05,14,08
654.0,657.0,Phylloscopus occipitalis,Western Crowned Warbler,0.9939,psl4,2024,05,14,08
657.0,660.0,Phylloscopus occipitalis,Western Crowned Warbler,0.9926,psl4,2024,05,14,08
660.0,663.0,Phylloscopus maculipennis,Ashy-throated Warbler,0.6377,psl4,2024,05,14,08
663.0,666.0,Phylloscopus occipitalis,Western Crowned Warbler,0.9963,psl4,2024,05,14,08
669.0,672.0,Phylloscopus occipitalis,Western Crowned Warbler,0.7504,psl4,2024,05,14,08
675.0,678.0,Phylloscopus occipitalis,Western Crowned Warbler,0.8503,psl4,2024,05,14,08
681.0,684.0,Phylloscopus occipitalis,Western Crowned Warbler,0.8729,psl4,2024,05,14,08
687.0,690.0,Phylloscopus occipitalis,Western Crowned Warbler,0.5082,psl4,2024,05,14,08
690.0,693.0,Phylloscopus occipitalis,Western Crowned Warbler,0.7428,psl4,2024,05,14,08
699.0,702.0,Ficedula tricolor,Slaty-blue Flycatcher,0.7958,psl4,2024,05,14,08
702.0,705.0,Phylloscopus occipitalis,Western Crowned Warbler,0.5506,psl4,2024,05,14,08
705.0,708.0,Phylloscopus occipitalis,Western Crowned Warbler,0.7483,psl4,2024,05,14,08
708.0,711.0,Sayornis saya,Say's Phoebe,0.5412,psl4,2024,05,14,08
711.0,714.0,Phylloscopus occipitalis,Western Crowned Warbler,0.6887,psl4,2024,05,14,08
783.0,786.0,Phylloscopus occipitalis,Western Crowned Warbler,0.6363,psl4,2024,05,14,08
786.0,789.0,Cettia castaneocoronata,Chestnut-headed Tesia,0.6439,psl4,2024,05,14,08
786.0,789.0,Ficedula tricolor,Slaty-blue Flycatcher,0.5081,psl4,2024,05,14,08
789.0,792.0,Phylloscopus occipitalis,Western Crowned Warbler,0.5742,psl4,2024,05,14,08
792.0,795.0,Ficedula tricolor,Slaty-blue Flycatcher,0.7814,psl4,2024,05,14,08
798.0,801.0,Phylloscopus occipitalis,Western Crowned Warbler,0.7135,psl4,2024,05,14,08
801.0,804.0,Ficedula tricolor,Slaty-blue Flycatcher,0.5256,psl4,2024,05,14,08
807.0,810.0,Ficedula tricolor,Slaty-blue Flycatcher,0.8464,psl4,2024,05,14,08
810.0,813.0,Protonotaria citrea,Prothonotary Warbler,0.6373,psl4,2024,05,14,08
843.0,846.0,Phylloscopus occipitalis,Western Crowned Warbler,0.7883,psl4,2024,05,14,08
873.0,876.0,Phylloscopus occipitalis,Western Crowned Warbler,0.7365,psl4,2024,05,14,08
882.0,885.0,Phylloscopus occipitalis,Western Crowned Warbler,0.6996,psl4,2024,05,14,08
891.0,894.0,Phylloscopus occipitalis,Western Crowned Warbler,0.8905,psl4,2024,05,14,08
894.0,897.0,Cettia castaneocoronata,Chestnut-headed Tesia,0.6014,psl4,2024,05,14,08
0.0,3.0,Periparus rufonuchalis,Rufous-naped Tit,0.9667,psl4,2024,05,14,09
0.0,3.0,Phylloscopus occipitalis,Western Crowned Warbler,0.8904,psl4,2024,05,14,09
3.0,6.0,Periparus rufonuchalis,Rufous-naped Tit,0.8715,psl4,2024,05,14,09
6.0,9.0,Phylloscopus occipitalis,Western Crowned Warbler,0.639,psl4,2024,05,14,09
12.0,15.0,Periparus rufonuchalis,Rufous-naped Tit,0.8888,psl4,2024,05,14,09
15.0,18.0,Phylloscopus occipitalis,Western Crowned Warbler,0.5329,psl4,2024,05,14,09
21.0,24.0,Phylloscopus occipitalis,Western Crowned Warbler,0.8859,psl4,2024,05,14,09
24.0,27.0,Periparus rufonuchalis,Rufous-naped Tit,0.8008,psl4,2024,05,14,09
24.0,27.0,Phylloscopus occipitalis,Western Crowned Warbler,0.5761,psl4,2024,05,14,09
30.0,33.0,Phylloscopus occipitalis,Western Crowned Warbler,0.9023,psl4,2024,05,14,09
33.0,36.0,Phylloscopus occipitalis,Western Crowned Warbler,0.8492,psl4,2024,05,14,09
36.0,39.0,Phylloscopus occipitalis,Western Crowned Warbler,0.8764,psl4,2024,05,14,09
39.0,42.0,Periparus rufonuchalis,Rufous-naped Tit,0.515,psl4,2024,05,14,09
45.0,48.0,Phylloscopus occipitalis,Western Crowned Warbler,0.9605,psl4,2024,05,14,09
51.0,54.0,Phylloscopus occipitalis,Western Crowned Warbler,0.8918,psl4,2024,05,14,09
66.0,69.0,Phylloscopus occipitalis,Western Crowned Warbler,0.9117,psl4,2024,05,14,09
69.0,72.0,Phylloscopus occipitalis,Western Crowned Warbler,0.7479,psl4,2024,05,14,09
72.0,75.0,Periparus rufonuchalis,Rufous-naped Tit,0.5967,psl4,2024,05,14,09
78.0,81.0,Phylloscopus occipitalis,Western Crowned Warbler,0.9212,psl4,2024,05,14,09
84.0,87.0,Prunella modularis,Dunnock,0.7086,psl4,2024,05,14,09
90.0,93.0,Phylloscopus occipitalis,Western Crowned Warbler,0.959,psl4,2024,05,14,09
108.0,111.0,Phylloscopus occipitalis,Western Crowned Warbler,0.8644,psl4,2024,05,14,09
132.0,135.0,Phylloscopus humei,Hume's Warbler,0.607,psl4,2024,05,14,09
147.0,150.0,Phylloscopus occipitalis,Western Crowned Warbler,0.6969,psl4,2024,05,14,09
156.0,159.0,Phylloscopus occipitalis,Western Crowned Warbler,0.6036,psl4,2024,05,14,09
165.0,168.0,Periparus rufonuchalis,Rufous-naped Tit,0.818,psl4,2024,05,14,09
186.0,189.0,Periparus rufonuchalis,Rufous-naped Tit,0.828,psl4,2024,05,14,09
219.0,222.0,Phylloscopus occipitalis,Western Crowned Warbler,0.9367,psl4,2024,05,14,09
252.0,255.0,Phylloscopus occipitalis,Western Crowned Warbler,0.6985,psl4,2024,05,14,09
261.0,264.0,Phylloscopus occipitalis,Western Crowned Warbler,0.6184,psl4,2024,05,14,09
276.0,279.0,Phylloscopus occipitalis,Western Crowned Warbler,0.5778,psl4,2024,05,14,09
279.0,282.0,Phylloscopus occipitalis,Western Crowned Warbler,0.9899,psl4,2024,05,14,09
285.0,288.0,Phylloscopus occipitalis,Western Crowned Warbler,0.9976,psl4,2024,05,14,09
294.0,297.0,Phylloscopus occipitalis,Western Crowned Warbler,0.9852,psl4,2024,05,14,09
300.0,303.0,Phylloscopus occipitalis,Western Crowned Warbler,0.9899,psl4,2024,05,14,09
303.0,306.0,Phylloscopus occipitalis,Western Crowned Warbler,0.9088,psl4,2024,05,14,09
306.0,309.0,Phylloscopus occipitalis,Western Crowned Warbler,0.725,psl4,2024,05,14,09
309.0,312.0,Phylloscopus occipitalis,Western Crowned Warbler,0.9961,psl4,2024,05,14,09
312.0,315.0,Phylloscopus occipitalis,Western Crowned Warbler,0.9611,psl4,2024,05,14,09
315.0,318.0,Phylloscopus occipitalis,Western Crowned Warbler,0.575,psl4,2024,05,14,09
318.0,321.0,Phylloscopus occipitalis,Western Crowned Warbler,0.5118,psl4,2024,05,14,09
321.0,324.0,Phylloscopus occipitalis,Western Crowned Warbler,0.8987,psl4,2024,05,14,09
324.0,327.0,Phylloscopus occipitalis,Western Crowned Warbler,0.9614,psl4,2024,05,14,09
330.0,333.0,Phylloscopus occipitalis,Western Crowned Warbler,0.9442,psl4,2024,05,14,09
333.0,336.0,Phylloscopus occipitalis,Western Crowned Warbler,0.7577,psl4,2024,05,14,09
336.0,339.0,Phylloscopus occipitalis,Western Crowned Warbler,0.9763,psl4,2024,05,14,09
339.0,342.0,Phylloscopus occipitalis,Western Crowned Warbler,0.9532,psl4,2024,05,14,09
354.0,357.0,Phylloscopus occipitalis,Western Crowned Warbler,0.9993,psl4,2024,05,14,09
360.0,363.0,Phylloscopus occipitalis,Western Crowned Warbler,0.6527,psl4,2024,05,14,09
363.0,366.0,Phylloscopus occipitalis,Western Crowned Warbler,0.8633,psl4,2024,05,14,09
378.0,381.0,Phylloscopus occipitalis,Western Crowned Warbler,0.7892,psl4,2024,05,14,09
384.0,387.0,Phylloscopus occipitalis,Western Crowned Warbler,0.9948,psl4,2024,05,14,09
387.0,390.0,Phylloscopus occipitalis,Western Crowned Warbler,0.8796,psl4,2024,05,14,09
402.0,405.0,Phylloscopus occipitalis,Western Crowned Warbler,0.9179,psl4,2024,05,14,09
402.0,405.0,Phylloscopus reguloides,Blyth's Leaf Warbler,0.6318,psl4,2024,05,14,09
408.0,411.0,Phylloscopus occipitalis,Western Crowned Warbler,0.9752,psl4,2024,05,14,09
411.0,414.0,Phylloscopus humei,Hume's Warbler,0.9019,psl4,2024,05,14,09
414.0,417.0,Phylloscopus occipitalis,Western Crowned Warbler,0.9329,psl4,2024,05,14,09
417.0,420.0,Phylloscopus occipitalis,Western Crowned Warbler,0.8472,psl4,2024,05,14,09
423.0,426.0,Phylloscopus humei,Hume's Warbler,0.8221,psl4,2024,05,14,09
432.0,435.0,Phylloscopus humei,Hume's Warbler,0.9666,psl4,2024,05,14,09
444.0,447.0,Prunella modularis,Dunnock,0.5265,psl4,2024,05,14,09
447.0,450.0,Phylloscopus humei,Hume's Warbler,0.9708,psl4,2024,05,14,09
450.0,453.0,Phylloscopus humei,Hume's Warbler,0.7008,psl4,2024,05,14,09
453.0,456.0,Phylloscopus humei,Hume's Warbler,0.9154,psl4,2024,05,14,09
456.0,459.0,Phylloscopus humei,Hume's Warbler,0.9715,psl4,2024,05,14,09
459.0,462.0,Phylloscopus humei,Hume's Warbler,0.9988,psl4,2024,05,14,09
462.0,465.0,Phylloscopus humei,Hume's Warbler,0.9737,psl4,2024,05,14,09
477.0,480.0,Phylloscopus humei,Hume's Warbler,0.8539,psl4,2024,05,14,09
486.0,489.0,Erithacus rubecula,European Robin,0.5174,psl4,2024,05,14,09
489.0,492.0,Phylloscopus humei,Hume's Warbler,0.9316,psl4,2024,05,14,09
492.0,495.0,Phylloscopus occipitalis,Western Crowned Warbler,0.5574,psl4,2024,05,14,09
525.0,528.0,Phylloscopus humei,Hume's Warbler,0.9214,psl4,2024,05,14,09
552.0,555.0,Phylloscopus occipitalis,Western Crowned Warbler,0.8531,psl4,2024,05,14,09
579.0,582.0,Phylloscopus humei,Hume's Warbler,0.6984,psl4,2024,05,14,09
582.0,585.0,Phylloscopus humei,Hume's Warbler,0.8854,psl4,2024,05,14,09
585.0,588.0,Phylloscopus occipitalis,Western Crowned Warbler,0.537,psl4,2024,05,14,09
594.0,597.0,Phylloscopus humei,Hume's Warbler,0.5931,psl4,2024,05,14,09
597.0,600.0,Phylloscopus humei,Hume's Warbler,0.7617,psl4,2024,05,14,09
600.0,603.0,Tarsiger rufilatus,Himalayan Bluetail,0.9319,psl4,2024,05,14,09
600.0,603.0,Phylloscopus humei,Hume's Warbler,0.7062,psl4,2024,05,14,09
618.0,621.0,Periparus rufonuchalis,Rufous-naped Tit,0.6927,psl4,2024,05,14,09
621.0,624.0,Phylloscopus humei,Hume's Warbler,0.5964,psl4,2024,05,14,09
624.0,627.0,Phylloscopus humei,Hume's Warbler,0.8083,psl4,2024,05,14,09
627.0,630.0,Phylloscopus humei,Hume's Warbler,0.9928,psl4,2024,05,14,09
633.0,636.0,Phylloscopus humei,Hume's Warbler,0.891,psl4,2024,05,14,09
639.0,642.0,Phylloscopus humei,Hume's Warbler,0.9183,psl4,2024,05,14,09
642.0,645.0,Phylloscopus humei,Hume's Warbler,0.6877,psl4,2024,05,14,09
645.0,648.0,Periparus rufonuchalis,Rufous-naped Tit,0.7158,psl4,2024,05,14,09
651.0,654.0,Phylloscopus humei,Hume's Warbler,0.9883,psl4,2024,05,14,09
657.0,660.0,Periparus rufonuchalis,Rufous-naped Tit,0.9229,psl4,2024,05,14,09
660.0,663.0,Phylloscopus humei,Hume's Warbler,0.6906,psl4,2024,05,14,09
672.0,675.0,Phylloscopus humei,Hume's Warbler,0.8479,psl4,2024,05,14,09
675.0,678.0,Phylloscopus humei,Hume's Warbler,0.8869,psl4,2024,05,14,09
684.0,687.0,Phylloscopus humei,Hume's Warbler,0.9466,psl4,2024,05,14,09
687.0,690.0,Phylloscopus humei,Hume's Warbler,0.8595,psl4,2024,05,14,09
690.0,693.0,Phylloscopus humei,Hume's Warbler,0.9007,psl4,2024,05,14,09
696.0,699.0,Phylloscopus occipitalis,Western Crowned Warbler,0.5927,psl4,2024,05,14,09
726.0,729.0,Phylloscopus occipitalis,Western Crowned Warbler,0.7012,psl4,2024,05,14,09
771.0,774.0,Phylloscopus humei,Hume's Warbler,0.9968,psl4,2024,05,14,09
789.0,792.0,Phylloscopus humei,Hume's Warbler,0.873,psl4,2024,05,14,09
822.0,825.0,Baeolophus inornatus,Oak Titmouse,0.963,psl4,2024,05,14,09
825.0,828.0,Baeolophus inornatus,Oak Titmouse,0.983,psl4,2024,05,14,09
831.0,834.0,Baeolophus inornatus,Oak Titmouse,0.8606,psl4,2024,05,14,09
837.0,840.0,Baeolophus inornatus,Oak Titmouse,0.786,psl4,2024,05,14,09
843.0,846.0,Baeolophus inornatus,Oak Titmouse,0.7543,psl4,2024,05,14,09
846.0,849.0,Baeolophus inornatus,Oak Titmouse,0.9524,psl4,2024,05,14,09
849.0,852.0,Spinus tristis,American Goldfinch,0.7785,psl4,2024,05,14,09
855.0,858.0,Baeolophus inornatus,Oak Titmouse,0.6812,psl4,2024,05,14,09
861.0,864.0,Spinus tristis,American Goldfinch,0.6549,psl4,2024,05,14,09
864.0,867.0,Prunella modularis,Dunnock,0.6306,psl4,2024,05,14,09
873.0,876.0,Phylloscopus humei,Hume's Warbler,0.885,psl4,2024,05,14,09
876.0,879.0,Phylloscopus humei,Hume's Warbler,0.9218,psl4,2024,05,14,09
879.0,882.0,Phylloscopus humei,Hume's Warbler,0.6215,psl4,2024,05,14,09
885.0,888.0,Phylloscopus humei,Hume's Warbler,0.5687,psl4,2024,05,14,09
3.0,6.0,Phylloscopus humei,Hume's Warbler,0.6391,psl4,2024,05,15,06
9.0,12.0,Phylloscopus humei,Hume's Warbler,0.9763,psl4,2024,05,15,06
18.0,21.0,Phylloscopus humei,Hume's Warbler,0.9905,psl4,2024,05,15,06
21.0,24.0,Phylloscopus humei,Hume's Warbler,0.8806,psl4,2024,05,15,06
24.0,27.0,Phylloscopus humei,Hume's Warbler,0.9996,psl4,2024,05,15,06
27.0,30.0,Phylloscopus humei,Hume's Warbler,0.5431,psl4,2024,05,15,06
30.0,33.0,Phylloscopus humei,Hume's Warbler,0.8207,psl4,2024,05,15,06
36.0,39.0,Phylloscopus occipitalis,Western Crowned Warbler,0.9876,psl4,2024,05,15,06
39.0,42.0,Ficedula tricolor,Slaty-blue Flycatcher,0.5054,psl4,2024,05,15,06
42.0,45.0,Phylloscopus occipitalis,Western Crowned Warbler,0.9542,psl4,2024,05,15,06
51.0,54.0,Phylloscopus occipitalis,Western Crowned Warbler,0.707,psl4,2024,05,15,06
54.0,57.0,Phylloscopus humei,Hume's Warbler,0.7485,psl4,2024,05,15,06
57.0,60.0,Phylloscopus occipitalis,Western Crowned Warbler,0.8108,psl4,2024,05,15,06
66.0,69.0,Phylloscopus occipitalis,Western Crowned Warbler,0.9568,psl4,2024,05,15,06
81.0,84.0,Phylloscopus occipitalis,Western Crowned Warbler,0.9371,psl4,2024,05,15,06
84.0,87.0,Ficedula tricolor,Slaty-blue Flycatcher,0.8062,psl4,2024,05,15,06
90.0,93.0,Phylloscopus occipitalis,Western Crowned Warbler,0.9447,psl4,2024,05,15,06
93.0,96.0,Phylloscopus humei,Hume's Warbler,0.5221,psl4,2024,05,15,06
96.0,99.0,Phylloscopus occipitalis,Western Crowned Warbler,0.9455,psl4,2024,05,15,06
102.0,105.0,Phylloscopus humei,Hume's Warbler,0.9591,psl4,2024,05,15,06
105.0,108.0,Phylloscopus occipitalis,Western Crowned Warbler,0.9943,psl4,2024,05,15,06
111.0,114.0,Phylloscopus occipitalis,Western Crowned Warbler,0.5423,psl4,2024,05,15,06
114.0,117.0,Phylloscopus occipitalis,Western Crowned Warbler,0.9576,psl4,2024,05,15,06
120.0,123.0,Phylloscopus occipitalis,Western Crowned Warbler,0.9988,psl4,2024,05,15,06
123.0,126.0,Phylloscopus occipitalis,Western Crowned Warbler,0.9308,psl4,2024,05,15,06
126.0,129.0,Phylloscopus occipitalis,Western Crowned Warbler,0.7532,psl4,2024,05,15,06
129.0,132.0,Phylloscopus occipitalis,Western Crowned Warbler,0.9877,psl4,2024,05,15,06
132.0,135.0,Phylloscopus occipitalis,Western Crowned Warbler,0.9224,psl4,2024,05,15,06
144.0,147.0,Phylloscopus occipitalis,Western Crowned Warbler,0.8357,psl4,2024,05,15,06
147.0,150.0,Phylloscopus occipitalis,Western Crowned Warbler,0.7037,psl4,2024,05,15,06
150.0,153.0,Phylloscopus occipitalis,Western Crowned Warbler,0.9368,psl4,2024,05,15,06
153.0,156.0,Phylloscopus occipitalis,Western Crowned Warbler,0.9277,psl4,2024,05,15,06
159.0,162.0,Phylloscopus occipitalis,Western Crowned Warbler,0.9642,psl4,2024,05,15,06
165.0,168.0,Phylloscopus occipitalis,Western Crowned Warbler,0.9867,psl4,2024,05,15,06
168.0,171.0,Ficedula tricolor,Slaty-blue Flycatcher,0.7858,psl4,2024,05,15,06
171.0,174.0,Phylloscopus occipitalis,Western Crowned Warbler,0.9043,psl4,2024,05,15,06
186.0,189.0,Phylloscopus occipitalis,Western Crowned Warbler,0.69,psl4,2024,05,15,06
192.0,195.0,Phylloscopus occipitalis,Western Crowned Warbler,0.9499,psl4,2024,05,15,06
198.0,201.0,Phylloscopus occipitalis,Western Crowned Warbler,0.8818,psl4,2024,05,15,06
201.0,204.0,Ficedula tricolor,Slaty-blue Flycatcher,0.9393,psl4,2024,05,15,06
204.0,207.0,Phylloscopus occipitalis,Western Crowned Warbler,0.6295,psl4,2024,05,15,06
204.0,207.0,Protonotaria citrea,Prothonotary Warbler,0.5888,psl4,2024,05,15,06
210.0,213.0,Phylloscopus occipitalis,Western Crowned Warbler,0.8743,psl4,2024,05,15,06
219.0,222.0,Phylloscopus occipitalis,Western Crowned Warbler,0.9684,psl4,2024,05,15,06
222.0,225.0,Ficedula tricolor,Slaty-blue Flycatcher,0.7955,psl4,2024,05,15,06
225.0,228.0,Phylloscopus occipitalis,Western Crowned Warbler,0.9242,psl4,2024,05,15,06
228.0,231.0,Phylloscopus occipitalis,Western Crowned Warbler,0.8066,psl4,2024,05,15,06
234.0,237.0,Phylloscopus occipitalis,Western Crowned Warbler,0.7521,psl4,2024,05,15,06
240.0,243.0,Phylloscopus occipitalis,Western Crowned Warbler,0.8968,psl4,2024,05,15,06
243.0,246.0,Ficedula tricolor,Slaty-blue Flycatcher,0.5783,psl4,2024,05,15,06
246.0,249.0,Phylloscopus occipitalis,Western Crowned Warbler,0.9894,psl4,2024,05,15,06
249.0,252.0,Phylloscopus occipitalis,Western Crowned Warbler,0.8443,psl4,2024,05,15,06
255.0,258.0,Phylloscopus occipitalis,Western Crowned Warbler,0.7437,psl4,2024,05,15,06
261.0,264.0,Phylloscopus occipitalis,Western Crowned Warbler,0.7328,psl4,2024,05,15,06
264.0,267.0,Phylloscopus occipitalis,Western Crowned Warbler,0.9109,psl4,2024,05,15,06
267.0,270.0,Phylloscopus occipitalis,Western Crowned Warbler,0.9635,psl4,2024,05,15,06
270.0,273.0,Phylloscopus occipitalis,Western Crowned Warbler,0.7284,psl4,2024,05,15,06
273.0,276.0,Phylloscopus occipitalis,Western Crowned Warbler,0.7484,psl4,2024,05,15,06
276.0,279.0,Phylloscopus occipitalis,Western Crowned Warbler,0.6358,psl4,2024,05,15,06
279.0,282.0,Phylloscopus occipitalis,Western Crowned Warbler,0.9475,psl4,2024,05,15,06
282.0,285.0,Phylloscopus occipitalis,Western Crowned Warbler,0.582,psl4,2024,05,15,06
288.0,291.0,Phylloscopus occipitalis,Western Crowned Warbler,0.8705,psl4,2024,05,15,06
291.0,294.0,Phylloscopus occipitalis,Western Crowned Warbler,0.9695,psl4,2024,05,15,06
294.0,297.0,Phylloscopus occipitalis,Western Crowned Warbler,0.6882,psl4,2024,05,15,06
297.0,300.0,Phylloscopus occipitalis,Western Crowned Warbler,0.8465,psl4,2024,05,15,06
303.0,306.0,Phylloscopus occipitalis,Western Crowned Warbler,0.8103,psl4,2024,05,15,06
306.0,309.0,Phylloscopus occipitalis,Western Crowned Warbler,0.8971,psl4,2024,05,15,06
309.0,312.0,Phylloscopus occipitalis,Western Crowned Warbler,0.8405,psl4,2024,05,15,06
315.0,318.0,Phylloscopus occipitalis,Western Crowned Warbler,0.5367,psl4,2024,05,15,06
321.0,324.0,Phylloscopus occipitalis,Western Crowned Warbler,0.5809,psl4,2024,05,15,06
327.0,330.0,Phylloscopus occipitalis,Western Crowned Warbler,0.9052,psl4,2024,05,15,06
336.0,339.0,Phylloscopus occipitalis,Western Crowned Warbler,0.8921,psl4,2024,05,15,06
339.0,342.0,Phylloscopus occipitalis,Western Crowned Warbler,0.8515,psl4,2024,05,15,06
342.0,345.0,Phylloscopus occipitalis,Western Crowned Warbler,0.8265,psl4,2024,05,15,06
345.0,348.0,Phylloscopus occipitalis,Western Crowned Warbler,0.9431,psl4,2024,05,15,06
354.0,357.0,Phylloscopus occipitalis,Western Crowned Warbler,0.5229,psl4,2024,05,15,06
357.0,360.0,Phylloscopus occipitalis,Western Crowned Warbler,0.9185,psl4,2024,05,15,06
363.0,366.0,Phylloscopus occipitalis,Western Crowned Warbler,0.9585,psl4,2024,05,15,06
366.0,369.0,Phylloscopus occipitalis,Western Crowned Warbler,0.7147,psl4,2024,05,15,06
375.0,378.0,Phylloscopus trochiloides,Greenish Warbler,0.6934,psl4,2024,05,15,06
378.0,381.0,Ficedula tricolor,Slaty-blue Flycatcher,0.515,psl4,2024,05,15,06
381.0,384.0,Phylloscopus occipitalis,Western Crowned Warbler,0.8618,psl4,2024,05,15,06
387.0,390.0,Phylloscopus occipitalis,Western Crowned Warbler,0.8229,psl4,2024,05,15,06
396.0,399.0,Phylloscopus occipitalis,Western Crowned Warbler,0.5091,psl4,2024,05,15,06
402.0,405.0,Phylloscopus occipitalis,Western Crowned Warbler,0.6807,psl4,2024,05,15,06
411.0,414.0,Phylloscopus occipitalis,Western Crowned Warbler,0.7036,psl4,2024,05,15,06
417.0,420.0,Phylloscopus occipitalis,Western Crowned Warbler,0.9353,psl4,2024,05,15,06
420.0,423.0,Phylloscopus occipitalis,Western Crowned Warbler,0.5678,psl4,2024,05,15,06
426.0,429.0,Phylloscopus occipitalis,Western Crowned Warbler,0.7498,psl4,2024,05,15,06
432.0,435.0,Phylloscopus occipitalis,Western Crowned Warbler,0.7228,psl4,2024,05,15,06
441.0,444.0,Phylloscopus occipitalis,Western Crowned Warbler,0.9258,psl4,2024,05,15,06
447.0,450.0,Phylloscopus occipitalis,Western Crowned Warbler,0.7819,psl4,2024,05,15,06
453.0,456.0,Phylloscopus occipitalis,Western Crowned Warbler,0.5778,psl4,2024,05,15,06
456.0,459.0,Phylloscopus occipitalis,Western Crowned Warbler,0.7056,psl4,2024,05,15,06
459.0,462.0,Phylloscopus occipitalis,Western Crowned Warbler,0.9746,psl4,2024,05,15,06
471.0,474.0,Phylloscopus occipitalis,Western Crowned Warbler,0.5948,psl4,2024,05,15,06
474.0,477.0,Phylloscopus occipitalis,Western Crowned Warbler,0.8272,psl4,2024,05,15,06
477.0,480.0,Phylloscopus occipitalis,Western Crowned Warbler,0.9454,psl4,2024,05,15,06
486.0,489.0,Phylloscopus occipitalis,Western Crowned Warbler,0.9822,psl4,2024,05,15,06
489.0,492.0,Phylloscopus occipitalis,Western Crowned Warbler,0.8449,psl4,2024,05,15,06
492.0,495.0,Phylloscopus occipitalis,Western Crowned Warbler,0.8767,psl4,2024,05,15,06
498.0,501.0,Phylloscopus occipitalis,Western Crowned Warbler,0.6633,psl4,2024,05,15,06
504.0,507.0,Phylloscopus occipitalis,Western Crowned Warbler,0.7781,psl4,2024,05,15,06
507.0,510.0,Phylloscopus occipitalis,Western Crowned Warbler,0.6733,psl4,2024,05,15,06
513.0,516.0,Phylloscopus occipitalis,Western Crowned Warbler,0.829,psl4,2024,05,15,06
516.0,519.0,Phylloscopus occipitalis,Western Crowned Warbler,0.8152,psl4,2024,05,15,06
519.0,522.0,Phylloscopus occipitalis,Western Crowned Warbler,0.8698,psl4,2024,05,15,06
522.0,525.0,Phylloscopus occipitalis,Western Crowned Warbler,0.8127,psl4,2024,05,15,06
528.0,531.0,Phylloscopus occipitalis,Western Crowned Warbler,0.8927,psl4,2024,05,15,06
531.0,534.0,Phylloscopus occipitalis,Western Crowned Warbler,0.8477,psl4,2024,05,15,06
537.0,540.0,Phylloscopus occipitalis,Western Crowned Warbler,0.989,psl4,2024,05,15,06
540.0,543.0,Phylloscopus occipitalis,Western Crowned Warbler,0.8494,psl4,2024,05,15,06
546.0,549.0,Phylloscopus occipitalis,Western Crowned Warbler,0.9057,psl4,2024,05,15,06
549.0,552.0,Phylloscopus occipitalis,Western Crowned Warbler,0.7005,psl4,2024,05,15,06
552.0,555.0,Phylloscopus occipitalis,Western Crowned Warbler,0.6884,psl4,2024,05,15,06
561.0,564.0,Phylloscopus occipitalis,Western Crowned Warbler,0.6274,psl4,2024,05,15,06
564.0,567.0,Phylloscopus occipitalis,Western Crowned Warbler,0.7865,psl4,2024,05,15,06
567.0,570.0,Phylloscopus occipitalis,Western Crowned Warbler,0.6885,psl4,2024,05,15,06
573.0,576.0,Phylloscopus occipitalis,Western Crowned Warbler,0.6796,psl4,2024,05,15,06
576.0,579.0,Phylloscopus occipitalis,Western Crowned Warbler,0.5647,psl4,2024,05,15,06
582.0,585.0,Phylloscopus occipitalis,Western Crowned Warbler,0.6488,psl4,2024,05,15,06
585.0,588.0,Phylloscopus occipitalis,Western Crowned Warbler,0.9282,psl4,2024,05,15,06
594.0,597.0,Phylloscopus occipitalis,Western Crowned Warbler,0.9231,psl4,2024,05,15,06
600.0,603.0,Anthus hodgsoni,Olive-backed Pipit,0.7486,psl4,2024,05,15,06
603.0,606.0,Phylloscopus occipitalis,Western Crowned Warbler,0.9423,psl4,2024,05,15,06
606.0,609.0,Phylloscopus occipitalis,Western Crowned Warbler,0.9389,psl4,2024,05,15,06
612.0,615.0,Phylloscopus occipitalis,Western Crowned Warbler,0.5892,psl4,2024,05,15,06
624.0,627.0,Phylloscopus occipitalis,Western Crowned Warbler,0.7843,psl4,2024,05,15,06
627.0,630.0,Phylloscopus occipitalis,Western Crowned Warbler,0.6671,psl4,2024,05,15,06
633.0,636.0,Phylloscopus occipitalis,Western Crowned Warbler,0.9044,psl4,2024,05,15,06
639.0,642.0,Phylloscopus occipitalis,Western Crowned Warbler,0.9934,psl4,2024,05,15,06
642.0,645.0,Phylloscopus occipitalis,Western Crowned Warbler,0.5547,psl4,2024,05,15,06
645.0,648.0,Phylloscopus occipitalis,Western Crowned Warbler,0.9653,psl4,2024,05,15,06
651.0,654.0,Phylloscopus occipitalis,Western Crowned Warbler,0.9687,psl4,2024,05,15,06
657.0,660.0,Phylloscopus occipitalis,Western Crowned Warbler,0.9044,psl4,2024,05,15,06
663.0,666.0,Phylloscopus occipitalis,Western Crowned Warbler,0.9748,psl4,2024,05,15,06
666.0,669.0,Phylloscopus occipitalis,Western Crowned Warbler,0.678,psl4,2024,05,15,06
669.0,672.0,Phylloscopus occipitalis,Western Crowned Warbler,0.9318,psl4,2024,05,15,06
672.0,675.0,Phylloscopus occipitalis,Western Crowned Warbler,0.6378,psl4,2024,05,15,06
672.0,675.0,Phylloscopus humei,Hume's Warbler,0.5561,psl4,2024,05,15,06
675.0,678.0,Phylloscopus occipitalis,Western Crowned Warbler,0.9329,psl4,2024,05,15,06
678.0,681.0,Phylloscopus occipitalis,Western Crowned Warbler,0.9805,psl4,2024,05,15,06
681.0,684.0,Phylloscopus humei,Hume's Warbler,0.8622,psl4,2024,05,15,06
684.0,687.0,Phylloscopus occipitalis,Western Crowned Warbler,0.9745,psl4,2024,05,15,06
687.0,690.0,Phylloscopus humei,Hume's Warbler,0.8381,psl4,2024,05,15,06
690.0,693.0,Phylloscopus occipitalis,Western Crowned Warbler,0.9752,psl4,2024,05,15,06
696.0,699.0,Phylloscopus occipitalis,Western Crowned Warbler,0.9895,psl4,2024,05,15,06
699.0,702.0,Phylloscopus humei,Hume's Warbler,0.8867,psl4,2024,05,15,06
702.0,705.0,Phylloscopus occipitalis,Western Crowned Warbler,0.9878,psl4,2024,05,15,06
705.0,708.0,Phylloscopus occipitalis,Western Crowned Warbler,0.5118,psl4,2024,05,15,06
708.0,711.0,Phylloscopus occipitalis,Western Crowned Warbler,0.8942,psl4,2024,05,15,06
714.0,717.0,Phylloscopus occipitalis,Western Crowned Warbler,0.9528,psl4,2024,05,15,06
717.0,720.0,Phylloscopus occipitalis,Western Crowned Warbler,0.663,psl4,2024,05,15,06
720.0,723.0,Phylloscopus occipitalis,Western Crowned Warbler,0.9755,psl4,2024,05,15,06
726.0,729.0,Phylloscopus occipitalis,Western Crowned Warbler,0.9876,psl4,2024,05,15,06
729.0,732.0,Phylloscopus occipitalis,Western Crowned Warbler,0.9268,psl4,2024,05,15,06
732.0,735.0,Phylloscopus occipitalis,Western Crowned Warbler,0.9235,psl4,2024,05,15,06
735.0,738.0,Phylloscopus occipitalis,Western Crowned Warbler,0.8996,psl4,2024,05,15,06
738.0,741.0,Phylloscopus occipitalis,Western Crowned Warbler,0.9753,psl4,2024,05,15,06
741.0,744.0,Phylloscopus occipitalis,Western Crowned Warbler,0.9987,psl4,2024,05,15,06
744.0,747.0,Phylloscopus occipitalis,Western Crowned Warbler,0.8251,psl4,2024,05,15,06
747.0,750.0,Phylloscopus occipitalis,Western Crowned Warbler,0.9498,psl4,2024,05,15,06
750.0,753.0,Phylloscopus occipitalis,Western Crowned Warbler,0.92,psl4,2024,05,15,06
756.0,759.0,Phylloscopus occipitalis,Western Crowned Warbler,0.8098,psl4,2024,05,15,06
759.0,762.0,Carpodacus erythrinus,Common Rosefinch,0.9121,psl4,2024,05,15,06
762.0,765.0,Phylloscopus occipitalis,Western Crowned Warbler,0.8334,psl4,2024,05,15,06
765.0,768.0,Phylloscopus occipitalis,Western Crowned Warbler,0.7023,psl4,2024,05,15,06
774.0,777.0,Phylloscopus occipitalis,Western Crowned Warbler,0.6306,psl4,2024,05,15,06
786.0,789.0,Phylloscopus occipitalis,Western Crowned Warbler,0.6846,psl4,2024,05,15,06
789.0,792.0,Carpodacus erythrinus,Common Rosefinch,0.7226,psl4,2024,05,15,06
792.0,795.0,Phylloscopus occipitalis,Western Crowned Warbler,0.709,psl4,2024,05,15,06
798.0,801.0,Phylloscopus occipitalis,Western Crowned Warbler,0.6059,psl4,2024,05,15,06
870.0,873.0,Ficedula tricolor,Slaty-blue Flycatcher,0.719,psl4,2024,05,15,06
882.0,885.0,Phylloscopus humei,Hume's Warbler,0.6596,psl4,2024,05,15,06
894.0,897.0,Phylloscopus humei,Hume's Warbler,0.8556,psl4,2024,05,15,06
0.0,3.0,Phylloscopus occipitalis,Western Crowned Warbler,0.5252,psl4,2024,05,15,07
3.0,6.0,Phylloscopus occipitalis,Western Crowned Warbler,0.965,psl4,2024,05,15,07
6.0,9.0,Phylloscopus occipitalis,Western Crowned Warbler,0.9421,psl4,2024,05,15,07
9.0,12.0,Phylloscopus occipitalis,Western Crowned Warbler,0.8844,psl4,2024,05,15,07
12.0,15.0,Phylloscopus occipitalis,Western Crowned Warbler,0.7226,psl4,2024,05,15,07
18.0,21.0,Phylloscopus occipitalis,Western Crowned Warbler,0.8745,psl4,2024,05,15,07
21.0,24.0,Phylloscopus occipitalis,Western Crowned Warbler,0.8967,psl4,2024,05,15,07
24.0,27.0,Phylloscopus occipitalis,Western Crowned Warbler,0.5223,psl4,2024,05,15,07
30.0,33.0,Phylloscopus occipitalis,Western Crowned Warbler,0.532,psl4,2024,05,15,07
33.0,36.0,Phylloscopus occipitalis,Western Crowned Warbler,0.7118,psl4,2024,05,15,07
36.0,39.0,Phylloscopus occipitalis,Western Crowned Warbler,0.7816,psl4,2024,05,15,07
39.0,42.0,Phylloscopus humei,Hume's Warbler,0.6691,psl4,2024,05,15,07
42.0,45.0,Phylloscopus occipitalis,Western Crowned Warbler,0.6814,psl4,2024,05,15,07
60.0,63.0,Phylloscopus occipitalis,Western Crowned Warbler,0.7922,psl4,2024,05,15,07
66.0,69.0,Phylloscopus occipitalis,Western Crowned Warbler,0.6731,psl4,2024,05,15,07
69.0,72.0,Phylloscopus occipitalis,Western Crowned Warbler,0.5332,psl4,2024,05,15,07
72.0,75.0,Phylloscopus occipitalis,Western Crowned Warbler,0.8443,psl4,2024,05,15,07
81.0,84.0,Phylloscopus occipitalis,Western Crowned Warbler,0.8834,psl4,2024,05,15,07
84.0,87.0,Phylloscopus occipitalis,Western Crowned Warbler,0.7043,psl4,2024,05,15,07
90.0,93.0,Phylloscopus occipitalis,Western Crowned Warbler,0.8163,psl4,2024,05,15,07
96.0,99.0,Phylloscopus occipitalis,Western Crowned Warbler,0.7227,psl4,2024,05,15,07
99.0,102.0,Phylloscopus occipitalis,Western Crowned Warbler,0.6464,psl4,2024,05,15,07
117.0,120.0,Phylloscopus occipitalis,Western Crowned Warbler,0.9449,psl4,2024,05,15,07
123.0,126.0,Phylloscopus occipitalis,Western Crowned Warbler,0.7917,psl4,2024,05,15,07
129.0,132.0,Phylloscopus occipitalis,Western Crowned Warbler,0.9978,psl4,2024,05,15,07
132.0,135.0,Phylloscopus occipitalis,Western Crowned Warbler,0.995,psl4,2024,05,15,07
135.0,138.0,Phylloscopus occipitalis,Western Crowned Warbler,0.9919,psl4,2024,05,15,07
138.0,141.0,Phylloscopus occipitalis,Western Crowned Warbler,0.9758,psl4,2024,05,15,07
141.0,144.0,Phylloscopus occipitalis,Western Crowned Warbler,0.9444,psl4,2024,05,15,07
144.0,147.0,Phylloscopus occipitalis,Western Crowned Warbler,0.9065,psl4,2024,05,15,07
147.0,150.0,Phylloscopus occipitalis,Western Crowned Warbler,0.877,psl4,2024,05,15,07
150.0,153.0,Phylloscopus occipitalis,Western Crowned Warbler,0.975,psl4,2024,05,15,07
156.0,159.0,Phylloscopus occipitalis,Western Crowned Warbler,0.993,psl4,2024,05,15,07
162.0,165.0,Phylloscopus occipitalis,Western Crowned Warbler,0.9927,psl4,2024,05,15,07
165.0,168.0,Phylloscopus occipitalis,Western Crowned Warbler,0.9602,psl4,2024,05,15,07
168.0,171.0,Phylloscopus occipitalis,Western Crowned Warbler,0.9685,psl4,2024,05,15,07
171.0,174.0,Phylloscopus occipitalis,Western Crowned Warbler,0.9941,psl4,2024,05,15,07
174.0,177.0,Phylloscopus occipitalis,Western Crowned Warbler,0.9801,psl4,2024,05,15,07
177.0,180.0,Phylloscopus occipitalis,Western Crowned Warbler,0.9828,psl4,2024,05,15,07
183.0,186.0,Phylloscopus occipitalis,Western Crowned Warbler,0.9831,psl4,2024,05,15,07
186.0,189.0,Anthus hodgsoni,Olive-backed Pipit,0.5907,psl4,2024,05,15,07
189.0,192.0,Phylloscopus occipitalis,Western Crowned Warbler,0.9824,psl4,2024,05,15,07
192.0,195.0,Phylloscopus occipitalis,Western Crowned Warbler,0.7613,psl4,2024,05,15,07
195.0,198.0,Phylloscopus occipitalis,Western Crowned Warbler,0.9823,psl4,2024,05,15,07
207.0,210.0,Phylloscopus occipitalis,Western Crowned Warbler,0.8426,psl4,2024,05,15,07
210.0,213.0,Phylloscopus occipitalis,Western Crowned Warbler,0.7154,psl4,2024,05,15,07
213.0,216.0,Phylloscopus occipitalis,Western Crowned Warbler,0.9427,psl4,2024,05,15,07
219.0,222.0,Phylloscopus occipitalis,Western Crowned Warbler,0.7831,psl4,2024,05,15,07
225.0,228.0,Phylloscopus occipitalis,Western Crowned Warbler,0.5649,psl4,2024,05,15,07
228.0,231.0,Phylloscopus occipitalis,Western Crowned Warbler,0.6141,psl4,2024,05,15,07
234.0,237.0,Phylloscopus occipitalis,Western Crowned Warbler,0.9203,psl4,2024,05,15,07
240.0,243.0,Phylloscopus occipitalis,Western Crowned Warbler,0.8912,psl4,2024,05,15,07
246.0,249.0,Phylloscopus occipitalis,Western Crowned Warbler,0.7526,psl4,2024,05,15,07
249.0,252.0,Phylloscopus occipitalis,Western Crowned Warbler,0.9436,psl4,2024,05,15,07
252.0,255.0,Phylloscopus occipitalis,Western Crowned Warbler,0.8151,psl4,2024,05,15,07
255.0,258.0,Phylloscopus occipitalis,Western Crowned Warbler,0.9871,psl4,2024,05,15,07
258.0,261.0,Phylloscopus occipitalis,Western Crowned Warbler,0.9178,psl4,2024,05,15,07
264.0,267.0,Phylloscopus occipitalis,Western Crowned Warbler,0.9448,psl4,2024,05,15,07
267.0,270.0,Phylloscopus humei,Hume's Warbler,0.8847,psl4,2024,05,15,07
270.0,273.0,Phylloscopus occipitalis,Western Crowned Warbler,0.5142,psl4,2024,05,15,07
273.0,276.0,Phylloscopus humei,Hume's Warbler,0.9162,psl4,2024,05,15,07
276.0,279.0,Phylloscopus occipitalis,Western Crowned Warbler,0.5094,psl4,2024,05,15,07
279.0,282.0,Phylloscopus occipitalis,Western Crowned Warbler,0.7294,psl4,2024,05,15,07
282.0,285.0,Phylloscopus humei,Hume's Warbler,0.5511,psl4,2024,05,15,07
285.0,288.0,Phylloscopus occipitalis,Western Crowned Warbler,0.7938,psl4,2024,05,15,07
297.0,300.0,Phylloscopus humei,Hume's Warbler,0.9598,psl4,2024,05,15,07
306.0,309.0,Phylloscopus humei,Hume's Warbler,0.7829,psl4,2024,05,15,07
309.0,312.0,Phylloscopus occipitalis,Western Crowned Warbler,0.8189,psl4,2024,05,15,07
318.0,321.0,Phylloscopus occipitalis,Western Crowned Warbler,0.8405,psl4,2024,05,15,07
324.0,327.0,Phylloscopus occipitalis,Western Crowned Warbler,0.6466,psl4,2024,05,15,07
333.0,336.0,Phylloscopus occipitalis,Western Crowned Warbler,0.8226,psl4,2024,05,15,07
339.0,342.0,Phylloscopus occipitalis,Western Crowned Warbler,0.6585,psl4,2024,05,15,07
348.0,351.0,Phylloscopus occipitalis,Western Crowned Warbler,0.8438,psl4,2024,05,15,07
357.0,360.0,Phylloscopus occipitalis,Western Crowned Warbler,0.8242,psl4,2024,05,15,07
366.0,369.0,Phylloscopus occipitalis,Western Crowned Warbler,0.9186,psl4,2024,05,15,07
372.0,375.0,Athene noctua,Little Owl,0.8075,psl4,2024,05,15,07
381.0,384.0,Phylloscopus occipitalis,Western Crowned Warbler,0.6576,psl4,2024,05,15,07
393.0,396.0,Phylloscopus occipitalis,Western Crowned Warbler,0.7241,psl4,2024,05,15,07
396.0,399.0,Phylloscopus occipitalis,Western Crowned Warbler,0.8297,psl4,2024,05,15,07
405.0,408.0,Phylloscopus occipitalis,Western Crowned Warbler,0.748,psl4,2024,05,15,07
411.0,414.0,Phylloscopus occipitalis,Western Crowned Warbler,0.8843,psl4,2024,05,15,07
426.0,429.0,Phylloscopus occipitalis,Western Crowned Warbler,0.7098,psl4,2024,05,15,07
444.0,447.0,Phylloscopus occipitalis,Western Crowned Warbler,0.5116,psl4,2024,05,15,07
447.0,450.0,Phylloscopus occipitalis,Western Crowned Warbler,0.9538,psl4,2024,05,15,07
450.0,453.0,Phylloscopus occipitalis,Western Crowned Warbler,0.7376,psl4,2024,05,15,07
459.0,462.0,Phylloscopus occipitalis,Western Crowned Warbler,0.805,psl4,2024,05,15,07
468.0,471.0,Phylloscopus occipitalis,Western Crowned Warbler,0.7418,psl4,2024,05,15,07
474.0,477.0,Phylloscopus occipitalis,Western Crowned Warbler,0.6313,psl4,2024,05,15,07
477.0,480.0,Phylloscopus occipitalis,Western Crowned Warbler,0.6873,psl4,2024,05,15,07
480.0,483.0,Phylloscopus occipitalis,Western Crowned Warbler,0.6322,psl4,2024,05,15,07
495.0,498.0,Phylloscopus occipitalis,Western Crowned Warbler,0.6825,psl4,2024,05,15,07
513.0,516.0,Phylloscopus occipitalis,Western Crowned Warbler,0.7433,psl4,2024,05,15,07
516.0,519.0,Phylloscopus occipitalis,Western Crowned Warbler,0.6834,psl4,2024,05,15,07
519.0,522.0,Phylloscopus occipitalis,Western Crowned Warbler,0.8931,psl4,2024,05,15,07
522.0,525.0,Phylloscopus occipitalis,Western Crowned Warbler,0.9333,psl4,2024,05,15,07
528.0,531.0,Phylloscopus occipitalis,Western Crowned Warbler,0.8026,psl4,2024,05,15,07
531.0,534.0,Phylloscopus occipitalis,Western Crowned Warbler,0.5812,psl4,2024,05,15,07
534.0,537.0,Phylloscopus affinis,Tickell's Leaf Warbler,0.9813,psl4,2024,05,15,07
537.0,540.0,Phylloscopus occipitalis,Western Crowned Warbler,0.7827,psl4,2024,05,15,07
540.0,543.0,Phylloscopus occipitalis,Western Crowned Warbler,0.5631,psl4,2024,05,15,07
543.0,546.0,Phylloscopus occipitalis,Western Crowned Warbler,0.6051,psl4,2024,05,15,07
549.0,552.0,Phylloscopus occipitalis,Western Crowned Warbler,0.8952,psl4,2024,05,15,07
552.0,555.0,Phylloscopus occipitalis,Western Crowned Warbler,0.7798,psl4,2024,05,15,07
555.0,558.0,Phylloscopus occipitalis,Western Crowned Warbler,0.9185,psl4,2024,05,15,07
555.0,558.0,Protonotaria citrea,Prothonotary Warbler,0.521,psl4,2024,05,15,07
558.0,561.0,Phylloscopus occipitalis,Western Crowned Warbler,0.5466,psl4,2024,05,15,07
561.0,564.0,Phylloscopus occipitalis,Western Crowned Warbler,0.8313,psl4,2024,05,15,07
564.0,567.0,Phylloscopus occipitalis,Western Crowned Warbler,0.9587,psl4,2024,05,15,07
570.0,573.0,Phylloscopus humei,Hume's Warbler,0.8231,psl4,2024,05,15,07
573.0,576.0,Phylloscopus occipitalis,Western Crowned Warbler,0.8759,psl4,2024,05,15,07
576.0,579.0,Phylloscopus occipitalis,Western Crowned Warbler,0.6306,psl4,2024,05,15,07
582.0,585.0,Phylloscopus occipitalis,Western Crowned Warbler,0.9942,psl4,2024,05,15,07
585.0,588.0,Phylloscopus humei,Hume's Warbler,0.8118,psl4,2024,05,15,07
588.0,591.0,Phylloscopus humei,Hume's Warbler,0.9605,psl4,2024,05,15,07
591.0,594.0,Phylloscopus occipitalis,Western Crowned Warbler,0.7644,psl4,2024,05,15,07
597.0,600.0,Phylloscopus occipitalis,Western Crowned Warbler,0.8425,psl4,2024,05,15,07
600.0,603.0,Phylloscopus occipitalis,Western Crowned Warbler,0.8673,psl4,2024,05,15,07
606.0,609.0,Phylloscopus occipitalis,Western Crowned Warbler,0.5641,psl4,2024,05,15,07
609.0,612.0,Phylloscopus occipitalis,Western Crowned Warbler,0.7401,psl4,2024,05,15,07
612.0,615.0,Cygnus cygnus,Whooper Swan,0.8704,psl4,2024,05,15,07
618.0,621.0,Cygnus columbianus,Tundra Swan,0.7128,psl4,2024,05,15,07
630.0,633.0,Phylloscopus occipitalis,Western Crowned Warbler,0.9947,psl4,2024,05,15,07
636.0,639.0,Phylloscopus humei,Hume's Warbler,0.9544,psl4,2024,05,15,07
639.0,642.0,Phylloscopus occipitalis,Western Crowned Warbler,0.9947,psl4,2024,05,15,07
642.0,645.0,Phylloscopus occipitalis,Western Crowned Warbler,0.9359,psl4,2024,05,15,07
648.0,651.0,Phylloscopus occipitalis,Western Crowned Warbler,0.9395,psl4,2024,05,15,07
648.0,651.0,Protonotaria citrea,Prothonotary Warbler,0.5037,psl4,2024,05,15,07
651.0,654.0,Phylloscopus occipitalis,Western Crowned Warbler,0.9411,psl4,2024,05,15,07
651.0,654.0,Protonotaria citrea,Prothonotary Warbler,0.5231,psl4,2024,05,15,07
657.0,660.0,Phylloscopus occipitalis,Western Crowned Warbler,0.9679,psl4,2024,05,15,07
660.0,663.0,Phylloscopus occipitalis,Western Crowned Warbler,0.9781,psl4,2024,05,15,07
663.0,666.0,Phylloscopus occipitalis,Western Crowned Warbler,0.5938,psl4,2024,05,15,07
672.0,675.0,Phylloscopus occipitalis,Western Crowned Warbler,0.9883,psl4,2024,05,15,07
687.0,690.0,Phylloscopus humei,Hume's Warbler,0.6461,psl4,2024,05,15,07
690.0,693.0,Phylloscopus occipitalis,Western Crowned Warbler,0.9331,psl4,2024,05,15,07
696.0,699.0,Phylloscopus occipitalis,Western Crowned Warbler,0.9882,psl4,2024,05,15,07
702.0,705.0,Phylloscopus occipitalis,Western Crowned Warbler,0.9767,psl4,2024,05,15,07
705.0,708.0,Phylloscopus occipitalis,Western Crowned Warbler,0.6956,psl4,2024,05,15,07
708.0,711.0,Phylloscopus humei,Hume's Warbler,0.5236,psl4,2024,05,15,07
711.0,714.0,Phylloscopus occipitalis,Western Crowned Warbler,0.979,psl4,2024,05,15,07
717.0,720.0,Phylloscopus occipitalis,Western Crowned Warbler,0.9475,psl4,2024,05,15,07
723.0,726.0,Phylloscopus occipitalis,Western Crowned Warbler,0.9929,psl4,2024,05,15,07
732.0,735.0,Phylloscopus occipitalis,Western Crowned Warbler,0.9961,psl4,2024,05,15,07
735.0,738.0,Phylloscopus occipitalis,Western Crowned Warbler,0.7191,psl4,2024,05,15,07
744.0,747.0,Phylloscopus occipitalis,Western Crowned Warbler,0.7851,psl4,2024,05,15,07
750.0,753.0,Prunella strophiata,Rufous-breasted Accentor,0.6481,psl4,2024,05,15,07
750.0,753.0,Phylloscopus occipitalis,Western Crowned Warbler,0.6374,psl4,2024,05,15,07
753.0,756.0,Carpodacus erythrinus,Common Rosefinch,0.696,psl4,2024,05,15,07
756.0,759.0,Phylloscopus occipitalis,Western Crowned Warbler,0.8768,psl4,2024,05,15,07
762.0,765.0,Phylloscopus occipitalis,Western Crowned Warbler,0.9869,psl4,2024,05,15,07
762.0,765.0,Phylloscopus reguloides,Blyth's Leaf Warbler,0.5036,psl4,2024,05,15,07
765.0,768.0,Phylloscopus occipitalis,Western Crowned Warbler,0.9751,psl4,2024,05,15,07
768.0,771.0,Phylloscopus occipitalis,Western Crowned Warbler,0.919,psl4,2024,05,15,07
771.0,774.0,Phylloscopus occipitalis,Western Crowned Warbler,0.9857,psl4,2024,05,15,07
780.0,783.0,Phylloscopus occipitalis,Western Crowned Warbler,0.9982,psl4,2024,05,15,07
783.0,786.0,Carpodacus erythrinus,Common Rosefinch,0.7144,psl4,2024,05,15,07
786.0,789.0,Phylloscopus occipitalis,Western Crowned Warbler,0.9132,psl4,2024,05,15,07
789.0,792.0,Phylloscopus occipitalis,Western Crowned Warbler,0.9965,psl4,2024,05,15,07
795.0,798.0,Phylloscopus occipitalis,Western Crowned Warbler,0.811,psl4,2024,05,15,07
798.0,801.0,Phylloscopus occipitalis,Western Crowned Warbler,0.8477,psl4,2024,05,15,07
801.0,804.0,Phylloscopus occipitalis,Western Crowned Warbler,0.7406,psl4,2024,05,15,07
804.0,807.0,Phylloscopus occipitalis,Western Crowned Warbler,0.5174,psl4,2024,05,15,07
807.0,810.0,Phylloscopus occipitalis,Western Crowned Warbler,0.8927,psl4,2024,05,15,07
810.0,813.0,Phylloscopus occipitalis,Western Crowned Warbler,0.8792,psl4,2024,05,15,07
816.0,819.0,Phylloscopus occipitalis,Western Crowned Warbler,0.9064,psl4,2024,05,15,07
819.0,822.0,Phylloscopus occipitalis,Western Crowned Warbler,0.9453,psl4,2024,05,15,07
822.0,825.0,Carpodacus erythrinus,Common Rosefinch,0.5576,psl4,2024,05,15,07
825.0,828.0,Phylloscopus occipitalis,Western Crowned Warbler,0.9723,psl4,2024,05,15,07
828.0,831.0,Carpodacus erythrinus,Common Rosefinch,0.6424,psl4,2024,05,15,07
834.0,837.0,Phylloscopus occipitalis,Western Crowned Warbler,0.9938,psl4,2024,05,15,07
846.0,849.0,Carpodacus erythrinus,Common Rosefinch,0.509,psl4,2024,05,15,07
852.0,855.0,Phylloscopus occipitalis,Western Crowned Warbler,0.9108,psl4,2024,05,15,07
855.0,858.0,Phylloscopus occipitalis,Western Crowned Warbler,0.9886,psl4,2024,05,15,07
858.0,861.0,Carpodacus erythrinus,Common Rosefinch,0.7345,psl4,2024,05,15,07
864.0,867.0,Carpodacus erythrinus,Common Rosefinch,0.6811,psl4,2024,05,15,07
882.0,885.0,Phylloscopus occipitalis,Western Crowned Warbler,0.9947,psl4,2024,05,15,07
888.0,891.0,Phylloscopus occipitalis,Western Crowned Warbler,0.9898,psl4,2024,05,15,07
894.0,897.0,Phylloscopus occipitalis,Western Crowned Warbler,0.6191,psl4,2024,05,15,07
894.0,897.0,Phylloscopus reguloides,Blyth's Leaf Warbler,0.5173,psl4,2024,05,15,07
0.0,3.0,Phylloscopus occipitalis,Western Crowned Warbler,0.9148,psl4,2024,05,15,08
6.0,9.0,Phylloscopus occipitalis,Western Crowned Warbler,0.9367,psl4,2024,05,15,08
9.0,12.0,Phylloscopus occipitalis,Western Crowned Warbler,0.9749,psl4,2024,05,15,08
15.0,18.0,Phylloscopus occipitalis,Western Crowned Warbler,0.9893,psl4,2024,05,15,08
21.0,24.0,Phylloscopus occipitalis,Western Crowned Warbler,0.7059,psl4,2024,05,15,08
21.0,24.0,Phylloscopus reguloides,Blyth's Leaf Warbler,0.5748,psl4,2024,05,15,08
24.0,27.0,Phylloscopus occipitalis,Western Crowned Warbler,0.9776,psl4,2024,05,15,08
30.0,33.0,Phylloscopus occipitalis,Western Crowned Warbler,0.9852,psl4,2024,05,15,08
36.0,39.0,Phylloscopus occipitalis,Western Crowned Warbler,0.7681,psl4,2024,05,15,08
39.0,42.0,Phylloscopus occipitalis,Western Crowned Warbler,0.8249,psl4,2024,05,15,08
42.0,45.0,Phylloscopus occipitalis,Western Crowned Warbler,0.7346,psl4,2024,05,15,08
45.0,48.0,Phylloscopus occipitalis,Western Crowned Warbler,0.8385,psl4,2024,05,15,08
48.0,51.0,Phylloscopus occipitalis,Western Crowned Warbler,0.9757,psl4,2024,05,15,08
51.0,54.0,Phylloscopus occipitalis,Western Crowned Warbler,0.7781,psl4,2024,05,15,08
54.0,57.0,Phylloscopus occipitalis,Western Crowned Warbler,0.9395,psl4,2024,05,15,08
57.0,60.0,Phylloscopus occipitalis,Western Crowned Warbler,0.994,psl4,2024,05,15,08
60.0,63.0,Phylloscopus occipitalis,Western Crowned Warbler,0.9972,psl4,2024,05,15,08
66.0,69.0,Phylloscopus occipitalis,Western Crowned Warbler,0.994,psl4,2024,05,15,08
72.0,75.0,Phylloscopus maculipennis,Ashy-throated Warbler,0.7347,psl4,2024,05,15,08
75.0,78.0,Phylloscopus occipitalis,Western Crowned Warbler,0.9362,psl4,2024,05,15,08
81.0,84.0,Carpodacus erythrinus,Common Rosefinch,0.8855,psl4,2024,05,15,08
84.0,87.0,Phylloscopus occipitalis,Western Crowned Warbler,0.8418,psl4,2024,05,15,08
87.0,90.0,Phylloscopus occipitalis,Western Crowned Warbler,0.9445,psl4,2024,05,15,08
93.0,96.0,Carpodacus erythrinus,Common Rosefinch,0.7224,psl4,2024,05,15,08
96.0,99.0,Carpodacus erythrinus,Common Rosefinch,0.8061,psl4,2024,05,15,08
105.0,108.0,Phylloscopus occipitalis,Western Crowned Warbler,0.8027,psl4,2024,05,15,08
111.0,114.0,Carpodacus erythrinus,Common Rosefinch,0.9772,psl4,2024,05,15,08
114.0,117.0,Phylloscopus occipitalis,Western Crowned Warbler,0.8336,psl4,2024,05,15,08
117.0,120.0,Phylloscopus occipitalis,Western Crowned Warbler,0.9755,psl4,2024,05,15,08
120.0,123.0,Carpodacus erythrinus,Common Rosefinch,0.898,psl4,2024,05,15,08
123.0,126.0,Phylloscopus occipitalis,Western Crowned Warbler,0.9488,psl4,2024,05,15,08
126.0,129.0,Phylloscopus occipitalis,Western Crowned Warbler,0.856,psl4,2024,05,15,08
129.0,132.0,Carpodacus erythrinus,Common Rosefinch,0.909,psl4,2024,05,15,08
132.0,135.0,Phylloscopus occipitalis,Western Crowned Warbler,0.91,psl4,2024,05,15,08
135.0,138.0,Phylloscopus occipitalis,Western Crowned Warbler,0.9843,psl4,2024,05,15,08
141.0,144.0,Phylloscopus occipitalis,Western Crowned Warbler,0.7764,psl4,2024,05,15,08
144.0,147.0,Phylloscopus humei,Hume's Warbler,0.9981,psl4,2024,05,15,08
147.0,150.0,Phylloscopus occipitalis,Western Crowned Warbler,0.7125,psl4,2024,05,15,08
156.0,159.0,Phylloscopus occipitalis,Western Crowned Warbler,0.7616,psl4,2024,05,15,08
159.0,162.0,Phylloscopus occipitalis,Western Crowned Warbler,0.8214,psl4,2024,05,15,08
162.0,165.0,Phylloscopus occipitalis,Western Crowned Warbler,0.9943,psl4,2024,05,15,08
165.0,168.0,Carpodacus erythrinus,Common Rosefinch,0.7462,psl4,2024,05,15,08
174.0,177.0,Phylloscopus occipitalis,Western Crowned Warbler,0.9734,psl4,2024,05,15,08
180.0,183.0,Phylloscopus occipitalis,Western Crowned Warbler,0.6236,psl4,2024,05,15,08
183.0,186.0,Phylloscopus occipitalis,Western Crowned Warbler,0.8569,psl4,2024,05,15,08
189.0,192.0,Phylloscopus occipitalis,Western Crowned Warbler,0.9165,psl4,2024,05,15,08
198.0,201.0,Phylloscopus occipitalis,Western Crowned Warbler,0.7047,psl4,2024,05,15,08
216.0,219.0,Phylloscopus occipitalis,Western Crowned Warbler,0.5251,psl4,2024,05,15,08
243.0,246.0,Phylloscopus occipitalis,Western Crowned Warbler,0.5897,psl4,2024,05,15,08
246.0,249.0,Phylloscopus occipitalis,Western Crowned Warbler,0.7803,psl4,2024,05,15,08
255.0,258.0,Phylloscopus occipitalis,Western Crowned Warbler,0.7302,psl4,2024,05,15,08
258.0,261.0,Phylloscopus occipitalis,Western Crowned Warbler,0.8662,psl4,2024,05,15,08
261.0,264.0,Phylloscopus occipitalis,Western Crowned Warbler,0.7562,psl4,2024,05,15,08
264.0,267.0,Phylloscopus occipitalis,Western Crowned Warbler,0.8766,psl4,2024,05,15,08
267.0,270.0,Carpodacus erythrinus,Common Rosefinch,0.742,psl4,2024,05,15,08
270.0,273.0,Phylloscopus occipitalis,Western Crowned Warbler,0.7268,psl4,2024,05,15,08
273.0,276.0,Phylloscopus occipitalis,Western Crowned Warbler,0.8443,psl4,2024,05,15,08
276.0,279.0,Phylloscopus occipitalis,Western Crowned Warbler,0.7106,psl4,2024,05,15,08
285.0,288.0,Phylloscopus occipitalis,Western Crowned Warbler,0.6278,psl4,2024,05,15,08
288.0,291.0,Carpodacus erythrinus,Common Rosefinch,0.5004,psl4,2024,05,15,08
300.0,303.0,Phylloscopus occipitalis,Western Crowned Warbler,0.8598,psl4,2024,05,15,08
306.0,309.0,Phylloscopus occipitalis,Western Crowned Warbler,0.9845,psl4,2024,05,15,08
309.0,312.0,Carpodacus erythrinus,Common Rosefinch,0.6801,psl4,2024,05,15,08
312.0,315.0,Phylloscopus occipitalis,Western Crowned Warbler,0.8231,psl4,2024,05,15,08
318.0,321.0,Phylloscopus occipitalis,Western Crowned Warbler,0.7405,psl4,2024,05,15,08
321.0,324.0,Phylloscopus occipitalis,Western Crowned Warbler,0.8092,psl4,2024,05,15,08
324.0,327.0,Carpodacus erythrinus,Common Rosefinch,0.8104,psl4,2024,05,15,08
336.0,339.0,Phylloscopus occipitalis,Western Crowned Warbler,0.5182,psl4,2024,05,15,08
339.0,342.0,Phylloscopus occipitalis,Western Crowned Warbler,0.9754,psl4,2024,05,15,08
354.0,357.0,Phylloscopus occipitalis,Western Crowned Warbler,0.9853,psl4,2024,05,15,08
360.0,363.0,Phylloscopus occipitalis,Western Crowned Warbler,0.9806,psl4,2024,05,15,08
366.0,369.0,Phylloscopus occipitalis,Western Crowned Warbler,0.9605,psl4,2024,05,15,08
372.0,375.0,Phylloscopus occipitalis,Western Crowned Warbler,0.6021,psl4,2024,05,15,08
375.0,378.0,Phylloscopus occipitalis,Western Crowned Warbler,0.8871,psl4,2024,05,15,08
378.0,381.0,Phylloscopus occipitalis,Western Crowned Warbler,0.9961,psl4,2024,05,15,08
381.0,384.0,Phylloscopus occipitalis,Western Crowned Warbler,0.872,psl4,2024,05,15,08
384.0,387.0,Phylloscopus occipitalis,Western Crowned Warbler,0.9934,psl4,2024,05,15,08
387.0,390.0,Phylloscopus occipitalis,Western Crowned Warbler,0.9754,psl4,2024,05,15,08
390.0,393.0,Carpodacus erythrinus,Common Rosefinch,0.5795,psl4,2024,05,15,08
393.0,396.0,Phylloscopus occipitalis,Western Crowned Warbler,0.9978,psl4,2024,05,15,08
396.0,399.0,Carpodacus erythrinus,Common Rosefinch,0.7415,psl4,2024,05,15,08
402.0,405.0,Phylloscopus occipitalis,Western Crowned Warbler,0.9157,psl4,2024,05,15,08
408.0,411.0,Phylloscopus occipitalis,Western Crowned Warbler,0.996,psl4,2024,05,15,08
411.0,414.0,Carpodacus erythrinus,Common Rosefinch,0.5608,psl4,2024,05,15,08
417.0,420.0,Phylloscopus occipitalis,Western Crowned Warbler,0.976,psl4,2024,05,15,08
420.0,423.0,Carpodacus erythrinus,Common Rosefinch,0.9234,psl4,2024,05,15,08
423.0,426.0,Phylloscopus occipitalis,Western Crowned Warbler,0.9956,psl4,2024,05,15,08
426.0,429.0,Carpodacus erythrinus,Common Rosefinch,0.731,psl4,2024,05,15,08
429.0,432.0,Phylloscopus occipitalis,Western Crowned Warbler,0.7488,psl4,2024,05,15,08
432.0,435.0,Phylloscopus occipitalis,Western Crowned Warbler,0.9765,psl4,2024,05,15,08
438.0,441.0,Phylloscopus occipitalis,Western Crowned Warbler,0.7448,psl4,2024,05,15,08
441.0,444.0,Phylloscopus occipitalis,Western Crowned Warbler,0.9363,psl4,2024,05,15,08
447.0,450.0,Phylloscopus occipitalis,Western Crowned Warbler,0.9924,psl4,2024,05,15,08
453.0,456.0,Phylloscopus reguloides,Blyth's Leaf Warbler,0.5956,psl4,2024,05,15,08
456.0,459.0,Phylloscopus occipitalis,Western Crowned Warbler,0.8023,psl4,2024,05,15,08
459.0,462.0,Phylloscopus occipitalis,Western Crowned Warbler,0.9926,psl4,2024,05,15,08
462.0,465.0,Phylloscopus occipitalis,Western Crowned Warbler,0.9644,psl4,2024,05,15,08
465.0,468.0,Phylloscopus occipitalis,Western Crowned Warbler,0.9853,psl4,2024,05,15,08
468.0,471.0,Phylloscopus occipitalis,Western Crowned Warbler,0.9863,psl4,2024,05,15,08
474.0,477.0,Phylloscopus occipitalis,Western Crowned Warbler,0.9841,psl4,2024,05,15,08
477.0,480.0,Phylloscopus occipitalis,Western Crowned Warbler,0.6331,psl4,2024,05,15,08
480.0,483.0,Phylloscopus occipitalis,Western Crowned Warbler,0.9787,psl4,2024,05,15,08
486.0,489.0,Phylloscopus occipitalis,Western Crowned Warbler,0.9869,psl4,2024,05,15,08
489.0,492.0,Carpodacus erythrinus,Common Rosefinch,0.6979,psl4,2024,05,15,08
492.0,495.0,Phylloscopus occipitalis,Western Crowned Warbler,0.9312,psl4,2024,05,15,08
498.0,501.0,Phylloscopus occipitalis,Western Crowned Warbler,0.9737,psl4,2024,05,15,08
501.0,504.0,Phylloscopus occipitalis,Western Crowned Warbler,0.8569,psl4,2024,05,15,08
504.0,507.0,Phylloscopus occipitalis,Western Crowned Warbler,0.9968,psl4,2024,05,15,08
507.0,510.0,Phylloscopus occipitalis,Western Crowned Warbler,0.6607,psl4,2024,05,15,08
510.0,513.0,Phylloscopus occipitalis,Western Crowned Warbler,0.8794,psl4,2024,05,15,08
513.0,516.0,Phylloscopus occipitalis,Western Crowned Warbler,0.921,psl4,2024,05,15,08
519.0,522.0,Phylloscopus occipitalis,Western Crowned Warbler,0.9097,psl4,2024,05,15,08
525.0,528.0,Phylloscopus occipitalis,Western Crowned Warbler,0.9277,psl4,2024,05,15,08
528.0,531.0,Phylloscopus occipitalis,Western Crowned Warbler,0.9531,psl4,2024,05,15,08
528.0,531.0,Phylloscopus reguloides,Blyth's Leaf Warbler,0.5553,psl4,2024,05,15,08
534.0,537.0,Phylloscopus occipitalis,Western Crowned Warbler,0.9936,psl4,2024,05,15,08
537.0,540.0,Carpodacus erythrinus,Common Rosefinch,0.9303,psl4,2024,05,15,08
540.0,543.0,Phylloscopus occipitalis,Western Crowned Warbler,0.9939,psl4,2024,05,15,08
543.0,546.0,Phylloscopus occipitalis,Western Crowned Warbler,0.7365,psl4,2024,05,15,08
546.0,549.0,Phylloscopus occipitalis,Western Crowned Warbler,0.9968,psl4,2024,05,15,08
549.0,552.0,Phylloscopus occipitalis,Western Crowned Warbler,0.9394,psl4,2024,05,15,08
552.0,555.0,Phylloscopus occipitalis,Western Crowned Warbler,0.9237,psl4,2024,05,15,08
555.0,558.0,Phylloscopus occipitalis,Western Crowned Warbler,0.9727,psl4,2024,05,15,08
558.0,561.0,Protonotaria citrea,Prothonotary Warbler,0.9048,psl4,2024,05,15,08
561.0,564.0,Phylloscopus occipitalis,Western Crowned Warbler,0.9859,psl4,2024,05,15,08
567.0,570.0,Phylloscopus occipitalis,Western Crowned Warbler,0.9324,psl4,2024,05,15,08
570.0,573.0,Phylloscopus occipitalis,Western Crowned Warbler,0.9451,psl4,2024,05,15,08
573.0,576.0,Carpodacus erythrinus,Common Rosefinch,0.7364,psl4,2024,05,15,08
576.0,579.0,Phylloscopus occipitalis,Western Crowned Warbler,0.9924,psl4,2024,05,15,08
585.0,588.0,Phylloscopus occipitalis,Western Crowned Warbler,0.9604,psl4,2024,05,15,08
591.0,594.0,Phylloscopus occipitalis,Western Crowned Warbler,0.9939,psl4,2024,05,15,08
594.0,597.0,Phylloscopus humei,Hume's Warbler,0.6751,psl4,2024,05,15,08
597.0,600.0,Phylloscopus occipitalis,Western Crowned Warbler,0.9409,psl4,2024,05,15,08
600.0,603.0,Phylloscopus occipitalis,Western Crowned Warbler,0.9507,psl4,2024,05,15,08
606.0,609.0,Phylloscopus occipitalis,Western Crowned Warbler,0.9763,psl4,2024,05,15,08
609.0,612.0,Ficedula tricolor,Slaty-blue Flycatcher,0.836,psl4,2024,05,15,08
612.0,615.0,Phylloscopus occipitalis,Western Crowned Warbler,0.9709,psl4,2024,05,15,08
618.0,621.0,Phylloscopus occipitalis,Western Crowned Warbler,0.995,psl4,2024,05,15,08
621.0,624.0,Ficedula tricolor,Slaty-blue Flycatcher,0.5344,psl4,2024,05,15,08
627.0,630.0,Phylloscopus occipitalis,Western Crowned Warbler,0.8626,psl4,2024,05,15,08
636.0,639.0,Phylloscopus occipitalis,Western Crowned Warbler,0.8732,psl4,2024,05,15,08
642.0,645.0,Phylloscopus occipitalis,Western Crowned Warbler,0.9904,psl4,2024,05,15,08
645.0,648.0,Phylloscopus occipitalis,Western Crowned Warbler,0.9633,psl4,2024,05,15,08
648.0,651.0,Ficedula tricolor,Slaty-blue Flycatcher,0.8914,psl4,2024,05,15,08
651.0,654.0,Phylloscopus occipitalis,Western Crowned Warbler,0.9954,psl4,2024,05,15,08
657.0,660.0,Phylloscopus occipitalis,Western Crowned Warbler,0.9221,psl4,2024,05,15,08
660.0,663.0,Ficedula tricolor,Slaty-blue Flycatcher,0.8655,psl4,2024,05,15,08
663.0,666.0,Phylloscopus occipitalis,Western Crowned Warbler,0.9654,psl4,2024,05,15,08
669.0,672.0,Phylloscopus occipitalis,Western Crowned Warbler,0.7141,psl4,2024,05,15,08
672.0,675.0,Phylloscopus occipitalis,Western Crowned Warbler,0.7866,psl4,2024,05,15,08
678.0,681.0,Phylloscopus occipitalis,Western Crowned Warbler,0.8912,psl4,2024,05,15,08
681.0,684.0,Phylloscopus occipitalis,Western Crowned Warbler,0.9989,psl4,2024,05,15,08
684.0,687.0,Phylloscopus occipitalis,Western Crowned Warbler,0.8233,psl4,2024,05,15,08
687.0,690.0,Phylloscopus occipitalis,Western Crowned Warbler,0.9991,psl4,2024,05,15,08
696.0,699.0,Phylloscopus occipitalis,Western Crowned Warbler,0.9775,psl4,2024,05,15,08
702.0,705.0,Phylloscopus occipitalis,Western Crowned Warbler,0.9661,psl4,2024,05,15,08
708.0,711.0,Phylloscopus occipitalis,Western Crowned Warbler,0.6967,psl4,2024,05,15,08
711.0,714.0,Phylloscopus occipitalis,Western Crowned Warbler,0.9256,psl4,2024,05,15,08
717.0,720.0,Phylloscopus occipitalis,Western Crowned Warbler,0.9349,psl4,2024,05,15,08
720.0,723.0,Phylloscopus coronatus,Eastern Crowned Warbler,0.9044,psl4,2024,05,15,08
723.0,726.0,Phylloscopus occipitalis,Western Crowned Warbler,0.7528,psl4,2024,05,15,08
726.0,729.0,Phylloscopus occipitalis,Western Crowned Warbler,0.864,psl4,2024,05,15,08
732.0,735.0,Phylloscopus occipitalis,Western Crowned Warbler,0.9804,psl4,2024,05,15,08
738.0,741.0,Phylloscopus occipitalis,Western Crowned Warbler,0.9781,psl4,2024,05,15,08
741.0,744.0,Phylloscopus occipitalis,Western Crowned Warbler,0.8707,psl4,2024,05,15,08
747.0,750.0,Phylloscopus occipitalis,Western Crowned Warbler,0.9696,psl4,2024,05,15,08
750.0,753.0,Phylloscopus occipitalis,Western Crowned Warbler,0.9773,psl4,2024,05,15,08
756.0,759.0,Phylloscopus occipitalis,Western Crowned Warbler,0.994,psl4,2024,05,15,08
759.0,762.0,Phylloscopus occipitalis,Western Crowned Warbler,0.7564,psl4,2024,05,15,08
762.0,765.0,Phylloscopus occipitalis,Western Crowned Warbler,0.9826,psl4,2024,05,15,08
771.0,774.0,Phylloscopus occipitalis,Western Crowned Warbler,0.9184,psl4,2024,05,15,08
777.0,780.0,Phylloscopus occipitalis,Western Crowned Warbler,0.8151,psl4,2024,05,15,08
780.0,783.0,Phylloscopus occipitalis,Western Crowned Warbler,0.8801,psl4,2024,05,15,08
786.0,789.0,Phylloscopus occipitalis,Western Crowned Warbler,0.8736,psl4,2024,05,15,08
795.0,798.0,Phylloscopus occipitalis,Western Crowned Warbler,0.996,psl4,2024,05,15,08
801.0,804.0,Phylloscopus occipitalis,Western Crowned Warbler,0.9938,psl4,2024,05,15,08
813.0,816.0,Phylloscopus occipitalis,Western Crowned Warbler,0.9892,psl4,2024,05,15,08
816.0,819.0,Ficedula tricolor,Slaty-blue Flycatcher,0.8897,psl4,2024,05,15,08
819.0,822.0,Phylloscopus occipitalis,Western Crowned Warbler,0.7023,psl4,2024,05,15,08
822.0,825.0,Phylloscopus occipitalis,Western Crowned Warbler,0.583,psl4,2024,05,15,08
825.0,828.0,Ficedula tricolor,Slaty-blue Flycatcher,0.9664,psl4,2024,05,15,08
828.0,831.0,Phylloscopus occipitalis,Western Crowned Warbler,0.7481,psl4,2024,05,15,08
834.0,837.0,Phylloscopus humei,Hume's Warbler,0.9651,psl4,2024,05,15,08
837.0,840.0,Ficedula tricolor,Slaty-blue Flycatcher,0.9804,psl4,2024,05,15,08
840.0,843.0,Phylloscopus occipitalis,Western Crowned Warbler,0.5804,psl4,2024,05,15,08
843.0,846.0,Ficedula tricolor,Slaty-blue Flycatcher,0.771,psl4,2024,05,15,08
849.0,852.0,Phylloscopus occipitalis,Western Crowned Warbler,0.5628,psl4,2024,05,15,08
852.0,855.0,Ficedula tricolor,Slaty-blue Flycatcher,0.7122,psl4,2024,05,15,08
855.0,858.0,Phylloscopus occipitalis,Western Crowned Warbler,0.821,psl4,2024,05,15,08
861.0,864.0,Phylloscopus humei,Hume's Warbler,0.826,psl4,2024,05,15,08
870.0,873.0,Phylloscopus occipitalis,Western Crowned Warbler,0.8727,psl4,2024,05,15,08
879.0,882.0,Phylloscopus occipitalis,Western Crowned Warbler,0.8191,psl4,2024,05,15,08
888.0,891.0,Phylloscopus occipitalis,Western Crowned Warbler,0.566,psl4,2024,05,15,08
897.0,900.0,Phylloscopus occipitalis,Western Crowned Warbler,0.9726,psl4,2024,05,15,08
54.0,57.0,Phylloscopus humei,Hume's Warbler,0.9134,psl4,2024,05,15,09
60.0,63.0,Setophaga townsendi,Townsend's Warbler,0.7858,psl4,2024,05,15,09
63.0,66.0,Charitospiza eucosma,Coal-crested Finch,0.6117,psl4,2024,05,15,09
66.0,69.0,Phylloscopus humei,Hume's Warbler,0.7849,psl4,2024,05,15,09
150.0,153.0,Phylloscopus humei,Hume's Warbler,0.6415,psl4,2024,05,15,09
165.0,168.0,Phylloscopus occipitalis,Western Crowned Warbler,0.8078,psl4,2024,05,15,09
198.0,201.0,Phylloscopus occipitalis,Western Crowned Warbler,0.5256,psl4,2024,05,15,09
216.0,219.0,Phylloscopus occipitalis,Western Crowned Warbler,0.5565,psl4,2024,05,15,09
255.0,258.0,Phylloscopus occipitalis,Western Crowned Warbler,0.6654,psl4,2024,05,15,09
282.0,285.0,Phylloscopus occipitalis,Western Crowned Warbler,0.5869,psl4,2024,05,15,09
372.0,375.0,Phylloscopus occipitalis,Western Crowned Warbler,0.547,psl4,2024,05,15,09
405.0,408.0,Protonotaria citrea,Prothonotary Warbler,0.5098,psl4,2024,05,15,09
414.0,417.0,Phylloscopus humei,Hume's Warbler,0.5006,psl4,2024,05,15,09
417.0,420.0,Phylloscopus humei,Hume's Warbler,0.9804,psl4,2024,05,15,09
420.0,423.0,Phylloscopus humei,Hume's Warbler,0.6195,psl4,2024,05,15,09
423.0,426.0,Phylloscopus humei,Hume's Warbler,0.7542,psl4,2024,05,15,09
426.0,429.0,Phylloscopus humei,Hume's Warbler,0.7237,psl4,2024,05,15,09
429.0,432.0,Protonotaria citrea,Prothonotary Warbler,0.5577,psl4,2024,05,15,09
450.0,453.0,Phylloscopus humei,Hume's Warbler,0.9925,psl4,2024,05,15,09
462.0,465.0,Fulica atra,Eurasian Coot,0.5776,psl4,2024,05,15,09
468.0,471.0,Protonotaria citrea,Prothonotary Warbler,0.7885,psl4,2024,05,15,09
474.0,477.0,Phylloscopus occipitalis,Western Crowned Warbler,0.7253,psl4,2024,05,15,09
477.0,480.0,Phylloscopus occipitalis,Western Crowned Warbler,0.8079,psl4,2024,05,15,09
483.0,486.0,Phylloscopus occipitalis,Western Crowned Warbler,0.8205,psl4,2024,05,15,09
489.0,492.0,Phylloscopus humei,Hume's Warbler,0.8236,psl4,2024,05,15,09
492.0,495.0,Phylloscopus occipitalis,Western Crowned Warbler,0.667,psl4,2024,05,15,09
501.0,504.0,Phylloscopus humei,Hume's Warbler,0.9851,psl4,2024,05,15,09
513.0,516.0,Phylloscopus occipitalis,Western Crowned Warbler,0.5585,psl4,2024,05,15,09
528.0,531.0,Protonotaria citrea,Prothonotary Warbler,0.6836,psl4,2024,05,15,09
543.0,546.0,Phylloscopus occipitalis,Western Crowned Warbler,0.9626,psl4,2024,05,15,09
549.0,552.0,Phylloscopus occipitalis,Western Crowned Warbler,0.907,psl4,2024,05,15,09
552.0,555.0,Phylloscopus occipitalis,Western Crowned Warbler,0.8557,psl4,2024,05,15,09
555.0,558.0,Phylloscopus occipitalis,Western Crowned Warbler,0.5541,psl4,2024,05,15,09
567.0,570.0,Cettia castaneocoronata,Chestnut-headed Tesia,0.6251,psl4,2024,05,15,09
570.0,573.0,Phylloscopus occipitalis,Western Crowned Warbler,0.9783,psl4,2024,05,15,09
573.0,576.0,Phylloscopus occipitalis,Western Crowned Warbler,0.6638,psl4,2024,05,15,09
579.0,582.0,Phylloscopus occipitalis,Western Crowned Warbler,0.6004,psl4,2024,05,15,09
594.0,597.0,Phylloscopus occipitalis,Western Crowned Warbler,0.881,psl4,2024,05,15,09
597.0,600.0,Phylloscopus occipitalis,Western Crowned Warbler,0.5158,psl4,2024,05,15,09
603.0,606.0,Phylloscopus occipitalis,Western Crowned Warbler,0.7831,psl4,2024,05,15,09
606.0,609.0,Phylloscopus occipitalis,Western Crowned Warbler,0.7108,psl4,2024,05,15,09
612.0,615.0,Phylloscopus occipitalis,Western Crowned Warbler,0.8516,psl4,2024,05,15,09
615.0,618.0,Phylloscopus occipitalis,Western Crowned Warbler,0.8612,psl4,2024,05,15,09
624.0,627.0,Phylloscopus occipitalis,Western Crowned Warbler,0.9217,psl4,2024,05,15,09
627.0,630.0,Phylloscopus occipitalis,Western Crowned Warbler,0.8718,psl4,2024,05,15,09
633.0,636.0,Phylloscopus occipitalis,Western Crowned Warbler,0.9753,psl4,2024,05,15,09
636.0,639.0,Phylloscopus occipitalis,Western Crowned Warbler,0.9884,psl4,2024,05,15,09
642.0,645.0,Phylloscopus occipitalis,Western Crowned Warbler,0.9096,psl4,2024,05,15,09
645.0,648.0,Phylloscopus occipitalis,Western Crowned Warbler,0.7626,psl4,2024,05,15,09
651.0,654.0,Phylloscopus occipitalis,Western Crowned Warbler,0.8446,psl4,2024,05,15,09
654.0,657.0,Phylloscopus occipitalis,Western Crowned Warbler,0.8991,psl4,2024,05,15,09
660.0,663.0,Phylloscopus occipitalis,Western Crowned Warbler,0.9256,psl4,2024,05,15,09
669.0,672.0,Phylloscopus occipitalis,Western Crowned Warbler,0.9346,psl4,2024,05,15,09
681.0,684.0,Phylloscopus occipitalis,Western Crowned Warbler,0.5841,psl4,2024,05,15,09
699.0,702.0,Phylloscopus occipitalis,Western Crowned Warbler,0.7739,psl4,2024,05,15,09
702.0,705.0,Phylloscopus occipitalis,Western Crowned Warbler,0.5561,psl4,2024,05,15,09
705.0,708.0,Phylloscopus occipitalis,Western Crowned Warbler,0.6511,psl4,2024,05,15,09
708.0,711.0,Phylloscopus occipitalis,Western Crowned Warbler,0.8401,psl4,2024,05,15,09
711.0,714.0,Phylloscopus occipitalis,Western Crowned Warbler,0.7936,psl4,2024,05,15,09
714.0,717.0,Phylloscopus occipitalis,Western Crowned Warbler,0.5679,psl4,2024,05,15,09
717.0,720.0,Phylloscopus occipitalis,Western Crowned Warbler,0.9724,psl4,2024,05,15,09
720.0,723.0,Phylloscopus occipitalis,Western Crowned Warbler,0.9849,psl4,2024,05,15,09
726.0,729.0,Phylloscopus occipitalis,Western Crowned Warbler,0.9363,psl4,2024,05,15,09
729.0,732.0,Phylloscopus occipitalis,Western Crowned Warbler,0.6439,psl4,2024,05,15,09
735.0,738.0,Phylloscopus occipitalis,Western Crowned Warbler,0.9486,psl4,2024,05,15,09
741.0,744.0,Phylloscopus occipitalis,Western Crowned Warbler,0.9563,psl4,2024,05,15,09
744.0,747.0,Phylloscopus occipitalis,Western Crowned Warbler,0.8559,psl4,2024,05,15,09
759.0,762.0,Phylloscopus occipitalis,Western Crowned Warbler,0.8756,psl4,2024,05,15,09
768.0,771.0,Phylloscopus occipitalis,Western Crowned Warbler,0.898,psl4,2024,05,15,09
774.0,777.0,Phylloscopus occipitalis,Western Crowned Warbler,0.8242,psl4,2024,05,15,09
777.0,780.0,Phylloscopus humei,Hume's Warbler,0.8011,psl4,2024,05,15,09
780.0,783.0,Periparus rufonuchalis,Rufous-naped Tit,0.6246,psl4,2024,05,15,09
783.0,786.0,Phylloscopus occipitalis,Western Crowned Warbler,0.9122,psl4,2024,05,15,09
792.0,795.0,Phylloscopus occipitalis,Western Crowned Warbler,0.6278,psl4,2024,05,15,09
798.0,801.0,Periparus rufonuchalis,Rufous-naped Tit,0.6868,psl4,2024,05,15,09
801.0,804.0,Phylloscopus occipitalis,Western Crowned Warbler,0.8162,psl4,2024,05,15,09
804.0,807.0,Ficedula tricolor,Slaty-blue Flycatcher,0.5955,psl4,2024,05,15,09
810.0,813.0,Phylloscopus occipitalis,Western Crowned Warbler,0.6715,psl4,2024,05,15,09
813.0,816.0,Periparus rufonuchalis,Rufous-naped Tit,0.7839,psl4,2024,05,15,09
822.0,825.0,Phylloscopus occipitalis,Western Crowned Warbler,0.9542,psl4,2024,05,15,09
825.0,828.0,Phylloscopus occipitalis,Western Crowned Warbler,0.9663,psl4,2024,05,15,09
831.0,834.0,Phylloscopus occipitalis,Western Crowned Warbler,0.8782,psl4,2024,05,15,09
831.0,834.0,Periparus rufonuchalis,Rufous-naped Tit,0.8615,psl4,2024,05,15,09
834.0,837.0,Phylloscopus occipitalis,Western Crowned Warbler,0.6546,psl4,2024,05,15,09
837.0,840.0,Phylloscopus humei,Hume's Warbler,0.8297,psl4,2024,05,15,09
849.0,852.0,Phylloscopus occipitalis,Western Crowned Warbler,0.9326,psl4,2024,05,15,09
852.0,855.0,Phylloscopus occipitalis,Western Crowned Warbler,0.5413,psl4,2024,05,15,09
858.0,861.0,Phylloscopus occipitalis,Western Crowned Warbler,0.9322,psl4,2024,05,15,09
885.0,888.0,Phylloscopus occipitalis,Western Crowned Warbler,0.9019,psl4,2024,05,15,09
888.0,891.0,Phylloscopus occipitalis,Western Crowned Warbler,0.8008,psl4,2024,05,15,09
891.0,894.0,Phylloscopus occipitalis,Western Crowned Warbler,0.9586,psl4,2024,05,15,09
897.0,900.0,Phylloscopus occipitalis,Western Crowned Warbler,0.8502,psl4,2024,05,15,09
0.0,3.0,Ficedula tricolor,Slaty-blue Flycatcher,0.5365,psl4,2024,05,16,06
3.0,6.0,Phylloscopus occipitalis,Western Crowned Warbler,0.9463,psl4,2024,05,16,06
15.0,18.0,Phylloscopus occipitalis,Western Crowned Warbler,0.5851,psl4,2024,05,16,06
18.0,21.0,Phylloscopus occipitalis,Western Crowned Warbler,0.9492,psl4,2024,05,16,06
27.0,30.0,Phylloscopus occipitalis,Western Crowned Warbler,0.7792,psl4,2024,05,16,06
33.0,36.0,Phylloscopus occipitalis,Western Crowned Warbler,0.9559,psl4,2024,05,16,06
39.0,42.0,Phylloscopus occipitalis,Western Crowned Warbler,0.5046,psl4,2024,05,16,06
42.0,45.0,Phylloscopus occipitalis,Western Crowned Warbler,0.5228,psl4,2024,05,16,06
45.0,48.0,Phylloscopus occipitalis,Western Crowned Warbler,0.7031,psl4,2024,05,16,06
48.0,51.0,Phylloscopus occipitalis,Western Crowned Warbler,0.8135,psl4,2024,05,16,06
54.0,57.0,Phylloscopus occipitalis,Western Crowned Warbler,0.7245,psl4,2024,05,16,06
57.0,60.0,Phylloscopus occipitalis,Western Crowned Warbler,0.7226,psl4,2024,05,16,06
60.0,63.0,Phylloscopus occipitalis,Western Crowned Warbler,0.9168,psl4,2024,05,16,06
66.0,69.0,Phylloscopus occipitalis,Western Crowned Warbler,0.9749,psl4,2024,05,16,06
72.0,75.0,Phylloscopus occipitalis,Western Crowned Warbler,0.9685,psl4,2024,05,16,06
78.0,81.0,Phylloscopus occipitalis,Western Crowned Warbler,0.9857,psl4,2024,05,16,06
84.0,87.0,Phylloscopus occipitalis,Western Crowned Warbler,0.943,psl4,2024,05,16,06
93.0,96.0,Phylloscopus occipitalis,Western Crowned Warbler,0.9462,psl4,2024,05,16,06
102.0,105.0,Phylloscopus occipitalis,Western Crowned Warbler,0.8381,psl4,2024,05,16,06
108.0,111.0,Phylloscopus occipitalis,Western Crowned Warbler,0.7701,psl4,2024,05,16,06
114.0,117.0,Phylloscopus occipitalis,Western Crowned Warbler,0.9711,psl4,2024,05,16,06
123.0,126.0,Phylloscopus occipitalis,Western Crowned Warbler,0.586,psl4,2024,05,16,06
129.0,132.0,Phylloscopus occipitalis,Western Crowned Warbler,0.9895,psl4,2024,05,16,06
132.0,135.0,Phylloscopus occipitalis,Western Crowned Warbler,0.9091,psl4,2024,05,16,06
135.0,138.0,Phylloscopus occipitalis,Western Crowned Warbler,0.8131,psl4,2024,05,16,06
141.0,144.0,Phylloscopus occipitalis,Western Crowned Warbler,0.5186,psl4,2024,05,16,06
150.0,153.0,Phylloscopus occipitalis,Western Crowned Warbler,0.5913,psl4,2024,05,16,06
159.0,162.0,Phylloscopus occipitalis,Western Crowned Warbler,0.5447,psl4,2024,05,16,06
165.0,168.0,Phylloscopus occipitalis,Western Crowned Warbler,0.8591,psl4,2024,05,16,06
168.0,171.0,Phylloscopus humei,Hume's Warbler,0.7033,psl4,2024,05,16,06
171.0,174.0,Phylloscopus occipitalis,Western Crowned Warbler,0.946,psl4,2024,05,16,06
177.0,180.0,Phylloscopus occipitalis,Western Crowned Warbler,0.6069,psl4,2024,05,16,06
180.0,183.0,Phylloscopus occipitalis,Western Crowned Warbler,0.7921,psl4,2024,05,16,06
183.0,186.0,Phylloscopus occipitalis,Western Crowned Warbler,0.8827,psl4,2024,05,16,06
189.0,192.0,Phylloscopus occipitalis,Western Crowned Warbler,0.574,psl4,2024,05,16,06
192.0,195.0,Phylloscopus tytleri,Tytler's Leaf Warbler,0.9573,psl4,2024,05,16,06
192.0,195.0,Phylloscopus occipitalis,Western Crowned Warbler,0.5717,psl4,2024,05,16,06
195.0,198.0,Phylloscopus occipitalis,Western Crowned Warbler,0.8282,psl4,2024,05,16,06
201.0,204.0,Phylloscopus tytleri,Tytler's Leaf Warbler,0.986,psl4,2024,05,16,06
204.0,207.0,Phylloscopus occipitalis,Western Crowned Warbler,0.862,psl4,2024,05,16,06
210.0,213.0,Phylloscopus occipitalis,Western Crowned Warbler,0.9254,psl4,2024,05,16,06
213.0,216.0,Phylloscopus occipitalis,Western Crowned Warbler,0.6927,psl4,2024,05,16,06
219.0,222.0,Phylloscopus occipitalis,Western Crowned Warbler,0.7955,psl4,2024,05,16,06
225.0,228.0,Carpodacus erythrinus,Common Rosefinch,0.9593,psl4,2024,05,16,06
234.0,237.0,Carpodacus erythrinus,Common Rosefinch,0.9002,psl4,2024,05,16,06
240.0,243.0,Carpodacus erythrinus,Common Rosefinch,0.88,psl4,2024,05,16,06
252.0,255.0,Carpodacus erythrinus,Common Rosefinch,0.5213,psl4,2024,05,16,06
258.0,261.0,Carpodacus erythrinus,Common Rosefinch,0.5378,psl4,2024,05,16,06
261.0,264.0,Carpodacus erythrinus,Common Rosefinch,0.6416,psl4,2024,05,16,06
264.0,267.0,Carpodacus erythrinus,Common Rosefinch,0.9373,psl4,2024,05,16,06
273.0,276.0,Carpodacus erythrinus,Common Rosefinch,0.7006,psl4,2024,05,16,06
279.0,282.0,Carpodacus erythrinus,Common Rosefinch,0.7255,psl4,2024,05,16,06
282.0,285.0,Ficedula tricolor,Slaty-blue Flycatcher,0.5,psl4,2024,05,16,06
285.0,288.0,Phylloscopus humei,Hume's Warbler,0.7995,psl4,2024,05,16,06
285.0,288.0,Carpodacus erythrinus,Common Rosefinch,0.5129,psl4,2024,05,16,06
291.0,294.0,Carpodacus erythrinus,Common Rosefinch,0.8156,psl4,2024,05,16,06
297.0,300.0,Carpodacus erythrinus,Common Rosefinch,0.698,psl4,2024,05,16,06
300.0,303.0,Phylloscopus humei,Hume's Warbler,0.6277,psl4,2024,05,16,06
300.0,303.0,Carpodacus erythrinus,Common Rosefinch,0.5524,psl4,2024,05,16,06
309.0,312.0,Carpodacus erythrinus,Common Rosefinch,0.8224,psl4,2024,05,16,06
312.0,315.0,Carpodacus erythrinus,Common Rosefinch,0.7309,psl4,2024,05,16,06
321.0,324.0,Carpodacus erythrinus,Common Rosefinch,0.5994,psl4,2024,05,16,06
324.0,327.0,Carpodacus erythrinus,Common Rosefinch,0.7903,psl4,2024,05,16,06
330.0,333.0,Carpodacus erythrinus,Common Rosefinch,0.5157,psl4,2024,05,16,06
333.0,336.0,Anthus hodgsoni,Olive-backed Pipit,0.6167,psl4,2024,05,16,06
342.0,345.0,Phylloscopus tytleri,Tytler's Leaf Warbler,0.8519,psl4,2024,05,16,06
351.0,354.0,Phylloscopus tytleri,Tytler's Leaf Warbler,0.8515,psl4,2024,05,16,06
354.0,357.0,Phylloscopus tytleri,Tytler's Leaf Warbler,0.5548,psl4,2024,05,16,06
357.0,360.0,Phylloscopus tytleri,Tytler's Leaf Warbler,0.9013,psl4,2024,05,16,06
360.0,363.0,Phylloscopus occipitalis,Western Crowned Warbler,0.6141,psl4,2024,05,16,06
381.0,384.0,Phylloscopus tytleri,Tytler's Leaf Warbler,0.9655,psl4,2024,05,16,06
384.0,387.0,Phylloscopus tytleri,Tytler's Leaf Warbler,0.9913,psl4,2024,05,16,06
387.0,390.0,Phylloscopus tytleri,Tytler's Leaf Warbler,0.6364,psl4,2024,05,16,06
390.0,393.0,Phylloscopus xanthoschistos,Gray-hooded Warbler,0.5139,psl4,2024,05,16,06
393.0,396.0,Phylloscopus tytleri,Tytler's Leaf Warbler,0.7518,psl4,2024,05,16,06
435.0,438.0,Carpodacus erythrinus,Common Rosefinch,0.5379,psl4,2024,05,16,06
438.0,441.0,Phylloscopus humei,Hume's Warbler,0.5385,psl4,2024,05,16,06
498.0,501.0,Phylloscopus occipitalis,Western Crowned Warbler,0.522,psl4,2024,05,16,06
504.0,507.0,Phylloscopus occipitalis,Western Crowned Warbler,0.8142,psl4,2024,05,16,06
516.0,519.0,Ficedula tricolor,Slaty-blue Flycatcher,0.5417,psl4,2024,05,16,06
519.0,522.0,Phylloscopus tytleri,Tytler's Leaf Warbler,0.7169,psl4,2024,05,16,06
528.0,531.0,Phylloscopus humei,Hume's Warbler,0.5608,psl4,2024,05,16,06
543.0,546.0,Phylloscopus humei,Hume's Warbler,0.9052,psl4,2024,05,16,06
546.0,549.0,Phylloscopus occipitalis,Western Crowned Warbler,0.7585,psl4,2024,05,16,06
552.0,555.0,Phylloscopus occipitalis,Western Crowned Warbler,0.5529,psl4,2024,05,16,06
558.0,561.0,Phylloscopus occipitalis,Western Crowned Warbler,0.5208,psl4,2024,05,16,06
567.0,570.0,Phylloscopus occipitalis,Western Crowned Warbler,0.5151,psl4,2024,05,16,06
573.0,576.0,Phylloscopus occipitalis,Western Crowned Warbler,0.6676,psl4,2024,05,16,06
576.0,579.0,Phylloscopus occipitalis,Western Crowned Warbler,0.8591,psl4,2024,05,16,06
579.0,582.0,Phylloscopus humei,Hume's Warbler,0.5612,psl4,2024,05,16,06
582.0,585.0,Phylloscopus occipitalis,Western Crowned Warbler,0.5632,psl4,2024,05,16,06
591.0,594.0,Phylloscopus occipitalis,Western Crowned Warbler,0.6826,psl4,2024,05,16,06
603.0,606.0,Phylloscopus occipitalis,Western Crowned Warbler,0.9652,psl4,2024,05,16,06
606.0,609.0,Phylloscopus occipitalis,Western Crowned Warbler,0.8258,psl4,2024,05,16,06
609.0,612.0,Phylloscopus occipitalis,Western Crowned Warbler,0.9841,psl4,2024,05,16,06
609.0,612.0,Protonotaria citrea,Prothonotary Warbler,0.6819,psl4,2024,05,16,06
615.0,618.0,Phylloscopus occipitalis,Western Crowned Warbler,0.9632,psl4,2024,05,16,06
621.0,624.0,Phylloscopus occipitalis,Western Crowned Warbler,0.9027,psl4,2024,05,16,06
627.0,630.0,Phylloscopus occipitalis,Western Crowned Warbler,0.8583,psl4,2024,05,16,06
630.0,633.0,Phylloscopus occipitalis,Western Crowned Warbler,0.9805,psl4,2024,05,16,06
633.0,636.0,Phylloscopus occipitalis,Western Crowned Warbler,0.7352,psl4,2024,05,16,06
636.0,639.0,Phylloscopus occipitalis,Western Crowned Warbler,0.5996,psl4,2024,05,16,06
639.0,642.0,Phylloscopus occipitalis,Western Crowned Warbler,0.875,psl4,2024,05,16,06
642.0,645.0,Phylloscopus occipitalis,Western Crowned Warbler,0.7052,psl4,2024,05,16,06
648.0,651.0,Phylloscopus occipitalis,Western Crowned Warbler,0.9726,psl4,2024,05,16,06
651.0,654.0,Phylloscopus occipitalis,Western Crowned Warbler,0.98,psl4,2024,05,16,06
654.0,657.0,Phylloscopus occipitalis,Western Crowned Warbler,0.9884,psl4,2024,05,16,06
657.0,660.0,Phylloscopus occipitalis,Western Crowned Warbler,0.9579,psl4,2024,05,16,06
660.0,663.0,Phylloscopus occipitalis,Western Crowned Warbler,0.7668,psl4,2024,05,16,06
663.0,666.0,Phylloscopus occipitalis,Western Crowned Warbler,0.6184,psl4,2024,05,16,06
666.0,669.0,Phylloscopus occipitalis,Western Crowned Warbler,0.8248,psl4,2024,05,16,06
669.0,672.0,Phylloscopus occipitalis,Western Crowned Warbler,0.5563,psl4,2024,05,16,06
672.0,675.0,Phylloscopus occipitalis,Western Crowned Warbler,0.9264,psl4,2024,05,16,06
672.0,675.0,Phylloscopus reguloides,Blyth's Leaf Warbler,0.5369,psl4,2024,05,16,06
675.0,678.0,Phylloscopus occipitalis,Western Crowned Warbler,0.7272,psl4,2024,05,16,06
681.0,684.0,Phylloscopus occipitalis,Western Crowned Warbler,0.9867,psl4,2024,05,16,06
684.0,687.0,Phylloscopus occipitalis,Western Crowned Warbler,0.782,psl4,2024,05,16,06
687.0,690.0,Phylloscopus occipitalis,Western Crowned Warbler,0.7531,psl4,2024,05,16,06
690.0,693.0,Phylloscopus occipitalis,Western Crowned Warbler,0.9228,psl4,2024,05,16,06
693.0,696.0,Phylloscopus occipitalis,Western Crowned Warbler,0.9393,psl4,2024,05,16,06
696.0,699.0,Phylloscopus occipitalis,Western Crowned Warbler,0.9947,psl4,2024,05,16,06
699.0,702.0,Phylloscopus occipitalis,Western Crowned Warbler,0.9404,psl4,2024,05,16,06
702.0,705.0,Phylloscopus occipitalis,Western Crowned Warbler,0.9018,psl4,2024,05,16,06
705.0,708.0,Phylloscopus occipitalis,Western Crowned Warbler,0.8245,psl4,2024,05,16,06
708.0,711.0,Phylloscopus humei,Hume's Warbler,0.7286,psl4,2024,05,16,06
711.0,714.0,Phylloscopus occipitalis,Western Crowned Warbler,0.5907,psl4,2024,05,16,06
717.0,720.0,Phylloscopus occipitalis,Western Crowned Warbler,0.8521,psl4,2024,05,16,06
720.0,723.0,Phylloscopus humei,Hume's Warbler,0.7683,psl4,2024,05,16,06
723.0,726.0,Phylloscopus occipitalis,Western Crowned Warbler,0.5945,psl4,2024,05,16,06
726.0,729.0,Phylloscopus occipitalis,Western Crowned Warbler,0.8276,psl4,2024,05,16,06
732.0,735.0,Phylloscopus occipitalis,Western Crowned Warbler,0.6746,psl4,2024,05,16,06
738.0,741.0,Phylloscopus occipitalis,Western Crowned Warbler,0.9393,psl4,2024,05,16,06
750.0,753.0,Phylloscopus occipitalis,Western Crowned Warbler,0.8693,psl4,2024,05,16,06
753.0,756.0,Phylloscopus tytleri,Tytler's Leaf Warbler,0.9376,psl4,2024,05,16,06
756.0,759.0,Phylloscopus occipitalis,Western Crowned Warbler,0.6022,psl4,2024,05,16,06
759.0,762.0,Phylloscopus tytleri,Tytler's Leaf Warbler,0.6347,psl4,2024,05,16,06
762.0,765.0,Phylloscopus occipitalis,Western Crowned Warbler,0.8648,psl4,2024,05,16,06
765.0,768.0,Phylloscopus occipitalis,Western Crowned Warbler,0.6617,psl4,2024,05,16,06
771.0,774.0,Phylloscopus occipitalis,Western Crowned Warbler,0.9252,psl4,2024,05,16,06
777.0,780.0,Phylloscopus occipitalis,Western Crowned Warbler,0.8792,psl4,2024,05,16,06
783.0,786.0,Phylloscopus occipitalis,Western Crowned Warbler,0.588,psl4,2024,05,16,06
786.0,789.0,Phylloscopus occipitalis,Western Crowned Warbler,0.9023,psl4,2024,05,16,06
789.0,792.0,Phylloscopus occipitalis,Western Crowned Warbler,0.9137,psl4,2024,05,16,06
795.0,798.0,Phylloscopus occipitalis,Western Crowned Warbler,0.9204,psl4,2024,05,16,06
798.0,801.0,Ficedula tricolor,Slaty-blue Flycatcher,0.6022,psl4,2024,05,16,06
804.0,807.0,Phylloscopus occipitalis,Western Crowned Warbler,0.8439,psl4,2024,05,16,06
810.0,813.0,Phylloscopus occipitalis,Western Crowned Warbler,0.6838,psl4,2024,05,16,06
813.0,816.0,Ficedula tricolor,Slaty-blue Flycatcher,0.5502,psl4,2024,05,16,06
816.0,819.0,Phylloscopus occipitalis,Western Crowned Warbler,0.8968,psl4,2024,05,16,06
819.0,822.0,Phylloscopus occipitalis,Western Crowned Warbler,0.9848,psl4,2024,05,16,06
825.0,828.0,Phylloscopus occipitalis,Western Crowned Warbler,0.9599,psl4,2024,05,16,06
828.0,831.0,Ficedula tricolor,Slaty-blue Flycatcher,0.7436,psl4,2024,05,16,06
831.0,834.0,Phylloscopus occipitalis,Western Crowned Warbler,0.8763,psl4,2024,05,16,06
834.0,837.0,Phylloscopus occipitalis,Western Crowned Warbler,0.8494,psl4,2024,05,16,06
837.0,840.0,Ficedula tricolor,Slaty-blue Flycatcher,0.5088,psl4,2024,05,16,06
840.0,843.0,Phylloscopus occipitalis,Western Crowned Warbler,0.5739,psl4,2024,05,16,06
846.0,849.0,Phylloscopus occipitalis,Western Crowned Warbler,0.7895,psl4,2024,05,16,06
849.0,852.0,Ficedula tricolor,Slaty-blue Flycatcher,0.5076,psl4,2024,05,16,06
858.0,861.0,Phylloscopus occipitalis,Western Crowned Warbler,0.9014,psl4,2024,05,16,06
867.0,870.0,Phylloscopus occipitalis,Western Crowned Warbler,0.818,psl4,2024,05,16,06
873.0,876.0,Phylloscopus occipitalis,Western Crowned Warbler,0.9385,psl4,2024,05,16,06
882.0,885.0,Ficedula tricolor,Slaty-blue Flycatcher,0.5848,psl4,2024,05,16,06
885.0,888.0,Phylloscopus occipitalis,Western Crowned Warbler,0.9243,psl4,2024,05,16,06
894.0,897.0,Phylloscopus occipitalis,Western Crowned Warbler,0.7282,psl4,2024,05,16,06
6.0,9.0,Phylloscopus occipitalis,Western Crowned Warbler,0.8872,psl4,2024,05,16,07
12.0,15.0,Phylloscopus occipitalis,Western Crowned Warbler,0.7334,psl4,2024,05,16,07
30.0,33.0,Phylloscopus humei,Hume's Warbler,0.5074,psl4,2024,05,16,07
39.0,42.0,Phylloscopus occipitalis,Western Crowned Warbler,0.7045,psl4,2024,05,16,07
45.0,48.0,Phylloscopus occipitalis,Western Crowned Warbler,0.528,psl4,2024,05,16,07
51.0,54.0,Phylloscopus occipitalis,Western Crowned Warbler,0.9448,psl4,2024,05,16,07
57.0,60.0,Phylloscopus occipitalis,Western Crowned Warbler,0.8145,psl4,2024,05,16,07
66.0,69.0,Phylloscopus occipitalis,Western Crowned Warbler,0.7015,psl4,2024,05,16,07
72.0,75.0,Phylloscopus occipitalis,Western Crowned Warbler,0.924,psl4,2024,05,16,07
78.0,81.0,Phylloscopus occipitalis,Western Crowned Warbler,0.9872,psl4,2024,05,16,07
81.0,84.0,Phylloscopus occipitalis,Western Crowned Warbler,0.9955,psl4,2024,05,16,07
87.0,90.0,Phylloscopus occipitalis,Western Crowned Warbler,0.9945,psl4,2024,05,16,07
93.0,96.0,Phylloscopus occipitalis,Western Crowned Warbler,0.9689,psl4,2024,05,16,07
99.0,102.0,Phylloscopus occipitalis,Western Crowned Warbler,0.9943,psl4,2024,05,16,07
105.0,108.0,Phylloscopus occipitalis,Western Crowned Warbler,0.9921,psl4,2024,05,16,07
114.0,117.0,Phylloscopus occipitalis,Western Crowned Warbler,0.8651,psl4,2024,05,16,07
117.0,120.0,Phylloscopus occipitalis,Western Crowned Warbler,0.6277,psl4,2024,05,16,07
120.0,123.0,Phylloscopus occipitalis,Western Crowned Warbler,0.9737,psl4,2024,05,16,07
123.0,126.0,Phylloscopus occipitalis,Western Crowned Warbler,0.8952,psl4,2024,05,16,07
129.0,132.0,Phylloscopus occipitalis,Western Crowned Warbler,0.999,psl4,2024,05,16,07
135.0,138.0,Phylloscopus occipitalis,Western Crowned Warbler,0.9793,psl4,2024,05,16,07
138.0,141.0,Phylloscopus occipitalis,Western Crowned Warbler,0.9362,psl4,2024,05,16,07
150.0,153.0,Phylloscopus occipitalis,Western Crowned Warbler,0.723,psl4,2024,05,16,07
156.0,159.0,Phylloscopus occipitalis,Western Crowned Warbler,0.9257,psl4,2024,05,16,07
168.0,171.0,Phylloscopus occipitalis,Western Crowned Warbler,0.7167,psl4,2024,05,16,07
174.0,177.0,Phylloscopus occipitalis,Western Crowned Warbler,0.6604,psl4,2024,05,16,07
189.0,192.0,Phylloscopus occipitalis,Western Crowned Warbler,0.6521,psl4,2024,05,16,07
201.0,204.0,Phylloscopus occipitalis,Western Crowned Warbler,0.8824,psl4,2024,05,16,07
210.0,213.0,Phylloscopus occipitalis,Western Crowned Warbler,0.8583,psl4,2024,05,16,07
216.0,219.0,Phylloscopus occipitalis,Western Crowned Warbler,0.9179,psl4,2024,05,16,07
222.0,225.0,Prunella strophiata,Rufous-breasted Accentor,0.6456,psl4,2024,05,16,07
249.0,252.0,Phylloscopus occipitalis,Western Crowned Warbler,0.6474,psl4,2024,05,16,07
255.0,258.0,Phylloscopus occipitalis,Western Crowned Warbler,0.8912,psl4,2024,05,16,07
258.0,261.0,Phylloscopus occipitalis,Western Crowned Warbler,0.8981,psl4,2024,05,16,07
261.0,264.0,Phylloscopus occipitalis,Western Crowned Warbler,0.9452,psl4,2024,05,16,07
288.0,291.0,Phylloscopus occipitalis,Western Crowned Warbler,0.5764,psl4,2024,05,16,07
312.0,315.0,Phylloscopus occipitalis,Western Crowned Warbler,0.6681,psl4,2024,05,16,07
327.0,330.0,Carpodacus erythrinus,Common Rosefinch,0.5081,psl4,2024,05,16,07
336.0,339.0,Carpodacus erythrinus,Common Rosefinch,0.5145,psl4,2024,05,16,07
345.0,348.0,Phylloscopus occipitalis,Western Crowned Warbler,0.5717,psl4,2024,05,16,07
360.0,363.0,Ficedula tricolor,Slaty-blue Flycatcher,0.831,psl4,2024,05,16,07
363.0,366.0,Phylloscopus occipitalis,Western Crowned Warbler,0.9743,psl4,2024,05,16,07
369.0,372.0,Prunella strophiata,Rufous-breasted Accentor,0.8202,psl4,2024,05,16,07
369.0,372.0,Phylloscopus occipitalis,Western Crowned Warbler,0.5485,psl4,2024,05,16,07
372.0,375.0,Phylloscopus occipitalis,Western Crowned Warbler,0.9321,psl4,2024,05,16,07
381.0,384.0,Ficedula tricolor,Slaty-blue Flycatcher,0.5145,psl4,2024,05,16,07
405.0,408.0,Ficedula tricolor,Slaty-blue Flycatcher,0.6954,psl4,2024,05,16,07
411.0,414.0,Ficedula tricolor,Slaty-blue Flycatcher,0.9084,psl4,2024,05,16,07
414.0,417.0,Ficedula tricolor,Slaty-blue Flycatcher,0.6665,psl4,2024,05,16,07
417.0,420.0,Phylloscopus occipitalis,Western Crowned Warbler,0.6712,psl4,2024,05,16,07
435.0,438.0,Phylloscopus humei,Hume's Warbler,0.7281,psl4,2024,05,16,07
444.0,447.0,Phylloscopus occipitalis,Western Crowned Warbler,0.7366,psl4,2024,05,16,07
453.0,456.0,Phylloscopus humei,Hume's Warbler,0.926,psl4,2024,05,16,07
456.0,459.0,Phylloscopus occipitalis,Western Crowned Warbler,0.5812,psl4,2024,05,16,07
459.0,462.0,Phylloscopus occipitalis,Western Crowned Warbler,0.9521,psl4,2024,05,16,07
462.0,465.0,Phylloscopus humei,Hume's Warbler,0.8064,psl4,2024,05,16,07
468.0,471.0,Phylloscopus humei,Hume's Warbler,0.6436,psl4,2024,05,16,07
474.0,477.0,Phylloscopus humei,Hume's Warbler,0.7814,psl4,2024,05,16,07
486.0,489.0,Phylloscopus occipitalis,Western Crowned Warbler,0.7515,psl4,2024,05,16,07
501.0,504.0,Phylloscopus humei,Hume's Warbler,0.5872,psl4,2024,05,16,07
507.0,510.0,Phylloscopus humei,Hume's Warbler,0.82,psl4,2024,05,16,07
510.0,513.0,Phylloscopus occipitalis,Western Crowned Warbler,0.7233,psl4,2024,05,16,07
513.0,516.0,Phylloscopus humei,Hume's Warbler,0.7669,psl4,2024,05,16,07
531.0,534.0,Phylloscopus occipitalis,Western Crowned Warbler,0.9843,psl4,2024,05,16,07
537.0,540.0,Carpodacus erythrinus,Common Rosefinch,0.777,psl4,2024,05,16,07
549.0,552.0,Phylloscopus occipitalis,Western Crowned Warbler,0.7016,psl4,2024,05,16,07
552.0,555.0,Phylloscopus occipitalis,Western Crowned Warbler,0.7705,psl4,2024,05,16,07
555.0,558.0,Phylloscopus occipitalis,Western Crowned Warbler,0.7414,psl4,2024,05,16,07
558.0,561.0,Phylloscopus occipitalis,Western Crowned Warbler,0.6034,psl4,2024,05,16,07
564.0,567.0,Phylloscopus occipitalis,Western Crowned Warbler,0.6203,psl4,2024,05,16,07
567.0,570.0,Phylloscopus occipitalis,Western Crowned Warbler,0.5683,psl4,2024,05,16,07
573.0,576.0,Phylloscopus occipitalis,Western Crowned Warbler,0.8768,psl4,2024,05,16,07
576.0,579.0,Phylloscopus occipitalis,Western Crowned Warbler,0.7552,psl4,2024,05,16,07
579.0,582.0,Phylloscopus occipitalis,Western Crowned Warbler,0.6069,psl4,2024,05,16,07
582.0,585.0,Phylloscopus occipitalis,Western Crowned Warbler,0.6736,psl4,2024,05,16,07
588.0,591.0,Phylloscopus occipitalis,Western Crowned Warbler,0.8137,psl4,2024,05,16,07
600.0,603.0,Carpodacus erythrinus,Common Rosefinch,0.8766,psl4,2024,05,16,07
606.0,609.0,Carpodacus erythrinus,Common Rosefinch,0.7512,psl4,2024,05,16,07
612.0,615.0,Phylloscopus occipitalis,Western Crowned Warbler,0.687,psl4,2024,05,16,07
621.0,624.0,Phylloscopus occipitalis,Western Crowned Warbler,0.5896,psl4,2024,05,16,07
624.0,627.0,Phylloscopus occipitalis,Western Crowned Warbler,0.8978,psl4,2024,05,16,07
630.0,633.0,Phylloscopus occipitalis,Western Crowned Warbler,0.7834,psl4,2024,05,16,07
636.0,639.0,Ficedula tricolor,Slaty-blue Flycatcher,0.5882,psl4,2024,05,16,07
651.0,654.0,Phylloscopus occipitalis,Western Crowned Warbler,0.9017,psl4,2024,05,16,07
654.0,657.0,Phylloscopus occipitalis,Western Crowned Warbler,0.8479,psl4,2024,05,16,07
657.0,660.0,Phylloscopus occipitalis,Western Crowned Warbler,0.6721,psl4,2024,05,16,07
663.0,666.0,Phylloscopus occipitalis,Western Crowned Warbler,0.8183,psl4,2024,05,16,07
669.0,672.0,Phylloscopus occipitalis,Western Crowned Warbler,0.8343,psl4,2024,05,16,07
675.0,678.0,Phylloscopus occipitalis,Western Crowned Warbler,0.9266,psl4,2024,05,16,07
681.0,684.0,Phylloscopus occipitalis,Western Crowned Warbler,0.9509,psl4,2024,05,16,07
687.0,690.0,Phylloscopus sibilatrix,Wood Warbler,0.6103,psl4,2024,05,16,07
690.0,693.0,Phylloscopus occipitalis,Western Crowned Warbler,0.6972,psl4,2024,05,16,07
696.0,699.0,Phylloscopus occipitalis,Western Crowned Warbler,0.7869,psl4,2024,05,16,07
702.0,705.0,Phylloscopus occipitalis,Western Crowned Warbler,0.8244,psl4,2024,05,16,07
717.0,720.0,Phylloscopus humei,Hume's Warbler,0.759,psl4,2024,05,16,07
720.0,723.0,Phylloscopus humei,Hume's Warbler,0.8725,psl4,2024,05,16,07
750.0,753.0,Phylloscopus occipitalis,Western Crowned Warbler,0.682,psl4,2024,05,16,07
756.0,759.0,Phylloscopus occipitalis,Western Crowned Warbler,0.5893,psl4,2024,05,16,07
765.0,768.0,Ficedula tricolor,Slaty-blue Flycatcher,0.6301,psl4,2024,05,16,07
777.0,780.0,Phylloscopus occipitalis,Western Crowned Warbler,0.6517,psl4,2024,05,16,07
783.0,786.0,Phylloscopus occipitalis,Western Crowned Warbler,0.6595,psl4,2024,05,16,07
795.0,798.0,Phylloscopus occipitalis,Western Crowned Warbler,0.572,psl4,2024,05,16,07
801.0,804.0,Phylloscopus occipitalis,Western Crowned Warbler,0.6139,psl4,2024,05,16,07
807.0,810.0,Phylloscopus occipitalis,Western Crowned Warbler,0.9673,psl4,2024,05,16,07
810.0,813.0,Phylloscopus occipitalis,Western Crowned Warbler,0.844,psl4,2024,05,16,07
816.0,819.0,Phylloscopus occipitalis,Western Crowned Warbler,0.7698,psl4,2024,05,16,07
822.0,825.0,Phylloscopus occipitalis,Western Crowned Warbler,0.5694,psl4,2024,05,16,07
828.0,831.0,Phylloscopus occipitalis,Western Crowned Warbler,0.9779,psl4,2024,05,16,07
834.0,837.0,Phylloscopus occipitalis,Western Crowned Warbler,0.8571,psl4,2024,05,16,07
849.0,852.0,Phylloscopus occipitalis,Western Crowned Warbler,0.8515,psl4,2024,05,16,07
867.0,870.0,Phylloscopus occipitalis,Western Crowned Warbler,0.8798,psl4,2024,05,16,07
870.0,873.0,Ficedula tricolor,Slaty-blue Flycatcher,0.8449,psl4,2024,05,16,07
873.0,876.0,Phylloscopus occipitalis,Western Crowned Warbler,0.8291,psl4,2024,05,16,07
876.0,879.0,Phylloscopus occipitalis,Western Crowned Warbler,0.5515,psl4,2024,05,16,07
879.0,882.0,Phylloscopus xanthoschistos,Gray-hooded Warbler,0.6845,psl4,2024,05,16,07
879.0,882.0,Ficedula tricolor,Slaty-blue Flycatcher,0.5437,psl4,2024,05,16,07
882.0,885.0,Phylloscopus occipitalis,Western Crowned Warbler,0.9895,psl4,2024,05,16,07
891.0,894.0,Phylloscopus occipitalis,Western Crowned Warbler,0.7643,psl4,2024,05,16,07
897.0,900.0,Phylloscopus occipitalis,Western Crowned Warbler,0.664,psl4,2024,05,16,07
3.0,6.0,Phylloscopus occipitalis,Western Crowned Warbler,0.9813,psl4,2024,05,16,08
6.0,9.0,Phylloscopus occipitalis,Western Crowned Warbler,0.8513,psl4,2024,05,16,08
12.0,15.0,Phylloscopus occipitalis,Western Crowned Warbler,0.5013,psl4,2024,05,16,08
18.0,21.0,Phylloscopus occipitalis,Western Crowned Warbler,0.7876,psl4,2024,05,16,08
21.0,24.0,Phylloscopus occipitalis,Western Crowned Warbler,0.792,psl4,2024,05,16,08
27.0,30.0,Phylloscopus occipitalis,Western Crowned Warbler,0.9444,psl4,2024,05,16,08
30.0,33.0,Phylloscopus occipitalis,Western Crowned Warbler,0.8705,psl4,2024,05,16,08
33.0,36.0,Phylloscopus humei,Hume's Warbler,0.5425,psl4,2024,05,16,08
42.0,45.0,Phylloscopus occipitalis,Western Crowned Warbler,0.6141,psl4,2024,05,16,08
48.0,51.0,Phylloscopus occipitalis,Western Crowned Warbler,0.8144,psl4,2024,05,16,08
51.0,54.0,Phylloscopus occipitalis,Western Crowned Warbler,0.633,psl4,2024,05,16,08
129.0,132.0,Saxicola rubicola,European Stonechat,0.6476,psl4,2024,05,16,08
144.0,147.0,Phylloscopus humei,Hume's Warbler,0.8232,psl4,2024,05,16,08
159.0,162.0,Phylloscopus humei,Hume's Warbler,0.6996,psl4,2024,05,16,08
177.0,180.0,Phylloscopus humei,Hume's Warbler,0.9888,psl4,2024,05,16,08
204.0,207.0,Phylloscopus occipitalis,Western Crowned Warbler,0.7055,psl4,2024,05,16,08
213.0,216.0,Phylloscopus humei,Hume's Warbler,0.6724,psl4,2024,05,16,08
219.0,222.0,Phylloscopus humei,Hume's Warbler,0.6143,psl4,2024,05,16,08
225.0,228.0,Phylloscopus humei,Hume's Warbler,0.5496,psl4,2024,05,16,08
237.0,240.0,Phylloscopus humei,Hume's Warbler,0.9517,psl4,2024,05,16,08
243.0,246.0,Phylloscopus occipitalis,Western Crowned Warbler,0.7297,psl4,2024,05,16,08
246.0,249.0,Phylloscopus humei,Hume's Warbler,0.7077,psl4,2024,05,16,08
249.0,252.0,Phylloscopus occipitalis,Western Crowned Warbler,0.7105,psl4,2024,05,16,08
267.0,270.0,Phylloscopus occipitalis,Western Crowned Warbler,0.8466,psl4,2024,05,16,08
276.0,279.0,Phylloscopus occipitalis,Western Crowned Warbler,0.8274,psl4,2024,05,16,08
282.0,285.0,Phylloscopus occipitalis,Western Crowned Warbler,0.7225,psl4,2024,05,16,08
285.0,288.0,Phylloscopus occipitalis,Western Crowned Warbler,0.5839,psl4,2024,05,16,08
288.0,291.0,Phylloscopus occipitalis,Western Crowned Warbler,0.6472,psl4,2024,05,16,08
291.0,294.0,Phylloscopus occipitalis,Western Crowned Warbler,0.8369,psl4,2024,05,16,08
294.0,297.0,Phylloscopus occipitalis,Western Crowned Warbler,0.7335,psl4,2024,05,16,08
303.0,306.0,Phylloscopus occipitalis,Western Crowned Warbler,0.6127,psl4,2024,05,16,08
306.0,309.0,Phylloscopus occipitalis,Western Crowned Warbler,0.9091,psl4,2024,05,16,08
306.0,309.0,Periparus rufonuchalis,Rufous-naped Tit,0.5652,psl4,2024,05,16,08
309.0,312.0,Phylloscopus occipitalis,Western Crowned Warbler,0.7325,psl4,2024,05,16,08
318.0,321.0,Phylloscopus occipitalis,Western Crowned Warbler,0.5607,psl4,2024,05,16,08
321.0,324.0,Periparus rufonuchalis,Rufous-naped Tit,0.848,psl4,2024,05,16,08
327.0,330.0,Phylloscopus occipitalis,Western Crowned Warbler,0.7899,psl4,2024,05,16,08
333.0,336.0,Phylloscopus occipitalis,Western Crowned Warbler,0.614,psl4,2024,05,16,08
336.0,339.0,Phylloscopus occipitalis,Western Crowned Warbler,0.5268,psl4,2024,05,16,08
339.0,342.0,Phylloscopus occipitalis,Western Crowned Warbler,0.6948,psl4,2024,05,16,08
342.0,345.0,Phylloscopus humei,Hume's Warbler,0.7694,psl4,2024,05,16,08
348.0,351.0,Phylloscopus humei,Hume's Warbler,0.9661,psl4,2024,05,16,08
351.0,354.0,Phylloscopus humei,Hume's Warbler,0.6596,psl4,2024,05,16,08
354.0,357.0,Phylloscopus occipitalis,Western Crowned Warbler,0.5367,psl4,2024,05,16,08
360.0,363.0,Phylloscopus occipitalis,Western Crowned Warbler,0.7474,psl4,2024,05,16,08
363.0,366.0,Phylloscopus humei,Hume's Warbler,0.5111,psl4,2024,05,16,08
372.0,375.0,Periparus rufonuchalis,Rufous-naped Tit,0.8062,psl4,2024,05,16,08
378.0,381.0,Phylloscopus occipitalis,Western Crowned Warbler,0.9373,psl4,2024,05,16,08
381.0,384.0,Phylloscopus occipitalis,Western Crowned Warbler,0.8228,psl4,2024,05,16,08
387.0,390.0,Phylloscopus occipitalis,Western Crowned Warbler,0.9169,psl4,2024,05,16,08
390.0,393.0,Phylloscopus occipitalis,Western Crowned Warbler,0.649,psl4,2024,05,16,08
393.0,396.0,Periparus rufonuchalis,Rufous-naped Tit,0.9291,psl4,2024,05,16,08
396.0,399.0,Periparus rufonuchalis,Rufous-naped Tit,0.8806,psl4,2024,05,16,08
396.0,399.0,Spinus tristis,American Goldfinch,0.7314,psl4,2024,05,16,08
396.0,399.0,Periparus rubidiventris,Rufous-vented Tit,0.6338,psl4,2024,05,16,08
399.0,402.0,Phylloscopus occipitalis,Western Crowned Warbler,0.8375,psl4,2024,05,16,08
402.0,405.0,Periparus rufonuchalis,Rufous-naped Tit,0.6749,psl4,2024,05,16,08
405.0,408.0,Phylloscopus occipitalis,Western Crowned Warbler,0.5857,psl4,2024,05,16,08
414.0,417.0,Phylloscopus occipitalis,Western Crowned Warbler,0.9518,psl4,2024,05,16,08
417.0,420.0,Phylloscopus occipitalis,Western Crowned Warbler,0.9936,psl4,2024,05,16,08
420.0,423.0,Phylloscopus occipitalis,Western Crowned Warbler,0.5127,psl4,2024,05,16,08
423.0,426.0,Phylloscopus occipitalis,Western Crowned Warbler,0.9219,psl4,2024,05,16,08
426.0,429.0,Spinus tristis,American Goldfinch,0.6236,psl4,2024,05,16,08
426.0,429.0,Phylloscopus occipitalis,Western Crowned Warbler,0.5837,psl4,2024,05,16,08
429.0,432.0,Phylloscopus occipitalis,Western Crowned Warbler,0.701,psl4,2024,05,16,08
435.0,438.0,Phylloscopus humei,Hume's Warbler,0.9633,psl4,2024,05,16,08
438.0,441.0,Phylloscopus occipitalis,Western Crowned Warbler,0.8768,psl4,2024,05,16,08
438.0,441.0,Phylloscopus reguloides,Blyth's Leaf Warbler,0.609,psl4,2024,05,16,08
441.0,444.0,Phylloscopus occipitalis,Western Crowned Warbler,0.9618,psl4,2024,05,16,08
447.0,450.0,Phylloscopus occipitalis,Western Crowned Warbler,0.7905,psl4,2024,05,16,08
456.0,459.0,Phylloscopus occipitalis,Western Crowned Warbler,0.8595,psl4,2024,05,16,08
459.0,462.0,Phylloscopus occipitalis,Western Crowned Warbler,0.7411,psl4,2024,05,16,08
465.0,468.0,Phylloscopus occipitalis,Western Crowned Warbler,0.5041,psl4,2024,05,16,08
468.0,471.0,Phylloscopus occipitalis,Western Crowned Warbler,0.6854,psl4,2024,05,16,08
477.0,480.0,Phylloscopus occipitalis,Western Crowned Warbler,0.6676,psl4,2024,05,16,08
489.0,492.0,Phylloscopus occipitalis,Western Crowned Warbler,0.5184,psl4,2024,05,16,08
492.0,495.0,Ficedula tricolor,Slaty-blue Flycatcher,0.7941,psl4,2024,05,16,08
501.0,504.0,Ficedula tricolor,Slaty-blue Flycatcher,0.7769,psl4,2024,05,16,08
504.0,507.0,Ficedula tricolor,Slaty-blue Flycatcher,0.5615,psl4,2024,05,16,08
504.0,507.0,Cettia castaneocoronata,Chestnut-headed Tesia,0.5526,psl4,2024,05,16,08
510.0,513.0,Ficedula tricolor,Slaty-blue Flycatcher,0.9093,psl4,2024,05,16,08
537.0,540.0,Phylloscopus occipitalis,Western Crowned Warbler,0.7542,psl4,2024,05,16,08
543.0,546.0,Phylloscopus occipitalis,Western Crowned Warbler,0.8755,psl4,2024,05,16,08
546.0,549.0,Phylloscopus occipitalis,Western Crowned Warbler,0.7396,psl4,2024,05,16,08
552.0,555.0,Phylloscopus occipitalis,Western Crowned Warbler,0.5955,psl4,2024,05,16,08
555.0,558.0,Phylloscopus occipitalis,Western Crowned Warbler,0.5702,psl4,2024,05,16,08
561.0,564.0,Phylloscopus occipitalis,Western Crowned Warbler,0.7425,psl4,2024,05,16,08
567.0,570.0,Phylloscopus occipitalis,Western Crowned Warbler,0.6352,psl4,2024,05,16,08
570.0,573.0,Phylloscopus occipitalis,Western Crowned Warbler,0.7431,psl4,2024,05,16,08
585.0,588.0,Phylloscopus occipitalis,Western Crowned Warbler,0.9456,psl4,2024,05,16,08
588.0,591.0,Protonotaria citrea,Prothonotary Warbler,0.7328,psl4,2024,05,16,08
591.0,594.0,Phylloscopus occipitalis,Western Crowned Warbler,0.9664,psl4,2024,05,16,08
600.0,603.0,Phylloscopus occipitalis,Western Crowned Warbler,0.9262,psl4,2024,05,16,08
603.0,606.0,Strix aluco,Tawny Owl,0.8132,psl4,2024,05,16,08
609.0,612.0,Phylloscopus occipitalis,Western Crowned Warbler,0.8346,psl4,2024,05,16,08
615.0,618.0,Phylloscopus occipitalis,Western Crowned Warbler,0.8624,psl4,2024,05,16,08
618.0,621.0,Phylloscopus occipitalis,Western Crowned Warbler,0.8007,psl4,2024,05,16,08
624.0,627.0,Phylloscopus occipitalis,Western Crowned Warbler,0.794,psl4,2024,05,16,08
630.0,633.0,Phylloscopus occipitalis,Western Crowned Warbler,0.9205,psl4,2024,05,16,08
633.0,636.0,Phylloscopus occipitalis,Western Crowned Warbler,0.9403,psl4,2024,05,16,08
636.0,639.0,Phylloscopus occipitalis,Western Crowned Warbler,0.9208,psl4,2024,05,16,08
639.0,642.0,Phylloscopus occipitalis,Western Crowned Warbler,0.6848,psl4,2024,05,16,08
645.0,648.0,Phylloscopus occipitalis,Western Crowned Warbler,0.8329,psl4,2024,05,16,08
648.0,651.0,Phylloscopus occipitalis,Western Crowned Warbler,0.6478,psl4,2024,05,16,08
651.0,654.0,Phylloscopus occipitalis,Western Crowned Warbler,0.9495,psl4,2024,05,16,08
654.0,657.0,Phylloscopus occipitalis,Western Crowned Warbler,0.6352,psl4,2024,05,16,08
657.0,660.0,Phylloscopus occipitalis,Western Crowned Warbler,0.8911,psl4,2024,05,16,08
663.0,666.0,Phylloscopus occipitalis,Western Crowned Warbler,0.8642,psl4,2024,05,16,08
672.0,675.0,Phylloscopus occipitalis,Western Crowned Warbler,0.9706,psl4,2024,05,16,08
678.0,681.0,Phylloscopus occipitalis,Western Crowned Warbler,0.9859,psl4,2024,05,16,08
681.0,684.0,Phylloscopus occipitalis,Western Crowned Warbler,0.974,psl4,2024,05,16,08
684.0,687.0,Phylloscopus occipitalis,Western Crowned Warbler,0.8512,psl4,2024,05,16,08
687.0,690.0,Phylloscopus occipitalis,Western Crowned Warbler,0.7678,psl4,2024,05,16,08
690.0,693.0,Phylloscopus occipitalis,Western Crowned Warbler,0.8532,psl4,2024,05,16,08
693.0,696.0,Phylloscopus occipitalis,Western Crowned Warbler,0.8867,psl4,2024,05,16,08
696.0,699.0,Phylloscopus occipitalis,Western Crowned Warbler,0.9135,psl4,2024,05,16,08
699.0,702.0,Phylloscopus occipitalis,Western Crowned Warbler,0.9326,psl4,2024,05,16,08
702.0,705.0,Phylloscopus occipitalis,Western Crowned Warbler,0.9847,psl4,2024,05,16,08
705.0,708.0,Phylloscopus occipitalis,Western Crowned Warbler,0.8823,psl4,2024,05,16,08
711.0,714.0,Phylloscopus occipitalis,Western Crowned Warbler,0.8027,psl4,2024,05,16,08
714.0,717.0,Phylloscopus occipitalis,Western Crowned Warbler,0.8112,psl4,2024,05,16,08
717.0,720.0,Phylloscopus occipitalis,Western Crowned Warbler,0.9603,psl4,2024,05,16,08
723.0,726.0,Phylloscopus occipitalis,Western Crowned Warbler,0.6607,psl4,2024,05,16,08
729.0,732.0,Phylloscopus occipitalis,Western Crowned Warbler,0.9325,psl4,2024,05,16,08
732.0,735.0,Phylloscopus occipitalis,Western Crowned Warbler,0.7844,psl4,2024,05,16,08
735.0,738.0,Phylloscopus occipitalis,Western Crowned Warbler,0.9494,psl4,2024,05,16,08
738.0,741.0,Phylloscopus occipitalis,Western Crowned Warbler,0.8129,psl4,2024,05,16,08
741.0,744.0,Phylloscopus occipitalis,Western Crowned Warbler,0.9266,psl4,2024,05,16,08
744.0,747.0,Phylloscopus occipitalis,Western Crowned Warbler,0.6646,psl4,2024,05,16,08
747.0,750.0,Phylloscopus occipitalis,Western Crowned Warbler,0.932,psl4,2024,05,16,08
750.0,753.0,Phylloscopus occipitalis,Western Crowned Warbler,0.7921,psl4,2024,05,16,08
753.0,756.0,Phylloscopus occipitalis,Western Crowned Warbler,0.988,psl4,2024,05,16,08
756.0,759.0,Phylloscopus occipitalis,Western Crowned Warbler,0.9818,psl4,2024,05,16,08
765.0,768.0,Phylloscopus occipitalis,Western Crowned Warbler,0.9876,psl4,2024,05,16,08
768.0,771.0,Phylloscopus occipitalis,Western Crowned Warbler,0.9293,psl4,2024,05,16,08
771.0,774.0,Phylloscopus occipitalis,Western Crowned Warbler,0.9504,psl4,2024,05,16,08
774.0,777.0,Phylloscopus occipitalis,Western Crowned Warbler,0.7476,psl4,2024,05,16,08
780.0,783.0,Phylloscopus occipitalis,Western Crowned Warbler,0.7549,psl4,2024,05,16,08
783.0,786.0,Phylloscopus occipitalis,Western Crowned Warbler,0.8492,psl4,2024,05,16,08
789.0,792.0,Phylloscopus occipitalis,Western Crowned Warbler,0.8769,psl4,2024,05,16,08
798.0,801.0,Phylloscopus occipitalis,Western Crowned Warbler,0.9543,psl4,2024,05,16,08
804.0,807.0,Phylloscopus occipitalis,Western Crowned Warbler,0.885,psl4,2024,05,16,08
810.0,813.0,Phylloscopus occipitalis,Western Crowned Warbler,0.7295,psl4,2024,05,16,08
813.0,816.0,Phylloscopus occipitalis,Western Crowned Warbler,0.6334,psl4,2024,05,16,08
819.0,822.0,Phylloscopus occipitalis,Western Crowned Warbler,0.9461,psl4,2024,05,16,08
822.0,825.0,Phylloscopus occipitalis,Western Crowned Warbler,0.6098,psl4,2024,05,16,08
825.0,828.0,Phylloscopus occipitalis,Western Crowned Warbler,0.8711,psl4,2024,05,16,08
828.0,831.0,Phylloscopus occipitalis,Western Crowned Warbler,0.9843,psl4,2024,05,16,08
831.0,834.0,Phylloscopus occipitalis,Western Crowned Warbler,0.9466,psl4,2024,05,16,08
834.0,837.0,Phylloscopus occipitalis,Western Crowned Warbler,0.6399,psl4,2024,05,16,08
840.0,843.0,Phylloscopus occipitalis,Western Crowned Warbler,0.9483,psl4,2024,05,16,08
843.0,846.0,Phylloscopus occipitalis,Western Crowned Warbler,0.982,psl4,2024,05,16,08
849.0,852.0,Phylloscopus occipitalis,Western Crowned Warbler,0.9488,psl4,2024,05,16,08
852.0,855.0,Phylloscopus occipitalis,Western Crowned Warbler,0.9411,psl4,2024,05,16,08
858.0,861.0,Phylloscopus occipitalis,Western Crowned Warbler,0.9629,psl4,2024,05,16,08
861.0,864.0,Phylloscopus occipitalis,Western Crowned Warbler,0.9676,psl4,2024,05,16,08
864.0,867.0,Phylloscopus occipitalis,Western Crowned Warbler,0.8292,psl4,2024,05,16,08
867.0,870.0,Phylloscopus occipitalis,Western Crowned Warbler,0.9609,psl4,2024,05,16,08
870.0,873.0,Phylloscopus occipitalis,Western Crowned Warbler,0.7026,psl4,2024,05,16,08
873.0,876.0,Phylloscopus occipitalis,Western Crowned Warbler,0.942,psl4,2024,05,16,08
879.0,882.0,Phylloscopus occipitalis,Western Crowned Warbler,0.9365,psl4,2024,05,16,08
882.0,885.0,Phylloscopus occipitalis,Western Crowned Warbler,0.9474,psl4,2024,05,16,08
885.0,888.0,Phylloscopus occipitalis,Western Crowned Warbler,0.7875,psl4,2024,05,16,08
891.0,894.0,Phylloscopus occipitalis,Western Crowned Warbler,0.6569,psl4,2024,05,16,08
894.0,897.0,Phylloscopus occipitalis,Western Crowned Warbler,0.9578,psl4,2024,05,16,08
897.0,900.0,Phylloscopus humei,Hume's Warbler,0.8845,psl4,2024,05,16,08
3.0,6.0,Phylloscopus occipitalis,Western Crowned Warbler,0.984,psl4,2024,05,16,09
6.0,9.0,Phylloscopus occipitalis,Western Crowned Warbler,0.5571,psl4,2024,05,16,09
9.0,12.0,Phylloscopus occipitalis,Western Crowned Warbler,0.9557,psl4,2024,05,16,09
12.0,15.0,Phylloscopus occipitalis,Western Crowned Warbler,0.8619,psl4,2024,05,16,09
18.0,21.0,Phylloscopus occipitalis,Western Crowned Warbler,0.8508,psl4,2024,05,16,09
21.0,24.0,Phylloscopus occipitalis,Western Crowned Warbler,0.5168,psl4,2024,05,16,09
24.0,27.0,Phylloscopus occipitalis,Western Crowned Warbler,0.8036,psl4,2024,05,16,09
27.0,30.0,Phylloscopus occipitalis,Western Crowned Warbler,0.5806,psl4,2024,05,16,09
30.0,33.0,Phylloscopus occipitalis,Western Crowned Warbler,0.9813,psl4,2024,05,16,09
33.0,36.0,Phylloscopus occipitalis,Western Crowned Warbler,0.7945,psl4,2024,05,16,09
36.0,39.0,Phylloscopus occipitalis,Western Crowned Warbler,0.9375,psl4,2024,05,16,09
42.0,45.0,Phylloscopus occipitalis,Western Crowned Warbler,0.8787,psl4,2024,05,16,09
45.0,48.0,Phylloscopus occipitalis,Western Crowned Warbler,0.9827,psl4,2024,05,16,09
51.0,54.0,Phylloscopus occipitalis,Western Crowned Warbler,0.9492,psl4,2024,05,16,09
54.0,57.0,Phylloscopus occipitalis,Western Crowned Warbler,0.8911,psl4,2024,05,16,09
60.0,63.0,Phylloscopus occipitalis,Western Crowned Warbler,0.8898,psl4,2024,05,16,09
63.0,66.0,Phylloscopus occipitalis,Western Crowned Warbler,0.6191,psl4,2024,05,16,09
66.0,69.0,Phylloscopus occipitalis,Western Crowned Warbler,0.9776,psl4,2024,05,16,09
69.0,72.0,Phylloscopus occipitalis,Western Crowned Warbler,0.7841,psl4,2024,05,16,09
72.0,75.0,Phylloscopus occipitalis,Western Crowned Warbler,0.8201,psl4,2024,05,16,09
75.0,78.0,Phylloscopus occipitalis,Western Crowned Warbler,0.9237,psl4,2024,05,16,09
78.0,81.0,Phylloscopus occipitalis,Western Crowned Warbler,0.8175,psl4,2024,05,16,09
81.0,84.0,Phylloscopus occipitalis,Western Crowned Warbler,0.9915,psl4,2024,05,16,09
84.0,87.0,Protonotaria citrea,Prothonotary Warbler,0.5441,psl4,2024,05,16,09
87.0,90.0,Phylloscopus occipitalis,Western Crowned Warbler,0.8481,psl4,2024,05,16,09
93.0,96.0,Phylloscopus occipitalis,Western Crowned Warbler,0.8088,psl4,2024,05,16,09
96.0,99.0,Phylloscopus occipitalis,Western Crowned Warbler,0.8302,psl4,2024,05,16,09
99.0,102.0,Phylloscopus occipitalis,Western Crowned Warbler,0.9369,psl4,2024,05,16,09
102.0,105.0,Phylloscopus occipitalis,Western Crowned Warbler,0.887,psl4,2024,05,16,09
111.0,114.0,Phylloscopus occipitalis,Western Crowned Warbler,0.84,psl4,2024,05,16,09
114.0,117.0,Phylloscopus occipitalis,Western Crowned Warbler,0.9333,psl4,2024,05,16,09
117.0,120.0,Phylloscopus occipitalis,Western Crowned Warbler,0.782,psl4,2024,05,16,09
120.0,123.0,Phylloscopus occipitalis,Western Crowned Warbler,0.8254,psl4,2024,05,16,09
123.0,126.0,Phylloscopus occipitalis,Western Crowned Warbler,0.7074,psl4,2024,05,16,09
126.0,129.0,Phylloscopus occipitalis,Western Crowned Warbler,0.6501,psl4,2024,05,16,09
129.0,132.0,Phylloscopus occipitalis,Western Crowned Warbler,0.9108,psl4,2024,05,16,09
132.0,135.0,Phylloscopus occipitalis,Western Crowned Warbler,0.6469,psl4,2024,05,16,09
135.0,138.0,Phylloscopus occipitalis,Western Crowned Warbler,0.8072,psl4,2024,05,16,09
138.0,141.0,Phylloscopus occipitalis,Western Crowned Warbler,0.8483,psl4,2024,05,16,09
141.0,144.0,Phylloscopus humei,Hume's Warbler,0.7837,psl4,2024,05,16,09
144.0,147.0,Phylloscopus occipitalis,Western Crowned Warbler,0.7802,psl4,2024,05,16,09
147.0,150.0,Phylloscopus occipitalis,Western Crowned Warbler,0.9195,psl4,2024,05,16,09
150.0,153.0,Phylloscopus occipitalis,Western Crowned Warbler,0.5341,psl4,2024,05,16,09
156.0,159.0,Phylloscopus occipitalis,Western Crowned Warbler,0.9272,psl4,2024,05,16,09
159.0,162.0,Phylloscopus occipitalis,Western Crowned Warbler,0.967,psl4,2024,05,16,09
162.0,165.0,Phylloscopus occipitalis,Western Crowned Warbler,0.82,psl4,2024,05,16,09
171.0,174.0,Phylloscopus occipitalis,Western Crowned Warbler,0.7543,psl4,2024,05,16,09
177.0,180.0,Phylloscopus occipitalis,Western Crowned Warbler,0.6299,psl4,2024,05,16,09
183.0,186.0,Phylloscopus occipitalis,Western Crowned Warbler,0.8027,psl4,2024,05,16,09
186.0,189.0,Phylloscopus occipitalis,Western Crowned Warbler,0.9503,psl4,2024,05,16,09
192.0,195.0,Phylloscopus occipitalis,Western Crowned Warbler,0.9856,psl4,2024,05,16,09
195.0,198.0,Phylloscopus occipitalis,Western Crowned Warbler,0.5505,psl4,2024,05,16,09
198.0,201.0,Phylloscopus occipitalis,Western Crowned Warbler,0.6478,psl4,2024,05,16,09
204.0,207.0,Phylloscopus humei,Hume's Warbler,0.7315,psl4,2024,05,16,09
216.0,219.0,Phylloscopus occipitalis,Western Crowned Warbler,0.6547,psl4,2024,05,16,09
219.0,222.0,Phylloscopus occipitalis,Western Crowned Warbler,0.9579,psl4,2024,05,16,09
225.0,228.0,Phylloscopus occipitalis,Western Crowned Warbler,0.8099,psl4,2024,05,16,09
228.0,231.0,Phylloscopus occipitalis,Western Crowned Warbler,0.5442,psl4,2024,05,16,09
234.0,237.0,Phylloscopus occipitalis,Western Crowned Warbler,0.9154,psl4,2024,05,16,09
243.0,246.0,Phylloscopus occipitalis,Western Crowned Warbler,0.8208,psl4,2024,05,16,09
252.0,255.0,Phylloscopus occipitalis,Western Crowned Warbler,0.7922,psl4,2024,05,16,09
270.0,273.0,Phylloscopus occipitalis,Western Crowned Warbler,0.9583,psl4,2024,05,16,09
273.0,276.0,Phylloscopus occipitalis,Western Crowned Warbler,0.7656,psl4,2024,05,16,09
276.0,279.0,Phylloscopus occipitalis,Western Crowned Warbler,0.6784,psl4,2024,05,16,09
279.0,282.0,Ficedula tricolor,Slaty-blue Flycatcher,0.7009,psl4,2024,05,16,09
285.0,288.0,Phylloscopus occipitalis,Western Crowned Warbler,0.9652,psl4,2024,05,16,09
300.0,303.0,Phylloscopus occipitalis,Western Crowned Warbler,0.9497,psl4,2024,05,16,09
303.0,306.0,Phylloscopus occipitalis,Western Crowned Warbler,0.8059,psl4,2024,05,16,09
309.0,312.0,Phylloscopus occipitalis,Western Crowned Warbler,0.6643,psl4,2024,05,16,09
312.0,315.0,Periparus ater,Coal Tit,0.5912,psl4,2024,05,16,09
315.0,318.0,Phylloscopus occipitalis,Western Crowned Warbler,0.9939,psl4,2024,05,16,09
318.0,321.0,Phylloscopus occipitalis,Western Crowned Warbler,0.8243,psl4,2024,05,16,09
321.0,324.0,Phylloscopus occipitalis,Western Crowned Warbler,0.8383,psl4,2024,05,16,09
324.0,327.0,Phylloscopus occipitalis,Western Crowned Warbler,0.9902,psl4,2024,05,16,09
327.0,330.0,Phylloscopus occipitalis,Western Crowned Warbler,0.6981,psl4,2024,05,16,09
330.0,333.0,Phylloscopus occipitalis,Western Crowned Warbler,0.888,psl4,2024,05,16,09
333.0,336.0,Phylloscopus occipitalis,Western Crowned Warbler,0.9629,psl4,2024,05,16,09
339.0,342.0,Phylloscopus occipitalis,Western Crowned Warbler,0.9221,psl4,2024,05,16,09
345.0,348.0,Phylloscopus occipitalis,Western Crowned Warbler,0.9713,psl4,2024,05,16,09
348.0,351.0,Phylloscopus occipitalis,Western Crowned Warbler,0.9043,psl4,2024,05,16,09
351.0,354.0,Phylloscopus occipitalis,Western Crowned Warbler,0.8376,psl4,2024,05,16,09
354.0,357.0,Phylloscopus occipitalis,Western Crowned Warbler,0.9236,psl4,2024,05,16,09
360.0,363.0,Phylloscopus occipitalis,Western Crowned Warbler,0.8062,psl4,2024,05,16,09
363.0,366.0,Phylloscopus occipitalis,Western Crowned Warbler,0.9896,psl4,2024,05,16,09
369.0,372.0,Phylloscopus occipitalis,Western Crowned Warbler,0.9039,psl4,2024,05,16,09
375.0,378.0,Phylloscopus occipitalis,Western Crowned Warbler,0.7772,psl4,2024,05,16,09
381.0,384.0,Phylloscopus occipitalis,Western Crowned Warbler,0.9454,psl4,2024,05,16,09
387.0,390.0,Protonotaria citrea,Prothonotary Warbler,0.6551,psl4,2024,05,16,09
390.0,393.0,Phylloscopus occipitalis,Western Crowned Warbler,0.9521,psl4,2024,05,16,09
393.0,396.0,Phylloscopus occipitalis,Western Crowned Warbler,0.6618,psl4,2024,05,16,09
396.0,399.0,Phylloscopus occipitalis,Western Crowned Warbler,0.5449,psl4,2024,05,16,09
402.0,405.0,Phylloscopus occipitalis,Western Crowned Warbler,0.9681,psl4,2024,05,16,09
405.0,408.0,Phylloscopus occipitalis,Western Crowned Warbler,0.9964,psl4,2024,05,16,09
414.0,417.0,Phylloscopus occipitalis,Western Crowned Warbler,0.8317,psl4,2024,05,16,09
417.0,420.0,Phylloscopus occipitalis,Western Crowned Warbler,0.6698,psl4,2024,05,16,09
420.0,423.0,Phylloscopus occipitalis,Western Crowned Warbler,0.962,psl4,2024,05,16,09
426.0,429.0,Phylloscopus occipitalis,Western Crowned Warbler,0.743,psl4,2024,05,16,09
429.0,432.0,Phylloscopus occipitalis,Western Crowned Warbler,0.9229,psl4,2024,05,16,09
444.0,447.0,Phylloscopus occipitalis,Western Crowned Warbler,0.9172,psl4,2024,05,16,09
450.0,453.0,Phylloscopus occipitalis,Western Crowned Warbler,0.9912,psl4,2024,05,16,09
468.0,471.0,Phylloscopus humei,Hume's Warbler,0.709,psl4,2024,05,16,09
471.0,474.0,Phylloscopus occipitalis,Western Crowned Warbler,0.8575,psl4,2024,05,16,09
477.0,480.0,Phylloscopus humei,Hume's Warbler,0.8398,psl4,2024,05,16,09
489.0,492.0,Phylloscopus occipitalis,Western Crowned Warbler,0.8888,psl4,2024,05,16,09
489.0,492.0,Periparus ater,Coal Tit,0.6153,psl4,2024,05,16,09
495.0,498.0,Phylloscopus occipitalis,Western Crowned Warbler,0.6572,psl4,2024,05,16,09
510.0,513.0,Phylloscopus occipitalis,Western Crowned Warbler,0.6295,psl4,2024,05,16,09
519.0,522.0,Phylloscopus occipitalis,Western Crowned Warbler,0.8607,psl4,2024,05,16,09
525.0,528.0,Phylloscopus occipitalis,Western Crowned Warbler,0.9184,psl4,2024,05,16,09
534.0,537.0,Phylloscopus occipitalis,Western Crowned Warbler,0.9632,psl4,2024,05,16,09
555.0,558.0,Phylloscopus occipitalis,Western Crowned Warbler,0.5394,psl4,2024,05,16,09
558.0,561.0,Phylloscopus occipitalis,Western Crowned Warbler,0.5015,psl4,2024,05,16,09
561.0,564.0,Phylloscopus occipitalis,Western Crowned Warbler,0.8048,psl4,2024,05,16,09
564.0,567.0,Phylloscopus occipitalis,Western Crowned Warbler,0.5729,psl4,2024,05,16,09
567.0,570.0,Phylloscopus occipitalis,Western Crowned Warbler,0.7476,psl4,2024,05,16,09
570.0,573.0,Phylloscopus occipitalis,Western Crowned Warbler,0.7784,psl4,2024,05,16,09
588.0,591.0,Phylloscopus occipitalis,Western Crowned Warbler,0.6696,psl4,2024,05,16,09
603.0,606.0,Phylloscopus occipitalis,Western Crowned Warbler,0.6664,psl4,2024,05,16,09
612.0,615.0,Phylloscopus occipitalis,Western Crowned Warbler,0.6658,psl4,2024,05,16,09
618.0,621.0,Phylloscopus occipitalis,Western Crowned Warbler,0.7618,psl4,2024,05,16,09
627.0,630.0,Ficedula tricolor,Slaty-blue Flycatcher,0.8246,psl4,2024,05,16,09
630.0,633.0,Phylloscopus occipitalis,Western Crowned Warbler,0.9144,psl4,2024,05,16,09
639.0,642.0,Phylloscopus occipitalis,Western Crowned Warbler,0.6655,psl4,2024,05,16,09
642.0,645.0,Ficedula tricolor,Slaty-blue Flycatcher,0.5888,psl4,2024,05,16,09
654.0,657.0,Phylloscopus occipitalis,Western Crowned Warbler,0.9012,psl4,2024,05,16,09
663.0,666.0,Phylloscopus occipitalis,Western Crowned Warbler,0.9085,psl4,2024,05,16,09
669.0,672.0,Phylloscopus occipitalis,Western Crowned Warbler,0.8431,psl4,2024,05,16,09
675.0,678.0,Phylloscopus humei,Hume's Warbler,0.5755,psl4,2024,05,16,09
681.0,684.0,Phylloscopus occipitalis,Western Crowned Warbler,0.6055,psl4,2024,05,16,09
696.0,699.0,Phylloscopus occipitalis,Western Crowned Warbler,0.9262,psl4,2024,05,16,09
705.0,708.0,Phylloscopus occipitalis,Western Crowned Warbler,0.9428,psl4,2024,05,16,09
741.0,744.0,Phylloscopus occipitalis,Western Crowned Warbler,0.8557,psl4,2024,05,16,09
750.0,753.0,Phylloscopus humei,Hume's Warbler,0.765,psl4,2024,05,16,09
762.0,765.0,Phylloscopus occipitalis,Western Crowned Warbler,0.7587,psl4,2024,05,16,09
762.0,765.0,Periparus ater,Coal Tit,0.5278,psl4,2024,05,16,09
771.0,774.0,Phylloscopus humei,Hume's Warbler,0.7449,psl4,2024,05,16,09
777.0,780.0,Phylloscopus humei,Hume's Warbler,0.6971,psl4,2024,05,16,09
780.0,783.0,Phylloscopus humei,Hume's Warbler,0.6318,psl4,2024,05,16,09
786.0,789.0,Phylloscopus occipitalis,Western Crowned Warbler,0.8629,psl4,2024,05,16,09
816.0,819.0,Prunella modularis,Dunnock,0.6217,psl4,2024,05,16,09
819.0,822.0,Phylloscopus occipitalis,Western Crowned Warbler,0.8115,psl4,2024,05,16,09
828.0,831.0,Phylloscopus occipitalis,Western Crowned Warbler,0.5564,psl4,2024,05,16,09
837.0,840.0,Phylloscopus occipitalis,Western Crowned Warbler,0.5256,psl4,2024,05,16,09
849.0,852.0,Phylloscopus occipitalis,Western Crowned Warbler,0.5749,psl4,2024,05,16,09
858.0,861.0,Phylloscopus occipitalis,Western Crowned Warbler,0.8394,psl4,2024,05,16,09
0.0,3.0,Phylloscopus occipitalis,Western Crowned Warbler,0.5191,psl4,2024,05,17,06
3.0,6.0,Phylloscopus occipitalis,Western Crowned Warbler,0.9707,psl4,2024,05,17,06
6.0,9.0,Phylloscopus coronatus,Eastern Crowned Warbler,0.6081,psl4,2024,05,17,06
15.0,18.0,Phylloscopus occipitalis,Western Crowned Warbler,0.9746,psl4,2024,05,17,06
18.0,21.0,Ficedula tricolor,Slaty-blue Flycatcher,0.7352,psl4,2024,05,17,06
21.0,24.0,Phylloscopus maculipennis,Ashy-throated Warbler,0.5316,psl4,2024,05,17,06
21.0,24.0,Phylloscopus occipitalis,Western Crowned Warbler,0.5287,psl4,2024,05,17,06
33.0,36.0,Ficedula tricolor,Slaty-blue Flycatcher,0.7107,psl4,2024,05,17,06
36.0,39.0,Phylloscopus occipitalis,Western Crowned Warbler,0.7104,psl4,2024,05,17,06
39.0,42.0,Phylloscopus occipitalis,Western Crowned Warbler,0.6039,psl4,2024,05,17,06
42.0,45.0,Phylloscopus occipitalis,Western Crowned Warbler,0.5834,psl4,2024,05,17,06
45.0,48.0,Phylloscopus humei,Hume's Warbler,0.5249,psl4,2024,05,17,06
51.0,54.0,Phylloscopus occipitalis,Western Crowned Warbler,0.8102,psl4,2024,05,17,06
57.0,60.0,Ficedula tricolor,Slaty-blue Flycatcher,0.8442,psl4,2024,05,17,06
60.0,63.0,Phylloscopus occipitalis,Western Crowned Warbler,0.9751,psl4,2024,05,17,06
63.0,66.0,Ficedula tricolor,Slaty-blue Flycatcher,0.8448,psl4,2024,05,17,06
66.0,69.0,Phylloscopus occipitalis,Western Crowned Warbler,0.8644,psl4,2024,05,17,06
72.0,75.0,Phylloscopus occipitalis,Western Crowned Warbler,0.9306,psl4,2024,05,17,06
75.0,78.0,Ficedula tricolor,Slaty-blue Flycatcher,0.8765,psl4,2024,05,17,06
84.0,87.0,Ficedula tricolor,Slaty-blue Flycatcher,0.5042,psl4,2024,05,17,06
87.0,90.0,Phylloscopus occipitalis,Western Crowned Warbler,0.8852,psl4,2024,05,17,06
93.0,96.0,Phylloscopus occipitalis,Western Crowned Warbler,0.742,psl4,2024,05,17,06
108.0,111.0,Ficedula tricolor,Slaty-blue Flycatcher,0.6122,psl4,2024,05,17,06
111.0,114.0,Phylloscopus occipitalis,Western Crowned Warbler,0.9178,psl4,2024,05,17,06
117.0,120.0,Ficedula tricolor,Slaty-blue Flycatcher,0.6761,psl4,2024,05,17,06
120.0,123.0,Phylloscopus occipitalis,Western Crowned Warbler,0.9845,psl4,2024,05,17,06
129.0,132.0,Phylloscopus occipitalis,Western Crowned Warbler,0.8097,psl4,2024,05,17,06
132.0,135.0,Ficedula tricolor,Slaty-blue Flycatcher,0.6713,psl4,2024,05,17,06
144.0,147.0,Phylloscopus occipitalis,Western Crowned Warbler,0.8256,psl4,2024,05,17,06
156.0,159.0,Prunella modularis,Dunnock,0.8601,psl4,2024,05,17,06
159.0,162.0,Ficedula tricolor,Slaty-blue Flycatcher,0.9096,psl4,2024,05,17,06
159.0,162.0,Cettia castaneocoronata,Chestnut-headed Tesia,0.59,psl4,2024,05,17,06
165.0,168.0,Ficedula tricolor,Slaty-blue Flycatcher,0.7405,psl4,2024,05,17,06
174.0,177.0,Ficedula tricolor,Slaty-blue Flycatcher,0.9116,psl4,2024,05,17,06
186.0,189.0,Carpodacus erythrinus,Common Rosefinch,0.5401,psl4,2024,05,17,06
189.0,192.0,Phylloscopus occipitalis,Western Crowned Warbler,0.8328,psl4,2024,05,17,06
201.0,204.0,Phylloscopus occipitalis,Western Crowned Warbler,0.863,psl4,2024,05,17,06
219.0,222.0,Phylloscopus occipitalis,Western Crowned Warbler,0.9542,psl4,2024,05,17,06
222.0,225.0,Phylloscopus occipitalis,Western Crowned Warbler,0.8856,psl4,2024,05,17,06
228.0,231.0,Phylloscopus occipitalis,Western Crowned Warbler,0.6068,psl4,2024,05,17,06
237.0,240.0,Phylloscopus occipitalis,Western Crowned Warbler,0.791,psl4,2024,05,17,06
246.0,249.0,Phylloscopus occipitalis,Western Crowned Warbler,0.6094,psl4,2024,05,17,06
252.0,255.0,Phylloscopus occipitalis,Western Crowned Warbler,0.9877,psl4,2024,05,17,06
264.0,267.0,Phylloscopus occipitalis,Western Crowned Warbler,0.8136,psl4,2024,05,17,06
273.0,276.0,Phylloscopus occipitalis,Western Crowned Warbler,0.7697,psl4,2024,05,17,06
276.0,279.0,Phoenicurus auroreus,Daurian Redstart,0.7889,psl4,2024,05,17,06
282.0,285.0,Phylloscopus occipitalis,Western Crowned Warbler,0.8439,psl4,2024,05,17,06
294.0,297.0,Phylloscopus occipitalis,Western Crowned Warbler,0.856,psl4,2024,05,17,06
297.0,300.0,Ficedula tricolor,Slaty-blue Flycatcher,0.7387,psl4,2024,05,17,06
300.0,303.0,Carpodacus erythrinus,Common Rosefinch,0.7768,psl4,2024,05,17,06
303.0,306.0,Phylloscopus occipitalis,Western Crowned Warbler,0.6534,psl4,2024,05,17,06
309.0,312.0,Phylloscopus occipitalis,Western Crowned Warbler,0.8547,psl4,2024,05,17,06
318.0,321.0,Phylloscopus occipitalis,Western Crowned Warbler,0.727,psl4,2024,05,17,06
321.0,324.0,Phylloscopus occipitalis,Western Crowned Warbler,0.9017,psl4,2024,05,17,06
324.0,327.0,Phylloscopus occipitalis,Western Crowned Warbler,0.654,psl4,2024,05,17,06
327.0,330.0,Phylloscopus occipitalis,Western Crowned Warbler,0.9638,psl4,2024,05,17,06
333.0,336.0,Phylloscopus occipitalis,Western Crowned Warbler,0.7922,psl4,2024,05,17,06
336.0,339.0,Phylloscopus occipitalis,Western Crowned Warbler,0.6428,psl4,2024,05,17,06
342.0,345.0,Phylloscopus occipitalis,Western Crowned Warbler,0.6423,psl4,2024,05,17,06
348.0,351.0,Phylloscopus occipitalis,Western Crowned Warbler,0.9445,psl4,2024,05,17,06
354.0,357.0,Phylloscopus occipitalis,Western Crowned Warbler,0.8072,psl4,2024,05,17,06
360.0,363.0,Phylloscopus occipitalis,Western Crowned Warbler,0.6398,psl4,2024,05,17,06
372.0,375.0,Phylloscopus occipitalis,Western Crowned Warbler,0.8709,psl4,2024,05,17,06
378.0,381.0,Phylloscopus occipitalis,Western Crowned Warbler,0.7183,psl4,2024,05,17,06
384.0,387.0,Phylloscopus occipitalis,Western Crowned Warbler,0.852,psl4,2024,05,17,06
387.0,390.0,Phylloscopus occipitalis,Western Crowned Warbler,0.7417,psl4,2024,05,17,06
396.0,399.0,Phylloscopus occipitalis,Western Crowned Warbler,0.6753,psl4,2024,05,17,06
399.0,402.0,Phylloscopus occipitalis,Western Crowned Warbler,0.7448,psl4,2024,05,17,06
411.0,414.0,Phylloscopus occipitalis,Western Crowned Warbler,0.7944,psl4,2024,05,17,06
417.0,420.0,Phylloscopus occipitalis,Western Crowned Warbler,0.9049,psl4,2024,05,17,06
420.0,423.0,Phylloscopus humei,Hume's Warbler,0.6256,psl4,2024,05,17,06
423.0,426.0,Phylloscopus occipitalis,Western Crowned Warbler,0.7066,psl4,2024,05,17,06
429.0,432.0,Phylloscopus occipitalis,Western Crowned Warbler,0.5735,psl4,2024,05,17,06
432.0,435.0,Phylloscopus occipitalis,Western Crowned Warbler,0.6924,psl4,2024,05,17,06
438.0,441.0,Phylloscopus occipitalis,Western Crowned Warbler,0.9265,psl4,2024,05,17,06
447.0,450.0,Phylloscopus occipitalis,Western Crowned Warbler,0.8779,psl4,2024,05,17,06
453.0,456.0,Phylloscopus occipitalis,Western Crowned Warbler,0.5006,psl4,2024,05,17,06
459.0,462.0,Phylloscopus occipitalis,Western Crowned Warbler,0.9131,psl4,2024,05,17,06
465.0,468.0,Phylloscopus occipitalis,Western Crowned Warbler,0.8149,psl4,2024,05,17,06
471.0,474.0,Phylloscopus occipitalis,Western Crowned Warbler,0.5041,psl4,2024,05,17,06
480.0,483.0,Phylloscopus humei,Hume's Warbler,0.5822,psl4,2024,05,17,06
486.0,489.0,Phylloscopus occipitalis,Western Crowned Warbler,0.6078,psl4,2024,05,17,06
492.0,495.0,Phylloscopus occipitalis,Western Crowned Warbler,0.9086,psl4,2024,05,17,06
501.0,504.0,Phylloscopus occipitalis,Western Crowned Warbler,0.5472,psl4,2024,05,17,06
504.0,507.0,Phylloscopus occipitalis,Western Crowned Warbler,0.5214,psl4,2024,05,17,06
507.0,510.0,Phylloscopus occipitalis,Western Crowned Warbler,0.9927,psl4,2024,05,17,06
513.0,516.0,Phylloscopus occipitalis,Western Crowned Warbler,0.8171,psl4,2024,05,17,06
516.0,519.0,Phylloscopus occipitalis,Western Crowned Warbler,0.966,psl4,2024,05,17,06
519.0,522.0,Phylloscopus occipitalis,Western Crowned Warbler,0.9122,psl4,2024,05,17,06
522.0,525.0,Phylloscopus occipitalis,Western Crowned Warbler,0.8738,psl4,2024,05,17,06
525.0,528.0,Phylloscopus occipitalis,Western Crowned Warbler,0.6227,psl4,2024,05,17,06
528.0,531.0,Protonotaria citrea,Prothonotary Warbler,0.5525,psl4,2024,05,17,06
528.0,531.0,Phylloscopus occipitalis,Western Crowned Warbler,0.5294,psl4,2024,05,17,06
531.0,534.0,Phylloscopus occipitalis,Western Crowned Warbler,0.8689,psl4,2024,05,17,06
534.0,537.0,Phylloscopus occipitalis,Western Crowned Warbler,0.9165,psl4,2024,05,17,06
537.0,540.0,Phylloscopus occipitalis,Western Crowned Warbler,0.8218,psl4,2024,05,17,06
540.0,543.0,Phylloscopus occipitalis,Western Crowned Warbler,0.9014,psl4,2024,05,17,06
543.0,546.0,Phylloscopus occipitalis,Western Crowned Warbler,0.9493,psl4,2024,05,17,06
546.0,549.0,Phylloscopus occipitalis,Western Crowned Warbler,0.7159,psl4,2024,05,17,06
549.0,552.0,Phylloscopus occipitalis,Western Crowned Warbler,0.7121,psl4,2024,05,17,06
552.0,555.0,Phylloscopus occipitalis,Western Crowned Warbler,0.7191,psl4,2024,05,17,06
558.0,561.0,Phylloscopus occipitalis,Western Crowned Warbler,0.9697,psl4,2024,05,17,06
564.0,567.0,Phylloscopus occipitalis,Western Crowned Warbler,0.9221,psl4,2024,05,17,06
570.0,573.0,Phylloscopus occipitalis,Western Crowned Warbler,0.9588,psl4,2024,05,17,06
573.0,576.0,Phylloscopus occipitalis,Western Crowned Warbler,0.971,psl4,2024,05,17,06
579.0,582.0,Phylloscopus occipitalis,Western Crowned Warbler,0.8808,psl4,2024,05,17,06
585.0,588.0,Phylloscopus occipitalis,Western Crowned Warbler,0.9055,psl4,2024,05,17,06
588.0,591.0,Luscinia phaenicuroides,White-bellied Redstart,0.5515,psl4,2024,05,17,06
591.0,594.0,Phylloscopus occipitalis,Western Crowned Warbler,0.7964,psl4,2024,05,17,06
597.0,600.0,Phylloscopus occipitalis,Western Crowned Warbler,0.5223,psl4,2024,05,17,06
603.0,606.0,Phylloscopus occipitalis,Western Crowned Warbler,0.7666,psl4,2024,05,17,06
609.0,612.0,Phylloscopus occipitalis,Western Crowned Warbler,0.6835,psl4,2024,05,17,06
612.0,615.0,Phylloscopus occipitalis,Western Crowned Warbler,0.9131,psl4,2024,05,17,06
630.0,633.0,Phylloscopus occipitalis,Western Crowned Warbler,0.6035,psl4,2024,05,17,06
714.0,717.0,Phylloscopus occipitalis,Western Crowned Warbler,0.6065,psl4,2024,05,17,06
741.0,744.0,Phylloscopus occipitalis,Western Crowned Warbler,0.6475,psl4,2024,05,17,06
753.0,756.0,Phylloscopus occipitalis,Western Crowned Warbler,0.5861,psl4,2024,05,17,06
759.0,762.0,Phylloscopus occipitalis,Western Crowned Warbler,0.7986,psl4,2024,05,17,06
765.0,768.0,Phylloscopus occipitalis,Western Crowned Warbler,0.7716,psl4,2024,05,17,06
774.0,777.0,Phylloscopus occipitalis,Western Crowned Warbler,0.766,psl4,2024,05,17,06
780.0,783.0,Phylloscopus occipitalis,Western Crowned Warbler,0.7634,psl4,2024,05,17,06
786.0,789.0,Phylloscopus occipitalis,Western Crowned Warbler,0.6329,psl4,2024,05,17,06
813.0,816.0,Phylloscopus occipitalis,Western Crowned Warbler,0.5886,psl4,2024,05,17,06
819.0,822.0,Phylloscopus occipitalis,Western Crowned Warbler,0.7267,psl4,2024,05,17,06
825.0,828.0,Phylloscopus occipitalis,Western Crowned Warbler,0.749,psl4,2024,05,17,06
831.0,834.0,Phylloscopus occipitalis,Western Crowned Warbler,0.8688,psl4,2024,05,17,06
837.0,840.0,Phylloscopus occipitalis,Western Crowned Warbler,0.5524,psl4,2024,05,17,06
861.0,864.0,Phylloscopus occipitalis,Western Crowned Warbler,0.7291,psl4,2024,05,17,06
861.0,864.0,Protonotaria citrea,Prothonotary Warbler,0.508,psl4,2024,05,17,06
867.0,870.0,Phylloscopus occipitalis,Western Crowned Warbler,0.9307,psl4,2024,05,17,06
876.0,879.0,Phylloscopus occipitalis,Western Crowned Warbler,0.9171,psl4,2024,05,17,06
885.0,888.0,Phylloscopus occipitalis,Western Crowned Warbler,0.6776,psl4,2024,05,17,06
894.0,897.0,Phylloscopus occipitalis,Western Crowned Warbler,0.8543,psl4,2024,05,17,06
3.0,6.0,Phylloscopus humei,Hume's Warbler,0.7818,psl4,2024,05,17,07
12.0,15.0,Phylloscopus humei,Hume's Warbler,0.533,psl4,2024,05,17,07
18.0,21.0,Phylloscopus occipitalis,Western Crowned Warbler,0.6645,psl4,2024,05,17,07
24.0,27.0,Phylloscopus occipitalis,Western Crowned Warbler,0.9895,psl4,2024,05,17,07
30.0,33.0,Phylloscopus occipitalis,Western Crowned Warbler,0.5825,psl4,2024,05,17,07
36.0,39.0,Phylloscopus occipitalis,Western Crowned Warbler,0.6949,psl4,2024,05,17,07
42.0,45.0,Phylloscopus occipitalis,Western Crowned Warbler,0.7457,psl4,2024,05,17,07
57.0,60.0,Phylloscopus occipitalis,Western Crowned Warbler,0.8213,psl4,2024,05,17,07
60.0,63.0,Phylloscopus occipitalis,Western Crowned Warbler,0.9841,psl4,2024,05,17,07
63.0,66.0,Phylloscopus occipitalis,Western Crowned Warbler,0.9755,psl4,2024,05,17,07
66.0,69.0,Anthus hodgsoni,Olive-backed Pipit,0.7956,psl4,2024,05,17,07
78.0,81.0,Phylloscopus occipitalis,Western Crowned Warbler,0.8757,psl4,2024,05,17,07
84.0,87.0,Phylloscopus occipitalis,Western Crowned Warbler,0.6643,psl4,2024,05,17,07
90.0,93.0,Phylloscopus occipitalis,Western Crowned Warbler,0.8022,psl4,2024,05,17,07
96.0,99.0,Phylloscopus occipitalis,Western Crowned Warbler,0.9444,psl4,2024,05,17,07
99.0,102.0,Turdus iliacus,Redwing,0.6279,psl4,2024,05,17,07
102.0,105.0,Phylloscopus occipitalis,Western Crowned Warbler,0.9365,psl4,2024,05,17,07
108.0,111.0,Phylloscopus occipitalis,Western Crowned Warbler,0.9803,psl4,2024,05,17,07
111.0,114.0,Phylloscopus occipitalis,Western Crowned Warbler,0.7489,psl4,2024,05,17,07
114.0,117.0,Phylloscopus occipitalis,Western Crowned Warbler,0.6842,psl4,2024,05,17,07
120.0,123.0,Phylloscopus occipitalis,Western Crowned Warbler,0.5449,psl4,2024,05,17,07
129.0,132.0,Phylloscopus occipitalis,Western Crowned Warbler,0.6312,psl4,2024,05,17,07
135.0,138.0,Phylloscopus occipitalis,Western Crowned Warbler,0.827,psl4,2024,05,17,07
144.0,147.0,Phylloscopus occipitalis,Western Crowned Warbler,0.6705,psl4,2024,05,17,07
153.0,156.0,Phylloscopus occipitalis,Western Crowned Warbler,0.8129,psl4,2024,05,17,07
156.0,159.0,Phylloscopus occipitalis,Western Crowned Warbler,0.6397,psl4,2024,05,17,07
162.0,165.0,Phylloscopus occipitalis,Western Crowned Warbler,0.6832,psl4,2024,05,17,07
168.0,171.0,Phylloscopus occipitalis,Western Crowned Warbler,0.636,psl4,2024,05,17,07
171.0,174.0,Setophaga townsendi,Townsend's Warbler,0.6003,psl4,2024,05,17,07
171.0,174.0,Prunella modularis,Dunnock,0.5195,psl4,2024,05,17,07
180.0,183.0,Phylloscopus occipitalis,Western Crowned Warbler,0.6861,psl4,2024,05,17,07
228.0,231.0,Phylloscopus occipitalis,Western Crowned Warbler,0.6139,psl4,2024,05,17,07
252.0,255.0,Prunella strophiata,Rufous-breasted Accentor,0.6753,psl4,2024,05,17,07
285.0,288.0,Protonotaria citrea,Prothonotary Warbler,0.6723,psl4,2024,05,17,07
288.0,291.0,Ficedula tricolor,Slaty-blue Flycatcher,0.6469,psl4,2024,05,17,07
309.0,312.0,Ficedula tricolor,Slaty-blue Flycatcher,0.8642,psl4,2024,05,17,07
363.0,366.0,Ficedula tricolor,Slaty-blue Flycatcher,0.8198,psl4,2024,05,17,07
369.0,372.0,Phylloscopus occipitalis,Western Crowned Warbler,0.5583,psl4,2024,05,17,07
393.0,396.0,Phylloscopus occipitalis,Western Crowned Warbler,0.6001,psl4,2024,05,17,07
441.0,444.0,Ficedula tricolor,Slaty-blue Flycatcher,0.5406,psl4,2024,05,17,07
450.0,453.0,Phylloscopus occipitalis,Western Crowned Warbler,0.6408,psl4,2024,05,17,07
453.0,456.0,Phylloscopus occipitalis,Western Crowned Warbler,0.6196,psl4,2024,05,17,07
456.0,459.0,Phylloscopus occipitalis,Western Crowned Warbler,0.8051,psl4,2024,05,17,07
465.0,468.0,Phylloscopus occipitalis,Western Crowned Warbler,0.6302,psl4,2024,05,17,07
474.0,477.0,Phylloscopus occipitalis,Western Crowned Warbler,0.7526,psl4,2024,05,17,07
486.0,489.0,Phylloscopus occipitalis,Western Crowned Warbler,0.8391,psl4,2024,05,17,07
507.0,510.0,Protonotaria citrea,Prothonotary Warbler,0.5119,psl4,2024,05,17,07
531.0,534.0,Phylloscopus occipitalis,Western Crowned Warbler,0.7513,psl4,2024,05,17,07
582.0,585.0,Phylloscopus humei,Hume's Warbler,0.8961,psl4,2024,05,17,07
588.0,591.0,Phylloscopus humei,Hume's Warbler,0.9985,psl4,2024,05,17,07
603.0,606.0,Phylloscopus occipitalis,Western Crowned Warbler,0.6199,psl4,2024,05,17,07
648.0,651.0,Phylloscopus occipitalis,Western Crowned Warbler,0.7633,psl4,2024,05,17,07
684.0,687.0,Carpodacus erythrinus,Common Rosefinch,0.5924,psl4,2024,05,17,07
699.0,702.0,Phylloscopus humei,Hume's Warbler,0.9964,psl4,2024,05,17,07
720.0,723.0,Carpodacus erythrinus,Common Rosefinch,0.5504,psl4,2024,05,17,07
729.0,732.0,Carpodacus erythrinus,Common Rosefinch,0.5614,psl4,2024,05,17,07
810.0,813.0,Phylloscopus occipitalis,Western Crowned Warbler,0.9443,psl4,2024,05,17,07
819.0,822.0,Phylloscopus occipitalis,Western Crowned Warbler,0.6188,psl4,2024,05,17,07
822.0,825.0,Phylloscopus occipitalis,Western Crowned Warbler,0.8838,psl4,2024,05,17,07
831.0,834.0,Phylloscopus occipitalis,Western Crowned Warbler,0.6925,psl4,2024,05,17,07
837.0,840.0,Phylloscopus occipitalis,Western Crowned Warbler,0.8079,psl4,2024,05,17,07
846.0,849.0,Phylloscopus occipitalis,Western Crowned Warbler,0.8855,psl4,2024,05,17,07
849.0,852.0,Phylloscopus occipitalis,Western Crowned Warbler,0.8076,psl4,2024,05,17,07
852.0,855.0,Phylloscopus occipitalis,Western Crowned Warbler,0.8932,psl4,2024,05,17,07
855.0,858.0,Phylloscopus occipitalis,Western Crowned Warbler,0.541,psl4,2024,05,17,07
858.0,861.0,Phylloscopus occipitalis,Western Crowned Warbler,0.5674,psl4,2024,05,17,07
864.0,867.0,Phylloscopus occipitalis,Western Crowned Warbler,0.8259,psl4,2024,05,17,07
870.0,873.0,Phylloscopus occipitalis,Western Crowned Warbler,0.8653,psl4,2024,05,17,07
873.0,876.0,Carpodacus erythrinus,Common Rosefinch,0.868,psl4,2024,05,17,07
885.0,888.0,Phylloscopus occipitalis,Western Crowned Warbler,0.5616,psl4,2024,05,17,07
894.0,897.0,Carpodacus erythrinus,Common Rosefinch,0.848,psl4,2024,05,17,07
897.0,900.0,Carpodacus erythrinus,Common Rosefinch,0.8397,psl4,2024,05,17,07
3.0,6.0,Carpodacus erythrinus,Common Rosefinch,0.9351,psl4,2024,05,17,08
9.0,12.0,Carpodacus erythrinus,Common Rosefinch,0.8393,psl4,2024,05,17,08
18.0,21.0,Carpodacus erythrinus,Common Rosefinch,0.8258,psl4,2024,05,17,08
27.0,30.0,Carpodacus erythrinus,Common Rosefinch,0.7924,psl4,2024,05,17,08
33.0,36.0,Carpodacus erythrinus,Common Rosefinch,0.858,psl4,2024,05,17,08
42.0,45.0,Carpodacus erythrinus,Common Rosefinch,0.9066,psl4,2024,05,17,08
45.0,48.0,Carpodacus erythrinus,Common Rosefinch,0.9284,psl4,2024,05,17,08
48.0,51.0,Carpodacus erythrinus,Common Rosefinch,0.8391,psl4,2024,05,17,08
54.0,57.0,Carpodacus erythrinus,Common Rosefinch,0.9634,psl4,2024,05,17,08
60.0,63.0,Carpodacus erythrinus,Common Rosefinch,0.988,psl4,2024,05,17,08
66.0,69.0,Carpodacus erythrinus,Common Rosefinch,0.9599,psl4,2024,05,17,08
72.0,75.0,Carpodacus erythrinus,Common Rosefinch,0.6542,psl4,2024,05,17,08
87.0,90.0,Carpodacus erythrinus,Common Rosefinch,0.9618,psl4,2024,05,17,08
90.0,93.0,Phylloscopus occipitalis,Western Crowned Warbler,0.9363,psl4,2024,05,17,08
93.0,96.0,Carpodacus erythrinus,Common Rosefinch,0.8974,psl4,2024,05,17,08
96.0,99.0,Phylloscopus occipitalis,Western Crowned Warbler,0.9383,psl4,2024,05,17,08
99.0,102.0,Carpodacus erythrinus,Common Rosefinch,0.8066,psl4,2024,05,17,08
105.0,108.0,Carpodacus erythrinus,Common Rosefinch,0.9427,psl4,2024,05,17,08
138.0,141.0,Phylloscopus occipitalis,Western Crowned Warbler,0.5131,psl4,2024,05,17,08
144.0,147.0,Phylloscopus occipitalis,Western Crowned Warbler,0.5362,psl4,2024,05,17,08
147.0,150.0,Phylloscopus occipitalis,Western Crowned Warbler,0.7561,psl4,2024,05,17,08
156.0,159.0,Phylloscopus occipitalis,Western Crowned Warbler,0.564,psl4,2024,05,17,08
159.0,162.0,Phylloscopus occipitalis,Western Crowned Warbler,0.6445,psl4,2024,05,17,08
165.0,168.0,Phylloscopus occipitalis,Western Crowned Warbler,0.5568,psl4,2024,05,17,08
174.0,177.0,Ficedula tricolor,Slaty-blue Flycatcher,0.5679,psl4,2024,05,17,08
177.0,180.0,Phylloscopus occipitalis,Western Crowned Warbler,0.9368,psl4,2024,05,17,08
180.0,183.0,Otus bakkamoena,Indian Scops-Owl,0.7693,psl4,2024,05,17,08
183.0,186.0,Phylloscopus occipitalis,Western Crowned Warbler,0.9129,psl4,2024,05,17,08
192.0,195.0,Phylloscopus occipitalis,Western Crowned Warbler,0.7422,psl4,2024,05,17,08
207.0,210.0,Prunella modularis,Dunnock,0.9043,psl4,2024,05,17,08
216.0,219.0,Phylloscopus occipitalis,Western Crowned Warbler,0.5832,psl4,2024,05,17,08
231.0,234.0,Phylloscopus occipitalis,Western Crowned Warbler,0.8686,psl4,2024,05,17,08
240.0,243.0,Phylloscopus occipitalis,Western Crowned Warbler,0.5947,psl4,2024,05,17,08
243.0,246.0,Phylloscopus occipitalis,Western Crowned Warbler,0.9494,psl4,2024,05,17,08
246.0,249.0,Phylloscopus humei,Hume's Warbler,0.7217,psl4,2024,05,17,08
249.0,252.0,Phylloscopus occipitalis,Western Crowned Warbler,0.8181,psl4,2024,05,17,08
255.0,258.0,Phylloscopus occipitalis,Western Crowned Warbler,0.742,psl4,2024,05,17,08
267.0,270.0,Phylloscopus occipitalis,Western Crowned Warbler,0.9909,psl4,2024,05,17,08
270.0,273.0,Phylloscopus occipitalis,Western Crowned Warbler,0.9447,psl4,2024,05,17,08
276.0,279.0,Phylloscopus occipitalis,Western Crowned Warbler,0.9294,psl4,2024,05,17,08
291.0,294.0,Phylloscopus occipitalis,Western Crowned Warbler,0.7928,psl4,2024,05,17,08
303.0,306.0,Phoenicurus auroreus,Daurian Redstart,0.8299,psl4,2024,05,17,08
306.0,309.0,Phoenicurus auroreus,Daurian Redstart,0.6004,psl4,2024,05,17,08
309.0,312.0,Ficedula tricolor,Slaty-blue Flycatcher,0.8192,psl4,2024,05,17,08
315.0,318.0,Phylloscopus occipitalis,Western Crowned Warbler,0.8892,psl4,2024,05,17,08
324.0,327.0,Erithacus rubecula,European Robin,0.7663,psl4,2024,05,17,08
330.0,333.0,Ficedula tricolor,Slaty-blue Flycatcher,0.5083,psl4,2024,05,17,08
342.0,345.0,Microspingus lateralis,Buff-throated Warbling Finch,0.5024,psl4,2024,05,17,08
348.0,351.0,Saxicola rubicola,European Stonechat,0.5459,psl4,2024,05,17,08
357.0,360.0,Phylloscopus occipitalis,Western Crowned Warbler,0.5617,psl4,2024,05,17,08
360.0,363.0,Prunella modularis,Dunnock,0.9303,psl4,2024,05,17,08
363.0,366.0,Phylloscopus occipitalis,Western Crowned Warbler,0.7894,psl4,2024,05,17,08
366.0,369.0,Ficedula tricolor,Slaty-blue Flycatcher,0.8914,psl4,2024,05,17,08
369.0,372.0,Phylloscopus occipitalis,Western Crowned Warbler,0.9189,psl4,2024,05,17,08
378.0,381.0,Phylloscopus occipitalis,Western Crowned Warbler,0.7907,psl4,2024,05,17,08
381.0,384.0,Ficedula tricolor,Slaty-blue Flycatcher,0.8679,psl4,2024,05,17,08
393.0,396.0,Phylloscopus occipitalis,Western Crowned Warbler,0.5495,psl4,2024,05,17,08
402.0,405.0,Ficedula tricolor,Slaty-blue Flycatcher,0.9911,psl4,2024,05,17,08
411.0,414.0,Ficedula tricolor,Slaty-blue Flycatcher,0.8272,psl4,2024,05,17,08
417.0,420.0,Ficedula tricolor,Slaty-blue Flycatcher,0.5102,psl4,2024,05,17,08
420.0,423.0,Phylloscopus occipitalis,Western Crowned Warbler,0.7537,psl4,2024,05,17,08
426.0,429.0,Setophaga townsendi,Townsend's Warbler,0.7904,psl4,2024,05,17,08
429.0,432.0,Ficedula tricolor,Slaty-blue Flycatcher,0.9515,psl4,2024,05,17,08
459.0,462.0,Ficedula tricolor,Slaty-blue Flycatcher,0.7278,psl4,2024,05,17,08
462.0,465.0,Ficedula tricolor,Slaty-blue Flycatcher,0.6476,psl4,2024,05,17,08
468.0,471.0,Ficedula tricolor,Slaty-blue Flycatcher,0.7601,psl4,2024,05,17,08
471.0,474.0,Phylloscopus coronatus,Eastern Crowned Warbler,0.5179,psl4,2024,05,17,08
495.0,498.0,Arremon assimilis,Gray-browed Brushfinch,0.5617,psl4,2024,05,17,08
501.0,504.0,Phylloscopus coronatus,Eastern Crowned Warbler,0.5731,psl4,2024,05,17,08
522.0,525.0,Ficedula tricolor,Slaty-blue Flycatcher,0.5585,psl4,2024,05,17,08
528.0,531.0,Ficedula tricolor,Slaty-blue Flycatcher,0.7087,psl4,2024,05,17,08
540.0,543.0,Ficedula tricolor,Slaty-blue Flycatcher,0.7493,psl4,2024,05,17,08
543.0,546.0,Otus bakkamoena,Indian Scops-Owl,0.7941,psl4,2024,05,17,08
549.0,552.0,Ficedula tricolor,Slaty-blue Flycatcher,0.6903,psl4,2024,05,17,08
555.0,558.0,Ficedula tricolor,Slaty-blue Flycatcher,0.7033,psl4,2024,05,17,08
561.0,564.0,Ficedula tricolor,Slaty-blue Flycatcher,0.9066,psl4,2024,05,17,08
564.0,567.0,Ficedula tricolor,Slaty-blue Flycatcher,0.7577,psl4,2024,05,17,08
570.0,573.0,Setophaga townsendi,Townsend's Warbler,0.6663,psl4,2024,05,17,08
573.0,576.0,Ficedula tricolor,Slaty-blue Flycatcher,0.5855,psl4,2024,05,17,08
588.0,591.0,Ficedula tricolor,Slaty-blue Flycatcher,0.8881,psl4,2024,05,17,08
591.0,594.0,Phylloscopus coronatus,Eastern Crowned Warbler,0.5043,psl4,2024,05,17,08
597.0,600.0,Ficedula tricolor,Slaty-blue Flycatcher,0.6965,psl4,2024,05,17,08
609.0,612.0,Ficedula tricolor,Slaty-blue Flycatcher,0.5272,psl4,2024,05,17,08
618.0,621.0,Phylloscopus occipitalis,Western Crowned Warbler,0.7526,psl4,2024,05,17,08
624.0,627.0,Phylloscopus occipitalis,Western Crowned Warbler,0.9853,psl4,2024,05,17,08
630.0,633.0,Ficedula tricolor,Slaty-blue Flycatcher,0.8236,psl4,2024,05,17,08
660.0,663.0,Ficedula tricolor,Slaty-blue Flycatcher,0.8253,psl4,2024,05,17,08
669.0,672.0,Ficedula tricolor,Slaty-blue Flycatcher,0.7388,psl4,2024,05,17,08
672.0,675.0,Phylloscopus humei,Hume's Warbler,0.7766,psl4,2024,05,17,08
675.0,678.0,Ficedula tricolor,Slaty-blue Flycatcher,0.9299,psl4,2024,05,17,08
681.0,684.0,Ficedula tricolor,Slaty-blue Flycatcher,0.5153,psl4,2024,05,17,08
699.0,702.0,Phylloscopus occipitalis,Western Crowned Warbler,0.6996,psl4,2024,05,17,08
711.0,714.0,Phylloscopus humei,Hume's Warbler,0.6459,psl4,2024,05,17,08
726.0,729.0,Phylloscopus humei,Hume's Warbler,0.7808,psl4,2024,05,17,08
729.0,732.0,Phylloscopus humei,Hume's Warbler,0.65,psl4,2024,05,17,08
750.0,753.0,Phylloscopus occipitalis,Western Crowned Warbler,0.9955,psl4,2024,05,17,08
753.0,756.0,Phylloscopus occipitalis,Western Crowned Warbler,0.5649,psl4,2024,05,17,08
759.0,762.0,Phylloscopus occipitalis,Western Crowned Warbler,0.5899,psl4,2024,05,17,08
762.0,765.0,Phylloscopus maculipennis,Ashy-throated Warbler,0.7615,psl4,2024,05,17,08
765.0,768.0,Phylloscopus occipitalis,Western Crowned Warbler,0.9896,psl4,2024,05,17,08
771.0,774.0,Phylloscopus occipitalis,Western Crowned Warbler,0.9757,psl4,2024,05,17,08
777.0,780.0,Phylloscopus occipitalis,Western Crowned Warbler,0.9942,psl4,2024,05,17,08
780.0,783.0,Phylloscopus occipitalis,Western Crowned Warbler,0.9819,psl4,2024,05,17,08
786.0,789.0,Phylloscopus occipitalis,Western Crowned Warbler,0.9967,psl4,2024,05,17,08
792.0,795.0,Phylloscopus occipitalis,Western Crowned Warbler,0.6924,psl4,2024,05,17,08
798.0,801.0,Phylloscopus occipitalis,Western Crowned Warbler,0.8996,psl4,2024,05,17,08
801.0,804.0,Phylloscopus maculipennis,Ashy-throated Warbler,0.6194,psl4,2024,05,17,08
801.0,804.0,Phylloscopus occipitalis,Western Crowned Warbler,0.5011,psl4,2024,05,17,08
804.0,807.0,Phylloscopus occipitalis,Western Crowned Warbler,0.9819,psl4,2024,05,17,08
813.0,816.0,Phylloscopus occipitalis,Western Crowned Warbler,0.9803,psl4,2024,05,17,08
819.0,822.0,Phylloscopus occipitalis,Western Crowned Warbler,0.9798,psl4,2024,05,17,08
822.0,825.0,Phylloscopus occipitalis,Western Crowned Warbler,0.9007,psl4,2024,05,17,08
828.0,831.0,Phylloscopus occipitalis,Western Crowned Warbler,0.8975,psl4,2024,05,17,08
834.0,837.0,Phylloscopus occipitalis,Western Crowned Warbler,0.8415,psl4,2024,05,17,08
837.0,840.0,Phylloscopus occipitalis,Western Crowned Warbler,0.855,psl4,2024,05,17,08
849.0,852.0,Phylloscopus occipitalis,Western Crowned Warbler,0.8338,psl4,2024,05,17,08
858.0,861.0,Phylloscopus occipitalis,Western Crowned Warbler,0.9946,psl4,2024,05,17,08
861.0,864.0,Motacilla cinerea,Gray Wagtail,0.9335,psl4,2024,05,17,08
864.0,867.0,Phylloscopus occipitalis,Western Crowned Warbler,0.9123,psl4,2024,05,17,08
870.0,873.0,Phylloscopus occipitalis,Western Crowned Warbler,0.5324,psl4,2024,05,17,08
876.0,879.0,Phylloscopus occipitalis,Western Crowned Warbler,0.8647,psl4,2024,05,17,08
891.0,894.0,Phylloscopus occipitalis,Western Crowned Warbler,0.9329,psl4,2024,05,17,08
897.0,900.0,Phylloscopus occipitalis,Western Crowned Warbler,0.9767,psl4,2024,05,17,08
9.0,12.0,Phylloscopus occipitalis,Western Crowned Warbler,0.6975,psl4,2024,05,17,09
12.0,15.0,Ficedula tricolor,Slaty-blue Flycatcher,0.8035,psl4,2024,05,17,09
15.0,18.0,Phylloscopus occipitalis,Western Crowned Warbler,0.9623,psl4,2024,05,17,09
21.0,24.0,Phylloscopus occipitalis,Western Crowned Warbler,0.9954,psl4,2024,05,17,09
27.0,30.0,Phylloscopus occipitalis,Western Crowned Warbler,0.6909,psl4,2024,05,17,09
42.0,45.0,Cettia castaneocoronata,Chestnut-headed Tesia,0.7705,psl4,2024,05,17,09
45.0,48.0,Phylloscopus occipitalis,Western Crowned Warbler,0.6611,psl4,2024,05,17,09
66.0,69.0,Phylloscopus occipitalis,Western Crowned Warbler,0.6446,psl4,2024,05,17,09
75.0,78.0,Phylloscopus occipitalis,Western Crowned Warbler,0.8678,psl4,2024,05,17,09
99.0,102.0,Phylloscopus occipitalis,Western Crowned Warbler,0.5314,psl4,2024,05,17,09
108.0,111.0,Ficedula tricolor,Slaty-blue Flycatcher,0.5572,psl4,2024,05,17,09
117.0,120.0,Phylloscopus occipitalis,Western Crowned Warbler,0.9808,psl4,2024,05,17,09
126.0,129.0,Phylloscopus humei,Hume's Warbler,0.6038,psl4,2024,05,17,09
138.0,141.0,Prunella modularis,Dunnock,0.6479,psl4,2024,05,17,09
186.0,189.0,Prunella modularis,Dunnock,0.8623,psl4,2024,05,17,09
198.0,201.0,Parkesia motacilla,Louisiana Waterthrush,0.5415,psl4,2024,05,17,09
201.0,204.0,Ficedula tricolor,Slaty-blue Flycatcher,0.5594,psl4,2024,05,17,09
213.0,216.0,Phylloscopus maculipennis,Ashy-throated Warbler,0.879,psl4,2024,05,17,09
216.0,219.0,Phylloscopus occipitalis,Western Crowned Warbler,0.9521,psl4,2024,05,17,09
222.0,225.0,Prunella modularis,Dunnock,0.7251,psl4,2024,05,17,09
228.0,231.0,Phylloscopus occipitalis,Western Crowned Warbler,0.5001,psl4,2024,05,17,09
231.0,234.0,Ficedula tricolor,Slaty-blue Flycatcher,0.5917,psl4,2024,05,17,09
240.0,243.0,Prunella modularis,Dunnock,0.8442,psl4,2024,05,17,09
246.0,249.0,Phylloscopus occipitalis,Western Crowned Warbler,0.5047,psl4,2024,05,17,09
249.0,252.0,Ficedula tricolor,Slaty-blue Flycatcher,0.617,psl4,2024,05,17,09
255.0,258.0,Phylloscopus occipitalis,Western Crowned Warbler,0.9912,psl4,2024,05,17,09
258.0,261.0,Phylloscopus reguloides,Blyth's Leaf Warbler,0.6334,psl4,2024,05,17,09
261.0,264.0,Phylloscopus occipitalis,Western Crowned Warbler,0.9846,psl4,2024,05,17,09
267.0,270.0,Phylloscopus occipitalis,Western Crowned Warbler,0.9966,psl4,2024,05,17,09
273.0,276.0,Phylloscopus occipitalis,Western Crowned Warbler,0.8726,psl4,2024,05,17,09
279.0,282.0,Phylloscopus occipitalis,Western Crowned Warbler,0.8634,psl4,2024,05,17,09
282.0,285.0,Phylloscopus occipitalis,Western Crowned Warbler,0.9462,psl4,2024,05,17,09
282.0,285.0,Protonotaria citrea,Prothonotary Warbler,0.5741,psl4,2024,05,17,09
285.0,288.0,Phylloscopus occipitalis,Western Crowned Warbler,0.9767,psl4,2024,05,17,09
288.0,291.0,Phylloscopus occipitalis,Western Crowned Warbler,0.6591,psl4,2024,05,17,09
291.0,294.0,Phylloscopus occipitalis,Western Crowned Warbler,0.8631,psl4,2024,05,17,09
294.0,297.0,Phylloscopus occipitalis,Western Crowned Warbler,0.9284,psl4,2024,05,17,09
300.0,303.0,Phylloscopus occipitalis,Western Crowned Warbler,0.9794,psl4,2024,05,17,09
306.0,309.0,Phylloscopus occipitalis,Western Crowned Warbler,0.9976,psl4,2024,05,17,09
315.0,318.0,Phylloscopus occipitalis,Western Crowned Warbler,0.9221,psl4,2024,05,17,09
321.0,324.0,Phylloscopus occipitalis,Western Crowned Warbler,0.9971,psl4,2024,05,17,09
330.0,333.0,Phylloscopus occipitalis,Western Crowned Warbler,0.9872,psl4,2024,05,17,09
342.0,345.0,Phylloscopus humei,Hume's Warbler,0.6424,psl4,2024,05,17,09
348.0,351.0,Phylloscopus occipitalis,Western Crowned Warbler,0.9295,psl4,2024,05,17,09
351.0,354.0,Phylloscopus occipitalis,Western Crowned Warbler,0.7455,psl4,2024,05,17,09
354.0,357.0,Phylloscopus occipitalis,Western Crowned Warbler,0.9587,psl4,2024,05,17,09
357.0,360.0,Phylloscopus occipitalis,Western Crowned Warbler,0.6679,psl4,2024,05,17,09
360.0,363.0,Phylloscopus occipitalis,Western Crowned Warbler,0.9537,psl4,2024,05,17,09
363.0,366.0,Phylloscopus occipitalis,Western Crowned Warbler,0.9162,psl4,2024,05,17,09
366.0,369.0,Phylloscopus occipitalis,Western Crowned Warbler,0.8732,psl4,2024,05,17,09
369.0,372.0,Phylloscopus occipitalis,Western Crowned Warbler,0.9777,psl4,2024,05,17,09
375.0,378.0,Phylloscopus occipitalis,Western Crowned Warbler,0.9938,psl4,2024,05,17,09
381.0,384.0,Phylloscopus occipitalis,Western Crowned Warbler,0.7707,psl4,2024,05,17,09
384.0,387.0,Phylloscopus occipitalis,Western Crowned Warbler,0.9004,psl4,2024,05,17,09
390.0,393.0,Phylloscopus occipitalis,Western Crowned Warbler,0.9815,psl4,2024,05,17,09
396.0,399.0,Phylloscopus occipitalis,Western Crowned Warbler,0.9798,psl4,2024,05,17,09
399.0,402.0,Phylloscopus reguloides,Blyth's Leaf Warbler,0.7192,psl4,2024,05,17,09
399.0,402.0,Phylloscopus occipitalis,Western Crowned Warbler,0.5634,psl4,2024,05,17,09
402.0,405.0,Phylloscopus occipitalis,Western Crowned Warbler,0.9876,psl4,2024,05,17,09
405.0,408.0,Phylloscopus occipitalis,Western Crowned Warbler,0.9654,psl4,2024,05,17,09
408.0,411.0,Phylloscopus humei,Hume's Warbler,0.6433,psl4,2024,05,17,09
411.0,414.0,Phylloscopus humei,Hume's Warbler,0.5548,psl4,2024,05,17,09
414.0,417.0,Phylloscopus occipitalis,Western Crowned Warbler,0.8827,psl4,2024,05,17,09
417.0,420.0,Phylloscopus humei,Hume's Warbler,0.9541,psl4,2024,05,17,09
420.0,423.0,Phylloscopus occipitalis,Western Crowned Warbler,0.8021,psl4,2024,05,17,09
423.0,426.0,Phylloscopus occipitalis,Western Crowned Warbler,0.8862,psl4,2024,05,17,09
429.0,432.0,Phylloscopus occipitalis,Western Crowned Warbler,0.9963,psl4,2024,05,17,09
435.0,438.0,Phylloscopus occipitalis,Western Crowned Warbler,0.9872,psl4,2024,05,17,09
438.0,441.0,Phylloscopus maculipennis,Ashy-throated Warbler,0.7511,psl4,2024,05,17,09
438.0,441.0,Phylloscopus occipitalis,Western Crowned Warbler,0.5416,psl4,2024,05,17,09
441.0,444.0,Phylloscopus occipitalis,Western Crowned Warbler,0.9805,psl4,2024,05,17,09
444.0,447.0,Phylloscopus occipitalis,Western Crowned Warbler,0.9891,psl4,2024,05,17,09
447.0,450.0,Phylloscopus occipitalis,Western Crowned Warbler,0.6858,psl4,2024,05,17,09
447.0,450.0,Phylloscopus reguloides,Blyth's Leaf Warbler,0.6231,psl4,2024,05,17,09
450.0,453.0,Phylloscopus occipitalis,Western Crowned Warbler,0.5818,psl4,2024,05,17,09
453.0,456.0,Phylloscopus occipitalis,Western Crowned Warbler,0.7564,psl4,2024,05,17,09
456.0,459.0,Phylloscopus occipitalis,Western Crowned Warbler,0.9952,psl4,2024,05,17,09
462.0,465.0,Phylloscopus occipitalis,Western Crowned Warbler,0.9959,psl4,2024,05,17,09
468.0,471.0,Phylloscopus occipitalis,Western Crowned Warbler,0.989,psl4,2024,05,17,09
474.0,477.0,Phylloscopus occipitalis,Western Crowned Warbler,0.8696,psl4,2024,05,17,09
477.0,480.0,Phylloscopus humei,Hume's Warbler,0.7628,psl4,2024,05,17,09
480.0,483.0,Phylloscopus occipitalis,Western Crowned Warbler,0.9953,psl4,2024,05,17,09
486.0,489.0,Phylloscopus occipitalis,Western Crowned Warbler,0.9361,psl4,2024,05,17,09
489.0,492.0,Phylloscopus reguloides,Blyth's Leaf Warbler,0.5452,psl4,2024,05,17,09
492.0,495.0,Phylloscopus occipitalis,Western Crowned Warbler,0.9036,psl4,2024,05,17,09
495.0,498.0,Phylloscopus occipitalis,Western Crowned Warbler,0.7841,psl4,2024,05,17,09
498.0,501.0,Phylloscopus occipitalis,Western Crowned Warbler,0.9875,psl4,2024,05,17,09
501.0,504.0,Phylloscopus occipitalis,Western Crowned Warbler,0.9856,psl4,2024,05,17,09
504.0,507.0,Phylloscopus occipitalis,Western Crowned Warbler,0.9917,psl4,2024,05,17,09
507.0,510.0,Phylloscopus occipitalis,Western Crowned Warbler,0.9368,psl4,2024,05,17,09
507.0,510.0,Protonotaria citrea,Prothonotary Warbler,0.5455,psl4,2024,05,17,09
513.0,516.0,Phylloscopus occipitalis,Western Crowned Warbler,0.9057,psl4,2024,05,17,09
516.0,519.0,Phylloscopus occipitalis,Western Crowned Warbler,0.9483,psl4,2024,05,17,09
519.0,522.0,Phylloscopus occipitalis,Western Crowned Warbler,0.9307,psl4,2024,05,17,09
522.0,525.0,Phylloscopus occipitalis,Western Crowned Warbler,0.9472,psl4,2024,05,17,09
528.0,531.0,Phylloscopus occipitalis,Western Crowned Warbler,0.9982,psl4,2024,05,17,09
534.0,537.0,Phylloscopus occipitalis,Western Crowned Warbler,0.9943,psl4,2024,05,17,09
540.0,543.0,Phylloscopus occipitalis,Western Crowned Warbler,0.734,psl4,2024,05,17,09
543.0,546.0,Phylloscopus occipitalis,Western Crowned Warbler,0.9038,psl4,2024,05,17,09
546.0,549.0,Phylloscopus occipitalis,Western Crowned Warbler,0.6385,psl4,2024,05,17,09
549.0,552.0,Phylloscopus occipitalis,Western Crowned Warbler,0.9899,psl4,2024,05,17,09
552.0,555.0,Phylloscopus occipitalis,Western Crowned Warbler,0.9049,psl4,2024,05,17,09
555.0,558.0,Phylloscopus occipitalis,Western Crowned Warbler,0.97,psl4,2024,05,17,09
567.0,570.0,Phylloscopus occipitalis,Western Crowned Warbler,0.8256,psl4,2024,05,17,09
567.0,570.0,Protonotaria citrea,Prothonotary Warbler,0.5791,psl4,2024,05,17,09
570.0,573.0,Phylloscopus occipitalis,Western Crowned Warbler,0.6536,psl4,2024,05,17,09
576.0,579.0,Phylloscopus occipitalis,Western Crowned Warbler,0.9507,psl4,2024,05,17,09
633.0,636.0,Phylloscopus humei,Hume's Warbler,0.7564,psl4,2024,05,17,09
672.0,675.0,Ficedula tricolor,Slaty-blue Flycatcher,0.5198,psl4,2024,05,17,09
678.0,681.0,Phylloscopus humei,Hume's Warbler,0.8619,psl4,2024,05,17,09
687.0,690.0,Phylloscopus humei,Hume's Warbler,0.9596,psl4,2024,05,17,09
696.0,699.0,Phylloscopus humei,Hume's Warbler,0.5715,psl4,2024,05,17,09
708.0,711.0,Phylloscopus humei,Hume's Warbler,0.9109,psl4,2024,05,17,09
711.0,714.0,Phylloscopus humei,Hume's Warbler,0.693,psl4,2024,05,17,09
729.0,732.0,Phylloscopus humei,Hume's Warbler,0.8003,psl4,2024,05,17,09
750.0,753.0,Larus marinus,Great Black-backed Gull,0.6004,psl4,2024,05,17,09
753.0,756.0,Phylloscopus humei,Hume's Warbler,0.9547,psl4,2024,05,17,09
777.0,780.0,Phylloscopus humei,Hume's Warbler,0.6402,psl4,2024,05,17,09
783.0,786.0,Protonotaria citrea,Prothonotary Warbler,0.7502,psl4,2024,05,17,09
786.0,789.0,Phylloscopus humei,Hume's Warbler,0.9181,psl4,2024,05,17,09
789.0,792.0,Ficedula tricolor,Slaty-blue Flycatcher,0.5848,psl4,2024,05,17,09
801.0,804.0,Phylloscopus humei,Hume's Warbler,0.5721,psl4,2024,05,17,09
807.0,810.0,Phylloscopus occipitalis,Western Crowned Warbler,0.6385,psl4,2024,05,17,09
813.0,816.0,Phylloscopus humei,Hume's Warbler,0.9051,psl4,2024,05,17,09
822.0,825.0,Phylloscopus humei,Hume's Warbler,0.6158,psl4,2024,05,17,09
828.0,831.0,Phylloscopus humei,Hume's Warbler,0.9375,psl4,2024,05,17,09
834.0,837.0,Ficedula tricolor,Slaty-blue Flycatcher,0.7738,psl4,2024,05,17,09
834.0,837.0,Cettia castaneocoronata,Chestnut-headed Tesia,0.7448,psl4,2024,05,17,09
837.0,840.0,Phylloscopus humei,Hume's Warbler,0.6652,psl4,2024,05,17,09
843.0,846.0,Phylloscopus humei,Hume's Warbler,0.9292,psl4,2024,05,17,09
852.0,855.0,Phylloscopus humei,Hume's Warbler,0.7045,psl4,2024,05,17,09
858.0,861.0,Phylloscopus humei,Hume's Warbler,0.6364,psl4,2024,05,17,09
861.0,864.0,Ficedula tricolor,Slaty-blue Flycatcher,0.6213,psl4,2024,05,17,09
873.0,876.0,Phylloscopus occipitalis,Western Crowned Warbler,0.7429,psl4,2024,05,17,09
882.0,885.0,Glaucidium gnoma,Northern Pygmy-Owl,0.5128,psl4,2024,05,17,09
6.0,9.0,Phylloscopus humei,Hume's Warbler,0.5373,psl4,2024,05,18,06
54.0,57.0,Setophaga townsendi,Townsend's Warbler,0.5339,psl4,2024,05,18,06
114.0,117.0,Phylloscopus occipitalis,Western Crowned Warbler,0.6827,psl4,2024,05,18,06
129.0,132.0,Ficedula tricolor,Slaty-blue Flycatcher,0.6131,psl4,2024,05,18,06
138.0,141.0,Phylloscopus occipitalis,Western Crowned Warbler,0.8722,psl4,2024,05,18,06
150.0,153.0,Phylloscopus occipitalis,Western Crowned Warbler,0.7763,psl4,2024,05,18,06
174.0,177.0,Phylloscopus occipitalis,Western Crowned Warbler,0.6912,psl4,2024,05,18,06
180.0,183.0,Phylloscopus occipitalis,Western Crowned Warbler,0.7623,psl4,2024,05,18,06
192.0,195.0,Phylloscopus occipitalis,Western Crowned Warbler,0.7439,psl4,2024,05,18,06
201.0,204.0,Phylloscopus occipitalis,Western Crowned Warbler,0.8671,psl4,2024,05,18,06
210.0,213.0,Phylloscopus occipitalis,Western Crowned Warbler,0.9563,psl4,2024,05,18,06
213.0,216.0,Phylloscopus occipitalis,Western Crowned Warbler,0.5443,psl4,2024,05,18,06
219.0,222.0,Phylloscopus occipitalis,Western Crowned Warbler,0.698,psl4,2024,05,18,06
222.0,225.0,Phylloscopus occipitalis,Western Crowned Warbler,0.9143,psl4,2024,05,18,06
225.0,228.0,Prunella strophiata,Rufous-breasted Accentor,0.5669,psl4,2024,05,18,06
228.0,231.0,Phylloscopus occipitalis,Western Crowned Warbler,0.6006,psl4,2024,05,18,06
234.0,237.0,Prunella strophiata,Rufous-breasted Accentor,0.7863,psl4,2024,05,18,06
237.0,240.0,Phylloscopus humei,Hume's Warbler,0.9781,psl4,2024,05,18,06
240.0,243.0,Phylloscopus occipitalis,Western Crowned Warbler,0.8983,psl4,2024,05,18,06
246.0,249.0,Phylloscopus occipitalis,Western Crowned Warbler,0.6748,psl4,2024,05,18,06
249.0,252.0,Phylloscopus occipitalis,Western Crowned Warbler,0.5125,psl4,2024,05,18,06
261.0,264.0,Phylloscopus occipitalis,Western Crowned Warbler,0.6736,psl4,2024,05,18,06
264.0,267.0,Phylloscopus occipitalis,Western Crowned Warbler,0.6891,psl4,2024,05,18,06
267.0,270.0,Phylloscopus occipitalis,Western Crowned Warbler,0.8853,psl4,2024,05,18,06
270.0,273.0,Phylloscopus occipitalis,Western Crowned Warbler,0.9259,psl4,2024,05,18,06
282.0,285.0,Phylloscopus occipitalis,Western Crowned Warbler,0.6923,psl4,2024,05,18,06
291.0,294.0,Phylloscopus occipitalis,Western Crowned Warbler,0.9692,psl4,2024,05,18,06
297.0,300.0,Phylloscopus occipitalis,Western Crowned Warbler,0.7808,psl4,2024,05,18,06
312.0,315.0,Phylloscopus occipitalis,Western Crowned Warbler,0.6082,psl4,2024,05,18,06
333.0,336.0,Phylloscopus humei,Hume's Warbler,0.5544,psl4,2024,05,18,06
357.0,360.0,Phylloscopus occipitalis,Western Crowned Warbler,0.7384,psl4,2024,05,18,06
549.0,552.0,Carpodacus erythrinus,Common Rosefinch,0.8,psl4,2024,05,18,06
558.0,561.0,Carpodacus erythrinus,Common Rosefinch,0.7263,psl4,2024,05,18,06
561.0,564.0,Phylloscopus occipitalis,Western Crowned Warbler,0.7966,psl4,2024,05,18,06
567.0,570.0,Phylloscopus occipitalis,Western Crowned Warbler,0.9614,psl4,2024,05,18,06
570.0,573.0,Phylloscopus occipitalis,Western Crowned Warbler,0.8278,psl4,2024,05,18,06
576.0,579.0,Phylloscopus occipitalis,Western Crowned Warbler,0.6805,psl4,2024,05,18,06
582.0,585.0,Phylloscopus occipitalis,Western Crowned Warbler,0.8295,psl4,2024,05,18,06
585.0,588.0,Phylloscopus humei,Hume's Warbler,0.6156,psl4,2024,05,18,06
588.0,591.0,Phylloscopus occipitalis,Western Crowned Warbler,0.841,psl4,2024,05,18,06
594.0,597.0,Phylloscopus occipitalis,Western Crowned Warbler,0.5727,psl4,2024,05,18,06
597.0,600.0,Phylloscopus occipitalis,Western Crowned Warbler,0.5101,psl4,2024,05,18,06
600.0,603.0,Phylloscopus occipitalis,Western Crowned Warbler,0.5317,psl4,2024,05,18,06
603.0,606.0,Phylloscopus occipitalis,Western Crowned Warbler,0.7916,psl4,2024,05,18,06
606.0,609.0,Phylloscopus occipitalis,Western Crowned Warbler,0.8092,psl4,2024,05,18,06
609.0,612.0,Phylloscopus occipitalis,Western Crowned Warbler,0.983,psl4,2024,05,18,06
612.0,615.0,Phylloscopus occipitalis,Western Crowned Warbler,0.719,psl4,2024,05,18,06
615.0,618.0,Phylloscopus occipitalis,Western Crowned Warbler,0.7648,psl4,2024,05,18,06
621.0,624.0,Phylloscopus occipitalis,Western Crowned Warbler,0.8812,psl4,2024,05,18,06
627.0,630.0,Phylloscopus occipitalis,Western Crowned Warbler,0.7725,psl4,2024,05,18,06
633.0,636.0,Phylloscopus occipitalis,Western Crowned Warbler,0.5087,psl4,2024,05,18,06
636.0,639.0,Phylloscopus occipitalis,Western Crowned Warbler,0.5203,psl4,2024,05,18,06
639.0,642.0,Phylloscopus humei,Hume's Warbler,0.9913,psl4,2024,05,18,06
642.0,645.0,Phylloscopus humei,Hume's Warbler,0.9083,psl4,2024,05,18,06
648.0,651.0,Phylloscopus occipitalis,Western Crowned Warbler,0.5049,psl4,2024,05,18,06
651.0,654.0,Phylloscopus occipitalis,Western Crowned Warbler,0.7781,psl4,2024,05,18,06
660.0,663.0,Phylloscopus occipitalis,Western Crowned Warbler,0.7568,psl4,2024,05,18,06
666.0,669.0,Phylloscopus occipitalis,Western Crowned Warbler,0.679,psl4,2024,05,18,06
669.0,672.0,Phylloscopus occipitalis,Western Crowned Warbler,0.7698,psl4,2024,05,18,06
672.0,675.0,Phylloscopus occipitalis,Western Crowned Warbler,0.9334,psl4,2024,05,18,06
681.0,684.0,Phylloscopus occipitalis,Western Crowned Warbler,0.8802,psl4,2024,05,18,06
699.0,702.0,Phylloscopus occipitalis,Western Crowned Warbler,0.6065,psl4,2024,05,18,06
705.0,708.0,Phylloscopus occipitalis,Western Crowned Warbler,0.8487,psl4,2024,05,18,06
711.0,714.0,Phylloscopus occipitalis,Western Crowned Warbler,0.824,psl4,2024,05,18,06
717.0,720.0,Phylloscopus occipitalis,Western Crowned Warbler,0.9778,psl4,2024,05,18,06
720.0,723.0,Phylloscopus occipitalis,Western Crowned Warbler,0.913,psl4,2024,05,18,06
729.0,732.0,Phylloscopus occipitalis,Western Crowned Warbler,0.631,psl4,2024,05,18,06
732.0,735.0,Phylloscopus occipitalis,Western Crowned Warbler,0.854,psl4,2024,05,18,06
741.0,744.0,Phylloscopus occipitalis,Western Crowned Warbler,0.9712,psl4,2024,05,18,06
744.0,747.0,Prunella strophiata,Rufous-breasted Accentor,0.6725,psl4,2024,05,18,06
747.0,750.0,Phylloscopus occipitalis,Western Crowned Warbler,0.5908,psl4,2024,05,18,06
750.0,753.0,Prunella strophiata,Rufous-breasted Accentor,0.5556,psl4,2024,05,18,06
762.0,765.0,Phylloscopus occipitalis,Western Crowned Warbler,0.8197,psl4,2024,05,18,06
777.0,780.0,Phylloscopus occipitalis,Western Crowned Warbler,0.733,psl4,2024,05,18,06
780.0,783.0,Ficedula tricolor,Slaty-blue Flycatcher,0.7769,psl4,2024,05,18,06
780.0,783.0,Erithacus rubecula,European Robin,0.6141,psl4,2024,05,18,06
786.0,789.0,Phylloscopus occipitalis,Western Crowned Warbler,0.5104,psl4,2024,05,18,06
792.0,795.0,Phylloscopus occipitalis,Western Crowned Warbler,0.9915,psl4,2024,05,18,06
798.0,801.0,Phylloscopus occipitalis,Western Crowned Warbler,0.7683,psl4,2024,05,18,06
801.0,804.0,Ficedula tricolor,Slaty-blue Flycatcher,0.8678,psl4,2024,05,18,06
810.0,813.0,Phylloscopus occipitalis,Western Crowned Warbler,0.897,psl4,2024,05,18,06
825.0,828.0,Phylloscopus occipitalis,Western Crowned Warbler,0.9471,psl4,2024,05,18,06
828.0,831.0,Phylloscopus occipitalis,Western Crowned Warbler,0.8829,psl4,2024,05,18,06
834.0,837.0,Phylloscopus occipitalis,Western Crowned Warbler,0.8295,psl4,2024,05,18,06
840.0,843.0,Phylloscopus occipitalis,Western Crowned Warbler,0.8847,psl4,2024,05,18,06
843.0,846.0,Phylloscopus occipitalis,Western Crowned Warbler,0.5129,psl4,2024,05,18,06
846.0,849.0,Curruca melanocephala,Sardinian Warbler,0.5114,psl4,2024,05,18,06
867.0,870.0,Phylloscopus occipitalis,Western Crowned Warbler,0.5674,psl4,2024,05,18,06
870.0,873.0,Phylloscopus occipitalis,Western Crowned Warbler,0.5581,psl4,2024,05,18,06
882.0,885.0,Phylloscopus occipitalis,Western Crowned Warbler,0.9616,psl4,2024,05,18,06
885.0,888.0,Phylloscopus occipitalis,Western Crowned Warbler,0.8186,psl4,2024,05,18,06
888.0,891.0,Ficedula tricolor,Slaty-blue Flycatcher,0.6575,psl4,2024,05,18,06
891.0,894.0,Phylloscopus occipitalis,Western Crowned Warbler,0.6048,psl4,2024,05,18,06
0.0,3.0,Phylloscopus occipitalis,Western Crowned Warbler,0.6223,psl4,2024,05,18,07
9.0,12.0,Phylloscopus occipitalis,Western Crowned Warbler,0.9608,psl4,2024,05,18,07
12.0,15.0,Phylloscopus occipitalis,Western Crowned Warbler,0.6243,psl4,2024,05,18,07
15.0,18.0,Phylloscopus occipitalis,Western Crowned Warbler,0.9267,psl4,2024,05,18,07
18.0,21.0,Phylloscopus occipitalis,Western Crowned Warbler,0.8898,psl4,2024,05,18,07
24.0,27.0,Phylloscopus occipitalis,Western Crowned Warbler,0.797,psl4,2024,05,18,07
33.0,36.0,Phylloscopus occipitalis,Western Crowned Warbler,0.9953,psl4,2024,05,18,07
36.0,39.0,Phylloscopus occipitalis,Western Crowned Warbler,0.9845,psl4,2024,05,18,07
39.0,42.0,Phylloscopus occipitalis,Western Crowned Warbler,0.8107,psl4,2024,05,18,07
39.0,42.0,Phylloscopus reguloides,Blyth's Leaf Warbler,0.5919,psl4,2024,05,18,07
42.0,45.0,Phylloscopus occipitalis,Western Crowned Warbler,0.9358,psl4,2024,05,18,07
45.0,48.0,Phylloscopus occipitalis,Western Crowned Warbler,0.987,psl4,2024,05,18,07
48.0,51.0,Phylloscopus occipitalis,Western Crowned Warbler,0.9793,psl4,2024,05,18,07
51.0,54.0,Phylloscopus occipitalis,Western Crowned Warbler,0.9185,psl4,2024,05,18,07
60.0,63.0,Phylloscopus occipitalis,Western Crowned Warbler,0.9804,psl4,2024,05,18,07
63.0,66.0,Phylloscopus maculipennis,Ashy-throated Warbler,0.5252,psl4,2024,05,18,07
66.0,69.0,Phylloscopus occipitalis,Western Crowned Warbler,0.9404,psl4,2024,05,18,07
72.0,75.0,Phylloscopus occipitalis,Western Crowned Warbler,0.9886,psl4,2024,05,18,07
81.0,84.0,Phylloscopus occipitalis,Western Crowned Warbler,0.9126,psl4,2024,05,18,07
84.0,87.0,Carpodacus erythrinus,Common Rosefinch,0.531,psl4,2024,05,18,07
87.0,90.0,Phylloscopus occipitalis,Western Crowned Warbler,0.8458,psl4,2024,05,18,07
90.0,93.0,Phylloscopus occipitalis,Western Crowned Warbler,0.9402,psl4,2024,05,18,07
96.0,99.0,Phylloscopus occipitalis,Western Crowned Warbler,0.8785,psl4,2024,05,18,07
99.0,102.0,Phylloscopus occipitalis,Western Crowned Warbler,0.5938,psl4,2024,05,18,07
102.0,105.0,Phylloscopus occipitalis,Western Crowned Warbler,0.8247,psl4,2024,05,18,07
105.0,108.0,Phylloscopus occipitalis,Western Crowned Warbler,0.6188,psl4,2024,05,18,07
111.0,114.0,Phylloscopus occipitalis,Western Crowned Warbler,0.8321,psl4,2024,05,18,07
117.0,120.0,Phylloscopus occipitalis,Western Crowned Warbler,0.9644,psl4,2024,05,18,07
123.0,126.0,Phylloscopus occipitalis,Western Crowned Warbler,0.859,psl4,2024,05,18,07
126.0,129.0,Phylloscopus occipitalis,Western Crowned Warbler,0.9394,psl4,2024,05,18,07
132.0,135.0,Phylloscopus occipitalis,Western Crowned Warbler,0.9191,psl4,2024,05,18,07
138.0,141.0,Phylloscopus occipitalis,Western Crowned Warbler,0.795,psl4,2024,05,18,07
147.0,150.0,Phylloscopus occipitalis,Western Crowned Warbler,0.7304,psl4,2024,05,18,07
150.0,153.0,Phylloscopus occipitalis,Western Crowned Warbler,0.5133,psl4,2024,05,18,07
156.0,159.0,Phylloscopus occipitalis,Western Crowned Warbler,0.7843,psl4,2024,05,18,07
159.0,162.0,Phylloscopus occipitalis,Western Crowned Warbler,0.6301,psl4,2024,05,18,07
168.0,171.0,Phylloscopus occipitalis,Western Crowned Warbler,0.9319,psl4,2024,05,18,07
174.0,177.0,Phylloscopus occipitalis,Western Crowned Warbler,0.9602,psl4,2024,05,18,07
186.0,189.0,Phylloscopus occipitalis,Western Crowned Warbler,0.9774,psl4,2024,05,18,07
189.0,192.0,Phylloscopus occipitalis,Western Crowned Warbler,0.6056,psl4,2024,05,18,07
192.0,195.0,Phylloscopus occipitalis,Western Crowned Warbler,0.956,psl4,2024,05,18,07
195.0,198.0,Trochalopteron variegatum,Variegated Laughingthrush,0.6146,psl4,2024,05,18,07
207.0,210.0,Phylloscopus occipitalis,Western Crowned Warbler,0.92,psl4,2024,05,18,07
213.0,216.0,Protonotaria citrea,Prothonotary Warbler,0.605,psl4,2024,05,18,07
213.0,216.0,Phylloscopus occipitalis,Western Crowned Warbler,0.5308,psl4,2024,05,18,07
216.0,219.0,Phylloscopus occipitalis,Western Crowned Warbler,0.8,psl4,2024,05,18,07
222.0,225.0,Phylloscopus occipitalis,Western Crowned Warbler,0.6713,psl4,2024,05,18,07
225.0,228.0,Phylloscopus occipitalis,Western Crowned Warbler,0.7233,psl4,2024,05,18,07
234.0,237.0,Phylloscopus occipitalis,Western Crowned Warbler,0.991,psl4,2024,05,18,07
237.0,240.0,Phylloscopus humei,Hume's Warbler,0.9423,psl4,2024,05,18,07
243.0,246.0,Phylloscopus occipitalis,Western Crowned Warbler,0.9214,psl4,2024,05,18,07
246.0,249.0,Phylloscopus occipitalis,Western Crowned Warbler,0.7536,psl4,2024,05,18,07
249.0,252.0,Phylloscopus occipitalis,Western Crowned Warbler,0.8545,psl4,2024,05,18,07
258.0,261.0,Phylloscopus occipitalis,Western Crowned Warbler,0.9497,psl4,2024,05,18,07
261.0,264.0,Phylloscopus occipitalis,Western Crowned Warbler,0.9041,psl4,2024,05,18,07
267.0,270.0,Phylloscopus occipitalis,Western Crowned Warbler,0.8468,psl4,2024,05,18,07
294.0,297.0,Phylloscopus occipitalis,Western Crowned Warbler,0.5897,psl4,2024,05,18,07
309.0,312.0,Phylloscopus occipitalis,Western Crowned Warbler,0.6931,psl4,2024,05,18,07
321.0,324.0,Phylloscopus occipitalis,Western Crowned Warbler,0.9736,psl4,2024,05,18,07
330.0,333.0,Phylloscopus occipitalis,Western Crowned Warbler,0.5517,psl4,2024,05,18,07
333.0,336.0,Phylloscopus humei,Hume's Warbler,0.5348,psl4,2024,05,18,07
339.0,342.0,Phylloscopus tytleri,Tytler's Leaf Warbler,0.5004,psl4,2024,05,18,07
348.0,351.0,Phylloscopus occipitalis,Western Crowned Warbler,0.716,psl4,2024,05,18,07
354.0,357.0,Phylloscopus occipitalis,Western Crowned Warbler,0.6424,psl4,2024,05,18,07
357.0,360.0,Phylloscopus occipitalis,Western Crowned Warbler,0.74,psl4,2024,05,18,07
375.0,378.0,Carpodacus erythrinus,Common Rosefinch,0.6368,psl4,2024,05,18,07
384.0,387.0,Phylloscopus occipitalis,Western Crowned Warbler,0.8844,psl4,2024,05,18,07
441.0,444.0,Carpodacus erythrinus,Common Rosefinch,0.7681,psl4,2024,05,18,07
459.0,462.0,Phylloscopus occipitalis,Western Crowned Warbler,0.9681,psl4,2024,05,18,07
486.0,489.0,Phylloscopus occipitalis,Western Crowned Warbler,0.5957,psl4,2024,05,18,07
507.0,510.0,Phylloscopus occipitalis,Western Crowned Warbler,0.8934,psl4,2024,05,18,07
507.0,510.0,Protonotaria citrea,Prothonotary Warbler,0.5135,psl4,2024,05,18,07
510.0,513.0,Phylloscopus occipitalis,Western Crowned Warbler,0.5794,psl4,2024,05,18,07
513.0,516.0,Phylloscopus occipitalis,Western Crowned Warbler,0.9079,psl4,2024,05,18,07
519.0,522.0,Phylloscopus occipitalis,Western Crowned Warbler,0.9753,psl4,2024,05,18,07
525.0,528.0,Phylloscopus occipitalis,Western Crowned Warbler,0.7975,psl4,2024,05,18,07
537.0,540.0,Phylloscopus humei,Hume's Warbler,0.9273,psl4,2024,05,18,07
552.0,555.0,Phylloscopus occipitalis,Western Crowned Warbler,0.6389,psl4,2024,05,18,07
600.0,603.0,Phylloscopus occipitalis,Western Crowned Warbler,0.6699,psl4,2024,05,18,07
639.0,642.0,Phylloscopus occipitalis,Western Crowned Warbler,0.6809,psl4,2024,05,18,07
642.0,645.0,Phylloscopus occipitalis,Western Crowned Warbler,0.6639,psl4,2024,05,18,07
648.0,651.0,Phylloscopus occipitalis,Western Crowned Warbler,0.8199,psl4,2024,05,18,07
666.0,669.0,Phylloscopus occipitalis,Western Crowned Warbler,0.7529,psl4,2024,05,18,07
675.0,678.0,Phylloscopus occipitalis,Western Crowned Warbler,0.8893,psl4,2024,05,18,07
681.0,684.0,Phylloscopus occipitalis,Western Crowned Warbler,0.8466,psl4,2024,05,18,07
705.0,708.0,Phylloscopus occipitalis,Western Crowned Warbler,0.8994,psl4,2024,05,18,07
720.0,723.0,Phylloscopus humei,Hume's Warbler,0.9365,psl4,2024,05,18,07
726.0,729.0,Protonotaria citrea,Prothonotary Warbler,0.8693,psl4,2024,05,18,07
750.0,753.0,Phylloscopus humei,Hume's Warbler,0.7344,psl4,2024,05,18,07
762.0,765.0,Phylloscopus occipitalis,Western Crowned Warbler,0.6667,psl4,2024,05,18,07
771.0,774.0,Phylloscopus occipitalis,Western Crowned Warbler,0.7955,psl4,2024,05,18,07
780.0,783.0,Phylloscopus humei,Hume's Warbler,0.5086,psl4,2024,05,18,07
789.0,792.0,Phylloscopus humei,Hume's Warbler,0.5532,psl4,2024,05,18,07
792.0,795.0,Phylloscopus occipitalis,Western Crowned Warbler,0.6483,psl4,2024,05,18,07
804.0,807.0,Phylloscopus occipitalis,Western Crowned Warbler,0.5517,psl4,2024,05,18,07
831.0,834.0,Phylloscopus humei,Hume's Warbler,0.8291,psl4,2024,05,18,07
849.0,852.0,Phylloscopus humei,Hume's Warbler,0.6372,psl4,2024,05,18,07
867.0,870.0,Phylloscopus occipitalis,Western Crowned Warbler,0.5392,psl4,2024,05,18,07
894.0,897.0,Phylloscopus humei,Hume's Warbler,0.858,psl4,2024,05,18,07
6.0,9.0,Phylloscopus occipitalis,Western Crowned Warbler,0.8051,psl4,2024,05,18,08
12.0,15.0,Phylloscopus occipitalis,Western Crowned Warbler,0.9765,psl4,2024,05,18,08
18.0,21.0,Phylloscopus occipitalis,Western Crowned Warbler,0.5458,psl4,2024,05,18,08
21.0,24.0,Carpodacus erythrinus,Common Rosefinch,0.6553,psl4,2024,05,18,08
24.0,27.0,Phylloscopus occipitalis,Western Crowned Warbler,0.8672,psl4,2024,05,18,08
27.0,30.0,Phylloscopus occipitalis,Western Crowned Warbler,0.6434,psl4,2024,05,18,08
30.0,33.0,Phylloscopus occipitalis,Western Crowned Warbler,0.8476,psl4,2024,05,18,08
36.0,39.0,Phylloscopus occipitalis,Western Crowned Warbler,0.6845,psl4,2024,05,18,08
39.0,42.0,Phylloscopus occipitalis,Western Crowned Warbler,0.6317,psl4,2024,05,18,08
42.0,45.0,Phylloscopus occipitalis,Western Crowned Warbler,0.8423,psl4,2024,05,18,08
45.0,48.0,Phylloscopus occipitalis,Western Crowned Warbler,0.9211,psl4,2024,05,18,08
48.0,51.0,Phylloscopus occipitalis,Western Crowned Warbler,0.8194,psl4,2024,05,18,08
57.0,60.0,Phylloscopus occipitalis,Western Crowned Warbler,0.9703,psl4,2024,05,18,08
60.0,63.0,Phylloscopus occipitalis,Western Crowned Warbler,0.9876,psl4,2024,05,18,08
69.0,72.0,Phylloscopus occipitalis,Western Crowned Warbler,0.8065,psl4,2024,05,18,08
81.0,84.0,Phylloscopus occipitalis,Western Crowned Warbler,0.7294,psl4,2024,05,18,08
87.0,90.0,Phylloscopus occipitalis,Western Crowned Warbler,0.5825,psl4,2024,05,18,08
96.0,99.0,Carpodacus erythrinus,Common Rosefinch,0.5272,psl4,2024,05,18,08
135.0,138.0,Carpodacus erythrinus,Common Rosefinch,0.6309,psl4,2024,05,18,08
165.0,168.0,Protonotaria citrea,Prothonotary Warbler,0.5062,psl4,2024,05,18,08
201.0,204.0,Carpodacus erythrinus,Common Rosefinch,0.838,psl4,2024,05,18,08
213.0,216.0,Carpodacus erythrinus,Common Rosefinch,0.7487,psl4,2024,05,18,08
246.0,249.0,Carpodacus erythrinus,Common Rosefinch,0.5115,psl4,2024,05,18,08
252.0,255.0,Carpodacus erythrinus,Common Rosefinch,0.9097,psl4,2024,05,18,08
273.0,276.0,Carpodacus erythrinus,Common Rosefinch,0.5047,psl4,2024,05,18,08
303.0,306.0,Carpodacus erythrinus,Common Rosefinch,0.776,psl4,2024,05,18,08
324.0,327.0,Phylloscopus humei,Hume's Warbler,0.9367,psl4,2024,05,18,08
327.0,330.0,Phylloscopus occipitalis,Western Crowned Warbler,0.8695,psl4,2024,05,18,08
336.0,339.0,Phylloscopus humei,Hume's Warbler,0.8475,psl4,2024,05,18,08
339.0,342.0,Phylloscopus occipitalis,Western Crowned Warbler,0.505,psl4,2024,05,18,08
342.0,345.0,Phylloscopus humei,Hume's Warbler,0.6789,psl4,2024,05,18,08
345.0,348.0,Phylloscopus occipitalis,Western Crowned Warbler,0.864,psl4,2024,05,18,08
348.0,351.0,Phylloscopus humei,Hume's Warbler,0.8886,psl4,2024,05,18,08
351.0,354.0,Phylloscopus occipitalis,Western Crowned Warbler,0.9679,psl4,2024,05,18,08
354.0,357.0,Phylloscopus occipitalis,Western Crowned Warbler,0.9178,psl4,2024,05,18,08
357.0,360.0,Phylloscopus occipitalis,Western Crowned Warbler,0.8701,psl4,2024,05,18,08
360.0,363.0,Phylloscopus occipitalis,Western Crowned Warbler,0.6216,psl4,2024,05,18,08
363.0,366.0,Phylloscopus humei,Hume's Warbler,0.9218,psl4,2024,05,18,08
366.0,369.0,Phylloscopus occipitalis,Western Crowned Warbler,0.8897,psl4,2024,05,18,08
369.0,372.0,Phylloscopus occipitalis,Western Crowned Warbler,0.7689,psl4,2024,05,18,08
375.0,378.0,Phylloscopus occipitalis,Western Crowned Warbler,0.9698,psl4,2024,05,18,08
384.0,387.0,Phylloscopus occipitalis,Western Crowned Warbler,0.9821,psl4,2024,05,18,08
402.0,405.0,Phylloscopus occipitalis,Western Crowned Warbler,0.8779,psl4,2024,05,18,08
405.0,408.0,Phylloscopus occipitalis,Western Crowned Warbler,0.5983,psl4,2024,05,18,08
408.0,411.0,Phylloscopus occipitalis,Western Crowned Warbler,0.5257,psl4,2024,05,18,08
411.0,414.0,Phylloscopus occipitalis,Western Crowned Warbler,0.6155,psl4,2024,05,18,08
417.0,420.0,Phylloscopus occipitalis,Western Crowned Warbler,0.5525,psl4,2024,05,18,08
423.0,426.0,Phylloscopus occipitalis,Western Crowned Warbler,0.734,psl4,2024,05,18,08
426.0,429.0,Phylloscopus occipitalis,Western Crowned Warbler,0.7169,psl4,2024,05,18,08
432.0,435.0,Phylloscopus occipitalis,Western Crowned Warbler,0.6474,psl4,2024,05,18,08
435.0,438.0,Phylloscopus occipitalis,Western Crowned Warbler,0.9562,psl4,2024,05,18,08
441.0,444.0,Phylloscopus occipitalis,Western Crowned Warbler,0.8769,psl4,2024,05,18,08
447.0,450.0,Phylloscopus occipitalis,Western Crowned Warbler,0.7934,psl4,2024,05,18,08
453.0,456.0,Phylloscopus occipitalis,Western Crowned Warbler,0.8616,psl4,2024,05,18,08
459.0,462.0,Phylloscopus occipitalis,Western Crowned Warbler,0.9076,psl4,2024,05,18,08
462.0,465.0,Phylloscopus occipitalis,Western Crowned Warbler,0.6359,psl4,2024,05,18,08
465.0,468.0,Phylloscopus occipitalis,Western Crowned Warbler,0.9255,psl4,2024,05,18,08
468.0,471.0,Phylloscopus occipitalis,Western Crowned Warbler,0.6809,psl4,2024,05,18,08
471.0,474.0,Phylloscopus occipitalis,Western Crowned Warbler,0.65,psl4,2024,05,18,08
474.0,477.0,Phylloscopus occipitalis,Western Crowned Warbler,0.6752,psl4,2024,05,18,08
483.0,486.0,Phylloscopus occipitalis,Western Crowned Warbler,0.9852,psl4,2024,05,18,08
486.0,489.0,Protonotaria citrea,Prothonotary Warbler,0.6226,psl4,2024,05,18,08
489.0,492.0,Phylloscopus occipitalis,Western Crowned Warbler,0.9816,psl4,2024,05,18,08
492.0,495.0,Protonotaria citrea,Prothonotary Warbler,0.5719,psl4,2024,05,18,08
495.0,498.0,Phylloscopus occipitalis,Western Crowned Warbler,0.7043,psl4,2024,05,18,08
504.0,507.0,Phylloscopus occipitalis,Western Crowned Warbler,0.7569,psl4,2024,05,18,08
510.0,513.0,Phylloscopus occipitalis,Western Crowned Warbler,0.6374,psl4,2024,05,18,08
513.0,516.0,Phylloscopus occipitalis,Western Crowned Warbler,0.9939,psl4,2024,05,18,08
516.0,519.0,Phylloscopus occipitalis,Western Crowned Warbler,0.8914,psl4,2024,05,18,08
519.0,522.0,Phylloscopus occipitalis,Western Crowned Warbler,0.7607,psl4,2024,05,18,08
525.0,528.0,Phylloscopus occipitalis,Western Crowned Warbler,0.8925,psl4,2024,05,18,08
528.0,531.0,Phylloscopus occipitalis,Western Crowned Warbler,0.6428,psl4,2024,05,18,08
531.0,534.0,Phylloscopus occipitalis,Western Crowned Warbler,0.7086,psl4,2024,05,18,08
537.0,540.0,Phylloscopus occipitalis,Western Crowned Warbler,0.9227,psl4,2024,05,18,08
573.0,576.0,Phylloscopus occipitalis,Western Crowned Warbler,0.5067,psl4,2024,05,18,08
588.0,591.0,Phylloscopus occipitalis,Western Crowned Warbler,0.5703,psl4,2024,05,18,08
594.0,597.0,Protonotaria citrea,Prothonotary Warbler,0.7697,psl4,2024,05,18,08
612.0,615.0,Phylloscopus occipitalis,Western Crowned Warbler,0.8681,psl4,2024,05,18,08
624.0,627.0,Prunella strophiata,Rufous-breasted Accentor,0.6858,psl4,2024,05,18,08
633.0,636.0,Phylloscopus humei,Hume's Warbler,0.8352,psl4,2024,05,18,08
639.0,642.0,Phylloscopus occipitalis,Western Crowned Warbler,0.8093,psl4,2024,05,18,08
639.0,642.0,Phylloscopus humei,Hume's Warbler,0.5569,psl4,2024,05,18,08
645.0,648.0,Phylloscopus occipitalis,Western Crowned Warbler,0.852,psl4,2024,05,18,08
648.0,651.0,Phylloscopus occipitalis,Western Crowned Warbler,0.978,psl4,2024,05,18,08
654.0,657.0,Phylloscopus occipitalis,Western Crowned Warbler,0.9599,psl4,2024,05,18,08
660.0,663.0,Phylloscopus occipitalis,Western Crowned Warbler,0.9497,psl4,2024,05,18,08
666.0,669.0,Phylloscopus occipitalis,Western Crowned Warbler,0.8446,psl4,2024,05,18,08
675.0,678.0,Phylloscopus occipitalis,Western Crowned Warbler,0.8443,psl4,2024,05,18,08
681.0,684.0,Phylloscopus occipitalis,Western Crowned Warbler,0.9887,psl4,2024,05,18,08
684.0,687.0,Phylloscopus occipitalis,Western Crowned Warbler,0.9532,psl4,2024,05,18,08
690.0,693.0,Phylloscopus occipitalis,Western Crowned Warbler,0.8216,psl4,2024,05,18,08
693.0,696.0,Phylloscopus occipitalis,Western Crowned Warbler,0.9559,psl4,2024,05,18,08
696.0,699.0,Phylloscopus occipitalis,Western Crowned Warbler,0.9366,psl4,2024,05,18,08
699.0,702.0,Phylloscopus occipitalis,Western Crowned Warbler,0.7427,psl4,2024,05,18,08
699.0,702.0,Periparus ater,Coal Tit,0.6215,psl4,2024,05,18,08
705.0,708.0,Phylloscopus occipitalis,Western Crowned Warbler,0.9776,psl4,2024,05,18,08
708.0,711.0,Phylloscopus occipitalis,Western Crowned Warbler,0.9394,psl4,2024,05,18,08
711.0,714.0,Phylloscopus occipitalis,Western Crowned Warbler,0.8823,psl4,2024,05,18,08
714.0,717.0,Phylloscopus occipitalis,Western Crowned Warbler,0.8563,psl4,2024,05,18,08
717.0,720.0,Phylloscopus occipitalis,Western Crowned Warbler,0.6752,psl4,2024,05,18,08
720.0,723.0,Phylloscopus occipitalis,Western Crowned Warbler,0.6764,psl4,2024,05,18,08
726.0,729.0,Phylloscopus occipitalis,Western Crowned Warbler,0.7934,psl4,2024,05,18,08
729.0,732.0,Phylloscopus occipitalis,Western Crowned Warbler,0.61,psl4,2024,05,18,08
738.0,741.0,Phylloscopus occipitalis,Western Crowned Warbler,0.8659,psl4,2024,05,18,08
741.0,744.0,Phylloscopus occipitalis,Western Crowned Warbler,0.8448,psl4,2024,05,18,08
744.0,747.0,Phylloscopus occipitalis,Western Crowned Warbler,0.964,psl4,2024,05,18,08
750.0,753.0,Phylloscopus occipitalis,Western Crowned Warbler,0.9707,psl4,2024,05,18,08
753.0,756.0,Phylloscopus occipitalis,Western Crowned Warbler,0.9288,psl4,2024,05,18,08
753.0,756.0,Protonotaria citrea,Prothonotary Warbler,0.5231,psl4,2024,05,18,08
759.0,762.0,Phylloscopus occipitalis,Western Crowned Warbler,0.8529,psl4,2024,05,18,08
765.0,768.0,Phylloscopus occipitalis,Western Crowned Warbler,0.9163,psl4,2024,05,18,08
771.0,774.0,Phylloscopus occipitalis,Western Crowned Warbler,0.9257,psl4,2024,05,18,08
777.0,780.0,Phylloscopus occipitalis,Western Crowned Warbler,0.994,psl4,2024,05,18,08
783.0,786.0,Phylloscopus occipitalis,Western Crowned Warbler,0.9421,psl4,2024,05,18,08
786.0,789.0,Phylloscopus occipitalis,Western Crowned Warbler,0.8911,psl4,2024,05,18,08
789.0,792.0,Phylloscopus occipitalis,Western Crowned Warbler,0.9954,psl4,2024,05,18,08
792.0,795.0,Phylloscopus occipitalis,Western Crowned Warbler,0.9719,psl4,2024,05,18,08
798.0,801.0,Phylloscopus occipitalis,Western Crowned Warbler,0.9968,psl4,2024,05,18,08
804.0,807.0,Phylloscopus occipitalis,Western Crowned Warbler,0.9978,psl4,2024,05,18,08
813.0,816.0,Phylloscopus occipitalis,Western Crowned Warbler,0.7165,psl4,2024,05,18,08
819.0,822.0,Phylloscopus occipitalis,Western Crowned Warbler,0.7529,psl4,2024,05,18,08
822.0,825.0,Phylloscopus occipitalis,Western Crowned Warbler,0.9758,psl4,2024,05,18,08
825.0,828.0,Phylloscopus occipitalis,Western Crowned Warbler,0.9161,psl4,2024,05,18,08
828.0,831.0,Phylloscopus occipitalis,Western Crowned Warbler,0.9832,psl4,2024,05,18,08
831.0,834.0,Phylloscopus occipitalis,Western Crowned Warbler,0.9886,psl4,2024,05,18,08
834.0,837.0,Phylloscopus occipitalis,Western Crowned Warbler,0.9726,psl4,2024,05,18,08
837.0,840.0,Phylloscopus occipitalis,Western Crowned Warbler,0.9329,psl4,2024,05,18,08
846.0,849.0,Phylloscopus occipitalis,Western Crowned Warbler,0.606,psl4,2024,05,18,08
852.0,855.0,Phylloscopus occipitalis,Western Crowned Warbler,0.9461,psl4,2024,05,18,08
855.0,858.0,Phylloscopus occipitalis,Western Crowned Warbler,0.5244,psl4,2024,05,18,08
870.0,873.0,Phylloscopus occipitalis,Western Crowned Warbler,0.996,psl4,2024,05,18,08
876.0,879.0,Phylloscopus occipitalis,Western Crowned Warbler,0.8344,psl4,2024,05,18,08
882.0,885.0,Phylloscopus occipitalis,Western Crowned Warbler,0.8414,psl4,2024,05,18,08
891.0,894.0,Phylloscopus occipitalis,Western Crowned Warbler,0.6994,psl4,2024,05,18,08
897.0,900.0,Phylloscopus occipitalis,Western Crowned Warbler,0.9685,psl4,2024,05,18,08
18.0,21.0,Phylloscopus humei,Hume's Warbler,0.5573,psl4,2024,05,18,09
60.0,63.0,Phylloscopus humei,Hume's Warbler,0.917,psl4,2024,05,18,09
63.0,66.0,Phylloscopus humei,Hume's Warbler,0.9577,psl4,2024,05,18,09
120.0,123.0,Phylloscopus humei,Hume's Warbler,0.9161,psl4,2024,05,18,09
186.0,189.0,Phylloscopus humei,Hume's Warbler,0.6741,psl4,2024,05,18,09
189.0,192.0,Phylloscopus humei,Hume's Warbler,0.8149,psl4,2024,05,18,09
264.0,267.0,Phylloscopus occipitalis,Western Crowned Warbler,0.7147,psl4,2024,05,18,09
279.0,282.0,Protonotaria citrea,Prothonotary Warbler,0.7836,psl4,2024,05,18,09
303.0,306.0,Phylloscopus occipitalis,Western Crowned Warbler,0.6193,psl4,2024,05,18,09
321.0,324.0,Phylloscopus humei,Hume's Warbler,0.9115,psl4,2024,05,18,09
420.0,423.0,Phylloscopus humei,Hume's Warbler,0.9347,psl4,2024,05,18,09
423.0,426.0,Phylloscopus humei,Hume's Warbler,0.5025,psl4,2024,05,18,09
438.0,441.0,Phylloscopus humei,Hume's Warbler,0.5437,psl4,2024,05,18,09
441.0,444.0,Phylloscopus humei,Hume's Warbler,0.9325,psl4,2024,05,18,09
447.0,450.0,Phylloscopus humei,Hume's Warbler,0.5421,psl4,2024,05,18,09
453.0,456.0,Phylloscopus humei,Hume's Warbler,0.8812,psl4,2024,05,18,09
456.0,459.0,Phylloscopus humei,Hume's Warbler,0.7609,psl4,2024,05,18,09
459.0,462.0,Phylloscopus humei,Hume's Warbler,0.8536,psl4,2024,05,18,09
462.0,465.0,Spinus pinus,Pine Siskin,0.6906,psl4,2024,05,18,09
471.0,474.0,Phylloscopus humei,Hume's Warbler,0.8248,psl4,2024,05,18,09
474.0,477.0,Phylloscopus humei,Hume's Warbler,0.5646,psl4,2024,05,18,09
477.0,480.0,Phylloscopus humei,Hume's Warbler,0.7851,psl4,2024,05,18,09
480.0,483.0,Phylloscopus humei,Hume's Warbler,0.9762,psl4,2024,05,18,09
486.0,489.0,Phylloscopus humei,Hume's Warbler,0.8995,psl4,2024,05,18,09
489.0,492.0,Phylloscopus humei,Hume's Warbler,0.8858,psl4,2024,05,18,09
489.0,492.0,Trochalopteron variegatum,Variegated Laughingthrush,0.5716,psl4,2024,05,18,09
495.0,498.0,Phylloscopus humei,Hume's Warbler,0.5027,psl4,2024,05,18,09
498.0,501.0,Phylloscopus humei,Hume's Warbler,0.7155,psl4,2024,05,18,09
501.0,504.0,Phylloscopus humei,Hume's Warbler,0.8435,psl4,2024,05,18,09
504.0,507.0,Phylloscopus humei,Hume's Warbler,0.975,psl4,2024,05,18,09
507.0,510.0,Phylloscopus humei,Hume's Warbler,0.8976,psl4,2024,05,18,09
510.0,513.0,Phylloscopus humei,Hume's Warbler,0.8733,psl4,2024,05,18,09
516.0,519.0,Phylloscopus humei,Hume's Warbler,0.5855,psl4,2024,05,18,09
519.0,522.0,Phylloscopus humei,Hume's Warbler,0.9338,psl4,2024,05,18,09
528.0,531.0,Phylloscopus humei,Hume's Warbler,0.9999,psl4,2024,05,18,09
561.0,564.0,Protonotaria citrea,Prothonotary Warbler,0.6244,psl4,2024,05,18,09
636.0,639.0,Phylloscopus occipitalis,Western Crowned Warbler,0.8856,psl4,2024,05,18,09
690.0,693.0,Phylloscopus humei,Hume's Warbler,0.6073,psl4,2024,05,18,09
747.0,750.0,Tringa nebularia,Common Greenshank,0.505,psl4,2024,05,18,09
753.0,756.0,Phylloscopus humei,Hume's Warbler,0.9757,psl4,2024,05,18,09
765.0,768.0,Phylloscopus humei,Hume's Warbler,0.6769,psl4,2024,05,18,09
774.0,777.0,Motacilla cinerea,Gray Wagtail,0.9798,psl4,2024,05,18,09
777.0,780.0,Motacilla cinerea,Gray Wagtail,0.9983,psl4,2024,05,18,09
780.0,783.0,Motacilla cinerea,Gray Wagtail,0.7426,psl4,2024,05,18,09
783.0,786.0,Prunella modularis,Dunnock,0.7592,psl4,2024,05,18,09
813.0,816.0,Phylloscopus occipitalis,Western Crowned Warbler,0.7975,psl4,2024,05,18,09
816.0,819.0,Phylloscopus occipitalis,Western Crowned Warbler,0.9342,psl4,2024,05,18,09
819.0,822.0,Protonotaria citrea,Prothonotary Warbler,0.8768,psl4,2024,05,18,09
822.0,825.0,Phylloscopus occipitalis,Western Crowned Warbler,0.8941,psl4,2024,05,18,09
834.0,837.0,Phylloscopus occipitalis,Western Crowned Warbler,0.8141,psl4,2024,05,18,09
849.0,852.0,Phylloscopus occipitalis,Western Crowned Warbler,0.578,psl4,2024,05,18,09
855.0,858.0,Phylloscopus occipitalis,Western Crowned Warbler,0.8731,psl4,2024,05,18,09
6.0,9.0,Phylloscopus occipitalis,Western Crowned Warbler,0.7976,psl4,2024,05,19,06
12.0,15.0,Phylloscopus occipitalis,Western Crowned Warbler,0.9733,psl4,2024,05,19,06
18.0,21.0,Phylloscopus occipitalis,Western Crowned Warbler,0.9734,psl4,2024,05,19,06
21.0,24.0,Phylloscopus occipitalis,Western Crowned Warbler,0.9834,psl4,2024,05,19,06
24.0,27.0,Phylloscopus occipitalis,Western Crowned Warbler,0.9463,psl4,2024,05,19,06
33.0,36.0,Phylloscopus occipitalis,Western Crowned Warbler,0.8559,psl4,2024,05,19,06
39.0,42.0,Phylloscopus occipitalis,Western Crowned Warbler,0.6137,psl4,2024,05,19,06
42.0,45.0,Phylloscopus occipitalis,Western Crowned Warbler,0.6679,psl4,2024,05,19,06
48.0,51.0,Phylloscopus occipitalis,Western Crowned Warbler,0.6608,psl4,2024,05,19,06
57.0,60.0,Phylloscopus occipitalis,Western Crowned Warbler,0.7608,psl4,2024,05,19,06
63.0,66.0,Phylloscopus occipitalis,Western Crowned Warbler,0.5082,psl4,2024,05,19,06
66.0,69.0,Ficedula tricolor,Slaty-blue Flycatcher,0.9389,psl4,2024,05,19,06
69.0,72.0,Phylloscopus occipitalis,Western Crowned Warbler,0.5338,psl4,2024,05,19,06
84.0,87.0,Ficedula tricolor,Slaty-blue Flycatcher,0.5905,psl4,2024,05,19,06
90.0,93.0,Ficedula tricolor,Slaty-blue Flycatcher,0.7854,psl4,2024,05,19,06
93.0,96.0,Ficedula tricolor,Slaty-blue Flycatcher,0.7498,psl4,2024,05,19,06
105.0,108.0,Ficedula tricolor,Slaty-blue Flycatcher,0.6274,psl4,2024,05,19,06
108.0,111.0,Erithacus rubecula,European Robin,0.8076,psl4,2024,05,19,06
114.0,117.0,Luscinia phaenicuroides,White-bellied Redstart,0.5568,psl4,2024,05,19,06
117.0,120.0,Ficedula tricolor,Slaty-blue Flycatcher,0.6253,psl4,2024,05,19,06
123.0,126.0,Ficedula tricolor,Slaty-blue Flycatcher,0.5047,psl4,2024,05,19,06
132.0,135.0,Phylloscopus occipitalis,Western Crowned Warbler,0.772,psl4,2024,05,19,06
156.0,159.0,Phylloscopus humei,Hume's Warbler,0.825,psl4,2024,05,19,06
162.0,165.0,Carpodacus erythrinus,Common Rosefinch,0.549,psl4,2024,05,19,06
180.0,183.0,Phylloscopus occipitalis,Western Crowned Warbler,0.5215,psl4,2024,05,19,06
186.0,189.0,Phylloscopus humei,Hume's Warbler,0.973,psl4,2024,05,19,06
189.0,192.0,Phylloscopus occipitalis,Western Crowned Warbler,0.6243,psl4,2024,05,19,06
249.0,252.0,Ficedula tricolor,Slaty-blue Flycatcher,0.629,psl4,2024,05,19,06
279.0,282.0,Phylloscopus occipitalis,Western Crowned Warbler,0.8132,psl4,2024,05,19,06
285.0,288.0,Phylloscopus occipitalis,Western Crowned Warbler,0.5113,psl4,2024,05,19,06
300.0,303.0,Phylloscopus occipitalis,Western Crowned Warbler,0.8227,psl4,2024,05,19,06
303.0,306.0,Phylloscopus occipitalis,Western Crowned Warbler,0.5773,psl4,2024,05,19,06
306.0,309.0,Phylloscopus occipitalis,Western Crowned Warbler,0.9745,psl4,2024,05,19,06
312.0,315.0,Phylloscopus occipitalis,Western Crowned Warbler,0.9281,psl4,2024,05,19,06
315.0,318.0,Phylloscopus occipitalis,Western Crowned Warbler,0.8991,psl4,2024,05,19,06
318.0,321.0,Phylloscopus occipitalis,Western Crowned Warbler,0.7758,psl4,2024,05,19,06
321.0,324.0,Phylloscopus occipitalis,Western Crowned Warbler,0.9221,psl4,2024,05,19,06
324.0,327.0,Phylloscopus occipitalis,Western Crowned Warbler,0.823,psl4,2024,05,19,06
330.0,333.0,Phylloscopus occipitalis,Western Crowned Warbler,0.9387,psl4,2024,05,19,06
333.0,336.0,Phylloscopus occipitalis,Western Crowned Warbler,0.7483,psl4,2024,05,19,06
336.0,339.0,Phylloscopus occipitalis,Western Crowned Warbler,0.6673,psl4,2024,05,19,06
339.0,342.0,Phylloscopus occipitalis,Western Crowned Warbler,0.5612,psl4,2024,05,19,06
345.0,348.0,Phylloscopus occipitalis,Western Crowned Warbler,0.9244,psl4,2024,05,19,06
351.0,354.0,Phylloscopus occipitalis,Western Crowned Warbler,0.9276,psl4,2024,05,19,06
357.0,360.0,Phylloscopus occipitalis,Western Crowned Warbler,0.9783,psl4,2024,05,19,06
363.0,366.0,Phylloscopus occipitalis,Western Crowned Warbler,0.9455,psl4,2024,05,19,06
372.0,375.0,Phylloscopus occipitalis,Western Crowned Warbler,0.8299,psl4,2024,05,19,06
378.0,381.0,Phylloscopus occipitalis,Western Crowned Warbler,0.5539,psl4,2024,05,19,06
384.0,387.0,Phylloscopus occipitalis,Western Crowned Warbler,0.8212,psl4,2024,05,19,06
390.0,393.0,Phylloscopus occipitalis,Western Crowned Warbler,0.93,psl4,2024,05,19,06
396.0,399.0,Phylloscopus occipitalis,Western Crowned Warbler,0.984,psl4,2024,05,19,06
402.0,405.0,Phylloscopus occipitalis,Western Crowned Warbler,0.9875,psl4,2024,05,19,06
408.0,411.0,Phylloscopus occipitalis,Western Crowned Warbler,0.9857,psl4,2024,05,19,06
414.0,417.0,Phylloscopus occipitalis,Western Crowned Warbler,0.9659,psl4,2024,05,19,06
417.0,420.0,Phylloscopus occipitalis,Western Crowned Warbler,0.9811,psl4,2024,05,19,06
420.0,423.0,Phylloscopus occipitalis,Western Crowned Warbler,0.8101,psl4,2024,05,19,06
423.0,426.0,Phylloscopus occipitalis,Western Crowned Warbler,0.6914,psl4,2024,05,19,06
426.0,429.0,Phylloscopus occipitalis,Western Crowned Warbler,0.851,psl4,2024,05,19,06
432.0,435.0,Phylloscopus occipitalis,Western Crowned Warbler,0.9006,psl4,2024,05,19,06
435.0,438.0,Phylloscopus humei,Hume's Warbler,0.7262,psl4,2024,05,19,06
438.0,441.0,Phylloscopus occipitalis,Western Crowned Warbler,0.5311,psl4,2024,05,19,06
441.0,444.0,Phylloscopus occipitalis,Western Crowned Warbler,0.8434,psl4,2024,05,19,06
450.0,453.0,Phylloscopus occipitalis,Western Crowned Warbler,0.9155,psl4,2024,05,19,06
456.0,459.0,Phylloscopus occipitalis,Western Crowned Warbler,0.7967,psl4,2024,05,19,06
462.0,465.0,Phylloscopus occipitalis,Western Crowned Warbler,0.9072,psl4,2024,05,19,06
474.0,477.0,Phylloscopus occipitalis,Western Crowned Warbler,0.5757,psl4,2024,05,19,06
483.0,486.0,Carpodacus rodochroa,Pink-browed Rosefinch,0.7395,psl4,2024,05,19,06
486.0,489.0,Phylloscopus reguloides,Blyth's Leaf Warbler,0.6138,psl4,2024,05,19,06
492.0,495.0,Carpodacus rodochroa,Pink-browed Rosefinch,0.9084,psl4,2024,05,19,06
495.0,498.0,Carpodacus rodochroa,Pink-browed Rosefinch,0.9224,psl4,2024,05,19,06
498.0,501.0,Carpodacus rodochroa,Pink-browed Rosefinch,0.7952,psl4,2024,05,19,06
498.0,501.0,Spinus tristis,American Goldfinch,0.5544,psl4,2024,05,19,06
501.0,504.0,Spinus tristis,American Goldfinch,0.52,psl4,2024,05,19,06
507.0,510.0,Phylloscopus occipitalis,Western Crowned Warbler,0.6437,psl4,2024,05,19,06
516.0,519.0,Carpodacus rodochroa,Pink-browed Rosefinch,0.8678,psl4,2024,05,19,06
522.0,525.0,Carpodacus rodochroa,Pink-browed Rosefinch,0.9791,psl4,2024,05,19,06
528.0,531.0,Carpodacus rodochroa,Pink-browed Rosefinch,0.8939,psl4,2024,05,19,06
531.0,534.0,Carpodacus rodochroa,Pink-browed Rosefinch,0.9247,psl4,2024,05,19,06
531.0,534.0,Spinus tristis,American Goldfinch,0.6218,psl4,2024,05,19,06
540.0,543.0,Carpodacus rodochroa,Pink-browed Rosefinch,0.9288,psl4,2024,05,19,06
543.0,546.0,Phylloscopus occipitalis,Western Crowned Warbler,0.8567,psl4,2024,05,19,06
546.0,549.0,Carpodacus rodochroa,Pink-browed Rosefinch,0.7482,psl4,2024,05,19,06
546.0,549.0,Cinnyris jugularis,Olive-backed Sunbird,0.5013,psl4,2024,05,19,06
549.0,552.0,Carpodacus rodochroa,Pink-browed Rosefinch,0.9651,psl4,2024,05,19,06
555.0,558.0,Carpodacus rodochroa,Pink-browed Rosefinch,0.9824,psl4,2024,05,19,06
555.0,558.0,Spinus tristis,American Goldfinch,0.7514,psl4,2024,05,19,06
558.0,561.0,Carpodacus rodochroa,Pink-browed Rosefinch,0.9928,psl4,2024,05,19,06
567.0,570.0,Carpodacus rodochroa,Pink-browed Rosefinch,0.8972,psl4,2024,05,19,06
573.0,576.0,Carpodacus rodochroa,Pink-browed Rosefinch,0.9783,psl4,2024,05,19,06
573.0,576.0,Spinus tristis,American Goldfinch,0.6694,psl4,2024,05,19,06
582.0,585.0,Carpodacus rodochroa,Pink-browed Rosefinch,0.945,psl4,2024,05,19,06
585.0,588.0,Phylloscopus occipitalis,Western Crowned Warbler,0.8831,psl4,2024,05,19,06
588.0,591.0,Protonotaria citrea,Prothonotary Warbler,0.5281,psl4,2024,05,19,06
591.0,594.0,Carpodacus rodochroa,Pink-browed Rosefinch,0.8666,psl4,2024,05,19,06
594.0,597.0,Carpodacus rodochroa,Pink-browed Rosefinch,0.5723,psl4,2024,05,19,06
597.0,600.0,Carpodacus rodochroa,Pink-browed Rosefinch,0.9713,psl4,2024,05,19,06
600.0,603.0,Carpodacus rodochroa,Pink-browed Rosefinch,0.8413,psl4,2024,05,19,06
603.0,606.0,Phylloscopus occipitalis,Western Crowned Warbler,0.9136,psl4,2024,05,19,06
603.0,606.0,Phylloscopus reguloides,Blyth's Leaf Warbler,0.5717,psl4,2024,05,19,06
609.0,612.0,Phylloscopus occipitalis,Western Crowned Warbler,0.9914,psl4,2024,05,19,06
624.0,627.0,Phylloscopus occipitalis,Western Crowned Warbler,0.95,psl4,2024,05,19,06
630.0,633.0,Phylloscopus occipitalis,Western Crowned Warbler,0.9067,psl4,2024,05,19,06
636.0,639.0,Phylloscopus occipitalis,Western Crowned Warbler,0.9722,psl4,2024,05,19,06
642.0,645.0,Phylloscopus occipitalis,Western Crowned Warbler,0.9785,psl4,2024,05,19,06
648.0,651.0,Phylloscopus occipitalis,Western Crowned Warbler,0.9775,psl4,2024,05,19,06
654.0,657.0,Phylloscopus occipitalis,Western Crowned Warbler,0.8568,psl4,2024,05,19,06
657.0,660.0,Phylloscopus occipitalis,Western Crowned Warbler,0.9333,psl4,2024,05,19,06
660.0,663.0,Phylloscopus occipitalis,Western Crowned Warbler,0.921,psl4,2024,05,19,06
663.0,666.0,Phylloscopus occipitalis,Western Crowned Warbler,0.9571,psl4,2024,05,19,06
669.0,672.0,Phylloscopus occipitalis,Western Crowned Warbler,0.9448,psl4,2024,05,19,06
675.0,678.0,Phylloscopus occipitalis,Western Crowned Warbler,0.9176,psl4,2024,05,19,06
684.0,687.0,Phylloscopus occipitalis,Western Crowned Warbler,0.9948,psl4,2024,05,19,06
690.0,693.0,Phylloscopus occipitalis,Western Crowned Warbler,0.9845,psl4,2024,05,19,06
696.0,699.0,Phylloscopus occipitalis,Western Crowned Warbler,0.998,psl4,2024,05,19,06
699.0,702.0,Phylloscopus occipitalis,Western Crowned Warbler,0.9839,psl4,2024,05,19,06
702.0,705.0,Phylloscopus occipitalis,Western Crowned Warbler,0.9065,psl4,2024,05,19,06
705.0,708.0,Phylloscopus occipitalis,Western Crowned Warbler,0.8831,psl4,2024,05,19,06
711.0,714.0,Phylloscopus occipitalis,Western Crowned Warbler,0.9752,psl4,2024,05,19,06
714.0,717.0,Phylloscopus maculipennis,Ashy-throated Warbler,0.781,psl4,2024,05,19,06
717.0,720.0,Phylloscopus occipitalis,Western Crowned Warbler,0.9929,psl4,2024,05,19,06
720.0,723.0,Protonotaria citrea,Prothonotary Warbler,0.93,psl4,2024,05,19,06
723.0,726.0,Phylloscopus occipitalis,Western Crowned Warbler,0.9217,psl4,2024,05,19,06
726.0,729.0,Phylloscopus occipitalis,Western Crowned Warbler,0.5123,psl4,2024,05,19,06
729.0,732.0,Phylloscopus occipitalis,Western Crowned Warbler,0.6409,psl4,2024,05,19,06
732.0,735.0,Phylloscopus occipitalis,Western Crowned Warbler,0.8952,psl4,2024,05,19,06
735.0,738.0,Phylloscopus occipitalis,Western Crowned Warbler,0.971,psl4,2024,05,19,06
738.0,741.0,Phylloscopus occipitalis,Western Crowned Warbler,0.8745,psl4,2024,05,19,06
744.0,747.0,Phylloscopus occipitalis,Western Crowned Warbler,0.7771,psl4,2024,05,19,06
747.0,750.0,Phylloscopus occipitalis,Western Crowned Warbler,0.8315,psl4,2024,05,19,06
792.0,795.0,Phylloscopus humei,Hume's Warbler,0.9918,psl4,2024,05,19,06
795.0,798.0,Phylloscopus humei,Hume's Warbler,0.9601,psl4,2024,05,19,06
825.0,828.0,Luscinia phaenicuroides,White-bellied Redstart,0.781,psl4,2024,05,19,06
843.0,846.0,Phylloscopus occipitalis,Western Crowned Warbler,0.6645,psl4,2024,05,19,06
870.0,873.0,Protonotaria citrea,Prothonotary Warbler,0.6903,psl4,2024,05,19,06
879.0,882.0,Carpodacus erythrinus,Common Rosefinch,0.9338,psl4,2024,05,19,06
888.0,891.0,Phylloscopus tytleri,Tytler's Leaf Warbler,0.5061,psl4,2024,05,19,06
891.0,894.0,Carpodacus erythrinus,Common Rosefinch,0.5157,psl4,2024,05,19,06
894.0,897.0,Phylloscopus occipitalis,Western Crowned Warbler,0.882,psl4,2024,05,19,06
3.0,6.0,Phylloscopus occipitalis,Western Crowned Warbler,0.8083,psl4,2024,05,19,07
9.0,12.0,Phylloscopus occipitalis,Western Crowned Warbler,0.7583,psl4,2024,05,19,07
12.0,15.0,Phylloscopus occipitalis,Western Crowned Warbler,0.8895,psl4,2024,05,19,07
15.0,18.0,Carpodacus erythrinus,Common Rosefinch,0.5531,psl4,2024,05,19,07
18.0,21.0,Phylloscopus occipitalis,Western Crowned Warbler,0.8978,psl4,2024,05,19,07
24.0,27.0,Phylloscopus occipitalis,Western Crowned Warbler,0.9926,psl4,2024,05,19,07
33.0,36.0,Phylloscopus occipitalis,Western Crowned Warbler,0.5762,psl4,2024,05,19,07
57.0,60.0,Carpodacus erythrinus,Common Rosefinch,0.8286,psl4,2024,05,19,07
63.0,66.0,Carpodacus erythrinus,Common Rosefinch,0.7576,psl4,2024,05,19,07
75.0,78.0,Phylloscopus occipitalis,Western Crowned Warbler,0.9558,psl4,2024,05,19,07
78.0,81.0,Phylloscopus occipitalis,Western Crowned Warbler,0.8275,psl4,2024,05,19,07
84.0,87.0,Phylloscopus occipitalis,Western Crowned Warbler,0.757,psl4,2024,05,19,07
87.0,90.0,Carpodacus erythrinus,Common Rosefinch,0.7804,psl4,2024,05,19,07
90.0,93.0,Phylloscopus occipitalis,Western Crowned Warbler,0.6422,psl4,2024,05,19,07
99.0,102.0,Phylloscopus occipitalis,Western Crowned Warbler,0.9129,psl4,2024,05,19,07
105.0,108.0,Phylloscopus occipitalis,Western Crowned Warbler,0.681,psl4,2024,05,19,07
111.0,114.0,Phylloscopus occipitalis,Western Crowned Warbler,0.9906,psl4,2024,05,19,07
117.0,120.0,Phylloscopus occipitalis,Western Crowned Warbler,0.986,psl4,2024,05,19,07
120.0,123.0,Phylloscopus occipitalis,Western Crowned Warbler,0.9815,psl4,2024,05,19,07
123.0,126.0,Phylloscopus occipitalis,Western Crowned Warbler,0.7516,psl4,2024,05,19,07
126.0,129.0,Phylloscopus occipitalis,Western Crowned Warbler,0.8243,psl4,2024,05,19,07
132.0,135.0,Phylloscopus occipitalis,Western Crowned Warbler,0.8476,psl4,2024,05,19,07
135.0,138.0,Phylloscopus occipitalis,Western Crowned Warbler,0.6781,psl4,2024,05,19,07
141.0,144.0,Phylloscopus occipitalis,Western Crowned Warbler,0.9134,psl4,2024,05,19,07
147.0,150.0,Phylloscopus occipitalis,Western Crowned Warbler,0.7295,psl4,2024,05,19,07
150.0,153.0,Phylloscopus occipitalis,Western Crowned Warbler,0.9407,psl4,2024,05,19,07
153.0,156.0,Phylloscopus occipitalis,Western Crowned Warbler,0.9586,psl4,2024,05,19,07
159.0,162.0,Phylloscopus occipitalis,Western Crowned Warbler,0.9889,psl4,2024,05,19,07
162.0,165.0,Phylloscopus occipitalis,Western Crowned Warbler,0.543,psl4,2024,05,19,07
165.0,168.0,Phylloscopus occipitalis,Western Crowned Warbler,0.9132,psl4,2024,05,19,07
171.0,174.0,Phylloscopus occipitalis,Western Crowned Warbler,0.9057,psl4,2024,05,19,07
177.0,180.0,Phylloscopus occipitalis,Western Crowned Warbler,0.9879,psl4,2024,05,19,07
183.0,186.0,Phylloscopus occipitalis,Western Crowned Warbler,0.9646,psl4,2024,05,19,07
186.0,189.0,Phylloscopus occipitalis,Western Crowned Warbler,0.7532,psl4,2024,05,19,07
189.0,192.0,Phylloscopus occipitalis,Western Crowned Warbler,0.7784,psl4,2024,05,19,07
192.0,195.0,Phylloscopus occipitalis,Western Crowned Warbler,0.632,psl4,2024,05,19,07
195.0,198.0,Phylloscopus occipitalis,Western Crowned Warbler,0.9131,psl4,2024,05,19,07
198.0,201.0,Phylloscopus occipitalis,Western Crowned Warbler,0.7016,psl4,2024,05,19,07
201.0,204.0,Phylloscopus occipitalis,Western Crowned Warbler,0.9553,psl4,2024,05,19,07
204.0,207.0,Phylloscopus occipitalis,Western Crowned Warbler,0.65,psl4,2024,05,19,07
213.0,216.0,Phylloscopus occipitalis,Western Crowned Warbler,0.9709,psl4,2024,05,19,07
219.0,222.0,Phylloscopus occipitalis,Western Crowned Warbler,0.8458,psl4,2024,05,19,07
222.0,225.0,Phylloscopus occipitalis,Western Crowned Warbler,0.5964,psl4,2024,05,19,07
225.0,228.0,Phylloscopus occipitalis,Western Crowned Warbler,0.9623,psl4,2024,05,19,07
228.0,231.0,Phylloscopus occipitalis,Western Crowned Warbler,0.9315,psl4,2024,05,19,07
231.0,234.0,Phylloscopus occipitalis,Western Crowned Warbler,0.9299,psl4,2024,05,19,07
234.0,237.0,Phylloscopus occipitalis,Western Crowned Warbler,0.7944,psl4,2024,05,19,07
237.0,240.0,Phylloscopus occipitalis,Western Crowned Warbler,0.9411,psl4,2024,05,19,07
243.0,246.0,Phylloscopus occipitalis,Western Crowned Warbler,0.9948,psl4,2024,05,19,07
246.0,249.0,Phylloscopus occipitalis,Western Crowned Warbler,0.889,psl4,2024,05,19,07
249.0,252.0,Phylloscopus occipitalis,Western Crowned Warbler,0.9583,psl4,2024,05,19,07
255.0,258.0,Phylloscopus occipitalis,Western Crowned Warbler,0.5629,psl4,2024,05,19,07
258.0,261.0,Phylloscopus occipitalis,Western Crowned Warbler,0.7566,psl4,2024,05,19,07
261.0,264.0,Phylloscopus occipitalis,Western Crowned Warbler,0.936,psl4,2024,05,19,07
264.0,267.0,Phylloscopus occipitalis,Western Crowned Warbler,0.9034,psl4,2024,05,19,07
267.0,270.0,Phylloscopus occipitalis,Western Crowned Warbler,0.8756,psl4,2024,05,19,07
273.0,276.0,Phylloscopus occipitalis,Western Crowned Warbler,0.9648,psl4,2024,05,19,07
279.0,282.0,Phylloscopus occipitalis,Western Crowned Warbler,0.8494,psl4,2024,05,19,07
285.0,288.0,Phylloscopus occipitalis,Western Crowned Warbler,0.8664,psl4,2024,05,19,07
291.0,294.0,Phylloscopus occipitalis,Western Crowned Warbler,0.9553,psl4,2024,05,19,07
297.0,300.0,Phylloscopus occipitalis,Western Crowned Warbler,0.9863,psl4,2024,05,19,07
303.0,306.0,Phylloscopus occipitalis,Western Crowned Warbler,0.9467,psl4,2024,05,19,07
309.0,312.0,Phylloscopus occipitalis,Western Crowned Warbler,0.9942,psl4,2024,05,19,07
312.0,315.0,Phylloscopus occipitalis,Western Crowned Warbler,0.9769,psl4,2024,05,19,07
315.0,318.0,Phylloscopus occipitalis,Western Crowned Warbler,0.9822,psl4,2024,05,19,07
318.0,321.0,Phylloscopus occipitalis,Western Crowned Warbler,0.9689,psl4,2024,05,19,07
330.0,333.0,Ficedula tricolor,Slaty-blue Flycatcher,0.5094,psl4,2024,05,19,07
342.0,345.0,Phylloscopus occipitalis,Western Crowned Warbler,0.5283,psl4,2024,05,19,07
459.0,462.0,Carpodacus erythrinus,Common Rosefinch,0.5892,psl4,2024,05,19,07
471.0,474.0,Carpodacus erythrinus,Common Rosefinch,0.9027,psl4,2024,05,19,07
474.0,477.0,Carpodacus erythrinus,Common Rosefinch,0.6032,psl4,2024,05,19,07
489.0,492.0,Carpodacus erythrinus,Common Rosefinch,0.6444,psl4,2024,05,19,07
495.0,498.0,Phylloscopus occipitalis,Western Crowned Warbler,0.5955,psl4,2024,05,19,07
525.0,528.0,Trochalopteron affine,Black-faced Laughingthrush,0.58,psl4,2024,05,19,07
525.0,528.0,Trochalopteron subunicolor,Scaly Laughingthrush,0.5205,psl4,2024,05,19,07
561.0,564.0,Trochalopteron variegatum,Variegated Laughingthrush,0.7335,psl4,2024,05,19,07
579.0,582.0,Trochalopteron affine,Black-faced Laughingthrush,0.5527,psl4,2024,05,19,07
585.0,588.0,Phylloscopus humei,Hume's Warbler,0.7208,psl4,2024,05,19,07
600.0,603.0,Phylloscopus humei,Hume's Warbler,0.5341,psl4,2024,05,19,07
603.0,606.0,Trochalopteron affine,Black-faced Laughingthrush,0.5931,psl4,2024,05,19,07
606.0,609.0,Trochalopteron variegatum,Variegated Laughingthrush,0.6222,psl4,2024,05,19,07
612.0,615.0,Trochalopteron variegatum,Variegated Laughingthrush,0.5783,psl4,2024,05,19,07
615.0,618.0,Trochalopteron variegatum,Variegated Laughingthrush,0.9079,psl4,2024,05,19,07
618.0,621.0,Phylloscopus humei,Hume's Warbler,0.6975,psl4,2024,05,19,07
624.0,627.0,Phylloscopus humei,Hume's Warbler,0.9282,psl4,2024,05,19,07
630.0,633.0,Trochalopteron variegatum,Variegated Laughingthrush,0.9514,psl4,2024,05,19,07
639.0,642.0,Trochalopteron variegatum,Variegated Laughingthrush,0.7263,psl4,2024,05,19,07
648.0,651.0,Trochalopteron variegatum,Variegated Laughingthrush,0.9409,psl4,2024,05,19,07
654.0,657.0,Phylloscopus humei,Hume's Warbler,0.8939,psl4,2024,05,19,07
660.0,663.0,Phylloscopus humei,Hume's Warbler,0.9538,psl4,2024,05,19,07
672.0,675.0,Trochalopteron variegatum,Variegated Laughingthrush,0.7638,psl4,2024,05,19,07
678.0,681.0,Phylloscopus occipitalis,Western Crowned Warbler,0.8686,psl4,2024,05,19,07
681.0,684.0,Phylloscopus sindianus,Mountain Chiffchaff,0.7842,psl4,2024,05,19,07
681.0,684.0,Trochalopteron variegatum,Variegated Laughingthrush,0.7765,psl4,2024,05,19,07
687.0,690.0,Trochalopteron variegatum,Variegated Laughingthrush,0.6819,psl4,2024,05,19,07
690.0,693.0,Trochalopteron variegatum,Variegated Laughingthrush,0.5796,psl4,2024,05,19,07
693.0,696.0,Phylloscopus occipitalis,Western Crowned Warbler,0.7851,psl4,2024,05,19,07
696.0,699.0,Trochalopteron variegatum,Variegated Laughingthrush,0.9787,psl4,2024,05,19,07
696.0,699.0,Phylloscopus occipitalis,Western Crowned Warbler,0.8476,psl4,2024,05,19,07
705.0,708.0,Trochalopteron affine,Black-faced Laughingthrush,0.5117,psl4,2024,05,19,07
705.0,708.0,Trochalopteron variegatum,Variegated Laughingthrush,0.5103,psl4,2024,05,19,07
708.0,711.0,Phylloscopus occipitalis,Western Crowned Warbler,0.9417,psl4,2024,05,19,07
714.0,717.0,Phylloscopus occipitalis,Western Crowned Warbler,0.9747,psl4,2024,05,19,07
714.0,717.0,Trochalopteron variegatum,Variegated Laughingthrush,0.5974,psl4,2024,05,19,07
717.0,720.0,Phylloscopus occipitalis,Western Crowned Warbler,0.9619,psl4,2024,05,19,07
720.0,723.0,Phylloscopus occipitalis,Western Crowned Warbler,0.7582,psl4,2024,05,19,07
723.0,726.0,Trochalopteron variegatum,Variegated Laughingthrush,0.6881,psl4,2024,05,19,07
723.0,726.0,Phylloscopus occipitalis,Western Crowned Warbler,0.5452,psl4,2024,05,19,07
726.0,729.0,Phylloscopus occipitalis,Western Crowned Warbler,0.9569,psl4,2024,05,19,07
729.0,732.0,Phylloscopus occipitalis,Western Crowned Warbler,0.9571,psl4,2024,05,19,07
732.0,735.0,Phylloscopus occipitalis,Western Crowned Warbler,0.5763,psl4,2024,05,19,07
735.0,738.0,Phylloscopus occipitalis,Western Crowned Warbler,0.7799,psl4,2024,05,19,07
738.0,741.0,Phylloscopus occipitalis,Western Crowned Warbler,0.6553,psl4,2024,05,19,07
744.0,747.0,Phylloscopus occipitalis,Western Crowned Warbler,0.8863,psl4,2024,05,19,07
750.0,753.0,Phylloscopus occipitalis,Western Crowned Warbler,0.5319,psl4,2024,05,19,07
753.0,756.0,Phylloscopus occipitalis,Western Crowned Warbler,0.991,psl4,2024,05,19,07
756.0,759.0,Trochalopteron variegatum,Variegated Laughingthrush,0.865,psl4,2024,05,19,07
762.0,765.0,Phylloscopus occipitalis,Western Crowned Warbler,0.9659,psl4,2024,05,19,07
765.0,768.0,Phylloscopus occipitalis,Western Crowned Warbler,0.9037,psl4,2024,05,19,07
771.0,774.0,Phylloscopus occipitalis,Western Crowned Warbler,0.9868,psl4,2024,05,19,07
774.0,777.0,Phylloscopus occipitalis,Western Crowned Warbler,0.584,psl4,2024,05,19,07
777.0,780.0,Phylloscopus occipitalis,Western Crowned Warbler,0.6876,psl4,2024,05,19,07
780.0,783.0,Phylloscopus occipitalis,Western Crowned Warbler,0.8695,psl4,2024,05,19,07
783.0,786.0,Phylloscopus occipitalis,Western Crowned Warbler,0.7764,psl4,2024,05,19,07
789.0,792.0,Phylloscopus occipitalis,Western Crowned Warbler,0.7972,psl4,2024,05,19,07
792.0,795.0,Phylloscopus occipitalis,Western Crowned Warbler,0.7992,psl4,2024,05,19,07
795.0,798.0,Phylloscopus occipitalis,Western Crowned Warbler,0.9868,psl4,2024,05,19,07
798.0,801.0,Phylloscopus occipitalis,Western Crowned Warbler,0.9037,psl4,2024,05,19,07
801.0,804.0,Phylloscopus occipitalis,Western Crowned Warbler,0.8941,psl4,2024,05,19,07
804.0,807.0,Phylloscopus occipitalis,Western Crowned Warbler,0.9168,psl4,2024,05,19,07
810.0,813.0,Phylloscopus occipitalis,Western Crowned Warbler,0.8102,psl4,2024,05,19,07
816.0,819.0,Phylloscopus occipitalis,Western Crowned Warbler,0.939,psl4,2024,05,19,07
822.0,825.0,Phylloscopus occipitalis,Western Crowned Warbler,0.8391,psl4,2024,05,19,07
828.0,831.0,Phylloscopus occipitalis,Western Crowned Warbler,0.9461,psl4,2024,05,19,07
834.0,837.0,Phylloscopus occipitalis,Western Crowned Warbler,0.9662,psl4,2024,05,19,07
837.0,840.0,Phylloscopus occipitalis,Western Crowned Warbler,0.6933,psl4,2024,05,19,07
840.0,843.0,Phylloscopus occipitalis,Western Crowned Warbler,0.9853,psl4,2024,05,19,07
843.0,846.0,Phylloscopus occipitalis,Western Crowned Warbler,0.7198,psl4,2024,05,19,07
846.0,849.0,Phylloscopus occipitalis,Western Crowned Warbler,0.8418,psl4,2024,05,19,07
849.0,852.0,Phylloscopus occipitalis,Western Crowned Warbler,0.7042,psl4,2024,05,19,07
852.0,855.0,Phylloscopus occipitalis,Western Crowned Warbler,0.9733,psl4,2024,05,19,07
858.0,861.0,Phylloscopus occipitalis,Western Crowned Warbler,0.6379,psl4,2024,05,19,07
861.0,864.0,Phylloscopus occipitalis,Western Crowned Warbler,0.9786,psl4,2024,05,19,07
864.0,867.0,Phylloscopus occipitalis,Western Crowned Warbler,0.9816,psl4,2024,05,19,07
867.0,870.0,Phylloscopus occipitalis,Western Crowned Warbler,0.6558,psl4,2024,05,19,07
879.0,882.0,Phylloscopus occipitalis,Western Crowned Warbler,0.8746,psl4,2024,05,19,07
882.0,885.0,Phylloscopus occipitalis,Western Crowned Warbler,0.8646,psl4,2024,05,19,07
885.0,888.0,Phylloscopus occipitalis,Western Crowned Warbler,0.9469,psl4,2024,05,19,07
888.0,891.0,Phylloscopus occipitalis,Western Crowned Warbler,0.5889,psl4,2024,05,19,07
891.0,894.0,Phylloscopus occipitalis,Western Crowned Warbler,0.7438,psl4,2024,05,19,07
894.0,897.0,Phylloscopus occipitalis,Western Crowned Warbler,0.5989,psl4,2024,05,19,07
0.0,3.0,Phylloscopus occipitalis,Western Crowned Warbler,0.6202,psl4,2024,05,19,08
3.0,6.0,Phylloscopus occipitalis,Western Crowned Warbler,0.8986,psl4,2024,05,19,08
9.0,12.0,Phylloscopus occipitalis,Western Crowned Warbler,0.8089,psl4,2024,05,19,08
21.0,24.0,Trochalopteron variegatum,Variegated Laughingthrush,0.8252,psl4,2024,05,19,08
24.0,27.0,Phylloscopus occipitalis,Western Crowned Warbler,0.5172,psl4,2024,05,19,08
39.0,42.0,Trochalopteron variegatum,Variegated Laughingthrush,0.8845,psl4,2024,05,19,08
45.0,48.0,Ficedula tricolor,Slaty-blue Flycatcher,0.7305,psl4,2024,05,19,08
54.0,57.0,Trochalopteron variegatum,Variegated Laughingthrush,0.9819,psl4,2024,05,19,08
60.0,63.0,Phylloscopus humei,Hume's Warbler,0.5193,psl4,2024,05,19,08
72.0,75.0,Ficedula tricolor,Slaty-blue Flycatcher,0.9662,psl4,2024,05,19,08
87.0,90.0,Ficedula tricolor,Slaty-blue Flycatcher,0.5457,psl4,2024,05,19,08
132.0,135.0,Phylloscopus humei,Hume's Warbler,0.8148,psl4,2024,05,19,08
135.0,138.0,Phylloscopus humei,Hume's Warbler,0.8241,psl4,2024,05,19,08
138.0,141.0,Phylloscopus occipitalis,Western Crowned Warbler,0.8047,psl4,2024,05,19,08
153.0,156.0,Phylloscopus humei,Hume's Warbler,0.706,psl4,2024,05,19,08
156.0,159.0,Phylloscopus humei,Hume's Warbler,0.794,psl4,2024,05,19,08
165.0,168.0,Phylloscopus humei,Hume's Warbler,0.8038,psl4,2024,05,19,08
318.0,321.0,Phylloscopus humei,Hume's Warbler,0.569,psl4,2024,05,19,08
342.0,345.0,Ficedula tricolor,Slaty-blue Flycatcher,0.6799,psl4,2024,05,19,08
390.0,393.0,Phylloscopus humei,Hume's Warbler,0.5412,psl4,2024,05,19,08
405.0,408.0,Phylloscopus humei,Hume's Warbler,0.9728,psl4,2024,05,19,08
417.0,420.0,Carpodacus erythrinus,Common Rosefinch,0.9568,psl4,2024,05,19,08
420.0,423.0,Phylloscopus humei,Hume's Warbler,0.7278,psl4,2024,05,19,08
423.0,426.0,Phylloscopus humei,Hume's Warbler,0.8849,psl4,2024,05,19,08
435.0,438.0,Phylloscopus humei,Hume's Warbler,0.7881,psl4,2024,05,19,08
438.0,441.0,Phylloscopus humei,Hume's Warbler,0.5327,psl4,2024,05,19,08
453.0,456.0,Carpodacus erythrinus,Common Rosefinch,0.5099,psl4,2024,05,19,08
468.0,471.0,Carpodacus erythrinus,Common Rosefinch,0.6406,psl4,2024,05,19,08
474.0,477.0,Carpodacus erythrinus,Common Rosefinch,0.8815,psl4,2024,05,19,08
483.0,486.0,Carpodacus erythrinus,Common Rosefinch,0.6661,psl4,2024,05,19,08
492.0,495.0,Phylloscopus occipitalis,Western Crowned Warbler,0.659,psl4,2024,05,19,08
501.0,504.0,Carpodacus erythrinus,Common Rosefinch,0.7543,psl4,2024,05,19,08
513.0,516.0,Carpodacus erythrinus,Common Rosefinch,0.746,psl4,2024,05,19,08
564.0,567.0,Phylloscopus occipitalis,Western Crowned Warbler,0.8711,psl4,2024,05,19,08
570.0,573.0,Periparus rufonuchalis,Rufous-naped Tit,0.5433,psl4,2024,05,19,08
576.0,579.0,Phylloscopus occipitalis,Western Crowned Warbler,0.7806,psl4,2024,05,19,08
582.0,585.0,Phylloscopus occipitalis,Western Crowned Warbler,0.6108,psl4,2024,05,19,08
582.0,585.0,Megascops kennicottii,Western Screech-Owl,0.5609,psl4,2024,05,19,08
600.0,603.0,Phylloscopus occipitalis,Western Crowned Warbler,0.7324,psl4,2024,05,19,08
612.0,615.0,Periparus rufonuchalis,Rufous-naped Tit,0.5337,psl4,2024,05,19,08
621.0,624.0,Ficedula tricolor,Slaty-blue Flycatcher,0.6047,psl4,2024,05,19,08
624.0,627.0,Phylloscopus occipitalis,Western Crowned Warbler,0.8098,psl4,2024,05,19,08
630.0,633.0,Phylloscopus occipitalis,Western Crowned Warbler,0.9908,psl4,2024,05,19,08
633.0,636.0,Cettia castaneocoronata,Chestnut-headed Tesia,0.5311,psl4,2024,05,19,08
642.0,645.0,Phylloscopus occipitalis,Western Crowned Warbler,0.7358,psl4,2024,05,19,08
654.0,657.0,Phylloscopus occipitalis,Western Crowned Warbler,0.8213,psl4,2024,05,19,08
663.0,666.0,Phylloscopus occipitalis,Western Crowned Warbler,0.7556,psl4,2024,05,19,08
666.0,669.0,Phylloscopus occipitalis,Western Crowned Warbler,0.9523,psl4,2024,05,19,08
669.0,672.0,Phylloscopus occipitalis,Western Crowned Warbler,0.5328,psl4,2024,05,19,08
672.0,675.0,Phylloscopus occipitalis,Western Crowned Warbler,0.9447,psl4,2024,05,19,08
678.0,681.0,Phylloscopus occipitalis,Western Crowned Warbler,0.9943,psl4,2024,05,19,08
684.0,687.0,Phylloscopus occipitalis,Western Crowned Warbler,0.8871,psl4,2024,05,19,08
687.0,690.0,Phylloscopus occipitalis,Western Crowned Warbler,0.761,psl4,2024,05,19,08
705.0,708.0,Phylloscopus occipitalis,Western Crowned Warbler,0.9805,psl4,2024,05,19,08
708.0,711.0,Phylloscopus humei,Hume's Warbler,0.5978,psl4,2024,05,19,08
714.0,717.0,Phylloscopus occipitalis,Western Crowned Warbler,0.9825,psl4,2024,05,19,08
717.0,720.0,Phylloscopus occipitalis,Western Crowned Warbler,0.9922,psl4,2024,05,19,08
720.0,723.0,Phylloscopus occipitalis,Western Crowned Warbler,0.995,psl4,2024,05,19,08
723.0,726.0,Phylloscopus occipitalis,Western Crowned Warbler,0.6896,psl4,2024,05,19,08
729.0,732.0,Ficedula tricolor,Slaty-blue Flycatcher,0.8244,psl4,2024,05,19,08
729.0,732.0,Cettia castaneocoronata,Chestnut-headed Tesia,0.5922,psl4,2024,05,19,08
732.0,735.0,Phylloscopus occipitalis,Western Crowned Warbler,0.9061,psl4,2024,05,19,08
744.0,747.0,Phylloscopus occipitalis,Western Crowned Warbler,0.6253,psl4,2024,05,19,08
747.0,750.0,Ficedula tricolor,Slaty-blue Flycatcher,0.8797,psl4,2024,05,19,08
750.0,753.0,Phylloscopus occipitalis,Western Crowned Warbler,0.8755,psl4,2024,05,19,08
780.0,783.0,Phylloscopus occipitalis,Western Crowned Warbler,0.7448,psl4,2024,05,19,08
786.0,789.0,Phylloscopus occipitalis,Western Crowned Warbler,0.888,psl4,2024,05,19,08
786.0,789.0,Upupa epops,Eurasian Hoopoe,0.6491,psl4,2024,05,19,08
795.0,798.0,Phylloscopus occipitalis,Western Crowned Warbler,0.8341,psl4,2024,05,19,08
813.0,816.0,Phylloscopus occipitalis,Western Crowned Warbler,0.7236,psl4,2024,05,19,08
816.0,819.0,Ficedula tricolor,Slaty-blue Flycatcher,0.9596,psl4,2024,05,19,08
822.0,825.0,Ficedula tricolor,Slaty-blue Flycatcher,0.8772,psl4,2024,05,19,08
828.0,831.0,Ficedula tricolor,Slaty-blue Flycatcher,0.7938,psl4,2024,05,19,08
837.0,840.0,Phylloscopus humei,Hume's Warbler,0.5542,psl4,2024,05,19,08
867.0,870.0,Phylloscopus occipitalis,Western Crowned Warbler,0.7157,psl4,2024,05,19,08
870.0,873.0,Ficedula tricolor,Slaty-blue Flycatcher,0.7703,psl4,2024,05,19,08
879.0,882.0,Phylloscopus occipitalis,Western Crowned Warbler,0.6106,psl4,2024,05,19,08
891.0,894.0,Phylloscopus occipitalis,Western Crowned Warbler,0.9377,psl4,2024,05,19,08
897.0,900.0,Phylloscopus occipitalis,Western Crowned Warbler,0.7171,psl4,2024,05,19,08
0.0,3.0,Phylloscopus occipitalis,Western Crowned Warbler,0.9096,psl4,2024,05,19,09
3.0,6.0,Phylloscopus occipitalis,Western Crowned Warbler,0.6924,psl4,2024,05,19,09
6.0,9.0,Phylloscopus occipitalis,Western Crowned Warbler,0.9672,psl4,2024,05,19,09
27.0,30.0,Phylloscopus occipitalis,Western Crowned Warbler,0.5475,psl4,2024,05,19,09
33.0,36.0,Phylloscopus occipitalis,Western Crowned Warbler,0.8465,psl4,2024,05,19,09
36.0,39.0,Phylloscopus humei,Hume's Warbler,0.7093,psl4,2024,05,19,09
39.0,42.0,Phylloscopus humei,Hume's Warbler,0.6858,psl4,2024,05,19,09
42.0,45.0,Phylloscopus occipitalis,Western Crowned Warbler,0.9909,psl4,2024,05,19,09
45.0,48.0,Phylloscopus humei,Hume's Warbler,0.8244,psl4,2024,05,19,09
48.0,51.0,Phylloscopus humei,Hume's Warbler,0.9909,psl4,2024,05,19,09
54.0,57.0,Phylloscopus occipitalis,Western Crowned Warbler,0.9251,psl4,2024,05,19,09
60.0,63.0,Phylloscopus occipitalis,Western Crowned Warbler,0.8345,psl4,2024,05,19,09
63.0,66.0,Phylloscopus humei,Hume's Warbler,0.8537,psl4,2024,05,19,09
66.0,69.0,Phylloscopus occipitalis,Western Crowned Warbler,0.9492,psl4,2024,05,19,09
72.0,75.0,Phylloscopus humei,Hume's Warbler,0.9354,psl4,2024,05,19,09
75.0,78.0,Phylloscopus occipitalis,Western Crowned Warbler,0.9738,psl4,2024,05,19,09
81.0,84.0,Phylloscopus occipitalis,Western Crowned Warbler,0.8962,psl4,2024,05,19,09
90.0,93.0,Phylloscopus occipitalis,Western Crowned Warbler,0.9242,psl4,2024,05,19,09
96.0,99.0,Phylloscopus occipitalis,Western Crowned Warbler,0.8756,psl4,2024,05,19,09
102.0,105.0,Phylloscopus occipitalis,Western Crowned Warbler,0.8972,psl4,2024,05,19,09
105.0,108.0,Phylloscopus nitidus,Green Warbler,0.8583,psl4,2024,05,19,09
108.0,111.0,Phylloscopus occipitalis,Western Crowned Warbler,0.9723,psl4,2024,05,19,09
114.0,117.0,Phylloscopus occipitalis,Western Crowned Warbler,0.7708,psl4,2024,05,19,09
123.0,126.0,Phylloscopus occipitalis,Western Crowned Warbler,0.7596,psl4,2024,05,19,09
126.0,129.0,Phylloscopus occipitalis,Western Crowned Warbler,0.9055,psl4,2024,05,19,09
129.0,132.0,Phylloscopus occipitalis,Western Crowned Warbler,0.859,psl4,2024,05,19,09
138.0,141.0,Phylloscopus occipitalis,Western Crowned Warbler,0.9569,psl4,2024,05,19,09
144.0,147.0,Phylloscopus occipitalis,Western Crowned Warbler,0.6504,psl4,2024,05,19,09
150.0,153.0,Phylloscopus humei,Hume's Warbler,0.8745,psl4,2024,05,19,09
153.0,156.0,Phylloscopus occipitalis,Western Crowned Warbler,0.719,psl4,2024,05,19,09
162.0,165.0,Phylloscopus occipitalis,Western Crowned Warbler,0.7553,psl4,2024,05,19,09
165.0,168.0,Phylloscopus humei,Hume's Warbler,0.9597,psl4,2024,05,19,09
171.0,174.0,Phylloscopus occipitalis,Western Crowned Warbler,0.8556,psl4,2024,05,19,09
174.0,177.0,Phylloscopus occipitalis,Western Crowned Warbler,0.588,psl4,2024,05,19,09
177.0,180.0,Phylloscopus occipitalis,Western Crowned Warbler,0.973,psl4,2024,05,19,09
180.0,183.0,Phylloscopus occipitalis,Western Crowned Warbler,0.5168,psl4,2024,05,19,09
189.0,192.0,Phylloscopus humei,Hume's Warbler,0.7723,psl4,2024,05,19,09
198.0,201.0,Phylloscopus occipitalis,Western Crowned Warbler,0.74,psl4,2024,05,19,09
207.0,210.0,Phylloscopus occipitalis,Western Crowned Warbler,0.5768,psl4,2024,05,19,09
216.0,219.0,Phylloscopus occipitalis,Western Crowned Warbler,0.5456,psl4,2024,05,19,09
222.0,225.0,Phylloscopus occipitalis,Western Crowned Warbler,0.9646,psl4,2024,05,19,09
231.0,234.0,Phylloscopus occipitalis,Western Crowned Warbler,0.6234,psl4,2024,05,19,09
246.0,249.0,Phylloscopus occipitalis,Western Crowned Warbler,0.8141,psl4,2024,05,19,09
252.0,255.0,Phylloscopus occipitalis,Western Crowned Warbler,0.8869,psl4,2024,05,19,09
255.0,258.0,Phylloscopus occipitalis,Western Crowned Warbler,0.627,psl4,2024,05,19,09
270.0,273.0,Phylloscopus humei,Hume's Warbler,0.8704,psl4,2024,05,19,09
282.0,285.0,Phylloscopus humei,Hume's Warbler,0.7787,psl4,2024,05,19,09
285.0,288.0,Phylloscopus humei,Hume's Warbler,0.7721,psl4,2024,05,19,09
297.0,300.0,Phylloscopus occipitalis,Western Crowned Warbler,0.5414,psl4,2024,05,19,09
300.0,303.0,Phylloscopus humei,Hume's Warbler,0.8277,psl4,2024,05,19,09
306.0,309.0,Phylloscopus humei,Hume's Warbler,0.9512,psl4,2024,05,19,09
330.0,333.0,Phylloscopus affinis,Tickell's Leaf Warbler,0.9939,psl4,2024,05,19,09
336.0,339.0,Phylloscopus affinis,Tickell's Leaf Warbler,0.978,psl4,2024,05,19,09
339.0,342.0,Phylloscopus humei,Hume's Warbler,0.7729,psl4,2024,05,19,09
342.0,345.0,Phylloscopus affinis,Tickell's Leaf Warbler,0.8402,psl4,2024,05,19,09
348.0,351.0,Phylloscopus occipitalis,Western Crowned Warbler,0.8263,psl4,2024,05,19,09
354.0,357.0,Phylloscopus occipitalis,Western Crowned Warbler,0.8967,psl4,2024,05,19,09
384.0,387.0,Phylloscopus occipitalis,Western Crowned Warbler,0.8773,psl4,2024,05,19,09
393.0,396.0,Phylloscopus occipitalis,Western Crowned Warbler,0.7689,psl4,2024,05,19,09
399.0,402.0,Phylloscopus occipitalis,Western Crowned Warbler,0.7936,psl4,2024,05,19,09
402.0,405.0,Phylloscopus occipitalis,Western Crowned Warbler,0.6124,psl4,2024,05,19,09
414.0,417.0,Cettia castaneocoronata,Chestnut-headed Tesia,0.6259,psl4,2024,05,19,09
414.0,417.0,Ficedula tricolor,Slaty-blue Flycatcher,0.5363,psl4,2024,05,19,09
417.0,420.0,Phylloscopus occipitalis,Western Crowned Warbler,0.6762,psl4,2024,05,19,09
420.0,423.0,Phylloscopus occipitalis,Western Crowned Warbler,0.5193,psl4,2024,05,19,09
423.0,426.0,Phylloscopus occipitalis,Western Crowned Warbler,0.9402,psl4,2024,05,19,09
429.0,432.0,Ficedula tricolor,Slaty-blue Flycatcher,0.89,psl4,2024,05,19,09
438.0,441.0,Phylloscopus occipitalis,Western Crowned Warbler,0.6864,psl4,2024,05,19,09
444.0,447.0,Phylloscopus occipitalis,Western Crowned Warbler,0.7972,psl4,2024,05,19,09
447.0,450.0,Phylloscopus occipitalis,Western Crowned Warbler,0.6328,psl4,2024,05,19,09
450.0,453.0,Ficedula tricolor,Slaty-blue Flycatcher,0.8327,psl4,2024,05,19,09
450.0,453.0,Cettia castaneocoronata,Chestnut-headed Tesia,0.5181,psl4,2024,05,19,09
456.0,459.0,Phylloscopus occipitalis,Western Crowned Warbler,0.9809,psl4,2024,05,19,09
462.0,465.0,Phylloscopus occipitalis,Western Crowned Warbler,0.9418,psl4,2024,05,19,09
471.0,474.0,Phylloscopus occipitalis,Western Crowned Warbler,0.7421,psl4,2024,05,19,09
483.0,486.0,Phylloscopus occipitalis,Western Crowned Warbler,0.889,psl4,2024,05,19,09
489.0,492.0,Ficedula tricolor,Slaty-blue Flycatcher,0.5599,psl4,2024,05,19,09
492.0,495.0,Phylloscopus occipitalis,Western Crowned Warbler,0.9679,psl4,2024,05,19,09
495.0,498.0,Phylloscopus occipitalis,Western Crowned Warbler,0.5123,psl4,2024,05,19,09
501.0,504.0,Phylloscopus occipitalis,Western Crowned Warbler,0.8511,psl4,2024,05,19,09
513.0,516.0,Phylloscopus occipitalis,Western Crowned Warbler,0.7231,psl4,2024,05,19,09
525.0,528.0,Phylloscopus occipitalis,Western Crowned Warbler,0.5722,psl4,2024,05,19,09
537.0,540.0,Copsychus fulicatus,Indian Robin,0.505,psl4,2024,05,19,09
543.0,546.0,Phylloscopus occipitalis,Western Crowned Warbler,0.9441,psl4,2024,05,19,09
549.0,552.0,Empidonax occidentalis,Cordilleran Flycatcher,0.8258,psl4,2024,05,19,09
552.0,555.0,Phylloscopus occipitalis,Western Crowned Warbler,0.8926,psl4,2024,05,19,09
561.0,564.0,Ficedula tricolor,Slaty-blue Flycatcher,0.82,psl4,2024,05,19,09
570.0,573.0,Ficedula tricolor,Slaty-blue Flycatcher,0.5593,psl4,2024,05,19,09
609.0,612.0,Ficedula tricolor,Slaty-blue Flycatcher,0.5097,psl4,2024,05,19,09
618.0,621.0,Phylloscopus occipitalis,Western Crowned Warbler,0.8475,psl4,2024,05,19,09
624.0,627.0,Phylloscopus humei,Hume's Warbler,0.8832,psl4,2024,05,19,09
630.0,633.0,Phylloscopus humei,Hume's Warbler,0.5105,psl4,2024,05,19,09
636.0,639.0,Phylloscopus humei,Hume's Warbler,0.8415,psl4,2024,05,19,09
654.0,657.0,Phylloscopus humei,Hume's Warbler,0.7445,psl4,2024,05,19,09
660.0,663.0,Phylloscopus humei,Hume's Warbler,0.5349,psl4,2024,05,19,09
663.0,666.0,Phylloscopus humei,Hume's Warbler,0.8969,psl4,2024,05,19,09
669.0,672.0,Ficedula tricolor,Slaty-blue Flycatcher,0.5764,psl4,2024,05,19,09
672.0,675.0,Phylloscopus humei,Hume's Warbler,0.8335,psl4,2024,05,19,09
675.0,678.0,Phylloscopus humei,Hume's Warbler,0.8387,psl4,2024,05,19,09
681.0,684.0,Phylloscopus occipitalis,Western Crowned Warbler,0.6137,psl4,2024,05,19,09
699.0,702.0,Ficedula tricolor,Slaty-blue Flycatcher,0.8555,psl4,2024,05,19,09
702.0,705.0,Phylloscopus sindianus,Mountain Chiffchaff,0.5408,psl4,2024,05,19,09
711.0,714.0,Phylloscopus humei,Hume's Warbler,0.9854,psl4,2024,05,19,09
714.0,717.0,Ficedula tricolor,Slaty-blue Flycatcher,0.5404,psl4,2024,05,19,09
726.0,729.0,Ficedula tricolor,Slaty-blue Flycatcher,0.9189,psl4,2024,05,19,09
729.0,732.0,Phylloscopus occipitalis,Western Crowned Warbler,0.5226,psl4,2024,05,19,09
732.0,735.0,Ficedula tricolor,Slaty-blue Flycatcher,0.87,psl4,2024,05,19,09
735.0,738.0,Phylloscopus humei,Hume's Warbler,0.5692,psl4,2024,05,19,09
738.0,741.0,Ficedula tricolor,Slaty-blue Flycatcher,0.9416,psl4,2024,05,19,09
753.0,756.0,Ficedula tricolor,Slaty-blue Flycatcher,0.9778,psl4,2024,05,19,09
765.0,768.0,Phylloscopus occipitalis,Western Crowned Warbler,0.6666,psl4,2024,05,19,09
777.0,780.0,Phylloscopus humei,Hume's Warbler,0.7303,psl4,2024,05,19,09
783.0,786.0,Cettia castaneocoronata,Chestnut-headed Tesia,0.5921,psl4,2024,05,19,09
786.0,789.0,Phylloscopus occipitalis,Western Crowned Warbler,0.7154,psl4,2024,05,19,09
789.0,792.0,Phylloscopus occipitalis,Western Crowned Warbler,0.6605,psl4,2024,05,19,09
810.0,813.0,Phylloscopus humei,Hume's Warbler,0.6275,psl4,2024,05,19,09
828.0,831.0,Phylloscopus occipitalis,Western Crowned Warbler,0.9205,psl4,2024,05,19,09
858.0,861.0,Phylloscopus occipitalis,Western Crowned Warbler,0.65,psl4,2024,05,19,09
864.0,867.0,Phylloscopus humei,Hume's Warbler,0.6957,psl4,2024,05,19,09
891.0,894.0,Phylloscopus humei,Hume's Warbler,0.5507,psl4,2024,05,19,09
897.0,900.0,Phylloscopus humei,Hume's Warbler,0.9415,psl4,2024,05,19,09
21.0,24.0,Ficedula tricolor,Slaty-blue Flycatcher,0.6051,psl4,2024,05,20,06
72.0,75.0,Phylloscopus humei,Hume's Warbler,0.6734,psl4,2024,05,20,06
87.0,90.0,Phylloscopus humei,Hume's Warbler,0.8637,psl4,2024,05,20,06
90.0,93.0,Phylloscopus humei,Hume's Warbler,0.7991,psl4,2024,05,20,06
93.0,96.0,Phylloscopus humei,Hume's Warbler,0.9403,psl4,2024,05,20,06
99.0,102.0,Phylloscopus humei,Hume's Warbler,0.8341,psl4,2024,05,20,06
105.0,108.0,Prunella strophiata,Rufous-breasted Accentor,0.8367,psl4,2024,05,20,06
108.0,111.0,Prunella strophiata,Rufous-breasted Accentor,0.7716,psl4,2024,05,20,06
120.0,123.0,Phylloscopus occipitalis,Western Crowned Warbler,0.6408,psl4,2024,05,20,06
138.0,141.0,Phylloscopus occipitalis,Western Crowned Warbler,0.5177,psl4,2024,05,20,06
183.0,186.0,Phylloscopus humei,Hume's Warbler,0.6843,psl4,2024,05,20,06
189.0,192.0,Phylloscopus humei,Hume's Warbler,0.5691,psl4,2024,05,20,06
207.0,210.0,Phylloscopus occipitalis,Western Crowned Warbler,0.6603,psl4,2024,05,20,06
228.0,231.0,Phylloscopus humei,Hume's Warbler,0.6977,psl4,2024,05,20,06
249.0,252.0,Phylloscopus occipitalis,Western Crowned Warbler,0.779,psl4,2024,05,20,06
252.0,255.0,Phylloscopus occipitalis,Western Crowned Warbler,0.7806,psl4,2024,05,20,06
282.0,285.0,Phylloscopus occipitalis,Western Crowned Warbler,0.9373,psl4,2024,05,20,06
300.0,303.0,Trochalopteron variegatum,Variegated Laughingthrush,0.6087,psl4,2024,05,20,06
306.0,309.0,Trochalopteron variegatum,Variegated Laughingthrush,0.5277,psl4,2024,05,20,06
312.0,315.0,Trochalopteron variegatum,Variegated Laughingthrush,0.8235,psl4,2024,05,20,06
315.0,318.0,Phylloscopus occipitalis,Western Crowned Warbler,0.6734,psl4,2024,05,20,06
330.0,333.0,Phylloscopus occipitalis,Western Crowned Warbler,0.7599,psl4,2024,05,20,06
336.0,339.0,Phylloscopus occipitalis,Western Crowned Warbler,0.846,psl4,2024,05,20,06
351.0,354.0,Phylloscopus occipitalis,Western Crowned Warbler,0.6262,psl4,2024,05,20,06
357.0,360.0,Phylloscopus occipitalis,Western Crowned Warbler,0.514,psl4,2024,05,20,06
363.0,366.0,Phylloscopus occipitalis,Western Crowned Warbler,0.7379,psl4,2024,05,20,06
369.0,372.0,Phylloscopus occipitalis,Western Crowned Warbler,0.6461,psl4,2024,05,20,06
375.0,378.0,Phylloscopus occipitalis,Western Crowned Warbler,0.8563,psl4,2024,05,20,06
381.0,384.0,Phylloscopus occipitalis,Western Crowned Warbler,0.5473,psl4,2024,05,20,06
387.0,390.0,Phylloscopus occipitalis,Western Crowned Warbler,0.8288,psl4,2024,05,20,06
390.0,393.0,Phylloscopus occipitalis,Western Crowned Warbler,0.5386,psl4,2024,05,20,06
405.0,408.0,Phylloscopus humei,Hume's Warbler,0.8034,psl4,2024,05,20,06
408.0,411.0,Phylloscopus occipitalis,Western Crowned Warbler,0.7485,psl4,2024,05,20,06
414.0,417.0,Phylloscopus occipitalis,Western Crowned Warbler,0.7689,psl4,2024,05,20,06
435.0,438.0,Phylloscopus occipitalis,Western Crowned Warbler,0.7659,psl4,2024,05,20,06
441.0,444.0,Phylloscopus occipitalis,Western Crowned Warbler,0.6787,psl4,2024,05,20,06
447.0,450.0,Phylloscopus occipitalis,Western Crowned Warbler,0.8891,psl4,2024,05,20,06
453.0,456.0,Phylloscopus occipitalis,Western Crowned Warbler,0.9104,psl4,2024,05,20,06
471.0,474.0,Phylloscopus occipitalis,Western Crowned Warbler,0.5553,psl4,2024,05,20,06
504.0,507.0,Phylloscopus occipitalis,Western Crowned Warbler,0.7897,psl4,2024,05,20,06
507.0,510.0,Phylloscopus humei,Hume's Warbler,0.5885,psl4,2024,05,20,06
510.0,513.0,Phylloscopus occipitalis,Western Crowned Warbler,0.5528,psl4,2024,05,20,06
516.0,519.0,Phylloscopus occipitalis,Western Crowned Warbler,0.7858,psl4,2024,05,20,06
519.0,522.0,Phylloscopus humei,Hume's Warbler,0.9398,psl4,2024,05,20,06
522.0,525.0,Phylloscopus humei,Hume's Warbler,0.5101,psl4,2024,05,20,06
531.0,534.0,Trochalopteron variegatum,Variegated Laughingthrush,0.6197,psl4,2024,05,20,06
534.0,537.0,Phylloscopus humei,Hume's Warbler,0.7387,psl4,2024,05,20,06
537.0,540.0,Trochalopteron variegatum,Variegated Laughingthrush,0.8529,psl4,2024,05,20,06
549.0,552.0,Trochalopteron variegatum,Variegated Laughingthrush,0.5638,psl4,2024,05,20,06
552.0,555.0,Phylloscopus humei,Hume's Warbler,0.7268,psl4,2024,05,20,06
558.0,561.0,Phylloscopus humei,Hume's Warbler,0.6594,psl4,2024,05,20,06
570.0,573.0,Phylloscopus humei,Hume's Warbler,0.8648,psl4,2024,05,20,06
573.0,576.0,Phylloscopus humei,Hume's Warbler,0.9259,psl4,2024,05,20,06
576.0,579.0,Trochalopteron variegatum,Variegated Laughingthrush,0.7421,psl4,2024,05,20,06
579.0,582.0,Phylloscopus humei,Hume's Warbler,0.8535,psl4,2024,05,20,06
582.0,585.0,Phylloscopus humei,Hume's Warbler,0.8505,psl4,2024,05,20,06
585.0,588.0,Phylloscopus humei,Hume's Warbler,0.9486,psl4,2024,05,20,06
585.0,588.0,Trochalopteron variegatum,Variegated Laughingthrush,0.5708,psl4,2024,05,20,06
591.0,594.0,Trochalopteron variegatum,Variegated Laughingthrush,0.9482,psl4,2024,05,20,06
594.0,597.0,Trochalopteron variegatum,Variegated Laughingthrush,0.9114,psl4,2024,05,20,06
597.0,600.0,Trochalopteron variegatum,Variegated Laughingthrush,0.5957,psl4,2024,05,20,06
603.0,606.0,Trochalopteron variegatum,Variegated Laughingthrush,0.5648,psl4,2024,05,20,06
606.0,609.0,Trochalopteron variegatum,Variegated Laughingthrush,0.7571,psl4,2024,05,20,06
609.0,612.0,Trochalopteron variegatum,Variegated Laughingthrush,0.5646,psl4,2024,05,20,06
612.0,615.0,Trochalopteron variegatum,Variegated Laughingthrush,0.6173,psl4,2024,05,20,06
615.0,618.0,Trochalopteron variegatum,Variegated Laughingthrush,0.7065,psl4,2024,05,20,06
618.0,621.0,Trochalopteron variegatum,Variegated Laughingthrush,0.711,psl4,2024,05,20,06
621.0,624.0,Trochalopteron variegatum,Variegated Laughingthrush,0.698,psl4,2024,05,20,06
630.0,633.0,Trochalopteron variegatum,Variegated Laughingthrush,0.6671,psl4,2024,05,20,06
633.0,636.0,Phylloscopus humei,Hume's Warbler,0.5093,psl4,2024,05,20,06
642.0,645.0,Trochalopteron variegatum,Variegated Laughingthrush,0.6331,psl4,2024,05,20,06
651.0,654.0,Trochalopteron variegatum,Variegated Laughingthrush,0.5408,psl4,2024,05,20,06
672.0,675.0,Trochalopteron variegatum,Variegated Laughingthrush,0.5734,psl4,2024,05,20,06
672.0,675.0,Phylloscopus humei,Hume's Warbler,0.565,psl4,2024,05,20,06
681.0,684.0,Trochalopteron variegatum,Variegated Laughingthrush,0.7619,psl4,2024,05,20,06
687.0,690.0,Trochalopteron variegatum,Variegated Laughingthrush,0.5056,psl4,2024,05,20,06
693.0,696.0,Trochalopteron variegatum,Variegated Laughingthrush,0.6426,psl4,2024,05,20,06
708.0,711.0,Trochalopteron variegatum,Variegated Laughingthrush,0.9332,psl4,2024,05,20,06
714.0,717.0,Trochalopteron variegatum,Variegated Laughingthrush,0.968,psl4,2024,05,20,06
717.0,720.0,Trochalopteron variegatum,Variegated Laughingthrush,0.959,psl4,2024,05,20,06
720.0,723.0,Trochalopteron variegatum,Variegated Laughingthrush,0.7007,psl4,2024,05,20,06
723.0,726.0,Trochalopteron variegatum,Variegated Laughingthrush,0.9834,psl4,2024,05,20,06
723.0,726.0,Trochalopteron affine,Black-faced Laughingthrush,0.9539,psl4,2024,05,20,06
732.0,735.0,Trochalopteron variegatum,Variegated Laughingthrush,0.988,psl4,2024,05,20,06
735.0,738.0,Trochalopteron variegatum,Variegated Laughingthrush,0.9278,psl4,2024,05,20,06
738.0,741.0,Trochalopteron variegatum,Variegated Laughingthrush,0.9581,psl4,2024,05,20,06
741.0,744.0,Trochalopteron variegatum,Variegated Laughingthrush,0.9685,psl4,2024,05,20,06
744.0,747.0,Trochalopteron variegatum,Variegated Laughingthrush,0.6934,psl4,2024,05,20,06
747.0,750.0,Trochalopteron variegatum,Variegated Laughingthrush,0.9824,psl4,2024,05,20,06
750.0,753.0,Trochalopteron variegatum,Variegated Laughingthrush,0.8412,psl4,2024,05,20,06
750.0,753.0,Trochalopteron affine,Black-faced Laughingthrush,0.5572,psl4,2024,05,20,06
768.0,771.0,Trochalopteron variegatum,Variegated Laughingthrush,0.8421,psl4,2024,05,20,06
774.0,777.0,Trochalopteron variegatum,Variegated Laughingthrush,0.6625,psl4,2024,05,20,06
786.0,789.0,Trochalopteron variegatum,Variegated Laughingthrush,0.8322,psl4,2024,05,20,06
792.0,795.0,Trochalopteron variegatum,Variegated Laughingthrush,0.6227,psl4,2024,05,20,06
798.0,801.0,Phylloscopus occipitalis,Western Crowned Warbler,0.6913,psl4,2024,05,20,06
804.0,807.0,Trochalopteron variegatum,Variegated Laughingthrush,0.9148,psl4,2024,05,20,06
804.0,807.0,Phylloscopus occipitalis,Western Crowned Warbler,0.625,psl4,2024,05,20,06
807.0,810.0,Trochalopteron variegatum,Variegated Laughingthrush,0.9116,psl4,2024,05,20,06
819.0,822.0,Trochalopteron variegatum,Variegated Laughingthrush,0.5584,psl4,2024,05,20,06
825.0,828.0,Phylloscopus occipitalis,Western Crowned Warbler,0.8141,psl4,2024,05,20,06
831.0,834.0,Trochalopteron variegatum,Variegated Laughingthrush,0.8519,psl4,2024,05,20,06
837.0,840.0,Trochalopteron variegatum,Variegated Laughingthrush,0.993,psl4,2024,05,20,06
846.0,849.0,Trochalopteron variegatum,Variegated Laughingthrush,0.9946,psl4,2024,05,20,06
855.0,858.0,Trochalopteron variegatum,Variegated Laughingthrush,0.9701,psl4,2024,05,20,06
861.0,864.0,Phylloscopus occipitalis,Western Crowned Warbler,0.8333,psl4,2024,05,20,06
867.0,870.0,Trochalopteron variegatum,Variegated Laughingthrush,0.997,psl4,2024,05,20,06
873.0,876.0,Trochalopteron variegatum,Variegated Laughingthrush,0.9934,psl4,2024,05,20,06
879.0,882.0,Phylloscopus occipitalis,Western Crowned Warbler,0.7738,psl4,2024,05,20,06
882.0,885.0,Trochalopteron variegatum,Variegated Laughingthrush,0.991,psl4,2024,05,20,06
885.0,888.0,Phylloscopus occipitalis,Western Crowned Warbler,0.9862,psl4,2024,05,20,06
888.0,891.0,Trochalopteron variegatum,Variegated Laughingthrush,0.9897,psl4,2024,05,20,06
894.0,897.0,Trochalopteron variegatum,Variegated Laughingthrush,0.9937,psl4,2024,05,20,06
897.0,900.0,Trochalopteron variegatum,Variegated Laughingthrush,0.7558,psl4,2024,05,20,06
0.0,3.0,Carpodacus erythrinus,Common Rosefinch,0.6561,psl4,2024,05,20,07
6.0,9.0,Carpodacus erythrinus,Common Rosefinch,0.992,psl4,2024,05,20,07
12.0,15.0,Carpodacus erythrinus,Common Rosefinch,0.9758,psl4,2024,05,20,07
18.0,21.0,Carpodacus erythrinus,Common Rosefinch,0.9454,psl4,2024,05,20,07
27.0,30.0,Carpodacus erythrinus,Common Rosefinch,0.9691,psl4,2024,05,20,07
30.0,33.0,Carpodacus erythrinus,Common Rosefinch,0.5777,psl4,2024,05,20,07
36.0,39.0,Carpodacus erythrinus,Common Rosefinch,0.9906,psl4,2024,05,20,07
42.0,45.0,Carpodacus erythrinus,Common Rosefinch,0.9414,psl4,2024,05,20,07
51.0,54.0,Carpodacus erythrinus,Common Rosefinch,0.9794,psl4,2024,05,20,07
54.0,57.0,Phylloscopus humei,Hume's Warbler,0.6668,psl4,2024,05,20,07
57.0,60.0,Carpodacus erythrinus,Common Rosefinch,0.8901,psl4,2024,05,20,07
60.0,63.0,Carpodacus erythrinus,Common Rosefinch,0.963,psl4,2024,05,20,07
63.0,66.0,Carpodacus erythrinus,Common Rosefinch,0.9633,psl4,2024,05,20,07
66.0,69.0,Phylloscopus humei,Hume's Warbler,0.6582,psl4,2024,05,20,07
78.0,81.0,Carpodacus erythrinus,Common Rosefinch,0.8635,psl4,2024,05,20,07
81.0,84.0,Carpodacus erythrinus,Common Rosefinch,0.9229,psl4,2024,05,20,07
84.0,87.0,Phylloscopus occipitalis,Western Crowned Warbler,0.5601,psl4,2024,05,20,07
90.0,93.0,Carpodacus erythrinus,Common Rosefinch,0.9527,psl4,2024,05,20,07
96.0,99.0,Carpodacus erythrinus,Common Rosefinch,0.9547,psl4,2024,05,20,07
102.0,105.0,Carpodacus erythrinus,Common Rosefinch,0.9677,psl4,2024,05,20,07
102.0,105.0,Yuhina brunneiceps,Taiwan Yuhina,0.5858,psl4,2024,05,20,07
105.0,108.0,Carpodacus erythrinus,Common Rosefinch,0.7082,psl4,2024,05,20,07
108.0,111.0,Phylloscopus occipitalis,Western Crowned Warbler,0.725,psl4,2024,05,20,07
114.0,117.0,Carpodacus erythrinus,Common Rosefinch,0.9488,psl4,2024,05,20,07
129.0,132.0,Phylloscopus occipitalis,Western Crowned Warbler,0.5919,psl4,2024,05,20,07
159.0,162.0,Phylloscopus occipitalis,Western Crowned Warbler,0.5039,psl4,2024,05,20,07
162.0,165.0,Carpodacus erythrinus,Common Rosefinch,0.833,psl4,2024,05,20,07
165.0,168.0,Carpodacus erythrinus,Common Rosefinch,0.5455,psl4,2024,05,20,07
180.0,183.0,Phylloscopus occipitalis,Western Crowned Warbler,0.6883,psl4,2024,05,20,07
183.0,186.0,Carpodacus erythrinus,Common Rosefinch,0.911,psl4,2024,05,20,07
213.0,216.0,Carpodacus erythrinus,Common Rosefinch,0.9086,psl4,2024,05,20,07
225.0,228.0,Prunella strophiata,Rufous-breasted Accentor,0.912,psl4,2024,05,20,07
237.0,240.0,Prunella strophiata,Rufous-breasted Accentor,0.9804,psl4,2024,05,20,07
240.0,243.0,Prunella strophiata,Rufous-breasted Accentor,0.7218,psl4,2024,05,20,07
243.0,246.0,Carpodacus erythrinus,Common Rosefinch,0.5252,psl4,2024,05,20,07
249.0,252.0,Prunella strophiata,Rufous-breasted Accentor,0.6718,psl4,2024,05,20,07
255.0,258.0,Carpodacus erythrinus,Common Rosefinch,0.9747,psl4,2024,05,20,07
258.0,261.0,Prunella strophiata,Rufous-breasted Accentor,0.8782,psl4,2024,05,20,07
270.0,273.0,Prunella strophiata,Rufous-breasted Accentor,0.904,psl4,2024,05,20,07
273.0,276.0,Prunella strophiata,Rufous-breasted Accentor,0.7664,psl4,2024,05,20,07
273.0,276.0,Carpodacus erythrinus,Common Rosefinch,0.6671,psl4,2024,05,20,07
279.0,282.0,Carpodacus erythrinus,Common Rosefinch,0.6432,psl4,2024,05,20,07
279.0,282.0,Phylloscopus occipitalis,Western Crowned Warbler,0.5732,psl4,2024,05,20,07
282.0,285.0,Phylloscopus occipitalis,Western Crowned Warbler,0.6088,psl4,2024,05,20,07
285.0,288.0,Carpodacus erythrinus,Common Rosefinch,0.9713,psl4,2024,05,20,07
291.0,294.0,Carpodacus erythrinus,Common Rosefinch,0.9484,psl4,2024,05,20,07
297.0,300.0,Carpodacus rodochroa,Pink-browed Rosefinch,0.554,psl4,2024,05,20,07
300.0,303.0,Carpodacus rodochroa,Pink-browed Rosefinch,0.9647,psl4,2024,05,20,07
300.0,303.0,Carpodacus erythrinus,Common Rosefinch,0.6676,psl4,2024,05,20,07
303.0,306.0,Carpodacus rodochroa,Pink-browed Rosefinch,0.5929,psl4,2024,05,20,07
306.0,309.0,Carpodacus erythrinus,Common Rosefinch,0.7932,psl4,2024,05,20,07
312.0,315.0,Carpodacus erythrinus,Common Rosefinch,0.9054,psl4,2024,05,20,07
318.0,321.0,Carpodacus erythrinus,Common Rosefinch,0.768,psl4,2024,05,20,07
324.0,327.0,Carpodacus erythrinus,Common Rosefinch,0.8945,psl4,2024,05,20,07
327.0,330.0,Phylloscopus occipitalis,Western Crowned Warbler,0.6012,psl4,2024,05,20,07
330.0,333.0,Carpodacus erythrinus,Common Rosefinch,0.9803,psl4,2024,05,20,07
333.0,336.0,Phylloscopus occipitalis,Western Crowned Warbler,0.7389,psl4,2024,05,20,07
342.0,345.0,Carpodacus erythrinus,Common Rosefinch,0.5176,psl4,2024,05,20,07
351.0,354.0,Carpodacus erythrinus,Common Rosefinch,0.5799,psl4,2024,05,20,07
366.0,369.0,Phylloscopus occipitalis,Western Crowned Warbler,0.5175,psl4,2024,05,20,07
369.0,372.0,Phylloscopus occipitalis,Western Crowned Warbler,0.9596,psl4,2024,05,20,07
372.0,375.0,Phylloscopus occipitalis,Western Crowned Warbler,0.898,psl4,2024,05,20,07
381.0,384.0,Phylloscopus occipitalis,Western Crowned Warbler,0.6969,psl4,2024,05,20,07
387.0,390.0,Phylloscopus occipitalis,Western Crowned Warbler,0.5843,psl4,2024,05,20,07
393.0,396.0,Carpodacus erythrinus,Common Rosefinch,0.5246,psl4,2024,05,20,07
408.0,411.0,Phylloscopus occipitalis,Western Crowned Warbler,0.7408,psl4,2024,05,20,07
414.0,417.0,Phylloscopus occipitalis,Western Crowned Warbler,0.6248,psl4,2024,05,20,07
420.0,423.0,Phylloscopus occipitalis,Western Crowned Warbler,0.8108,psl4,2024,05,20,07
426.0,429.0,Phylloscopus occipitalis,Western Crowned Warbler,0.9495,psl4,2024,05,20,07
429.0,432.0,Phylloscopus occipitalis,Western Crowned Warbler,0.887,psl4,2024,05,20,07
432.0,435.0,Phylloscopus occipitalis,Western Crowned Warbler,0.8752,psl4,2024,05,20,07
435.0,438.0,Phylloscopus occipitalis,Western Crowned Warbler,0.7153,psl4,2024,05,20,07
438.0,441.0,Phylloscopus occipitalis,Western Crowned Warbler,0.6016,psl4,2024,05,20,07
447.0,450.0,Phylloscopus occipitalis,Western Crowned Warbler,0.718,psl4,2024,05,20,07
450.0,453.0,Phylloscopus occipitalis,Western Crowned Warbler,0.7255,psl4,2024,05,20,07
453.0,456.0,Phylloscopus occipitalis,Western Crowned Warbler,0.8777,psl4,2024,05,20,07
456.0,459.0,Carpodacus erythrinus,Common Rosefinch,0.6958,psl4,2024,05,20,07
477.0,480.0,Carpodacus erythrinus,Common Rosefinch,0.9865,psl4,2024,05,20,07
480.0,483.0,Phylloscopus occipitalis,Western Crowned Warbler,0.8801,psl4,2024,05,20,07
483.0,486.0,Carpodacus erythrinus,Common Rosefinch,0.9654,psl4,2024,05,20,07
492.0,495.0,Carpodacus erythrinus,Common Rosefinch,0.5154,psl4,2024,05,20,07
495.0,498.0,Carpodacus erythrinus,Common Rosefinch,0.7485,psl4,2024,05,20,07
498.0,501.0,Phylloscopus occipitalis,Western Crowned Warbler,0.8259,psl4,2024,05,20,07
501.0,504.0,Carpodacus erythrinus,Common Rosefinch,0.8609,psl4,2024,05,20,07
504.0,507.0,Carpodacus erythrinus,Common Rosefinch,0.7685,psl4,2024,05,20,07
507.0,510.0,Phylloscopus occipitalis,Western Crowned Warbler,0.6892,psl4,2024,05,20,07
516.0,519.0,Phylloscopus occipitalis,Western Crowned Warbler,0.9743,psl4,2024,05,20,07
522.0,525.0,Phylloscopus occipitalis,Western Crowned Warbler,0.9453,psl4,2024,05,20,07
525.0,528.0,Phylloscopus occipitalis,Western Crowned Warbler,0.9619,psl4,2024,05,20,07
531.0,534.0,Phylloscopus occipitalis,Western Crowned Warbler,0.7684,psl4,2024,05,20,07
537.0,540.0,Phylloscopus humei,Hume's Warbler,0.6251,psl4,2024,05,20,07
558.0,561.0,Phylloscopus occipitalis,Western Crowned Warbler,0.9221,psl4,2024,05,20,07
564.0,567.0,Phylloscopus occipitalis,Western Crowned Warbler,0.6271,psl4,2024,05,20,07
567.0,570.0,Phylloscopus occipitalis,Western Crowned Warbler,0.8367,psl4,2024,05,20,07
576.0,579.0,Phylloscopus occipitalis,Western Crowned Warbler,0.7872,psl4,2024,05,20,07
579.0,582.0,Phylloscopus occipitalis,Western Crowned Warbler,0.9789,psl4,2024,05,20,07
588.0,591.0,Phylloscopus occipitalis,Western Crowned Warbler,0.6936,psl4,2024,05,20,07
594.0,597.0,Phylloscopus claudiae,Claudia's Leaf Warbler,0.6358,psl4,2024,05,20,07
594.0,597.0,Phylloscopus occipitalis,Western Crowned Warbler,0.5143,psl4,2024,05,20,07
597.0,600.0,Phylloscopus occipitalis,Western Crowned Warbler,0.8128,psl4,2024,05,20,07
621.0,624.0,Phylloscopus reguloides,Blyth's Leaf Warbler,0.5334,psl4,2024,05,20,07
624.0,627.0,Phylloscopus reguloides,Blyth's Leaf Warbler,0.6772,psl4,2024,05,20,07
627.0,630.0,Phylloscopus occipitalis,Western Crowned Warbler,0.6977,psl4,2024,05,20,07
630.0,633.0,Phylloscopus occipitalis,Western Crowned Warbler,0.7589,psl4,2024,05,20,07
633.0,636.0,Phylloscopus sibilatrix,Wood Warbler,0.5403,psl4,2024,05,20,07
636.0,639.0,Phylloscopus occipitalis,Western Crowned Warbler,0.641,psl4,2024,05,20,07
642.0,645.0,Phylloscopus occipitalis,Western Crowned Warbler,0.865,psl4,2024,05,20,07
648.0,651.0,Phylloscopus occipitalis,Western Crowned Warbler,0.9826,psl4,2024,05,20,07
654.0,657.0,Phylloscopus occipitalis,Western Crowned Warbler,0.9752,psl4,2024,05,20,07
660.0,663.0,Phylloscopus occipitalis,Western Crowned Warbler,0.8511,psl4,2024,05,20,07
669.0,672.0,Phylloscopus occipitalis,Western Crowned Warbler,0.7407,psl4,2024,05,20,07
675.0,678.0,Phylloscopus occipitalis,Western Crowned Warbler,0.6425,psl4,2024,05,20,07
681.0,684.0,Phylloscopus occipitalis,Western Crowned Warbler,0.8698,psl4,2024,05,20,07
702.0,705.0,Ficedula tricolor,Slaty-blue Flycatcher,0.576,psl4,2024,05,20,07
741.0,744.0,Phylloscopus occipitalis,Western Crowned Warbler,0.718,psl4,2024,05,20,07
753.0,756.0,Phylloscopus occipitalis,Western Crowned Warbler,0.5656,psl4,2024,05,20,07
759.0,762.0,Carpodacus erythrinus,Common Rosefinch,0.5582,psl4,2024,05,20,07
789.0,792.0,Ficedula tricolor,Slaty-blue Flycatcher,0.7165,psl4,2024,05,20,07
792.0,795.0,Phylloscopus occipitalis,Western Crowned Warbler,0.5887,psl4,2024,05,20,07
816.0,819.0,Carpodacus erythrinus,Common Rosefinch,0.6187,psl4,2024,05,20,07
822.0,825.0,Carpodacus erythrinus,Common Rosefinch,0.5134,psl4,2024,05,20,07
834.0,837.0,Carpodacus erythrinus,Common Rosefinch,0.5818,psl4,2024,05,20,07
837.0,840.0,Carpodacus erythrinus,Common Rosefinch,0.9637,psl4,2024,05,20,07
843.0,846.0,Phylloscopus occipitalis,Western Crowned Warbler,0.6655,psl4,2024,05,20,07
846.0,849.0,Phylloscopus occipitalis,Western Crowned Warbler,0.7458,psl4,2024,05,20,07
852.0,855.0,Carpodacus erythrinus,Common Rosefinch,0.736,psl4,2024,05,20,07
858.0,861.0,Carpodacus erythrinus,Common Rosefinch,0.8173,psl4,2024,05,20,07
885.0,888.0,Carpodacus erythrinus,Common Rosefinch,0.7093,psl4,2024,05,20,07
888.0,891.0,Phylloscopus occipitalis,Western Crowned Warbler,0.7264,psl4,2024,05,20,07
897.0,900.0,Carpodacus erythrinus,Common Rosefinch,0.8537,psl4,2024,05,20,07
48.0,51.0,Ficedula tricolor,Slaty-blue Flycatcher,0.7165,psl4,2024,05,20,08
72.0,75.0,Phylloscopus humei,Hume's Warbler,0.6342,psl4,2024,05,20,08
78.0,81.0,Ficedula tricolor,Slaty-blue Flycatcher,0.6034,psl4,2024,05,20,08
123.0,126.0,Ficedula tricolor,Slaty-blue Flycatcher,0.5596,psl4,2024,05,20,08
129.0,132.0,Ficedula tricolor,Slaty-blue Flycatcher,0.6433,psl4,2024,05,20,08
177.0,180.0,Phylloscopus humei,Hume's Warbler,0.8275,psl4,2024,05,20,08
192.0,195.0,Phylloscopus humei,Hume's Warbler,0.7037,psl4,2024,05,20,08
210.0,213.0,Carpodacus erythrinus,Common Rosefinch,0.7961,psl4,2024,05,20,08
231.0,234.0,Phylloscopus occipitalis,Western Crowned Warbler,0.507,psl4,2024,05,20,08
240.0,243.0,Phylloscopus occipitalis,Western Crowned Warbler,0.606,psl4,2024,05,20,08
243.0,246.0,Phylloscopus occipitalis,Western Crowned Warbler,0.6602,psl4,2024,05,20,08
246.0,249.0,Phylloscopus occipitalis,Western Crowned Warbler,0.6389,psl4,2024,05,20,08
249.0,252.0,Phylloscopus occipitalis,Western Crowned Warbler,0.6802,psl4,2024,05,20,08
252.0,255.0,Phylloscopus occipitalis,Western Crowned Warbler,0.7949,psl4,2024,05,20,08
258.0,261.0,Phylloscopus occipitalis,Western Crowned Warbler,0.6187,psl4,2024,05,20,08
276.0,279.0,Phylloscopus occipitalis,Western Crowned Warbler,0.961,psl4,2024,05,20,08
279.0,282.0,Phylloscopus occipitalis,Western Crowned Warbler,0.979,psl4,2024,05,20,08
285.0,288.0,Phylloscopus occipitalis,Western Crowned Warbler,0.9952,psl4,2024,05,20,08
291.0,294.0,Phylloscopus occipitalis,Western Crowned Warbler,0.9781,psl4,2024,05,20,08
294.0,297.0,Phylloscopus occipitalis,Western Crowned Warbler,0.5729,psl4,2024,05,20,08
306.0,309.0,Phylloscopus humei,Hume's Warbler,0.6288,psl4,2024,05,20,08
309.0,312.0,Phylloscopus occipitalis,Western Crowned Warbler,0.908,psl4,2024,05,20,08
315.0,318.0,Phylloscopus occipitalis,Western Crowned Warbler,0.9966,psl4,2024,05,20,08
321.0,324.0,Phylloscopus occipitalis,Western Crowned Warbler,0.9983,psl4,2024,05,20,08
324.0,327.0,Phylloscopus occipitalis,Western Crowned Warbler,0.9857,psl4,2024,05,20,08
333.0,336.0,Phylloscopus occipitalis,Western Crowned Warbler,0.9592,psl4,2024,05,20,08
339.0,342.0,Phylloscopus occipitalis,Western Crowned Warbler,0.9743,psl4,2024,05,20,08
342.0,345.0,Phylloscopus occipitalis,Western Crowned Warbler,0.868,psl4,2024,05,20,08
345.0,348.0,Phylloscopus occipitalis,Western Crowned Warbler,0.9777,psl4,2024,05,20,08
348.0,351.0,Phylloscopus occipitalis,Western Crowned Warbler,0.8414,psl4,2024,05,20,08
351.0,354.0,Phylloscopus occipitalis,Western Crowned Warbler,0.5625,psl4,2024,05,20,08
354.0,357.0,Phylloscopus occipitalis,Western Crowned Warbler,0.9496,psl4,2024,05,20,08
357.0,360.0,Phylloscopus occipitalis,Western Crowned Warbler,0.9464,psl4,2024,05,20,08
363.0,366.0,Phylloscopus occipitalis,Western Crowned Warbler,0.9969,psl4,2024,05,20,08
372.0,375.0,Phylloscopus occipitalis,Western Crowned Warbler,0.9621,psl4,2024,05,20,08
390.0,393.0,Phylloscopus occipitalis,Western Crowned Warbler,0.953,psl4,2024,05,20,08
396.0,399.0,Phylloscopus occipitalis,Western Crowned Warbler,0.9527,psl4,2024,05,20,08
399.0,402.0,Phylloscopus occipitalis,Western Crowned Warbler,0.561,psl4,2024,05,20,08
402.0,405.0,Phylloscopus occipitalis,Western Crowned Warbler,0.9804,psl4,2024,05,20,08
408.0,411.0,Carpodacus erythrinus,Common Rosefinch,0.5208,psl4,2024,05,20,08
411.0,414.0,Carpodacus erythrinus,Common Rosefinch,0.751,psl4,2024,05,20,08
417.0,420.0,Phylloscopus occipitalis,Western Crowned Warbler,0.9189,psl4,2024,05,20,08
420.0,423.0,Phylloscopus occipitalis,Western Crowned Warbler,0.8101,psl4,2024,05,20,08
420.0,423.0,Phylloscopus reguloides,Blyth's Leaf Warbler,0.5451,psl4,2024,05,20,08
423.0,426.0,Phylloscopus occipitalis,Western Crowned Warbler,0.8658,psl4,2024,05,20,08
426.0,429.0,Phylloscopus occipitalis,Western Crowned Warbler,0.9608,psl4,2024,05,20,08
429.0,432.0,Phylloscopus occipitalis,Western Crowned Warbler,0.9843,psl4,2024,05,20,08
432.0,435.0,Phylloscopus occipitalis,Western Crowned Warbler,0.8756,psl4,2024,05,20,08
435.0,438.0,Phylloscopus occipitalis,Western Crowned Warbler,0.8452,psl4,2024,05,20,08
438.0,441.0,Phylloscopus occipitalis,Western Crowned Warbler,0.9366,psl4,2024,05,20,08
438.0,441.0,Protonotaria citrea,Prothonotary Warbler,0.516,psl4,2024,05,20,08
441.0,444.0,Phylloscopus reguloides,Blyth's Leaf Warbler,0.5729,psl4,2024,05,20,08
444.0,447.0,Phylloscopus occipitalis,Western Crowned Warbler,0.7156,psl4,2024,05,20,08
447.0,450.0,Phylloscopus occipitalis,Western Crowned Warbler,0.993,psl4,2024,05,20,08
453.0,456.0,Phylloscopus occipitalis,Western Crowned Warbler,0.9837,psl4,2024,05,20,08
459.0,462.0,Phylloscopus occipitalis,Western Crowned Warbler,0.9261,psl4,2024,05,20,08
468.0,471.0,Phylloscopus occipitalis,Western Crowned Warbler,0.7886,psl4,2024,05,20,08
474.0,477.0,Phylloscopus occipitalis,Western Crowned Warbler,0.9208,psl4,2024,05,20,08
480.0,483.0,Phylloscopus occipitalis,Western Crowned Warbler,0.9066,psl4,2024,05,20,08
483.0,486.0,Phylloscopus occipitalis,Western Crowned Warbler,0.735,psl4,2024,05,20,08
492.0,495.0,Phylloscopus occipitalis,Western Crowned Warbler,0.57,psl4,2024,05,20,08
498.0,501.0,Phylloscopus occipitalis,Western Crowned Warbler,0.9441,psl4,2024,05,20,08
510.0,513.0,Phylloscopus occipitalis,Western Crowned Warbler,0.849,psl4,2024,05,20,08
516.0,519.0,Phylloscopus occipitalis,Western Crowned Warbler,0.9029,psl4,2024,05,20,08
522.0,525.0,Phylloscopus occipitalis,Western Crowned Warbler,0.9971,psl4,2024,05,20,08
528.0,531.0,Phylloscopus occipitalis,Western Crowned Warbler,0.9885,psl4,2024,05,20,08
531.0,534.0,Phylloscopus maculipennis,Ashy-throated Warbler,0.5229,psl4,2024,05,20,08
534.0,537.0,Phylloscopus occipitalis,Western Crowned Warbler,0.9771,psl4,2024,05,20,08
537.0,540.0,Phylloscopus humei,Hume's Warbler,0.7715,psl4,2024,05,20,08
555.0,558.0,Phylloscopus occipitalis,Western Crowned Warbler,0.7284,psl4,2024,05,20,08
555.0,558.0,Carpodacus erythrinus,Common Rosefinch,0.6412,psl4,2024,05,20,08
561.0,564.0,Phylloscopus occipitalis,Western Crowned Warbler,0.8374,psl4,2024,05,20,08
561.0,564.0,Trochalopteron lineatum,Streaked Laughingthrush,0.5764,psl4,2024,05,20,08
564.0,567.0,Carpodacus erythrinus,Common Rosefinch,0.8929,psl4,2024,05,20,08
567.0,570.0,Carpodacus erythrinus,Common Rosefinch,0.6914,psl4,2024,05,20,08
570.0,573.0,Phylloscopus occipitalis,Western Crowned Warbler,0.7791,psl4,2024,05,20,08
570.0,573.0,Phylloscopus reguloides,Blyth's Leaf Warbler,0.7225,psl4,2024,05,20,08
573.0,576.0,Carpodacus erythrinus,Common Rosefinch,0.9424,psl4,2024,05,20,08
576.0,579.0,Carpodacus erythrinus,Common Rosefinch,0.9857,psl4,2024,05,20,08
579.0,582.0,Phylloscopus occipitalis,Western Crowned Warbler,0.8761,psl4,2024,05,20,08
582.0,585.0,Carpodacus erythrinus,Common Rosefinch,0.9802,psl4,2024,05,20,08
585.0,588.0,Phylloscopus occipitalis,Western Crowned Warbler,0.5376,psl4,2024,05,20,08
585.0,588.0,Carpodacus erythrinus,Common Rosefinch,0.5116,psl4,2024,05,20,08
588.0,591.0,Carpodacus erythrinus,Common Rosefinch,0.9223,psl4,2024,05,20,08
591.0,594.0,Carpodacus erythrinus,Common Rosefinch,0.9274,psl4,2024,05,20,08
594.0,597.0,Carpodacus erythrinus,Common Rosefinch,0.558,psl4,2024,05,20,08
600.0,603.0,Carpodacus erythrinus,Common Rosefinch,0.9867,psl4,2024,05,20,08
606.0,609.0,Carpodacus erythrinus,Common Rosefinch,0.8329,psl4,2024,05,20,08
609.0,612.0,Carpodacus erythrinus,Common Rosefinch,0.6937,psl4,2024,05,20,08
612.0,615.0,Phylloscopus occipitalis,Western Crowned Warbler,0.8218,psl4,2024,05,20,08
615.0,618.0,Phylloscopus occipitalis,Western Crowned Warbler,0.612,psl4,2024,05,20,08
624.0,627.0,Carpodacus erythrinus,Common Rosefinch,0.8938,psl4,2024,05,20,08
627.0,630.0,Phylloscopus occipitalis,Western Crowned Warbler,0.9085,psl4,2024,05,20,08
630.0,633.0,Carpodacus erythrinus,Common Rosefinch,0.9249,psl4,2024,05,20,08
633.0,636.0,Phylloscopus occipitalis,Western Crowned Warbler,0.917,psl4,2024,05,20,08
636.0,639.0,Carpodacus erythrinus,Common Rosefinch,0.6278,psl4,2024,05,20,08
642.0,645.0,Carpodacus erythrinus,Common Rosefinch,0.5575,psl4,2024,05,20,08
645.0,648.0,Carpodacus erythrinus,Common Rosefinch,0.9497,psl4,2024,05,20,08
648.0,651.0,Carpodacus erythrinus,Common Rosefinch,0.9329,psl4,2024,05,20,08
651.0,654.0,Phylloscopus humei,Hume's Warbler,0.5672,psl4,2024,05,20,08
654.0,657.0,Carpodacus erythrinus,Common Rosefinch,0.7925,psl4,2024,05,20,08
657.0,660.0,Carpodacus erythrinus,Common Rosefinch,0.5844,psl4,2024,05,20,08
663.0,666.0,Carpodacus erythrinus,Common Rosefinch,0.6394,psl4,2024,05,20,08
663.0,666.0,Phylloscopus occipitalis,Western Crowned Warbler,0.6158,psl4,2024,05,20,08
669.0,672.0,Carpodacus erythrinus,Common Rosefinch,0.9482,psl4,2024,05,20,08
672.0,675.0,Carpodacus erythrinus,Common Rosefinch,0.7634,psl4,2024,05,20,08
675.0,678.0,Phylloscopus occipitalis,Western Crowned Warbler,0.8512,psl4,2024,05,20,08
678.0,681.0,Carpodacus erythrinus,Common Rosefinch,0.6572,psl4,2024,05,20,08
681.0,684.0,Phylloscopus occipitalis,Western Crowned Warbler,0.5472,psl4,2024,05,20,08
687.0,690.0,Carpodacus erythrinus,Common Rosefinch,0.5546,psl4,2024,05,20,08
699.0,702.0,Carpodacus erythrinus,Common Rosefinch,0.9337,psl4,2024,05,20,08
702.0,705.0,Carpodacus erythrinus,Common Rosefinch,0.9872,psl4,2024,05,20,08
708.0,711.0,Carpodacus erythrinus,Common Rosefinch,0.9672,psl4,2024,05,20,08
714.0,717.0,Carpodacus erythrinus,Common Rosefinch,0.731,psl4,2024,05,20,08
720.0,723.0,Carpodacus erythrinus,Common Rosefinch,0.964,psl4,2024,05,20,08
723.0,726.0,Carpodacus erythrinus,Common Rosefinch,0.7304,psl4,2024,05,20,08
729.0,732.0,Carpodacus erythrinus,Common Rosefinch,0.5393,psl4,2024,05,20,08
732.0,735.0,Carpodacus erythrinus,Common Rosefinch,0.925,psl4,2024,05,20,08
735.0,738.0,Phylloscopus occipitalis,Western Crowned Warbler,0.9626,psl4,2024,05,20,08
747.0,750.0,Carpodacus erythrinus,Common Rosefinch,0.6621,psl4,2024,05,20,08
753.0,756.0,Carpodacus erythrinus,Common Rosefinch,0.6542,psl4,2024,05,20,08
753.0,756.0,Phylloscopus occipitalis,Western Crowned Warbler,0.5392,psl4,2024,05,20,08
756.0,759.0,Carpodacus erythrinus,Common Rosefinch,0.5345,psl4,2024,05,20,08
759.0,762.0,Phylloscopus occipitalis,Western Crowned Warbler,0.7365,psl4,2024,05,20,08
762.0,765.0,Carpodacus erythrinus,Common Rosefinch,0.627,psl4,2024,05,20,08
765.0,768.0,Carpodacus erythrinus,Common Rosefinch,0.6174,psl4,2024,05,20,08
771.0,774.0,Phylloscopus occipitalis,Western Crowned Warbler,0.904,psl4,2024,05,20,08
774.0,777.0,Carpodacus erythrinus,Common Rosefinch,0.7937,psl4,2024,05,20,08
780.0,783.0,Carpodacus erythrinus,Common Rosefinch,0.5216,psl4,2024,05,20,08
783.0,786.0,Carpodacus erythrinus,Common Rosefinch,0.743,psl4,2024,05,20,08
789.0,792.0,Carpodacus erythrinus,Common Rosefinch,0.9172,psl4,2024,05,20,08
798.0,801.0,Carpodacus erythrinus,Common Rosefinch,0.6825,psl4,2024,05,20,08
807.0,810.0,Carpodacus erythrinus,Common Rosefinch,0.5109,psl4,2024,05,20,08
816.0,819.0,Carpodacus erythrinus,Common Rosefinch,0.704,psl4,2024,05,20,08
822.0,825.0,Carpodacus erythrinus,Common Rosefinch,0.5873,psl4,2024,05,20,08
834.0,837.0,Phylloscopus humei,Hume's Warbler,0.5278,psl4,2024,05,20,08
849.0,852.0,Carpodacus erythrinus,Common Rosefinch,0.6736,psl4,2024,05,20,08
867.0,870.0,Carpodacus erythrinus,Common Rosefinch,0.6341,psl4,2024,05,20,08
873.0,876.0,Carpodacus erythrinus,Common Rosefinch,0.8688,psl4,2024,05,20,08
879.0,882.0,Carpodacus erythrinus,Common Rosefinch,0.975,psl4,2024,05,20,08
891.0,894.0,Carpodacus erythrinus,Common Rosefinch,0.5705,psl4,2024,05,20,08
897.0,900.0,Carpodacus erythrinus,Common Rosefinch,0.9258,psl4,2024,05,20,08
0.0,3.0,Phylloscopus occipitalis,Western Crowned Warbler,0.7393,psl4,2024,05,20,09
6.0,9.0,Phylloscopus occipitalis,Western Crowned Warbler,0.6252,psl4,2024,05,20,09
15.0,18.0,Phylloscopus occipitalis,Western Crowned Warbler,0.6666,psl4,2024,05,20,09
24.0,27.0,Phylloscopus occipitalis,Western Crowned Warbler,0.5793,psl4,2024,05,20,09
30.0,33.0,Phylloscopus occipitalis,Western Crowned Warbler,0.5894,psl4,2024,05,20,09
36.0,39.0,Phylloscopus occipitalis,Western Crowned Warbler,0.8151,psl4,2024,05,20,09
39.0,42.0,Phylloscopus humei,Hume's Warbler,0.5706,psl4,2024,05,20,09
42.0,45.0,Phylloscopus occipitalis,Western Crowned Warbler,0.935,psl4,2024,05,20,09
48.0,51.0,Phylloscopus humei,Hume's Warbler,0.6989,psl4,2024,05,20,09
51.0,54.0,Phylloscopus humei,Hume's Warbler,0.6584,psl4,2024,05,20,09
54.0,57.0,Phylloscopus occipitalis,Western Crowned Warbler,0.6797,psl4,2024,05,20,09
57.0,60.0,Ficedula tricolor,Slaty-blue Flycatcher,0.6604,psl4,2024,05,20,09
60.0,63.0,Phylloscopus occipitalis,Western Crowned Warbler,0.9562,psl4,2024,05,20,09
66.0,69.0,Phylloscopus occipitalis,Western Crowned Warbler,0.7176,psl4,2024,05,20,09
84.0,87.0,Phylloscopus occipitalis,Western Crowned Warbler,0.5886,psl4,2024,05,20,09
93.0,96.0,Ficedula tricolor,Slaty-blue Flycatcher,0.8886,psl4,2024,05,20,09
93.0,96.0,Cettia castaneocoronata,Chestnut-headed Tesia,0.5442,psl4,2024,05,20,09
96.0,99.0,Phylloscopus occipitalis,Western Crowned Warbler,0.8217,psl4,2024,05,20,09
99.0,102.0,Cettia castaneocoronata,Chestnut-headed Tesia,0.5166,psl4,2024,05,20,09
111.0,114.0,Phylloscopus occipitalis,Western Crowned Warbler,0.6435,psl4,2024,05,20,09
117.0,120.0,Phylloscopus occipitalis,Western Crowned Warbler,0.7233,psl4,2024,05,20,09
144.0,147.0,Ficedula tricolor,Slaty-blue Flycatcher,0.6362,psl4,2024,05,20,09
150.0,153.0,Ficedula tricolor,Slaty-blue Flycatcher,0.5327,psl4,2024,05,20,09
186.0,189.0,Trochalopteron variegatum,Variegated Laughingthrush,0.9302,psl4,2024,05,20,09
207.0,210.0,Trochalopteron variegatum,Variegated Laughingthrush,0.7535,psl4,2024,05,20,09
270.0,273.0,Phylloscopus occipitalis,Western Crowned Warbler,0.6897,psl4,2024,05,20,09
273.0,276.0,Phylloscopus occipitalis,Western Crowned Warbler,0.5301,psl4,2024,05,20,09
336.0,339.0,Phylloscopus occipitalis,Western Crowned Warbler,0.9002,psl4,2024,05,20,09
354.0,357.0,Phylloscopus occipitalis,Western Crowned Warbler,0.825,psl4,2024,05,20,09
366.0,369.0,Phylloscopus occipitalis,Western Crowned Warbler,0.8128,psl4,2024,05,20,09
402.0,405.0,Phylloscopus humei,Hume's Warbler,0.5458,psl4,2024,05,20,09
414.0,417.0,Phylloscopus humei,Hume's Warbler,0.836,psl4,2024,05,20,09
417.0,420.0,Phylloscopus occipitalis,Western Crowned Warbler,0.717,psl4,2024,05,20,09
429.0,432.0,Phylloscopus occipitalis,Western Crowned Warbler,0.8282,psl4,2024,05,20,09
483.0,486.0,Xenoglaux loweryi,Long-whiskered Owlet,0.8176,psl4,2024,05,20,09
486.0,489.0,Branta canadensis,Canada Goose,0.6527,psl4,2024,05,20,09
489.0,492.0,Phylloscopus occipitalis,Western Crowned Warbler,0.6419,psl4,2024,05,20,09
492.0,495.0,Phylloscopus occipitalis,Western Crowned Warbler,0.5236,psl4,2024,05,20,09
498.0,501.0,Phylloscopus occipitalis,Western Crowned Warbler,0.7562,psl4,2024,05,20,09
501.0,504.0,Phylloscopus occipitalis,Western Crowned Warbler,0.6702,psl4,2024,05,20,09
510.0,513.0,Phylloscopus occipitalis,Western Crowned Warbler,0.8578,psl4,2024,05,20,09
540.0,543.0,Phylloscopus occipitalis,Western Crowned Warbler,0.9598,psl4,2024,05,20,09
546.0,549.0,Phylloscopus humei,Hume's Warbler,0.923,psl4,2024,05,20,09
549.0,552.0,Phylloscopus occipitalis,Western Crowned Warbler,0.7144,psl4,2024,05,20,09
558.0,561.0,Phylloscopus occipitalis,Western Crowned Warbler,0.7026,psl4,2024,05,20,09
573.0,576.0,Phylloscopus occipitalis,Western Crowned Warbler,0.58,psl4,2024,05,20,09
579.0,582.0,Phylloscopus occipitalis,Western Crowned Warbler,0.5539,psl4,2024,05,20,09
594.0,597.0,Phylloscopus occipitalis,Western Crowned Warbler,0.6612,psl4,2024,05,20,09
603.0,606.0,Phylloscopus occipitalis,Western Crowned Warbler,0.817,psl4,2024,05,20,09
612.0,615.0,Phylloscopus occipitalis,Western Crowned Warbler,0.767,psl4,2024,05,20,09
615.0,618.0,Geothlypis tolmiei,MacGillivray's Warbler,0.5629,psl4,2024,05,20,09
621.0,624.0,Phylloscopus occipitalis,Western Crowned Warbler,0.7446,psl4,2024,05,20,09
627.0,630.0,Phylloscopus occipitalis,Western Crowned Warbler,0.7053,psl4,2024,05,20,09
639.0,642.0,Phylloscopus occipitalis,Western Crowned Warbler,0.843,psl4,2024,05,20,09
645.0,648.0,Phylloscopus occipitalis,Western Crowned Warbler,0.7865,psl4,2024,05,20,09
654.0,657.0,Phylloscopus occipitalis,Western Crowned Warbler,0.7349,psl4,2024,05,20,09
660.0,663.0,Cettia castaneocoronata,Chestnut-headed Tesia,0.7444,psl4,2024,05,20,09
663.0,666.0,Phylloscopus occipitalis,Western Crowned Warbler,0.5856,psl4,2024,05,20,09
684.0,687.0,Phylloscopus occipitalis,Western Crowned Warbler,0.6972,psl4,2024,05,20,09
693.0,696.0,Phylloscopus occipitalis,Western Crowned Warbler,0.7995,psl4,2024,05,20,09
699.0,702.0,Phylloscopus occipitalis,Western Crowned Warbler,0.5234,psl4,2024,05,20,09
705.0,708.0,Phylloscopus occipitalis,Western Crowned Warbler,0.8256,psl4,2024,05,20,09
714.0,717.0,Phylloscopus occipitalis,Western Crowned Warbler,0.5569,psl4,2024,05,20,09
735.0,738.0,Phylloscopus occipitalis,Western Crowned Warbler,0.5485,psl4,2024,05,20,09
738.0,741.0,Protonotaria citrea,Prothonotary Warbler,0.6413,psl4,2024,05,20,09
744.0,747.0,Phylloscopus occipitalis,Western Crowned Warbler,0.641,psl4,2024,05,20,09
756.0,759.0,Ficedula tricolor,Slaty-blue Flycatcher,0.8336,psl4,2024,05,20,09
762.0,765.0,Ficedula tricolor,Slaty-blue Flycatcher,0.5925,psl4,2024,05,20,09
765.0,768.0,Phylloscopus occipitalis,Western Crowned Warbler,0.9143,psl4,2024,05,20,09
768.0,771.0,Ficedula tricolor,Slaty-blue Flycatcher,0.8255,psl4,2024,05,20,09
768.0,771.0,Cettia castaneocoronata,Chestnut-headed Tesia,0.7385,psl4,2024,05,20,09
774.0,777.0,Phylloscopus occipitalis,Western Crowned Warbler,0.897,psl4,2024,05,20,09
780.0,783.0,Sayornis nigricans,Black Phoebe,0.5041,psl4,2024,05,20,09
783.0,786.0,Phylloscopus occipitalis,Western Crowned Warbler,0.9526,psl4,2024,05,20,09
804.0,807.0,Phylloscopus occipitalis,Western Crowned Warbler,0.7507,psl4,2024,05,20,09
810.0,813.0,Phylloscopus occipitalis,Western Crowned Warbler,0.6695,psl4,2024,05,20,09
825.0,828.0,Phylloscopus occipitalis,Western Crowned Warbler,0.9253,psl4,2024,05,20,09
828.0,831.0,Phylloscopus humei,Hume's Warbler,0.5124,psl4,2024,05,20,09
834.0,837.0,Phylloscopus occipitalis,Western Crowned Warbler,0.518,psl4,2024,05,20,09
840.0,843.0,Phylloscopus occipitalis,Western Crowned Warbler,0.5106,psl4,2024,05,20,09
843.0,846.0,Phylloscopus humei,Hume's Warbler,0.7875,psl4,2024,05,20,09
861.0,864.0,Phylloscopus humei,Hume's Warbler,0.5393,psl4,2024,05,20,09
885.0,888.0,Phylloscopus humei,Hume's Warbler,0.8553,psl4,2024,05,20,09
888.0,891.0,Phylloscopus humei,Hume's Warbler,0.8418,psl4,2024,05,20,09
891.0,894.0,Phylloscopus humei,Hume's Warbler,0.613,psl4,2024,05,20,09
894.0,897.0,Phylloscopus humei,Hume's Warbler,0.614,psl4,2024,05,20,09
0.0,3.0,Trochalopteron variegatum,Variegated Laughingthrush,0.8308,psl4,2024,05,21,06
15.0,18.0,Trochalopteron variegatum,Variegated Laughingthrush,0.721,psl4,2024,05,21,06
21.0,24.0,Trochalopteron variegatum,Variegated Laughingthrush,0.507,psl4,2024,05,21,06
24.0,27.0,Larvivora brunnea,Indian Blue Robin,0.8886,psl4,2024,05,21,06
30.0,33.0,Trochalopteron variegatum,Variegated Laughingthrush,0.7277,psl4,2024,05,21,06
39.0,42.0,Phylloscopus occipitalis,Western Crowned Warbler,0.5922,psl4,2024,05,21,06
48.0,51.0,Phylloscopus occipitalis,Western Crowned Warbler,0.9525,psl4,2024,05,21,06
51.0,54.0,Phylloscopus occipitalis,Western Crowned Warbler,0.9893,psl4,2024,05,21,06
57.0,60.0,Trochalopteron variegatum,Variegated Laughingthrush,0.7609,psl4,2024,05,21,06
60.0,63.0,Phylloscopus occipitalis,Western Crowned Warbler,0.8818,psl4,2024,05,21,06
72.0,75.0,Phylloscopus occipitalis,Western Crowned Warbler,0.8619,psl4,2024,05,21,06
75.0,78.0,Phylloscopus occipitalis,Western Crowned Warbler,0.9099,psl4,2024,05,21,06
84.0,87.0,Phylloscopus occipitalis,Western Crowned Warbler,0.9932,psl4,2024,05,21,06
90.0,93.0,Phylloscopus occipitalis,Western Crowned Warbler,0.806,psl4,2024,05,21,06
135.0,138.0,Phylloscopus occipitalis,Western Crowned Warbler,0.8029,psl4,2024,05,21,06
144.0,147.0,Phylloscopus occipitalis,Western Crowned Warbler,0.9798,psl4,2024,05,21,06
171.0,174.0,Phylloscopus occipitalis,Western Crowned Warbler,0.5397,psl4,2024,05,21,06
201.0,204.0,Phylloscopus occipitalis,Western Crowned Warbler,0.8243,psl4,2024,05,21,06
216.0,219.0,Phylloscopus occipitalis,Western Crowned Warbler,0.7051,psl4,2024,05,21,06
219.0,222.0,Phylloscopus occipitalis,Western Crowned Warbler,0.5643,psl4,2024,05,21,06
231.0,234.0,Phylloscopus occipitalis,Western Crowned Warbler,0.9975,psl4,2024,05,21,06
276.0,279.0,Phylloscopus occipitalis,Western Crowned Warbler,0.9432,psl4,2024,05,21,06
309.0,312.0,Ficedula tricolor,Slaty-blue Flycatcher,0.5456,psl4,2024,05,21,06
318.0,321.0,Phylloscopus occipitalis,Western Crowned Warbler,0.667,psl4,2024,05,21,06
336.0,339.0,Phylloscopus occipitalis,Western Crowned Warbler,0.8081,psl4,2024,05,21,06
360.0,363.0,Ficedula tricolor,Slaty-blue Flycatcher,0.6111,psl4,2024,05,21,06
450.0,453.0,Phylloscopus occipitalis,Western Crowned Warbler,0.5269,psl4,2024,05,21,06
465.0,468.0,Phylloscopus occipitalis,Western Crowned Warbler,0.934,psl4,2024,05,21,06
471.0,474.0,Phylloscopus occipitalis,Western Crowned Warbler,0.6285,psl4,2024,05,21,06
474.0,477.0,Phylloscopus occipitalis,Western Crowned Warbler,0.9814,psl4,2024,05,21,06
495.0,498.0,Phylloscopus occipitalis,Western Crowned Warbler,0.875,psl4,2024,05,21,06
513.0,516.0,Ficedula tricolor,Slaty-blue Flycatcher,0.6064,psl4,2024,05,21,06
543.0,546.0,Prunella strophiata,Rufous-breasted Accentor,0.8064,psl4,2024,05,21,06
555.0,558.0,Phylloscopus occipitalis,Western Crowned Warbler,0.8032,psl4,2024,05,21,06
561.0,564.0,Prunella strophiata,Rufous-breasted Accentor,0.8551,psl4,2024,05,21,06
561.0,564.0,Phoenicurus frontalis,Blue-fronted Redstart,0.5435,psl4,2024,05,21,06
609.0,612.0,Anthus hodgsoni,Olive-backed Pipit,0.6694,psl4,2024,05,21,06
678.0,681.0,Phylloscopus occipitalis,Western Crowned Warbler,0.8106,psl4,2024,05,21,06
690.0,693.0,Phylloscopus occipitalis,Western Crowned Warbler,0.8018,psl4,2024,05,21,06
702.0,705.0,Phylloscopus occipitalis,Western Crowned Warbler,0.9464,psl4,2024,05,21,06
747.0,750.0,Phylloscopus occipitalis,Western Crowned Warbler,0.6105,psl4,2024,05,21,06
825.0,828.0,Phylloscopus humei,Hume's Warbler,0.5638,psl4,2024,05,21,06
831.0,834.0,Ficedula tricolor,Slaty-blue Flycatcher,0.7005,psl4,2024,05,21,06
852.0,855.0,Phylloscopus humei,Hume's Warbler,0.9274,psl4,2024,05,21,06
879.0,882.0,Ficedula tricolor,Slaty-blue Flycatcher,0.6007,psl4,2024,05,21,06
888.0,891.0,Ficedula tricolor,Slaty-blue Flycatcher,0.8599,psl4,2024,05,21,06
9.0,12.0,Phylloscopus occipitalis,Western Crowned Warbler,0.5318,psl4,2024,05,21,07
27.0,30.0,Phoenicurus auroreus,Daurian Redstart,0.5797,psl4,2024,05,21,07
33.0,36.0,Phoenicurus auroreus,Daurian Redstart,0.5657,psl4,2024,05,21,07
36.0,39.0,Phoenicurus auroreus,Daurian Redstart,0.6783,psl4,2024,05,21,07
39.0,42.0,Phoenicurus auroreus,Daurian Redstart,0.7947,psl4,2024,05,21,07
42.0,45.0,Phoenicurus auroreus,Daurian Redstart,0.7619,psl4,2024,05,21,07
45.0,48.0,Phoenicurus auroreus,Daurian Redstart,0.8443,psl4,2024,05,21,07
51.0,54.0,Phoenicurus auroreus,Daurian Redstart,0.6253,psl4,2024,05,21,07
54.0,57.0,Phoenicurus auroreus,Daurian Redstart,0.9029,psl4,2024,05,21,07
57.0,60.0,Phoenicurus auroreus,Daurian Redstart,0.7875,psl4,2024,05,21,07
63.0,66.0,Phoenicurus auroreus,Daurian Redstart,0.8734,psl4,2024,05,21,07
66.0,69.0,Phoenicurus auroreus,Daurian Redstart,0.6898,psl4,2024,05,21,07
69.0,72.0,Phoenicurus auroreus,Daurian Redstart,0.8344,psl4,2024,05,21,07
72.0,75.0,Phoenicurus auroreus,Daurian Redstart,0.6891,psl4,2024,05,21,07
75.0,78.0,Ficedula tricolor,Slaty-blue Flycatcher,0.5927,psl4,2024,05,21,07
84.0,87.0,Ficedula tricolor,Slaty-blue Flycatcher,0.9206,psl4,2024,05,21,07
90.0,93.0,Ficedula tricolor,Slaty-blue Flycatcher,0.6572,psl4,2024,05,21,07
90.0,93.0,Cettia castaneocoronata,Chestnut-headed Tesia,0.5056,psl4,2024,05,21,07
93.0,96.0,Phylloscopus occipitalis,Western Crowned Warbler,0.7448,psl4,2024,05,21,07
96.0,99.0,Ficedula tricolor,Slaty-blue Flycatcher,0.743,psl4,2024,05,21,07
102.0,105.0,Ficedula tricolor,Slaty-blue Flycatcher,0.818,psl4,2024,05,21,07
108.0,111.0,Ficedula tricolor,Slaty-blue Flycatcher,0.5627,psl4,2024,05,21,07
114.0,117.0,Cettia castaneocoronata,Chestnut-headed Tesia,0.7658,psl4,2024,05,21,07
114.0,117.0,Ficedula tricolor,Slaty-blue Flycatcher,0.6794,psl4,2024,05,21,07
123.0,126.0,Ficedula tricolor,Slaty-blue Flycatcher,0.596,psl4,2024,05,21,07
126.0,129.0,Phylloscopus occipitalis,Western Crowned Warbler,0.8413,psl4,2024,05,21,07
129.0,132.0,Carpodacus erythrinus,Common Rosefinch,0.641,psl4,2024,05,21,07
135.0,138.0,Carpodacus erythrinus,Common Rosefinch,0.846,psl4,2024,05,21,07
144.0,147.0,Carpodacus erythrinus,Common Rosefinch,0.9074,psl4,2024,05,21,07
147.0,150.0,Carpodacus erythrinus,Common Rosefinch,0.9659,psl4,2024,05,21,07
156.0,159.0,Carpodacus erythrinus,Common Rosefinch,0.9584,psl4,2024,05,21,07
162.0,165.0,Carpodacus erythrinus,Common Rosefinch,0.6915,psl4,2024,05,21,07
168.0,171.0,Carpodacus erythrinus,Common Rosefinch,0.7867,psl4,2024,05,21,07
177.0,180.0,Carpodacus erythrinus,Common Rosefinch,0.7977,psl4,2024,05,21,07
183.0,186.0,Carpodacus erythrinus,Common Rosefinch,0.5213,psl4,2024,05,21,07
198.0,201.0,Carpodacus erythrinus,Common Rosefinch,0.8016,psl4,2024,05,21,07
210.0,213.0,Carpodacus erythrinus,Common Rosefinch,0.6915,psl4,2024,05,21,07
213.0,216.0,Phylloscopus humei,Hume's Warbler,0.8138,psl4,2024,05,21,07
216.0,219.0,Carpodacus erythrinus,Common Rosefinch,0.7842,psl4,2024,05,21,07
222.0,225.0,Phylloscopus humei,Hume's Warbler,0.9749,psl4,2024,05,21,07
237.0,240.0,Carpodacus erythrinus,Common Rosefinch,0.6224,psl4,2024,05,21,07
246.0,249.0,Phylloscopus occipitalis,Western Crowned Warbler,0.5651,psl4,2024,05,21,07
255.0,258.0,Carpodacus erythrinus,Common Rosefinch,0.7507,psl4,2024,05,21,07
261.0,264.0,Carpodacus erythrinus,Common Rosefinch,0.7192,psl4,2024,05,21,07
270.0,273.0,Carpodacus erythrinus,Common Rosefinch,0.8123,psl4,2024,05,21,07
273.0,276.0,Phylloscopus humei,Hume's Warbler,0.8696,psl4,2024,05,21,07
282.0,285.0,Phylloscopus humei,Hume's Warbler,0.785,psl4,2024,05,21,07
285.0,288.0,Phylloscopus humei,Hume's Warbler,0.5631,psl4,2024,05,21,07
285.0,288.0,Cygnus columbianus,Tundra Swan,0.5084,psl4,2024,05,21,07
294.0,297.0,Phylloscopus humei,Hume's Warbler,0.5712,psl4,2024,05,21,07
348.0,351.0,Phylloscopus occipitalis,Western Crowned Warbler,0.7728,psl4,2024,05,21,07
375.0,378.0,Phylloscopus occipitalis,Western Crowned Warbler,0.7515,psl4,2024,05,21,07
378.0,381.0,Phylloscopus occipitalis,Western Crowned Warbler,0.78,psl4,2024,05,21,07
387.0,390.0,Phylloscopus occipitalis,Western Crowned Warbler,0.5775,psl4,2024,05,21,07
408.0,411.0,Phylloscopus occipitalis,Western Crowned Warbler,0.6174,psl4,2024,05,21,07
414.0,417.0,Carpodacus erythrinus,Common Rosefinch,0.5425,psl4,2024,05,21,07
420.0,423.0,Phylloscopus occipitalis,Western Crowned Warbler,0.9208,psl4,2024,05,21,07
423.0,426.0,Phylloscopus occipitalis,Western Crowned Warbler,0.7694,psl4,2024,05,21,07
429.0,432.0,Carpodacus erythrinus,Common Rosefinch,0.508,psl4,2024,05,21,07
432.0,435.0,Phylloscopus occipitalis,Western Crowned Warbler,0.9309,psl4,2024,05,21,07
447.0,450.0,Phylloscopus occipitalis,Western Crowned Warbler,0.6707,psl4,2024,05,21,07
456.0,459.0,Prunella strophiata,Rufous-breasted Accentor,0.5726,psl4,2024,05,21,07
459.0,462.0,Carpodacus erythrinus,Common Rosefinch,0.9781,psl4,2024,05,21,07
462.0,465.0,Phylloscopus occipitalis,Western Crowned Warbler,0.5518,psl4,2024,05,21,07
465.0,468.0,Phylloscopus occipitalis,Western Crowned Warbler,0.8881,psl4,2024,05,21,07
468.0,471.0,Carpodacus erythrinus,Common Rosefinch,0.967,psl4,2024,05,21,07
474.0,477.0,Phylloscopus occipitalis,Western Crowned Warbler,0.6097,psl4,2024,05,21,07
477.0,480.0,Prunella strophiata,Rufous-breasted Accentor,0.853,psl4,2024,05,21,07
480.0,483.0,Prunella strophiata,Rufous-breasted Accentor,0.8976,psl4,2024,05,21,07
483.0,486.0,Prunella strophiata,Rufous-breasted Accentor,0.8449,psl4,2024,05,21,07
489.0,492.0,Phylloscopus occipitalis,Western Crowned Warbler,0.6947,psl4,2024,05,21,07
495.0,498.0,Carpodacus erythrinus,Common Rosefinch,0.7519,psl4,2024,05,21,07
507.0,510.0,Carpodacus erythrinus,Common Rosefinch,0.8314,psl4,2024,05,21,07
513.0,516.0,Carpodacus erythrinus,Common Rosefinch,0.5082,psl4,2024,05,21,07
549.0,552.0,Carpodacus erythrinus,Common Rosefinch,0.7604,psl4,2024,05,21,07
579.0,582.0,Carpodacus erythrinus,Common Rosefinch,0.7322,psl4,2024,05,21,07
585.0,588.0,Carpodacus erythrinus,Common Rosefinch,0.5754,psl4,2024,05,21,07
594.0,597.0,Phylloscopus occipitalis,Western Crowned Warbler,0.8695,psl4,2024,05,21,07
600.0,603.0,Carpodacus erythrinus,Common Rosefinch,0.5346,psl4,2024,05,21,07
630.0,633.0,Carpodacus erythrinus,Common Rosefinch,0.9886,psl4,2024,05,21,07
636.0,639.0,Carpodacus erythrinus,Common Rosefinch,0.9866,psl4,2024,05,21,07
645.0,648.0,Carpodacus erythrinus,Common Rosefinch,0.967,psl4,2024,05,21,07
651.0,654.0,Carpodacus erythrinus,Common Rosefinch,0.9861,psl4,2024,05,21,07
657.0,660.0,Carpodacus erythrinus,Common Rosefinch,0.9945,psl4,2024,05,21,07
663.0,666.0,Carpodacus erythrinus,Common Rosefinch,0.9982,psl4,2024,05,21,07
669.0,672.0,Carpodacus erythrinus,Common Rosefinch,0.9595,psl4,2024,05,21,07
675.0,678.0,Carpodacus erythrinus,Common Rosefinch,0.9888,psl4,2024,05,21,07
681.0,684.0,Carpodacus erythrinus,Common Rosefinch,0.9972,psl4,2024,05,21,07
687.0,690.0,Carpodacus erythrinus,Common Rosefinch,0.9467,psl4,2024,05,21,07
693.0,696.0,Carpodacus erythrinus,Common Rosefinch,0.9952,psl4,2024,05,21,07
696.0,699.0,Trochalopteron variegatum,Variegated Laughingthrush,0.7527,psl4,2024,05,21,07
732.0,735.0,Ficedula tricolor,Slaty-blue Flycatcher,0.5493,psl4,2024,05,21,07
774.0,777.0,Grallaria ridgelyi,Jocotoco Antpitta,0.9,psl4,2024,05,21,07
792.0,795.0,Trochalopteron variegatum,Variegated Laughingthrush,0.7554,psl4,2024,05,21,07
807.0,810.0,Ficedula tricolor,Slaty-blue Flycatcher,0.5408,psl4,2024,05,21,07
825.0,828.0,Phylloscopus humei,Hume's Warbler,0.8505,psl4,2024,05,21,07
846.0,849.0,Carpodacus erythrinus,Common Rosefinch,0.6104,psl4,2024,05,21,07
858.0,861.0,Carpodacus erythrinus,Common Rosefinch,0.7691,psl4,2024,05,21,07
861.0,864.0,Carpodacus erythrinus,Common Rosefinch,0.5415,psl4,2024,05,21,07
864.0,867.0,Carpodacus erythrinus,Common Rosefinch,0.5434,psl4,2024,05,21,07
867.0,870.0,Carpodacus erythrinus,Common Rosefinch,0.9408,psl4,2024,05,21,07
870.0,873.0,Carpodacus erythrinus,Common Rosefinch,0.8592,psl4,2024,05,21,07
873.0,876.0,Carpodacus erythrinus,Common Rosefinch,0.7167,psl4,2024,05,21,07
879.0,882.0,Carpodacus erythrinus,Common Rosefinch,0.7684,psl4,2024,05,21,07
888.0,891.0,Carpodacus erythrinus,Common Rosefinch,0.7915,psl4,2024,05,21,07
894.0,897.0,Carpodacus erythrinus,Common Rosefinch,0.9577,psl4,2024,05,21,07
0.0,3.0,Phylloscopus occipitalis,Western Crowned Warbler,0.7362,psl4,2024,05,21,08
3.0,6.0,Phylloscopus occipitalis,Western Crowned Warbler,0.6243,psl4,2024,05,21,08
6.0,9.0,Phylloscopus occipitalis,Western Crowned Warbler,0.7522,psl4,2024,05,21,08
57.0,60.0,Trochalopteron affine,Black-faced Laughingthrush,0.5219,psl4,2024,05,21,08
81.0,84.0,Trochalopteron variegatum,Variegated Laughingthrush,0.6368,psl4,2024,05,21,08
90.0,93.0,Trochalopteron variegatum,Variegated Laughingthrush,0.6288,psl4,2024,05,21,08
138.0,141.0,Prunella strophiata,Rufous-breasted Accentor,0.8912,psl4,2024,05,21,08
153.0,156.0,Ficedula parva,Red-breasted Flycatcher,0.5574,psl4,2024,05,21,08
189.0,192.0,Carpodacus erythrinus,Common Rosefinch,0.5515,psl4,2024,05,21,08
201.0,204.0,Carpodacus erythrinus,Common Rosefinch,0.9388,psl4,2024,05,21,08
222.0,225.0,Carpodacus erythrinus,Common Rosefinch,0.6662,psl4,2024,05,21,08
231.0,234.0,Ficedula parva,Red-breasted Flycatcher,0.7343,psl4,2024,05,21,08
240.0,243.0,Carpodacus erythrinus,Common Rosefinch,0.687,psl4,2024,05,21,08
252.0,255.0,Carpodacus erythrinus,Common Rosefinch,0.5252,psl4,2024,05,21,08
261.0,264.0,Carpodacus erythrinus,Common Rosefinch,0.647,psl4,2024,05,21,08
273.0,276.0,Carpodacus erythrinus,Common Rosefinch,0.7387,psl4,2024,05,21,08
342.0,345.0,Otus elegans,Ryukyu Scops-Owl,0.7731,psl4,2024,05,21,08
375.0,378.0,Phylloscopus occipitalis,Western Crowned Warbler,0.6447,psl4,2024,05,21,08
381.0,384.0,Phylloscopus humei,Hume's Warbler,0.6651,psl4,2024,05,21,08
411.0,414.0,Phylloscopus humei,Hume's Warbler,0.642,psl4,2024,05,21,08
417.0,420.0,Phylloscopus humei,Hume's Warbler,0.5528,psl4,2024,05,21,08
480.0,483.0,Phylloscopus occipitalis,Western Crowned Warbler,0.7772,psl4,2024,05,21,08
486.0,489.0,Phylloscopus occipitalis,Western Crowned Warbler,0.9178,psl4,2024,05,21,08
492.0,495.0,Phylloscopus occipitalis,Western Crowned Warbler,0.6963,psl4,2024,05,21,08
510.0,513.0,Trochalopteron variegatum,Variegated Laughingthrush,0.9716,psl4,2024,05,21,08
516.0,519.0,Trochalopteron variegatum,Variegated Laughingthrush,0.8103,psl4,2024,05,21,08
519.0,522.0,Trochalopteron variegatum,Variegated Laughingthrush,0.9193,psl4,2024,05,21,08
552.0,555.0,Trochalopteron variegatum,Variegated Laughingthrush,0.5994,psl4,2024,05,21,08
579.0,582.0,Emberiza cia,Rock Bunting,0.5761,psl4,2024,05,21,08
582.0,585.0,Prunella strophiata,Rufous-breasted Accentor,0.9368,psl4,2024,05,21,08
615.0,618.0,Trochalopteron variegatum,Variegated Laughingthrush,0.9061,psl4,2024,05,21,08
630.0,633.0,Ficedula tricolor,Slaty-blue Flycatcher,0.5034,psl4,2024,05,21,08
681.0,684.0,Ficedula tricolor,Slaty-blue Flycatcher,0.5424,psl4,2024,05,21,08
684.0,687.0,Phylloscopus occipitalis,Western Crowned Warbler,0.6175,psl4,2024,05,21,08
705.0,708.0,Ficedula tricolor,Slaty-blue Flycatcher,0.5782,psl4,2024,05,21,08
738.0,741.0,Phylloscopus humei,Hume's Warbler,0.5746,psl4,2024,05,21,08
741.0,744.0,Phylloscopus humei,Hume's Warbler,0.9131,psl4,2024,05,21,08
744.0,747.0,Phylloscopus humei,Hume's Warbler,0.7318,psl4,2024,05,21,08
759.0,762.0,Ficedula tricolor,Slaty-blue Flycatcher,0.7111,psl4,2024,05,21,08
768.0,771.0,Carpodacus erythrinus,Common Rosefinch,0.5985,psl4,2024,05,21,08
777.0,780.0,Phylloscopus occipitalis,Western Crowned Warbler,0.8853,psl4,2024,05,21,08
780.0,783.0,Phylloscopus occipitalis,Western Crowned Warbler,0.6259,psl4,2024,05,21,08
792.0,795.0,Trochalopteron variegatum,Variegated Laughingthrush,0.8873,psl4,2024,05,21,08
804.0,807.0,Trochalopteron variegatum,Variegated Laughingthrush,0.8882,psl4,2024,05,21,08
816.0,819.0,Carpodacus erythrinus,Common Rosefinch,0.5304,psl4,2024,05,21,08
822.0,825.0,Trochalopteron variegatum,Variegated Laughingthrush,0.5159,psl4,2024,05,21,08
825.0,828.0,Myiarchus crinitus,Great Crested Flycatcher,0.6922,psl4,2024,05,21,08
834.0,837.0,Trochalopteron affine,Black-faced Laughingthrush,0.8509,psl4,2024,05,21,08
852.0,855.0,Carpodacus erythrinus,Common Rosefinch,0.865,psl4,2024,05,21,08
864.0,867.0,Trochalopteron variegatum,Variegated Laughingthrush,0.6304,psl4,2024,05,21,08
876.0,879.0,Carpodacus erythrinus,Common Rosefinch,0.6379,psl4,2024,05,21,08
885.0,888.0,Trochalopteron variegatum,Variegated Laughingthrush,0.6873,psl4,2024,05,21,08
885.0,888.0,Trochalopteron erythrocephalum,Chestnut-crowned Laughingthrush,0.5638,psl4,2024,05,21,08
897.0,900.0,Trochalopteron variegatum,Variegated Laughingthrush,0.5423,psl4,2024,05,21,08
0.0,3.0,Trochalopteron variegatum,Variegated Laughingthrush,0.7483,psl4,2024,05,21,09
3.0,6.0,Trochalopteron variegatum,Variegated Laughingthrush,0.8039,psl4,2024,05,21,09
12.0,15.0,Phylloscopus occipitalis,Western Crowned Warbler,0.578,psl4,2024,05,21,09
108.0,111.0,Ficedula tricolor,Slaty-blue Flycatcher,0.5443,psl4,2024,05,21,09
150.0,153.0,Phylloscopus occipitalis,Western Crowned Warbler,0.5134,psl4,2024,05,21,09
177.0,180.0,Phylloscopus humei,Hume's Warbler,0.5942,psl4,2024,05,21,09
186.0,189.0,Phylloscopus humei,Hume's Warbler,0.8452,psl4,2024,05,21,09
192.0,195.0,Phylloscopus humei,Hume's Warbler,0.8429,psl4,2024,05,21,09
195.0,198.0,Phylloscopus humei,Hume's Warbler,0.9764,psl4,2024,05,21,09
201.0,204.0,Phylloscopus humei,Hume's Warbler,0.5547,psl4,2024,05,21,09
210.0,213.0,Phylloscopus humei,Hume's Warbler,0.9534,psl4,2024,05,21,09
213.0,216.0,Phylloscopus humei,Hume's Warbler,0.6232,psl4,2024,05,21,09
219.0,222.0,Phylloscopus humei,Hume's Warbler,0.7518,psl4,2024,05,21,09
222.0,225.0,Phylloscopus humei,Hume's Warbler,0.7267,psl4,2024,05,21,09
225.0,228.0,Phylloscopus humei,Hume's Warbler,0.6315,psl4,2024,05,21,09
231.0,234.0,Phylloscopus humei,Hume's Warbler,0.7203,psl4,2024,05,21,09
234.0,237.0,Phylloscopus humei,Hume's Warbler,0.7555,psl4,2024,05,21,09
243.0,246.0,Phylloscopus humei,Hume's Warbler,0.8119,psl4,2024,05,21,09
243.0,246.0,Trochalopteron variegatum,Variegated Laughingthrush,0.6687,psl4,2024,05,21,09
246.0,249.0,Phylloscopus humei,Hume's Warbler,0.736,psl4,2024,05,21,09
252.0,255.0,Trochalopteron variegatum,Variegated Laughingthrush,0.5566,psl4,2024,05,21,09
258.0,261.0,Phylloscopus humei,Hume's Warbler,0.6838,psl4,2024,05,21,09
261.0,264.0,Phylloscopus humei,Hume's Warbler,0.9004,psl4,2024,05,21,09
261.0,264.0,Trochalopteron variegatum,Variegated Laughingthrush,0.7525,psl4,2024,05,21,09
264.0,267.0,Trochalopteron variegatum,Variegated Laughingthrush,0.9464,psl4,2024,05,21,09
267.0,270.0,Phylloscopus humei,Hume's Warbler,0.8336,psl4,2024,05,21,09
270.0,273.0,Trochalopteron variegatum,Variegated Laughingthrush,0.9353,psl4,2024,05,21,09
273.0,276.0,Trochalopteron variegatum,Variegated Laughingthrush,0.7192,psl4,2024,05,21,09
276.0,279.0,Phylloscopus humei,Hume's Warbler,0.6128,psl4,2024,05,21,09
279.0,282.0,Trochalopteron variegatum,Variegated Laughingthrush,0.9313,psl4,2024,05,21,09
282.0,285.0,Trochalopteron variegatum,Variegated Laughingthrush,0.8424,psl4,2024,05,21,09
282.0,285.0,Prunella strophiata,Rufous-breasted Accentor,0.5659,psl4,2024,05,21,09
285.0,288.0,Trochalopteron variegatum,Variegated Laughingthrush,0.969,psl4,2024,05,21,09
288.0,291.0,Trochalopteron variegatum,Variegated Laughingthrush,0.7656,psl4,2024,05,21,09
291.0,294.0,Phylloscopus humei,Hume's Warbler,0.9248,psl4,2024,05,21,09
294.0,297.0,Trochalopteron variegatum,Variegated Laughingthrush,0.9252,psl4,2024,05,21,09
294.0,297.0,Phylloscopus humei,Hume's Warbler,0.7699,psl4,2024,05,21,09
297.0,300.0,Trochalopteron variegatum,Variegated Laughingthrush,0.6078,psl4,2024,05,21,09
300.0,303.0,Trochalopteron variegatum,Variegated Laughingthrush,0.6734,psl4,2024,05,21,09
303.0,306.0,Trochalopteron variegatum,Variegated Laughingthrush,0.9197,psl4,2024,05,21,09
309.0,312.0,Trochalopteron variegatum,Variegated Laughingthrush,0.5175,psl4,2024,05,21,09
315.0,318.0,Trochalopteron variegatum,Variegated Laughingthrush,0.9732,psl4,2024,05,21,09
321.0,324.0,Trochalopteron variegatum,Variegated Laughingthrush,0.937,psl4,2024,05,21,09
324.0,327.0,Phylloscopus humei,Hume's Warbler,0.8179,psl4,2024,05,21,09
327.0,330.0,Trochalopteron variegatum,Variegated Laughingthrush,0.5479,psl4,2024,05,21,09
345.0,348.0,Prunella strophiata,Rufous-breasted Accentor,0.6341,psl4,2024,05,21,09
357.0,360.0,Trochalopteron variegatum,Variegated Laughingthrush,0.9854,psl4,2024,05,21,09
363.0,366.0,Hypothymis azurea,Black-naped Monarch,0.8375,psl4,2024,05,21,09
369.0,372.0,Trochalopteron variegatum,Variegated Laughingthrush,0.5692,psl4,2024,05,21,09
387.0,390.0,Trochalopteron variegatum,Variegated Laughingthrush,0.9207,psl4,2024,05,21,09
393.0,396.0,Trochalopteron variegatum,Variegated Laughingthrush,0.6528,psl4,2024,05,21,09
432.0,435.0,Phylloscopus occipitalis,Western Crowned Warbler,0.5304,psl4,2024,05,21,09
447.0,450.0,Cygnus buccinator,Trumpeter Swan,0.9374,psl4,2024,05,21,09
492.0,495.0,Phylloscopus humei,Hume's Warbler,0.9232,psl4,2024,05,21,09
597.0,600.0,Phylloscopus occipitalis,Western Crowned Warbler,0.539,psl4,2024,05,21,09
606.0,609.0,Phylloscopus occipitalis,Western Crowned Warbler,0.5531,psl4,2024,05,21,09
639.0,642.0,Phylloscopus occipitalis,Western Crowned Warbler,0.7984,psl4,2024,05,21,09
645.0,648.0,Phylloscopus occipitalis,Western Crowned Warbler,0.7062,psl4,2024,05,21,09
714.0,717.0,Phylloscopus occipitalis,Western Crowned Warbler,0.5671,psl4,2024,05,21,09
720.0,723.0,Phylloscopus humei,Hume's Warbler,0.5572,psl4,2024,05,21,09
723.0,726.0,Phylloscopus humei,Hume's Warbler,0.7043,psl4,2024,05,21,09
735.0,738.0,Phylloscopus occipitalis,Western Crowned Warbler,0.6823,psl4,2024,05,21,09
747.0,750.0,Phylloscopus occipitalis,Western Crowned Warbler,0.6077,psl4,2024,05,21,09
750.0,753.0,Phylloscopus occipitalis,Western Crowned Warbler,0.6686,psl4,2024,05,21,09
753.0,756.0,Phylloscopus occipitalis,Western Crowned Warbler,0.5189,psl4,2024,05,21,09
783.0,786.0,Ficedula tricolor,Slaty-blue Flycatcher,0.8102,psl4,2024,05,21,09
786.0,789.0,Phylloscopus occipitalis,Western Crowned Warbler,0.8622,psl4,2024,05,21,09
792.0,795.0,Phylloscopus humei,Hume's Warbler,0.5271,psl4,2024,05,21,09
801.0,804.0,Phylloscopus occipitalis,Western Crowned Warbler,0.8021,psl4,2024,05,21,09
807.0,810.0,Phylloscopus humei,Hume's Warbler,0.7818,psl4,2024,05,21,09
816.0,819.0,Phylloscopus humei,Hume's Warbler,0.8783,psl4,2024,05,21,09
822.0,825.0,Phylloscopus humei,Hume's Warbler,0.7218,psl4,2024,05,21,09
828.0,831.0,Phylloscopus humei,Hume's Warbler,0.8035,psl4,2024,05,21,09
831.0,834.0,Phylloscopus occipitalis,Western Crowned Warbler,0.8683,psl4,2024,05,21,09
840.0,843.0,Phylloscopus humei,Hume's Warbler,0.879,psl4,2024,05,21,09
843.0,846.0,Phylloscopus humei,Hume's Warbler,0.9359,psl4,2024,05,21,09
846.0,849.0,Phylloscopus occipitalis,Western Crowned Warbler,0.6785,psl4,2024,05,21,09
861.0,864.0,Phylloscopus humei,Hume's Warbler,0.7167,psl4,2024,05,21,09
867.0,870.0,Phylloscopus occipitalis,Western Crowned Warbler,0.6732,psl4,2024,05,21,09
873.0,876.0,Phylloscopus humei,Hume's Warbler,0.7164,psl4,2024,05,21,09
897.0,900.0,Phylloscopus humei,Hume's Warbler,0.5499,psl4,2024,05,21,09
9.0,12.0,Carpodacus erythrinus,Common Rosefinch,0.5629,psl4,2024,05,22,06
15.0,18.0,Carpodacus erythrinus,Common Rosefinch,0.5557,psl4,2024,05,22,06
27.0,30.0,Carpodacus erythrinus,Common Rosefinch,0.6581,psl4,2024,05,22,06
57.0,60.0,Carpodacus erythrinus,Common Rosefinch,0.8493,psl4,2024,05,22,06
66.0,69.0,Phylloscopus occipitalis,Western Crowned Warbler,0.5928,psl4,2024,05,22,06
78.0,81.0,Phylloscopus occipitalis,Western Crowned Warbler,0.6158,psl4,2024,05,22,06
93.0,96.0,Phylloscopus occipitalis,Western Crowned Warbler,0.7516,psl4,2024,05,22,06
96.0,99.0,Carpodacus erythrinus,Common Rosefinch,0.6807,psl4,2024,05,22,06
117.0,120.0,Carpodacus erythrinus,Common Rosefinch,0.665,psl4,2024,05,22,06
117.0,120.0,Phylloscopus sindianus,Mountain Chiffchaff,0.5935,psl4,2024,05,22,06
129.0,132.0,Carpodacus erythrinus,Common Rosefinch,0.8231,psl4,2024,05,22,06
141.0,144.0,Phylloscopus occipitalis,Western Crowned Warbler,0.6779,psl4,2024,05,22,06
162.0,165.0,Phylloscopus occipitalis,Western Crowned Warbler,0.6159,psl4,2024,05,22,06
165.0,168.0,Phylloscopus occipitalis,Western Crowned Warbler,0.6065,psl4,2024,05,22,06
171.0,174.0,Phylloscopus occipitalis,Western Crowned Warbler,0.6222,psl4,2024,05,22,06
174.0,177.0,Phylloscopus occipitalis,Western Crowned Warbler,0.9511,psl4,2024,05,22,06
180.0,183.0,Phylloscopus occipitalis,Western Crowned Warbler,0.9283,psl4,2024,05,22,06
192.0,195.0,Phylloscopus occipitalis,Western Crowned Warbler,0.7408,psl4,2024,05,22,06
234.0,237.0,Phylloscopus occipitalis,Western Crowned Warbler,0.535,psl4,2024,05,22,06
255.0,258.0,Phylloscopus occipitalis,Western Crowned Warbler,0.5312,psl4,2024,05,22,06
258.0,261.0,Phylloscopus occipitalis,Western Crowned Warbler,0.925,psl4,2024,05,22,06
282.0,285.0,Phylloscopus occipitalis,Western Crowned Warbler,0.5094,psl4,2024,05,22,06
291.0,294.0,Phylloscopus occipitalis,Western Crowned Warbler,0.5347,psl4,2024,05,22,06
315.0,318.0,Phylloscopus occipitalis,Western Crowned Warbler,0.8981,psl4,2024,05,22,06
327.0,330.0,Phylloscopus occipitalis,Western Crowned Warbler,0.9048,psl4,2024,05,22,06
342.0,345.0,Motacilla cinerea,Gray Wagtail,0.7908,psl4,2024,05,22,06
345.0,348.0,Motacilla cinerea,Gray Wagtail,0.5709,psl4,2024,05,22,06
360.0,363.0,Phylloscopus occipitalis,Western Crowned Warbler,0.6779,psl4,2024,05,22,06
366.0,369.0,Phylloscopus occipitalis,Western Crowned Warbler,0.6867,psl4,2024,05,22,06
381.0,384.0,Phylloscopus occipitalis,Western Crowned Warbler,0.5934,psl4,2024,05,22,06
438.0,441.0,Trochalopteron variegatum,Variegated Laughingthrush,0.8573,psl4,2024,05,22,06
447.0,450.0,Prunella strophiata,Rufous-breasted Accentor,0.8634,psl4,2024,05,22,06
450.0,453.0,Prunella strophiata,Rufous-breasted Accentor,0.5006,psl4,2024,05,22,06
459.0,462.0,Trochalopteron variegatum,Variegated Laughingthrush,0.9127,psl4,2024,05,22,06
462.0,465.0,Luscinia phaenicuroides,White-bellied Redstart,0.6369,psl4,2024,05,22,06
471.0,474.0,Trochalopteron variegatum,Variegated Laughingthrush,0.7206,psl4,2024,05,22,06
477.0,480.0,Trochalopteron variegatum,Variegated Laughingthrush,0.9555,psl4,2024,05,22,06
480.0,483.0,Trochalopteron variegatum,Variegated Laughingthrush,0.9639,psl4,2024,05,22,06
483.0,486.0,Luscinia phaenicuroides,White-bellied Redstart,0.6675,psl4,2024,05,22,06
489.0,492.0,Trochalopteron variegatum,Variegated Laughingthrush,0.9702,psl4,2024,05,22,06
498.0,501.0,Trochalopteron variegatum,Variegated Laughingthrush,0.8873,psl4,2024,05,22,06
501.0,504.0,Trochalopteron variegatum,Variegated Laughingthrush,0.8193,psl4,2024,05,22,06
504.0,507.0,Saltator aurantiirostris,Golden-billed Saltator,0.519,psl4,2024,05,22,06
507.0,510.0,Trochalopteron variegatum,Variegated Laughingthrush,0.9696,psl4,2024,05,22,06
510.0,513.0,Trochalopteron variegatum,Variegated Laughingthrush,0.9091,psl4,2024,05,22,06
516.0,519.0,Trochalopteron variegatum,Variegated Laughingthrush,0.7874,psl4,2024,05,22,06
522.0,525.0,Trochalopteron variegatum,Variegated Laughingthrush,0.9145,psl4,2024,05,22,06
528.0,531.0,Trochalopteron variegatum,Variegated Laughingthrush,0.9703,psl4,2024,05,22,06
531.0,534.0,Prunella strophiata,Rufous-breasted Accentor,0.5836,psl4,2024,05,22,06
570.0,573.0,Carpodacus erythrinus,Common Rosefinch,0.5489,psl4,2024,05,22,06
573.0,576.0,Carpodacus erythrinus,Common Rosefinch,0.7914,psl4,2024,05,22,06
621.0,624.0,Phylloscopus occipitalis,Western Crowned Warbler,0.6378,psl4,2024,05,22,06
624.0,627.0,Carpodacus erythrinus,Common Rosefinch,0.7664,psl4,2024,05,22,06
630.0,633.0,Carpodacus erythrinus,Common Rosefinch,0.6915,psl4,2024,05,22,06
660.0,663.0,Phylloscopus occipitalis,Western Crowned Warbler,0.6946,psl4,2024,05,22,06
681.0,684.0,Carpodacus erythrinus,Common Rosefinch,0.9035,psl4,2024,05,22,06
690.0,693.0,Carpodacus erythrinus,Common Rosefinch,0.9982,psl4,2024,05,22,06
693.0,696.0,Phylloscopus occipitalis,Western Crowned Warbler,0.6726,psl4,2024,05,22,06
702.0,705.0,Phylloscopus occipitalis,Western Crowned Warbler,0.8921,psl4,2024,05,22,06
708.0,711.0,Phylloscopus occipitalis,Western Crowned Warbler,0.6781,psl4,2024,05,22,06
711.0,714.0,Trochalopteron variegatum,Variegated Laughingthrush,0.9786,psl4,2024,05,22,06
726.0,729.0,Trochalopteron variegatum,Variegated Laughingthrush,0.9816,psl4,2024,05,22,06
729.0,732.0,Phylloscopus occipitalis,Western Crowned Warbler,0.8267,psl4,2024,05,22,06
732.0,735.0,Trochalopteron variegatum,Variegated Laughingthrush,0.9199,psl4,2024,05,22,06
738.0,741.0,Trochalopteron variegatum,Variegated Laughingthrush,0.975,psl4,2024,05,22,06
741.0,744.0,Phylloscopus occipitalis,Western Crowned Warbler,0.859,psl4,2024,05,22,06
747.0,750.0,Phylloscopus occipitalis,Western Crowned Warbler,0.603,psl4,2024,05,22,06
756.0,759.0,Phylloscopus occipitalis,Western Crowned Warbler,0.8407,psl4,2024,05,22,06
759.0,762.0,Carpodacus erythrinus,Common Rosefinch,0.8077,psl4,2024,05,22,06
762.0,765.0,Phylloscopus occipitalis,Western Crowned Warbler,0.7224,psl4,2024,05,22,06
765.0,768.0,Phylloscopus occipitalis,Western Crowned Warbler,0.5149,psl4,2024,05,22,06
768.0,771.0,Phylloscopus occipitalis,Western Crowned Warbler,0.5944,psl4,2024,05,22,06
777.0,780.0,Carpodacus erythrinus,Common Rosefinch,0.9191,psl4,2024,05,22,06
783.0,786.0,Carpodacus erythrinus,Common Rosefinch,0.8406,psl4,2024,05,22,06
786.0,789.0,Carpodacus erythrinus,Common Rosefinch,0.5572,psl4,2024,05,22,06
792.0,795.0,Carpodacus erythrinus,Common Rosefinch,0.8503,psl4,2024,05,22,06
801.0,804.0,Carpodacus erythrinus,Common Rosefinch,0.7154,psl4,2024,05,22,06
807.0,810.0,Carpodacus erythrinus,Common Rosefinch,0.82,psl4,2024,05,22,06
816.0,819.0,Carpodacus erythrinus,Common Rosefinch,0.6511,psl4,2024,05,22,06
852.0,855.0,Carpodacus erythrinus,Common Rosefinch,0.6156,psl4,2024,05,22,06
861.0,864.0,Carpodacus erythrinus,Common Rosefinch,0.6111,psl4,2024,05,22,06
867.0,870.0,Carpodacus erythrinus,Common Rosefinch,0.9257,psl4,2024,05,22,06
876.0,879.0,Carpodacus erythrinus,Common Rosefinch,0.7031,psl4,2024,05,22,06
885.0,888.0,Carpodacus erythrinus,Common Rosefinch,0.5175,psl4,2024,05,22,06
0.0,3.0,Prunella strophiata,Rufous-breasted Accentor,0.7966,psl4,2024,05,22,07
0.0,3.0,Phoenicurus frontalis,Blue-fronted Redstart,0.6836,psl4,2024,05,22,07
3.0,6.0,Prunella strophiata,Rufous-breasted Accentor,0.8072,psl4,2024,05,22,07
6.0,9.0,Prunella strophiata,Rufous-breasted Accentor,0.6081,psl4,2024,05,22,07
12.0,15.0,Prunella strophiata,Rufous-breasted Accentor,0.8413,psl4,2024,05,22,07
15.0,18.0,Prunella strophiata,Rufous-breasted Accentor,0.6813,psl4,2024,05,22,07
27.0,30.0,Prunella strophiata,Rufous-breasted Accentor,0.6993,psl4,2024,05,22,07
36.0,39.0,Phylloscopus occipitalis,Western Crowned Warbler,0.7705,psl4,2024,05,22,07
39.0,42.0,Phylloscopus occipitalis,Western Crowned Warbler,0.7009,psl4,2024,05,22,07
72.0,75.0,Carpodacus erythrinus,Common Rosefinch,0.8417,psl4,2024,05,22,07
102.0,105.0,Prunella strophiata,Rufous-breasted Accentor,0.7298,psl4,2024,05,22,07
120.0,123.0,Carpodacus erythrinus,Common Rosefinch,0.5611,psl4,2024,05,22,07
207.0,210.0,Carpodacus erythrinus,Common Rosefinch,0.5964,psl4,2024,05,22,07
240.0,243.0,Carpodacus erythrinus,Common Rosefinch,0.7939,psl4,2024,05,22,07
288.0,291.0,Phylloscopus occipitalis,Western Crowned Warbler,0.7908,psl4,2024,05,22,07
294.0,297.0,Phylloscopus occipitalis,Western Crowned Warbler,0.5596,psl4,2024,05,22,07
297.0,300.0,Phylloscopus occipitalis,Western Crowned Warbler,0.6579,psl4,2024,05,22,07
327.0,330.0,Phylloscopus occipitalis,Western Crowned Warbler,0.5879,psl4,2024,05,22,07
345.0,348.0,Phylloscopus occipitalis,Western Crowned Warbler,0.6651,psl4,2024,05,22,07
378.0,381.0,Phylloscopus humei,Hume's Warbler,0.8471,psl4,2024,05,22,07
387.0,390.0,Protonotaria citrea,Prothonotary Warbler,0.6664,psl4,2024,05,22,07
483.0,486.0,Ficedula parva,Red-breasted Flycatcher,0.8474,psl4,2024,05,22,07
489.0,492.0,Ficedula parva,Red-breasted Flycatcher,0.7436,psl4,2024,05,22,07
495.0,498.0,Ficedula parva,Red-breasted Flycatcher,0.9664,psl4,2024,05,22,07
498.0,501.0,Prunella strophiata,Rufous-breasted Accentor,0.8227,psl4,2024,05,22,07
501.0,504.0,Prunella strophiata,Rufous-breasted Accentor,0.6899,psl4,2024,05,22,07
516.0,519.0,Prunella strophiata,Rufous-breasted Accentor,0.5353,psl4,2024,05,22,07
519.0,522.0,Ficedula parva,Red-breasted Flycatcher,0.5266,psl4,2024,05,22,07
531.0,534.0,Ficedula parva,Red-breasted Flycatcher,0.8093,psl4,2024,05,22,07
531.0,534.0,Prunella strophiata,Rufous-breasted Accentor,0.5162,psl4,2024,05,22,07
534.0,537.0,Ficedula parva,Red-breasted Flycatcher,0.6914,psl4,2024,05,22,07
537.0,540.0,Prunella strophiata,Rufous-breasted Accentor,0.78,psl4,2024,05,22,07
540.0,543.0,Prunella strophiata,Rufous-breasted Accentor,0.5923,psl4,2024,05,22,07
543.0,546.0,Ficedula parva,Red-breasted Flycatcher,0.6609,psl4,2024,05,22,07
546.0,549.0,Prunella strophiata,Rufous-breasted Accentor,0.821,psl4,2024,05,22,07
549.0,552.0,Prunella strophiata,Rufous-breasted Accentor,0.5299,psl4,2024,05,22,07
558.0,561.0,Ficedula parva,Red-breasted Flycatcher,0.7461,psl4,2024,05,22,07
561.0,564.0,Prunella strophiata,Rufous-breasted Accentor,0.8303,psl4,2024,05,22,07
579.0,582.0,Prunella strophiata,Rufous-breasted Accentor,0.5108,psl4,2024,05,22,07
582.0,585.0,Ficedula parva,Red-breasted Flycatcher,0.6955,psl4,2024,05,22,07
585.0,588.0,Ficedula parva,Red-breasted Flycatcher,0.6186,psl4,2024,05,22,07
594.0,597.0,Prunella strophiata,Rufous-breasted Accentor,0.6163,psl4,2024,05,22,07
597.0,600.0,Ficedula parva,Red-breasted Flycatcher,0.6617,psl4,2024,05,22,07
609.0,612.0,Ficedula parva,Red-breasted Flycatcher,0.6862,psl4,2024,05,22,07
618.0,621.0,Prunella strophiata,Rufous-breasted Accentor,0.6674,psl4,2024,05,22,07
621.0,624.0,Prunella strophiata,Rufous-breasted Accentor,0.6307,psl4,2024,05,22,07
627.0,630.0,Phylloscopus humei,Hume's Warbler,0.9355,psl4,2024,05,22,07
642.0,645.0,Carpodacus erythrinus,Common Rosefinch,0.7158,psl4,2024,05,22,07
687.0,690.0,Phylloscopus humei,Hume's Warbler,0.6612,psl4,2024,05,22,07
693.0,696.0,Phylloscopus humei,Hume's Warbler,0.8149,psl4,2024,05,22,07
696.0,699.0,Phylloscopus humei,Hume's Warbler,0.6723,psl4,2024,05,22,07
699.0,702.0,Phylloscopus humei,Hume's Warbler,0.6941,psl4,2024,05,22,07
702.0,705.0,Phylloscopus humei,Hume's Warbler,0.8576,psl4,2024,05,22,07
705.0,708.0,Phylloscopus humei,Hume's Warbler,0.5205,psl4,2024,05,22,07
708.0,711.0,Phylloscopus humei,Hume's Warbler,0.7657,psl4,2024,05,22,07
786.0,789.0,Phylloscopus humei,Hume's Warbler,0.5812,psl4,2024,05,22,07
801.0,804.0,Phylloscopus humei,Hume's Warbler,0.7094,psl4,2024,05,22,07
804.0,807.0,Phylloscopus humei,Hume's Warbler,0.8033,psl4,2024,05,22,07
807.0,810.0,Phylloscopus humei,Hume's Warbler,0.7933,psl4,2024,05,22,07
3.0,6.0,Phylloscopus humei,Hume's Warbler,0.7228,psl4,2024,05,22,08
33.0,36.0,Phylloscopus sindianus,Mountain Chiffchaff,0.6739,psl4,2024,05,22,08
36.0,39.0,Phylloscopus humei,Hume's Warbler,0.705,psl4,2024,05,22,08
45.0,48.0,Phylloscopus humei,Hume's Warbler,0.5376,psl4,2024,05,22,08
48.0,51.0,Phylloscopus occipitalis,Western Crowned Warbler,0.5475,psl4,2024,05,22,08
57.0,60.0,Phylloscopus humei,Hume's Warbler,0.5341,psl4,2024,05,22,08
93.0,96.0,Phoenicurus auroreus,Daurian Redstart,0.915,psl4,2024,05,22,08
102.0,105.0,Ficedula tricolor,Slaty-blue Flycatcher,0.9478,psl4,2024,05,22,08
105.0,108.0,Phoenicurus auroreus,Daurian Redstart,0.8106,psl4,2024,05,22,08
129.0,132.0,Ficedula tricolor,Slaty-blue Flycatcher,0.9546,psl4,2024,05,22,08
147.0,150.0,Trochalopteron variegatum,Variegated Laughingthrush,0.8816,psl4,2024,05,22,08
150.0,153.0,Trochalopteron variegatum,Variegated Laughingthrush,0.8894,psl4,2024,05,22,08
156.0,159.0,Trochalopteron variegatum,Variegated Laughingthrush,0.6803,psl4,2024,05,22,08
159.0,162.0,Trochalopteron variegatum,Variegated Laughingthrush,0.6087,psl4,2024,05,22,08
165.0,168.0,Trochalopteron variegatum,Variegated Laughingthrush,0.8793,psl4,2024,05,22,08
171.0,174.0,Trochalopteron variegatum,Variegated Laughingthrush,0.6436,psl4,2024,05,22,08
174.0,177.0,Trochalopteron variegatum,Variegated Laughingthrush,0.5477,psl4,2024,05,22,08
177.0,180.0,Trochalopteron variegatum,Variegated Laughingthrush,0.6973,psl4,2024,05,22,08
180.0,183.0,Trochalopteron variegatum,Variegated Laughingthrush,0.9553,psl4,2024,05,22,08
186.0,189.0,Trochalopteron variegatum,Variegated Laughingthrush,0.8977,psl4,2024,05,22,08
189.0,192.0,Ficedula tricolor,Slaty-blue Flycatcher,0.9785,psl4,2024,05,22,08
192.0,195.0,Trochalopteron variegatum,Variegated Laughingthrush,0.9195,psl4,2024,05,22,08
195.0,198.0,Trochalopteron variegatum,Variegated Laughingthrush,0.6688,psl4,2024,05,22,08
198.0,201.0,Trochalopteron variegatum,Variegated Laughingthrush,0.7182,psl4,2024,05,22,08
204.0,207.0,Trochalopteron variegatum,Variegated Laughingthrush,0.5887,psl4,2024,05,22,08
210.0,213.0,Trochalopteron variegatum,Variegated Laughingthrush,0.9051,psl4,2024,05,22,08
216.0,219.0,Trochalopteron variegatum,Variegated Laughingthrush,0.8826,psl4,2024,05,22,08
222.0,225.0,Trochalopteron variegatum,Variegated Laughingthrush,0.8063,psl4,2024,05,22,08
231.0,234.0,Trochalopteron variegatum,Variegated Laughingthrush,0.7212,psl4,2024,05,22,08
237.0,240.0,Trochalopteron variegatum,Variegated Laughingthrush,0.862,psl4,2024,05,22,08
243.0,246.0,Trochalopteron variegatum,Variegated Laughingthrush,0.9769,psl4,2024,05,22,08
249.0,252.0,Trochalopteron variegatum,Variegated Laughingthrush,0.9409,psl4,2024,05,22,08
252.0,255.0,Phylloscopus occipitalis,Western Crowned Warbler,0.6551,psl4,2024,05,22,08
255.0,258.0,Trochalopteron variegatum,Variegated Laughingthrush,0.7266,psl4,2024,05,22,08
261.0,264.0,Phylloscopus occipitalis,Western Crowned Warbler,0.7659,psl4,2024,05,22,08
267.0,270.0,Phylloscopus humei,Hume's Warbler,0.9874,psl4,2024,05,22,08
273.0,276.0,Phylloscopus occipitalis,Western Crowned Warbler,0.5957,psl4,2024,05,22,08
279.0,282.0,Ficedula tricolor,Slaty-blue Flycatcher,0.6336,psl4,2024,05,22,08
282.0,285.0,Ficedula tricolor,Slaty-blue Flycatcher,0.5753,psl4,2024,05,22,08
285.0,288.0,Ficedula tricolor,Slaty-blue Flycatcher,0.8902,psl4,2024,05,22,08
297.0,300.0,Ficedula tricolor,Slaty-blue Flycatcher,0.7727,psl4,2024,05,22,08
315.0,318.0,Trochalopteron variegatum,Variegated Laughingthrush,0.9498,psl4,2024,05,22,08
336.0,339.0,Ficedula tricolor,Slaty-blue Flycatcher,0.9709,psl4,2024,05,22,08
342.0,345.0,Ficedula tricolor,Slaty-blue Flycatcher,0.9862,psl4,2024,05,22,08
348.0,351.0,Ficedula tricolor,Slaty-blue Flycatcher,0.5827,psl4,2024,05,22,08
360.0,363.0,Ficedula tricolor,Slaty-blue Flycatcher,0.6535,psl4,2024,05,22,08
360.0,363.0,Setophaga coronata,Yellow-rumped Warbler,0.5577,psl4,2024,05,22,08
372.0,375.0,Ficedula tricolor,Slaty-blue Flycatcher,0.6376,psl4,2024,05,22,08
387.0,390.0,Phylloscopus occipitalis,Western Crowned Warbler,0.9987,psl4,2024,05,22,08
390.0,393.0,Phylloscopus occipitalis,Western Crowned Warbler,0.5469,psl4,2024,05,22,08
399.0,402.0,Phylloscopus occipitalis,Western Crowned Warbler,0.939,psl4,2024,05,22,08
408.0,411.0,Phylloscopus occipitalis,Western Crowned Warbler,0.9109,psl4,2024,05,22,08
411.0,414.0,Trochalopteron variegatum,Variegated Laughingthrush,0.9395,psl4,2024,05,22,08
423.0,426.0,Trochalopteron variegatum,Variegated Laughingthrush,0.998,psl4,2024,05,22,08
441.0,444.0,Trochalopteron variegatum,Variegated Laughingthrush,0.983,psl4,2024,05,22,08
456.0,459.0,Phylloscopus occipitalis,Western Crowned Warbler,0.9301,psl4,2024,05,22,08
459.0,462.0,Trochalopteron variegatum,Variegated Laughingthrush,0.7814,psl4,2024,05,22,08
459.0,462.0,Phylloscopus occipitalis,Western Crowned Warbler,0.5707,psl4,2024,05,22,08
465.0,468.0,Trochalopteron variegatum,Variegated Laughingthrush,0.8826,psl4,2024,05,22,08
480.0,483.0,Phylloscopus humei,Hume's Warbler,0.5359,psl4,2024,05,22,08
483.0,486.0,Phylloscopus humei,Hume's Warbler,0.7165,psl4,2024,05,22,08
543.0,546.0,Trochalopteron variegatum,Variegated Laughingthrush,0.9416,psl4,2024,05,22,08
552.0,555.0,Trochalopteron variegatum,Variegated Laughingthrush,0.8472,psl4,2024,05,22,08
558.0,561.0,Phylloscopus occipitalis,Western Crowned Warbler,0.5214,psl4,2024,05,22,08
561.0,564.0,Trochalopteron variegatum,Variegated Laughingthrush,0.9426,psl4,2024,05,22,08
579.0,582.0,Phylloscopus humei,Hume's Warbler,0.6451,psl4,2024,05,22,08
588.0,591.0,Phylloscopus humei,Hume's Warbler,0.6731,psl4,2024,05,22,08
597.0,600.0,Phylloscopus humei,Hume's Warbler,0.7938,psl4,2024,05,22,08
600.0,603.0,Phylloscopus humei,Hume's Warbler,0.9797,psl4,2024,05,22,08
603.0,606.0,Phylloscopus humei,Hume's Warbler,0.9433,psl4,2024,05,22,08
612.0,615.0,Trochalopteron variegatum,Variegated Laughingthrush,0.533,psl4,2024,05,22,08
615.0,618.0,Phylloscopus humei,Hume's Warbler,0.7253,psl4,2024,05,22,08
621.0,624.0,Carpodacus erythrinus,Common Rosefinch,0.8834,psl4,2024,05,22,08
642.0,645.0,Phylloscopus humei,Hume's Warbler,0.7107,psl4,2024,05,22,08
645.0,648.0,Phylloscopus humei,Hume's Warbler,0.9036,psl4,2024,05,22,08
648.0,651.0,Phylloscopus humei,Hume's Warbler,0.5541,psl4,2024,05,22,08
654.0,657.0,Phylloscopus humei,Hume's Warbler,0.6625,psl4,2024,05,22,08
663.0,666.0,Trochalopteron variegatum,Variegated Laughingthrush,0.513,psl4,2024,05,22,08
666.0,669.0,Phylloscopus humei,Hume's Warbler,0.9337,psl4,2024,05,22,08
678.0,681.0,Phylloscopus humei,Hume's Warbler,0.6606,psl4,2024,05,22,08
681.0,684.0,Trochalopteron variegatum,Variegated Laughingthrush,0.6325,psl4,2024,05,22,08
690.0,693.0,Trochalopteron variegatum,Variegated Laughingthrush,0.6578,psl4,2024,05,22,08
693.0,696.0,Phylloscopus occipitalis,Western Crowned Warbler,0.9513,psl4,2024,05,22,08
699.0,702.0,Phylloscopus humei,Hume's Warbler,0.5669,psl4,2024,05,22,08
711.0,714.0,Phylloscopus humei,Hume's Warbler,0.7979,psl4,2024,05,22,08
720.0,723.0,Phylloscopus occipitalis,Western Crowned Warbler,0.9628,psl4,2024,05,22,08
735.0,738.0,Phylloscopus humei,Hume's Warbler,0.6507,psl4,2024,05,22,08
738.0,741.0,Phylloscopus occipitalis,Western Crowned Warbler,0.7962,psl4,2024,05,22,08
741.0,744.0,Phylloscopus occipitalis,Western Crowned Warbler,0.9106,psl4,2024,05,22,08
747.0,750.0,Phylloscopus occipitalis,Western Crowned Warbler,0.9866,psl4,2024,05,22,08
756.0,759.0,Phylloscopus occipitalis,Western Crowned Warbler,0.9327,psl4,2024,05,22,08
759.0,762.0,Phylloscopus occipitalis,Western Crowned Warbler,0.6211,psl4,2024,05,22,08
765.0,768.0,Phylloscopus occipitalis,Western Crowned Warbler,0.7456,psl4,2024,05,22,08
768.0,771.0,Phylloscopus occipitalis,Western Crowned Warbler,0.8104,psl4,2024,05,22,08
771.0,774.0,Phylloscopus occipitalis,Western Crowned Warbler,0.7885,psl4,2024,05,22,08
774.0,777.0,Phylloscopus occipitalis,Western Crowned Warbler,0.634,psl4,2024,05,22,08
777.0,780.0,Phylloscopus humei,Hume's Warbler,0.7755,psl4,2024,05,22,08
783.0,786.0,Phylloscopus humei,Hume's Warbler,0.8033,psl4,2024,05,22,08
792.0,795.0,Phylloscopus occipitalis,Western Crowned Warbler,0.7191,psl4,2024,05,22,08
804.0,807.0,Phylloscopus occipitalis,Western Crowned Warbler,0.672,psl4,2024,05,22,08
813.0,816.0,Phylloscopus occipitalis,Western Crowned Warbler,0.968,psl4,2024,05,22,08
816.0,819.0,Carpodacus erythrinus,Common Rosefinch,0.9439,psl4,2024,05,22,08
819.0,822.0,Phylloscopus occipitalis,Western Crowned Warbler,0.6496,psl4,2024,05,22,08
825.0,828.0,Phylloscopus occipitalis,Western Crowned Warbler,0.6286,psl4,2024,05,22,08
834.0,837.0,Phylloscopus occipitalis,Western Crowned Warbler,0.9146,psl4,2024,05,22,08
837.0,840.0,Phylloscopus occipitalis,Western Crowned Warbler,0.9805,psl4,2024,05,22,08
840.0,843.0,Phylloscopus occipitalis,Western Crowned Warbler,0.9448,psl4,2024,05,22,08
843.0,846.0,Phylloscopus occipitalis,Western Crowned Warbler,0.6273,psl4,2024,05,22,08
855.0,858.0,Phylloscopus occipitalis,Western Crowned Warbler,0.8445,psl4,2024,05,22,08
858.0,861.0,Phylloscopus occipitalis,Western Crowned Warbler,0.861,psl4,2024,05,22,08
867.0,870.0,Prunella strophiata,Rufous-breasted Accentor,0.596,psl4,2024,05,22,08
873.0,876.0,Prunella strophiata,Rufous-breasted Accentor,0.6643,psl4,2024,05,22,08
879.0,882.0,Phylloscopus occipitalis,Western Crowned Warbler,0.6806,psl4,2024,05,22,08
879.0,882.0,Piranga leucoptera,White-winged Tanager,0.5387,psl4,2024,05,22,08
888.0,891.0,Phylloscopus occipitalis,Western Crowned Warbler,0.6071,psl4,2024,05,22,08
897.0,900.0,Phylloscopus occipitalis,Western Crowned Warbler,0.9662,psl4,2024,05,22,08
6.0,9.0,Phylloscopus affinis,Tickell's Leaf Warbler,0.8489,psl4,2024,05,22,09
15.0,18.0,Prunella strophiata,Rufous-breasted Accentor,0.8737,psl4,2024,05,22,09
21.0,24.0,Prunella strophiata,Rufous-breasted Accentor,0.7725,psl4,2024,05,22,09
36.0,39.0,Trochalopteron variegatum,Variegated Laughingthrush,0.5808,psl4,2024,05,22,09
36.0,39.0,Trochalopteron subunicolor,Scaly Laughingthrush,0.5748,psl4,2024,05,22,09
42.0,45.0,Trochalopteron variegatum,Variegated Laughingthrush,0.8129,psl4,2024,05,22,09
57.0,60.0,Phylloscopus affinis,Tickell's Leaf Warbler,0.5203,psl4,2024,05,22,09
63.0,66.0,Phylloscopus humei,Hume's Warbler,0.868,psl4,2024,05,22,09
66.0,69.0,Phylloscopus humei,Hume's Warbler,0.8851,psl4,2024,05,22,09
69.0,72.0,Trochalopteron variegatum,Variegated Laughingthrush,0.7846,psl4,2024,05,22,09
72.0,75.0,Phylloscopus humei,Hume's Warbler,0.6065,psl4,2024,05,22,09
75.0,78.0,Phylloscopus humei,Hume's Warbler,0.9548,psl4,2024,05,22,09
78.0,81.0,Trochalopteron variegatum,Variegated Laughingthrush,0.9526,psl4,2024,05,22,09
84.0,87.0,Trochalopteron variegatum,Variegated Laughingthrush,0.8583,psl4,2024,05,22,09
87.0,90.0,Phylloscopus humei,Hume's Warbler,0.6613,psl4,2024,05,22,09
93.0,96.0,Phylloscopus humei,Hume's Warbler,0.6682,psl4,2024,05,22,09
93.0,96.0,Trochalopteron variegatum,Variegated Laughingthrush,0.6042,psl4,2024,05,22,09
99.0,102.0,Phylloscopus humei,Hume's Warbler,0.665,psl4,2024,05,22,09
102.0,105.0,Phylloscopus humei,Hume's Warbler,0.5347,psl4,2024,05,22,09
126.0,129.0,Trochalopteron variegatum,Variegated Laughingthrush,0.6358,psl4,2024,05,22,09
132.0,135.0,Phylloscopus occipitalis,Western Crowned Warbler,0.8029,psl4,2024,05,22,09
138.0,141.0,Phylloscopus occipitalis,Western Crowned Warbler,0.6999,psl4,2024,05,22,09
144.0,147.0,Phylloscopus occipitalis,Western Crowned Warbler,0.7518,psl4,2024,05,22,09
147.0,150.0,Phylloscopus occipitalis,Western Crowned Warbler,0.7923,psl4,2024,05,22,09
171.0,174.0,Phylloscopus occipitalis,Western Crowned Warbler,0.5697,psl4,2024,05,22,09
183.0,186.0,Phylloscopus occipitalis,Western Crowned Warbler,0.6506,psl4,2024,05,22,09
189.0,192.0,Phylloscopus occipitalis,Western Crowned Warbler,0.7477,psl4,2024,05,22,09
192.0,195.0,Phylloscopus occipitalis,Western Crowned Warbler,0.7402,psl4,2024,05,22,09
210.0,213.0,Phylloscopus occipitalis,Western Crowned Warbler,0.5957,psl4,2024,05,22,09
222.0,225.0,Phylloscopus occipitalis,Western Crowned Warbler,0.6869,psl4,2024,05,22,09
327.0,330.0,Phylloscopus occipitalis,Western Crowned Warbler,0.8125,psl4,2024,05,22,09
330.0,333.0,Phylloscopus occipitalis,Western Crowned Warbler,0.7261,psl4,2024,05,22,09
369.0,372.0,Phylloscopus occipitalis,Western Crowned Warbler,0.5469,psl4,2024,05,22,09
381.0,384.0,Phylloscopus humei,Hume's Warbler,0.9032,psl4,2024,05,22,09
387.0,390.0,Phylloscopus occipitalis,Western Crowned Warbler,0.7572,psl4,2024,05,22,09
390.0,393.0,Phylloscopus occipitalis,Western Crowned Warbler,0.9321,psl4,2024,05,22,09
411.0,414.0,Trochalopteron variegatum,Variegated Laughingthrush,0.8915,psl4,2024,05,22,09
423.0,426.0,Trochalopteron variegatum,Variegated Laughingthrush,0.9716,psl4,2024,05,22,09
426.0,429.0,Phylloscopus occipitalis,Western Crowned Warbler,0.5308,psl4,2024,05,22,09
429.0,432.0,Trochalopteron variegatum,Variegated Laughingthrush,0.9776,psl4,2024,05,22,09
435.0,438.0,Trochalopteron variegatum,Variegated Laughingthrush,0.9504,psl4,2024,05,22,09
444.0,447.0,Trochalopteron variegatum,Variegated Laughingthrush,0.9771,psl4,2024,05,22,09
450.0,453.0,Trochalopteron variegatum,Variegated Laughingthrush,0.8666,psl4,2024,05,22,09
456.0,459.0,Trochalopteron variegatum,Variegated Laughingthrush,0.9494,psl4,2024,05,22,09
456.0,459.0,Trochalopteron subunicolor,Scaly Laughingthrush,0.6634,psl4,2024,05,22,09
492.0,495.0,Trochalopteron variegatum,Variegated Laughingthrush,0.7814,psl4,2024,05,22,09
498.0,501.0,Trochalopteron variegatum,Variegated Laughingthrush,0.7762,psl4,2024,05,22,09
504.0,507.0,Trochalopteron variegatum,Variegated Laughingthrush,0.9712,psl4,2024,05,22,09
513.0,516.0,Trochalopteron variegatum,Variegated Laughingthrush,0.9566,psl4,2024,05,22,09
516.0,519.0,Phylloscopus occipitalis,Western Crowned Warbler,0.503,psl4,2024,05,22,09
519.0,522.0,Trochalopteron variegatum,Variegated Laughingthrush,0.9479,psl4,2024,05,22,09
528.0,531.0,Trochalopteron variegatum,Variegated Laughingthrush,0.8761,psl4,2024,05,22,09
534.0,537.0,Trochalopteron variegatum,Variegated Laughingthrush,0.9551,psl4,2024,05,22,09
540.0,543.0,Trochalopteron variegatum,Variegated Laughingthrush,0.8231,psl4,2024,05,22,09
543.0,546.0,Trochalopteron variegatum,Variegated Laughingthrush,0.9258,psl4,2024,05,22,09
549.0,552.0,Trochalopteron affine,Black-faced Laughingthrush,0.5626,psl4,2024,05,22,09
549.0,552.0,Trochalopteron variegatum,Variegated Laughingthrush,0.544,psl4,2024,05,22,09
555.0,558.0,Trochalopteron variegatum,Variegated Laughingthrush,0.5674,psl4,2024,05,22,09
558.0,561.0,Trochalopteron variegatum,Variegated Laughingthrush,0.6031,psl4,2024,05,22,09
561.0,564.0,Trochalopteron variegatum,Variegated Laughingthrush,0.9864,psl4,2024,05,22,09
567.0,570.0,Trochalopteron variegatum,Variegated Laughingthrush,0.9062,psl4,2024,05,22,09
573.0,576.0,Trochalopteron variegatum,Variegated Laughingthrush,0.8051,psl4,2024,05,22,09
582.0,585.0,Luscinia phaenicuroides,White-bellied Redstart,0.6911,psl4,2024,05,22,09
630.0,633.0,Phylloscopus occipitalis,Western Crowned Warbler,0.7255,psl4,2024,05,22,09
639.0,642.0,Phylloscopus occipitalis,Western Crowned Warbler,0.8646,psl4,2024,05,22,09
654.0,657.0,Phylloscopus occipitalis,Western Crowned Warbler,0.5607,psl4,2024,05,22,09
666.0,669.0,Phylloscopus occipitalis,Western Crowned Warbler,0.8541,psl4,2024,05,22,09
693.0,696.0,Phylloscopus occipitalis,Western Crowned Warbler,0.6239,psl4,2024,05,22,09
696.0,699.0,Phylloscopus occipitalis,Western Crowned Warbler,0.8846,psl4,2024,05,22,09
708.0,711.0,Phylloscopus occipitalis,Western Crowned Warbler,0.8646,psl4,2024,05,22,09
729.0,732.0,Prunella strophiata,Rufous-breasted Accentor,0.6152,psl4,2024,05,22,09
750.0,753.0,Phylloscopus occipitalis,Western Crowned Warbler,0.6086,psl4,2024,05,22,09
813.0,816.0,Phylloscopus occipitalis,Western Crowned Warbler,0.5877,psl4,2024,05,22,09
825.0,828.0,Phylloscopus occipitalis,Western Crowned Warbler,0.769,psl4,2024,05,22,09
837.0,840.0,Phylloscopus occipitalis,Western Crowned Warbler,0.5911,psl4,2024,05,22,09
876.0,879.0,Phylloscopus humei,Hume's Warbler,0.5853,psl4,2024,05,22,09
891.0,894.0,Phylloscopus humei,Hume's Warbler,0.7571,psl4,2024,05,22,09
897.0,900.0,Phylloscopus humei,Hume's Warbler,0.7281,psl4,2024,05,22,09
3.0,6.0,Ficedula tricolor,Slaty-blue Flycatcher,0.9129,psl4,2024,05,23,06
6.0,9.0,Ficedula tricolor,Slaty-blue Flycatcher,0.9891,psl4,2024,05,23,06
18.0,21.0,Ficedula tricolor,Slaty-blue Flycatcher,0.9893,psl4,2024,05,23,06
21.0,24.0,Geothlypis tolmiei,MacGillivray's Warbler,0.8631,psl4,2024,05,23,06
24.0,27.0,Ficedula tricolor,Slaty-blue Flycatcher,0.9813,psl4,2024,05,23,06
27.0,30.0,Geothlypis tolmiei,MacGillivray's Warbler,0.7352,psl4,2024,05,23,06
30.0,33.0,Ficedula tricolor,Slaty-blue Flycatcher,0.5657,psl4,2024,05,23,06
33.0,36.0,Phylloscopus occipitalis,Western Crowned Warbler,0.9606,psl4,2024,05,23,06
36.0,39.0,Phylloscopus occipitalis,Western Crowned Warbler,0.8996,psl4,2024,05,23,06
42.0,45.0,Phylloscopus occipitalis,Western Crowned Warbler,0.9618,psl4,2024,05,23,06
63.0,66.0,Ficedula tricolor,Slaty-blue Flycatcher,0.7795,psl4,2024,05,23,06
78.0,81.0,Ficedula tricolor,Slaty-blue Flycatcher,0.5946,psl4,2024,05,23,06
84.0,87.0,Luscinia phaenicuroides,White-bellied Redstart,0.5447,psl4,2024,05,23,06
87.0,90.0,Ficedula tricolor,Slaty-blue Flycatcher,0.9968,psl4,2024,05,23,06
90.0,93.0,Ficedula tricolor,Slaty-blue Flycatcher,0.9953,psl4,2024,05,23,06
93.0,96.0,Ficedula tricolor,Slaty-blue Flycatcher,0.9964,psl4,2024,05,23,06
96.0,99.0,Ficedula tricolor,Slaty-blue Flycatcher,0.6232,psl4,2024,05,23,06
99.0,102.0,Ficedula tricolor,Slaty-blue Flycatcher,0.8735,psl4,2024,05,23,06
102.0,105.0,Ficedula tricolor,Slaty-blue Flycatcher,0.5759,psl4,2024,05,23,06
120.0,123.0,Ficedula tricolor,Slaty-blue Flycatcher,0.7532,psl4,2024,05,23,06
123.0,126.0,Ficedula tricolor,Slaty-blue Flycatcher,0.7125,psl4,2024,05,23,06
129.0,132.0,Trochalopteron variegatum,Variegated Laughingthrush,0.6828,psl4,2024,05,23,06
138.0,141.0,Trochalopteron variegatum,Variegated Laughingthrush,0.6358,psl4,2024,05,23,06
156.0,159.0,Trochalopteron variegatum,Variegated Laughingthrush,0.915,psl4,2024,05,23,06
159.0,162.0,Trochalopteron variegatum,Variegated Laughingthrush,0.5959,psl4,2024,05,23,06
159.0,162.0,Larvivora brunnea,Indian Blue Robin,0.5638,psl4,2024,05,23,06
165.0,168.0,Trochalopteron variegatum,Variegated Laughingthrush,0.7816,psl4,2024,05,23,06
171.0,174.0,Trochalopteron variegatum,Variegated Laughingthrush,0.7887,psl4,2024,05,23,06
174.0,177.0,Trochalopteron variegatum,Variegated Laughingthrush,0.841,psl4,2024,05,23,06
189.0,192.0,Trochalopteron variegatum,Variegated Laughingthrush,0.7873,psl4,2024,05,23,06
192.0,195.0,Phylloscopus humei,Hume's Warbler,0.6423,psl4,2024,05,23,06
204.0,207.0,Trochalopteron variegatum,Variegated Laughingthrush,0.9801,psl4,2024,05,23,06
216.0,219.0,Trochalopteron variegatum,Variegated Laughingthrush,0.9173,psl4,2024,05,23,06
225.0,228.0,Trochalopteron variegatum,Variegated Laughingthrush,0.8878,psl4,2024,05,23,06
231.0,234.0,Trochalopteron variegatum,Variegated Laughingthrush,0.6051,psl4,2024,05,23,06
243.0,246.0,Trochalopteron variegatum,Variegated Laughingthrush,0.7843,psl4,2024,05,23,06
252.0,255.0,Trochalopteron variegatum,Variegated Laughingthrush,0.6281,psl4,2024,05,23,06
264.0,267.0,Trochalopteron variegatum,Variegated Laughingthrush,0.7502,psl4,2024,05,23,06
267.0,270.0,Larvivora brunnea,Indian Blue Robin,0.9238,psl4,2024,05,23,06
321.0,324.0,Carpodacus erythrinus,Common Rosefinch,0.6765,psl4,2024,05,23,06
333.0,336.0,Trochalopteron variegatum,Variegated Laughingthrush,0.9438,psl4,2024,05,23,06
342.0,345.0,Trochalopteron variegatum,Variegated Laughingthrush,0.5564,psl4,2024,05,23,06
348.0,351.0,Trochalopteron variegatum,Variegated Laughingthrush,0.8126,psl4,2024,05,23,06
360.0,363.0,Trochalopteron variegatum,Variegated Laughingthrush,0.6876,psl4,2024,05,23,06
369.0,372.0,Trochalopteron variegatum,Variegated Laughingthrush,0.662,psl4,2024,05,23,06
372.0,375.0,Trochalopteron variegatum,Variegated Laughingthrush,0.6978,psl4,2024,05,23,06
375.0,378.0,Trochalopteron variegatum,Variegated Laughingthrush,0.9416,psl4,2024,05,23,06
381.0,384.0,Trochalopteron variegatum,Variegated Laughingthrush,0.6721,psl4,2024,05,23,06
384.0,387.0,Trochalopteron variegatum,Variegated Laughingthrush,0.7668,psl4,2024,05,23,06
390.0,393.0,Trochalopteron variegatum,Variegated Laughingthrush,0.8844,psl4,2024,05,23,06
405.0,408.0,Phylloscopus occipitalis,Western Crowned Warbler,0.995,psl4,2024,05,23,06
408.0,411.0,Phylloscopus occipitalis,Western Crowned Warbler,0.5311,psl4,2024,05,23,06
435.0,438.0,Phylloscopus occipitalis,Western Crowned Warbler,0.9651,psl4,2024,05,23,06
444.0,447.0,Phylloscopus occipitalis,Western Crowned Warbler,0.9516,psl4,2024,05,23,06
447.0,450.0,Phylloscopus occipitalis,Western Crowned Warbler,0.5519,psl4,2024,05,23,06
456.0,459.0,Trochalopteron variegatum,Variegated Laughingthrush,0.8499,psl4,2024,05,23,06
462.0,465.0,Trochalopteron variegatum,Variegated Laughingthrush,0.6432,psl4,2024,05,23,06
480.0,483.0,Phylloscopus occipitalis,Western Crowned Warbler,0.8731,psl4,2024,05,23,06
483.0,486.0,Phylloscopus occipitalis,Western Crowned Warbler,0.6031,psl4,2024,05,23,06
486.0,489.0,Phylloscopus occipitalis,Western Crowned Warbler,0.6771,psl4,2024,05,23,06
492.0,495.0,Phylloscopus occipitalis,Western Crowned Warbler,0.5007,psl4,2024,05,23,06
495.0,498.0,Phylloscopus occipitalis,Western Crowned Warbler,0.8083,psl4,2024,05,23,06
501.0,504.0,Carpodacus erythrinus,Common Rosefinch,0.692,psl4,2024,05,23,06
510.0,513.0,Phylloscopus occipitalis,Western Crowned Warbler,0.5823,psl4,2024,05,23,06
519.0,522.0,Phylloscopus occipitalis,Western Crowned Warbler,0.544,psl4,2024,05,23,06
522.0,525.0,Phylloscopus occipitalis,Western Crowned Warbler,0.6101,psl4,2024,05,23,06
528.0,531.0,Phylloscopus occipitalis,Western Crowned Warbler,0.9281,psl4,2024,05,23,06
537.0,540.0,Phylloscopus occipitalis,Western Crowned Warbler,0.7801,psl4,2024,05,23,06
561.0,564.0,Trochalopteron variegatum,Variegated Laughingthrush,0.9026,psl4,2024,05,23,06
564.0,567.0,Carpodacus erythrinus,Common Rosefinch,0.7633,psl4,2024,05,23,06
567.0,570.0,Trochalopteron variegatum,Variegated Laughingthrush,0.5424,psl4,2024,05,23,06
573.0,576.0,Carpodacus erythrinus,Common Rosefinch,0.8268,psl4,2024,05,23,06
582.0,585.0,Trochalopteron variegatum,Variegated Laughingthrush,0.7486,psl4,2024,05,23,06
588.0,591.0,Trochalopteron variegatum,Variegated Laughingthrush,0.5159,psl4,2024,05,23,06
591.0,594.0,Trochalopteron variegatum,Variegated Laughingthrush,0.7677,psl4,2024,05,23,06
594.0,597.0,Phylloscopus occipitalis,Western Crowned Warbler,0.9748,psl4,2024,05,23,06
603.0,606.0,Phylloscopus occipitalis,Western Crowned Warbler,0.7719,psl4,2024,05,23,06
609.0,612.0,Phylloscopus occipitalis,Western Crowned Warbler,0.5787,psl4,2024,05,23,06
612.0,615.0,Phylloscopus occipitalis,Western Crowned Warbler,0.774,psl4,2024,05,23,06
615.0,618.0,Phylloscopus occipitalis,Western Crowned Warbler,0.8673,psl4,2024,05,23,06
624.0,627.0,Phylloscopus occipitalis,Western Crowned Warbler,0.7626,psl4,2024,05,23,06
627.0,630.0,Phylloscopus occipitalis,Western Crowned Warbler,0.7186,psl4,2024,05,23,06
630.0,633.0,Phylloscopus occipitalis,Western Crowned Warbler,0.8714,psl4,2024,05,23,06
633.0,636.0,Phylloscopus occipitalis,Western Crowned Warbler,0.7009,psl4,2024,05,23,06
636.0,639.0,Phylloscopus occipitalis,Western Crowned Warbler,0.6509,psl4,2024,05,23,06
639.0,642.0,Phylloscopus occipitalis,Western Crowned Warbler,0.6628,psl4,2024,05,23,06
645.0,648.0,Phylloscopus occipitalis,Western Crowned Warbler,0.5419,psl4,2024,05,23,06
648.0,651.0,Phylloscopus occipitalis,Western Crowned Warbler,0.8275,psl4,2024,05,23,06
690.0,693.0,Phylloscopus occipitalis,Western Crowned Warbler,0.8385,psl4,2024,05,23,06
693.0,696.0,Phylloscopus occipitalis,Western Crowned Warbler,0.8013,psl4,2024,05,23,06
699.0,702.0,Phylloscopus occipitalis,Western Crowned Warbler,0.9204,psl4,2024,05,23,06
702.0,705.0,Phylloscopus occipitalis,Western Crowned Warbler,0.7204,psl4,2024,05,23,06
729.0,732.0,Phylloscopus occipitalis,Western Crowned Warbler,0.5874,psl4,2024,05,23,06
738.0,741.0,Phylloscopus occipitalis,Western Crowned Warbler,0.6251,psl4,2024,05,23,06
753.0,756.0,Phylloscopus occipitalis,Western Crowned Warbler,0.9764,psl4,2024,05,23,06
756.0,759.0,Phylloscopus occipitalis,Western Crowned Warbler,0.6203,psl4,2024,05,23,06
822.0,825.0,Larvivora brunnea,Indian Blue Robin,0.7788,psl4,2024,05,23,06
846.0,849.0,Carpodacus erythrinus,Common Rosefinch,0.7449,psl4,2024,05,23,06
855.0,858.0,Larvivora brunnea,Indian Blue Robin,0.8571,psl4,2024,05,23,06
867.0,870.0,Carpodacus erythrinus,Common Rosefinch,0.6372,psl4,2024,05,23,06
873.0,876.0,Carpodacus erythrinus,Common Rosefinch,0.7135,psl4,2024,05,23,06
891.0,894.0,Larvivora brunnea,Indian Blue Robin,0.9492,psl4,2024,05,23,06
0.0,3.0,Larvivora brunnea,Indian Blue Robin,0.9956,psl4,2024,05,23,07
6.0,9.0,Phylloscopus humei,Hume's Warbler,0.7907,psl4,2024,05,23,07
24.0,27.0,Ficedula tricolor,Slaty-blue Flycatcher,0.5863,psl4,2024,05,23,07
36.0,39.0,Larvivora brunnea,Indian Blue Robin,0.9987,psl4,2024,05,23,07
39.0,42.0,Ficedula tricolor,Slaty-blue Flycatcher,0.6802,psl4,2024,05,23,07
48.0,51.0,Carpodacus erythrinus,Common Rosefinch,0.8354,psl4,2024,05,23,07
57.0,60.0,Ficedula tricolor,Slaty-blue Flycatcher,0.7482,psl4,2024,05,23,07
60.0,63.0,Ficedula tricolor,Slaty-blue Flycatcher,0.9994,psl4,2024,05,23,07
63.0,66.0,Geothlypis tolmiei,MacGillivray's Warbler,0.8759,psl4,2024,05,23,07
66.0,69.0,Ficedula tricolor,Slaty-blue Flycatcher,0.9892,psl4,2024,05,23,07
69.0,72.0,Ficedula tricolor,Slaty-blue Flycatcher,0.9988,psl4,2024,05,23,07
72.0,75.0,Ficedula tricolor,Slaty-blue Flycatcher,0.9974,psl4,2024,05,23,07
75.0,78.0,Ficedula tricolor,Slaty-blue Flycatcher,0.9917,psl4,2024,05,23,07
78.0,81.0,Ficedula tricolor,Slaty-blue Flycatcher,0.9989,psl4,2024,05,23,07
81.0,84.0,Ficedula tricolor,Slaty-blue Flycatcher,0.9919,psl4,2024,05,23,07
84.0,87.0,Larvivora brunnea,Indian Blue Robin,0.5972,psl4,2024,05,23,07
90.0,93.0,Ficedula tricolor,Slaty-blue Flycatcher,0.9673,psl4,2024,05,23,07
93.0,96.0,Ficedula tricolor,Slaty-blue Flycatcher,0.9939,psl4,2024,05,23,07
96.0,99.0,Ficedula tricolor,Slaty-blue Flycatcher,0.9985,psl4,2024,05,23,07
99.0,102.0,Phylloscopus occipitalis,Western Crowned Warbler,0.5882,psl4,2024,05,23,07
99.0,102.0,Phylloscopus tytleri,Tytler's Leaf Warbler,0.5876,psl4,2024,05,23,07
102.0,105.0,Phylloscopus occipitalis,Western Crowned Warbler,0.8324,psl4,2024,05,23,07
108.0,111.0,Ficedula tricolor,Slaty-blue Flycatcher,0.9507,psl4,2024,05,23,07
111.0,114.0,Ficedula tricolor,Slaty-blue Flycatcher,0.9388,psl4,2024,05,23,07
114.0,117.0,Ficedula tricolor,Slaty-blue Flycatcher,0.9974,psl4,2024,05,23,07
117.0,120.0,Ficedula tricolor,Slaty-blue Flycatcher,0.9992,psl4,2024,05,23,07
120.0,123.0,Ficedula tricolor,Slaty-blue Flycatcher,0.9886,psl4,2024,05,23,07
123.0,126.0,Ficedula tricolor,Slaty-blue Flycatcher,0.9569,psl4,2024,05,23,07
126.0,129.0,Ficedula tricolor,Slaty-blue Flycatcher,0.9962,psl4,2024,05,23,07
129.0,132.0,Ficedula tricolor,Slaty-blue Flycatcher,0.9656,psl4,2024,05,23,07
129.0,132.0,Geothlypis tolmiei,MacGillivray's Warbler,0.708,psl4,2024,05,23,07
132.0,135.0,Ficedula tricolor,Slaty-blue Flycatcher,0.5687,psl4,2024,05,23,07
141.0,144.0,Ficedula tricolor,Slaty-blue Flycatcher,0.9819,psl4,2024,05,23,07
144.0,147.0,Ficedula tricolor,Slaty-blue Flycatcher,0.9506,psl4,2024,05,23,07
147.0,150.0,Ficedula tricolor,Slaty-blue Flycatcher,0.984,psl4,2024,05,23,07
150.0,153.0,Ficedula tricolor,Slaty-blue Flycatcher,0.9442,psl4,2024,05,23,07
153.0,156.0,Ficedula tricolor,Slaty-blue Flycatcher,0.5976,psl4,2024,05,23,07
156.0,159.0,Larvivora brunnea,Indian Blue Robin,0.9552,psl4,2024,05,23,07
162.0,165.0,Ficedula tricolor,Slaty-blue Flycatcher,0.7462,psl4,2024,05,23,07
168.0,171.0,Ficedula tricolor,Slaty-blue Flycatcher,0.9832,psl4,2024,05,23,07
171.0,174.0,Ficedula tricolor,Slaty-blue Flycatcher,0.6972,psl4,2024,05,23,07
285.0,288.0,Larvivora brunnea,Indian Blue Robin,0.9028,psl4,2024,05,23,07
306.0,309.0,Larvivora brunnea,Indian Blue Robin,0.8964,psl4,2024,05,23,07
324.0,327.0,Dendragapus fuliginosus,Sooty Grouse,0.5467,psl4,2024,05,23,07
351.0,354.0,Larvivora brunnea,Indian Blue Robin,0.9127,psl4,2024,05,23,07
366.0,369.0,Larvivora brunnea,Indian Blue Robin,0.99,psl4,2024,05,23,07
372.0,375.0,Trochalopteron variegatum,Variegated Laughingthrush,0.5586,psl4,2024,05,23,07
378.0,381.0,Phylloscopus magnirostris,Large-billed Leaf Warbler,0.6894,psl4,2024,05,23,07
402.0,405.0,Larvivora brunnea,Indian Blue Robin,0.9951,psl4,2024,05,23,07
405.0,408.0,Phylloscopus affinis,Tickell's Leaf Warbler,0.8927,psl4,2024,05,23,07
411.0,414.0,Larvivora brunnea,Indian Blue Robin,0.8563,psl4,2024,05,23,07
423.0,426.0,Larvivora brunnea,Indian Blue Robin,0.7651,psl4,2024,05,23,07
426.0,429.0,Phylloscopus affinis,Tickell's Leaf Warbler,0.6968,psl4,2024,05,23,07
432.0,435.0,Larvivora brunnea,Indian Blue Robin,0.974,psl4,2024,05,23,07
441.0,444.0,Larvivora brunnea,Indian Blue Robin,0.961,psl4,2024,05,23,07
453.0,456.0,Larvivora brunnea,Indian Blue Robin,0.8446,psl4,2024,05,23,07
462.0,465.0,Larvivora brunnea,Indian Blue Robin,0.9827,psl4,2024,05,23,07
474.0,477.0,Larvivora brunnea,Indian Blue Robin,0.9572,psl4,2024,05,23,07
516.0,519.0,Phylloscopus occipitalis,Western Crowned Warbler,0.6287,psl4,2024,05,23,07
549.0,552.0,Phylloscopus occipitalis,Western Crowned Warbler,0.5598,psl4,2024,05,23,07
552.0,555.0,Phylloscopus occipitalis,Western Crowned Warbler,0.7914,psl4,2024,05,23,07
552.0,555.0,Trochalopteron variegatum,Variegated Laughingthrush,0.6335,psl4,2024,05,23,07
570.0,573.0,Phylloscopus occipitalis,Western Crowned Warbler,0.727,psl4,2024,05,23,07
573.0,576.0,Phylloscopus occipitalis,Western Crowned Warbler,0.9103,psl4,2024,05,23,07
573.0,576.0,Phylloscopus tytleri,Tytler's Leaf Warbler,0.5426,psl4,2024,05,23,07
603.0,606.0,Phylloscopus occipitalis,Western Crowned Warbler,0.7069,psl4,2024,05,23,07
606.0,609.0,Phylloscopus occipitalis,Western Crowned Warbler,0.9721,psl4,2024,05,23,07
633.0,636.0,Phylloscopus occipitalis,Western Crowned Warbler,0.7073,psl4,2024,05,23,07
636.0,639.0,Trochalopteron variegatum,Variegated Laughingthrush,0.6256,psl4,2024,05,23,07
639.0,642.0,Trochalopteron variegatum,Variegated Laughingthrush,0.8076,psl4,2024,05,23,07
642.0,645.0,Phylloscopus occipitalis,Western Crowned Warbler,0.6339,psl4,2024,05,23,07
645.0,648.0,Trochalopteron variegatum,Variegated Laughingthrush,0.559,psl4,2024,05,23,07
648.0,651.0,Phylloscopus occipitalis,Western Crowned Warbler,0.8094,psl4,2024,05,23,07
651.0,654.0,Phylloscopus occipitalis,Western Crowned Warbler,0.9613,psl4,2024,05,23,07
657.0,660.0,Phylloscopus occipitalis,Western Crowned Warbler,0.9808,psl4,2024,05,23,07
660.0,663.0,Trochalopteron variegatum,Variegated Laughingthrush,0.6371,psl4,2024,05,23,07
675.0,678.0,Phylloscopus occipitalis,Western Crowned Warbler,0.9023,psl4,2024,05,23,07
684.0,687.0,Phylloscopus occipitalis,Western Crowned Warbler,0.8982,psl4,2024,05,23,07
702.0,705.0,Myiarchus crinitus,Great Crested Flycatcher,0.8724,psl4,2024,05,23,07
711.0,714.0,Phylloscopus occipitalis,Western Crowned Warbler,0.9317,psl4,2024,05,23,07
714.0,717.0,Trochalopteron variegatum,Variegated Laughingthrush,0.6812,psl4,2024,05,23,07
717.0,720.0,Phylloscopus occipitalis,Western Crowned Warbler,0.6535,psl4,2024,05,23,07
720.0,723.0,Phylloscopus occipitalis,Western Crowned Warbler,0.7928,psl4,2024,05,23,07
720.0,723.0,Protonotaria citrea,Prothonotary Warbler,0.6943,psl4,2024,05,23,07
732.0,735.0,Phylloscopus occipitalis,Western Crowned Warbler,0.7903,psl4,2024,05,23,07
735.0,738.0,Phylloscopus occipitalis,Western Crowned Warbler,0.6735,psl4,2024,05,23,07
744.0,747.0,Phylloscopus occipitalis,Western Crowned Warbler,0.7874,psl4,2024,05,23,07
747.0,750.0,Phylloscopus occipitalis,Western Crowned Warbler,0.5926,psl4,2024,05,23,07
762.0,765.0,Phylloscopus occipitalis,Western Crowned Warbler,0.8208,psl4,2024,05,23,07
765.0,768.0,Phylloscopus occipitalis,Western Crowned Warbler,0.883,psl4,2024,05,23,07
768.0,771.0,Phylloscopus occipitalis,Western Crowned Warbler,0.8246,psl4,2024,05,23,07
771.0,774.0,Phylloscopus occipitalis,Western Crowned Warbler,0.8178,psl4,2024,05,23,07
777.0,780.0,Phylloscopus occipitalis,Western Crowned Warbler,0.5857,psl4,2024,05,23,07
780.0,783.0,Columba palumbus,Common Wood-Pigeon,0.6055,psl4,2024,05,23,07
783.0,786.0,Phylloscopus occipitalis,Western Crowned Warbler,0.8514,psl4,2024,05,23,07
786.0,789.0,Phylloscopus occipitalis,Western Crowned Warbler,0.6442,psl4,2024,05,23,07
792.0,795.0,Phylloscopus occipitalis,Western Crowned Warbler,0.8393,psl4,2024,05,23,07
819.0,822.0,Phylloscopus occipitalis,Western Crowned Warbler,0.9664,psl4,2024,05,23,07
822.0,825.0,Phylloscopus occipitalis,Western Crowned Warbler,0.8388,psl4,2024,05,23,07
828.0,831.0,Trochalopteron variegatum,Variegated Laughingthrush,0.8677,psl4,2024,05,23,07
831.0,834.0,Phylloscopus occipitalis,Western Crowned Warbler,0.9237,psl4,2024,05,23,07
846.0,849.0,Phylloscopus occipitalis,Western Crowned Warbler,0.6424,psl4,2024,05,23,07
852.0,855.0,Phylloscopus occipitalis,Western Crowned Warbler,0.6081,psl4,2024,05,23,07
858.0,861.0,Phylloscopus occipitalis,Western Crowned Warbler,0.6081,psl4,2024,05,23,07
867.0,870.0,Phylloscopus occipitalis,Western Crowned Warbler,0.7818,psl4,2024,05,23,07
876.0,879.0,Phylloscopus occipitalis,Western Crowned Warbler,0.7157,psl4,2024,05,23,07
879.0,882.0,Phylloscopus occipitalis,Western Crowned Warbler,0.8289,psl4,2024,05,23,07
882.0,885.0,Phylloscopus occipitalis,Western Crowned Warbler,0.5693,psl4,2024,05,23,07
885.0,888.0,Phylloscopus occipitalis,Western Crowned Warbler,0.5953,psl4,2024,05,23,07
888.0,891.0,Phylloscopus occipitalis,Western Crowned Warbler,0.8607,psl4,2024,05,23,07
894.0,897.0,Phylloscopus occipitalis,Western Crowned Warbler,0.7757,psl4,2024,05,23,07
897.0,900.0,Phylloscopus occipitalis,Western Crowned Warbler,0.9151,psl4,2024,05,23,07
18.0,21.0,Phylloscopus occipitalis,Western Crowned Warbler,0.7146,psl4,2024,05,23,08
78.0,81.0,Phylloscopus occipitalis,Western Crowned Warbler,0.737,psl4,2024,05,23,08
111.0,114.0,Trochalopteron variegatum,Variegated Laughingthrush,0.6511,psl4,2024,05,23,08
171.0,174.0,Luscinia phaenicuroides,White-bellied Redstart,0.9536,psl4,2024,05,23,08
183.0,186.0,Luscinia phaenicuroides,White-bellied Redstart,0.6625,psl4,2024,05,23,08
198.0,201.0,Luscinia phaenicuroides,White-bellied Redstart,0.5222,psl4,2024,05,23,08
204.0,207.0,Phylloscopus occipitalis,Western Crowned Warbler,0.5476,psl4,2024,05,23,08
240.0,243.0,Phylloscopus occipitalis,Western Crowned Warbler,0.6115,psl4,2024,05,23,08
300.0,303.0,Phylloscopus occipitalis,Western Crowned Warbler,0.9556,psl4,2024,05,23,08
312.0,315.0,Phylloscopus occipitalis,Western Crowned Warbler,0.8241,psl4,2024,05,23,08
336.0,339.0,Phylloscopus occipitalis,Western Crowned Warbler,0.9323,psl4,2024,05,23,08
339.0,342.0,Phylloscopus occipitalis,Western Crowned Warbler,0.5167,psl4,2024,05,23,08
345.0,348.0,Phylloscopus occipitalis,Western Crowned Warbler,0.9222,psl4,2024,05,23,08
348.0,351.0,Phylloscopus occipitalis,Western Crowned Warbler,0.7839,psl4,2024,05,23,08
354.0,357.0,Phylloscopus occipitalis,Western Crowned Warbler,0.8144,psl4,2024,05,23,08
363.0,366.0,Phylloscopus occipitalis,Western Crowned Warbler,0.7503,psl4,2024,05,23,08
378.0,381.0,Phylloscopus occipitalis,Western Crowned Warbler,0.5187,psl4,2024,05,23,08
387.0,390.0,Phylloscopus occipitalis,Western Crowned Warbler,0.8332,psl4,2024,05,23,08
399.0,402.0,Phylloscopus occipitalis,Western Crowned Warbler,0.5701,psl4,2024,05,23,08
444.0,447.0,Phylloscopus occipitalis,Western Crowned Warbler,0.6363,psl4,2024,05,23,08
456.0,459.0,Prunella strophiata,Rufous-breasted Accentor,0.6312,psl4,2024,05,23,08
504.0,507.0,Phylloscopus occipitalis,Western Crowned Warbler,0.7055,psl4,2024,05,23,08
507.0,510.0,Phylloscopus humei,Hume's Warbler,0.634,psl4,2024,05,23,08
513.0,516.0,Phylloscopus occipitalis,Western Crowned Warbler,0.9431,psl4,2024,05,23,08
516.0,519.0,Phylloscopus reguloides,Blyth's Leaf Warbler,0.5725,psl4,2024,05,23,08
519.0,522.0,Phylloscopus occipitalis,Western Crowned Warbler,0.874,psl4,2024,05,23,08
531.0,534.0,Phylloscopus occipitalis,Western Crowned Warbler,0.9412,psl4,2024,05,23,08
540.0,543.0,Luscinia phaenicuroides,White-bellied Redstart,0.896,psl4,2024,05,23,08
543.0,546.0,Zonotrichia leucophrys,White-crowned Sparrow,0.6271,psl4,2024,05,23,08
576.0,579.0,Luscinia phaenicuroides,White-bellied Redstart,0.6963,psl4,2024,05,23,08
585.0,588.0,Protonotaria citrea,Prothonotary Warbler,0.6103,psl4,2024,05,23,08
606.0,609.0,Phylloscopus occipitalis,Western Crowned Warbler,0.5244,psl4,2024,05,23,08
627.0,630.0,Phylloscopus occipitalis,Western Crowned Warbler,0.717,psl4,2024,05,23,08
636.0,639.0,Phylloscopus occipitalis,Western Crowned Warbler,0.9415,psl4,2024,05,23,08
663.0,666.0,Phylloscopus occipitalis,Western Crowned Warbler,0.6829,psl4,2024,05,23,08
678.0,681.0,Prunella strophiata,Rufous-breasted Accentor,0.7189,psl4,2024,05,23,08
690.0,693.0,Ficedula parva,Red-breasted Flycatcher,0.6952,psl4,2024,05,23,08
693.0,696.0,Prunella strophiata,Rufous-breasted Accentor,0.8167,psl4,2024,05,23,08
702.0,705.0,Prunella strophiata,Rufous-breasted Accentor,0.6283,psl4,2024,05,23,08
711.0,714.0,Phylloscopus occipitalis,Western Crowned Warbler,0.5245,psl4,2024,05,23,08
714.0,717.0,Prunella strophiata,Rufous-breasted Accentor,0.8881,psl4,2024,05,23,08
723.0,726.0,Prunella strophiata,Rufous-breasted Accentor,0.9314,psl4,2024,05,23,08
726.0,729.0,Prunella strophiata,Rufous-breasted Accentor,0.9085,psl4,2024,05,23,08
729.0,732.0,Prunella strophiata,Rufous-breasted Accentor,0.5497,psl4,2024,05,23,08
732.0,735.0,Prunella strophiata,Rufous-breasted Accentor,0.8775,psl4,2024,05,23,08
735.0,738.0,Prunella strophiata,Rufous-breasted Accentor,0.5617,psl4,2024,05,23,08
738.0,741.0,Prunella strophiata,Rufous-breasted Accentor,0.9366,psl4,2024,05,23,08
741.0,744.0,Prunella strophiata,Rufous-breasted Accentor,0.7478,psl4,2024,05,23,08
744.0,747.0,Prunella strophiata,Rufous-breasted Accentor,0.9152,psl4,2024,05,23,08
747.0,750.0,Prunella strophiata,Rufous-breasted Accentor,0.9927,psl4,2024,05,23,08
753.0,756.0,Phylloscopus occipitalis,Western Crowned Warbler,0.7646,psl4,2024,05,23,08
762.0,765.0,Larvivora brunnea,Indian Blue Robin,0.707,psl4,2024,05,23,08
765.0,768.0,Phylloscopus humei,Hume's Warbler,0.5203,psl4,2024,05,23,08
777.0,780.0,Phylloscopus occipitalis,Western Crowned Warbler,0.5693,psl4,2024,05,23,08
807.0,810.0,Phylloscopus occipitalis,Western Crowned Warbler,0.829,psl4,2024,05,23,08
822.0,825.0,Zonotrichia leucophrys,White-crowned Sparrow,0.6344,psl4,2024,05,23,08
828.0,831.0,Phylloscopus occipitalis,Western Crowned Warbler,0.9084,psl4,2024,05,23,08
828.0,831.0,Phylloscopus tytleri,Tytler's Leaf Warbler,0.5749,psl4,2024,05,23,08
831.0,834.0,Phylloscopus occipitalis,Western Crowned Warbler,0.51,psl4,2024,05,23,08
876.0,879.0,Phylloscopus occipitalis,Western Crowned Warbler,0.8981,psl4,2024,05,23,08
879.0,882.0,Phylloscopus occipitalis,Western Crowned Warbler,0.9403,psl4,2024,05,23,08
882.0,885.0,Phylloscopus occipitalis,Western Crowned Warbler,0.5831,psl4,2024,05,23,08
897.0,900.0,Phylloscopus occipitalis,Western Crowned Warbler,0.8028,psl4,2024,05,23,08
24.0,27.0,Phylloscopus occipitalis,Western Crowned Warbler,0.587,psl4,2024,05,23,09
45.0,48.0,Carpodacus rodochroa,Pink-browed Rosefinch,0.903,psl4,2024,05,23,09
51.0,54.0,Ploceus baglafecht,Baglafecht Weaver,0.5437,psl4,2024,05,23,09
78.0,81.0,Mecocerculus stictopterus,White-banded Tyrannulet,0.5138,psl4,2024,05,23,09
123.0,126.0,Carpodacus erythrinus,Common Rosefinch,0.8012,psl4,2024,05,23,09
144.0,147.0,Carpodacus erythrinus,Common Rosefinch,0.5884,psl4,2024,05,23,09
147.0,150.0,Phylloscopus occipitalis,Western Crowned Warbler,0.9622,psl4,2024,05,23,09
150.0,153.0,Phylloscopus occipitalis,Western Crowned Warbler,0.8552,psl4,2024,05,23,09
153.0,156.0,Phylloscopus occipitalis,Western Crowned Warbler,0.8115,psl4,2024,05,23,09
162.0,165.0,Phylloscopus occipitalis,Western Crowned Warbler,0.8369,psl4,2024,05,23,09
273.0,276.0,Ficedula tricolor,Slaty-blue Flycatcher,0.89,psl4,2024,05,23,09
273.0,276.0,Zonotrichia leucophrys,White-crowned Sparrow,0.515,psl4,2024,05,23,09
276.0,279.0,Ficedula tricolor,Slaty-blue Flycatcher,0.9415,psl4,2024,05,23,09
285.0,288.0,Ficedula tricolor,Slaty-blue Flycatcher,0.8492,psl4,2024,05,23,09
294.0,297.0,Phylloscopus occipitalis,Western Crowned Warbler,0.8079,psl4,2024,05,23,09
297.0,300.0,Phylloscopus occipitalis,Western Crowned Warbler,0.9646,psl4,2024,05,23,09
312.0,315.0,Phylloscopus occipitalis,Western Crowned Warbler,0.9297,psl4,2024,05,23,09
324.0,327.0,Phylloscopus occipitalis,Western Crowned Warbler,0.6076,psl4,2024,05,23,09
330.0,333.0,Phylloscopus occipitalis,Western Crowned Warbler,0.6072,psl4,2024,05,23,09
336.0,339.0,Phylloscopus occipitalis,Western Crowned Warbler,0.6981,psl4,2024,05,23,09
357.0,360.0,Phylloscopus occipitalis,Western Crowned Warbler,0.6825,psl4,2024,05,23,09
363.0,366.0,Phylloscopus occipitalis,Western Crowned Warbler,0.7286,psl4,2024,05,23,09
366.0,369.0,Phylloscopus occipitalis,Western Crowned Warbler,0.5404,psl4,2024,05,23,09
426.0,429.0,Phylloscopus occipitalis,Western Crowned Warbler,0.8846,psl4,2024,05,23,09
435.0,438.0,Phylloscopus occipitalis,Western Crowned Warbler,0.8195,psl4,2024,05,23,09
438.0,441.0,Phylloscopus occipitalis,Western Crowned Warbler,0.7572,psl4,2024,05,23,09
441.0,444.0,Phylloscopus occipitalis,Western Crowned Warbler,0.9158,psl4,2024,05,23,09
444.0,447.0,Phylloscopus occipitalis,Western Crowned Warbler,0.9737,psl4,2024,05,23,09
447.0,450.0,Phylloscopus occipitalis,Western Crowned Warbler,0.777,psl4,2024,05,23,09
450.0,453.0,Phylloscopus occipitalis,Western Crowned Warbler,0.6551,psl4,2024,05,23,09
453.0,456.0,Phylloscopus occipitalis,Western Crowned Warbler,0.7796,psl4,2024,05,23,09
456.0,459.0,Phylloscopus occipitalis,Western Crowned Warbler,0.8534,psl4,2024,05,23,09
462.0,465.0,Phylloscopus occipitalis,Western Crowned Warbler,0.554,psl4,2024,05,23,09
465.0,468.0,Phylloscopus occipitalis,Western Crowned Warbler,0.7316,psl4,2024,05,23,09
471.0,474.0,Phylloscopus occipitalis,Western Crowned Warbler,0.8641,psl4,2024,05,23,09
474.0,477.0,Phylloscopus occipitalis,Western Crowned Warbler,0.9778,psl4,2024,05,23,09
477.0,480.0,Phylloscopus occipitalis,Western Crowned Warbler,0.9589,psl4,2024,05,23,09
483.0,486.0,Phylloscopus occipitalis,Western Crowned Warbler,0.6495,psl4,2024,05,23,09
492.0,495.0,Phylloscopus occipitalis,Western Crowned Warbler,0.611,psl4,2024,05,23,09
495.0,498.0,Phylloscopus occipitalis,Western Crowned Warbler,0.6481,psl4,2024,05,23,09
498.0,501.0,Phylloscopus occipitalis,Western Crowned Warbler,0.7814,psl4,2024,05,23,09
501.0,504.0,Phylloscopus occipitalis,Western Crowned Warbler,0.799,psl4,2024,05,23,09
504.0,507.0,Phylloscopus occipitalis,Western Crowned Warbler,0.5554,psl4,2024,05,23,09
546.0,549.0,Phylloscopus occipitalis,Western Crowned Warbler,0.677,psl4,2024,05,23,09
549.0,552.0,Phylloscopus occipitalis,Western Crowned Warbler,0.7717,psl4,2024,05,23,09
552.0,555.0,Phylloscopus occipitalis,Western Crowned Warbler,0.9516,psl4,2024,05,23,09
555.0,558.0,Phylloscopus occipitalis,Western Crowned Warbler,0.7181,psl4,2024,05,23,09
564.0,567.0,Phylloscopus occipitalis,Western Crowned Warbler,0.6481,psl4,2024,05,23,09
573.0,576.0,Phylloscopus occipitalis,Western Crowned Warbler,0.837,psl4,2024,05,23,09
576.0,579.0,Phylloscopus occipitalis,Western Crowned Warbler,0.7743,psl4,2024,05,23,09
579.0,582.0,Phylloscopus occipitalis,Western Crowned Warbler,0.8854,psl4,2024,05,23,09
585.0,588.0,Phylloscopus occipitalis,Western Crowned Warbler,0.7511,psl4,2024,05,23,09
588.0,591.0,Phylloscopus occipitalis,Western Crowned Warbler,0.6168,psl4,2024,05,23,09
597.0,600.0,Phylloscopus occipitalis,Western Crowned Warbler,0.568,psl4,2024,05,23,09
609.0,612.0,Phylloscopus occipitalis,Western Crowned Warbler,0.7597,psl4,2024,05,23,09
612.0,615.0,Phylloscopus occipitalis,Western Crowned Warbler,0.9891,psl4,2024,05,23,09
615.0,618.0,Phylloscopus occipitalis,Western Crowned Warbler,0.6504,psl4,2024,05,23,09
618.0,621.0,Phylloscopus occipitalis,Western Crowned Warbler,0.8262,psl4,2024,05,23,09
624.0,627.0,Phylloscopus occipitalis,Western Crowned Warbler,0.5393,psl4,2024,05,23,09
627.0,630.0,Phylloscopus occipitalis,Western Crowned Warbler,0.5269,psl4,2024,05,23,09
630.0,633.0,Phylloscopus occipitalis,Western Crowned Warbler,0.7945,psl4,2024,05,23,09
636.0,639.0,Phylloscopus occipitalis,Western Crowned Warbler,0.9048,psl4,2024,05,23,09
639.0,642.0,Phylloscopus occipitalis,Western Crowned Warbler,0.9368,psl4,2024,05,23,09
645.0,648.0,Phylloscopus occipitalis,Western Crowned Warbler,0.8599,psl4,2024,05,23,09
651.0,654.0,Phylloscopus occipitalis,Western Crowned Warbler,0.8134,psl4,2024,05,23,09
678.0,681.0,Phylloscopus occipitalis,Western Crowned Warbler,0.8106,psl4,2024,05,23,09
681.0,684.0,Phylloscopus occipitalis,Western Crowned Warbler,0.5656,psl4,2024,05,23,09
684.0,687.0,Phylloscopus occipitalis,Western Crowned Warbler,0.5387,psl4,2024,05,23,09
693.0,696.0,Phylloscopus occipitalis,Western Crowned Warbler,0.6737,psl4,2024,05,23,09
702.0,705.0,Phylloscopus occipitalis,Western Crowned Warbler,0.7321,psl4,2024,05,23,09
705.0,708.0,Phylloscopus occipitalis,Western Crowned Warbler,0.9763,psl4,2024,05,23,09
714.0,717.0,Phylloscopus occipitalis,Western Crowned Warbler,0.986,psl4,2024,05,23,09
720.0,723.0,Phylloscopus occipitalis,Western Crowned Warbler,0.6964,psl4,2024,05,23,09
726.0,729.0,Phylloscopus occipitalis,Western Crowned Warbler,0.712,psl4,2024,05,23,09
732.0,735.0,Phylloscopus occipitalis,Western Crowned Warbler,0.7354,psl4,2024,05,23,09
735.0,738.0,Phylloscopus occipitalis,Western Crowned Warbler,0.8833,psl4,2024,05,23,09
738.0,741.0,Phylloscopus occipitalis,Western Crowned Warbler,0.906,psl4,2024,05,23,09
741.0,744.0,Phylloscopus occipitalis,Western Crowned Warbler,0.9417,psl4,2024,05,23,09
744.0,747.0,Phylloscopus occipitalis,Western Crowned Warbler,0.997,psl4,2024,05,23,09
747.0,750.0,Phylloscopus occipitalis,Western Crowned Warbler,0.9616,psl4,2024,05,23,09
750.0,753.0,Phylloscopus occipitalis,Western Crowned Warbler,0.792,psl4,2024,05,23,09
753.0,756.0,Phylloscopus occipitalis,Western Crowned Warbler,0.9778,psl4,2024,05,23,09
756.0,759.0,Phylloscopus occipitalis,Western Crowned Warbler,0.5845,psl4,2024,05,23,09
759.0,762.0,Phylloscopus occipitalis,Western Crowned Warbler,0.9183,psl4,2024,05,23,09
762.0,765.0,Phylloscopus occipitalis,Western Crowned Warbler,0.8225,psl4,2024,05,23,09
765.0,768.0,Phylloscopus occipitalis,Western Crowned Warbler,0.9108,psl4,2024,05,23,09
774.0,777.0,Phylloscopus occipitalis,Western Crowned Warbler,0.9949,psl4,2024,05,23,09
777.0,780.0,Phylloscopus occipitalis,Western Crowned Warbler,0.8892,psl4,2024,05,23,09
789.0,792.0,Phylloscopus occipitalis,Western Crowned Warbler,0.5535,psl4,2024,05,23,09
849.0,852.0,Phylloscopus occipitalis,Western Crowned Warbler,0.8725,psl4,2024,05,23,09
858.0,861.0,Phylloscopus occipitalis,Western Crowned Warbler,0.5315,psl4,2024,05,23,09
861.0,864.0,Phylloscopus occipitalis,Western Crowned Warbler,0.9273,psl4,2024,05,23,09
864.0,867.0,Phylloscopus occipitalis,Western Crowned Warbler,0.8593,psl4,2024,05,23,09
867.0,870.0,Phylloscopus occipitalis,Western Crowned Warbler,0.704,psl4,2024,05,23,09
870.0,873.0,Phylloscopus occipitalis,Western Crowned Warbler,0.5931,psl4,2024,05,23,09
897.0,900.0,Phylloscopus occipitalis,Western Crowned Warbler,0.9368,psl4,2024,05,23,09
0.0,3.0,Larvivora brunnea,Indian Blue Robin,0.6916,psl4,2024,05,24,06
12.0,15.0,Larvivora brunnea,Indian Blue Robin,0.6235,psl4,2024,05,24,06
15.0,18.0,Carpodacus erythrinus,Common Rosefinch,0.7295,psl4,2024,05,24,06
21.0,24.0,Larvivora brunnea,Indian Blue Robin,0.994,psl4,2024,05,24,06
33.0,36.0,Larvivora brunnea,Indian Blue Robin,0.8267,psl4,2024,05,24,06
42.0,45.0,Larvivora brunnea,Indian Blue Robin,0.629,psl4,2024,05,24,06
45.0,48.0,Larvivora brunnea,Indian Blue Robin,0.8674,psl4,2024,05,24,06
54.0,57.0,Larvivora brunnea,Indian Blue Robin,0.9391,psl4,2024,05,24,06
75.0,78.0,Larvivora brunnea,Indian Blue Robin,0.8438,psl4,2024,05,24,06
84.0,87.0,Carpodacus erythrinus,Common Rosefinch,0.629,psl4,2024,05,24,06
90.0,93.0,Larvivora brunnea,Indian Blue Robin,0.7849,psl4,2024,05,24,06
96.0,99.0,Phylloscopus humei,Hume's Warbler,0.641,psl4,2024,05,24,06
99.0,102.0,Larvivora brunnea,Indian Blue Robin,0.5307,psl4,2024,05,24,06
105.0,108.0,Phylloscopus humei,Hume's Warbler,0.6912,psl4,2024,05,24,06
108.0,111.0,Larvivora brunnea,Indian Blue Robin,0.5273,psl4,2024,05,24,06
111.0,114.0,Larvivora brunnea,Indian Blue Robin,0.939,psl4,2024,05,24,06
120.0,123.0,Larvivora brunnea,Indian Blue Robin,0.8142,psl4,2024,05,24,06
129.0,132.0,Larvivora brunnea,Indian Blue Robin,0.983,psl4,2024,05,24,06
141.0,144.0,Larvivora brunnea,Indian Blue Robin,0.9843,psl4,2024,05,24,06
150.0,153.0,Larvivora brunnea,Indian Blue Robin,0.7526,psl4,2024,05,24,06
159.0,162.0,Larvivora brunnea,Indian Blue Robin,0.9129,psl4,2024,05,24,06
171.0,174.0,Larvivora brunnea,Indian Blue Robin,0.9439,psl4,2024,05,24,06
195.0,198.0,Larvivora brunnea,Indian Blue Robin,0.8104,psl4,2024,05,24,06
216.0,219.0,Larvivora brunnea,Indian Blue Robin,0.7442,psl4,2024,05,24,06
228.0,231.0,Larvivora brunnea,Indian Blue Robin,0.944,psl4,2024,05,24,06
237.0,240.0,Larvivora brunnea,Indian Blue Robin,0.9437,psl4,2024,05,24,06
249.0,252.0,Larvivora brunnea,Indian Blue Robin,0.7993,psl4,2024,05,24,06
270.0,273.0,Larvivora brunnea,Indian Blue Robin,0.766,psl4,2024,05,24,06
285.0,288.0,Trochalopteron variegatum,Variegated Laughingthrush,0.9687,psl4,2024,05,24,06
288.0,291.0,Larvivora brunnea,Indian Blue Robin,0.9701,psl4,2024,05,24,06
291.0,294.0,Trochalopteron variegatum,Variegated Laughingthrush,0.7628,psl4,2024,05,24,06
300.0,303.0,Trochalopteron affine,Black-faced Laughingthrush,0.5556,psl4,2024,05,24,06
306.0,309.0,Trochalopteron variegatum,Variegated Laughingthrush,0.8971,psl4,2024,05,24,06
309.0,312.0,Trochalopteron variegatum,Variegated Laughingthrush,0.7962,psl4,2024,05,24,06
309.0,312.0,Trochalopteron affine,Black-faced Laughingthrush,0.5305,psl4,2024,05,24,06
321.0,324.0,Larvivora brunnea,Indian Blue Robin,0.9211,psl4,2024,05,24,06
330.0,333.0,Larvivora brunnea,Indian Blue Robin,0.7653,psl4,2024,05,24,06
351.0,354.0,Larvivora brunnea,Indian Blue Robin,0.7211,psl4,2024,05,24,06
360.0,363.0,Larvivora brunnea,Indian Blue Robin,0.9928,psl4,2024,05,24,06
363.0,366.0,Larvivora brunnea,Indian Blue Robin,0.7868,psl4,2024,05,24,06
372.0,375.0,Larvivora brunnea,Indian Blue Robin,0.921,psl4,2024,05,24,06
381.0,384.0,Phylloscopus occipitalis,Western Crowned Warbler,0.6152,psl4,2024,05,24,06
384.0,387.0,Larvivora brunnea,Indian Blue Robin,0.9258,psl4,2024,05,24,06
393.0,396.0,Phylloscopus humei,Hume's Warbler,0.6282,psl4,2024,05,24,06
408.0,411.0,Larvivora brunnea,Indian Blue Robin,0.98,psl4,2024,05,24,06
435.0,438.0,Larvivora brunnea,Indian Blue Robin,0.8705,psl4,2024,05,24,06
447.0,450.0,Larvivora brunnea,Indian Blue Robin,0.6877,psl4,2024,05,24,06
453.0,456.0,Phylloscopus humei,Hume's Warbler,0.5705,psl4,2024,05,24,06
459.0,462.0,Phylloscopus humei,Hume's Warbler,0.7155,psl4,2024,05,24,06
471.0,474.0,Phylloscopus occipitalis,Western Crowned Warbler,0.9527,psl4,2024,05,24,06
495.0,498.0,Phylloscopus occipitalis,Western Crowned Warbler,0.8495,psl4,2024,05,24,06
498.0,501.0,Larvivora brunnea,Indian Blue Robin,0.9541,psl4,2024,05,24,06
501.0,504.0,Phylloscopus occipitalis,Western Crowned Warbler,0.585,psl4,2024,05,24,06
513.0,516.0,Larvivora brunnea,Indian Blue Robin,0.9716,psl4,2024,05,24,06
531.0,534.0,Vireo flavifrons,Yellow-throated Vireo,0.5965,psl4,2024,05,24,06
537.0,540.0,Phylloscopus occipitalis,Western Crowned Warbler,0.5848,psl4,2024,05,24,06
555.0,558.0,Larvivora brunnea,Indian Blue Robin,0.931,psl4,2024,05,24,06
567.0,570.0,Larvivora brunnea,Indian Blue Robin,0.6614,psl4,2024,05,24,06
582.0,585.0,Larvivora brunnea,Indian Blue Robin,0.9518,psl4,2024,05,24,06
588.0,591.0,Phylloscopus occipitalis,Western Crowned Warbler,0.8237,psl4,2024,05,24,06
594.0,597.0,Phylloscopus occipitalis,Western Crowned Warbler,0.6056,psl4,2024,05,24,06
603.0,606.0,Phylloscopus occipitalis,Western Crowned Warbler,0.6563,psl4,2024,05,24,06
606.0,609.0,Larvivora brunnea,Indian Blue Robin,0.999,psl4,2024,05,24,06
612.0,615.0,Phylloscopus occipitalis,Western Crowned Warbler,0.5703,psl4,2024,05,24,06
615.0,618.0,Larvivora brunnea,Indian Blue Robin,0.991,psl4,2024,05,24,06
624.0,627.0,Larvivora brunnea,Indian Blue Robin,0.7645,psl4,2024,05,24,06
627.0,630.0,Phylloscopus occipitalis,Western Crowned Warbler,0.6031,psl4,2024,05,24,06
693.0,696.0,Phylloscopus occipitalis,Western Crowned Warbler,0.616,psl4,2024,05,24,06
777.0,780.0,Luscinia phaenicuroides,White-bellied Redstart,0.5375,psl4,2024,05,24,06
786.0,789.0,Phylloscopus occipitalis,Western Crowned Warbler,0.5338,psl4,2024,05,24,06
3.0,6.0,Larvivora brunnea,Indian Blue Robin,0.9173,psl4,2024,05,24,07
3.0,6.0,Phylloscopus tytleri,Tytler's Leaf Warbler,0.5868,psl4,2024,05,24,07
9.0,12.0,Phylloscopus occipitalis,Western Crowned Warbler,0.7721,psl4,2024,05,24,07
15.0,18.0,Phylloscopus magnirostris,Large-billed Leaf Warbler,0.8012,psl4,2024,05,24,07
15.0,18.0,Larvivora brunnea,Indian Blue Robin,0.8001,psl4,2024,05,24,07
18.0,21.0,Larvivora brunnea,Indian Blue Robin,0.9492,psl4,2024,05,24,07
45.0,48.0,Phylloscopus occipitalis,Western Crowned Warbler,0.8574,psl4,2024,05,24,07
48.0,51.0,Larvivora brunnea,Indian Blue Robin,0.9646,psl4,2024,05,24,07
54.0,57.0,Phylloscopus occipitalis,Western Crowned Warbler,0.9784,psl4,2024,05,24,07
60.0,63.0,Phylloscopus humei,Hume's Warbler,0.9244,psl4,2024,05,24,07
63.0,66.0,Phylloscopus occipitalis,Western Crowned Warbler,0.575,psl4,2024,05,24,07
66.0,69.0,Larvivora brunnea,Indian Blue Robin,0.8704,psl4,2024,05,24,07
72.0,75.0,Phylloscopus occipitalis,Western Crowned Warbler,0.801,psl4,2024,05,24,07
75.0,78.0,Larvivora brunnea,Indian Blue Robin,0.9525,psl4,2024,05,24,07
84.0,87.0,Phylloscopus occipitalis,Western Crowned Warbler,0.99,psl4,2024,05,24,07
90.0,93.0,Phylloscopus occipitalis,Western Crowned Warbler,0.9172,psl4,2024,05,24,07
99.0,102.0,Larvivora brunnea,Indian Blue Robin,0.7475,psl4,2024,05,24,07
102.0,105.0,Phylloscopus occipitalis,Western Crowned Warbler,0.6519,psl4,2024,05,24,07
111.0,114.0,Larvivora brunnea,Indian Blue Robin,0.959,psl4,2024,05,24,07
114.0,117.0,Phylloscopus occipitalis,Western Crowned Warbler,0.601,psl4,2024,05,24,07
117.0,120.0,Phylloscopus occipitalis,Western Crowned Warbler,0.6261,psl4,2024,05,24,07
126.0,129.0,Phylloscopus occipitalis,Western Crowned Warbler,0.6687,psl4,2024,05,24,07
129.0,132.0,Phylloscopus occipitalis,Western Crowned Warbler,0.9298,psl4,2024,05,24,07
138.0,141.0,Phylloscopus occipitalis,Western Crowned Warbler,0.8082,psl4,2024,05,24,07
141.0,144.0,Phylloscopus occipitalis,Western Crowned Warbler,0.8846,psl4,2024,05,24,07
189.0,192.0,Phylloscopus occipitalis,Western Crowned Warbler,0.5742,psl4,2024,05,24,07
234.0,237.0,Phylloscopus occipitalis,Western Crowned Warbler,0.6273,psl4,2024,05,24,07
243.0,246.0,Phylloscopus occipitalis,Western Crowned Warbler,0.86,psl4,2024,05,24,07
249.0,252.0,Larvivora brunnea,Indian Blue Robin,0.6099,psl4,2024,05,24,07
252.0,255.0,Phylloscopus occipitalis,Western Crowned Warbler,0.5365,psl4,2024,05,24,07
258.0,261.0,Larvivora brunnea,Indian Blue Robin,0.7158,psl4,2024,05,24,07
258.0,261.0,Phylloscopus magnirostris,Large-billed Leaf Warbler,0.5363,psl4,2024,05,24,07
267.0,270.0,Phylloscopus occipitalis,Western Crowned Warbler,0.6304,psl4,2024,05,24,07
279.0,282.0,Larvivora brunnea,Indian Blue Robin,0.7938,psl4,2024,05,24,07
288.0,291.0,Larvivora brunnea,Indian Blue Robin,0.8599,psl4,2024,05,24,07
297.0,300.0,Larvivora brunnea,Indian Blue Robin,0.7999,psl4,2024,05,24,07
309.0,312.0,Larvivora brunnea,Indian Blue Robin,0.8288,psl4,2024,05,24,07
318.0,321.0,Larvivora brunnea,Indian Blue Robin,0.8396,psl4,2024,05,24,07
369.0,372.0,Phylloscopus occipitalis,Western Crowned Warbler,0.7764,psl4,2024,05,24,07
411.0,414.0,Phylloscopus occipitalis,Western Crowned Warbler,0.9563,psl4,2024,05,24,07
414.0,417.0,Phylloscopus occipitalis,Western Crowned Warbler,0.6256,psl4,2024,05,24,07
417.0,420.0,Larvivora brunnea,Indian Blue Robin,0.6354,psl4,2024,05,24,07
582.0,585.0,Larvivora brunnea,Indian Blue Robin,0.8026,psl4,2024,05,24,07
630.0,633.0,Prunella strophiata,Rufous-breasted Accentor,0.5812,psl4,2024,05,24,07
675.0,678.0,Phylloscopus humei,Hume's Warbler,0.7221,psl4,2024,05,24,07
681.0,684.0,Ficedula tricolor,Slaty-blue Flycatcher,0.6401,psl4,2024,05,24,07
684.0,687.0,Ficedula tricolor,Slaty-blue Flycatcher,0.9129,psl4,2024,05,24,07
687.0,690.0,Ficedula tricolor,Slaty-blue Flycatcher,0.6069,psl4,2024,05,24,07
693.0,696.0,Ficedula tricolor,Slaty-blue Flycatcher,0.8675,psl4,2024,05,24,07
696.0,699.0,Ficedula tricolor,Slaty-blue Flycatcher,0.9874,psl4,2024,05,24,07
711.0,714.0,Phylloscopus occipitalis,Western Crowned Warbler,0.7128,psl4,2024,05,24,07
732.0,735.0,Phylloscopus humei,Hume's Warbler,0.811,psl4,2024,05,24,07
738.0,741.0,Larvivora brunnea,Indian Blue Robin,0.5077,psl4,2024,05,24,07
744.0,747.0,Phylloscopus humei,Hume's Warbler,0.6875,psl4,2024,05,24,07
747.0,750.0,Larvivora brunnea,Indian Blue Robin,0.5755,psl4,2024,05,24,07
753.0,756.0,Phylloscopus humei,Hume's Warbler,0.8936,psl4,2024,05,24,07
759.0,762.0,Larvivora brunnea,Indian Blue Robin,0.7192,psl4,2024,05,24,07
783.0,786.0,Phylloscopus humei,Hume's Warbler,0.7215,psl4,2024,05,24,07
789.0,792.0,Larvivora brunnea,Indian Blue Robin,0.9333,psl4,2024,05,24,07
795.0,798.0,Phylloscopus humei,Hume's Warbler,0.7114,psl4,2024,05,24,07
798.0,801.0,Phylloscopus humei,Hume's Warbler,0.736,psl4,2024,05,24,07
813.0,816.0,Larvivora brunnea,Indian Blue Robin,0.73,psl4,2024,05,24,07
861.0,864.0,Phylloscopus occipitalis,Western Crowned Warbler,0.5466,psl4,2024,05,24,07
894.0,897.0,Ficedula tricolor,Slaty-blue Flycatcher,0.7374,psl4,2024,05,24,07
6.0,9.0,Phylloscopus occipitalis,Western Crowned Warbler,0.8588,psl4,2024,05,24,08
15.0,18.0,Larvivora brunnea,Indian Blue Robin,0.7868,psl4,2024,05,24,08
42.0,45.0,Protonotaria citrea,Prothonotary Warbler,0.5117,psl4,2024,05,24,08
45.0,48.0,Phylloscopus occipitalis,Western Crowned Warbler,0.5361,psl4,2024,05,24,08
57.0,60.0,Phylloscopus occipitalis,Western Crowned Warbler,0.7345,psl4,2024,05,24,08
66.0,69.0,Phylloscopus occipitalis,Western Crowned Warbler,0.9463,psl4,2024,05,24,08
87.0,90.0,Phylloscopus occipitalis,Western Crowned Warbler,0.5015,psl4,2024,05,24,08
96.0,99.0,Phylloscopus occipitalis,Western Crowned Warbler,0.5001,psl4,2024,05,24,08
99.0,102.0,Larvivora brunnea,Indian Blue Robin,0.9702,psl4,2024,05,24,08
105.0,108.0,Phylloscopus occipitalis,Western Crowned Warbler,0.6822,psl4,2024,05,24,08
123.0,126.0,Phylloscopus occipitalis,Western Crowned Warbler,0.5406,psl4,2024,05,24,08
129.0,132.0,Phylloscopus occipitalis,Western Crowned Warbler,0.9006,psl4,2024,05,24,08
135.0,138.0,Larvivora brunnea,Indian Blue Robin,0.9959,psl4,2024,05,24,08
150.0,153.0,Phylloscopus occipitalis,Western Crowned Warbler,0.525,psl4,2024,05,24,08
159.0,162.0,Phylloscopus occipitalis,Western Crowned Warbler,0.5592,psl4,2024,05,24,08
162.0,165.0,Larvivora brunnea,Indian Blue Robin,0.9481,psl4,2024,05,24,08
165.0,168.0,Larvivora brunnea,Indian Blue Robin,0.9881,psl4,2024,05,24,08
177.0,180.0,Phylloscopus occipitalis,Western Crowned Warbler,0.6784,psl4,2024,05,24,08
180.0,183.0,Phylloscopus occipitalis,Western Crowned Warbler,0.5701,psl4,2024,05,24,08
186.0,189.0,Larvivora brunnea,Indian Blue Robin,0.9969,psl4,2024,05,24,08
189.0,192.0,Phylloscopus occipitalis,Western Crowned Warbler,0.7091,psl4,2024,05,24,08
198.0,201.0,Larvivora brunnea,Indian Blue Robin,0.9122,psl4,2024,05,24,08
201.0,204.0,Larvivora brunnea,Indian Blue Robin,0.967,psl4,2024,05,24,08
216.0,219.0,Larvivora brunnea,Indian Blue Robin,0.9922,psl4,2024,05,24,08
219.0,222.0,Protonotaria citrea,Prothonotary Warbler,0.7802,psl4,2024,05,24,08
228.0,231.0,Larvivora brunnea,Indian Blue Robin,0.7418,psl4,2024,05,24,08
231.0,234.0,Phylloscopus occipitalis,Western Crowned Warbler,0.5561,psl4,2024,05,24,08
234.0,237.0,Phylloscopus occipitalis,Western Crowned Warbler,0.7372,psl4,2024,05,24,08
240.0,243.0,Larvivora brunnea,Indian Blue Robin,0.8594,psl4,2024,05,24,08
252.0,255.0,Tarsiger rufilatus,Himalayan Bluetail,0.6436,psl4,2024,05,24,08
252.0,255.0,Calliope pectardens,Firethroat,0.5178,psl4,2024,05,24,08
255.0,258.0,Larvivora brunnea,Indian Blue Robin,0.9918,psl4,2024,05,24,08
264.0,267.0,Larvivora brunnea,Indian Blue Robin,0.8906,psl4,2024,05,24,08
264.0,267.0,Phylloscopus magnirostris,Large-billed Leaf Warbler,0.8805,psl4,2024,05,24,08
267.0,270.0,Larvivora brunnea,Indian Blue Robin,0.593,psl4,2024,05,24,08
273.0,276.0,Phylloscopus magnirostris,Large-billed Leaf Warbler,0.6896,psl4,2024,05,24,08
273.0,276.0,Luscinia phaenicuroides,White-bellied Redstart,0.6527,psl4,2024,05,24,08
273.0,276.0,Larvivora brunnea,Indian Blue Robin,0.5474,psl4,2024,05,24,08
276.0,279.0,Larvivora brunnea,Indian Blue Robin,0.9977,psl4,2024,05,24,08
282.0,285.0,Tarsiger rufilatus,Himalayan Bluetail,0.9585,psl4,2024,05,24,08
285.0,288.0,Tarsiger rufilatus,Himalayan Bluetail,0.7309,psl4,2024,05,24,08
288.0,291.0,Larvivora brunnea,Indian Blue Robin,0.9988,psl4,2024,05,24,08
294.0,297.0,Tarsiger rufilatus,Himalayan Bluetail,0.9125,psl4,2024,05,24,08
300.0,303.0,Tarsiger rufilatus,Himalayan Bluetail,0.6058,psl4,2024,05,24,08
303.0,306.0,Larvivora brunnea,Indian Blue Robin,0.9979,psl4,2024,05,24,08
309.0,312.0,Tarsiger rufilatus,Himalayan Bluetail,0.6451,psl4,2024,05,24,08
315.0,318.0,Larvivora brunnea,Indian Blue Robin,0.9979,psl4,2024,05,24,08
318.0,321.0,Tarsiger rufilatus,Himalayan Bluetail,0.8369,psl4,2024,05,24,08
324.0,327.0,Tarsiger rufilatus,Himalayan Bluetail,0.5937,psl4,2024,05,24,08
327.0,330.0,Larvivora brunnea,Indian Blue Robin,0.9936,psl4,2024,05,24,08
330.0,333.0,Setophaga occidentalis,Hermit Warbler,0.7033,psl4,2024,05,24,08
339.0,342.0,Tarsiger rufilatus,Himalayan Bluetail,0.7777,psl4,2024,05,24,08
342.0,345.0,Larvivora brunnea,Indian Blue Robin,0.7868,psl4,2024,05,24,08
345.0,348.0,Larvivora brunnea,Indian Blue Robin,0.6373,psl4,2024,05,24,08
357.0,360.0,Larvivora brunnea,Indian Blue Robin,0.8992,psl4,2024,05,24,08
363.0,366.0,Tarsiger rufilatus,Himalayan Bluetail,0.714,psl4,2024,05,24,08
369.0,372.0,Tarsiger rufilatus,Himalayan Bluetail,0.9727,psl4,2024,05,24,08
372.0,375.0,Tarsiger rufilatus,Himalayan Bluetail,0.6627,psl4,2024,05,24,08
375.0,378.0,Larvivora brunnea,Indian Blue Robin,0.9936,psl4,2024,05,24,08
381.0,384.0,Tarsiger rufilatus,Himalayan Bluetail,0.9747,psl4,2024,05,24,08
384.0,387.0,Tarsiger rufilatus,Himalayan Bluetail,0.9523,psl4,2024,05,24,08
390.0,393.0,Larvivora brunnea,Indian Blue Robin,0.9787,psl4,2024,05,24,08
393.0,396.0,Larvivora brunnea,Indian Blue Robin,0.9565,psl4,2024,05,24,08
408.0,411.0,Tarsiger rufilatus,Himalayan Bluetail,0.6778,psl4,2024,05,24,08
411.0,414.0,Tarsiger rufilatus,Himalayan Bluetail,0.7929,psl4,2024,05,24,08
417.0,420.0,Larvivora brunnea,Indian Blue Robin,0.9965,psl4,2024,05,24,08
426.0,429.0,Tarsiger rufilatus,Himalayan Bluetail,0.5505,psl4,2024,05,24,08
426.0,429.0,Phylloscopus trochiloides,Greenish Warbler,0.5491,psl4,2024,05,24,08
429.0,432.0,Phylloscopus trochiloides,Greenish Warbler,0.8566,psl4,2024,05,24,08
429.0,432.0,Tarsiger rufilatus,Himalayan Bluetail,0.6181,psl4,2024,05,24,08
432.0,435.0,Tarsiger rufilatus,Himalayan Bluetail,0.7359,psl4,2024,05,24,08
438.0,441.0,Phylloscopus trochiloides,Greenish Warbler,0.8158,psl4,2024,05,24,08
444.0,447.0,Larvivora brunnea,Indian Blue Robin,0.9141,psl4,2024,05,24,08
459.0,462.0,Tarsiger rufilatus,Himalayan Bluetail,0.5668,psl4,2024,05,24,08
462.0,465.0,Larvivora brunnea,Indian Blue Robin,0.6002,psl4,2024,05,24,08
465.0,468.0,Larvivora brunnea,Indian Blue Robin,0.9775,psl4,2024,05,24,08
495.0,498.0,Prunella strophiata,Rufous-breasted Accentor,0.5739,psl4,2024,05,24,08
525.0,528.0,Tarsiger rufilatus,Himalayan Bluetail,0.5425,psl4,2024,05,24,08
531.0,534.0,Ficedula parva,Red-breasted Flycatcher,0.5232,psl4,2024,05,24,08
543.0,546.0,Ficedula parva,Red-breasted Flycatcher,0.8956,psl4,2024,05,24,08
543.0,546.0,Prunella strophiata,Rufous-breasted Accentor,0.5026,psl4,2024,05,24,08
552.0,555.0,Ficedula parva,Red-breasted Flycatcher,0.9137,psl4,2024,05,24,08
558.0,561.0,Ficedula parva,Red-breasted Flycatcher,0.7504,psl4,2024,05,24,08
576.0,579.0,Prunella strophiata,Rufous-breasted Accentor,0.5023,psl4,2024,05,24,08
585.0,588.0,Prunella strophiata,Rufous-breasted Accentor,0.8309,psl4,2024,05,24,08
594.0,597.0,Prunella strophiata,Rufous-breasted Accentor,0.7735,psl4,2024,05,24,08
642.0,645.0,Prunella strophiata,Rufous-breasted Accentor,0.7453,psl4,2024,05,24,08
645.0,648.0,Prunella strophiata,Rufous-breasted Accentor,0.7335,psl4,2024,05,24,08
648.0,651.0,Prunella strophiata,Rufous-breasted Accentor,0.9546,psl4,2024,05,24,08
651.0,654.0,Prunella strophiata,Rufous-breasted Accentor,0.7782,psl4,2024,05,24,08
654.0,657.0,Prunella strophiata,Rufous-breasted Accentor,0.844,psl4,2024,05,24,08
657.0,660.0,Prunella strophiata,Rufous-breasted Accentor,0.9859,psl4,2024,05,24,08
660.0,663.0,Prunella strophiata,Rufous-breasted Accentor,0.9932,psl4,2024,05,24,08
663.0,666.0,Prunella strophiata,Rufous-breasted Accentor,0.9582,psl4,2024,05,24,08
666.0,669.0,Prunella strophiata,Rufous-breasted Accentor,0.9826,psl4,2024,05,24,08
669.0,672.0,Prunella strophiata,Rufous-breasted Accentor,0.7258,psl4,2024,05,24,08
675.0,678.0,Prunella strophiata,Rufous-breasted Accentor,0.9572,psl4,2024,05,24,08
678.0,681.0,Prunella strophiata,Rufous-breasted Accentor,0.9685,psl4,2024,05,24,08
681.0,684.0,Prunella strophiata,Rufous-breasted Accentor,0.9804,psl4,2024,05,24,08
684.0,687.0,Prunella strophiata,Rufous-breasted Accentor,0.8548,psl4,2024,05,24,08
687.0,690.0,Prunella strophiata,Rufous-breasted Accentor,0.98,psl4,2024,05,24,08
690.0,693.0,Prunella strophiata,Rufous-breasted Accentor,0.5024,psl4,2024,05,24,08
693.0,696.0,Prunella strophiata,Rufous-breasted Accentor,0.997,psl4,2024,05,24,08
696.0,699.0,Prunella strophiata,Rufous-breasted Accentor,0.873,psl4,2024,05,24,08
705.0,708.0,Prunella strophiata,Rufous-breasted Accentor,0.9603,psl4,2024,05,24,08
708.0,711.0,Prunella strophiata,Rufous-breasted Accentor,0.7398,psl4,2024,05,24,08
711.0,714.0,Prunella strophiata,Rufous-breasted Accentor,0.9506,psl4,2024,05,24,08
714.0,717.0,Prunella strophiata,Rufous-breasted Accentor,0.5761,psl4,2024,05,24,08
717.0,720.0,Prunella strophiata,Rufous-breasted Accentor,0.922,psl4,2024,05,24,08
723.0,726.0,Prunella strophiata,Rufous-breasted Accentor,0.9148,psl4,2024,05,24,08
726.0,729.0,Prunella strophiata,Rufous-breasted Accentor,0.6936,psl4,2024,05,24,08
729.0,732.0,Prunella strophiata,Rufous-breasted Accentor,0.8823,psl4,2024,05,24,08
732.0,735.0,Prunella strophiata,Rufous-breasted Accentor,0.8496,psl4,2024,05,24,08
735.0,738.0,Prunella strophiata,Rufous-breasted Accentor,0.7186,psl4,2024,05,24,08
741.0,744.0,Prunella strophiata,Rufous-breasted Accentor,0.7508,psl4,2024,05,24,08
741.0,744.0,Ficedula parva,Red-breasted Flycatcher,0.5017,psl4,2024,05,24,08
744.0,747.0,Prunella strophiata,Rufous-breasted Accentor,0.7892,psl4,2024,05,24,08
888.0,891.0,Tarsiger rufilatus,Himalayan Bluetail,0.5545,psl4,2024,05,24,08
6.0,9.0,Protonotaria citrea,Prothonotary Warbler,0.8307,psl4,2024,05,24,09
27.0,30.0,Prunella strophiata,Rufous-breasted Accentor,0.735,psl4,2024,05,24,09
30.0,33.0,Prunella strophiata,Rufous-breasted Accentor,0.6055,psl4,2024,05,24,09
33.0,36.0,Phylloscopus occipitalis,Western Crowned Warbler,0.5734,psl4,2024,05,24,09
36.0,39.0,Ficedula parva,Red-breasted Flycatcher,0.6181,psl4,2024,05,24,09
75.0,78.0,Phylloscopus occipitalis,Western Crowned Warbler,0.8277,psl4,2024,05,24,09
81.0,84.0,Phylloscopus occipitalis,Western Crowned Warbler,0.8174,psl4,2024,05,24,09
87.0,90.0,Phylloscopus occipitalis,Western Crowned Warbler,0.5521,psl4,2024,05,24,09
96.0,99.0,Phylloscopus occipitalis,Western Crowned Warbler,0.9561,psl4,2024,05,24,09
99.0,102.0,Phylloscopus occipitalis,Western Crowned Warbler,0.6083,psl4,2024,05,24,09
114.0,117.0,Phylloscopus occipitalis,Western Crowned Warbler,0.5487,psl4,2024,05,24,09
129.0,132.0,Phylloscopus occipitalis,Western Crowned Warbler,0.8682,psl4,2024,05,24,09
153.0,156.0,Phylloscopus occipitalis,Western Crowned Warbler,0.5515,psl4,2024,05,24,09
201.0,204.0,Phylloscopus occipitalis,Western Crowned Warbler,0.6595,psl4,2024,05,24,09
222.0,225.0,Phylloscopus occipitalis,Western Crowned Warbler,0.7308,psl4,2024,05,24,09
237.0,240.0,Phylloscopus occipitalis,Western Crowned Warbler,0.7325,psl4,2024,05,24,09
249.0,252.0,Phylloscopus occipitalis,Western Crowned Warbler,0.6071,psl4,2024,05,24,09
273.0,276.0,Phylloscopus occipitalis,Western Crowned Warbler,0.5416,psl4,2024,05,24,09
276.0,279.0,Zonotrichia leucophrys,White-crowned Sparrow,0.5775,psl4,2024,05,24,09
510.0,513.0,Phylloscopus occipitalis,Western Crowned Warbler,0.5209,psl4,2024,05,24,09
513.0,516.0,Phylloscopus occipitalis,Western Crowned Warbler,0.6521,psl4,2024,05,24,09
516.0,519.0,Phylloscopus occipitalis,Western Crowned Warbler,0.6275,psl4,2024,05,24,09
519.0,522.0,Phylloscopus occipitalis,Western Crowned Warbler,0.7508,psl4,2024,05,24,09
534.0,537.0,Phylloscopus occipitalis,Western Crowned Warbler,0.6921,psl4,2024,05,24,09
570.0,573.0,Phylloscopus occipitalis,Western Crowned Warbler,0.5545,psl4,2024,05,24,09
573.0,576.0,Phylloscopus occipitalis,Western Crowned Warbler,0.8623,psl4,2024,05,24,09
576.0,579.0,Phylloscopus occipitalis,Western Crowned Warbler,0.6101,psl4,2024,05,24,09
582.0,585.0,Phylloscopus occipitalis,Western Crowned Warbler,0.8081,psl4,2024,05,24,09
606.0,609.0,Prinia socialis,Ashy Prinia,0.5979,psl4,2024,05,24,09
615.0,618.0,Phylloscopus occipitalis,Western Crowned Warbler,0.6391,psl4,2024,05,24,09
648.0,651.0,Phylloscopus occipitalis,Western Crowned Warbler,0.8002,psl4,2024,05,24,09
669.0,672.0,Phylloscopus occipitalis,Western Crowned Warbler,0.6861,psl4,2024,05,24,09
714.0,717.0,Zonotrichia leucophrys,White-crowned Sparrow,0.5599,psl4,2024,05,24,09
741.0,744.0,Trochalopteron variegatum,Variegated Laughingthrush,0.6668,psl4,2024,05,24,09
750.0,753.0,Phylloscopus humei,Hume's Warbler,0.851,psl4,2024,05,24,09
759.0,762.0,Phylloscopus humei,Hume's Warbler,0.5111,psl4,2024,05,24,09
765.0,768.0,Phylloscopus humei,Hume's Warbler,0.9638,psl4,2024,05,24,09
774.0,777.0,Phylloscopus humei,Hume's Warbler,0.7578,psl4,2024,05,24,09
780.0,783.0,Phylloscopus humei,Hume's Warbler,0.7585,psl4,2024,05,24,09
783.0,786.0,Trochalopteron variegatum,Variegated Laughingthrush,0.6307,psl4,2024,05,24,09
786.0,789.0,Trochalopteron variegatum,Variegated Laughingthrush,0.5207,psl4,2024,05,24,09
789.0,792.0,Trochalopteron variegatum,Variegated Laughingthrush,0.8036,psl4,2024,05,24,09
798.0,801.0,Phylloscopus humei,Hume's Warbler,0.9528,psl4,2024,05,24,09
801.0,804.0,Phylloscopus humei,Hume's Warbler,0.8079,psl4,2024,05,24,09
804.0,807.0,Phylloscopus occipitalis,Western Crowned Warbler,0.6647,psl4,2024,05,24,09
810.0,813.0,Phylloscopus humei,Hume's Warbler,0.6801,psl4,2024,05,24,09
813.0,816.0,Phylloscopus humei,Hume's Warbler,0.9977,psl4,2024,05,24,09
822.0,825.0,Phylloscopus occipitalis,Western Crowned Warbler,0.7017,psl4,2024,05,24,09
831.0,834.0,Protonotaria citrea,Prothonotary Warbler,0.7127,psl4,2024,05,24,09
852.0,855.0,Phylloscopus humei,Hume's Warbler,0.5231,psl4,2024,05,24,09
855.0,858.0,Phylloscopus humei,Hume's Warbler,0.8175,psl4,2024,05,24,09
864.0,867.0,Phylloscopus occipitalis,Western Crowned Warbler,0.9644,psl4,2024,05,24,09
888.0,891.0,Phylloscopus occipitalis,Western Crowned Warbler,0.7025,psl4,2024,05,24,09
3.0,6.0,Phylloscopus humei,Hume's Warbler,0.5468,psl4,2024,05,25,06
6.0,9.0,Phylloscopus humei,Hume's Warbler,0.9408,psl4,2024,05,25,06
12.0,15.0,Phylloscopus humei,Hume's Warbler,0.8475,psl4,2024,05,25,06
15.0,18.0,Phylloscopus humei,Hume's Warbler,0.7729,psl4,2024,05,25,06
18.0,21.0,Phylloscopus humei,Hume's Warbler,0.7814,psl4,2024,05,25,06
27.0,30.0,Phylloscopus humei,Hume's Warbler,0.9242,psl4,2024,05,25,06
33.0,36.0,Larvivora brunnea,Indian Blue Robin,0.5338,psl4,2024,05,25,06
42.0,45.0,Carpodacus erythrinus,Common Rosefinch,0.6351,psl4,2024,05,25,06
45.0,48.0,Larvivora brunnea,Indian Blue Robin,0.7041,psl4,2024,05,25,06
69.0,72.0,Larvivora brunnea,Indian Blue Robin,0.999,psl4,2024,05,25,06
81.0,84.0,Larvivora brunnea,Indian Blue Robin,0.9912,psl4,2024,05,25,06
90.0,93.0,Phylloscopus humei,Hume's Warbler,0.8135,psl4,2024,05,25,06
93.0,96.0,Larvivora brunnea,Indian Blue Robin,0.9943,psl4,2024,05,25,06
93.0,96.0,Larvivora cyane,Siberian Blue Robin,0.7411,psl4,2024,05,25,06
105.0,108.0,Larvivora brunnea,Indian Blue Robin,0.9853,psl4,2024,05,25,06
120.0,123.0,Larvivora brunnea,Indian Blue Robin,0.8334,psl4,2024,05,25,06
144.0,147.0,Larvivora brunnea,Indian Blue Robin,0.9683,psl4,2024,05,25,06
156.0,159.0,Larvivora brunnea,Indian Blue Robin,0.8961,psl4,2024,05,25,06
168.0,171.0,Larvivora brunnea,Indian Blue Robin,0.9748,psl4,2024,05,25,06
177.0,180.0,Larvivora brunnea,Indian Blue Robin,0.9598,psl4,2024,05,25,06
180.0,183.0,Larvivora brunnea,Indian Blue Robin,0.7827,psl4,2024,05,25,06
189.0,192.0,Larvivora brunnea,Indian Blue Robin,0.9864,psl4,2024,05,25,06
201.0,204.0,Larvivora brunnea,Indian Blue Robin,0.8399,psl4,2024,05,25,06
222.0,225.0,Larvivora brunnea,Indian Blue Robin,0.9429,psl4,2024,05,25,06
222.0,225.0,Phylloscopus magnirostris,Large-billed Leaf Warbler,0.66,psl4,2024,05,25,06
237.0,240.0,Larvivora brunnea,Indian Blue Robin,0.9511,psl4,2024,05,25,06
249.0,252.0,Larvivora brunnea,Indian Blue Robin,0.8295,psl4,2024,05,25,06
261.0,264.0,Larvivora brunnea,Indian Blue Robin,0.8789,psl4,2024,05,25,06
276.0,279.0,Larvivora brunnea,Indian Blue Robin,0.9003,psl4,2024,05,25,06
285.0,288.0,Larvivora brunnea,Indian Blue Robin,0.6905,psl4,2024,05,25,06
297.0,300.0,Larvivora brunnea,Indian Blue Robin,0.9943,psl4,2024,05,25,06
312.0,315.0,Larvivora brunnea,Indian Blue Robin,0.7883,psl4,2024,05,25,06
324.0,327.0,Larvivora brunnea,Indian Blue Robin,0.8683,psl4,2024,05,25,06
336.0,339.0,Larvivora brunnea,Indian Blue Robin,0.9921,psl4,2024,05,25,06
348.0,351.0,Larvivora brunnea,Indian Blue Robin,0.8876,psl4,2024,05,25,06
363.0,366.0,Larvivora brunnea,Indian Blue Robin,0.9059,psl4,2024,05,25,06
375.0,378.0,Larvivora brunnea,Indian Blue Robin,0.7012,psl4,2024,05,25,06
414.0,417.0,Larvivora brunnea,Indian Blue Robin,0.7891,psl4,2024,05,25,06
414.0,417.0,Phylloscopus magnirostris,Large-billed Leaf Warbler,0.5731,psl4,2024,05,25,06
495.0,498.0,Larvivora brunnea,Indian Blue Robin,0.917,psl4,2024,05,25,06
519.0,522.0,Larvivora brunnea,Indian Blue Robin,0.9761,psl4,2024,05,25,06
537.0,540.0,Larvivora brunnea,Indian Blue Robin,0.9112,psl4,2024,05,25,06
549.0,552.0,Ficedula tricolor,Slaty-blue Flycatcher,0.6373,psl4,2024,05,25,06
585.0,588.0,Larvivora brunnea,Indian Blue Robin,0.9995,psl4,2024,05,25,06
609.0,612.0,Phylloscopus humei,Hume's Warbler,0.7929,psl4,2024,05,25,06
612.0,615.0,Larvivora brunnea,Indian Blue Robin,0.606,psl4,2024,05,25,06
621.0,624.0,Phylloscopus humei,Hume's Warbler,0.8957,psl4,2024,05,25,06
630.0,633.0,Phylloscopus humei,Hume's Warbler,0.81,psl4,2024,05,25,06
642.0,645.0,Phylloscopus humei,Hume's Warbler,0.6045,psl4,2024,05,25,06
654.0,657.0,Phylloscopus occipitalis,Western Crowned Warbler,0.9292,psl4,2024,05,25,06
660.0,663.0,Phylloscopus occipitalis,Western Crowned Warbler,0.7207,psl4,2024,05,25,06
663.0,666.0,Larvivora brunnea,Indian Blue Robin,0.783,psl4,2024,05,25,06
690.0,693.0,Phylloscopus humei,Hume's Warbler,0.8662,psl4,2024,05,25,06
711.0,714.0,Larvivora brunnea,Indian Blue Robin,0.9146,psl4,2024,05,25,06
723.0,726.0,Phylloscopus humei,Hume's Warbler,0.8862,psl4,2024,05,25,06
750.0,753.0,Phylloscopus occipitalis,Western Crowned Warbler,0.8408,psl4,2024,05,25,06
765.0,768.0,Phylloscopus occipitalis,Western Crowned Warbler,0.5145,psl4,2024,05,25,06
780.0,783.0,Phylloscopus humei,Hume's Warbler,0.8208,psl4,2024,05,25,06
798.0,801.0,Phylloscopus humei,Hume's Warbler,0.7231,psl4,2024,05,25,06
807.0,810.0,Phylloscopus occipitalis,Western Crowned Warbler,0.7197,psl4,2024,05,25,06
810.0,813.0,Phylloscopus occipitalis,Western Crowned Warbler,0.827,psl4,2024,05,25,06
819.0,822.0,Phylloscopus occipitalis,Western Crowned Warbler,0.6509,psl4,2024,05,25,06
822.0,825.0,Phylloscopus humei,Hume's Warbler,0.9142,psl4,2024,05,25,06
825.0,828.0,Phylloscopus occipitalis,Western Crowned Warbler,0.6823,psl4,2024,05,25,06
840.0,843.0,Phylloscopus occipitalis,Western Crowned Warbler,0.8362,psl4,2024,05,25,06
843.0,846.0,Phylloscopus humei,Hume's Warbler,0.571,psl4,2024,05,25,06
846.0,849.0,Phylloscopus occipitalis,Western Crowned Warbler,0.9557,psl4,2024,05,25,06
849.0,852.0,Phylloscopus occipitalis,Western Crowned Warbler,0.9783,psl4,2024,05,25,06
858.0,861.0,Phylloscopus occipitalis,Western Crowned Warbler,0.9615,psl4,2024,05,25,06
861.0,864.0,Larvivora brunnea,Indian Blue Robin,0.5103,psl4,2024,05,25,06
867.0,870.0,Phylloscopus occipitalis,Western Crowned Warbler,0.9705,psl4,2024,05,25,06
873.0,876.0,Phylloscopus humei,Hume's Warbler,0.7701,psl4,2024,05,25,06
879.0,882.0,Phylloscopus humei,Hume's Warbler,0.8413,psl4,2024,05,25,06
882.0,885.0,Phylloscopus occipitalis,Western Crowned Warbler,0.8334,psl4,2024,05,25,06
885.0,888.0,Phylloscopus occipitalis,Western Crowned Warbler,0.8795,psl4,2024,05,25,06
891.0,894.0,Larvivora brunnea,Indian Blue Robin,0.9826,psl4,2024,05,25,06
894.0,897.0,Phylloscopus occipitalis,Western Crowned Warbler,0.9858,psl4,2024,05,25,06
3.0,6.0,Phylloscopus humei,Hume's Warbler,0.5506,psl4,2024,05,25,07
9.0,12.0,Phylloscopus humei,Hume's Warbler,0.6675,psl4,2024,05,25,07
15.0,18.0,Phylloscopus humei,Hume's Warbler,0.5766,psl4,2024,05,25,07
21.0,24.0,Carpodacus erythrinus,Common Rosefinch,0.5255,psl4,2024,05,25,07
33.0,36.0,Phylloscopus occipitalis,Western Crowned Warbler,0.6213,psl4,2024,05,25,07
63.0,66.0,Phylloscopus occipitalis,Western Crowned Warbler,0.5608,psl4,2024,05,25,07
93.0,96.0,Carpodacus erythrinus,Common Rosefinch,0.6759,psl4,2024,05,25,07
108.0,111.0,Petronia petronia,Rock Sparrow,0.5352,psl4,2024,05,25,07
129.0,132.0,Carpodacus erythrinus,Common Rosefinch,0.8328,psl4,2024,05,25,07
135.0,138.0,Carpodacus erythrinus,Common Rosefinch,0.9936,psl4,2024,05,25,07
141.0,144.0,Phylloscopus humei,Hume's Warbler,0.9201,psl4,2024,05,25,07
144.0,147.0,Phylloscopus humei,Hume's Warbler,0.9327,psl4,2024,05,25,07
150.0,153.0,Carpodacus erythrinus,Common Rosefinch,0.9495,psl4,2024,05,25,07
153.0,156.0,Carpodacus erythrinus,Common Rosefinch,0.7892,psl4,2024,05,25,07
159.0,162.0,Carpodacus erythrinus,Common Rosefinch,0.6873,psl4,2024,05,25,07
162.0,165.0,Carpodacus erythrinus,Common Rosefinch,0.9596,psl4,2024,05,25,07
165.0,168.0,Carpodacus erythrinus,Common Rosefinch,0.955,psl4,2024,05,25,07
171.0,174.0,Carpodacus erythrinus,Common Rosefinch,0.9709,psl4,2024,05,25,07
174.0,177.0,Carpodacus erythrinus,Common Rosefinch,0.5548,psl4,2024,05,25,07
180.0,183.0,Carpodacus erythrinus,Common Rosefinch,0.8217,psl4,2024,05,25,07
186.0,189.0,Carpodacus erythrinus,Common Rosefinch,0.9046,psl4,2024,05,25,07
189.0,192.0,Carpodacus erythrinus,Common Rosefinch,0.7644,psl4,2024,05,25,07
192.0,195.0,Carpodacus erythrinus,Common Rosefinch,0.8156,psl4,2024,05,25,07
198.0,201.0,Carpodacus erythrinus,Common Rosefinch,0.5702,psl4,2024,05,25,07
201.0,204.0,Carpodacus erythrinus,Common Rosefinch,0.8803,psl4,2024,05,25,07
204.0,207.0,Carpodacus erythrinus,Common Rosefinch,0.9155,psl4,2024,05,25,07
219.0,222.0,Carpodacus erythrinus,Common Rosefinch,0.5035,psl4,2024,05,25,07
222.0,225.0,Carpodacus erythrinus,Common Rosefinch,0.9652,psl4,2024,05,25,07
225.0,228.0,Carpodacus erythrinus,Common Rosefinch,0.8783,psl4,2024,05,25,07
228.0,231.0,Carpodacus erythrinus,Common Rosefinch,0.523,psl4,2024,05,25,07
234.0,237.0,Carpodacus erythrinus,Common Rosefinch,0.5487,psl4,2024,05,25,07
237.0,240.0,Carpodacus erythrinus,Common Rosefinch,0.5326,psl4,2024,05,25,07
240.0,243.0,Carpodacus erythrinus,Common Rosefinch,0.9331,psl4,2024,05,25,07
243.0,246.0,Carpodacus erythrinus,Common Rosefinch,0.8708,psl4,2024,05,25,07
324.0,327.0,Carpodacus erythrinus,Common Rosefinch,0.5105,psl4,2024,05,25,07
333.0,336.0,Carpodacus erythrinus,Common Rosefinch,0.6218,psl4,2024,05,25,07
345.0,348.0,Carpodacus erythrinus,Common Rosefinch,0.6679,psl4,2024,05,25,07
351.0,354.0,Carpodacus erythrinus,Common Rosefinch,0.6928,psl4,2024,05,25,07
357.0,360.0,Carpodacus erythrinus,Common Rosefinch,0.5727,psl4,2024,05,25,07
369.0,372.0,Carpodacus erythrinus,Common Rosefinch,0.688,psl4,2024,05,25,07
384.0,387.0,Carpodacus erythrinus,Common Rosefinch,0.725,psl4,2024,05,25,07
393.0,396.0,Carpodacus erythrinus,Common Rosefinch,0.6733,psl4,2024,05,25,07
396.0,399.0,Carpodacus erythrinus,Common Rosefinch,0.8067,psl4,2024,05,25,07
399.0,402.0,Carpodacus erythrinus,Common Rosefinch,0.9216,psl4,2024,05,25,07
405.0,408.0,Carpodacus erythrinus,Common Rosefinch,0.7772,psl4,2024,05,25,07
414.0,417.0,Carpodacus erythrinus,Common Rosefinch,0.8597,psl4,2024,05,25,07
426.0,429.0,Carpodacus erythrinus,Common Rosefinch,0.5459,psl4,2024,05,25,07
429.0,432.0,Carpodacus erythrinus,Common Rosefinch,0.8566,psl4,2024,05,25,07
438.0,441.0,Carpodacus erythrinus,Common Rosefinch,0.6925,psl4,2024,05,25,07
450.0,453.0,Carpodacus erythrinus,Common Rosefinch,0.8678,psl4,2024,05,25,07
459.0,462.0,Carpodacus erythrinus,Common Rosefinch,0.5585,psl4,2024,05,25,07
468.0,471.0,Carpodacus erythrinus,Common Rosefinch,0.8947,psl4,2024,05,25,07
477.0,480.0,Carpodacus erythrinus,Common Rosefinch,0.9008,psl4,2024,05,25,07
489.0,492.0,Carpodacus erythrinus,Common Rosefinch,0.7429,psl4,2024,05,25,07
492.0,495.0,Ficedula tricolor,Slaty-blue Flycatcher,0.9637,psl4,2024,05,25,07
501.0,504.0,Ficedula tricolor,Slaty-blue Flycatcher,0.9581,psl4,2024,05,25,07
522.0,525.0,Ficedula tricolor,Slaty-blue Flycatcher,0.6687,psl4,2024,05,25,07
525.0,528.0,Phylloscopus occipitalis,Western Crowned Warbler,0.9913,psl4,2024,05,25,07
531.0,534.0,Phylloscopus occipitalis,Western Crowned Warbler,0.794,psl4,2024,05,25,07
531.0,534.0,Ficedula tricolor,Slaty-blue Flycatcher,0.6421,psl4,2024,05,25,07
531.0,534.0,Geothlypis tolmiei,MacGillivray's Warbler,0.5674,psl4,2024,05,25,07
534.0,537.0,Phylloscopus occipitalis,Western Crowned Warbler,0.6847,psl4,2024,05,25,07
537.0,540.0,Phylloscopus occipitalis,Western Crowned Warbler,0.9289,psl4,2024,05,25,07
540.0,543.0,Phylloscopus occipitalis,Western Crowned Warbler,0.8428,psl4,2024,05,25,07
546.0,549.0,Phylloscopus occipitalis,Western Crowned Warbler,0.6022,psl4,2024,05,25,07
552.0,555.0,Phylloscopus occipitalis,Western Crowned Warbler,0.912,psl4,2024,05,25,07
561.0,564.0,Phylloscopus humei,Hume's Warbler,0.5984,psl4,2024,05,25,07
564.0,567.0,Phylloscopus occipitalis,Western Crowned Warbler,0.8807,psl4,2024,05,25,07
570.0,573.0,Phylloscopus occipitalis,Western Crowned Warbler,0.9827,psl4,2024,05,25,07
573.0,576.0,Phylloscopus occipitalis,Western Crowned Warbler,0.9624,psl4,2024,05,25,07
579.0,582.0,Ficedula tricolor,Slaty-blue Flycatcher,0.5548,psl4,2024,05,25,07
582.0,585.0,Phylloscopus occipitalis,Western Crowned Warbler,0.6536,psl4,2024,05,25,07
600.0,603.0,Phylloscopus occipitalis,Western Crowned Warbler,0.5231,psl4,2024,05,25,07
624.0,627.0,Phylloscopus occipitalis,Western Crowned Warbler,0.5719,psl4,2024,05,25,07
672.0,675.0,Phylloscopus humei,Hume's Warbler,0.6771,psl4,2024,05,25,07
690.0,693.0,Carpodacus erythrinus,Common Rosefinch,0.7529,psl4,2024,05,25,07
699.0,702.0,Phylloscopus humei,Hume's Warbler,0.5995,psl4,2024,05,25,07
705.0,708.0,Carpodacus erythrinus,Common Rosefinch,0.8658,psl4,2024,05,25,07
717.0,720.0,Anthus hodgsoni,Olive-backed Pipit,0.9381,psl4,2024,05,25,07
744.0,747.0,Trochalopteron variegatum,Variegated Laughingthrush,0.8262,psl4,2024,05,25,07
774.0,777.0,Anthus hodgsoni,Olive-backed Pipit,0.8218,psl4,2024,05,25,07
777.0,780.0,Anthus hodgsoni,Olive-backed Pipit,0.8846,psl4,2024,05,25,07
783.0,786.0,Anthus hodgsoni,Olive-backed Pipit,0.7679,psl4,2024,05,25,07
786.0,789.0,Anthus hodgsoni,Olive-backed Pipit,0.8687,psl4,2024,05,25,07
795.0,798.0,Anthus hodgsoni,Olive-backed Pipit,0.6613,psl4,2024,05,25,07
798.0,801.0,Anthus hodgsoni,Olive-backed Pipit,0.9616,psl4,2024,05,25,07
864.0,867.0,Phylloscopus humei,Hume's Warbler,0.66,psl4,2024,05,25,07
21.0,24.0,Spinus spinus,Eurasian Siskin,0.5962,psl4,2024,05,25,08
75.0,78.0,Trochalopteron variegatum,Variegated Laughingthrush,0.6646,psl4,2024,05,25,08
84.0,87.0,Phylloscopus humei,Hume's Warbler,0.5265,psl4,2024,05,25,08
87.0,90.0,Phylloscopus humei,Hume's Warbler,0.9517,psl4,2024,05,25,08
90.0,93.0,Phylloscopus humei,Hume's Warbler,0.8675,psl4,2024,05,25,08
96.0,99.0,Phylloscopus humei,Hume's Warbler,0.5183,psl4,2024,05,25,08
105.0,108.0,Phylloscopus humei,Hume's Warbler,0.8565,psl4,2024,05,25,08
120.0,123.0,Phylloscopus humei,Hume's Warbler,0.9337,psl4,2024,05,25,08
150.0,153.0,Phylloscopus occipitalis,Western Crowned Warbler,0.5094,psl4,2024,05,25,08
165.0,168.0,Tarsiger rufilatus,Himalayan Bluetail,0.5082,psl4,2024,05,25,08
183.0,186.0,Trochalopteron variegatum,Variegated Laughingthrush,0.6139,psl4,2024,05,25,08
234.0,237.0,Trochalopteron variegatum,Variegated Laughingthrush,0.5124,psl4,2024,05,25,08
270.0,273.0,Trochalopteron variegatum,Variegated Laughingthrush,0.5809,psl4,2024,05,25,08
360.0,363.0,Trochalopteron variegatum,Variegated Laughingthrush,0.5914,psl4,2024,05,25,08
378.0,381.0,Trochalopteron variegatum,Variegated Laughingthrush,0.8788,psl4,2024,05,25,08
408.0,411.0,Trochalopteron variegatum,Variegated Laughingthrush,0.9032,psl4,2024,05,25,08
411.0,414.0,Trochalopteron variegatum,Variegated Laughingthrush,0.8754,psl4,2024,05,25,08
417.0,420.0,Trochalopteron variegatum,Variegated Laughingthrush,0.7475,psl4,2024,05,25,08
429.0,432.0,Trochalopteron variegatum,Variegated Laughingthrush,0.8324,psl4,2024,05,25,08
444.0,447.0,Trochalopteron variegatum,Variegated Laughingthrush,0.7582,psl4,2024,05,25,08
450.0,453.0,Trochalopteron variegatum,Variegated Laughingthrush,0.8433,psl4,2024,05,25,08
555.0,558.0,Phylloscopus humei,Hume's Warbler,0.6702,psl4,2024,05,25,08
585.0,588.0,Phylloscopus humei,Hume's Warbler,0.9086,psl4,2024,05,25,08
606.0,609.0,Phoenicurus auroreus,Daurian Redstart,0.7488,psl4,2024,05,25,08
609.0,612.0,Phoenicurus auroreus,Daurian Redstart,0.6709,psl4,2024,05,25,08
654.0,657.0,Phylloscopus occipitalis,Western Crowned Warbler,0.5304,psl4,2024,05,25,08
753.0,756.0,Phylloscopus occipitalis,Western Crowned Warbler,0.5723,psl4,2024,05,25,08
807.0,810.0,Trochalopteron variegatum,Variegated Laughingthrush,0.5529,psl4,2024,05,25,08
834.0,837.0,Trochalopteron variegatum,Variegated Laughingthrush,0.75,psl4,2024,05,25,08
837.0,840.0,Trochalopteron variegatum,Variegated Laughingthrush,0.8002,psl4,2024,05,25,08
843.0,846.0,Trochalopteron variegatum,Variegated Laughingthrush,0.5356,psl4,2024,05,25,08
846.0,849.0,Phylloscopus occipitalis,Western Crowned Warbler,0.6033,psl4,2024,05,25,08
852.0,855.0,Trochalopteron variegatum,Variegated Laughingthrush,0.8805,psl4,2024,05,25,08
861.0,864.0,Trochalopteron variegatum,Variegated Laughingthrush,0.693,psl4,2024,05,25,08
864.0,867.0,Trochalopteron variegatum,Variegated Laughingthrush,0.5826,psl4,2024,05,25,08
867.0,870.0,Trochalopteron variegatum,Variegated Laughingthrush,0.5952,psl4,2024,05,25,08
873.0,876.0,Trochalopteron variegatum,Variegated Laughingthrush,0.8309,psl4,2024,05,25,08
882.0,885.0,Phylloscopus occipitalis,Western Crowned Warbler,0.7194,psl4,2024,05,25,08
882.0,885.0,Trochalopteron variegatum,Variegated Laughingthrush,0.5545,psl4,2024,05,25,08
885.0,888.0,Phylloscopus occipitalis,Western Crowned Warbler,0.7979,psl4,2024,05,25,08
888.0,891.0,Phylloscopus occipitalis,Western Crowned Warbler,0.9574,psl4,2024,05,25,08
897.0,900.0,Phylloscopus occipitalis,Western Crowned Warbler,0.9287,psl4,2024,05,25,08
30.0,33.0,Phylloscopus humei,Hume's Warbler,0.7553,psl4,2024,05,25,09
45.0,48.0,Phylloscopus humei,Hume's Warbler,0.7739,psl4,2024,05,25,09
48.0,51.0,Phylloscopus humei,Hume's Warbler,0.9632,psl4,2024,05,25,09
51.0,54.0,Phylloscopus humei,Hume's Warbler,0.5915,psl4,2024,05,25,09
54.0,57.0,Phylloscopus humei,Hume's Warbler,0.6122,psl4,2024,05,25,09
57.0,60.0,Phylloscopus humei,Hume's Warbler,0.8396,psl4,2024,05,25,09
60.0,63.0,Phylloscopus humei,Hume's Warbler,0.897,psl4,2024,05,25,09
63.0,66.0,Phylloscopus humei,Hume's Warbler,0.8243,psl4,2024,05,25,09
66.0,69.0,Phylloscopus humei,Hume's Warbler,0.5156,psl4,2024,05,25,09
69.0,72.0,Phylloscopus humei,Hume's Warbler,0.7692,psl4,2024,05,25,09
72.0,75.0,Phylloscopus humei,Hume's Warbler,0.8988,psl4,2024,05,25,09
75.0,78.0,Phylloscopus humei,Hume's Warbler,0.8915,psl4,2024,05,25,09
78.0,81.0,Phylloscopus humei,Hume's Warbler,0.6687,psl4,2024,05,25,09
84.0,87.0,Phylloscopus humei,Hume's Warbler,0.9764,psl4,2024,05,25,09
87.0,90.0,Phylloscopus humei,Hume's Warbler,0.9722,psl4,2024,05,25,09
90.0,93.0,Phylloscopus humei,Hume's Warbler,0.9673,psl4,2024,05,25,09
93.0,96.0,Phylloscopus humei,Hume's Warbler,0.9363,psl4,2024,05,25,09
96.0,99.0,Phylloscopus humei,Hume's Warbler,0.8643,psl4,2024,05,25,09
99.0,102.0,Phylloscopus humei,Hume's Warbler,0.8874,psl4,2024,05,25,09
102.0,105.0,Phylloscopus humei,Hume's Warbler,0.7252,psl4,2024,05,25,09
105.0,108.0,Phylloscopus humei,Hume's Warbler,0.9762,psl4,2024,05,25,09
108.0,111.0,Phylloscopus humei,Hume's Warbler,0.8448,psl4,2024,05,25,09
111.0,114.0,Phylloscopus humei,Hume's Warbler,0.8476,psl4,2024,05,25,09
114.0,117.0,Phylloscopus humei,Hume's Warbler,0.9184,psl4,2024,05,25,09
117.0,120.0,Phylloscopus humei,Hume's Warbler,0.809,psl4,2024,05,25,09
120.0,123.0,Phylloscopus humei,Hume's Warbler,0.8044,psl4,2024,05,25,09
123.0,126.0,Phylloscopus humei,Hume's Warbler,0.9837,psl4,2024,05,25,09
126.0,129.0,Phylloscopus humei,Hume's Warbler,0.6151,psl4,2024,05,25,09
132.0,135.0,Phylloscopus humei,Hume's Warbler,0.7064,psl4,2024,05,25,09
135.0,138.0,Phylloscopus humei,Hume's Warbler,0.8629,psl4,2024,05,25,09
138.0,141.0,Phylloscopus humei,Hume's Warbler,0.5662,psl4,2024,05,25,09
141.0,144.0,Phylloscopus humei,Hume's Warbler,0.9472,psl4,2024,05,25,09
144.0,147.0,Phylloscopus humei,Hume's Warbler,0.7818,psl4,2024,05,25,09
150.0,153.0,Phylloscopus humei,Hume's Warbler,0.9166,psl4,2024,05,25,09
153.0,156.0,Phylloscopus humei,Hume's Warbler,0.9635,psl4,2024,05,25,09
156.0,159.0,Phylloscopus humei,Hume's Warbler,0.8016,psl4,2024,05,25,09
162.0,165.0,Phylloscopus humei,Hume's Warbler,0.8613,psl4,2024,05,25,09
165.0,168.0,Phylloscopus humei,Hume's Warbler,0.709,psl4,2024,05,25,09
168.0,171.0,Phylloscopus humei,Hume's Warbler,0.7277,psl4,2024,05,25,09
174.0,177.0,Phylloscopus humei,Hume's Warbler,0.9271,psl4,2024,05,25,09
177.0,180.0,Phylloscopus humei,Hume's Warbler,0.8647,psl4,2024,05,25,09
186.0,189.0,Phylloscopus humei,Hume's Warbler,0.8455,psl4,2024,05,25,09
189.0,192.0,Phylloscopus humei,Hume's Warbler,0.7015,psl4,2024,05,25,09
192.0,195.0,Phylloscopus humei,Hume's Warbler,0.763,psl4,2024,05,25,09
195.0,198.0,Phylloscopus humei,Hume's Warbler,0.8067,psl4,2024,05,25,09
198.0,201.0,Phylloscopus humei,Hume's Warbler,0.6658,psl4,2024,05,25,09
204.0,207.0,Phylloscopus humei,Hume's Warbler,0.8106,psl4,2024,05,25,09
219.0,222.0,Phylloscopus humei,Hume's Warbler,0.5607,psl4,2024,05,25,09
225.0,228.0,Phylloscopus humei,Hume's Warbler,0.6458,psl4,2024,05,25,09
228.0,231.0,Phylloscopus humei,Hume's Warbler,0.7576,psl4,2024,05,25,09
234.0,237.0,Phylloscopus humei,Hume's Warbler,0.7563,psl4,2024,05,25,09
243.0,246.0,Phylloscopus humei,Hume's Warbler,0.9687,psl4,2024,05,25,09
246.0,249.0,Phylloscopus humei,Hume's Warbler,0.6562,psl4,2024,05,25,09
252.0,255.0,Phylloscopus humei,Hume's Warbler,0.931,psl4,2024,05,25,09
255.0,258.0,Phylloscopus humei,Hume's Warbler,0.9734,psl4,2024,05,25,09
258.0,261.0,Phylloscopus humei,Hume's Warbler,0.6266,psl4,2024,05,25,09
264.0,267.0,Phylloscopus humei,Hume's Warbler,0.9051,psl4,2024,05,25,09
267.0,270.0,Phylloscopus humei,Hume's Warbler,0.8101,psl4,2024,05,25,09
273.0,276.0,Phylloscopus humei,Hume's Warbler,0.6851,psl4,2024,05,25,09
276.0,279.0,Phylloscopus humei,Hume's Warbler,0.5656,psl4,2024,05,25,09
279.0,282.0,Phylloscopus humei,Hume's Warbler,0.8716,psl4,2024,05,25,09
288.0,291.0,Phylloscopus humei,Hume's Warbler,0.6309,psl4,2024,05,25,09
294.0,297.0,Phylloscopus humei,Hume's Warbler,0.981,psl4,2024,05,25,09
297.0,300.0,Phylloscopus humei,Hume's Warbler,0.7519,psl4,2024,05,25,09
303.0,306.0,Phylloscopus humei,Hume's Warbler,0.9943,psl4,2024,05,25,09
306.0,309.0,Phylloscopus humei,Hume's Warbler,0.8128,psl4,2024,05,25,09
309.0,312.0,Phylloscopus humei,Hume's Warbler,0.8729,psl4,2024,05,25,09
312.0,315.0,Phylloscopus humei,Hume's Warbler,0.7885,psl4,2024,05,25,09
315.0,318.0,Phylloscopus humei,Hume's Warbler,0.7076,psl4,2024,05,25,09
321.0,324.0,Phylloscopus humei,Hume's Warbler,0.9219,psl4,2024,05,25,09
333.0,336.0,Phylloscopus humei,Hume's Warbler,0.704,psl4,2024,05,25,09
336.0,339.0,Phylloscopus humei,Hume's Warbler,0.7113,psl4,2024,05,25,09
339.0,342.0,Phylloscopus humei,Hume's Warbler,0.6918,psl4,2024,05,25,09
342.0,345.0,Phylloscopus humei,Hume's Warbler,0.5385,psl4,2024,05,25,09
351.0,354.0,Phylloscopus affinis,Tickell's Leaf Warbler,0.5237,psl4,2024,05,25,09
357.0,360.0,Phylloscopus humei,Hume's Warbler,0.7307,psl4,2024,05,25,09
360.0,363.0,Phylloscopus humei,Hume's Warbler,0.8544,psl4,2024,05,25,09
363.0,366.0,Phylloscopus humei,Hume's Warbler,0.5222,psl4,2024,05,25,09
366.0,369.0,Phylloscopus humei,Hume's Warbler,0.6238,psl4,2024,05,25,09
369.0,372.0,Phylloscopus humei,Hume's Warbler,0.9508,psl4,2024,05,25,09
375.0,378.0,Phylloscopus humei,Hume's Warbler,0.906,psl4,2024,05,25,09
417.0,420.0,Phylloscopus humei,Hume's Warbler,0.7022,psl4,2024,05,25,09
420.0,423.0,Phylloscopus humei,Hume's Warbler,0.8533,psl4,2024,05,25,09
426.0,429.0,Phylloscopus humei,Hume's Warbler,0.7743,psl4,2024,05,25,09
429.0,432.0,Phylloscopus humei,Hume's Warbler,0.8158,psl4,2024,05,25,09
435.0,438.0,Phylloscopus humei,Hume's Warbler,0.9434,psl4,2024,05,25,09
441.0,444.0,Phylloscopus humei,Hume's Warbler,0.8295,psl4,2024,05,25,09
444.0,447.0,Phylloscopus humei,Hume's Warbler,0.6323,psl4,2024,05,25,09
447.0,450.0,Phylloscopus humei,Hume's Warbler,0.7942,psl4,2024,05,25,09
456.0,459.0,Phylloscopus humei,Hume's Warbler,0.933,psl4,2024,05,25,09
462.0,465.0,Phylloscopus humei,Hume's Warbler,0.8843,psl4,2024,05,25,09
468.0,471.0,Phylloscopus humei,Hume's Warbler,0.7401,psl4,2024,05,25,09
471.0,474.0,Phylloscopus humei,Hume's Warbler,0.9243,psl4,2024,05,25,09
669.0,672.0,Phylloscopus humei,Hume's Warbler,0.912,psl4,2024,05,25,09
672.0,675.0,Phylloscopus humei,Hume's Warbler,0.6677,psl4,2024,05,25,09
726.0,729.0,Phylloscopus humei,Hume's Warbler,0.6354,psl4,2024,05,25,09
744.0,747.0,Phylloscopus humei,Hume's Warbler,0.801,psl4,2024,05,25,09
747.0,750.0,Phylloscopus humei,Hume's Warbler,0.6735,psl4,2024,05,25,09
762.0,765.0,Phylloscopus occipitalis,Western Crowned Warbler,0.6815,psl4,2024,05,25,09
816.0,819.0,Phylloscopus humei,Hume's Warbler,0.5984,psl4,2024,05,25,09
834.0,837.0,Phylloscopus humei,Hume's Warbler,0.5811,psl4,2024,05,25,09
861.0,864.0,Phylloscopus occipitalis,Western Crowned Warbler,0.5456,psl4,2024,05,25,09
891.0,894.0,Phylloscopus occipitalis,Western Crowned Warbler,0.5884,psl4,2024,05,25,09
0.0,3.0,Phylloscopus occipitalis,Western Crowned Warbler,0.6457,psl4,2024,05,26,06
6.0,9.0,Phylloscopus occipitalis,Western Crowned Warbler,0.5694,psl4,2024,05,26,06
225.0,228.0,Phylloscopus occipitalis,Western Crowned Warbler,0.5669,psl4,2024,05,26,06
228.0,231.0,Ficedula zanthopygia,Yellow-rumped Flycatcher,0.7652,psl4,2024,05,26,06
237.0,240.0,Tarsiger rufilatus,Himalayan Bluetail,0.5723,psl4,2024,05,26,06
246.0,249.0,Phylloscopus humei,Hume's Warbler,0.9793,psl4,2024,05,26,06
255.0,258.0,Phylloscopus humei,Hume's Warbler,0.9248,psl4,2024,05,26,06
258.0,261.0,Phylloscopus occipitalis,Western Crowned Warbler,0.8194,psl4,2024,05,26,06
264.0,267.0,Phylloscopus occipitalis,Western Crowned Warbler,0.9424,psl4,2024,05,26,06
267.0,270.0,Phylloscopus occipitalis,Western Crowned Warbler,0.6968,psl4,2024,05,26,06
273.0,276.0,Zonotrichia leucophrys,White-crowned Sparrow,0.5355,psl4,2024,05,26,06
276.0,279.0,Phylloscopus occipitalis,Western Crowned Warbler,0.9044,psl4,2024,05,26,06
282.0,285.0,Phylloscopus humei,Hume's Warbler,0.8823,psl4,2024,05,26,06
291.0,294.0,Phylloscopus humei,Hume's Warbler,0.7821,psl4,2024,05,26,06
294.0,297.0,Phylloscopus humei,Hume's Warbler,0.8294,psl4,2024,05,26,06
300.0,303.0,Phylloscopus humei,Hume's Warbler,0.6437,psl4,2024,05,26,06
303.0,306.0,Phylloscopus humei,Hume's Warbler,0.8523,psl4,2024,05,26,06
306.0,309.0,Phylloscopus humei,Hume's Warbler,0.83,psl4,2024,05,26,06
312.0,315.0,Phylloscopus humei,Hume's Warbler,0.7486,psl4,2024,05,26,06
315.0,318.0,Phylloscopus humei,Hume's Warbler,0.8549,psl4,2024,05,26,06
324.0,327.0,Phylloscopus humei,Hume's Warbler,0.6261,psl4,2024,05,26,06
327.0,330.0,Phylloscopus humei,Hume's Warbler,0.8028,psl4,2024,05,26,06
330.0,333.0,Phylloscopus humei,Hume's Warbler,0.6863,psl4,2024,05,26,06
336.0,339.0,Phylloscopus humei,Hume's Warbler,0.6994,psl4,2024,05,26,06
345.0,348.0,Carpodacus erythrinus,Common Rosefinch,0.5255,psl4,2024,05,26,06
354.0,357.0,Phylloscopus humei,Hume's Warbler,0.8147,psl4,2024,05,26,06
360.0,363.0,Phylloscopus occipitalis,Western Crowned Warbler,0.517,psl4,2024,05,26,06
366.0,369.0,Phylloscopus humei,Hume's Warbler,0.717,psl4,2024,05,26,06
384.0,387.0,Phylloscopus humei,Hume's Warbler,0.5249,psl4,2024,05,26,06
480.0,483.0,Phylloscopus occipitalis,Western Crowned Warbler,0.5031,psl4,2024,05,26,06
540.0,543.0,Phylloscopus occipitalis,Western Crowned Warbler,0.7685,psl4,2024,05,26,06
612.0,615.0,Phylloscopus occipitalis,Western Crowned Warbler,0.5278,psl4,2024,05,26,06
648.0,651.0,Phylloscopus occipitalis,Western Crowned Warbler,0.5253,psl4,2024,05,26,06
654.0,657.0,Phylloscopus occipitalis,Western Crowned Warbler,0.69,psl4,2024,05,26,06
657.0,660.0,Phylloscopus occipitalis,Western Crowned Warbler,0.5218,psl4,2024,05,26,06
660.0,663.0,Phylloscopus occipitalis,Western Crowned Warbler,0.5173,psl4,2024,05,26,06
663.0,666.0,Phylloscopus occipitalis,Western Crowned Warbler,0.6744,psl4,2024,05,26,06
690.0,693.0,Phylloscopus occipitalis,Western Crowned Warbler,0.7205,psl4,2024,05,26,06
696.0,699.0,Phylloscopus occipitalis,Western Crowned Warbler,0.8266,psl4,2024,05,26,06
744.0,747.0,Phylloscopus occipitalis,Western Crowned Warbler,0.5218,psl4,2024,05,26,06
759.0,762.0,Phylloscopus occipitalis,Western Crowned Warbler,0.5258,psl4,2024,05,26,06
765.0,768.0,Carpodacus erythrinus,Common Rosefinch,0.7709,psl4,2024,05,26,06
768.0,771.0,Phylloscopus occipitalis,Western Crowned Warbler,0.7755,psl4,2024,05,26,06
771.0,774.0,Phylloscopus occipitalis,Western Crowned Warbler,0.7872,psl4,2024,05,26,06
783.0,786.0,Carpodacus erythrinus,Common Rosefinch,0.8843,psl4,2024,05,26,06
792.0,795.0,Carpodacus erythrinus,Common Rosefinch,0.6913,psl4,2024,05,26,06
810.0,813.0,Carpodacus erythrinus,Common Rosefinch,0.5731,psl4,2024,05,26,06
822.0,825.0,Carpodacus erythrinus,Common Rosefinch,0.7891,psl4,2024,05,26,06
825.0,828.0,Carpodacus erythrinus,Common Rosefinch,0.8278,psl4,2024,05,26,06
861.0,864.0,Carpodacus erythrinus,Common Rosefinch,0.8826,psl4,2024,05,26,06
30.0,33.0,Larvivora brunnea,Indian Blue Robin,0.6494,psl4,2024,06,20,07
108.0,111.0,Larvivora brunnea,Indian Blue Robin,0.8892,psl4,2024,06,20,07
147.0,150.0,Larvivora brunnea,Indian Blue Robin,0.898,psl4,2024,06,20,07
270.0,273.0,Luscinia phaenicuroides,White-bellied Redstart,0.5394,psl4,2024,06,20,07
279.0,282.0,Luscinia phaenicuroides,White-bellied Redstart,0.8567,psl4,2024,06,20,07
291.0,294.0,Luscinia phaenicuroides,White-bellied Redstart,0.5021,psl4,2024,06,20,07
294.0,297.0,Luscinia phaenicuroides,White-bellied Redstart,0.8973,psl4,2024,06,20,07
297.0,300.0,Luscinia phaenicuroides,White-bellied Redstart,0.8325,psl4,2024,06,20,07
300.0,303.0,Luscinia phaenicuroides,White-bellied Redstart,0.6821,psl4,2024,06,20,07
303.0,306.0,Luscinia phaenicuroides,White-bellied Redstart,0.6972,psl4,2024,06,20,07
306.0,309.0,Luscinia phaenicuroides,White-bellied Redstart,0.5146,psl4,2024,06,20,07
315.0,318.0,Luscinia phaenicuroides,White-bellied Redstart,0.9379,psl4,2024,06,20,07
318.0,321.0,Luscinia phaenicuroides,White-bellied Redstart,0.7537,psl4,2024,06,20,07
333.0,336.0,Luscinia phaenicuroides,White-bellied Redstart,0.643,psl4,2024,06,20,07
732.0,735.0,Luscinia phaenicuroides,White-bellied Redstart,0.6239,psl4,2024,06,20,07
9.0,12.0,Luscinia phaenicuroides,White-bellied Redstart,0.5398,psl4,2024,06,21,05
27.0,30.0,Luscinia phaenicuroides,White-bellied Redstart,0.9457,psl4,2024,06,21,05
30.0,33.0,Luscinia phaenicuroides,White-bellied Redstart,0.518,psl4,2024,06,21,05
33.0,36.0,Luscinia phaenicuroides,White-bellied Redstart,0.5041,psl4,2024,06,21,05
39.0,42.0,Luscinia phaenicuroides,White-bellied Redstart,0.7833,psl4,2024,06,21,05
60.0,63.0,Phylloscopus tytleri,Tytler's Leaf Warbler,0.5579,psl4,2024,06,21,05
72.0,75.0,Luscinia phaenicuroides,White-bellied Redstart,0.6029,psl4,2024,06,21,05
75.0,78.0,Luscinia phaenicuroides,White-bellied Redstart,0.5898,psl4,2024,06,21,05
78.0,81.0,Luscinia phaenicuroides,White-bellied Redstart,0.6997,psl4,2024,06,21,05
102.0,105.0,Phylloscopus tytleri,Tytler's Leaf Warbler,0.6829,psl4,2024,06,21,05
102.0,105.0,Luscinia phaenicuroides,White-bellied Redstart,0.5777,psl4,2024,06,21,05
111.0,114.0,Luscinia phaenicuroides,White-bellied Redstart,0.8872,psl4,2024,06,21,05
135.0,138.0,Luscinia phaenicuroides,White-bellied Redstart,0.8716,psl4,2024,06,21,05
141.0,144.0,Luscinia phaenicuroides,White-bellied Redstart,0.5945,psl4,2024,06,21,05
150.0,153.0,Luscinia phaenicuroides,White-bellied Redstart,0.5724,psl4,2024,06,21,05
159.0,162.0,Luscinia phaenicuroides,White-bellied Redstart,0.5999,psl4,2024,06,21,05
171.0,174.0,Phylloscopus occipitalis,Western Crowned Warbler,0.6477,psl4,2024,06,21,05
171.0,174.0,Phylloscopus tytleri,Tytler's Leaf Warbler,0.5279,psl4,2024,06,21,05
174.0,177.0,Luscinia phaenicuroides,White-bellied Redstart,0.5924,psl4,2024,06,21,05
177.0,180.0,Luscinia phaenicuroides,White-bellied Redstart,0.7384,psl4,2024,06,21,05
207.0,210.0,Luscinia phaenicuroides,White-bellied Redstart,0.8863,psl4,2024,06,21,05
207.0,210.0,Phylloscopus tytleri,Tytler's Leaf Warbler,0.5389,psl4,2024,06,21,05
240.0,243.0,Luscinia phaenicuroides,White-bellied Redstart,0.7037,psl4,2024,06,21,05
249.0,252.0,Luscinia phaenicuroides,White-bellied Redstart,0.7178,psl4,2024,06,21,05
255.0,258.0,Luscinia phaenicuroides,White-bellied Redstart,0.7738,psl4,2024,06,21,05
270.0,273.0,Phylloscopus occipitalis,Western Crowned Warbler,0.6029,psl4,2024,06,21,05
282.0,285.0,Luscinia phaenicuroides,White-bellied Redstart,0.5312,psl4,2024,06,21,05
285.0,288.0,Phylloscopus tytleri,Tytler's Leaf Warbler,0.5724,psl4,2024,06,21,05
303.0,306.0,Trochalopteron variegatum,Variegated Laughingthrush,0.9068,psl4,2024,06,21,05
306.0,309.0,Luscinia phaenicuroides,White-bellied Redstart,0.6794,psl4,2024,06,21,05
318.0,321.0,Trochalopteron variegatum,Variegated Laughingthrush,0.5846,psl4,2024,06,21,05
324.0,327.0,Trochalopteron variegatum,Variegated Laughingthrush,0.5104,psl4,2024,06,21,05
333.0,336.0,Phylloscopus occipitalis,Western Crowned Warbler,0.8016,psl4,2024,06,21,05
342.0,345.0,Luscinia phaenicuroides,White-bellied Redstart,0.6918,psl4,2024,06,21,05
357.0,360.0,Luscinia phaenicuroides,White-bellied Redstart,0.594,psl4,2024,06,21,05
360.0,363.0,Luscinia phaenicuroides,White-bellied Redstart,0.5566,psl4,2024,06,21,05
363.0,366.0,Luscinia phaenicuroides,White-bellied Redstart,0.8426,psl4,2024,06,21,05
363.0,366.0,Phylloscopus tytleri,Tytler's Leaf Warbler,0.6965,psl4,2024,06,21,05
366.0,369.0,Luscinia phaenicuroides,White-bellied Redstart,0.5144,psl4,2024,06,21,05
372.0,375.0,Brachypteryx hyperythra,Rusty-bellied Shortwing,0.5075,psl4,2024,06,21,05
378.0,381.0,Luscinia phaenicuroides,White-bellied Redstart,0.7544,psl4,2024,06,21,05
381.0,384.0,Luscinia phaenicuroides,White-bellied Redstart,0.6497,psl4,2024,06,21,05
384.0,387.0,Phylloscopus occipitalis,Western Crowned Warbler,0.5112,psl4,2024,06,21,05
393.0,396.0,Luscinia phaenicuroides,White-bellied Redstart,0.57,psl4,2024,06,21,05
399.0,402.0,Luscinia phaenicuroides,White-bellied Redstart,0.6934,psl4,2024,06,21,05
399.0,402.0,Phylloscopus occipitalis,Western Crowned Warbler,0.5328,psl4,2024,06,21,05
402.0,405.0,Luscinia phaenicuroides,White-bellied Redstart,0.9076,psl4,2024,06,21,05
408.0,411.0,Luscinia phaenicuroides,White-bellied Redstart,0.6641,psl4,2024,06,21,05
414.0,417.0,Luscinia phaenicuroides,White-bellied Redstart,0.5588,psl4,2024,06,21,05
417.0,420.0,Luscinia phaenicuroides,White-bellied Redstart,0.9287,psl4,2024,06,21,05
423.0,426.0,Luscinia phaenicuroides,White-bellied Redstart,0.6678,psl4,2024,06,21,05
426.0,429.0,Luscinia phaenicuroides,White-bellied Redstart,0.5781,psl4,2024,06,21,05
447.0,450.0,Luscinia phaenicuroides,White-bellied Redstart,0.9577,psl4,2024,06,21,05
453.0,456.0,Luscinia phaenicuroides,White-bellied Redstart,0.8438,psl4,2024,06,21,05
453.0,456.0,Phylloscopus tytleri,Tytler's Leaf Warbler,0.8034,psl4,2024,06,21,05
459.0,462.0,Luscinia phaenicuroides,White-bellied Redstart,0.5438,psl4,2024,06,21,05
465.0,468.0,Phylloscopus occipitalis,Western Crowned Warbler,0.6933,psl4,2024,06,21,05
468.0,471.0,Phylloscopus occipitalis,Western Crowned Warbler,0.7313,psl4,2024,06,21,05
468.0,471.0,Luscinia phaenicuroides,White-bellied Redstart,0.6665,psl4,2024,06,21,05
474.0,477.0,Phylloscopus occipitalis,Western Crowned Warbler,0.7967,psl4,2024,06,21,05
474.0,477.0,Luscinia phaenicuroides,White-bellied Redstart,0.525,psl4,2024,06,21,05
477.0,480.0,Luscinia phaenicuroides,White-bellied Redstart,0.8473,psl4,2024,06,21,05
477.0,480.0,Phylloscopus tytleri,Tytler's Leaf Warbler,0.6165,psl4,2024,06,21,05
477.0,480.0,Phylloscopus occipitalis,Western Crowned Warbler,0.5297,psl4,2024,06,21,05
480.0,483.0,Phylloscopus occipitalis,Western Crowned Warbler,0.6329,psl4,2024,06,21,05
489.0,492.0,Luscinia phaenicuroides,White-bellied Redstart,0.7564,psl4,2024,06,21,05
489.0,492.0,Phylloscopus occipitalis,Western Crowned Warbler,0.6136,psl4,2024,06,21,05
492.0,495.0,Luscinia phaenicuroides,White-bellied Redstart,0.7941,psl4,2024,06,21,05
495.0,498.0,Luscinia phaenicuroides,White-bellied Redstart,0.6651,psl4,2024,06,21,05
495.0,498.0,Phylloscopus occipitalis,Western Crowned Warbler,0.5903,psl4,2024,06,21,05
498.0,501.0,Luscinia phaenicuroides,White-bellied Redstart,0.546,psl4,2024,06,21,05
501.0,504.0,Phylloscopus occipitalis,Western Crowned Warbler,0.5582,psl4,2024,06,21,05
504.0,507.0,Phylloscopus occipitalis,Western Crowned Warbler,0.6303,psl4,2024,06,21,05
507.0,510.0,Luscinia phaenicuroides,White-bellied Redstart,0.6556,psl4,2024,06,21,05
510.0,513.0,Luscinia phaenicuroides,White-bellied Redstart,0.5103,psl4,2024,06,21,05
513.0,516.0,Luscinia phaenicuroides,White-bellied Redstart,0.5967,psl4,2024,06,21,05
516.0,519.0,Phylloscopus occipitalis,Western Crowned Warbler,0.8592,psl4,2024,06,21,05
528.0,531.0,Luscinia phaenicuroides,White-bellied Redstart,0.5102,psl4,2024,06,21,05
537.0,540.0,Luscinia phaenicuroides,White-bellied Redstart,0.8959,psl4,2024,06,21,05
540.0,543.0,Luscinia phaenicuroides,White-bellied Redstart,0.9064,psl4,2024,06,21,05
543.0,546.0,Luscinia phaenicuroides,White-bellied Redstart,0.7472,psl4,2024,06,21,05
546.0,549.0,Luscinia phaenicuroides,White-bellied Redstart,0.9862,psl4,2024,06,21,05
546.0,549.0,Phylloscopus tytleri,Tytler's Leaf Warbler,0.5608,psl4,2024,06,21,05
552.0,555.0,Luscinia phaenicuroides,White-bellied Redstart,0.7685,psl4,2024,06,21,05
558.0,561.0,Phylloscopus occipitalis,Western Crowned Warbler,0.5734,psl4,2024,06,21,05
567.0,570.0,Luscinia phaenicuroides,White-bellied Redstart,0.9944,psl4,2024,06,21,05
582.0,585.0,Luscinia phaenicuroides,White-bellied Redstart,0.5147,psl4,2024,06,21,05
597.0,600.0,Luscinia phaenicuroides,White-bellied Redstart,0.8721,psl4,2024,06,21,05
609.0,612.0,Luscinia phaenicuroides,White-bellied Redstart,0.6963,psl4,2024,06,21,05
624.0,627.0,Luscinia phaenicuroides,White-bellied Redstart,0.8664,psl4,2024,06,21,05
624.0,627.0,Phylloscopus occipitalis,Western Crowned Warbler,0.6816,psl4,2024,06,21,05
627.0,630.0,Luscinia phaenicuroides,White-bellied Redstart,0.887,psl4,2024,06,21,05
630.0,633.0,Phylloscopus tytleri,Tytler's Leaf Warbler,0.6281,psl4,2024,06,21,05
642.0,645.0,Luscinia phaenicuroides,White-bellied Redstart,0.8121,psl4,2024,06,21,05
654.0,657.0,Luscinia phaenicuroides,White-bellied Redstart,0.5908,psl4,2024,06,21,05
666.0,669.0,Luscinia phaenicuroides,White-bellied Redstart,0.6624,psl4,2024,06,21,05
669.0,672.0,Phylloscopus occipitalis,Western Crowned Warbler,0.7384,psl4,2024,06,21,05
672.0,675.0,Luscinia phaenicuroides,White-bellied Redstart,0.5907,psl4,2024,06,21,05
675.0,678.0,Phylloscopus occipitalis,Western Crowned Warbler,0.6922,psl4,2024,06,21,05
687.0,690.0,Luscinia phaenicuroides,White-bellied Redstart,0.7577,psl4,2024,06,21,05
690.0,693.0,Luscinia phaenicuroides,White-bellied Redstart,0.926,psl4,2024,06,21,05
702.0,705.0,Luscinia phaenicuroides,White-bellied Redstart,0.7677,psl4,2024,06,21,05
705.0,708.0,Luscinia phaenicuroides,White-bellied Redstart,0.7668,psl4,2024,06,21,05
708.0,711.0,Luscinia phaenicuroides,White-bellied Redstart,0.5563,psl4,2024,06,21,05
711.0,714.0,Luscinia phaenicuroides,White-bellied Redstart,0.9031,psl4,2024,06,21,05
717.0,720.0,Luscinia phaenicuroides,White-bellied Redstart,0.6874,psl4,2024,06,21,05
720.0,723.0,Luscinia phaenicuroides,White-bellied Redstart,0.7449,psl4,2024,06,21,05
732.0,735.0,Phylloscopus occipitalis,Western Crowned Warbler,0.6592,psl4,2024,06,21,05
735.0,738.0,Luscinia phaenicuroides,White-bellied Redstart,0.9692,psl4,2024,06,21,05
738.0,741.0,Luscinia phaenicuroides,White-bellied Redstart,0.9085,psl4,2024,06,21,05
741.0,744.0,Luscinia phaenicuroides,White-bellied Redstart,0.9771,psl4,2024,06,21,05
747.0,750.0,Luscinia phaenicuroides,White-bellied Redstart,0.827,psl4,2024,06,21,05
750.0,753.0,Luscinia phaenicuroides,White-bellied Redstart,0.808,psl4,2024,06,21,05
753.0,756.0,Luscinia phaenicuroides,White-bellied Redstart,0.6,psl4,2024,06,21,05
756.0,759.0,Luscinia phaenicuroides,White-bellied Redstart,0.9111,psl4,2024,06,21,05
759.0,762.0,Luscinia phaenicuroides,White-bellied Redstart,0.8937,psl4,2024,06,21,05
768.0,771.0,Luscinia phaenicuroides,White-bellied Redstart,0.5819,psl4,2024,06,21,05
771.0,774.0,Luscinia phaenicuroides,White-bellied Redstart,0.9644,psl4,2024,06,21,05
774.0,777.0,Luscinia phaenicuroides,White-bellied Redstart,0.753,psl4,2024,06,21,05
789.0,792.0,Luscinia phaenicuroides,White-bellied Redstart,0.9763,psl4,2024,06,21,05
792.0,795.0,Phylloscopus tytleri,Tytler's Leaf Warbler,0.5582,psl4,2024,06,21,05
795.0,798.0,Luscinia phaenicuroides,White-bellied Redstart,0.9691,psl4,2024,06,21,05
798.0,801.0,Luscinia phaenicuroides,White-bellied Redstart,0.7439,psl4,2024,06,21,05
801.0,804.0,Luscinia phaenicuroides,White-bellied Redstart,0.917,psl4,2024,06,21,05
804.0,807.0,Luscinia phaenicuroides,White-bellied Redstart,0.9136,psl4,2024,06,21,05
807.0,810.0,Luscinia phaenicuroides,White-bellied Redstart,0.9099,psl4,2024,06,21,05
810.0,813.0,Luscinia phaenicuroides,White-bellied Redstart,0.5936,psl4,2024,06,21,05
813.0,816.0,Luscinia phaenicuroides,White-bellied Redstart,0.9414,psl4,2024,06,21,05
816.0,819.0,Luscinia phaenicuroides,White-bellied Redstart,0.8395,psl4,2024,06,21,05
819.0,822.0,Luscinia phaenicuroides,White-bellied Redstart,0.9774,psl4,2024,06,21,05
822.0,825.0,Luscinia phaenicuroides,White-bellied Redstart,0.9869,psl4,2024,06,21,05
825.0,828.0,Luscinia phaenicuroides,White-bellied Redstart,0.7979,psl4,2024,06,21,05
828.0,831.0,Phylloscopus whistleri,Whistler's Warbler,0.5363,psl4,2024,06,21,05
831.0,834.0,Luscinia phaenicuroides,White-bellied Redstart,0.8917,psl4,2024,06,21,05
834.0,837.0,Luscinia phaenicuroides,White-bellied Redstart,0.9956,psl4,2024,06,21,05
837.0,840.0,Luscinia phaenicuroides,White-bellied Redstart,0.8143,psl4,2024,06,21,05
840.0,843.0,Luscinia phaenicuroides,White-bellied Redstart,0.9175,psl4,2024,06,21,05
843.0,846.0,Luscinia phaenicuroides,White-bellied Redstart,0.8546,psl4,2024,06,21,05
846.0,849.0,Luscinia phaenicuroides,White-bellied Redstart,0.9762,psl4,2024,06,21,05
849.0,852.0,Luscinia phaenicuroides,White-bellied Redstart,0.9937,psl4,2024,06,21,05
852.0,855.0,Luscinia phaenicuroides,White-bellied Redstart,0.8258,psl4,2024,06,21,05
858.0,861.0,Luscinia phaenicuroides,White-bellied Redstart,0.7199,psl4,2024,06,21,05
861.0,864.0,Luscinia phaenicuroides,White-bellied Redstart,0.6901,psl4,2024,06,21,05
864.0,867.0,Luscinia phaenicuroides,White-bellied Redstart,0.9674,psl4,2024,06,21,05
867.0,870.0,Luscinia phaenicuroides,White-bellied Redstart,0.9137,psl4,2024,06,21,05
870.0,873.0,Luscinia phaenicuroides,White-bellied Redstart,0.9831,psl4,2024,06,21,05
873.0,876.0,Luscinia phaenicuroides,White-bellied Redstart,0.8537,psl4,2024,06,21,05
876.0,879.0,Luscinia phaenicuroides,White-bellied Redstart,0.9581,psl4,2024,06,21,05
879.0,882.0,Luscinia phaenicuroides,White-bellied Redstart,0.664,psl4,2024,06,21,05
882.0,885.0,Luscinia phaenicuroides,White-bellied Redstart,0.9397,psl4,2024,06,21,05
885.0,888.0,Luscinia phaenicuroides,White-bellied Redstart,0.6855,psl4,2024,06,21,05
894.0,897.0,Luscinia phaenicuroides,White-bellied Redstart,0.8411,psl4,2024,06,21,05
897.0,900.0,Luscinia phaenicuroides,White-bellied Redstart,0.6798,psl4,2024,06,21,05
27.0,30.0,Ficedula tricolor,Slaty-blue Flycatcher,0.7058,psl4,2024,06,21,06
30.0,33.0,Phylloscopus occipitalis,Western Crowned Warbler,0.9095,psl4,2024,06,21,06
42.0,45.0,Phylloscopus occipitalis,Western Crowned Warbler,0.7156,psl4,2024,06,21,06
60.0,63.0,Phylloscopus occipitalis,Western Crowned Warbler,0.7148,psl4,2024,06,21,06
69.0,72.0,Phylloscopus occipitalis,Western Crowned Warbler,0.851,psl4,2024,06,21,06
72.0,75.0,Phylloscopus occipitalis,Western Crowned Warbler,0.6691,psl4,2024,06,21,06
102.0,105.0,Phylloscopus occipitalis,Western Crowned Warbler,0.9125,psl4,2024,06,21,06
270.0,273.0,Phylloscopus humei,Hume's Warbler,0.6169,psl4,2024,06,21,06
273.0,276.0,Phylloscopus humei,Hume's Warbler,0.6879,psl4,2024,06,21,06
279.0,282.0,Phylloscopus humei,Hume's Warbler,0.7216,psl4,2024,06,21,06
282.0,285.0,Phylloscopus humei,Hume's Warbler,0.7112,psl4,2024,06,21,06
285.0,288.0,Phylloscopus humei,Hume's Warbler,0.8687,psl4,2024,06,21,06
294.0,297.0,Phylloscopus humei,Hume's Warbler,0.7844,psl4,2024,06,21,06
297.0,300.0,Phylloscopus humei,Hume's Warbler,0.6528,psl4,2024,06,21,06
654.0,657.0,Ochthoeca rufipectoralis,Rufous-breasted Chat-Tyrant,0.5368,psl4,2024,06,21,06
663.0,666.0,Ficedula tricolor,Slaty-blue Flycatcher,0.925,psl4,2024,06,21,06
687.0,690.0,Phylloscopus reguloides,Blyth's Leaf Warbler,0.5244,psl4,2024,06,21,06
858.0,861.0,Phylloscopus tytleri,Tytler's Leaf Warbler,0.6246,psl4,2024,06,21,06
444.0,447.0,Ketupa blakistoni,Blakiston's Fish-Owl,0.506,psl4,2024,06,21,07
819.0,822.0,Poecile hudsonicus,Boreal Chickadee,0.7869,psl4,2024,06,21,07
876.0,879.0,Phylloscopus humei,Hume's Warbler,0.7696,psl4,2024,06,21,07
639.0,642.0,Centrocercus urophasianus,Greater Sage-Grouse,0.5744,psl4,2024,06,22,04
63.0,66.0,Luscinia phaenicuroides,White-bellied Redstart,0.7054,psl4,2024,06,22,05
171.0,174.0,Anaxyrus terrestris,Southern Toad,0.5984,psl4,2024,06,22,05
192.0,195.0,Prinia socialis,Ashy Prinia,0.5503,psl4,2024,06,22,05
522.0,525.0,Luscinia phaenicuroides,White-bellied Redstart,0.5573,psl4,2024,06,22,05
537.0,540.0,Luscinia phaenicuroides,White-bellied Redstart,0.8012,psl4,2024,06,22,05
546.0,549.0,Luscinia phaenicuroides,White-bellied Redstart,0.5146,psl4,2024,06,22,05
588.0,591.0,Luscinia phaenicuroides,White-bellied Redstart,0.5241,psl4,2024,06,22,05
591.0,594.0,Luscinia phaenicuroides,White-bellied Redstart,0.5799,psl4,2024,06,22,05
594.0,597.0,Luscinia phaenicuroides,White-bellied Redstart,0.692,psl4,2024,06,22,05
597.0,600.0,Luscinia phaenicuroides,White-bellied Redstart,0.7166,psl4,2024,06,22,05
600.0,603.0,Luscinia phaenicuroides,White-bellied Redstart,0.7208,psl4,2024,06,22,05
609.0,612.0,Luscinia phaenicuroides,White-bellied Redstart,0.9327,psl4,2024,06,22,05
612.0,615.0,Luscinia phaenicuroides,White-bellied Redstart,0.6509,psl4,2024,06,22,05
621.0,624.0,Culicicapa helianthea,Citrine Canary-Flycatcher,0.5758,psl4,2024,06,22,05
624.0,627.0,Luscinia phaenicuroides,White-bellied Redstart,0.7053,psl4,2024,06,22,05
651.0,654.0,Culicicapa helianthea,Citrine Canary-Flycatcher,0.6306,psl4,2024,06,22,05
654.0,657.0,Luscinia phaenicuroides,White-bellied Redstart,0.6548,psl4,2024,06,22,05
657.0,660.0,Luscinia phaenicuroides,White-bellied Redstart,0.6681,psl4,2024,06,22,05
660.0,663.0,Luscinia phaenicuroides,White-bellied Redstart,0.6691,psl4,2024,06,22,05
666.0,669.0,Luscinia phaenicuroides,White-bellied Redstart,0.6707,psl4,2024,06,22,05
681.0,684.0,Luscinia phaenicuroides,White-bellied Redstart,0.5557,psl4,2024,06,22,05
687.0,690.0,Luscinia phaenicuroides,White-bellied Redstart,0.6018,psl4,2024,06,22,05
702.0,705.0,Luscinia phaenicuroides,White-bellied Redstart,0.7357,psl4,2024,06,22,05
714.0,717.0,Luscinia phaenicuroides,White-bellied Redstart,0.8636,psl4,2024,06,22,05
720.0,723.0,Luscinia phaenicuroides,White-bellied Redstart,0.6272,psl4,2024,06,22,05
729.0,732.0,Luscinia phaenicuroides,White-bellied Redstart,0.8032,psl4,2024,06,22,05
741.0,744.0,Luscinia phaenicuroides,White-bellied Redstart,0.9657,psl4,2024,06,22,05
744.0,747.0,Luscinia phaenicuroides,White-bellied Redstart,0.7797,psl4,2024,06,22,05
765.0,768.0,Luscinia phaenicuroides,White-bellied Redstart,0.9752,psl4,2024,06,22,05
792.0,795.0,Luscinia phaenicuroides,White-bellied Redstart,0.8372,psl4,2024,06,22,05
795.0,798.0,Luscinia phaenicuroides,White-bellied Redstart,0.6229,psl4,2024,06,22,05
798.0,801.0,Luscinia phaenicuroides,White-bellied Redstart,0.707,psl4,2024,06,22,05
813.0,816.0,Luscinia phaenicuroides,White-bellied Redstart,0.7969,psl4,2024,06,22,05
816.0,819.0,Luscinia phaenicuroides,White-bellied Redstart,0.6411,psl4,2024,06,22,05
819.0,822.0,Luscinia phaenicuroides,White-bellied Redstart,0.7233,psl4,2024,06,22,05
822.0,825.0,Luscinia phaenicuroides,White-bellied Redstart,0.9034,psl4,2024,06,22,05
825.0,828.0,Luscinia phaenicuroides,White-bellied Redstart,0.9946,psl4,2024,06,22,05
837.0,840.0,Luscinia phaenicuroides,White-bellied Redstart,0.8667,psl4,2024,06,22,05
840.0,843.0,Luscinia phaenicuroides,White-bellied Redstart,0.6901,psl4,2024,06,22,05
843.0,846.0,Luscinia phaenicuroides,White-bellied Redstart,0.7163,psl4,2024,06,22,05
849.0,852.0,Luscinia phaenicuroides,White-bellied Redstart,0.7874,psl4,2024,06,22,05
867.0,870.0,Luscinia phaenicuroides,White-bellied Redstart,0.9751,psl4,2024,06,22,05
882.0,885.0,Phylloscopus occipitalis,Western Crowned Warbler,0.7893,psl4,2024,06,22,05
6.0,9.0,Luscinia phaenicuroides,White-bellied Redstart,0.5957,psl4,2024,06,22,06
33.0,36.0,Luscinia phaenicuroides,White-bellied Redstart,0.5222,psl4,2024,06,22,06
57.0,60.0,Luscinia phaenicuroides,White-bellied Redstart,0.5515,psl4,2024,06,22,06
63.0,66.0,Luscinia phaenicuroides,White-bellied Redstart,0.7626,psl4,2024,06,22,06
63.0,66.0,Zosterops lateralis,Silvereye,0.5558,psl4,2024,06,22,06
72.0,75.0,Luscinia phaenicuroides,White-bellied Redstart,0.6902,psl4,2024,06,22,06
81.0,84.0,Luscinia phaenicuroides,White-bellied Redstart,0.8964,psl4,2024,06,22,06
87.0,90.0,Zosterops lateralis,Silvereye,0.6438,psl4,2024,06,22,06
90.0,93.0,Luscinia phaenicuroides,White-bellied Redstart,0.7941,psl4,2024,06,22,06
93.0,96.0,Luscinia phaenicuroides,White-bellied Redstart,0.8568,psl4,2024,06,22,06
99.0,102.0,Luscinia phaenicuroides,White-bellied Redstart,0.8935,psl4,2024,06,22,06
102.0,105.0,Luscinia phaenicuroides,White-bellied Redstart,0.9297,psl4,2024,06,22,06
105.0,108.0,Luscinia phaenicuroides,White-bellied Redstart,0.8187,psl4,2024,06,22,06
108.0,111.0,Luscinia phaenicuroides,White-bellied Redstart,0.8507,psl4,2024,06,22,06
111.0,114.0,Luscinia phaenicuroides,White-bellied Redstart,0.8759,psl4,2024,06,22,06
114.0,117.0,Luscinia phaenicuroides,White-bellied Redstart,0.5038,psl4,2024,06,22,06
120.0,123.0,Luscinia phaenicuroides,White-bellied Redstart,0.5921,psl4,2024,06,22,06
123.0,126.0,Luscinia phaenicuroides,White-bellied Redstart,0.7055,psl4,2024,06,22,06
135.0,138.0,Luscinia phaenicuroides,White-bellied Redstart,0.6071,psl4,2024,06,22,06
159.0,162.0,Luscinia phaenicuroides,White-bellied Redstart,0.6133,psl4,2024,06,22,06
165.0,168.0,Drymophila striaticeps,Streak-headed Antbird,0.7753,psl4,2024,06,22,06
171.0,174.0,Luscinia phaenicuroides,White-bellied Redstart,0.6345,psl4,2024,06,22,06
186.0,189.0,Luscinia phaenicuroides,White-bellied Redstart,0.8266,psl4,2024,06,22,06
195.0,198.0,Luscinia phaenicuroides,White-bellied Redstart,0.8127,psl4,2024,06,22,06
228.0,231.0,Luscinia phaenicuroides,White-bellied Redstart,0.7105,psl4,2024,06,22,06
231.0,234.0,Luscinia phaenicuroides,White-bellied Redstart,0.778,psl4,2024,06,22,06
237.0,240.0,Luscinia phaenicuroides,White-bellied Redstart,0.763,psl4,2024,06,22,06
240.0,243.0,Luscinia phaenicuroides,White-bellied Redstart,0.8692,psl4,2024,06,22,06
243.0,246.0,Luscinia phaenicuroides,White-bellied Redstart,0.8592,psl4,2024,06,22,06
252.0,255.0,Luscinia phaenicuroides,White-bellied Redstart,0.9114,psl4,2024,06,22,06
258.0,261.0,Luscinia phaenicuroides,White-bellied Redstart,0.8372,psl4,2024,06,22,06
264.0,267.0,Luscinia phaenicuroides,White-bellied Redstart,0.6037,psl4,2024,06,22,06
276.0,279.0,Luscinia phaenicuroides,White-bellied Redstart,0.517,psl4,2024,06,22,06
279.0,282.0,Luscinia phaenicuroides,White-bellied Redstart,0.5981,psl4,2024,06,22,06
288.0,291.0,Luscinia phaenicuroides,White-bellied Redstart,0.921,psl4,2024,06,22,06
291.0,294.0,Luscinia phaenicuroides,White-bellied Redstart,0.5529,psl4,2024,06,22,06
294.0,297.0,Luscinia phaenicuroides,White-bellied Redstart,0.5691,psl4,2024,06,22,06
297.0,300.0,Luscinia phaenicuroides,White-bellied Redstart,0.6495,psl4,2024,06,22,06
300.0,303.0,Luscinia phaenicuroides,White-bellied Redstart,0.6353,psl4,2024,06,22,06
303.0,306.0,Luscinia phaenicuroides,White-bellied Redstart,0.8068,psl4,2024,06,22,06
312.0,315.0,Luscinia phaenicuroides,White-bellied Redstart,0.6075,psl4,2024,06,22,06
315.0,318.0,Luscinia phaenicuroides,White-bellied Redstart,0.7586,psl4,2024,06,22,06
324.0,327.0,Luscinia phaenicuroides,White-bellied Redstart,0.5788,psl4,2024,06,22,06
330.0,333.0,Luscinia phaenicuroides,White-bellied Redstart,0.9063,psl4,2024,06,22,06
333.0,336.0,Luscinia phaenicuroides,White-bellied Redstart,0.645,psl4,2024,06,22,06
342.0,345.0,Luscinia phaenicuroides,White-bellied Redstart,0.5309,psl4,2024,06,22,06
348.0,351.0,Luscinia phaenicuroides,White-bellied Redstart,0.7689,psl4,2024,06,22,06
357.0,360.0,Luscinia phaenicuroides,White-bellied Redstart,0.7948,psl4,2024,06,22,06
360.0,363.0,Luscinia phaenicuroides,White-bellied Redstart,0.7749,psl4,2024,06,22,06
363.0,366.0,Luscinia phaenicuroides,White-bellied Redstart,0.5887,psl4,2024,06,22,06
369.0,372.0,Luscinia phaenicuroides,White-bellied Redstart,0.9784,psl4,2024,06,22,06
372.0,375.0,Luscinia phaenicuroides,White-bellied Redstart,0.8429,psl4,2024,06,22,06
390.0,393.0,Luscinia phaenicuroides,White-bellied Redstart,0.568,psl4,2024,06,22,06
393.0,396.0,Luscinia phaenicuroides,White-bellied Redstart,0.7625,psl4,2024,06,22,06
396.0,399.0,Luscinia phaenicuroides,White-bellied Redstart,0.8859,psl4,2024,06,22,06
399.0,402.0,Luscinia phaenicuroides,White-bellied Redstart,0.6033,psl4,2024,06,22,06
408.0,411.0,Luscinia phaenicuroides,White-bellied Redstart,0.9675,psl4,2024,06,22,06
411.0,414.0,Luscinia phaenicuroides,White-bellied Redstart,0.6533,psl4,2024,06,22,06
417.0,420.0,Luscinia phaenicuroides,White-bellied Redstart,0.6248,psl4,2024,06,22,06
435.0,438.0,Luscinia phaenicuroides,White-bellied Redstart,0.7152,psl4,2024,06,22,06
438.0,441.0,Luscinia phaenicuroides,White-bellied Redstart,0.8539,psl4,2024,06,22,06
450.0,453.0,Zosterops lateralis,Silvereye,0.5129,psl4,2024,06,22,06
471.0,474.0,Luscinia phaenicuroides,White-bellied Redstart,0.9419,psl4,2024,06,22,06
477.0,480.0,Luscinia phaenicuroides,White-bellied Redstart,0.6418,psl4,2024,06,22,06
531.0,534.0,Luscinia phaenicuroides,White-bellied Redstart,0.6261,psl4,2024,06,22,06
534.0,537.0,Prinia socialis,Ashy Prinia,0.8155,psl4,2024,06,22,06
642.0,645.0,Prinia socialis,Ashy Prinia,0.686,psl4,2024,06,22,06
714.0,717.0,Phylloscopus occipitalis,Western Crowned Warbler,0.6251,psl4,2024,06,22,06
720.0,723.0,Phylloscopus occipitalis,Western Crowned Warbler,0.6303,psl4,2024,06,22,06
102.0,105.0,Phylloscopus reguloides,Blyth's Leaf Warbler,0.5824,psl4,2024,06,22,07
171.0,174.0,Phylloscopus occipitalis,Western Crowned Warbler,0.641,psl4,2024,06,22,07
219.0,222.0,Ficedula tricolor,Slaty-blue Flycatcher,0.7896,psl4,2024,06,22,07
378.0,381.0,Phylloscopus occipitalis,Western Crowned Warbler,0.584,psl4,2024,06,22,07
402.0,405.0,Phylloscopus reguloides,Blyth's Leaf Warbler,0.5242,psl4,2024,06,22,07
405.0,408.0,Phylloscopus occipitalis,Western Crowned Warbler,0.762,psl4,2024,06,22,07
525.0,528.0,Atrichornis rufescens,Rufous Scrub-bird,0.5071,psl4,2024,06,22,07
591.0,594.0,Larvivora brunnea,Indian Blue Robin,0.9447,psl4,2024,06,22,07
600.0,603.0,Larvivora brunnea,Indian Blue Robin,0.955,psl4,2024,06,22,07
609.0,612.0,Larvivora brunnea,Indian Blue Robin,0.7112,psl4,2024,06,22,07
636.0,639.0,Larvivora brunnea,Indian Blue Robin,0.6643,psl4,2024,06,22,07
639.0,642.0,Larvivora brunnea,Indian Blue Robin,0.8485,psl4,2024,06,22,07
648.0,651.0,Larvivora brunnea,Indian Blue Robin,0.8744,psl4,2024,06,22,07
657.0,660.0,Larvivora brunnea,Indian Blue Robin,0.7871,psl4,2024,06,22,07
723.0,726.0,Larvivora brunnea,Indian Blue Robin,0.9292,psl4,2024,06,22,07
726.0,729.0,Phylloscopus nitidus,Green Warbler,0.5472,psl4,2024,06,22,07
726.0,729.0,Phylloscopus trochiloides,Greenish Warbler,0.5129,psl4,2024,06,22,07
831.0,834.0,Larvivora brunnea,Indian Blue Robin,0.9691,psl4,2024,06,22,07
18.0,21.0,Luscinia phaenicuroides,White-bellied Redstart,0.9174,psl4,2024,06,23,05
21.0,24.0,Luscinia phaenicuroides,White-bellied Redstart,0.8763,psl4,2024,06,23,05
24.0,27.0,Luscinia phaenicuroides,White-bellied Redstart,0.8312,psl4,2024,06,23,05
27.0,30.0,Luscinia phaenicuroides,White-bellied Redstart,0.6728,psl4,2024,06,23,05
33.0,36.0,Luscinia phaenicuroides,White-bellied Redstart,0.5185,psl4,2024,06,23,05
36.0,39.0,Luscinia phaenicuroides,White-bellied Redstart,0.5345,psl4,2024,06,23,05
54.0,57.0,Luscinia phaenicuroides,White-bellied Redstart,0.6567,psl4,2024,06,23,05
66.0,69.0,Phylloscopus occipitalis,Western Crowned Warbler,0.511,psl4,2024,06,23,05
81.0,84.0,Luscinia phaenicuroides,White-bellied Redstart,0.7423,psl4,2024,06,23,05
93.0,96.0,Phylloscopus tytleri,Tytler's Leaf Warbler,0.5655,psl4,2024,06,23,05
96.0,99.0,Luscinia phaenicuroides,White-bellied Redstart,0.5201,psl4,2024,06,23,05
111.0,114.0,Phylloscopus occipitalis,Western Crowned Warbler,0.5458,psl4,2024,06,23,05
114.0,117.0,Luscinia phaenicuroides,White-bellied Redstart,0.5632,psl4,2024,06,23,05
126.0,129.0,Luscinia phaenicuroides,White-bellied Redstart,0.5575,psl4,2024,06,23,05
141.0,144.0,Luscinia phaenicuroides,White-bellied Redstart,0.7603,psl4,2024,06,23,05
147.0,150.0,Luscinia phaenicuroides,White-bellied Redstart,0.5717,psl4,2024,06,23,05
153.0,156.0,Luscinia phaenicuroides,White-bellied Redstart,0.8045,psl4,2024,06,23,05
156.0,159.0,Luscinia phaenicuroides,White-bellied Redstart,0.7099,psl4,2024,06,23,05
159.0,162.0,Luscinia phaenicuroides,White-bellied Redstart,0.6637,psl4,2024,06,23,05
165.0,168.0,Phylloscopus occipitalis,Western Crowned Warbler,0.5145,psl4,2024,06,23,05
177.0,180.0,Phylloscopus tytleri,Tytler's Leaf Warbler,0.5315,psl4,2024,06,23,05
183.0,186.0,Luscinia phaenicuroides,White-bellied Redstart,0.5083,psl4,2024,06,23,05
213.0,216.0,Luscinia phaenicuroides,White-bellied Redstart,0.6263,psl4,2024,06,23,05
216.0,219.0,Luscinia phaenicuroides,White-bellied Redstart,0.7204,psl4,2024,06,23,05
249.0,252.0,Luscinia phaenicuroides,White-bellied Redstart,0.7407,psl4,2024,06,23,05
264.0,267.0,Phylloscopus occipitalis,Western Crowned Warbler,0.5021,psl4,2024,06,23,05
276.0,279.0,Luscinia phaenicuroides,White-bellied Redstart,0.7334,psl4,2024,06,23,05
294.0,297.0,Phylloscopus tytleri,Tytler's Leaf Warbler,0.5662,psl4,2024,06,23,05
303.0,306.0,Luscinia phaenicuroides,White-bellied Redstart,0.6484,psl4,2024,06,23,05
309.0,312.0,Luscinia phaenicuroides,White-bellied Redstart,0.5701,psl4,2024,06,23,05
342.0,345.0,Luscinia phaenicuroides,White-bellied Redstart,0.7662,psl4,2024,06,23,05
360.0,363.0,Luscinia phaenicuroides,White-bellied Redstart,0.942,psl4,2024,06,23,05
369.0,372.0,Luscinia phaenicuroides,White-bellied Redstart,0.8252,psl4,2024,06,23,05
372.0,375.0,Luscinia phaenicuroides,White-bellied Redstart,0.5853,psl4,2024,06,23,05
375.0,378.0,Luscinia phaenicuroides,White-bellied Redstart,0.7532,psl4,2024,06,23,05
381.0,384.0,Luscinia phaenicuroides,White-bellied Redstart,0.7568,psl4,2024,06,23,05
390.0,393.0,Luscinia phaenicuroides,White-bellied Redstart,0.7993,psl4,2024,06,23,05
393.0,396.0,Luscinia phaenicuroides,White-bellied Redstart,0.5072,psl4,2024,06,23,05
417.0,420.0,Luscinia phaenicuroides,White-bellied Redstart,0.9378,psl4,2024,06,23,05
420.0,423.0,Luscinia phaenicuroides,White-bellied Redstart,0.6881,psl4,2024,06,23,05
429.0,432.0,Luscinia phaenicuroides,White-bellied Redstart,0.6992,psl4,2024,06,23,05
438.0,441.0,Luscinia phaenicuroides,White-bellied Redstart,0.9394,psl4,2024,06,23,05
444.0,447.0,Luscinia phaenicuroides,White-bellied Redstart,0.807,psl4,2024,06,23,05
453.0,456.0,Luscinia phaenicuroides,White-bellied Redstart,0.7966,psl4,2024,06,23,05
462.0,465.0,Luscinia phaenicuroides,White-bellied Redstart,0.5992,psl4,2024,06,23,05
471.0,474.0,Luscinia phaenicuroides,White-bellied Redstart,0.5912,psl4,2024,06,23,05
474.0,477.0,Luscinia phaenicuroides,White-bellied Redstart,0.6839,psl4,2024,06,23,05
492.0,495.0,Luscinia phaenicuroides,White-bellied Redstart,0.9099,psl4,2024,06,23,05
501.0,504.0,Luscinia phaenicuroides,White-bellied Redstart,0.5172,psl4,2024,06,23,05
504.0,507.0,Luscinia phaenicuroides,White-bellied Redstart,0.753,psl4,2024,06,23,05
522.0,525.0,Luscinia phaenicuroides,White-bellied Redstart,0.7607,psl4,2024,06,23,05
525.0,528.0,Luscinia phaenicuroides,White-bellied Redstart,0.7987,psl4,2024,06,23,05
525.0,528.0,Phylloscopus tytleri,Tytler's Leaf Warbler,0.6505,psl4,2024,06,23,05
528.0,531.0,Luscinia phaenicuroides,White-bellied Redstart,0.7471,psl4,2024,06,23,05
531.0,534.0,Luscinia phaenicuroides,White-bellied Redstart,0.8108,psl4,2024,06,23,05
534.0,537.0,Luscinia phaenicuroides,White-bellied Redstart,0.8077,psl4,2024,06,23,05
537.0,540.0,Luscinia phaenicuroides,White-bellied Redstart,0.8557,psl4,2024,06,23,05
543.0,546.0,Phylloscopus tytleri,Tytler's Leaf Warbler,0.6546,psl4,2024,06,23,05
543.0,546.0,Luscinia phaenicuroides,White-bellied Redstart,0.6249,psl4,2024,06,23,05
552.0,555.0,Luscinia phaenicuroides,White-bellied Redstart,0.5484,psl4,2024,06,23,05
555.0,558.0,Luscinia phaenicuroides,White-bellied Redstart,0.9252,psl4,2024,06,23,05
564.0,567.0,Luscinia phaenicuroides,White-bellied Redstart,0.6109,psl4,2024,06,23,05
576.0,579.0,Luscinia phaenicuroides,White-bellied Redstart,0.6261,psl4,2024,06,23,05
579.0,582.0,Luscinia phaenicuroides,White-bellied Redstart,0.8528,psl4,2024,06,23,05
582.0,585.0,Luscinia phaenicuroides,White-bellied Redstart,0.7961,psl4,2024,06,23,05
585.0,588.0,Luscinia phaenicuroides,White-bellied Redstart,0.9365,psl4,2024,06,23,05
588.0,591.0,Luscinia phaenicuroides,White-bellied Redstart,0.6737,psl4,2024,06,23,05
597.0,600.0,Luscinia phaenicuroides,White-bellied Redstart,0.6388,psl4,2024,06,23,05
597.0,600.0,Phylloscopus tytleri,Tytler's Leaf Warbler,0.5972,psl4,2024,06,23,05
600.0,603.0,Luscinia phaenicuroides,White-bellied Redstart,0.5953,psl4,2024,06,23,05
612.0,615.0,Luscinia phaenicuroides,White-bellied Redstart,0.5151,psl4,2024,06,23,05
615.0,618.0,Luscinia phaenicuroides,White-bellied Redstart,0.7732,psl4,2024,06,23,05
627.0,630.0,Luscinia phaenicuroides,White-bellied Redstart,0.8969,psl4,2024,06,23,05
630.0,633.0,Luscinia phaenicuroides,White-bellied Redstart,0.6743,psl4,2024,06,23,05
633.0,636.0,Luscinia phaenicuroides,White-bellied Redstart,0.5926,psl4,2024,06,23,05
639.0,642.0,Luscinia phaenicuroides,White-bellied Redstart,0.7539,psl4,2024,06,23,05
645.0,648.0,Luscinia phaenicuroides,White-bellied Redstart,0.7302,psl4,2024,06,23,05
651.0,654.0,Luscinia phaenicuroides,White-bellied Redstart,0.5497,psl4,2024,06,23,05
654.0,657.0,Luscinia phaenicuroides,White-bellied Redstart,0.8814,psl4,2024,06,23,05
660.0,663.0,Luscinia phaenicuroides,White-bellied Redstart,0.5016,psl4,2024,06,23,05
666.0,669.0,Phylloscopus occipitalis,Western Crowned Warbler,0.5325,psl4,2024,06,23,05
675.0,678.0,Luscinia phaenicuroides,White-bellied Redstart,0.6097,psl4,2024,06,23,05
687.0,690.0,Luscinia phaenicuroides,White-bellied Redstart,0.9478,psl4,2024,06,23,05
690.0,693.0,Luscinia phaenicuroides,White-bellied Redstart,0.6927,psl4,2024,06,23,05
693.0,696.0,Luscinia phaenicuroides,White-bellied Redstart,0.8458,psl4,2024,06,23,05
699.0,702.0,Luscinia phaenicuroides,White-bellied Redstart,0.6183,psl4,2024,06,23,05
702.0,705.0,Luscinia phaenicuroides,White-bellied Redstart,0.6636,psl4,2024,06,23,05
705.0,708.0,Luscinia phaenicuroides,White-bellied Redstart,0.7561,psl4,2024,06,23,05
708.0,711.0,Luscinia phaenicuroides,White-bellied Redstart,0.7287,psl4,2024,06,23,05
711.0,714.0,Luscinia phaenicuroides,White-bellied Redstart,0.729,psl4,2024,06,23,05
717.0,720.0,Luscinia phaenicuroides,White-bellied Redstart,0.8878,psl4,2024,06,23,05
723.0,726.0,Luscinia phaenicuroides,White-bellied Redstart,0.8588,psl4,2024,06,23,05
726.0,729.0,Luscinia phaenicuroides,White-bellied Redstart,0.9216,psl4,2024,06,23,05
735.0,738.0,Luscinia phaenicuroides,White-bellied Redstart,0.9215,psl4,2024,06,23,05
741.0,744.0,Luscinia phaenicuroides,White-bellied Redstart,0.522,psl4,2024,06,23,05
753.0,756.0,Luscinia phaenicuroides,White-bellied Redstart,0.5366,psl4,2024,06,23,05
768.0,771.0,Luscinia phaenicuroides,White-bellied Redstart,0.6976,psl4,2024,06,23,05
777.0,780.0,Luscinia phaenicuroides,White-bellied Redstart,0.562,psl4,2024,06,23,05
783.0,786.0,Phylloscopus occipitalis,Western Crowned Warbler,0.7806,psl4,2024,06,23,05
786.0,789.0,Luscinia phaenicuroides,White-bellied Redstart,0.8197,psl4,2024,06,23,05
789.0,792.0,Luscinia phaenicuroides,White-bellied Redstart,0.5293,psl4,2024,06,23,05
792.0,795.0,Phylloscopus tytleri,Tytler's Leaf Warbler,0.5387,psl4,2024,06,23,05
792.0,795.0,Luscinia phaenicuroides,White-bellied Redstart,0.5242,psl4,2024,06,23,05
795.0,798.0,Luscinia phaenicuroides,White-bellied Redstart,0.8708,psl4,2024,06,23,05
801.0,804.0,Luscinia phaenicuroides,White-bellied Redstart,0.7072,psl4,2024,06,23,05
807.0,810.0,Luscinia phaenicuroides,White-bellied Redstart,0.8721,psl4,2024,06,23,05
819.0,822.0,Luscinia phaenicuroides,White-bellied Redstart,0.9335,psl4,2024,06,23,05
825.0,828.0,Luscinia phaenicuroides,White-bellied Redstart,0.8269,psl4,2024,06,23,05
825.0,828.0,Phylloscopus tytleri,Tytler's Leaf Warbler,0.6607,psl4,2024,06,23,05
831.0,834.0,Luscinia phaenicuroides,White-bellied Redstart,0.5162,psl4,2024,06,23,05
849.0,852.0,Luscinia phaenicuroides,White-bellied Redstart,0.8773,psl4,2024,06,23,05
855.0,858.0,Phylloscopus tytleri,Tytler's Leaf Warbler,0.5291,psl4,2024,06,23,05
864.0,867.0,Phylloscopus occipitalis,Western Crowned Warbler,0.6114,psl4,2024,06,23,05
873.0,876.0,Phylloscopus occipitalis,Western Crowned Warbler,0.668,psl4,2024,06,23,05
15.0,18.0,Larvivora brunnea,Indian Blue Robin,0.8127,psl4,2024,06,23,06
33.0,36.0,Larvivora brunnea,Indian Blue Robin,0.5101,psl4,2024,06,23,06
36.0,39.0,Larvivora brunnea,Indian Blue Robin,0.6934,psl4,2024,06,23,06
63.0,66.0,Larvivora brunnea,Indian Blue Robin,0.6271,psl4,2024,06,23,06
72.0,75.0,Larvivora brunnea,Indian Blue Robin,0.9317,psl4,2024,06,23,06
81.0,84.0,Larvivora brunnea,Indian Blue Robin,0.9581,psl4,2024,06,23,06
153.0,156.0,Larvivora brunnea,Indian Blue Robin,0.7666,psl4,2024,06,23,06
168.0,171.0,Phylloscopus occipitalis,Western Crowned Warbler,0.5269,psl4,2024,06,23,06
171.0,174.0,Phylloscopus occipitalis,Western Crowned Warbler,0.5199,psl4,2024,06,23,06
183.0,186.0,Phylloscopus occipitalis,Western Crowned Warbler,0.9904,psl4,2024,06,23,06
189.0,192.0,Phylloscopus occipitalis,Western Crowned Warbler,0.5984,psl4,2024,06,23,06
195.0,198.0,Phylloscopus occipitalis,Western Crowned Warbler,0.8827,psl4,2024,06,23,06
198.0,201.0,Phylloscopus occipitalis,Western Crowned Warbler,0.7221,psl4,2024,06,23,06
207.0,210.0,Phylloscopus occipitalis,Western Crowned Warbler,0.8913,psl4,2024,06,23,06
216.0,219.0,Phylloscopus occipitalis,Western Crowned Warbler,0.6803,psl4,2024,06,23,06
231.0,234.0,Phylloscopus occipitalis,Western Crowned Warbler,0.5761,psl4,2024,06,23,06
246.0,249.0,Protonotaria citrea,Prothonotary Warbler,0.5216,psl4,2024,06,23,06
249.0,252.0,Larvivora brunnea,Indian Blue Robin,0.9589,psl4,2024,06,23,06
258.0,261.0,Larvivora brunnea,Indian Blue Robin,0.654,psl4,2024,06,23,06
282.0,285.0,Larvivora brunnea,Indian Blue Robin,0.9279,psl4,2024,06,23,06
285.0,288.0,Phylloscopus occipitalis,Western Crowned Warbler,0.5503,psl4,2024,06,23,06
306.0,309.0,Larvivora brunnea,Indian Blue Robin,0.7897,psl4,2024,06,23,06
318.0,321.0,Larvivora brunnea,Indian Blue Robin,0.8459,psl4,2024,06,23,06
324.0,327.0,Phylloscopus humei,Hume's Warbler,0.7108,psl4,2024,06,23,06
330.0,333.0,Larvivora brunnea,Indian Blue Robin,0.9479,psl4,2024,06,23,06
342.0,345.0,Larvivora brunnea,Indian Blue Robin,0.5879,psl4,2024,06,23,06
372.0,375.0,Larvivora brunnea,Indian Blue Robin,0.9238,psl4,2024,06,23,06
384.0,387.0,Ficedula tricolor,Slaty-blue Flycatcher,0.8792,psl4,2024,06,23,06
387.0,390.0,Ficedula tricolor,Slaty-blue Flycatcher,0.8357,psl4,2024,06,23,06
390.0,393.0,Larvivora brunnea,Indian Blue Robin,0.7572,psl4,2024,06,23,06
393.0,396.0,Ficedula tricolor,Slaty-blue Flycatcher,0.561,psl4,2024,06,23,06
396.0,399.0,Ficedula tricolor,Slaty-blue Flycatcher,0.9282,psl4,2024,06,23,06
399.0,402.0,Ficedula tricolor,Slaty-blue Flycatcher,0.8023,psl4,2024,06,23,06
402.0,405.0,Ficedula tricolor,Slaty-blue Flycatcher,0.9475,psl4,2024,06,23,06
408.0,411.0,Ficedula tricolor,Slaty-blue Flycatcher,0.9444,psl4,2024,06,23,06
411.0,414.0,Ficedula tricolor,Slaty-blue Flycatcher,0.5044,psl4,2024,06,23,06
417.0,420.0,Larvivora brunnea,Indian Blue Robin,0.5729,psl4,2024,06,23,06
444.0,447.0,Larvivora brunnea,Indian Blue Robin,0.5981,psl4,2024,06,23,06
459.0,462.0,Larvivora brunnea,Indian Blue Robin,0.975,psl4,2024,06,23,06
468.0,471.0,Phylloscopus occipitalis,Western Crowned Warbler,0.6487,psl4,2024,06,23,06
474.0,477.0,Phylloscopus occipitalis,Western Crowned Warbler,0.5166,psl4,2024,06,23,06
477.0,480.0,Phylloscopus occipitalis,Western Crowned Warbler,0.562,psl4,2024,06,23,06
483.0,486.0,Larvivora brunnea,Indian Blue Robin,0.7034,psl4,2024,06,23,06
495.0,498.0,Larvivora brunnea,Indian Blue Robin,0.8448,psl4,2024,06,23,06
519.0,522.0,Larvivora brunnea,Indian Blue Robin,0.6855,psl4,2024,06,23,06
522.0,525.0,Phylloscopus occipitalis,Western Crowned Warbler,0.713,psl4,2024,06,23,06
525.0,528.0,Phylloscopus occipitalis,Western Crowned Warbler,0.5582,psl4,2024,06,23,06
546.0,549.0,Larvivora brunnea,Indian Blue Robin,0.6597,psl4,2024,06,23,06
555.0,558.0,Larvivora brunnea,Indian Blue Robin,0.8637,psl4,2024,06,23,06
564.0,567.0,Phylloscopus occipitalis,Western Crowned Warbler,0.8131,psl4,2024,06,23,06
573.0,576.0,Phylloscopus occipitalis,Western Crowned Warbler,0.9419,psl4,2024,06,23,06
576.0,579.0,Phylloscopus occipitalis,Western Crowned Warbler,0.9038,psl4,2024,06,23,06
585.0,588.0,Phylloscopus occipitalis,Western Crowned Warbler,0.6445,psl4,2024,06,23,06
588.0,591.0,Phylloscopus occipitalis,Western Crowned Warbler,0.9446,psl4,2024,06,23,06
591.0,594.0,Phylloscopus occipitalis,Western Crowned Warbler,0.505,psl4,2024,06,23,06
600.0,603.0,Phylloscopus occipitalis,Western Crowned Warbler,0.9006,psl4,2024,06,23,06
603.0,606.0,Phylloscopus occipitalis,Western Crowned Warbler,0.5973,psl4,2024,06,23,06
609.0,612.0,Phylloscopus occipitalis,Western Crowned Warbler,0.8408,psl4,2024,06,23,06
633.0,636.0,Larvivora brunnea,Indian Blue Robin,0.624,psl4,2024,06,23,06
636.0,639.0,Phylloscopus occipitalis,Western Crowned Warbler,0.9908,psl4,2024,06,23,06
639.0,642.0,Phylloscopus occipitalis,Western Crowned Warbler,0.9961,psl4,2024,06,23,06
642.0,645.0,Phylloscopus occipitalis,Western Crowned Warbler,0.9362,psl4,2024,06,23,06
648.0,651.0,Phylloscopus occipitalis,Western Crowned Warbler,0.6236,psl4,2024,06,23,06
657.0,660.0,Larvivora brunnea,Indian Blue Robin,0.9257,psl4,2024,06,23,06
660.0,663.0,Phylloscopus occipitalis,Western Crowned Warbler,0.8,psl4,2024,06,23,06
669.0,672.0,Larvivora brunnea,Indian Blue Robin,0.9454,psl4,2024,06,23,06
669.0,672.0,Phylloscopus tytleri,Tytler's Leaf Warbler,0.6028,psl4,2024,06,23,06
678.0,681.0,Phylloscopus occipitalis,Western Crowned Warbler,0.6886,psl4,2024,06,23,06
687.0,690.0,Phylloscopus occipitalis,Western Crowned Warbler,0.6878,psl4,2024,06,23,06
708.0,711.0,Phylloscopus occipitalis,Western Crowned Warbler,0.5164,psl4,2024,06,23,06
723.0,726.0,Phylloscopus occipitalis,Western Crowned Warbler,0.5751,psl4,2024,06,23,06
738.0,741.0,Larvivora brunnea,Indian Blue Robin,0.5969,psl4,2024,06,23,06
759.0,762.0,Phylloscopus occipitalis,Western Crowned Warbler,0.5394,psl4,2024,06,23,06
762.0,765.0,Larvivora brunnea,Indian Blue Robin,0.6407,psl4,2024,06,23,06
765.0,768.0,Phylloscopus occipitalis,Western Crowned Warbler,0.752,psl4,2024,06,23,06
768.0,771.0,Phylloscopus occipitalis,Western Crowned Warbler,0.8881,psl4,2024,06,23,06
783.0,786.0,Phylloscopus occipitalis,Western Crowned Warbler,0.5977,psl4,2024,06,23,06
813.0,816.0,Phylloscopus occipitalis,Western Crowned Warbler,0.6379,psl4,2024,06,23,06
855.0,858.0,Phylloscopus occipitalis,Western Crowned Warbler,0.9558,psl4,2024,06,23,06
159.0,162.0,Phylloscopus humei,Hume's Warbler,0.7605,psl4,2024,06,23,07
195.0,198.0,Turdus iliacus,Redwing,0.7421,psl4,2024,06,23,07
222.0,225.0,Phylloscopus occipitalis,Western Crowned Warbler,0.6349,psl4,2024,06,23,07
225.0,228.0,Phylloscopus occipitalis,Western Crowned Warbler,0.639,psl4,2024,06,23,07
231.0,234.0,Phylloscopus occipitalis,Western Crowned Warbler,0.6287,psl4,2024,06,23,07
246.0,249.0,Phylloscopus occipitalis,Western Crowned Warbler,0.5383,psl4,2024,06,23,07
267.0,270.0,Phylloscopus occipitalis,Western Crowned Warbler,0.7227,psl4,2024,06,23,07
276.0,279.0,Phylloscopus occipitalis,Western Crowned Warbler,0.7001,psl4,2024,06,23,07
285.0,288.0,Phylloscopus occipitalis,Western Crowned Warbler,0.6692,psl4,2024,06,23,07
294.0,297.0,Phylloscopus occipitalis,Western Crowned Warbler,0.5129,psl4,2024,06,23,07
522.0,525.0,Luscinia phaenicuroides,White-bellied Redstart,0.5526,psl4,2024,06,23,07
813.0,816.0,Phylloscopus humei,Hume's Warbler,0.986,psl4,2024,06,23,07
3.0,6.0,Phylloscopus occipitalis,Western Crowned Warbler,0.8333,psl4,2024,06,24,05
6.0,9.0,Phylloscopus occipitalis,Western Crowned Warbler,0.8283,psl4,2024,06,24,05
48.0,51.0,Phylloscopus occipitalis,Western Crowned Warbler,0.9244,psl4,2024,06,24,05
54.0,57.0,Phylloscopus occipitalis,Western Crowned Warbler,0.5364,psl4,2024,06,24,05
69.0,72.0,Phylloscopus occipitalis,Western Crowned Warbler,0.5604,psl4,2024,06,24,05
78.0,81.0,Phylloscopus occipitalis,Western Crowned Warbler,0.6889,psl4,2024,06,24,05
87.0,90.0,Phylloscopus occipitalis,Western Crowned Warbler,0.7947,psl4,2024,06,24,05
90.0,93.0,Phylloscopus occipitalis,Western Crowned Warbler,0.874,psl4,2024,06,24,05
93.0,96.0,Phylloscopus occipitalis,Western Crowned Warbler,0.5254,psl4,2024,06,24,05
96.0,99.0,Phylloscopus occipitalis,Western Crowned Warbler,0.7599,psl4,2024,06,24,05
99.0,102.0,Phylloscopus occipitalis,Western Crowned Warbler,0.8626,psl4,2024,06,24,05
108.0,111.0,Phylloscopus occipitalis,Western Crowned Warbler,0.5632,psl4,2024,06,24,05
111.0,114.0,Phylloscopus occipitalis,Western Crowned Warbler,0.7716,psl4,2024,06,24,05
117.0,120.0,Phylloscopus occipitalis,Western Crowned Warbler,0.8898,psl4,2024,06,24,05
120.0,123.0,Phylloscopus occipitalis,Western Crowned Warbler,0.5147,psl4,2024,06,24,05
135.0,138.0,Phylloscopus occipitalis,Western Crowned Warbler,0.6072,psl4,2024,06,24,05
150.0,153.0,Phylloscopus occipitalis,Western Crowned Warbler,0.5523,psl4,2024,06,24,05
159.0,162.0,Phylloscopus occipitalis,Western Crowned Warbler,0.7328,psl4,2024,06,24,05
162.0,165.0,Phylloscopus occipitalis,Western Crowned Warbler,0.6781,psl4,2024,06,24,05
165.0,168.0,Phylloscopus occipitalis,Western Crowned Warbler,0.905,psl4,2024,06,24,05
174.0,177.0,Phylloscopus occipitalis,Western Crowned Warbler,0.5365,psl4,2024,06,24,05
186.0,189.0,Phylloscopus occipitalis,Western Crowned Warbler,0.8149,psl4,2024,06,24,05
192.0,195.0,Phylloscopus occipitalis,Western Crowned Warbler,0.7157,psl4,2024,06,24,05
195.0,198.0,Phylloscopus occipitalis,Western Crowned Warbler,0.6691,psl4,2024,06,24,05
210.0,213.0,Phylloscopus occipitalis,Western Crowned Warbler,0.5236,psl4,2024,06,24,05
216.0,219.0,Phylloscopus occipitalis,Western Crowned Warbler,0.7801,psl4,2024,06,24,05
243.0,246.0,Phylloscopus tytleri,Tytler's Leaf Warbler,0.5238,psl4,2024,06,24,05
246.0,249.0,Phylloscopus occipitalis,Western Crowned Warbler,0.5203,psl4,2024,06,24,05
258.0,261.0,Phylloscopus occipitalis,Western Crowned Warbler,0.8202,psl4,2024,06,24,05
261.0,264.0,Phylloscopus occipitalis,Western Crowned Warbler,0.5276,psl4,2024,06,24,05
267.0,270.0,Phylloscopus occipitalis,Western Crowned Warbler,0.8675,psl4,2024,06,24,05
276.0,279.0,Phylloscopus occipitalis,Western Crowned Warbler,0.5091,psl4,2024,06,24,05
309.0,312.0,Phylloscopus tytleri,Tytler's Leaf Warbler,0.6585,psl4,2024,06,24,05
330.0,333.0,Phylloscopus occipitalis,Western Crowned Warbler,0.5876,psl4,2024,06,24,05
351.0,354.0,Phylloscopus occipitalis,Western Crowned Warbler,0.6721,psl4,2024,06,24,05
354.0,357.0,Phylloscopus occipitalis,Western Crowned Warbler,0.6136,psl4,2024,06,24,05
360.0,363.0,Phylloscopus occipitalis,Western Crowned Warbler,0.7345,psl4,2024,06,24,05
363.0,366.0,Phylloscopus occipitalis,Western Crowned Warbler,0.7343,psl4,2024,06,24,05
369.0,372.0,Phylloscopus occipitalis,Western Crowned Warbler,0.5253,psl4,2024,06,24,05
417.0,420.0,Phylloscopus occipitalis,Western Crowned Warbler,0.5057,psl4,2024,06,24,05
423.0,426.0,Phylloscopus occipitalis,Western Crowned Warbler,0.518,psl4,2024,06,24,05
426.0,429.0,Phylloscopus occipitalis,Western Crowned Warbler,0.8342,psl4,2024,06,24,05
441.0,444.0,Phylloscopus occipitalis,Western Crowned Warbler,0.9311,psl4,2024,06,24,05
447.0,450.0,Phylloscopus occipitalis,Western Crowned Warbler,0.8941,psl4,2024,06,24,05
450.0,453.0,Phylloscopus occipitalis,Western Crowned Warbler,0.6672,psl4,2024,06,24,05
453.0,456.0,Phylloscopus occipitalis,Western Crowned Warbler,0.5999,psl4,2024,06,24,05
459.0,462.0,Phylloscopus occipitalis,Western Crowned Warbler,0.5632,psl4,2024,06,24,05
462.0,465.0,Trochalopteron variegatum,Variegated Laughingthrush,0.6758,psl4,2024,06,24,05
474.0,477.0,Phylloscopus occipitalis,Western Crowned Warbler,0.5019,psl4,2024,06,24,05
489.0,492.0,Trochalopteron variegatum,Variegated Laughingthrush,0.5352,psl4,2024,06,24,05
495.0,498.0,Phylloscopus occipitalis,Western Crowned Warbler,0.5771,psl4,2024,06,24,05
501.0,504.0,Phylloscopus occipitalis,Western Crowned Warbler,0.6391,psl4,2024,06,24,05
567.0,570.0,Phylloscopus occipitalis,Western Crowned Warbler,0.6473,psl4,2024,06,24,05
579.0,582.0,Phylloscopus occipitalis,Western Crowned Warbler,0.6401,psl4,2024,06,24,05
648.0,651.0,Phylloscopus occipitalis,Western Crowned Warbler,0.9772,psl4,2024,06,24,05
660.0,663.0,Phylloscopus occipitalis,Western Crowned Warbler,0.657,psl4,2024,06,24,05
663.0,666.0,Phylloscopus occipitalis,Western Crowned Warbler,0.5452,psl4,2024,06,24,05
666.0,669.0,Phylloscopus occipitalis,Western Crowned Warbler,0.5159,psl4,2024,06,24,05
681.0,684.0,Trochalopteron variegatum,Variegated Laughingthrush,0.552,psl4,2024,06,24,05
684.0,687.0,Phylloscopus occipitalis,Western Crowned Warbler,0.8913,psl4,2024,06,24,05
696.0,699.0,Phylloscopus occipitalis,Western Crowned Warbler,0.5367,psl4,2024,06,24,05
702.0,705.0,Phylloscopus occipitalis,Western Crowned Warbler,0.7583,psl4,2024,06,24,05
729.0,732.0,Phylloscopus occipitalis,Western Crowned Warbler,0.7151,psl4,2024,06,24,05
768.0,771.0,Phylloscopus occipitalis,Western Crowned Warbler,0.5323,psl4,2024,06,24,05
771.0,774.0,Phylloscopus occipitalis,Western Crowned Warbler,0.521,psl4,2024,06,24,05
774.0,777.0,Phylloscopus occipitalis,Western Crowned Warbler,0.7643,psl4,2024,06,24,05
792.0,795.0,Phylloscopus occipitalis,Western Crowned Warbler,0.9732,psl4,2024,06,24,05
798.0,801.0,Phylloscopus occipitalis,Western Crowned Warbler,0.729,psl4,2024,06,24,05
801.0,804.0,Phylloscopus occipitalis,Western Crowned Warbler,0.5029,psl4,2024,06,24,05
810.0,813.0,Phylloscopus occipitalis,Western Crowned Warbler,0.5993,psl4,2024,06,24,05
816.0,819.0,Phylloscopus occipitalis,Western Crowned Warbler,0.7138,psl4,2024,06,24,05
819.0,822.0,Phylloscopus occipitalis,Western Crowned Warbler,0.5937,psl4,2024,06,24,05
822.0,825.0,Phylloscopus occipitalis,Western Crowned Warbler,0.8174,psl4,2024,06,24,05
825.0,828.0,Phylloscopus occipitalis,Western Crowned Warbler,0.6819,psl4,2024,06,24,05
828.0,831.0,Phylloscopus occipitalis,Western Crowned Warbler,0.6561,psl4,2024,06,24,05
837.0,840.0,Phylloscopus occipitalis,Western Crowned Warbler,0.6143,psl4,2024,06,24,05
846.0,849.0,Phylloscopus occipitalis,Western Crowned Warbler,0.934,psl4,2024,06,24,05
858.0,861.0,Phylloscopus occipitalis,Western Crowned Warbler,0.5405,psl4,2024,06,24,05
861.0,864.0,Phylloscopus occipitalis,Western Crowned Warbler,0.9322,psl4,2024,06,24,05
864.0,867.0,Phylloscopus occipitalis,Western Crowned Warbler,0.6637,psl4,2024,06,24,05
870.0,873.0,Phylloscopus occipitalis,Western Crowned Warbler,0.6498,psl4,2024,06,24,05
876.0,879.0,Phylloscopus occipitalis,Western Crowned Warbler,0.6028,psl4,2024,06,24,05
879.0,882.0,Phylloscopus occipitalis,Western Crowned Warbler,0.6957,psl4,2024,06,24,05
885.0,888.0,Phylloscopus occipitalis,Western Crowned Warbler,0.7794,psl4,2024,06,24,05
81.0,84.0,Trochalopteron erythrocephalum,Chestnut-crowned Laughingthrush,0.5361,psl4,2024,06,24,06
198.0,201.0,Phylloscopus occipitalis,Western Crowned Warbler,0.9305,psl4,2024,06,24,06
204.0,207.0,Phylloscopus occipitalis,Western Crowned Warbler,0.8782,psl4,2024,06,24,06
207.0,210.0,Phylloscopus occipitalis,Western Crowned Warbler,0.6223,psl4,2024,06,24,06
210.0,213.0,Phylloscopus occipitalis,Western Crowned Warbler,0.651,psl4,2024,06,24,06
216.0,219.0,Phylloscopus occipitalis,Western Crowned Warbler,0.8664,psl4,2024,06,24,06
222.0,225.0,Phylloscopus occipitalis,Western Crowned Warbler,0.948,psl4,2024,06,24,06
225.0,228.0,Phylloscopus occipitalis,Western Crowned Warbler,0.9784,psl4,2024,06,24,06
231.0,234.0,Phylloscopus occipitalis,Western Crowned Warbler,0.9601,psl4,2024,06,24,06
237.0,240.0,Phylloscopus occipitalis,Western Crowned Warbler,0.9846,psl4,2024,06,24,06
243.0,246.0,Phylloscopus occipitalis,Western Crowned Warbler,0.9154,psl4,2024,06,24,06
249.0,252.0,Phylloscopus occipitalis,Western Crowned Warbler,0.651,psl4,2024,06,24,06
252.0,255.0,Phylloscopus occipitalis,Western Crowned Warbler,0.52,psl4,2024,06,24,06
258.0,261.0,Phylloscopus occipitalis,Western Crowned Warbler,0.6724,psl4,2024,06,24,06
261.0,264.0,Phylloscopus occipitalis,Western Crowned Warbler,0.9213,psl4,2024,06,24,06
267.0,270.0,Phylloscopus occipitalis,Western Crowned Warbler,0.749,psl4,2024,06,24,06
273.0,276.0,Phylloscopus occipitalis,Western Crowned Warbler,0.939,psl4,2024,06,24,06
282.0,285.0,Phylloscopus maculipennis,Ashy-throated Warbler,0.6017,psl4,2024,06,24,06
285.0,288.0,Phylloscopus occipitalis,Western Crowned Warbler,0.8985,psl4,2024,06,24,06
291.0,294.0,Phylloscopus occipitalis,Western Crowned Warbler,0.8422,psl4,2024,06,24,06
297.0,300.0,Phylloscopus occipitalis,Western Crowned Warbler,0.9233,psl4,2024,06,24,06
300.0,303.0,Phylloscopus occipitalis,Western Crowned Warbler,0.657,psl4,2024,06,24,06
306.0,309.0,Phylloscopus occipitalis,Western Crowned Warbler,0.9798,psl4,2024,06,24,06
312.0,315.0,Phylloscopus occipitalis,Western Crowned Warbler,0.991,psl4,2024,06,24,06
318.0,321.0,Phylloscopus occipitalis,Western Crowned Warbler,0.989,psl4,2024,06,24,06
324.0,327.0,Phylloscopus occipitalis,Western Crowned Warbler,0.9948,psl4,2024,06,24,06
330.0,333.0,Phylloscopus occipitalis,Western Crowned Warbler,0.9914,psl4,2024,06,24,06
333.0,336.0,Phylloscopus occipitalis,Western Crowned Warbler,0.611,psl4,2024,06,24,06
339.0,342.0,Phylloscopus occipitalis,Western Crowned Warbler,0.8339,psl4,2024,06,24,06
522.0,525.0,Phylloscopus occipitalis,Western Crowned Warbler,0.5429,psl4,2024,06,24,06
528.0,531.0,Phylloscopus occipitalis,Western Crowned Warbler,0.5113,psl4,2024,06,24,06
546.0,549.0,Phylloscopus occipitalis,Western Crowned Warbler,0.5811,psl4,2024,06,24,06
606.0,609.0,Phylloscopus occipitalis,Western Crowned Warbler,0.5381,psl4,2024,06,24,06
870.0,873.0,Phylloscopus nitidus,Green Warbler,0.6542,psl4,2024,06,24,06
891.0,894.0,Phylloscopus trochiloides,Greenish Warbler,0.5227,psl4,2024,06,24,06
0.0,3.0,Phylloscopus occipitalis,Western Crowned Warbler,0.9467,psl4,2024,06,24,07
6.0,9.0,Phylloscopus occipitalis,Western Crowned Warbler,0.9458,psl4,2024,06,24,07
9.0,12.0,Phylloscopus occipitalis,Western Crowned Warbler,0.9079,psl4,2024,06,24,07
15.0,18.0,Phylloscopus occipitalis,Western Crowned Warbler,0.975,psl4,2024,06,24,07
18.0,21.0,Phylloscopus occipitalis,Western Crowned Warbler,0.9617,psl4,2024,06,24,07
24.0,27.0,Phylloscopus occipitalis,Western Crowned Warbler,0.9972,psl4,2024,06,24,07
30.0,33.0,Phylloscopus occipitalis,Western Crowned Warbler,0.5745,psl4,2024,06,24,07
33.0,36.0,Phylloscopus occipitalis,Western Crowned Warbler,0.9623,psl4,2024,06,24,07
48.0,51.0,Phylloscopus occipitalis,Western Crowned Warbler,0.9887,psl4,2024,06,24,07
57.0,60.0,Phylloscopus occipitalis,Western Crowned Warbler,0.9535,psl4,2024,06,24,07
60.0,63.0,Phylloscopus occipitalis,Western Crowned Warbler,0.7636,psl4,2024,06,24,07
66.0,69.0,Phylloscopus occipitalis,Western Crowned Warbler,0.9838,psl4,2024,06,24,07
69.0,72.0,Phylloscopus occipitalis,Western Crowned Warbler,0.893,psl4,2024,06,24,07
78.0,81.0,Phylloscopus occipitalis,Western Crowned Warbler,0.9493,psl4,2024,06,24,07
84.0,87.0,Phylloscopus occipitalis,Western Crowned Warbler,0.9247,psl4,2024,06,24,07
105.0,108.0,Phylloscopus humei,Hume's Warbler,0.5943,psl4,2024,06,24,07
138.0,141.0,Phylloscopus occipitalis,Western Crowned Warbler,0.6429,psl4,2024,06,24,07
153.0,156.0,Trochalopteron variegatum,Variegated Laughingthrush,0.8193,psl4,2024,06,24,07
168.0,171.0,Trochalopteron variegatum,Variegated Laughingthrush,0.8639,psl4,2024,06,24,07
177.0,180.0,Phylloscopus occipitalis,Western Crowned Warbler,0.5671,psl4,2024,06,24,07
180.0,183.0,Phylloscopus occipitalis,Western Crowned Warbler,0.8625,psl4,2024,06,24,07
186.0,189.0,Phylloscopus occipitalis,Western Crowned Warbler,0.8449,psl4,2024,06,24,07
192.0,195.0,Phylloscopus occipitalis,Western Crowned Warbler,0.6531,psl4,2024,06,24,07
195.0,198.0,Phylloscopus occipitalis,Western Crowned Warbler,0.8504,psl4,2024,06,24,07
207.0,210.0,Trochalopteron variegatum,Variegated Laughingthrush,0.6544,psl4,2024,06,24,07
213.0,216.0,Trochalopteron variegatum,Variegated Laughingthrush,0.6956,psl4,2024,06,24,07
216.0,219.0,Trochalopteron variegatum,Variegated Laughingthrush,0.936,psl4,2024,06,24,07
219.0,222.0,Ficedula tricolor,Slaty-blue Flycatcher,0.9881,psl4,2024,06,24,07
225.0,228.0,Ficedula tricolor,Slaty-blue Flycatcher,0.9952,psl4,2024,06,24,07
225.0,228.0,Phoenicurus auroreus,Daurian Redstart,0.6006,psl4,2024,06,24,07
228.0,231.0,Ficedula tricolor,Slaty-blue Flycatcher,0.9566,psl4,2024,06,24,07
231.0,234.0,Ficedula tricolor,Slaty-blue Flycatcher,0.9869,psl4,2024,06,24,07
231.0,234.0,Trochalopteron variegatum,Variegated Laughingthrush,0.6142,psl4,2024,06,24,07
234.0,237.0,Ficedula tricolor,Slaty-blue Flycatcher,0.9972,psl4,2024,06,24,07
237.0,240.0,Ficedula tricolor,Slaty-blue Flycatcher,0.9478,psl4,2024,06,24,07
240.0,243.0,Ficedula tricolor,Slaty-blue Flycatcher,0.9482,psl4,2024,06,24,07
243.0,246.0,Trochalopteron variegatum,Variegated Laughingthrush,0.8451,psl4,2024,06,24,07
243.0,246.0,Ficedula tricolor,Slaty-blue Flycatcher,0.6198,psl4,2024,06,24,07
246.0,249.0,Ficedula tricolor,Slaty-blue Flycatcher,0.7524,psl4,2024,06,24,07
249.0,252.0,Trochalopteron variegatum,Variegated Laughingthrush,0.9118,psl4,2024,06,24,07
252.0,255.0,Ficedula tricolor,Slaty-blue Flycatcher,0.9947,psl4,2024,06,24,07
255.0,258.0,Trochalopteron variegatum,Variegated Laughingthrush,0.9508,psl4,2024,06,24,07
255.0,258.0,Ficedula tricolor,Slaty-blue Flycatcher,0.9234,psl4,2024,06,24,07
258.0,261.0,Phylloscopus occipitalis,Western Crowned Warbler,0.5785,psl4,2024,06,24,07
261.0,264.0,Ficedula tricolor,Slaty-blue Flycatcher,0.9556,psl4,2024,06,24,07
261.0,264.0,Trochalopteron variegatum,Variegated Laughingthrush,0.8094,psl4,2024,06,24,07
261.0,264.0,Phoenicurus auroreus,Daurian Redstart,0.5068,psl4,2024,06,24,07
264.0,267.0,Trochalopteron variegatum,Variegated Laughingthrush,0.5839,psl4,2024,06,24,07
267.0,270.0,Ficedula tricolor,Slaty-blue Flycatcher,0.887,psl4,2024,06,24,07
270.0,273.0,Ficedula tricolor,Slaty-blue Flycatcher,0.9812,psl4,2024,06,24,07
270.0,273.0,Trochalopteron variegatum,Variegated Laughingthrush,0.8601,psl4,2024,06,24,07
273.0,276.0,Ficedula tricolor,Slaty-blue Flycatcher,0.9443,psl4,2024,06,24,07
273.0,276.0,Trochalopteron variegatum,Variegated Laughingthrush,0.879,psl4,2024,06,24,07
276.0,279.0,Ficedula tricolor,Slaty-blue Flycatcher,0.995,psl4,2024,06,24,07
279.0,282.0,Ficedula tricolor,Slaty-blue Flycatcher,0.9988,psl4,2024,06,24,07
285.0,288.0,Ficedula tricolor,Slaty-blue Flycatcher,0.9972,psl4,2024,06,24,07
291.0,294.0,Ficedula tricolor,Slaty-blue Flycatcher,0.8157,psl4,2024,06,24,07
294.0,297.0,Ficedula tricolor,Slaty-blue Flycatcher,0.6987,psl4,2024,06,24,07
297.0,300.0,Phylloscopus occipitalis,Western Crowned Warbler,0.9688,psl4,2024,06,24,07
300.0,303.0,Ficedula tricolor,Slaty-blue Flycatcher,0.7702,psl4,2024,06,24,07
300.0,303.0,Geothlypis tolmiei,MacGillivray's Warbler,0.5388,psl4,2024,06,24,07
303.0,306.0,Ficedula tricolor,Slaty-blue Flycatcher,0.9535,psl4,2024,06,24,07
306.0,309.0,Phylloscopus occipitalis,Western Crowned Warbler,0.9797,psl4,2024,06,24,07
309.0,312.0,Ficedula tricolor,Slaty-blue Flycatcher,0.9965,psl4,2024,06,24,07
315.0,318.0,Trochalopteron variegatum,Variegated Laughingthrush,0.9075,psl4,2024,06,24,07
318.0,321.0,Phylloscopus occipitalis,Western Crowned Warbler,0.7454,psl4,2024,06,24,07
321.0,324.0,Phylloscopus occipitalis,Western Crowned Warbler,0.9804,psl4,2024,06,24,07
324.0,327.0,Phylloscopus occipitalis,Western Crowned Warbler,0.9843,psl4,2024,06,24,07
330.0,333.0,Phylloscopus occipitalis,Western Crowned Warbler,0.934,psl4,2024,06,24,07
333.0,336.0,Phylloscopus occipitalis,Western Crowned Warbler,0.7782,psl4,2024,06,24,07
336.0,339.0,Phylloscopus occipitalis,Western Crowned Warbler,0.8311,psl4,2024,06,24,07
345.0,348.0,Phylloscopus reguloides,Blyth's Leaf Warbler,0.5918,psl4,2024,06,24,07
351.0,354.0,Ficedula tricolor,Slaty-blue Flycatcher,0.9467,psl4,2024,06,24,07
354.0,357.0,Ficedula tricolor,Slaty-blue Flycatcher,0.6002,psl4,2024,06,24,07
357.0,360.0,Phylloscopus occipitalis,Western Crowned Warbler,0.5904,psl4,2024,06,24,07
360.0,363.0,Ficedula tricolor,Slaty-blue Flycatcher,0.9703,psl4,2024,06,24,07
363.0,366.0,Ficedula tricolor,Slaty-blue Flycatcher,0.9652,psl4,2024,06,24,07
363.0,366.0,Phoenicurus auroreus,Daurian Redstart,0.5695,psl4,2024,06,24,07
366.0,369.0,Ficedula tricolor,Slaty-blue Flycatcher,0.7546,psl4,2024,06,24,07
372.0,375.0,Ficedula tricolor,Slaty-blue Flycatcher,0.7491,psl4,2024,06,24,07
372.0,375.0,Phoenicurus auroreus,Daurian Redstart,0.5441,psl4,2024,06,24,07
375.0,378.0,Ficedula tricolor,Slaty-blue Flycatcher,0.6486,psl4,2024,06,24,07
381.0,384.0,Ficedula tricolor,Slaty-blue Flycatcher,0.9998,psl4,2024,06,24,07
384.0,387.0,Ficedula tricolor,Slaty-blue Flycatcher,0.9759,psl4,2024,06,24,07
387.0,390.0,Ficedula tricolor,Slaty-blue Flycatcher,0.9957,psl4,2024,06,24,07
390.0,393.0,Ficedula tricolor,Slaty-blue Flycatcher,0.9967,psl4,2024,06,24,07
393.0,396.0,Ficedula tricolor,Slaty-blue Flycatcher,0.9993,psl4,2024,06,24,07
399.0,402.0,Ficedula tricolor,Slaty-blue Flycatcher,0.9967,psl4,2024,06,24,07
402.0,405.0,Ficedula tricolor,Slaty-blue Flycatcher,0.9944,psl4,2024,06,24,07
405.0,408.0,Phylloscopus humei,Hume's Warbler,0.7738,psl4,2024,06,24,07
405.0,408.0,Ficedula tricolor,Slaty-blue Flycatcher,0.6911,psl4,2024,06,24,07
411.0,414.0,Ficedula tricolor,Slaty-blue Flycatcher,0.997,psl4,2024,06,24,07
414.0,417.0,Ficedula tricolor,Slaty-blue Flycatcher,0.9559,psl4,2024,06,24,07
417.0,420.0,Ficedula tricolor,Slaty-blue Flycatcher,0.9198,psl4,2024,06,24,07
420.0,423.0,Ficedula tricolor,Slaty-blue Flycatcher,0.9413,psl4,2024,06,24,07
420.0,423.0,Phylloscopus humei,Hume's Warbler,0.5949,psl4,2024,06,24,07
423.0,426.0,Ficedula tricolor,Slaty-blue Flycatcher,0.6435,psl4,2024,06,24,07
426.0,429.0,Ficedula tricolor,Slaty-blue Flycatcher,0.927,psl4,2024,06,24,07
429.0,432.0,Ficedula tricolor,Slaty-blue Flycatcher,0.843,psl4,2024,06,24,07
435.0,438.0,Ficedula tricolor,Slaty-blue Flycatcher,0.6755,psl4,2024,06,24,07
438.0,441.0,Ficedula tricolor,Slaty-blue Flycatcher,0.5724,psl4,2024,06,24,07
441.0,444.0,Ficedula tricolor,Slaty-blue Flycatcher,0.7746,psl4,2024,06,24,07
447.0,450.0,Ficedula tricolor,Slaty-blue Flycatcher,0.731,psl4,2024,06,24,07
465.0,468.0,Phylloscopus occipitalis,Western Crowned Warbler,0.7371,psl4,2024,06,24,07
474.0,477.0,Phylloscopus occipitalis,Western Crowned Warbler,0.7098,psl4,2024,06,24,07
486.0,489.0,Phylloscopus occipitalis,Western Crowned Warbler,0.8446,psl4,2024,06,24,07
492.0,495.0,Trochalopteron variegatum,Variegated Laughingthrush,0.9897,psl4,2024,06,24,07
498.0,501.0,Trochalopteron variegatum,Variegated Laughingthrush,0.8707,psl4,2024,06,24,07
501.0,504.0,Phylloscopus occipitalis,Western Crowned Warbler,0.8026,psl4,2024,06,24,07
504.0,507.0,Trochalopteron variegatum,Variegated Laughingthrush,0.755,psl4,2024,06,24,07
507.0,510.0,Phylloscopus occipitalis,Western Crowned Warbler,0.663,psl4,2024,06,24,07
510.0,513.0,Trochalopteron variegatum,Variegated Laughingthrush,0.7464,psl4,2024,06,24,07
516.0,519.0,Trochalopteron variegatum,Variegated Laughingthrush,0.6835,psl4,2024,06,24,07
519.0,522.0,Trochalopteron variegatum,Variegated Laughingthrush,0.9037,psl4,2024,06,24,07
525.0,528.0,Trochalopteron variegatum,Variegated Laughingthrush,0.9215,psl4,2024,06,24,07
528.0,531.0,Trochalopteron variegatum,Variegated Laughingthrush,0.9584,psl4,2024,06,24,07
534.0,537.0,Trochalopteron variegatum,Variegated Laughingthrush,0.7859,psl4,2024,06,24,07
537.0,540.0,Trochalopteron variegatum,Variegated Laughingthrush,0.8282,psl4,2024,06,24,07
540.0,543.0,Phylloscopus occipitalis,Western Crowned Warbler,0.5024,psl4,2024,06,24,07
543.0,546.0,Trochalopteron variegatum,Variegated Laughingthrush,0.7813,psl4,2024,06,24,07
546.0,549.0,Trochalopteron variegatum,Variegated Laughingthrush,0.8166,psl4,2024,06,24,07
555.0,558.0,Trochalopteron variegatum,Variegated Laughingthrush,0.7357,psl4,2024,06,24,07
564.0,567.0,Trochalopteron variegatum,Variegated Laughingthrush,0.6221,psl4,2024,06,24,07
567.0,570.0,Trochalopteron variegatum,Variegated Laughingthrush,0.7743,psl4,2024,06,24,07
573.0,576.0,Trochalopteron variegatum,Variegated Laughingthrush,0.9332,psl4,2024,06,24,07
579.0,582.0,Trochalopteron variegatum,Variegated Laughingthrush,0.8493,psl4,2024,06,24,07
582.0,585.0,Trochalopteron variegatum,Variegated Laughingthrush,0.8377,psl4,2024,06,24,07
609.0,612.0,Trochalopteron variegatum,Variegated Laughingthrush,0.7808,psl4,2024,06,24,07
612.0,615.0,Trochalopteron variegatum,Variegated Laughingthrush,0.6144,psl4,2024,06,24,07
624.0,627.0,Trochalopteron variegatum,Variegated Laughingthrush,0.562,psl4,2024,06,24,07
639.0,642.0,Trochalopteron variegatum,Variegated Laughingthrush,0.9737,psl4,2024,06,24,07
642.0,645.0,Trochalopteron variegatum,Variegated Laughingthrush,0.5757,psl4,2024,06,24,07
645.0,648.0,Trochalopteron variegatum,Variegated Laughingthrush,0.5259,psl4,2024,06,24,07
648.0,651.0,Trochalopteron variegatum,Variegated Laughingthrush,0.8998,psl4,2024,06,24,07
654.0,657.0,Trochalopteron variegatum,Variegated Laughingthrush,0.6699,psl4,2024,06,24,07
657.0,660.0,Trochalopteron variegatum,Variegated Laughingthrush,0.6486,psl4,2024,06,24,07
666.0,669.0,Trochalopteron variegatum,Variegated Laughingthrush,0.9948,psl4,2024,06,24,07
669.0,672.0,Trochalopteron variegatum,Variegated Laughingthrush,0.612,psl4,2024,06,24,07
681.0,684.0,Trochalopteron variegatum,Variegated Laughingthrush,0.9699,psl4,2024,06,24,07
684.0,687.0,Trochalopteron variegatum,Variegated Laughingthrush,0.9101,psl4,2024,06,24,07
696.0,699.0,Trochalopteron variegatum,Variegated Laughingthrush,0.7684,psl4,2024,06,24,07
735.0,738.0,Trochalopteron variegatum,Variegated Laughingthrush,0.6706,psl4,2024,06,24,07
738.0,741.0,Trochalopteron variegatum,Variegated Laughingthrush,0.5219,psl4,2024,06,24,07
741.0,744.0,Trochalopteron variegatum,Variegated Laughingthrush,0.614,psl4,2024,06,24,07
753.0,756.0,Trochalopteron variegatum,Variegated Laughingthrush,0.6437,psl4,2024,06,24,07
768.0,771.0,Trochalopteron variegatum,Variegated Laughingthrush,0.8059,psl4,2024,06,24,07
810.0,813.0,Phylloscopus occipitalis,Western Crowned Warbler,0.7024,psl4,2024,06,24,07
816.0,819.0,Phylloscopus occipitalis,Western Crowned Warbler,0.6484,psl4,2024,06,24,07
822.0,825.0,Luscinia phaenicuroides,White-bellied Redstart,0.8152,psl4,2024,06,24,07
828.0,831.0,Phylloscopus occipitalis,Western Crowned Warbler,0.5972,psl4,2024,06,24,07
834.0,837.0,Luscinia phaenicuroides,White-bellied Redstart,0.9259,psl4,2024,06,24,07
837.0,840.0,Phylloscopus occipitalis,Western Crowned Warbler,0.7009,psl4,2024,06,24,07
843.0,846.0,Phylloscopus occipitalis,Western Crowned Warbler,0.9201,psl4,2024,06,24,07
855.0,858.0,Trochalopteron elliotii,Elliot's Laughingthrush,0.8726,psl4,2024,06,24,07
855.0,858.0,Trochalopteron variegatum,Variegated Laughingthrush,0.8341,psl4,2024,06,24,07
891.0,894.0,Luscinia phaenicuroides,White-bellied Redstart,0.5533,psl4,2024,06,24,07
897.0,900.0,Luscinia phaenicuroides,White-bellied Redstart,0.8292,psl4,2024,06,24,07
3.0,6.0,Phylloscopus occipitalis,Western Crowned Warbler,0.6008,psl4,2024,06,25,05
24.0,27.0,Phylloscopus tytleri,Tytler's Leaf Warbler,0.5303,psl4,2024,06,25,05
51.0,54.0,Phylloscopus tytleri,Tytler's Leaf Warbler,0.5648,psl4,2024,06,25,05
51.0,54.0,Phylloscopus occipitalis,Western Crowned Warbler,0.5496,psl4,2024,06,25,05
54.0,57.0,Phylloscopus occipitalis,Western Crowned Warbler,0.8007,psl4,2024,06,25,05
57.0,60.0,Phylloscopus occipitalis,Western Crowned Warbler,0.7211,psl4,2024,06,25,05
60.0,63.0,Phylloscopus occipitalis,Western Crowned Warbler,0.5868,psl4,2024,06,25,05
66.0,69.0,Phylloscopus occipitalis,Western Crowned Warbler,0.6928,psl4,2024,06,25,05
72.0,75.0,Phylloscopus tytleri,Tytler's Leaf Warbler,0.66,psl4,2024,06,25,05
72.0,75.0,Luscinia phaenicuroides,White-bellied Redstart,0.596,psl4,2024,06,25,05
141.0,144.0,Phylloscopus occipitalis,Western Crowned Warbler,0.523,psl4,2024,06,25,05
165.0,168.0,Phylloscopus occipitalis,Western Crowned Warbler,0.7111,psl4,2024,06,25,05
210.0,213.0,Phylloscopus occipitalis,Western Crowned Warbler,0.8234,psl4,2024,06,25,05
219.0,222.0,Phylloscopus occipitalis,Western Crowned Warbler,0.7377,psl4,2024,06,25,05
231.0,234.0,Phylloscopus occipitalis,Western Crowned Warbler,0.6326,psl4,2024,06,25,05
243.0,246.0,Phylloscopus occipitalis,Western Crowned Warbler,0.823,psl4,2024,06,25,05
249.0,252.0,Phylloscopus occipitalis,Western Crowned Warbler,0.5554,psl4,2024,06,25,05
270.0,273.0,Phylloscopus occipitalis,Western Crowned Warbler,0.5283,psl4,2024,06,25,05
279.0,282.0,Phylloscopus occipitalis,Western Crowned Warbler,0.5485,psl4,2024,06,25,05
282.0,285.0,Phylloscopus occipitalis,Western Crowned Warbler,0.6445,psl4,2024,06,25,05
285.0,288.0,Phylloscopus occipitalis,Western Crowned Warbler,0.5627,psl4,2024,06,25,05
318.0,321.0,Luscinia phaenicuroides,White-bellied Redstart,0.545,psl4,2024,06,25,05
348.0,351.0,Phylloscopus occipitalis,Western Crowned Warbler,0.668,psl4,2024,06,25,05
396.0,399.0,Luscinia phaenicuroides,White-bellied Redstart,0.6304,psl4,2024,06,25,05
399.0,402.0,Phylloscopus occipitalis,Western Crowned Warbler,0.6988,psl4,2024,06,25,05
408.0,411.0,Phylloscopus occipitalis,Western Crowned Warbler,0.7142,psl4,2024,06,25,05
423.0,426.0,Phylloscopus occipitalis,Western Crowned Warbler,0.5443,psl4,2024,06,25,05
432.0,435.0,Phylloscopus occipitalis,Western Crowned Warbler,0.5179,psl4,2024,06,25,05
438.0,441.0,Phylloscopus occipitalis,Western Crowned Warbler,0.8036,psl4,2024,06,25,05
453.0,456.0,Phylloscopus affinis,Tickell's Leaf Warbler,0.7071,psl4,2024,06,25,05
456.0,459.0,Phylloscopus tytleri,Tytler's Leaf Warbler,0.5123,psl4,2024,06,25,05
462.0,465.0,Phylloscopus occipitalis,Western Crowned Warbler,0.6643,psl4,2024,06,25,05
495.0,498.0,Phylloscopus occipitalis,Western Crowned Warbler,0.8556,psl4,2024,06,25,05
498.0,501.0,Phylloscopus occipitalis,Western Crowned Warbler,0.8328,psl4,2024,06,25,05
504.0,507.0,Phylloscopus occipitalis,Western Crowned Warbler,0.7967,psl4,2024,06,25,05
510.0,513.0,Phylloscopus occipitalis,Western Crowned Warbler,0.5408,psl4,2024,06,25,05
513.0,516.0,Phylloscopus occipitalis,Western Crowned Warbler,0.7659,psl4,2024,06,25,05
543.0,546.0,Phylloscopus occipitalis,Western Crowned Warbler,0.6217,psl4,2024,06,25,05
552.0,555.0,Phylloscopus occipitalis,Western Crowned Warbler,0.7946,psl4,2024,06,25,05
555.0,558.0,Phylloscopus occipitalis,Western Crowned Warbler,0.8454,psl4,2024,06,25,05
561.0,564.0,Phylloscopus occipitalis,Western Crowned Warbler,0.6616,psl4,2024,06,25,05
579.0,582.0,Phylloscopus occipitalis,Western Crowned Warbler,0.5885,psl4,2024,06,25,05
582.0,585.0,Phylloscopus occipitalis,Western Crowned Warbler,0.5195,psl4,2024,06,25,05
585.0,588.0,Phylloscopus occipitalis,Western Crowned Warbler,0.7227,psl4,2024,06,25,05
588.0,591.0,Phylloscopus occipitalis,Western Crowned Warbler,0.5282,psl4,2024,06,25,05
591.0,594.0,Phylloscopus occipitalis,Western Crowned Warbler,0.5791,psl4,2024,06,25,05
594.0,597.0,Phylloscopus occipitalis,Western Crowned Warbler,0.6037,psl4,2024,06,25,05
612.0,615.0,Phylloscopus occipitalis,Western Crowned Warbler,0.5271,psl4,2024,06,25,05
615.0,618.0,Phylloscopus occipitalis,Western Crowned Warbler,0.8165,psl4,2024,06,25,05
618.0,621.0,Phylloscopus occipitalis,Western Crowned Warbler,0.52,psl4,2024,06,25,05
630.0,633.0,Phylloscopus occipitalis,Western Crowned Warbler,0.5755,psl4,2024,06,25,05
633.0,636.0,Phylloscopus occipitalis,Western Crowned Warbler,0.552,psl4,2024,06,25,05
642.0,645.0,Phylloscopus occipitalis,Western Crowned Warbler,0.6513,psl4,2024,06,25,05
651.0,654.0,Phylloscopus occipitalis,Western Crowned Warbler,0.5382,psl4,2024,06,25,05
654.0,657.0,Phylloscopus occipitalis,Western Crowned Warbler,0.6023,psl4,2024,06,25,05
660.0,663.0,Phylloscopus occipitalis,Western Crowned Warbler,0.5816,psl4,2024,06,25,05
663.0,666.0,Phylloscopus occipitalis,Western Crowned Warbler,0.8125,psl4,2024,06,25,05
666.0,669.0,Phylloscopus occipitalis,Western Crowned Warbler,0.769,psl4,2024,06,25,05
669.0,672.0,Phylloscopus occipitalis,Western Crowned Warbler,0.5832,psl4,2024,06,25,05
669.0,672.0,Phylloscopus tytleri,Tytler's Leaf Warbler,0.509,psl4,2024,06,25,05
672.0,675.0,Phylloscopus occipitalis,Western Crowned Warbler,0.6791,psl4,2024,06,25,05
672.0,675.0,Phylloscopus tytleri,Tytler's Leaf Warbler,0.5522,psl4,2024,06,25,05
675.0,678.0,Phylloscopus occipitalis,Western Crowned Warbler,0.6532,psl4,2024,06,25,05
678.0,681.0,Phylloscopus occipitalis,Western Crowned Warbler,0.6237,psl4,2024,06,25,05
687.0,690.0,Phylloscopus occipitalis,Western Crowned Warbler,0.7444,psl4,2024,06,25,05
696.0,699.0,Phylloscopus occipitalis,Western Crowned Warbler,0.5089,psl4,2024,06,25,05
702.0,705.0,Phylloscopus occipitalis,Western Crowned Warbler,0.7239,psl4,2024,06,25,05
705.0,708.0,Phylloscopus occipitalis,Western Crowned Warbler,0.6563,psl4,2024,06,25,05
717.0,720.0,Phylloscopus occipitalis,Western Crowned Warbler,0.9202,psl4,2024,06,25,05
729.0,732.0,Phylloscopus occipitalis,Western Crowned Warbler,0.59,psl4,2024,06,25,05
732.0,735.0,Phylloscopus occipitalis,Western Crowned Warbler,0.8355,psl4,2024,06,25,05
738.0,741.0,Phylloscopus occipitalis,Western Crowned Warbler,0.6998,psl4,2024,06,25,05
741.0,744.0,Phylloscopus occipitalis,Western Crowned Warbler,0.6972,psl4,2024,06,25,05
747.0,750.0,Phylloscopus occipitalis,Western Crowned Warbler,0.8409,psl4,2024,06,25,05
747.0,750.0,Phylloscopus tytleri,Tytler's Leaf Warbler,0.8332,psl4,2024,06,25,05
753.0,756.0,Phylloscopus occipitalis,Western Crowned Warbler,0.633,psl4,2024,06,25,05
756.0,759.0,Phylloscopus occipitalis,Western Crowned Warbler,0.6597,psl4,2024,06,25,05
759.0,762.0,Phylloscopus occipitalis,Western Crowned Warbler,0.6681,psl4,2024,06,25,05
765.0,768.0,Phylloscopus occipitalis,Western Crowned Warbler,0.7081,psl4,2024,06,25,05
777.0,780.0,Phylloscopus occipitalis,Western Crowned Warbler,0.5315,psl4,2024,06,25,05
798.0,801.0,Phylloscopus occipitalis,Western Crowned Warbler,0.5513,psl4,2024,06,25,05
804.0,807.0,Phylloscopus tytleri,Tytler's Leaf Warbler,0.7179,psl4,2024,06,25,05
816.0,819.0,Luscinia phaenicuroides,White-bellied Redstart,0.78,psl4,2024,06,25,05
819.0,822.0,Luscinia phaenicuroides,White-bellied Redstart,0.5222,psl4,2024,06,25,05
837.0,840.0,Luscinia phaenicuroides,White-bellied Redstart,0.6174,psl4,2024,06,25,05
846.0,849.0,Luscinia phaenicuroides,White-bellied Redstart,0.9255,psl4,2024,06,25,05
864.0,867.0,Luscinia phaenicuroides,White-bellied Redstart,0.7017,psl4,2024,06,25,05
864.0,867.0,Phylloscopus nitidus,Green Warbler,0.6849,psl4,2024,06,25,05
879.0,882.0,Luscinia phaenicuroides,White-bellied Redstart,0.8292,psl4,2024,06,25,05
888.0,891.0,Luscinia phaenicuroides,White-bellied Redstart,0.8755,psl4,2024,06,25,05
12.0,15.0,Phylloscopus reguloides,Blyth's Leaf Warbler,0.5053,psl4,2024,06,25,06
18.0,21.0,Phylloscopus occipitalis,Western Crowned Warbler,0.8648,psl4,2024,06,25,06
18.0,21.0,Phylloscopus reguloides,Blyth's Leaf Warbler,0.5534,psl4,2024,06,25,06
30.0,33.0,Phylloscopus occipitalis,Western Crowned Warbler,0.8487,psl4,2024,06,25,06
36.0,39.0,Phylloscopus humei,Hume's Warbler,0.7365,psl4,2024,06,25,06
42.0,45.0,Phylloscopus humei,Hume's Warbler,0.593,psl4,2024,06,25,06
54.0,57.0,Phylloscopus humei,Hume's Warbler,0.7545,psl4,2024,06,25,06
63.0,66.0,Phylloscopus occipitalis,Western Crowned Warbler,0.6992,psl4,2024,06,25,06
78.0,81.0,Phylloscopus occipitalis,Western Crowned Warbler,0.9019,psl4,2024,06,25,06
84.0,87.0,Phylloscopus occipitalis,Western Crowned Warbler,0.7206,psl4,2024,06,25,06
90.0,93.0,Phylloscopus occipitalis,Western Crowned Warbler,0.5583,psl4,2024,06,25,06
120.0,123.0,Phylloscopus occipitalis,Western Crowned Warbler,0.6481,psl4,2024,06,25,06
204.0,207.0,Larvivora brunnea,Indian Blue Robin,0.5395,psl4,2024,06,25,06
219.0,222.0,Larvivora brunnea,Indian Blue Robin,0.5039,psl4,2024,06,25,06
321.0,324.0,Trochalopteron variegatum,Variegated Laughingthrush,0.5539,psl4,2024,06,25,06
402.0,405.0,Larvivora brunnea,Indian Blue Robin,0.5196,psl4,2024,06,25,06
636.0,639.0,Phylloscopus occipitalis,Western Crowned Warbler,0.6972,psl4,2024,06,25,06
642.0,645.0,Phylloscopus occipitalis,Western Crowned Warbler,0.5742,psl4,2024,06,25,06
651.0,654.0,Phylloscopus occipitalis,Western Crowned Warbler,0.5191,psl4,2024,06,25,06
675.0,678.0,Phylloscopus occipitalis,Western Crowned Warbler,0.5598,psl4,2024,06,25,06
807.0,810.0,Phylloscopus occipitalis,Western Crowned Warbler,0.5181,psl4,2024,06,25,06
861.0,864.0,Phylloscopus occipitalis,Western Crowned Warbler,0.916,psl4,2024,06,25,06
867.0,870.0,Phylloscopus occipitalis,Western Crowned Warbler,0.971,psl4,2024,06,25,06
876.0,879.0,Phylloscopus occipitalis,Western Crowned Warbler,0.8667,psl4,2024,06,25,06
885.0,888.0,Phylloscopus occipitalis,Western Crowned Warbler,0.8431,psl4,2024,06,25,06
891.0,894.0,Phylloscopus occipitalis,Western Crowned Warbler,0.8751,psl4,2024,06,25,06
897.0,900.0,Phylloscopus occipitalis,Western Crowned Warbler,0.8664,psl4,2024,06,25,06
21.0,24.0,Luscinia phaenicuroides,White-bellied Redstart,0.5472,psl4,2024,06,25,07
36.0,39.0,Luscinia phaenicuroides,White-bellied Redstart,0.8574,psl4,2024,06,25,07
156.0,159.0,Phylloscopus occipitalis,Western Crowned Warbler,0.5336,psl4,2024,06,25,07
198.0,201.0,Phylloscopus occipitalis,Western Crowned Warbler,0.5708,psl4,2024,06,25,07
219.0,222.0,Phylloscopus occipitalis,Western Crowned Warbler,0.532,psl4,2024,06,25,07
225.0,228.0,Phylloscopus occipitalis,Western Crowned Warbler,0.5499,psl4,2024,06,25,07
231.0,234.0,Phylloscopus occipitalis,Western Crowned Warbler,0.5088,psl4,2024,06,25,07
234.0,237.0,Phylloscopus occipitalis,Western Crowned Warbler,0.6294,psl4,2024,06,25,07
240.0,243.0,Phylloscopus occipitalis,Western Crowned Warbler,0.6448,psl4,2024,06,25,07
246.0,249.0,Phylloscopus occipitalis,Western Crowned Warbler,0.8119,psl4,2024,06,25,07
258.0,261.0,Phylloscopus occipitalis,Western Crowned Warbler,0.639,psl4,2024,06,25,07
285.0,288.0,Phylloscopus humei,Hume's Warbler,0.6339,psl4,2024,06,25,07
324.0,327.0,Phylloscopus occipitalis,Western Crowned Warbler,0.6544,psl4,2024,06,25,07
492.0,495.0,Phylloscopus occipitalis,Western Crowned Warbler,0.5666,psl4,2024,06,25,07
498.0,501.0,Phylloscopus occipitalis,Western Crowned Warbler,0.6072,psl4,2024,06,25,07
543.0,546.0,Phylloscopus occipitalis,Western Crowned Warbler,0.6034,psl4,2024,06,25,07
552.0,555.0,Phylloscopus occipitalis,Western Crowned Warbler,0.605,psl4,2024,06,25,07
555.0,558.0,Phylloscopus occipitalis,Western Crowned Warbler,0.5604,psl4,2024,06,25,07
564.0,567.0,Phylloscopus occipitalis,Western Crowned Warbler,0.7641,psl4,2024,06,25,07
570.0,573.0,Phylloscopus occipitalis,Western Crowned Warbler,0.6102,psl4,2024,06,25,07
663.0,666.0,Trochalopteron variegatum,Variegated Laughingthrush,0.9491,psl4,2024,06,25,07
666.0,669.0,Calliope pectardens,Firethroat,0.5317,psl4,2024,06,25,07
669.0,672.0,Trochalopteron variegatum,Variegated Laughingthrush,0.9632,psl4,2024,06,25,07
675.0,678.0,Trochalopteron variegatum,Variegated Laughingthrush,0.8655,psl4,2024,06,25,07
687.0,690.0,Trochalopteron variegatum,Variegated Laughingthrush,0.7492,psl4,2024,06,25,07
702.0,705.0,Trochalopteron variegatum,Variegated Laughingthrush,0.9066,psl4,2024,06,25,07
708.0,711.0,Trochalopteron variegatum,Variegated Laughingthrush,0.8456,psl4,2024,06,25,07
723.0,726.0,Trochalopteron variegatum,Variegated Laughingthrush,0.8289,psl4,2024,06,25,07
738.0,741.0,Trochalopteron variegatum,Variegated Laughingthrush,0.9726,psl4,2024,06,25,07
741.0,744.0,Trochalopteron variegatum,Variegated Laughingthrush,0.8187,psl4,2024,06,25,07
750.0,753.0,Trochalopteron variegatum,Variegated Laughingthrush,0.9189,psl4,2024,06,25,07
759.0,762.0,Trochalopteron variegatum,Variegated Laughingthrush,0.9744,psl4,2024,06,25,07
777.0,780.0,Trochalopteron variegatum,Variegated Laughingthrush,0.9328,psl4,2024,06,25,07
783.0,786.0,Trochalopteron variegatum,Variegated Laughingthrush,0.9226,psl4,2024,06,25,07
792.0,795.0,Trochalopteron variegatum,Variegated Laughingthrush,0.9385,psl4,2024,06,25,07
804.0,807.0,Trochalopteron variegatum,Variegated Laughingthrush,0.993,psl4,2024,06,25,07
816.0,819.0,Trochalopteron variegatum,Variegated Laughingthrush,0.9731,psl4,2024,06,25,07
825.0,828.0,Trochalopteron variegatum,Variegated Laughingthrush,0.8565,psl4,2024,06,25,07
831.0,834.0,Trochalopteron variegatum,Variegated Laughingthrush,0.9793,psl4,2024,06,25,07
837.0,840.0,Trochalopteron variegatum,Variegated Laughingthrush,0.9696,psl4,2024,06,25,07
846.0,849.0,Trochalopteron variegatum,Variegated Laughingthrush,0.9033,psl4,2024,06,25,07
852.0,855.0,Trochalopteron variegatum,Variegated Laughingthrush,0.8143,psl4,2024,06,25,07
864.0,867.0,Trochalopteron variegatum,Variegated Laughingthrush,0.9812,psl4,2024,06,25,07
882.0,885.0,Trochalopteron variegatum,Variegated Laughingthrush,0.9782,psl4,2024,06,25,07
885.0,888.0,Trochalopteron variegatum,Variegated Laughingthrush,0.8827,psl4,2024,06,25,07
891.0,894.0,Trochalopteron variegatum,Variegated Laughingthrush,0.9803,psl4,2024,06,25,07
894.0,897.0,Trochalopteron variegatum,Variegated Laughingthrush,0.7754,psl4,2024,06,25,07
12.0,15.0,Phylloscopus occipitalis,Western Crowned Warbler,0.7455,psl4,2024,06,26,05
18.0,21.0,Luscinia phaenicuroides,White-bellied Redstart,0.7962,psl4,2024,06,26,05
33.0,36.0,Phylloscopus occipitalis,Western Crowned Warbler,0.5746,psl4,2024,06,26,05
42.0,45.0,Phylloscopus occipitalis,Western Crowned Warbler,0.6994,psl4,2024,06,26,05
48.0,51.0,Phylloscopus occipitalis,Western Crowned Warbler,0.8377,psl4,2024,06,26,05
51.0,54.0,Phylloscopus occipitalis,Western Crowned Warbler,0.7068,psl4,2024,06,26,05
54.0,57.0,Phylloscopus occipitalis,Western Crowned Warbler,0.5214,psl4,2024,06,26,05
60.0,63.0,Phylloscopus occipitalis,Western Crowned Warbler,0.6105,psl4,2024,06,26,05
69.0,72.0,Phylloscopus occipitalis,Western Crowned Warbler,0.506,psl4,2024,06,26,05
78.0,81.0,Phylloscopus occipitalis,Western Crowned Warbler,0.562,psl4,2024,06,26,05
96.0,99.0,Phylloscopus occipitalis,Western Crowned Warbler,0.8713,psl4,2024,06,26,05
99.0,102.0,Phylloscopus occipitalis,Western Crowned Warbler,0.6818,psl4,2024,06,26,05
105.0,108.0,Phylloscopus occipitalis,Western Crowned Warbler,0.5038,psl4,2024,06,26,05
108.0,111.0,Phylloscopus occipitalis,Western Crowned Warbler,0.7497,psl4,2024,06,26,05
111.0,114.0,Phylloscopus occipitalis,Western Crowned Warbler,0.6371,psl4,2024,06,26,05
111.0,114.0,Phylloscopus tytleri,Tytler's Leaf Warbler,0.5486,psl4,2024,06,26,05
114.0,117.0,Phylloscopus occipitalis,Western Crowned Warbler,0.5402,psl4,2024,06,26,05
129.0,132.0,Phylloscopus occipitalis,Western Crowned Warbler,0.6177,psl4,2024,06,26,05
132.0,135.0,Phylloscopus tytleri,Tytler's Leaf Warbler,0.5431,psl4,2024,06,26,05
135.0,138.0,Phylloscopus occipitalis,Western Crowned Warbler,0.529,psl4,2024,06,26,05
138.0,141.0,Phylloscopus occipitalis,Western Crowned Warbler,0.8809,psl4,2024,06,26,05
168.0,171.0,Luscinia phaenicuroides,White-bellied Redstart,0.5969,psl4,2024,06,26,05
174.0,177.0,Phylloscopus occipitalis,Western Crowned Warbler,0.7134,psl4,2024,06,26,05
177.0,180.0,Phylloscopus occipitalis,Western Crowned Warbler,0.9224,psl4,2024,06,26,05
180.0,183.0,Phylloscopus occipitalis,Western Crowned Warbler,0.9142,psl4,2024,06,26,05
183.0,186.0,Phylloscopus occipitalis,Western Crowned Warbler,0.8624,psl4,2024,06,26,05
186.0,189.0,Phylloscopus occipitalis,Western Crowned Warbler,0.5771,psl4,2024,06,26,05
189.0,192.0,Luscinia phaenicuroides,White-bellied Redstart,0.8124,psl4,2024,06,26,05
216.0,219.0,Phylloscopus occipitalis,Western Crowned Warbler,0.6112,psl4,2024,06,26,05
225.0,228.0,Phylloscopus tytleri,Tytler's Leaf Warbler,0.8381,psl4,2024,06,26,05
228.0,231.0,Phylloscopus tytleri,Tytler's Leaf Warbler,0.7413,psl4,2024,06,26,05
228.0,231.0,Luscinia phaenicuroides,White-bellied Redstart,0.5858,psl4,2024,06,26,05
228.0,231.0,Phylloscopus occipitalis,Western Crowned Warbler,0.5402,psl4,2024,06,26,05
243.0,246.0,Phylloscopus occipitalis,Western Crowned Warbler,0.7458,psl4,2024,06,26,05
249.0,252.0,Phylloscopus occipitalis,Western Crowned Warbler,0.6041,psl4,2024,06,26,05
252.0,255.0,Phylloscopus occipitalis,Western Crowned Warbler,0.8829,psl4,2024,06,26,05
255.0,258.0,Phylloscopus occipitalis,Western Crowned Warbler,0.8827,psl4,2024,06,26,05
258.0,261.0,Phylloscopus occipitalis,Western Crowned Warbler,0.7142,psl4,2024,06,26,05
264.0,267.0,Phylloscopus occipitalis,Western Crowned Warbler,0.7623,psl4,2024,06,26,05
273.0,276.0,Phylloscopus occipitalis,Western Crowned Warbler,0.589,psl4,2024,06,26,05
288.0,291.0,Phylloscopus occipitalis,Western Crowned Warbler,0.7703,psl4,2024,06,26,05
294.0,297.0,Phylloscopus occipitalis,Western Crowned Warbler,0.5187,psl4,2024,06,26,05
300.0,303.0,Phylloscopus occipitalis,Western Crowned Warbler,0.5931,psl4,2024,06,26,05
315.0,318.0,Luscinia phaenicuroides,White-bellied Redstart,0.8275,psl4,2024,06,26,05
321.0,324.0,Phylloscopus occipitalis,Western Crowned Warbler,0.7702,psl4,2024,06,26,05
327.0,330.0,Phylloscopus occipitalis,Western Crowned Warbler,0.7105,psl4,2024,06,26,05
339.0,342.0,Phylloscopus occipitalis,Western Crowned Warbler,0.7563,psl4,2024,06,26,05
348.0,351.0,Phylloscopus occipitalis,Western Crowned Warbler,0.7022,psl4,2024,06,26,05
351.0,354.0,Phylloscopus tytleri,Tytler's Leaf Warbler,0.6399,psl4,2024,06,26,05
357.0,360.0,Phylloscopus occipitalis,Western Crowned Warbler,0.9325,psl4,2024,06,26,05
357.0,360.0,Phylloscopus tytleri,Tytler's Leaf Warbler,0.6512,psl4,2024,06,26,05
360.0,363.0,Phylloscopus tytleri,Tytler's Leaf Warbler,0.7526,psl4,2024,06,26,05
360.0,363.0,Phylloscopus occipitalis,Western Crowned Warbler,0.5545,psl4,2024,06,26,05
363.0,366.0,Luscinia phaenicuroides,White-bellied Redstart,0.933,psl4,2024,06,26,05
363.0,366.0,Phylloscopus tytleri,Tytler's Leaf Warbler,0.5474,psl4,2024,06,26,05
372.0,375.0,Phylloscopus occipitalis,Western Crowned Warbler,0.5851,psl4,2024,06,26,05
378.0,381.0,Luscinia phaenicuroides,White-bellied Redstart,0.6902,psl4,2024,06,26,05
381.0,384.0,Luscinia phaenicuroides,White-bellied Redstart,0.952,psl4,2024,06,26,05
381.0,384.0,Phylloscopus tytleri,Tytler's Leaf Warbler,0.6705,psl4,2024,06,26,05
387.0,390.0,Phylloscopus occipitalis,Western Crowned Warbler,0.679,psl4,2024,06,26,05
393.0,396.0,Luscinia phaenicuroides,White-bellied Redstart,0.6173,psl4,2024,06,26,05
396.0,399.0,Phylloscopus occipitalis,Western Crowned Warbler,0.8948,psl4,2024,06,26,05
405.0,408.0,Phylloscopus occipitalis,Western Crowned Warbler,0.7554,psl4,2024,06,26,05
408.0,411.0,Luscinia phaenicuroides,White-bellied Redstart,0.5865,psl4,2024,06,26,05
414.0,417.0,Phylloscopus occipitalis,Western Crowned Warbler,0.5041,psl4,2024,06,26,05
426.0,429.0,Phylloscopus occipitalis,Western Crowned Warbler,0.609,psl4,2024,06,26,05
435.0,438.0,Luscinia phaenicuroides,White-bellied Redstart,0.7748,psl4,2024,06,26,05
438.0,441.0,Phylloscopus tytleri,Tytler's Leaf Warbler,0.5993,psl4,2024,06,26,05
441.0,444.0,Luscinia phaenicuroides,White-bellied Redstart,0.541,psl4,2024,06,26,05
447.0,450.0,Phylloscopus occipitalis,Western Crowned Warbler,0.541,psl4,2024,06,26,05
450.0,453.0,Luscinia phaenicuroides,White-bellied Redstart,0.5096,psl4,2024,06,26,05
456.0,459.0,Luscinia phaenicuroides,White-bellied Redstart,0.6726,psl4,2024,06,26,05
462.0,465.0,Luscinia phaenicuroides,White-bellied Redstart,0.5865,psl4,2024,06,26,05
465.0,468.0,Phylloscopus occipitalis,Western Crowned Warbler,0.7204,psl4,2024,06,26,05
471.0,474.0,Phylloscopus occipitalis,Western Crowned Warbler,0.5357,psl4,2024,06,26,05
486.0,489.0,Luscinia phaenicuroides,White-bellied Redstart,0.8289,psl4,2024,06,26,05
489.0,492.0,Phylloscopus occipitalis,Western Crowned Warbler,0.7677,psl4,2024,06,26,05
489.0,492.0,Phylloscopus tytleri,Tytler's Leaf Warbler,0.5158,psl4,2024,06,26,05
492.0,495.0,Phylloscopus tytleri,Tytler's Leaf Warbler,0.5241,psl4,2024,06,26,05
495.0,498.0,Phylloscopus tytleri,Tytler's Leaf Warbler,0.6235,psl4,2024,06,26,05
501.0,504.0,Phylloscopus occipitalis,Western Crowned Warbler,0.6078,psl4,2024,06,26,05
504.0,507.0,Phylloscopus occipitalis,Western Crowned Warbler,0.8258,psl4,2024,06,26,05
507.0,510.0,Luscinia phaenicuroides,White-bellied Redstart,0.7023,psl4,2024,06,26,05
507.0,510.0,Phylloscopus occipitalis,Western Crowned Warbler,0.5555,psl4,2024,06,26,05
510.0,513.0,Luscinia phaenicuroides,White-bellied Redstart,0.8472,psl4,2024,06,26,05
510.0,513.0,Phylloscopus occipitalis,Western Crowned Warbler,0.7276,psl4,2024,06,26,05
522.0,525.0,Phylloscopus occipitalis,Western Crowned Warbler,0.6055,psl4,2024,06,26,05
531.0,534.0,Phylloscopus occipitalis,Western Crowned Warbler,0.8102,psl4,2024,06,26,05
534.0,537.0,Luscinia phaenicuroides,White-bellied Redstart,0.5399,psl4,2024,06,26,05
540.0,543.0,Periparus rufonuchalis,Rufous-naped Tit,0.5372,psl4,2024,06,26,05
558.0,561.0,Phylloscopus occipitalis,Western Crowned Warbler,0.5197,psl4,2024,06,26,05
570.0,573.0,Phylloscopus occipitalis,Western Crowned Warbler,0.8134,psl4,2024,06,26,05
579.0,582.0,Phylloscopus occipitalis,Western Crowned Warbler,0.6503,psl4,2024,06,26,05
585.0,588.0,Luscinia phaenicuroides,White-bellied Redstart,0.5052,psl4,2024,06,26,05
588.0,591.0,Luscinia phaenicuroides,White-bellied Redstart,0.6316,psl4,2024,06,26,05
588.0,591.0,Phylloscopus occipitalis,Western Crowned Warbler,0.6065,psl4,2024,06,26,05
591.0,594.0,Phylloscopus occipitalis,Western Crowned Warbler,0.7118,psl4,2024,06,26,05
597.0,600.0,Phylloscopus occipitalis,Western Crowned Warbler,0.5934,psl4,2024,06,26,05
600.0,603.0,Phylloscopus occipitalis,Western Crowned Warbler,0.6283,psl4,2024,06,26,05
603.0,606.0,Phylloscopus occipitalis,Western Crowned Warbler,0.6148,psl4,2024,06,26,05
606.0,609.0,Phylloscopus occipitalis,Western Crowned Warbler,0.7883,psl4,2024,06,26,05
618.0,621.0,Luscinia phaenicuroides,White-bellied Redstart,0.6465,psl4,2024,06,26,05
627.0,630.0,Luscinia phaenicuroides,White-bellied Redstart,0.7333,psl4,2024,06,26,05
633.0,636.0,Phylloscopus occipitalis,Western Crowned Warbler,0.5586,psl4,2024,06,26,05
645.0,648.0,Phylloscopus occipitalis,Western Crowned Warbler,0.57,psl4,2024,06,26,05
654.0,657.0,Phylloscopus occipitalis,Western Crowned Warbler,0.8348,psl4,2024,06,26,05
657.0,660.0,Phylloscopus occipitalis,Western Crowned Warbler,0.8799,psl4,2024,06,26,05
660.0,663.0,Phylloscopus occipitalis,Western Crowned Warbler,0.5228,psl4,2024,06,26,05
690.0,693.0,Phylloscopus occipitalis,Western Crowned Warbler,0.6144,psl4,2024,06,26,05
696.0,699.0,Phylloscopus occipitalis,Western Crowned Warbler,0.5049,psl4,2024,06,26,05
702.0,705.0,Phylloscopus occipitalis,Western Crowned Warbler,0.5912,psl4,2024,06,26,05
705.0,708.0,Phylloscopus occipitalis,Western Crowned Warbler,0.7414,psl4,2024,06,26,05
717.0,720.0,Phylloscopus occipitalis,Western Crowned Warbler,0.5154,psl4,2024,06,26,05
741.0,744.0,Phylloscopus occipitalis,Western Crowned Warbler,0.702,psl4,2024,06,26,05
750.0,753.0,Phylloscopus occipitalis,Western Crowned Warbler,0.7893,psl4,2024,06,26,05
771.0,774.0,Phylloscopus occipitalis,Western Crowned Warbler,0.7439,psl4,2024,06,26,05
786.0,789.0,Phylloscopus occipitalis,Western Crowned Warbler,0.8539,psl4,2024,06,26,05
792.0,795.0,Phylloscopus occipitalis,Western Crowned Warbler,0.7026,psl4,2024,06,26,05
795.0,798.0,Phylloscopus occipitalis,Western Crowned Warbler,0.6988,psl4,2024,06,26,05
798.0,801.0,Phylloscopus occipitalis,Western Crowned Warbler,0.5398,psl4,2024,06,26,05
807.0,810.0,Phylloscopus occipitalis,Western Crowned Warbler,0.5364,psl4,2024,06,26,05
816.0,819.0,Phylloscopus occipitalis,Western Crowned Warbler,0.7035,psl4,2024,06,26,05
822.0,825.0,Phylloscopus occipitalis,Western Crowned Warbler,0.7611,psl4,2024,06,26,05
831.0,834.0,Phylloscopus occipitalis,Western Crowned Warbler,0.7387,psl4,2024,06,26,05
846.0,849.0,Phylloscopus occipitalis,Western Crowned Warbler,0.6353,psl4,2024,06,26,05
864.0,867.0,Trochalopteron variegatum,Variegated Laughingthrush,0.5411,psl4,2024,06,26,05
867.0,870.0,Phylloscopus occipitalis,Western Crowned Warbler,0.7161,psl4,2024,06,26,05
894.0,897.0,Phylloscopus tytleri,Tytler's Leaf Warbler,0.6596,psl4,2024,06,26,05
894.0,897.0,Luscinia phaenicuroides,White-bellied Redstart,0.6582,psl4,2024,06,26,05
897.0,900.0,Phylloscopus occipitalis,Western Crowned Warbler,0.9527,psl4,2024,06,26,05
270.0,273.0,Phylloscopus occipitalis,Western Crowned Warbler,0.8885,psl4,2024,06,26,06
276.0,279.0,Phylloscopus occipitalis,Western Crowned Warbler,0.5584,psl4,2024,06,26,06
303.0,306.0,Phylloscopus occipitalis,Western Crowned Warbler,0.8242,psl4,2024,06,26,06
309.0,312.0,Phylloscopus occipitalis,Western Crowned Warbler,0.6242,psl4,2024,06,26,06
333.0,336.0,Phylloscopus occipitalis,Western Crowned Warbler,0.8538,psl4,2024,06,26,06
345.0,348.0,Phylloscopus occipitalis,Western Crowned Warbler,0.6324,psl4,2024,06,26,06
354.0,357.0,Phylloscopus occipitalis,Western Crowned Warbler,0.9419,psl4,2024,06,26,06
357.0,360.0,Phylloscopus occipitalis,Western Crowned Warbler,0.739,psl4,2024,06,26,06
363.0,366.0,Phylloscopus occipitalis,Western Crowned Warbler,0.7445,psl4,2024,06,26,06
378.0,381.0,Phylloscopus occipitalis,Western Crowned Warbler,0.6277,psl4,2024,06,26,06
393.0,396.0,Phylloscopus occipitalis,Western Crowned Warbler,0.5981,psl4,2024,06,26,06
405.0,408.0,Phylloscopus occipitalis,Western Crowned Warbler,0.5951,psl4,2024,06,26,06
411.0,414.0,Phylloscopus occipitalis,Western Crowned Warbler,0.7416,psl4,2024,06,26,06
414.0,417.0,Phylloscopus occipitalis,Western Crowned Warbler,0.9543,psl4,2024,06,26,06
423.0,426.0,Phylloscopus occipitalis,Western Crowned Warbler,0.7766,psl4,2024,06,26,06
426.0,429.0,Phylloscopus occipitalis,Western Crowned Warbler,0.7844,psl4,2024,06,26,06
429.0,432.0,Phylloscopus occipitalis,Western Crowned Warbler,0.5761,psl4,2024,06,26,06
432.0,435.0,Phylloscopus occipitalis,Western Crowned Warbler,0.7256,psl4,2024,06,26,06
435.0,438.0,Phylloscopus occipitalis,Western Crowned Warbler,0.5342,psl4,2024,06,26,06
438.0,441.0,Phylloscopus occipitalis,Western Crowned Warbler,0.9529,psl4,2024,06,26,06
441.0,444.0,Phylloscopus occipitalis,Western Crowned Warbler,0.8658,psl4,2024,06,26,06
444.0,447.0,Phylloscopus occipitalis,Western Crowned Warbler,0.5732,psl4,2024,06,26,06
450.0,453.0,Phylloscopus occipitalis,Western Crowned Warbler,0.6825,psl4,2024,06,26,06
456.0,459.0,Phylloscopus occipitalis,Western Crowned Warbler,0.5315,psl4,2024,06,26,06
459.0,462.0,Phylloscopus occipitalis,Western Crowned Warbler,0.5316,psl4,2024,06,26,06
576.0,579.0,Phylloscopus occipitalis,Western Crowned Warbler,0.9164,psl4,2024,06,26,06
582.0,585.0,Phylloscopus occipitalis,Western Crowned Warbler,0.9282,psl4,2024,06,26,06
585.0,588.0,Phylloscopus occipitalis,Western Crowned Warbler,0.9853,psl4,2024,06,26,06
594.0,597.0,Phylloscopus occipitalis,Western Crowned Warbler,0.6298,psl4,2024,06,26,06
603.0,606.0,Phylloscopus occipitalis,Western Crowned Warbler,0.548,psl4,2024,06,26,06
627.0,630.0,Phylloscopus occipitalis,Western Crowned Warbler,0.542,psl4,2024,06,26,06
702.0,705.0,Phylloscopus humei,Hume's Warbler,0.6167,psl4,2024,06,26,06
789.0,792.0,Phylloscopus occipitalis,Western Crowned Warbler,0.6119,psl4,2024,06,26,06
822.0,825.0,Phylloscopus occipitalis,Western Crowned Warbler,0.5172,psl4,2024,06,26,06
849.0,852.0,Phylloscopus occipitalis,Western Crowned Warbler,0.5081,psl4,2024,06,26,06
858.0,861.0,Phylloscopus occipitalis,Western Crowned Warbler,0.7774,psl4,2024,06,26,06
864.0,867.0,Phylloscopus occipitalis,Western Crowned Warbler,0.6128,psl4,2024,06,26,06
888.0,891.0,Phylloscopus occipitalis,Western Crowned Warbler,0.5105,psl4,2024,06,26,06
894.0,897.0,Phylloscopus nitidus,Green Warbler,0.8243,psl4,2024,06,26,06
51.0,54.0,Phylloscopus occipitalis,Western Crowned Warbler,0.5555,psl4,2024,06,26,07
63.0,66.0,Phylloscopus occipitalis,Western Crowned Warbler,0.6045,psl4,2024,06,26,07
72.0,75.0,Phylloscopus occipitalis,Western Crowned Warbler,0.7707,psl4,2024,06,26,07
84.0,87.0,Phylloscopus occipitalis,Western Crowned Warbler,0.8519,psl4,2024,06,26,07
93.0,96.0,Phylloscopus occipitalis,Western Crowned Warbler,0.5432,psl4,2024,06,26,07
105.0,108.0,Phylloscopus occipitalis,Western Crowned Warbler,0.8762,psl4,2024,06,26,07
129.0,132.0,Phylloscopus occipitalis,Western Crowned Warbler,0.5401,psl4,2024,06,26,07
132.0,135.0,Phylloscopus occipitalis,Western Crowned Warbler,0.5522,psl4,2024,06,26,07
138.0,141.0,Phylloscopus occipitalis,Western Crowned Warbler,0.6492,psl4,2024,06,26,07
150.0,153.0,Phylloscopus occipitalis,Western Crowned Warbler,0.7251,psl4,2024,06,26,07
156.0,159.0,Phylloscopus occipitalis,Western Crowned Warbler,0.8373,psl4,2024,06,26,07
165.0,168.0,Phylloscopus occipitalis,Western Crowned Warbler,0.85,psl4,2024,06,26,07
174.0,177.0,Phylloscopus occipitalis,Western Crowned Warbler,0.8577,psl4,2024,06,26,07
189.0,192.0,Phylloscopus occipitalis,Western Crowned Warbler,0.6773,psl4,2024,06,26,07
192.0,195.0,Phylloscopus occipitalis,Western Crowned Warbler,0.5436,psl4,2024,06,26,07
300.0,303.0,Phylloscopus occipitalis,Western Crowned Warbler,0.5062,psl4,2024,06,26,07
303.0,306.0,Phylloscopus occipitalis,Western Crowned Warbler,0.552,psl4,2024,06,26,07
312.0,315.0,Phylloscopus occipitalis,Western Crowned Warbler,0.9461,psl4,2024,06,26,07
321.0,324.0,Phylloscopus occipitalis,Western Crowned Warbler,0.8911,psl4,2024,06,26,07
330.0,333.0,Phylloscopus occipitalis,Western Crowned Warbler,0.8676,psl4,2024,06,26,07
339.0,342.0,Phylloscopus occipitalis,Western Crowned Warbler,0.8772,psl4,2024,06,26,07
345.0,348.0,Phylloscopus occipitalis,Western Crowned Warbler,0.8992,psl4,2024,06,26,07
357.0,360.0,Phylloscopus occipitalis,Western Crowned Warbler,0.6061,psl4,2024,06,26,07
360.0,363.0,Phylloscopus occipitalis,Western Crowned Warbler,0.7241,psl4,2024,06,26,07
366.0,369.0,Phylloscopus occipitalis,Western Crowned Warbler,0.7896,psl4,2024,06,26,07
375.0,378.0,Phylloscopus occipitalis,Western Crowned Warbler,0.8447,psl4,2024,06,26,07
378.0,381.0,Phylloscopus occipitalis,Western Crowned Warbler,0.7079,psl4,2024,06,26,07
387.0,390.0,Phylloscopus occipitalis,Western Crowned Warbler,0.8311,psl4,2024,06,26,07
399.0,402.0,Phylloscopus occipitalis,Western Crowned Warbler,0.5271,psl4,2024,06,26,07
402.0,405.0,Phylloscopus occipitalis,Western Crowned Warbler,0.5768,psl4,2024,06,26,07
405.0,408.0,Phylloscopus occipitalis,Western Crowned Warbler,0.5145,psl4,2024,06,26,07
435.0,438.0,Phylloscopus occipitalis,Western Crowned Warbler,0.7955,psl4,2024,06,26,07
444.0,447.0,Phylloscopus occipitalis,Western Crowned Warbler,0.7914,psl4,2024,06,26,07
492.0,495.0,Phylloscopus occipitalis,Western Crowned Warbler,0.6529,psl4,2024,06,26,07
522.0,525.0,Phylloscopus occipitalis,Western Crowned Warbler,0.9081,psl4,2024,06,26,07
525.0,528.0,Phylloscopus occipitalis,Western Crowned Warbler,0.9058,psl4,2024,06,26,07
615.0,618.0,Phylloscopus occipitalis,Western Crowned Warbler,0.9887,psl4,2024,06,26,07
618.0,621.0,Phylloscopus occipitalis,Western Crowned Warbler,0.9634,psl4,2024,06,26,07
624.0,627.0,Phylloscopus occipitalis,Western Crowned Warbler,0.9892,psl4,2024,06,26,07
630.0,633.0,Phylloscopus occipitalis,Western Crowned Warbler,0.9952,psl4,2024,06,26,07
639.0,642.0,Phylloscopus occipitalis,Western Crowned Warbler,0.5862,psl4,2024,06,26,07
642.0,645.0,Phylloscopus occipitalis,Western Crowned Warbler,0.5985,psl4,2024,06,26,07
648.0,651.0,Phylloscopus occipitalis,Western Crowned Warbler,0.9842,psl4,2024,06,26,07
654.0,657.0,Phylloscopus occipitalis,Western Crowned Warbler,0.9839,psl4,2024,06,26,07
663.0,666.0,Phylloscopus occipitalis,Western Crowned Warbler,0.9044,psl4,2024,06,26,07
672.0,675.0,Phylloscopus occipitalis,Western Crowned Warbler,0.8935,psl4,2024,06,26,07
678.0,681.0,Phylloscopus occipitalis,Western Crowned Warbler,0.8316,psl4,2024,06,26,07
681.0,684.0,Phylloscopus occipitalis,Western Crowned Warbler,0.6897,psl4,2024,06,26,07
687.0,690.0,Phylloscopus occipitalis,Western Crowned Warbler,0.9883,psl4,2024,06,26,07
693.0,696.0,Phylloscopus occipitalis,Western Crowned Warbler,0.9083,psl4,2024,06,26,07
696.0,699.0,Phylloscopus occipitalis,Western Crowned Warbler,0.9718,psl4,2024,06,26,07
702.0,705.0,Phylloscopus occipitalis,Western Crowned Warbler,0.8149,psl4,2024,06,26,07
708.0,711.0,Phylloscopus occipitalis,Western Crowned Warbler,0.5853,psl4,2024,06,26,07
708.0,711.0,Protonotaria citrea,Prothonotary Warbler,0.507,psl4,2024,06,26,07
711.0,714.0,Phylloscopus occipitalis,Western Crowned Warbler,0.8016,psl4,2024,06,26,07
720.0,723.0,Phylloscopus occipitalis,Western Crowned Warbler,0.548,psl4,2024,06,26,07
723.0,726.0,Phylloscopus occipitalis,Western Crowned Warbler,0.5432,psl4,2024,06,26,07
732.0,735.0,Phylloscopus occipitalis,Western Crowned Warbler,0.5845,psl4,2024,06,26,07
810.0,813.0,Phylloscopus humei,Hume's Warbler,0.7279,psl4,2024,06,26,07
816.0,819.0,Phylloscopus humei,Hume's Warbler,0.8548,psl4,2024,06,26,07
852.0,855.0,Trochalopteron variegatum,Variegated Laughingthrush,0.5076,psl4,2024,06,26,07
18.0,21.0,Phylloscopus occipitalis,Western Crowned Warbler,0.5003,psl4,2024,06,27,05
33.0,36.0,Phylloscopus occipitalis,Western Crowned Warbler,0.8698,psl4,2024,06,27,05
42.0,45.0,Phylloscopus occipitalis,Western Crowned Warbler,0.7915,psl4,2024,06,27,05
105.0,108.0,Phylloscopus tytleri,Tytler's Leaf Warbler,0.6201,psl4,2024,06,27,05
132.0,135.0,Phylloscopus tytleri,Tytler's Leaf Warbler,0.5031,psl4,2024,06,27,05
150.0,153.0,Phylloscopus tytleri,Tytler's Leaf Warbler,0.5003,psl4,2024,06,27,05
159.0,162.0,Phylloscopus occipitalis,Western Crowned Warbler,0.617,psl4,2024,06,27,05
192.0,195.0,Phylloscopus occipitalis,Western Crowned Warbler,0.7607,psl4,2024,06,27,05
198.0,201.0,Phylloscopus occipitalis,Western Crowned Warbler,0.5453,psl4,2024,06,27,05
354.0,357.0,Brachypteryx hyperythra,Rusty-bellied Shortwing,0.5398,psl4,2024,06,27,05
381.0,384.0,Phylloscopus occipitalis,Western Crowned Warbler,0.8804,psl4,2024,06,27,05
384.0,387.0,Phylloscopus occipitalis,Western Crowned Warbler,0.6076,psl4,2024,06,27,05
387.0,390.0,Phylloscopus occipitalis,Western Crowned Warbler,0.5111,psl4,2024,06,27,05
390.0,393.0,Phylloscopus occipitalis,Western Crowned Warbler,0.8591,psl4,2024,06,27,05
393.0,396.0,Phylloscopus occipitalis,Western Crowned Warbler,0.6573,psl4,2024,06,27,05
399.0,402.0,Phylloscopus occipitalis,Western Crowned Warbler,0.7421,psl4,2024,06,27,05
408.0,411.0,Phylloscopus occipitalis,Western Crowned Warbler,0.5344,psl4,2024,06,27,05
414.0,417.0,Phylloscopus occipitalis,Western Crowned Warbler,0.6519,psl4,2024,06,27,05
420.0,423.0,Phylloscopus occipitalis,Western Crowned Warbler,0.511,psl4,2024,06,27,05
432.0,435.0,Phylloscopus occipitalis,Western Crowned Warbler,0.7674,psl4,2024,06,27,05
438.0,441.0,Phylloscopus occipitalis,Western Crowned Warbler,0.7939,psl4,2024,06,27,05
441.0,444.0,Phylloscopus occipitalis,Western Crowned Warbler,0.8998,psl4,2024,06,27,05
447.0,450.0,Phylloscopus occipitalis,Western Crowned Warbler,0.8912,psl4,2024,06,27,05
453.0,456.0,Phylloscopus occipitalis,Western Crowned Warbler,0.5336,psl4,2024,06,27,05
474.0,477.0,Phylloscopus occipitalis,Western Crowned Warbler,0.8693,psl4,2024,06,27,05
480.0,483.0,Phylloscopus occipitalis,Western Crowned Warbler,0.5217,psl4,2024,06,27,05
492.0,495.0,Phylloscopus occipitalis,Western Crowned Warbler,0.7758,psl4,2024,06,27,05
507.0,510.0,Phylloscopus occipitalis,Western Crowned Warbler,0.8081,psl4,2024,06,27,05
519.0,522.0,Phylloscopus occipitalis,Western Crowned Warbler,0.6992,psl4,2024,06,27,05
525.0,528.0,Phylloscopus occipitalis,Western Crowned Warbler,0.7821,psl4,2024,06,27,05
528.0,531.0,Phylloscopus occipitalis,Western Crowned Warbler,0.6816,psl4,2024,06,27,05
534.0,537.0,Phylloscopus occipitalis,Western Crowned Warbler,0.6003,psl4,2024,06,27,05
537.0,540.0,Trochalopteron variegatum,Variegated Laughingthrush,0.771,psl4,2024,06,27,05
549.0,552.0,Phylloscopus occipitalis,Western Crowned Warbler,0.7552,psl4,2024,06,27,05
555.0,558.0,Phylloscopus occipitalis,Western Crowned Warbler,0.7197,psl4,2024,06,27,05
561.0,564.0,Phylloscopus occipitalis,Western Crowned Warbler,0.9716,psl4,2024,06,27,05
579.0,582.0,Phylloscopus occipitalis,Western Crowned Warbler,0.7239,psl4,2024,06,27,05
585.0,588.0,Phylloscopus occipitalis,Western Crowned Warbler,0.6916,psl4,2024,06,27,05
591.0,594.0,Phylloscopus occipitalis,Western Crowned Warbler,0.8901,psl4,2024,06,27,05
594.0,597.0,Phylloscopus occipitalis,Western Crowned Warbler,0.8243,psl4,2024,06,27,05
606.0,609.0,Phylloscopus occipitalis,Western Crowned Warbler,0.5967,psl4,2024,06,27,05
609.0,612.0,Phylloscopus occipitalis,Western Crowned Warbler,0.8741,psl4,2024,06,27,05
612.0,615.0,Phylloscopus occipitalis,Western Crowned Warbler,0.6938,psl4,2024,06,27,05
615.0,618.0,Phylloscopus occipitalis,Western Crowned Warbler,0.8646,psl4,2024,06,27,05
621.0,624.0,Phylloscopus occipitalis,Western Crowned Warbler,0.949,psl4,2024,06,27,05
624.0,627.0,Phylloscopus occipitalis,Western Crowned Warbler,0.7468,psl4,2024,06,27,05
627.0,630.0,Phylloscopus occipitalis,Western Crowned Warbler,0.89,psl4,2024,06,27,05
630.0,633.0,Phylloscopus occipitalis,Western Crowned Warbler,0.6621,psl4,2024,06,27,05
633.0,636.0,Phylloscopus occipitalis,Western Crowned Warbler,0.759,psl4,2024,06,27,05
636.0,639.0,Phylloscopus occipitalis,Western Crowned Warbler,0.6573,psl4,2024,06,27,05
639.0,642.0,Phylloscopus occipitalis,Western Crowned Warbler,0.7666,psl4,2024,06,27,05
642.0,645.0,Phylloscopus occipitalis,Western Crowned Warbler,0.7504,psl4,2024,06,27,05
645.0,648.0,Phylloscopus occipitalis,Western Crowned Warbler,0.8343,psl4,2024,06,27,05
648.0,651.0,Phylloscopus occipitalis,Western Crowned Warbler,0.5539,psl4,2024,06,27,05
660.0,663.0,Phylloscopus occipitalis,Western Crowned Warbler,0.6049,psl4,2024,06,27,05
666.0,669.0,Phylloscopus occipitalis,Western Crowned Warbler,0.8663,psl4,2024,06,27,05
672.0,675.0,Phylloscopus occipitalis,Western Crowned Warbler,0.58,psl4,2024,06,27,05
675.0,678.0,Phylloscopus occipitalis,Western Crowned Warbler,0.5744,psl4,2024,06,27,05
681.0,684.0,Phylloscopus occipitalis,Western Crowned Warbler,0.5854,psl4,2024,06,27,05
684.0,687.0,Phylloscopus occipitalis,Western Crowned Warbler,0.5777,psl4,2024,06,27,05
693.0,696.0,Phylloscopus occipitalis,Western Crowned Warbler,0.9163,psl4,2024,06,27,05
696.0,699.0,Phylloscopus occipitalis,Western Crowned Warbler,0.9593,psl4,2024,06,27,05
699.0,702.0,Phylloscopus occipitalis,Western Crowned Warbler,0.5802,psl4,2024,06,27,05
702.0,705.0,Phylloscopus occipitalis,Western Crowned Warbler,0.8846,psl4,2024,06,27,05
705.0,708.0,Phylloscopus occipitalis,Western Crowned Warbler,0.6298,psl4,2024,06,27,05
708.0,711.0,Phylloscopus occipitalis,Western Crowned Warbler,0.5455,psl4,2024,06,27,05
708.0,711.0,Phylloscopus tytleri,Tytler's Leaf Warbler,0.5359,psl4,2024,06,27,05
711.0,714.0,Phylloscopus occipitalis,Western Crowned Warbler,0.7678,psl4,2024,06,27,05
714.0,717.0,Phylloscopus occipitalis,Western Crowned Warbler,0.5688,psl4,2024,06,27,05
717.0,720.0,Phylloscopus occipitalis,Western Crowned Warbler,0.8771,psl4,2024,06,27,05
720.0,723.0,Phylloscopus occipitalis,Western Crowned Warbler,0.5601,psl4,2024,06,27,05
726.0,729.0,Phylloscopus occipitalis,Western Crowned Warbler,0.7506,psl4,2024,06,27,05
729.0,732.0,Phylloscopus occipitalis,Western Crowned Warbler,0.5747,psl4,2024,06,27,05
735.0,738.0,Phylloscopus occipitalis,Western Crowned Warbler,0.5659,psl4,2024,06,27,05
738.0,741.0,Phylloscopus occipitalis,Western Crowned Warbler,0.8985,psl4,2024,06,27,05
741.0,744.0,Phylloscopus occipitalis,Western Crowned Warbler,0.8077,psl4,2024,06,27,05
744.0,747.0,Phylloscopus occipitalis,Western Crowned Warbler,0.6963,psl4,2024,06,27,05
744.0,747.0,Phylloscopus tytleri,Tytler's Leaf Warbler,0.5306,psl4,2024,06,27,05
747.0,750.0,Phylloscopus occipitalis,Western Crowned Warbler,0.7541,psl4,2024,06,27,05
750.0,753.0,Phylloscopus occipitalis,Western Crowned Warbler,0.8684,psl4,2024,06,27,05
753.0,756.0,Phylloscopus occipitalis,Western Crowned Warbler,0.9417,psl4,2024,06,27,05
756.0,759.0,Phylloscopus occipitalis,Western Crowned Warbler,0.9662,psl4,2024,06,27,05
759.0,762.0,Phylloscopus occipitalis,Western Crowned Warbler,0.9635,psl4,2024,06,27,05
762.0,765.0,Phylloscopus occipitalis,Western Crowned Warbler,0.6871,psl4,2024,06,27,05
765.0,768.0,Phylloscopus occipitalis,Western Crowned Warbler,0.8035,psl4,2024,06,27,05
768.0,771.0,Phylloscopus occipitalis,Western Crowned Warbler,0.5977,psl4,2024,06,27,05
771.0,774.0,Phylloscopus occipitalis,Western Crowned Warbler,0.5819,psl4,2024,06,27,05
774.0,777.0,Phylloscopus occipitalis,Western Crowned Warbler,0.762,psl4,2024,06,27,05
777.0,780.0,Phylloscopus occipitalis,Western Crowned Warbler,0.5238,psl4,2024,06,27,05
780.0,783.0,Phylloscopus occipitalis,Western Crowned Warbler,0.5281,psl4,2024,06,27,05
783.0,786.0,Phylloscopus occipitalis,Western Crowned Warbler,0.5343,psl4,2024,06,27,05
789.0,792.0,Phylloscopus occipitalis,Western Crowned Warbler,0.683,psl4,2024,06,27,05
792.0,795.0,Phylloscopus occipitalis,Western Crowned Warbler,0.519,psl4,2024,06,27,05
798.0,801.0,Ficedula tricolor,Slaty-blue Flycatcher,0.6965,psl4,2024,06,27,05
804.0,807.0,Phylloscopus occipitalis,Western Crowned Warbler,0.8991,psl4,2024,06,27,05
807.0,810.0,Phylloscopus occipitalis,Western Crowned Warbler,0.6839,psl4,2024,06,27,05
810.0,813.0,Phylloscopus occipitalis,Western Crowned Warbler,0.5247,psl4,2024,06,27,05
813.0,816.0,Phylloscopus occipitalis,Western Crowned Warbler,0.792,psl4,2024,06,27,05
816.0,819.0,Phylloscopus occipitalis,Western Crowned Warbler,0.8006,psl4,2024,06,27,05
822.0,825.0,Phylloscopus occipitalis,Western Crowned Warbler,0.6654,psl4,2024,06,27,05
828.0,831.0,Ficedula tricolor,Slaty-blue Flycatcher,0.5374,psl4,2024,06,27,05
831.0,834.0,Phylloscopus occipitalis,Western Crowned Warbler,0.7583,psl4,2024,06,27,05
834.0,837.0,Phylloscopus occipitalis,Western Crowned Warbler,0.7823,psl4,2024,06,27,05
840.0,843.0,Phylloscopus occipitalis,Western Crowned Warbler,0.8801,psl4,2024,06,27,05
843.0,846.0,Phylloscopus occipitalis,Western Crowned Warbler,0.7507,psl4,2024,06,27,05
849.0,852.0,Phylloscopus occipitalis,Western Crowned Warbler,0.8557,psl4,2024,06,27,05
852.0,855.0,Phylloscopus occipitalis,Western Crowned Warbler,0.7032,psl4,2024,06,27,05
855.0,858.0,Phylloscopus occipitalis,Western Crowned Warbler,0.571,psl4,2024,06,27,05
858.0,861.0,Phylloscopus occipitalis,Western Crowned Warbler,0.7228,psl4,2024,06,27,05
861.0,864.0,Phylloscopus occipitalis,Western Crowned Warbler,0.5703,psl4,2024,06,27,05
864.0,867.0,Phylloscopus occipitalis,Western Crowned Warbler,0.8466,psl4,2024,06,27,05
867.0,870.0,Phylloscopus occipitalis,Western Crowned Warbler,0.7103,psl4,2024,06,27,05
870.0,873.0,Phylloscopus occipitalis,Western Crowned Warbler,0.6311,psl4,2024,06,27,05
873.0,876.0,Phylloscopus occipitalis,Western Crowned Warbler,0.8413,psl4,2024,06,27,05
12.0,15.0,Luscinia phaenicuroides,White-bellied Redstart,0.952,psl4,2024,06,27,06
18.0,21.0,Luscinia phaenicuroides,White-bellied Redstart,0.8174,psl4,2024,06,27,06
21.0,24.0,Luscinia phaenicuroides,White-bellied Redstart,0.9328,psl4,2024,06,27,06
57.0,60.0,Phylloscopus humei,Hume's Warbler,0.7628,psl4,2024,06,27,06
60.0,63.0,Phylloscopus humei,Hume's Warbler,0.853,psl4,2024,06,27,06
66.0,69.0,Phylloscopus humei,Hume's Warbler,0.7422,psl4,2024,06,27,06
72.0,75.0,Phylloscopus humei,Hume's Warbler,0.8425,psl4,2024,06,27,06
75.0,78.0,Phylloscopus humei,Hume's Warbler,0.6463,psl4,2024,06,27,06
84.0,87.0,Phylloscopus humei,Hume's Warbler,0.7459,psl4,2024,06,27,06
111.0,114.0,Phylloscopus occipitalis,Western Crowned Warbler,0.6998,psl4,2024,06,27,06
117.0,120.0,Luscinia phaenicuroides,White-bellied Redstart,0.6201,psl4,2024,06,27,06
120.0,123.0,Phylloscopus humei,Hume's Warbler,0.5176,psl4,2024,06,27,06
123.0,126.0,Luscinia phaenicuroides,White-bellied Redstart,0.6123,psl4,2024,06,27,06
237.0,240.0,Luscinia phaenicuroides,White-bellied Redstart,0.9248,psl4,2024,06,27,06
246.0,249.0,Luscinia phaenicuroides,White-bellied Redstart,0.6404,psl4,2024,06,27,06
255.0,258.0,Luscinia phaenicuroides,White-bellied Redstart,0.5246,psl4,2024,06,27,06
276.0,279.0,Luscinia phaenicuroides,White-bellied Redstart,0.8508,psl4,2024,06,27,06
291.0,294.0,Luscinia phaenicuroides,White-bellied Redstart,0.5498,psl4,2024,06,27,06
312.0,315.0,Ficedula tricolor,Slaty-blue Flycatcher,0.8718,psl4,2024,06,27,06
330.0,333.0,Phylloscopus occipitalis,Western Crowned Warbler,0.7894,psl4,2024,06,27,06
333.0,336.0,Luscinia phaenicuroides,White-bellied Redstart,0.6089,psl4,2024,06,27,06
351.0,354.0,Phylloscopus occipitalis,Western Crowned Warbler,0.5376,psl4,2024,06,27,06
357.0,360.0,Luscinia phaenicuroides,White-bellied Redstart,0.5289,psl4,2024,06,27,06
363.0,366.0,Phylloscopus occipitalis,Western Crowned Warbler,0.6103,psl4,2024,06,27,06
366.0,369.0,Phylloscopus occipitalis,Western Crowned Warbler,0.5466,psl4,2024,06,27,06
375.0,378.0,Luscinia phaenicuroides,White-bellied Redstart,0.7963,psl4,2024,06,27,06
381.0,384.0,Phylloscopus occipitalis,Western Crowned Warbler,0.6764,psl4,2024,06,27,06
387.0,390.0,Luscinia phaenicuroides,White-bellied Redstart,0.7378,psl4,2024,06,27,06
390.0,393.0,Phylloscopus occipitalis,Western Crowned Warbler,0.8907,psl4,2024,06,27,06
393.0,396.0,Phylloscopus occipitalis,Western Crowned Warbler,0.8429,psl4,2024,06,27,06
396.0,399.0,Luscinia phaenicuroides,White-bellied Redstart,0.5305,psl4,2024,06,27,06
417.0,420.0,Luscinia phaenicuroides,White-bellied Redstart,0.6102,psl4,2024,06,27,06
420.0,423.0,Phylloscopus occipitalis,Western Crowned Warbler,0.8182,psl4,2024,06,27,06
429.0,432.0,Ficedula tricolor,Slaty-blue Flycatcher,0.5852,psl4,2024,06,27,06
444.0,447.0,Luscinia phaenicuroides,White-bellied Redstart,0.5233,psl4,2024,06,27,06
447.0,450.0,Phylloscopus occipitalis,Western Crowned Warbler,0.751,psl4,2024,06,27,06
453.0,456.0,Luscinia phaenicuroides,White-bellied Redstart,0.5491,psl4,2024,06,27,06
459.0,462.0,Phylloscopus occipitalis,Western Crowned Warbler,0.6111,psl4,2024,06,27,06
465.0,468.0,Luscinia phaenicuroides,White-bellied Redstart,0.8716,psl4,2024,06,27,06
477.0,480.0,Luscinia phaenicuroides,White-bellied Redstart,0.5253,psl4,2024,06,27,06
507.0,510.0,Phylloscopus occipitalis,Western Crowned Warbler,0.5385,psl4,2024,06,27,06
516.0,519.0,Luscinia phaenicuroides,White-bellied Redstart,0.6291,psl4,2024,06,27,06
528.0,531.0,Luscinia phaenicuroides,White-bellied Redstart,0.5528,psl4,2024,06,27,06
609.0,612.0,Phylloscopus occipitalis,Western Crowned Warbler,0.9501,psl4,2024,06,27,06
612.0,615.0,Phylloscopus occipitalis,Western Crowned Warbler,0.8092,psl4,2024,06,27,06
654.0,657.0,Phylloscopus occipitalis,Western Crowned Warbler,0.6174,psl4,2024,06,27,06
660.0,663.0,Phylloscopus occipitalis,Western Crowned Warbler,0.9391,psl4,2024,06,27,06
663.0,666.0,Phylloscopus occipitalis,Western Crowned Warbler,0.7399,psl4,2024,06,27,06
756.0,759.0,Phylloscopus occipitalis,Western Crowned Warbler,0.5765,psl4,2024,06,27,06
759.0,762.0,Phylloscopus occipitalis,Western Crowned Warbler,0.7657,psl4,2024,06,27,06
762.0,765.0,Phylloscopus occipitalis,Western Crowned Warbler,0.6897,psl4,2024,06,27,06
765.0,768.0,Phylloscopus occipitalis,Western Crowned Warbler,0.5152,psl4,2024,06,27,06
768.0,771.0,Phylloscopus occipitalis,Western Crowned Warbler,0.5834,psl4,2024,06,27,06
771.0,774.0,Phylloscopus occipitalis,Western Crowned Warbler,0.8129,psl4,2024,06,27,06
777.0,780.0,Phylloscopus occipitalis,Western Crowned Warbler,0.7093,psl4,2024,06,27,06
780.0,783.0,Phylloscopus occipitalis,Western Crowned Warbler,0.7778,psl4,2024,06,27,06
786.0,789.0,Phylloscopus occipitalis,Western Crowned Warbler,0.7174,psl4,2024,06,27,06
798.0,801.0,Phylloscopus occipitalis,Western Crowned Warbler,0.8223,psl4,2024,06,27,06
804.0,807.0,Phylloscopus occipitalis,Western Crowned Warbler,0.5259,psl4,2024,06,27,06
807.0,810.0,Phylloscopus occipitalis,Western Crowned Warbler,0.6304,psl4,2024,06,27,06
816.0,819.0,Phylloscopus occipitalis,Western Crowned Warbler,0.6913,psl4,2024,06,27,06
819.0,822.0,Phylloscopus occipitalis,Western Crowned Warbler,0.689,psl4,2024,06,27,06
825.0,828.0,Phylloscopus occipitalis,Western Crowned Warbler,0.5831,psl4,2024,06,27,06
828.0,831.0,Phylloscopus occipitalis,Western Crowned Warbler,0.5319,psl4,2024,06,27,06
843.0,846.0,Phylloscopus occipitalis,Western Crowned Warbler,0.5027,psl4,2024,06,27,06
849.0,852.0,Phylloscopus occipitalis,Western Crowned Warbler,0.601,psl4,2024,06,27,06
852.0,855.0,Phylloscopus occipitalis,Western Crowned Warbler,0.8277,psl4,2024,06,27,06
858.0,861.0,Phylloscopus occipitalis,Western Crowned Warbler,0.9223,psl4,2024,06,27,06
861.0,864.0,Phylloscopus occipitalis,Western Crowned Warbler,0.8892,psl4,2024,06,27,06
864.0,867.0,Phylloscopus occipitalis,Western Crowned Warbler,0.8491,psl4,2024,06,27,06
873.0,876.0,Phylloscopus occipitalis,Western Crowned Warbler,0.6803,psl4,2024,06,27,06
84.0,87.0,Phylloscopus occipitalis,Western Crowned Warbler,0.8813,psl4,2024,06,27,07
84.0,87.0,Phylloscopus tytleri,Tytler's Leaf Warbler,0.5569,psl4,2024,06,27,07
87.0,90.0,Phylloscopus occipitalis,Western Crowned Warbler,0.6795,psl4,2024,06,27,07
108.0,111.0,Pyrrhomyias cinnamomeus,Cinnamon Flycatcher,0.5324,psl4,2024,06,27,07
633.0,636.0,Phylloscopus occipitalis,Western Crowned Warbler,0.5652,psl4,2024,06,27,07
654.0,657.0,Phylloscopus occipitalis,Western Crowned Warbler,0.5668,psl4,2024,06,27,07
657.0,660.0,Phylloscopus occipitalis,Western Crowned Warbler,0.873,psl4,2024,06,27,07
663.0,666.0,Phylloscopus occipitalis,Western Crowned Warbler,0.8351,psl4,2024,06,27,07
666.0,669.0,Phylloscopus occipitalis,Western Crowned Warbler,0.6233,psl4,2024,06,27,07
669.0,672.0,Phylloscopus occipitalis,Western Crowned Warbler,0.7107,psl4,2024,06,27,07
804.0,807.0,Phylloscopus occipitalis,Western Crowned Warbler,0.5541,psl4,2024,06,27,07
810.0,813.0,Luscinia phaenicuroides,White-bellied Redstart,0.6414,psl4,2024,06,27,07
816.0,819.0,Phylloscopus occipitalis,Western Crowned Warbler,0.7054,psl4,2024,06,27,07
819.0,822.0,Phylloscopus occipitalis,Western Crowned Warbler,0.5531,psl4,2024,06,27,07
831.0,834.0,Luscinia phaenicuroides,White-bellied Redstart,0.5783,psl4,2024,06,27,07
849.0,852.0,Phylloscopus occipitalis,Western Crowned Warbler,0.8339,psl4,2024,06,27,07
858.0,861.0,Phylloscopus occipitalis,Western Crowned Warbler,0.8285,psl4,2024,06,27,07
867.0,870.0,Phylloscopus occipitalis,Western Crowned Warbler,0.8175,psl4,2024,06,27,07
876.0,879.0,Phylloscopus occipitalis,Western Crowned Warbler,0.6264,psl4,2024,06,27,07
897.0,900.0,Phylloscopus occipitalis,Western Crowned Warbler,0.5557,psl4,2024,06,27,07
3.0,6.0,Phylloscopus occipitalis,Western Crowned Warbler,0.5511,psl4,2024,06,28,05
6.0,9.0,Phylloscopus occipitalis,Western Crowned Warbler,0.6857,psl4,2024,06,28,05
12.0,15.0,Phylloscopus occipitalis,Western Crowned Warbler,0.5005,psl4,2024,06,28,05
30.0,33.0,Phylloscopus occipitalis,Western Crowned Warbler,0.5698,psl4,2024,06,28,05
45.0,48.0,Phylloscopus occipitalis,Western Crowned Warbler,0.6177,psl4,2024,06,28,05
78.0,81.0,Phylloscopus occipitalis,Western Crowned Warbler,0.6029,psl4,2024,06,28,05
84.0,87.0,Phylloscopus occipitalis,Western Crowned Warbler,0.6765,psl4,2024,06,28,05
93.0,96.0,Phylloscopus occipitalis,Western Crowned Warbler,0.8439,psl4,2024,06,28,05
126.0,129.0,Phylloscopus occipitalis,Western Crowned Warbler,0.6835,psl4,2024,06,28,05
132.0,135.0,Phylloscopus occipitalis,Western Crowned Warbler,0.7413,psl4,2024,06,28,05
144.0,147.0,Phylloscopus occipitalis,Western Crowned Warbler,0.5956,psl4,2024,06,28,05
183.0,186.0,Phylloscopus occipitalis,Western Crowned Warbler,0.5486,psl4,2024,06,28,05
207.0,210.0,Phylloscopus occipitalis,Western Crowned Warbler,0.6379,psl4,2024,06,28,05
210.0,213.0,Phylloscopus occipitalis,Western Crowned Warbler,0.6164,psl4,2024,06,28,05
213.0,216.0,Phylloscopus occipitalis,Western Crowned Warbler,0.5286,psl4,2024,06,28,05
219.0,222.0,Phylloscopus occipitalis,Western Crowned Warbler,0.7163,psl4,2024,06,28,05
240.0,243.0,Phylloscopus occipitalis,Western Crowned Warbler,0.5068,psl4,2024,06,28,05
252.0,255.0,Phylloscopus occipitalis,Western Crowned Warbler,0.7455,psl4,2024,06,28,05
267.0,270.0,Phylloscopus occipitalis,Western Crowned Warbler,0.5854,psl4,2024,06,28,05
315.0,318.0,Phylloscopus occipitalis,Western Crowned Warbler,0.5344,psl4,2024,06,28,05
330.0,333.0,Phylloscopus occipitalis,Western Crowned Warbler,0.6113,psl4,2024,06,28,05
339.0,342.0,Phylloscopus occipitalis,Western Crowned Warbler,0.5439,psl4,2024,06,28,05
456.0,459.0,Phylloscopus occipitalis,Western Crowned Warbler,0.581,psl4,2024,06,28,05
459.0,462.0,Phylloscopus occipitalis,Western Crowned Warbler,0.8272,psl4,2024,06,28,05
465.0,468.0,Phylloscopus occipitalis,Western Crowned Warbler,0.6687,psl4,2024,06,28,05
471.0,474.0,Phylloscopus occipitalis,Western Crowned Warbler,0.5059,psl4,2024,06,28,05
474.0,477.0,Phylloscopus occipitalis,Western Crowned Warbler,0.8328,psl4,2024,06,28,05
480.0,483.0,Phylloscopus occipitalis,Western Crowned Warbler,0.7818,psl4,2024,06,28,05
501.0,504.0,Phylloscopus occipitalis,Western Crowned Warbler,0.6511,psl4,2024,06,28,05
513.0,516.0,Phylloscopus occipitalis,Western Crowned Warbler,0.5033,psl4,2024,06,28,05
519.0,522.0,Phylloscopus occipitalis,Western Crowned Warbler,0.6292,psl4,2024,06,28,05
522.0,525.0,Phylloscopus occipitalis,Western Crowned Warbler,0.7815,psl4,2024,06,28,05
531.0,534.0,Phylloscopus occipitalis,Western Crowned Warbler,0.6913,psl4,2024,06,28,05
534.0,537.0,Phylloscopus occipitalis,Western Crowned Warbler,0.653,psl4,2024,06,28,05
540.0,543.0,Phylloscopus occipitalis,Western Crowned Warbler,0.6876,psl4,2024,06,28,05
546.0,549.0,Phylloscopus occipitalis,Western Crowned Warbler,0.6088,psl4,2024,06,28,05
609.0,612.0,Phylloscopus occipitalis,Western Crowned Warbler,0.6745,psl4,2024,06,28,05
612.0,615.0,Phylloscopus occipitalis,Western Crowned Warbler,0.5767,psl4,2024,06,28,05
615.0,618.0,Phylloscopus occipitalis,Western Crowned Warbler,0.7214,psl4,2024,06,28,05
639.0,642.0,Phylloscopus occipitalis,Western Crowned Warbler,0.5815,psl4,2024,06,28,05
642.0,645.0,Phylloscopus occipitalis,Western Crowned Warbler,0.6414,psl4,2024,06,28,05
657.0,660.0,Phylloscopus occipitalis,Western Crowned Warbler,0.5937,psl4,2024,06,28,05
663.0,666.0,Phylloscopus occipitalis,Western Crowned Warbler,0.5558,psl4,2024,06,28,05
681.0,684.0,Phylloscopus occipitalis,Western Crowned Warbler,0.8079,psl4,2024,06,28,05
687.0,690.0,Phylloscopus occipitalis,Western Crowned Warbler,0.8364,psl4,2024,06,28,05
696.0,699.0,Phylloscopus occipitalis,Western Crowned Warbler,0.8235,psl4,2024,06,28,05
741.0,744.0,Phylloscopus occipitalis,Western Crowned Warbler,0.7326,psl4,2024,06,28,05
747.0,750.0,Phylloscopus occipitalis,Western Crowned Warbler,0.5335,psl4,2024,06,28,05
750.0,753.0,Phylloscopus occipitalis,Western Crowned Warbler,0.7712,psl4,2024,06,28,05
753.0,756.0,Phylloscopus occipitalis,Western Crowned Warbler,0.6863,psl4,2024,06,28,05
759.0,762.0,Phylloscopus occipitalis,Western Crowned Warbler,0.6531,psl4,2024,06,28,05
768.0,771.0,Phylloscopus occipitalis,Western Crowned Warbler,0.5904,psl4,2024,06,28,05
771.0,774.0,Phylloscopus occipitalis,Western Crowned Warbler,0.5865,psl4,2024,06,28,05
774.0,777.0,Phylloscopus occipitalis,Western Crowned Warbler,0.7068,psl4,2024,06,28,05
777.0,780.0,Phylloscopus occipitalis,Western Crowned Warbler,0.8155,psl4,2024,06,28,05
783.0,786.0,Phylloscopus occipitalis,Western Crowned Warbler,0.5715,psl4,2024,06,28,05
789.0,792.0,Phylloscopus occipitalis,Western Crowned Warbler,0.5017,psl4,2024,06,28,05
792.0,795.0,Phylloscopus occipitalis,Western Crowned Warbler,0.51,psl4,2024,06,28,05
822.0,825.0,Phylloscopus occipitalis,Western Crowned Warbler,0.6431,psl4,2024,06,28,05
828.0,831.0,Phylloscopus occipitalis,Western Crowned Warbler,0.6289,psl4,2024,06,28,05
867.0,870.0,Phylloscopus occipitalis,Western Crowned Warbler,0.5437,psl4,2024,06,28,05
870.0,873.0,Phylloscopus occipitalis,Western Crowned Warbler,0.5565,psl4,2024,06,28,05
888.0,891.0,Phylloscopus occipitalis,Western Crowned Warbler,0.556,psl4,2024,06,28,05
897.0,900.0,Phylloscopus occipitalis,Western Crowned Warbler,0.6954,psl4,2024,06,28,05
498.0,501.0,Trochalopteron variegatum,Variegated Laughingthrush,0.7195,psl4,2024,06,28,06
522.0,525.0,Trochalopteron variegatum,Variegated Laughingthrush,0.6928,psl4,2024,06,28,06
600.0,603.0,Phylloscopus occipitalis,Western Crowned Warbler,0.721,psl4,2024,06,28,06
606.0,609.0,Phylloscopus occipitalis,Western Crowned Warbler,0.9636,psl4,2024,06,28,06
618.0,621.0,Phylloscopus occipitalis,Western Crowned Warbler,0.9857,psl4,2024,06,28,06
621.0,624.0,Phylloscopus occipitalis,Western Crowned Warbler,0.7865,psl4,2024,06,28,06
624.0,627.0,Phylloscopus occipitalis,Western Crowned Warbler,0.8901,psl4,2024,06,28,06
642.0,645.0,Phylloscopus occipitalis,Western Crowned Warbler,0.6705,psl4,2024,06,28,06
645.0,648.0,Phylloscopus occipitalis,Western Crowned Warbler,0.7644,psl4,2024,06,28,06
651.0,654.0,Phylloscopus occipitalis,Western Crowned Warbler,0.906,psl4,2024,06,28,06
663.0,666.0,Phylloscopus occipitalis,Western Crowned Warbler,0.7338,psl4,2024,06,28,06
669.0,672.0,Phylloscopus occipitalis,Western Crowned Warbler,0.8238,psl4,2024,06,28,06
684.0,687.0,Phylloscopus occipitalis,Western Crowned Warbler,0.6557,psl4,2024,06,28,06
693.0,696.0,Phylloscopus occipitalis,Western Crowned Warbler,0.9604,psl4,2024,06,28,06
696.0,699.0,Phylloscopus occipitalis,Western Crowned Warbler,0.5518,psl4,2024,06,28,06
702.0,705.0,Phylloscopus occipitalis,Western Crowned Warbler,0.8072,psl4,2024,06,28,06
705.0,708.0,Phylloscopus occipitalis,Western Crowned Warbler,0.5112,psl4,2024,06,28,06
717.0,720.0,Phylloscopus occipitalis,Western Crowned Warbler,0.7758,psl4,2024,06,28,06
723.0,726.0,Phylloscopus occipitalis,Western Crowned Warbler,0.7584,psl4,2024,06,28,06
729.0,732.0,Phylloscopus occipitalis,Western Crowned Warbler,0.9054,psl4,2024,06,28,06
732.0,735.0,Phylloscopus occipitalis,Western Crowned Warbler,0.9072,psl4,2024,06,28,06
738.0,741.0,Phylloscopus occipitalis,Western Crowned Warbler,0.9689,psl4,2024,06,28,06
753.0,756.0,Phylloscopus occipitalis,Western Crowned Warbler,0.6525,psl4,2024,06,28,06
762.0,765.0,Phylloscopus occipitalis,Western Crowned Warbler,0.8828,psl4,2024,06,28,06
768.0,771.0,Phylloscopus occipitalis,Western Crowned Warbler,0.8476,psl4,2024,06,28,06
777.0,780.0,Phylloscopus occipitalis,Western Crowned Warbler,0.6815,psl4,2024,06,28,06
783.0,786.0,Phylloscopus occipitalis,Western Crowned Warbler,0.9168,psl4,2024,06,28,06
786.0,789.0,Phylloscopus occipitalis,Western Crowned Warbler,0.5732,psl4,2024,06,28,06
789.0,792.0,Phylloscopus occipitalis,Western Crowned Warbler,0.858,psl4,2024,06,28,06
789.0,792.0,Phylloscopus reguloides,Blyth's Leaf Warbler,0.6726,psl4,2024,06,28,06
792.0,795.0,Xenops rutilans,Streaked Xenops,0.5199,psl4,2024,06,28,06
795.0,798.0,Phylloscopus occipitalis,Western Crowned Warbler,0.8634,psl4,2024,06,28,06
798.0,801.0,Phylloscopus occipitalis,Western Crowned Warbler,0.7849,psl4,2024,06,28,06
804.0,807.0,Phylloscopus occipitalis,Western Crowned Warbler,0.8271,psl4,2024,06,28,06
807.0,810.0,Phylloscopus occipitalis,Western Crowned Warbler,0.6491,psl4,2024,06,28,06
810.0,813.0,Phylloscopus occipitalis,Western Crowned Warbler,0.6286,psl4,2024,06,28,06
813.0,816.0,Phylloscopus occipitalis,Western Crowned Warbler,0.6151,psl4,2024,06,28,06
816.0,819.0,Phylloscopus occipitalis,Western Crowned Warbler,0.7499,psl4,2024,06,28,06
822.0,825.0,Phylloscopus occipitalis,Western Crowned Warbler,0.7091,psl4,2024,06,28,06
831.0,834.0,Phylloscopus occipitalis,Western Crowned Warbler,0.5366,psl4,2024,06,28,06
855.0,858.0,Phylloscopus occipitalis,Western Crowned Warbler,0.8091,psl4,2024,06,28,06
888.0,891.0,Phylloscopus occipitalis,Western Crowned Warbler,0.6034,psl4,2024,06,28,06
894.0,897.0,Phylloscopus occipitalis,Western Crowned Warbler,0.534,psl4,2024,06,28,06
225.0,228.0,Phylloscopus humei,Hume's Warbler,0.8672,psl4,2024,06,28,07
249.0,252.0,Phylloscopus humei,Hume's Warbler,0.7037,psl4,2024,06,28,07
276.0,279.0,Phylloscopus humei,Hume's Warbler,0.9239,psl4,2024,06,28,07
285.0,288.0,Phylloscopus humei,Hume's Warbler,0.9189,psl4,2024,06,28,07
309.0,312.0,Phylloscopus affinis,Tickell's Leaf Warbler,0.6198,psl4,2024,06,28,07
324.0,327.0,Phylloscopus humei,Hume's Warbler,0.5669,psl4,2024,06,28,07
330.0,333.0,Phylloscopus humei,Hume's Warbler,0.6989,psl4,2024,06,28,07
396.0,399.0,Phylloscopus humei,Hume's Warbler,0.7635,psl4,2024,06,28,07
402.0,405.0,Phylloscopus humei,Hume's Warbler,0.604,psl4,2024,06,28,07
429.0,432.0,Phylloscopus occipitalis,Western Crowned Warbler,0.5719,psl4,2024,06,28,07
474.0,477.0,Phylloscopus occipitalis,Western Crowned Warbler,0.7986,psl4,2024,06,28,07
492.0,495.0,Phylloscopus occipitalis,Western Crowned Warbler,0.5655,psl4,2024,06,28,07
582.0,585.0,Phylloscopus occipitalis,Western Crowned Warbler,0.5233,psl4,2024,06,28,07
678.0,681.0,Ficedula tricolor,Slaty-blue Flycatcher,0.8106,psl4,2024,06,28,07
717.0,720.0,Phylloscopus humei,Hume's Warbler,0.6192,psl4,2024,06,28,07
732.0,735.0,Phylloscopus occipitalis,Western Crowned Warbler,0.8117,psl4,2024,06,28,07
738.0,741.0,Phylloscopus occipitalis,Western Crowned Warbler,0.5932,psl4,2024,06,28,07
747.0,750.0,Phylloscopus occipitalis,Western Crowned Warbler,0.5009,psl4,2024,06,28,07
750.0,753.0,Phylloscopus occipitalis,Western Crowned Warbler,0.6003,psl4,2024,06,28,07
753.0,756.0,Phylloscopus occipitalis,Western Crowned Warbler,0.7402,psl4,2024,06,28,07
765.0,768.0,Phylloscopus occipitalis,Western Crowned Warbler,0.8064,psl4,2024,06,28,07
813.0,816.0,Phylloscopus occipitalis,Western Crowned Warbler,0.9499,psl4,2024,06,28,07
816.0,819.0,Phylloscopus occipitalis,Western Crowned Warbler,0.8352,psl4,2024,06,28,07
819.0,822.0,Phylloscopus occipitalis,Western Crowned Warbler,0.956,psl4,2024,06,28,07
822.0,825.0,Phylloscopus occipitalis,Western Crowned Warbler,0.8605,psl4,2024,06,28,07
831.0,834.0,Phylloscopus occipitalis,Western Crowned Warbler,0.5876,psl4,2024,06,28,07
837.0,840.0,Phylloscopus occipitalis,Western Crowned Warbler,0.9251,psl4,2024,06,28,07
843.0,846.0,Phylloscopus occipitalis,Western Crowned Warbler,0.7067,psl4,2024,06,28,07
849.0,852.0,Phylloscopus occipitalis,Western Crowned Warbler,0.6449,psl4,2024,06,28,07
852.0,855.0,Phylloscopus occipitalis,Western Crowned Warbler,0.6552,psl4,2024,06,28,07
855.0,858.0,Phylloscopus occipitalis,Western Crowned Warbler,0.7155,psl4,2024,06,28,07
858.0,861.0,Phylloscopus occipitalis,Western Crowned Warbler,0.7715,psl4,2024,06,28,07
867.0,870.0,Phylloscopus occipitalis,Western Crowned Warbler,0.9713,psl4,2024,06,28,07
873.0,876.0,Phylloscopus occipitalis,Western Crowned Warbler,0.9468,psl4,2024,06,28,07
876.0,879.0,Phylloscopus occipitalis,Western Crowned Warbler,0.7928,psl4,2024,06,28,07
879.0,882.0,Phylloscopus occipitalis,Western Crowned Warbler,0.9812,psl4,2024,06,28,07
882.0,885.0,Phylloscopus occipitalis,Western Crowned Warbler,0.9137,psl4,2024,06,28,07
888.0,891.0,Phylloscopus occipitalis,Western Crowned Warbler,0.9102,psl4,2024,06,28,07
894.0,897.0,Phylloscopus occipitalis,Western Crowned Warbler,0.9798,psl4,2024,06,28,07
6.0,9.0,Phylloscopus occipitalis,Western Crowned Warbler,0.7775,psl4,2024,06,29,05
30.0,33.0,Luscinia phaenicuroides,White-bellied Redstart,0.9595,psl4,2024,06,29,05
36.0,39.0,Luscinia phaenicuroides,White-bellied Redstart,0.5639,psl4,2024,06,29,05
45.0,48.0,Luscinia phaenicuroides,White-bellied Redstart,0.6764,psl4,2024,06,29,05
60.0,63.0,Ficedula tricolor,Slaty-blue Flycatcher,0.9283,psl4,2024,06,29,05
66.0,69.0,Luscinia phaenicuroides,White-bellied Redstart,0.7213,psl4,2024,06,29,05
66.0,69.0,Ficedula tricolor,Slaty-blue Flycatcher,0.504,psl4,2024,06,29,05
69.0,72.0,Ficedula tricolor,Slaty-blue Flycatcher,0.5183,psl4,2024,06,29,05
72.0,75.0,Ficedula tricolor,Slaty-blue Flycatcher,0.6597,psl4,2024,06,29,05
75.0,78.0,Ficedula tricolor,Slaty-blue Flycatcher,0.5368,psl4,2024,06,29,05
84.0,87.0,Phylloscopus occipitalis,Western Crowned Warbler,0.7617,psl4,2024,06,29,05
90.0,93.0,Luscinia phaenicuroides,White-bellied Redstart,0.5591,psl4,2024,06,29,05
111.0,114.0,Luscinia phaenicuroides,White-bellied Redstart,0.6388,psl4,2024,06,29,05
123.0,126.0,Phylloscopus occipitalis,Western Crowned Warbler,0.7936,psl4,2024,06,29,05
180.0,183.0,Phylloscopus occipitalis,Western Crowned Warbler,0.5731,psl4,2024,06,29,05
189.0,192.0,Phylloscopus occipitalis,Western Crowned Warbler,0.6989,psl4,2024,06,29,05
195.0,198.0,Phylloscopus occipitalis,Western Crowned Warbler,0.5188,psl4,2024,06,29,05
210.0,213.0,Phylloscopus occipitalis,Western Crowned Warbler,0.5897,psl4,2024,06,29,05
216.0,219.0,Phylloscopus occipitalis,Western Crowned Warbler,0.5614,psl4,2024,06,29,05
222.0,225.0,Phylloscopus occipitalis,Western Crowned Warbler,0.7634,psl4,2024,06,29,05
225.0,228.0,Phylloscopus occipitalis,Western Crowned Warbler,0.6511,psl4,2024,06,29,05
228.0,231.0,Phylloscopus occipitalis,Western Crowned Warbler,0.5015,psl4,2024,06,29,05
237.0,240.0,Phylloscopus occipitalis,Western Crowned Warbler,0.5878,psl4,2024,06,29,05
249.0,252.0,Phylloscopus occipitalis,Western Crowned Warbler,0.8513,psl4,2024,06,29,05
252.0,255.0,Trochalopteron variegatum,Variegated Laughingthrush,0.5957,psl4,2024,06,29,05
261.0,264.0,Phylloscopus occipitalis,Western Crowned Warbler,0.6527,psl4,2024,06,29,05
267.0,270.0,Trochalopteron variegatum,Variegated Laughingthrush,0.5182,psl4,2024,06,29,05
288.0,291.0,Phylloscopus occipitalis,Western Crowned Warbler,0.5942,psl4,2024,06,29,05
291.0,294.0,Trochalopteron variegatum,Variegated Laughingthrush,0.8708,psl4,2024,06,29,05
300.0,303.0,Trochalopteron variegatum,Variegated Laughingthrush,0.656,psl4,2024,06,29,05
306.0,309.0,Phylloscopus occipitalis,Western Crowned Warbler,0.6099,psl4,2024,06,29,05
312.0,315.0,Trochalopteron variegatum,Variegated Laughingthrush,0.6965,psl4,2024,06,29,05
318.0,321.0,Trochalopteron variegatum,Variegated Laughingthrush,0.5554,psl4,2024,06,29,05
330.0,333.0,Phylloscopus occipitalis,Western Crowned Warbler,0.5243,psl4,2024,06,29,05
333.0,336.0,Phylloscopus occipitalis,Western Crowned Warbler,0.7246,psl4,2024,06,29,05
336.0,339.0,Phylloscopus occipitalis,Western Crowned Warbler,0.742,psl4,2024,06,29,05
342.0,345.0,Phylloscopus occipitalis,Western Crowned Warbler,0.5949,psl4,2024,06,29,05
345.0,348.0,Phylloscopus occipitalis,Western Crowned Warbler,0.6598,psl4,2024,06,29,05
351.0,354.0,Phylloscopus occipitalis,Western Crowned Warbler,0.791,psl4,2024,06,29,05
366.0,369.0,Trochalopteron variegatum,Variegated Laughingthrush,0.9712,psl4,2024,06,29,05
372.0,375.0,Trochalopteron variegatum,Variegated Laughingthrush,0.9818,psl4,2024,06,29,05
375.0,378.0,Phylloscopus occipitalis,Western Crowned Warbler,0.5922,psl4,2024,06,29,05
378.0,381.0,Trochalopteron variegatum,Variegated Laughingthrush,0.9772,psl4,2024,06,29,05
381.0,384.0,Trochalopteron variegatum,Variegated Laughingthrush,0.992,psl4,2024,06,29,05
384.0,387.0,Phylloscopus occipitalis,Western Crowned Warbler,0.5752,psl4,2024,06,29,05
387.0,390.0,Trochalopteron variegatum,Variegated Laughingthrush,0.958,psl4,2024,06,29,05
390.0,393.0,Phylloscopus occipitalis,Western Crowned Warbler,0.6264,psl4,2024,06,29,05
393.0,396.0,Trochalopteron variegatum,Variegated Laughingthrush,0.9993,psl4,2024,06,29,05
396.0,399.0,Phylloscopus occipitalis,Western Crowned Warbler,0.7801,psl4,2024,06,29,05
399.0,402.0,Trochalopteron variegatum,Variegated Laughingthrush,0.9988,psl4,2024,06,29,05
402.0,405.0,Trochalopteron variegatum,Variegated Laughingthrush,0.9993,psl4,2024,06,29,05
408.0,411.0,Phylloscopus occipitalis,Western Crowned Warbler,0.7151,psl4,2024,06,29,05
411.0,414.0,Phylloscopus occipitalis,Western Crowned Warbler,0.5012,psl4,2024,06,29,05
417.0,420.0,Trochalopteron variegatum,Variegated Laughingthrush,0.8995,psl4,2024,06,29,05
420.0,423.0,Phylloscopus occipitalis,Western Crowned Warbler,0.6093,psl4,2024,06,29,05
423.0,426.0,Trochalopteron variegatum,Variegated Laughingthrush,0.9628,psl4,2024,06,29,05
432.0,435.0,Phylloscopus occipitalis,Western Crowned Warbler,0.7181,psl4,2024,06,29,05
435.0,438.0,Phylloscopus occipitalis,Western Crowned Warbler,0.5592,psl4,2024,06,29,05
438.0,441.0,Phylloscopus occipitalis,Western Crowned Warbler,0.5839,psl4,2024,06,29,05
441.0,444.0,Phylloscopus occipitalis,Western Crowned Warbler,0.8501,psl4,2024,06,29,05
444.0,447.0,Phylloscopus occipitalis,Western Crowned Warbler,0.9596,psl4,2024,06,29,05
450.0,453.0,Trochalopteron variegatum,Variegated Laughingthrush,0.7768,psl4,2024,06,29,05
453.0,456.0,Phylloscopus occipitalis,Western Crowned Warbler,0.9532,psl4,2024,06,29,05
456.0,459.0,Phylloscopus occipitalis,Western Crowned Warbler,0.6291,psl4,2024,06,29,05
459.0,462.0,Phylloscopus occipitalis,Western Crowned Warbler,0.5645,psl4,2024,06,29,05
465.0,468.0,Phylloscopus occipitalis,Western Crowned Warbler,0.5448,psl4,2024,06,29,05
468.0,471.0,Phylloscopus occipitalis,Western Crowned Warbler,0.9625,psl4,2024,06,29,05
474.0,477.0,Phylloscopus occipitalis,Western Crowned Warbler,0.8127,psl4,2024,06,29,05
483.0,486.0,Phylloscopus occipitalis,Western Crowned Warbler,0.5515,psl4,2024,06,29,05
486.0,489.0,Phylloscopus occipitalis,Western Crowned Warbler,0.6242,psl4,2024,06,29,05
492.0,495.0,Phylloscopus occipitalis,Western Crowned Warbler,0.5098,psl4,2024,06,29,05
495.0,498.0,Phylloscopus occipitalis,Western Crowned Warbler,0.6414,psl4,2024,06,29,05
498.0,501.0,Phylloscopus occipitalis,Western Crowned Warbler,0.764,psl4,2024,06,29,05
501.0,504.0,Phylloscopus occipitalis,Western Crowned Warbler,0.6524,psl4,2024,06,29,05
504.0,507.0,Phylloscopus occipitalis,Western Crowned Warbler,0.686,psl4,2024,06,29,05
507.0,510.0,Phylloscopus occipitalis,Western Crowned Warbler,0.5673,psl4,2024,06,29,05
510.0,513.0,Phylloscopus occipitalis,Western Crowned Warbler,0.6869,psl4,2024,06,29,05
513.0,516.0,Phylloscopus occipitalis,Western Crowned Warbler,0.6526,psl4,2024,06,29,05
519.0,522.0,Trochalopteron variegatum,Variegated Laughingthrush,0.5188,psl4,2024,06,29,05
522.0,525.0,Phylloscopus occipitalis,Western Crowned Warbler,0.904,psl4,2024,06,29,05
525.0,528.0,Trochalopteron variegatum,Variegated Laughingthrush,0.5967,psl4,2024,06,29,05
531.0,534.0,Trochalopteron variegatum,Variegated Laughingthrush,0.782,psl4,2024,06,29,05
534.0,537.0,Phylloscopus occipitalis,Western Crowned Warbler,0.8761,psl4,2024,06,29,05
537.0,540.0,Trochalopteron variegatum,Variegated Laughingthrush,0.9452,psl4,2024,06,29,05
543.0,546.0,Trochalopteron variegatum,Variegated Laughingthrush,0.6704,psl4,2024,06,29,05
549.0,552.0,Phylloscopus occipitalis,Western Crowned Warbler,0.595,psl4,2024,06,29,05
558.0,561.0,Trochalopteron variegatum,Variegated Laughingthrush,0.8954,psl4,2024,06,29,05
561.0,564.0,Trochalopteron variegatum,Variegated Laughingthrush,0.6742,psl4,2024,06,29,05
564.0,567.0,Phylloscopus occipitalis,Western Crowned Warbler,0.7632,psl4,2024,06,29,05
567.0,570.0,Trochalopteron variegatum,Variegated Laughingthrush,0.5181,psl4,2024,06,29,05
570.0,573.0,Phylloscopus occipitalis,Western Crowned Warbler,0.8518,psl4,2024,06,29,05
585.0,588.0,Trochalopteron variegatum,Variegated Laughingthrush,0.7892,psl4,2024,06,29,05
588.0,591.0,Phylloscopus occipitalis,Western Crowned Warbler,0.6123,psl4,2024,06,29,05
591.0,594.0,Phylloscopus occipitalis,Western Crowned Warbler,0.9195,psl4,2024,06,29,05
594.0,597.0,Phylloscopus occipitalis,Western Crowned Warbler,0.7431,psl4,2024,06,29,05
600.0,603.0,Phylloscopus occipitalis,Western Crowned Warbler,0.8227,psl4,2024,06,29,05
606.0,609.0,Phylloscopus occipitalis,Western Crowned Warbler,0.8712,psl4,2024,06,29,05
615.0,618.0,Phylloscopus occipitalis,Western Crowned Warbler,0.7443,psl4,2024,06,29,05
618.0,621.0,Phylloscopus occipitalis,Western Crowned Warbler,0.7796,psl4,2024,06,29,05
621.0,624.0,Phylloscopus occipitalis,Western Crowned Warbler,0.7996,psl4,2024,06,29,05
627.0,630.0,Phylloscopus occipitalis,Western Crowned Warbler,0.746,psl4,2024,06,29,05
642.0,645.0,Phylloscopus occipitalis,Western Crowned Warbler,0.6666,psl4,2024,06,29,05
651.0,654.0,Phylloscopus occipitalis,Western Crowned Warbler,0.7069,psl4,2024,06,29,05
654.0,657.0,Phylloscopus occipitalis,Western Crowned Warbler,0.6207,psl4,2024,06,29,05
657.0,660.0,Phylloscopus occipitalis,Western Crowned Warbler,0.7636,psl4,2024,06,29,05
660.0,663.0,Phylloscopus occipitalis,Western Crowned Warbler,0.5012,psl4,2024,06,29,05
666.0,669.0,Phylloscopus occipitalis,Western Crowned Warbler,0.9162,psl4,2024,06,29,05
669.0,672.0,Phylloscopus occipitalis,Western Crowned Warbler,0.6145,psl4,2024,06,29,05
672.0,675.0,Phylloscopus occipitalis,Western Crowned Warbler,0.8064,psl4,2024,06,29,05
675.0,678.0,Phylloscopus occipitalis,Western Crowned Warbler,0.6499,psl4,2024,06,29,05
678.0,681.0,Phylloscopus occipitalis,Western Crowned Warbler,0.6759,psl4,2024,06,29,05
693.0,696.0,Phylloscopus occipitalis,Western Crowned Warbler,0.7637,psl4,2024,06,29,05
723.0,726.0,Phylloscopus occipitalis,Western Crowned Warbler,0.9421,psl4,2024,06,29,05
726.0,729.0,Phylloscopus occipitalis,Western Crowned Warbler,0.9289,psl4,2024,06,29,05
729.0,732.0,Phylloscopus occipitalis,Western Crowned Warbler,0.6093,psl4,2024,06,29,05
732.0,735.0,Phylloscopus occipitalis,Western Crowned Warbler,0.8586,psl4,2024,06,29,05
735.0,738.0,Phylloscopus occipitalis,Western Crowned Warbler,0.6096,psl4,2024,06,29,05
738.0,741.0,Phylloscopus occipitalis,Western Crowned Warbler,0.9579,psl4,2024,06,29,05
741.0,744.0,Phylloscopus occipitalis,Western Crowned Warbler,0.7189,psl4,2024,06,29,05
747.0,750.0,Phylloscopus occipitalis,Western Crowned Warbler,0.831,psl4,2024,06,29,05
768.0,771.0,Phylloscopus occipitalis,Western Crowned Warbler,0.8672,psl4,2024,06,29,05
777.0,780.0,Phylloscopus occipitalis,Western Crowned Warbler,0.8208,psl4,2024,06,29,05
780.0,783.0,Phylloscopus occipitalis,Western Crowned Warbler,0.6396,psl4,2024,06,29,05
783.0,786.0,Phylloscopus occipitalis,Western Crowned Warbler,0.7444,psl4,2024,06,29,05
786.0,789.0,Phylloscopus occipitalis,Western Crowned Warbler,0.9894,psl4,2024,06,29,05
789.0,792.0,Phylloscopus occipitalis,Western Crowned Warbler,0.7736,psl4,2024,06,29,05
792.0,795.0,Phylloscopus occipitalis,Western Crowned Warbler,0.9203,psl4,2024,06,29,05
795.0,798.0,Phylloscopus occipitalis,Western Crowned Warbler,0.6887,psl4,2024,06,29,05
798.0,801.0,Phylloscopus occipitalis,Western Crowned Warbler,0.8166,psl4,2024,06,29,05
801.0,804.0,Phylloscopus occipitalis,Western Crowned Warbler,0.8975,psl4,2024,06,29,05
804.0,807.0,Phylloscopus occipitalis,Western Crowned Warbler,0.6772,psl4,2024,06,29,05
807.0,810.0,Phylloscopus occipitalis,Western Crowned Warbler,0.5146,psl4,2024,06,29,05
810.0,813.0,Phylloscopus occipitalis,Western Crowned Warbler,0.6521,psl4,2024,06,29,05
813.0,816.0,Phylloscopus occipitalis,Western Crowned Warbler,0.7417,psl4,2024,06,29,05
816.0,819.0,Phylloscopus occipitalis,Western Crowned Warbler,0.5028,psl4,2024,06,29,05
819.0,822.0,Phylloscopus occipitalis,Western Crowned Warbler,0.6336,psl4,2024,06,29,05
822.0,825.0,Phylloscopus occipitalis,Western Crowned Warbler,0.6094,psl4,2024,06,29,05
828.0,831.0,Phylloscopus occipitalis,Western Crowned Warbler,0.7464,psl4,2024,06,29,05
837.0,840.0,Phylloscopus occipitalis,Western Crowned Warbler,0.7641,psl4,2024,06,29,05
840.0,843.0,Phylloscopus occipitalis,Western Crowned Warbler,0.6451,psl4,2024,06,29,05
843.0,846.0,Phylloscopus occipitalis,Western Crowned Warbler,0.9267,psl4,2024,06,29,05
846.0,849.0,Phylloscopus occipitalis,Western Crowned Warbler,0.7308,psl4,2024,06,29,05
849.0,852.0,Phylloscopus occipitalis,Western Crowned Warbler,0.8657,psl4,2024,06,29,05
852.0,855.0,Phylloscopus occipitalis,Western Crowned Warbler,0.8504,psl4,2024,06,29,05
855.0,858.0,Phylloscopus occipitalis,Western Crowned Warbler,0.8382,psl4,2024,06,29,05
858.0,861.0,Phylloscopus occipitalis,Western Crowned Warbler,0.9244,psl4,2024,06,29,05
861.0,864.0,Phylloscopus occipitalis,Western Crowned Warbler,0.679,psl4,2024,06,29,05
867.0,870.0,Phylloscopus occipitalis,Western Crowned Warbler,0.7379,psl4,2024,06,29,05
873.0,876.0,Phylloscopus occipitalis,Western Crowned Warbler,0.5216,psl4,2024,06,29,05
879.0,882.0,Phylloscopus occipitalis,Western Crowned Warbler,0.5262,psl4,2024,06,29,05
888.0,891.0,Phylloscopus occipitalis,Western Crowned Warbler,0.6911,psl4,2024,06,29,05
891.0,894.0,Phylloscopus occipitalis,Western Crowned Warbler,0.7701,psl4,2024,06,29,05
897.0,900.0,Phylloscopus occipitalis,Western Crowned Warbler,0.8788,psl4,2024,06,29,05
72.0,75.0,Phylloscopus occipitalis,Western Crowned Warbler,0.5693,psl4,2024,06,29,06
126.0,129.0,Phylloscopus occipitalis,Western Crowned Warbler,0.7872,psl4,2024,06,29,06
126.0,129.0,Phylloscopus tytleri,Tytler's Leaf Warbler,0.5292,psl4,2024,06,29,06
135.0,138.0,Phylloscopus occipitalis,Western Crowned Warbler,0.6046,psl4,2024,06,29,06
144.0,147.0,Phylloscopus occipitalis,Western Crowned Warbler,0.696,psl4,2024,06,29,06
147.0,150.0,Phylloscopus occipitalis,Western Crowned Warbler,0.5003,psl4,2024,06,29,06
171.0,174.0,Phylloscopus humei,Hume's Warbler,0.6438,psl4,2024,06,29,06
210.0,213.0,Phylloscopus occipitalis,Western Crowned Warbler,0.5671,psl4,2024,06,29,06
228.0,231.0,Phylloscopus occipitalis,Western Crowned Warbler,0.7486,psl4,2024,06,29,06
270.0,273.0,Phylloscopus humei,Hume's Warbler,0.8625,psl4,2024,06,29,06
306.0,309.0,Ficedula tricolor,Slaty-blue Flycatcher,0.7417,psl4,2024,06,29,06
330.0,333.0,Phylloscopus reguloides,Blyth's Leaf Warbler,0.5218,psl4,2024,06,29,06
339.0,342.0,Phylloscopus nitidus,Green Warbler,0.7369,psl4,2024,06,29,06
447.0,450.0,Luscinia phaenicuroides,White-bellied Redstart,0.5084,psl4,2024,06,29,06
672.0,675.0,Phylloscopus occipitalis,Western Crowned Warbler,0.5587,psl4,2024,06,29,06
690.0,693.0,Phylloscopus occipitalis,Western Crowned Warbler,0.7146,psl4,2024,06,29,06
696.0,699.0,Phylloscopus occipitalis,Western Crowned Warbler,0.7388,psl4,2024,06,29,06
711.0,714.0,Phylloscopus occipitalis,Western Crowned Warbler,0.6339,psl4,2024,06,29,06
765.0,768.0,Luscinia phaenicuroides,White-bellied Redstart,0.8633,psl4,2024,06,29,06
771.0,774.0,Phylloscopus occipitalis,Western Crowned Warbler,0.8956,psl4,2024,06,29,06
780.0,783.0,Luscinia phaenicuroides,White-bellied Redstart,0.868,psl4,2024,06,29,06
834.0,837.0,Phylloscopus nitidus,Green Warbler,0.5287,psl4,2024,06,29,06
855.0,858.0,Luscinia phaenicuroides,White-bellied Redstart,0.9676,psl4,2024,06,29,06
882.0,885.0,Luscinia phaenicuroides,White-bellied Redstart,0.5121,psl4,2024,06,29,06
885.0,888.0,Luscinia phaenicuroides,White-bellied Redstart,0.9274,psl4,2024,06,29,06
0.0,3.0,Phylloscopus occipitalis,Western Crowned Warbler,0.9934,psl4,2024,06,29,07
6.0,9.0,Phylloscopus occipitalis,Western Crowned Warbler,0.9719,psl4,2024,06,29,07
12.0,15.0,Phylloscopus occipitalis,Western Crowned Warbler,0.9614,psl4,2024,06,29,07
18.0,21.0,Phylloscopus occipitalis,Western Crowned Warbler,0.7645,psl4,2024,06,29,07
24.0,27.0,Phylloscopus occipitalis,Western Crowned Warbler,0.5561,psl4,2024,06,29,07
33.0,36.0,Phylloscopus occipitalis,Western Crowned Warbler,0.5667,psl4,2024,06,29,07
36.0,39.0,Phylloscopus occipitalis,Western Crowned Warbler,0.9231,psl4,2024,06,29,07
39.0,42.0,Phylloscopus occipitalis,Western Crowned Warbler,0.9474,psl4,2024,06,29,07
42.0,45.0,Phylloscopus occipitalis,Western Crowned Warbler,0.9272,psl4,2024,06,29,07
45.0,48.0,Phylloscopus occipitalis,Western Crowned Warbler,0.9492,psl4,2024,06,29,07
48.0,51.0,Phylloscopus occipitalis,Western Crowned Warbler,0.6842,psl4,2024,06,29,07
51.0,54.0,Phylloscopus occipitalis,Western Crowned Warbler,0.9953,psl4,2024,06,29,07
63.0,66.0,Phylloscopus occipitalis,Western Crowned Warbler,0.895,psl4,2024,06,29,07
66.0,69.0,Phylloscopus occipitalis,Western Crowned Warbler,0.826,psl4,2024,06,29,07
75.0,78.0,Phylloscopus occipitalis,Western Crowned Warbler,0.7583,psl4,2024,06,29,07
84.0,87.0,Phylloscopus occipitalis,Western Crowned Warbler,0.5873,psl4,2024,06,29,07
87.0,90.0,Phylloscopus occipitalis,Western Crowned Warbler,0.6748,psl4,2024,06,29,07
90.0,93.0,Phylloscopus occipitalis,Western Crowned Warbler,0.8572,psl4,2024,06,29,07
93.0,96.0,Phylloscopus occipitalis,Western Crowned Warbler,0.8842,psl4,2024,06,29,07
96.0,99.0,Phylloscopus occipitalis,Western Crowned Warbler,0.9327,psl4,2024,06,29,07
99.0,102.0,Phylloscopus occipitalis,Western Crowned Warbler,0.9098,psl4,2024,06,29,07
105.0,108.0,Phylloscopus occipitalis,Western Crowned Warbler,0.9278,psl4,2024,06,29,07
108.0,111.0,Phylloscopus occipitalis,Western Crowned Warbler,0.8367,psl4,2024,06,29,07
120.0,123.0,Phylloscopus occipitalis,Western Crowned Warbler,0.9412,psl4,2024,06,29,07
123.0,126.0,Phylloscopus occipitalis,Western Crowned Warbler,0.5229,psl4,2024,06,29,07
126.0,129.0,Phylloscopus occipitalis,Western Crowned Warbler,0.7025,psl4,2024,06,29,07
129.0,132.0,Phylloscopus occipitalis,Western Crowned Warbler,0.6847,psl4,2024,06,29,07
141.0,144.0,Phylloscopus occipitalis,Western Crowned Warbler,0.8534,psl4,2024,06,29,07
150.0,153.0,Phylloscopus occipitalis,Western Crowned Warbler,0.5028,psl4,2024,06,29,07
153.0,156.0,Phylloscopus occipitalis,Western Crowned Warbler,0.5385,psl4,2024,06,29,07
165.0,168.0,Phylloscopus occipitalis,Western Crowned Warbler,0.5172,psl4,2024,06,29,07
192.0,195.0,Phylloscopus occipitalis,Western Crowned Warbler,0.7195,psl4,2024,06,29,07
198.0,201.0,Phylloscopus occipitalis,Western Crowned Warbler,0.734,psl4,2024,06,29,07
201.0,204.0,Phylloscopus humei,Hume's Warbler,0.5181,psl4,2024,06,29,07
207.0,210.0,Phylloscopus occipitalis,Western Crowned Warbler,0.6626,psl4,2024,06,29,07
210.0,213.0,Phylloscopus occipitalis,Western Crowned Warbler,0.7131,psl4,2024,06,29,07
219.0,222.0,Phylloscopus occipitalis,Western Crowned Warbler,0.7183,psl4,2024,06,29,07
471.0,474.0,Haemorhous cassinii,Cassin's Finch,0.6093,psl4,2024,06,29,07
498.0,501.0,Phylloscopus occipitalis,Western Crowned Warbler,0.557,psl4,2024,06,29,07
510.0,513.0,Phylloscopus occipitalis,Western Crowned Warbler,0.5408,psl4,2024,06,29,07
528.0,531.0,Phylloscopus occipitalis,Western Crowned Warbler,0.7063,psl4,2024,06,29,07
585.0,588.0,Phylloscopus humei,Hume's Warbler,0.9481,psl4,2024,06,29,07
630.0,633.0,Phylloscopus humei,Hume's Warbler,0.5323,psl4,2024,06,29,07
633.0,636.0,Phylloscopus occipitalis,Western Crowned Warbler,0.5523,psl4,2024,06,29,07
636.0,639.0,Phylloscopus humei,Hume's Warbler,0.6378,psl4,2024,06,29,07
642.0,645.0,Phylloscopus humei,Hume's Warbler,0.5536,psl4,2024,06,29,07
666.0,669.0,Phylloscopus humei,Hume's Warbler,0.71,psl4,2024,06,29,07
687.0,690.0,Phylloscopus humei,Hume's Warbler,0.5908,psl4,2024,06,29,07
714.0,717.0,Phylloscopus humei,Hume's Warbler,0.5668,psl4,2024,06,29,07
747.0,750.0,Phylloscopus humei,Hume's Warbler,0.5987,psl4,2024,06,29,07
768.0,771.0,Phylloscopus humei,Hume's Warbler,0.5354,psl4,2024,06,29,07
828.0,831.0,Phylloscopus humei,Hume's Warbler,0.7528,psl4,2024,06,29,07
888.0,891.0,Phylloscopus humei,Hume's Warbler,0.7857,psl4,2024,06,29,07
21.0,24.0,Phylloscopus occipitalis,Western Crowned Warbler,0.8577,psl4,2024,06,30,05
24.0,27.0,Phylloscopus occipitalis,Western Crowned Warbler,0.749,psl4,2024,06,30,05
27.0,30.0,Phylloscopus occipitalis,Western Crowned Warbler,0.7689,psl4,2024,06,30,05
36.0,39.0,Phylloscopus occipitalis,Western Crowned Warbler,0.7902,psl4,2024,06,30,05
66.0,69.0,Phylloscopus occipitalis,Western Crowned Warbler,0.516,psl4,2024,06,30,05
69.0,72.0,Phylloscopus occipitalis,Western Crowned Warbler,0.7962,psl4,2024,06,30,05
84.0,87.0,Luscinia phaenicuroides,White-bellied Redstart,0.9934,psl4,2024,06,30,05
90.0,93.0,Luscinia phaenicuroides,White-bellied Redstart,0.9969,psl4,2024,06,30,05
90.0,93.0,Phylloscopus tytleri,Tytler's Leaf Warbler,0.6263,psl4,2024,06,30,05
93.0,96.0,Luscinia phaenicuroides,White-bellied Redstart,0.7038,psl4,2024,06,30,05
99.0,102.0,Luscinia phaenicuroides,White-bellied Redstart,0.9244,psl4,2024,06,30,05
102.0,105.0,Luscinia phaenicuroides,White-bellied Redstart,0.7269,psl4,2024,06,30,05
105.0,108.0,Luscinia phaenicuroides,White-bellied Redstart,0.9851,psl4,2024,06,30,05
108.0,111.0,Luscinia phaenicuroides,White-bellied Redstart,0.9868,psl4,2024,06,30,05
123.0,126.0,Luscinia phaenicuroides,White-bellied Redstart,0.7873,psl4,2024,06,30,05
141.0,144.0,Luscinia phaenicuroides,White-bellied Redstart,0.7472,psl4,2024,06,30,05
144.0,147.0,Phylloscopus occipitalis,Western Crowned Warbler,0.75,psl4,2024,06,30,05
147.0,150.0,Luscinia phaenicuroides,White-bellied Redstart,0.9776,psl4,2024,06,30,05
153.0,156.0,Luscinia phaenicuroides,White-bellied Redstart,0.9661,psl4,2024,06,30,05
159.0,162.0,Luscinia phaenicuroides,White-bellied Redstart,0.6184,psl4,2024,06,30,05
171.0,174.0,Luscinia phaenicuroides,White-bellied Redstart,0.5139,psl4,2024,06,30,05
177.0,180.0,Luscinia phaenicuroides,White-bellied Redstart,0.9367,psl4,2024,06,30,05
183.0,186.0,Luscinia phaenicuroides,White-bellied Redstart,0.7346,psl4,2024,06,30,05
189.0,192.0,Luscinia phaenicuroides,White-bellied Redstart,0.8171,psl4,2024,06,30,05
195.0,198.0,Luscinia phaenicuroides,White-bellied Redstart,0.5957,psl4,2024,06,30,05
198.0,201.0,Phylloscopus occipitalis,Western Crowned Warbler,0.5675,psl4,2024,06,30,05
225.0,228.0,Luscinia phaenicuroides,White-bellied Redstart,0.6556,psl4,2024,06,30,05
231.0,234.0,Luscinia phaenicuroides,White-bellied Redstart,0.6514,psl4,2024,06,30,05
231.0,234.0,Phylloscopus tytleri,Tytler's Leaf Warbler,0.5111,psl4,2024,06,30,05
258.0,261.0,Luscinia phaenicuroides,White-bellied Redstart,0.7815,psl4,2024,06,30,05
261.0,264.0,Luscinia phaenicuroides,White-bellied Redstart,0.8981,psl4,2024,06,30,05
273.0,276.0,Luscinia phaenicuroides,White-bellied Redstart,0.9814,psl4,2024,06,30,05
279.0,282.0,Luscinia phaenicuroides,White-bellied Redstart,0.5111,psl4,2024,06,30,05
282.0,285.0,Luscinia phaenicuroides,White-bellied Redstart,0.7174,psl4,2024,06,30,05
285.0,288.0,Luscinia phaenicuroides,White-bellied Redstart,0.5974,psl4,2024,06,30,05
288.0,291.0,Luscinia phaenicuroides,White-bellied Redstart,0.584,psl4,2024,06,30,05
297.0,300.0,Luscinia phaenicuroides,White-bellied Redstart,0.9839,psl4,2024,06,30,05
300.0,303.0,Luscinia phaenicuroides,White-bellied Redstart,0.6931,psl4,2024,06,30,05
309.0,312.0,Luscinia phaenicuroides,White-bellied Redstart,0.608,psl4,2024,06,30,05
315.0,318.0,Phylloscopus occipitalis,Western Crowned Warbler,0.5978,psl4,2024,06,30,05
321.0,324.0,Luscinia phaenicuroides,White-bellied Redstart,0.5455,psl4,2024,06,30,05
336.0,339.0,Luscinia phaenicuroides,White-bellied Redstart,0.6364,psl4,2024,06,30,05
342.0,345.0,Phylloscopus tytleri,Tytler's Leaf Warbler,0.7322,psl4,2024,06,30,05
342.0,345.0,Luscinia phaenicuroides,White-bellied Redstart,0.5634,psl4,2024,06,30,05
348.0,351.0,Luscinia phaenicuroides,White-bellied Redstart,0.8569,psl4,2024,06,30,05
381.0,384.0,Trochalopteron variegatum,Variegated Laughingthrush,0.8676,psl4,2024,06,30,05
387.0,390.0,Luscinia phaenicuroides,White-bellied Redstart,0.5431,psl4,2024,06,30,05
393.0,396.0,Trochalopteron variegatum,Variegated Laughingthrush,0.7617,psl4,2024,06,30,05
528.0,531.0,Trochalopteron variegatum,Variegated Laughingthrush,0.6134,psl4,2024,06,30,05
534.0,537.0,Trochalopteron variegatum,Variegated Laughingthrush,0.8823,psl4,2024,06,30,05
543.0,546.0,Trochalopteron variegatum,Variegated Laughingthrush,0.852,psl4,2024,06,30,05
555.0,558.0,Trochalopteron variegatum,Variegated Laughingthrush,0.8989,psl4,2024,06,30,05
558.0,561.0,Trochalopteron variegatum,Variegated Laughingthrush,0.571,psl4,2024,06,30,05
561.0,564.0,Trochalopteron variegatum,Variegated Laughingthrush,0.6768,psl4,2024,06,30,05
564.0,567.0,Trochalopteron variegatum,Variegated Laughingthrush,0.7923,psl4,2024,06,30,05
570.0,573.0,Trochalopteron variegatum,Variegated Laughingthrush,0.922,psl4,2024,06,30,05
573.0,576.0,Trochalopteron variegatum,Variegated Laughingthrush,0.7728,psl4,2024,06,30,05
579.0,582.0,Trochalopteron variegatum,Variegated Laughingthrush,0.9445,psl4,2024,06,30,05
585.0,588.0,Trochalopteron variegatum,Variegated Laughingthrush,0.593,psl4,2024,06,30,05
591.0,594.0,Phylloscopus occipitalis,Western Crowned Warbler,0.6089,psl4,2024,06,30,05
597.0,600.0,Phylloscopus occipitalis,Western Crowned Warbler,0.767,psl4,2024,06,30,05
609.0,612.0,Trochalopteron variegatum,Variegated Laughingthrush,0.7758,psl4,2024,06,30,05
612.0,615.0,Phylloscopus occipitalis,Western Crowned Warbler,0.5978,psl4,2024,06,30,05
618.0,621.0,Phylloscopus occipitalis,Western Crowned Warbler,0.6405,psl4,2024,06,30,05
627.0,630.0,Phylloscopus occipitalis,Western Crowned Warbler,0.7477,psl4,2024,06,30,05
642.0,645.0,Phylloscopus occipitalis,Western Crowned Warbler,0.9332,psl4,2024,06,30,05
645.0,648.0,Phylloscopus occipitalis,Western Crowned Warbler,0.7873,psl4,2024,06,30,05
651.0,654.0,Phylloscopus occipitalis,Western Crowned Warbler,0.5413,psl4,2024,06,30,05
660.0,663.0,Phylloscopus occipitalis,Western Crowned Warbler,0.7506,psl4,2024,06,30,05
669.0,672.0,Phylloscopus tytleri,Tytler's Leaf Warbler,0.5561,psl4,2024,06,30,05
672.0,675.0,Trochalopteron variegatum,Variegated Laughingthrush,0.842,psl4,2024,06,30,05
672.0,675.0,Phylloscopus occipitalis,Western Crowned Warbler,0.507,psl4,2024,06,30,05
675.0,678.0,Phylloscopus occipitalis,Western Crowned Warbler,0.6018,psl4,2024,06,30,05
678.0,681.0,Trochalopteron variegatum,Variegated Laughingthrush,0.5878,psl4,2024,06,30,05
681.0,684.0,Phylloscopus occipitalis,Western Crowned Warbler,0.8168,psl4,2024,06,30,05
690.0,693.0,Phylloscopus occipitalis,Western Crowned Warbler,0.8216,psl4,2024,06,30,05
693.0,696.0,Trochalopteron variegatum,Variegated Laughingthrush,0.7291,psl4,2024,06,30,05
702.0,705.0,Trochalopteron variegatum,Variegated Laughingthrush,0.9,psl4,2024,06,30,05
720.0,723.0,Phylloscopus occipitalis,Western Crowned Warbler,0.7048,psl4,2024,06,30,05
723.0,726.0,Trochalopteron variegatum,Variegated Laughingthrush,0.5348,psl4,2024,06,30,05
726.0,729.0,Phylloscopus occipitalis,Western Crowned Warbler,0.6553,psl4,2024,06,30,05
732.0,735.0,Trochalopteron variegatum,Variegated Laughingthrush,0.9453,psl4,2024,06,30,05
738.0,741.0,Trochalopteron variegatum,Variegated Laughingthrush,0.942,psl4,2024,06,30,05
741.0,744.0,Phylloscopus occipitalis,Western Crowned Warbler,0.6423,psl4,2024,06,30,05
744.0,747.0,Trochalopteron variegatum,Variegated Laughingthrush,0.6457,psl4,2024,06,30,05
747.0,750.0,Phylloscopus occipitalis,Western Crowned Warbler,0.8183,psl4,2024,06,30,05
747.0,750.0,Phylloscopus tytleri,Tytler's Leaf Warbler,0.5938,psl4,2024,06,30,05
750.0,753.0,Trochalopteron variegatum,Variegated Laughingthrush,0.5356,psl4,2024,06,30,05
753.0,756.0,Trochalopteron variegatum,Variegated Laughingthrush,0.5036,psl4,2024,06,30,05
756.0,759.0,Phylloscopus occipitalis,Western Crowned Warbler,0.8077,psl4,2024,06,30,05
759.0,762.0,Trochalopteron variegatum,Variegated Laughingthrush,0.9902,psl4,2024,06,30,05
762.0,765.0,Phylloscopus occipitalis,Western Crowned Warbler,0.8354,psl4,2024,06,30,05
777.0,780.0,Phylloscopus occipitalis,Western Crowned Warbler,0.6344,psl4,2024,06,30,05
792.0,795.0,Phylloscopus occipitalis,Western Crowned Warbler,0.7412,psl4,2024,06,30,05
795.0,798.0,Phylloscopus occipitalis,Western Crowned Warbler,0.8376,psl4,2024,06,30,05
798.0,801.0,Trochalopteron variegatum,Variegated Laughingthrush,0.9194,psl4,2024,06,30,05
804.0,807.0,Phylloscopus occipitalis,Western Crowned Warbler,0.808,psl4,2024,06,30,05
810.0,813.0,Phylloscopus tytleri,Tytler's Leaf Warbler,0.7876,psl4,2024,06,30,05
810.0,813.0,Luscinia phaenicuroides,White-bellied Redstart,0.7102,psl4,2024,06,30,05
816.0,819.0,Phylloscopus occipitalis,Western Crowned Warbler,0.7353,psl4,2024,06,30,05
822.0,825.0,Phylloscopus occipitalis,Western Crowned Warbler,0.5001,psl4,2024,06,30,05
834.0,837.0,Phylloscopus occipitalis,Western Crowned Warbler,0.7009,psl4,2024,06,30,05
837.0,840.0,Trochalopteron variegatum,Variegated Laughingthrush,0.5193,psl4,2024,06,30,05
840.0,843.0,Phylloscopus occipitalis,Western Crowned Warbler,0.7365,psl4,2024,06,30,05
843.0,846.0,Phylloscopus occipitalis,Western Crowned Warbler,0.6164,psl4,2024,06,30,05
846.0,849.0,Phylloscopus occipitalis,Western Crowned Warbler,0.676,psl4,2024,06,30,05
849.0,852.0,Phylloscopus occipitalis,Western Crowned Warbler,0.6698,psl4,2024,06,30,05
852.0,855.0,Phylloscopus occipitalis,Western Crowned Warbler,0.6714,psl4,2024,06,30,05
855.0,858.0,Phylloscopus occipitalis,Western Crowned Warbler,0.5731,psl4,2024,06,30,05
867.0,870.0,Phylloscopus occipitalis,Western Crowned Warbler,0.5595,psl4,2024,06,30,05
873.0,876.0,Trochalopteron variegatum,Variegated Laughingthrush,0.9822,psl4,2024,06,30,05
876.0,879.0,Phylloscopus occipitalis,Western Crowned Warbler,0.7873,psl4,2024,06,30,05
879.0,882.0,Trochalopteron variegatum,Variegated Laughingthrush,0.9956,psl4,2024,06,30,05
882.0,885.0,Phylloscopus occipitalis,Western Crowned Warbler,0.7344,psl4,2024,06,30,05
885.0,888.0,Trochalopteron variegatum,Variegated Laughingthrush,0.9979,psl4,2024,06,30,05
891.0,894.0,Trochalopteron variegatum,Variegated Laughingthrush,0.9807,psl4,2024,06,30,05
897.0,900.0,Phylloscopus occipitalis,Western Crowned Warbler,0.6353,psl4,2024,06,30,05
15.0,18.0,Phylloscopus occipitalis,Western Crowned Warbler,0.5211,psl4,2024,06,30,06
57.0,60.0,Phylloscopus occipitalis,Western Crowned Warbler,0.5468,psl4,2024,06,30,06
75.0,78.0,Phylloscopus humei,Hume's Warbler,0.7769,psl4,2024,06,30,06
81.0,84.0,Phylloscopus occipitalis,Western Crowned Warbler,0.5601,psl4,2024,06,30,06
99.0,102.0,Phylloscopus occipitalis,Western Crowned Warbler,0.6308,psl4,2024,06,30,06
120.0,123.0,Phylloscopus occipitalis,Western Crowned Warbler,0.5915,psl4,2024,06,30,06
144.0,147.0,Phylloscopus occipitalis,Western Crowned Warbler,0.6419,psl4,2024,06,30,06
153.0,156.0,Phylloscopus occipitalis,Western Crowned Warbler,0.6473,psl4,2024,06,30,06
159.0,162.0,Trochalopteron variegatum,Variegated Laughingthrush,0.8219,psl4,2024,06,30,06
165.0,168.0,Trochalopteron variegatum,Variegated Laughingthrush,0.5054,psl4,2024,06,30,06
174.0,177.0,Phylloscopus occipitalis,Western Crowned Warbler,0.6743,psl4,2024,06,30,06
192.0,195.0,Phylloscopus occipitalis,Western Crowned Warbler,0.7091,psl4,2024,06,30,06
255.0,258.0,Phylloscopus tytleri,Tytler's Leaf Warbler,0.6078,psl4,2024,06,30,06
570.0,573.0,Phylloscopus occipitalis,Western Crowned Warbler,0.7211,psl4,2024,06,30,06
633.0,636.0,Phylloscopus occipitalis,Western Crowned Warbler,0.5109,psl4,2024,06,30,06
645.0,648.0,Phylloscopus occipitalis,Western Crowned Warbler,0.6914,psl4,2024,06,30,06
675.0,678.0,Phylloscopus occipitalis,Western Crowned Warbler,0.5518,psl4,2024,06,30,06
696.0,699.0,Phylloscopus occipitalis,Western Crowned Warbler,0.5997,psl4,2024,06,30,06
768.0,771.0,Phylloscopus humei,Hume's Warbler,0.7273,psl4,2024,06,30,06
771.0,774.0,Phylloscopus occipitalis,Western Crowned Warbler,0.8645,psl4,2024,06,30,06
777.0,780.0,Phylloscopus occipitalis,Western Crowned Warbler,0.7296,psl4,2024,06,30,06
783.0,786.0,Phylloscopus occipitalis,Western Crowned Warbler,0.8443,psl4,2024,06,30,06
804.0,807.0,Phylloscopus occipitalis,Western Crowned Warbler,0.6173,psl4,2024,06,30,06
819.0,822.0,Phylloscopus occipitalis,Western Crowned Warbler,0.9399,psl4,2024,06,30,06
825.0,828.0,Phylloscopus occipitalis,Western Crowned Warbler,0.9253,psl4,2024,06,30,06
840.0,843.0,Phylloscopus occipitalis,Western Crowned Warbler,0.5423,psl4,2024,06,30,06
852.0,855.0,Phylloscopus occipitalis,Western Crowned Warbler,0.8198,psl4,2024,06,30,06
864.0,867.0,Phylloscopus occipitalis,Western Crowned Warbler,0.8664,psl4,2024,06,30,06
867.0,870.0,Calliope pectoralis,Himalayan Rubythroat,0.5332,psl4,2024,06,30,06
12.0,15.0,Phylloscopus occipitalis,Western Crowned Warbler,0.6948,psl4,2024,06,30,07
15.0,18.0,Phylloscopus occipitalis,Western Crowned Warbler,0.6015,psl4,2024,06,30,07
18.0,21.0,Phylloscopus occipitalis,Western Crowned Warbler,0.6537,psl4,2024,06,30,07
24.0,27.0,Phylloscopus occipitalis,Western Crowned Warbler,0.6352,psl4,2024,06,30,07
30.0,33.0,Phylloscopus occipitalis,Western Crowned Warbler,0.9131,psl4,2024,06,30,07
36.0,39.0,Phylloscopus occipitalis,Western Crowned Warbler,0.6182,psl4,2024,06,30,07
45.0,48.0,Phylloscopus occipitalis,Western Crowned Warbler,0.8647,psl4,2024,06,30,07
48.0,51.0,Phylloscopus occipitalis,Western Crowned Warbler,0.6225,psl4,2024,06,30,07
102.0,105.0,Phylloscopus occipitalis,Western Crowned Warbler,0.6754,psl4,2024,06,30,07
117.0,120.0,Phylloscopus occipitalis,Western Crowned Warbler,0.9634,psl4,2024,06,30,07
120.0,123.0,Phylloscopus occipitalis,Western Crowned Warbler,0.7831,psl4,2024,06,30,07
126.0,129.0,Phylloscopus occipitalis,Western Crowned Warbler,0.9702,psl4,2024,06,30,07
129.0,132.0,Phylloscopus occipitalis,Western Crowned Warbler,0.9683,psl4,2024,06,30,07
135.0,138.0,Phylloscopus occipitalis,Western Crowned Warbler,0.8567,psl4,2024,06,30,07
144.0,147.0,Phylloscopus occipitalis,Western Crowned Warbler,0.6339,psl4,2024,06,30,07
150.0,153.0,Phylloscopus occipitalis,Western Crowned Warbler,0.5977,psl4,2024,06,30,07
186.0,189.0,Phylloscopus occipitalis,Western Crowned Warbler,0.5686,psl4,2024,06,30,07
219.0,222.0,Phylloscopus occipitalis,Western Crowned Warbler,0.6236,psl4,2024,06,30,07
240.0,243.0,Phylloscopus occipitalis,Western Crowned Warbler,0.5131,psl4,2024,06,30,07
288.0,291.0,Protonotaria citrea,Prothonotary Warbler,0.5186,psl4,2024,06,30,07
291.0,294.0,Phylloscopus occipitalis,Western Crowned Warbler,0.6193,psl4,2024,06,30,07
297.0,300.0,Phylloscopus occipitalis,Western Crowned Warbler,0.6765,psl4,2024,06,30,07
300.0,303.0,Phylloscopus occipitalis,Western Crowned Warbler,0.6431,psl4,2024,06,30,07
303.0,306.0,Phylloscopus occipitalis,Western Crowned Warbler,0.5625,psl4,2024,06,30,07
306.0,309.0,Phylloscopus occipitalis,Western Crowned Warbler,0.5533,psl4,2024,06,30,07
336.0,339.0,Phylloscopus occipitalis,Western Crowned Warbler,0.5265,psl4,2024,06,30,07
342.0,345.0,Phylloscopus occipitalis,Western Crowned Warbler,0.7267,psl4,2024,06,30,07
348.0,351.0,Phylloscopus occipitalis,Western Crowned Warbler,0.6519,psl4,2024,06,30,07
351.0,354.0,Phylloscopus occipitalis,Western Crowned Warbler,0.72,psl4,2024,06,30,07
354.0,357.0,Phylloscopus occipitalis,Western Crowned Warbler,0.5922,psl4,2024,06,30,07
357.0,360.0,Phylloscopus occipitalis,Western Crowned Warbler,0.849,psl4,2024,06,30,07
360.0,363.0,Phylloscopus occipitalis,Western Crowned Warbler,0.8615,psl4,2024,06,30,07
363.0,366.0,Phylloscopus occipitalis,Western Crowned Warbler,0.7627,psl4,2024,06,30,07
369.0,372.0,Phylloscopus occipitalis,Western Crowned Warbler,0.9226,psl4,2024,06,30,07
402.0,405.0,Phylloscopus occipitalis,Western Crowned Warbler,0.7356,psl4,2024,06,30,07
405.0,408.0,Phylloscopus occipitalis,Western Crowned Warbler,0.6888,psl4,2024,06,30,07
459.0,462.0,Ficedula tricolor,Slaty-blue Flycatcher,0.8531,psl4,2024,06,30,07
543.0,546.0,Phylloscopus occipitalis,Western Crowned Warbler,0.5299,psl4,2024,06,30,07
552.0,555.0,Phylloscopus occipitalis,Western Crowned Warbler,0.5209,psl4,2024,06,30,07
558.0,561.0,Phylloscopus occipitalis,Western Crowned Warbler,0.6542,psl4,2024,06,30,07
582.0,585.0,Phylloscopus occipitalis,Western Crowned Warbler,0.5846,psl4,2024,06,30,07
603.0,606.0,Phylloscopus occipitalis,Western Crowned Warbler,0.869,psl4,2024,06,30,07
609.0,612.0,Phylloscopus occipitalis,Western Crowned Warbler,0.7223,psl4,2024,06,30,07
624.0,627.0,Phylloscopus occipitalis,Western Crowned Warbler,0.5434,psl4,2024,06,30,07
630.0,633.0,Phylloscopus occipitalis,Western Crowned Warbler,0.6684,psl4,2024,06,30,07
636.0,639.0,Phylloscopus occipitalis,Western Crowned Warbler,0.9037,psl4,2024,06,30,07
639.0,642.0,Phylloscopus occipitalis,Western Crowned Warbler,0.712,psl4,2024,06,30,07
657.0,660.0,Phylloscopus occipitalis,Western Crowned Warbler,0.7087,psl4,2024,06,30,07
684.0,687.0,Phylloscopus occipitalis,Western Crowned Warbler,0.6121,psl4,2024,06,30,07
714.0,717.0,Phylloscopus occipitalis,Western Crowned Warbler,0.5224,psl4,2024,06,30,07
720.0,723.0,Phylloscopus occipitalis,Western Crowned Warbler,0.5556,psl4,2024,06,30,07
723.0,726.0,Phylloscopus occipitalis,Western Crowned Warbler,0.6966,psl4,2024,06,30,07
729.0,732.0,Phylloscopus occipitalis,Western Crowned Warbler,0.6076,psl4,2024,06,30,07
783.0,786.0,Phylloscopus humei,Hume's Warbler,0.5319,psl4,2024,06,30,07
792.0,795.0,Phylloscopus humei,Hume's Warbler,0.8213,psl4,2024,06,30,07
798.0,801.0,Phylloscopus humei,Hume's Warbler,0.9404,psl4,2024,06,30,07
804.0,807.0,Phylloscopus humei,Hume's Warbler,0.6862,psl4,2024,06,30,07
813.0,816.0,Phylloscopus humei,Hume's Warbler,0.8736,psl4,2024,06,30,07
819.0,822.0,Phylloscopus humei,Hume's Warbler,0.5992,psl4,2024,06,30,07
825.0,828.0,Phylloscopus humei,Hume's Warbler,0.9262,psl4,2024,06,30,07
831.0,834.0,Phylloscopus humei,Hume's Warbler,0.9296,psl4,2024,06,30,07
840.0,843.0,Phylloscopus humei,Hume's Warbler,0.8656,psl4,2024,06,30,07
843.0,846.0,Phylloscopus humei,Hume's Warbler,0.7102,psl4,2024,06,30,07
0.0,3.0,Phylloscopus occipitalis,Western Crowned Warbler,0.8145,psl4,2024,07,01,05
3.0,6.0,Phylloscopus occipitalis,Western Crowned Warbler,0.9661,psl4,2024,07,01,05
3.0,6.0,Phylloscopus reguloides,Blyth's Leaf Warbler,0.5481,psl4,2024,07,01,05
27.0,30.0,Phylloscopus occipitalis,Western Crowned Warbler,0.5032,psl4,2024,07,01,05
30.0,33.0,Phylloscopus occipitalis,Western Crowned Warbler,0.7832,psl4,2024,07,01,05
33.0,36.0,Phylloscopus occipitalis,Western Crowned Warbler,0.6475,psl4,2024,07,01,05
39.0,42.0,Phylloscopus occipitalis,Western Crowned Warbler,0.7298,psl4,2024,07,01,05
45.0,48.0,Phylloscopus occipitalis,Western Crowned Warbler,0.8992,psl4,2024,07,01,05
72.0,75.0,Phylloscopus occipitalis,Western Crowned Warbler,0.7113,psl4,2024,07,01,05
78.0,81.0,Phylloscopus occipitalis,Western Crowned Warbler,0.5256,psl4,2024,07,01,05
87.0,90.0,Phylloscopus occipitalis,Western Crowned Warbler,0.8986,psl4,2024,07,01,05
102.0,105.0,Phylloscopus occipitalis,Western Crowned Warbler,0.6567,psl4,2024,07,01,05
111.0,114.0,Phylloscopus occipitalis,Western Crowned Warbler,0.7739,psl4,2024,07,01,05
123.0,126.0,Phylloscopus occipitalis,Western Crowned Warbler,0.5628,psl4,2024,07,01,05
150.0,153.0,Phylloscopus occipitalis,Western Crowned Warbler,0.5748,psl4,2024,07,01,05
159.0,162.0,Phylloscopus occipitalis,Western Crowned Warbler,0.5772,psl4,2024,07,01,05
171.0,174.0,Phylloscopus occipitalis,Western Crowned Warbler,0.5077,psl4,2024,07,01,05
210.0,213.0,Phylloscopus occipitalis,Western Crowned Warbler,0.5159,psl4,2024,07,01,05
213.0,216.0,Phylloscopus occipitalis,Western Crowned Warbler,0.5585,psl4,2024,07,01,05
216.0,219.0,Phylloscopus occipitalis,Western Crowned Warbler,0.6709,psl4,2024,07,01,05
270.0,273.0,Phylloscopus occipitalis,Western Crowned Warbler,0.5936,psl4,2024,07,01,05
279.0,282.0,Phylloscopus occipitalis,Western Crowned Warbler,0.6502,psl4,2024,07,01,05
291.0,294.0,Phylloscopus occipitalis,Western Crowned Warbler,0.5274,psl4,2024,07,01,05
306.0,309.0,Luscinia phaenicuroides,White-bellied Redstart,0.5534,psl4,2024,07,01,05
336.0,339.0,Phylloscopus occipitalis,Western Crowned Warbler,0.556,psl4,2024,07,01,05
348.0,351.0,Phylloscopus occipitalis,Western Crowned Warbler,0.719,psl4,2024,07,01,05
366.0,369.0,Phylloscopus occipitalis,Western Crowned Warbler,0.5008,psl4,2024,07,01,05
378.0,381.0,Phylloscopus occipitalis,Western Crowned Warbler,0.594,psl4,2024,07,01,05
393.0,396.0,Phylloscopus occipitalis,Western Crowned Warbler,0.5791,psl4,2024,07,01,05
402.0,405.0,Phylloscopus occipitalis,Western Crowned Warbler,0.7094,psl4,2024,07,01,05
414.0,417.0,Trochalopteron variegatum,Variegated Laughingthrush,0.5218,psl4,2024,07,01,05
420.0,423.0,Phylloscopus occipitalis,Western Crowned Warbler,0.6009,psl4,2024,07,01,05
429.0,432.0,Phylloscopus occipitalis,Western Crowned Warbler,0.6569,psl4,2024,07,01,05
453.0,456.0,Luscinia phaenicuroides,White-bellied Redstart,0.923,psl4,2024,07,01,05
453.0,456.0,Phylloscopus tytleri,Tytler's Leaf Warbler,0.5137,psl4,2024,07,01,05
462.0,465.0,Luscinia phaenicuroides,White-bellied Redstart,0.7231,psl4,2024,07,01,05
465.0,468.0,Luscinia phaenicuroides,White-bellied Redstart,0.5529,psl4,2024,07,01,05
507.0,510.0,Trochalopteron variegatum,Variegated Laughingthrush,0.6873,psl4,2024,07,01,05
534.0,537.0,Luscinia phaenicuroides,White-bellied Redstart,0.9609,psl4,2024,07,01,05
546.0,549.0,Luscinia phaenicuroides,White-bellied Redstart,0.8726,psl4,2024,07,01,05
555.0,558.0,Trochalopteron variegatum,Variegated Laughingthrush,0.9539,psl4,2024,07,01,05
558.0,561.0,Luscinia phaenicuroides,White-bellied Redstart,0.8519,psl4,2024,07,01,05
570.0,573.0,Trochalopteron variegatum,Variegated Laughingthrush,0.8477,psl4,2024,07,01,05
594.0,597.0,Trochalopteron variegatum,Variegated Laughingthrush,0.9038,psl4,2024,07,01,05
603.0,606.0,Trochalopteron variegatum,Variegated Laughingthrush,0.7025,psl4,2024,07,01,05
609.0,612.0,Trochalopteron variegatum,Variegated Laughingthrush,0.848,psl4,2024,07,01,05
612.0,615.0,Trochalopteron variegatum,Variegated Laughingthrush,0.8535,psl4,2024,07,01,05
615.0,618.0,Trochalopteron variegatum,Variegated Laughingthrush,0.7751,psl4,2024,07,01,05
624.0,627.0,Trochalopteron variegatum,Variegated Laughingthrush,0.7377,psl4,2024,07,01,05
627.0,630.0,Trochalopteron variegatum,Variegated Laughingthrush,0.665,psl4,2024,07,01,05
633.0,636.0,Trochalopteron variegatum,Variegated Laughingthrush,0.6341,psl4,2024,07,01,05
672.0,675.0,Phylloscopus occipitalis,Western Crowned Warbler,0.6246,psl4,2024,07,01,05
675.0,678.0,Trochalopteron variegatum,Variegated Laughingthrush,0.6946,psl4,2024,07,01,05
678.0,681.0,Phylloscopus occipitalis,Western Crowned Warbler,0.7217,psl4,2024,07,01,05
690.0,693.0,Trochalopteron variegatum,Variegated Laughingthrush,0.8372,psl4,2024,07,01,05
696.0,699.0,Trochalopteron variegatum,Variegated Laughingthrush,0.9193,psl4,2024,07,01,05
702.0,705.0,Trochalopteron variegatum,Variegated Laughingthrush,0.6162,psl4,2024,07,01,05
711.0,714.0,Phylloscopus occipitalis,Western Crowned Warbler,0.6354,psl4,2024,07,01,05
717.0,720.0,Phylloscopus occipitalis,Western Crowned Warbler,0.7989,psl4,2024,07,01,05
726.0,729.0,Phylloscopus occipitalis,Western Crowned Warbler,0.8882,psl4,2024,07,01,05
732.0,735.0,Phylloscopus occipitalis,Western Crowned Warbler,0.6315,psl4,2024,07,01,05
735.0,738.0,Phylloscopus occipitalis,Western Crowned Warbler,0.5266,psl4,2024,07,01,05
741.0,744.0,Phylloscopus occipitalis,Western Crowned Warbler,0.5833,psl4,2024,07,01,05
777.0,780.0,Phylloscopus occipitalis,Western Crowned Warbler,0.7042,psl4,2024,07,01,05
786.0,789.0,Phylloscopus occipitalis,Western Crowned Warbler,0.5426,psl4,2024,07,01,05
792.0,795.0,Phylloscopus occipitalis,Western Crowned Warbler,0.8602,psl4,2024,07,01,05
798.0,801.0,Phylloscopus occipitalis,Western Crowned Warbler,0.6536,psl4,2024,07,01,05
801.0,804.0,Phylloscopus occipitalis,Western Crowned Warbler,0.9401,psl4,2024,07,01,05
804.0,807.0,Phylloscopus occipitalis,Western Crowned Warbler,0.6064,psl4,2024,07,01,05
807.0,810.0,Phylloscopus occipitalis,Western Crowned Warbler,0.6418,psl4,2024,07,01,05
813.0,816.0,Phylloscopus occipitalis,Western Crowned Warbler,0.7064,psl4,2024,07,01,05
822.0,825.0,Phylloscopus occipitalis,Western Crowned Warbler,0.6752,psl4,2024,07,01,05
825.0,828.0,Phylloscopus occipitalis,Western Crowned Warbler,0.5123,psl4,2024,07,01,05
840.0,843.0,Phylloscopus occipitalis,Western Crowned Warbler,0.5986,psl4,2024,07,01,05
843.0,846.0,Phylloscopus occipitalis,Western Crowned Warbler,0.5049,psl4,2024,07,01,05
846.0,849.0,Phylloscopus occipitalis,Western Crowned Warbler,0.6627,psl4,2024,07,01,05
849.0,852.0,Phylloscopus occipitalis,Western Crowned Warbler,0.6463,psl4,2024,07,01,05
858.0,861.0,Phylloscopus occipitalis,Western Crowned Warbler,0.578,psl4,2024,07,01,05
861.0,864.0,Phylloscopus occipitalis,Western Crowned Warbler,0.6183,psl4,2024,07,01,05
867.0,870.0,Phylloscopus occipitalis,Western Crowned Warbler,0.7298,psl4,2024,07,01,05
876.0,879.0,Phylloscopus occipitalis,Western Crowned Warbler,0.727,psl4,2024,07,01,05
891.0,894.0,Phylloscopus occipitalis,Western Crowned Warbler,0.5599,psl4,2024,07,01,05
27.0,30.0,Phylloscopus occipitalis,Western Crowned Warbler,0.781,psl4,2024,07,01,06
30.0,33.0,Phylloscopus occipitalis,Western Crowned Warbler,0.6595,psl4,2024,07,01,06
39.0,42.0,Phylloscopus occipitalis,Western Crowned Warbler,0.6413,psl4,2024,07,01,06
93.0,96.0,Phylloscopus occipitalis,Western Crowned Warbler,0.5343,psl4,2024,07,01,06
357.0,360.0,Trochalopteron variegatum,Variegated Laughingthrush,0.6513,psl4,2024,07,01,06
390.0,393.0,Trochalopteron variegatum,Variegated Laughingthrush,0.8417,psl4,2024,07,01,06
408.0,411.0,Phylloscopus occipitalis,Western Crowned Warbler,0.8221,psl4,2024,07,01,06
414.0,417.0,Phylloscopus occipitalis,Western Crowned Warbler,0.5769,psl4,2024,07,01,06
438.0,441.0,Phylloscopus occipitalis,Western Crowned Warbler,0.5215,psl4,2024,07,01,06
441.0,444.0,Phylloscopus occipitalis,Western Crowned Warbler,0.5822,psl4,2024,07,01,06
447.0,450.0,Phylloscopus occipitalis,Western Crowned Warbler,0.5564,psl4,2024,07,01,06
450.0,453.0,Phylloscopus occipitalis,Western Crowned Warbler,0.5325,psl4,2024,07,01,06
453.0,456.0,Phylloscopus occipitalis,Western Crowned Warbler,0.5301,psl4,2024,07,01,06
456.0,459.0,Phylloscopus occipitalis,Western Crowned Warbler,0.675,psl4,2024,07,01,06
459.0,462.0,Phylloscopus occipitalis,Western Crowned Warbler,0.6693,psl4,2024,07,01,06
495.0,498.0,Phylloscopus occipitalis,Western Crowned Warbler,0.5159,psl4,2024,07,01,06
504.0,507.0,Phylloscopus occipitalis,Western Crowned Warbler,0.6748,psl4,2024,07,01,06
513.0,516.0,Phylloscopus occipitalis,Western Crowned Warbler,0.5086,psl4,2024,07,01,06
534.0,537.0,Phylloscopus occipitalis,Western Crowned Warbler,0.5825,psl4,2024,07,01,06
540.0,543.0,Phylloscopus occipitalis,Western Crowned Warbler,0.6933,psl4,2024,07,01,06
546.0,549.0,Phylloscopus occipitalis,Western Crowned Warbler,0.5764,psl4,2024,07,01,06
564.0,567.0,Phylloscopus occipitalis,Western Crowned Warbler,0.8025,psl4,2024,07,01,06
573.0,576.0,Phylloscopus occipitalis,Western Crowned Warbler,0.668,psl4,2024,07,01,06
597.0,600.0,Phylloscopus occipitalis,Western Crowned Warbler,0.5804,psl4,2024,07,01,06
600.0,603.0,Phylloscopus occipitalis,Western Crowned Warbler,0.7996,psl4,2024,07,01,06
609.0,612.0,Phylloscopus occipitalis,Western Crowned Warbler,0.9642,psl4,2024,07,01,06
612.0,615.0,Phylloscopus occipitalis,Western Crowned Warbler,0.5829,psl4,2024,07,01,06
615.0,618.0,Phylloscopus occipitalis,Western Crowned Warbler,0.6297,psl4,2024,07,01,06
621.0,624.0,Phylloscopus occipitalis,Western Crowned Warbler,0.6721,psl4,2024,07,01,06
630.0,633.0,Phylloscopus occipitalis,Western Crowned Warbler,0.8375,psl4,2024,07,01,06
636.0,639.0,Phylloscopus occipitalis,Western Crowned Warbler,0.9444,psl4,2024,07,01,06
639.0,642.0,Phylloscopus occipitalis,Western Crowned Warbler,0.6188,psl4,2024,07,01,06
642.0,645.0,Phylloscopus occipitalis,Western Crowned Warbler,0.6558,psl4,2024,07,01,06
645.0,648.0,Phylloscopus occipitalis,Western Crowned Warbler,0.8252,psl4,2024,07,01,06
651.0,654.0,Phylloscopus occipitalis,Western Crowned Warbler,0.5459,psl4,2024,07,01,06
657.0,660.0,Phylloscopus occipitalis,Western Crowned Warbler,0.5815,psl4,2024,07,01,06
660.0,663.0,Phylloscopus occipitalis,Western Crowned Warbler,0.5442,psl4,2024,07,01,06
663.0,666.0,Phylloscopus occipitalis,Western Crowned Warbler,0.6054,psl4,2024,07,01,06
666.0,669.0,Phylloscopus occipitalis,Western Crowned Warbler,0.5888,psl4,2024,07,01,06
672.0,675.0,Phylloscopus occipitalis,Western Crowned Warbler,0.6219,psl4,2024,07,01,06
675.0,678.0,Phylloscopus occipitalis,Western Crowned Warbler,0.6771,psl4,2024,07,01,06
681.0,684.0,Phylloscopus occipitalis,Western Crowned Warbler,0.8676,psl4,2024,07,01,06
690.0,693.0,Phylloscopus occipitalis,Western Crowned Warbler,0.522,psl4,2024,07,01,06
702.0,705.0,Phylloscopus occipitalis,Western Crowned Warbler,0.8488,psl4,2024,07,01,06
708.0,711.0,Phylloscopus occipitalis,Western Crowned Warbler,0.7857,psl4,2024,07,01,06
717.0,720.0,Phylloscopus occipitalis,Western Crowned Warbler,0.8429,psl4,2024,07,01,06
720.0,723.0,Phylloscopus occipitalis,Western Crowned Warbler,0.9106,psl4,2024,07,01,06
723.0,726.0,Phylloscopus occipitalis,Western Crowned Warbler,0.8979,psl4,2024,07,01,06
732.0,735.0,Phylloscopus occipitalis,Western Crowned Warbler,0.8878,psl4,2024,07,01,06
735.0,738.0,Phylloscopus occipitalis,Western Crowned Warbler,0.9771,psl4,2024,07,01,06
738.0,741.0,Phylloscopus occipitalis,Western Crowned Warbler,0.9927,psl4,2024,07,01,06
741.0,744.0,Phylloscopus occipitalis,Western Crowned Warbler,0.9577,psl4,2024,07,01,06
756.0,759.0,Phylloscopus occipitalis,Western Crowned Warbler,0.6601,psl4,2024,07,01,06
828.0,831.0,Phylloscopus occipitalis,Western Crowned Warbler,0.6089,psl4,2024,07,01,06
831.0,834.0,Phylloscopus occipitalis,Western Crowned Warbler,0.5343,psl4,2024,07,01,06
852.0,855.0,Phylloscopus occipitalis,Western Crowned Warbler,0.5244,psl4,2024,07,01,06
72.0,75.0,Prunella strophiata,Rufous-breasted Accentor,0.5145,psl4,2024,07,01,07
84.0,87.0,Prunella strophiata,Rufous-breasted Accentor,0.561,psl4,2024,07,01,07
90.0,93.0,Prunella strophiata,Rufous-breasted Accentor,0.6214,psl4,2024,07,01,07
147.0,150.0,Prunella strophiata,Rufous-breasted Accentor,0.6163,psl4,2024,07,01,07
360.0,363.0,Phylloscopus humei,Hume's Warbler,0.5143,psl4,2024,07,01,07
375.0,378.0,Phylloscopus humei,Hume's Warbler,0.6299,psl4,2024,07,01,07
381.0,384.0,Phylloscopus humei,Hume's Warbler,0.941,psl4,2024,07,01,07
387.0,390.0,Phylloscopus humei,Hume's Warbler,0.6817,psl4,2024,07,01,07
420.0,423.0,Phylloscopus occipitalis,Western Crowned Warbler,0.5701,psl4,2024,07,01,07
429.0,432.0,Phylloscopus occipitalis,Western Crowned Warbler,0.5857,psl4,2024,07,01,07
531.0,534.0,Phylloscopus occipitalis,Western Crowned Warbler,0.5433,psl4,2024,07,01,07
537.0,540.0,Phylloscopus occipitalis,Western Crowned Warbler,0.5511,psl4,2024,07,01,07
540.0,543.0,Phylloscopus occipitalis,Western Crowned Warbler,0.7517,psl4,2024,07,01,07
549.0,552.0,Phylloscopus occipitalis,Western Crowned Warbler,0.7334,psl4,2024,07,01,07
561.0,564.0,Phylloscopus occipitalis,Western Crowned Warbler,0.7008,psl4,2024,07,01,07
564.0,567.0,Phylloscopus occipitalis,Western Crowned Warbler,0.8898,psl4,2024,07,01,07
573.0,576.0,Phylloscopus occipitalis,Western Crowned Warbler,0.6754,psl4,2024,07,01,07
579.0,582.0,Phylloscopus occipitalis,Western Crowned Warbler,0.7138,psl4,2024,07,01,07
588.0,591.0,Phylloscopus occipitalis,Western Crowned Warbler,0.7405,psl4,2024,07,01,07
606.0,609.0,Phylloscopus occipitalis,Western Crowned Warbler,0.667,psl4,2024,07,01,07
609.0,612.0,Phylloscopus occipitalis,Western Crowned Warbler,0.7663,psl4,2024,07,01,07
621.0,624.0,Phylloscopus occipitalis,Western Crowned Warbler,0.6593,psl4,2024,07,01,07
624.0,627.0,Colaptes auratus,Northern Flicker,0.6111,psl4,2024,07,01,07
630.0,633.0,Phylloscopus occipitalis,Western Crowned Warbler,0.8679,psl4,2024,07,01,07
636.0,639.0,Phylloscopus occipitalis,Western Crowned Warbler,0.7162,psl4,2024,07,01,07
639.0,642.0,Phylloscopus occipitalis,Western Crowned Warbler,0.861,psl4,2024,07,01,07
645.0,648.0,Phylloscopus occipitalis,Western Crowned Warbler,0.8309,psl4,2024,07,01,07
648.0,651.0,Phylloscopus occipitalis,Western Crowned Warbler,0.5791,psl4,2024,07,01,07
651.0,654.0,Phylloscopus occipitalis,Western Crowned Warbler,0.9118,psl4,2024,07,01,07
654.0,657.0,Phylloscopus occipitalis,Western Crowned Warbler,0.5561,psl4,2024,07,01,07
657.0,660.0,Phylloscopus occipitalis,Western Crowned Warbler,0.692,psl4,2024,07,01,07
660.0,663.0,Phylloscopus occipitalis,Western Crowned Warbler,0.9207,psl4,2024,07,01,07
663.0,666.0,Phylloscopus occipitalis,Western Crowned Warbler,0.6289,psl4,2024,07,01,07
666.0,669.0,Phylloscopus occipitalis,Western Crowned Warbler,0.7373,psl4,2024,07,01,07
669.0,672.0,Phylloscopus occipitalis,Western Crowned Warbler,0.6979,psl4,2024,07,01,07
714.0,717.0,Phylloscopus occipitalis,Western Crowned Warbler,0.7113,psl4,2024,07,01,07
720.0,723.0,Phylloscopus occipitalis,Western Crowned Warbler,0.6441,psl4,2024,07,01,07
735.0,738.0,Phylloscopus occipitalis,Western Crowned Warbler,0.7445,psl4,2024,07,01,07
762.0,765.0,Phylloscopus occipitalis,Western Crowned Warbler,0.9878,psl4,2024,07,01,07
765.0,768.0,Phylloscopus occipitalis,Western Crowned Warbler,0.8693,psl4,2024,07,01,07
768.0,771.0,Phylloscopus occipitalis,Western Crowned Warbler,0.9743,psl4,2024,07,01,07
771.0,774.0,Phylloscopus occipitalis,Western Crowned Warbler,0.8667,psl4,2024,07,01,07
774.0,777.0,Phylloscopus occipitalis,Western Crowned Warbler,0.7746,psl4,2024,07,01,07
777.0,780.0,Phylloscopus occipitalis,Western Crowned Warbler,0.9189,psl4,2024,07,01,07
780.0,783.0,Phylloscopus occipitalis,Western Crowned Warbler,0.8678,psl4,2024,07,01,07
786.0,789.0,Phylloscopus occipitalis,Western Crowned Warbler,0.9525,psl4,2024,07,01,07
789.0,792.0,Phylloscopus occipitalis,Western Crowned Warbler,0.9172,psl4,2024,07,01,07
792.0,795.0,Phylloscopus occipitalis,Western Crowned Warbler,0.9853,psl4,2024,07,01,07
795.0,798.0,Phylloscopus occipitalis,Western Crowned Warbler,0.941,psl4,2024,07,01,07
798.0,801.0,Phylloscopus occipitalis,Western Crowned Warbler,0.7398,psl4,2024,07,01,07
801.0,804.0,Phylloscopus occipitalis,Western Crowned Warbler,0.509,psl4,2024,07,01,07
804.0,807.0,Phylloscopus occipitalis,Western Crowned Warbler,0.8649,psl4,2024,07,01,07
807.0,810.0,Phylloscopus occipitalis,Western Crowned Warbler,0.9743,psl4,2024,07,01,07
816.0,819.0,Phylloscopus occipitalis,Western Crowned Warbler,0.8303,psl4,2024,07,01,07
822.0,825.0,Phylloscopus occipitalis,Western Crowned Warbler,0.9908,psl4,2024,07,01,07
825.0,828.0,Phylloscopus occipitalis,Western Crowned Warbler,0.9805,psl4,2024,07,01,07
828.0,831.0,Phylloscopus occipitalis,Western Crowned Warbler,0.7806,psl4,2024,07,01,07
831.0,834.0,Phylloscopus occipitalis,Western Crowned Warbler,0.7931,psl4,2024,07,01,07
834.0,837.0,Phylloscopus occipitalis,Western Crowned Warbler,0.7923,psl4,2024,07,01,07
837.0,840.0,Phylloscopus occipitalis,Western Crowned Warbler,0.9527,psl4,2024,07,01,07
840.0,843.0,Phylloscopus occipitalis,Western Crowned Warbler,0.8046,psl4,2024,07,01,07
843.0,846.0,Phylloscopus occipitalis,Western Crowned Warbler,0.9574,psl4,2024,07,01,07
849.0,852.0,Phylloscopus occipitalis,Western Crowned Warbler,0.9229,psl4,2024,07,01,07
855.0,858.0,Phylloscopus occipitalis,Western Crowned Warbler,0.6066,psl4,2024,07,01,07
858.0,861.0,Phylloscopus occipitalis,Western Crowned Warbler,0.9598,psl4,2024,07,01,07
861.0,864.0,Phylloscopus occipitalis,Western Crowned Warbler,0.6738,psl4,2024,07,01,07
864.0,867.0,Phylloscopus occipitalis,Western Crowned Warbler,0.654,psl4,2024,07,01,07
867.0,870.0,Phylloscopus occipitalis,Western Crowned Warbler,0.7884,psl4,2024,07,01,07
882.0,885.0,Phylloscopus occipitalis,Western Crowned Warbler,0.6555,psl4,2024,07,01,07
885.0,888.0,Chloris spinoides,Yellow-breasted Greenfinch,0.5544,psl4,2024,07,01,07
891.0,894.0,Phylloscopus occipitalis,Western Crowned Warbler,0.8895,psl4,2024,07,01,07
894.0,897.0,Phylloscopus occipitalis,Western Crowned Warbler,0.8517,psl4,2024,07,01,07
744.0,747.0,Luscinia phaenicuroides,White-bellied Redstart,0.8838,psl4,2024,07,02,04
33.0,36.0,Phylloscopus occipitalis,Western Crowned Warbler,0.557,psl4,2024,07,02,05
99.0,102.0,Phylloscopus tytleri,Tytler's Leaf Warbler,0.5386,psl4,2024,07,02,05
111.0,114.0,Luscinia phaenicuroides,White-bellied Redstart,0.8591,psl4,2024,07,02,05
114.0,117.0,Luscinia phaenicuroides,White-bellied Redstart,0.5405,psl4,2024,07,02,05
135.0,138.0,Luscinia phaenicuroides,White-bellied Redstart,0.5803,psl4,2024,07,02,05
141.0,144.0,Luscinia phaenicuroides,White-bellied Redstart,0.733,psl4,2024,07,02,05
174.0,177.0,Phylloscopus occipitalis,Western Crowned Warbler,0.5572,psl4,2024,07,02,05
216.0,219.0,Luscinia phaenicuroides,White-bellied Redstart,0.5367,psl4,2024,07,02,05
321.0,324.0,Phylloscopus occipitalis,Western Crowned Warbler,0.5792,psl4,2024,07,02,05
336.0,339.0,Phylloscopus occipitalis,Western Crowned Warbler,0.7202,psl4,2024,07,02,05
345.0,348.0,Luscinia phaenicuroides,White-bellied Redstart,0.6145,psl4,2024,07,02,05
351.0,354.0,Luscinia phaenicuroides,White-bellied Redstart,0.6162,psl4,2024,07,02,05
354.0,357.0,Luscinia phaenicuroides,White-bellied Redstart,0.8202,psl4,2024,07,02,05
357.0,360.0,Luscinia phaenicuroides,White-bellied Redstart,0.7436,psl4,2024,07,02,05
360.0,363.0,Luscinia phaenicuroides,White-bellied Redstart,0.8076,psl4,2024,07,02,05
363.0,366.0,Luscinia phaenicuroides,White-bellied Redstart,0.7389,psl4,2024,07,02,05
366.0,369.0,Luscinia phaenicuroides,White-bellied Redstart,0.7024,psl4,2024,07,02,05
369.0,372.0,Luscinia phaenicuroides,White-bellied Redstart,0.9445,psl4,2024,07,02,05
375.0,378.0,Luscinia phaenicuroides,White-bellied Redstart,0.5544,psl4,2024,07,02,05
378.0,381.0,Luscinia phaenicuroides,White-bellied Redstart,0.8077,psl4,2024,07,02,05
387.0,390.0,Luscinia phaenicuroides,White-bellied Redstart,0.8839,psl4,2024,07,02,05
390.0,393.0,Luscinia phaenicuroides,White-bellied Redstart,0.7184,psl4,2024,07,02,05
393.0,396.0,Luscinia phaenicuroides,White-bellied Redstart,0.9711,psl4,2024,07,02,05
399.0,402.0,Luscinia phaenicuroides,White-bellied Redstart,0.8527,psl4,2024,07,02,05
405.0,408.0,Luscinia phaenicuroides,White-bellied Redstart,0.8242,psl4,2024,07,02,05
414.0,417.0,Luscinia phaenicuroides,White-bellied Redstart,0.515,psl4,2024,07,02,05
426.0,429.0,Luscinia phaenicuroides,White-bellied Redstart,0.9421,psl4,2024,07,02,05
429.0,432.0,Luscinia phaenicuroides,White-bellied Redstart,0.8736,psl4,2024,07,02,05
438.0,441.0,Luscinia phaenicuroides,White-bellied Redstart,0.8467,psl4,2024,07,02,05
444.0,447.0,Luscinia phaenicuroides,White-bellied Redstart,0.8771,psl4,2024,07,02,05
447.0,450.0,Luscinia phaenicuroides,White-bellied Redstart,0.9222,psl4,2024,07,02,05
450.0,453.0,Luscinia phaenicuroides,White-bellied Redstart,0.6074,psl4,2024,07,02,05
456.0,459.0,Luscinia phaenicuroides,White-bellied Redstart,0.9386,psl4,2024,07,02,05
468.0,471.0,Luscinia phaenicuroides,White-bellied Redstart,0.8986,psl4,2024,07,02,05
474.0,477.0,Luscinia phaenicuroides,White-bellied Redstart,0.9553,psl4,2024,07,02,05
477.0,480.0,Luscinia phaenicuroides,White-bellied Redstart,0.7446,psl4,2024,07,02,05
486.0,489.0,Luscinia phaenicuroides,White-bellied Redstart,0.6696,psl4,2024,07,02,05
489.0,492.0,Luscinia phaenicuroides,White-bellied Redstart,0.8787,psl4,2024,07,02,05
492.0,495.0,Luscinia phaenicuroides,White-bellied Redstart,0.9771,psl4,2024,07,02,05
495.0,498.0,Luscinia phaenicuroides,White-bellied Redstart,0.9967,psl4,2024,07,02,05
498.0,501.0,Luscinia phaenicuroides,White-bellied Redstart,0.9973,psl4,2024,07,02,05
501.0,504.0,Luscinia phaenicuroides,White-bellied Redstart,0.9917,psl4,2024,07,02,05
504.0,507.0,Luscinia phaenicuroides,White-bellied Redstart,0.7989,psl4,2024,07,02,05
507.0,510.0,Luscinia phaenicuroides,White-bellied Redstart,0.9894,psl4,2024,07,02,05
510.0,513.0,Luscinia phaenicuroides,White-bellied Redstart,0.9602,psl4,2024,07,02,05
513.0,516.0,Luscinia phaenicuroides,White-bellied Redstart,0.8486,psl4,2024,07,02,05
516.0,519.0,Luscinia phaenicuroides,White-bellied Redstart,0.7404,psl4,2024,07,02,05
522.0,525.0,Luscinia phaenicuroides,White-bellied Redstart,0.8618,psl4,2024,07,02,05
525.0,528.0,Luscinia phaenicuroides,White-bellied Redstart,0.9737,psl4,2024,07,02,05
525.0,528.0,Phylloscopus tytleri,Tytler's Leaf Warbler,0.5695,psl4,2024,07,02,05
528.0,531.0,Luscinia phaenicuroides,White-bellied Redstart,0.9822,psl4,2024,07,02,05
531.0,534.0,Phylloscopus occipitalis,Western Crowned Warbler,0.7245,psl4,2024,07,02,05
537.0,540.0,Luscinia phaenicuroides,White-bellied Redstart,0.9251,psl4,2024,07,02,05
543.0,546.0,Luscinia phaenicuroides,White-bellied Redstart,0.9499,psl4,2024,07,02,05
546.0,549.0,Luscinia phaenicuroides,White-bellied Redstart,0.9374,psl4,2024,07,02,05
549.0,552.0,Luscinia phaenicuroides,White-bellied Redstart,0.9651,psl4,2024,07,02,05
552.0,555.0,Luscinia phaenicuroides,White-bellied Redstart,0.9631,psl4,2024,07,02,05
555.0,558.0,Luscinia phaenicuroides,White-bellied Redstart,0.5508,psl4,2024,07,02,05
561.0,564.0,Luscinia phaenicuroides,White-bellied Redstart,0.8477,psl4,2024,07,02,05
570.0,573.0,Luscinia phaenicuroides,White-bellied Redstart,0.9942,psl4,2024,07,02,05
576.0,579.0,Luscinia phaenicuroides,White-bellied Redstart,0.95,psl4,2024,07,02,05
579.0,582.0,Phylloscopus tytleri,Tytler's Leaf Warbler,0.5087,psl4,2024,07,02,05
582.0,585.0,Luscinia phaenicuroides,White-bellied Redstart,0.8978,psl4,2024,07,02,05
585.0,588.0,Luscinia phaenicuroides,White-bellied Redstart,0.7882,psl4,2024,07,02,05
588.0,591.0,Luscinia phaenicuroides,White-bellied Redstart,0.6326,psl4,2024,07,02,05
591.0,594.0,Luscinia phaenicuroides,White-bellied Redstart,0.5858,psl4,2024,07,02,05
594.0,597.0,Luscinia phaenicuroides,White-bellied Redstart,0.7297,psl4,2024,07,02,05
600.0,603.0,Luscinia phaenicuroides,White-bellied Redstart,0.649,psl4,2024,07,02,05
606.0,609.0,Luscinia phaenicuroides,White-bellied Redstart,0.8147,psl4,2024,07,02,05
609.0,612.0,Luscinia phaenicuroides,White-bellied Redstart,0.9037,psl4,2024,07,02,05
612.0,615.0,Luscinia phaenicuroides,White-bellied Redstart,0.739,psl4,2024,07,02,05
624.0,627.0,Luscinia phaenicuroides,White-bellied Redstart,0.8015,psl4,2024,07,02,05
627.0,630.0,Luscinia phaenicuroides,White-bellied Redstart,0.7671,psl4,2024,07,02,05
636.0,639.0,Luscinia phaenicuroides,White-bellied Redstart,0.7474,psl4,2024,07,02,05
639.0,642.0,Luscinia phaenicuroides,White-bellied Redstart,0.5553,psl4,2024,07,02,05
642.0,645.0,Luscinia phaenicuroides,White-bellied Redstart,0.777,psl4,2024,07,02,05
645.0,648.0,Luscinia phaenicuroides,White-bellied Redstart,0.979,psl4,2024,07,02,05
648.0,651.0,Luscinia phaenicuroides,White-bellied Redstart,0.869,psl4,2024,07,02,05
657.0,660.0,Luscinia phaenicuroides,White-bellied Redstart,0.9292,psl4,2024,07,02,05
663.0,666.0,Luscinia phaenicuroides,White-bellied Redstart,0.7737,psl4,2024,07,02,05
666.0,669.0,Luscinia phaenicuroides,White-bellied Redstart,0.6777,psl4,2024,07,02,05
669.0,672.0,Luscinia phaenicuroides,White-bellied Redstart,0.652,psl4,2024,07,02,05
672.0,675.0,Luscinia phaenicuroides,White-bellied Redstart,0.9358,psl4,2024,07,02,05
678.0,681.0,Luscinia phaenicuroides,White-bellied Redstart,0.947,psl4,2024,07,02,05
681.0,684.0,Luscinia phaenicuroides,White-bellied Redstart,0.6369,psl4,2024,07,02,05
687.0,690.0,Luscinia phaenicuroides,White-bellied Redstart,0.9129,psl4,2024,07,02,05
690.0,693.0,Luscinia phaenicuroides,White-bellied Redstart,0.6078,psl4,2024,07,02,05
693.0,696.0,Luscinia phaenicuroides,White-bellied Redstart,0.9577,psl4,2024,07,02,05
699.0,702.0,Phylloscopus tytleri,Tytler's Leaf Warbler,0.5555,psl4,2024,07,02,05
705.0,708.0,Luscinia phaenicuroides,White-bellied Redstart,0.5018,psl4,2024,07,02,05
708.0,711.0,Luscinia phaenicuroides,White-bellied Redstart,0.924,psl4,2024,07,02,05
711.0,714.0,Luscinia phaenicuroides,White-bellied Redstart,0.7595,psl4,2024,07,02,05
717.0,720.0,Luscinia phaenicuroides,White-bellied Redstart,0.6566,psl4,2024,07,02,05
726.0,729.0,Luscinia phaenicuroides,White-bellied Redstart,0.9207,psl4,2024,07,02,05
732.0,735.0,Luscinia phaenicuroides,White-bellied Redstart,0.5345,psl4,2024,07,02,05
735.0,738.0,Phylloscopus occipitalis,Western Crowned Warbler,0.6515,psl4,2024,07,02,05
738.0,741.0,Phylloscopus occipitalis,Western Crowned Warbler,0.7401,psl4,2024,07,02,05
741.0,744.0,Phylloscopus tytleri,Tytler's Leaf Warbler,0.5304,psl4,2024,07,02,05
747.0,750.0,Phylloscopus occipitalis,Western Crowned Warbler,0.5701,psl4,2024,07,02,05
750.0,753.0,Luscinia phaenicuroides,White-bellied Redstart,0.551,psl4,2024,07,02,05
753.0,756.0,Luscinia phaenicuroides,White-bellied Redstart,0.725,psl4,2024,07,02,05
756.0,759.0,Luscinia phaenicuroides,White-bellied Redstart,0.9121,psl4,2024,07,02,05
759.0,762.0,Luscinia phaenicuroides,White-bellied Redstart,0.7349,psl4,2024,07,02,05
762.0,765.0,Luscinia phaenicuroides,White-bellied Redstart,0.6031,psl4,2024,07,02,05
765.0,768.0,Luscinia phaenicuroides,White-bellied Redstart,0.5067,psl4,2024,07,02,05
771.0,774.0,Luscinia phaenicuroides,White-bellied Redstart,0.7941,psl4,2024,07,02,05
774.0,777.0,Luscinia phaenicuroides,White-bellied Redstart,0.9187,psl4,2024,07,02,05
777.0,780.0,Luscinia phaenicuroides,White-bellied Redstart,0.719,psl4,2024,07,02,05
780.0,783.0,Luscinia phaenicuroides,White-bellied Redstart,0.5382,psl4,2024,07,02,05
783.0,786.0,Luscinia phaenicuroides,White-bellied Redstart,0.5858,psl4,2024,07,02,05
786.0,789.0,Luscinia phaenicuroides,White-bellied Redstart,0.9544,psl4,2024,07,02,05
792.0,795.0,Luscinia phaenicuroides,White-bellied Redstart,0.5878,psl4,2024,07,02,05
798.0,801.0,Luscinia phaenicuroides,White-bellied Redstart,0.5187,psl4,2024,07,02,05
801.0,804.0,Luscinia phaenicuroides,White-bellied Redstart,0.8245,psl4,2024,07,02,05
804.0,807.0,Luscinia phaenicuroides,White-bellied Redstart,0.5055,psl4,2024,07,02,05
807.0,810.0,Luscinia phaenicuroides,White-bellied Redstart,0.9264,psl4,2024,07,02,05
810.0,813.0,Luscinia phaenicuroides,White-bellied Redstart,0.8691,psl4,2024,07,02,05
822.0,825.0,Luscinia phaenicuroides,White-bellied Redstart,0.8189,psl4,2024,07,02,05
831.0,834.0,Trochalopteron variegatum,Variegated Laughingthrush,0.5208,psl4,2024,07,02,05
834.0,837.0,Luscinia phaenicuroides,White-bellied Redstart,0.6029,psl4,2024,07,02,05
834.0,837.0,Phylloscopus occipitalis,Western Crowned Warbler,0.5099,psl4,2024,07,02,05
837.0,840.0,Luscinia phaenicuroides,White-bellied Redstart,0.7058,psl4,2024,07,02,05
837.0,840.0,Phylloscopus occipitalis,Western Crowned Warbler,0.5807,psl4,2024,07,02,05
837.0,840.0,Phylloscopus tytleri,Tytler's Leaf Warbler,0.5341,psl4,2024,07,02,05
840.0,843.0,Luscinia phaenicuroides,White-bellied Redstart,0.8976,psl4,2024,07,02,05
846.0,849.0,Luscinia phaenicuroides,White-bellied Redstart,0.9817,psl4,2024,07,02,05
858.0,861.0,Luscinia phaenicuroides,White-bellied Redstart,0.7505,psl4,2024,07,02,05
858.0,861.0,Phylloscopus tytleri,Tytler's Leaf Warbler,0.7066,psl4,2024,07,02,05
864.0,867.0,Luscinia phaenicuroides,White-bellied Redstart,0.8225,psl4,2024,07,02,05
864.0,867.0,Phylloscopus occipitalis,Western Crowned Warbler,0.6415,psl4,2024,07,02,05
870.0,873.0,Luscinia phaenicuroides,White-bellied Redstart,0.9449,psl4,2024,07,02,05
879.0,882.0,Luscinia phaenicuroides,White-bellied Redstart,0.9874,psl4,2024,07,02,05
879.0,882.0,Phylloscopus tytleri,Tytler's Leaf Warbler,0.7105,psl4,2024,07,02,05
885.0,888.0,Luscinia phaenicuroides,White-bellied Redstart,0.5414,psl4,2024,07,02,05
894.0,897.0,Phylloscopus occipitalis,Western Crowned Warbler,0.6728,psl4,2024,07,02,05
897.0,900.0,Luscinia phaenicuroides,White-bellied Redstart,0.9181,psl4,2024,07,02,05
0.0,3.0,Phylloscopus occipitalis,Western Crowned Warbler,0.7458,psl4,2024,07,02,06
279.0,282.0,Phylloscopus occipitalis,Western Crowned Warbler,0.5551,psl4,2024,07,02,06
285.0,288.0,Phylloscopus nitidus,Green Warbler,0.5067,psl4,2024,07,02,06
288.0,291.0,Phylloscopus nitidus,Green Warbler,0.6476,psl4,2024,07,02,06
321.0,324.0,Phylloscopus humei,Hume's Warbler,0.5546,psl4,2024,07,02,06
336.0,339.0,Phylloscopus occipitalis,Western Crowned Warbler,0.598,psl4,2024,07,02,06
429.0,432.0,Phylloscopus occipitalis,Western Crowned Warbler,0.7019,psl4,2024,07,02,06
456.0,459.0,Phylloscopus humei,Hume's Warbler,0.5528,psl4,2024,07,02,06
468.0,471.0,Phylloscopus humei,Hume's Warbler,0.5812,psl4,2024,07,02,06
561.0,564.0,Phylloscopus humei,Hume's Warbler,0.802,psl4,2024,07,02,06
600.0,603.0,Phylloscopus humei,Hume's Warbler,0.5758,psl4,2024,07,02,06
612.0,615.0,Trochalopteron variegatum,Variegated Laughingthrush,0.9245,psl4,2024,07,02,06
630.0,633.0,Trochalopteron variegatum,Variegated Laughingthrush,0.8115,psl4,2024,07,02,06
636.0,639.0,Trochalopteron variegatum,Variegated Laughingthrush,0.5087,psl4,2024,07,02,06
645.0,648.0,Phylloscopus occipitalis,Western Crowned Warbler,0.502,psl4,2024,07,02,06
660.0,663.0,Phylloscopus occipitalis,Western Crowned Warbler,0.5553,psl4,2024,07,02,06
666.0,669.0,Phylloscopus occipitalis,Western Crowned Warbler,0.5072,psl4,2024,07,02,06
702.0,705.0,Phylloscopus occipitalis,Western Crowned Warbler,0.5225,psl4,2024,07,02,06
708.0,711.0,Phylloscopus occipitalis,Western Crowned Warbler,0.5407,psl4,2024,07,02,06
711.0,714.0,Phylloscopus occipitalis,Western Crowned Warbler,0.5953,psl4,2024,07,02,06
723.0,726.0,Phylloscopus occipitalis,Western Crowned Warbler,0.5563,psl4,2024,07,02,06
777.0,780.0,Phylloscopus occipitalis,Western Crowned Warbler,0.7316,psl4,2024,07,02,06
783.0,786.0,Phylloscopus occipitalis,Western Crowned Warbler,0.7684,psl4,2024,07,02,06
786.0,789.0,Phylloscopus occipitalis,Western Crowned Warbler,0.7914,psl4,2024,07,02,06
792.0,795.0,Phylloscopus occipitalis,Western Crowned Warbler,0.5835,psl4,2024,07,02,06
795.0,798.0,Phylloscopus occipitalis,Western Crowned Warbler,0.7125,psl4,2024,07,02,06
798.0,801.0,Phylloscopus occipitalis,Western Crowned Warbler,0.7331,psl4,2024,07,02,06
816.0,819.0,Phylloscopus occipitalis,Western Crowned Warbler,0.7788,psl4,2024,07,02,06
831.0,834.0,Phylloscopus occipitalis,Western Crowned Warbler,0.5292,psl4,2024,07,02,06
834.0,837.0,Phylloscopus occipitalis,Western Crowned Warbler,0.538,psl4,2024,07,02,06
843.0,846.0,Phylloscopus occipitalis,Western Crowned Warbler,0.6502,psl4,2024,07,02,06
849.0,852.0,Phylloscopus occipitalis,Western Crowned Warbler,0.5352,psl4,2024,07,02,06
861.0,864.0,Phylloscopus humei,Hume's Warbler,0.8817,psl4,2024,07,02,06
864.0,867.0,Phylloscopus occipitalis,Western Crowned Warbler,0.707,psl4,2024,07,02,06
867.0,870.0,Phylloscopus occipitalis,Western Crowned Warbler,0.5311,psl4,2024,07,02,06
870.0,873.0,Phylloscopus occipitalis,Western Crowned Warbler,0.7178,psl4,2024,07,02,06
873.0,876.0,Phylloscopus occipitalis,Western Crowned Warbler,0.5453,psl4,2024,07,02,06
876.0,879.0,Phylloscopus occipitalis,Western Crowned Warbler,0.8086,psl4,2024,07,02,06
882.0,885.0,Phylloscopus occipitalis,Western Crowned Warbler,0.837,psl4,2024,07,02,06
888.0,891.0,Phylloscopus occipitalis,Western Crowned Warbler,0.5629,psl4,2024,07,02,06
894.0,897.0,Phylloscopus occipitalis,Western Crowned Warbler,0.5885,psl4,2024,07,02,06
897.0,900.0,Phylloscopus occipitalis,Western Crowned Warbler,0.907,psl4,2024,07,02,06
27.0,30.0,Phylloscopus humei,Hume's Warbler,0.8858,psl4,2024,07,02,07
30.0,33.0,Phylloscopus humei,Hume's Warbler,0.8683,psl4,2024,07,02,07
39.0,42.0,Phylloscopus humei,Hume's Warbler,0.7877,psl4,2024,07,02,07
45.0,48.0,Phylloscopus humei,Hume's Warbler,0.773,psl4,2024,07,02,07
48.0,51.0,Phylloscopus humei,Hume's Warbler,0.9239,psl4,2024,07,02,07
51.0,54.0,Phylloscopus humei,Hume's Warbler,0.6777,psl4,2024,07,02,07
54.0,57.0,Phylloscopus humei,Hume's Warbler,0.555,psl4,2024,07,02,07
66.0,69.0,Phylloscopus humei,Hume's Warbler,0.9118,psl4,2024,07,02,07
75.0,78.0,Phylloscopus humei,Hume's Warbler,0.7433,psl4,2024,07,02,07
117.0,120.0,Phylloscopus occipitalis,Western Crowned Warbler,0.625,psl4,2024,07,02,07
177.0,180.0,Phylloscopus humei,Hume's Warbler,0.7723,psl4,2024,07,02,07
186.0,189.0,Phylloscopus humei,Hume's Warbler,0.6287,psl4,2024,07,02,07
192.0,195.0,Carpodacus erythrinus,Common Rosefinch,0.627,psl4,2024,07,02,07
201.0,204.0,Carpodacus erythrinus,Common Rosefinch,0.8538,psl4,2024,07,02,07
213.0,216.0,Fringilla montifringilla,Brambling,0.8104,psl4,2024,07,02,07
288.0,291.0,Phylloscopus humei,Hume's Warbler,0.5706,psl4,2024,07,02,07
378.0,381.0,Luscinia phaenicuroides,White-bellied Redstart,0.5929,psl4,2024,07,02,07
387.0,390.0,Luscinia phaenicuroides,White-bellied Redstart,0.7185,psl4,2024,07,02,07
408.0,411.0,Luscinia phaenicuroides,White-bellied Redstart,0.5907,psl4,2024,07,02,07
420.0,423.0,Luscinia phaenicuroides,White-bellied Redstart,0.9622,psl4,2024,07,02,07
444.0,447.0,Luscinia phaenicuroides,White-bellied Redstart,0.867,psl4,2024,07,02,07
456.0,459.0,Luscinia phaenicuroides,White-bellied Redstart,0.8823,psl4,2024,07,02,07
459.0,462.0,Luscinia phaenicuroides,White-bellied Redstart,0.7795,psl4,2024,07,02,07
480.0,483.0,Phylloscopus occipitalis,Western Crowned Warbler,0.5614,psl4,2024,07,02,07
549.0,552.0,Luscinia phaenicuroides,White-bellied Redstart,0.9503,psl4,2024,07,02,07
567.0,570.0,Luscinia phaenicuroides,White-bellied Redstart,0.586,psl4,2024,07,02,07
708.0,711.0,Phylloscopus occipitalis,Western Crowned Warbler,0.5457,psl4,2024,07,02,07
882.0,885.0,Phylloscopus occipitalis,Western Crowned Warbler,0.69,psl4,2024,07,02,07
897.0,900.0,Phylloscopus occipitalis,Western Crowned Warbler,0.6137,psl4,2024,07,02,07
570.0,573.0,Luscinia phaenicuroides,White-bellied Redstart,0.9728,psl4,2024,07,03,04
27.0,30.0,Phylloscopus occipitalis,Western Crowned Warbler,0.5009,psl4,2024,07,03,05
45.0,48.0,Phylloscopus occipitalis,Western Crowned Warbler,0.7529,psl4,2024,07,03,05
81.0,84.0,Phylloscopus occipitalis,Western Crowned Warbler,0.5764,psl4,2024,07,03,05
204.0,207.0,Phylloscopus occipitalis,Western Crowned Warbler,0.5054,psl4,2024,07,03,05
219.0,222.0,Trochalopteron variegatum,Variegated Laughingthrush,0.5107,psl4,2024,07,03,05
225.0,228.0,Trochalopteron variegatum,Variegated Laughingthrush,0.5243,psl4,2024,07,03,05
459.0,462.0,Phylloscopus occipitalis,Western Crowned Warbler,0.7097,psl4,2024,07,03,05
480.0,483.0,Phylloscopus occipitalis,Western Crowned Warbler,0.5235,psl4,2024,07,03,05
486.0,489.0,Phylloscopus occipitalis,Western Crowned Warbler,0.7891,psl4,2024,07,03,05
504.0,507.0,Phylloscopus occipitalis,Western Crowned Warbler,0.7214,psl4,2024,07,03,05
552.0,555.0,Phylloscopus occipitalis,Western Crowned Warbler,0.6684,psl4,2024,07,03,05
564.0,567.0,Phylloscopus occipitalis,Western Crowned Warbler,0.5135,psl4,2024,07,03,05
567.0,570.0,Phylloscopus occipitalis,Western Crowned Warbler,0.5213,psl4,2024,07,03,05
579.0,582.0,Ficedula tricolor,Slaty-blue Flycatcher,0.5765,psl4,2024,07,03,05
582.0,585.0,Trochalopteron variegatum,Variegated Laughingthrush,0.8762,psl4,2024,07,03,05
621.0,624.0,Phylloscopus occipitalis,Western Crowned Warbler,0.5062,psl4,2024,07,03,05
633.0,636.0,Phylloscopus occipitalis,Western Crowned Warbler,0.5222,psl4,2024,07,03,05
660.0,663.0,Phylloscopus occipitalis,Western Crowned Warbler,0.5486,psl4,2024,07,03,05
678.0,681.0,Phylloscopus occipitalis,Western Crowned Warbler,0.8145,psl4,2024,07,03,05
681.0,684.0,Phylloscopus occipitalis,Western Crowned Warbler,0.7126,psl4,2024,07,03,05
684.0,687.0,Phylloscopus occipitalis,Western Crowned Warbler,0.5229,psl4,2024,07,03,05
690.0,693.0,Phylloscopus occipitalis,Western Crowned Warbler,0.897,psl4,2024,07,03,05
699.0,702.0,Phylloscopus occipitalis,Western Crowned Warbler,0.5826,psl4,2024,07,03,05
705.0,708.0,Phylloscopus occipitalis,Western Crowned Warbler,0.9293,psl4,2024,07,03,05
708.0,711.0,Phylloscopus occipitalis,Western Crowned Warbler,0.5499,psl4,2024,07,03,05
711.0,714.0,Phylloscopus occipitalis,Western Crowned Warbler,0.9036,psl4,2024,07,03,05
720.0,723.0,Phylloscopus occipitalis,Western Crowned Warbler,0.5398,psl4,2024,07,03,05
723.0,726.0,Phylloscopus occipitalis,Western Crowned Warbler,0.5029,psl4,2024,07,03,05
726.0,729.0,Phylloscopus occipitalis,Western Crowned Warbler,0.6338,psl4,2024,07,03,05
732.0,735.0,Phylloscopus occipitalis,Western Crowned Warbler,0.7387,psl4,2024,07,03,05
735.0,738.0,Phylloscopus occipitalis,Western Crowned Warbler,0.5763,psl4,2024,07,03,05
738.0,741.0,Phylloscopus occipitalis,Western Crowned Warbler,0.558,psl4,2024,07,03,05
744.0,747.0,Phylloscopus occipitalis,Western Crowned Warbler,0.8104,psl4,2024,07,03,05
747.0,750.0,Phylloscopus occipitalis,Western Crowned Warbler,0.7188,psl4,2024,07,03,05
750.0,753.0,Phylloscopus occipitalis,Western Crowned Warbler,0.6765,psl4,2024,07,03,05
759.0,762.0,Phylloscopus occipitalis,Western Crowned Warbler,0.6006,psl4,2024,07,03,05
768.0,771.0,Phylloscopus occipitalis,Western Crowned Warbler,0.5626,psl4,2024,07,03,05
786.0,789.0,Phylloscopus occipitalis,Western Crowned Warbler,0.7503,psl4,2024,07,03,05
792.0,795.0,Phylloscopus occipitalis,Western Crowned Warbler,0.7068,psl4,2024,07,03,05
795.0,798.0,Phylloscopus occipitalis,Western Crowned Warbler,0.5924,psl4,2024,07,03,05
807.0,810.0,Phylloscopus occipitalis,Western Crowned Warbler,0.5627,psl4,2024,07,03,05
813.0,816.0,Phylloscopus occipitalis,Western Crowned Warbler,0.646,psl4,2024,07,03,05
843.0,846.0,Phylloscopus occipitalis,Western Crowned Warbler,0.8628,psl4,2024,07,03,05
858.0,861.0,Phylloscopus occipitalis,Western Crowned Warbler,0.8758,psl4,2024,07,03,05
861.0,864.0,Phylloscopus occipitalis,Western Crowned Warbler,0.885,psl4,2024,07,03,05
870.0,873.0,Phylloscopus occipitalis,Western Crowned Warbler,0.7782,psl4,2024,07,03,05
873.0,876.0,Phylloscopus occipitalis,Western Crowned Warbler,0.6951,psl4,2024,07,03,05
879.0,882.0,Phylloscopus occipitalis,Western Crowned Warbler,0.5515,psl4,2024,07,03,05
888.0,891.0,Phylloscopus occipitalis,Western Crowned Warbler,0.7649,psl4,2024,07,03,05
894.0,897.0,Phylloscopus occipitalis,Western Crowned Warbler,0.7116,psl4,2024,07,03,05
897.0,900.0,Phylloscopus occipitalis,Western Crowned Warbler,0.5414,psl4,2024,07,03,05
21.0,24.0,Luscinia phaenicuroides,White-bellied Redstart,0.6876,psl4,2024,07,03,06
33.0,36.0,Luscinia phaenicuroides,White-bellied Redstart,0.7805,psl4,2024,07,03,06
39.0,42.0,Phylloscopus occipitalis,Western Crowned Warbler,0.5805,psl4,2024,07,03,06
45.0,48.0,Luscinia phaenicuroides,White-bellied Redstart,0.9546,psl4,2024,07,03,06
45.0,48.0,Phylloscopus tytleri,Tytler's Leaf Warbler,0.6161,psl4,2024,07,03,06
48.0,51.0,Phylloscopus occipitalis,Western Crowned Warbler,0.5959,psl4,2024,07,03,06
60.0,63.0,Luscinia phaenicuroides,White-bellied Redstart,0.9405,psl4,2024,07,03,06
84.0,87.0,Phylloscopus occipitalis,Western Crowned Warbler,0.5953,psl4,2024,07,03,06
90.0,93.0,Phylloscopus occipitalis,Western Crowned Warbler,0.5612,psl4,2024,07,03,06
93.0,96.0,Phylloscopus occipitalis,Western Crowned Warbler,0.8724,psl4,2024,07,03,06
96.0,99.0,Phylloscopus occipitalis,Western Crowned Warbler,0.9372,psl4,2024,07,03,06
99.0,102.0,Phylloscopus occipitalis,Western Crowned Warbler,0.6857,psl4,2024,07,03,06
105.0,108.0,Phylloscopus occipitalis,Western Crowned Warbler,0.6817,psl4,2024,07,03,06
111.0,114.0,Phylloscopus occipitalis,Western Crowned Warbler,0.5332,psl4,2024,07,03,06
126.0,129.0,Phylloscopus occipitalis,Western Crowned Warbler,0.5867,psl4,2024,07,03,06
129.0,132.0,Phylloscopus occipitalis,Western Crowned Warbler,0.7962,psl4,2024,07,03,06
135.0,138.0,Phylloscopus occipitalis,Western Crowned Warbler,0.9893,psl4,2024,07,03,06
141.0,144.0,Phylloscopus occipitalis,Western Crowned Warbler,0.9461,psl4,2024,07,03,06
147.0,150.0,Phylloscopus occipitalis,Western Crowned Warbler,0.9684,psl4,2024,07,03,06
153.0,156.0,Phylloscopus occipitalis,Western Crowned Warbler,0.6903,psl4,2024,07,03,06
156.0,159.0,Phylloscopus occipitalis,Western Crowned Warbler,0.5559,psl4,2024,07,03,06
159.0,162.0,Phylloscopus occipitalis,Western Crowned Warbler,0.5391,psl4,2024,07,03,06
162.0,165.0,Phylloscopus occipitalis,Western Crowned Warbler,0.5399,psl4,2024,07,03,06
165.0,168.0,Phylloscopus occipitalis,Western Crowned Warbler,0.8258,psl4,2024,07,03,06
171.0,174.0,Phylloscopus occipitalis,Western Crowned Warbler,0.7438,psl4,2024,07,03,06
174.0,177.0,Phylloscopus occipitalis,Western Crowned Warbler,0.6412,psl4,2024,07,03,06
177.0,180.0,Phylloscopus occipitalis,Western Crowned Warbler,0.8671,psl4,2024,07,03,06
180.0,183.0,Phylloscopus occipitalis,Western Crowned Warbler,0.593,psl4,2024,07,03,06
183.0,186.0,Phylloscopus occipitalis,Western Crowned Warbler,0.831,psl4,2024,07,03,06
201.0,204.0,Phylloscopus occipitalis,Western Crowned Warbler,0.5707,psl4,2024,07,03,06
204.0,207.0,Trochalopteron variegatum,Variegated Laughingthrush,0.8323,psl4,2024,07,03,06
213.0,216.0,Trochalopteron variegatum,Variegated Laughingthrush,0.9707,psl4,2024,07,03,06
234.0,237.0,Trochalopteron variegatum,Variegated Laughingthrush,0.757,psl4,2024,07,03,06
255.0,258.0,Phylloscopus occipitalis,Western Crowned Warbler,0.6353,psl4,2024,07,03,06
258.0,261.0,Phylloscopus occipitalis,Western Crowned Warbler,0.501,psl4,2024,07,03,06
270.0,273.0,Phylloscopus occipitalis,Western Crowned Warbler,0.9065,psl4,2024,07,03,06
288.0,291.0,Phylloscopus occipitalis,Western Crowned Warbler,0.9748,psl4,2024,07,03,06
291.0,294.0,Phylloscopus occipitalis,Western Crowned Warbler,0.9025,psl4,2024,07,03,06
297.0,300.0,Phylloscopus occipitalis,Western Crowned Warbler,0.9222,psl4,2024,07,03,06
303.0,306.0,Phylloscopus occipitalis,Western Crowned Warbler,0.9502,psl4,2024,07,03,06
312.0,315.0,Phylloscopus occipitalis,Western Crowned Warbler,0.9039,psl4,2024,07,03,06
318.0,321.0,Phylloscopus occipitalis,Western Crowned Warbler,0.6841,psl4,2024,07,03,06
327.0,330.0,Phylloscopus occipitalis,Western Crowned Warbler,0.7382,psl4,2024,07,03,06
330.0,333.0,Phylloscopus occipitalis,Western Crowned Warbler,0.612,psl4,2024,07,03,06
336.0,339.0,Phylloscopus occipitalis,Western Crowned Warbler,0.8216,psl4,2024,07,03,06
345.0,348.0,Phylloscopus occipitalis,Western Crowned Warbler,0.7243,psl4,2024,07,03,06
354.0,357.0,Phylloscopus occipitalis,Western Crowned Warbler,0.5455,psl4,2024,07,03,06
447.0,450.0,Phylloscopus occipitalis,Western Crowned Warbler,0.5885,psl4,2024,07,03,06
465.0,468.0,Phylloscopus occipitalis,Western Crowned Warbler,0.6043,psl4,2024,07,03,06
483.0,486.0,Phylloscopus occipitalis,Western Crowned Warbler,0.6153,psl4,2024,07,03,06
552.0,555.0,Phylloscopus occipitalis,Western Crowned Warbler,0.6308,psl4,2024,07,03,06
576.0,579.0,Phylloscopus occipitalis,Western Crowned Warbler,0.7745,psl4,2024,07,03,06
585.0,588.0,Phylloscopus occipitalis,Western Crowned Warbler,0.5882,psl4,2024,07,03,06
612.0,615.0,Phylloscopus occipitalis,Western Crowned Warbler,0.8296,psl4,2024,07,03,06
615.0,618.0,Phylloscopus occipitalis,Western Crowned Warbler,0.9138,psl4,2024,07,03,06
627.0,630.0,Phylloscopus occipitalis,Western Crowned Warbler,0.8635,psl4,2024,07,03,06
636.0,639.0,Phylloscopus occipitalis,Western Crowned Warbler,0.9116,psl4,2024,07,03,06
639.0,642.0,Phylloscopus tytleri,Tytler's Leaf Warbler,0.7613,psl4,2024,07,03,06
639.0,642.0,Phylloscopus occipitalis,Western Crowned Warbler,0.7553,psl4,2024,07,03,06
639.0,642.0,Luscinia phaenicuroides,White-bellied Redstart,0.6349,psl4,2024,07,03,06
648.0,651.0,Phylloscopus occipitalis,Western Crowned Warbler,0.9509,psl4,2024,07,03,06
660.0,663.0,Phylloscopus occipitalis,Western Crowned Warbler,0.9636,psl4,2024,07,03,06
663.0,666.0,Luscinia phaenicuroides,White-bellied Redstart,0.8336,psl4,2024,07,03,06
666.0,669.0,Luscinia phaenicuroides,White-bellied Redstart,0.683,psl4,2024,07,03,06
672.0,675.0,Phylloscopus occipitalis,Western Crowned Warbler,0.7634,psl4,2024,07,03,06
690.0,693.0,Luscinia phaenicuroides,White-bellied Redstart,0.8013,psl4,2024,07,03,06
693.0,696.0,Luscinia phaenicuroides,White-bellied Redstart,0.6481,psl4,2024,07,03,06
696.0,699.0,Phylloscopus occipitalis,Western Crowned Warbler,0.6533,psl4,2024,07,03,06
702.0,705.0,Luscinia phaenicuroides,White-bellied Redstart,0.8639,psl4,2024,07,03,06
705.0,708.0,Luscinia phaenicuroides,White-bellied Redstart,0.6685,psl4,2024,07,03,06
711.0,714.0,Luscinia phaenicuroides,White-bellied Redstart,0.7907,psl4,2024,07,03,06
720.0,723.0,Phylloscopus occipitalis,Western Crowned Warbler,0.9064,psl4,2024,07,03,06
723.0,726.0,Luscinia phaenicuroides,White-bellied Redstart,0.9391,psl4,2024,07,03,06
735.0,738.0,Phylloscopus occipitalis,Western Crowned Warbler,0.9785,psl4,2024,07,03,06
738.0,741.0,Luscinia phaenicuroides,White-bellied Redstart,0.7782,psl4,2024,07,03,06
741.0,744.0,Luscinia phaenicuroides,White-bellied Redstart,0.8879,psl4,2024,07,03,06
744.0,747.0,Phylloscopus occipitalis,Western Crowned Warbler,0.9596,psl4,2024,07,03,06
747.0,750.0,Phylloscopus occipitalis,Western Crowned Warbler,0.6131,psl4,2024,07,03,06
753.0,756.0,Luscinia phaenicuroides,White-bellied Redstart,0.9605,psl4,2024,07,03,06
756.0,759.0,Phylloscopus occipitalis,Western Crowned Warbler,0.9596,psl4,2024,07,03,06
762.0,765.0,Luscinia phaenicuroides,White-bellied Redstart,0.6151,psl4,2024,07,03,06
780.0,783.0,Phylloscopus occipitalis,Western Crowned Warbler,0.9695,psl4,2024,07,03,06
786.0,789.0,Luscinia phaenicuroides,White-bellied Redstart,0.9672,psl4,2024,07,03,06
792.0,795.0,Luscinia phaenicuroides,White-bellied Redstart,0.9407,psl4,2024,07,03,06
801.0,804.0,Luscinia phaenicuroides,White-bellied Redstart,0.7398,psl4,2024,07,03,06
804.0,807.0,Phylloscopus occipitalis,Western Crowned Warbler,0.767,psl4,2024,07,03,06
807.0,810.0,Luscinia phaenicuroides,White-bellied Redstart,0.6988,psl4,2024,07,03,06
816.0,819.0,Phylloscopus occipitalis,Western Crowned Warbler,0.5877,psl4,2024,07,03,06
189.0,192.0,Luscinia phaenicuroides,White-bellied Redstart,0.671,psl4,2024,07,03,07
198.0,201.0,Luscinia phaenicuroides,White-bellied Redstart,0.8685,psl4,2024,07,03,07
207.0,210.0,Luscinia phaenicuroides,White-bellied Redstart,0.5775,psl4,2024,07,03,07
249.0,252.0,Luscinia phaenicuroides,White-bellied Redstart,0.8536,psl4,2024,07,03,07
258.0,261.0,Luscinia phaenicuroides,White-bellied Redstart,0.9621,psl4,2024,07,03,07
264.0,267.0,Luscinia phaenicuroides,White-bellied Redstart,0.9899,psl4,2024,07,03,07
270.0,273.0,Luscinia phaenicuroides,White-bellied Redstart,0.9909,psl4,2024,07,03,07
276.0,279.0,Luscinia phaenicuroides,White-bellied Redstart,0.966,psl4,2024,07,03,07
282.0,285.0,Luscinia phaenicuroides,White-bellied Redstart,0.9962,psl4,2024,07,03,07
288.0,291.0,Luscinia phaenicuroides,White-bellied Redstart,0.9953,psl4,2024,07,03,07
294.0,297.0,Luscinia phaenicuroides,White-bellied Redstart,0.9823,psl4,2024,07,03,07
297.0,300.0,Luscinia phaenicuroides,White-bellied Redstart,0.7871,psl4,2024,07,03,07
303.0,306.0,Luscinia phaenicuroides,White-bellied Redstart,0.9751,psl4,2024,07,03,07
306.0,309.0,Luscinia phaenicuroides,White-bellied Redstart,0.8831,psl4,2024,07,03,07
315.0,318.0,Luscinia phaenicuroides,White-bellied Redstart,0.5747,psl4,2024,07,03,07
321.0,324.0,Luscinia phaenicuroides,White-bellied Redstart,0.8353,psl4,2024,07,03,07
324.0,327.0,Luscinia phaenicuroides,White-bellied Redstart,0.8148,psl4,2024,07,03,07
330.0,333.0,Luscinia phaenicuroides,White-bellied Redstart,0.6743,psl4,2024,07,03,07
330.0,333.0,Phylloscopus tytleri,Tytler's Leaf Warbler,0.5011,psl4,2024,07,03,07
333.0,336.0,Luscinia phaenicuroides,White-bellied Redstart,0.9422,psl4,2024,07,03,07
339.0,342.0,Luscinia phaenicuroides,White-bellied Redstart,0.9116,psl4,2024,07,03,07
342.0,345.0,Luscinia phaenicuroides,White-bellied Redstart,0.9711,psl4,2024,07,03,07
345.0,348.0,Luscinia phaenicuroides,White-bellied Redstart,0.6946,psl4,2024,07,03,07
348.0,351.0,Zosterops lateralis,Silvereye,0.7702,psl4,2024,07,03,07
357.0,360.0,Luscinia phaenicuroides,White-bellied Redstart,0.8694,psl4,2024,07,03,07
366.0,369.0,Luscinia phaenicuroides,White-bellied Redstart,0.7573,psl4,2024,07,03,07
369.0,372.0,Luscinia phaenicuroides,White-bellied Redstart,0.6352,psl4,2024,07,03,07
375.0,378.0,Luscinia phaenicuroides,White-bellied Redstart,0.5802,psl4,2024,07,03,07
381.0,384.0,Luscinia phaenicuroides,White-bellied Redstart,0.9404,psl4,2024,07,03,07
384.0,387.0,Luscinia phaenicuroides,White-bellied Redstart,0.9692,psl4,2024,07,03,07
390.0,393.0,Luscinia phaenicuroides,White-bellied Redstart,0.7238,psl4,2024,07,03,07
393.0,396.0,Luscinia phaenicuroides,White-bellied Redstart,0.6275,psl4,2024,07,03,07
399.0,402.0,Luscinia phaenicuroides,White-bellied Redstart,0.6893,psl4,2024,07,03,07
402.0,405.0,Luscinia phaenicuroides,White-bellied Redstart,0.6708,psl4,2024,07,03,07
408.0,411.0,Luscinia phaenicuroides,White-bellied Redstart,0.9764,psl4,2024,07,03,07
411.0,414.0,Luscinia phaenicuroides,White-bellied Redstart,0.9507,psl4,2024,07,03,07
411.0,414.0,Phylloscopus tytleri,Tytler's Leaf Warbler,0.5544,psl4,2024,07,03,07
414.0,417.0,Luscinia phaenicuroides,White-bellied Redstart,0.5973,psl4,2024,07,03,07
417.0,420.0,Luscinia phaenicuroides,White-bellied Redstart,0.6378,psl4,2024,07,03,07
417.0,420.0,Phylloscopus tytleri,Tytler's Leaf Warbler,0.513,psl4,2024,07,03,07
423.0,426.0,Luscinia phaenicuroides,White-bellied Redstart,0.9361,psl4,2024,07,03,07
426.0,429.0,Luscinia phaenicuroides,White-bellied Redstart,0.5359,psl4,2024,07,03,07
441.0,444.0,Luscinia phaenicuroides,White-bellied Redstart,0.9727,psl4,2024,07,03,07
444.0,447.0,Luscinia phaenicuroides,White-bellied Redstart,0.6423,psl4,2024,07,03,07
450.0,453.0,Luscinia phaenicuroides,White-bellied Redstart,0.7233,psl4,2024,07,03,07
456.0,459.0,Luscinia phaenicuroides,White-bellied Redstart,0.9341,psl4,2024,07,03,07
468.0,471.0,Luscinia phaenicuroides,White-bellied Redstart,0.6185,psl4,2024,07,03,07
501.0,504.0,Phylloscopus occipitalis,Western Crowned Warbler,0.7945,psl4,2024,07,03,07
546.0,549.0,Phylloscopus occipitalis,Western Crowned Warbler,0.6985,psl4,2024,07,03,07
555.0,558.0,Phylloscopus occipitalis,Western Crowned Warbler,0.6809,psl4,2024,07,03,07
567.0,570.0,Phylloscopus occipitalis,Western Crowned Warbler,0.6136,psl4,2024,07,03,07
618.0,621.0,Phylloscopus occipitalis,Western Crowned Warbler,0.6898,psl4,2024,07,03,07
618.0,621.0,Protonotaria citrea,Prothonotary Warbler,0.5284,psl4,2024,07,03,07
627.0,630.0,Phylloscopus occipitalis,Western Crowned Warbler,0.947,psl4,2024,07,03,07
633.0,636.0,Phylloscopus occipitalis,Western Crowned Warbler,0.968,psl4,2024,07,03,07
636.0,639.0,Phylloscopus occipitalis,Western Crowned Warbler,0.9651,psl4,2024,07,03,07
639.0,642.0,Phylloscopus occipitalis,Western Crowned Warbler,0.8994,psl4,2024,07,03,07
642.0,645.0,Phylloscopus occipitalis,Western Crowned Warbler,0.9523,psl4,2024,07,03,07
645.0,648.0,Phylloscopus occipitalis,Western Crowned Warbler,0.9893,psl4,2024,07,03,07
648.0,651.0,Phylloscopus occipitalis,Western Crowned Warbler,0.9916,psl4,2024,07,03,07
651.0,654.0,Phylloscopus occipitalis,Western Crowned Warbler,0.9959,psl4,2024,07,03,07
654.0,657.0,Phylloscopus occipitalis,Western Crowned Warbler,0.9083,psl4,2024,07,03,07
657.0,660.0,Phylloscopus occipitalis,Western Crowned Warbler,0.9876,psl4,2024,07,03,07
660.0,663.0,Phylloscopus occipitalis,Western Crowned Warbler,0.6389,psl4,2024,07,03,07
663.0,666.0,Phylloscopus occipitalis,Western Crowned Warbler,0.9762,psl4,2024,07,03,07
669.0,672.0,Phylloscopus occipitalis,Western Crowned Warbler,0.9154,psl4,2024,07,03,07
675.0,678.0,Phylloscopus occipitalis,Western Crowned Warbler,0.9877,psl4,2024,07,03,07
684.0,687.0,Phylloscopus occipitalis,Western Crowned Warbler,0.9869,psl4,2024,07,03,07
690.0,693.0,Phylloscopus occipitalis,Western Crowned Warbler,0.9559,psl4,2024,07,03,07
696.0,699.0,Phylloscopus occipitalis,Western Crowned Warbler,0.9982,psl4,2024,07,03,07
699.0,702.0,Phylloscopus occipitalis,Western Crowned Warbler,0.5487,psl4,2024,07,03,07
705.0,708.0,Phylloscopus occipitalis,Western Crowned Warbler,0.9657,psl4,2024,07,03,07
708.0,711.0,Phylloscopus occipitalis,Western Crowned Warbler,0.9155,psl4,2024,07,03,07
711.0,714.0,Phylloscopus occipitalis,Western Crowned Warbler,0.6092,psl4,2024,07,03,07
726.0,729.0,Phylloscopus occipitalis,Western Crowned Warbler,0.8216,psl4,2024,07,03,07
735.0,738.0,Phylloscopus occipitalis,Western Crowned Warbler,0.716,psl4,2024,07,03,07
741.0,744.0,Phylloscopus occipitalis,Western Crowned Warbler,0.5926,psl4,2024,07,03,07
750.0,753.0,Phylloscopus occipitalis,Western Crowned Warbler,0.8436,psl4,2024,07,03,07
756.0,759.0,Phylloscopus occipitalis,Western Crowned Warbler,0.5986,psl4,2024,07,03,07
759.0,762.0,Phylloscopus occipitalis,Western Crowned Warbler,0.5379,psl4,2024,07,03,07
768.0,771.0,Phylloscopus occipitalis,Western Crowned Warbler,0.8658,psl4,2024,07,03,07
774.0,777.0,Phylloscopus occipitalis,Western Crowned Warbler,0.56,psl4,2024,07,03,07
822.0,825.0,Phylloscopus occipitalis,Western Crowned Warbler,0.5319,psl4,2024,07,03,07
0.0,3.0,Phylloscopus occipitalis,Western Crowned Warbler,0.976,psl4,2024,07,04,05
3.0,6.0,Phylloscopus occipitalis,Western Crowned Warbler,0.6035,psl4,2024,07,04,05
6.0,9.0,Phylloscopus occipitalis,Western Crowned Warbler,0.7218,psl4,2024,07,04,05
9.0,12.0,Phylloscopus occipitalis,Western Crowned Warbler,0.9084,psl4,2024,07,04,05
12.0,15.0,Phylloscopus occipitalis,Western Crowned Warbler,0.8281,psl4,2024,07,04,05
15.0,18.0,Phylloscopus occipitalis,Western Crowned Warbler,0.9715,psl4,2024,07,04,05
18.0,21.0,Phylloscopus occipitalis,Western Crowned Warbler,0.976,psl4,2024,07,04,05
21.0,24.0,Phylloscopus occipitalis,Western Crowned Warbler,0.7451,psl4,2024,07,04,05
24.0,27.0,Phylloscopus occipitalis,Western Crowned Warbler,0.8508,psl4,2024,07,04,05
27.0,30.0,Phylloscopus occipitalis,Western Crowned Warbler,0.9903,psl4,2024,07,04,05
30.0,33.0,Phylloscopus occipitalis,Western Crowned Warbler,0.9114,psl4,2024,07,04,05
33.0,36.0,Phylloscopus occipitalis,Western Crowned Warbler,0.9698,psl4,2024,07,04,05
36.0,39.0,Phylloscopus occipitalis,Western Crowned Warbler,0.9386,psl4,2024,07,04,05
39.0,42.0,Phylloscopus occipitalis,Western Crowned Warbler,0.9373,psl4,2024,07,04,05
42.0,45.0,Phylloscopus occipitalis,Western Crowned Warbler,0.9226,psl4,2024,07,04,05
45.0,48.0,Phylloscopus occipitalis,Western Crowned Warbler,0.9521,psl4,2024,07,04,05
48.0,51.0,Phylloscopus occipitalis,Western Crowned Warbler,0.9911,psl4,2024,07,04,05
51.0,54.0,Phylloscopus reguloides,Blyth's Leaf Warbler,0.5824,psl4,2024,07,04,05
54.0,57.0,Phylloscopus occipitalis,Western Crowned Warbler,0.7172,psl4,2024,07,04,05
111.0,114.0,Phylloscopus occipitalis,Western Crowned Warbler,0.5476,psl4,2024,07,04,05
189.0,192.0,Luscinia phaenicuroides,White-bellied Redstart,0.525,psl4,2024,07,04,05
192.0,195.0,Luscinia phaenicuroides,White-bellied Redstart,0.8342,psl4,2024,07,04,05
198.0,201.0,Luscinia phaenicuroides,White-bellied Redstart,0.9736,psl4,2024,07,04,05
201.0,204.0,Luscinia phaenicuroides,White-bellied Redstart,0.718,psl4,2024,07,04,05
201.0,204.0,Phylloscopus tytleri,Tytler's Leaf Warbler,0.5014,psl4,2024,07,04,05
210.0,213.0,Luscinia phaenicuroides,White-bellied Redstart,0.9409,psl4,2024,07,04,05
228.0,231.0,Luscinia phaenicuroides,White-bellied Redstart,0.9188,psl4,2024,07,04,05
246.0,249.0,Phylloscopus occipitalis,Western Crowned Warbler,0.5512,psl4,2024,07,04,05
258.0,261.0,Phylloscopus occipitalis,Western Crowned Warbler,0.7326,psl4,2024,07,04,05
285.0,288.0,Phylloscopus occipitalis,Western Crowned Warbler,0.5374,psl4,2024,07,04,05
372.0,375.0,Trochalopteron variegatum,Variegated Laughingthrush,0.8458,psl4,2024,07,04,05
378.0,381.0,Ficedula tricolor,Slaty-blue Flycatcher,0.5636,psl4,2024,07,04,05
396.0,399.0,Trochalopteron variegatum,Variegated Laughingthrush,0.9115,psl4,2024,07,04,05
408.0,411.0,Trochalopteron variegatum,Variegated Laughingthrush,0.9136,psl4,2024,07,04,05
414.0,417.0,Trochalopteron variegatum,Variegated Laughingthrush,0.6234,psl4,2024,07,04,05
420.0,423.0,Trochalopteron variegatum,Variegated Laughingthrush,0.7048,psl4,2024,07,04,05
450.0,453.0,Trochalopteron variegatum,Variegated Laughingthrush,0.9168,psl4,2024,07,04,05
462.0,465.0,Phylloscopus occipitalis,Western Crowned Warbler,0.7387,psl4,2024,07,04,05
468.0,471.0,Trochalopteron variegatum,Variegated Laughingthrush,0.687,psl4,2024,07,04,05
474.0,477.0,Phylloscopus occipitalis,Western Crowned Warbler,0.7052,psl4,2024,07,04,05
483.0,486.0,Phylloscopus occipitalis,Western Crowned Warbler,0.6113,psl4,2024,07,04,05
528.0,531.0,Trochalopteron variegatum,Variegated Laughingthrush,0.5696,psl4,2024,07,04,05
540.0,543.0,Trochalopteron variegatum,Variegated Laughingthrush,0.5815,psl4,2024,07,04,05
543.0,546.0,Phylloscopus occipitalis,Western Crowned Warbler,0.5369,psl4,2024,07,04,05
552.0,555.0,Trochalopteron variegatum,Variegated Laughingthrush,0.8233,psl4,2024,07,04,05
555.0,558.0,Trochalopteron variegatum,Variegated Laughingthrush,0.7408,psl4,2024,07,04,05
561.0,564.0,Trochalopteron variegatum,Variegated Laughingthrush,0.7393,psl4,2024,07,04,05
639.0,642.0,Luscinia phaenicuroides,White-bellied Redstart,0.8625,psl4,2024,07,04,05
696.0,699.0,Phylloscopus occipitalis,Western Crowned Warbler,0.7812,psl4,2024,07,04,05
729.0,732.0,Phylloscopus occipitalis,Western Crowned Warbler,0.76,psl4,2024,07,04,05
747.0,750.0,Phylloscopus occipitalis,Western Crowned Warbler,0.5061,psl4,2024,07,04,05
762.0,765.0,Phylloscopus occipitalis,Western Crowned Warbler,0.6195,psl4,2024,07,04,05
777.0,780.0,Phylloscopus occipitalis,Western Crowned Warbler,0.5972,psl4,2024,07,04,05
798.0,801.0,Phylloscopus occipitalis,Western Crowned Warbler,0.5399,psl4,2024,07,04,05
831.0,834.0,Phylloscopus occipitalis,Western Crowned Warbler,0.7573,psl4,2024,07,04,05
885.0,888.0,Trochalopteron variegatum,Variegated Laughingthrush,0.6955,psl4,2024,07,04,05
6.0,9.0,Phylloscopus occipitalis,Western Crowned Warbler,0.7304,psl4,2024,07,04,06
12.0,15.0,Phylloscopus occipitalis,Western Crowned Warbler,0.9223,psl4,2024,07,04,06
30.0,33.0,Phylloscopus occipitalis,Western Crowned Warbler,0.9364,psl4,2024,07,04,06
33.0,36.0,Phylloscopus occipitalis,Western Crowned Warbler,0.8808,psl4,2024,07,04,06
99.0,102.0,Luscinia phaenicuroides,White-bellied Redstart,0.8888,psl4,2024,07,04,06
123.0,126.0,Phylloscopus occipitalis,Western Crowned Warbler,0.5587,psl4,2024,07,04,06
426.0,429.0,Phylloscopus occipitalis,Western Crowned Warbler,0.6355,psl4,2024,07,04,06
453.0,456.0,Phylloscopus occipitalis,Western Crowned Warbler,0.6837,psl4,2024,07,04,06
591.0,594.0,Phylloscopus humei,Hume's Warbler,0.7312,psl4,2024,07,04,06
642.0,645.0,Phylloscopus occipitalis,Western Crowned Warbler,0.7631,psl4,2024,07,04,06
654.0,657.0,Phylloscopus occipitalis,Western Crowned Warbler,0.9765,psl4,2024,07,04,06
660.0,663.0,Luscinia phaenicuroides,White-bellied Redstart,0.992,psl4,2024,07,04,06
666.0,669.0,Luscinia phaenicuroides,White-bellied Redstart,0.9961,psl4,2024,07,04,06
669.0,672.0,Phylloscopus occipitalis,Western Crowned Warbler,0.8142,psl4,2024,07,04,06
672.0,675.0,Luscinia phaenicuroides,White-bellied Redstart,0.8085,psl4,2024,07,04,06
672.0,675.0,Phylloscopus tytleri,Tytler's Leaf Warbler,0.5166,psl4,2024,07,04,06
681.0,684.0,Phylloscopus occipitalis,Western Crowned Warbler,0.998,psl4,2024,07,04,06
684.0,687.0,Luscinia phaenicuroides,White-bellied Redstart,0.8905,psl4,2024,07,04,06
690.0,693.0,Luscinia phaenicuroides,White-bellied Redstart,0.9948,psl4,2024,07,04,06
696.0,699.0,Luscinia phaenicuroides,White-bellied Redstart,0.9415,psl4,2024,07,04,06
702.0,705.0,Luscinia phaenicuroides,White-bellied Redstart,0.5608,psl4,2024,07,04,06
708.0,711.0,Luscinia phaenicuroides,White-bellied Redstart,0.6062,psl4,2024,07,04,06
717.0,720.0,Luscinia phaenicuroides,White-bellied Redstart,0.7512,psl4,2024,07,04,06
729.0,732.0,Luscinia phaenicuroides,White-bellied Redstart,0.881,psl4,2024,07,04,06
735.0,738.0,Phylloscopus occipitalis,Western Crowned Warbler,0.7064,psl4,2024,07,04,06
738.0,741.0,Luscinia phaenicuroides,White-bellied Redstart,0.9526,psl4,2024,07,04,06
741.0,744.0,Phylloscopus occipitalis,Western Crowned Warbler,0.5817,psl4,2024,07,04,06
744.0,747.0,Phylloscopus occipitalis,Western Crowned Warbler,0.8242,psl4,2024,07,04,06
756.0,759.0,Luscinia phaenicuroides,White-bellied Redstart,0.6323,psl4,2024,07,04,06
765.0,768.0,Luscinia phaenicuroides,White-bellied Redstart,0.9464,psl4,2024,07,04,06
774.0,777.0,Luscinia phaenicuroides,White-bellied Redstart,0.798,psl4,2024,07,04,06
777.0,780.0,Luscinia phaenicuroides,White-bellied Redstart,0.8335,psl4,2024,07,04,06
780.0,783.0,Luscinia phaenicuroides,White-bellied Redstart,0.7246,psl4,2024,07,04,06
783.0,786.0,Luscinia phaenicuroides,White-bellied Redstart,0.8142,psl4,2024,07,04,06
786.0,789.0,Luscinia phaenicuroides,White-bellied Redstart,0.5926,psl4,2024,07,04,06
792.0,795.0,Luscinia phaenicuroides,White-bellied Redstart,0.5762,psl4,2024,07,04,06
795.0,798.0,Luscinia phaenicuroides,White-bellied Redstart,0.7282,psl4,2024,07,04,06
798.0,801.0,Luscinia phaenicuroides,White-bellied Redstart,0.5297,psl4,2024,07,04,06
801.0,804.0,Luscinia phaenicuroides,White-bellied Redstart,0.7643,psl4,2024,07,04,06
816.0,819.0,Luscinia phaenicuroides,White-bellied Redstart,0.6718,psl4,2024,07,04,06
822.0,825.0,Luscinia phaenicuroides,White-bellied Redstart,0.6886,psl4,2024,07,04,06
825.0,828.0,Phylloscopus occipitalis,Western Crowned Warbler,0.8095,psl4,2024,07,04,06
828.0,831.0,Luscinia phaenicuroides,White-bellied Redstart,0.575,psl4,2024,07,04,06
831.0,834.0,Phylloscopus occipitalis,Western Crowned Warbler,0.9304,psl4,2024,07,04,06
834.0,837.0,Luscinia phaenicuroides,White-bellied Redstart,0.654,psl4,2024,07,04,06
840.0,843.0,Luscinia phaenicuroides,White-bellied Redstart,0.6086,psl4,2024,07,04,06
846.0,849.0,Luscinia phaenicuroides,White-bellied Redstart,0.6295,psl4,2024,07,04,06
849.0,852.0,Phylloscopus occipitalis,Western Crowned Warbler,0.7378,psl4,2024,07,04,06
858.0,861.0,Phylloscopus occipitalis,Western Crowned Warbler,0.6368,psl4,2024,07,04,06
891.0,894.0,Phylloscopus occipitalis,Western Crowned Warbler,0.5367,psl4,2024,07,04,06
0.0,3.0,Phylloscopus occipitalis,Western Crowned Warbler,0.8502,psl4,2024,07,04,07
33.0,36.0,Phylloscopus occipitalis,Western Crowned Warbler,0.6982,psl4,2024,07,04,07
36.0,39.0,Phylloscopus occipitalis,Western Crowned Warbler,0.9286,psl4,2024,07,04,07
57.0,60.0,Phylloscopus occipitalis,Western Crowned Warbler,0.5691,psl4,2024,07,04,07
60.0,63.0,Phylloscopus occipitalis,Western Crowned Warbler,0.5329,psl4,2024,07,04,07
69.0,72.0,Phylloscopus occipitalis,Western Crowned Warbler,0.6844,psl4,2024,07,04,07
87.0,90.0,Phylloscopus occipitalis,Western Crowned Warbler,0.6642,psl4,2024,07,04,07
96.0,99.0,Phylloscopus occipitalis,Western Crowned Warbler,0.9243,psl4,2024,07,04,07
105.0,108.0,Phylloscopus occipitalis,Western Crowned Warbler,0.5371,psl4,2024,07,04,07
114.0,117.0,Luscinia phaenicuroides,White-bellied Redstart,0.7574,psl4,2024,07,04,07
117.0,120.0,Phylloscopus occipitalis,Western Crowned Warbler,0.8995,psl4,2024,07,04,07
132.0,135.0,Luscinia phaenicuroides,White-bellied Redstart,0.9632,psl4,2024,07,04,07
135.0,138.0,Phylloscopus occipitalis,Western Crowned Warbler,0.8605,psl4,2024,07,04,07
141.0,144.0,Luscinia phaenicuroides,White-bellied Redstart,0.9939,psl4,2024,07,04,07
144.0,147.0,Luscinia phaenicuroides,White-bellied Redstart,0.939,psl4,2024,07,04,07
147.0,150.0,Phylloscopus occipitalis,Western Crowned Warbler,0.9642,psl4,2024,07,04,07
150.0,153.0,Luscinia phaenicuroides,White-bellied Redstart,0.8492,psl4,2024,07,04,07
153.0,156.0,Phylloscopus occipitalis,Western Crowned Warbler,0.7307,psl4,2024,07,04,07
156.0,159.0,Phylloscopus occipitalis,Western Crowned Warbler,0.7219,psl4,2024,07,04,07
159.0,162.0,Luscinia phaenicuroides,White-bellied Redstart,0.9852,psl4,2024,07,04,07
162.0,165.0,Phylloscopus occipitalis,Western Crowned Warbler,0.9065,psl4,2024,07,04,07
165.0,168.0,Phylloscopus tytleri,Tytler's Leaf Warbler,0.6853,psl4,2024,07,04,07
165.0,168.0,Luscinia phaenicuroides,White-bellied Redstart,0.5849,psl4,2024,07,04,07
168.0,171.0,Phylloscopus occipitalis,Western Crowned Warbler,0.9803,psl4,2024,07,04,07
174.0,177.0,Luscinia phaenicuroides,White-bellied Redstart,0.9831,psl4,2024,07,04,07
177.0,180.0,Luscinia phaenicuroides,White-bellied Redstart,0.9501,psl4,2024,07,04,07
186.0,189.0,Luscinia phaenicuroides,White-bellied Redstart,0.9638,psl4,2024,07,04,07
189.0,192.0,Periparus rufonuchalis,Rufous-naped Tit,0.5771,psl4,2024,07,04,07
192.0,195.0,Luscinia phaenicuroides,White-bellied Redstart,0.9834,psl4,2024,07,04,07
195.0,198.0,Phylloscopus occipitalis,Western Crowned Warbler,0.6845,psl4,2024,07,04,07
198.0,201.0,Luscinia phaenicuroides,White-bellied Redstart,0.9538,psl4,2024,07,04,07
201.0,204.0,Luscinia phaenicuroides,White-bellied Redstart,0.9396,psl4,2024,07,04,07
207.0,210.0,Phylloscopus occipitalis,Western Crowned Warbler,0.8458,psl4,2024,07,04,07
216.0,219.0,Luscinia phaenicuroides,White-bellied Redstart,0.7672,psl4,2024,07,04,07
240.0,243.0,Phylloscopus occipitalis,Western Crowned Warbler,0.6722,psl4,2024,07,04,07
249.0,252.0,Phylloscopus occipitalis,Western Crowned Warbler,0.5436,psl4,2024,07,04,07
258.0,261.0,Phylloscopus occipitalis,Western Crowned Warbler,0.878,psl4,2024,07,04,07
261.0,264.0,Luscinia phaenicuroides,White-bellied Redstart,0.7215,psl4,2024,07,04,07
261.0,264.0,Phylloscopus occipitalis,Western Crowned Warbler,0.657,psl4,2024,07,04,07
270.0,273.0,Luscinia phaenicuroides,White-bellied Redstart,0.6882,psl4,2024,07,04,07
273.0,276.0,Phylloscopus occipitalis,Western Crowned Warbler,0.9422,psl4,2024,07,04,07
285.0,288.0,Luscinia phaenicuroides,White-bellied Redstart,0.5793,psl4,2024,07,04,07
291.0,294.0,Phylloscopus occipitalis,Western Crowned Warbler,0.821,psl4,2024,07,04,07
300.0,303.0,Anisognathus lacrymosus,Lacrimose Mountain Tanager,0.593,psl4,2024,07,04,07
303.0,306.0,Phylloscopus occipitalis,Western Crowned Warbler,0.984,psl4,2024,07,04,07
312.0,315.0,Luscinia phaenicuroides,White-bellied Redstart,0.6829,psl4,2024,07,04,07
318.0,321.0,Phylloscopus occipitalis,Western Crowned Warbler,0.993,psl4,2024,07,04,07
321.0,324.0,Phylloscopus occipitalis,Western Crowned Warbler,0.9015,psl4,2024,07,04,07
327.0,330.0,Phylloscopus occipitalis,Western Crowned Warbler,0.9557,psl4,2024,07,04,07
330.0,333.0,Luscinia phaenicuroides,White-bellied Redstart,0.9892,psl4,2024,07,04,07
336.0,339.0,Phylloscopus occipitalis,Western Crowned Warbler,0.9714,psl4,2024,07,04,07
345.0,348.0,Phylloscopus occipitalis,Western Crowned Warbler,0.9918,psl4,2024,07,04,07
351.0,354.0,Phylloscopus occipitalis,Western Crowned Warbler,0.9877,psl4,2024,07,04,07
357.0,360.0,Phylloscopus occipitalis,Western Crowned Warbler,0.9766,psl4,2024,07,04,07
360.0,363.0,Phylloscopus tytleri,Tytler's Leaf Warbler,0.7536,psl4,2024,07,04,07
369.0,372.0,Phylloscopus occipitalis,Western Crowned Warbler,0.997,psl4,2024,07,04,07
378.0,381.0,Phylloscopus occipitalis,Western Crowned Warbler,0.9908,psl4,2024,07,04,07
387.0,390.0,Phylloscopus occipitalis,Western Crowned Warbler,0.9722,psl4,2024,07,04,07
393.0,396.0,Phylloscopus occipitalis,Western Crowned Warbler,0.5959,psl4,2024,07,04,07
396.0,399.0,Phylloscopus occipitalis,Western Crowned Warbler,0.9387,psl4,2024,07,04,07
402.0,405.0,Luscinia phaenicuroides,White-bellied Redstart,0.7826,psl4,2024,07,04,07
417.0,420.0,Phylloscopus occipitalis,Western Crowned Warbler,0.9981,psl4,2024,07,04,07
420.0,423.0,Phylloscopus occipitalis,Western Crowned Warbler,0.9586,psl4,2024,07,04,07
420.0,423.0,Phylloscopus reguloides,Blyth's Leaf Warbler,0.6294,psl4,2024,07,04,07
426.0,429.0,Phylloscopus occipitalis,Western Crowned Warbler,0.9953,psl4,2024,07,04,07
435.0,438.0,Phylloscopus occipitalis,Western Crowned Warbler,0.836,psl4,2024,07,04,07
441.0,444.0,Phylloscopus occipitalis,Western Crowned Warbler,0.9752,psl4,2024,07,04,07
444.0,447.0,Phylloscopus occipitalis,Western Crowned Warbler,0.9387,psl4,2024,07,04,07
462.0,465.0,Phylloscopus occipitalis,Western Crowned Warbler,0.9615,psl4,2024,07,04,07
474.0,477.0,Phylloscopus occipitalis,Western Crowned Warbler,0.9939,psl4,2024,07,04,07
510.0,513.0,Phylloscopus occipitalis,Western Crowned Warbler,0.5783,psl4,2024,07,04,07
558.0,561.0,Phylloscopus occipitalis,Western Crowned Warbler,0.934,psl4,2024,07,04,07
600.0,603.0,Phylloscopus occipitalis,Western Crowned Warbler,0.6952,psl4,2024,07,04,07
630.0,633.0,Phylloscopus occipitalis,Western Crowned Warbler,0.7927,psl4,2024,07,04,07
639.0,642.0,Phylloscopus humei,Hume's Warbler,0.7149,psl4,2024,07,04,07
801.0,804.0,Phylloscopus humei,Hume's Warbler,0.7129,psl4,2024,07,04,07
840.0,843.0,Phylloscopus occipitalis,Western Crowned Warbler,0.572,psl4,2024,07,04,07
0.0,3.0,Luscinia phaenicuroides,White-bellied Redstart,0.6678,psl4,2024,07,05,05
12.0,15.0,Phylloscopus occipitalis,Western Crowned Warbler,0.8812,psl4,2024,07,05,05
21.0,24.0,Phylloscopus occipitalis,Western Crowned Warbler,0.8027,psl4,2024,07,05,05
24.0,27.0,Phylloscopus occipitalis,Western Crowned Warbler,0.9637,psl4,2024,07,05,05
30.0,33.0,Phylloscopus occipitalis,Western Crowned Warbler,0.7376,psl4,2024,07,05,05
33.0,36.0,Phylloscopus occipitalis,Western Crowned Warbler,0.9199,psl4,2024,07,05,05
36.0,39.0,Phylloscopus occipitalis,Western Crowned Warbler,0.7829,psl4,2024,07,05,05
42.0,45.0,Phylloscopus occipitalis,Western Crowned Warbler,0.9668,psl4,2024,07,05,05
45.0,48.0,Phylloscopus occipitalis,Western Crowned Warbler,0.8555,psl4,2024,07,05,05
51.0,54.0,Phylloscopus occipitalis,Western Crowned Warbler,0.8419,psl4,2024,07,05,05
54.0,57.0,Phylloscopus occipitalis,Western Crowned Warbler,0.7569,psl4,2024,07,05,05
60.0,63.0,Phylloscopus occipitalis,Western Crowned Warbler,0.826,psl4,2024,07,05,05
63.0,66.0,Phylloscopus occipitalis,Western Crowned Warbler,0.5874,psl4,2024,07,05,05
66.0,69.0,Phylloscopus occipitalis,Western Crowned Warbler,0.9215,psl4,2024,07,05,05
69.0,72.0,Phylloscopus occipitalis,Western Crowned Warbler,0.8031,psl4,2024,07,05,05
72.0,75.0,Phylloscopus occipitalis,Western Crowned Warbler,0.6126,psl4,2024,07,05,05
78.0,81.0,Phylloscopus occipitalis,Western Crowned Warbler,0.616,psl4,2024,07,05,05
87.0,90.0,Phylloscopus occipitalis,Western Crowned Warbler,0.7192,psl4,2024,07,05,05
99.0,102.0,Phylloscopus occipitalis,Western Crowned Warbler,0.906,psl4,2024,07,05,05
102.0,105.0,Phylloscopus occipitalis,Western Crowned Warbler,0.5578,psl4,2024,07,05,05
117.0,120.0,Phylloscopus occipitalis,Western Crowned Warbler,0.8621,psl4,2024,07,05,05
120.0,123.0,Phylloscopus occipitalis,Western Crowned Warbler,0.8692,psl4,2024,07,05,05
126.0,129.0,Phylloscopus occipitalis,Western Crowned Warbler,0.549,psl4,2024,07,05,05
138.0,141.0,Phylloscopus occipitalis,Western Crowned Warbler,0.7247,psl4,2024,07,05,05
144.0,147.0,Phylloscopus occipitalis,Western Crowned Warbler,0.9001,psl4,2024,07,05,05
147.0,150.0,Phylloscopus occipitalis,Western Crowned Warbler,0.8334,psl4,2024,07,05,05
153.0,156.0,Phylloscopus occipitalis,Western Crowned Warbler,0.9647,psl4,2024,07,05,05
156.0,159.0,Phylloscopus reguloides,Blyth's Leaf Warbler,0.5721,psl4,2024,07,05,05
156.0,159.0,Phylloscopus occipitalis,Western Crowned Warbler,0.5226,psl4,2024,07,05,05
162.0,165.0,Phylloscopus occipitalis,Western Crowned Warbler,0.5932,psl4,2024,07,05,05
168.0,171.0,Phylloscopus occipitalis,Western Crowned Warbler,0.8133,psl4,2024,07,05,05
174.0,177.0,Phylloscopus occipitalis,Western Crowned Warbler,0.5943,psl4,2024,07,05,05
174.0,177.0,Phylloscopus tytleri,Tytler's Leaf Warbler,0.5715,psl4,2024,07,05,05
177.0,180.0,Phylloscopus occipitalis,Western Crowned Warbler,0.8995,psl4,2024,07,05,05
180.0,183.0,Phylloscopus occipitalis,Western Crowned Warbler,0.541,psl4,2024,07,05,05
204.0,207.0,Phylloscopus occipitalis,Western Crowned Warbler,0.7004,psl4,2024,07,05,05
207.0,210.0,Phylloscopus tytleri,Tytler's Leaf Warbler,0.5362,psl4,2024,07,05,05
210.0,213.0,Phylloscopus occipitalis,Western Crowned Warbler,0.6019,psl4,2024,07,05,05
213.0,216.0,Phylloscopus occipitalis,Western Crowned Warbler,0.6731,psl4,2024,07,05,05
225.0,228.0,Phylloscopus occipitalis,Western Crowned Warbler,0.5708,psl4,2024,07,05,05
228.0,231.0,Phylloscopus occipitalis,Western Crowned Warbler,0.6111,psl4,2024,07,05,05
273.0,276.0,Phylloscopus occipitalis,Western Crowned Warbler,0.5896,psl4,2024,07,05,05
279.0,282.0,Phylloscopus occipitalis,Western Crowned Warbler,0.6312,psl4,2024,07,05,05
282.0,285.0,Phylloscopus occipitalis,Western Crowned Warbler,0.6949,psl4,2024,07,05,05
312.0,315.0,Phylloscopus occipitalis,Western Crowned Warbler,0.6201,psl4,2024,07,05,05
336.0,339.0,Phylloscopus occipitalis,Western Crowned Warbler,0.5152,psl4,2024,07,05,05
345.0,348.0,Phylloscopus occipitalis,Western Crowned Warbler,0.7273,psl4,2024,07,05,05
378.0,381.0,Phylloscopus occipitalis,Western Crowned Warbler,0.733,psl4,2024,07,05,05
390.0,393.0,Phylloscopus occipitalis,Western Crowned Warbler,0.6341,psl4,2024,07,05,05
417.0,420.0,Phylloscopus occipitalis,Western Crowned Warbler,0.5426,psl4,2024,07,05,05
462.0,465.0,Phylloscopus occipitalis,Western Crowned Warbler,0.5952,psl4,2024,07,05,05
462.0,465.0,Phylloscopus tytleri,Tytler's Leaf Warbler,0.5671,psl4,2024,07,05,05
474.0,477.0,Phylloscopus occipitalis,Western Crowned Warbler,0.5633,psl4,2024,07,05,05
498.0,501.0,Trochalopteron variegatum,Variegated Laughingthrush,0.8924,psl4,2024,07,05,05
528.0,531.0,Trochalopteron variegatum,Variegated Laughingthrush,0.8364,psl4,2024,07,05,05
537.0,540.0,Trochalopteron variegatum,Variegated Laughingthrush,0.7834,psl4,2024,07,05,05
549.0,552.0,Trochalopteron variegatum,Variegated Laughingthrush,0.9032,psl4,2024,07,05,05
552.0,555.0,Trochalopteron variegatum,Variegated Laughingthrush,0.9059,psl4,2024,07,05,05
558.0,561.0,Trochalopteron variegatum,Variegated Laughingthrush,0.9931,psl4,2024,07,05,05
564.0,567.0,Trochalopteron variegatum,Variegated Laughingthrush,0.9961,psl4,2024,07,05,05
570.0,573.0,Trochalopteron variegatum,Variegated Laughingthrush,0.9956,psl4,2024,07,05,05
573.0,576.0,Phylloscopus occipitalis,Western Crowned Warbler,0.6324,psl4,2024,07,05,05
579.0,582.0,Trochalopteron variegatum,Variegated Laughingthrush,0.994,psl4,2024,07,05,05
585.0,588.0,Trochalopteron variegatum,Variegated Laughingthrush,0.9957,psl4,2024,07,05,05
588.0,591.0,Trochalopteron variegatum,Variegated Laughingthrush,0.8109,psl4,2024,07,05,05
591.0,594.0,Trochalopteron variegatum,Variegated Laughingthrush,0.9979,psl4,2024,07,05,05
606.0,609.0,Trochalopteron variegatum,Variegated Laughingthrush,0.9818,psl4,2024,07,05,05
612.0,615.0,Phylloscopus occipitalis,Western Crowned Warbler,0.5586,psl4,2024,07,05,05
636.0,639.0,Trochalopteron variegatum,Variegated Laughingthrush,0.5844,psl4,2024,07,05,05
663.0,666.0,Trochalopteron variegatum,Variegated Laughingthrush,0.9665,psl4,2024,07,05,05
669.0,672.0,Trochalopteron variegatum,Variegated Laughingthrush,0.841,psl4,2024,07,05,05
675.0,678.0,Trochalopteron variegatum,Variegated Laughingthrush,0.9878,psl4,2024,07,05,05
681.0,684.0,Trochalopteron variegatum,Variegated Laughingthrush,0.9685,psl4,2024,07,05,05
684.0,687.0,Trochalopteron variegatum,Variegated Laughingthrush,0.9904,psl4,2024,07,05,05
690.0,693.0,Trochalopteron variegatum,Variegated Laughingthrush,0.7519,psl4,2024,07,05,05
693.0,696.0,Trochalopteron variegatum,Variegated Laughingthrush,0.7653,psl4,2024,07,05,05
699.0,702.0,Trochalopteron variegatum,Variegated Laughingthrush,0.7195,psl4,2024,07,05,05
708.0,711.0,Trochalopteron variegatum,Variegated Laughingthrush,0.7961,psl4,2024,07,05,05
714.0,717.0,Trochalopteron variegatum,Variegated Laughingthrush,0.9216,psl4,2024,07,05,05
720.0,723.0,Trochalopteron variegatum,Variegated Laughingthrush,0.9171,psl4,2024,07,05,05
729.0,732.0,Trochalopteron variegatum,Variegated Laughingthrush,0.6962,psl4,2024,07,05,05
741.0,744.0,Trochalopteron variegatum,Variegated Laughingthrush,0.7489,psl4,2024,07,05,05
747.0,750.0,Phylloscopus occipitalis,Western Crowned Warbler,0.5655,psl4,2024,07,05,05
750.0,753.0,Trochalopteron variegatum,Variegated Laughingthrush,0.8759,psl4,2024,07,05,05
756.0,759.0,Trochalopteron variegatum,Variegated Laughingthrush,0.8754,psl4,2024,07,05,05
762.0,765.0,Trochalopteron variegatum,Variegated Laughingthrush,0.9785,psl4,2024,07,05,05
768.0,771.0,Phylloscopus occipitalis,Western Crowned Warbler,0.5278,psl4,2024,07,05,05
783.0,786.0,Trochalopteron variegatum,Variegated Laughingthrush,0.8043,psl4,2024,07,05,05
792.0,795.0,Phylloscopus occipitalis,Western Crowned Warbler,0.5714,psl4,2024,07,05,05
798.0,801.0,Phylloscopus occipitalis,Western Crowned Warbler,0.5726,psl4,2024,07,05,05
807.0,810.0,Trochalopteron variegatum,Variegated Laughingthrush,0.6765,psl4,2024,07,05,05
816.0,819.0,Trochalopteron variegatum,Variegated Laughingthrush,0.7099,psl4,2024,07,05,05
819.0,822.0,Phylloscopus occipitalis,Western Crowned Warbler,0.5638,psl4,2024,07,05,05
864.0,867.0,Phylloscopus occipitalis,Western Crowned Warbler,0.6244,psl4,2024,07,05,05
3.0,6.0,Phylloscopus occipitalis,Western Crowned Warbler,0.8426,psl4,2024,07,05,06
6.0,9.0,Phylloscopus occipitalis,Western Crowned Warbler,0.7697,psl4,2024,07,05,06
9.0,12.0,Phylloscopus occipitalis,Western Crowned Warbler,0.9396,psl4,2024,07,05,06
12.0,15.0,Phylloscopus occipitalis,Western Crowned Warbler,0.8475,psl4,2024,07,05,06
18.0,21.0,Phylloscopus occipitalis,Western Crowned Warbler,0.9519,psl4,2024,07,05,06
27.0,30.0,Phylloscopus occipitalis,Western Crowned Warbler,0.9024,psl4,2024,07,05,06
30.0,33.0,Phylloscopus occipitalis,Western Crowned Warbler,0.8672,psl4,2024,07,05,06
30.0,33.0,Phylloscopus tytleri,Tytler's Leaf Warbler,0.6566,psl4,2024,07,05,06
39.0,42.0,Phylloscopus humei,Hume's Warbler,0.6625,psl4,2024,07,05,06
51.0,54.0,Phylloscopus occipitalis,Western Crowned Warbler,0.6799,psl4,2024,07,05,06
54.0,57.0,Phylloscopus humei,Hume's Warbler,0.5021,psl4,2024,07,05,06
60.0,63.0,Phylloscopus occipitalis,Western Crowned Warbler,0.8469,psl4,2024,07,05,06
63.0,66.0,Phylloscopus occipitalis,Western Crowned Warbler,0.5473,psl4,2024,07,05,06
81.0,84.0,Pyrrhula pyrrhula,Eurasian Bullfinch,0.5573,psl4,2024,07,05,06
96.0,99.0,Phylloscopus occipitalis,Western Crowned Warbler,0.6097,psl4,2024,07,05,06
99.0,102.0,Phylloscopus occipitalis,Western Crowned Warbler,0.7763,psl4,2024,07,05,06
120.0,123.0,Phylloscopus occipitalis,Western Crowned Warbler,0.6276,psl4,2024,07,05,06
144.0,147.0,Phylloscopus occipitalis,Western Crowned Warbler,0.5301,psl4,2024,07,05,06
162.0,165.0,Phylloscopus occipitalis,Western Crowned Warbler,0.7073,psl4,2024,07,05,06
165.0,168.0,Phylloscopus reguloides,Blyth's Leaf Warbler,0.5002,psl4,2024,07,05,06
171.0,174.0,Phylloscopus occipitalis,Western Crowned Warbler,0.9698,psl4,2024,07,05,06
174.0,177.0,Phylloscopus occipitalis,Western Crowned Warbler,0.9625,psl4,2024,07,05,06
177.0,180.0,Phylloscopus occipitalis,Western Crowned Warbler,0.7216,psl4,2024,07,05,06
177.0,180.0,Phylloscopus reguloides,Blyth's Leaf Warbler,0.6078,psl4,2024,07,05,06
180.0,183.0,Phylloscopus occipitalis,Western Crowned Warbler,0.9141,psl4,2024,07,05,06
183.0,186.0,Phylloscopus occipitalis,Western Crowned Warbler,0.963,psl4,2024,07,05,06
186.0,189.0,Phylloscopus occipitalis,Western Crowned Warbler,0.9289,psl4,2024,07,05,06
189.0,192.0,Phylloscopus occipitalis,Western Crowned Warbler,0.9956,psl4,2024,07,05,06
195.0,198.0,Phylloscopus occipitalis,Western Crowned Warbler,0.6391,psl4,2024,07,05,06
213.0,216.0,Phylloscopus occipitalis,Western Crowned Warbler,0.7964,psl4,2024,07,05,06
219.0,222.0,Phylloscopus occipitalis,Western Crowned Warbler,0.929,psl4,2024,07,05,06
240.0,243.0,Phylloscopus occipitalis,Western Crowned Warbler,0.8328,psl4,2024,07,05,06
252.0,255.0,Phylloscopus occipitalis,Western Crowned Warbler,0.954,psl4,2024,07,05,06
258.0,261.0,Phylloscopus occipitalis,Western Crowned Warbler,0.5777,psl4,2024,07,05,06
270.0,273.0,Phylloscopus occipitalis,Western Crowned Warbler,0.5468,psl4,2024,07,05,06
279.0,282.0,Phylloscopus occipitalis,Western Crowned Warbler,0.8477,psl4,2024,07,05,06
291.0,294.0,Phylloscopus occipitalis,Western Crowned Warbler,0.6356,psl4,2024,07,05,06
300.0,303.0,Phylloscopus occipitalis,Western Crowned Warbler,0.717,psl4,2024,07,05,06
309.0,312.0,Phylloscopus occipitalis,Western Crowned Warbler,0.7733,psl4,2024,07,05,06
324.0,327.0,Phylloscopus occipitalis,Western Crowned Warbler,0.6707,psl4,2024,07,05,06
336.0,339.0,Phylloscopus occipitalis,Western Crowned Warbler,0.8706,psl4,2024,07,05,06
345.0,348.0,Phylloscopus occipitalis,Western Crowned Warbler,0.9237,psl4,2024,07,05,06
348.0,351.0,Phylloscopus occipitalis,Western Crowned Warbler,0.9585,psl4,2024,07,05,06
357.0,360.0,Phylloscopus occipitalis,Western Crowned Warbler,0.9638,psl4,2024,07,05,06
372.0,375.0,Phylloscopus occipitalis,Western Crowned Warbler,0.7839,psl4,2024,07,05,06
378.0,381.0,Phylloscopus occipitalis,Western Crowned Warbler,0.8114,psl4,2024,07,05,06
384.0,387.0,Phylloscopus occipitalis,Western Crowned Warbler,0.7859,psl4,2024,07,05,06
390.0,393.0,Phylloscopus occipitalis,Western Crowned Warbler,0.6311,psl4,2024,07,05,06
420.0,423.0,Phylloscopus occipitalis,Western Crowned Warbler,0.5034,psl4,2024,07,05,06
432.0,435.0,Phylloscopus occipitalis,Western Crowned Warbler,0.5498,psl4,2024,07,05,06
441.0,444.0,Ficedula tricolor,Slaty-blue Flycatcher,0.801,psl4,2024,07,05,06
546.0,549.0,Phylloscopus occipitalis,Western Crowned Warbler,0.6264,psl4,2024,07,05,06
549.0,552.0,Phylloscopus occipitalis,Western Crowned Warbler,0.695,psl4,2024,07,05,06
558.0,561.0,Phylloscopus occipitalis,Western Crowned Warbler,0.9898,psl4,2024,07,05,06
561.0,564.0,Phylloscopus occipitalis,Western Crowned Warbler,0.7885,psl4,2024,07,05,06
564.0,567.0,Phylloscopus occipitalis,Western Crowned Warbler,0.9066,psl4,2024,07,05,06
567.0,570.0,Phylloscopus occipitalis,Western Crowned Warbler,0.588,psl4,2024,07,05,06
579.0,582.0,Phylloscopus occipitalis,Western Crowned Warbler,0.6922,psl4,2024,07,05,06
585.0,588.0,Phylloscopus occipitalis,Western Crowned Warbler,0.9041,psl4,2024,07,05,06
597.0,600.0,Phylloscopus occipitalis,Western Crowned Warbler,0.9599,psl4,2024,07,05,06
606.0,609.0,Phylloscopus occipitalis,Western Crowned Warbler,0.6909,psl4,2024,07,05,06
630.0,633.0,Phylloscopus occipitalis,Western Crowned Warbler,0.5103,psl4,2024,07,05,06
642.0,645.0,Phylloscopus occipitalis,Western Crowned Warbler,0.7866,psl4,2024,07,05,06
645.0,648.0,Phylloscopus occipitalis,Western Crowned Warbler,0.8834,psl4,2024,07,05,06
648.0,651.0,Phylloscopus occipitalis,Western Crowned Warbler,0.5432,psl4,2024,07,05,06
651.0,654.0,Phylloscopus occipitalis,Western Crowned Warbler,0.8938,psl4,2024,07,05,06
657.0,660.0,Phylloscopus occipitalis,Western Crowned Warbler,0.6596,psl4,2024,07,05,06
684.0,687.0,Phylloscopus occipitalis,Western Crowned Warbler,0.779,psl4,2024,07,05,06
726.0,729.0,Phylloscopus occipitalis,Western Crowned Warbler,0.5225,psl4,2024,07,05,06
732.0,735.0,Phylloscopus occipitalis,Western Crowned Warbler,0.568,psl4,2024,07,05,06
774.0,777.0,Phylloscopus occipitalis,Western Crowned Warbler,0.663,psl4,2024,07,05,06
777.0,780.0,Phylloscopus occipitalis,Western Crowned Warbler,0.8268,psl4,2024,07,05,06
789.0,792.0,Phylloscopus occipitalis,Western Crowned Warbler,0.6205,psl4,2024,07,05,06
846.0,849.0,Phylloscopus occipitalis,Western Crowned Warbler,0.7746,psl4,2024,07,05,06
849.0,852.0,Phylloscopus occipitalis,Western Crowned Warbler,0.6715,psl4,2024,07,05,06
855.0,858.0,Phylloscopus occipitalis,Western Crowned Warbler,0.6987,psl4,2024,07,05,06
867.0,870.0,Phylloscopus occipitalis,Western Crowned Warbler,0.6178,psl4,2024,07,05,06
873.0,876.0,Phylloscopus occipitalis,Western Crowned Warbler,0.7732,psl4,2024,07,05,06
891.0,894.0,Phylloscopus occipitalis,Western Crowned Warbler,0.9851,psl4,2024,07,05,06
3.0,6.0,Phylloscopus occipitalis,Western Crowned Warbler,0.989,psl4,2024,07,05,07
6.0,9.0,Phylloscopus occipitalis,Western Crowned Warbler,0.9201,psl4,2024,07,05,07
15.0,18.0,Phylloscopus occipitalis,Western Crowned Warbler,0.9978,psl4,2024,07,05,07
30.0,33.0,Phylloscopus occipitalis,Western Crowned Warbler,0.9808,psl4,2024,07,05,07
42.0,45.0,Phylloscopus occipitalis,Western Crowned Warbler,0.9986,psl4,2024,07,05,07
57.0,60.0,Phylloscopus occipitalis,Western Crowned Warbler,0.992,psl4,2024,07,05,07
72.0,75.0,Phylloscopus occipitalis,Western Crowned Warbler,0.8682,psl4,2024,07,05,07
75.0,78.0,Phylloscopus occipitalis,Western Crowned Warbler,0.943,psl4,2024,07,05,07
93.0,96.0,Phylloscopus occipitalis,Western Crowned Warbler,0.9982,psl4,2024,07,05,07
114.0,117.0,Phylloscopus occipitalis,Western Crowned Warbler,0.9958,psl4,2024,07,05,07
117.0,120.0,Phylloscopus occipitalis,Western Crowned Warbler,0.761,psl4,2024,07,05,07
120.0,123.0,Phylloscopus humei,Hume's Warbler,0.5211,psl4,2024,07,05,07
126.0,129.0,Phylloscopus occipitalis,Western Crowned Warbler,0.9888,psl4,2024,07,05,07
135.0,138.0,Phylloscopus occipitalis,Western Crowned Warbler,0.9978,psl4,2024,07,05,07
138.0,141.0,Myophonus caeruleus,Blue Whistling-Thrush,0.742,psl4,2024,07,05,07
147.0,150.0,Phylloscopus occipitalis,Western Crowned Warbler,0.9951,psl4,2024,07,05,07
156.0,159.0,Phylloscopus occipitalis,Western Crowned Warbler,0.8683,psl4,2024,07,05,07
159.0,162.0,Phylloscopus occipitalis,Western Crowned Warbler,0.9935,psl4,2024,07,05,07
171.0,174.0,Phylloscopus occipitalis,Western Crowned Warbler,0.9901,psl4,2024,07,05,07
192.0,195.0,Phylloscopus humei,Hume's Warbler,0.9804,psl4,2024,07,05,07
201.0,204.0,Phylloscopus humei,Hume's Warbler,0.8761,psl4,2024,07,05,07
210.0,213.0,Phylloscopus humei,Hume's Warbler,0.847,psl4,2024,07,05,07
213.0,216.0,Phylloscopus occipitalis,Western Crowned Warbler,0.9098,psl4,2024,07,05,07
219.0,222.0,Phylloscopus humei,Hume's Warbler,0.9566,psl4,2024,07,05,07
222.0,225.0,Phylloscopus sindianus,Mountain Chiffchaff,0.7849,psl4,2024,07,05,07
228.0,231.0,Phylloscopus occipitalis,Western Crowned Warbler,0.9946,psl4,2024,07,05,07
237.0,240.0,Phylloscopus occipitalis,Western Crowned Warbler,0.9885,psl4,2024,07,05,07
243.0,246.0,Carpodacus erythrinus,Common Rosefinch,0.5079,psl4,2024,07,05,07
249.0,252.0,Phylloscopus occipitalis,Western Crowned Warbler,0.996,psl4,2024,07,05,07
261.0,264.0,Phylloscopus humei,Hume's Warbler,0.6958,psl4,2024,07,05,07
264.0,267.0,Phylloscopus occipitalis,Western Crowned Warbler,0.9968,psl4,2024,07,05,07
270.0,273.0,Phylloscopus occipitalis,Western Crowned Warbler,0.9888,psl4,2024,07,05,07
282.0,285.0,Phylloscopus occipitalis,Western Crowned Warbler,0.9771,psl4,2024,07,05,07
285.0,288.0,Phylloscopus occipitalis,Western Crowned Warbler,0.9233,psl4,2024,07,05,07
291.0,294.0,Phylloscopus occipitalis,Western Crowned Warbler,0.9653,psl4,2024,07,05,07
294.0,297.0,Phylloscopus occipitalis,Western Crowned Warbler,0.9135,psl4,2024,07,05,07
303.0,306.0,Phylloscopus occipitalis,Western Crowned Warbler,0.996,psl4,2024,07,05,07
315.0,318.0,Phylloscopus occipitalis,Western Crowned Warbler,0.6503,psl4,2024,07,05,07
327.0,330.0,Phylloscopus occipitalis,Western Crowned Warbler,0.8801,psl4,2024,07,05,07
336.0,339.0,Phylloscopus occipitalis,Western Crowned Warbler,0.5065,psl4,2024,07,05,07
363.0,366.0,Phylloscopus occipitalis,Western Crowned Warbler,0.6225,psl4,2024,07,05,07
387.0,390.0,Phylloscopus occipitalis,Western Crowned Warbler,0.9601,psl4,2024,07,05,07
396.0,399.0,Phylloscopus occipitalis,Western Crowned Warbler,0.7716,psl4,2024,07,05,07
417.0,420.0,Phylloscopus occipitalis,Western Crowned Warbler,0.7953,psl4,2024,07,05,07
435.0,438.0,Phylloscopus occipitalis,Western Crowned Warbler,0.8174,psl4,2024,07,05,07
459.0,462.0,Phylloscopus occipitalis,Western Crowned Warbler,0.6566,psl4,2024,07,05,07
474.0,477.0,Phylloscopus occipitalis,Western Crowned Warbler,0.8986,psl4,2024,07,05,07
573.0,576.0,Ficedula tricolor,Slaty-blue Flycatcher,0.6602,psl4,2024,07,05,07
576.0,579.0,Ficedula tricolor,Slaty-blue Flycatcher,0.7133,psl4,2024,07,05,07
585.0,588.0,Ficedula tricolor,Slaty-blue Flycatcher,0.9393,psl4,2024,07,05,07
615.0,618.0,Ficedula tricolor,Slaty-blue Flycatcher,0.9753,psl4,2024,07,05,07
621.0,624.0,Ficedula tricolor,Slaty-blue Flycatcher,0.9919,psl4,2024,07,05,07
624.0,627.0,Ficedula tricolor,Slaty-blue Flycatcher,0.9955,psl4,2024,07,05,07
627.0,630.0,Ficedula tricolor,Slaty-blue Flycatcher,0.9183,psl4,2024,07,05,07
630.0,633.0,Ficedula tricolor,Slaty-blue Flycatcher,0.9568,psl4,2024,07,05,07
633.0,636.0,Ficedula tricolor,Slaty-blue Flycatcher,0.9603,psl4,2024,07,05,07
636.0,639.0,Ficedula tricolor,Slaty-blue Flycatcher,0.9142,psl4,2024,07,05,07
645.0,648.0,Fringilla montifringilla,Brambling,0.6551,psl4,2024,07,05,07
660.0,663.0,Ficedula tricolor,Slaty-blue Flycatcher,0.7093,psl4,2024,07,05,07
684.0,687.0,Carpodacus erythrinus,Common Rosefinch,0.7673,psl4,2024,07,05,07
687.0,690.0,Carpodacus erythrinus,Common Rosefinch,0.9159,psl4,2024,07,05,07
711.0,714.0,Ficedula tricolor,Slaty-blue Flycatcher,0.6344,psl4,2024,07,05,07
720.0,723.0,Ficedula tricolor,Slaty-blue Flycatcher,0.5317,psl4,2024,07,05,07
738.0,741.0,Myiothlypis nigrocristata,Black-crested Warbler,0.5742,psl4,2024,07,05,07
747.0,750.0,Ficedula tricolor,Slaty-blue Flycatcher,0.7048,psl4,2024,07,05,07
750.0,753.0,Ficedula tricolor,Slaty-blue Flycatcher,0.5107,psl4,2024,07,05,07
756.0,759.0,Ficedula tricolor,Slaty-blue Flycatcher,0.6149,psl4,2024,07,05,07
801.0,804.0,Ficedula tricolor,Slaty-blue Flycatcher,0.8584,psl4,2024,07,05,07
858.0,861.0,Phylloscopus occipitalis,Western Crowned Warbler,0.5132,psl4,2024,07,05,07
876.0,879.0,Phylloscopus occipitalis,Western Crowned Warbler,0.5927,psl4,2024,07,05,07
123.0,126.0,Phylloscopus occipitalis,Western Crowned Warbler,0.6978,psl4,2024,07,06,05
126.0,129.0,Phylloscopus occipitalis,Western Crowned Warbler,0.7784,psl4,2024,07,06,05
135.0,138.0,Phylloscopus occipitalis,Western Crowned Warbler,0.8462,psl4,2024,07,06,05
144.0,147.0,Phylloscopus occipitalis,Western Crowned Warbler,0.611,psl4,2024,07,06,05
165.0,168.0,Phylloscopus occipitalis,Western Crowned Warbler,0.5624,psl4,2024,07,06,05
168.0,171.0,Phylloscopus occipitalis,Western Crowned Warbler,0.7714,psl4,2024,07,06,05
186.0,189.0,Phylloscopus occipitalis,Western Crowned Warbler,0.5286,psl4,2024,07,06,05
195.0,198.0,Phylloscopus occipitalis,Western Crowned Warbler,0.7302,psl4,2024,07,06,05
204.0,207.0,Phylloscopus occipitalis,Western Crowned Warbler,0.7437,psl4,2024,07,06,05
216.0,219.0,Phylloscopus occipitalis,Western Crowned Warbler,0.7034,psl4,2024,07,06,05
240.0,243.0,Phylloscopus occipitalis,Western Crowned Warbler,0.641,psl4,2024,07,06,05
246.0,249.0,Phylloscopus occipitalis,Western Crowned Warbler,0.8067,psl4,2024,07,06,05
261.0,264.0,Phylloscopus occipitalis,Western Crowned Warbler,0.5806,psl4,2024,07,06,05
264.0,267.0,Phylloscopus occipitalis,Western Crowned Warbler,0.5311,psl4,2024,07,06,05
498.0,501.0,Phylloscopus occipitalis,Western Crowned Warbler,0.6382,psl4,2024,07,06,05
33.0,36.0,Phylloscopus occipitalis,Western Crowned Warbler,0.8839,psl4,2024,07,06,06
75.0,78.0,Phylloscopus occipitalis,Western Crowned Warbler,0.5158,psl4,2024,07,06,06
81.0,84.0,Phylloscopus occipitalis,Western Crowned Warbler,0.5378,psl4,2024,07,06,06
84.0,87.0,Phylloscopus tytleri,Tytler's Leaf Warbler,0.5643,psl4,2024,07,06,06
90.0,93.0,Phylloscopus occipitalis,Western Crowned Warbler,0.5388,psl4,2024,07,06,06
96.0,99.0,Luscinia phaenicuroides,White-bellied Redstart,0.5398,psl4,2024,07,06,06
303.0,306.0,Phylloscopus occipitalis,Western Crowned Warbler,0.6548,psl4,2024,07,06,06
321.0,324.0,Phylloscopus occipitalis,Western Crowned Warbler,0.5947,psl4,2024,07,06,06
333.0,336.0,Phylloscopus occipitalis,Western Crowned Warbler,0.6217,psl4,2024,07,06,06
381.0,384.0,Phylloscopus occipitalis,Western Crowned Warbler,0.597,psl4,2024,07,06,06
396.0,399.0,Phylloscopus occipitalis,Western Crowned Warbler,0.5165,psl4,2024,07,06,06
408.0,411.0,Phylloscopus occipitalis,Western Crowned Warbler,0.5736,psl4,2024,07,06,06
411.0,414.0,Phylloscopus occipitalis,Western Crowned Warbler,0.5417,psl4,2024,07,06,06
426.0,429.0,Phylloscopus occipitalis,Western Crowned Warbler,0.5833,psl4,2024,07,06,06
432.0,435.0,Phylloscopus occipitalis,Western Crowned Warbler,0.6265,psl4,2024,07,06,06
438.0,441.0,Phylloscopus occipitalis,Western Crowned Warbler,0.7305,psl4,2024,07,06,06
441.0,444.0,Phylloscopus occipitalis,Western Crowned Warbler,0.8073,psl4,2024,07,06,06
450.0,453.0,Phylloscopus occipitalis,Western Crowned Warbler,0.6392,psl4,2024,07,06,06
465.0,468.0,Phylloscopus occipitalis,Western Crowned Warbler,0.5395,psl4,2024,07,06,06
474.0,477.0,Phylloscopus occipitalis,Western Crowned Warbler,0.5486,psl4,2024,07,06,06
483.0,486.0,Phylloscopus occipitalis,Western Crowned Warbler,0.53,psl4,2024,07,06,06
492.0,495.0,Phylloscopus occipitalis,Western Crowned Warbler,0.7308,psl4,2024,07,06,06
495.0,498.0,Phylloscopus occipitalis,Western Crowned Warbler,0.5803,psl4,2024,07,06,06
504.0,507.0,Phylloscopus occipitalis,Western Crowned Warbler,0.7072,psl4,2024,07,06,06
507.0,510.0,Phylloscopus occipitalis,Western Crowned Warbler,0.7553,psl4,2024,07,06,06
510.0,513.0,Phylloscopus occipitalis,Western Crowned Warbler,0.5199,psl4,2024,07,06,06
513.0,516.0,Phylloscopus occipitalis,Western Crowned Warbler,0.8367,psl4,2024,07,06,06
519.0,522.0,Phylloscopus occipitalis,Western Crowned Warbler,0.8611,psl4,2024,07,06,06
525.0,528.0,Phylloscopus occipitalis,Western Crowned Warbler,0.5812,psl4,2024,07,06,06
531.0,534.0,Phylloscopus occipitalis,Western Crowned Warbler,0.9441,psl4,2024,07,06,06
534.0,537.0,Phylloscopus occipitalis,Western Crowned Warbler,0.5788,psl4,2024,07,06,06
561.0,564.0,Phylloscopus occipitalis,Western Crowned Warbler,0.7505,psl4,2024,07,06,06
570.0,573.0,Phylloscopus occipitalis,Western Crowned Warbler,0.5799,psl4,2024,07,06,06
573.0,576.0,Phylloscopus occipitalis,Western Crowned Warbler,0.5028,psl4,2024,07,06,06
612.0,615.0,Phylloscopus occipitalis,Western Crowned Warbler,0.7096,psl4,2024,07,06,06
615.0,618.0,Phylloscopus tytleri,Tytler's Leaf Warbler,0.6805,psl4,2024,07,06,06
636.0,639.0,Periparus rufonuchalis,Rufous-naped Tit,0.8837,psl4,2024,07,06,06
690.0,693.0,Phylloscopus occipitalis,Western Crowned Warbler,0.5097,psl4,2024,07,06,06
708.0,711.0,Phylloscopus occipitalis,Western Crowned Warbler,0.5933,psl4,2024,07,06,06
720.0,723.0,Phylloscopus occipitalis,Western Crowned Warbler,0.7882,psl4,2024,07,06,06
723.0,726.0,Phylloscopus occipitalis,Western Crowned Warbler,0.9699,psl4,2024,07,06,06
726.0,729.0,Phylloscopus occipitalis,Western Crowned Warbler,0.996,psl4,2024,07,06,06
729.0,732.0,Phylloscopus occipitalis,Western Crowned Warbler,0.9964,psl4,2024,07,06,06
732.0,735.0,Phylloscopus occipitalis,Western Crowned Warbler,0.9862,psl4,2024,07,06,06
735.0,738.0,Phylloscopus occipitalis,Western Crowned Warbler,0.9966,psl4,2024,07,06,06
738.0,741.0,Phylloscopus occipitalis,Western Crowned Warbler,0.9976,psl4,2024,07,06,06
741.0,744.0,Phylloscopus occipitalis,Western Crowned Warbler,0.989,psl4,2024,07,06,06
744.0,747.0,Phylloscopus occipitalis,Western Crowned Warbler,0.9879,psl4,2024,07,06,06
747.0,750.0,Phylloscopus occipitalis,Western Crowned Warbler,0.974,psl4,2024,07,06,06
750.0,753.0,Phylloscopus occipitalis,Western Crowned Warbler,0.9908,psl4,2024,07,06,06
750.0,753.0,Poospiza nigrorufa,Black-and-rufous Warbling Finch,0.5384,psl4,2024,07,06,06
753.0,756.0,Phylloscopus occipitalis,Western Crowned Warbler,0.9635,psl4,2024,07,06,06
756.0,759.0,Phylloscopus occipitalis,Western Crowned Warbler,0.994,psl4,2024,07,06,06
759.0,762.0,Phylloscopus occipitalis,Western Crowned Warbler,0.9892,psl4,2024,07,06,06
762.0,765.0,Phylloscopus occipitalis,Western Crowned Warbler,0.9985,psl4,2024,07,06,06
765.0,768.0,Phylloscopus occipitalis,Western Crowned Warbler,0.9846,psl4,2024,07,06,06
768.0,771.0,Phylloscopus occipitalis,Western Crowned Warbler,0.9997,psl4,2024,07,06,06
771.0,774.0,Phylloscopus occipitalis,Western Crowned Warbler,0.9999,psl4,2024,07,06,06
774.0,777.0,Phylloscopus occipitalis,Western Crowned Warbler,0.9901,psl4,2024,07,06,06
777.0,780.0,Phylloscopus occipitalis,Western Crowned Warbler,0.7703,psl4,2024,07,06,06
780.0,783.0,Phylloscopus occipitalis,Western Crowned Warbler,0.6483,psl4,2024,07,06,06
783.0,786.0,Phylloscopus occipitalis,Western Crowned Warbler,0.8738,psl4,2024,07,06,06
786.0,789.0,Phylloscopus occipitalis,Western Crowned Warbler,0.7887,psl4,2024,07,06,06
792.0,795.0,Phylloscopus occipitalis,Western Crowned Warbler,0.7563,psl4,2024,07,06,06
795.0,798.0,Phylloscopus occipitalis,Western Crowned Warbler,0.852,psl4,2024,07,06,06
798.0,801.0,Phylloscopus occipitalis,Western Crowned Warbler,0.9421,psl4,2024,07,06,06
801.0,804.0,Phylloscopus occipitalis,Western Crowned Warbler,0.9262,psl4,2024,07,06,06
807.0,810.0,Phylloscopus occipitalis,Western Crowned Warbler,0.7967,psl4,2024,07,06,06
810.0,813.0,Phylloscopus occipitalis,Western Crowned Warbler,0.9202,psl4,2024,07,06,06
813.0,816.0,Phylloscopus occipitalis,Western Crowned Warbler,0.9095,psl4,2024,07,06,06
816.0,819.0,Phylloscopus occipitalis,Western Crowned Warbler,0.7939,psl4,2024,07,06,06
840.0,843.0,Phylloscopus occipitalis,Western Crowned Warbler,0.6156,psl4,2024,07,06,06
843.0,846.0,Phylloscopus occipitalis,Western Crowned Warbler,0.5704,psl4,2024,07,06,06
855.0,858.0,Phylloscopus occipitalis,Western Crowned Warbler,0.81,psl4,2024,07,06,06
867.0,870.0,Phylloscopus occipitalis,Western Crowned Warbler,0.5327,psl4,2024,07,06,06
870.0,873.0,Phylloscopus occipitalis,Western Crowned Warbler,0.7964,psl4,2024,07,06,06
873.0,876.0,Phylloscopus occipitalis,Western Crowned Warbler,0.6397,psl4,2024,07,06,06
876.0,879.0,Phylloscopus occipitalis,Western Crowned Warbler,0.642,psl4,2024,07,06,06
879.0,882.0,Phylloscopus occipitalis,Western Crowned Warbler,0.6616,psl4,2024,07,06,06
882.0,885.0,Phylloscopus occipitalis,Western Crowned Warbler,0.7451,psl4,2024,07,06,06
885.0,888.0,Phylloscopus occipitalis,Western Crowned Warbler,0.5207,psl4,2024,07,06,06
891.0,894.0,Phylloscopus occipitalis,Western Crowned Warbler,0.8019,psl4,2024,07,06,06
897.0,900.0,Phylloscopus occipitalis,Western Crowned Warbler,0.8061,psl4,2024,07,06,06
3.0,6.0,Phylloscopus occipitalis,Western Crowned Warbler,0.9966,psl4,2024,07,06,07
15.0,18.0,Phylloscopus occipitalis,Western Crowned Warbler,0.98,psl4,2024,07,06,07
21.0,24.0,Phylloscopus occipitalis,Western Crowned Warbler,0.7359,psl4,2024,07,06,07
27.0,30.0,Phylloscopus occipitalis,Western Crowned Warbler,0.7619,psl4,2024,07,06,07
36.0,39.0,Phylloscopus occipitalis,Western Crowned Warbler,0.9575,psl4,2024,07,06,07
39.0,42.0,Phylloscopus occipitalis,Western Crowned Warbler,0.9007,psl4,2024,07,06,07
48.0,51.0,Phylloscopus occipitalis,Western Crowned Warbler,0.9644,psl4,2024,07,06,07
60.0,63.0,Phylloscopus occipitalis,Western Crowned Warbler,0.8526,psl4,2024,07,06,07
81.0,84.0,Trochalopteron variegatum,Variegated Laughingthrush,0.5727,psl4,2024,07,06,07
90.0,93.0,Phylloscopus occipitalis,Western Crowned Warbler,0.7251,psl4,2024,07,06,07
624.0,627.0,Phylloscopus occipitalis,Western Crowned Warbler,0.776,psl4,2024,07,06,07
630.0,633.0,Phylloscopus occipitalis,Western Crowned Warbler,0.6255,psl4,2024,07,06,07
633.0,636.0,Phylloscopus occipitalis,Western Crowned Warbler,0.6205,psl4,2024,07,06,07
636.0,639.0,Phylloscopus occipitalis,Western Crowned Warbler,0.9581,psl4,2024,07,06,07
639.0,642.0,Phylloscopus occipitalis,Western Crowned Warbler,0.9164,psl4,2024,07,06,07
642.0,645.0,Phylloscopus occipitalis,Western Crowned Warbler,0.7062,psl4,2024,07,06,07
645.0,648.0,Phylloscopus occipitalis,Western Crowned Warbler,0.6474,psl4,2024,07,06,07
648.0,651.0,Phylloscopus occipitalis,Western Crowned Warbler,0.7405,psl4,2024,07,06,07
651.0,654.0,Phylloscopus occipitalis,Western Crowned Warbler,0.9651,psl4,2024,07,06,07
669.0,672.0,Phylloscopus occipitalis,Western Crowned Warbler,0.91,psl4,2024,07,06,07
705.0,708.0,Phylloscopus occipitalis,Western Crowned Warbler,0.5608,psl4,2024,07,06,07
723.0,726.0,Phylloscopus occipitalis,Western Crowned Warbler,0.5809,psl4,2024,07,06,07
759.0,762.0,Phylloscopus occipitalis,Western Crowned Warbler,0.7599,psl4,2024,07,06,07
765.0,768.0,Phylloscopus occipitalis,Western Crowned Warbler,0.8906,psl4,2024,07,06,07
789.0,792.0,Phylloscopus occipitalis,Western Crowned Warbler,0.7546,psl4,2024,07,06,07
792.0,795.0,Phylloscopus occipitalis,Western Crowned Warbler,0.8293,psl4,2024,07,06,07
804.0,807.0,Luscinia phaenicuroides,White-bellied Redstart,0.8952,psl4,2024,07,06,07
807.0,810.0,Luscinia phaenicuroides,White-bellied Redstart,0.7194,psl4,2024,07,06,07
813.0,816.0,Phylloscopus occipitalis,Western Crowned Warbler,0.8843,psl4,2024,07,06,07
822.0,825.0,Phylloscopus occipitalis,Western Crowned Warbler,0.8998,psl4,2024,07,06,07
825.0,828.0,Phylloscopus occipitalis,Western Crowned Warbler,0.8213,psl4,2024,07,06,07
831.0,834.0,Phylloscopus occipitalis,Western Crowned Warbler,0.6074,psl4,2024,07,06,07
840.0,843.0,Phylloscopus occipitalis,Western Crowned Warbler,0.9117,psl4,2024,07,06,07
846.0,849.0,Phylloscopus occipitalis,Western Crowned Warbler,0.8165,psl4,2024,07,06,07
849.0,852.0,Phylloscopus occipitalis,Western Crowned Warbler,0.7091,psl4,2024,07,06,07
852.0,855.0,Phylloscopus occipitalis,Western Crowned Warbler,0.6633,psl4,2024,07,06,07
855.0,858.0,Phylloscopus occipitalis,Western Crowned Warbler,0.8468,psl4,2024,07,06,07
876.0,879.0,Phylloscopus occipitalis,Western Crowned Warbler,0.5883,psl4,2024,07,06,07
0.0,3.0,Phylloscopus occipitalis,Western Crowned Warbler,0.9651,psl4,2024,07,07,05
6.0,9.0,Phylloscopus occipitalis,Western Crowned Warbler,0.7614,psl4,2024,07,07,05
9.0,12.0,Phylloscopus occipitalis,Western Crowned Warbler,0.9866,psl4,2024,07,07,05
15.0,18.0,Phylloscopus reguloides,Blyth's Leaf Warbler,0.545,psl4,2024,07,07,05
18.0,21.0,Phylloscopus occipitalis,Western Crowned Warbler,0.9788,psl4,2024,07,07,05
63.0,66.0,Phylloscopus occipitalis,Western Crowned Warbler,0.6903,psl4,2024,07,07,05
72.0,75.0,Phylloscopus occipitalis,Western Crowned Warbler,0.6454,psl4,2024,07,07,05
75.0,78.0,Phylloscopus occipitalis,Western Crowned Warbler,0.5893,psl4,2024,07,07,05
84.0,87.0,Phylloscopus occipitalis,Western Crowned Warbler,0.5942,psl4,2024,07,07,05
90.0,93.0,Phylloscopus occipitalis,Western Crowned Warbler,0.6387,psl4,2024,07,07,05
93.0,96.0,Phylloscopus tytleri,Tytler's Leaf Warbler,0.7003,psl4,2024,07,07,05
96.0,99.0,Phylloscopus tytleri,Tytler's Leaf Warbler,0.618,psl4,2024,07,07,05
96.0,99.0,Luscinia phaenicuroides,White-bellied Redstart,0.5619,psl4,2024,07,07,05
105.0,108.0,Phylloscopus occipitalis,Western Crowned Warbler,0.5242,psl4,2024,07,07,05
111.0,114.0,Phylloscopus occipitalis,Western Crowned Warbler,0.5625,psl4,2024,07,07,05
132.0,135.0,Phylloscopus occipitalis,Western Crowned Warbler,0.712,psl4,2024,07,07,05
144.0,147.0,Phylloscopus occipitalis,Western Crowned Warbler,0.5244,psl4,2024,07,07,05
153.0,156.0,Phylloscopus occipitalis,Western Crowned Warbler,0.5661,psl4,2024,07,07,05
165.0,168.0,Phylloscopus occipitalis,Western Crowned Warbler,0.6188,psl4,2024,07,07,05
189.0,192.0,Phylloscopus occipitalis,Western Crowned Warbler,0.5309,psl4,2024,07,07,05
210.0,213.0,Phylloscopus occipitalis,Western Crowned Warbler,0.5036,psl4,2024,07,07,05
213.0,216.0,Phylloscopus occipitalis,Western Crowned Warbler,0.5858,psl4,2024,07,07,05
219.0,222.0,Phylloscopus occipitalis,Western Crowned Warbler,0.6481,psl4,2024,07,07,05
234.0,237.0,Phylloscopus occipitalis,Western Crowned Warbler,0.8024,psl4,2024,07,07,05
246.0,249.0,Phylloscopus occipitalis,Western Crowned Warbler,0.5007,psl4,2024,07,07,05
285.0,288.0,Phylloscopus occipitalis,Western Crowned Warbler,0.6334,psl4,2024,07,07,05
309.0,312.0,Phylloscopus occipitalis,Western Crowned Warbler,0.5347,psl4,2024,07,07,05
348.0,351.0,Phylloscopus occipitalis,Western Crowned Warbler,0.5198,psl4,2024,07,07,05
387.0,390.0,Phylloscopus occipitalis,Western Crowned Warbler,0.7162,psl4,2024,07,07,05
396.0,399.0,Phylloscopus occipitalis,Western Crowned Warbler,0.7869,psl4,2024,07,07,05
405.0,408.0,Phylloscopus occipitalis,Western Crowned Warbler,0.528,psl4,2024,07,07,05
435.0,438.0,Phylloscopus occipitalis,Western Crowned Warbler,0.5012,psl4,2024,07,07,05
462.0,465.0,Phylloscopus occipitalis,Western Crowned Warbler,0.5199,psl4,2024,07,07,05
480.0,483.0,Phylloscopus occipitalis,Western Crowned Warbler,0.7522,psl4,2024,07,07,05
504.0,507.0,Phylloscopus occipitalis,Western Crowned Warbler,0.7714,psl4,2024,07,07,05
540.0,543.0,Phylloscopus occipitalis,Western Crowned Warbler,0.59,psl4,2024,07,07,05
543.0,546.0,Phylloscopus occipitalis,Western Crowned Warbler,0.5861,psl4,2024,07,07,05
585.0,588.0,Phylloscopus occipitalis,Western Crowned Warbler,0.6183,psl4,2024,07,07,05
600.0,603.0,Phylloscopus occipitalis,Western Crowned Warbler,0.5081,psl4,2024,07,07,05
603.0,606.0,Phylloscopus occipitalis,Western Crowned Warbler,0.5322,psl4,2024,07,07,05
624.0,627.0,Phylloscopus occipitalis,Western Crowned Warbler,0.5461,psl4,2024,07,07,05
714.0,717.0,Luscinia phaenicuroides,White-bellied Redstart,0.6035,psl4,2024,07,07,05
756.0,759.0,Phylloscopus occipitalis,Western Crowned Warbler,0.5274,psl4,2024,07,07,05
786.0,789.0,Zosterops maderaspatanus,Malagasy White-eye,0.5051,psl4,2024,07,07,05
810.0,813.0,Phylloscopus occipitalis,Western Crowned Warbler,0.5443,psl4,2024,07,07,05
816.0,819.0,Luscinia phaenicuroides,White-bellied Redstart,0.9585,psl4,2024,07,07,05
816.0,819.0,Phylloscopus tytleri,Tytler's Leaf Warbler,0.724,psl4,2024,07,07,05
819.0,822.0,Luscinia phaenicuroides,White-bellied Redstart,0.8135,psl4,2024,07,07,05
828.0,831.0,Phylloscopus occipitalis,Western Crowned Warbler,0.5394,psl4,2024,07,07,05
846.0,849.0,Phylloscopus occipitalis,Western Crowned Warbler,0.5002,psl4,2024,07,07,05
852.0,855.0,Phylloscopus occipitalis,Western Crowned Warbler,0.6568,psl4,2024,07,07,05
861.0,864.0,Phylloscopus occipitalis,Western Crowned Warbler,0.7018,psl4,2024,07,07,05
870.0,873.0,Luscinia phaenicuroides,White-bellied Redstart,0.5229,psl4,2024,07,07,05
873.0,876.0,Brachypteryx hyperythra,Rusty-bellied Shortwing,0.6135,psl4,2024,07,07,05
873.0,876.0,Phylloscopus occipitalis,Western Crowned Warbler,0.5073,psl4,2024,07,07,05
882.0,885.0,Phylloscopus occipitalis,Western Crowned Warbler,0.6011,psl4,2024,07,07,05
15.0,18.0,Phylloscopus occipitalis,Western Crowned Warbler,0.7564,psl4,2024,07,07,06
18.0,21.0,Phylloscopus occipitalis,Western Crowned Warbler,0.6094,psl4,2024,07,07,06
24.0,27.0,Phylloscopus occipitalis,Western Crowned Warbler,0.704,psl4,2024,07,07,06
27.0,30.0,Phylloscopus occipitalis,Western Crowned Warbler,0.8661,psl4,2024,07,07,06
30.0,33.0,Phylloscopus occipitalis,Western Crowned Warbler,0.9077,psl4,2024,07,07,06
45.0,48.0,Phylloscopus occipitalis,Western Crowned Warbler,0.6797,psl4,2024,07,07,06
249.0,252.0,Phylloscopus occipitalis,Western Crowned Warbler,0.554,psl4,2024,07,07,06
279.0,282.0,Phylloscopus occipitalis,Western Crowned Warbler,0.6121,psl4,2024,07,07,06
285.0,288.0,Phylloscopus occipitalis,Western Crowned Warbler,0.6382,psl4,2024,07,07,06
324.0,327.0,Phylloscopus occipitalis,Western Crowned Warbler,0.5281,psl4,2024,07,07,06
330.0,333.0,Phylloscopus occipitalis,Western Crowned Warbler,0.51,psl4,2024,07,07,06
354.0,357.0,Phylloscopus occipitalis,Western Crowned Warbler,0.6506,psl4,2024,07,07,06
390.0,393.0,Phylloscopus occipitalis,Western Crowned Warbler,0.6802,psl4,2024,07,07,06
462.0,465.0,Phylloscopus occipitalis,Western Crowned Warbler,0.549,psl4,2024,07,07,06
546.0,549.0,Phylloscopus occipitalis,Western Crowned Warbler,0.6323,psl4,2024,07,07,06
549.0,552.0,Phylloscopus occipitalis,Western Crowned Warbler,0.5827,psl4,2024,07,07,06
576.0,579.0,Phylloscopus occipitalis,Western Crowned Warbler,0.639,psl4,2024,07,07,06
618.0,621.0,Phylloscopus occipitalis,Western Crowned Warbler,0.5734,psl4,2024,07,07,06
624.0,627.0,Phylloscopus occipitalis,Western Crowned Warbler,0.5601,psl4,2024,07,07,06
630.0,633.0,Phylloscopus occipitalis,Western Crowned Warbler,0.5473,psl4,2024,07,07,06
669.0,672.0,Phylloscopus occipitalis,Western Crowned Warbler,0.5136,psl4,2024,07,07,06
675.0,678.0,Phylloscopus occipitalis,Western Crowned Warbler,0.7247,psl4,2024,07,07,06
684.0,687.0,Phylloscopus occipitalis,Western Crowned Warbler,0.8509,psl4,2024,07,07,06
732.0,735.0,Phylloscopus occipitalis,Western Crowned Warbler,0.6232,psl4,2024,07,07,06
738.0,741.0,Phylloscopus occipitalis,Western Crowned Warbler,0.7497,psl4,2024,07,07,06
741.0,744.0,Phylloscopus occipitalis,Western Crowned Warbler,0.7663,psl4,2024,07,07,06
747.0,750.0,Phylloscopus occipitalis,Western Crowned Warbler,0.9598,psl4,2024,07,07,06
756.0,759.0,Phylloscopus occipitalis,Western Crowned Warbler,0.9493,psl4,2024,07,07,06
759.0,762.0,Phylloscopus occipitalis,Western Crowned Warbler,0.6823,psl4,2024,07,07,06
765.0,768.0,Phylloscopus occipitalis,Western Crowned Warbler,0.9856,psl4,2024,07,07,06
768.0,771.0,Phylloscopus occipitalis,Western Crowned Warbler,0.7787,psl4,2024,07,07,06
771.0,774.0,Phylloscopus occipitalis,Western Crowned Warbler,0.9971,psl4,2024,07,07,06
774.0,777.0,Phylloscopus reguloides,Blyth's Leaf Warbler,0.7182,psl4,2024,07,07,06
780.0,783.0,Phylloscopus occipitalis,Western Crowned Warbler,0.9869,psl4,2024,07,07,06
786.0,789.0,Phylloscopus occipitalis,Western Crowned Warbler,0.7864,psl4,2024,07,07,06
789.0,792.0,Phylloscopus occipitalis,Western Crowned Warbler,0.904,psl4,2024,07,07,06
792.0,795.0,Phylloscopus occipitalis,Western Crowned Warbler,0.9918,psl4,2024,07,07,06
795.0,798.0,Phylloscopus occipitalis,Western Crowned Warbler,0.9749,psl4,2024,07,07,06
804.0,807.0,Phylloscopus occipitalis,Western Crowned Warbler,0.7909,psl4,2024,07,07,06
819.0,822.0,Phylloscopus occipitalis,Western Crowned Warbler,0.864,psl4,2024,07,07,06
822.0,825.0,Phylloscopus occipitalis,Western Crowned Warbler,0.8391,psl4,2024,07,07,06
828.0,831.0,Phylloscopus occipitalis,Western Crowned Warbler,0.519,psl4,2024,07,07,06
846.0,849.0,Phylloscopus occipitalis,Western Crowned Warbler,0.9818,psl4,2024,07,07,06
852.0,855.0,Phylloscopus occipitalis,Western Crowned Warbler,0.8385,psl4,2024,07,07,06
855.0,858.0,Phylloscopus occipitalis,Western Crowned Warbler,0.9454,psl4,2024,07,07,06
861.0,864.0,Phylloscopus occipitalis,Western Crowned Warbler,0.9852,psl4,2024,07,07,06
867.0,870.0,Phylloscopus occipitalis,Western Crowned Warbler,0.9659,psl4,2024,07,07,06
873.0,876.0,Phylloscopus occipitalis,Western Crowned Warbler,0.9874,psl4,2024,07,07,06
879.0,882.0,Phylloscopus occipitalis,Western Crowned Warbler,0.9662,psl4,2024,07,07,06
882.0,885.0,Phylloscopus occipitalis,Western Crowned Warbler,0.6027,psl4,2024,07,07,06
885.0,888.0,Phylloscopus occipitalis,Western Crowned Warbler,0.9878,psl4,2024,07,07,06
888.0,891.0,Phylloscopus occipitalis,Western Crowned Warbler,0.847,psl4,2024,07,07,06
894.0,897.0,Ficedula tricolor,Slaty-blue Flycatcher,0.8654,psl4,2024,07,07,06
897.0,900.0,Phylloscopus occipitalis,Western Crowned Warbler,0.9856,psl4,2024,07,07,06
132.0,135.0,Phylloscopus occipitalis,Western Crowned Warbler,0.5394,psl4,2024,07,07,07
144.0,147.0,Protonotaria citrea,Prothonotary Warbler,0.6444,psl4,2024,07,07,07
171.0,174.0,Phylloscopus occipitalis,Western Crowned Warbler,0.6929,psl4,2024,07,07,07
174.0,177.0,Phylloscopus occipitalis,Western Crowned Warbler,0.9495,psl4,2024,07,07,07
189.0,192.0,Phylloscopus occipitalis,Western Crowned Warbler,0.5129,psl4,2024,07,07,07
219.0,222.0,Phylloscopus occipitalis,Western Crowned Warbler,0.8905,psl4,2024,07,07,07
225.0,228.0,Phylloscopus occipitalis,Western Crowned Warbler,0.7209,psl4,2024,07,07,07
423.0,426.0,Phylloscopus occipitalis,Western Crowned Warbler,0.5675,psl4,2024,07,07,07
570.0,573.0,Phylloscopus occipitalis,Western Crowned Warbler,0.5275,psl4,2024,07,07,07
585.0,588.0,Phylloscopus occipitalis,Western Crowned Warbler,0.6384,psl4,2024,07,07,07
603.0,606.0,Phylloscopus occipitalis,Western Crowned Warbler,0.8294,psl4,2024,07,07,07
645.0,648.0,Phylloscopus occipitalis,Western Crowned Warbler,0.632,psl4,2024,07,07,07
705.0,708.0,Phylloscopus occipitalis,Western Crowned Warbler,0.5656,psl4,2024,07,07,07
846.0,849.0,Phylloscopus occipitalis,Western Crowned Warbler,0.8666,psl4,2024,07,07,07
894.0,897.0,Phylloscopus occipitalis,Western Crowned Warbler,0.5651,psl4,2024,07,07,07
168.0,171.0,Trochalopteron variegatum,Variegated Laughingthrush,0.5405,psl4,2024,07,08,05
462.0,465.0,Phylloscopus occipitalis,Western Crowned Warbler,0.5946,psl4,2024,07,08,05
471.0,474.0,Phylloscopus occipitalis,Western Crowned Warbler,0.5469,psl4,2024,07,08,05
498.0,501.0,Phylloscopus occipitalis,Western Crowned Warbler,0.5414,psl4,2024,07,08,05
513.0,516.0,Trochalopteron variegatum,Variegated Laughingthrush,0.5561,psl4,2024,07,08,05
534.0,537.0,Trochalopteron variegatum,Variegated Laughingthrush,0.6467,psl4,2024,07,08,05
552.0,555.0,Trochalopteron variegatum,Variegated Laughingthrush,0.7031,psl4,2024,07,08,05
570.0,573.0,Trochalopteron variegatum,Variegated Laughingthrush,0.9378,psl4,2024,07,08,05
582.0,585.0,Trochalopteron variegatum,Variegated Laughingthrush,0.6873,psl4,2024,07,08,05
588.0,591.0,Trochalopteron variegatum,Variegated Laughingthrush,0.5781,psl4,2024,07,08,05
606.0,609.0,Trochalopteron variegatum,Variegated Laughingthrush,0.7272,psl4,2024,07,08,05
609.0,612.0,Trochalopteron variegatum,Variegated Laughingthrush,0.8996,psl4,2024,07,08,05
615.0,618.0,Luscinia phaenicuroides,White-bellied Redstart,0.9281,psl4,2024,07,08,05
621.0,624.0,Luscinia phaenicuroides,White-bellied Redstart,0.6862,psl4,2024,07,08,05
624.0,627.0,Trochalopteron variegatum,Variegated Laughingthrush,0.8945,psl4,2024,07,08,05
627.0,630.0,Luscinia phaenicuroides,White-bellied Redstart,0.8907,psl4,2024,07,08,05
633.0,636.0,Trochalopteron variegatum,Variegated Laughingthrush,0.9305,psl4,2024,07,08,05
639.0,642.0,Trochalopteron variegatum,Variegated Laughingthrush,0.9696,psl4,2024,07,08,05
651.0,654.0,Trochalopteron variegatum,Variegated Laughingthrush,0.8978,psl4,2024,07,08,05
657.0,660.0,Trochalopteron variegatum,Variegated Laughingthrush,0.7113,psl4,2024,07,08,05
660.0,663.0,Trochalopteron variegatum,Variegated Laughingthrush,0.9499,psl4,2024,07,08,05
663.0,666.0,Trochalopteron variegatum,Variegated Laughingthrush,0.8681,psl4,2024,07,08,05
669.0,672.0,Trochalopteron variegatum,Variegated Laughingthrush,0.9828,psl4,2024,07,08,05
672.0,675.0,Trochalopteron variegatum,Variegated Laughingthrush,0.997,psl4,2024,07,08,05
678.0,681.0,Trochalopteron variegatum,Variegated Laughingthrush,0.9961,psl4,2024,07,08,05
684.0,687.0,Trochalopteron variegatum,Variegated Laughingthrush,0.982,psl4,2024,07,08,05
690.0,693.0,Trochalopteron variegatum,Variegated Laughingthrush,0.9887,psl4,2024,07,08,05
693.0,696.0,Trochalopteron variegatum,Variegated Laughingthrush,0.9703,psl4,2024,07,08,05
699.0,702.0,Trochalopteron variegatum,Variegated Laughingthrush,0.9957,psl4,2024,07,08,05
702.0,705.0,Trochalopteron variegatum,Variegated Laughingthrush,0.6779,psl4,2024,07,08,05
708.0,711.0,Trochalopteron variegatum,Variegated Laughingthrush,0.9921,psl4,2024,07,08,05
732.0,735.0,Trochalopteron variegatum,Variegated Laughingthrush,0.941,psl4,2024,07,08,05
750.0,753.0,Trochalopteron variegatum,Variegated Laughingthrush,0.8863,psl4,2024,07,08,05
753.0,756.0,Trochalopteron variegatum,Variegated Laughingthrush,0.5934,psl4,2024,07,08,05
756.0,759.0,Trochalopteron variegatum,Variegated Laughingthrush,0.8198,psl4,2024,07,08,05
792.0,795.0,Luscinia phaenicuroides,White-bellied Redstart,0.5545,psl4,2024,07,08,05
852.0,855.0,Trochalopteron variegatum,Variegated Laughingthrush,0.5726,psl4,2024,07,08,05
867.0,870.0,Trochalopteron variegatum,Variegated Laughingthrush,0.7225,psl4,2024,07,08,05
873.0,876.0,Trochalopteron variegatum,Variegated Laughingthrush,0.6171,psl4,2024,07,08,05
876.0,879.0,Luscinia phaenicuroides,White-bellied Redstart,0.5419,psl4,2024,07,08,05
885.0,888.0,Trochalopteron variegatum,Variegated Laughingthrush,0.7703,psl4,2024,07,08,05
3.0,6.0,Phylloscopus occipitalis,Western Crowned Warbler,0.5128,psl4,2024,07,08,06
57.0,60.0,Phylloscopus occipitalis,Western Crowned Warbler,0.7509,psl4,2024,07,08,06
60.0,63.0,Phylloscopus occipitalis,Western Crowned Warbler,0.8448,psl4,2024,07,08,06
66.0,69.0,Phylloscopus occipitalis,Western Crowned Warbler,0.811,psl4,2024,07,08,06
78.0,81.0,Phylloscopus occipitalis,Western Crowned Warbler,0.7514,psl4,2024,07,08,06
81.0,84.0,Phylloscopus occipitalis,Western Crowned Warbler,0.5427,psl4,2024,07,08,06
117.0,120.0,Phylloscopus occipitalis,Western Crowned Warbler,0.5113,psl4,2024,07,08,06
207.0,210.0,Phylloscopus humei,Hume's Warbler,0.5168,psl4,2024,07,08,06
264.0,267.0,Trochalopteron variegatum,Variegated Laughingthrush,0.6177,psl4,2024,07,08,06
267.0,270.0,Phylloscopus occipitalis,Western Crowned Warbler,0.6442,psl4,2024,07,08,06
303.0,306.0,Phylloscopus occipitalis,Western Crowned Warbler,0.9544,psl4,2024,07,08,06
318.0,321.0,Phylloscopus occipitalis,Western Crowned Warbler,0.7949,psl4,2024,07,08,06
321.0,324.0,Phylloscopus occipitalis,Western Crowned Warbler,0.7655,psl4,2024,07,08,06
333.0,336.0,Phylloscopus occipitalis,Western Crowned Warbler,0.9657,psl4,2024,07,08,06
348.0,351.0,Phylloscopus occipitalis,Western Crowned Warbler,0.5942,psl4,2024,07,08,06
381.0,384.0,Phylloscopus occipitalis,Western Crowned Warbler,0.725,psl4,2024,07,08,06
390.0,393.0,Phylloscopus occipitalis,Western Crowned Warbler,0.5294,psl4,2024,07,08,06
405.0,408.0,Phylloscopus occipitalis,Western Crowned Warbler,0.5162,psl4,2024,07,08,06
480.0,483.0,Phylloscopus occipitalis,Western Crowned Warbler,0.5695,psl4,2024,07,08,06
504.0,507.0,Phylloscopus occipitalis,Western Crowned Warbler,0.6164,psl4,2024,07,08,06
513.0,516.0,Trochalopteron variegatum,Variegated Laughingthrush,0.5517,psl4,2024,07,08,06
552.0,555.0,Phylloscopus occipitalis,Western Crowned Warbler,0.6127,psl4,2024,07,08,06
564.0,567.0,Phylloscopus occipitalis,Western Crowned Warbler,0.5996,psl4,2024,07,08,06
594.0,597.0,Phylloscopus occipitalis,Western Crowned Warbler,0.7467,psl4,2024,07,08,06
612.0,615.0,Phylloscopus occipitalis,Western Crowned Warbler,0.7022,psl4,2024,07,08,06
699.0,702.0,Periparus rufonuchalis,Rufous-naped Tit,0.6308,psl4,2024,07,08,06
762.0,765.0,Ficedula tricolor,Slaty-blue Flycatcher,0.7406,psl4,2024,07,08,06
765.0,768.0,Phylloscopus occipitalis,Western Crowned Warbler,0.5222,psl4,2024,07,08,06
777.0,780.0,Phylloscopus occipitalis,Western Crowned Warbler,0.5092,psl4,2024,07,08,06
795.0,798.0,Carpodacus erythrinus,Common Rosefinch,0.5981,psl4,2024,07,08,06
882.0,885.0,Phylloscopus occipitalis,Western Crowned Warbler,0.6263,psl4,2024,07,08,06
888.0,891.0,Erithacus rubecula,European Robin,0.5303,psl4,2024,07,08,06
3.0,6.0,Phylloscopus humei,Hume's Warbler,0.6782,psl4,2024,07,08,07
42.0,45.0,Phylloscopus humei,Hume's Warbler,0.6067,psl4,2024,07,08,07
57.0,60.0,Phylloscopus humei,Hume's Warbler,0.5317,psl4,2024,07,08,07
156.0,159.0,Troglodytes solstitialis,Mountain Wren,0.507,psl4,2024,07,08,07
312.0,315.0,Phylloscopus occipitalis,Western Crowned Warbler,0.8195,psl4,2024,07,08,07
318.0,321.0,Phylloscopus occipitalis,Western Crowned Warbler,0.8456,psl4,2024,07,08,07
330.0,333.0,Phylloscopus occipitalis,Western Crowned Warbler,0.5887,psl4,2024,07,08,07
333.0,336.0,Phylloscopus occipitalis,Western Crowned Warbler,0.7372,psl4,2024,07,08,07
339.0,342.0,Phylloscopus occipitalis,Western Crowned Warbler,0.7942,psl4,2024,07,08,07
342.0,345.0,Phylloscopus occipitalis,Western Crowned Warbler,0.7886,psl4,2024,07,08,07
357.0,360.0,Phylloscopus occipitalis,Western Crowned Warbler,0.5169,psl4,2024,07,08,07
390.0,393.0,Phylloscopus occipitalis,Western Crowned Warbler,0.6149,psl4,2024,07,08,07
414.0,417.0,Carpodacus erythrinus,Common Rosefinch,0.7434,psl4,2024,07,08,07
537.0,540.0,Carpodacus erythrinus,Common Rosefinch,0.7427,psl4,2024,07,08,07
600.0,603.0,Troglodytes solstitialis,Mountain Wren,0.6456,psl4,2024,07,08,07
666.0,669.0,Phylloscopus humei,Hume's Warbler,0.5062,psl4,2024,07,08,07
672.0,675.0,Phylloscopus humei,Hume's Warbler,0.9429,psl4,2024,07,08,07
702.0,705.0,Phylloscopus humei,Hume's Warbler,0.5145,psl4,2024,07,08,07
729.0,732.0,Carpodacus erythrinus,Common Rosefinch,0.5317,psl4,2024,07,08,07
741.0,744.0,Carpodacus erythrinus,Common Rosefinch,0.931,psl4,2024,07,08,07
756.0,759.0,Haemorhous cassinii,Cassin's Finch,0.5516,psl4,2024,07,08,07
780.0,783.0,Carpodacus erythrinus,Common Rosefinch,0.7569,psl4,2024,07,08,07
876.0,879.0,Phylloscopus occipitalis,Western Crowned Warbler,0.5298,psl4,2024,07,08,07
897.0,900.0,Phylloscopus occipitalis,Western Crowned Warbler,0.5913,psl4,2024,07,08,07
24.0,27.0,Luscinia phaenicuroides,White-bellied Redstart,0.7087,psl4,2024,07,09,05
33.0,36.0,Luscinia phaenicuroides,White-bellied Redstart,0.8136,psl4,2024,07,09,05
72.0,75.0,Luscinia phaenicuroides,White-bellied Redstart,0.9141,psl4,2024,07,09,05
84.0,87.0,Luscinia phaenicuroides,White-bellied Redstart,0.5382,psl4,2024,07,09,05
96.0,99.0,Luscinia phaenicuroides,White-bellied Redstart,0.547,psl4,2024,07,09,05
108.0,111.0,Luscinia phaenicuroides,White-bellied Redstart,0.5523,psl4,2024,07,09,05
147.0,150.0,Luscinia phaenicuroides,White-bellied Redstart,0.7079,psl4,2024,07,09,05
153.0,156.0,Phylloscopus occipitalis,Western Crowned Warbler,0.7517,psl4,2024,07,09,05
432.0,435.0,Luscinia phaenicuroides,White-bellied Redstart,0.6203,psl4,2024,07,09,05
477.0,480.0,Phylloscopus occipitalis,Western Crowned Warbler,0.7163,psl4,2024,07,09,05
489.0,492.0,Phylloscopus occipitalis,Western Crowned Warbler,0.5879,psl4,2024,07,09,05
582.0,585.0,Phylloscopus occipitalis,Western Crowned Warbler,0.8194,psl4,2024,07,09,05
585.0,588.0,Phylloscopus occipitalis,Western Crowned Warbler,0.8179,psl4,2024,07,09,05
591.0,594.0,Phylloscopus occipitalis,Western Crowned Warbler,0.9143,psl4,2024,07,09,05
597.0,600.0,Phylloscopus occipitalis,Western Crowned Warbler,0.753,psl4,2024,07,09,05
606.0,609.0,Phylloscopus occipitalis,Western Crowned Warbler,0.6779,psl4,2024,07,09,05
633.0,636.0,Phylloscopus occipitalis,Western Crowned Warbler,0.866,psl4,2024,07,09,05
645.0,648.0,Trochalopteron variegatum,Variegated Laughingthrush,0.6723,psl4,2024,07,09,05
648.0,651.0,Trochalopteron variegatum,Variegated Laughingthrush,0.7285,psl4,2024,07,09,05
660.0,663.0,Trochalopteron variegatum,Variegated Laughingthrush,0.8533,psl4,2024,07,09,05
678.0,681.0,Trochalopteron variegatum,Variegated Laughingthrush,0.5078,psl4,2024,07,09,05
726.0,729.0,Trochalopteron variegatum,Variegated Laughingthrush,0.8914,psl4,2024,07,09,05
732.0,735.0,Trochalopteron variegatum,Variegated Laughingthrush,0.9089,psl4,2024,07,09,05
732.0,735.0,Pteruthius ripleyi,Himalayan Shrike-Babbler,0.5149,psl4,2024,07,09,05
741.0,744.0,Trochalopteron variegatum,Variegated Laughingthrush,0.9396,psl4,2024,07,09,05
750.0,753.0,Trochalopteron variegatum,Variegated Laughingthrush,0.7335,psl4,2024,07,09,05
765.0,768.0,Trochalopteron variegatum,Variegated Laughingthrush,0.5446,psl4,2024,07,09,05
771.0,774.0,Trochalopteron variegatum,Variegated Laughingthrush,0.6078,psl4,2024,07,09,05
777.0,780.0,Trochalopteron variegatum,Variegated Laughingthrush,0.6222,psl4,2024,07,09,05
27.0,30.0,Phylloscopus occipitalis,Western Crowned Warbler,0.5172,psl4,2024,07,09,06
33.0,36.0,Phylloscopus occipitalis,Western Crowned Warbler,0.5425,psl4,2024,07,09,06
120.0,123.0,Phylloscopus humei,Hume's Warbler,0.561,psl4,2024,07,09,06
126.0,129.0,Phylloscopus humei,Hume's Warbler,0.7297,psl4,2024,07,09,06
129.0,132.0,Phylloscopus occipitalis,Western Crowned Warbler,0.7278,psl4,2024,07,09,06
159.0,162.0,Phylloscopus humei,Hume's Warbler,0.9632,psl4,2024,07,09,06
174.0,177.0,Phylloscopus occipitalis,Western Crowned Warbler,0.7767,psl4,2024,07,09,06
201.0,204.0,Phylloscopus occipitalis,Western Crowned Warbler,0.6309,psl4,2024,07,09,06
216.0,219.0,Phylloscopus occipitalis,Western Crowned Warbler,0.6571,psl4,2024,07,09,06
234.0,237.0,Phylloscopus occipitalis,Western Crowned Warbler,0.5911,psl4,2024,07,09,06
255.0,258.0,Phylloscopus occipitalis,Western Crowned Warbler,0.6355,psl4,2024,07,09,06
264.0,267.0,Phylloscopus occipitalis,Western Crowned Warbler,0.8218,psl4,2024,07,09,06
288.0,291.0,Phylloscopus occipitalis,Western Crowned Warbler,0.8661,psl4,2024,07,09,06
291.0,294.0,Phylloscopus occipitalis,Western Crowned Warbler,0.5633,psl4,2024,07,09,06
297.0,300.0,Phylloscopus occipitalis,Western Crowned Warbler,0.6496,psl4,2024,07,09,06
306.0,309.0,Phylloscopus occipitalis,Western Crowned Warbler,0.944,psl4,2024,07,09,06
330.0,333.0,Phylloscopus humei,Hume's Warbler,0.9851,psl4,2024,07,09,06
345.0,348.0,Phylloscopus occipitalis,Western Crowned Warbler,0.6158,psl4,2024,07,09,06
399.0,402.0,Phylloscopus humei,Hume's Warbler,0.8643,psl4,2024,07,09,06
438.0,441.0,Phylloscopus humei,Hume's Warbler,0.5497,psl4,2024,07,09,06
537.0,540.0,Phylloscopus occipitalis,Western Crowned Warbler,0.5799,psl4,2024,07,09,06
588.0,591.0,Phylloscopus occipitalis,Western Crowned Warbler,0.9152,psl4,2024,07,09,06
612.0,615.0,Phylloscopus occipitalis,Western Crowned Warbler,0.9481,psl4,2024,07,09,06
3.0,6.0,Phylloscopus humei,Hume's Warbler,0.9141,psl4,2024,07,09,07
93.0,96.0,Phylloscopus humei,Hume's Warbler,0.7058,psl4,2024,07,09,07
120.0,123.0,Trochalopteron variegatum,Variegated Laughingthrush,0.5456,psl4,2024,07,09,07
132.0,135.0,Trochalopteron variegatum,Variegated Laughingthrush,0.5832,psl4,2024,07,09,07
150.0,153.0,Trochalopteron variegatum,Variegated Laughingthrush,0.5935,psl4,2024,07,09,07
237.0,240.0,Trochalopteron variegatum,Variegated Laughingthrush,0.5711,psl4,2024,07,09,07
261.0,264.0,Trochalopteron variegatum,Variegated Laughingthrush,0.612,psl4,2024,07,09,07
285.0,288.0,Phylloscopus humei,Hume's Warbler,0.9686,psl4,2024,07,09,07
300.0,303.0,Phylloscopus humei,Hume's Warbler,0.9426,psl4,2024,07,09,07
303.0,306.0,Phylloscopus humei,Hume's Warbler,0.9619,psl4,2024,07,09,07
306.0,309.0,Phylloscopus humei,Hume's Warbler,0.9389,psl4,2024,07,09,07
309.0,312.0,Phylloscopus humei,Hume's Warbler,0.8661,psl4,2024,07,09,07
312.0,315.0,Phylloscopus humei,Hume's Warbler,0.9922,psl4,2024,07,09,07
315.0,318.0,Phylloscopus humei,Hume's Warbler,0.9833,psl4,2024,07,09,07
327.0,330.0,Phylloscopus occipitalis,Western Crowned Warbler,0.5845,psl4,2024,07,09,07
414.0,417.0,Phylloscopus occipitalis,Western Crowned Warbler,0.5882,psl4,2024,07,09,07
423.0,426.0,Phylloscopus occipitalis,Western Crowned Warbler,0.6726,psl4,2024,07,09,07
492.0,495.0,Leptopoecile sophiae,White-browed Tit-Warbler,0.9164,psl4,2024,07,09,07
492.0,495.0,Carpodacus erythrinus,Common Rosefinch,0.8968,psl4,2024,07,09,07
534.0,537.0,Leptopoecile sophiae,White-browed Tit-Warbler,0.5696,psl4,2024,07,09,07
564.0,567.0,Phylloscopus occipitalis,Western Crowned Warbler,0.7159,psl4,2024,07,09,07
573.0,576.0,Phylloscopus occipitalis,Western Crowned Warbler,0.8036,psl4,2024,07,09,07
762.0,765.0,Trochalopteron variegatum,Variegated Laughingthrush,0.5656,psl4,2024,07,09,07
834.0,837.0,Phylloscopus occipitalis,Western Crowned Warbler,0.6785,psl4,2024,07,09,07
852.0,855.0,Phylloscopus occipitalis,Western Crowned Warbler,0.6784,psl4,2024,07,09,07
273.0,276.0,Haemorhous cassinii,Cassin's Finch,0.6146,psl4,2024,07,10,05
345.0,348.0,Phylloscopus humei,Hume's Warbler,0.7264,psl4,2024,07,10,05
669.0,672.0,Phylloscopus occipitalis,Western Crowned Warbler,0.6189,psl4,2024,07,10,05
696.0,699.0,Phylloscopus occipitalis,Western Crowned Warbler,0.6465,psl4,2024,07,10,05
717.0,720.0,Phylloscopus occipitalis,Western Crowned Warbler,0.8104,psl4,2024,07,10,05
777.0,780.0,Phylloscopus occipitalis,Western Crowned Warbler,0.5466,psl4,2024,07,10,05
810.0,813.0,Phylloscopus occipitalis,Western Crowned Warbler,0.7607,psl4,2024,07,10,05
825.0,828.0,Phylloscopus occipitalis,Western Crowned Warbler,0.569,psl4,2024,07,10,05
3.0,6.0,Phylloscopus occipitalis,Western Crowned Warbler,0.5867,psl4,2024,07,10,06
42.0,45.0,Carpodacus erythrinus,Common Rosefinch,0.6594,psl4,2024,07,10,06
51.0,54.0,Carpodacus erythrinus,Common Rosefinch,0.5656,psl4,2024,07,10,06
60.0,63.0,Carpodacus erythrinus,Common Rosefinch,0.9744,psl4,2024,07,10,06
63.0,66.0,Carpodacus erythrinus,Common Rosefinch,0.8508,psl4,2024,07,10,06
72.0,75.0,Carpodacus erythrinus,Common Rosefinch,0.9,psl4,2024,07,10,06
75.0,78.0,Carpodacus erythrinus,Common Rosefinch,0.8754,psl4,2024,07,10,06
75.0,78.0,Phylloscopus occipitalis,Western Crowned Warbler,0.6569,psl4,2024,07,10,06
81.0,84.0,Carpodacus erythrinus,Common Rosefinch,0.9024,psl4,2024,07,10,06
87.0,90.0,Carpodacus erythrinus,Common Rosefinch,0.8434,psl4,2024,07,10,06
90.0,93.0,Carpodacus erythrinus,Common Rosefinch,0.5354,psl4,2024,07,10,06
96.0,99.0,Carpodacus erythrinus,Common Rosefinch,0.7492,psl4,2024,07,10,06
99.0,102.0,Carpodacus erythrinus,Common Rosefinch,0.8537,psl4,2024,07,10,06
102.0,105.0,Carpodacus erythrinus,Common Rosefinch,0.6013,psl4,2024,07,10,06
105.0,108.0,Phylloscopus occipitalis,Western Crowned Warbler,0.6608,psl4,2024,07,10,06
108.0,111.0,Phylloscopus occipitalis,Western Crowned Warbler,0.8209,psl4,2024,07,10,06
114.0,117.0,Carpodacus erythrinus,Common Rosefinch,0.8959,psl4,2024,07,10,06
117.0,120.0,Carpodacus erythrinus,Common Rosefinch,0.9604,psl4,2024,07,10,06
120.0,123.0,Carpodacus erythrinus,Common Rosefinch,0.6366,psl4,2024,07,10,06
120.0,123.0,Phylloscopus occipitalis,Western Crowned Warbler,0.6053,psl4,2024,07,10,06
126.0,129.0,Phylloscopus occipitalis,Western Crowned Warbler,0.8366,psl4,2024,07,10,06
126.0,129.0,Carpodacus erythrinus,Common Rosefinch,0.6829,psl4,2024,07,10,06
135.0,138.0,Phylloscopus occipitalis,Western Crowned Warbler,0.7975,psl4,2024,07,10,06
135.0,138.0,Phylloscopus sindianus,Mountain Chiffchaff,0.61,psl4,2024,07,10,06
138.0,141.0,Carpodacus erythrinus,Common Rosefinch,0.6269,psl4,2024,07,10,06
141.0,144.0,Carpodacus erythrinus,Common Rosefinch,0.6094,psl4,2024,07,10,06
150.0,153.0,Carpodacus erythrinus,Common Rosefinch,0.717,psl4,2024,07,10,06
162.0,165.0,Ficedula tricolor,Slaty-blue Flycatcher,0.9621,psl4,2024,07,10,06
171.0,174.0,Ficedula tricolor,Slaty-blue Flycatcher,0.5578,psl4,2024,07,10,06
186.0,189.0,Ficedula tricolor,Slaty-blue Flycatcher,0.9807,psl4,2024,07,10,06
189.0,192.0,Carpodacus erythrinus,Common Rosefinch,0.7778,psl4,2024,07,10,06
216.0,219.0,Carpodacus erythrinus,Common Rosefinch,0.9731,psl4,2024,07,10,06
219.0,222.0,Carpodacus erythrinus,Common Rosefinch,0.7521,psl4,2024,07,10,06
222.0,225.0,Carpodacus erythrinus,Common Rosefinch,0.9976,psl4,2024,07,10,06
225.0,228.0,Carpodacus erythrinus,Common Rosefinch,0.8944,psl4,2024,07,10,06
228.0,231.0,Carpodacus erythrinus,Common Rosefinch,0.8233,psl4,2024,07,10,06
231.0,234.0,Carpodacus erythrinus,Common Rosefinch,0.8372,psl4,2024,07,10,06
237.0,240.0,Carpodacus erythrinus,Common Rosefinch,0.6851,psl4,2024,07,10,06
240.0,243.0,Carpodacus erythrinus,Common Rosefinch,0.8893,psl4,2024,07,10,06
243.0,246.0,Carpodacus erythrinus,Common Rosefinch,0.5262,psl4,2024,07,10,06
249.0,252.0,Carpodacus erythrinus,Common Rosefinch,0.717,psl4,2024,07,10,06
258.0,261.0,Carpodacus erythrinus,Common Rosefinch,0.7927,psl4,2024,07,10,06
261.0,264.0,Carpodacus erythrinus,Common Rosefinch,0.8611,psl4,2024,07,10,06
273.0,276.0,Carpodacus erythrinus,Common Rosefinch,0.6332,psl4,2024,07,10,06
279.0,282.0,Fringilla montifringilla,Brambling,0.6093,psl4,2024,07,10,06
282.0,285.0,Carpodacus erythrinus,Common Rosefinch,0.7087,psl4,2024,07,10,06
288.0,291.0,Carpodacus erythrinus,Common Rosefinch,0.6868,psl4,2024,07,10,06
294.0,297.0,Carpodacus erythrinus,Common Rosefinch,0.6887,psl4,2024,07,10,06
306.0,309.0,Carpodacus erythrinus,Common Rosefinch,0.6685,psl4,2024,07,10,06
318.0,321.0,Fringilla montifringilla,Brambling,0.5704,psl4,2024,07,10,06
345.0,348.0,Carpodacus erythrinus,Common Rosefinch,0.5854,psl4,2024,07,10,06
354.0,357.0,Fringilla montifringilla,Brambling,0.5602,psl4,2024,07,10,06
369.0,372.0,Carpodacus erythrinus,Common Rosefinch,0.5571,psl4,2024,07,10,06
444.0,447.0,Phylloscopus occipitalis,Western Crowned Warbler,0.5866,psl4,2024,07,10,06
447.0,450.0,Phylloscopus occipitalis,Western Crowned Warbler,0.9235,psl4,2024,07,10,06
453.0,456.0,Phylloscopus occipitalis,Western Crowned Warbler,0.9104,psl4,2024,07,10,06
483.0,486.0,Phylloscopus occipitalis,Western Crowned Warbler,0.8776,psl4,2024,07,10,06
501.0,504.0,Phylloscopus occipitalis,Western Crowned Warbler,0.6218,psl4,2024,07,10,06
516.0,519.0,Phylloscopus occipitalis,Western Crowned Warbler,0.7664,psl4,2024,07,10,06
525.0,528.0,Phylloscopus occipitalis,Western Crowned Warbler,0.679,psl4,2024,07,10,06
531.0,534.0,Phylloscopus occipitalis,Western Crowned Warbler,0.7795,psl4,2024,07,10,06
540.0,543.0,Phylloscopus occipitalis,Western Crowned Warbler,0.5607,psl4,2024,07,10,06
660.0,663.0,Carpodacus erythrinus,Common Rosefinch,0.6022,psl4,2024,07,10,06
690.0,693.0,Phylloscopus occipitalis,Western Crowned Warbler,0.5365,psl4,2024,07,10,06
702.0,705.0,Phylloscopus humei,Hume's Warbler,0.9825,psl4,2024,07,10,06
711.0,714.0,Phylloscopus humei,Hume's Warbler,0.9406,psl4,2024,07,10,06
723.0,726.0,Phylloscopus humei,Hume's Warbler,0.9691,psl4,2024,07,10,06
741.0,744.0,Phylloscopus humei,Hume's Warbler,0.5662,psl4,2024,07,10,06
762.0,765.0,Phylloscopus humei,Hume's Warbler,0.7411,psl4,2024,07,10,06
858.0,861.0,Prunella strophiata,Rufous-breasted Accentor,0.711,psl4,2024,07,10,06
879.0,882.0,Phylloscopus humei,Hume's Warbler,0.5032,psl4,2024,07,10,06
882.0,885.0,Phylloscopus occipitalis,Western Crowned Warbler,0.7258,psl4,2024,07,10,06
888.0,891.0,Phylloscopus occipitalis,Western Crowned Warbler,0.6106,psl4,2024,07,10,06
150.0,153.0,Phylloscopus humei,Hume's Warbler,0.8489,psl4,2024,07,10,07
330.0,333.0,Trochalopteron variegatum,Variegated Laughingthrush,0.9474,psl4,2024,07,10,07
369.0,372.0,Phylloscopus humei,Hume's Warbler,0.9932,psl4,2024,07,10,07
372.0,375.0,Troglodytes solstitialis,Mountain Wren,0.5284,psl4,2024,07,10,07
381.0,384.0,Phylloscopus humei,Hume's Warbler,0.5836,psl4,2024,07,10,07
384.0,387.0,Phylloscopus humei,Hume's Warbler,0.7521,psl4,2024,07,10,07
405.0,408.0,Phylloscopus humei,Hume's Warbler,0.9148,psl4,2024,07,10,07
411.0,414.0,Phylloscopus occipitalis,Western Crowned Warbler,0.6555,psl4,2024,07,10,07
417.0,420.0,Phylloscopus humei,Hume's Warbler,0.9569,psl4,2024,07,10,07
423.0,426.0,Phylloscopus humei,Hume's Warbler,0.9754,psl4,2024,07,10,07
660.0,663.0,Calliope pectoralis,Himalayan Rubythroat,0.5265,psl4,2024,07,10,07
726.0,729.0,Phylloscopus humei,Hume's Warbler,0.9994,psl4,2024,07,10,07
744.0,747.0,Phylloscopus humei,Hume's Warbler,0.8642,psl4,2024,07,10,07
756.0,759.0,Phylloscopus humei,Hume's Warbler,0.6719,psl4,2024,07,10,07
765.0,768.0,Phylloscopus humei,Hume's Warbler,0.9999,psl4,2024,07,10,07
789.0,792.0,Phylloscopus humei,Hume's Warbler,0.9928,psl4,2024,07,10,07
792.0,795.0,Phylloscopus humei,Hume's Warbler,0.8219,psl4,2024,07,10,07
804.0,807.0,Phylloscopus humei,Hume's Warbler,0.9482,psl4,2024,07,10,07
813.0,816.0,Phylloscopus humei,Hume's Warbler,0.962,psl4,2024,07,10,07
822.0,825.0,Phylloscopus humei,Hume's Warbler,0.9547,psl4,2024,07,10,07
834.0,837.0,Phylloscopus humei,Hume's Warbler,0.9785,psl4,2024,07,10,07
837.0,840.0,Phylloscopus humei,Hume's Warbler,0.9603,psl4,2024,07,10,07
840.0,843.0,Phylloscopus humei,Hume's Warbler,0.6107,psl4,2024,07,10,07
843.0,846.0,Phylloscopus humei,Hume's Warbler,0.9168,psl4,2024,07,10,07
