Start (s),End (s),Scientific name,Common name,Confidence,ID,Year,Month,Day,Time
165.0,168.0,Phylloscopus occipitalis,Western Crowned Warbler,0.5645,psl6,2024,05,10,08
171.0,174.0,Prunella strophiata,Rufous-breasted Accentor,0.7242,psl6,2024,05,10,08
189.0,192.0,Phylloscopus occipitalis,Western Crowned Warbler,0.7809,psl6,2024,05,10,08
198.0,201.0,Phylloscopus occipitalis,Western Crowned Warbler,0.7592,psl6,2024,05,10,08
207.0,210.0,Phylloscopus humei,Hume's Warbler,0.885,psl6,2024,05,10,08
237.0,240.0,Phylloscopus humei,Hume's Warbler,0.6918,psl6,2024,05,10,08
261.0,264.0,Phylloscopus occipitalis,Western Crowned Warbler,0.5594,psl6,2024,05,10,08
279.0,282.0,Phylloscopus humei,Hume's Warbler,0.6497,psl6,2024,05,10,08
282.0,285.0,Phylloscopus occipitalis,Western Crowned Warbler,0.6178,psl6,2024,05,10,08
288.0,291.0,Phylloscopus humei,Hume's Warbler,0.887,psl6,2024,05,10,08
291.0,294.0,Phylloscopus occipitalis,Western Crowned Warbler,0.8368,psl6,2024,05,10,08
294.0,297.0,Phylloscopus humei,Hume's Warbler,0.8141,psl6,2024,05,10,08
297.0,300.0,Phylloscopus humei,Hume's Warbler,0.6482,psl6,2024,05,10,08
300.0,303.0,Phylloscopus humei,Hume's Warbler,0.6049,psl6,2024,05,10,08
312.0,315.0,Phylloscopus humei,Hume's Warbler,0.6538,psl6,2024,05,10,08
327.0,330.0,Phylloscopus occipitalis,Western Crowned Warbler,0.5878,psl6,2024,05,10,08
336.0,339.0,Phylloscopus occipitalis,Western Crowned Warbler,0.7029,psl6,2024,05,10,08
345.0,348.0,Phylloscopus occipitalis,Western Crowned Warbler,0.6906,psl6,2024,05,10,08
363.0,366.0,Phylloscopus occipitalis,Western Crowned Warbler,0.5734,psl6,2024,05,10,08
393.0,396.0,Phylloscopus occipitalis,Western Crowned Warbler,0.6442,psl6,2024,05,10,08
402.0,405.0,Phylloscopus occipitalis,Western Crowned Warbler,0.621,psl6,2024,05,10,08
411.0,414.0,Phylloscopus occipitalis,Western Crowned Warbler,0.5558,psl6,2024,05,10,08
426.0,429.0,Phylloscopus occipitalis,Western Crowned Warbler,0.5685,psl6,2024,05,10,08
441.0,444.0,Phylloscopus occipitalis,Western Crowned Warbler,0.6518,psl6,2024,05,10,08
444.0,447.0,Phylloscopus humei,Hume's Warbler,0.5528,psl6,2024,05,10,08
468.0,471.0,Phylloscopus humei,Hume's Warbler,0.9229,psl6,2024,05,10,08
480.0,483.0,Phylloscopus humei,Hume's Warbler,0.9909,psl6,2024,05,10,08
486.0,489.0,Phylloscopus occipitalis,Western Crowned Warbler,0.8338,psl6,2024,05,10,08
525.0,528.0,Phylloscopus humei,Hume's Warbler,0.9109,psl6,2024,05,10,08
558.0,561.0,Phylloscopus humei,Hume's Warbler,0.6935,psl6,2024,05,10,08
561.0,564.0,Phylloscopus occipitalis,Western Crowned Warbler,0.5808,psl6,2024,05,10,08
582.0,585.0,Phylloscopus occipitalis,Western Crowned Warbler,0.5112,psl6,2024,05,10,08
603.0,606.0,Phylloscopus occipitalis,Western Crowned Warbler,0.5359,psl6,2024,05,10,08
627.0,630.0,Phylloscopus occipitalis,Western Crowned Warbler,0.7088,psl6,2024,05,10,08
630.0,633.0,Phylloscopus occipitalis,Western Crowned Warbler,0.5763,psl6,2024,05,10,08
639.0,642.0,Phylloscopus humei,Hume's Warbler,0.5508,psl6,2024,05,10,08
645.0,648.0,Phylloscopus humei,Hume's Warbler,0.6662,psl6,2024,05,10,08
648.0,651.0,Phylloscopus occipitalis,Western Crowned Warbler,0.7552,psl6,2024,05,10,08
657.0,660.0,Phylloscopus occipitalis,Western Crowned Warbler,0.9841,psl6,2024,05,10,08
660.0,663.0,Phylloscopus humei,Hume's Warbler,0.9383,psl6,2024,05,10,08
663.0,666.0,Phylloscopus humei,Hume's Warbler,0.9773,psl6,2024,05,10,08
666.0,669.0,Phylloscopus occipitalis,Western Crowned Warbler,0.833,psl6,2024,05,10,08
675.0,678.0,Phylloscopus occipitalis,Western Crowned Warbler,0.5099,psl6,2024,05,10,08
687.0,690.0,Phylloscopus occipitalis,Western Crowned Warbler,0.5935,psl6,2024,05,10,08
705.0,708.0,Phylloscopus occipitalis,Western Crowned Warbler,0.8911,psl6,2024,05,10,08
762.0,765.0,Phylloscopus occipitalis,Western Crowned Warbler,0.5228,psl6,2024,05,10,08
0.0,3.0,Phylloscopus humei,Hume's Warbler,0.8818,psl6,2024,05,10,09
3.0,6.0,Phylloscopus humei,Hume's Warbler,0.7407,psl6,2024,05,10,09
6.0,9.0,Phylloscopus occipitalis,Western Crowned Warbler,0.9969,psl6,2024,05,10,09
9.0,12.0,Phylloscopus humei,Hume's Warbler,0.545,psl6,2024,05,10,09
15.0,18.0,Phylloscopus occipitalis,Western Crowned Warbler,0.996,psl6,2024,05,10,09
18.0,21.0,Phylloscopus humei,Hume's Warbler,0.6819,psl6,2024,05,10,09
24.0,27.0,Phylloscopus occipitalis,Western Crowned Warbler,0.996,psl6,2024,05,10,09
33.0,36.0,Phylloscopus occipitalis,Western Crowned Warbler,0.9981,psl6,2024,05,10,09
42.0,45.0,Phylloscopus occipitalis,Western Crowned Warbler,0.9908,psl6,2024,05,10,09
51.0,54.0,Phylloscopus occipitalis,Western Crowned Warbler,0.9939,psl6,2024,05,10,09
54.0,57.0,Phylloscopus humei,Hume's Warbler,0.6126,psl6,2024,05,10,09
57.0,60.0,Phylloscopus humei,Hume's Warbler,0.8074,psl6,2024,05,10,09
60.0,63.0,Phylloscopus reguloides,Blyth's Leaf Warbler,0.5774,psl6,2024,05,10,09
60.0,63.0,Phylloscopus occipitalis,Western Crowned Warbler,0.552,psl6,2024,05,10,09
63.0,66.0,Phylloscopus occipitalis,Western Crowned Warbler,0.9576,psl6,2024,05,10,09
66.0,69.0,Phylloscopus humei,Hume's Warbler,0.9205,psl6,2024,05,10,09
69.0,72.0,Phylloscopus humei,Hume's Warbler,0.5843,psl6,2024,05,10,09
72.0,75.0,Phylloscopus occipitalis,Western Crowned Warbler,0.9851,psl6,2024,05,10,09
75.0,78.0,Phylloscopus occipitalis,Western Crowned Warbler,0.9265,psl6,2024,05,10,09
75.0,78.0,Phylloscopus reguloides,Blyth's Leaf Warbler,0.6327,psl6,2024,05,10,09
81.0,84.0,Phylloscopus occipitalis,Western Crowned Warbler,0.9923,psl6,2024,05,10,09
84.0,87.0,Phylloscopus occipitalis,Western Crowned Warbler,0.9925,psl6,2024,05,10,09
84.0,87.0,Phylloscopus reguloides,Blyth's Leaf Warbler,0.5902,psl6,2024,05,10,09
96.0,99.0,Phylloscopus occipitalis,Western Crowned Warbler,0.9852,psl6,2024,05,10,09
105.0,108.0,Phylloscopus occipitalis,Western Crowned Warbler,0.9832,psl6,2024,05,10,09
111.0,114.0,Phylloscopus occipitalis,Western Crowned Warbler,0.8395,psl6,2024,05,10,09
114.0,117.0,Phylloscopus occipitalis,Western Crowned Warbler,0.9105,psl6,2024,05,10,09
117.0,120.0,Phylloscopus humei,Hume's Warbler,0.826,psl6,2024,05,10,09
120.0,123.0,Phylloscopus occipitalis,Western Crowned Warbler,0.8827,psl6,2024,05,10,09
120.0,123.0,Phylloscopus maculipennis,Ashy-throated Warbler,0.6352,psl6,2024,05,10,09
123.0,126.0,Phylloscopus occipitalis,Western Crowned Warbler,0.9787,psl6,2024,05,10,09
126.0,129.0,Phylloscopus humei,Hume's Warbler,0.859,psl6,2024,05,10,09
129.0,132.0,Phylloscopus humei,Hume's Warbler,0.7256,psl6,2024,05,10,09
132.0,135.0,Phylloscopus occipitalis,Western Crowned Warbler,0.8759,psl6,2024,05,10,09
132.0,135.0,Phylloscopus reguloides,Blyth's Leaf Warbler,0.5156,psl6,2024,05,10,09
135.0,138.0,Phylloscopus occipitalis,Western Crowned Warbler,0.9896,psl6,2024,05,10,09
138.0,141.0,Phylloscopus humei,Hume's Warbler,0.5263,psl6,2024,05,10,09
144.0,147.0,Phylloscopus occipitalis,Western Crowned Warbler,0.9892,psl6,2024,05,10,09
144.0,147.0,Phylloscopus reguloides,Blyth's Leaf Warbler,0.648,psl6,2024,05,10,09
150.0,153.0,Phylloscopus humei,Hume's Warbler,0.7344,psl6,2024,05,10,09
153.0,156.0,Phylloscopus occipitalis,Western Crowned Warbler,0.989,psl6,2024,05,10,09
156.0,159.0,Phylloscopus occipitalis,Western Crowned Warbler,0.9799,psl6,2024,05,10,09
162.0,165.0,Phylloscopus occipitalis,Western Crowned Warbler,0.9732,psl6,2024,05,10,09
162.0,165.0,Phylloscopus reguloides,Blyth's Leaf Warbler,0.5455,psl6,2024,05,10,09
165.0,168.0,Phylloscopus occipitalis,Western Crowned Warbler,0.8682,psl6,2024,05,10,09
171.0,174.0,Phylloscopus occipitalis,Western Crowned Warbler,0.8931,psl6,2024,05,10,09
171.0,174.0,Phylloscopus reguloides,Blyth's Leaf Warbler,0.7566,psl6,2024,05,10,09
174.0,177.0,Anthus hodgsoni,Olive-backed Pipit,0.8797,psl6,2024,05,10,09
177.0,180.0,Phylloscopus maculipennis,Ashy-throated Warbler,0.6322,psl6,2024,05,10,09
180.0,183.0,Phylloscopus occipitalis,Western Crowned Warbler,0.9786,psl6,2024,05,10,09
192.0,195.0,Phylloscopus occipitalis,Western Crowned Warbler,0.9899,psl6,2024,05,10,09
198.0,201.0,Phylloscopus occipitalis,Western Crowned Warbler,0.9992,psl6,2024,05,10,09
201.0,204.0,Phylloscopus humei,Hume's Warbler,0.8388,psl6,2024,05,10,09
207.0,210.0,Phylloscopus occipitalis,Western Crowned Warbler,0.9636,psl6,2024,05,10,09
210.0,213.0,Phylloscopus occipitalis,Western Crowned Warbler,0.9558,psl6,2024,05,10,09
219.0,222.0,Phylloscopus occipitalis,Western Crowned Warbler,0.9968,psl6,2024,05,10,09
231.0,234.0,Phylloscopus occipitalis,Western Crowned Warbler,0.9929,psl6,2024,05,10,09
237.0,240.0,Phylloscopus humei,Hume's Warbler,0.9444,psl6,2024,05,10,09
240.0,243.0,Phylloscopus occipitalis,Western Crowned Warbler,0.8084,psl6,2024,05,10,09
240.0,243.0,Phylloscopus reguloides,Blyth's Leaf Warbler,0.643,psl6,2024,05,10,09
243.0,246.0,Phylloscopus occipitalis,Western Crowned Warbler,0.957,psl6,2024,05,10,09
252.0,255.0,Phylloscopus occipitalis,Western Crowned Warbler,0.9781,psl6,2024,05,10,09
258.0,261.0,Phylloscopus occipitalis,Western Crowned Warbler,0.8511,psl6,2024,05,10,09
261.0,264.0,Phylloscopus occipitalis,Western Crowned Warbler,0.9505,psl6,2024,05,10,09
270.0,273.0,Phylloscopus occipitalis,Western Crowned Warbler,0.9962,psl6,2024,05,10,09
276.0,279.0,Phylloscopus humei,Hume's Warbler,0.9973,psl6,2024,05,10,09
282.0,285.0,Phylloscopus occipitalis,Western Crowned Warbler,0.5237,psl6,2024,05,10,09
282.0,285.0,Phylloscopus maculipennis,Ashy-throated Warbler,0.5022,psl6,2024,05,10,09
285.0,288.0,Phylloscopus occipitalis,Western Crowned Warbler,0.9935,psl6,2024,05,10,09
294.0,297.0,Phylloscopus occipitalis,Western Crowned Warbler,0.9506,psl6,2024,05,10,09
303.0,306.0,Phylloscopus occipitalis,Western Crowned Warbler,0.8946,psl6,2024,05,10,09
309.0,312.0,Phylloscopus humei,Hume's Warbler,0.8495,psl6,2024,05,10,09
312.0,315.0,Phylloscopus humei,Hume's Warbler,0.6814,psl6,2024,05,10,09
315.0,318.0,Phylloscopus humei,Hume's Warbler,0.8195,psl6,2024,05,10,09
318.0,321.0,Phylloscopus occipitalis,Western Crowned Warbler,0.504,psl6,2024,05,10,09
327.0,330.0,Phylloscopus humei,Hume's Warbler,0.8391,psl6,2024,05,10,09
330.0,333.0,Phylloscopus occipitalis,Western Crowned Warbler,0.9557,psl6,2024,05,10,09
333.0,336.0,Phylloscopus occipitalis,Western Crowned Warbler,0.7807,psl6,2024,05,10,09
342.0,345.0,Phylloscopus occipitalis,Western Crowned Warbler,0.9873,psl6,2024,05,10,09
354.0,357.0,Phylloscopus occipitalis,Western Crowned Warbler,0.7363,psl6,2024,05,10,09
360.0,363.0,Troglodytes pacificus,Pacific Wren,0.7343,psl6,2024,05,10,09
366.0,369.0,Phylloscopus occipitalis,Western Crowned Warbler,0.8119,psl6,2024,05,10,09
372.0,375.0,Phylloscopus humei,Hume's Warbler,0.7931,psl6,2024,05,10,09
375.0,378.0,Phylloscopus occipitalis,Western Crowned Warbler,0.7814,psl6,2024,05,10,09
387.0,390.0,Phylloscopus occipitalis,Western Crowned Warbler,0.9899,psl6,2024,05,10,09
399.0,402.0,Phylloscopus occipitalis,Western Crowned Warbler,0.9669,psl6,2024,05,10,09
402.0,405.0,Phylloscopus occipitalis,Western Crowned Warbler,0.6366,psl6,2024,05,10,09
432.0,435.0,Phylloscopus occipitalis,Western Crowned Warbler,0.5241,psl6,2024,05,10,09
438.0,441.0,Phylloscopus occipitalis,Western Crowned Warbler,0.7342,psl6,2024,05,10,09
459.0,462.0,Phylloscopus occipitalis,Western Crowned Warbler,0.5188,psl6,2024,05,10,09
468.0,471.0,Phylloscopus occipitalis,Western Crowned Warbler,0.5462,psl6,2024,05,10,09
483.0,486.0,Phylloscopus occipitalis,Western Crowned Warbler,0.7067,psl6,2024,05,10,09
495.0,498.0,Phylloscopus humei,Hume's Warbler,0.5502,psl6,2024,05,10,09
504.0,507.0,Phylloscopus humei,Hume's Warbler,0.7441,psl6,2024,05,10,09
507.0,510.0,Phylloscopus humei,Hume's Warbler,0.7479,psl6,2024,05,10,09
522.0,525.0,Phylloscopus occipitalis,Western Crowned Warbler,0.5404,psl6,2024,05,10,09
531.0,534.0,Phylloscopus occipitalis,Western Crowned Warbler,0.7604,psl6,2024,05,10,09
543.0,546.0,Phylloscopus occipitalis,Western Crowned Warbler,0.581,psl6,2024,05,10,09
558.0,561.0,Phylloscopus occipitalis,Western Crowned Warbler,0.8128,psl6,2024,05,10,09
561.0,564.0,Phylloscopus occipitalis,Western Crowned Warbler,0.5255,psl6,2024,05,10,09
570.0,573.0,Phylloscopus occipitalis,Western Crowned Warbler,0.9492,psl6,2024,05,10,09
585.0,588.0,Phylloscopus occipitalis,Western Crowned Warbler,0.8065,psl6,2024,05,10,09
594.0,597.0,Phylloscopus occipitalis,Western Crowned Warbler,0.9563,psl6,2024,05,10,09
603.0,606.0,Phylloscopus occipitalis,Western Crowned Warbler,0.8343,psl6,2024,05,10,09
624.0,627.0,Phylloscopus occipitalis,Western Crowned Warbler,0.7919,psl6,2024,05,10,09
627.0,630.0,Phylloscopus occipitalis,Western Crowned Warbler,0.7552,psl6,2024,05,10,09
633.0,636.0,Phylloscopus humei,Hume's Warbler,0.8348,psl6,2024,05,10,09
636.0,639.0,Phylloscopus occipitalis,Western Crowned Warbler,0.6854,psl6,2024,05,10,09
645.0,648.0,Phylloscopus occipitalis,Western Crowned Warbler,0.7979,psl6,2024,05,10,09
651.0,654.0,Phylloscopus humei,Hume's Warbler,0.9703,psl6,2024,05,10,09
654.0,657.0,Phylloscopus humei,Hume's Warbler,0.6311,psl6,2024,05,10,09
657.0,660.0,Phylloscopus humei,Hume's Warbler,0.9582,psl6,2024,05,10,09
660.0,663.0,Phylloscopus humei,Hume's Warbler,0.7813,psl6,2024,05,10,09
663.0,666.0,Phylloscopus humei,Hume's Warbler,0.591,psl6,2024,05,10,09
669.0,672.0,Phylloscopus humei,Hume's Warbler,0.9274,psl6,2024,05,10,09
672.0,675.0,Phylloscopus humei,Hume's Warbler,0.7672,psl6,2024,05,10,09
675.0,678.0,Phylloscopus humei,Hume's Warbler,0.9643,psl6,2024,05,10,09
684.0,687.0,Phylloscopus humei,Hume's Warbler,0.7223,psl6,2024,05,10,09
687.0,690.0,Phylloscopus humei,Hume's Warbler,0.886,psl6,2024,05,10,09
699.0,702.0,Phylloscopus humei,Hume's Warbler,0.7278,psl6,2024,05,10,09
702.0,705.0,Phylloscopus humei,Hume's Warbler,0.5078,psl6,2024,05,10,09
705.0,708.0,Phylloscopus humei,Hume's Warbler,0.7992,psl6,2024,05,10,09
714.0,717.0,Phylloscopus humei,Hume's Warbler,0.6547,psl6,2024,05,10,09
717.0,720.0,Phylloscopus humei,Hume's Warbler,0.9071,psl6,2024,05,10,09
720.0,723.0,Phylloscopus humei,Hume's Warbler,0.9744,psl6,2024,05,10,09
723.0,726.0,Phylloscopus humei,Hume's Warbler,0.9104,psl6,2024,05,10,09
732.0,735.0,Phylloscopus occipitalis,Western Crowned Warbler,0.7718,psl6,2024,05,10,09
774.0,777.0,Anthus hodgsoni,Olive-backed Pipit,0.6348,psl6,2024,05,10,09
816.0,819.0,Calliope pectoralis,Himalayan Rubythroat,0.517,psl6,2024,05,10,09
840.0,843.0,Anthus hodgsoni,Olive-backed Pipit,0.8923,psl6,2024,05,10,09
882.0,885.0,Phylloscopus humei,Hume's Warbler,0.7514,psl6,2024,05,10,09
9.0,12.0,Carpodacus erythrinus,Common Rosefinch,0.942,psl6,2024,05,11,06
15.0,18.0,Anthus hodgsoni,Olive-backed Pipit,0.7222,psl6,2024,05,11,06
18.0,21.0,Carpodacus erythrinus,Common Rosefinch,0.5579,psl6,2024,05,11,06
27.0,30.0,Carpodacus erythrinus,Common Rosefinch,0.8095,psl6,2024,05,11,06
33.0,36.0,Prunella strophiata,Rufous-breasted Accentor,0.8086,psl6,2024,05,11,06
45.0,48.0,Carpodacus erythrinus,Common Rosefinch,0.5408,psl6,2024,05,11,06
54.0,57.0,Anthus hodgsoni,Olive-backed Pipit,0.6589,psl6,2024,05,11,06
57.0,60.0,Prunella strophiata,Rufous-breasted Accentor,0.9183,psl6,2024,05,11,06
75.0,78.0,Carpodacus erythrinus,Common Rosefinch,0.8095,psl6,2024,05,11,06
93.0,96.0,Carpodacus erythrinus,Common Rosefinch,0.7092,psl6,2024,05,11,06
99.0,102.0,Carpodacus erythrinus,Common Rosefinch,0.7401,psl6,2024,05,11,06
105.0,108.0,Carpodacus erythrinus,Common Rosefinch,0.8995,psl6,2024,05,11,06
111.0,114.0,Carpodacus erythrinus,Common Rosefinch,0.625,psl6,2024,05,11,06
114.0,117.0,Carpodacus erythrinus,Common Rosefinch,0.911,psl6,2024,05,11,06
120.0,123.0,Anthus hodgsoni,Olive-backed Pipit,0.6208,psl6,2024,05,11,06
123.0,126.0,Carpodacus erythrinus,Common Rosefinch,0.5057,psl6,2024,05,11,06
126.0,129.0,Carpodacus erythrinus,Common Rosefinch,0.8947,psl6,2024,05,11,06
132.0,135.0,Carpodacus erythrinus,Common Rosefinch,0.7078,psl6,2024,05,11,06
135.0,138.0,Carpodacus erythrinus,Common Rosefinch,0.5797,psl6,2024,05,11,06
138.0,141.0,Carpodacus erythrinus,Common Rosefinch,0.7865,psl6,2024,05,11,06
138.0,141.0,Leptopoecile sophiae,White-browed Tit-Warbler,0.6077,psl6,2024,05,11,06
141.0,144.0,Phylloscopus humei,Hume's Warbler,0.9997,psl6,2024,05,11,06
147.0,150.0,Carpodacus erythrinus,Common Rosefinch,0.9136,psl6,2024,05,11,06
159.0,162.0,Carpodacus erythrinus,Common Rosefinch,0.7521,psl6,2024,05,11,06
159.0,162.0,Uromyias agilis,Agile Tit-Tyrant,0.6456,psl6,2024,05,11,06
177.0,180.0,Anthus hodgsoni,Olive-backed Pipit,0.7553,psl6,2024,05,11,06
180.0,183.0,Carpodacus erythrinus,Common Rosefinch,0.8004,psl6,2024,05,11,06
180.0,183.0,Leptopoecile sophiae,White-browed Tit-Warbler,0.5833,psl6,2024,05,11,06
186.0,189.0,Anthus hodgsoni,Olive-backed Pipit,0.6707,psl6,2024,05,11,06
207.0,210.0,Carpodacus erythrinus,Common Rosefinch,0.5673,psl6,2024,05,11,06
210.0,213.0,Anthus hodgsoni,Olive-backed Pipit,0.9267,psl6,2024,05,11,06
213.0,216.0,Phylloscopus humei,Hume's Warbler,0.8307,psl6,2024,05,11,06
216.0,219.0,Phylloscopus humei,Hume's Warbler,0.8993,psl6,2024,05,11,06
222.0,225.0,Phylloscopus humei,Hume's Warbler,0.6601,psl6,2024,05,11,06
234.0,237.0,Anthus hodgsoni,Olive-backed Pipit,0.5782,psl6,2024,05,11,06
237.0,240.0,Carpodacus erythrinus,Common Rosefinch,0.9003,psl6,2024,05,11,06
255.0,258.0,Carpodacus erythrinus,Common Rosefinch,0.6412,psl6,2024,05,11,06
258.0,261.0,Anthus hodgsoni,Olive-backed Pipit,0.7117,psl6,2024,05,11,06
261.0,264.0,Carpodacus erythrinus,Common Rosefinch,0.6789,psl6,2024,05,11,06
273.0,276.0,Anthus hodgsoni,Olive-backed Pipit,0.8617,psl6,2024,05,11,06
285.0,288.0,Anthus hodgsoni,Olive-backed Pipit,0.7057,psl6,2024,05,11,06
294.0,297.0,Carpodacus erythrinus,Common Rosefinch,0.7109,psl6,2024,05,11,06
297.0,300.0,Anthus hodgsoni,Olive-backed Pipit,0.9535,psl6,2024,05,11,06
303.0,306.0,Carpodacus erythrinus,Common Rosefinch,0.5302,psl6,2024,05,11,06
309.0,312.0,Anthus hodgsoni,Olive-backed Pipit,0.772,psl6,2024,05,11,06
309.0,312.0,Carpodacus erythrinus,Common Rosefinch,0.605,psl6,2024,05,11,06
324.0,327.0,Anthus hodgsoni,Olive-backed Pipit,0.7285,psl6,2024,05,11,06
327.0,330.0,Anthus hodgsoni,Olive-backed Pipit,0.7629,psl6,2024,05,11,06
339.0,342.0,Anthus hodgsoni,Olive-backed Pipit,0.9886,psl6,2024,05,11,06
348.0,351.0,Carpodacus erythrinus,Common Rosefinch,0.8513,psl6,2024,05,11,06
360.0,363.0,Prunella strophiata,Rufous-breasted Accentor,0.5001,psl6,2024,05,11,06
372.0,375.0,Prunella strophiata,Rufous-breasted Accentor,0.7193,psl6,2024,05,11,06
402.0,405.0,Anthus hodgsoni,Olive-backed Pipit,0.5709,psl6,2024,05,11,06
405.0,408.0,Prunella strophiata,Rufous-breasted Accentor,0.6614,psl6,2024,05,11,06
411.0,414.0,Carpodacus erythrinus,Common Rosefinch,0.5863,psl6,2024,05,11,06
417.0,420.0,Carpodacus erythrinus,Common Rosefinch,0.8835,psl6,2024,05,11,06
423.0,426.0,Carpodacus erythrinus,Common Rosefinch,0.8243,psl6,2024,05,11,06
423.0,426.0,Anthus hodgsoni,Olive-backed Pipit,0.7201,psl6,2024,05,11,06
432.0,435.0,Carpodacus erythrinus,Common Rosefinch,0.8328,psl6,2024,05,11,06
444.0,447.0,Carpodacus erythrinus,Common Rosefinch,0.5126,psl6,2024,05,11,06
450.0,453.0,Carpodacus erythrinus,Common Rosefinch,0.7597,psl6,2024,05,11,06
453.0,456.0,Anthus hodgsoni,Olive-backed Pipit,0.8078,psl6,2024,05,11,06
477.0,480.0,Anthus hodgsoni,Olive-backed Pipit,0.8411,psl6,2024,05,11,06
483.0,486.0,Anthus hodgsoni,Olive-backed Pipit,0.8893,psl6,2024,05,11,06
495.0,498.0,Anthus hodgsoni,Olive-backed Pipit,0.9407,psl6,2024,05,11,06
507.0,510.0,Prunella strophiata,Rufous-breasted Accentor,0.5888,psl6,2024,05,11,06
540.0,543.0,Prunella strophiata,Rufous-breasted Accentor,0.7313,psl6,2024,05,11,06
546.0,549.0,Anthus hodgsoni,Olive-backed Pipit,0.9478,psl6,2024,05,11,06
549.0,552.0,Anthus hodgsoni,Olive-backed Pipit,0.6178,psl6,2024,05,11,06
561.0,564.0,Anthus hodgsoni,Olive-backed Pipit,0.8332,psl6,2024,05,11,06
570.0,573.0,Anthus hodgsoni,Olive-backed Pipit,0.8829,psl6,2024,05,11,06
573.0,576.0,Anthus hodgsoni,Olive-backed Pipit,0.6023,psl6,2024,05,11,06
594.0,597.0,Calliope pectardens,Firethroat,0.5114,psl6,2024,05,11,06
600.0,603.0,Calliope pectardens,Firethroat,0.9445,psl6,2024,05,11,06
606.0,609.0,Anthus hodgsoni,Olive-backed Pipit,0.6241,psl6,2024,05,11,06
618.0,621.0,Anthus hodgsoni,Olive-backed Pipit,0.7466,psl6,2024,05,11,06
633.0,636.0,Anthus hodgsoni,Olive-backed Pipit,0.7598,psl6,2024,05,11,06
645.0,648.0,Anthus hodgsoni,Olive-backed Pipit,0.508,psl6,2024,05,11,06
651.0,654.0,Carpodacus erythrinus,Common Rosefinch,0.5766,psl6,2024,05,11,06
651.0,654.0,Leptopoecile sophiae,White-browed Tit-Warbler,0.5014,psl6,2024,05,11,06
666.0,669.0,Anthus hodgsoni,Olive-backed Pipit,0.6446,psl6,2024,05,11,06
678.0,681.0,Carpodacus erythrinus,Common Rosefinch,0.6264,psl6,2024,05,11,06
681.0,684.0,Carpodacus erythrinus,Common Rosefinch,0.802,psl6,2024,05,11,06
699.0,702.0,Carpodacus erythrinus,Common Rosefinch,0.6387,psl6,2024,05,11,06
711.0,714.0,Anthus hodgsoni,Olive-backed Pipit,0.9489,psl6,2024,05,11,06
714.0,717.0,Phylloscopus humei,Hume's Warbler,0.5568,psl6,2024,05,11,06
720.0,723.0,Anthus hodgsoni,Olive-backed Pipit,0.9643,psl6,2024,05,11,06
729.0,732.0,Anthus hodgsoni,Olive-backed Pipit,0.955,psl6,2024,05,11,06
741.0,744.0,Anthus hodgsoni,Olive-backed Pipit,0.5663,psl6,2024,05,11,06
753.0,756.0,Carpodacus erythrinus,Common Rosefinch,0.8022,psl6,2024,05,11,06
756.0,759.0,Anthus hodgsoni,Olive-backed Pipit,0.6508,psl6,2024,05,11,06
768.0,771.0,Phylloscopus humei,Hume's Warbler,0.5908,psl6,2024,05,11,06
786.0,789.0,Anthus hodgsoni,Olive-backed Pipit,0.7384,psl6,2024,05,11,06
810.0,813.0,Anthus hodgsoni,Olive-backed Pipit,0.6108,psl6,2024,05,11,06
822.0,825.0,Anthus hodgsoni,Olive-backed Pipit,0.9569,psl6,2024,05,11,06
831.0,834.0,Anthus hodgsoni,Olive-backed Pipit,0.8525,psl6,2024,05,11,06
846.0,849.0,Carpodacus erythrinus,Common Rosefinch,0.5961,psl6,2024,05,11,06
846.0,849.0,Leptopoecile sophiae,White-browed Tit-Warbler,0.5327,psl6,2024,05,11,06
849.0,852.0,Anthus hodgsoni,Olive-backed Pipit,0.792,psl6,2024,05,11,06
852.0,855.0,Anthus hodgsoni,Olive-backed Pipit,0.6378,psl6,2024,05,11,06
861.0,864.0,Anthus hodgsoni,Olive-backed Pipit,0.9792,psl6,2024,05,11,06
870.0,873.0,Anthus hodgsoni,Olive-backed Pipit,0.7321,psl6,2024,05,11,06
882.0,885.0,Anthus hodgsoni,Olive-backed Pipit,0.8244,psl6,2024,05,11,06
888.0,891.0,Phylloscopus humei,Hume's Warbler,0.5657,psl6,2024,05,11,06
3.0,6.0,Phylloscopus occipitalis,Western Crowned Warbler,0.5075,psl6,2024,05,11,07
9.0,12.0,Phylloscopus humei,Hume's Warbler,0.9771,psl6,2024,05,11,07
12.0,15.0,Phylloscopus humei,Hume's Warbler,0.7017,psl6,2024,05,11,07
15.0,18.0,Phylloscopus occipitalis,Western Crowned Warbler,0.8493,psl6,2024,05,11,07
42.0,45.0,Phylloscopus occipitalis,Western Crowned Warbler,0.8075,psl6,2024,05,11,07
51.0,54.0,Phylloscopus occipitalis,Western Crowned Warbler,0.5701,psl6,2024,05,11,07
54.0,57.0,Phylloscopus occipitalis,Western Crowned Warbler,0.6458,psl6,2024,05,11,07
66.0,69.0,Phylloscopus occipitalis,Western Crowned Warbler,0.6213,psl6,2024,05,11,07
81.0,84.0,Phylloscopus occipitalis,Western Crowned Warbler,0.798,psl6,2024,05,11,07
90.0,93.0,Prunella strophiata,Rufous-breasted Accentor,0.6105,psl6,2024,05,11,07
126.0,129.0,Phylloscopus occipitalis,Western Crowned Warbler,0.7164,psl6,2024,05,11,07
138.0,141.0,Phylloscopus occipitalis,Western Crowned Warbler,0.5349,psl6,2024,05,11,07
159.0,162.0,Carpodacus erythrinus,Common Rosefinch,0.8634,psl6,2024,05,11,07
228.0,231.0,Prunella strophiata,Rufous-breasted Accentor,0.7127,psl6,2024,05,11,07
237.0,240.0,Prunella strophiata,Rufous-breasted Accentor,0.5604,psl6,2024,05,11,07
282.0,285.0,Phylloscopus occipitalis,Western Crowned Warbler,0.8637,psl6,2024,05,11,07
291.0,294.0,Phylloscopus occipitalis,Western Crowned Warbler,0.8194,psl6,2024,05,11,07
300.0,303.0,Phylloscopus occipitalis,Western Crowned Warbler,0.752,psl6,2024,05,11,07
303.0,306.0,Phylloscopus occipitalis,Western Crowned Warbler,0.7308,psl6,2024,05,11,07
312.0,315.0,Phylloscopus occipitalis,Western Crowned Warbler,0.964,psl6,2024,05,11,07
315.0,318.0,Phylloscopus occipitalis,Western Crowned Warbler,0.9677,psl6,2024,05,11,07
321.0,324.0,Phylloscopus humei,Hume's Warbler,0.9248,psl6,2024,05,11,07
324.0,327.0,Phylloscopus humei,Hume's Warbler,0.9709,psl6,2024,05,11,07
327.0,330.0,Phylloscopus humei,Hume's Warbler,0.9879,psl6,2024,05,11,07
330.0,333.0,Phylloscopus humei,Hume's Warbler,0.9147,psl6,2024,05,11,07
333.0,336.0,Phylloscopus occipitalis,Western Crowned Warbler,0.5655,psl6,2024,05,11,07
336.0,339.0,Phylloscopus occipitalis,Western Crowned Warbler,0.7881,psl6,2024,05,11,07
345.0,348.0,Phylloscopus occipitalis,Western Crowned Warbler,0.9592,psl6,2024,05,11,07
351.0,354.0,Phylloscopus humei,Hume's Warbler,0.955,psl6,2024,05,11,07
354.0,357.0,Phylloscopus humei,Hume's Warbler,0.9754,psl6,2024,05,11,07
357.0,360.0,Phylloscopus occipitalis,Western Crowned Warbler,0.7549,psl6,2024,05,11,07
366.0,369.0,Phylloscopus occipitalis,Western Crowned Warbler,0.8747,psl6,2024,05,11,07
369.0,372.0,Phylloscopus occipitalis,Western Crowned Warbler,0.9404,psl6,2024,05,11,07
372.0,375.0,Phylloscopus humei,Hume's Warbler,0.522,psl6,2024,05,11,07
375.0,378.0,Phylloscopus occipitalis,Western Crowned Warbler,0.9153,psl6,2024,05,11,07
378.0,381.0,Phylloscopus occipitalis,Western Crowned Warbler,0.8731,psl6,2024,05,11,07
390.0,393.0,Phylloscopus occipitalis,Western Crowned Warbler,0.9798,psl6,2024,05,11,07
402.0,405.0,Phylloscopus occipitalis,Western Crowned Warbler,0.874,psl6,2024,05,11,07
417.0,420.0,Phylloscopus occipitalis,Western Crowned Warbler,0.9622,psl6,2024,05,11,07
426.0,429.0,Carpodacus erythrinus,Common Rosefinch,0.6031,psl6,2024,05,11,07
435.0,438.0,Phylloscopus occipitalis,Western Crowned Warbler,0.9246,psl6,2024,05,11,07
444.0,447.0,Phylloscopus occipitalis,Western Crowned Warbler,0.502,psl6,2024,05,11,07
447.0,450.0,Phylloscopus occipitalis,Western Crowned Warbler,0.8417,psl6,2024,05,11,07
450.0,453.0,Phylloscopus humei,Hume's Warbler,0.9042,psl6,2024,05,11,07
465.0,468.0,Phylloscopus occipitalis,Western Crowned Warbler,0.998,psl6,2024,05,11,07
468.0,471.0,Phylloscopus humei,Hume's Warbler,0.7546,psl6,2024,05,11,07
474.0,477.0,Phylloscopus humei,Hume's Warbler,0.7163,psl6,2024,05,11,07
486.0,489.0,Phylloscopus occipitalis,Western Crowned Warbler,0.9174,psl6,2024,05,11,07
501.0,504.0,Phylloscopus occipitalis,Western Crowned Warbler,0.954,psl6,2024,05,11,07
504.0,507.0,Phylloscopus occipitalis,Western Crowned Warbler,0.8417,psl6,2024,05,11,07
513.0,516.0,Phylloscopus occipitalis,Western Crowned Warbler,0.8049,psl6,2024,05,11,07
525.0,528.0,Phylloscopus occipitalis,Western Crowned Warbler,0.8309,psl6,2024,05,11,07
537.0,540.0,Phylloscopus humei,Hume's Warbler,0.6215,psl6,2024,05,11,07
546.0,549.0,Phylloscopus humei,Hume's Warbler,0.6741,psl6,2024,05,11,07
549.0,552.0,Phylloscopus occipitalis,Western Crowned Warbler,0.9734,psl6,2024,05,11,07
558.0,561.0,Phylloscopus occipitalis,Western Crowned Warbler,0.9587,psl6,2024,05,11,07
561.0,564.0,Phylloscopus occipitalis,Western Crowned Warbler,0.7898,psl6,2024,05,11,07
567.0,570.0,Phylloscopus humei,Hume's Warbler,0.7044,psl6,2024,05,11,07
579.0,582.0,Phylloscopus occipitalis,Western Crowned Warbler,0.8375,psl6,2024,05,11,07
582.0,585.0,Phylloscopus occipitalis,Western Crowned Warbler,0.8715,psl6,2024,05,11,07
690.0,693.0,Anthus hodgsoni,Olive-backed Pipit,0.623,psl6,2024,05,11,07
717.0,720.0,Phylloscopus humei,Hume's Warbler,0.6411,psl6,2024,05,11,07
720.0,723.0,Trochalopteron variegatum,Variegated Laughingthrush,0.5247,psl6,2024,05,11,07
747.0,750.0,Trochalopteron variegatum,Variegated Laughingthrush,0.7804,psl6,2024,05,11,07
753.0,756.0,Trochalopteron variegatum,Variegated Laughingthrush,0.8083,psl6,2024,05,11,07
786.0,789.0,Phylloscopus humei,Hume's Warbler,0.7711,psl6,2024,05,11,07
789.0,792.0,Trochalopteron variegatum,Variegated Laughingthrush,0.7869,psl6,2024,05,11,07
819.0,822.0,Trochalopteron variegatum,Variegated Laughingthrush,0.7277,psl6,2024,05,11,07
828.0,831.0,Trochalopteron variegatum,Variegated Laughingthrush,0.6885,psl6,2024,05,11,07
834.0,837.0,Trochalopteron variegatum,Variegated Laughingthrush,0.7507,psl6,2024,05,11,07
837.0,840.0,Trochalopteron variegatum,Variegated Laughingthrush,0.7428,psl6,2024,05,11,07
846.0,849.0,Trochalopteron variegatum,Variegated Laughingthrush,0.9891,psl6,2024,05,11,07
849.0,852.0,Trochalopteron variegatum,Variegated Laughingthrush,0.7777,psl6,2024,05,11,07
885.0,888.0,Phylloscopus occipitalis,Western Crowned Warbler,0.5103,psl6,2024,05,11,07
6.0,9.0,Phylloscopus occipitalis,Western Crowned Warbler,0.7645,psl6,2024,05,11,08
15.0,18.0,Phylloscopus humei,Hume's Warbler,0.7609,psl6,2024,05,11,08
18.0,21.0,Phylloscopus occipitalis,Western Crowned Warbler,0.5783,psl6,2024,05,11,08
24.0,27.0,Troglodytes pacificus,Pacific Wren,0.6244,psl6,2024,05,11,08
45.0,48.0,Phylloscopus occipitalis,Western Crowned Warbler,0.853,psl6,2024,05,11,08
78.0,81.0,Phylloscopus occipitalis,Western Crowned Warbler,0.793,psl6,2024,05,11,08
84.0,87.0,Phylloscopus humei,Hume's Warbler,0.7109,psl6,2024,05,11,08
93.0,96.0,Phylloscopus humei,Hume's Warbler,0.7593,psl6,2024,05,11,08
96.0,99.0,Phylloscopus humei,Hume's Warbler,0.6314,psl6,2024,05,11,08
105.0,108.0,Phylloscopus humei,Hume's Warbler,0.8283,psl6,2024,05,11,08
135.0,138.0,Phylloscopus humei,Hume's Warbler,0.5725,psl6,2024,05,11,08
138.0,141.0,Phylloscopus humei,Hume's Warbler,0.6687,psl6,2024,05,11,08
144.0,147.0,Phylloscopus humei,Hume's Warbler,0.6961,psl6,2024,05,11,08
153.0,156.0,Zosterops simplex,Swinhoe's White-eye,0.5202,psl6,2024,05,11,08
222.0,225.0,Phylloscopus humei,Hume's Warbler,0.9198,psl6,2024,05,11,08
228.0,231.0,Phylloscopus occipitalis,Western Crowned Warbler,0.7909,psl6,2024,05,11,08
234.0,237.0,Phylloscopus humei,Hume's Warbler,0.6575,psl6,2024,05,11,08
249.0,252.0,Phylloscopus humei,Hume's Warbler,0.5121,psl6,2024,05,11,08
276.0,279.0,Phylloscopus occipitalis,Western Crowned Warbler,0.755,psl6,2024,05,11,08
306.0,309.0,Phylloscopus humei,Hume's Warbler,0.7698,psl6,2024,05,11,08
309.0,312.0,Phylloscopus humei,Hume's Warbler,0.8314,psl6,2024,05,11,08
321.0,324.0,Phylloscopus occipitalis,Western Crowned Warbler,0.7537,psl6,2024,05,11,08
330.0,333.0,Phylloscopus affinis,Tickell's Leaf Warbler,0.5261,psl6,2024,05,11,08
342.0,345.0,Phylloscopus occipitalis,Western Crowned Warbler,0.6983,psl6,2024,05,11,08
360.0,363.0,Phylloscopus humei,Hume's Warbler,0.5171,psl6,2024,05,11,08
396.0,399.0,Trochalopteron variegatum,Variegated Laughingthrush,0.5179,psl6,2024,05,11,08
444.0,447.0,Trochalopteron variegatum,Variegated Laughingthrush,0.519,psl6,2024,05,11,08
447.0,450.0,Trochalopteron variegatum,Variegated Laughingthrush,0.7564,psl6,2024,05,11,08
459.0,462.0,Trochalopteron affine,Black-faced Laughingthrush,0.6511,psl6,2024,05,11,08
474.0,477.0,Trochalopteron variegatum,Variegated Laughingthrush,0.7437,psl6,2024,05,11,08
480.0,483.0,Trochalopteron variegatum,Variegated Laughingthrush,0.6787,psl6,2024,05,11,08
483.0,486.0,Trochalopteron variegatum,Variegated Laughingthrush,0.5138,psl6,2024,05,11,08
486.0,489.0,Trochalopteron variegatum,Variegated Laughingthrush,0.8201,psl6,2024,05,11,08
498.0,501.0,Trochalopteron variegatum,Variegated Laughingthrush,0.8943,psl6,2024,05,11,08
504.0,507.0,Trochalopteron variegatum,Variegated Laughingthrush,0.7648,psl6,2024,05,11,08
522.0,525.0,Trochalopteron variegatum,Variegated Laughingthrush,0.6715,psl6,2024,05,11,08
528.0,531.0,Trochalopteron variegatum,Variegated Laughingthrush,0.839,psl6,2024,05,11,08
549.0,552.0,Trochalopteron affine,Black-faced Laughingthrush,0.5166,psl6,2024,05,11,08
603.0,606.0,Trochalopteron variegatum,Variegated Laughingthrush,0.6415,psl6,2024,05,11,08
606.0,609.0,Phylloscopus humei,Hume's Warbler,0.9204,psl6,2024,05,11,08
618.0,621.0,Trochalopteron affine,Black-faced Laughingthrush,0.5298,psl6,2024,05,11,08
624.0,627.0,Trochalopteron affine,Black-faced Laughingthrush,0.7679,psl6,2024,05,11,08
630.0,633.0,Trochalopteron variegatum,Variegated Laughingthrush,0.6343,psl6,2024,05,11,08
630.0,633.0,Trochalopteron affine,Black-faced Laughingthrush,0.5264,psl6,2024,05,11,08
642.0,645.0,Trochalopteron affine,Black-faced Laughingthrush,0.9009,psl6,2024,05,11,08
660.0,663.0,Phylloscopus humei,Hume's Warbler,0.6603,psl6,2024,05,11,08
678.0,681.0,Phylloscopus humei,Hume's Warbler,0.6962,psl6,2024,05,11,08
693.0,696.0,Phylloscopus humei,Hume's Warbler,0.8478,psl6,2024,05,11,08
696.0,699.0,Phylloscopus humei,Hume's Warbler,0.6688,psl6,2024,05,11,08
708.0,711.0,Phylloscopus humei,Hume's Warbler,0.7935,psl6,2024,05,11,08
720.0,723.0,Phylloscopus humei,Hume's Warbler,0.7007,psl6,2024,05,11,08
738.0,741.0,Phylloscopus humei,Hume's Warbler,0.9466,psl6,2024,05,11,08
744.0,747.0,Phylloscopus humei,Hume's Warbler,0.9591,psl6,2024,05,11,08
747.0,750.0,Phylloscopus humei,Hume's Warbler,0.5706,psl6,2024,05,11,08
750.0,753.0,Phylloscopus humei,Hume's Warbler,0.6881,psl6,2024,05,11,08
762.0,765.0,Phylloscopus humei,Hume's Warbler,0.6482,psl6,2024,05,11,08
117.0,120.0,Phylloscopus humei,Hume's Warbler,0.878,psl6,2024,05,11,09
120.0,123.0,Phylloscopus humei,Hume's Warbler,0.7835,psl6,2024,05,11,09
162.0,165.0,Phylloscopus humei,Hume's Warbler,0.9891,psl6,2024,05,11,09
165.0,168.0,Phylloscopus humei,Hume's Warbler,0.6578,psl6,2024,05,11,09
168.0,171.0,Phylloscopus humei,Hume's Warbler,0.8891,psl6,2024,05,11,09
171.0,174.0,Phylloscopus humei,Hume's Warbler,0.8479,psl6,2024,05,11,09
174.0,177.0,Phylloscopus humei,Hume's Warbler,0.8632,psl6,2024,05,11,09
177.0,180.0,Phylloscopus humei,Hume's Warbler,0.9378,psl6,2024,05,11,09
186.0,189.0,Phylloscopus humei,Hume's Warbler,0.6803,psl6,2024,05,11,09
189.0,192.0,Phylloscopus humei,Hume's Warbler,0.9111,psl6,2024,05,11,09
192.0,195.0,Phylloscopus humei,Hume's Warbler,0.5204,psl6,2024,05,11,09
198.0,201.0,Phylloscopus humei,Hume's Warbler,0.5737,psl6,2024,05,11,09
201.0,204.0,Phylloscopus humei,Hume's Warbler,0.9581,psl6,2024,05,11,09
204.0,207.0,Phylloscopus humei,Hume's Warbler,0.6785,psl6,2024,05,11,09
210.0,213.0,Phylloscopus humei,Hume's Warbler,0.9083,psl6,2024,05,11,09
213.0,216.0,Phylloscopus humei,Hume's Warbler,0.916,psl6,2024,05,11,09
225.0,228.0,Phylloscopus humei,Hume's Warbler,0.555,psl6,2024,05,11,09
228.0,231.0,Phylloscopus humei,Hume's Warbler,0.8916,psl6,2024,05,11,09
249.0,252.0,Phylloscopus humei,Hume's Warbler,0.6038,psl6,2024,05,11,09
252.0,255.0,Phylloscopus humei,Hume's Warbler,0.9011,psl6,2024,05,11,09
258.0,261.0,Phylloscopus humei,Hume's Warbler,0.657,psl6,2024,05,11,09
264.0,267.0,Phylloscopus humei,Hume's Warbler,0.7963,psl6,2024,05,11,09
267.0,270.0,Phylloscopus humei,Hume's Warbler,0.7962,psl6,2024,05,11,09
270.0,273.0,Phylloscopus humei,Hume's Warbler,0.8747,psl6,2024,05,11,09
273.0,276.0,Phylloscopus humei,Hume's Warbler,0.9832,psl6,2024,05,11,09
276.0,279.0,Phylloscopus humei,Hume's Warbler,0.5825,psl6,2024,05,11,09
279.0,282.0,Phylloscopus humei,Hume's Warbler,0.7593,psl6,2024,05,11,09
282.0,285.0,Phylloscopus humei,Hume's Warbler,0.7214,psl6,2024,05,11,09
294.0,297.0,Phylloscopus humei,Hume's Warbler,0.503,psl6,2024,05,11,09
306.0,309.0,Troglodytes pacificus,Pacific Wren,0.5266,psl6,2024,05,11,09
360.0,363.0,Troglodytes pacificus,Pacific Wren,0.6034,psl6,2024,05,11,09
402.0,405.0,Phylloscopus humei,Hume's Warbler,0.5645,psl6,2024,05,11,09
414.0,417.0,Phylloscopus humei,Hume's Warbler,0.9781,psl6,2024,05,11,09
657.0,660.0,Troglodytes pacificus,Pacific Wren,0.6157,psl6,2024,05,11,09
666.0,669.0,Phylloscopus humei,Hume's Warbler,0.7494,psl6,2024,05,11,09
678.0,681.0,Phylloscopus humei,Hume's Warbler,0.8775,psl6,2024,05,11,09
684.0,687.0,Phylloscopus humei,Hume's Warbler,0.8855,psl6,2024,05,11,09
690.0,693.0,Phylloscopus humei,Hume's Warbler,0.9354,psl6,2024,05,11,09
693.0,696.0,Phylloscopus humei,Hume's Warbler,0.68,psl6,2024,05,11,09
696.0,699.0,Phylloscopus humei,Hume's Warbler,0.7109,psl6,2024,05,11,09
699.0,702.0,Phylloscopus humei,Hume's Warbler,0.8932,psl6,2024,05,11,09
702.0,705.0,Phylloscopus humei,Hume's Warbler,0.7542,psl6,2024,05,11,09
711.0,714.0,Phylloscopus humei,Hume's Warbler,0.6618,psl6,2024,05,11,09
717.0,720.0,Phylloscopus humei,Hume's Warbler,0.9209,psl6,2024,05,11,09
720.0,723.0,Phylloscopus humei,Hume's Warbler,0.8861,psl6,2024,05,11,09
729.0,732.0,Phylloscopus humei,Hume's Warbler,0.6031,psl6,2024,05,11,09
738.0,741.0,Phylloscopus humei,Hume's Warbler,0.9579,psl6,2024,05,11,09
768.0,771.0,Phylloscopus humei,Hume's Warbler,0.9024,psl6,2024,05,11,09
783.0,786.0,Catharus bicknelli,Bicknell's Thrush,0.5871,psl6,2024,05,11,09
789.0,792.0,Phylloscopus humei,Hume's Warbler,0.5933,psl6,2024,05,11,09
801.0,804.0,Phylloscopus humei,Hume's Warbler,0.7061,psl6,2024,05,11,09
825.0,828.0,Zosterops simplex,Swinhoe's White-eye,0.5196,psl6,2024,05,11,09
849.0,852.0,Phylloscopus humei,Hume's Warbler,0.9342,psl6,2024,05,11,09
852.0,855.0,Phylloscopus humei,Hume's Warbler,0.976,psl6,2024,05,11,09
891.0,894.0,Phylloscopus humei,Hume's Warbler,0.5696,psl6,2024,05,11,09
3.0,6.0,Phylloscopus occipitalis,Western Crowned Warbler,0.6773,psl6,2024,05,12,06
3.0,6.0,Callacanthis burtoni,Spectacled Finch,0.523,psl6,2024,05,12,06
9.0,12.0,Phylloscopus occipitalis,Western Crowned Warbler,0.6031,psl6,2024,05,12,06
18.0,21.0,Phylloscopus humei,Hume's Warbler,0.5593,psl6,2024,05,12,06
33.0,36.0,Phylloscopus humei,Hume's Warbler,0.7792,psl6,2024,05,12,06
39.0,42.0,Phylloscopus humei,Hume's Warbler,0.661,psl6,2024,05,12,06
48.0,51.0,Phylloscopus humei,Hume's Warbler,0.5059,psl6,2024,05,12,06
54.0,57.0,Phylloscopus humei,Hume's Warbler,0.8945,psl6,2024,05,12,06
60.0,63.0,Phylloscopus humei,Hume's Warbler,0.5513,psl6,2024,05,12,06
69.0,72.0,Phylloscopus occipitalis,Western Crowned Warbler,0.5207,psl6,2024,05,12,06
75.0,78.0,Phylloscopus humei,Hume's Warbler,0.6621,psl6,2024,05,12,06
75.0,78.0,Trochalopteron variegatum,Variegated Laughingthrush,0.5572,psl6,2024,05,12,06
87.0,90.0,Trochalopteron variegatum,Variegated Laughingthrush,0.8452,psl6,2024,05,12,06
120.0,123.0,Trochalopteron variegatum,Variegated Laughingthrush,0.5081,psl6,2024,05,12,06
159.0,162.0,Phylloscopus humei,Hume's Warbler,0.5416,psl6,2024,05,12,06
177.0,180.0,Phylloscopus humei,Hume's Warbler,0.5096,psl6,2024,05,12,06
180.0,183.0,Phylloscopus humei,Hume's Warbler,0.8543,psl6,2024,05,12,06
189.0,192.0,Phylloscopus humei,Hume's Warbler,0.6033,psl6,2024,05,12,06
201.0,204.0,Tarsiger rufilatus,Himalayan Bluetail,0.7417,psl6,2024,05,12,06
204.0,207.0,Tarsiger rufilatus,Himalayan Bluetail,0.7024,psl6,2024,05,12,06
207.0,210.0,Phylloscopus occipitalis,Western Crowned Warbler,0.7386,psl6,2024,05,12,06
216.0,219.0,Prunella strophiata,Rufous-breasted Accentor,0.8647,psl6,2024,05,12,06
216.0,219.0,Calliope pectardens,Firethroat,0.5617,psl6,2024,05,12,06
219.0,222.0,Prunella strophiata,Rufous-breasted Accentor,0.8791,psl6,2024,05,12,06
219.0,222.0,Calliope pectardens,Firethroat,0.6499,psl6,2024,05,12,06
222.0,225.0,Prunella strophiata,Rufous-breasted Accentor,0.9527,psl6,2024,05,12,06
231.0,234.0,Tarsiger rufilatus,Himalayan Bluetail,0.677,psl6,2024,05,12,06
246.0,249.0,Prunella strophiata,Rufous-breasted Accentor,0.8481,psl6,2024,05,12,06
264.0,267.0,Calliope pectardens,Firethroat,0.7905,psl6,2024,05,12,06
264.0,267.0,Tarsiger rufilatus,Himalayan Bluetail,0.6796,psl6,2024,05,12,06
264.0,267.0,Prunella strophiata,Rufous-breasted Accentor,0.5158,psl6,2024,05,12,06
270.0,273.0,Calliope pectardens,Firethroat,0.7111,psl6,2024,05,12,06
273.0,276.0,Prunella strophiata,Rufous-breasted Accentor,0.9407,psl6,2024,05,12,06
276.0,279.0,Prunella strophiata,Rufous-breasted Accentor,0.9826,psl6,2024,05,12,06
279.0,282.0,Prunella strophiata,Rufous-breasted Accentor,0.6104,psl6,2024,05,12,06
291.0,294.0,Calliope pectardens,Firethroat,0.687,psl6,2024,05,12,06
297.0,300.0,Prunella strophiata,Rufous-breasted Accentor,0.7788,psl6,2024,05,12,06
300.0,303.0,Prunella strophiata,Rufous-breasted Accentor,0.8271,psl6,2024,05,12,06
300.0,303.0,Calliope pectardens,Firethroat,0.7449,psl6,2024,05,12,06
300.0,303.0,Tarsiger rufilatus,Himalayan Bluetail,0.5545,psl6,2024,05,12,06
303.0,306.0,Prunella strophiata,Rufous-breasted Accentor,0.7893,psl6,2024,05,12,06
309.0,312.0,Phylloscopus occipitalis,Western Crowned Warbler,0.5512,psl6,2024,05,12,06
321.0,324.0,Tarsiger rufilatus,Himalayan Bluetail,0.7434,psl6,2024,05,12,06
324.0,327.0,Phylloscopus occipitalis,Western Crowned Warbler,0.7786,psl6,2024,05,12,06
339.0,342.0,Phylloscopus occipitalis,Western Crowned Warbler,0.8742,psl6,2024,05,12,06
348.0,351.0,Phylloscopus occipitalis,Western Crowned Warbler,0.7454,psl6,2024,05,12,06
360.0,363.0,Prunella strophiata,Rufous-breasted Accentor,0.5221,psl6,2024,05,12,06
369.0,372.0,Prunella strophiata,Rufous-breasted Accentor,0.9177,psl6,2024,05,12,06
372.0,375.0,Prunella strophiata,Rufous-breasted Accentor,0.728,psl6,2024,05,12,06
375.0,378.0,Prunella strophiata,Rufous-breasted Accentor,0.5554,psl6,2024,05,12,06
378.0,381.0,Phylloscopus occipitalis,Western Crowned Warbler,0.574,psl6,2024,05,12,06
393.0,396.0,Phylloscopus occipitalis,Western Crowned Warbler,0.8715,psl6,2024,05,12,06
402.0,405.0,Phylloscopus occipitalis,Western Crowned Warbler,0.9254,psl6,2024,05,12,06
408.0,411.0,Phylloscopus occipitalis,Western Crowned Warbler,0.7367,psl6,2024,05,12,06
426.0,429.0,Prunella strophiata,Rufous-breasted Accentor,0.9386,psl6,2024,05,12,06
429.0,432.0,Prunella strophiata,Rufous-breasted Accentor,0.8656,psl6,2024,05,12,06
432.0,435.0,Prunella strophiata,Rufous-breasted Accentor,0.7035,psl6,2024,05,12,06
450.0,453.0,Phylloscopus occipitalis,Western Crowned Warbler,0.7848,psl6,2024,05,12,06
456.0,459.0,Phylloscopus occipitalis,Western Crowned Warbler,0.697,psl6,2024,05,12,06
483.0,486.0,Phylloscopus humei,Hume's Warbler,0.8743,psl6,2024,05,12,06
513.0,516.0,Phylloscopus occipitalis,Western Crowned Warbler,0.9942,psl6,2024,05,12,06
516.0,519.0,Brachyramphus marmoratus,Marbled Murrelet,0.5941,psl6,2024,05,12,06
591.0,594.0,Phylloscopus humei,Hume's Warbler,0.867,psl6,2024,05,12,06
594.0,597.0,Phylloscopus humei,Hume's Warbler,0.5928,psl6,2024,05,12,06
654.0,657.0,Calliope pectardens,Firethroat,0.7964,psl6,2024,05,12,06
675.0,678.0,Calliope pectardens,Firethroat,0.5596,psl6,2024,05,12,06
678.0,681.0,Calliope pectardens,Firethroat,0.9632,psl6,2024,05,12,06
687.0,690.0,Tarsiger rufilatus,Himalayan Bluetail,0.827,psl6,2024,05,12,06
687.0,690.0,Calliope pectardens,Firethroat,0.6364,psl6,2024,05,12,06
693.0,696.0,Tarsiger rufilatus,Himalayan Bluetail,0.8953,psl6,2024,05,12,06
693.0,696.0,Calliope pectardens,Firethroat,0.5762,psl6,2024,05,12,06
699.0,702.0,Tarsiger rufilatus,Himalayan Bluetail,0.9328,psl6,2024,05,12,06
699.0,702.0,Calliope pectardens,Firethroat,0.8636,psl6,2024,05,12,06
702.0,705.0,Phylloscopus humei,Hume's Warbler,0.8999,psl6,2024,05,12,06
705.0,708.0,Tarsiger rufilatus,Himalayan Bluetail,0.5474,psl6,2024,05,12,06
711.0,714.0,Phylloscopus occipitalis,Western Crowned Warbler,0.5028,psl6,2024,05,12,06
717.0,720.0,Calliope pectardens,Firethroat,0.9171,psl6,2024,05,12,06
717.0,720.0,Tarsiger rufilatus,Himalayan Bluetail,0.701,psl6,2024,05,12,06
720.0,723.0,Phylloscopus occipitalis,Western Crowned Warbler,0.9341,psl6,2024,05,12,06
723.0,726.0,Phylloscopus occipitalis,Western Crowned Warbler,0.6459,psl6,2024,05,12,06
726.0,729.0,Calliope pectardens,Firethroat,0.8096,psl6,2024,05,12,06
735.0,738.0,Phylloscopus occipitalis,Western Crowned Warbler,0.7193,psl6,2024,05,12,06
750.0,753.0,Phylloscopus occipitalis,Western Crowned Warbler,0.5331,psl6,2024,05,12,06
771.0,774.0,Phylloscopus occipitalis,Western Crowned Warbler,0.7321,psl6,2024,05,12,06
774.0,777.0,Phylloscopus reguloides,Blyth's Leaf Warbler,0.7939,psl6,2024,05,12,06
780.0,783.0,Phylloscopus occipitalis,Western Crowned Warbler,0.7564,psl6,2024,05,12,06
786.0,789.0,Phylloscopus occipitalis,Western Crowned Warbler,0.6259,psl6,2024,05,12,06
795.0,798.0,Calliope pectardens,Firethroat,0.681,psl6,2024,05,12,06
813.0,816.0,Phylloscopus occipitalis,Western Crowned Warbler,0.8674,psl6,2024,05,12,06
819.0,822.0,Phylloscopus occipitalis,Western Crowned Warbler,0.8126,psl6,2024,05,12,06
822.0,825.0,Phylloscopus occipitalis,Western Crowned Warbler,0.7188,psl6,2024,05,12,06
825.0,828.0,Phylloscopus occipitalis,Western Crowned Warbler,0.9411,psl6,2024,05,12,06
828.0,831.0,Phylloscopus occipitalis,Western Crowned Warbler,0.9644,psl6,2024,05,12,06
837.0,840.0,Phylloscopus occipitalis,Western Crowned Warbler,0.9862,psl6,2024,05,12,06
840.0,843.0,Phylloscopus occipitalis,Western Crowned Warbler,0.9791,psl6,2024,05,12,06
846.0,849.0,Phylloscopus occipitalis,Western Crowned Warbler,0.9965,psl6,2024,05,12,06
852.0,855.0,Phylloscopus occipitalis,Western Crowned Warbler,0.9107,psl6,2024,05,12,06
855.0,858.0,Phylloscopus occipitalis,Western Crowned Warbler,0.947,psl6,2024,05,12,06
861.0,864.0,Phylloscopus occipitalis,Western Crowned Warbler,0.9635,psl6,2024,05,12,06
867.0,870.0,Phylloscopus occipitalis,Western Crowned Warbler,0.9426,psl6,2024,05,12,06
870.0,873.0,Phylloscopus occipitalis,Western Crowned Warbler,0.9865,psl6,2024,05,12,06
870.0,873.0,Phylloscopus reguloides,Blyth's Leaf Warbler,0.5273,psl6,2024,05,12,06
876.0,879.0,Phylloscopus occipitalis,Western Crowned Warbler,0.9737,psl6,2024,05,12,06
882.0,885.0,Phylloscopus occipitalis,Western Crowned Warbler,0.9574,psl6,2024,05,12,06
885.0,888.0,Phylloscopus occipitalis,Western Crowned Warbler,0.9082,psl6,2024,05,12,06
897.0,900.0,Phylloscopus occipitalis,Western Crowned Warbler,0.9626,psl6,2024,05,12,06
0.0,3.0,Prunella strophiata,Rufous-breasted Accentor,0.9773,psl6,2024,05,12,07
3.0,6.0,Prunella strophiata,Rufous-breasted Accentor,0.8437,psl6,2024,05,12,07
6.0,9.0,Prunella strophiata,Rufous-breasted Accentor,0.9648,psl6,2024,05,12,07
9.0,12.0,Prunella strophiata,Rufous-breasted Accentor,0.694,psl6,2024,05,12,07
12.0,15.0,Prunella strophiata,Rufous-breasted Accentor,0.9244,psl6,2024,05,12,07
15.0,18.0,Prunella strophiata,Rufous-breasted Accentor,0.97,psl6,2024,05,12,07
18.0,21.0,Prunella strophiata,Rufous-breasted Accentor,0.9336,psl6,2024,05,12,07
21.0,24.0,Prunella strophiata,Rufous-breasted Accentor,0.6413,psl6,2024,05,12,07
27.0,30.0,Luscinia phaenicuroides,White-bellied Redstart,0.5173,psl6,2024,05,12,07
36.0,39.0,Phylloscopus humei,Hume's Warbler,0.5702,psl6,2024,05,12,07
39.0,42.0,Phylloscopus humei,Hume's Warbler,0.7,psl6,2024,05,12,07
42.0,45.0,Prunella strophiata,Rufous-breasted Accentor,0.9954,psl6,2024,05,12,07
51.0,54.0,Phylloscopus humei,Hume's Warbler,0.5068,psl6,2024,05,12,07
54.0,57.0,Phylloscopus humei,Hume's Warbler,0.5136,psl6,2024,05,12,07
60.0,63.0,Phylloscopus humei,Hume's Warbler,0.5093,psl6,2024,05,12,07
93.0,96.0,Phylloscopus humei,Hume's Warbler,0.6932,psl6,2024,05,12,07
108.0,111.0,Phylloscopus humei,Hume's Warbler,0.9989,psl6,2024,05,12,07
129.0,132.0,Phylloscopus humei,Hume's Warbler,0.7421,psl6,2024,05,12,07
138.0,141.0,Phylloscopus humei,Hume's Warbler,0.7366,psl6,2024,05,12,07
147.0,150.0,Phylloscopus occipitalis,Western Crowned Warbler,0.7345,psl6,2024,05,12,07
201.0,204.0,Phylloscopus humei,Hume's Warbler,0.5003,psl6,2024,05,12,07
207.0,210.0,Phylloscopus occipitalis,Western Crowned Warbler,0.687,psl6,2024,05,12,07
219.0,222.0,Phylloscopus humei,Hume's Warbler,0.7874,psl6,2024,05,12,07
225.0,228.0,Phylloscopus humei,Hume's Warbler,0.8091,psl6,2024,05,12,07
234.0,237.0,Phylloscopus humei,Hume's Warbler,0.553,psl6,2024,05,12,07
243.0,246.0,Phylloscopus humei,Hume's Warbler,0.5298,psl6,2024,05,12,07
279.0,282.0,Phylloscopus occipitalis,Western Crowned Warbler,0.5194,psl6,2024,05,12,07
291.0,294.0,Phylloscopus occipitalis,Western Crowned Warbler,0.6953,psl6,2024,05,12,07
309.0,312.0,Phylloscopus humei,Hume's Warbler,0.824,psl6,2024,05,12,07
330.0,333.0,Phylloscopus humei,Hume's Warbler,0.8154,psl6,2024,05,12,07
333.0,336.0,Phylloscopus humei,Hume's Warbler,0.8148,psl6,2024,05,12,07
336.0,339.0,Phylloscopus occipitalis,Western Crowned Warbler,0.7536,psl6,2024,05,12,07
357.0,360.0,Phylloscopus occipitalis,Western Crowned Warbler,0.9146,psl6,2024,05,12,07
363.0,366.0,Phylloscopus occipitalis,Western Crowned Warbler,0.6997,psl6,2024,05,12,07
369.0,372.0,Phylloscopus occipitalis,Western Crowned Warbler,0.7486,psl6,2024,05,12,07
375.0,378.0,Phylloscopus occipitalis,Western Crowned Warbler,0.5074,psl6,2024,05,12,07
444.0,447.0,Carpodacus erythrinus,Common Rosefinch,0.7654,psl6,2024,05,12,07
453.0,456.0,Phylloscopus occipitalis,Western Crowned Warbler,0.5743,psl6,2024,05,12,07
468.0,471.0,Phylloscopus occipitalis,Western Crowned Warbler,0.6248,psl6,2024,05,12,07
471.0,474.0,Carpodacus erythrinus,Common Rosefinch,0.7666,psl6,2024,05,12,07
483.0,486.0,Phylloscopus occipitalis,Western Crowned Warbler,0.7172,psl6,2024,05,12,07
489.0,492.0,Phylloscopus occipitalis,Western Crowned Warbler,0.7789,psl6,2024,05,12,07
492.0,495.0,Phylloscopus occipitalis,Western Crowned Warbler,0.5991,psl6,2024,05,12,07
498.0,501.0,Phylloscopus occipitalis,Western Crowned Warbler,0.7835,psl6,2024,05,12,07
522.0,525.0,Phylloscopus occipitalis,Western Crowned Warbler,0.5565,psl6,2024,05,12,07
534.0,537.0,Phylloscopus occipitalis,Western Crowned Warbler,0.9453,psl6,2024,05,12,07
546.0,549.0,Phylloscopus occipitalis,Western Crowned Warbler,0.5456,psl6,2024,05,12,07
561.0,564.0,Phylloscopus occipitalis,Western Crowned Warbler,0.5031,psl6,2024,05,12,07
567.0,570.0,Phylloscopus occipitalis,Western Crowned Warbler,0.7921,psl6,2024,05,12,07
618.0,621.0,Phylloscopus humei,Hume's Warbler,0.9905,psl6,2024,05,12,07
627.0,630.0,Phylloscopus occipitalis,Western Crowned Warbler,0.7602,psl6,2024,05,12,07
630.0,633.0,Phylloscopus humei,Hume's Warbler,0.7218,psl6,2024,05,12,07
666.0,669.0,Phylloscopus humei,Hume's Warbler,0.6382,psl6,2024,05,12,07
723.0,726.0,Phylloscopus humei,Hume's Warbler,0.7465,psl6,2024,05,12,07
726.0,729.0,Phylloscopus humei,Hume's Warbler,0.6706,psl6,2024,05,12,07
729.0,732.0,Phylloscopus occipitalis,Western Crowned Warbler,0.6355,psl6,2024,05,12,07
735.0,738.0,Phylloscopus humei,Hume's Warbler,0.6311,psl6,2024,05,12,07
747.0,750.0,Phylloscopus humei,Hume's Warbler,0.7418,psl6,2024,05,12,07
783.0,786.0,Phylloscopus humei,Hume's Warbler,0.7229,psl6,2024,05,12,07
813.0,816.0,Phylloscopus humei,Hume's Warbler,0.5608,psl6,2024,05,12,07
888.0,891.0,Phylloscopus occipitalis,Western Crowned Warbler,0.7523,psl6,2024,05,12,07
3.0,6.0,Phylloscopus occipitalis,Western Crowned Warbler,0.8494,psl6,2024,05,12,08
9.0,12.0,Phylloscopus occipitalis,Western Crowned Warbler,0.8307,psl6,2024,05,12,08
15.0,18.0,Phylloscopus occipitalis,Western Crowned Warbler,0.8091,psl6,2024,05,12,08
24.0,27.0,Phylloscopus occipitalis,Western Crowned Warbler,0.5022,psl6,2024,05,12,08
33.0,36.0,Phylloscopus humei,Hume's Warbler,0.5736,psl6,2024,05,12,08
36.0,39.0,Phylloscopus occipitalis,Western Crowned Warbler,0.5777,psl6,2024,05,12,08
39.0,42.0,Phylloscopus occipitalis,Western Crowned Warbler,0.6454,psl6,2024,05,12,08
45.0,48.0,Phylloscopus occipitalis,Western Crowned Warbler,0.6838,psl6,2024,05,12,08
51.0,54.0,Phylloscopus occipitalis,Western Crowned Warbler,0.6486,psl6,2024,05,12,08
54.0,57.0,Luscinia phaenicuroides,White-bellied Redstart,0.7259,psl6,2024,05,12,08
66.0,69.0,Phylloscopus occipitalis,Western Crowned Warbler,0.9184,psl6,2024,05,12,08
84.0,87.0,Phylloscopus occipitalis,Western Crowned Warbler,0.8608,psl6,2024,05,12,08
90.0,93.0,Phylloscopus humei,Hume's Warbler,0.6777,psl6,2024,05,12,08
93.0,96.0,Phylloscopus occipitalis,Western Crowned Warbler,0.5412,psl6,2024,05,12,08
102.0,105.0,Phylloscopus occipitalis,Western Crowned Warbler,0.6375,psl6,2024,05,12,08
108.0,111.0,Phylloscopus occipitalis,Western Crowned Warbler,0.8283,psl6,2024,05,12,08
123.0,126.0,Phylloscopus occipitalis,Western Crowned Warbler,0.9213,psl6,2024,05,12,08
132.0,135.0,Phylloscopus occipitalis,Western Crowned Warbler,0.7824,psl6,2024,05,12,08
138.0,141.0,Phylloscopus occipitalis,Western Crowned Warbler,0.6341,psl6,2024,05,12,08
147.0,150.0,Phylloscopus occipitalis,Western Crowned Warbler,0.9177,psl6,2024,05,12,08
162.0,165.0,Phylloscopus occipitalis,Western Crowned Warbler,0.7189,psl6,2024,05,12,08
189.0,192.0,Prunella strophiata,Rufous-breasted Accentor,0.5238,psl6,2024,05,12,08
198.0,201.0,Phylloscopus occipitalis,Western Crowned Warbler,0.5737,psl6,2024,05,12,08
207.0,210.0,Phylloscopus occipitalis,Western Crowned Warbler,0.5767,psl6,2024,05,12,08
213.0,216.0,Phylloscopus occipitalis,Western Crowned Warbler,0.8071,psl6,2024,05,12,08
222.0,225.0,Phylloscopus occipitalis,Western Crowned Warbler,0.6961,psl6,2024,05,12,08
240.0,243.0,Phylloscopus occipitalis,Western Crowned Warbler,0.5647,psl6,2024,05,12,08
246.0,249.0,Phylloscopus occipitalis,Western Crowned Warbler,0.6804,psl6,2024,05,12,08
270.0,273.0,Phylloscopus occipitalis,Western Crowned Warbler,0.7071,psl6,2024,05,12,08
282.0,285.0,Phylloscopus occipitalis,Western Crowned Warbler,0.6795,psl6,2024,05,12,08
318.0,321.0,Phylloscopus occipitalis,Western Crowned Warbler,0.7715,psl6,2024,05,12,08
327.0,330.0,Trochalopteron variegatum,Variegated Laughingthrush,0.565,psl6,2024,05,12,08
357.0,360.0,Trochalopteron variegatum,Variegated Laughingthrush,0.9345,psl6,2024,05,12,08
375.0,378.0,Trochalopteron variegatum,Variegated Laughingthrush,0.958,psl6,2024,05,12,08
381.0,384.0,Trochalopteron variegatum,Variegated Laughingthrush,0.851,psl6,2024,05,12,08
417.0,420.0,Phylloscopus occipitalis,Western Crowned Warbler,0.539,psl6,2024,05,12,08
420.0,423.0,Phylloscopus humei,Hume's Warbler,0.5699,psl6,2024,05,12,08
429.0,432.0,Phylloscopus occipitalis,Western Crowned Warbler,0.7338,psl6,2024,05,12,08
438.0,441.0,Tarsiger rufilatus,Himalayan Bluetail,0.5914,psl6,2024,05,12,08
453.0,456.0,Phylloscopus occipitalis,Western Crowned Warbler,0.7473,psl6,2024,05,12,08
465.0,468.0,Phylloscopus humei,Hume's Warbler,0.6597,psl6,2024,05,12,08
486.0,489.0,Phylloscopus humei,Hume's Warbler,0.6393,psl6,2024,05,12,08
492.0,495.0,Phylloscopus occipitalis,Western Crowned Warbler,0.5621,psl6,2024,05,12,08
504.0,507.0,Phylloscopus occipitalis,Western Crowned Warbler,0.7457,psl6,2024,05,12,08
510.0,513.0,Phylloscopus humei,Hume's Warbler,0.5238,psl6,2024,05,12,08
516.0,519.0,Phylloscopus humei,Hume's Warbler,0.8594,psl6,2024,05,12,08
519.0,522.0,Phylloscopus humei,Hume's Warbler,0.9758,psl6,2024,05,12,08
522.0,525.0,Phylloscopus humei,Hume's Warbler,0.8528,psl6,2024,05,12,08
534.0,537.0,Phylloscopus humei,Hume's Warbler,0.8727,psl6,2024,05,12,08
537.0,540.0,Phylloscopus humei,Hume's Warbler,0.9554,psl6,2024,05,12,08
543.0,546.0,Phylloscopus humei,Hume's Warbler,0.7827,psl6,2024,05,12,08
546.0,549.0,Phylloscopus humei,Hume's Warbler,0.9384,psl6,2024,05,12,08
558.0,561.0,Phylloscopus humei,Hume's Warbler,0.7315,psl6,2024,05,12,08
561.0,564.0,Phylloscopus humei,Hume's Warbler,0.7713,psl6,2024,05,12,08
567.0,570.0,Phylloscopus humei,Hume's Warbler,0.8264,psl6,2024,05,12,08
579.0,582.0,Phylloscopus humei,Hume's Warbler,0.505,psl6,2024,05,12,08
591.0,594.0,Phylloscopus humei,Hume's Warbler,0.5363,psl6,2024,05,12,08
609.0,612.0,Phylloscopus occipitalis,Western Crowned Warbler,0.7663,psl6,2024,05,12,08
612.0,615.0,Phylloscopus humei,Hume's Warbler,0.8584,psl6,2024,05,12,08
615.0,618.0,Phylloscopus occipitalis,Western Crowned Warbler,0.7822,psl6,2024,05,12,08
621.0,624.0,Phylloscopus humei,Hume's Warbler,0.8671,psl6,2024,05,12,08
636.0,639.0,Phylloscopus occipitalis,Western Crowned Warbler,0.7128,psl6,2024,05,12,08
645.0,648.0,Phylloscopus occipitalis,Western Crowned Warbler,0.6856,psl6,2024,05,12,08
657.0,660.0,Phylloscopus occipitalis,Western Crowned Warbler,0.6804,psl6,2024,05,12,08
669.0,672.0,Phylloscopus occipitalis,Western Crowned Warbler,0.7953,psl6,2024,05,12,08
684.0,687.0,Phylloscopus occipitalis,Western Crowned Warbler,0.9357,psl6,2024,05,12,08
693.0,696.0,Phylloscopus occipitalis,Western Crowned Warbler,0.8769,psl6,2024,05,12,08
699.0,702.0,Phylloscopus humei,Hume's Warbler,0.5339,psl6,2024,05,12,08
720.0,723.0,Phylloscopus occipitalis,Western Crowned Warbler,0.7651,psl6,2024,05,12,08
729.0,732.0,Phylloscopus occipitalis,Western Crowned Warbler,0.7644,psl6,2024,05,12,08
732.0,735.0,Phylloscopus occipitalis,Western Crowned Warbler,0.6568,psl6,2024,05,12,08
744.0,747.0,Phylloscopus occipitalis,Western Crowned Warbler,0.9177,psl6,2024,05,12,08
747.0,750.0,Phylloscopus occipitalis,Western Crowned Warbler,0.5391,psl6,2024,05,12,08
765.0,768.0,Phylloscopus occipitalis,Western Crowned Warbler,0.5998,psl6,2024,05,12,08
786.0,789.0,Phylloscopus occipitalis,Western Crowned Warbler,0.9802,psl6,2024,05,12,08
810.0,813.0,Phylloscopus humei,Hume's Warbler,0.8403,psl6,2024,05,12,08
813.0,816.0,Phylloscopus occipitalis,Western Crowned Warbler,0.9354,psl6,2024,05,12,08
825.0,828.0,Phylloscopus occipitalis,Western Crowned Warbler,0.753,psl6,2024,05,12,08
834.0,837.0,Phylloscopus occipitalis,Western Crowned Warbler,0.9135,psl6,2024,05,12,08
867.0,870.0,Phylloscopus occipitalis,Western Crowned Warbler,0.8791,psl6,2024,05,12,08
894.0,897.0,Phylloscopus occipitalis,Western Crowned Warbler,0.6426,psl6,2024,05,12,08
30.0,33.0,Troglodytes pacificus,Pacific Wren,0.5094,psl6,2024,05,12,09
138.0,141.0,Phylloscopus occipitalis,Western Crowned Warbler,0.5139,psl6,2024,05,12,09
402.0,405.0,Phylloscopus humei,Hume's Warbler,0.9217,psl6,2024,05,12,09
420.0,423.0,Trochalopteron variegatum,Variegated Laughingthrush,0.9984,psl6,2024,05,12,09
420.0,423.0,Trochalopteron affine,Black-faced Laughingthrush,0.5673,psl6,2024,05,12,09
432.0,435.0,Phylloscopus humei,Hume's Warbler,0.7614,psl6,2024,05,12,09
435.0,438.0,Trochalopteron variegatum,Variegated Laughingthrush,0.9925,psl6,2024,05,12,09
435.0,438.0,Trochalopteron affine,Black-faced Laughingthrush,0.6958,psl6,2024,05,12,09
444.0,447.0,Trochalopteron variegatum,Variegated Laughingthrush,0.9983,psl6,2024,05,12,09
462.0,465.0,Phylloscopus humei,Hume's Warbler,0.7835,psl6,2024,05,12,09
468.0,471.0,Phylloscopus humei,Hume's Warbler,0.7477,psl6,2024,05,12,09
567.0,570.0,Phylloscopus occipitalis,Western Crowned Warbler,0.6208,psl6,2024,05,12,09
594.0,597.0,Phylloscopus humei,Hume's Warbler,0.562,psl6,2024,05,12,09
717.0,720.0,Phylloscopus occipitalis,Western Crowned Warbler,0.8119,psl6,2024,05,12,09
0.0,3.0,Phylloscopus humei,Hume's Warbler,0.8209,psl6,2024,05,13,06
12.0,15.0,Phylloscopus humei,Hume's Warbler,0.7568,psl6,2024,05,13,06
15.0,18.0,Phylloscopus humei,Hume's Warbler,0.6172,psl6,2024,05,13,06
21.0,24.0,Phylloscopus humei,Hume's Warbler,0.5543,psl6,2024,05,13,06
30.0,33.0,Phylloscopus humei,Hume's Warbler,0.9264,psl6,2024,05,13,06
36.0,39.0,Phylloscopus humei,Hume's Warbler,0.8396,psl6,2024,05,13,06
39.0,42.0,Phylloscopus humei,Hume's Warbler,0.5563,psl6,2024,05,13,06
42.0,45.0,Phylloscopus humei,Hume's Warbler,0.9092,psl6,2024,05,13,06
45.0,48.0,Phylloscopus humei,Hume's Warbler,0.6165,psl6,2024,05,13,06
48.0,51.0,Phylloscopus humei,Hume's Warbler,0.9198,psl6,2024,05,13,06
51.0,54.0,Phylloscopus humei,Hume's Warbler,0.8788,psl6,2024,05,13,06
57.0,60.0,Phylloscopus humei,Hume's Warbler,0.9668,psl6,2024,05,13,06
63.0,66.0,Phylloscopus humei,Hume's Warbler,0.8598,psl6,2024,05,13,06
69.0,72.0,Phylloscopus humei,Hume's Warbler,0.697,psl6,2024,05,13,06
72.0,75.0,Phylloscopus humei,Hume's Warbler,0.7171,psl6,2024,05,13,06
90.0,93.0,Phylloscopus humei,Hume's Warbler,0.635,psl6,2024,05,13,06
96.0,99.0,Phylloscopus humei,Hume's Warbler,0.7051,psl6,2024,05,13,06
99.0,102.0,Phylloscopus humei,Hume's Warbler,0.8849,psl6,2024,05,13,06
108.0,111.0,Phylloscopus humei,Hume's Warbler,0.6856,psl6,2024,05,13,06
111.0,114.0,Phylloscopus humei,Hume's Warbler,0.5208,psl6,2024,05,13,06
117.0,120.0,Phylloscopus humei,Hume's Warbler,0.891,psl6,2024,05,13,06
135.0,138.0,Phylloscopus humei,Hume's Warbler,0.6415,psl6,2024,05,13,06
138.0,141.0,Phylloscopus humei,Hume's Warbler,0.7167,psl6,2024,05,13,06
144.0,147.0,Phylloscopus humei,Hume's Warbler,0.9165,psl6,2024,05,13,06
150.0,153.0,Phylloscopus humei,Hume's Warbler,0.5565,psl6,2024,05,13,06
153.0,156.0,Phylloscopus humei,Hume's Warbler,0.8865,psl6,2024,05,13,06
159.0,162.0,Phylloscopus humei,Hume's Warbler,0.7073,psl6,2024,05,13,06
162.0,165.0,Phylloscopus humei,Hume's Warbler,0.9212,psl6,2024,05,13,06
225.0,228.0,Prunella strophiata,Rufous-breasted Accentor,0.5921,psl6,2024,05,13,06
228.0,231.0,Prunella strophiata,Rufous-breasted Accentor,0.6591,psl6,2024,05,13,06
231.0,234.0,Prunella strophiata,Rufous-breasted Accentor,0.6253,psl6,2024,05,13,06
246.0,249.0,Prunella strophiata,Rufous-breasted Accentor,0.5916,psl6,2024,05,13,06
246.0,249.0,Ficedula parva,Red-breasted Flycatcher,0.582,psl6,2024,05,13,06
270.0,273.0,Pinicola enucleator,Pine Grosbeak,0.5488,psl6,2024,05,13,06
309.0,312.0,Phylloscopus humei,Hume's Warbler,0.7026,psl6,2024,05,13,06
309.0,312.0,Trochalopteron variegatum,Variegated Laughingthrush,0.5232,psl6,2024,05,13,06
312.0,315.0,Trochalopteron variegatum,Variegated Laughingthrush,0.7339,psl6,2024,05,13,06
315.0,318.0,Trochalopteron variegatum,Variegated Laughingthrush,0.9884,psl6,2024,05,13,06
321.0,324.0,Trochalopteron variegatum,Variegated Laughingthrush,0.5305,psl6,2024,05,13,06
327.0,330.0,Haemorhous cassinii,Cassin's Finch,0.7217,psl6,2024,05,13,06
342.0,345.0,Phylloscopus humei,Hume's Warbler,0.713,psl6,2024,05,13,06
345.0,348.0,Phylloscopus humei,Hume's Warbler,0.5678,psl6,2024,05,13,06
351.0,354.0,Trochalopteron variegatum,Variegated Laughingthrush,0.5808,psl6,2024,05,13,06
351.0,354.0,Phylloscopus humei,Hume's Warbler,0.5065,psl6,2024,05,13,06
357.0,360.0,Phylloscopus humei,Hume's Warbler,0.7177,psl6,2024,05,13,06
360.0,363.0,Phylloscopus humei,Hume's Warbler,0.6324,psl6,2024,05,13,06
363.0,366.0,Phylloscopus humei,Hume's Warbler,0.8456,psl6,2024,05,13,06
366.0,369.0,Phylloscopus humei,Hume's Warbler,0.9131,psl6,2024,05,13,06
372.0,375.0,Phylloscopus humei,Hume's Warbler,0.9564,psl6,2024,05,13,06
375.0,378.0,Phylloscopus humei,Hume's Warbler,0.6425,psl6,2024,05,13,06
381.0,384.0,Phylloscopus humei,Hume's Warbler,0.9786,psl6,2024,05,13,06
384.0,387.0,Phylloscopus humei,Hume's Warbler,0.7712,psl6,2024,05,13,06
396.0,399.0,Phylloscopus humei,Hume's Warbler,0.8561,psl6,2024,05,13,06
402.0,405.0,Phylloscopus humei,Hume's Warbler,0.6949,psl6,2024,05,13,06
408.0,411.0,Phylloscopus humei,Hume's Warbler,0.7371,psl6,2024,05,13,06
411.0,414.0,Phylloscopus humei,Hume's Warbler,0.6814,psl6,2024,05,13,06
417.0,420.0,Phylloscopus humei,Hume's Warbler,0.6176,psl6,2024,05,13,06
444.0,447.0,Phylloscopus humei,Hume's Warbler,0.5914,psl6,2024,05,13,06
453.0,456.0,Trochalopteron variegatum,Variegated Laughingthrush,0.5947,psl6,2024,05,13,06
459.0,462.0,Trochalopteron variegatum,Variegated Laughingthrush,0.5634,psl6,2024,05,13,06
462.0,465.0,Trochalopteron variegatum,Variegated Laughingthrush,0.9732,psl6,2024,05,13,06
468.0,471.0,Phylloscopus humei,Hume's Warbler,0.6819,psl6,2024,05,13,06
477.0,480.0,Trochalopteron variegatum,Variegated Laughingthrush,0.9296,psl6,2024,05,13,06
483.0,486.0,Trochalopteron variegatum,Variegated Laughingthrush,0.7724,psl6,2024,05,13,06
489.0,492.0,Trochalopteron variegatum,Variegated Laughingthrush,0.6106,psl6,2024,05,13,06
519.0,522.0,Trochalopteron variegatum,Variegated Laughingthrush,0.8467,psl6,2024,05,13,06
612.0,615.0,Phylloscopus humei,Hume's Warbler,0.894,psl6,2024,05,13,06
627.0,630.0,Phylloscopus humei,Hume's Warbler,0.8534,psl6,2024,05,13,06
633.0,636.0,Trochalopteron variegatum,Variegated Laughingthrush,0.7285,psl6,2024,05,13,06
639.0,642.0,Phylloscopus humei,Hume's Warbler,0.7129,psl6,2024,05,13,06
657.0,660.0,Phylloscopus humei,Hume's Warbler,0.6271,psl6,2024,05,13,06
669.0,672.0,Phylloscopus humei,Hume's Warbler,0.661,psl6,2024,05,13,06
675.0,678.0,Phylloscopus humei,Hume's Warbler,0.6704,psl6,2024,05,13,06
678.0,681.0,Phylloscopus humei,Hume's Warbler,0.8547,psl6,2024,05,13,06
681.0,684.0,Phylloscopus humei,Hume's Warbler,0.7491,psl6,2024,05,13,06
684.0,687.0,Phylloscopus humei,Hume's Warbler,0.8623,psl6,2024,05,13,06
711.0,714.0,Phylloscopus humei,Hume's Warbler,0.81,psl6,2024,05,13,06
756.0,759.0,Phylloscopus humei,Hume's Warbler,0.7662,psl6,2024,05,13,06
774.0,777.0,Phylloscopus humei,Hume's Warbler,0.7815,psl6,2024,05,13,06
783.0,786.0,Phylloscopus humei,Hume's Warbler,0.749,psl6,2024,05,13,06
786.0,789.0,Phylloscopus humei,Hume's Warbler,0.8142,psl6,2024,05,13,06
789.0,792.0,Phylloscopus humei,Hume's Warbler,0.9053,psl6,2024,05,13,06
792.0,795.0,Phylloscopus humei,Hume's Warbler,0.5055,psl6,2024,05,13,06
798.0,801.0,Phylloscopus humei,Hume's Warbler,0.7779,psl6,2024,05,13,06
801.0,804.0,Phylloscopus humei,Hume's Warbler,0.5744,psl6,2024,05,13,06
819.0,822.0,Phylloscopus humei,Hume's Warbler,0.7278,psl6,2024,05,13,06
828.0,831.0,Phylloscopus humei,Hume's Warbler,0.5056,psl6,2024,05,13,06
846.0,849.0,Phylloscopus humei,Hume's Warbler,0.9019,psl6,2024,05,13,06
855.0,858.0,Phylloscopus humei,Hume's Warbler,0.8149,psl6,2024,05,13,06
858.0,861.0,Phylloscopus humei,Hume's Warbler,0.8798,psl6,2024,05,13,06
882.0,885.0,Phylloscopus humei,Hume's Warbler,0.572,psl6,2024,05,13,06
0.0,3.0,Prunella strophiata,Rufous-breasted Accentor,0.8264,psl6,2024,05,13,07
3.0,6.0,Prunella strophiata,Rufous-breasted Accentor,0.995,psl6,2024,05,13,07
6.0,9.0,Prunella strophiata,Rufous-breasted Accentor,0.9741,psl6,2024,05,13,07
9.0,12.0,Prunella strophiata,Rufous-breasted Accentor,0.993,psl6,2024,05,13,07
12.0,15.0,Prunella strophiata,Rufous-breasted Accentor,0.8096,psl6,2024,05,13,07
15.0,18.0,Prunella strophiata,Rufous-breasted Accentor,0.6214,psl6,2024,05,13,07
24.0,27.0,Prunella strophiata,Rufous-breasted Accentor,0.8706,psl6,2024,05,13,07
33.0,36.0,Ficedula parva,Red-breasted Flycatcher,0.7306,psl6,2024,05,13,07
39.0,42.0,Prunella strophiata,Rufous-breasted Accentor,0.8237,psl6,2024,05,13,07
42.0,45.0,Prunella strophiata,Rufous-breasted Accentor,0.6699,psl6,2024,05,13,07
111.0,114.0,Phylloscopus humei,Hume's Warbler,0.7193,psl6,2024,05,13,07
171.0,174.0,Phylloscopus humei,Hume's Warbler,0.8611,psl6,2024,05,13,07
174.0,177.0,Anthus trivialis,Tree Pipit,0.5407,psl6,2024,05,13,07
177.0,180.0,Phylloscopus humei,Hume's Warbler,0.9768,psl6,2024,05,13,07
180.0,183.0,Trochalopteron variegatum,Variegated Laughingthrush,0.8269,psl6,2024,05,13,07
183.0,186.0,Phylloscopus humei,Hume's Warbler,0.5849,psl6,2024,05,13,07
186.0,189.0,Trochalopteron variegatum,Variegated Laughingthrush,0.8428,psl6,2024,05,13,07
186.0,189.0,Phylloscopus humei,Hume's Warbler,0.6229,psl6,2024,05,13,07
189.0,192.0,Trochalopteron variegatum,Variegated Laughingthrush,0.9985,psl6,2024,05,13,07
195.0,198.0,Trochalopteron variegatum,Variegated Laughingthrush,0.8679,psl6,2024,05,13,07
201.0,204.0,Trochalopteron variegatum,Variegated Laughingthrush,0.9415,psl6,2024,05,13,07
204.0,207.0,Phylloscopus humei,Hume's Warbler,0.8131,psl6,2024,05,13,07
210.0,213.0,Trochalopteron variegatum,Variegated Laughingthrush,0.9617,psl6,2024,05,13,07
216.0,219.0,Trochalopteron variegatum,Variegated Laughingthrush,0.9907,psl6,2024,05,13,07
222.0,225.0,Trochalopteron variegatum,Variegated Laughingthrush,0.9867,psl6,2024,05,13,07
225.0,228.0,Trochalopteron variegatum,Variegated Laughingthrush,0.5599,psl6,2024,05,13,07
228.0,231.0,Trochalopteron variegatum,Variegated Laughingthrush,0.8932,psl6,2024,05,13,07
231.0,234.0,Trochalopteron variegatum,Variegated Laughingthrush,0.9714,psl6,2024,05,13,07
237.0,240.0,Trochalopteron variegatum,Variegated Laughingthrush,0.6759,psl6,2024,05,13,07
243.0,246.0,Trochalopteron variegatum,Variegated Laughingthrush,0.7999,psl6,2024,05,13,07
246.0,249.0,Trochalopteron variegatum,Variegated Laughingthrush,0.8781,psl6,2024,05,13,07
252.0,255.0,Trochalopteron variegatum,Variegated Laughingthrush,0.9378,psl6,2024,05,13,07
252.0,255.0,Trochalopteron erythrocephalum,Chestnut-crowned Laughingthrush,0.6311,psl6,2024,05,13,07
255.0,258.0,Trochalopteron variegatum,Variegated Laughingthrush,0.6469,psl6,2024,05,13,07
261.0,264.0,Trochalopteron variegatum,Variegated Laughingthrush,0.9884,psl6,2024,05,13,07
267.0,270.0,Trochalopteron variegatum,Variegated Laughingthrush,0.9858,psl6,2024,05,13,07
273.0,276.0,Trochalopteron variegatum,Variegated Laughingthrush,0.9929,psl6,2024,05,13,07
279.0,282.0,Trochalopteron variegatum,Variegated Laughingthrush,0.9888,psl6,2024,05,13,07
303.0,306.0,Trochalopteron variegatum,Variegated Laughingthrush,0.9188,psl6,2024,05,13,07
306.0,309.0,Trochalopteron variegatum,Variegated Laughingthrush,0.95,psl6,2024,05,13,07
312.0,315.0,Trochalopteron variegatum,Variegated Laughingthrush,0.9391,psl6,2024,05,13,07
315.0,318.0,Trochalopteron variegatum,Variegated Laughingthrush,0.8202,psl6,2024,05,13,07
318.0,321.0,Trochalopteron variegatum,Variegated Laughingthrush,0.5202,psl6,2024,05,13,07
321.0,324.0,Trochalopteron variegatum,Variegated Laughingthrush,0.8971,psl6,2024,05,13,07
333.0,336.0,Phylloscopus humei,Hume's Warbler,0.5018,psl6,2024,05,13,07
336.0,339.0,Phylloscopus humei,Hume's Warbler,0.5371,psl6,2024,05,13,07
357.0,360.0,Trochalopteron variegatum,Variegated Laughingthrush,0.8273,psl6,2024,05,13,07
360.0,363.0,Prunella strophiata,Rufous-breasted Accentor,0.8551,psl6,2024,05,13,07
363.0,366.0,Trochalopteron variegatum,Variegated Laughingthrush,0.7609,psl6,2024,05,13,07
363.0,366.0,Trochalopteron affine,Black-faced Laughingthrush,0.6263,psl6,2024,05,13,07
369.0,372.0,Trochalopteron variegatum,Variegated Laughingthrush,0.9429,psl6,2024,05,13,07
384.0,387.0,Trochalopteron affine,Black-faced Laughingthrush,0.651,psl6,2024,05,13,07
384.0,387.0,Trochalopteron variegatum,Variegated Laughingthrush,0.578,psl6,2024,05,13,07
387.0,390.0,Trochalopteron variegatum,Variegated Laughingthrush,0.6316,psl6,2024,05,13,07
408.0,411.0,Trochalopteron affine,Black-faced Laughingthrush,0.6207,psl6,2024,05,13,07
417.0,420.0,Trochalopteron variegatum,Variegated Laughingthrush,0.6098,psl6,2024,05,13,07
432.0,435.0,Trochalopteron variegatum,Variegated Laughingthrush,0.7083,psl6,2024,05,13,07
465.0,468.0,Trochalopteron variegatum,Variegated Laughingthrush,0.7205,psl6,2024,05,13,07
468.0,471.0,Trochalopteron variegatum,Variegated Laughingthrush,0.6347,psl6,2024,05,13,07
477.0,480.0,Trochalopteron variegatum,Variegated Laughingthrush,0.7083,psl6,2024,05,13,07
537.0,540.0,Phylloscopus humei,Hume's Warbler,0.6631,psl6,2024,05,13,07
552.0,555.0,Phylloscopus humei,Hume's Warbler,0.6153,psl6,2024,05,13,07
555.0,558.0,Phylloscopus humei,Hume's Warbler,0.7306,psl6,2024,05,13,07
561.0,564.0,Phylloscopus humei,Hume's Warbler,0.5338,psl6,2024,05,13,07
567.0,570.0,Phylloscopus humei,Hume's Warbler,0.6151,psl6,2024,05,13,07
573.0,576.0,Phylloscopus humei,Hume's Warbler,0.5462,psl6,2024,05,13,07
576.0,579.0,Phylloscopus humei,Hume's Warbler,0.65,psl6,2024,05,13,07
582.0,585.0,Phylloscopus humei,Hume's Warbler,0.5729,psl6,2024,05,13,07
588.0,591.0,Phylloscopus humei,Hume's Warbler,0.9053,psl6,2024,05,13,07
591.0,594.0,Phylloscopus humei,Hume's Warbler,0.6252,psl6,2024,05,13,07
594.0,597.0,Phylloscopus humei,Hume's Warbler,0.8781,psl6,2024,05,13,07
597.0,600.0,Phylloscopus humei,Hume's Warbler,0.9054,psl6,2024,05,13,07
600.0,603.0,Phylloscopus humei,Hume's Warbler,0.8442,psl6,2024,05,13,07
606.0,609.0,Phylloscopus humei,Hume's Warbler,0.5641,psl6,2024,05,13,07
609.0,612.0,Phylloscopus humei,Hume's Warbler,0.7829,psl6,2024,05,13,07
621.0,624.0,Phylloscopus humei,Hume's Warbler,0.9437,psl6,2024,05,13,07
636.0,639.0,Phylloscopus humei,Hume's Warbler,0.8333,psl6,2024,05,13,07
639.0,642.0,Trochalopteron variegatum,Variegated Laughingthrush,0.517,psl6,2024,05,13,07
687.0,690.0,Phylloscopus humei,Hume's Warbler,0.6741,psl6,2024,05,13,07
696.0,699.0,Phylloscopus humei,Hume's Warbler,0.5474,psl6,2024,05,13,07
702.0,705.0,Phylloscopus humei,Hume's Warbler,0.9007,psl6,2024,05,13,07
705.0,708.0,Phylloscopus humei,Hume's Warbler,0.637,psl6,2024,05,13,07
714.0,717.0,Phylloscopus humei,Hume's Warbler,0.7856,psl6,2024,05,13,07
723.0,726.0,Phylloscopus humei,Hume's Warbler,0.6835,psl6,2024,05,13,07
732.0,735.0,Phylloscopus humei,Hume's Warbler,0.7478,psl6,2024,05,13,07
738.0,741.0,Phylloscopus humei,Hume's Warbler,0.6533,psl6,2024,05,13,07
744.0,747.0,Phylloscopus humei,Hume's Warbler,0.8467,psl6,2024,05,13,07
765.0,768.0,Phylloscopus humei,Hume's Warbler,0.8633,psl6,2024,05,13,07
780.0,783.0,Phylloscopus humei,Hume's Warbler,0.8448,psl6,2024,05,13,07
858.0,861.0,Phylloscopus humei,Hume's Warbler,0.9114,psl6,2024,05,13,07
867.0,870.0,Phylloscopus humei,Hume's Warbler,0.8814,psl6,2024,05,13,07
876.0,879.0,Phylloscopus humei,Hume's Warbler,0.8207,psl6,2024,05,13,07
879.0,882.0,Phylloscopus humei,Hume's Warbler,0.765,psl6,2024,05,13,07
882.0,885.0,Phylloscopus humei,Hume's Warbler,0.5746,psl6,2024,05,13,07
891.0,894.0,Phylloscopus humei,Hume's Warbler,0.5727,psl6,2024,05,13,07
894.0,897.0,Phylloscopus humei,Hume's Warbler,0.8112,psl6,2024,05,13,07
897.0,900.0,Phylloscopus humei,Hume's Warbler,0.9066,psl6,2024,05,13,07
69.0,72.0,Phylloscopus humei,Hume's Warbler,0.5945,psl6,2024,05,13,08
96.0,99.0,Phylloscopus humei,Hume's Warbler,0.9506,psl6,2024,05,13,08
108.0,111.0,Phylloscopus humei,Hume's Warbler,0.7206,psl6,2024,05,13,08
111.0,114.0,Phylloscopus humei,Hume's Warbler,0.5783,psl6,2024,05,13,08
120.0,123.0,Phylloscopus humei,Hume's Warbler,0.8,psl6,2024,05,13,08
144.0,147.0,Phylloscopus humei,Hume's Warbler,0.5417,psl6,2024,05,13,08
159.0,162.0,Phylloscopus humei,Hume's Warbler,0.8434,psl6,2024,05,13,08
162.0,165.0,Phylloscopus humei,Hume's Warbler,0.9378,psl6,2024,05,13,08
168.0,171.0,Phylloscopus humei,Hume's Warbler,0.8847,psl6,2024,05,13,08
171.0,174.0,Phylloscopus humei,Hume's Warbler,0.601,psl6,2024,05,13,08
174.0,177.0,Phylloscopus humei,Hume's Warbler,0.8475,psl6,2024,05,13,08
177.0,180.0,Phylloscopus humei,Hume's Warbler,0.841,psl6,2024,05,13,08
183.0,186.0,Phylloscopus humei,Hume's Warbler,0.705,psl6,2024,05,13,08
210.0,213.0,Phylloscopus humei,Hume's Warbler,0.5877,psl6,2024,05,13,08
222.0,225.0,Phylloscopus humei,Hume's Warbler,0.6222,psl6,2024,05,13,08
330.0,333.0,Phylloscopus humei,Hume's Warbler,0.8129,psl6,2024,05,13,08
360.0,363.0,Trochalopteron variegatum,Variegated Laughingthrush,0.6915,psl6,2024,05,13,08
426.0,429.0,Anthus hodgsoni,Olive-backed Pipit,0.903,psl6,2024,05,13,08
429.0,432.0,Anthus hodgsoni,Olive-backed Pipit,0.9516,psl6,2024,05,13,08
591.0,594.0,Phylloscopus humei,Hume's Warbler,0.786,psl6,2024,05,13,08
660.0,663.0,Phylloscopus humei,Hume's Warbler,0.9231,psl6,2024,05,13,08
678.0,681.0,Phylloscopus humei,Hume's Warbler,0.7241,psl6,2024,05,13,08
690.0,693.0,Phylloscopus humei,Hume's Warbler,0.9546,psl6,2024,05,13,08
690.0,693.0,Tarsiger rufilatus,Himalayan Bluetail,0.5981,psl6,2024,05,13,08
723.0,726.0,Phylloscopus humei,Hume's Warbler,0.5638,psl6,2024,05,13,08
807.0,810.0,Phylloscopus humei,Hume's Warbler,0.6378,psl6,2024,05,13,08
0.0,3.0,Phylloscopus humei,Hume's Warbler,0.6627,psl6,2024,05,13,09
111.0,114.0,Phylloscopus humei,Hume's Warbler,0.5919,psl6,2024,05,13,09
147.0,150.0,Phylloscopus humei,Hume's Warbler,0.9175,psl6,2024,05,13,09
150.0,153.0,Tachycineta euchrysea,Golden Swallow,0.531,psl6,2024,05,13,09
171.0,174.0,Phylloscopus humei,Hume's Warbler,0.7248,psl6,2024,05,13,09
183.0,186.0,Phylloscopus humei,Hume's Warbler,0.6439,psl6,2024,05,13,09
189.0,192.0,Phylloscopus humei,Hume's Warbler,0.8953,psl6,2024,05,13,09
198.0,201.0,Phylloscopus humei,Hume's Warbler,0.5394,psl6,2024,05,13,09
219.0,222.0,Phylloscopus humei,Hume's Warbler,0.685,psl6,2024,05,13,09
264.0,267.0,Phylloscopus humei,Hume's Warbler,0.9443,psl6,2024,05,13,09
342.0,345.0,Tachycineta euchrysea,Golden Swallow,0.5956,psl6,2024,05,13,09
426.0,429.0,Turdus iliacus,Redwing,0.7984,psl6,2024,05,13,09
540.0,543.0,Phylloscopus humei,Hume's Warbler,0.5187,psl6,2024,05,13,09
606.0,609.0,Phylloscopus humei,Hume's Warbler,0.6685,psl6,2024,05,13,09
630.0,633.0,Phylloscopus humei,Hume's Warbler,0.5321,psl6,2024,05,13,09
816.0,819.0,Phylloscopus humei,Hume's Warbler,0.7816,psl6,2024,05,13,09
819.0,822.0,Phylloscopus humei,Hume's Warbler,0.809,psl6,2024,05,13,09
861.0,864.0,Phylloscopus humei,Hume's Warbler,0.7518,psl6,2024,05,13,09
0.0,3.0,Phylloscopus occipitalis,Western Crowned Warbler,0.8767,psl6,2024,05,14,06
6.0,9.0,Phylloscopus occipitalis,Western Crowned Warbler,0.7943,psl6,2024,05,14,06
12.0,15.0,Phylloscopus occipitalis,Western Crowned Warbler,0.611,psl6,2024,05,14,06
21.0,24.0,Phylloscopus occipitalis,Western Crowned Warbler,0.7445,psl6,2024,05,14,06
30.0,33.0,Phylloscopus occipitalis,Western Crowned Warbler,0.8908,psl6,2024,05,14,06
33.0,36.0,Phylloscopus occipitalis,Western Crowned Warbler,0.9101,psl6,2024,05,14,06
42.0,45.0,Phylloscopus occipitalis,Western Crowned Warbler,0.9201,psl6,2024,05,14,06
45.0,48.0,Lophorina superba,Greater Lophorina,0.7057,psl6,2024,05,14,06
54.0,57.0,Phylloscopus occipitalis,Western Crowned Warbler,0.7341,psl6,2024,05,14,06
60.0,63.0,Lophorina superba,Greater Lophorina,0.5344,psl6,2024,05,14,06
81.0,84.0,Phylloscopus occipitalis,Western Crowned Warbler,0.5286,psl6,2024,05,14,06
105.0,108.0,Phylloscopus occipitalis,Western Crowned Warbler,0.9919,psl6,2024,05,14,06
108.0,111.0,Phylloscopus occipitalis,Western Crowned Warbler,0.7201,psl6,2024,05,14,06
114.0,117.0,Phylloscopus occipitalis,Western Crowned Warbler,0.9415,psl6,2024,05,14,06
120.0,123.0,Phylloscopus occipitalis,Western Crowned Warbler,0.9689,psl6,2024,05,14,06
123.0,126.0,Phylloscopus occipitalis,Western Crowned Warbler,0.9716,psl6,2024,05,14,06
129.0,132.0,Phylloscopus occipitalis,Western Crowned Warbler,0.9337,psl6,2024,05,14,06
138.0,141.0,Phylloscopus occipitalis,Western Crowned Warbler,0.9633,psl6,2024,05,14,06
144.0,147.0,Phylloscopus occipitalis,Western Crowned Warbler,0.9551,psl6,2024,05,14,06
147.0,150.0,Phylloscopus occipitalis,Western Crowned Warbler,0.9628,psl6,2024,05,14,06
153.0,156.0,Phylloscopus occipitalis,Western Crowned Warbler,0.9988,psl6,2024,05,14,06
156.0,159.0,Phylloscopus occipitalis,Western Crowned Warbler,0.966,psl6,2024,05,14,06
162.0,165.0,Phylloscopus occipitalis,Western Crowned Warbler,0.9901,psl6,2024,05,14,06
171.0,174.0,Phylloscopus occipitalis,Western Crowned Warbler,0.8513,psl6,2024,05,14,06
174.0,177.0,Phylloscopus occipitalis,Western Crowned Warbler,0.9048,psl6,2024,05,14,06
180.0,183.0,Phylloscopus occipitalis,Western Crowned Warbler,0.9657,psl6,2024,05,14,06
186.0,189.0,Phylloscopus occipitalis,Western Crowned Warbler,0.8573,psl6,2024,05,14,06
189.0,192.0,Phylloscopus occipitalis,Western Crowned Warbler,0.6283,psl6,2024,05,14,06
195.0,198.0,Phylloscopus occipitalis,Western Crowned Warbler,0.8711,psl6,2024,05,14,06
210.0,213.0,Phylloscopus occipitalis,Western Crowned Warbler,0.8413,psl6,2024,05,14,06
219.0,222.0,Phylloscopus occipitalis,Western Crowned Warbler,0.8828,psl6,2024,05,14,06
225.0,228.0,Phylloscopus occipitalis,Western Crowned Warbler,0.5644,psl6,2024,05,14,06
234.0,237.0,Phylloscopus occipitalis,Western Crowned Warbler,0.806,psl6,2024,05,14,06
240.0,243.0,Phylloscopus occipitalis,Western Crowned Warbler,0.6074,psl6,2024,05,14,06
243.0,246.0,Phylloscopus humei,Hume's Warbler,0.9323,psl6,2024,05,14,06
246.0,249.0,Phylloscopus occipitalis,Western Crowned Warbler,0.7223,psl6,2024,05,14,06
258.0,261.0,Phylloscopus occipitalis,Western Crowned Warbler,0.5539,psl6,2024,05,14,06
273.0,276.0,Phylloscopus occipitalis,Western Crowned Warbler,0.5885,psl6,2024,05,14,06
306.0,309.0,Phylloscopus occipitalis,Western Crowned Warbler,0.5632,psl6,2024,05,14,06
324.0,327.0,Phylloscopus occipitalis,Western Crowned Warbler,0.8525,psl6,2024,05,14,06
333.0,336.0,Prunella strophiata,Rufous-breasted Accentor,0.5571,psl6,2024,05,14,06
339.0,342.0,Prunella strophiata,Rufous-breasted Accentor,0.707,psl6,2024,05,14,06
342.0,345.0,Prunella strophiata,Rufous-breasted Accentor,0.5219,psl6,2024,05,14,06
345.0,348.0,Prunella strophiata,Rufous-breasted Accentor,0.9569,psl6,2024,05,14,06
348.0,351.0,Prunella strophiata,Rufous-breasted Accentor,0.9335,psl6,2024,05,14,06
351.0,354.0,Prunella strophiata,Rufous-breasted Accentor,0.6406,psl6,2024,05,14,06
354.0,357.0,Prunella strophiata,Rufous-breasted Accentor,0.7289,psl6,2024,05,14,06
357.0,360.0,Prunella strophiata,Rufous-breasted Accentor,0.5455,psl6,2024,05,14,06
360.0,363.0,Prunella strophiata,Rufous-breasted Accentor,0.8856,psl6,2024,05,14,06
363.0,366.0,Prunella strophiata,Rufous-breasted Accentor,0.9491,psl6,2024,05,14,06
366.0,369.0,Prunella strophiata,Rufous-breasted Accentor,0.8815,psl6,2024,05,14,06
369.0,372.0,Prunella strophiata,Rufous-breasted Accentor,0.9782,psl6,2024,05,14,06
372.0,375.0,Prunella strophiata,Rufous-breasted Accentor,0.933,psl6,2024,05,14,06
381.0,384.0,Carpodacus erythrinus,Common Rosefinch,0.7939,psl6,2024,05,14,06
384.0,387.0,Phylloscopus occipitalis,Western Crowned Warbler,0.817,psl6,2024,05,14,06
390.0,393.0,Phylloscopus occipitalis,Western Crowned Warbler,0.7475,psl6,2024,05,14,06
405.0,408.0,Phylloscopus occipitalis,Western Crowned Warbler,0.6258,psl6,2024,05,14,06
411.0,414.0,Phylloscopus occipitalis,Western Crowned Warbler,0.501,psl6,2024,05,14,06
423.0,426.0,Phylloscopus occipitalis,Western Crowned Warbler,0.7253,psl6,2024,05,14,06
429.0,432.0,Phylloscopus occipitalis,Western Crowned Warbler,0.7037,psl6,2024,05,14,06
435.0,438.0,Phylloscopus occipitalis,Western Crowned Warbler,0.6016,psl6,2024,05,14,06
444.0,447.0,Phylloscopus occipitalis,Western Crowned Warbler,0.9665,psl6,2024,05,14,06
447.0,450.0,Phylloscopus humei,Hume's Warbler,0.5317,psl6,2024,05,14,06
459.0,462.0,Phylloscopus occipitalis,Western Crowned Warbler,0.7125,psl6,2024,05,14,06
462.0,465.0,Phylloscopus humei,Hume's Warbler,0.7737,psl6,2024,05,14,06
468.0,471.0,Phylloscopus occipitalis,Western Crowned Warbler,0.676,psl6,2024,05,14,06
471.0,474.0,Carpodacus erythrinus,Common Rosefinch,0.8105,psl6,2024,05,14,06
471.0,474.0,Leptopoecile sophiae,White-browed Tit-Warbler,0.6031,psl6,2024,05,14,06
474.0,477.0,Phylloscopus occipitalis,Western Crowned Warbler,0.6179,psl6,2024,05,14,06
477.0,480.0,Phylloscopus occipitalis,Western Crowned Warbler,0.5125,psl6,2024,05,14,06
480.0,483.0,Phylloscopus humei,Hume's Warbler,0.7387,psl6,2024,05,14,06
507.0,510.0,Phylloscopus occipitalis,Western Crowned Warbler,0.8687,psl6,2024,05,14,06
519.0,522.0,Phylloscopus humei,Hume's Warbler,0.8257,psl6,2024,05,14,06
543.0,546.0,Phylloscopus humei,Hume's Warbler,0.6696,psl6,2024,05,14,06
546.0,549.0,Phylloscopus occipitalis,Western Crowned Warbler,0.8737,psl6,2024,05,14,06
549.0,552.0,Phylloscopus humei,Hume's Warbler,0.6494,psl6,2024,05,14,06
600.0,603.0,Prunella strophiata,Rufous-breasted Accentor,0.8215,psl6,2024,05,14,06
603.0,606.0,Prunella strophiata,Rufous-breasted Accentor,0.9925,psl6,2024,05,14,06
606.0,609.0,Prunella strophiata,Rufous-breasted Accentor,0.9494,psl6,2024,05,14,06
612.0,615.0,Prunella strophiata,Rufous-breasted Accentor,0.9419,psl6,2024,05,14,06
615.0,618.0,Prunella strophiata,Rufous-breasted Accentor,0.9389,psl6,2024,05,14,06
618.0,621.0,Prunella strophiata,Rufous-breasted Accentor,0.9582,psl6,2024,05,14,06
621.0,624.0,Prunella strophiata,Rufous-breasted Accentor,0.7925,psl6,2024,05,14,06
624.0,627.0,Prunella strophiata,Rufous-breasted Accentor,0.8827,psl6,2024,05,14,06
627.0,630.0,Prunella strophiata,Rufous-breasted Accentor,0.9193,psl6,2024,05,14,06
630.0,633.0,Prunella strophiata,Rufous-breasted Accentor,0.9233,psl6,2024,05,14,06
633.0,636.0,Prunella strophiata,Rufous-breasted Accentor,0.8961,psl6,2024,05,14,06
636.0,639.0,Prunella strophiata,Rufous-breasted Accentor,0.9337,psl6,2024,05,14,06
645.0,648.0,Carpodacus erythrinus,Common Rosefinch,0.6731,psl6,2024,05,14,06
663.0,666.0,Phylloscopus humei,Hume's Warbler,0.5879,psl6,2024,05,14,06
741.0,744.0,Phylloscopus occipitalis,Western Crowned Warbler,0.6242,psl6,2024,05,14,06
747.0,750.0,Prunella strophiata,Rufous-breasted Accentor,0.6018,psl6,2024,05,14,06
750.0,753.0,Phylloscopus occipitalis,Western Crowned Warbler,0.6091,psl6,2024,05,14,06
771.0,774.0,Phylloscopus occipitalis,Western Crowned Warbler,0.5658,psl6,2024,05,14,06
786.0,789.0,Phylloscopus humei,Hume's Warbler,0.7503,psl6,2024,05,14,06
789.0,792.0,Prunella strophiata,Rufous-breasted Accentor,0.8735,psl6,2024,05,14,06
792.0,795.0,Prunella strophiata,Rufous-breasted Accentor,0.7912,psl6,2024,05,14,06
798.0,801.0,Prunella strophiata,Rufous-breasted Accentor,0.791,psl6,2024,05,14,06
807.0,810.0,Phylloscopus occipitalis,Western Crowned Warbler,0.7443,psl6,2024,05,14,06
816.0,819.0,Phylloscopus occipitalis,Western Crowned Warbler,0.505,psl6,2024,05,14,06
822.0,825.0,Phylloscopus occipitalis,Western Crowned Warbler,0.5961,psl6,2024,05,14,06
828.0,831.0,Phylloscopus occipitalis,Western Crowned Warbler,0.8485,psl6,2024,05,14,06
864.0,867.0,Trochalopteron variegatum,Variegated Laughingthrush,0.58,psl6,2024,05,14,06
885.0,888.0,Prunella strophiata,Rufous-breasted Accentor,0.8058,psl6,2024,05,14,06
891.0,894.0,Prunella modularis,Dunnock,0.5448,psl6,2024,05,14,06
3.0,6.0,Trochalopteron variegatum,Variegated Laughingthrush,0.5505,psl6,2024,05,14,07
9.0,12.0,Brachyramphus marmoratus,Marbled Murrelet,0.7157,psl6,2024,05,14,07
39.0,42.0,Trochalopteron variegatum,Variegated Laughingthrush,0.6793,psl6,2024,05,14,07
60.0,63.0,Trochalopteron variegatum,Variegated Laughingthrush,0.6921,psl6,2024,05,14,07
75.0,78.0,Prunella strophiata,Rufous-breasted Accentor,0.6099,psl6,2024,05,14,07
78.0,81.0,Prunella strophiata,Rufous-breasted Accentor,0.842,psl6,2024,05,14,07
84.0,87.0,Prunella strophiata,Rufous-breasted Accentor,0.5975,psl6,2024,05,14,07
87.0,90.0,Prunella strophiata,Rufous-breasted Accentor,0.6717,psl6,2024,05,14,07
90.0,93.0,Prunella strophiata,Rufous-breasted Accentor,0.9684,psl6,2024,05,14,07
93.0,96.0,Prunella strophiata,Rufous-breasted Accentor,0.8559,psl6,2024,05,14,07
102.0,105.0,Prunella strophiata,Rufous-breasted Accentor,0.6332,psl6,2024,05,14,07
165.0,168.0,Prunella strophiata,Rufous-breasted Accentor,0.9387,psl6,2024,05,14,07
171.0,174.0,Prunella strophiata,Rufous-breasted Accentor,0.753,psl6,2024,05,14,07
189.0,192.0,Prunella strophiata,Rufous-breasted Accentor,0.6595,psl6,2024,05,14,07
207.0,210.0,Prunella strophiata,Rufous-breasted Accentor,0.9486,psl6,2024,05,14,07
210.0,213.0,Prunella strophiata,Rufous-breasted Accentor,0.8491,psl6,2024,05,14,07
213.0,216.0,Prunella strophiata,Rufous-breasted Accentor,0.9414,psl6,2024,05,14,07
219.0,222.0,Prunella strophiata,Rufous-breasted Accentor,0.7395,psl6,2024,05,14,07
222.0,225.0,Prunella strophiata,Rufous-breasted Accentor,0.574,psl6,2024,05,14,07
255.0,258.0,Phylloscopus humei,Hume's Warbler,0.7244,psl6,2024,05,14,07
261.0,264.0,Phylloscopus humei,Hume's Warbler,0.8444,psl6,2024,05,14,07
270.0,273.0,Phylloscopus humei,Hume's Warbler,0.7412,psl6,2024,05,14,07
273.0,276.0,Phylloscopus humei,Hume's Warbler,0.7177,psl6,2024,05,14,07
288.0,291.0,Phylloscopus occipitalis,Western Crowned Warbler,0.5665,psl6,2024,05,14,07
315.0,318.0,Phylloscopus examinandus,Kamchatka Leaf Warbler,0.9613,psl6,2024,05,14,07
315.0,318.0,Phylloscopus borealis,Arctic Warbler,0.6434,psl6,2024,05,14,07
327.0,330.0,Prunella strophiata,Rufous-breasted Accentor,0.9629,psl6,2024,05,14,07
363.0,366.0,Phylloscopus occipitalis,Western Crowned Warbler,0.5337,psl6,2024,05,14,07
399.0,402.0,Phylloscopus occipitalis,Western Crowned Warbler,0.5931,psl6,2024,05,14,07
450.0,453.0,Carpodacus erythrinus,Common Rosefinch,0.5418,psl6,2024,05,14,07
477.0,480.0,Phylloscopus occipitalis,Western Crowned Warbler,0.5912,psl6,2024,05,14,07
492.0,495.0,Phylloscopus occipitalis,Western Crowned Warbler,0.7558,psl6,2024,05,14,07
498.0,501.0,Phylloscopus occipitalis,Western Crowned Warbler,0.8642,psl6,2024,05,14,07
513.0,516.0,Phylloscopus occipitalis,Western Crowned Warbler,0.8592,psl6,2024,05,14,07
519.0,522.0,Phylloscopus occipitalis,Western Crowned Warbler,0.5646,psl6,2024,05,14,07
546.0,549.0,Phylloscopus humei,Hume's Warbler,0.8716,psl6,2024,05,14,07
567.0,570.0,Phylloscopus humei,Hume's Warbler,0.6535,psl6,2024,05,14,07
570.0,573.0,Phylloscopus affinis,Tickell's Leaf Warbler,0.5491,psl6,2024,05,14,07
624.0,627.0,Carpodacus erythrinus,Common Rosefinch,0.8082,psl6,2024,05,14,07
627.0,630.0,Prunella strophiata,Rufous-breasted Accentor,0.6972,psl6,2024,05,14,07
639.0,642.0,Prunella strophiata,Rufous-breasted Accentor,0.9319,psl6,2024,05,14,07
642.0,645.0,Prunella strophiata,Rufous-breasted Accentor,0.959,psl6,2024,05,14,07
654.0,657.0,Prunella strophiata,Rufous-breasted Accentor,0.6318,psl6,2024,05,14,07
657.0,660.0,Phylloscopus humei,Hume's Warbler,0.8771,psl6,2024,05,14,07
660.0,663.0,Prunella strophiata,Rufous-breasted Accentor,0.5537,psl6,2024,05,14,07
672.0,675.0,Prunella strophiata,Rufous-breasted Accentor,0.6046,psl6,2024,05,14,07
684.0,687.0,Prunella strophiata,Rufous-breasted Accentor,0.6693,psl6,2024,05,14,07
690.0,693.0,Prunella strophiata,Rufous-breasted Accentor,0.5374,psl6,2024,05,14,07
702.0,705.0,Phylloscopus occipitalis,Western Crowned Warbler,0.7772,psl6,2024,05,14,07
711.0,714.0,Phylloscopus occipitalis,Western Crowned Warbler,0.9008,psl6,2024,05,14,07
723.0,726.0,Phylloscopus occipitalis,Western Crowned Warbler,0.6363,psl6,2024,05,14,07
726.0,729.0,Phylloscopus occipitalis,Western Crowned Warbler,0.5186,psl6,2024,05,14,07
735.0,738.0,Phylloscopus humei,Hume's Warbler,0.5173,psl6,2024,05,14,07
741.0,744.0,Phylloscopus humei,Hume's Warbler,0.8699,psl6,2024,05,14,07
747.0,750.0,Phylloscopus occipitalis,Western Crowned Warbler,0.711,psl6,2024,05,14,07
750.0,753.0,Carpodacus erythrinus,Common Rosefinch,0.7574,psl6,2024,05,14,07
765.0,768.0,Phylloscopus humei,Hume's Warbler,0.5545,psl6,2024,05,14,07
777.0,780.0,Phylloscopus humei,Hume's Warbler,0.864,psl6,2024,05,14,07
786.0,789.0,Phylloscopus humei,Hume's Warbler,0.953,psl6,2024,05,14,07
819.0,822.0,Phylloscopus occipitalis,Western Crowned Warbler,0.9393,psl6,2024,05,14,07
855.0,858.0,Trochalopteron subunicolor,Scaly Laughingthrush,0.7122,psl6,2024,05,14,07
864.0,867.0,Phylloscopus humei,Hume's Warbler,0.8704,psl6,2024,05,14,07
867.0,870.0,Prunella strophiata,Rufous-breasted Accentor,0.7919,psl6,2024,05,14,07
867.0,870.0,Phylloscopus occipitalis,Western Crowned Warbler,0.5459,psl6,2024,05,14,07
870.0,873.0,Prunella strophiata,Rufous-breasted Accentor,0.8273,psl6,2024,05,14,07
873.0,876.0,Prunella strophiata,Rufous-breasted Accentor,0.6807,psl6,2024,05,14,07
879.0,882.0,Prunella strophiata,Rufous-breasted Accentor,0.9584,psl6,2024,05,14,07
879.0,882.0,Ficedula parva,Red-breasted Flycatcher,0.5546,psl6,2024,05,14,07
882.0,885.0,Prunella strophiata,Rufous-breasted Accentor,0.6824,psl6,2024,05,14,07
885.0,888.0,Prunella strophiata,Rufous-breasted Accentor,0.6244,psl6,2024,05,14,07
888.0,891.0,Prunella strophiata,Rufous-breasted Accentor,0.601,psl6,2024,05,14,07
888.0,891.0,Ficedula parva,Red-breasted Flycatcher,0.5523,psl6,2024,05,14,07
891.0,894.0,Prunella strophiata,Rufous-breasted Accentor,0.7684,psl6,2024,05,14,07
894.0,897.0,Phylloscopus occipitalis,Western Crowned Warbler,0.7072,psl6,2024,05,14,07
897.0,900.0,Prunella strophiata,Rufous-breasted Accentor,0.6914,psl6,2024,05,14,07
15.0,18.0,Phylloscopus occipitalis,Western Crowned Warbler,0.5242,psl6,2024,05,14,08
30.0,33.0,Phylloscopus occipitalis,Western Crowned Warbler,0.7505,psl6,2024,05,14,08
48.0,51.0,Phylloscopus occipitalis,Western Crowned Warbler,0.7458,psl6,2024,05,14,08
54.0,57.0,Phylloscopus occipitalis,Western Crowned Warbler,0.5311,psl6,2024,05,14,08
60.0,63.0,Phylloscopus occipitalis,Western Crowned Warbler,0.6132,psl6,2024,05,14,08
69.0,72.0,Phylloscopus occipitalis,Western Crowned Warbler,0.5882,psl6,2024,05,14,08
75.0,78.0,Phylloscopus humei,Hume's Warbler,0.9998,psl6,2024,05,14,08
78.0,81.0,Phylloscopus occipitalis,Western Crowned Warbler,0.7401,psl6,2024,05,14,08
90.0,93.0,Phylloscopus humei,Hume's Warbler,0.6642,psl6,2024,05,14,08
108.0,111.0,Phylloscopus humei,Hume's Warbler,0.5907,psl6,2024,05,14,08
126.0,129.0,Phylloscopus occipitalis,Western Crowned Warbler,0.6877,psl6,2024,05,14,08
144.0,147.0,Phylloscopus humei,Hume's Warbler,0.5283,psl6,2024,05,14,08
156.0,159.0,Phylloscopus occipitalis,Western Crowned Warbler,0.6207,psl6,2024,05,14,08
159.0,162.0,Phylloscopus humei,Hume's Warbler,0.5857,psl6,2024,05,14,08
168.0,171.0,Phylloscopus occipitalis,Western Crowned Warbler,0.5522,psl6,2024,05,14,08
186.0,189.0,Phylloscopus humei,Hume's Warbler,0.901,psl6,2024,05,14,08
204.0,207.0,Phylloscopus occipitalis,Western Crowned Warbler,0.6474,psl6,2024,05,14,08
210.0,213.0,Phylloscopus occipitalis,Western Crowned Warbler,0.9851,psl6,2024,05,14,08
219.0,222.0,Phylloscopus occipitalis,Western Crowned Warbler,0.6527,psl6,2024,05,14,08
225.0,228.0,Phylloscopus occipitalis,Western Crowned Warbler,0.8282,psl6,2024,05,14,08
237.0,240.0,Phylloscopus humei,Hume's Warbler,0.7506,psl6,2024,05,14,08
240.0,243.0,Phylloscopus occipitalis,Western Crowned Warbler,0.509,psl6,2024,05,14,08
252.0,255.0,Phylloscopus humei,Hume's Warbler,0.6131,psl6,2024,05,14,08
270.0,273.0,Phylloscopus occipitalis,Western Crowned Warbler,0.8248,psl6,2024,05,14,08
273.0,276.0,Phylloscopus humei,Hume's Warbler,0.704,psl6,2024,05,14,08
276.0,279.0,Phylloscopus humei,Hume's Warbler,0.6192,psl6,2024,05,14,08
279.0,282.0,Phylloscopus occipitalis,Western Crowned Warbler,0.9482,psl6,2024,05,14,08
285.0,288.0,Phylloscopus humei,Hume's Warbler,0.5093,psl6,2024,05,14,08
291.0,294.0,Phylloscopus occipitalis,Western Crowned Warbler,0.8636,psl6,2024,05,14,08
300.0,303.0,Phylloscopus occipitalis,Western Crowned Warbler,0.9548,psl6,2024,05,14,08
303.0,306.0,Phylloscopus humei,Hume's Warbler,0.7889,psl6,2024,05,14,08
309.0,312.0,Phylloscopus occipitalis,Western Crowned Warbler,0.7413,psl6,2024,05,14,08
312.0,315.0,Phylloscopus humei,Hume's Warbler,0.5743,psl6,2024,05,14,08
315.0,318.0,Phylloscopus occipitalis,Western Crowned Warbler,0.6001,psl6,2024,05,14,08
318.0,321.0,Phylloscopus occipitalis,Western Crowned Warbler,0.9469,psl6,2024,05,14,08
324.0,327.0,Phylloscopus occipitalis,Western Crowned Warbler,0.9415,psl6,2024,05,14,08
333.0,336.0,Phylloscopus occipitalis,Western Crowned Warbler,0.9712,psl6,2024,05,14,08
336.0,339.0,Phylloscopus occipitalis,Western Crowned Warbler,0.9852,psl6,2024,05,14,08
342.0,345.0,Phylloscopus occipitalis,Western Crowned Warbler,0.9387,psl6,2024,05,14,08
348.0,351.0,Phylloscopus occipitalis,Western Crowned Warbler,0.8535,psl6,2024,05,14,08
354.0,357.0,Phylloscopus occipitalis,Western Crowned Warbler,0.7994,psl6,2024,05,14,08
366.0,369.0,Phylloscopus occipitalis,Western Crowned Warbler,0.7895,psl6,2024,05,14,08
372.0,375.0,Phylloscopus humei,Hume's Warbler,0.9203,psl6,2024,05,14,08
375.0,378.0,Phylloscopus occipitalis,Western Crowned Warbler,0.9431,psl6,2024,05,14,08
381.0,384.0,Phylloscopus occipitalis,Western Crowned Warbler,0.7381,psl6,2024,05,14,08
387.0,390.0,Phylloscopus occipitalis,Western Crowned Warbler,0.7321,psl6,2024,05,14,08
390.0,393.0,Phylloscopus humei,Hume's Warbler,0.6869,psl6,2024,05,14,08
396.0,399.0,Phylloscopus occipitalis,Western Crowned Warbler,0.6266,psl6,2024,05,14,08
402.0,405.0,Phylloscopus occipitalis,Western Crowned Warbler,0.7406,psl6,2024,05,14,08
411.0,414.0,Phylloscopus occipitalis,Western Crowned Warbler,0.8057,psl6,2024,05,14,08
420.0,423.0,Phylloscopus occipitalis,Western Crowned Warbler,0.7628,psl6,2024,05,14,08
429.0,432.0,Phylloscopus occipitalis,Western Crowned Warbler,0.9262,psl6,2024,05,14,08
435.0,438.0,Phylloscopus humei,Hume's Warbler,0.8343,psl6,2024,05,14,08
438.0,441.0,Phylloscopus occipitalis,Western Crowned Warbler,0.9716,psl6,2024,05,14,08
447.0,450.0,Phylloscopus occipitalis,Western Crowned Warbler,0.8795,psl6,2024,05,14,08
453.0,456.0,Phylloscopus occipitalis,Western Crowned Warbler,0.5069,psl6,2024,05,14,08
462.0,465.0,Phylloscopus occipitalis,Western Crowned Warbler,0.993,psl6,2024,05,14,08
468.0,471.0,Phylloscopus occipitalis,Western Crowned Warbler,0.86,psl6,2024,05,14,08
486.0,489.0,Phylloscopus occipitalis,Western Crowned Warbler,0.9698,psl6,2024,05,14,08
498.0,501.0,Phylloscopus occipitalis,Western Crowned Warbler,0.7951,psl6,2024,05,14,08
507.0,510.0,Trochalopteron variegatum,Variegated Laughingthrush,0.5143,psl6,2024,05,14,08
546.0,549.0,Trochalopteron variegatum,Variegated Laughingthrush,0.8115,psl6,2024,05,14,08
567.0,570.0,Trochalopteron variegatum,Variegated Laughingthrush,0.5266,psl6,2024,05,14,08
576.0,579.0,Phylloscopus occipitalis,Western Crowned Warbler,0.5504,psl6,2024,05,14,08
579.0,582.0,Trochalopteron variegatum,Variegated Laughingthrush,0.5874,psl6,2024,05,14,08
582.0,585.0,Trochalopteron variegatum,Variegated Laughingthrush,0.5733,psl6,2024,05,14,08
585.0,588.0,Trochalopteron variegatum,Variegated Laughingthrush,0.6131,psl6,2024,05,14,08
603.0,606.0,Phylloscopus occipitalis,Western Crowned Warbler,0.7877,psl6,2024,05,14,08
609.0,612.0,Trochalopteron variegatum,Variegated Laughingthrush,0.7394,psl6,2024,05,14,08
615.0,618.0,Trochalopteron variegatum,Variegated Laughingthrush,0.6112,psl6,2024,05,14,08
642.0,645.0,Trochalopteron variegatum,Variegated Laughingthrush,0.7334,psl6,2024,05,14,08
645.0,648.0,Phylloscopus occipitalis,Western Crowned Warbler,0.914,psl6,2024,05,14,08
660.0,663.0,Phylloscopus occipitalis,Western Crowned Warbler,0.5511,psl6,2024,05,14,08
690.0,693.0,Phylloscopus occipitalis,Western Crowned Warbler,0.7942,psl6,2024,05,14,08
699.0,702.0,Trochalopteron variegatum,Variegated Laughingthrush,0.9277,psl6,2024,05,14,08
699.0,702.0,Phylloscopus occipitalis,Western Crowned Warbler,0.5615,psl6,2024,05,14,08
708.0,711.0,Phylloscopus occipitalis,Western Crowned Warbler,0.9187,psl6,2024,05,14,08
717.0,720.0,Phylloscopus occipitalis,Western Crowned Warbler,0.8091,psl6,2024,05,14,08
720.0,723.0,Phylloscopus occipitalis,Western Crowned Warbler,0.5991,psl6,2024,05,14,08
726.0,729.0,Trochalopteron variegatum,Variegated Laughingthrush,0.8201,psl6,2024,05,14,08
744.0,747.0,Trochalopteron variegatum,Variegated Laughingthrush,0.525,psl6,2024,05,14,08
750.0,753.0,Trochalopteron variegatum,Variegated Laughingthrush,0.6826,psl6,2024,05,14,08
759.0,762.0,Trochalopteron variegatum,Variegated Laughingthrush,0.6622,psl6,2024,05,14,08
762.0,765.0,Trochalopteron variegatum,Variegated Laughingthrush,0.8749,psl6,2024,05,14,08
765.0,768.0,Trochalopteron variegatum,Variegated Laughingthrush,0.8982,psl6,2024,05,14,08
783.0,786.0,Phylloscopus humei,Hume's Warbler,0.93,psl6,2024,05,14,08
786.0,789.0,Phylloscopus occipitalis,Western Crowned Warbler,0.8031,psl6,2024,05,14,08
798.0,801.0,Phylloscopus occipitalis,Western Crowned Warbler,0.6171,psl6,2024,05,14,08
813.0,816.0,Trochalopteron variegatum,Variegated Laughingthrush,0.6765,psl6,2024,05,14,08
825.0,828.0,Phylloscopus humei,Hume's Warbler,0.595,psl6,2024,05,14,08
828.0,831.0,Phylloscopus humei,Hume's Warbler,0.7036,psl6,2024,05,14,08
831.0,834.0,Phylloscopus humei,Hume's Warbler,0.7138,psl6,2024,05,14,08
834.0,837.0,Phylloscopus occipitalis,Western Crowned Warbler,0.9615,psl6,2024,05,14,08
840.0,843.0,Trochalopteron variegatum,Variegated Laughingthrush,0.7186,psl6,2024,05,14,08
858.0,861.0,Phylloscopus occipitalis,Western Crowned Warbler,0.818,psl6,2024,05,14,08
870.0,873.0,Phylloscopus occipitalis,Western Crowned Warbler,0.5266,psl6,2024,05,14,08
873.0,876.0,Phylloscopus humei,Hume's Warbler,0.9643,psl6,2024,05,14,08
879.0,882.0,Phylloscopus occipitalis,Western Crowned Warbler,0.6162,psl6,2024,05,14,08
894.0,897.0,Trochalopteron variegatum,Variegated Laughingthrush,0.7307,psl6,2024,05,14,08
897.0,900.0,Phylloscopus humei,Hume's Warbler,0.5894,psl6,2024,05,14,08
15.0,18.0,Phylloscopus humei,Hume's Warbler,0.6587,psl6,2024,05,14,09
18.0,21.0,Phylloscopus occipitalis,Western Crowned Warbler,0.9051,psl6,2024,05,14,09
21.0,24.0,Phylloscopus occipitalis,Western Crowned Warbler,0.5335,psl6,2024,05,14,09
33.0,36.0,Phylloscopus humei,Hume's Warbler,0.5017,psl6,2024,05,14,09
36.0,39.0,Phylloscopus occipitalis,Western Crowned Warbler,0.5977,psl6,2024,05,14,09
42.0,45.0,Phylloscopus humei,Hume's Warbler,0.8405,psl6,2024,05,14,09
45.0,48.0,Phylloscopus humei,Hume's Warbler,0.5734,psl6,2024,05,14,09
48.0,51.0,Phylloscopus occipitalis,Western Crowned Warbler,0.7608,psl6,2024,05,14,09
63.0,66.0,Phylloscopus humei,Hume's Warbler,0.5622,psl6,2024,05,14,09
66.0,69.0,Phylloscopus humei,Hume's Warbler,0.5841,psl6,2024,05,14,09
72.0,75.0,Phylloscopus humei,Hume's Warbler,0.6852,psl6,2024,05,14,09
75.0,78.0,Phylloscopus humei,Hume's Warbler,0.7924,psl6,2024,05,14,09
81.0,84.0,Phylloscopus occipitalis,Western Crowned Warbler,0.9182,psl6,2024,05,14,09
84.0,87.0,Phylloscopus humei,Hume's Warbler,0.6998,psl6,2024,05,14,09
90.0,93.0,Phylloscopus humei,Hume's Warbler,0.8799,psl6,2024,05,14,09
93.0,96.0,Phylloscopus humei,Hume's Warbler,0.7866,psl6,2024,05,14,09
96.0,99.0,Phylloscopus occipitalis,Western Crowned Warbler,0.6804,psl6,2024,05,14,09
99.0,102.0,Phylloscopus occipitalis,Western Crowned Warbler,0.8876,psl6,2024,05,14,09
102.0,105.0,Phylloscopus humei,Hume's Warbler,0.9458,psl6,2024,05,14,09
105.0,108.0,Phylloscopus humei,Hume's Warbler,0.5474,psl6,2024,05,14,09
108.0,111.0,Phylloscopus occipitalis,Western Crowned Warbler,0.5808,psl6,2024,05,14,09
114.0,117.0,Phylloscopus humei,Hume's Warbler,0.6987,psl6,2024,05,14,09
117.0,120.0,Phylloscopus humei,Hume's Warbler,0.9172,psl6,2024,05,14,09
120.0,123.0,Phylloscopus occipitalis,Western Crowned Warbler,0.9065,psl6,2024,05,14,09
132.0,135.0,Phylloscopus humei,Hume's Warbler,0.7116,psl6,2024,05,14,09
144.0,147.0,Phylloscopus occipitalis,Western Crowned Warbler,0.7753,psl6,2024,05,14,09
150.0,153.0,Phylloscopus humei,Hume's Warbler,0.9727,psl6,2024,05,14,09
153.0,156.0,Phylloscopus occipitalis,Western Crowned Warbler,0.994,psl6,2024,05,14,09
162.0,165.0,Phylloscopus occipitalis,Western Crowned Warbler,0.9959,psl6,2024,05,14,09
165.0,168.0,Phylloscopus humei,Hume's Warbler,0.8443,psl6,2024,05,14,09
168.0,171.0,Phylloscopus humei,Hume's Warbler,0.7743,psl6,2024,05,14,09
171.0,174.0,Phylloscopus occipitalis,Western Crowned Warbler,0.9798,psl6,2024,05,14,09
174.0,177.0,Phylloscopus humei,Hume's Warbler,0.8958,psl6,2024,05,14,09
180.0,183.0,Phylloscopus humei,Hume's Warbler,0.6176,psl6,2024,05,14,09
183.0,186.0,Phylloscopus humei,Hume's Warbler,0.8626,psl6,2024,05,14,09
189.0,192.0,Phylloscopus occipitalis,Western Crowned Warbler,0.9988,psl6,2024,05,14,09
198.0,201.0,Phylloscopus occipitalis,Western Crowned Warbler,0.9773,psl6,2024,05,14,09
207.0,210.0,Phylloscopus occipitalis,Western Crowned Warbler,0.9828,psl6,2024,05,14,09
225.0,228.0,Phylloscopus occipitalis,Western Crowned Warbler,0.9969,psl6,2024,05,14,09
231.0,234.0,Phylloscopus occipitalis,Western Crowned Warbler,0.9,psl6,2024,05,14,09
234.0,237.0,Phylloscopus occipitalis,Western Crowned Warbler,0.9012,psl6,2024,05,14,09
240.0,243.0,Phylloscopus occipitalis,Western Crowned Warbler,0.9964,psl6,2024,05,14,09
243.0,246.0,Phylloscopus occipitalis,Western Crowned Warbler,0.7184,psl6,2024,05,14,09
249.0,252.0,Phylloscopus occipitalis,Western Crowned Warbler,0.9647,psl6,2024,05,14,09
252.0,255.0,Phylloscopus humei,Hume's Warbler,0.6986,psl6,2024,05,14,09
255.0,258.0,Phylloscopus maculipennis,Ashy-throated Warbler,0.7669,psl6,2024,05,14,09
258.0,261.0,Phylloscopus occipitalis,Western Crowned Warbler,0.9756,psl6,2024,05,14,09
267.0,270.0,Phylloscopus occipitalis,Western Crowned Warbler,0.7695,psl6,2024,05,14,09
270.0,273.0,Phylloscopus humei,Hume's Warbler,0.7247,psl6,2024,05,14,09
273.0,276.0,Phylloscopus occipitalis,Western Crowned Warbler,0.6099,psl6,2024,05,14,09
276.0,279.0,Phylloscopus occipitalis,Western Crowned Warbler,0.9326,psl6,2024,05,14,09
279.0,282.0,Phylloscopus humei,Hume's Warbler,0.779,psl6,2024,05,14,09
282.0,285.0,Phylloscopus occipitalis,Western Crowned Warbler,0.7479,psl6,2024,05,14,09
285.0,288.0,Phylloscopus occipitalis,Western Crowned Warbler,0.8893,psl6,2024,05,14,09
291.0,294.0,Phylloscopus humei,Hume's Warbler,0.7584,psl6,2024,05,14,09
294.0,297.0,Phylloscopus occipitalis,Western Crowned Warbler,0.9891,psl6,2024,05,14,09
303.0,306.0,Phylloscopus occipitalis,Western Crowned Warbler,0.9342,psl6,2024,05,14,09
309.0,312.0,Phylloscopus humei,Hume's Warbler,0.9797,psl6,2024,05,14,09
312.0,315.0,Phylloscopus occipitalis,Western Crowned Warbler,0.9769,psl6,2024,05,14,09
318.0,321.0,Phylloscopus humei,Hume's Warbler,0.9826,psl6,2024,05,14,09
321.0,324.0,Phylloscopus occipitalis,Western Crowned Warbler,0.7635,psl6,2024,05,14,09
324.0,327.0,Phylloscopus occipitalis,Western Crowned Warbler,0.5129,psl6,2024,05,14,09
330.0,333.0,Phylloscopus occipitalis,Western Crowned Warbler,0.8803,psl6,2024,05,14,09
333.0,336.0,Phylloscopus occipitalis,Western Crowned Warbler,0.6413,psl6,2024,05,14,09
339.0,342.0,Phylloscopus humei,Hume's Warbler,0.562,psl6,2024,05,14,09
342.0,345.0,Phylloscopus occipitalis,Western Crowned Warbler,0.9727,psl6,2024,05,14,09
345.0,348.0,Phylloscopus occipitalis,Western Crowned Warbler,0.7432,psl6,2024,05,14,09
354.0,357.0,Phylloscopus occipitalis,Western Crowned Warbler,0.9904,psl6,2024,05,14,09
369.0,372.0,Phylloscopus occipitalis,Western Crowned Warbler,0.9782,psl6,2024,05,14,09
375.0,378.0,Phylloscopus occipitalis,Western Crowned Warbler,0.7173,psl6,2024,05,14,09
378.0,381.0,Phylloscopus occipitalis,Western Crowned Warbler,0.9847,psl6,2024,05,14,09
390.0,393.0,Phylloscopus humei,Hume's Warbler,0.9946,psl6,2024,05,14,09
396.0,399.0,Phylloscopus occipitalis,Western Crowned Warbler,0.9869,psl6,2024,05,14,09
405.0,408.0,Phylloscopus occipitalis,Western Crowned Warbler,0.9893,psl6,2024,05,14,09
408.0,411.0,Phylloscopus occipitalis,Western Crowned Warbler,0.9811,psl6,2024,05,14,09
414.0,417.0,Phylloscopus occipitalis,Western Crowned Warbler,0.9908,psl6,2024,05,14,09
423.0,426.0,Phylloscopus occipitalis,Western Crowned Warbler,0.8311,psl6,2024,05,14,09
426.0,429.0,Phylloscopus occipitalis,Western Crowned Warbler,0.9841,psl6,2024,05,14,09
429.0,432.0,Phylloscopus humei,Hume's Warbler,0.6916,psl6,2024,05,14,09
435.0,438.0,Phylloscopus occipitalis,Western Crowned Warbler,0.9947,psl6,2024,05,14,09
438.0,441.0,Phylloscopus humei,Hume's Warbler,0.5933,psl6,2024,05,14,09
444.0,447.0,Phylloscopus occipitalis,Western Crowned Warbler,0.9048,psl6,2024,05,14,09
447.0,450.0,Phylloscopus humei,Hume's Warbler,0.8905,psl6,2024,05,14,09
453.0,456.0,Phylloscopus occipitalis,Western Crowned Warbler,0.9783,psl6,2024,05,14,09
456.0,459.0,Phylloscopus occipitalis,Western Crowned Warbler,0.8285,psl6,2024,05,14,09
459.0,462.0,Phylloscopus humei,Hume's Warbler,0.7138,psl6,2024,05,14,09
462.0,465.0,Phylloscopus maculipennis,Ashy-throated Warbler,0.8828,psl6,2024,05,14,09
465.0,468.0,Phylloscopus occipitalis,Western Crowned Warbler,0.98,psl6,2024,05,14,09
474.0,477.0,Phylloscopus occipitalis,Western Crowned Warbler,0.9276,psl6,2024,05,14,09
477.0,480.0,Phylloscopus occipitalis,Western Crowned Warbler,0.9751,psl6,2024,05,14,09
480.0,483.0,Phylloscopus humei,Hume's Warbler,0.6165,psl6,2024,05,14,09
483.0,486.0,Phylloscopus occipitalis,Western Crowned Warbler,0.9178,psl6,2024,05,14,09
486.0,489.0,Phylloscopus occipitalis,Western Crowned Warbler,0.9952,psl6,2024,05,14,09
492.0,495.0,Phylloscopus humei,Hume's Warbler,0.7154,psl6,2024,05,14,09
495.0,498.0,Phylloscopus occipitalis,Western Crowned Warbler,0.9885,psl6,2024,05,14,09
498.0,501.0,Phylloscopus occipitalis,Western Crowned Warbler,0.9797,psl6,2024,05,14,09
504.0,507.0,Phylloscopus occipitalis,Western Crowned Warbler,0.992,psl6,2024,05,14,09
507.0,510.0,Phylloscopus occipitalis,Western Crowned Warbler,0.9729,psl6,2024,05,14,09
513.0,516.0,Phylloscopus maculipennis,Ashy-throated Warbler,0.6321,psl6,2024,05,14,09
516.0,519.0,Phylloscopus occipitalis,Western Crowned Warbler,0.9815,psl6,2024,05,14,09
522.0,525.0,Phylloscopus occipitalis,Western Crowned Warbler,0.9116,psl6,2024,05,14,09
525.0,528.0,Phylloscopus occipitalis,Western Crowned Warbler,0.9926,psl6,2024,05,14,09
531.0,534.0,Aethopyga ignicauda,Fire-tailed Sunbird,0.7784,psl6,2024,05,14,09
531.0,534.0,Phylloscopus maculipennis,Ashy-throated Warbler,0.5742,psl6,2024,05,14,09
534.0,537.0,Phylloscopus occipitalis,Western Crowned Warbler,0.9887,psl6,2024,05,14,09
567.0,570.0,Phylloscopus occipitalis,Western Crowned Warbler,0.9488,psl6,2024,05,14,09
570.0,573.0,Prunella strophiata,Rufous-breasted Accentor,0.7229,psl6,2024,05,14,09
588.0,591.0,Phylloscopus trochiloides,Greenish Warbler,0.5305,psl6,2024,05,14,09
588.0,591.0,Phylloscopus nitidus,Green Warbler,0.5281,psl6,2024,05,14,09
591.0,594.0,Phylloscopus occipitalis,Western Crowned Warbler,0.6656,psl6,2024,05,14,09
603.0,606.0,Phylloscopus occipitalis,Western Crowned Warbler,0.9888,psl6,2024,05,14,09
615.0,618.0,Phylloscopus occipitalis,Western Crowned Warbler,0.9948,psl6,2024,05,14,09
624.0,627.0,Phylloscopus occipitalis,Western Crowned Warbler,0.9607,psl6,2024,05,14,09
627.0,630.0,Phylloscopus occipitalis,Western Crowned Warbler,0.9889,psl6,2024,05,14,09
633.0,636.0,Phylloscopus occipitalis,Western Crowned Warbler,0.9942,psl6,2024,05,14,09
636.0,639.0,Phylloscopus occipitalis,Western Crowned Warbler,0.9543,psl6,2024,05,14,09
642.0,645.0,Phylloscopus occipitalis,Western Crowned Warbler,0.9781,psl6,2024,05,14,09
651.0,654.0,Phylloscopus occipitalis,Western Crowned Warbler,0.9813,psl6,2024,05,14,09
660.0,663.0,Phylloscopus occipitalis,Western Crowned Warbler,0.9942,psl6,2024,05,14,09
666.0,669.0,Phylloscopus maculipennis,Ashy-throated Warbler,0.6424,psl6,2024,05,14,09
669.0,672.0,Phylloscopus occipitalis,Western Crowned Warbler,0.9777,psl6,2024,05,14,09
678.0,681.0,Phylloscopus occipitalis,Western Crowned Warbler,0.9986,psl6,2024,05,14,09
687.0,690.0,Phylloscopus occipitalis,Western Crowned Warbler,0.9861,psl6,2024,05,14,09
699.0,702.0,Phylloscopus occipitalis,Western Crowned Warbler,0.992,psl6,2024,05,14,09
708.0,711.0,Phylloscopus occipitalis,Western Crowned Warbler,0.8489,psl6,2024,05,14,09
711.0,714.0,Phylloscopus occipitalis,Western Crowned Warbler,0.8759,psl6,2024,05,14,09
732.0,735.0,Phylloscopus occipitalis,Western Crowned Warbler,0.9707,psl6,2024,05,14,09
735.0,738.0,Phylloscopus occipitalis,Western Crowned Warbler,0.6606,psl6,2024,05,14,09
741.0,744.0,Phylloscopus occipitalis,Western Crowned Warbler,0.9673,psl6,2024,05,14,09
747.0,750.0,Phylloscopus occipitalis,Western Crowned Warbler,0.893,psl6,2024,05,14,09
750.0,753.0,Phylloscopus occipitalis,Western Crowned Warbler,0.9566,psl6,2024,05,14,09
756.0,759.0,Phylloscopus occipitalis,Western Crowned Warbler,0.7995,psl6,2024,05,14,09
759.0,762.0,Phylloscopus occipitalis,Western Crowned Warbler,0.8986,psl6,2024,05,14,09
765.0,768.0,Phylloscopus occipitalis,Western Crowned Warbler,0.987,psl6,2024,05,14,09
786.0,789.0,Phylloscopus occipitalis,Western Crowned Warbler,0.894,psl6,2024,05,14,09
795.0,798.0,Phylloscopus occipitalis,Western Crowned Warbler,0.9769,psl6,2024,05,14,09
798.0,801.0,Phylloscopus humei,Hume's Warbler,0.6112,psl6,2024,05,14,09
804.0,807.0,Phylloscopus occipitalis,Western Crowned Warbler,0.9813,psl6,2024,05,14,09
807.0,810.0,Phylloscopus occipitalis,Western Crowned Warbler,0.9182,psl6,2024,05,14,09
810.0,813.0,Phylloscopus humei,Hume's Warbler,0.643,psl6,2024,05,14,09
816.0,819.0,Phylloscopus occipitalis,Western Crowned Warbler,0.95,psl6,2024,05,14,09
819.0,822.0,Phylloscopus occipitalis,Western Crowned Warbler,0.8465,psl6,2024,05,14,09
828.0,831.0,Phylloscopus occipitalis,Western Crowned Warbler,0.9654,psl6,2024,05,14,09
837.0,840.0,Phylloscopus occipitalis,Western Crowned Warbler,0.9929,psl6,2024,05,14,09
846.0,849.0,Phylloscopus occipitalis,Western Crowned Warbler,0.9838,psl6,2024,05,14,09
852.0,855.0,Phylloscopus humei,Hume's Warbler,0.5718,psl6,2024,05,14,09
861.0,864.0,Phylloscopus affinis,Tickell's Leaf Warbler,0.5002,psl6,2024,05,14,09
873.0,876.0,Phylloscopus occipitalis,Western Crowned Warbler,0.9689,psl6,2024,05,14,09
876.0,879.0,Phylloscopus occipitalis,Western Crowned Warbler,0.9551,psl6,2024,05,14,09
879.0,882.0,Phylloscopus yunnanensis,Chinese Leaf Warbler,0.6001,psl6,2024,05,14,09
885.0,888.0,Phylloscopus occipitalis,Western Crowned Warbler,0.9816,psl6,2024,05,14,09
894.0,897.0,Phylloscopus occipitalis,Western Crowned Warbler,0.9861,psl6,2024,05,14,09
6.0,9.0,Phylloscopus occipitalis,Western Crowned Warbler,0.7071,psl6,2024,05,15,06
9.0,12.0,Carpodacus erythrinus,Common Rosefinch,0.9229,psl6,2024,05,15,06
27.0,30.0,Phylloscopus occipitalis,Western Crowned Warbler,0.8545,psl6,2024,05,15,06
33.0,36.0,Phylloscopus occipitalis,Western Crowned Warbler,0.6442,psl6,2024,05,15,06
36.0,39.0,Phylloscopus occipitalis,Western Crowned Warbler,0.6597,psl6,2024,05,15,06
42.0,45.0,Phylloscopus occipitalis,Western Crowned Warbler,0.5798,psl6,2024,05,15,06
45.0,48.0,Carpodacus erythrinus,Common Rosefinch,0.6756,psl6,2024,05,15,06
57.0,60.0,Carpodacus erythrinus,Common Rosefinch,0.7398,psl6,2024,05,15,06
63.0,66.0,Phylloscopus occipitalis,Western Crowned Warbler,0.9493,psl6,2024,05,15,06
66.0,69.0,Carpodacus erythrinus,Common Rosefinch,0.5987,psl6,2024,05,15,06
78.0,81.0,Carpodacus erythrinus,Common Rosefinch,0.8872,psl6,2024,05,15,06
99.0,102.0,Phylloscopus occipitalis,Western Crowned Warbler,0.696,psl6,2024,05,15,06
120.0,123.0,Phylloscopus occipitalis,Western Crowned Warbler,0.8785,psl6,2024,05,15,06
129.0,132.0,Phylloscopus occipitalis,Western Crowned Warbler,0.5871,psl6,2024,05,15,06
135.0,138.0,Phylloscopus occipitalis,Western Crowned Warbler,0.5563,psl6,2024,05,15,06
147.0,150.0,Phylloscopus occipitalis,Western Crowned Warbler,0.6359,psl6,2024,05,15,06
150.0,153.0,Carpodacus erythrinus,Common Rosefinch,0.6755,psl6,2024,05,15,06
213.0,216.0,Phylloscopus occipitalis,Western Crowned Warbler,0.6932,psl6,2024,05,15,06
225.0,228.0,Phylloscopus occipitalis,Western Crowned Warbler,0.7612,psl6,2024,05,15,06
240.0,243.0,Trochalopteron variegatum,Variegated Laughingthrush,0.5981,psl6,2024,05,15,06
255.0,258.0,Trochalopteron variegatum,Variegated Laughingthrush,0.6277,psl6,2024,05,15,06
267.0,270.0,Trochalopteron variegatum,Variegated Laughingthrush,0.8164,psl6,2024,05,15,06
273.0,276.0,Trochalopteron variegatum,Variegated Laughingthrush,0.5242,psl6,2024,05,15,06
318.0,321.0,Trochalopteron variegatum,Variegated Laughingthrush,0.8364,psl6,2024,05,15,06
327.0,330.0,Trochalopteron variegatum,Variegated Laughingthrush,0.9737,psl6,2024,05,15,06
333.0,336.0,Trochalopteron variegatum,Variegated Laughingthrush,0.6075,psl6,2024,05,15,06
354.0,357.0,Trochalopteron variegatum,Variegated Laughingthrush,0.9212,psl6,2024,05,15,06
357.0,360.0,Trochalopteron variegatum,Variegated Laughingthrush,0.768,psl6,2024,05,15,06
366.0,369.0,Trochalopteron variegatum,Variegated Laughingthrush,0.8368,psl6,2024,05,15,06
369.0,372.0,Trochalopteron variegatum,Variegated Laughingthrush,0.6477,psl6,2024,05,15,06
375.0,378.0,Phylloscopus humei,Hume's Warbler,0.7406,psl6,2024,05,15,06
381.0,384.0,Trochalopteron variegatum,Variegated Laughingthrush,0.7541,psl6,2024,05,15,06
381.0,384.0,Phylloscopus humei,Hume's Warbler,0.5308,psl6,2024,05,15,06
396.0,399.0,Trochalopteron variegatum,Variegated Laughingthrush,0.6899,psl6,2024,05,15,06
411.0,414.0,Trochalopteron variegatum,Variegated Laughingthrush,0.6797,psl6,2024,05,15,06
411.0,414.0,Trochalopteron affine,Black-faced Laughingthrush,0.5248,psl6,2024,05,15,06
417.0,420.0,Trochalopteron variegatum,Variegated Laughingthrush,0.8404,psl6,2024,05,15,06
417.0,420.0,Trochalopteron affine,Black-faced Laughingthrush,0.5104,psl6,2024,05,15,06
420.0,423.0,Trochalopteron variegatum,Variegated Laughingthrush,0.5904,psl6,2024,05,15,06
426.0,429.0,Trochalopteron variegatum,Variegated Laughingthrush,0.9714,psl6,2024,05,15,06
426.0,429.0,Trochalopteron affine,Black-faced Laughingthrush,0.756,psl6,2024,05,15,06
432.0,435.0,Trochalopteron variegatum,Variegated Laughingthrush,0.8594,psl6,2024,05,15,06
435.0,438.0,Trochalopteron variegatum,Variegated Laughingthrush,0.6898,psl6,2024,05,15,06
435.0,438.0,Trochalopteron affine,Black-faced Laughingthrush,0.6034,psl6,2024,05,15,06
444.0,447.0,Trochalopteron variegatum,Variegated Laughingthrush,0.7136,psl6,2024,05,15,06
447.0,450.0,Trochalopteron affine,Black-faced Laughingthrush,0.7802,psl6,2024,05,15,06
447.0,450.0,Trochalopteron variegatum,Variegated Laughingthrush,0.6922,psl6,2024,05,15,06
513.0,516.0,Phylloscopus occipitalis,Western Crowned Warbler,0.523,psl6,2024,05,15,06
615.0,618.0,Trochalopteron variegatum,Variegated Laughingthrush,0.5071,psl6,2024,05,15,06
621.0,624.0,Phylloscopus occipitalis,Western Crowned Warbler,0.6146,psl6,2024,05,15,06
627.0,630.0,Phylloscopus occipitalis,Western Crowned Warbler,0.7508,psl6,2024,05,15,06
639.0,642.0,Phylloscopus occipitalis,Western Crowned Warbler,0.5143,psl6,2024,05,15,06
645.0,648.0,Phylloscopus occipitalis,Western Crowned Warbler,0.7111,psl6,2024,05,15,06
651.0,654.0,Phylloscopus occipitalis,Western Crowned Warbler,0.6863,psl6,2024,05,15,06
657.0,660.0,Phylloscopus occipitalis,Western Crowned Warbler,0.6159,psl6,2024,05,15,06
660.0,663.0,Phylloscopus occipitalis,Western Crowned Warbler,0.5782,psl6,2024,05,15,06
666.0,669.0,Phylloscopus occipitalis,Western Crowned Warbler,0.5836,psl6,2024,05,15,06
672.0,675.0,Phylloscopus occipitalis,Western Crowned Warbler,0.8089,psl6,2024,05,15,06
684.0,687.0,Phylloscopus occipitalis,Western Crowned Warbler,0.7168,psl6,2024,05,15,06
714.0,717.0,Trochalopteron variegatum,Variegated Laughingthrush,0.6062,psl6,2024,05,15,06
744.0,747.0,Phylloscopus humei,Hume's Warbler,0.5893,psl6,2024,05,15,06
747.0,750.0,Trochalopteron variegatum,Variegated Laughingthrush,0.5471,psl6,2024,05,15,06
759.0,762.0,Phylloscopus humei,Hume's Warbler,0.8846,psl6,2024,05,15,06
762.0,765.0,Trochalopteron variegatum,Variegated Laughingthrush,0.8237,psl6,2024,05,15,06
771.0,774.0,Trochalopteron variegatum,Variegated Laughingthrush,0.5494,psl6,2024,05,15,06
777.0,780.0,Trochalopteron variegatum,Variegated Laughingthrush,0.6381,psl6,2024,05,15,06
780.0,783.0,Trochalopteron variegatum,Variegated Laughingthrush,0.8495,psl6,2024,05,15,06
783.0,786.0,Trochalopteron variegatum,Variegated Laughingthrush,0.8023,psl6,2024,05,15,06
798.0,801.0,Trochalopteron variegatum,Variegated Laughingthrush,0.6002,psl6,2024,05,15,06
801.0,804.0,Trochalopteron variegatum,Variegated Laughingthrush,0.7722,psl6,2024,05,15,06
810.0,813.0,Phylloscopus occipitalis,Western Crowned Warbler,0.5061,psl6,2024,05,15,06
813.0,816.0,Trochalopteron variegatum,Variegated Laughingthrush,0.8665,psl6,2024,05,15,06
819.0,822.0,Trochalopteron variegatum,Variegated Laughingthrush,0.9248,psl6,2024,05,15,06
828.0,831.0,Trochalopteron variegatum,Variegated Laughingthrush,0.9943,psl6,2024,05,15,06
837.0,840.0,Trochalopteron variegatum,Variegated Laughingthrush,0.9948,psl6,2024,05,15,06
843.0,846.0,Trochalopteron variegatum,Variegated Laughingthrush,0.9971,psl6,2024,05,15,06
849.0,852.0,Trochalopteron variegatum,Variegated Laughingthrush,0.9921,psl6,2024,05,15,06
855.0,858.0,Trochalopteron variegatum,Variegated Laughingthrush,0.9558,psl6,2024,05,15,06
858.0,861.0,Trochalopteron variegatum,Variegated Laughingthrush,0.973,psl6,2024,05,15,06
864.0,867.0,Trochalopteron variegatum,Variegated Laughingthrush,0.8292,psl6,2024,05,15,06
867.0,870.0,Trochalopteron variegatum,Variegated Laughingthrush,0.9472,psl6,2024,05,15,06
873.0,876.0,Prunella strophiata,Rufous-breasted Accentor,0.8163,psl6,2024,05,15,06
876.0,879.0,Trochalopteron variegatum,Variegated Laughingthrush,0.9741,psl6,2024,05,15,06
879.0,882.0,Trochalopteron variegatum,Variegated Laughingthrush,0.9821,psl6,2024,05,15,06
885.0,888.0,Trochalopteron variegatum,Variegated Laughingthrush,0.9962,psl6,2024,05,15,06
888.0,891.0,Trochalopteron variegatum,Variegated Laughingthrush,0.9597,psl6,2024,05,15,06
891.0,894.0,Phylloscopus humei,Hume's Warbler,0.8889,psl6,2024,05,15,06
894.0,897.0,Prunella strophiata,Rufous-breasted Accentor,0.7951,psl6,2024,05,15,06
897.0,900.0,Prunella strophiata,Rufous-breasted Accentor,0.6858,psl6,2024,05,15,06
39.0,42.0,Phylloscopus humei,Hume's Warbler,0.7163,psl6,2024,05,15,07
39.0,42.0,Phylloscopus inornatus,Yellow-browed Warbler,0.6214,psl6,2024,05,15,07
60.0,63.0,Tarsiger rufilatus,Himalayan Bluetail,0.7417,psl6,2024,05,15,07
63.0,66.0,Phylloscopus humei,Hume's Warbler,0.8316,psl6,2024,05,15,07
69.0,72.0,Phylloscopus humei,Hume's Warbler,0.6399,psl6,2024,05,15,07
72.0,75.0,Phylloscopus occipitalis,Western Crowned Warbler,0.7702,psl6,2024,05,15,07
75.0,78.0,Phylloscopus humei,Hume's Warbler,0.9354,psl6,2024,05,15,07
87.0,90.0,Phylloscopus occipitalis,Western Crowned Warbler,0.7558,psl6,2024,05,15,07
90.0,93.0,Phylloscopus occipitalis,Western Crowned Warbler,0.5177,psl6,2024,05,15,07
105.0,108.0,Phylloscopus occipitalis,Western Crowned Warbler,0.5216,psl6,2024,05,15,07
111.0,114.0,Phylloscopus occipitalis,Western Crowned Warbler,0.5392,psl6,2024,05,15,07
186.0,189.0,Tarsiger rufilatus,Himalayan Bluetail,0.617,psl6,2024,05,15,07
198.0,201.0,Phylloscopus humei,Hume's Warbler,0.839,psl6,2024,05,15,07
255.0,258.0,Prunella strophiata,Rufous-breasted Accentor,0.6052,psl6,2024,05,15,07
267.0,270.0,Phylloscopus humei,Hume's Warbler,0.8923,psl6,2024,05,15,07
270.0,273.0,Phylloscopus humei,Hume's Warbler,0.5596,psl6,2024,05,15,07
273.0,276.0,Prunella strophiata,Rufous-breasted Accentor,0.6819,psl6,2024,05,15,07
276.0,279.0,Prunella strophiata,Rufous-breasted Accentor,0.8179,psl6,2024,05,15,07
288.0,291.0,Prunella strophiata,Rufous-breasted Accentor,0.905,psl6,2024,05,15,07
351.0,354.0,Phylloscopus occipitalis,Western Crowned Warbler,0.5037,psl6,2024,05,15,07
369.0,372.0,Calliope pectoralis,Himalayan Rubythroat,0.5138,psl6,2024,05,15,07
381.0,384.0,Phylloscopus occipitalis,Western Crowned Warbler,0.5287,psl6,2024,05,15,07
390.0,393.0,Phylloscopus occipitalis,Western Crowned Warbler,0.5395,psl6,2024,05,15,07
408.0,411.0,Phylloscopus occipitalis,Western Crowned Warbler,0.6603,psl6,2024,05,15,07
429.0,432.0,Phylloscopus occipitalis,Western Crowned Warbler,0.5287,psl6,2024,05,15,07
432.0,435.0,Phylloscopus humei,Hume's Warbler,0.5387,psl6,2024,05,15,07
438.0,441.0,Phylloscopus occipitalis,Western Crowned Warbler,0.6638,psl6,2024,05,15,07
441.0,444.0,Phylloscopus humei,Hume's Warbler,0.5529,psl6,2024,05,15,07
471.0,474.0,Phylloscopus humei,Hume's Warbler,0.6774,psl6,2024,05,15,07
474.0,477.0,Phylloscopus humei,Hume's Warbler,0.993,psl6,2024,05,15,07
513.0,516.0,Phylloscopus occipitalis,Western Crowned Warbler,0.6125,psl6,2024,05,15,07
522.0,525.0,Prunella strophiata,Rufous-breasted Accentor,0.8505,psl6,2024,05,15,07
552.0,555.0,Phylloscopus humei,Hume's Warbler,0.9987,psl6,2024,05,15,07
555.0,558.0,Phylloscopus humei,Hume's Warbler,0.9672,psl6,2024,05,15,07
561.0,564.0,Phylloscopus occipitalis,Western Crowned Warbler,0.551,psl6,2024,05,15,07
573.0,576.0,Phylloscopus humei,Hume's Warbler,0.9203,psl6,2024,05,15,07
576.0,579.0,Phylloscopus humei,Hume's Warbler,0.9623,psl6,2024,05,15,07
588.0,591.0,Phylloscopus occipitalis,Western Crowned Warbler,0.5775,psl6,2024,05,15,07
597.0,600.0,Phylloscopus humei,Hume's Warbler,0.5192,psl6,2024,05,15,07
600.0,603.0,Phylloscopus occipitalis,Western Crowned Warbler,0.6114,psl6,2024,05,15,07
606.0,609.0,Phylloscopus occipitalis,Western Crowned Warbler,0.8389,psl6,2024,05,15,07
612.0,615.0,Phylloscopus occipitalis,Western Crowned Warbler,0.5823,psl6,2024,05,15,07
624.0,627.0,Phylloscopus occipitalis,Western Crowned Warbler,0.5899,psl6,2024,05,15,07
630.0,633.0,Phylloscopus occipitalis,Western Crowned Warbler,0.6282,psl6,2024,05,15,07
633.0,636.0,Phylloscopus occipitalis,Western Crowned Warbler,0.7313,psl6,2024,05,15,07
648.0,651.0,Phylloscopus occipitalis,Western Crowned Warbler,0.6435,psl6,2024,05,15,07
651.0,654.0,Phylloscopus occipitalis,Western Crowned Warbler,0.6016,psl6,2024,05,15,07
654.0,657.0,Phylloscopus occipitalis,Western Crowned Warbler,0.8112,psl6,2024,05,15,07
678.0,681.0,Phylloscopus occipitalis,Western Crowned Warbler,0.5297,psl6,2024,05,15,07
681.0,684.0,Phylloscopus occipitalis,Western Crowned Warbler,0.8134,psl6,2024,05,15,07
684.0,687.0,Phylloscopus occipitalis,Western Crowned Warbler,0.6726,psl6,2024,05,15,07
687.0,690.0,Phylloscopus occipitalis,Western Crowned Warbler,0.7035,psl6,2024,05,15,07
690.0,693.0,Phylloscopus occipitalis,Western Crowned Warbler,0.9784,psl6,2024,05,15,07
696.0,699.0,Phylloscopus occipitalis,Western Crowned Warbler,0.9678,psl6,2024,05,15,07
699.0,702.0,Carpodacus erythrinus,Common Rosefinch,0.5123,psl6,2024,05,15,07
702.0,705.0,Phylloscopus occipitalis,Western Crowned Warbler,0.9799,psl6,2024,05,15,07
708.0,711.0,Phylloscopus occipitalis,Western Crowned Warbler,0.9888,psl6,2024,05,15,07
711.0,714.0,Phylloscopus occipitalis,Western Crowned Warbler,0.7908,psl6,2024,05,15,07
714.0,717.0,Phylloscopus occipitalis,Western Crowned Warbler,0.9877,psl6,2024,05,15,07
717.0,720.0,Phylloscopus occipitalis,Western Crowned Warbler,0.8921,psl6,2024,05,15,07
720.0,723.0,Phylloscopus occipitalis,Western Crowned Warbler,0.7894,psl6,2024,05,15,07
723.0,726.0,Phylloscopus occipitalis,Western Crowned Warbler,0.7766,psl6,2024,05,15,07
729.0,732.0,Phylloscopus occipitalis,Western Crowned Warbler,0.9862,psl6,2024,05,15,07
732.0,735.0,Phylloscopus occipitalis,Western Crowned Warbler,0.5211,psl6,2024,05,15,07
735.0,738.0,Phylloscopus occipitalis,Western Crowned Warbler,0.7728,psl6,2024,05,15,07
738.0,741.0,Phylloscopus occipitalis,Western Crowned Warbler,0.8652,psl6,2024,05,15,07
741.0,744.0,Phylloscopus occipitalis,Western Crowned Warbler,0.9323,psl6,2024,05,15,07
747.0,750.0,Phylloscopus occipitalis,Western Crowned Warbler,0.9233,psl6,2024,05,15,07
753.0,756.0,Phylloscopus occipitalis,Western Crowned Warbler,0.6984,psl6,2024,05,15,07
759.0,762.0,Phylloscopus occipitalis,Western Crowned Warbler,0.676,psl6,2024,05,15,07
765.0,768.0,Phylloscopus occipitalis,Western Crowned Warbler,0.6857,psl6,2024,05,15,07
771.0,774.0,Phylloscopus occipitalis,Western Crowned Warbler,0.653,psl6,2024,05,15,07
777.0,780.0,Phylloscopus occipitalis,Western Crowned Warbler,0.7612,psl6,2024,05,15,07
783.0,786.0,Phylloscopus occipitalis,Western Crowned Warbler,0.9222,psl6,2024,05,15,07
786.0,789.0,Phylloscopus occipitalis,Western Crowned Warbler,0.5793,psl6,2024,05,15,07
789.0,792.0,Phylloscopus occipitalis,Western Crowned Warbler,0.7311,psl6,2024,05,15,07
798.0,801.0,Phylloscopus occipitalis,Western Crowned Warbler,0.833,psl6,2024,05,15,07
804.0,807.0,Phylloscopus occipitalis,Western Crowned Warbler,0.7524,psl6,2024,05,15,07
810.0,813.0,Phylloscopus occipitalis,Western Crowned Warbler,0.9065,psl6,2024,05,15,07
816.0,819.0,Phylloscopus occipitalis,Western Crowned Warbler,0.9208,psl6,2024,05,15,07
819.0,822.0,Phylloscopus occipitalis,Western Crowned Warbler,0.7952,psl6,2024,05,15,07
825.0,828.0,Phylloscopus humei,Hume's Warbler,0.7103,psl6,2024,05,15,07
828.0,831.0,Phylloscopus occipitalis,Western Crowned Warbler,0.887,psl6,2024,05,15,07
831.0,834.0,Phylloscopus occipitalis,Western Crowned Warbler,0.7208,psl6,2024,05,15,07
834.0,837.0,Phylloscopus occipitalis,Western Crowned Warbler,0.8783,psl6,2024,05,15,07
837.0,840.0,Phylloscopus occipitalis,Western Crowned Warbler,0.5666,psl6,2024,05,15,07
843.0,846.0,Phylloscopus occipitalis,Western Crowned Warbler,0.9191,psl6,2024,05,15,07
849.0,852.0,Phylloscopus occipitalis,Western Crowned Warbler,0.7678,psl6,2024,05,15,07
855.0,858.0,Phylloscopus occipitalis,Western Crowned Warbler,0.851,psl6,2024,05,15,07
858.0,861.0,Tarsiger rufilatus,Himalayan Bluetail,0.7375,psl6,2024,05,15,07
861.0,864.0,Phylloscopus occipitalis,Western Crowned Warbler,0.9511,psl6,2024,05,15,07
867.0,870.0,Phylloscopus occipitalis,Western Crowned Warbler,0.9251,psl6,2024,05,15,07
870.0,873.0,Phylloscopus occipitalis,Western Crowned Warbler,0.912,psl6,2024,05,15,07
876.0,879.0,Phylloscopus occipitalis,Western Crowned Warbler,0.9754,psl6,2024,05,15,07
879.0,882.0,Phylloscopus occipitalis,Western Crowned Warbler,0.8104,psl6,2024,05,15,07
882.0,885.0,Phylloscopus occipitalis,Western Crowned Warbler,0.8715,psl6,2024,05,15,07
885.0,888.0,Phylloscopus occipitalis,Western Crowned Warbler,0.7636,psl6,2024,05,15,07
888.0,891.0,Phylloscopus occipitalis,Western Crowned Warbler,0.6296,psl6,2024,05,15,07
891.0,894.0,Phylloscopus occipitalis,Western Crowned Warbler,0.7672,psl6,2024,05,15,07
897.0,900.0,Phylloscopus occipitalis,Western Crowned Warbler,0.8173,psl6,2024,05,15,07
3.0,6.0,Phylloscopus occipitalis,Western Crowned Warbler,0.6596,psl6,2024,05,15,08
9.0,12.0,Phylloscopus humei,Hume's Warbler,0.6135,psl6,2024,05,15,08
36.0,39.0,Trochalopteron variegatum,Variegated Laughingthrush,0.5208,psl6,2024,05,15,08
39.0,42.0,Phylloscopus occipitalis,Western Crowned Warbler,0.5377,psl6,2024,05,15,08
63.0,66.0,Trochalopteron variegatum,Variegated Laughingthrush,0.6045,psl6,2024,05,15,08
111.0,114.0,Phylloscopus occipitalis,Western Crowned Warbler,0.7165,psl6,2024,05,15,08
120.0,123.0,Phylloscopus humei,Hume's Warbler,0.7968,psl6,2024,05,15,08
129.0,132.0,Phylloscopus humei,Hume's Warbler,0.661,psl6,2024,05,15,08
132.0,135.0,Phylloscopus humei,Hume's Warbler,0.8143,psl6,2024,05,15,08
147.0,150.0,Phylloscopus humei,Hume's Warbler,0.9498,psl6,2024,05,15,08
150.0,153.0,Phylloscopus humei,Hume's Warbler,0.8125,psl6,2024,05,15,08
183.0,186.0,Phylloscopus humei,Hume's Warbler,0.7666,psl6,2024,05,15,08
207.0,210.0,Phylloscopus humei,Hume's Warbler,0.8901,psl6,2024,05,15,08
216.0,219.0,Prunella strophiata,Rufous-breasted Accentor,0.6556,psl6,2024,05,15,08
228.0,231.0,Prunella strophiata,Rufous-breasted Accentor,0.7649,psl6,2024,05,15,08
237.0,240.0,Prunella strophiata,Rufous-breasted Accentor,0.5435,psl6,2024,05,15,08
240.0,243.0,Prunella strophiata,Rufous-breasted Accentor,0.7369,psl6,2024,05,15,08
258.0,261.0,Prunella strophiata,Rufous-breasted Accentor,0.9564,psl6,2024,05,15,08
261.0,264.0,Prunella strophiata,Rufous-breasted Accentor,0.8182,psl6,2024,05,15,08
264.0,267.0,Prunella strophiata,Rufous-breasted Accentor,0.6066,psl6,2024,05,15,08
297.0,300.0,Parus minor,Japanese Tit,0.6008,psl6,2024,05,15,08
336.0,339.0,Phylloscopus affinis,Tickell's Leaf Warbler,0.6174,psl6,2024,05,15,08
363.0,366.0,Streptopelia orientalis,Oriental Turtle-Dove,0.9618,psl6,2024,05,15,08
366.0,369.0,Streptopelia orientalis,Oriental Turtle-Dove,0.9299,psl6,2024,05,15,08
366.0,369.0,Phylloscopus humei,Hume's Warbler,0.5812,psl6,2024,05,15,08
369.0,372.0,Streptopelia orientalis,Oriental Turtle-Dove,0.7867,psl6,2024,05,15,08
372.0,375.0,Streptopelia orientalis,Oriental Turtle-Dove,0.9064,psl6,2024,05,15,08
375.0,378.0,Streptopelia orientalis,Oriental Turtle-Dove,0.6695,psl6,2024,05,15,08
378.0,381.0,Phylloscopus occipitalis,Western Crowned Warbler,0.5071,psl6,2024,05,15,08
405.0,408.0,Phylloscopus occipitalis,Western Crowned Warbler,0.9369,psl6,2024,05,15,08
423.0,426.0,Phylloscopus occipitalis,Western Crowned Warbler,0.8731,psl6,2024,05,15,08
429.0,432.0,Phylloscopus humei,Hume's Warbler,0.5848,psl6,2024,05,15,08
444.0,447.0,Phylloscopus occipitalis,Western Crowned Warbler,0.5835,psl6,2024,05,15,08
459.0,462.0,Zosterops japonicus,Warbling White-eye,0.5149,psl6,2024,05,15,08
468.0,471.0,Phylloscopus occipitalis,Western Crowned Warbler,0.7397,psl6,2024,05,15,08
471.0,474.0,Trochalopteron variegatum,Variegated Laughingthrush,0.5663,psl6,2024,05,15,08
498.0,501.0,Trochalopteron variegatum,Variegated Laughingthrush,0.5288,psl6,2024,05,15,08
498.0,501.0,Certhia hodgsoni,Hodgson's Treecreeper,0.5221,psl6,2024,05,15,08
507.0,510.0,Trochalopteron affine,Black-faced Laughingthrush,0.5271,psl6,2024,05,15,08
507.0,510.0,Certhia hodgsoni,Hodgson's Treecreeper,0.5232,psl6,2024,05,15,08
540.0,543.0,Trochalopteron variegatum,Variegated Laughingthrush,0.6526,psl6,2024,05,15,08
546.0,549.0,Phylloscopus humei,Hume's Warbler,0.9498,psl6,2024,05,15,08
555.0,558.0,Trochalopteron variegatum,Variegated Laughingthrush,0.5408,psl6,2024,05,15,08
558.0,561.0,Trochalopteron variegatum,Variegated Laughingthrush,0.685,psl6,2024,05,15,08
564.0,567.0,Phylloscopus occipitalis,Western Crowned Warbler,0.5514,psl6,2024,05,15,08
570.0,573.0,Trochalopteron variegatum,Variegated Laughingthrush,0.7685,psl6,2024,05,15,08
576.0,579.0,Trochalopteron variegatum,Variegated Laughingthrush,0.6454,psl6,2024,05,15,08
579.0,582.0,Phylloscopus occipitalis,Western Crowned Warbler,0.926,psl6,2024,05,15,08
594.0,597.0,Phylloscopus occipitalis,Western Crowned Warbler,0.8406,psl6,2024,05,15,08
606.0,609.0,Prunella strophiata,Rufous-breasted Accentor,0.7507,psl6,2024,05,15,08
624.0,627.0,Prunella strophiata,Rufous-breasted Accentor,0.9545,psl6,2024,05,15,08
627.0,630.0,Ficedula tricolor,Slaty-blue Flycatcher,0.5656,psl6,2024,05,15,08
663.0,666.0,Phylloscopus humei,Hume's Warbler,0.7379,psl6,2024,05,15,08
666.0,669.0,Phylloscopus humei,Hume's Warbler,0.9496,psl6,2024,05,15,08
744.0,747.0,Phylloscopus occipitalis,Western Crowned Warbler,0.9731,psl6,2024,05,15,08
762.0,765.0,Phylloscopus humei,Hume's Warbler,0.9759,psl6,2024,05,15,08
765.0,768.0,Phylloscopus humei,Hume's Warbler,0.9562,psl6,2024,05,15,08
789.0,792.0,Phylloscopus humei,Hume's Warbler,0.7408,psl6,2024,05,15,08
792.0,795.0,Phylloscopus humei,Hume's Warbler,0.9374,psl6,2024,05,15,08
798.0,801.0,Phylloscopus humei,Hume's Warbler,0.5001,psl6,2024,05,15,08
810.0,813.0,Phylloscopus humei,Hume's Warbler,0.94,psl6,2024,05,15,08
813.0,816.0,Phylloscopus humei,Hume's Warbler,0.9652,psl6,2024,05,15,08
816.0,819.0,Phylloscopus humei,Hume's Warbler,0.7415,psl6,2024,05,15,08
870.0,873.0,Phylloscopus occipitalis,Western Crowned Warbler,0.5702,psl6,2024,05,15,08
6.0,9.0,Phylloscopus humei,Hume's Warbler,0.9362,psl6,2024,05,15,09
12.0,15.0,Phylloscopus humei,Hume's Warbler,0.9618,psl6,2024,05,15,09
18.0,21.0,Phylloscopus occipitalis,Western Crowned Warbler,0.7363,psl6,2024,05,15,09
24.0,27.0,Phylloscopus occipitalis,Western Crowned Warbler,0.8706,psl6,2024,05,15,09
27.0,30.0,Phylloscopus occipitalis,Western Crowned Warbler,0.5313,psl6,2024,05,15,09
33.0,36.0,Phylloscopus occipitalis,Western Crowned Warbler,0.6708,psl6,2024,05,15,09
45.0,48.0,Prunella strophiata,Rufous-breasted Accentor,0.8827,psl6,2024,05,15,09
45.0,48.0,Ficedula parva,Red-breasted Flycatcher,0.5538,psl6,2024,05,15,09
87.0,90.0,Phylloscopus humei,Hume's Warbler,0.8205,psl6,2024,05,15,09
90.0,93.0,Phylloscopus humei,Hume's Warbler,0.9386,psl6,2024,05,15,09
102.0,105.0,Phylloscopus humei,Hume's Warbler,0.959,psl6,2024,05,15,09
105.0,108.0,Phylloscopus humei,Hume's Warbler,0.8151,psl6,2024,05,15,09
108.0,111.0,Phylloscopus humei,Hume's Warbler,0.6114,psl6,2024,05,15,09
114.0,117.0,Phylloscopus humei,Hume's Warbler,0.9711,psl6,2024,05,15,09
123.0,126.0,Phylloscopus humei,Hume's Warbler,0.9057,psl6,2024,05,15,09
126.0,129.0,Phylloscopus humei,Hume's Warbler,0.9151,psl6,2024,05,15,09
132.0,135.0,Phylloscopus humei,Hume's Warbler,0.6877,psl6,2024,05,15,09
147.0,150.0,Phylloscopus occipitalis,Western Crowned Warbler,0.8442,psl6,2024,05,15,09
150.0,153.0,Phylloscopus humei,Hume's Warbler,0.896,psl6,2024,05,15,09
153.0,156.0,Phylloscopus occipitalis,Western Crowned Warbler,0.9636,psl6,2024,05,15,09
165.0,168.0,Phylloscopus humei,Hume's Warbler,0.9629,psl6,2024,05,15,09
171.0,174.0,Phylloscopus occipitalis,Western Crowned Warbler,0.8176,psl6,2024,05,15,09
183.0,186.0,Phylloscopus humei,Hume's Warbler,0.9064,psl6,2024,05,15,09
186.0,189.0,Phylloscopus humei,Hume's Warbler,0.9867,psl6,2024,05,15,09
189.0,192.0,Phylloscopus humei,Hume's Warbler,0.9385,psl6,2024,05,15,09
192.0,195.0,Phylloscopus humei,Hume's Warbler,0.9871,psl6,2024,05,15,09
195.0,198.0,Phylloscopus humei,Hume's Warbler,0.9812,psl6,2024,05,15,09
219.0,222.0,Phylloscopus occipitalis,Western Crowned Warbler,0.9634,psl6,2024,05,15,09
225.0,228.0,Phylloscopus occipitalis,Western Crowned Warbler,0.8729,psl6,2024,05,15,09
234.0,237.0,Phylloscopus occipitalis,Western Crowned Warbler,0.9818,psl6,2024,05,15,09
240.0,243.0,Phylloscopus occipitalis,Western Crowned Warbler,0.9704,psl6,2024,05,15,09
243.0,246.0,Phylloscopus occipitalis,Western Crowned Warbler,0.8981,psl6,2024,05,15,09
252.0,255.0,Phylloscopus occipitalis,Western Crowned Warbler,0.9918,psl6,2024,05,15,09
261.0,264.0,Phylloscopus occipitalis,Western Crowned Warbler,0.709,psl6,2024,05,15,09
264.0,267.0,Phylloscopus occipitalis,Western Crowned Warbler,0.9375,psl6,2024,05,15,09
276.0,279.0,Phylloscopus occipitalis,Western Crowned Warbler,0.9652,psl6,2024,05,15,09
285.0,288.0,Phylloscopus occipitalis,Western Crowned Warbler,0.948,psl6,2024,05,15,09
294.0,297.0,Phylloscopus occipitalis,Western Crowned Warbler,0.9303,psl6,2024,05,15,09
297.0,300.0,Phylloscopus humei,Hume's Warbler,0.8997,psl6,2024,05,15,09
300.0,303.0,Phylloscopus humei,Hume's Warbler,0.7052,psl6,2024,05,15,09
303.0,306.0,Phylloscopus humei,Hume's Warbler,0.9989,psl6,2024,05,15,09
306.0,309.0,Phylloscopus occipitalis,Western Crowned Warbler,0.729,psl6,2024,05,15,09
312.0,315.0,Phylloscopus humei,Hume's Warbler,0.8122,psl6,2024,05,15,09
315.0,318.0,Phylloscopus occipitalis,Western Crowned Warbler,0.7309,psl6,2024,05,15,09
324.0,327.0,Phylloscopus humei,Hume's Warbler,0.9248,psl6,2024,05,15,09
342.0,345.0,Phylloscopus humei,Hume's Warbler,0.5056,psl6,2024,05,15,09
345.0,348.0,Phylloscopus humei,Hume's Warbler,0.9182,psl6,2024,05,15,09
351.0,354.0,Phylloscopus occipitalis,Western Crowned Warbler,0.5365,psl6,2024,05,15,09
354.0,357.0,Phylloscopus humei,Hume's Warbler,0.9664,psl6,2024,05,15,09
357.0,360.0,Phylloscopus humei,Hume's Warbler,1.0,psl6,2024,05,15,09
381.0,384.0,Phylloscopus occipitalis,Western Crowned Warbler,0.6097,psl6,2024,05,15,09
384.0,387.0,Phylloscopus occipitalis,Western Crowned Warbler,0.6955,psl6,2024,05,15,09
402.0,405.0,Phylloscopus occipitalis,Western Crowned Warbler,0.9696,psl6,2024,05,15,09
414.0,417.0,Phylloscopus occipitalis,Western Crowned Warbler,0.7604,psl6,2024,05,15,09
426.0,429.0,Phylloscopus occipitalis,Western Crowned Warbler,0.8198,psl6,2024,05,15,09
438.0,441.0,Phylloscopus occipitalis,Western Crowned Warbler,0.9205,psl6,2024,05,15,09
456.0,459.0,Phylloscopus occipitalis,Western Crowned Warbler,0.6471,psl6,2024,05,15,09
459.0,462.0,Phylloscopus humei,Hume's Warbler,0.804,psl6,2024,05,15,09
468.0,471.0,Phylloscopus occipitalis,Western Crowned Warbler,0.7854,psl6,2024,05,15,09
471.0,474.0,Phylloscopus occipitalis,Western Crowned Warbler,0.8336,psl6,2024,05,15,09
483.0,486.0,Phylloscopus occipitalis,Western Crowned Warbler,0.7173,psl6,2024,05,15,09
492.0,495.0,Phylloscopus occipitalis,Western Crowned Warbler,0.9527,psl6,2024,05,15,09
498.0,501.0,Phylloscopus humei,Hume's Warbler,0.993,psl6,2024,05,15,09
501.0,504.0,Phylloscopus occipitalis,Western Crowned Warbler,0.5986,psl6,2024,05,15,09
510.0,513.0,Phylloscopus occipitalis,Western Crowned Warbler,0.7847,psl6,2024,05,15,09
513.0,516.0,Phylloscopus occipitalis,Western Crowned Warbler,0.7145,psl6,2024,05,15,09
519.0,522.0,Phylloscopus occipitalis,Western Crowned Warbler,0.6585,psl6,2024,05,15,09
522.0,525.0,Phylloscopus occipitalis,Western Crowned Warbler,0.8225,psl6,2024,05,15,09
528.0,531.0,Phylloscopus occipitalis,Western Crowned Warbler,0.8539,psl6,2024,05,15,09
540.0,543.0,Phylloscopus occipitalis,Western Crowned Warbler,0.8312,psl6,2024,05,15,09
549.0,552.0,Phylloscopus occipitalis,Western Crowned Warbler,0.7657,psl6,2024,05,15,09
558.0,561.0,Phylloscopus occipitalis,Western Crowned Warbler,0.8411,psl6,2024,05,15,09
564.0,567.0,Phylloscopus humei,Hume's Warbler,0.9533,psl6,2024,05,15,09
567.0,570.0,Phylloscopus humei,Hume's Warbler,0.9625,psl6,2024,05,15,09
573.0,576.0,Phylloscopus humei,Hume's Warbler,0.9311,psl6,2024,05,15,09
576.0,579.0,Phylloscopus humei,Hume's Warbler,0.979,psl6,2024,05,15,09
579.0,582.0,Phylloscopus humei,Hume's Warbler,0.8811,psl6,2024,05,15,09
582.0,585.0,Phylloscopus humei,Hume's Warbler,0.8365,psl6,2024,05,15,09
585.0,588.0,Phylloscopus humei,Hume's Warbler,0.985,psl6,2024,05,15,09
588.0,591.0,Phylloscopus humei,Hume's Warbler,0.9365,psl6,2024,05,15,09
591.0,594.0,Phylloscopus occipitalis,Western Crowned Warbler,0.9126,psl6,2024,05,15,09
594.0,597.0,Phylloscopus humei,Hume's Warbler,0.9617,psl6,2024,05,15,09
597.0,600.0,Phylloscopus humei,Hume's Warbler,0.8751,psl6,2024,05,15,09
600.0,603.0,Phylloscopus occipitalis,Western Crowned Warbler,0.9433,psl6,2024,05,15,09
621.0,624.0,Phylloscopus occipitalis,Western Crowned Warbler,0.955,psl6,2024,05,15,09
630.0,633.0,Phylloscopus occipitalis,Western Crowned Warbler,0.893,psl6,2024,05,15,09
636.0,639.0,Phylloscopus humei,Hume's Warbler,0.9728,psl6,2024,05,15,09
642.0,645.0,Phylloscopus occipitalis,Western Crowned Warbler,0.6066,psl6,2024,05,15,09
645.0,648.0,Phylloscopus humei,Hume's Warbler,0.9383,psl6,2024,05,15,09
651.0,654.0,Phylloscopus occipitalis,Western Crowned Warbler,0.8742,psl6,2024,05,15,09
657.0,660.0,Phylloscopus occipitalis,Western Crowned Warbler,0.9866,psl6,2024,05,15,09
660.0,663.0,Phylloscopus occipitalis,Western Crowned Warbler,0.8319,psl6,2024,05,15,09
666.0,669.0,Phylloscopus occipitalis,Western Crowned Warbler,0.99,psl6,2024,05,15,09
675.0,678.0,Phylloscopus occipitalis,Western Crowned Warbler,0.9586,psl6,2024,05,15,09
687.0,690.0,Phylloscopus occipitalis,Western Crowned Warbler,0.9887,psl6,2024,05,15,09
696.0,699.0,Phylloscopus occipitalis,Western Crowned Warbler,0.9523,psl6,2024,05,15,09
705.0,708.0,Phylloscopus occipitalis,Western Crowned Warbler,0.9419,psl6,2024,05,15,09
714.0,717.0,Phylloscopus occipitalis,Western Crowned Warbler,0.8761,psl6,2024,05,15,09
717.0,720.0,Phylloscopus occipitalis,Western Crowned Warbler,0.7265,psl6,2024,05,15,09
726.0,729.0,Phylloscopus occipitalis,Western Crowned Warbler,0.9603,psl6,2024,05,15,09
735.0,738.0,Phylloscopus occipitalis,Western Crowned Warbler,0.5793,psl6,2024,05,15,09
747.0,750.0,Phylloscopus occipitalis,Western Crowned Warbler,0.9016,psl6,2024,05,15,09
762.0,765.0,Phylloscopus occipitalis,Western Crowned Warbler,0.8237,psl6,2024,05,15,09
771.0,774.0,Phylloscopus occipitalis,Western Crowned Warbler,0.6469,psl6,2024,05,15,09
783.0,786.0,Phylloscopus occipitalis,Western Crowned Warbler,0.7272,psl6,2024,05,15,09
795.0,798.0,Phylloscopus occipitalis,Western Crowned Warbler,0.6024,psl6,2024,05,15,09
807.0,810.0,Phylloscopus humei,Hume's Warbler,0.7078,psl6,2024,05,15,09
819.0,822.0,Phylloscopus humei,Hume's Warbler,0.8966,psl6,2024,05,15,09
822.0,825.0,Phylloscopus humei,Hume's Warbler,0.5399,psl6,2024,05,15,09
828.0,831.0,Phylloscopus occipitalis,Western Crowned Warbler,0.6169,psl6,2024,05,15,09
843.0,846.0,Phylloscopus humei,Hume's Warbler,0.9134,psl6,2024,05,15,09
849.0,852.0,Phylloscopus humei,Hume's Warbler,0.9102,psl6,2024,05,15,09
864.0,867.0,Phylloscopus occipitalis,Western Crowned Warbler,0.5028,psl6,2024,05,15,09
876.0,879.0,Phylloscopus humei,Hume's Warbler,0.9277,psl6,2024,05,15,09
891.0,894.0,Phylloscopus occipitalis,Western Crowned Warbler,0.6956,psl6,2024,05,15,09
6.0,9.0,Phylloscopus occipitalis,Western Crowned Warbler,0.5108,psl6,2024,05,16,06
15.0,18.0,Atlapetes schistaceus,Slaty Brushfinch,0.6259,psl6,2024,05,16,06
18.0,21.0,Phylloscopus humei,Hume's Warbler,0.9503,psl6,2024,05,16,06
33.0,36.0,Carpodacus erythrinus,Common Rosefinch,0.8578,psl6,2024,05,16,06
36.0,39.0,Carpodacus erythrinus,Common Rosefinch,0.6548,psl6,2024,05,16,06
39.0,42.0,Carpodacus erythrinus,Common Rosefinch,0.574,psl6,2024,05,16,06
45.0,48.0,Carpodacus erythrinus,Common Rosefinch,0.9267,psl6,2024,05,16,06
60.0,63.0,Carpodacus erythrinus,Common Rosefinch,0.7082,psl6,2024,05,16,06
66.0,69.0,Carpodacus erythrinus,Common Rosefinch,0.789,psl6,2024,05,16,06
96.0,99.0,Carpodacus erythrinus,Common Rosefinch,0.7802,psl6,2024,05,16,06
129.0,132.0,Carpodacus erythrinus,Common Rosefinch,0.5286,psl6,2024,05,16,06
141.0,144.0,Phylloscopus humei,Hume's Warbler,0.6845,psl6,2024,05,16,06
150.0,153.0,Phylloscopus humei,Hume's Warbler,0.7754,psl6,2024,05,16,06
153.0,156.0,Prunella strophiata,Rufous-breasted Accentor,0.9416,psl6,2024,05,16,06
153.0,156.0,Carpodacus erythrinus,Common Rosefinch,0.6138,psl6,2024,05,16,06
174.0,177.0,Phylloscopus humei,Hume's Warbler,0.9999,psl6,2024,05,16,06
180.0,183.0,Carpodacus erythrinus,Common Rosefinch,0.9584,psl6,2024,05,16,06
186.0,189.0,Carpodacus erythrinus,Common Rosefinch,0.7924,psl6,2024,05,16,06
192.0,195.0,Carpodacus erythrinus,Common Rosefinch,0.839,psl6,2024,05,16,06
195.0,198.0,Phylloscopus humei,Hume's Warbler,0.7363,psl6,2024,05,16,06
198.0,201.0,Carpodacus erythrinus,Common Rosefinch,0.6258,psl6,2024,05,16,06
201.0,204.0,Carpodacus erythrinus,Common Rosefinch,0.9956,psl6,2024,05,16,06
204.0,207.0,Carpodacus erythrinus,Common Rosefinch,0.9844,psl6,2024,05,16,06
210.0,213.0,Carpodacus erythrinus,Common Rosefinch,0.8285,psl6,2024,05,16,06
213.0,216.0,Carpodacus erythrinus,Common Rosefinch,0.982,psl6,2024,05,16,06
222.0,225.0,Carpodacus erythrinus,Common Rosefinch,0.9205,psl6,2024,05,16,06
222.0,225.0,Prunella strophiata,Rufous-breasted Accentor,0.5484,psl6,2024,05,16,06
228.0,231.0,Carpodacus erythrinus,Common Rosefinch,0.8375,psl6,2024,05,16,06
231.0,234.0,Carpodacus erythrinus,Common Rosefinch,0.8597,psl6,2024,05,16,06
234.0,237.0,Calliope pectoralis,Himalayan Rubythroat,0.6161,psl6,2024,05,16,06
243.0,246.0,Prunella strophiata,Rufous-breasted Accentor,0.5979,psl6,2024,05,16,06
249.0,252.0,Carpodacus erythrinus,Common Rosefinch,0.9997,psl6,2024,05,16,06
255.0,258.0,Carpodacus erythrinus,Common Rosefinch,0.9717,psl6,2024,05,16,06
297.0,300.0,Phylloscopus occipitalis,Western Crowned Warbler,0.7594,psl6,2024,05,16,06
303.0,306.0,Carpodacus erythrinus,Common Rosefinch,0.7708,psl6,2024,05,16,06
306.0,309.0,Phylloscopus occipitalis,Western Crowned Warbler,0.5508,psl6,2024,05,16,06
309.0,312.0,Phylloscopus occipitalis,Western Crowned Warbler,0.6449,psl6,2024,05,16,06
315.0,318.0,Phylloscopus occipitalis,Western Crowned Warbler,0.5936,psl6,2024,05,16,06
324.0,327.0,Phylloscopus occipitalis,Western Crowned Warbler,0.7072,psl6,2024,05,16,06
348.0,351.0,Prunella strophiata,Rufous-breasted Accentor,0.598,psl6,2024,05,16,06
369.0,372.0,Prunella strophiata,Rufous-breasted Accentor,0.5596,psl6,2024,05,16,06
375.0,378.0,Phylloscopus humei,Hume's Warbler,0.8607,psl6,2024,05,16,06
399.0,402.0,Phylloscopus occipitalis,Western Crowned Warbler,0.5365,psl6,2024,05,16,06
414.0,417.0,Phylloscopus occipitalis,Western Crowned Warbler,0.7061,psl6,2024,05,16,06
438.0,441.0,Carpodacus erythrinus,Common Rosefinch,0.5514,psl6,2024,05,16,06
450.0,453.0,Carpodacus erythrinus,Common Rosefinch,0.8344,psl6,2024,05,16,06
462.0,465.0,Carpodacus erythrinus,Common Rosefinch,0.6914,psl6,2024,05,16,06
480.0,483.0,Phylloscopus occipitalis,Western Crowned Warbler,0.9331,psl6,2024,05,16,06
486.0,489.0,Phylloscopus occipitalis,Western Crowned Warbler,0.9939,psl6,2024,05,16,06
492.0,495.0,Phylloscopus occipitalis,Western Crowned Warbler,0.93,psl6,2024,05,16,06
495.0,498.0,Phylloscopus occipitalis,Western Crowned Warbler,0.9556,psl6,2024,05,16,06
498.0,501.0,Phylloscopus occipitalis,Western Crowned Warbler,0.9649,psl6,2024,05,16,06
501.0,504.0,Phylloscopus occipitalis,Western Crowned Warbler,0.897,psl6,2024,05,16,06
504.0,507.0,Phylloscopus occipitalis,Western Crowned Warbler,0.9465,psl6,2024,05,16,06
507.0,510.0,Phylloscopus occipitalis,Western Crowned Warbler,0.5204,psl6,2024,05,16,06
510.0,513.0,Phylloscopus occipitalis,Western Crowned Warbler,0.6984,psl6,2024,05,16,06
513.0,516.0,Phylloscopus occipitalis,Western Crowned Warbler,0.7742,psl6,2024,05,16,06
516.0,519.0,Carpodacus erythrinus,Common Rosefinch,0.7601,psl6,2024,05,16,06
519.0,522.0,Phylloscopus occipitalis,Western Crowned Warbler,0.9434,psl6,2024,05,16,06
528.0,531.0,Phylloscopus occipitalis,Western Crowned Warbler,0.9584,psl6,2024,05,16,06
540.0,543.0,Phylloscopus occipitalis,Western Crowned Warbler,0.9903,psl6,2024,05,16,06
546.0,549.0,Phylloscopus occipitalis,Western Crowned Warbler,0.7296,psl6,2024,05,16,06
549.0,552.0,Phylloscopus occipitalis,Western Crowned Warbler,0.994,psl6,2024,05,16,06
561.0,564.0,Phylloscopus occipitalis,Western Crowned Warbler,0.9457,psl6,2024,05,16,06
567.0,570.0,Phylloscopus occipitalis,Western Crowned Warbler,0.8355,psl6,2024,05,16,06
573.0,576.0,Phylloscopus occipitalis,Western Crowned Warbler,0.8098,psl6,2024,05,16,06
594.0,597.0,Phylloscopus occipitalis,Western Crowned Warbler,0.8827,psl6,2024,05,16,06
597.0,600.0,Phylloscopus occipitalis,Western Crowned Warbler,0.7546,psl6,2024,05,16,06
600.0,603.0,Phylloscopus occipitalis,Western Crowned Warbler,0.7139,psl6,2024,05,16,06
603.0,606.0,Phylloscopus occipitalis,Western Crowned Warbler,0.5739,psl6,2024,05,16,06
606.0,609.0,Phylloscopus occipitalis,Western Crowned Warbler,0.5023,psl6,2024,05,16,06
615.0,618.0,Phylloscopus occipitalis,Western Crowned Warbler,0.8939,psl6,2024,05,16,06
618.0,621.0,Phylloscopus occipitalis,Western Crowned Warbler,0.6967,psl6,2024,05,16,06
621.0,624.0,Phylloscopus occipitalis,Western Crowned Warbler,0.8718,psl6,2024,05,16,06
624.0,627.0,Phylloscopus occipitalis,Western Crowned Warbler,0.853,psl6,2024,05,16,06
627.0,630.0,Phylloscopus occipitalis,Western Crowned Warbler,0.5224,psl6,2024,05,16,06
630.0,633.0,Phylloscopus occipitalis,Western Crowned Warbler,0.6148,psl6,2024,05,16,06
633.0,636.0,Phylloscopus occipitalis,Western Crowned Warbler,0.5652,psl6,2024,05,16,06
636.0,639.0,Phylloscopus occipitalis,Western Crowned Warbler,0.6508,psl6,2024,05,16,06
642.0,645.0,Phylloscopus occipitalis,Western Crowned Warbler,0.8763,psl6,2024,05,16,06
648.0,651.0,Phylloscopus occipitalis,Western Crowned Warbler,0.6967,psl6,2024,05,16,06
654.0,657.0,Phylloscopus occipitalis,Western Crowned Warbler,0.6791,psl6,2024,05,16,06
657.0,660.0,Phylloscopus occipitalis,Western Crowned Warbler,0.6915,psl6,2024,05,16,06
663.0,666.0,Phylloscopus occipitalis,Western Crowned Warbler,0.7603,psl6,2024,05,16,06
666.0,669.0,Phylloscopus occipitalis,Western Crowned Warbler,0.822,psl6,2024,05,16,06
672.0,675.0,Phylloscopus occipitalis,Western Crowned Warbler,0.9125,psl6,2024,05,16,06
681.0,684.0,Phylloscopus occipitalis,Western Crowned Warbler,0.9037,psl6,2024,05,16,06
684.0,687.0,Phylloscopus humei,Hume's Warbler,0.5984,psl6,2024,05,16,06
690.0,693.0,Phylloscopus occipitalis,Western Crowned Warbler,0.9382,psl6,2024,05,16,06
696.0,699.0,Phylloscopus occipitalis,Western Crowned Warbler,0.9693,psl6,2024,05,16,06
702.0,705.0,Phylloscopus occipitalis,Western Crowned Warbler,0.9526,psl6,2024,05,16,06
708.0,711.0,Phylloscopus occipitalis,Western Crowned Warbler,0.9749,psl6,2024,05,16,06
711.0,714.0,Phylloscopus occipitalis,Western Crowned Warbler,0.9476,psl6,2024,05,16,06
714.0,717.0,Phylloscopus occipitalis,Western Crowned Warbler,0.985,psl6,2024,05,16,06
720.0,723.0,Phylloscopus occipitalis,Western Crowned Warbler,0.9464,psl6,2024,05,16,06
723.0,726.0,Phylloscopus occipitalis,Western Crowned Warbler,0.5631,psl6,2024,05,16,06
726.0,729.0,Phylloscopus occipitalis,Western Crowned Warbler,0.983,psl6,2024,05,16,06
729.0,732.0,Phylloscopus reguloides,Blyth's Leaf Warbler,0.5231,psl6,2024,05,16,06
732.0,735.0,Phylloscopus occipitalis,Western Crowned Warbler,0.9784,psl6,2024,05,16,06
735.0,738.0,Phylloscopus occipitalis,Western Crowned Warbler,0.8561,psl6,2024,05,16,06
747.0,750.0,Phylloscopus occipitalis,Western Crowned Warbler,0.9148,psl6,2024,05,16,06
750.0,753.0,Phylloscopus occipitalis,Western Crowned Warbler,0.6365,psl6,2024,05,16,06
756.0,759.0,Phylloscopus occipitalis,Western Crowned Warbler,0.9213,psl6,2024,05,16,06
786.0,789.0,Phylloscopus humei,Hume's Warbler,0.5689,psl6,2024,05,16,06
858.0,861.0,Phylloscopus humei,Hume's Warbler,0.6076,psl6,2024,05,16,06
15.0,18.0,Phylloscopus occipitalis,Western Crowned Warbler,0.5427,psl6,2024,05,16,07
18.0,21.0,Phylloscopus occipitalis,Western Crowned Warbler,0.8072,psl6,2024,05,16,07
21.0,24.0,Phylloscopus humei,Hume's Warbler,0.6567,psl6,2024,05,16,07
21.0,24.0,Phylloscopus affinis,Tickell's Leaf Warbler,0.5329,psl6,2024,05,16,07
36.0,39.0,Phylloscopus occipitalis,Western Crowned Warbler,0.8089,psl6,2024,05,16,07
45.0,48.0,Phylloscopus humei,Hume's Warbler,0.9107,psl6,2024,05,16,07
48.0,51.0,Phylloscopus humei,Hume's Warbler,0.9888,psl6,2024,05,16,07
54.0,57.0,Phylloscopus occipitalis,Western Crowned Warbler,0.9962,psl6,2024,05,16,07
57.0,60.0,Phylloscopus occipitalis,Western Crowned Warbler,0.6732,psl6,2024,05,16,07
60.0,63.0,Phylloscopus humei,Hume's Warbler,0.8822,psl6,2024,05,16,07
66.0,69.0,Phylloscopus humei,Hume's Warbler,0.7417,psl6,2024,05,16,07
72.0,75.0,Phylloscopus humei,Hume's Warbler,0.6973,psl6,2024,05,16,07
75.0,78.0,Phylloscopus humei,Hume's Warbler,0.9678,psl6,2024,05,16,07
78.0,81.0,Phylloscopus occipitalis,Western Crowned Warbler,0.9225,psl6,2024,05,16,07
84.0,87.0,Phylloscopus humei,Hume's Warbler,0.8599,psl6,2024,05,16,07
87.0,90.0,Phylloscopus occipitalis,Western Crowned Warbler,0.842,psl6,2024,05,16,07
90.0,93.0,Phylloscopus humei,Hume's Warbler,0.8594,psl6,2024,05,16,07
93.0,96.0,Phylloscopus humei,Hume's Warbler,0.9076,psl6,2024,05,16,07
96.0,99.0,Phylloscopus occipitalis,Western Crowned Warbler,0.6768,psl6,2024,05,16,07
108.0,111.0,Phylloscopus occipitalis,Western Crowned Warbler,0.7696,psl6,2024,05,16,07
123.0,126.0,Phylloscopus occipitalis,Western Crowned Warbler,0.5946,psl6,2024,05,16,07
126.0,129.0,Phylloscopus occipitalis,Western Crowned Warbler,0.5456,psl6,2024,05,16,07
153.0,156.0,Phylloscopus humei,Hume's Warbler,0.8691,psl6,2024,05,16,07
156.0,159.0,Phylloscopus humei,Hume's Warbler,0.9999,psl6,2024,05,16,07
183.0,186.0,Phylloscopus humei,Hume's Warbler,0.8067,psl6,2024,05,16,07
231.0,234.0,Phylloscopus occipitalis,Western Crowned Warbler,0.6874,psl6,2024,05,16,07
258.0,261.0,Phylloscopus occipitalis,Western Crowned Warbler,0.5656,psl6,2024,05,16,07
270.0,273.0,Phylloscopus occipitalis,Western Crowned Warbler,0.6553,psl6,2024,05,16,07
330.0,333.0,Carpodacus erythrinus,Common Rosefinch,0.5311,psl6,2024,05,16,07
336.0,339.0,Phylloscopus humei,Hume's Warbler,0.9934,psl6,2024,05,16,07
345.0,348.0,Phylloscopus occipitalis,Western Crowned Warbler,0.7389,psl6,2024,05,16,07
354.0,357.0,Phylloscopus humei,Hume's Warbler,0.999,psl6,2024,05,16,07
366.0,369.0,Phylloscopus humei,Hume's Warbler,0.7845,psl6,2024,05,16,07
381.0,384.0,Phylloscopus humei,Hume's Warbler,0.5995,psl6,2024,05,16,07
399.0,402.0,Phylloscopus humei,Hume's Warbler,0.8593,psl6,2024,05,16,07
450.0,453.0,Phylloscopus occipitalis,Western Crowned Warbler,0.5015,psl6,2024,05,16,07
549.0,552.0,Carpodacus erythrinus,Common Rosefinch,0.6985,psl6,2024,05,16,07
588.0,591.0,Carpodacus erythrinus,Common Rosefinch,0.8341,psl6,2024,05,16,07
615.0,618.0,Carpodacus erythrinus,Common Rosefinch,0.8932,psl6,2024,05,16,07
627.0,630.0,Carpodacus erythrinus,Common Rosefinch,0.7122,psl6,2024,05,16,07
639.0,642.0,Carpodacus erythrinus,Common Rosefinch,0.7577,psl6,2024,05,16,07
642.0,645.0,Carpodacus erythrinus,Common Rosefinch,0.8488,psl6,2024,05,16,07
654.0,657.0,Carpodacus erythrinus,Common Rosefinch,0.5423,psl6,2024,05,16,07
657.0,660.0,Carpodacus erythrinus,Common Rosefinch,0.5324,psl6,2024,05,16,07
660.0,663.0,Phylloscopus occipitalis,Western Crowned Warbler,0.5776,psl6,2024,05,16,07
663.0,666.0,Phylloscopus sindianus,Mountain Chiffchaff,0.5497,psl6,2024,05,16,07
675.0,678.0,Carpodacus erythrinus,Common Rosefinch,0.5217,psl6,2024,05,16,07
690.0,693.0,Phylloscopus humei,Hume's Warbler,0.993,psl6,2024,05,16,07
705.0,708.0,Carpodacus erythrinus,Common Rosefinch,0.8638,psl6,2024,05,16,07
708.0,711.0,Phylloscopus occipitalis,Western Crowned Warbler,0.8015,psl6,2024,05,16,07
711.0,714.0,Prunella strophiata,Rufous-breasted Accentor,0.9983,psl6,2024,05,16,07
714.0,717.0,Prunella strophiata,Rufous-breasted Accentor,0.7765,psl6,2024,05,16,07
717.0,720.0,Prunella strophiata,Rufous-breasted Accentor,0.6809,psl6,2024,05,16,07
720.0,723.0,Prunella strophiata,Rufous-breasted Accentor,0.7982,psl6,2024,05,16,07
723.0,726.0,Prunella strophiata,Rufous-breasted Accentor,0.9491,psl6,2024,05,16,07
729.0,732.0,Carpodacus erythrinus,Common Rosefinch,0.6106,psl6,2024,05,16,07
732.0,735.0,Carpodacus erythrinus,Common Rosefinch,0.9167,psl6,2024,05,16,07
741.0,744.0,Carpodacus erythrinus,Common Rosefinch,0.5603,psl6,2024,05,16,07
747.0,750.0,Carpodacus erythrinus,Common Rosefinch,0.5773,psl6,2024,05,16,07
756.0,759.0,Carpodacus erythrinus,Common Rosefinch,0.7219,psl6,2024,05,16,07
768.0,771.0,Carpodacus erythrinus,Common Rosefinch,0.82,psl6,2024,05,16,07
777.0,780.0,Carpodacus erythrinus,Common Rosefinch,0.6712,psl6,2024,05,16,07
780.0,783.0,Phylloscopus occipitalis,Western Crowned Warbler,0.5411,psl6,2024,05,16,07
792.0,795.0,Carpodacus erythrinus,Common Rosefinch,0.6996,psl6,2024,05,16,07
804.0,807.0,Carpodacus erythrinus,Common Rosefinch,0.7094,psl6,2024,05,16,07
807.0,810.0,Carpodacus erythrinus,Common Rosefinch,0.7539,psl6,2024,05,16,07
810.0,813.0,Phylloscopus occipitalis,Western Crowned Warbler,0.5768,psl6,2024,05,16,07
813.0,816.0,Carpodacus erythrinus,Common Rosefinch,0.7859,psl6,2024,05,16,07
816.0,819.0,Carpodacus erythrinus,Common Rosefinch,0.8836,psl6,2024,05,16,07
822.0,825.0,Carpodacus erythrinus,Common Rosefinch,0.8887,psl6,2024,05,16,07
834.0,837.0,Phylloscopus humei,Hume's Warbler,0.6811,psl6,2024,05,16,07
837.0,840.0,Carpodacus erythrinus,Common Rosefinch,0.8574,psl6,2024,05,16,07
858.0,861.0,Phylloscopus humei,Hume's Warbler,0.796,psl6,2024,05,16,07
861.0,864.0,Phylloscopus humei,Hume's Warbler,0.5492,psl6,2024,05,16,07
867.0,870.0,Carpodacus erythrinus,Common Rosefinch,0.5678,psl6,2024,05,16,07
870.0,873.0,Mecocerculus stictopterus,White-banded Tyrannulet,0.5564,psl6,2024,05,16,07
873.0,876.0,Trochalopteron variegatum,Variegated Laughingthrush,0.5539,psl6,2024,05,16,07
885.0,888.0,Trochalopteron variegatum,Variegated Laughingthrush,0.9494,psl6,2024,05,16,07
885.0,888.0,Phylloscopus humei,Hume's Warbler,0.6534,psl6,2024,05,16,07
891.0,894.0,Trochalopteron variegatum,Variegated Laughingthrush,0.7289,psl6,2024,05,16,07
894.0,897.0,Trochalopteron variegatum,Variegated Laughingthrush,0.5034,psl6,2024,05,16,07
33.0,36.0,Phylloscopus occipitalis,Western Crowned Warbler,0.5811,psl6,2024,05,16,08
51.0,54.0,Phylloscopus occipitalis,Western Crowned Warbler,0.5623,psl6,2024,05,16,08
72.0,75.0,Phylloscopus humei,Hume's Warbler,0.9303,psl6,2024,05,16,08
93.0,96.0,Ficedula parva,Red-breasted Flycatcher,0.548,psl6,2024,05,16,08
123.0,126.0,Phylloscopus humei,Hume's Warbler,0.9834,psl6,2024,05,16,08
132.0,135.0,Aeronautes montivagus,White-tipped Swift,0.7071,psl6,2024,05,16,08
144.0,147.0,Bombycilla garrulus,Bohemian Waxwing,0.8035,psl6,2024,05,16,08
159.0,162.0,Phylloscopus humei,Hume's Warbler,0.9996,psl6,2024,05,16,08
162.0,165.0,Phylloscopus humei,Hume's Warbler,0.9954,psl6,2024,05,16,08
174.0,177.0,Phylloscopus occipitalis,Western Crowned Warbler,0.7588,psl6,2024,05,16,08
177.0,180.0,Phylloscopus humei,Hume's Warbler,0.7667,psl6,2024,05,16,08
180.0,183.0,Phylloscopus humei,Hume's Warbler,0.8966,psl6,2024,05,16,08
183.0,186.0,Phylloscopus humei,Hume's Warbler,0.8602,psl6,2024,05,16,08
195.0,198.0,Phylloscopus humei,Hume's Warbler,0.7234,psl6,2024,05,16,08
201.0,204.0,Phylloscopus humei,Hume's Warbler,0.5756,psl6,2024,05,16,08
207.0,210.0,Phylloscopus humei,Hume's Warbler,0.8453,psl6,2024,05,16,08
225.0,228.0,Phylloscopus occipitalis,Western Crowned Warbler,0.8698,psl6,2024,05,16,08
255.0,258.0,Phylloscopus humei,Hume's Warbler,0.8999,psl6,2024,05,16,08
261.0,264.0,Phylloscopus occipitalis,Western Crowned Warbler,0.6798,psl6,2024,05,16,08
279.0,282.0,Phylloscopus humei,Hume's Warbler,0.7959,psl6,2024,05,16,08
285.0,288.0,Phylloscopus occipitalis,Western Crowned Warbler,0.6952,psl6,2024,05,16,08
291.0,294.0,Phylloscopus humei,Hume's Warbler,0.9179,psl6,2024,05,16,08
291.0,294.0,Phylloscopus affinis,Tickell's Leaf Warbler,0.5336,psl6,2024,05,16,08
300.0,303.0,Phylloscopus humei,Hume's Warbler,0.7659,psl6,2024,05,16,08
312.0,315.0,Tarsiger rufilatus,Himalayan Bluetail,0.8347,psl6,2024,05,16,08
351.0,354.0,Phylloscopus occipitalis,Western Crowned Warbler,0.5975,psl6,2024,05,16,08
414.0,417.0,Phylloscopus humei,Hume's Warbler,0.9267,psl6,2024,05,16,08
561.0,564.0,Phylloscopus humei,Hume's Warbler,0.8406,psl6,2024,05,16,08
573.0,576.0,Phylloscopus humei,Hume's Warbler,0.7189,psl6,2024,05,16,08
594.0,597.0,Phylloscopus humei,Hume's Warbler,0.5629,psl6,2024,05,16,08
693.0,696.0,Phylloscopus occipitalis,Western Crowned Warbler,0.5089,psl6,2024,05,16,08
717.0,720.0,Phylloscopus humei,Hume's Warbler,0.9407,psl6,2024,05,16,08
735.0,738.0,Phylloscopus humei,Hume's Warbler,0.7815,psl6,2024,05,16,08
774.0,777.0,Phylloscopus humei,Hume's Warbler,0.593,psl6,2024,05,16,08
777.0,780.0,Phylloscopus humei,Hume's Warbler,0.8874,psl6,2024,05,16,08
780.0,783.0,Phylloscopus humei,Hume's Warbler,0.9117,psl6,2024,05,16,08
783.0,786.0,Phylloscopus humei,Hume's Warbler,0.8752,psl6,2024,05,16,08
795.0,798.0,Phylloscopus humei,Hume's Warbler,0.9826,psl6,2024,05,16,08
798.0,801.0,Phylloscopus humei,Hume's Warbler,0.9598,psl6,2024,05,16,08
831.0,834.0,Trochalopteron variegatum,Variegated Laughingthrush,0.5131,psl6,2024,05,16,08
840.0,843.0,Trochalopteron variegatum,Variegated Laughingthrush,0.918,psl6,2024,05,16,08
846.0,849.0,Trochalopteron variegatum,Variegated Laughingthrush,0.8618,psl6,2024,05,16,08
849.0,852.0,Trochalopteron variegatum,Variegated Laughingthrush,0.8307,psl6,2024,05,16,08
864.0,867.0,Trochalopteron variegatum,Variegated Laughingthrush,0.8641,psl6,2024,05,16,08
882.0,885.0,Trochalopteron variegatum,Variegated Laughingthrush,0.9846,psl6,2024,05,16,08
888.0,891.0,Trochalopteron variegatum,Variegated Laughingthrush,0.9462,psl6,2024,05,16,08
891.0,894.0,Trochalopteron variegatum,Variegated Laughingthrush,0.7312,psl6,2024,05,16,08
894.0,897.0,Trochalopteron variegatum,Variegated Laughingthrush,0.8911,psl6,2024,05,16,08
897.0,900.0,Trochalopteron variegatum,Variegated Laughingthrush,0.8463,psl6,2024,05,16,08
0.0,3.0,Trochalopteron variegatum,Variegated Laughingthrush,0.9749,psl6,2024,05,16,09
6.0,9.0,Phylloscopus occipitalis,Western Crowned Warbler,0.8593,psl6,2024,05,16,09
24.0,27.0,Prunella strophiata,Rufous-breasted Accentor,0.6635,psl6,2024,05,16,09
36.0,39.0,Trochalopteron variegatum,Variegated Laughingthrush,0.7309,psl6,2024,05,16,09
39.0,42.0,Trochalopteron variegatum,Variegated Laughingthrush,0.6776,psl6,2024,05,16,09
42.0,45.0,Trochalopteron variegatum,Variegated Laughingthrush,0.7444,psl6,2024,05,16,09
45.0,48.0,Trochalopteron variegatum,Variegated Laughingthrush,0.7888,psl6,2024,05,16,09
51.0,54.0,Trochalopteron variegatum,Variegated Laughingthrush,0.9036,psl6,2024,05,16,09
54.0,57.0,Trochalopteron variegatum,Variegated Laughingthrush,0.9631,psl6,2024,05,16,09
57.0,60.0,Trochalopteron variegatum,Variegated Laughingthrush,0.8949,psl6,2024,05,16,09
66.0,69.0,Trochalopteron variegatum,Variegated Laughingthrush,0.5626,psl6,2024,05,16,09
69.0,72.0,Trochalopteron variegatum,Variegated Laughingthrush,0.8787,psl6,2024,05,16,09
72.0,75.0,Trochalopteron variegatum,Variegated Laughingthrush,0.7493,psl6,2024,05,16,09
78.0,81.0,Trochalopteron variegatum,Variegated Laughingthrush,0.6048,psl6,2024,05,16,09
81.0,84.0,Trochalopteron variegatum,Variegated Laughingthrush,0.8228,psl6,2024,05,16,09
105.0,108.0,Prunella strophiata,Rufous-breasted Accentor,0.5179,psl6,2024,05,16,09
108.0,111.0,Prunella strophiata,Rufous-breasted Accentor,0.763,psl6,2024,05,16,09
114.0,117.0,Prunella strophiata,Rufous-breasted Accentor,0.9712,psl6,2024,05,16,09
114.0,117.0,Serinus serinus,European Serin,0.6521,psl6,2024,05,16,09
126.0,129.0,Prunella strophiata,Rufous-breasted Accentor,0.7085,psl6,2024,05,16,09
132.0,135.0,Prunella strophiata,Rufous-breasted Accentor,0.5145,psl6,2024,05,16,09
135.0,138.0,Phylloscopus humei,Hume's Warbler,0.7001,psl6,2024,05,16,09
150.0,153.0,Phylloscopus humei,Hume's Warbler,0.5374,psl6,2024,05,16,09
153.0,156.0,Phylloscopus humei,Hume's Warbler,0.6447,psl6,2024,05,16,09
156.0,159.0,Phylloscopus humei,Hume's Warbler,0.9091,psl6,2024,05,16,09
180.0,183.0,Prunella strophiata,Rufous-breasted Accentor,0.9558,psl6,2024,05,16,09
183.0,186.0,Prunella strophiata,Rufous-breasted Accentor,0.9655,psl6,2024,05,16,09
186.0,189.0,Prunella strophiata,Rufous-breasted Accentor,0.7912,psl6,2024,05,16,09
198.0,201.0,Phylloscopus humei,Hume's Warbler,0.7909,psl6,2024,05,16,09
216.0,219.0,Prunella strophiata,Rufous-breasted Accentor,0.8103,psl6,2024,05,16,09
222.0,225.0,Phylloscopus humei,Hume's Warbler,0.5299,psl6,2024,05,16,09
282.0,285.0,Phylloscopus occipitalis,Western Crowned Warbler,0.5388,psl6,2024,05,16,09
285.0,288.0,Phylloscopus occipitalis,Western Crowned Warbler,0.7337,psl6,2024,05,16,09
291.0,294.0,Phylloscopus humei,Hume's Warbler,0.7258,psl6,2024,05,16,09
294.0,297.0,Phylloscopus humei,Hume's Warbler,0.8987,psl6,2024,05,16,09
297.0,300.0,Phylloscopus humei,Hume's Warbler,0.726,psl6,2024,05,16,09
333.0,336.0,Prunella strophiata,Rufous-breasted Accentor,0.8211,psl6,2024,05,16,09
336.0,339.0,Prunella strophiata,Rufous-breasted Accentor,0.9879,psl6,2024,05,16,09
339.0,342.0,Prunella strophiata,Rufous-breasted Accentor,0.9006,psl6,2024,05,16,09
348.0,351.0,Prunella strophiata,Rufous-breasted Accentor,0.601,psl6,2024,05,16,09
351.0,354.0,Prunella strophiata,Rufous-breasted Accentor,0.9564,psl6,2024,05,16,09
354.0,357.0,Prunella strophiata,Rufous-breasted Accentor,0.967,psl6,2024,05,16,09
357.0,360.0,Prunella strophiata,Rufous-breasted Accentor,0.8421,psl6,2024,05,16,09
363.0,366.0,Prunella strophiata,Rufous-breasted Accentor,0.5039,psl6,2024,05,16,09
369.0,372.0,Prunella strophiata,Rufous-breasted Accentor,0.6949,psl6,2024,05,16,09
378.0,381.0,Prunella strophiata,Rufous-breasted Accentor,0.6164,psl6,2024,05,16,09
381.0,384.0,Ficedula parva,Red-breasted Flycatcher,0.6084,psl6,2024,05,16,09
396.0,399.0,Prunella strophiata,Rufous-breasted Accentor,0.6667,psl6,2024,05,16,09
417.0,420.0,Phylloscopus occipitalis,Western Crowned Warbler,0.5812,psl6,2024,05,16,09
438.0,441.0,Phylloscopus humei,Hume's Warbler,0.6142,psl6,2024,05,16,09
444.0,447.0,Phylloscopus humei,Hume's Warbler,0.8906,psl6,2024,05,16,09
447.0,450.0,Phylloscopus humei,Hume's Warbler,0.6914,psl6,2024,05,16,09
492.0,495.0,Phylloscopus occipitalis,Western Crowned Warbler,0.7121,psl6,2024,05,16,09
495.0,498.0,Phylloscopus occipitalis,Western Crowned Warbler,0.8649,psl6,2024,05,16,09
504.0,507.0,Phylloscopus humei,Hume's Warbler,0.6327,psl6,2024,05,16,09
531.0,534.0,Phylloscopus humei,Hume's Warbler,0.7329,psl6,2024,05,16,09
540.0,543.0,Prunella strophiata,Rufous-breasted Accentor,0.5415,psl6,2024,05,16,09
579.0,582.0,Trochalopteron variegatum,Variegated Laughingthrush,0.6782,psl6,2024,05,16,09
588.0,591.0,Trochalopteron variegatum,Variegated Laughingthrush,0.7991,psl6,2024,05,16,09
591.0,594.0,Trochalopteron variegatum,Variegated Laughingthrush,0.8724,psl6,2024,05,16,09
597.0,600.0,Phylloscopus occipitalis,Western Crowned Warbler,0.712,psl6,2024,05,16,09
612.0,615.0,Phylloscopus humei,Hume's Warbler,0.7672,psl6,2024,05,16,09
621.0,624.0,Trochalopteron variegatum,Variegated Laughingthrush,0.5956,psl6,2024,05,16,09
630.0,633.0,Phylloscopus humei,Hume's Warbler,0.6918,psl6,2024,05,16,09
633.0,636.0,Trochalopteron variegatum,Variegated Laughingthrush,0.9449,psl6,2024,05,16,09
636.0,639.0,Phylloscopus humei,Hume's Warbler,0.6405,psl6,2024,05,16,09
639.0,642.0,Trochalopteron variegatum,Variegated Laughingthrush,0.8142,psl6,2024,05,16,09
642.0,645.0,Trochalopteron variegatum,Variegated Laughingthrush,0.85,psl6,2024,05,16,09
645.0,648.0,Trochalopteron variegatum,Variegated Laughingthrush,0.9494,psl6,2024,05,16,09
651.0,654.0,Trochalopteron variegatum,Variegated Laughingthrush,0.9447,psl6,2024,05,16,09
654.0,657.0,Trochalopteron variegatum,Variegated Laughingthrush,0.8686,psl6,2024,05,16,09
663.0,666.0,Phylloscopus occipitalis,Western Crowned Warbler,0.7478,psl6,2024,05,16,09
666.0,669.0,Trochalopteron variegatum,Variegated Laughingthrush,0.9058,psl6,2024,05,16,09
669.0,672.0,Trochalopteron variegatum,Variegated Laughingthrush,0.9256,psl6,2024,05,16,09
675.0,678.0,Trochalopteron variegatum,Variegated Laughingthrush,0.8754,psl6,2024,05,16,09
678.0,681.0,Phylloscopus occipitalis,Western Crowned Warbler,0.6464,psl6,2024,05,16,09
681.0,684.0,Trochalopteron variegatum,Variegated Laughingthrush,0.7878,psl6,2024,05,16,09
684.0,687.0,Phylloscopus occipitalis,Western Crowned Warbler,0.8058,psl6,2024,05,16,09
687.0,690.0,Phylloscopus occipitalis,Western Crowned Warbler,0.8212,psl6,2024,05,16,09
690.0,693.0,Phylloscopus humei,Hume's Warbler,0.9365,psl6,2024,05,16,09
696.0,699.0,Phylloscopus humei,Hume's Warbler,0.873,psl6,2024,05,16,09
696.0,699.0,Trochalopteron variegatum,Variegated Laughingthrush,0.7341,psl6,2024,05,16,09
699.0,702.0,Trochalopteron variegatum,Variegated Laughingthrush,0.7508,psl6,2024,05,16,09
699.0,702.0,Trochalopteron elliotii,Elliot's Laughingthrush,0.729,psl6,2024,05,16,09
702.0,705.0,Trochalopteron variegatum,Variegated Laughingthrush,0.8714,psl6,2024,05,16,09
708.0,711.0,Trochalopteron variegatum,Variegated Laughingthrush,0.9296,psl6,2024,05,16,09
711.0,714.0,Phylloscopus occipitalis,Western Crowned Warbler,0.9427,psl6,2024,05,16,09
714.0,717.0,Phylloscopus humei,Hume's Warbler,0.9457,psl6,2024,05,16,09
717.0,720.0,Phylloscopus humei,Hume's Warbler,0.9401,psl6,2024,05,16,09
747.0,750.0,Phylloscopus occipitalis,Western Crowned Warbler,0.6903,psl6,2024,05,16,09
750.0,753.0,Phylloscopus humei,Hume's Warbler,0.6824,psl6,2024,05,16,09
756.0,759.0,Phylloscopus humei,Hume's Warbler,0.753,psl6,2024,05,16,09
759.0,762.0,Phylloscopus humei,Hume's Warbler,0.9596,psl6,2024,05,16,09
762.0,765.0,Phylloscopus humei,Hume's Warbler,0.902,psl6,2024,05,16,09
765.0,768.0,Phylloscopus humei,Hume's Warbler,0.878,psl6,2024,05,16,09
768.0,771.0,Phylloscopus humei,Hume's Warbler,0.5268,psl6,2024,05,16,09
771.0,774.0,Phylloscopus humei,Hume's Warbler,0.8721,psl6,2024,05,16,09
774.0,777.0,Phylloscopus humei,Hume's Warbler,0.9515,psl6,2024,05,16,09
777.0,780.0,Phylloscopus humei,Hume's Warbler,0.9793,psl6,2024,05,16,09
786.0,789.0,Phylloscopus humei,Hume's Warbler,0.7731,psl6,2024,05,16,09
789.0,792.0,Phylloscopus humei,Hume's Warbler,0.7272,psl6,2024,05,16,09
792.0,795.0,Phylloscopus humei,Hume's Warbler,0.7119,psl6,2024,05,16,09
795.0,798.0,Phylloscopus humei,Hume's Warbler,0.8735,psl6,2024,05,16,09
801.0,804.0,Phylloscopus occipitalis,Western Crowned Warbler,0.8375,psl6,2024,05,16,09
813.0,816.0,Phylloscopus occipitalis,Western Crowned Warbler,0.9542,psl6,2024,05,16,09
834.0,837.0,Phylloscopus occipitalis,Western Crowned Warbler,0.7621,psl6,2024,05,16,09
849.0,852.0,Phylloscopus occipitalis,Western Crowned Warbler,0.5641,psl6,2024,05,16,09
876.0,879.0,Phylloscopus occipitalis,Western Crowned Warbler,0.843,psl6,2024,05,16,09
885.0,888.0,Phylloscopus humei,Hume's Warbler,0.5835,psl6,2024,05,16,09
21.0,24.0,Phylloscopus occipitalis,Western Crowned Warbler,0.8904,psl6,2024,05,17,06
33.0,36.0,Phylloscopus tytleri,Tytler's Leaf Warbler,0.5167,psl6,2024,05,17,06
63.0,66.0,Phylloscopus occipitalis,Western Crowned Warbler,0.6441,psl6,2024,05,17,06
72.0,75.0,Phylloscopus occipitalis,Western Crowned Warbler,0.8878,psl6,2024,05,17,06
96.0,99.0,Phylloscopus tytleri,Tytler's Leaf Warbler,0.5026,psl6,2024,05,17,06
120.0,123.0,Periparus ater,Coal Tit,0.5246,psl6,2024,05,17,06
132.0,135.0,Phylloscopus occipitalis,Western Crowned Warbler,0.6713,psl6,2024,05,17,06
174.0,177.0,Periparus ater,Coal Tit,0.5914,psl6,2024,05,17,06
186.0,189.0,Phylloscopus occipitalis,Western Crowned Warbler,0.9288,psl6,2024,05,17,06
189.0,192.0,Phylloscopus occipitalis,Western Crowned Warbler,0.9935,psl6,2024,05,17,06
192.0,195.0,Phylloscopus occipitalis,Western Crowned Warbler,0.8424,psl6,2024,05,17,06
201.0,204.0,Turdus rubrocanus,Chestnut Thrush,0.6087,psl6,2024,05,17,06
240.0,243.0,Phylloscopus occipitalis,Western Crowned Warbler,0.6152,psl6,2024,05,17,06
246.0,249.0,Phylloscopus occipitalis,Western Crowned Warbler,0.6821,psl6,2024,05,17,06
252.0,255.0,Phylloscopus occipitalis,Western Crowned Warbler,0.6927,psl6,2024,05,17,06
255.0,258.0,Phylloscopus occipitalis,Western Crowned Warbler,0.933,psl6,2024,05,17,06
258.0,261.0,Phylloscopus occipitalis,Western Crowned Warbler,0.5385,psl6,2024,05,17,06
261.0,264.0,Phylloscopus occipitalis,Western Crowned Warbler,0.5369,psl6,2024,05,17,06
273.0,276.0,Phylloscopus occipitalis,Western Crowned Warbler,0.5735,psl6,2024,05,17,06
276.0,279.0,Periparus ater,Coal Tit,0.6834,psl6,2024,05,17,06
288.0,291.0,Phylloscopus occipitalis,Western Crowned Warbler,0.8164,psl6,2024,05,17,06
294.0,297.0,Periparus ater,Coal Tit,0.5185,psl6,2024,05,17,06
300.0,303.0,Periparus ater,Coal Tit,0.6859,psl6,2024,05,17,06
303.0,306.0,Phylloscopus occipitalis,Western Crowned Warbler,0.8448,psl6,2024,05,17,06
309.0,312.0,Periparus ater,Coal Tit,0.5411,psl6,2024,05,17,06
318.0,321.0,Phylloscopus occipitalis,Western Crowned Warbler,0.8237,psl6,2024,05,17,06
324.0,327.0,Phylloscopus occipitalis,Western Crowned Warbler,0.8576,psl6,2024,05,17,06
330.0,333.0,Phylloscopus occipitalis,Western Crowned Warbler,0.7682,psl6,2024,05,17,06
333.0,336.0,Phylloscopus tytleri,Tytler's Leaf Warbler,0.7835,psl6,2024,05,17,06
339.0,342.0,Phylloscopus occipitalis,Western Crowned Warbler,0.8817,psl6,2024,05,17,06
342.0,345.0,Phylloscopus occipitalis,Western Crowned Warbler,0.9493,psl6,2024,05,17,06
345.0,348.0,Phylloscopus occipitalis,Western Crowned Warbler,0.9184,psl6,2024,05,17,06
348.0,351.0,Phylloscopus occipitalis,Western Crowned Warbler,0.8573,psl6,2024,05,17,06
360.0,363.0,Phylloscopus occipitalis,Western Crowned Warbler,0.8854,psl6,2024,05,17,06
363.0,366.0,Phylloscopus occipitalis,Western Crowned Warbler,0.7534,psl6,2024,05,17,06
462.0,465.0,Carpodacus rodochroa,Pink-browed Rosefinch,0.6481,psl6,2024,05,17,06
468.0,471.0,Carpodacus rodochroa,Pink-browed Rosefinch,0.9754,psl6,2024,05,17,06
471.0,474.0,Carpodacus rodochroa,Pink-browed Rosefinch,0.9393,psl6,2024,05,17,06
474.0,477.0,Carpodacus rodochroa,Pink-browed Rosefinch,0.6958,psl6,2024,05,17,06
498.0,501.0,Tarsiger rufilatus,Himalayan Bluetail,0.6363,psl6,2024,05,17,06
501.0,504.0,Tarsiger rufilatus,Himalayan Bluetail,0.5988,psl6,2024,05,17,06
513.0,516.0,Cyanoloxia brissonii,Ultramarine Grosbeak,0.825,psl6,2024,05,17,06
522.0,525.0,Tarsiger rufilatus,Himalayan Bluetail,0.8159,psl6,2024,05,17,06
522.0,525.0,Tarsiger indicus,White-browed Bush-Robin,0.5115,psl6,2024,05,17,06
558.0,561.0,Carpodacus erythrinus,Common Rosefinch,0.5331,psl6,2024,05,17,06
564.0,567.0,Tarsiger rufilatus,Himalayan Bluetail,0.6339,psl6,2024,05,17,06
573.0,576.0,Calliope pectardens,Firethroat,0.6276,psl6,2024,05,17,06
681.0,684.0,Prunella strophiata,Rufous-breasted Accentor,0.7165,psl6,2024,05,17,06
684.0,687.0,Phylloscopus occipitalis,Western Crowned Warbler,0.8693,psl6,2024,05,17,06
687.0,690.0,Phylloscopus occipitalis,Western Crowned Warbler,0.5482,psl6,2024,05,17,06
693.0,696.0,Phylloscopus occipitalis,Western Crowned Warbler,0.6103,psl6,2024,05,17,06
699.0,702.0,Phylloscopus occipitalis,Western Crowned Warbler,0.82,psl6,2024,05,17,06
705.0,708.0,Phylloscopus occipitalis,Western Crowned Warbler,0.7331,psl6,2024,05,17,06
717.0,720.0,Phylloscopus occipitalis,Western Crowned Warbler,0.7316,psl6,2024,05,17,06
723.0,726.0,Phylloscopus occipitalis,Western Crowned Warbler,0.905,psl6,2024,05,17,06
732.0,735.0,Phylloscopus occipitalis,Western Crowned Warbler,0.7475,psl6,2024,05,17,06
735.0,738.0,Phylloscopus occipitalis,Western Crowned Warbler,0.9293,psl6,2024,05,17,06
744.0,747.0,Phylloscopus occipitalis,Western Crowned Warbler,0.8499,psl6,2024,05,17,06
747.0,750.0,Tarsiger rufilatus,Himalayan Bluetail,0.6719,psl6,2024,05,17,06
750.0,753.0,Tarsiger rufilatus,Himalayan Bluetail,0.781,psl6,2024,05,17,06
762.0,765.0,Phylloscopus occipitalis,Western Crowned Warbler,0.8735,psl6,2024,05,17,06
765.0,768.0,Phylloscopus humei,Hume's Warbler,0.5956,psl6,2024,05,17,06
783.0,786.0,Tarsiger rufilatus,Himalayan Bluetail,0.8021,psl6,2024,05,17,06
798.0,801.0,Phylloscopus occipitalis,Western Crowned Warbler,0.839,psl6,2024,05,17,06
804.0,807.0,Phylloscopus occipitalis,Western Crowned Warbler,0.6098,psl6,2024,05,17,06
846.0,849.0,Phylloscopus humei,Hume's Warbler,0.6841,psl6,2024,05,17,06
870.0,873.0,Carpodacus erythrinus,Common Rosefinch,0.5416,psl6,2024,05,17,06
891.0,894.0,Leptopoecile sophiae,White-browed Tit-Warbler,0.6064,psl6,2024,05,17,06
9.0,12.0,Pterodroma madeira,Zino's Petrel,0.5771,psl6,2024,05,17,07
63.0,66.0,Phylloscopus humei,Hume's Warbler,0.6887,psl6,2024,05,17,07
66.0,69.0,Phylloscopus humei,Hume's Warbler,0.6058,psl6,2024,05,17,07
99.0,102.0,Phylloscopus humei,Hume's Warbler,0.6218,psl6,2024,05,17,07
126.0,129.0,Phylloscopus humei,Hume's Warbler,0.7983,psl6,2024,05,17,07
135.0,138.0,Phylloscopus humei,Hume's Warbler,0.5699,psl6,2024,05,17,07
138.0,141.0,Phylloscopus humei,Hume's Warbler,0.8738,psl6,2024,05,17,07
147.0,150.0,Myrmothera campanisona,Thrush-like Antpitta,0.5416,psl6,2024,05,17,07
171.0,174.0,Phylloscopus occipitalis,Western Crowned Warbler,0.5663,psl6,2024,05,17,07
201.0,204.0,Phylloscopus humei,Hume's Warbler,0.5265,psl6,2024,05,17,07
213.0,216.0,Phylloscopus humei,Hume's Warbler,0.5882,psl6,2024,05,17,07
231.0,234.0,Phylloscopus humei,Hume's Warbler,0.6652,psl6,2024,05,17,07
240.0,243.0,Phylloscopus humei,Hume's Warbler,0.5754,psl6,2024,05,17,07
252.0,255.0,Phylloscopus humei,Hume's Warbler,0.8043,psl6,2024,05,17,07
252.0,255.0,Phylloscopus affinis,Tickell's Leaf Warbler,0.5585,psl6,2024,05,17,07
258.0,261.0,Phylloscopus humei,Hume's Warbler,0.6373,psl6,2024,05,17,07
279.0,282.0,Phylloscopus humei,Hume's Warbler,0.6137,psl6,2024,05,17,07
297.0,300.0,Phylloscopus humei,Hume's Warbler,0.5584,psl6,2024,05,17,07
300.0,303.0,Phylloscopus occipitalis,Western Crowned Warbler,0.5586,psl6,2024,05,17,07
315.0,318.0,Phylloscopus humei,Hume's Warbler,0.5643,psl6,2024,05,17,07
342.0,345.0,Phylloscopus humei,Hume's Warbler,0.7219,psl6,2024,05,17,07
345.0,348.0,Phylloscopus humei,Hume's Warbler,0.5686,psl6,2024,05,17,07
351.0,354.0,Phylloscopus humei,Hume's Warbler,0.6882,psl6,2024,05,17,07
360.0,363.0,Phylloscopus humei,Hume's Warbler,0.9209,psl6,2024,05,17,07
366.0,369.0,Phylloscopus humei,Hume's Warbler,0.6565,psl6,2024,05,17,07
393.0,396.0,Phylloscopus occipitalis,Western Crowned Warbler,0.6202,psl6,2024,05,17,07
408.0,411.0,Phylloscopus humei,Hume's Warbler,0.5112,psl6,2024,05,17,07
411.0,414.0,Phylloscopus humei,Hume's Warbler,0.8526,psl6,2024,05,17,07
414.0,417.0,Phylloscopus humei,Hume's Warbler,0.9358,psl6,2024,05,17,07
417.0,420.0,Phylloscopus humei,Hume's Warbler,0.5441,psl6,2024,05,17,07
423.0,426.0,Phylloscopus humei,Hume's Warbler,0.8257,psl6,2024,05,17,07
426.0,429.0,Zosterops simplex,Swinhoe's White-eye,0.8249,psl6,2024,05,17,07
432.0,435.0,Phylloscopus humei,Hume's Warbler,0.9653,psl6,2024,05,17,07
435.0,438.0,Phylloscopus humei,Hume's Warbler,0.8,psl6,2024,05,17,07
438.0,441.0,Phylloscopus humei,Hume's Warbler,0.9263,psl6,2024,05,17,07
441.0,444.0,Phylloscopus humei,Hume's Warbler,0.9388,psl6,2024,05,17,07
447.0,450.0,Phylloscopus humei,Hume's Warbler,0.905,psl6,2024,05,17,07
474.0,477.0,Phylloscopus humei,Hume's Warbler,0.8505,psl6,2024,05,17,07
477.0,480.0,Phylloscopus humei,Hume's Warbler,0.6176,psl6,2024,05,17,07
483.0,486.0,Phylloscopus humei,Hume's Warbler,0.8927,psl6,2024,05,17,07
486.0,489.0,Phylloscopus humei,Hume's Warbler,0.601,psl6,2024,05,17,07
495.0,498.0,Phylloscopus humei,Hume's Warbler,0.9757,psl6,2024,05,17,07
498.0,501.0,Phylloscopus humei,Hume's Warbler,0.958,psl6,2024,05,17,07
501.0,504.0,Phylloscopus humei,Hume's Warbler,0.9685,psl6,2024,05,17,07
507.0,510.0,Phylloscopus humei,Hume's Warbler,0.9215,psl6,2024,05,17,07
510.0,513.0,Phylloscopus humei,Hume's Warbler,0.9917,psl6,2024,05,17,07
516.0,519.0,Phylloscopus occipitalis,Western Crowned Warbler,0.6399,psl6,2024,05,17,07
519.0,522.0,Phylloscopus occipitalis,Western Crowned Warbler,0.5655,psl6,2024,05,17,07
540.0,543.0,Phylloscopus occipitalis,Western Crowned Warbler,0.7093,psl6,2024,05,17,07
543.0,546.0,Phylloscopus occipitalis,Western Crowned Warbler,0.5639,psl6,2024,05,17,07
561.0,564.0,Phylloscopus humei,Hume's Warbler,0.9403,psl6,2024,05,17,07
567.0,570.0,Phylloscopus occipitalis,Western Crowned Warbler,0.6933,psl6,2024,05,17,07
576.0,579.0,Phylloscopus humei,Hume's Warbler,0.6553,psl6,2024,05,17,07
582.0,585.0,Phylloscopus humei,Hume's Warbler,0.8518,psl6,2024,05,17,07
585.0,588.0,Phylloscopus humei,Hume's Warbler,0.6567,psl6,2024,05,17,07
591.0,594.0,Phylloscopus humei,Hume's Warbler,0.6385,psl6,2024,05,17,07
597.0,600.0,Phylloscopus humei,Hume's Warbler,0.7424,psl6,2024,05,17,07
600.0,603.0,Phylloscopus humei,Hume's Warbler,0.7724,psl6,2024,05,17,07
612.0,615.0,Phylloscopus humei,Hume's Warbler,0.844,psl6,2024,05,17,07
633.0,636.0,Phylloscopus humei,Hume's Warbler,0.9488,psl6,2024,05,17,07
651.0,654.0,Phylloscopus humei,Hume's Warbler,0.9853,psl6,2024,05,17,07
657.0,660.0,Phylloscopus humei,Hume's Warbler,0.9439,psl6,2024,05,17,07
660.0,663.0,Phylloscopus humei,Hume's Warbler,0.931,psl6,2024,05,17,07
663.0,666.0,Phylloscopus humei,Hume's Warbler,0.9521,psl6,2024,05,17,07
666.0,669.0,Phylloscopus humei,Hume's Warbler,0.965,psl6,2024,05,17,07
672.0,675.0,Phylloscopus humei,Hume's Warbler,0.9825,psl6,2024,05,17,07
675.0,678.0,Phylloscopus humei,Hume's Warbler,0.9366,psl6,2024,05,17,07
684.0,687.0,Phylloscopus humei,Hume's Warbler,0.9875,psl6,2024,05,17,07
687.0,690.0,Phylloscopus humei,Hume's Warbler,0.9346,psl6,2024,05,17,07
720.0,723.0,Phylloscopus humei,Hume's Warbler,0.5264,psl6,2024,05,17,07
723.0,726.0,Tarsiger rufilatus,Himalayan Bluetail,0.8891,psl6,2024,05,17,07
723.0,726.0,Calliope pectardens,Firethroat,0.7833,psl6,2024,05,17,07
726.0,729.0,Phylloscopus humei,Hume's Warbler,0.8954,psl6,2024,05,17,07
729.0,732.0,Calliope pectardens,Firethroat,0.5825,psl6,2024,05,17,07
735.0,738.0,Tarsiger rufilatus,Himalayan Bluetail,0.7713,psl6,2024,05,17,07
738.0,741.0,Phylloscopus humei,Hume's Warbler,0.534,psl6,2024,05,17,07
744.0,747.0,Phylloscopus humei,Hume's Warbler,0.6316,psl6,2024,05,17,07
750.0,753.0,Phylloscopus humei,Hume's Warbler,0.9412,psl6,2024,05,17,07
753.0,756.0,Phylloscopus humei,Hume's Warbler,0.6461,psl6,2024,05,17,07
756.0,759.0,Phylloscopus humei,Hume's Warbler,0.8553,psl6,2024,05,17,07
762.0,765.0,Phylloscopus occipitalis,Western Crowned Warbler,0.9178,psl6,2024,05,17,07
795.0,798.0,Prunella strophiata,Rufous-breasted Accentor,0.7235,psl6,2024,05,17,07
801.0,804.0,Prunella strophiata,Rufous-breasted Accentor,0.7639,psl6,2024,05,17,07
813.0,816.0,Prunella strophiata,Rufous-breasted Accentor,0.733,psl6,2024,05,17,07
816.0,819.0,Prunella strophiata,Rufous-breasted Accentor,0.9344,psl6,2024,05,17,07
816.0,819.0,Aethopyga nipalensis,Green-tailed Sunbird,0.5089,psl6,2024,05,17,07
843.0,846.0,Tarsiger rufilatus,Himalayan Bluetail,0.6261,psl6,2024,05,17,07
846.0,849.0,Tarsiger rufilatus,Himalayan Bluetail,0.5844,psl6,2024,05,17,07
852.0,855.0,Tarsiger rufilatus,Himalayan Bluetail,0.9005,psl6,2024,05,17,07
852.0,855.0,Calliope pectardens,Firethroat,0.8421,psl6,2024,05,17,07
858.0,861.0,Tarsiger rufilatus,Himalayan Bluetail,0.7692,psl6,2024,05,17,07
858.0,861.0,Calliope pectardens,Firethroat,0.6555,psl6,2024,05,17,07
870.0,873.0,Prunella strophiata,Rufous-breasted Accentor,0.5378,psl6,2024,05,17,07
876.0,879.0,Prunella strophiata,Rufous-breasted Accentor,0.5837,psl6,2024,05,17,07
879.0,882.0,Prunella strophiata,Rufous-breasted Accentor,0.5194,psl6,2024,05,17,07
882.0,885.0,Prunella strophiata,Rufous-breasted Accentor,0.9777,psl6,2024,05,17,07
894.0,897.0,Tarsiger rufilatus,Himalayan Bluetail,0.895,psl6,2024,05,17,07
57.0,60.0,Phylloscopus occipitalis,Western Crowned Warbler,0.8497,psl6,2024,05,17,08
63.0,66.0,Phylloscopus humei,Hume's Warbler,0.7742,psl6,2024,05,17,08
69.0,72.0,Phylloscopus humei,Hume's Warbler,0.9542,psl6,2024,05,17,08
81.0,84.0,Phylloscopus humei,Hume's Warbler,0.844,psl6,2024,05,17,08
84.0,87.0,Phylloscopus humei,Hume's Warbler,0.8781,psl6,2024,05,17,08
96.0,99.0,Phylloscopus humei,Hume's Warbler,0.5083,psl6,2024,05,17,08
111.0,114.0,Phylloscopus occipitalis,Western Crowned Warbler,0.9291,psl6,2024,05,17,08
129.0,132.0,Phylloscopus humei,Hume's Warbler,0.8269,psl6,2024,05,17,08
159.0,162.0,Prunella strophiata,Rufous-breasted Accentor,0.5441,psl6,2024,05,17,08
168.0,171.0,Phylloscopus humei,Hume's Warbler,0.5135,psl6,2024,05,17,08
198.0,201.0,Prunella strophiata,Rufous-breasted Accentor,0.8024,psl6,2024,05,17,08
204.0,207.0,Phylloscopus humei,Hume's Warbler,0.6107,psl6,2024,05,17,08
210.0,213.0,Phylloscopus humei,Hume's Warbler,0.9184,psl6,2024,05,17,08
213.0,216.0,Phylloscopus humei,Hume's Warbler,0.6636,psl6,2024,05,17,08
216.0,219.0,Phylloscopus humei,Hume's Warbler,0.7953,psl6,2024,05,17,08
219.0,222.0,Phylloscopus humei,Hume's Warbler,0.6712,psl6,2024,05,17,08
237.0,240.0,Phylloscopus humei,Hume's Warbler,0.6205,psl6,2024,05,17,08
282.0,285.0,Phylloscopus occipitalis,Western Crowned Warbler,0.5534,psl6,2024,05,17,08
288.0,291.0,Phylloscopus occipitalis,Western Crowned Warbler,0.6098,psl6,2024,05,17,08
318.0,321.0,Phylloscopus occipitalis,Western Crowned Warbler,0.6394,psl6,2024,05,17,08
429.0,432.0,Phylloscopus occipitalis,Western Crowned Warbler,0.7289,psl6,2024,05,17,08
438.0,441.0,Phylloscopus occipitalis,Western Crowned Warbler,0.5509,psl6,2024,05,17,08
444.0,447.0,Phylloscopus occipitalis,Western Crowned Warbler,0.6032,psl6,2024,05,17,08
447.0,450.0,Phylloscopus occipitalis,Western Crowned Warbler,0.6186,psl6,2024,05,17,08
474.0,477.0,Phylloscopus occipitalis,Western Crowned Warbler,0.7227,psl6,2024,05,17,08
546.0,549.0,Phylloscopus occipitalis,Western Crowned Warbler,0.6641,psl6,2024,05,17,08
594.0,597.0,Phylloscopus occipitalis,Western Crowned Warbler,0.9389,psl6,2024,05,17,08
729.0,732.0,Phylloscopus humei,Hume's Warbler,0.657,psl6,2024,05,17,08
777.0,780.0,Phylloscopus occipitalis,Western Crowned Warbler,0.9203,psl6,2024,05,17,08
786.0,789.0,Prunella strophiata,Rufous-breasted Accentor,0.6321,psl6,2024,05,17,08
798.0,801.0,Phylloscopus occipitalis,Western Crowned Warbler,0.9877,psl6,2024,05,17,08
822.0,825.0,Phylloscopus occipitalis,Western Crowned Warbler,0.9714,psl6,2024,05,17,08
828.0,831.0,Phylloscopus occipitalis,Western Crowned Warbler,0.9971,psl6,2024,05,17,08
834.0,837.0,Phylloscopus occipitalis,Western Crowned Warbler,0.9819,psl6,2024,05,17,08
837.0,840.0,Phylloscopus occipitalis,Western Crowned Warbler,0.9668,psl6,2024,05,17,08
840.0,843.0,Phylloscopus occipitalis,Western Crowned Warbler,0.9709,psl6,2024,05,17,08
843.0,846.0,Phylloscopus occipitalis,Western Crowned Warbler,0.9863,psl6,2024,05,17,08
846.0,849.0,Phylloscopus occipitalis,Western Crowned Warbler,0.9886,psl6,2024,05,17,08
858.0,861.0,Periparus ater,Coal Tit,0.5153,psl6,2024,05,17,08
861.0,864.0,Phylloscopus occipitalis,Western Crowned Warbler,0.9771,psl6,2024,05,17,08
867.0,870.0,Phylloscopus occipitalis,Western Crowned Warbler,0.9725,psl6,2024,05,17,08
867.0,870.0,Phylloscopus tytleri,Tytler's Leaf Warbler,0.9371,psl6,2024,05,17,08
6.0,9.0,Periparus ater,Coal Tit,0.9472,psl6,2024,05,17,09
9.0,12.0,Periparus ater,Coal Tit,0.6652,psl6,2024,05,17,09
15.0,18.0,Periparus ater,Coal Tit,0.9119,psl6,2024,05,17,09
18.0,21.0,Periparus ater,Coal Tit,0.8582,psl6,2024,05,17,09
21.0,24.0,Periparus ater,Coal Tit,0.7469,psl6,2024,05,17,09
27.0,30.0,Periparus rubidiventris,Rufous-vented Tit,0.573,psl6,2024,05,17,09
30.0,33.0,Periparus ater,Coal Tit,0.5206,psl6,2024,05,17,09
33.0,36.0,Periparus ater,Coal Tit,0.6526,psl6,2024,05,17,09
39.0,42.0,Periparus ater,Coal Tit,0.81,psl6,2024,05,17,09
42.0,45.0,Prunella strophiata,Rufous-breasted Accentor,0.778,psl6,2024,05,17,09
45.0,48.0,Periparus ater,Coal Tit,0.6895,psl6,2024,05,17,09
51.0,54.0,Phylloscopus humei,Hume's Warbler,0.6194,psl6,2024,05,17,09
63.0,66.0,Phylloscopus humei,Hume's Warbler,0.5924,psl6,2024,05,17,09
78.0,81.0,Phylloscopus affinis,Tickell's Leaf Warbler,0.5734,psl6,2024,05,17,09
156.0,159.0,Carpodacus erythrinus,Common Rosefinch,0.6186,psl6,2024,05,17,09
162.0,165.0,Phylloscopus humei,Hume's Warbler,0.5953,psl6,2024,05,17,09
183.0,186.0,Periparus rufonuchalis,Rufous-naped Tit,0.6265,psl6,2024,05,17,09
189.0,192.0,Parus major,Great Tit,0.6764,psl6,2024,05,17,09
231.0,234.0,Carpodacus erythrinus,Common Rosefinch,0.8727,psl6,2024,05,17,09
264.0,267.0,Periparus rufonuchalis,Rufous-naped Tit,0.5202,psl6,2024,05,17,09
267.0,270.0,Periparus rufonuchalis,Rufous-naped Tit,0.8904,psl6,2024,05,17,09
270.0,273.0,Periparus rufonuchalis,Rufous-naped Tit,0.6357,psl6,2024,05,17,09
291.0,294.0,Periparus rufonuchalis,Rufous-naped Tit,0.8696,psl6,2024,05,17,09
315.0,318.0,Periparus rufonuchalis,Rufous-naped Tit,0.8952,psl6,2024,05,17,09
315.0,318.0,Periparus rubidiventris,Rufous-vented Tit,0.6491,psl6,2024,05,17,09
327.0,330.0,Ficedula parva,Red-breasted Flycatcher,0.7725,psl6,2024,05,17,09
327.0,330.0,Prunella strophiata,Rufous-breasted Accentor,0.5917,psl6,2024,05,17,09
351.0,354.0,Carpodacus erythrinus,Common Rosefinch,0.5376,psl6,2024,05,17,09
372.0,375.0,Carpodacus erythrinus,Common Rosefinch,0.8348,psl6,2024,05,17,09
378.0,381.0,Phylloscopus humei,Hume's Warbler,0.9317,psl6,2024,05,17,09
387.0,390.0,Carpodacus erythrinus,Common Rosefinch,0.5565,psl6,2024,05,17,09
393.0,396.0,Carpodacus erythrinus,Common Rosefinch,0.6238,psl6,2024,05,17,09
411.0,414.0,Carpodacus erythrinus,Common Rosefinch,0.7385,psl6,2024,05,17,09
438.0,441.0,Carpodacus erythrinus,Common Rosefinch,0.5714,psl6,2024,05,17,09
456.0,459.0,Carpodacus erythrinus,Common Rosefinch,0.6342,psl6,2024,05,17,09
462.0,465.0,Carpodacus erythrinus,Common Rosefinch,0.8041,psl6,2024,05,17,09
471.0,474.0,Carpodacus erythrinus,Common Rosefinch,0.8471,psl6,2024,05,17,09
483.0,486.0,Carpodacus erythrinus,Common Rosefinch,0.5786,psl6,2024,05,17,09
489.0,492.0,Carpodacus erythrinus,Common Rosefinch,0.5744,psl6,2024,05,17,09
492.0,495.0,Phylloscopus humei,Hume's Warbler,0.7166,psl6,2024,05,17,09
495.0,498.0,Carpodacus erythrinus,Common Rosefinch,0.6183,psl6,2024,05,17,09
501.0,504.0,Carpodacus erythrinus,Common Rosefinch,0.885,psl6,2024,05,17,09
507.0,510.0,Carpodacus erythrinus,Common Rosefinch,0.5302,psl6,2024,05,17,09
534.0,537.0,Carpodacus erythrinus,Common Rosefinch,0.779,psl6,2024,05,17,09
549.0,552.0,Carpodacus erythrinus,Common Rosefinch,0.7261,psl6,2024,05,17,09
552.0,555.0,Prunella strophiata,Rufous-breasted Accentor,0.5137,psl6,2024,05,17,09
555.0,558.0,Prunella strophiata,Rufous-breasted Accentor,0.7315,psl6,2024,05,17,09
564.0,567.0,Prunella strophiata,Rufous-breasted Accentor,0.8858,psl6,2024,05,17,09
564.0,567.0,Carpodacus erythrinus,Common Rosefinch,0.8668,psl6,2024,05,17,09
567.0,570.0,Carpodacus erythrinus,Common Rosefinch,0.7345,psl6,2024,05,17,09
573.0,576.0,Prunella strophiata,Rufous-breasted Accentor,0.8135,psl6,2024,05,17,09
576.0,579.0,Carpodacus erythrinus,Common Rosefinch,0.6366,psl6,2024,05,17,09
579.0,582.0,Phylloscopus humei,Hume's Warbler,0.8477,psl6,2024,05,17,09
582.0,585.0,Carpodacus erythrinus,Common Rosefinch,0.8678,psl6,2024,05,17,09
585.0,588.0,Carpodacus erythrinus,Common Rosefinch,0.6239,psl6,2024,05,17,09
591.0,594.0,Carpodacus erythrinus,Common Rosefinch,0.557,psl6,2024,05,17,09
594.0,597.0,Phylloscopus humei,Hume's Warbler,0.829,psl6,2024,05,17,09
597.0,600.0,Carpodacus erythrinus,Common Rosefinch,0.5454,psl6,2024,05,17,09
609.0,612.0,Carpodacus erythrinus,Common Rosefinch,0.8298,psl6,2024,05,17,09
618.0,621.0,Phylloscopus humei,Hume's Warbler,0.7953,psl6,2024,05,17,09
624.0,627.0,Carpodacus erythrinus,Common Rosefinch,0.8989,psl6,2024,05,17,09
630.0,633.0,Carpodacus erythrinus,Common Rosefinch,0.6332,psl6,2024,05,17,09
633.0,636.0,Carpodacus erythrinus,Common Rosefinch,0.868,psl6,2024,05,17,09
648.0,651.0,Carpodacus erythrinus,Common Rosefinch,0.5762,psl6,2024,05,17,09
654.0,657.0,Carpodacus erythrinus,Common Rosefinch,0.6598,psl6,2024,05,17,09
657.0,660.0,Carpodacus erythrinus,Common Rosefinch,0.807,psl6,2024,05,17,09
663.0,666.0,Carpodacus erythrinus,Common Rosefinch,0.8724,psl6,2024,05,17,09
669.0,672.0,Phylloscopus humei,Hume's Warbler,0.8628,psl6,2024,05,17,09
672.0,675.0,Carpodacus erythrinus,Common Rosefinch,0.8909,psl6,2024,05,17,09
678.0,681.0,Carpodacus erythrinus,Common Rosefinch,0.8931,psl6,2024,05,17,09
681.0,684.0,Phylloscopus humei,Hume's Warbler,0.6997,psl6,2024,05,17,09
690.0,693.0,Phylloscopus humei,Hume's Warbler,0.6294,psl6,2024,05,17,09
696.0,699.0,Carpodacus erythrinus,Common Rosefinch,0.8597,psl6,2024,05,17,09
699.0,702.0,Phylloscopus humei,Hume's Warbler,0.5905,psl6,2024,05,17,09
711.0,714.0,Phylloscopus humei,Hume's Warbler,0.5691,psl6,2024,05,17,09
717.0,720.0,Carpodacus erythrinus,Common Rosefinch,0.6765,psl6,2024,05,17,09
720.0,723.0,Trochalopteron variegatum,Variegated Laughingthrush,0.8795,psl6,2024,05,17,09
723.0,726.0,Carpodacus erythrinus,Common Rosefinch,0.9212,psl6,2024,05,17,09
726.0,729.0,Phylloscopus humei,Hume's Warbler,0.7878,psl6,2024,05,17,09
729.0,732.0,Carpodacus erythrinus,Common Rosefinch,0.8689,psl6,2024,05,17,09
735.0,738.0,Carpodacus erythrinus,Common Rosefinch,0.5921,psl6,2024,05,17,09
741.0,744.0,Prunella strophiata,Rufous-breasted Accentor,0.9321,psl6,2024,05,17,09
744.0,747.0,Phylloscopus humei,Hume's Warbler,0.6333,psl6,2024,05,17,09
744.0,747.0,Carpodacus erythrinus,Common Rosefinch,0.5276,psl6,2024,05,17,09
747.0,750.0,Phylloscopus humei,Hume's Warbler,0.688,psl6,2024,05,17,09
753.0,756.0,Carpodacus erythrinus,Common Rosefinch,0.5915,psl6,2024,05,17,09
762.0,765.0,Carpodacus erythrinus,Common Rosefinch,0.8452,psl6,2024,05,17,09
765.0,768.0,Phylloscopus affinis,Tickell's Leaf Warbler,0.6817,psl6,2024,05,17,09
768.0,771.0,Carpodacus erythrinus,Common Rosefinch,0.6929,psl6,2024,05,17,09
777.0,780.0,Phylloscopus humei,Hume's Warbler,0.6915,psl6,2024,05,17,09
783.0,786.0,Carpodacus erythrinus,Common Rosefinch,0.8203,psl6,2024,05,17,09
786.0,789.0,Phylloscopus humei,Hume's Warbler,0.5616,psl6,2024,05,17,09
798.0,801.0,Phylloscopus humei,Hume's Warbler,0.8827,psl6,2024,05,17,09
813.0,816.0,Phylloscopus humei,Hume's Warbler,0.8845,psl6,2024,05,17,09
822.0,825.0,Phylloscopus humei,Hume's Warbler,0.9656,psl6,2024,05,17,09
825.0,828.0,Phylloscopus humei,Hume's Warbler,0.9595,psl6,2024,05,17,09
831.0,834.0,Phylloscopus humei,Hume's Warbler,0.7989,psl6,2024,05,17,09
837.0,840.0,Phylloscopus humei,Hume's Warbler,0.9555,psl6,2024,05,17,09
855.0,858.0,Phylloscopus humei,Hume's Warbler,0.6631,psl6,2024,05,17,09
879.0,882.0,Carpodacus erythrinus,Common Rosefinch,0.8105,psl6,2024,05,17,09
885.0,888.0,Carpodacus erythrinus,Common Rosefinch,0.7161,psl6,2024,05,17,09
894.0,897.0,Carpodacus erythrinus,Common Rosefinch,0.8993,psl6,2024,05,17,09
897.0,900.0,Phylloscopus humei,Hume's Warbler,0.8051,psl6,2024,05,17,09
3.0,6.0,Phylloscopus occipitalis,Western Crowned Warbler,0.7554,psl6,2024,05,18,06
9.0,12.0,Larvivora brunnea,Indian Blue Robin,0.7513,psl6,2024,05,18,06
12.0,15.0,Phylloscopus humei,Hume's Warbler,0.6067,psl6,2024,05,18,06
30.0,33.0,Larvivora brunnea,Indian Blue Robin,0.7136,psl6,2024,05,18,06
147.0,150.0,Larvivora brunnea,Indian Blue Robin,0.9085,psl6,2024,05,18,06
180.0,183.0,Larvivora brunnea,Indian Blue Robin,0.9459,psl6,2024,05,18,06
183.0,186.0,Phylloscopus occipitalis,Western Crowned Warbler,0.5022,psl6,2024,05,18,06
198.0,201.0,Larvivora brunnea,Indian Blue Robin,0.9281,psl6,2024,05,18,06
198.0,201.0,Phylloscopus magnirostris,Large-billed Leaf Warbler,0.675,psl6,2024,05,18,06
228.0,231.0,Larvivora brunnea,Indian Blue Robin,0.6681,psl6,2024,05,18,06
264.0,267.0,Larvivora brunnea,Indian Blue Robin,0.8845,psl6,2024,05,18,06
279.0,282.0,Phylloscopus occipitalis,Western Crowned Warbler,0.5984,psl6,2024,05,18,06
282.0,285.0,Phylloscopus occipitalis,Western Crowned Warbler,0.5063,psl6,2024,05,18,06
285.0,288.0,Larvivora brunnea,Indian Blue Robin,0.5569,psl6,2024,05,18,06
309.0,312.0,Larvivora brunnea,Indian Blue Robin,0.5265,psl6,2024,05,18,06
321.0,324.0,Phylloscopus magnirostris,Large-billed Leaf Warbler,0.6945,psl6,2024,05,18,06
384.0,387.0,Setophaga townsendi,Townsend's Warbler,0.6167,psl6,2024,05,18,06
393.0,396.0,Phylloscopus occipitalis,Western Crowned Warbler,0.5362,psl6,2024,05,18,06
399.0,402.0,Larvivora brunnea,Indian Blue Robin,0.7666,psl6,2024,05,18,06
411.0,414.0,Larvivora brunnea,Indian Blue Robin,0.7641,psl6,2024,05,18,06
426.0,429.0,Phylloscopus occipitalis,Western Crowned Warbler,0.5699,psl6,2024,05,18,06
444.0,447.0,Larvivora brunnea,Indian Blue Robin,0.8032,psl6,2024,05,18,06
450.0,453.0,Phylloscopus occipitalis,Western Crowned Warbler,0.8197,psl6,2024,05,18,06
465.0,468.0,Larvivora brunnea,Indian Blue Robin,0.5446,psl6,2024,05,18,06
498.0,501.0,Phylloscopus occipitalis,Western Crowned Warbler,0.8579,psl6,2024,05,18,06
516.0,519.0,Phylloscopus occipitalis,Western Crowned Warbler,0.7162,psl6,2024,05,18,06
528.0,531.0,Phylloscopus humei,Hume's Warbler,0.6616,psl6,2024,05,18,06
534.0,537.0,Phylloscopus humei,Hume's Warbler,0.5829,psl6,2024,05,18,06
537.0,540.0,Phylloscopus occipitalis,Western Crowned Warbler,0.6647,psl6,2024,05,18,06
543.0,546.0,Phylloscopus humei,Hume's Warbler,0.5229,psl6,2024,05,18,06
555.0,558.0,Phylloscopus humei,Hume's Warbler,0.7356,psl6,2024,05,18,06
573.0,576.0,Phylloscopus humei,Hume's Warbler,0.6079,psl6,2024,05,18,06
585.0,588.0,Phylloscopus humei,Hume's Warbler,0.8631,psl6,2024,05,18,06
594.0,597.0,Phylloscopus occipitalis,Western Crowned Warbler,0.5846,psl6,2024,05,18,06
597.0,600.0,Phylloscopus humei,Hume's Warbler,0.7054,psl6,2024,05,18,06
600.0,603.0,Phylloscopus humei,Hume's Warbler,0.6817,psl6,2024,05,18,06
612.0,615.0,Larvivora brunnea,Indian Blue Robin,0.8705,psl6,2024,05,18,06
627.0,630.0,Phylloscopus humei,Hume's Warbler,0.6846,psl6,2024,05,18,06
636.0,639.0,Phylloscopus humei,Hume's Warbler,0.6466,psl6,2024,05,18,06
654.0,657.0,Phylloscopus occipitalis,Western Crowned Warbler,0.5166,psl6,2024,05,18,06
732.0,735.0,Prunella strophiata,Rufous-breasted Accentor,0.5679,psl6,2024,05,18,06
735.0,738.0,Prunella strophiata,Rufous-breasted Accentor,0.6406,psl6,2024,05,18,06
744.0,747.0,Phylloscopus occipitalis,Western Crowned Warbler,0.8448,psl6,2024,05,18,06
822.0,825.0,Phylloscopus occipitalis,Western Crowned Warbler,0.545,psl6,2024,05,18,06
828.0,831.0,Phylloscopus occipitalis,Western Crowned Warbler,0.6405,psl6,2024,05,18,06
837.0,840.0,Phylloscopus occipitalis,Western Crowned Warbler,0.5087,psl6,2024,05,18,06
843.0,846.0,Phylloscopus occipitalis,Western Crowned Warbler,0.693,psl6,2024,05,18,06
849.0,852.0,Phylloscopus occipitalis,Western Crowned Warbler,0.9077,psl6,2024,05,18,06
855.0,858.0,Phylloscopus humei,Hume's Warbler,0.5443,psl6,2024,05,18,06
879.0,882.0,Phylloscopus occipitalis,Western Crowned Warbler,0.8603,psl6,2024,05,18,06
894.0,897.0,Phylloscopus occipitalis,Western Crowned Warbler,0.5532,psl6,2024,05,18,06
0.0,3.0,Phylloscopus occipitalis,Western Crowned Warbler,0.7791,psl6,2024,05,18,07
3.0,6.0,Phylloscopus occipitalis,Western Crowned Warbler,0.6207,psl6,2024,05,18,07
9.0,12.0,Phylloscopus occipitalis,Western Crowned Warbler,0.6479,psl6,2024,05,18,07
9.0,12.0,Prunella strophiata,Rufous-breasted Accentor,0.6376,psl6,2024,05,18,07
18.0,21.0,Phylloscopus occipitalis,Western Crowned Warbler,0.7664,psl6,2024,05,18,07
24.0,27.0,Phylloscopus occipitalis,Western Crowned Warbler,0.9673,psl6,2024,05,18,07
60.0,63.0,Phylloscopus occipitalis,Western Crowned Warbler,0.7983,psl6,2024,05,18,07
75.0,78.0,Phylloscopus occipitalis,Western Crowned Warbler,0.5626,psl6,2024,05,18,07
99.0,102.0,Prunella strophiata,Rufous-breasted Accentor,0.5133,psl6,2024,05,18,07
105.0,108.0,Prunella strophiata,Rufous-breasted Accentor,0.9926,psl6,2024,05,18,07
108.0,111.0,Prunella strophiata,Rufous-breasted Accentor,0.9911,psl6,2024,05,18,07
111.0,114.0,Prunella strophiata,Rufous-breasted Accentor,0.9617,psl6,2024,05,18,07
114.0,117.0,Prunella strophiata,Rufous-breasted Accentor,0.9056,psl6,2024,05,18,07
120.0,123.0,Prunella strophiata,Rufous-breasted Accentor,0.9867,psl6,2024,05,18,07
126.0,129.0,Prunella strophiata,Rufous-breasted Accentor,0.9129,psl6,2024,05,18,07
135.0,138.0,Prunella strophiata,Rufous-breasted Accentor,0.5724,psl6,2024,05,18,07
150.0,153.0,Phylloscopus humei,Hume's Warbler,0.5708,psl6,2024,05,18,07
159.0,162.0,Phylloscopus occipitalis,Western Crowned Warbler,0.6223,psl6,2024,05,18,07
186.0,189.0,Phylloscopus humei,Hume's Warbler,0.8,psl6,2024,05,18,07
198.0,201.0,Pyrrhula pyrrhula,Eurasian Bullfinch,0.9312,psl6,2024,05,18,07
201.0,204.0,Pyrrhula pyrrhula,Eurasian Bullfinch,0.6386,psl6,2024,05,18,07
210.0,213.0,Phylloscopus occipitalis,Western Crowned Warbler,0.6781,psl6,2024,05,18,07
237.0,240.0,Phylloscopus humei,Hume's Warbler,0.5119,psl6,2024,05,18,07
240.0,243.0,Phylloscopus humei,Hume's Warbler,0.5474,psl6,2024,05,18,07
246.0,249.0,Phylloscopus humei,Hume's Warbler,0.5751,psl6,2024,05,18,07
249.0,252.0,Carpodacus erythrinus,Common Rosefinch,0.7482,psl6,2024,05,18,07
252.0,255.0,Phylloscopus humei,Hume's Warbler,0.7635,psl6,2024,05,18,07
264.0,267.0,Carpodacus erythrinus,Common Rosefinch,0.8403,psl6,2024,05,18,07
270.0,273.0,Phylloscopus occipitalis,Western Crowned Warbler,0.6087,psl6,2024,05,18,07
273.0,276.0,Phylloscopus occipitalis,Western Crowned Warbler,0.7033,psl6,2024,05,18,07
279.0,282.0,Carpodacus erythrinus,Common Rosefinch,0.8254,psl6,2024,05,18,07
282.0,285.0,Periparus rufonuchalis,Rufous-naped Tit,0.9358,psl6,2024,05,18,07
288.0,291.0,Periparus rufonuchalis,Rufous-naped Tit,0.6494,psl6,2024,05,18,07
291.0,294.0,Carpodacus erythrinus,Common Rosefinch,0.7794,psl6,2024,05,18,07
294.0,297.0,Periparus rufonuchalis,Rufous-naped Tit,0.739,psl6,2024,05,18,07
297.0,300.0,Phylloscopus occipitalis,Western Crowned Warbler,0.8804,psl6,2024,05,18,07
300.0,303.0,Phylloscopus occipitalis,Western Crowned Warbler,0.7286,psl6,2024,05,18,07
303.0,306.0,Phylloscopus occipitalis,Western Crowned Warbler,0.9908,psl6,2024,05,18,07
306.0,309.0,Phylloscopus occipitalis,Western Crowned Warbler,0.9969,psl6,2024,05,18,07
309.0,312.0,Phylloscopus occipitalis,Western Crowned Warbler,0.9292,psl6,2024,05,18,07
315.0,318.0,Phylloscopus occipitalis,Western Crowned Warbler,0.6924,psl6,2024,05,18,07
321.0,324.0,Carpodacus erythrinus,Common Rosefinch,0.8485,psl6,2024,05,18,07
324.0,327.0,Phylloscopus occipitalis,Western Crowned Warbler,0.6162,psl6,2024,05,18,07
360.0,363.0,Carpodacus erythrinus,Common Rosefinch,0.6991,psl6,2024,05,18,07
363.0,366.0,Phylloscopus occipitalis,Western Crowned Warbler,0.6441,psl6,2024,05,18,07
408.0,411.0,Prunella strophiata,Rufous-breasted Accentor,0.5614,psl6,2024,05,18,07
459.0,462.0,Prunella strophiata,Rufous-breasted Accentor,0.6974,psl6,2024,05,18,07
465.0,468.0,Prunella strophiata,Rufous-breasted Accentor,0.9029,psl6,2024,05,18,07
468.0,471.0,Prunella strophiata,Rufous-breasted Accentor,0.9743,psl6,2024,05,18,07
471.0,474.0,Prunella strophiata,Rufous-breasted Accentor,0.8737,psl6,2024,05,18,07
474.0,477.0,Prunella strophiata,Rufous-breasted Accentor,0.8985,psl6,2024,05,18,07
477.0,480.0,Prunella strophiata,Rufous-breasted Accentor,0.8174,psl6,2024,05,18,07
480.0,483.0,Prunella strophiata,Rufous-breasted Accentor,0.7565,psl6,2024,05,18,07
483.0,486.0,Prunella strophiata,Rufous-breasted Accentor,0.5431,psl6,2024,05,18,07
486.0,489.0,Prunella strophiata,Rufous-breasted Accentor,0.8895,psl6,2024,05,18,07
489.0,492.0,Prunella strophiata,Rufous-breasted Accentor,0.7766,psl6,2024,05,18,07
492.0,495.0,Phylloscopus occipitalis,Western Crowned Warbler,0.6181,psl6,2024,05,18,07
522.0,525.0,Phylloscopus occipitalis,Western Crowned Warbler,0.5377,psl6,2024,05,18,07
567.0,570.0,Phylloscopus humei,Hume's Warbler,0.7278,psl6,2024,05,18,07
573.0,576.0,Phylloscopus humei,Hume's Warbler,0.6044,psl6,2024,05,18,07
576.0,579.0,Phylloscopus humei,Hume's Warbler,0.6376,psl6,2024,05,18,07
591.0,594.0,Phylloscopus humei,Hume's Warbler,0.6396,psl6,2024,05,18,07
606.0,609.0,Phylloscopus humei,Hume's Warbler,0.8311,psl6,2024,05,18,07
624.0,627.0,Phylloscopus humei,Hume's Warbler,0.8102,psl6,2024,05,18,07
633.0,636.0,Phylloscopus humei,Hume's Warbler,0.6318,psl6,2024,05,18,07
654.0,657.0,Phylloscopus humei,Hume's Warbler,0.6292,psl6,2024,05,18,07
657.0,660.0,Phylloscopus occipitalis,Western Crowned Warbler,0.7118,psl6,2024,05,18,07
693.0,696.0,Phylloscopus humei,Hume's Warbler,0.6912,psl6,2024,05,18,07
702.0,705.0,Zosterops simplex,Swinhoe's White-eye,0.6654,psl6,2024,05,18,07
747.0,750.0,Phylloscopus occipitalis,Western Crowned Warbler,0.6247,psl6,2024,05,18,07
753.0,756.0,Phylloscopus humei,Hume's Warbler,0.6087,psl6,2024,05,18,07
759.0,762.0,Phylloscopus occipitalis,Western Crowned Warbler,0.8283,psl6,2024,05,18,07
792.0,795.0,Phylloscopus occipitalis,Western Crowned Warbler,0.5721,psl6,2024,05,18,07
822.0,825.0,Phylloscopus occipitalis,Western Crowned Warbler,0.8124,psl6,2024,05,18,07
6.0,9.0,Pandion haliaetus,Osprey,0.5032,psl6,2024,05,18,08
9.0,12.0,Recurvirostra americana,American Avocet,0.512,psl6,2024,05,18,08
69.0,72.0,Phylloscopus occipitalis,Western Crowned Warbler,0.633,psl6,2024,05,18,08
78.0,81.0,Phylloscopus occipitalis,Western Crowned Warbler,0.6271,psl6,2024,05,18,08
81.0,84.0,Phylloscopus occipitalis,Western Crowned Warbler,0.9256,psl6,2024,05,18,08
120.0,123.0,Troglodytes pacificus,Pacific Wren,0.613,psl6,2024,05,18,08
141.0,144.0,Troglodytes pacificus,Pacific Wren,0.5903,psl6,2024,05,18,08
156.0,159.0,Troglodytes pacificus,Pacific Wren,0.7646,psl6,2024,05,18,08
159.0,162.0,Troglodytes pacificus,Pacific Wren,0.63,psl6,2024,05,18,08
201.0,204.0,Prunella strophiata,Rufous-breasted Accentor,0.5029,psl6,2024,05,18,08
204.0,207.0,Prunella strophiata,Rufous-breasted Accentor,0.7798,psl6,2024,05,18,08
207.0,210.0,Prunella strophiata,Rufous-breasted Accentor,0.8634,psl6,2024,05,18,08
213.0,216.0,Phylloscopus occipitalis,Western Crowned Warbler,0.6357,psl6,2024,05,18,08
219.0,222.0,Prunella strophiata,Rufous-breasted Accentor,0.733,psl6,2024,05,18,08
225.0,228.0,Trochalopteron variegatum,Variegated Laughingthrush,0.7961,psl6,2024,05,18,08
237.0,240.0,Trochalopteron variegatum,Variegated Laughingthrush,0.8636,psl6,2024,05,18,08
243.0,246.0,Setophaga pitiayumi,Tropical Parula,0.6592,psl6,2024,05,18,08
249.0,252.0,Setophaga pitiayumi,Tropical Parula,0.5345,psl6,2024,05,18,08
255.0,258.0,Troglodytes pacificus,Pacific Wren,0.6236,psl6,2024,05,18,08
270.0,273.0,Troglodytes pacificus,Pacific Wren,0.5332,psl6,2024,05,18,08
273.0,276.0,Troglodytes pacificus,Pacific Wren,0.5945,psl6,2024,05,18,08
285.0,288.0,Trochalopteron variegatum,Variegated Laughingthrush,0.6963,psl6,2024,05,18,08
291.0,294.0,Troglodytes pacificus,Pacific Wren,0.6152,psl6,2024,05,18,08
309.0,312.0,Troglodytes pacificus,Pacific Wren,0.9075,psl6,2024,05,18,08
318.0,321.0,Trochalopteron variegatum,Variegated Laughingthrush,0.781,psl6,2024,05,18,08
330.0,333.0,Phylloscopus occipitalis,Western Crowned Warbler,0.8439,psl6,2024,05,18,08
336.0,339.0,Troglodytes pacificus,Pacific Wren,0.7848,psl6,2024,05,18,08
348.0,351.0,Phylloscopus occipitalis,Western Crowned Warbler,0.9908,psl6,2024,05,18,08
354.0,357.0,Troglodytes pacificus,Pacific Wren,0.9333,psl6,2024,05,18,08
360.0,363.0,Phylloscopus occipitalis,Western Crowned Warbler,0.924,psl6,2024,05,18,08
363.0,366.0,Phylloscopus maculipennis,Ashy-throated Warbler,0.8051,psl6,2024,05,18,08
366.0,369.0,Phylloscopus occipitalis,Western Crowned Warbler,0.8065,psl6,2024,05,18,08
378.0,381.0,Troglodytes pacificus,Pacific Wren,0.7609,psl6,2024,05,18,08
390.0,393.0,Troglodytes pacificus,Pacific Wren,0.9457,psl6,2024,05,18,08
396.0,399.0,Phylloscopus occipitalis,Western Crowned Warbler,0.5787,psl6,2024,05,18,08
402.0,405.0,Setophaga pitiayumi,Tropical Parula,0.5225,psl6,2024,05,18,08
405.0,408.0,Phylloscopus affinis,Tickell's Leaf Warbler,0.9173,psl6,2024,05,18,08
411.0,414.0,Phylloscopus occipitalis,Western Crowned Warbler,0.7905,psl6,2024,05,18,08
414.0,417.0,Phylloscopus occipitalis,Western Crowned Warbler,0.994,psl6,2024,05,18,08
417.0,420.0,Phylloscopus occipitalis,Western Crowned Warbler,0.7799,psl6,2024,05,18,08
426.0,429.0,Phylloscopus occipitalis,Western Crowned Warbler,0.9632,psl6,2024,05,18,08
429.0,432.0,Phylloscopus occipitalis,Western Crowned Warbler,0.8332,psl6,2024,05,18,08
438.0,441.0,Phylloscopus occipitalis,Western Crowned Warbler,0.9762,psl6,2024,05,18,08
441.0,444.0,Setophaga graciae,Grace's Warbler,0.7073,psl6,2024,05,18,08
447.0,450.0,Phylloscopus affinis,Tickell's Leaf Warbler,0.5894,psl6,2024,05,18,08
462.0,465.0,Phylloscopus affinis,Tickell's Leaf Warbler,0.5085,psl6,2024,05,18,08
465.0,468.0,Prunella strophiata,Rufous-breasted Accentor,0.5436,psl6,2024,05,18,08
474.0,477.0,Phylloscopus occipitalis,Western Crowned Warbler,0.7908,psl6,2024,05,18,08
483.0,486.0,Phylloscopus occipitalis,Western Crowned Warbler,0.6905,psl6,2024,05,18,08
486.0,489.0,Phylloscopus occipitalis,Western Crowned Warbler,0.9309,psl6,2024,05,18,08
489.0,492.0,Prunella strophiata,Rufous-breasted Accentor,0.7288,psl6,2024,05,18,08
492.0,495.0,Phylloscopus occipitalis,Western Crowned Warbler,0.7966,psl6,2024,05,18,08
513.0,516.0,Phylloscopus occipitalis,Western Crowned Warbler,0.8976,psl6,2024,05,18,08
534.0,537.0,Prunella strophiata,Rufous-breasted Accentor,0.7103,psl6,2024,05,18,08
540.0,543.0,Conirostrum binghami,Giant Conebill,0.5294,psl6,2024,05,18,08
552.0,555.0,Prunella strophiata,Rufous-breasted Accentor,0.5994,psl6,2024,05,18,08
621.0,624.0,Luscinia phaenicuroides,White-bellied Redstart,0.5252,psl6,2024,05,18,08
765.0,768.0,Phylloscopus tytleri,Tytler's Leaf Warbler,0.64,psl6,2024,05,18,08
771.0,774.0,Phylloscopus humei,Hume's Warbler,0.9552,psl6,2024,05,18,08
807.0,810.0,Phylloscopus humei,Hume's Warbler,0.989,psl6,2024,05,18,08
852.0,855.0,Phylloscopus occipitalis,Western Crowned Warbler,0.9795,psl6,2024,05,18,08
855.0,858.0,Phylloscopus occipitalis,Western Crowned Warbler,0.8918,psl6,2024,05,18,08
864.0,867.0,Phylloscopus occipitalis,Western Crowned Warbler,0.9161,psl6,2024,05,18,08
873.0,876.0,Phylloscopus occipitalis,Western Crowned Warbler,0.7254,psl6,2024,05,18,08
885.0,888.0,Phylloscopus occipitalis,Western Crowned Warbler,0.8665,psl6,2024,05,18,08
894.0,897.0,Phylloscopus occipitalis,Western Crowned Warbler,0.7187,psl6,2024,05,18,08
897.0,900.0,Phylloscopus occipitalis,Western Crowned Warbler,0.574,psl6,2024,05,18,08
222.0,225.0,Phylloscopus humei,Hume's Warbler,0.7499,psl6,2024,05,18,09
276.0,279.0,Phylloscopus humei,Hume's Warbler,0.8301,psl6,2024,05,18,09
318.0,321.0,Phylloscopus occipitalis,Western Crowned Warbler,0.5027,psl6,2024,05,18,09
321.0,324.0,Carpodacus erythrinus,Common Rosefinch,0.6348,psl6,2024,05,18,09
438.0,441.0,Phylloscopus occipitalis,Western Crowned Warbler,0.5912,psl6,2024,05,18,09
456.0,459.0,Phylloscopus occipitalis,Western Crowned Warbler,0.8343,psl6,2024,05,18,09
468.0,471.0,Phylloscopus occipitalis,Western Crowned Warbler,0.5481,psl6,2024,05,18,09
528.0,531.0,Phylloscopus occipitalis,Western Crowned Warbler,0.5818,psl6,2024,05,18,09
534.0,537.0,Phylloscopus humei,Hume's Warbler,0.7818,psl6,2024,05,18,09
549.0,552.0,Phylloscopus ibericus,Iberian Chiffchaff,0.679,psl6,2024,05,18,09
588.0,591.0,Phylloscopus humei,Hume's Warbler,0.7052,psl6,2024,05,18,09
597.0,600.0,Phylloscopus humei,Hume's Warbler,0.766,psl6,2024,05,18,09
615.0,618.0,Spinus tristis,American Goldfinch,0.5048,psl6,2024,05,18,09
621.0,624.0,Phylloscopus humei,Hume's Warbler,0.5411,psl6,2024,05,18,09
627.0,630.0,Phylloscopus occipitalis,Western Crowned Warbler,0.9391,psl6,2024,05,18,09
660.0,663.0,Phylloscopus humei,Hume's Warbler,0.5235,psl6,2024,05,18,09
681.0,684.0,Periparus ater,Coal Tit,0.5377,psl6,2024,05,18,09
684.0,687.0,Periparus ater,Coal Tit,0.8384,psl6,2024,05,18,09
690.0,693.0,Periparus ater,Coal Tit,0.683,psl6,2024,05,18,09
699.0,702.0,Periparus ater,Coal Tit,0.8056,psl6,2024,05,18,09
702.0,705.0,Periparus ater,Coal Tit,0.5391,psl6,2024,05,18,09
708.0,711.0,Periparus ater,Coal Tit,0.8167,psl6,2024,05,18,09
714.0,717.0,Periparus ater,Coal Tit,0.7431,psl6,2024,05,18,09
720.0,723.0,Periparus ater,Coal Tit,0.5776,psl6,2024,05,18,09
726.0,729.0,Phylloscopus occipitalis,Western Crowned Warbler,0.8083,psl6,2024,05,18,09
732.0,735.0,Periparus ater,Coal Tit,0.7711,psl6,2024,05,18,09
735.0,738.0,Periparus ater,Coal Tit,0.669,psl6,2024,05,18,09
741.0,744.0,Periparus ater,Coal Tit,0.8737,psl6,2024,05,18,09
756.0,759.0,Periparus ater,Coal Tit,0.6278,psl6,2024,05,18,09
768.0,771.0,Periparus ater,Coal Tit,0.7486,psl6,2024,05,18,09
789.0,792.0,Periparus ater,Coal Tit,0.7152,psl6,2024,05,18,09
816.0,819.0,Ficedula parva,Red-breasted Flycatcher,0.5624,psl6,2024,05,18,09
834.0,837.0,Phylloscopus occipitalis,Western Crowned Warbler,0.8515,psl6,2024,05,18,09
837.0,840.0,Ficedula parva,Red-breasted Flycatcher,0.8282,psl6,2024,05,18,09
840.0,843.0,Phylloscopus occipitalis,Western Crowned Warbler,0.683,psl6,2024,05,18,09
861.0,864.0,Ficedula parva,Red-breasted Flycatcher,0.5421,psl6,2024,05,18,09
870.0,873.0,Prunella strophiata,Rufous-breasted Accentor,0.5211,psl6,2024,05,18,09
9.0,12.0,Phylloscopus trochiloides,Greenish Warbler,0.5562,psl6,2024,05,19,06
21.0,24.0,Phylloscopus trochiloides,Greenish Warbler,0.8844,psl6,2024,05,19,06
39.0,42.0,Phyllergates cucullatus,Mountain Tailorbird,0.5226,psl6,2024,05,19,06
54.0,57.0,Poecile sclateri,Mexican Chickadee,0.7462,psl6,2024,05,19,06
69.0,72.0,Phylloscopus trochiloides,Greenish Warbler,0.6381,psl6,2024,05,19,06
75.0,78.0,Phylloscopus humei,Hume's Warbler,0.5366,psl6,2024,05,19,06
81.0,84.0,Phylloscopus reguloides,Blyth's Leaf Warbler,0.585,psl6,2024,05,19,06
111.0,114.0,Cyanoptila cyanomelana,Blue-and-white Flycatcher,0.6699,psl6,2024,05,19,06
129.0,132.0,Tarsiger rufilatus,Himalayan Bluetail,0.9134,psl6,2024,05,19,06
132.0,135.0,Trochalopteron variegatum,Variegated Laughingthrush,0.6899,psl6,2024,05,19,06
183.0,186.0,Trochalopteron variegatum,Variegated Laughingthrush,0.7165,psl6,2024,05,19,06
183.0,186.0,Phylloscopus humei,Hume's Warbler,0.6528,psl6,2024,05,19,06
186.0,189.0,Trochalopteron variegatum,Variegated Laughingthrush,0.8792,psl6,2024,05,19,06
219.0,222.0,Trochalopteron variegatum,Variegated Laughingthrush,0.7793,psl6,2024,05,19,06
231.0,234.0,Phylloscopus trochiloides,Greenish Warbler,0.6663,psl6,2024,05,19,06
252.0,255.0,Trochalopteron variegatum,Variegated Laughingthrush,0.5535,psl6,2024,05,19,06
525.0,528.0,Phylloscopus occipitalis,Western Crowned Warbler,0.6868,psl6,2024,05,19,06
570.0,573.0,Phylloscopus humei,Hume's Warbler,0.5253,psl6,2024,05,19,06
591.0,594.0,Phylloscopus humei,Hume's Warbler,0.5465,psl6,2024,05,19,06
633.0,636.0,Phylloscopus humei,Hume's Warbler,0.595,psl6,2024,05,19,06
648.0,651.0,Phylloscopus occipitalis,Western Crowned Warbler,0.7447,psl6,2024,05,19,06
681.0,684.0,Phylloscopus occipitalis,Western Crowned Warbler,0.5881,psl6,2024,05,19,06
684.0,687.0,Phylloscopus humei,Hume's Warbler,0.6181,psl6,2024,05,19,06
690.0,693.0,Phylloscopus humei,Hume's Warbler,0.6401,psl6,2024,05,19,06
705.0,708.0,Phylloscopus humei,Hume's Warbler,0.503,psl6,2024,05,19,06
792.0,795.0,Phylloscopus occipitalis,Western Crowned Warbler,0.7156,psl6,2024,05,19,06
861.0,864.0,Phylloscopus humei,Hume's Warbler,0.6508,psl6,2024,05,19,06
870.0,873.0,Phylloscopus humei,Hume's Warbler,0.7939,psl6,2024,05,19,06
879.0,882.0,Phylloscopus humei,Hume's Warbler,0.5703,psl6,2024,05,19,06
897.0,900.0,Carpodacus erythrinus,Common Rosefinch,0.5089,psl6,2024,05,19,06
36.0,39.0,Phylloscopus humei,Hume's Warbler,0.6168,psl6,2024,05,19,07
93.0,96.0,Phylloscopus humei,Hume's Warbler,0.7958,psl6,2024,05,19,07
102.0,105.0,Phylloscopus humei,Hume's Warbler,0.5111,psl6,2024,05,19,07
105.0,108.0,Phylloscopus humei,Hume's Warbler,0.5609,psl6,2024,05,19,07
114.0,117.0,Phylloscopus humei,Hume's Warbler,0.5836,psl6,2024,05,19,07
120.0,123.0,Phylloscopus humei,Hume's Warbler,0.5454,psl6,2024,05,19,07
138.0,141.0,Phylloscopus humei,Hume's Warbler,0.5084,psl6,2024,05,19,07
201.0,204.0,Phylloscopus humei,Hume's Warbler,0.7297,psl6,2024,05,19,07
258.0,261.0,Phylloscopus humei,Hume's Warbler,0.6435,psl6,2024,05,19,07
363.0,366.0,Phylloscopus humei,Hume's Warbler,0.698,psl6,2024,05,19,07
363.0,366.0,Phylloscopus affinis,Tickell's Leaf Warbler,0.5481,psl6,2024,05,19,07
366.0,369.0,Phylloscopus humei,Hume's Warbler,0.7888,psl6,2024,05,19,07
369.0,372.0,Phylloscopus humei,Hume's Warbler,0.7694,psl6,2024,05,19,07
390.0,393.0,Phylloscopus humei,Hume's Warbler,0.8054,psl6,2024,05,19,07
393.0,396.0,Phylloscopus humei,Hume's Warbler,0.5898,psl6,2024,05,19,07
396.0,399.0,Tarsiger rufilatus,Himalayan Bluetail,0.8658,psl6,2024,05,19,07
402.0,405.0,Phylloscopus affinis,Tickell's Leaf Warbler,0.5345,psl6,2024,05,19,07
414.0,417.0,Phylloscopus humei,Hume's Warbler,0.6941,psl6,2024,05,19,07
441.0,444.0,Phylloscopus humei,Hume's Warbler,0.5503,psl6,2024,05,19,07
450.0,453.0,Phylloscopus trochiloides,Greenish Warbler,0.79,psl6,2024,05,19,07
459.0,462.0,Phylloscopus humei,Hume's Warbler,0.63,psl6,2024,05,19,07
486.0,489.0,Carpodacus erythrinus,Common Rosefinch,0.5152,psl6,2024,05,19,07
492.0,495.0,Phylloscopus trochiloides,Greenish Warbler,0.7373,psl6,2024,05,19,07
534.0,537.0,Phylloscopus humei,Hume's Warbler,0.5377,psl6,2024,05,19,07
540.0,543.0,Phylloscopus tytleri,Tytler's Leaf Warbler,0.5838,psl6,2024,05,19,07
552.0,555.0,Phylloscopus humei,Hume's Warbler,0.5647,psl6,2024,05,19,07
564.0,567.0,Phylloscopus occipitalis,Western Crowned Warbler,0.8284,psl6,2024,05,19,07
576.0,579.0,Phylloscopus humei,Hume's Warbler,0.5719,psl6,2024,05,19,07
579.0,582.0,Phylloscopus occipitalis,Western Crowned Warbler,0.7349,psl6,2024,05,19,07
594.0,597.0,Phylloscopus humei,Hume's Warbler,0.9049,psl6,2024,05,19,07
603.0,606.0,Phylloscopus trochiloides,Greenish Warbler,0.748,psl6,2024,05,19,07
612.0,615.0,Phylloscopus occipitalis,Western Crowned Warbler,0.7665,psl6,2024,05,19,07
615.0,618.0,Phylloscopus occipitalis,Western Crowned Warbler,0.8087,psl6,2024,05,19,07
618.0,621.0,Phylloscopus maculipennis,Ashy-throated Warbler,0.746,psl6,2024,05,19,07
621.0,624.0,Phylloscopus occipitalis,Western Crowned Warbler,0.9956,psl6,2024,05,19,07
624.0,627.0,Phylloscopus occipitalis,Western Crowned Warbler,0.9681,psl6,2024,05,19,07
627.0,630.0,Phylloscopus occipitalis,Western Crowned Warbler,0.9085,psl6,2024,05,19,07
630.0,633.0,Phylloscopus nitidus,Green Warbler,0.9492,psl6,2024,05,19,07
648.0,651.0,Phylloscopus trochiloides,Greenish Warbler,0.7732,psl6,2024,05,19,07
663.0,666.0,Phylloscopus nitidus,Green Warbler,0.8423,psl6,2024,05,19,07
666.0,669.0,Prunella strophiata,Rufous-breasted Accentor,0.7006,psl6,2024,05,19,07
678.0,681.0,Phylloscopus trochiloides,Greenish Warbler,0.8995,psl6,2024,05,19,07
678.0,681.0,Phylloscopus nitidus,Green Warbler,0.5821,psl6,2024,05,19,07
750.0,753.0,Phylloscopus humei,Hume's Warbler,0.5908,psl6,2024,05,19,07
762.0,765.0,Phylloscopus humei,Hume's Warbler,0.7951,psl6,2024,05,19,07
771.0,774.0,Phylloscopus humei,Hume's Warbler,0.9208,psl6,2024,05,19,07
810.0,813.0,Phylloscopus humei,Hume's Warbler,0.8049,psl6,2024,05,19,07
876.0,879.0,Phylloscopus affinis,Tickell's Leaf Warbler,0.6939,psl6,2024,05,19,07
165.0,168.0,Phylloscopus affinis,Tickell's Leaf Warbler,0.8508,psl6,2024,05,19,08
180.0,183.0,Phylloscopus affinis,Tickell's Leaf Warbler,0.7511,psl6,2024,05,19,08
180.0,183.0,Phylloscopus humei,Hume's Warbler,0.637,psl6,2024,05,19,08
186.0,189.0,Phylloscopus humei,Hume's Warbler,0.9356,psl6,2024,05,19,08
195.0,198.0,Phylloscopus occipitalis,Western Crowned Warbler,0.7034,psl6,2024,05,19,08
207.0,210.0,Phylloscopus occipitalis,Western Crowned Warbler,0.659,psl6,2024,05,19,08
228.0,231.0,Phylloscopus occipitalis,Western Crowned Warbler,0.5086,psl6,2024,05,19,08
255.0,258.0,Phylloscopus humei,Hume's Warbler,0.7655,psl6,2024,05,19,08
267.0,270.0,Phylloscopus humei,Hume's Warbler,0.7996,psl6,2024,05,19,08
270.0,273.0,Phylloscopus humei,Hume's Warbler,0.8431,psl6,2024,05,19,08
372.0,375.0,Phylloscopus occipitalis,Western Crowned Warbler,0.5166,psl6,2024,05,19,08
483.0,486.0,Phylloscopus humei,Hume's Warbler,0.7686,psl6,2024,05,19,08
498.0,501.0,Phylloscopus humei,Hume's Warbler,0.5731,psl6,2024,05,19,08
501.0,504.0,Phylloscopus humei,Hume's Warbler,0.5216,psl6,2024,05,19,08
519.0,522.0,Phylloscopus humei,Hume's Warbler,0.518,psl6,2024,05,19,08
639.0,642.0,Phylloscopus occipitalis,Western Crowned Warbler,0.5925,psl6,2024,05,19,08
657.0,660.0,Phylloscopus occipitalis,Western Crowned Warbler,0.6721,psl6,2024,05,19,08
744.0,747.0,Carpodacus erythrinus,Common Rosefinch,0.5301,psl6,2024,05,19,08
783.0,786.0,Carpodacus erythrinus,Common Rosefinch,0.5663,psl6,2024,05,19,08
804.0,807.0,Carpodacus erythrinus,Common Rosefinch,0.6605,psl6,2024,05,19,08
18.0,21.0,Phylloscopus humei,Hume's Warbler,0.8138,psl6,2024,05,19,09
150.0,153.0,Phylloscopus humei,Hume's Warbler,0.6709,psl6,2024,05,19,09
156.0,159.0,Phylloscopus humei,Hume's Warbler,0.6834,psl6,2024,05,19,09
171.0,174.0,Phylloscopus affinis,Tickell's Leaf Warbler,0.5068,psl6,2024,05,19,09
195.0,198.0,Phylloscopus occipitalis,Western Crowned Warbler,0.8072,psl6,2024,05,19,09
210.0,213.0,Phylloscopus occipitalis,Western Crowned Warbler,0.9545,psl6,2024,05,19,09
249.0,252.0,Phylloscopus occipitalis,Western Crowned Warbler,0.6569,psl6,2024,05,19,09
261.0,264.0,Phylloscopus occipitalis,Western Crowned Warbler,0.8548,psl6,2024,05,19,09
276.0,279.0,Phylloscopus occipitalis,Western Crowned Warbler,0.8122,psl6,2024,05,19,09
288.0,291.0,Trochalopteron variegatum,Variegated Laughingthrush,0.7817,psl6,2024,05,19,09
297.0,300.0,Trochalopteron variegatum,Variegated Laughingthrush,0.5132,psl6,2024,05,19,09
303.0,306.0,Trochalopteron variegatum,Variegated Laughingthrush,0.9735,psl6,2024,05,19,09
306.0,309.0,Trochalopteron variegatum,Variegated Laughingthrush,0.9453,psl6,2024,05,19,09
309.0,312.0,Trochalopteron variegatum,Variegated Laughingthrush,0.6985,psl6,2024,05,19,09
315.0,318.0,Trochalopteron variegatum,Variegated Laughingthrush,0.8624,psl6,2024,05,19,09
321.0,324.0,Trochalopteron erythrocephalum,Chestnut-crowned Laughingthrush,0.7058,psl6,2024,05,19,09
321.0,324.0,Trochalopteron variegatum,Variegated Laughingthrush,0.5311,psl6,2024,05,19,09
330.0,333.0,Trochalopteron variegatum,Variegated Laughingthrush,0.9328,psl6,2024,05,19,09
339.0,342.0,Trochalopteron variegatum,Variegated Laughingthrush,0.6418,psl6,2024,05,19,09
342.0,345.0,Trochalopteron variegatum,Variegated Laughingthrush,0.9421,psl6,2024,05,19,09
345.0,348.0,Trochalopteron variegatum,Variegated Laughingthrush,0.9346,psl6,2024,05,19,09
348.0,351.0,Trochalopteron variegatum,Variegated Laughingthrush,0.9621,psl6,2024,05,19,09
354.0,357.0,Trochalopteron variegatum,Variegated Laughingthrush,0.9733,psl6,2024,05,19,09
357.0,360.0,Trochalopteron variegatum,Variegated Laughingthrush,0.9825,psl6,2024,05,19,09
363.0,366.0,Trochalopteron variegatum,Variegated Laughingthrush,0.9814,psl6,2024,05,19,09
366.0,369.0,Trochalopteron variegatum,Variegated Laughingthrush,0.5999,psl6,2024,05,19,09
369.0,372.0,Trochalopteron variegatum,Variegated Laughingthrush,0.9004,psl6,2024,05,19,09
372.0,375.0,Trochalopteron variegatum,Variegated Laughingthrush,0.8188,psl6,2024,05,19,09
375.0,378.0,Trochalopteron variegatum,Variegated Laughingthrush,0.9547,psl6,2024,05,19,09
378.0,381.0,Trochalopteron variegatum,Variegated Laughingthrush,0.9512,psl6,2024,05,19,09
381.0,384.0,Phylloscopus occipitalis,Western Crowned Warbler,0.5094,psl6,2024,05,19,09
384.0,387.0,Trochalopteron variegatum,Variegated Laughingthrush,0.7941,psl6,2024,05,19,09
390.0,393.0,Trochalopteron variegatum,Variegated Laughingthrush,0.6303,psl6,2024,05,19,09
393.0,396.0,Trochalopteron variegatum,Variegated Laughingthrush,0.8514,psl6,2024,05,19,09
396.0,399.0,Trochalopteron variegatum,Variegated Laughingthrush,0.8348,psl6,2024,05,19,09
399.0,402.0,Trochalopteron variegatum,Variegated Laughingthrush,0.7909,psl6,2024,05,19,09
402.0,405.0,Trochalopteron variegatum,Variegated Laughingthrush,0.8848,psl6,2024,05,19,09
405.0,408.0,Trochalopteron variegatum,Variegated Laughingthrush,0.5397,psl6,2024,05,19,09
420.0,423.0,Trochalopteron variegatum,Variegated Laughingthrush,0.5652,psl6,2024,05,19,09
423.0,426.0,Trochalopteron variegatum,Variegated Laughingthrush,0.8546,psl6,2024,05,19,09
432.0,435.0,Phylloscopus occipitalis,Western Crowned Warbler,0.8214,psl6,2024,05,19,09
435.0,438.0,Trochalopteron variegatum,Variegated Laughingthrush,0.6012,psl6,2024,05,19,09
438.0,441.0,Trochalopteron variegatum,Variegated Laughingthrush,0.5805,psl6,2024,05,19,09
516.0,519.0,Phylloscopus occipitalis,Western Crowned Warbler,0.6146,psl6,2024,05,19,09
519.0,522.0,Phylloscopus humei,Hume's Warbler,0.7517,psl6,2024,05,19,09
522.0,525.0,Phylloscopus affinis,Tickell's Leaf Warbler,0.5248,psl6,2024,05,19,09
540.0,543.0,Phylloscopus occipitalis,Western Crowned Warbler,0.9029,psl6,2024,05,19,09
591.0,594.0,Phylloscopus affinis,Tickell's Leaf Warbler,0.7206,psl6,2024,05,19,09
594.0,597.0,Phylloscopus humei,Hume's Warbler,0.7026,psl6,2024,05,19,09
603.0,606.0,Phylloscopus occipitalis,Western Crowned Warbler,0.6623,psl6,2024,05,19,09
615.0,618.0,Phylloscopus affinis,Tickell's Leaf Warbler,0.8337,psl6,2024,05,19,09
630.0,633.0,Phylloscopus affinis,Tickell's Leaf Warbler,0.5987,psl6,2024,05,19,09
651.0,654.0,Phylloscopus affinis,Tickell's Leaf Warbler,0.8761,psl6,2024,05,19,09
669.0,672.0,Phylloscopus affinis,Tickell's Leaf Warbler,0.8698,psl6,2024,05,19,09
675.0,678.0,Phylloscopus affinis,Tickell's Leaf Warbler,0.565,psl6,2024,05,19,09
678.0,681.0,Phylloscopus occipitalis,Western Crowned Warbler,0.5718,psl6,2024,05,19,09
684.0,687.0,Phylloscopus affinis,Tickell's Leaf Warbler,0.8422,psl6,2024,05,19,09
693.0,696.0,Phylloscopus affinis,Tickell's Leaf Warbler,0.6904,psl6,2024,05,19,09
714.0,717.0,Phylloscopus affinis,Tickell's Leaf Warbler,0.7551,psl6,2024,05,19,09
717.0,720.0,Phylloscopus affinis,Tickell's Leaf Warbler,0.5053,psl6,2024,05,19,09
732.0,735.0,Phylloscopus affinis,Tickell's Leaf Warbler,0.7033,psl6,2024,05,19,09
756.0,759.0,Phylloscopus affinis,Tickell's Leaf Warbler,0.6281,psl6,2024,05,19,09
801.0,804.0,Phylloscopus affinis,Tickell's Leaf Warbler,0.6235,psl6,2024,05,19,09
807.0,810.0,Phylloscopus humei,Hume's Warbler,0.8723,psl6,2024,05,19,09
816.0,819.0,Phylloscopus humei,Hume's Warbler,0.5778,psl6,2024,05,19,09
825.0,828.0,Phylloscopus occipitalis,Western Crowned Warbler,0.5962,psl6,2024,05,19,09
834.0,837.0,Phylloscopus occipitalis,Western Crowned Warbler,0.8897,psl6,2024,05,19,09
837.0,840.0,Phylloscopus humei,Hume's Warbler,0.7365,psl6,2024,05,19,09
843.0,846.0,Phylloscopus humei,Hume's Warbler,0.8286,psl6,2024,05,19,09
846.0,849.0,Phylloscopus affinis,Tickell's Leaf Warbler,0.5736,psl6,2024,05,19,09
870.0,873.0,Phylloscopus humei,Hume's Warbler,0.9402,psl6,2024,05,19,09
21.0,24.0,Phylloscopus occipitalis,Western Crowned Warbler,0.5192,psl6,2024,05,20,06
39.0,42.0,Phylloscopus occipitalis,Western Crowned Warbler,0.8572,psl6,2024,05,20,06
45.0,48.0,Phylloscopus occipitalis,Western Crowned Warbler,0.8859,psl6,2024,05,20,06
48.0,51.0,Phylloscopus occipitalis,Western Crowned Warbler,0.7291,psl6,2024,05,20,06
51.0,54.0,Phylloscopus occipitalis,Western Crowned Warbler,0.9693,psl6,2024,05,20,06
54.0,57.0,Phylloscopus occipitalis,Western Crowned Warbler,0.889,psl6,2024,05,20,06
57.0,60.0,Phylloscopus occipitalis,Western Crowned Warbler,0.8047,psl6,2024,05,20,06
60.0,63.0,Phylloscopus occipitalis,Western Crowned Warbler,0.6013,psl6,2024,05,20,06
63.0,66.0,Phylloscopus occipitalis,Western Crowned Warbler,0.6462,psl6,2024,05,20,06
66.0,69.0,Phylloscopus occipitalis,Western Crowned Warbler,0.9521,psl6,2024,05,20,06
72.0,75.0,Phylloscopus occipitalis,Western Crowned Warbler,0.8566,psl6,2024,05,20,06
75.0,78.0,Phylloscopus occipitalis,Western Crowned Warbler,0.881,psl6,2024,05,20,06
78.0,81.0,Phylloscopus occipitalis,Western Crowned Warbler,0.628,psl6,2024,05,20,06
102.0,105.0,Phylloscopus occipitalis,Western Crowned Warbler,0.538,psl6,2024,05,20,06
111.0,114.0,Phylloscopus occipitalis,Western Crowned Warbler,0.8924,psl6,2024,05,20,06
129.0,132.0,Phylloscopus occipitalis,Western Crowned Warbler,0.6473,psl6,2024,05,20,06
138.0,141.0,Phylloscopus humei,Hume's Warbler,0.5027,psl6,2024,05,20,06
165.0,168.0,Phylloscopus humei,Hume's Warbler,0.5377,psl6,2024,05,20,06
171.0,174.0,Phylloscopus humei,Hume's Warbler,0.6202,psl6,2024,05,20,06
237.0,240.0,Phylloscopus nitidus,Green Warbler,0.773,psl6,2024,05,20,06
237.0,240.0,Phylloscopus trochiloides,Greenish Warbler,0.6197,psl6,2024,05,20,06
252.0,255.0,Phylloscopus trochiloides,Greenish Warbler,0.6834,psl6,2024,05,20,06
288.0,291.0,Phylloscopus humei,Hume's Warbler,0.6301,psl6,2024,05,20,06
294.0,297.0,Phylloscopus trochiloides,Greenish Warbler,0.7313,psl6,2024,05,20,06
297.0,300.0,Phylloscopus humei,Hume's Warbler,0.953,psl6,2024,05,20,06
300.0,303.0,Phylloscopus humei,Hume's Warbler,0.8475,psl6,2024,05,20,06
303.0,306.0,Phylloscopus trochiloides,Greenish Warbler,0.7662,psl6,2024,05,20,06
306.0,309.0,Phylloscopus humei,Hume's Warbler,0.9842,psl6,2024,05,20,06
327.0,330.0,Phylloscopus trochiloides,Greenish Warbler,0.7422,psl6,2024,05,20,06
327.0,330.0,Phylloscopus nitidus,Green Warbler,0.6496,psl6,2024,05,20,06
342.0,345.0,Phylloscopus humei,Hume's Warbler,0.8349,psl6,2024,05,20,06
363.0,366.0,Periparus rufonuchalis,Rufous-naped Tit,0.5137,psl6,2024,05,20,06
390.0,393.0,Phylloscopus nitidus,Green Warbler,0.6444,psl6,2024,05,20,06
402.0,405.0,Phylloscopus trochiloides,Greenish Warbler,0.6519,psl6,2024,05,20,06
426.0,429.0,Phylloscopus trochiloides,Greenish Warbler,0.6629,psl6,2024,05,20,06
453.0,456.0,Phylloscopus humei,Hume's Warbler,0.7,psl6,2024,05,20,06
468.0,471.0,Phylloscopus trochiloides,Greenish Warbler,0.6489,psl6,2024,05,20,06
483.0,486.0,Phylloscopus affinis,Tickell's Leaf Warbler,0.6008,psl6,2024,05,20,06
492.0,495.0,Phylloscopus humei,Hume's Warbler,0.8465,psl6,2024,05,20,06
516.0,519.0,Phylloscopus humei,Hume's Warbler,0.6152,psl6,2024,05,20,06
525.0,528.0,Troglodytes pacificus,Pacific Wren,0.903,psl6,2024,05,20,06
549.0,552.0,Troglodytes pacificus,Pacific Wren,0.5684,psl6,2024,05,20,06
558.0,561.0,Phylloscopus trochiloides,Greenish Warbler,0.5437,psl6,2024,05,20,06
576.0,579.0,Phylloscopus humei,Hume's Warbler,0.75,psl6,2024,05,20,06
579.0,582.0,Phylloscopus trochiloides,Greenish Warbler,0.5713,psl6,2024,05,20,06
585.0,588.0,Troglodytes pacificus,Pacific Wren,0.7548,psl6,2024,05,20,06
618.0,621.0,Phylloscopus trochiloides,Greenish Warbler,0.6654,psl6,2024,05,20,06
648.0,651.0,Troglodytes pacificus,Pacific Wren,0.6047,psl6,2024,05,20,06
663.0,666.0,Phylloscopus humei,Hume's Warbler,0.7674,psl6,2024,05,20,06
666.0,669.0,Phylloscopus humei,Hume's Warbler,0.8687,psl6,2024,05,20,06
696.0,699.0,Phylloscopus trochiloides,Greenish Warbler,0.7657,psl6,2024,05,20,06
708.0,711.0,Phylloscopus trochiloides,Greenish Warbler,0.7344,psl6,2024,05,20,06
765.0,768.0,Phylloscopus trochiloides,Greenish Warbler,0.6167,psl6,2024,05,20,06
780.0,783.0,Phylloscopus trochiloides,Greenish Warbler,0.5328,psl6,2024,05,20,06
816.0,819.0,Prunella strophiata,Rufous-breasted Accentor,0.7252,psl6,2024,05,20,06
819.0,822.0,Phylloscopus nitidus,Green Warbler,0.7072,psl6,2024,05,20,06
819.0,822.0,Phylloscopus trochiloides,Greenish Warbler,0.698,psl6,2024,05,20,06
831.0,834.0,Phylloscopus affinis,Tickell's Leaf Warbler,0.5269,psl6,2024,05,20,06
837.0,840.0,Phylloscopus affinis,Tickell's Leaf Warbler,0.5444,psl6,2024,05,20,06
840.0,843.0,Phylloscopus trochiloides,Greenish Warbler,0.7265,psl6,2024,05,20,06
846.0,849.0,Phylloscopus affinis,Tickell's Leaf Warbler,0.8482,psl6,2024,05,20,06
852.0,855.0,Phylloscopus trochiloides,Greenish Warbler,0.7971,psl6,2024,05,20,06
864.0,867.0,Phylloscopus trochiloides,Greenish Warbler,0.7036,psl6,2024,05,20,06
864.0,867.0,Phylloscopus nitidus,Green Warbler,0.6293,psl6,2024,05,20,06
891.0,894.0,Phylloscopus trochiloides,Greenish Warbler,0.8498,psl6,2024,05,20,06
21.0,24.0,Phylloscopus occipitalis,Western Crowned Warbler,0.8318,psl6,2024,05,20,07
27.0,30.0,Phylloscopus occipitalis,Western Crowned Warbler,0.8436,psl6,2024,05,20,07
33.0,36.0,Phylloscopus occipitalis,Western Crowned Warbler,0.6525,psl6,2024,05,20,07
66.0,69.0,Phylloscopus occipitalis,Western Crowned Warbler,0.653,psl6,2024,05,20,07
102.0,105.0,Phylloscopus occipitalis,Western Crowned Warbler,0.8997,psl6,2024,05,20,07
108.0,111.0,Phylloscopus occipitalis,Western Crowned Warbler,0.5912,psl6,2024,05,20,07
114.0,117.0,Phylloscopus occipitalis,Western Crowned Warbler,0.5088,psl6,2024,05,20,07
120.0,123.0,Phylloscopus occipitalis,Western Crowned Warbler,0.8231,psl6,2024,05,20,07
126.0,129.0,Phylloscopus occipitalis,Western Crowned Warbler,0.514,psl6,2024,05,20,07
129.0,132.0,Phylloscopus occipitalis,Western Crowned Warbler,0.5272,psl6,2024,05,20,07
141.0,144.0,Phylloscopus occipitalis,Western Crowned Warbler,0.7697,psl6,2024,05,20,07
147.0,150.0,Phylloscopus occipitalis,Western Crowned Warbler,0.632,psl6,2024,05,20,07
156.0,159.0,Phylloscopus occipitalis,Western Crowned Warbler,0.6436,psl6,2024,05,20,07
162.0,165.0,Calliope pectardens,Firethroat,0.6945,psl6,2024,05,20,07
168.0,171.0,Tarsiger rufilatus,Himalayan Bluetail,0.8475,psl6,2024,05,20,07
171.0,174.0,Tarsiger rufilatus,Himalayan Bluetail,0.9605,psl6,2024,05,20,07
180.0,183.0,Calliope pectardens,Firethroat,0.9506,psl6,2024,05,20,07
180.0,183.0,Tarsiger rufilatus,Himalayan Bluetail,0.6662,psl6,2024,05,20,07
186.0,189.0,Phylloscopus occipitalis,Western Crowned Warbler,0.6708,psl6,2024,05,20,07
213.0,216.0,Phylloscopus occipitalis,Western Crowned Warbler,0.9108,psl6,2024,05,20,07
219.0,222.0,Phylloscopus humei,Hume's Warbler,0.597,psl6,2024,05,20,07
231.0,234.0,Phylloscopus humei,Hume's Warbler,0.6368,psl6,2024,05,20,07
243.0,246.0,Phylloscopus occipitalis,Western Crowned Warbler,0.7733,psl6,2024,05,20,07
252.0,255.0,Carpodacus erythrinus,Common Rosefinch,0.7189,psl6,2024,05,20,07
261.0,264.0,Phylloscopus occipitalis,Western Crowned Warbler,0.5113,psl6,2024,05,20,07
282.0,285.0,Phylloscopus humei,Hume's Warbler,0.6055,psl6,2024,05,20,07
288.0,291.0,Prunella strophiata,Rufous-breasted Accentor,0.5458,psl6,2024,05,20,07
300.0,303.0,Phylloscopus occipitalis,Western Crowned Warbler,0.9197,psl6,2024,05,20,07
306.0,309.0,Phylloscopus occipitalis,Western Crowned Warbler,0.9844,psl6,2024,05,20,07
309.0,312.0,Phylloscopus occipitalis,Western Crowned Warbler,0.821,psl6,2024,05,20,07
312.0,315.0,Phylloscopus occipitalis,Western Crowned Warbler,0.9407,psl6,2024,05,20,07
318.0,321.0,Phylloscopus occipitalis,Western Crowned Warbler,0.8337,psl6,2024,05,20,07
324.0,327.0,Phylloscopus humei,Hume's Warbler,0.7404,psl6,2024,05,20,07
327.0,330.0,Phylloscopus humei,Hume's Warbler,0.7771,psl6,2024,05,20,07
330.0,333.0,Phylloscopus occipitalis,Western Crowned Warbler,0.8653,psl6,2024,05,20,07
330.0,333.0,Phylloscopus humei,Hume's Warbler,0.8376,psl6,2024,05,20,07
333.0,336.0,Phylloscopus occipitalis,Western Crowned Warbler,0.8466,psl6,2024,05,20,07
333.0,336.0,Phylloscopus humei,Hume's Warbler,0.7334,psl6,2024,05,20,07
339.0,342.0,Phylloscopus humei,Hume's Warbler,0.9074,psl6,2024,05,20,07
342.0,345.0,Phylloscopus occipitalis,Western Crowned Warbler,0.8628,psl6,2024,05,20,07
351.0,354.0,Carpodacus erythrinus,Common Rosefinch,0.6041,psl6,2024,05,20,07
357.0,360.0,Phylloscopus occipitalis,Western Crowned Warbler,0.941,psl6,2024,05,20,07
360.0,363.0,Phylloscopus occipitalis,Western Crowned Warbler,0.9007,psl6,2024,05,20,07
363.0,366.0,Phylloscopus occipitalis,Western Crowned Warbler,0.8846,psl6,2024,05,20,07
369.0,372.0,Carpodacus erythrinus,Common Rosefinch,0.5632,psl6,2024,05,20,07
372.0,375.0,Phylloscopus occipitalis,Western Crowned Warbler,0.9912,psl6,2024,05,20,07
375.0,378.0,Phylloscopus occipitalis,Western Crowned Warbler,0.9947,psl6,2024,05,20,07
378.0,381.0,Phylloscopus occipitalis,Western Crowned Warbler,0.9235,psl6,2024,05,20,07
381.0,384.0,Phylloscopus occipitalis,Western Crowned Warbler,0.9126,psl6,2024,05,20,07
387.0,390.0,Phylloscopus occipitalis,Western Crowned Warbler,0.9308,psl6,2024,05,20,07
390.0,393.0,Phylloscopus occipitalis,Western Crowned Warbler,0.9454,psl6,2024,05,20,07
396.0,399.0,Phylloscopus occipitalis,Western Crowned Warbler,0.9548,psl6,2024,05,20,07
399.0,402.0,Phylloscopus occipitalis,Western Crowned Warbler,0.9878,psl6,2024,05,20,07
399.0,402.0,Phylloscopus tytleri,Tytler's Leaf Warbler,0.5357,psl6,2024,05,20,07
402.0,405.0,Phylloscopus occipitalis,Western Crowned Warbler,0.9457,psl6,2024,05,20,07
405.0,408.0,Phylloscopus occipitalis,Western Crowned Warbler,0.7863,psl6,2024,05,20,07
420.0,423.0,Phylloscopus occipitalis,Western Crowned Warbler,0.6226,psl6,2024,05,20,07
432.0,435.0,Phylloscopus occipitalis,Western Crowned Warbler,0.7412,psl6,2024,05,20,07
438.0,441.0,Phylloscopus occipitalis,Western Crowned Warbler,0.6312,psl6,2024,05,20,07
444.0,447.0,Phylloscopus occipitalis,Western Crowned Warbler,0.5782,psl6,2024,05,20,07
447.0,450.0,Phylloscopus occipitalis,Western Crowned Warbler,0.6452,psl6,2024,05,20,07
453.0,456.0,Phylloscopus occipitalis,Western Crowned Warbler,0.8693,psl6,2024,05,20,07
459.0,462.0,Phylloscopus occipitalis,Western Crowned Warbler,0.8338,psl6,2024,05,20,07
462.0,465.0,Phylloscopus occipitalis,Western Crowned Warbler,0.7787,psl6,2024,05,20,07
468.0,471.0,Phylloscopus occipitalis,Western Crowned Warbler,0.8182,psl6,2024,05,20,07
474.0,477.0,Phylloscopus occipitalis,Western Crowned Warbler,0.8639,psl6,2024,05,20,07
477.0,480.0,Phylloscopus occipitalis,Western Crowned Warbler,0.9121,psl6,2024,05,20,07
495.0,498.0,Phylloscopus occipitalis,Western Crowned Warbler,0.6472,psl6,2024,05,20,07
510.0,513.0,Phylloscopus occipitalis,Western Crowned Warbler,0.7897,psl6,2024,05,20,07
516.0,519.0,Phylloscopus occipitalis,Western Crowned Warbler,0.526,psl6,2024,05,20,07
525.0,528.0,Phylloscopus occipitalis,Western Crowned Warbler,0.5893,psl6,2024,05,20,07
534.0,537.0,Carpodacus erythrinus,Common Rosefinch,0.618,psl6,2024,05,20,07
537.0,540.0,Phylloscopus occipitalis,Western Crowned Warbler,0.5383,psl6,2024,05,20,07
546.0,549.0,Phylloscopus occipitalis,Western Crowned Warbler,0.665,psl6,2024,05,20,07
552.0,555.0,Phylloscopus occipitalis,Western Crowned Warbler,0.5275,psl6,2024,05,20,07
588.0,591.0,Carpodacus erythrinus,Common Rosefinch,0.6072,psl6,2024,05,20,07
594.0,597.0,Phylloscopus occipitalis,Western Crowned Warbler,0.9438,psl6,2024,05,20,07
609.0,612.0,Phylloscopus occipitalis,Western Crowned Warbler,0.8584,psl6,2024,05,20,07
612.0,615.0,Phylloscopus occipitalis,Western Crowned Warbler,0.9969,psl6,2024,05,20,07
627.0,630.0,Phylloscopus occipitalis,Western Crowned Warbler,0.9955,psl6,2024,05,20,07
630.0,633.0,Carpodacus erythrinus,Common Rosefinch,0.8615,psl6,2024,05,20,07
645.0,648.0,Phylloscopus occipitalis,Western Crowned Warbler,0.9763,psl6,2024,05,20,07
648.0,651.0,Phylloscopus occipitalis,Western Crowned Warbler,0.7408,psl6,2024,05,20,07
651.0,654.0,Phylloscopus occipitalis,Western Crowned Warbler,0.8509,psl6,2024,05,20,07
654.0,657.0,Phylloscopus occipitalis,Western Crowned Warbler,0.7168,psl6,2024,05,20,07
660.0,663.0,Phylloscopus occipitalis,Western Crowned Warbler,0.9671,psl6,2024,05,20,07
663.0,666.0,Phylloscopus occipitalis,Western Crowned Warbler,0.6991,psl6,2024,05,20,07
666.0,669.0,Phylloscopus occipitalis,Western Crowned Warbler,0.9912,psl6,2024,05,20,07
669.0,672.0,Phylloscopus occipitalis,Western Crowned Warbler,0.874,psl6,2024,05,20,07
681.0,684.0,Phylloscopus occipitalis,Western Crowned Warbler,0.876,psl6,2024,05,20,07
684.0,687.0,Phylloscopus occipitalis,Western Crowned Warbler,0.9879,psl6,2024,05,20,07
693.0,696.0,Phylloscopus occipitalis,Western Crowned Warbler,0.9413,psl6,2024,05,20,07
705.0,708.0,Phylloscopus occipitalis,Western Crowned Warbler,0.6154,psl6,2024,05,20,07
750.0,753.0,Phylloscopus occipitalis,Western Crowned Warbler,0.8363,psl6,2024,05,20,07
759.0,762.0,Phylloscopus occipitalis,Western Crowned Warbler,0.8761,psl6,2024,05,20,07
762.0,765.0,Phylloscopus occipitalis,Western Crowned Warbler,0.9314,psl6,2024,05,20,07
768.0,771.0,Phylloscopus occipitalis,Western Crowned Warbler,0.5629,psl6,2024,05,20,07
771.0,774.0,Phylloscopus occipitalis,Western Crowned Warbler,0.7447,psl6,2024,05,20,07
777.0,780.0,Phylloscopus occipitalis,Western Crowned Warbler,0.9528,psl6,2024,05,20,07
783.0,786.0,Phylloscopus occipitalis,Western Crowned Warbler,0.5546,psl6,2024,05,20,07
786.0,789.0,Phylloscopus occipitalis,Western Crowned Warbler,0.7923,psl6,2024,05,20,07
792.0,795.0,Phylloscopus occipitalis,Western Crowned Warbler,0.5528,psl6,2024,05,20,07
795.0,798.0,Phylloscopus occipitalis,Western Crowned Warbler,0.984,psl6,2024,05,20,07
798.0,801.0,Phylloscopus occipitalis,Western Crowned Warbler,0.7715,psl6,2024,05,20,07
801.0,804.0,Phylloscopus occipitalis,Western Crowned Warbler,0.8978,psl6,2024,05,20,07
807.0,810.0,Phylloscopus occipitalis,Western Crowned Warbler,0.7625,psl6,2024,05,20,07
813.0,816.0,Phylloscopus occipitalis,Western Crowned Warbler,0.8027,psl6,2024,05,20,07
816.0,819.0,Phylloscopus occipitalis,Western Crowned Warbler,0.9332,psl6,2024,05,20,07
828.0,831.0,Phylloscopus occipitalis,Western Crowned Warbler,0.9547,psl6,2024,05,20,07
831.0,834.0,Phylloscopus occipitalis,Western Crowned Warbler,0.7096,psl6,2024,05,20,07
834.0,837.0,Phylloscopus occipitalis,Western Crowned Warbler,0.7157,psl6,2024,05,20,07
846.0,849.0,Phylloscopus trochiloides,Greenish Warbler,0.5929,psl6,2024,05,20,07
849.0,852.0,Phylloscopus occipitalis,Western Crowned Warbler,0.9017,psl6,2024,05,20,07
858.0,861.0,Phylloscopus occipitalis,Western Crowned Warbler,0.5057,psl6,2024,05,20,07
864.0,867.0,Phylloscopus occipitalis,Western Crowned Warbler,0.9746,psl6,2024,05,20,07
867.0,870.0,Phylloscopus occipitalis,Western Crowned Warbler,0.9075,psl6,2024,05,20,07
873.0,876.0,Phylloscopus occipitalis,Western Crowned Warbler,0.9817,psl6,2024,05,20,07
876.0,879.0,Phylloscopus occipitalis,Western Crowned Warbler,0.8451,psl6,2024,05,20,07
885.0,888.0,Phylloscopus occipitalis,Western Crowned Warbler,0.9856,psl6,2024,05,20,07
888.0,891.0,Phylloscopus occipitalis,Western Crowned Warbler,0.9398,psl6,2024,05,20,07
891.0,894.0,Phylloscopus occipitalis,Western Crowned Warbler,0.959,psl6,2024,05,20,07
894.0,897.0,Phylloscopus occipitalis,Western Crowned Warbler,0.6291,psl6,2024,05,20,07
897.0,900.0,Phylloscopus occipitalis,Western Crowned Warbler,0.8007,psl6,2024,05,20,07
3.0,6.0,Troglodytes pacificus,Pacific Wren,0.6574,psl6,2024,05,20,08
6.0,9.0,Troglodytes pacificus,Pacific Wren,0.8201,psl6,2024,05,20,08
6.0,9.0,Setophaga pitiayumi,Tropical Parula,0.5106,psl6,2024,05,20,08
9.0,12.0,Troglodytes pacificus,Pacific Wren,0.9781,psl6,2024,05,20,08
24.0,27.0,Troglodytes pacificus,Pacific Wren,0.677,psl6,2024,05,20,08
30.0,33.0,Troglodytes pacificus,Pacific Wren,0.9296,psl6,2024,05,20,08
33.0,36.0,Troglodytes pacificus,Pacific Wren,0.7303,psl6,2024,05,20,08
33.0,36.0,Setophaga pitiayumi,Tropical Parula,0.5674,psl6,2024,05,20,08
39.0,42.0,Phylloscopus occipitalis,Western Crowned Warbler,0.883,psl6,2024,05,20,08
48.0,51.0,Carpodacus erythrinus,Common Rosefinch,0.52,psl6,2024,05,20,08
51.0,54.0,Anthus hodgsoni,Olive-backed Pipit,0.6897,psl6,2024,05,20,08
63.0,66.0,Setophaga pitiayumi,Tropical Parula,0.5107,psl6,2024,05,20,08
66.0,69.0,Troglodytes pacificus,Pacific Wren,0.6842,psl6,2024,05,20,08
78.0,81.0,Troglodytes pacificus,Pacific Wren,0.6065,psl6,2024,05,20,08
177.0,180.0,Prunella strophiata,Rufous-breasted Accentor,0.9867,psl6,2024,05,20,08
315.0,318.0,Trochalopteron variegatum,Variegated Laughingthrush,0.5211,psl6,2024,05,20,08
324.0,327.0,Trochalopteron variegatum,Variegated Laughingthrush,0.5525,psl6,2024,05,20,08
342.0,345.0,Trochalopteron variegatum,Variegated Laughingthrush,0.6162,psl6,2024,05,20,08
411.0,414.0,Phylloscopus affinis,Tickell's Leaf Warbler,0.6144,psl6,2024,05,20,08
417.0,420.0,Phylloscopus humei,Hume's Warbler,0.575,psl6,2024,05,20,08
420.0,423.0,Phylloscopus occipitalis,Western Crowned Warbler,0.7579,psl6,2024,05,20,08
423.0,426.0,Phylloscopus occipitalis,Western Crowned Warbler,0.8218,psl6,2024,05,20,08
429.0,432.0,Phylloscopus occipitalis,Western Crowned Warbler,0.6424,psl6,2024,05,20,08
435.0,438.0,Phylloscopus occipitalis,Western Crowned Warbler,0.9799,psl6,2024,05,20,08
438.0,441.0,Phylloscopus occipitalis,Western Crowned Warbler,0.8952,psl6,2024,05,20,08
441.0,444.0,Phylloscopus occipitalis,Western Crowned Warbler,0.8264,psl6,2024,05,20,08
447.0,450.0,Phylloscopus occipitalis,Western Crowned Warbler,0.9798,psl6,2024,05,20,08
450.0,453.0,Phylloscopus occipitalis,Western Crowned Warbler,0.9034,psl6,2024,05,20,08
453.0,456.0,Phylloscopus occipitalis,Western Crowned Warbler,0.9579,psl6,2024,05,20,08
456.0,459.0,Phylloscopus occipitalis,Western Crowned Warbler,0.9409,psl6,2024,05,20,08
462.0,465.0,Phylloscopus occipitalis,Western Crowned Warbler,0.8457,psl6,2024,05,20,08
468.0,471.0,Phylloscopus occipitalis,Western Crowned Warbler,0.8358,psl6,2024,05,20,08
471.0,474.0,Phylloscopus occipitalis,Western Crowned Warbler,0.5412,psl6,2024,05,20,08
474.0,477.0,Phylloscopus occipitalis,Western Crowned Warbler,0.6927,psl6,2024,05,20,08
489.0,492.0,Phylloscopus occipitalis,Western Crowned Warbler,0.9728,psl6,2024,05,20,08
492.0,495.0,Phylloscopus occipitalis,Western Crowned Warbler,0.9184,psl6,2024,05,20,08
495.0,498.0,Phylloscopus occipitalis,Western Crowned Warbler,0.5458,psl6,2024,05,20,08
504.0,507.0,Phylloscopus occipitalis,Western Crowned Warbler,0.7191,psl6,2024,05,20,08
513.0,516.0,Phylloscopus occipitalis,Western Crowned Warbler,0.8553,psl6,2024,05,20,08
516.0,519.0,Phylloscopus occipitalis,Western Crowned Warbler,0.709,psl6,2024,05,20,08
519.0,522.0,Phylloscopus occipitalis,Western Crowned Warbler,0.6637,psl6,2024,05,20,08
522.0,525.0,Phylloscopus occipitalis,Western Crowned Warbler,0.6037,psl6,2024,05,20,08
540.0,543.0,Phylloscopus occipitalis,Western Crowned Warbler,0.6705,psl6,2024,05,20,08
546.0,549.0,Phylloscopus occipitalis,Western Crowned Warbler,0.7422,psl6,2024,05,20,08
549.0,552.0,Phylloscopus occipitalis,Western Crowned Warbler,0.9614,psl6,2024,05,20,08
555.0,558.0,Phylloscopus affinis,Tickell's Leaf Warbler,0.9311,psl6,2024,05,20,08
558.0,561.0,Trochalopteron variegatum,Variegated Laughingthrush,0.8497,psl6,2024,05,20,08
564.0,567.0,Phylloscopus occipitalis,Western Crowned Warbler,0.818,psl6,2024,05,20,08
573.0,576.0,Phylloscopus occipitalis,Western Crowned Warbler,0.712,psl6,2024,05,20,08
576.0,579.0,Phylloscopus occipitalis,Western Crowned Warbler,0.7092,psl6,2024,05,20,08
579.0,582.0,Phylloscopus occipitalis,Western Crowned Warbler,0.5078,psl6,2024,05,20,08
582.0,585.0,Phylloscopus occipitalis,Western Crowned Warbler,0.9616,psl6,2024,05,20,08
585.0,588.0,Phylloscopus occipitalis,Western Crowned Warbler,0.7252,psl6,2024,05,20,08
585.0,588.0,Phylloscopus tytleri,Tytler's Leaf Warbler,0.6184,psl6,2024,05,20,08
588.0,591.0,Phylloscopus occipitalis,Western Crowned Warbler,0.7475,psl6,2024,05,20,08
594.0,597.0,Phylloscopus occipitalis,Western Crowned Warbler,0.7229,psl6,2024,05,20,08
600.0,603.0,Trochalopteron variegatum,Variegated Laughingthrush,0.517,psl6,2024,05,20,08
606.0,609.0,Phylloscopus occipitalis,Western Crowned Warbler,0.8298,psl6,2024,05,20,08
609.0,612.0,Phylloscopus occipitalis,Western Crowned Warbler,0.8587,psl6,2024,05,20,08
612.0,615.0,Phylloscopus occipitalis,Western Crowned Warbler,0.9533,psl6,2024,05,20,08
615.0,618.0,Phylloscopus occipitalis,Western Crowned Warbler,0.7212,psl6,2024,05,20,08
618.0,621.0,Phylloscopus occipitalis,Western Crowned Warbler,0.9104,psl6,2024,05,20,08
621.0,624.0,Phylloscopus occipitalis,Western Crowned Warbler,0.9553,psl6,2024,05,20,08
624.0,627.0,Phylloscopus occipitalis,Western Crowned Warbler,0.9241,psl6,2024,05,20,08
627.0,630.0,Trochalopteron variegatum,Variegated Laughingthrush,0.7173,psl6,2024,05,20,08
627.0,630.0,Phylloscopus occipitalis,Western Crowned Warbler,0.5602,psl6,2024,05,20,08
630.0,633.0,Phylloscopus occipitalis,Western Crowned Warbler,0.8332,psl6,2024,05,20,08
639.0,642.0,Phylloscopus occipitalis,Western Crowned Warbler,0.9419,psl6,2024,05,20,08
645.0,648.0,Phylloscopus occipitalis,Western Crowned Warbler,0.8148,psl6,2024,05,20,08
648.0,651.0,Trochalopteron variegatum,Variegated Laughingthrush,0.7865,psl6,2024,05,20,08
651.0,654.0,Phylloscopus occipitalis,Western Crowned Warbler,0.695,psl6,2024,05,20,08
660.0,663.0,Phylloscopus occipitalis,Western Crowned Warbler,0.8301,psl6,2024,05,20,08
666.0,669.0,Phylloscopus occipitalis,Western Crowned Warbler,0.5622,psl6,2024,05,20,08
672.0,675.0,Phylloscopus occipitalis,Western Crowned Warbler,0.9101,psl6,2024,05,20,08
687.0,690.0,Phylloscopus occipitalis,Western Crowned Warbler,0.8423,psl6,2024,05,20,08
690.0,693.0,Phylloscopus occipitalis,Western Crowned Warbler,0.9558,psl6,2024,05,20,08
693.0,696.0,Phylloscopus occipitalis,Western Crowned Warbler,0.8913,psl6,2024,05,20,08
699.0,702.0,Phylloscopus occipitalis,Western Crowned Warbler,0.9201,psl6,2024,05,20,08
705.0,708.0,Phylloscopus occipitalis,Western Crowned Warbler,0.8016,psl6,2024,05,20,08
711.0,714.0,Phylloscopus occipitalis,Western Crowned Warbler,0.8994,psl6,2024,05,20,08
714.0,717.0,Carpodacus erythrinus,Common Rosefinch,0.7381,psl6,2024,05,20,08
723.0,726.0,Phylloscopus occipitalis,Western Crowned Warbler,0.9835,psl6,2024,05,20,08
726.0,729.0,Phylloscopus occipitalis,Western Crowned Warbler,0.7769,psl6,2024,05,20,08
729.0,732.0,Phylloscopus occipitalis,Western Crowned Warbler,0.7983,psl6,2024,05,20,08
732.0,735.0,Phylloscopus trochiloides,Greenish Warbler,0.5028,psl6,2024,05,20,08
735.0,738.0,Phylloscopus occipitalis,Western Crowned Warbler,0.5408,psl6,2024,05,20,08
780.0,783.0,Trochalopteron variegatum,Variegated Laughingthrush,0.8784,psl6,2024,05,20,08
801.0,804.0,Phylloscopus magnirostris,Large-billed Leaf Warbler,0.5315,psl6,2024,05,20,08
21.0,24.0,Prunella strophiata,Rufous-breasted Accentor,0.8998,psl6,2024,05,20,09
27.0,30.0,Phylloscopus affinis,Tickell's Leaf Warbler,0.6434,psl6,2024,05,20,09
36.0,39.0,Phylloscopus affinis,Tickell's Leaf Warbler,0.6649,psl6,2024,05,20,09
45.0,48.0,Phylloscopus affinis,Tickell's Leaf Warbler,0.6298,psl6,2024,05,20,09
90.0,93.0,Trochalopteron variegatum,Variegated Laughingthrush,0.5454,psl6,2024,05,20,09
108.0,111.0,Phylloscopus humei,Hume's Warbler,0.9143,psl6,2024,05,20,09
120.0,123.0,Phylloscopus occipitalis,Western Crowned Warbler,0.6155,psl6,2024,05,20,09
126.0,129.0,Trochalopteron variegatum,Variegated Laughingthrush,0.5341,psl6,2024,05,20,09
135.0,138.0,Trochalopteron variegatum,Variegated Laughingthrush,0.6676,psl6,2024,05,20,09
144.0,147.0,Trochalopteron variegatum,Variegated Laughingthrush,0.8653,psl6,2024,05,20,09
174.0,177.0,Trochalopteron variegatum,Variegated Laughingthrush,0.5954,psl6,2024,05,20,09
189.0,192.0,Trochalopteron variegatum,Variegated Laughingthrush,0.8719,psl6,2024,05,20,09
192.0,195.0,Trochalopteron variegatum,Variegated Laughingthrush,0.8139,psl6,2024,05,20,09
195.0,198.0,Trochalopteron variegatum,Variegated Laughingthrush,0.6576,psl6,2024,05,20,09
201.0,204.0,Trochalopteron variegatum,Variegated Laughingthrush,0.8755,psl6,2024,05,20,09
204.0,207.0,Trochalopteron variegatum,Variegated Laughingthrush,0.6739,psl6,2024,05,20,09
207.0,210.0,Trochalopteron variegatum,Variegated Laughingthrush,0.8746,psl6,2024,05,20,09
210.0,213.0,Trochalopteron variegatum,Variegated Laughingthrush,0.6463,psl6,2024,05,20,09
213.0,216.0,Trochalopteron variegatum,Variegated Laughingthrush,0.9751,psl6,2024,05,20,09
216.0,219.0,Trochalopteron variegatum,Variegated Laughingthrush,0.9536,psl6,2024,05,20,09
219.0,222.0,Trochalopteron variegatum,Variegated Laughingthrush,0.8889,psl6,2024,05,20,09
222.0,225.0,Trochalopteron variegatum,Variegated Laughingthrush,0.9589,psl6,2024,05,20,09
222.0,225.0,Trochalopteron affine,Black-faced Laughingthrush,0.602,psl6,2024,05,20,09
222.0,225.0,Trochalopteron erythrocephalum,Chestnut-crowned Laughingthrush,0.549,psl6,2024,05,20,09
225.0,228.0,Trochalopteron variegatum,Variegated Laughingthrush,0.6743,psl6,2024,05,20,09
225.0,228.0,Trochalopteron affine,Black-faced Laughingthrush,0.5473,psl6,2024,05,20,09
228.0,231.0,Trochalopteron variegatum,Variegated Laughingthrush,0.7653,psl6,2024,05,20,09
231.0,234.0,Trochalopteron variegatum,Variegated Laughingthrush,0.6122,psl6,2024,05,20,09
237.0,240.0,Trochalopteron variegatum,Variegated Laughingthrush,0.9074,psl6,2024,05,20,09
240.0,243.0,Trochalopteron variegatum,Variegated Laughingthrush,0.812,psl6,2024,05,20,09
243.0,246.0,Trochalopteron affine,Black-faced Laughingthrush,0.5468,psl6,2024,05,20,09
243.0,246.0,Trochalopteron variegatum,Variegated Laughingthrush,0.5089,psl6,2024,05,20,09
249.0,252.0,Trochalopteron affine,Black-faced Laughingthrush,0.9629,psl6,2024,05,20,09
249.0,252.0,Trochalopteron variegatum,Variegated Laughingthrush,0.7169,psl6,2024,05,20,09
249.0,252.0,Trochalopteron erythrocephalum,Chestnut-crowned Laughingthrush,0.5287,psl6,2024,05,20,09
252.0,255.0,Trochalopteron variegatum,Variegated Laughingthrush,0.9526,psl6,2024,05,20,09
255.0,258.0,Trochalopteron variegatum,Variegated Laughingthrush,0.9132,psl6,2024,05,20,09
258.0,261.0,Trochalopteron variegatum,Variegated Laughingthrush,0.9414,psl6,2024,05,20,09
261.0,264.0,Trochalopteron elliotii,Elliot's Laughingthrush,0.5498,psl6,2024,05,20,09
267.0,270.0,Trochalopteron variegatum,Variegated Laughingthrush,0.9442,psl6,2024,05,20,09
270.0,273.0,Trochalopteron variegatum,Variegated Laughingthrush,0.9576,psl6,2024,05,20,09
276.0,279.0,Acropternis orthonyx,Ocellated Tapaculo,0.9507,psl6,2024,05,20,09
276.0,279.0,Trochalopteron variegatum,Variegated Laughingthrush,0.9238,psl6,2024,05,20,09
279.0,282.0,Trochalopteron variegatum,Variegated Laughingthrush,0.7679,psl6,2024,05,20,09
282.0,285.0,Trochalopteron variegatum,Variegated Laughingthrush,0.997,psl6,2024,05,20,09
285.0,288.0,Trochalopteron variegatum,Variegated Laughingthrush,0.822,psl6,2024,05,20,09
288.0,291.0,Trochalopteron variegatum,Variegated Laughingthrush,0.8968,psl6,2024,05,20,09
291.0,294.0,Trochalopteron variegatum,Variegated Laughingthrush,0.5498,psl6,2024,05,20,09
294.0,297.0,Trochalopteron variegatum,Variegated Laughingthrush,0.7939,psl6,2024,05,20,09
294.0,297.0,Trochalopteron affine,Black-faced Laughingthrush,0.6619,psl6,2024,05,20,09
297.0,300.0,Trochalopteron variegatum,Variegated Laughingthrush,0.9294,psl6,2024,05,20,09
300.0,303.0,Trochalopteron variegatum,Variegated Laughingthrush,0.9897,psl6,2024,05,20,09
309.0,312.0,Trochalopteron variegatum,Variegated Laughingthrush,0.9221,psl6,2024,05,20,09
318.0,321.0,Trochalopteron variegatum,Variegated Laughingthrush,0.8984,psl6,2024,05,20,09
321.0,324.0,Trochalopteron variegatum,Variegated Laughingthrush,0.7893,psl6,2024,05,20,09
321.0,324.0,Trochalopteron affine,Black-faced Laughingthrush,0.6565,psl6,2024,05,20,09
321.0,324.0,Trochalopteron erythrocephalum,Chestnut-crowned Laughingthrush,0.5666,psl6,2024,05,20,09
324.0,327.0,Trochalopteron variegatum,Variegated Laughingthrush,0.669,psl6,2024,05,20,09
330.0,333.0,Trochalopteron variegatum,Variegated Laughingthrush,0.5764,psl6,2024,05,20,09
336.0,339.0,Trochalopteron variegatum,Variegated Laughingthrush,0.9426,psl6,2024,05,20,09
339.0,342.0,Trochalopteron variegatum,Variegated Laughingthrush,0.9321,psl6,2024,05,20,09
360.0,363.0,Trochalopteron affine,Black-faced Laughingthrush,0.7565,psl6,2024,05,20,09
363.0,366.0,Trochalopteron affine,Black-faced Laughingthrush,0.6835,psl6,2024,05,20,09
369.0,372.0,Trochalopteron variegatum,Variegated Laughingthrush,0.8202,psl6,2024,05,20,09
369.0,372.0,Acropternis orthonyx,Ocellated Tapaculo,0.8089,psl6,2024,05,20,09
378.0,381.0,Trochalopteron variegatum,Variegated Laughingthrush,0.5089,psl6,2024,05,20,09
384.0,387.0,Trochalopteron variegatum,Variegated Laughingthrush,0.9575,psl6,2024,05,20,09
393.0,396.0,Trochalopteron variegatum,Variegated Laughingthrush,0.9485,psl6,2024,05,20,09
396.0,399.0,Trochalopteron variegatum,Variegated Laughingthrush,0.959,psl6,2024,05,20,09
399.0,402.0,Trochalopteron elliotii,Elliot's Laughingthrush,0.5257,psl6,2024,05,20,09
402.0,405.0,Trochalopteron variegatum,Variegated Laughingthrush,0.9133,psl6,2024,05,20,09
411.0,414.0,Trochalopteron variegatum,Variegated Laughingthrush,0.6086,psl6,2024,05,20,09
417.0,420.0,Trochalopteron variegatum,Variegated Laughingthrush,0.7225,psl6,2024,05,20,09
423.0,426.0,Trochalopteron variegatum,Variegated Laughingthrush,0.9786,psl6,2024,05,20,09
429.0,432.0,Trochalopteron variegatum,Variegated Laughingthrush,0.8812,psl6,2024,05,20,09
438.0,441.0,Trochalopteron affine,Black-faced Laughingthrush,0.5927,psl6,2024,05,20,09
441.0,444.0,Trochalopteron variegatum,Variegated Laughingthrush,0.736,psl6,2024,05,20,09
441.0,444.0,Acropternis orthonyx,Ocellated Tapaculo,0.7027,psl6,2024,05,20,09
441.0,444.0,Trochalopteron affine,Black-faced Laughingthrush,0.5702,psl6,2024,05,20,09
447.0,450.0,Trochalopteron affine,Black-faced Laughingthrush,0.6877,psl6,2024,05,20,09
450.0,453.0,Trochalopteron variegatum,Variegated Laughingthrush,0.9635,psl6,2024,05,20,09
456.0,459.0,Trochalopteron variegatum,Variegated Laughingthrush,0.832,psl6,2024,05,20,09
459.0,462.0,Trochalopteron variegatum,Variegated Laughingthrush,0.9895,psl6,2024,05,20,09
480.0,483.0,Trochalopteron affine,Black-faced Laughingthrush,0.5725,psl6,2024,05,20,09
483.0,486.0,Trochalopteron variegatum,Variegated Laughingthrush,0.8168,psl6,2024,05,20,09
486.0,489.0,Anthus hodgsoni,Olive-backed Pipit,0.8349,psl6,2024,05,20,09
489.0,492.0,Trochalopteron variegatum,Variegated Laughingthrush,0.9712,psl6,2024,05,20,09
492.0,495.0,Trochalopteron variegatum,Variegated Laughingthrush,0.8141,psl6,2024,05,20,09
495.0,498.0,Trochalopteron variegatum,Variegated Laughingthrush,0.848,psl6,2024,05,20,09
498.0,501.0,Trochalopteron variegatum,Variegated Laughingthrush,0.8307,psl6,2024,05,20,09
513.0,516.0,Trochalopteron variegatum,Variegated Laughingthrush,0.5309,psl6,2024,05,20,09
528.0,531.0,Acropternis orthonyx,Ocellated Tapaculo,0.5785,psl6,2024,05,20,09
549.0,552.0,Trochalopteron variegatum,Variegated Laughingthrush,0.7112,psl6,2024,05,20,09
552.0,555.0,Trochalopteron variegatum,Variegated Laughingthrush,0.7228,psl6,2024,05,20,09
561.0,564.0,Trochalopteron variegatum,Variegated Laughingthrush,0.7706,psl6,2024,05,20,09
561.0,564.0,Trochalopteron erythrocephalum,Chestnut-crowned Laughingthrush,0.6025,psl6,2024,05,20,09
561.0,564.0,Trochalopteron affine,Black-faced Laughingthrush,0.518,psl6,2024,05,20,09
570.0,573.0,Phylloscopus occipitalis,Western Crowned Warbler,0.8093,psl6,2024,05,20,09
579.0,582.0,Trochalopteron affine,Black-faced Laughingthrush,0.8467,psl6,2024,05,20,09
579.0,582.0,Trochalopteron erythrocephalum,Chestnut-crowned Laughingthrush,0.6251,psl6,2024,05,20,09
588.0,591.0,Trochalopteron variegatum,Variegated Laughingthrush,0.8188,psl6,2024,05,20,09
600.0,603.0,Trochalopteron variegatum,Variegated Laughingthrush,0.7312,psl6,2024,05,20,09
609.0,612.0,Trochalopteron erythrocephalum,Chestnut-crowned Laughingthrush,0.5661,psl6,2024,05,20,09
609.0,612.0,Trochalopteron affine,Black-faced Laughingthrush,0.5304,psl6,2024,05,20,09
615.0,618.0,Trochalopteron variegatum,Variegated Laughingthrush,0.7316,psl6,2024,05,20,09
624.0,627.0,Trochalopteron variegatum,Variegated Laughingthrush,0.9326,psl6,2024,05,20,09
630.0,633.0,Trochalopteron variegatum,Variegated Laughingthrush,0.6536,psl6,2024,05,20,09
633.0,636.0,Trochalopteron variegatum,Variegated Laughingthrush,0.5929,psl6,2024,05,20,09
636.0,639.0,Trochalopteron variegatum,Variegated Laughingthrush,0.8186,psl6,2024,05,20,09
639.0,642.0,Trochalopteron variegatum,Variegated Laughingthrush,0.6401,psl6,2024,05,20,09
645.0,648.0,Trochalopteron affine,Black-faced Laughingthrush,0.6238,psl6,2024,05,20,09
648.0,651.0,Trochalopteron variegatum,Variegated Laughingthrush,0.6748,psl6,2024,05,20,09
654.0,657.0,Trochalopteron affine,Black-faced Laughingthrush,0.736,psl6,2024,05,20,09
666.0,669.0,Trochalopteron variegatum,Variegated Laughingthrush,0.6872,psl6,2024,05,20,09
690.0,693.0,Trochalopteron variegatum,Variegated Laughingthrush,0.8759,psl6,2024,05,20,09
690.0,693.0,Trochalopteron affine,Black-faced Laughingthrush,0.7243,psl6,2024,05,20,09
693.0,696.0,Prunella strophiata,Rufous-breasted Accentor,0.7846,psl6,2024,05,20,09
696.0,699.0,Trochalopteron erythrocephalum,Chestnut-crowned Laughingthrush,0.5085,psl6,2024,05,20,09
702.0,705.0,Trochalopteron variegatum,Variegated Laughingthrush,0.9867,psl6,2024,05,20,09
705.0,708.0,Phylloscopus occipitalis,Western Crowned Warbler,0.7886,psl6,2024,05,20,09
708.0,711.0,Trochalopteron variegatum,Variegated Laughingthrush,0.8858,psl6,2024,05,20,09
714.0,717.0,Trochalopteron affine,Black-faced Laughingthrush,0.6609,psl6,2024,05,20,09
717.0,720.0,Phylloscopus occipitalis,Western Crowned Warbler,0.6645,psl6,2024,05,20,09
720.0,723.0,Phylloscopus occipitalis,Western Crowned Warbler,0.9477,psl6,2024,05,20,09
726.0,729.0,Trochalopteron affine,Black-faced Laughingthrush,0.9124,psl6,2024,05,20,09
750.0,753.0,Trochalopteron variegatum,Variegated Laughingthrush,0.698,psl6,2024,05,20,09
753.0,756.0,Trochalopteron variegatum,Variegated Laughingthrush,0.5577,psl6,2024,05,20,09
762.0,765.0,Trochalopteron variegatum,Variegated Laughingthrush,0.9348,psl6,2024,05,20,09
771.0,774.0,Trochalopteron variegatum,Variegated Laughingthrush,0.5685,psl6,2024,05,20,09
774.0,777.0,Trochalopteron affine,Black-faced Laughingthrush,0.6573,psl6,2024,05,20,09
786.0,789.0,Trochalopteron variegatum,Variegated Laughingthrush,0.8018,psl6,2024,05,20,09
789.0,792.0,Troglodytes pacificus,Pacific Wren,0.5544,psl6,2024,05,20,09
0.0,3.0,Phylloscopus trochiloides,Greenish Warbler,0.7082,psl6,2024,05,21,06
33.0,36.0,Phylloscopus affinis,Tickell's Leaf Warbler,0.505,psl6,2024,05,21,06
45.0,48.0,Phylloscopus trochiloides,Greenish Warbler,0.7631,psl6,2024,05,21,06
72.0,75.0,Phylloscopus affinis,Tickell's Leaf Warbler,0.7975,psl6,2024,05,21,06
81.0,84.0,Calliope pectardens,Firethroat,0.732,psl6,2024,05,21,06
84.0,87.0,Calliope pectardens,Firethroat,0.5011,psl6,2024,05,21,06
96.0,99.0,Tarsiger rufilatus,Himalayan Bluetail,0.7211,psl6,2024,05,21,06
102.0,105.0,Phylloscopus affinis,Tickell's Leaf Warbler,0.549,psl6,2024,05,21,06
120.0,123.0,Phylloscopus trochiloides,Greenish Warbler,0.6036,psl6,2024,05,21,06
168.0,171.0,Phylloscopus trochiloides,Greenish Warbler,0.5192,psl6,2024,05,21,06
195.0,198.0,Phylloscopus occipitalis,Western Crowned Warbler,0.6098,psl6,2024,05,21,06
198.0,201.0,Phylloscopus occipitalis,Western Crowned Warbler,0.5364,psl6,2024,05,21,06
222.0,225.0,Phylloscopus occipitalis,Western Crowned Warbler,0.7127,psl6,2024,05,21,06
243.0,246.0,Phylloscopus trochiloides,Greenish Warbler,0.6895,psl6,2024,05,21,06
252.0,255.0,Luscinia phaenicuroides,White-bellied Redstart,0.6122,psl6,2024,05,21,06
255.0,258.0,Calliope pectardens,Firethroat,0.7031,psl6,2024,05,21,06
261.0,264.0,Tarsiger indicus,White-browed Bush-Robin,0.6462,psl6,2024,05,21,06
267.0,270.0,Tarsiger rufilatus,Himalayan Bluetail,0.7432,psl6,2024,05,21,06
267.0,270.0,Phylloscopus trochiloides,Greenish Warbler,0.6478,psl6,2024,05,21,06
279.0,282.0,Phylloscopus trochiloides,Greenish Warbler,0.6347,psl6,2024,05,21,06
288.0,291.0,Phylloscopus trochiloides,Greenish Warbler,0.8601,psl6,2024,05,21,06
303.0,306.0,Phylloscopus trochiloides,Greenish Warbler,0.7458,psl6,2024,05,21,06
351.0,354.0,Phylloscopus humei,Hume's Warbler,0.7899,psl6,2024,05,21,06
357.0,360.0,Phylloscopus trochiloides,Greenish Warbler,0.6138,psl6,2024,05,21,06
360.0,363.0,Phylloscopus humei,Hume's Warbler,0.696,psl6,2024,05,21,06
366.0,369.0,Tarsiger rufilatus,Himalayan Bluetail,0.5095,psl6,2024,05,21,06
372.0,375.0,Phylloscopus trochiloides,Greenish Warbler,0.546,psl6,2024,05,21,06
372.0,375.0,Phylloscopus nitidus,Green Warbler,0.508,psl6,2024,05,21,06
375.0,378.0,Calliope pectardens,Firethroat,0.7997,psl6,2024,05,21,06
384.0,387.0,Phylloscopus trochiloides,Greenish Warbler,0.7355,psl6,2024,05,21,06
384.0,387.0,Phylloscopus humei,Hume's Warbler,0.5621,psl6,2024,05,21,06
387.0,390.0,Tarsiger rufilatus,Himalayan Bluetail,0.8319,psl6,2024,05,21,06
396.0,399.0,Tarsiger rufilatus,Himalayan Bluetail,0.868,psl6,2024,05,21,06
402.0,405.0,Phylloscopus humei,Hume's Warbler,0.7204,psl6,2024,05,21,06
414.0,417.0,Phylloscopus humei,Hume's Warbler,0.6546,psl6,2024,05,21,06
432.0,435.0,Tarsiger rufilatus,Himalayan Bluetail,0.8338,psl6,2024,05,21,06
432.0,435.0,Calliope pectardens,Firethroat,0.5843,psl6,2024,05,21,06
444.0,447.0,Troglodytes pacificus,Pacific Wren,0.7027,psl6,2024,05,21,06
471.0,474.0,Phylloscopus occipitalis,Western Crowned Warbler,0.5017,psl6,2024,05,21,06
474.0,477.0,Phylloscopus affinis,Tickell's Leaf Warbler,0.835,psl6,2024,05,21,06
480.0,483.0,Troglodytes pacificus,Pacific Wren,0.5336,psl6,2024,05,21,06
504.0,507.0,Phylloscopus occipitalis,Western Crowned Warbler,0.6661,psl6,2024,05,21,06
567.0,570.0,Phylloscopus occipitalis,Western Crowned Warbler,0.7956,psl6,2024,05,21,06
579.0,582.0,Phylloscopus occipitalis,Western Crowned Warbler,0.5072,psl6,2024,05,21,06
594.0,597.0,Phylloscopus occipitalis,Western Crowned Warbler,0.656,psl6,2024,05,21,06
621.0,624.0,Phylloscopus occipitalis,Western Crowned Warbler,0.5744,psl6,2024,05,21,06
627.0,630.0,Trochalopteron variegatum,Variegated Laughingthrush,0.6292,psl6,2024,05,21,06
708.0,711.0,Phylloscopus occipitalis,Western Crowned Warbler,0.6331,psl6,2024,05,21,06
714.0,717.0,Phylloscopus occipitalis,Western Crowned Warbler,0.5095,psl6,2024,05,21,06
732.0,735.0,Phylloscopus occipitalis,Western Crowned Warbler,0.5988,psl6,2024,05,21,06
747.0,750.0,Phylloscopus occipitalis,Western Crowned Warbler,0.5196,psl6,2024,05,21,06
753.0,756.0,Phylloscopus occipitalis,Western Crowned Warbler,0.5226,psl6,2024,05,21,06
768.0,771.0,Phylloscopus occipitalis,Western Crowned Warbler,0.68,psl6,2024,05,21,06
780.0,783.0,Phylloscopus trochiloides,Greenish Warbler,0.6299,psl6,2024,05,21,06
819.0,822.0,Phylloscopus trochiloides,Greenish Warbler,0.5366,psl6,2024,05,21,06
828.0,831.0,Phylloscopus reguloides,Blyth's Leaf Warbler,0.6538,psl6,2024,05,21,06
0.0,3.0,Phylloscopus humei,Hume's Warbler,0.9802,psl6,2024,05,21,07
3.0,6.0,Phylloscopus humei,Hume's Warbler,0.5642,psl6,2024,05,21,07
3.0,6.0,Phylloscopus affinis,Tickell's Leaf Warbler,0.5611,psl6,2024,05,21,07
18.0,21.0,Phylloscopus occipitalis,Western Crowned Warbler,0.6757,psl6,2024,05,21,07
42.0,45.0,Phylloscopus humei,Hume's Warbler,0.5478,psl6,2024,05,21,07
75.0,78.0,Phylloscopus occipitalis,Western Crowned Warbler,0.6646,psl6,2024,05,21,07
129.0,132.0,Phylloscopus humei,Hume's Warbler,0.5599,psl6,2024,05,21,07
141.0,144.0,Phylloscopus humei,Hume's Warbler,0.6963,psl6,2024,05,21,07
174.0,177.0,Carpodacus erythrinus,Common Rosefinch,0.5142,psl6,2024,05,21,07
183.0,186.0,Phylloscopus sindianus,Mountain Chiffchaff,0.8025,psl6,2024,05,21,07
183.0,186.0,Carpodacus erythrinus,Common Rosefinch,0.5743,psl6,2024,05,21,07
258.0,261.0,Serinus pusillus,Fire-fronted Serin,0.5179,psl6,2024,05,21,07
294.0,297.0,Prunella strophiata,Rufous-breasted Accentor,0.5388,psl6,2024,05,21,07
315.0,318.0,Prunella strophiata,Rufous-breasted Accentor,0.7325,psl6,2024,05,21,07
330.0,333.0,Prunella strophiata,Rufous-breasted Accentor,0.5895,psl6,2024,05,21,07
339.0,342.0,Prunella strophiata,Rufous-breasted Accentor,0.7684,psl6,2024,05,21,07
381.0,384.0,Phylloscopus trochiloides,Greenish Warbler,0.584,psl6,2024,05,21,07
405.0,408.0,Prunella strophiata,Rufous-breasted Accentor,0.7161,psl6,2024,05,21,07
408.0,411.0,Trochalopteron variegatum,Variegated Laughingthrush,0.5324,psl6,2024,05,21,07
438.0,441.0,Trochalopteron variegatum,Variegated Laughingthrush,0.7154,psl6,2024,05,21,07
480.0,483.0,Phylloscopus trochiloides,Greenish Warbler,0.5908,psl6,2024,05,21,07
498.0,501.0,Trochalopteron variegatum,Variegated Laughingthrush,0.6791,psl6,2024,05,21,07
501.0,504.0,Trochalopteron variegatum,Variegated Laughingthrush,0.9187,psl6,2024,05,21,07
510.0,513.0,Phylloscopus occipitalis,Western Crowned Warbler,0.8277,psl6,2024,05,21,07
513.0,516.0,Phylloscopus trochiloides,Greenish Warbler,0.68,psl6,2024,05,21,07
519.0,522.0,Phylloscopus occipitalis,Western Crowned Warbler,0.5598,psl6,2024,05,21,07
522.0,525.0,Carpodacus erythrinus,Common Rosefinch,0.5074,psl6,2024,05,21,07
528.0,531.0,Phylloscopus trochiloides,Greenish Warbler,0.5279,psl6,2024,05,21,07
537.0,540.0,Phylloscopus pulcher,Buff-barred Warbler,0.5956,psl6,2024,05,21,07
546.0,549.0,Phylloscopus occipitalis,Western Crowned Warbler,0.6346,psl6,2024,05,21,07
552.0,555.0,Phylloscopus occipitalis,Western Crowned Warbler,0.5983,psl6,2024,05,21,07
564.0,567.0,Phylloscopus occipitalis,Western Crowned Warbler,0.8353,psl6,2024,05,21,07
567.0,570.0,Phylloscopus trochiloides,Greenish Warbler,0.7404,psl6,2024,05,21,07
576.0,579.0,Phylloscopus occipitalis,Western Crowned Warbler,0.5681,psl6,2024,05,21,07
579.0,582.0,Carpodacus erythrinus,Common Rosefinch,0.8914,psl6,2024,05,21,07
579.0,582.0,Phylloscopus nitidus,Green Warbler,0.5857,psl6,2024,05,21,07
588.0,591.0,Carpodacus erythrinus,Common Rosefinch,0.9796,psl6,2024,05,21,07
594.0,597.0,Carpodacus erythrinus,Common Rosefinch,0.5789,psl6,2024,05,21,07
597.0,600.0,Carpodacus erythrinus,Common Rosefinch,0.8783,psl6,2024,05,21,07
600.0,603.0,Carpodacus erythrinus,Common Rosefinch,0.5684,psl6,2024,05,21,07
603.0,606.0,Carpodacus erythrinus,Common Rosefinch,0.563,psl6,2024,05,21,07
606.0,609.0,Phylloscopus occipitalis,Western Crowned Warbler,0.7893,psl6,2024,05,21,07
612.0,615.0,Phylloscopus occipitalis,Western Crowned Warbler,0.7973,psl6,2024,05,21,07
639.0,642.0,Phylloscopus nitidus,Green Warbler,0.6907,psl6,2024,05,21,07
648.0,651.0,Phylloscopus occipitalis,Western Crowned Warbler,0.8068,psl6,2024,05,21,07
654.0,657.0,Phylloscopus nitidus,Green Warbler,0.62,psl6,2024,05,21,07
660.0,663.0,Phylloscopus occipitalis,Western Crowned Warbler,0.6957,psl6,2024,05,21,07
696.0,699.0,Phylloscopus occipitalis,Western Crowned Warbler,0.5533,psl6,2024,05,21,07
699.0,702.0,Phylloscopus affinis,Tickell's Leaf Warbler,0.8009,psl6,2024,05,21,07
738.0,741.0,Prunella strophiata,Rufous-breasted Accentor,0.7159,psl6,2024,05,21,07
747.0,750.0,Prunella strophiata,Rufous-breasted Accentor,0.8586,psl6,2024,05,21,07
750.0,753.0,Trochalopteron variegatum,Variegated Laughingthrush,0.7135,psl6,2024,05,21,07
753.0,756.0,Prunella strophiata,Rufous-breasted Accentor,0.645,psl6,2024,05,21,07
792.0,795.0,Prunella strophiata,Rufous-breasted Accentor,0.8571,psl6,2024,05,21,07
795.0,798.0,Prunella strophiata,Rufous-breasted Accentor,0.9088,psl6,2024,05,21,07
798.0,801.0,Prunella strophiata,Rufous-breasted Accentor,0.7044,psl6,2024,05,21,07
807.0,810.0,Prunella strophiata,Rufous-breasted Accentor,0.746,psl6,2024,05,21,07
810.0,813.0,Prunella strophiata,Rufous-breasted Accentor,0.6173,psl6,2024,05,21,07
813.0,816.0,Prunella strophiata,Rufous-breasted Accentor,0.9723,psl6,2024,05,21,07
816.0,819.0,Prunella strophiata,Rufous-breasted Accentor,0.7933,psl6,2024,05,21,07
822.0,825.0,Prunella strophiata,Rufous-breasted Accentor,0.839,psl6,2024,05,21,07
828.0,831.0,Prunella strophiata,Rufous-breasted Accentor,0.9651,psl6,2024,05,21,07
831.0,834.0,Prunella strophiata,Rufous-breasted Accentor,0.8768,psl6,2024,05,21,07
834.0,837.0,Prunella strophiata,Rufous-breasted Accentor,0.8089,psl6,2024,05,21,07
837.0,840.0,Prunella strophiata,Rufous-breasted Accentor,0.8846,psl6,2024,05,21,07
840.0,843.0,Prunella strophiata,Rufous-breasted Accentor,0.9464,psl6,2024,05,21,07
843.0,846.0,Prunella strophiata,Rufous-breasted Accentor,0.9562,psl6,2024,05,21,07
882.0,885.0,Prunella strophiata,Rufous-breasted Accentor,0.9248,psl6,2024,05,21,07
885.0,888.0,Prunella strophiata,Rufous-breasted Accentor,0.7197,psl6,2024,05,21,07
888.0,891.0,Prunella strophiata,Rufous-breasted Accentor,0.6917,psl6,2024,05,21,07
3.0,6.0,Phylloscopus humei,Hume's Warbler,0.9379,psl6,2024,05,21,08
75.0,78.0,Suthora verreauxi,Golden Parrotbill,0.5505,psl6,2024,05,21,08
189.0,192.0,Phylloscopus occipitalis,Western Crowned Warbler,0.6985,psl6,2024,05,21,08
204.0,207.0,Phylloscopus occipitalis,Western Crowned Warbler,0.8161,psl6,2024,05,21,08
210.0,213.0,Phylloscopus occipitalis,Western Crowned Warbler,0.8593,psl6,2024,05,21,08
216.0,219.0,Phylloscopus occipitalis,Western Crowned Warbler,0.7368,psl6,2024,05,21,08
222.0,225.0,Phylloscopus occipitalis,Western Crowned Warbler,0.8777,psl6,2024,05,21,08
228.0,231.0,Phylloscopus occipitalis,Western Crowned Warbler,0.5505,psl6,2024,05,21,08
234.0,237.0,Phylloscopus occipitalis,Western Crowned Warbler,0.7913,psl6,2024,05,21,08
243.0,246.0,Phylloscopus occipitalis,Western Crowned Warbler,0.9514,psl6,2024,05,21,08
246.0,249.0,Phylloscopus occipitalis,Western Crowned Warbler,0.8822,psl6,2024,05,21,08
249.0,252.0,Phylloscopus occipitalis,Western Crowned Warbler,0.9815,psl6,2024,05,21,08
258.0,261.0,Phylloscopus occipitalis,Western Crowned Warbler,0.958,psl6,2024,05,21,08
261.0,264.0,Phylloscopus maculipennis,Ashy-throated Warbler,0.5177,psl6,2024,05,21,08
264.0,267.0,Phylloscopus occipitalis,Western Crowned Warbler,0.941,psl6,2024,05,21,08
270.0,273.0,Phylloscopus occipitalis,Western Crowned Warbler,0.9452,psl6,2024,05,21,08
276.0,279.0,Phylloscopus occipitalis,Western Crowned Warbler,0.9856,psl6,2024,05,21,08
300.0,303.0,Phylloscopus occipitalis,Western Crowned Warbler,0.7852,psl6,2024,05,21,08
327.0,330.0,Phylloscopus occipitalis,Western Crowned Warbler,0.8766,psl6,2024,05,21,08
333.0,336.0,Phylloscopus occipitalis,Western Crowned Warbler,0.8866,psl6,2024,05,21,08
348.0,351.0,Phylloscopus occipitalis,Western Crowned Warbler,0.8625,psl6,2024,05,21,08
402.0,405.0,Prunella strophiata,Rufous-breasted Accentor,0.8068,psl6,2024,05,21,08
408.0,411.0,Prunella strophiata,Rufous-breasted Accentor,0.6012,psl6,2024,05,21,08
456.0,459.0,Phylloscopus occipitalis,Western Crowned Warbler,0.5481,psl6,2024,05,21,08
546.0,549.0,Prunella strophiata,Rufous-breasted Accentor,0.7421,psl6,2024,05,21,08
624.0,627.0,Prunella strophiata,Rufous-breasted Accentor,0.9022,psl6,2024,05,21,08
657.0,660.0,Prunella strophiata,Rufous-breasted Accentor,0.5146,psl6,2024,05,21,08
660.0,663.0,Prunella strophiata,Rufous-breasted Accentor,0.5599,psl6,2024,05,21,08
672.0,675.0,Prunella strophiata,Rufous-breasted Accentor,0.6542,psl6,2024,05,21,08
675.0,678.0,Prunella strophiata,Rufous-breasted Accentor,0.7134,psl6,2024,05,21,08
837.0,840.0,Phylloscopus occipitalis,Western Crowned Warbler,0.6461,psl6,2024,05,21,08
840.0,843.0,Phylloscopus occipitalis,Western Crowned Warbler,0.7076,psl6,2024,05,21,08
846.0,849.0,Phylloscopus occipitalis,Western Crowned Warbler,0.9456,psl6,2024,05,21,08
849.0,852.0,Phylloscopus occipitalis,Western Crowned Warbler,0.8124,psl6,2024,05,21,08
852.0,855.0,Phylloscopus occipitalis,Western Crowned Warbler,0.5338,psl6,2024,05,21,08
858.0,861.0,Phylloscopus occipitalis,Western Crowned Warbler,0.8389,psl6,2024,05,21,08
870.0,873.0,Phylloscopus occipitalis,Western Crowned Warbler,0.7143,psl6,2024,05,21,08
876.0,879.0,Phylloscopus occipitalis,Western Crowned Warbler,0.627,psl6,2024,05,21,08
879.0,882.0,Phylloscopus occipitalis,Western Crowned Warbler,0.7399,psl6,2024,05,21,08
882.0,885.0,Phylloscopus occipitalis,Western Crowned Warbler,0.6866,psl6,2024,05,21,08
897.0,900.0,Phylloscopus occipitalis,Western Crowned Warbler,0.7307,psl6,2024,05,21,08
21.0,24.0,Prunella strophiata,Rufous-breasted Accentor,0.7851,psl6,2024,05,21,09
33.0,36.0,Phylloscopus affinis,Tickell's Leaf Warbler,0.5205,psl6,2024,05,21,09
45.0,48.0,Phylloscopus affinis,Tickell's Leaf Warbler,0.5524,psl6,2024,05,21,09
57.0,60.0,Phylloscopus affinis,Tickell's Leaf Warbler,0.6016,psl6,2024,05,21,09
60.0,63.0,Phylloscopus trochiloides,Greenish Warbler,0.6303,psl6,2024,05,21,09
66.0,69.0,Phylloscopus affinis,Tickell's Leaf Warbler,0.6444,psl6,2024,05,21,09
87.0,90.0,Prunella strophiata,Rufous-breasted Accentor,0.861,psl6,2024,05,21,09
93.0,96.0,Prunella strophiata,Rufous-breasted Accentor,0.8193,psl6,2024,05,21,09
96.0,99.0,Prunella strophiata,Rufous-breasted Accentor,0.5018,psl6,2024,05,21,09
108.0,111.0,Phylloscopus humei,Hume's Warbler,0.6879,psl6,2024,05,21,09
129.0,132.0,Prunella strophiata,Rufous-breasted Accentor,0.5148,psl6,2024,05,21,09
141.0,144.0,Phylloscopus humei,Hume's Warbler,0.857,psl6,2024,05,21,09
210.0,213.0,Phylloscopus affinis,Tickell's Leaf Warbler,0.678,psl6,2024,05,21,09
222.0,225.0,Phylloscopus affinis,Tickell's Leaf Warbler,0.7574,psl6,2024,05,21,09
306.0,309.0,Zosterops simplex,Swinhoe's White-eye,0.5809,psl6,2024,05,21,09
333.0,336.0,Phylloscopus humei,Hume's Warbler,0.5601,psl6,2024,05,21,09
369.0,372.0,Phylloscopus trochiloides,Greenish Warbler,0.5957,psl6,2024,05,21,09
441.0,444.0,Phylloscopus humei,Hume's Warbler,0.6381,psl6,2024,05,21,09
681.0,684.0,Phylloscopus humei,Hume's Warbler,0.6755,psl6,2024,05,21,09
702.0,705.0,Phylloscopus humei,Hume's Warbler,0.8381,psl6,2024,05,21,09
720.0,723.0,Phylloscopus humei,Hume's Warbler,0.5171,psl6,2024,05,21,09
744.0,747.0,Trochalopteron variegatum,Variegated Laughingthrush,0.5484,psl6,2024,05,21,09
756.0,759.0,Tarsiger rufilatus,Himalayan Bluetail,0.7461,psl6,2024,05,21,09
885.0,888.0,Phylloscopus affinis,Tickell's Leaf Warbler,0.6413,psl6,2024,05,21,09
42.0,45.0,Phylloscopus humei,Hume's Warbler,0.9541,psl6,2024,05,22,06
51.0,54.0,Phylloscopus humei,Hume's Warbler,0.7264,psl6,2024,05,22,06
57.0,60.0,Pluvialis squatarola,Black-bellied Plover,0.6483,psl6,2024,05,22,06
81.0,84.0,Calliope pectardens,Firethroat,0.6685,psl6,2024,05,22,06
90.0,93.0,Calliope pectardens,Firethroat,0.9527,psl6,2024,05,22,06
90.0,93.0,Tarsiger rufilatus,Himalayan Bluetail,0.7962,psl6,2024,05,22,06
99.0,102.0,Calliope pectardens,Firethroat,0.8476,psl6,2024,05,22,06
105.0,108.0,Calliope pectardens,Firethroat,0.5234,psl6,2024,05,22,06
108.0,111.0,Phylloscopus humei,Hume's Warbler,0.7321,psl6,2024,05,22,06
111.0,114.0,Calliope pectardens,Firethroat,0.909,psl6,2024,05,22,06
120.0,123.0,Tarsiger rufilatus,Himalayan Bluetail,0.5879,psl6,2024,05,22,06
138.0,141.0,Calliope pectardens,Firethroat,0.6866,psl6,2024,05,22,06
138.0,141.0,Tarsiger rufilatus,Himalayan Bluetail,0.5501,psl6,2024,05,22,06
201.0,204.0,Phylloscopus occipitalis,Western Crowned Warbler,0.8093,psl6,2024,05,22,06
231.0,234.0,Phylloscopus affinis,Tickell's Leaf Warbler,0.916,psl6,2024,05,22,06
234.0,237.0,Phylloscopus occipitalis,Western Crowned Warbler,0.7575,psl6,2024,05,22,06
249.0,252.0,Phylloscopus affinis,Tickell's Leaf Warbler,0.8686,psl6,2024,05,22,06
252.0,255.0,Phylloscopus affinis,Tickell's Leaf Warbler,0.6091,psl6,2024,05,22,06
255.0,258.0,Luscinia phaenicuroides,White-bellied Redstart,0.7828,psl6,2024,05,22,06
258.0,261.0,Phylloscopus occipitalis,Western Crowned Warbler,0.5625,psl6,2024,05,22,06
261.0,264.0,Luscinia phaenicuroides,White-bellied Redstart,0.9819,psl6,2024,05,22,06
261.0,264.0,Phylloscopus affinis,Tickell's Leaf Warbler,0.5024,psl6,2024,05,22,06
264.0,267.0,Phylloscopus occipitalis,Western Crowned Warbler,0.7365,psl6,2024,05,22,06
267.0,270.0,Luscinia phaenicuroides,White-bellied Redstart,0.948,psl6,2024,05,22,06
273.0,276.0,Luscinia phaenicuroides,White-bellied Redstart,0.8258,psl6,2024,05,22,06
282.0,285.0,Luscinia phaenicuroides,White-bellied Redstart,0.554,psl6,2024,05,22,06
285.0,288.0,Phylloscopus affinis,Tickell's Leaf Warbler,0.8549,psl6,2024,05,22,06
288.0,291.0,Luscinia phaenicuroides,White-bellied Redstart,0.9308,psl6,2024,05,22,06
291.0,294.0,Phylloscopus affinis,Tickell's Leaf Warbler,0.8657,psl6,2024,05,22,06
294.0,297.0,Phylloscopus affinis,Tickell's Leaf Warbler,0.7269,psl6,2024,05,22,06
297.0,300.0,Phylloscopus occipitalis,Western Crowned Warbler,0.9568,psl6,2024,05,22,06
300.0,303.0,Phylloscopus occipitalis,Western Crowned Warbler,0.9759,psl6,2024,05,22,06
303.0,306.0,Phylloscopus affinis,Tickell's Leaf Warbler,0.78,psl6,2024,05,22,06
306.0,309.0,Phylloscopus occipitalis,Western Crowned Warbler,0.9571,psl6,2024,05,22,06
309.0,312.0,Phylloscopus occipitalis,Western Crowned Warbler,0.5066,psl6,2024,05,22,06
312.0,315.0,Phylloscopus occipitalis,Western Crowned Warbler,0.7636,psl6,2024,05,22,06
315.0,318.0,Phylloscopus occipitalis,Western Crowned Warbler,0.8298,psl6,2024,05,22,06
318.0,321.0,Phylloscopus occipitalis,Western Crowned Warbler,0.7245,psl6,2024,05,22,06
324.0,327.0,Phylloscopus occipitalis,Western Crowned Warbler,0.7181,psl6,2024,05,22,06
327.0,330.0,Phylloscopus occipitalis,Western Crowned Warbler,0.8297,psl6,2024,05,22,06
333.0,336.0,Phylloscopus occipitalis,Western Crowned Warbler,0.9442,psl6,2024,05,22,06
336.0,339.0,Phylloscopus occipitalis,Western Crowned Warbler,0.6082,psl6,2024,05,22,06
339.0,342.0,Phylloscopus occipitalis,Western Crowned Warbler,0.9234,psl6,2024,05,22,06
354.0,357.0,Phylloscopus occipitalis,Western Crowned Warbler,0.7639,psl6,2024,05,22,06
357.0,360.0,Phylloscopus occipitalis,Western Crowned Warbler,0.5623,psl6,2024,05,22,06
387.0,390.0,Phylloscopus occipitalis,Western Crowned Warbler,0.6031,psl6,2024,05,22,06
447.0,450.0,Luscinia phaenicuroides,White-bellied Redstart,0.9041,psl6,2024,05,22,06
456.0,459.0,Luscinia phaenicuroides,White-bellied Redstart,0.6636,psl6,2024,05,22,06
465.0,468.0,Luscinia phaenicuroides,White-bellied Redstart,0.7941,psl6,2024,05,22,06
477.0,480.0,Phylloscopus affinis,Tickell's Leaf Warbler,0.5091,psl6,2024,05,22,06
498.0,501.0,Tarsiger rufilatus,Himalayan Bluetail,0.568,psl6,2024,05,22,06
501.0,504.0,Calliope pectardens,Firethroat,0.6484,psl6,2024,05,22,06
516.0,519.0,Tarsiger rufilatus,Himalayan Bluetail,0.7672,psl6,2024,05,22,06
516.0,519.0,Luscinia phaenicuroides,White-bellied Redstart,0.5642,psl6,2024,05,22,06
540.0,543.0,Calliope pectardens,Firethroat,0.6997,psl6,2024,05,22,06
546.0,549.0,Tarsiger rufilatus,Himalayan Bluetail,0.6757,psl6,2024,05,22,06
549.0,552.0,Phylloscopus affinis,Tickell's Leaf Warbler,0.5243,psl6,2024,05,22,06
555.0,558.0,Phylloscopus affinis,Tickell's Leaf Warbler,0.7313,psl6,2024,05,22,06
561.0,564.0,Phylloscopus occipitalis,Western Crowned Warbler,0.7864,psl6,2024,05,22,06
573.0,576.0,Phylloscopus affinis,Tickell's Leaf Warbler,0.8027,psl6,2024,05,22,06
576.0,579.0,Phylloscopus humei,Hume's Warbler,0.5248,psl6,2024,05,22,06
591.0,594.0,Phylloscopus occipitalis,Western Crowned Warbler,0.7845,psl6,2024,05,22,06
594.0,597.0,Phylloscopus occipitalis,Western Crowned Warbler,0.9842,psl6,2024,05,22,06
597.0,600.0,Phylloscopus occipitalis,Western Crowned Warbler,0.8222,psl6,2024,05,22,06
603.0,606.0,Phylloscopus occipitalis,Western Crowned Warbler,0.614,psl6,2024,05,22,06
606.0,609.0,Phylloscopus occipitalis,Western Crowned Warbler,0.9096,psl6,2024,05,22,06
609.0,612.0,Phylloscopus occipitalis,Western Crowned Warbler,0.9543,psl6,2024,05,22,06
612.0,615.0,Phylloscopus occipitalis,Western Crowned Warbler,0.9493,psl6,2024,05,22,06
615.0,618.0,Phylloscopus occipitalis,Western Crowned Warbler,0.9288,psl6,2024,05,22,06
624.0,627.0,Phylloscopus occipitalis,Western Crowned Warbler,0.9722,psl6,2024,05,22,06
630.0,633.0,Phylloscopus occipitalis,Western Crowned Warbler,0.6893,psl6,2024,05,22,06
633.0,636.0,Phylloscopus occipitalis,Western Crowned Warbler,0.885,psl6,2024,05,22,06
636.0,639.0,Phylloscopus occipitalis,Western Crowned Warbler,0.9672,psl6,2024,05,22,06
648.0,651.0,Phylloscopus occipitalis,Western Crowned Warbler,0.621,psl6,2024,05,22,06
654.0,657.0,Phylloscopus occipitalis,Western Crowned Warbler,0.5726,psl6,2024,05,22,06
657.0,660.0,Phylloscopus occipitalis,Western Crowned Warbler,0.908,psl6,2024,05,22,06
660.0,663.0,Phylloscopus occipitalis,Western Crowned Warbler,0.5146,psl6,2024,05,22,06
666.0,669.0,Phylloscopus occipitalis,Western Crowned Warbler,0.7087,psl6,2024,05,22,06
669.0,672.0,Phylloscopus occipitalis,Western Crowned Warbler,0.5434,psl6,2024,05,22,06
675.0,678.0,Phylloscopus occipitalis,Western Crowned Warbler,0.8552,psl6,2024,05,22,06
678.0,681.0,Phylloscopus occipitalis,Western Crowned Warbler,0.8536,psl6,2024,05,22,06
681.0,684.0,Phylloscopus occipitalis,Western Crowned Warbler,0.8759,psl6,2024,05,22,06
684.0,687.0,Phylloscopus occipitalis,Western Crowned Warbler,0.8256,psl6,2024,05,22,06
687.0,690.0,Phylloscopus occipitalis,Western Crowned Warbler,0.9822,psl6,2024,05,22,06
693.0,696.0,Phylloscopus occipitalis,Western Crowned Warbler,0.9482,psl6,2024,05,22,06
699.0,702.0,Phylloscopus occipitalis,Western Crowned Warbler,0.9628,psl6,2024,05,22,06
705.0,708.0,Phylloscopus occipitalis,Western Crowned Warbler,0.9897,psl6,2024,05,22,06
711.0,714.0,Phylloscopus occipitalis,Western Crowned Warbler,0.799,psl6,2024,05,22,06
714.0,717.0,Phylloscopus occipitalis,Western Crowned Warbler,0.7344,psl6,2024,05,22,06
720.0,723.0,Phylloscopus occipitalis,Western Crowned Warbler,0.9806,psl6,2024,05,22,06
723.0,726.0,Phylloscopus occipitalis,Western Crowned Warbler,0.6249,psl6,2024,05,22,06
735.0,738.0,Phylloscopus occipitalis,Western Crowned Warbler,0.8396,psl6,2024,05,22,06
741.0,744.0,Phylloscopus occipitalis,Western Crowned Warbler,0.8233,psl6,2024,05,22,06
750.0,753.0,Phylloscopus occipitalis,Western Crowned Warbler,0.6239,psl6,2024,05,22,06
753.0,756.0,Phylloscopus humei,Hume's Warbler,0.8947,psl6,2024,05,22,06
759.0,762.0,Phylloscopus occipitalis,Western Crowned Warbler,0.7598,psl6,2024,05,22,06
777.0,780.0,Phylloscopus humei,Hume's Warbler,0.5317,psl6,2024,05,22,06
786.0,789.0,Phylloscopus occipitalis,Western Crowned Warbler,0.7156,psl6,2024,05,22,06
795.0,798.0,Luscinia phaenicuroides,White-bellied Redstart,0.6053,psl6,2024,05,22,06
873.0,876.0,Phylloscopus occipitalis,Western Crowned Warbler,0.5033,psl6,2024,05,22,06
876.0,879.0,Phylloscopus humei,Hume's Warbler,0.8877,psl6,2024,05,22,06
888.0,891.0,Phylloscopus occipitalis,Western Crowned Warbler,0.9486,psl6,2024,05,22,06
894.0,897.0,Phylloscopus humei,Hume's Warbler,0.9003,psl6,2024,05,22,06
3.0,6.0,Prunella strophiata,Rufous-breasted Accentor,0.9966,psl6,2024,05,22,07
6.0,9.0,Prunella strophiata,Rufous-breasted Accentor,0.6914,psl6,2024,05,22,07
9.0,12.0,Prunella strophiata,Rufous-breasted Accentor,0.6295,psl6,2024,05,22,07
84.0,87.0,Phylloscopus occipitalis,Western Crowned Warbler,0.7668,psl6,2024,05,22,07
105.0,108.0,Phylloscopus affinis,Tickell's Leaf Warbler,0.5155,psl6,2024,05,22,07
114.0,117.0,Tarsiger rufilatus,Himalayan Bluetail,0.7041,psl6,2024,05,22,07
120.0,123.0,Tarsiger rufilatus,Himalayan Bluetail,0.8864,psl6,2024,05,22,07
144.0,147.0,Phylloscopus trochiloides,Greenish Warbler,0.5339,psl6,2024,05,22,07
153.0,156.0,Phylloscopus affinis,Tickell's Leaf Warbler,0.5376,psl6,2024,05,22,07
195.0,198.0,Phylloscopus affinis,Tickell's Leaf Warbler,0.5481,psl6,2024,05,22,07
204.0,207.0,Phylloscopus trochiloides,Greenish Warbler,0.591,psl6,2024,05,22,07
216.0,219.0,Phylloscopus trochiloides,Greenish Warbler,0.5124,psl6,2024,05,22,07
234.0,237.0,Phylloscopus affinis,Tickell's Leaf Warbler,0.5382,psl6,2024,05,22,07
258.0,261.0,Phylloscopus trochiloides,Greenish Warbler,0.8911,psl6,2024,05,22,07
270.0,273.0,Phylloscopus yunnanensis,Chinese Leaf Warbler,0.5465,psl6,2024,05,22,07
279.0,282.0,Phylloscopus humei,Hume's Warbler,0.6944,psl6,2024,05,22,07
282.0,285.0,Phylloscopus humei,Hume's Warbler,0.8967,psl6,2024,05,22,07
288.0,291.0,Phylloscopus humei,Hume's Warbler,0.961,psl6,2024,05,22,07
294.0,297.0,Ficedula parva,Red-breasted Flycatcher,0.5381,psl6,2024,05,22,07
300.0,303.0,Phylloscopus affinis,Tickell's Leaf Warbler,0.9004,psl6,2024,05,22,07
357.0,360.0,Troglodytes pacificus,Pacific Wren,0.6386,psl6,2024,05,22,07
378.0,381.0,Troglodytes pacificus,Pacific Wren,0.5292,psl6,2024,05,22,07
390.0,393.0,Phylloscopus humei,Hume's Warbler,0.9912,psl6,2024,05,22,07
393.0,396.0,Phylloscopus humei,Hume's Warbler,0.8072,psl6,2024,05,22,07
396.0,399.0,Phylloscopus humei,Hume's Warbler,0.7849,psl6,2024,05,22,07
405.0,408.0,Phylloscopus humei,Hume's Warbler,0.9554,psl6,2024,05,22,07
408.0,411.0,Ficedula tricolor,Slaty-blue Flycatcher,0.8948,psl6,2024,05,22,07
414.0,417.0,Phylloscopus humei,Hume's Warbler,0.9195,psl6,2024,05,22,07
417.0,420.0,Phylloscopus affinis,Tickell's Leaf Warbler,0.6797,psl6,2024,05,22,07
456.0,459.0,Phylloscopus humei,Hume's Warbler,0.9452,psl6,2024,05,22,07
507.0,510.0,Phylloscopus affinis,Tickell's Leaf Warbler,0.5997,psl6,2024,05,22,07
513.0,516.0,Phylloscopus humei,Hume's Warbler,0.9774,psl6,2024,05,22,07
519.0,522.0,Phylloscopus humei,Hume's Warbler,0.9825,psl6,2024,05,22,07
522.0,525.0,Phylloscopus humei,Hume's Warbler,0.7994,psl6,2024,05,22,07
534.0,537.0,Phylloscopus humei,Hume's Warbler,0.71,psl6,2024,05,22,07
537.0,540.0,Phylloscopus humei,Hume's Warbler,0.8918,psl6,2024,05,22,07
552.0,555.0,Phylloscopus humei,Hume's Warbler,0.8892,psl6,2024,05,22,07
558.0,561.0,Phylloscopus humei,Hume's Warbler,0.6219,psl6,2024,05,22,07
567.0,570.0,Phylloscopus humei,Hume's Warbler,0.9683,psl6,2024,05,22,07
573.0,576.0,Phylloscopus humei,Hume's Warbler,0.6843,psl6,2024,05,22,07
585.0,588.0,Phylloscopus humei,Hume's Warbler,0.9931,psl6,2024,05,22,07
603.0,606.0,Phylloscopus humei,Hume's Warbler,0.8422,psl6,2024,05,22,07
621.0,624.0,Phylloscopus humei,Hume's Warbler,0.7332,psl6,2024,05,22,07
624.0,627.0,Phylloscopus humei,Hume's Warbler,0.9919,psl6,2024,05,22,07
654.0,657.0,Phylloscopus humei,Hume's Warbler,0.5203,psl6,2024,05,22,07
879.0,882.0,Phylloscopus humei,Hume's Warbler,0.5111,psl6,2024,05,22,07
93.0,96.0,Phylloscopus humei,Hume's Warbler,0.7701,psl6,2024,05,22,08
168.0,171.0,Phylloscopus affinis,Tickell's Leaf Warbler,0.6254,psl6,2024,05,22,08
183.0,186.0,Phylloscopus humei,Hume's Warbler,0.9003,psl6,2024,05,22,08
195.0,198.0,Prunella strophiata,Rufous-breasted Accentor,0.5186,psl6,2024,05,22,08
207.0,210.0,Prunella strophiata,Rufous-breasted Accentor,0.6386,psl6,2024,05,22,08
213.0,216.0,Prunella strophiata,Rufous-breasted Accentor,0.7445,psl6,2024,05,22,08
231.0,234.0,Prunella strophiata,Rufous-breasted Accentor,0.5351,psl6,2024,05,22,08
240.0,243.0,Prunella strophiata,Rufous-breasted Accentor,0.5354,psl6,2024,05,22,08
276.0,279.0,Phylloscopus humei,Hume's Warbler,0.5446,psl6,2024,05,22,08
306.0,309.0,Phylloscopus affinis,Tickell's Leaf Warbler,0.9886,psl6,2024,05,22,08
312.0,315.0,Phylloscopus affinis,Tickell's Leaf Warbler,0.9848,psl6,2024,05,22,08
324.0,327.0,Phylloscopus humei,Hume's Warbler,0.5244,psl6,2024,05,22,08
327.0,330.0,Phylloscopus affinis,Tickell's Leaf Warbler,0.9936,psl6,2024,05,22,08
336.0,339.0,Phylloscopus affinis,Tickell's Leaf Warbler,0.8405,psl6,2024,05,22,08
342.0,345.0,Phylloscopus affinis,Tickell's Leaf Warbler,0.9934,psl6,2024,05,22,08
348.0,351.0,Phylloscopus affinis,Tickell's Leaf Warbler,0.8319,psl6,2024,05,22,08
351.0,354.0,Phylloscopus affinis,Tickell's Leaf Warbler,0.6918,psl6,2024,05,22,08
357.0,360.0,Phylloscopus affinis,Tickell's Leaf Warbler,0.7275,psl6,2024,05,22,08
366.0,369.0,Phylloscopus affinis,Tickell's Leaf Warbler,0.9978,psl6,2024,05,22,08
375.0,378.0,Phylloscopus affinis,Tickell's Leaf Warbler,0.929,psl6,2024,05,22,08
387.0,390.0,Phylloscopus affinis,Tickell's Leaf Warbler,0.9781,psl6,2024,05,22,08
393.0,396.0,Phylloscopus affinis,Tickell's Leaf Warbler,0.9642,psl6,2024,05,22,08
396.0,399.0,Phylloscopus affinis,Tickell's Leaf Warbler,0.5209,psl6,2024,05,22,08
405.0,408.0,Phylloscopus affinis,Tickell's Leaf Warbler,0.9456,psl6,2024,05,22,08
414.0,417.0,Phylloscopus affinis,Tickell's Leaf Warbler,0.8908,psl6,2024,05,22,08
420.0,423.0,Phylloscopus affinis,Tickell's Leaf Warbler,0.6563,psl6,2024,05,22,08
429.0,432.0,Phylloscopus affinis,Tickell's Leaf Warbler,0.9808,psl6,2024,05,22,08
432.0,435.0,Leiothlypis ruficapilla,Nashville Warbler,0.573,psl6,2024,05,22,08
438.0,441.0,Phylloscopus affinis,Tickell's Leaf Warbler,0.9698,psl6,2024,05,22,08
471.0,474.0,Tarsiger rufilatus,Himalayan Bluetail,0.7016,psl6,2024,05,22,08
543.0,546.0,Streptopelia orientalis,Oriental Turtle-Dove,0.9168,psl6,2024,05,22,08
558.0,561.0,Phylloscopus humei,Hume's Warbler,0.8485,psl6,2024,05,22,08
564.0,567.0,Phylloscopus occipitalis,Western Crowned Warbler,0.5539,psl6,2024,05,22,08
585.0,588.0,Phylloscopus affinis,Tickell's Leaf Warbler,0.7031,psl6,2024,05,22,08
591.0,594.0,Zenaida auriculata,Eared Dove,0.6972,psl6,2024,05,22,08
705.0,708.0,Phylloscopus humei,Hume's Warbler,0.5311,psl6,2024,05,22,08
708.0,711.0,Phylloscopus affinis,Tickell's Leaf Warbler,0.8657,psl6,2024,05,22,08
729.0,732.0,Phylloscopus occipitalis,Western Crowned Warbler,0.5534,psl6,2024,05,22,08
789.0,792.0,Phylloscopus humei,Hume's Warbler,0.5067,psl6,2024,05,22,08
837.0,840.0,Tarsiger rufilatus,Himalayan Bluetail,0.7225,psl6,2024,05,22,08
843.0,846.0,Phylloscopus affinis,Tickell's Leaf Warbler,0.7476,psl6,2024,05,22,08
873.0,876.0,Phylloscopus affinis,Tickell's Leaf Warbler,0.5233,psl6,2024,05,22,08
885.0,888.0,Phylloscopus affinis,Tickell's Leaf Warbler,0.7102,psl6,2024,05,22,08
48.0,51.0,Phylloscopus affinis,Tickell's Leaf Warbler,0.6066,psl6,2024,05,22,09
51.0,54.0,Phylloscopus humei,Hume's Warbler,0.6708,psl6,2024,05,22,09
60.0,63.0,Phylloscopus humei,Hume's Warbler,0.5876,psl6,2024,05,22,09
63.0,66.0,Phylloscopus affinis,Tickell's Leaf Warbler,0.6728,psl6,2024,05,22,09
72.0,75.0,Phylloscopus humei,Hume's Warbler,0.7472,psl6,2024,05,22,09
75.0,78.0,Phylloscopus humei,Hume's Warbler,0.8663,psl6,2024,05,22,09
93.0,96.0,Phylloscopus trochiloides,Greenish Warbler,0.6264,psl6,2024,05,22,09
96.0,99.0,Phylloscopus affinis,Tickell's Leaf Warbler,0.6458,psl6,2024,05,22,09
105.0,108.0,Phylloscopus humei,Hume's Warbler,0.9447,psl6,2024,05,22,09
129.0,132.0,Phylloscopus humei,Hume's Warbler,0.7735,psl6,2024,05,22,09
135.0,138.0,Phylloscopus trochiloides,Greenish Warbler,0.6252,psl6,2024,05,22,09
216.0,219.0,Phylloscopus trochiloides,Greenish Warbler,0.5973,psl6,2024,05,22,09
216.0,219.0,Phylloscopus nitidus,Green Warbler,0.5742,psl6,2024,05,22,09
219.0,222.0,Phylloscopus trochiloides,Greenish Warbler,0.8141,psl6,2024,05,22,09
225.0,228.0,Phylloscopus humei,Hume's Warbler,0.7173,psl6,2024,05,22,09
267.0,270.0,Phylloscopus occipitalis,Western Crowned Warbler,0.5575,psl6,2024,05,22,09
318.0,321.0,Phylloscopus occipitalis,Western Crowned Warbler,0.6249,psl6,2024,05,22,09
345.0,348.0,Phylloscopus occipitalis,Western Crowned Warbler,0.586,psl6,2024,05,22,09
348.0,351.0,Phylloscopus occipitalis,Western Crowned Warbler,0.8018,psl6,2024,05,22,09
378.0,381.0,Phylloscopus nitidus,Green Warbler,0.5427,psl6,2024,05,22,09
399.0,402.0,Prunella strophiata,Rufous-breasted Accentor,0.6122,psl6,2024,05,22,09
435.0,438.0,Phylloscopus occipitalis,Western Crowned Warbler,0.7041,psl6,2024,05,22,09
447.0,450.0,Prunella strophiata,Rufous-breasted Accentor,0.8695,psl6,2024,05,22,09
453.0,456.0,Prunella strophiata,Rufous-breasted Accentor,0.5412,psl6,2024,05,22,09
480.0,483.0,Phylloscopus humei,Hume's Warbler,0.5672,psl6,2024,05,22,09
570.0,573.0,Phylloscopus trochiloides,Greenish Warbler,0.7223,psl6,2024,05,22,09
582.0,585.0,Phylloscopus occipitalis,Western Crowned Warbler,0.6212,psl6,2024,05,22,09
672.0,675.0,Phylloscopus humei,Hume's Warbler,0.671,psl6,2024,05,22,09
675.0,678.0,Phylloscopus humei,Hume's Warbler,0.6342,psl6,2024,05,22,09
675.0,678.0,Phylloscopus maculipennis,Ashy-throated Warbler,0.5078,psl6,2024,05,22,09
765.0,768.0,Phylloscopus humei,Hume's Warbler,0.8858,psl6,2024,05,22,09
768.0,771.0,Phylloscopus humei,Hume's Warbler,0.9834,psl6,2024,05,22,09
777.0,780.0,Phylloscopus affinis,Tickell's Leaf Warbler,0.6922,psl6,2024,05,22,09
786.0,789.0,Phylloscopus affinis,Tickell's Leaf Warbler,0.858,psl6,2024,05,22,09
810.0,813.0,Phylloscopus affinis,Tickell's Leaf Warbler,0.5855,psl6,2024,05,22,09
819.0,822.0,Phylloscopus humei,Hume's Warbler,0.9049,psl6,2024,05,22,09
837.0,840.0,Phylloscopus affinis,Tickell's Leaf Warbler,0.5957,psl6,2024,05,22,09
855.0,858.0,Phylloscopus affinis,Tickell's Leaf Warbler,0.8203,psl6,2024,05,22,09
870.0,873.0,Phylloscopus humei,Hume's Warbler,0.8959,psl6,2024,05,22,09
882.0,885.0,Phylloscopus affinis,Tickell's Leaf Warbler,0.7824,psl6,2024,05,22,09
96.0,99.0,Phylloscopus trochiloides,Greenish Warbler,0.7002,psl6,2024,05,23,06
156.0,159.0,Periparus rufonuchalis,Rufous-naped Tit,0.5441,psl6,2024,05,23,06
198.0,201.0,Periparus rufonuchalis,Rufous-naped Tit,0.9749,psl6,2024,05,23,06
201.0,204.0,Periparus rufonuchalis,Rufous-naped Tit,0.9981,psl6,2024,05,23,06
204.0,207.0,Periparus rufonuchalis,Rufous-naped Tit,0.7361,psl6,2024,05,23,06
228.0,231.0,Phylloscopus affinis,Tickell's Leaf Warbler,0.5525,psl6,2024,05,23,06
276.0,279.0,Phylloscopus nitidus,Green Warbler,0.5153,psl6,2024,05,23,06
321.0,324.0,Phylloscopus trochiloides,Greenish Warbler,0.6504,psl6,2024,05,23,06
387.0,390.0,Phylloscopus affinis,Tickell's Leaf Warbler,0.5995,psl6,2024,05,23,06
396.0,399.0,Phylloscopus trochiloides,Greenish Warbler,0.6011,psl6,2024,05,23,06
411.0,414.0,Tarsiger rufilatus,Himalayan Bluetail,0.5284,psl6,2024,05,23,06
429.0,432.0,Phylloscopus occipitalis,Western Crowned Warbler,0.5556,psl6,2024,05,23,06
510.0,513.0,Phylloscopus affinis,Tickell's Leaf Warbler,0.5529,psl6,2024,05,23,06
513.0,516.0,Trochalopteron variegatum,Variegated Laughingthrush,0.7202,psl6,2024,05,23,06
609.0,612.0,Calliope pectardens,Firethroat,0.6613,psl6,2024,05,23,06
609.0,612.0,Tarsiger rufilatus,Himalayan Bluetail,0.6493,psl6,2024,05,23,06
618.0,621.0,Tarsiger rufilatus,Himalayan Bluetail,0.537,psl6,2024,05,23,06
630.0,633.0,Tarsiger rufilatus,Himalayan Bluetail,0.7874,psl6,2024,05,23,06
633.0,636.0,Phylloscopus humei,Hume's Warbler,0.6307,psl6,2024,05,23,06
636.0,639.0,Phylloscopus trochiloides,Greenish Warbler,0.871,psl6,2024,05,23,06
651.0,654.0,Tarsiger rufilatus,Himalayan Bluetail,0.644,psl6,2024,05,23,06
657.0,660.0,Phylloscopus trochiloides,Greenish Warbler,0.5837,psl6,2024,05,23,06
660.0,663.0,Phylloscopus humei,Hume's Warbler,0.5891,psl6,2024,05,23,06
708.0,711.0,Phylloscopus trochiloides,Greenish Warbler,0.5423,psl6,2024,05,23,06
726.0,729.0,Phylloscopus humei,Hume's Warbler,0.561,psl6,2024,05,23,06
741.0,744.0,Phylloscopus affinis,Tickell's Leaf Warbler,0.6339,psl6,2024,05,23,06
747.0,750.0,Phylloscopus trochiloides,Greenish Warbler,0.6932,psl6,2024,05,23,06
768.0,771.0,Phylloscopus trochiloides,Greenish Warbler,0.6634,psl6,2024,05,23,06
885.0,888.0,Phylloscopus occipitalis,Western Crowned Warbler,0.5985,psl6,2024,05,23,06
897.0,900.0,Phylloscopus occipitalis,Western Crowned Warbler,0.7997,psl6,2024,05,23,06
21.0,24.0,Phylloscopus affinis,Tickell's Leaf Warbler,0.6403,psl6,2024,05,23,07
51.0,54.0,Phylloscopus occipitalis,Western Crowned Warbler,0.5515,psl6,2024,05,23,07
60.0,63.0,Phylloscopus trochiloides,Greenish Warbler,0.5163,psl6,2024,05,23,07
72.0,75.0,Phylloscopus trochiloides,Greenish Warbler,0.5421,psl6,2024,05,23,07
114.0,117.0,Phylloscopus trochiloides,Greenish Warbler,0.5997,psl6,2024,05,23,07
171.0,174.0,Phylloscopus trochiloides,Greenish Warbler,0.767,psl6,2024,05,23,07
183.0,186.0,Phylloscopus trochiloides,Greenish Warbler,0.5521,psl6,2024,05,23,07
195.0,198.0,Phylloscopus trochiloides,Greenish Warbler,0.5864,psl6,2024,05,23,07
219.0,222.0,Phylloscopus trochiloides,Greenish Warbler,0.5606,psl6,2024,05,23,07
222.0,225.0,Phylloscopus trochiloides,Greenish Warbler,0.5115,psl6,2024,05,23,07
234.0,237.0,Tarsiger rufilatus,Himalayan Bluetail,0.7045,psl6,2024,05,23,07
246.0,249.0,Phylloscopus trochiloides,Greenish Warbler,0.6302,psl6,2024,05,23,07
252.0,255.0,Tarsiger rufilatus,Himalayan Bluetail,0.5204,psl6,2024,05,23,07
258.0,261.0,Tarsiger rufilatus,Himalayan Bluetail,0.5169,psl6,2024,05,23,07
303.0,306.0,Phylloscopus trochiloides,Greenish Warbler,0.565,psl6,2024,05,23,07
303.0,306.0,Phylloscopus nitidus,Green Warbler,0.5361,psl6,2024,05,23,07
309.0,312.0,Phylloscopus humei,Hume's Warbler,0.8134,psl6,2024,05,23,07
315.0,318.0,Phylloscopus trochiloides,Greenish Warbler,0.8777,psl6,2024,05,23,07
321.0,324.0,Phylloscopus humei,Hume's Warbler,0.7463,psl6,2024,05,23,07
333.0,336.0,Phylloscopus humei,Hume's Warbler,0.5352,psl6,2024,05,23,07
336.0,339.0,Phylloscopus trochiloides,Greenish Warbler,0.5347,psl6,2024,05,23,07
360.0,363.0,Phylloscopus trochiloides,Greenish Warbler,0.5141,psl6,2024,05,23,07
372.0,375.0,Phylloscopus trochiloides,Greenish Warbler,0.7822,psl6,2024,05,23,07
396.0,399.0,Phylloscopus trochiloides,Greenish Warbler,0.7732,psl6,2024,05,23,07
399.0,402.0,Phylloscopus trochiloides,Greenish Warbler,0.7972,psl6,2024,05,23,07
408.0,411.0,Phylloscopus trochiloides,Greenish Warbler,0.6127,psl6,2024,05,23,07
444.0,447.0,Phylloscopus trochiloides,Greenish Warbler,0.9191,psl6,2024,05,23,07
456.0,459.0,Phylloscopus reguloides,Blyth's Leaf Warbler,0.5056,psl6,2024,05,23,07
468.0,471.0,Phylloscopus trochiloides,Greenish Warbler,0.6337,psl6,2024,05,23,07
474.0,477.0,Phylloscopus occipitalis,Western Crowned Warbler,0.798,psl6,2024,05,23,07
477.0,480.0,Phylloscopus occipitalis,Western Crowned Warbler,0.5399,psl6,2024,05,23,07
483.0,486.0,Phylloscopus trochiloides,Greenish Warbler,0.8958,psl6,2024,05,23,07
534.0,537.0,Phylloscopus nitidus,Green Warbler,0.5364,psl6,2024,05,23,07
540.0,543.0,Phylloscopus occipitalis,Western Crowned Warbler,0.5382,psl6,2024,05,23,07
546.0,549.0,Phylloscopus occipitalis,Western Crowned Warbler,0.7559,psl6,2024,05,23,07
561.0,564.0,Phylloscopus occipitalis,Western Crowned Warbler,0.9454,psl6,2024,05,23,07
564.0,567.0,Phylloscopus occipitalis,Western Crowned Warbler,0.8589,psl6,2024,05,23,07
576.0,579.0,Phylloscopus occipitalis,Western Crowned Warbler,0.5887,psl6,2024,05,23,07
585.0,588.0,Phylloscopus occipitalis,Western Crowned Warbler,0.5576,psl6,2024,05,23,07
588.0,591.0,Phylloscopus occipitalis,Western Crowned Warbler,0.8409,psl6,2024,05,23,07
591.0,594.0,Phylloscopus occipitalis,Western Crowned Warbler,0.9569,psl6,2024,05,23,07
597.0,600.0,Prunella strophiata,Rufous-breasted Accentor,0.8742,psl6,2024,05,23,07
600.0,603.0,Prunella strophiata,Rufous-breasted Accentor,0.609,psl6,2024,05,23,07
603.0,606.0,Prunella strophiata,Rufous-breasted Accentor,0.5035,psl6,2024,05,23,07
636.0,639.0,Tarsiger rufilatus,Himalayan Bluetail,0.5299,psl6,2024,05,23,07
648.0,651.0,Calliope pectardens,Firethroat,0.6287,psl6,2024,05,23,07
648.0,651.0,Tarsiger rufilatus,Himalayan Bluetail,0.62,psl6,2024,05,23,07
675.0,678.0,Tarsiger rufilatus,Himalayan Bluetail,0.5423,psl6,2024,05,23,07
717.0,720.0,Phylloscopus affinis,Tickell's Leaf Warbler,0.5737,psl6,2024,05,23,07
723.0,726.0,Phylloscopus affinis,Tickell's Leaf Warbler,0.9545,psl6,2024,05,23,07
729.0,732.0,Phylloscopus affinis,Tickell's Leaf Warbler,0.7387,psl6,2024,05,23,07
756.0,759.0,Phylloscopus affinis,Tickell's Leaf Warbler,0.9013,psl6,2024,05,23,07
762.0,765.0,Phylloscopus affinis,Tickell's Leaf Warbler,0.9627,psl6,2024,05,23,07
768.0,771.0,Phylloscopus affinis,Tickell's Leaf Warbler,0.9487,psl6,2024,05,23,07
777.0,780.0,Phylloscopus affinis,Tickell's Leaf Warbler,0.5553,psl6,2024,05,23,07
780.0,783.0,Phylloscopus humei,Hume's Warbler,0.6324,psl6,2024,05,23,07
792.0,795.0,Phylloscopus affinis,Tickell's Leaf Warbler,0.8353,psl6,2024,05,23,07
795.0,798.0,Prunella strophiata,Rufous-breasted Accentor,0.8605,psl6,2024,05,23,07
798.0,801.0,Phylloscopus affinis,Tickell's Leaf Warbler,0.7258,psl6,2024,05,23,07
804.0,807.0,Phylloscopus affinis,Tickell's Leaf Warbler,0.7089,psl6,2024,05,23,07
804.0,807.0,Phylloscopus humei,Hume's Warbler,0.6136,psl6,2024,05,23,07
825.0,828.0,Phylloscopus humei,Hume's Warbler,0.8158,psl6,2024,05,23,07
831.0,834.0,Phylloscopus affinis,Tickell's Leaf Warbler,0.5666,psl6,2024,05,23,07
852.0,855.0,Phylloscopus affinis,Tickell's Leaf Warbler,0.8694,psl6,2024,05,23,07
864.0,867.0,Phylloscopus humei,Hume's Warbler,0.7633,psl6,2024,05,23,07
867.0,870.0,Phylloscopus humei,Hume's Warbler,0.9165,psl6,2024,05,23,07
885.0,888.0,Phylloscopus humei,Hume's Warbler,0.9101,psl6,2024,05,23,07
12.0,15.0,Larvivora brunnea,Indian Blue Robin,0.9813,psl6,2024,05,23,08
33.0,36.0,Phylloscopus humei,Hume's Warbler,0.5908,psl6,2024,05,23,08
36.0,39.0,Phylloscopus humei,Hume's Warbler,0.7981,psl6,2024,05,23,08
78.0,81.0,Phylloscopus pulcher,Buff-barred Warbler,0.7696,psl6,2024,05,23,08
87.0,90.0,Phylloscopus humei,Hume's Warbler,0.9923,psl6,2024,05,23,08
93.0,96.0,Phylloscopus humei,Hume's Warbler,0.5228,psl6,2024,05,23,08
105.0,108.0,Phylloscopus humei,Hume's Warbler,0.9656,psl6,2024,05,23,08
129.0,132.0,Tarsiger rufilatus,Himalayan Bluetail,0.6981,psl6,2024,05,23,08
180.0,183.0,Larvivora brunnea,Indian Blue Robin,0.9742,psl6,2024,05,23,08
195.0,198.0,Phylloscopus humei,Hume's Warbler,0.9606,psl6,2024,05,23,08
198.0,201.0,Larvivora brunnea,Indian Blue Robin,0.5264,psl6,2024,05,23,08
204.0,207.0,Zosterops simplex,Swinhoe's White-eye,0.5072,psl6,2024,05,23,08
210.0,213.0,Larvivora brunnea,Indian Blue Robin,0.6439,psl6,2024,05,23,08
216.0,219.0,Phylloscopus humei,Hume's Warbler,0.8145,psl6,2024,05,23,08
219.0,222.0,Larvivora brunnea,Indian Blue Robin,0.9487,psl6,2024,05,23,08
225.0,228.0,Larvivora brunnea,Indian Blue Robin,0.735,psl6,2024,05,23,08
237.0,240.0,Larvivora brunnea,Indian Blue Robin,0.9485,psl6,2024,05,23,08
309.0,312.0,Larvivora brunnea,Indian Blue Robin,0.9415,psl6,2024,05,23,08
318.0,321.0,Larvivora brunnea,Indian Blue Robin,0.8706,psl6,2024,05,23,08
333.0,336.0,Phylloscopus affinis,Tickell's Leaf Warbler,0.81,psl6,2024,05,23,08
339.0,342.0,Phylloscopus trochiloides,Greenish Warbler,0.8129,psl6,2024,05,23,08
342.0,345.0,Phylloscopus affinis,Tickell's Leaf Warbler,0.5637,psl6,2024,05,23,08
348.0,351.0,Phylloscopus affinis,Tickell's Leaf Warbler,0.633,psl6,2024,05,23,08
351.0,354.0,Phylloscopus trochiloides,Greenish Warbler,0.5324,psl6,2024,05,23,08
372.0,375.0,Phylloscopus affinis,Tickell's Leaf Warbler,0.7094,psl6,2024,05,23,08
375.0,378.0,Phylloscopus nitidus,Green Warbler,0.6212,psl6,2024,05,23,08
378.0,381.0,Phylloscopus trochiloides,Greenish Warbler,0.6614,psl6,2024,05,23,08
387.0,390.0,Phylloscopus trochiloides,Greenish Warbler,0.6159,psl6,2024,05,23,08
396.0,399.0,Phylloscopus trochiloides,Greenish Warbler,0.8116,psl6,2024,05,23,08
417.0,420.0,Phylloscopus nitidus,Green Warbler,0.8702,psl6,2024,05,23,08
429.0,432.0,Phylloscopus trochiloides,Greenish Warbler,0.65,psl6,2024,05,23,08
438.0,441.0,Phylloscopus trochiloides,Greenish Warbler,0.5941,psl6,2024,05,23,08
462.0,465.0,Larvivora brunnea,Indian Blue Robin,0.8405,psl6,2024,05,23,08
477.0,480.0,Phylloscopus trochiloides,Greenish Warbler,0.5075,psl6,2024,05,23,08
480.0,483.0,Larvivora brunnea,Indian Blue Robin,0.9772,psl6,2024,05,23,08
510.0,513.0,Phylloscopus humei,Hume's Warbler,0.7885,psl6,2024,05,23,08
513.0,516.0,Phylloscopus trochiloides,Greenish Warbler,0.819,psl6,2024,05,23,08
513.0,516.0,Phylloscopus nitidus,Green Warbler,0.7497,psl6,2024,05,23,08
525.0,528.0,Phylloscopus trochiloides,Greenish Warbler,0.6236,psl6,2024,05,23,08
528.0,531.0,Trochalopteron variegatum,Variegated Laughingthrush,0.8593,psl6,2024,05,23,08
531.0,534.0,Phylloscopus humei,Hume's Warbler,0.5157,psl6,2024,05,23,08
534.0,537.0,Trochalopteron variegatum,Variegated Laughingthrush,0.7765,psl6,2024,05,23,08
537.0,540.0,Trochalopteron variegatum,Variegated Laughingthrush,0.9245,psl6,2024,05,23,08
540.0,543.0,Trochalopteron variegatum,Variegated Laughingthrush,0.9472,psl6,2024,05,23,08
546.0,549.0,Trochalopteron variegatum,Variegated Laughingthrush,0.6921,psl6,2024,05,23,08
549.0,552.0,Trochalopteron variegatum,Variegated Laughingthrush,0.9936,psl6,2024,05,23,08
552.0,555.0,Trochalopteron morrisonianum,White-whiskered Laughingthrush,0.9437,psl6,2024,05,23,08
555.0,558.0,Trochalopteron variegatum,Variegated Laughingthrush,0.8408,psl6,2024,05,23,08
561.0,564.0,Trochalopteron variegatum,Variegated Laughingthrush,0.7823,psl6,2024,05,23,08
564.0,567.0,Trochalopteron variegatum,Variegated Laughingthrush,0.8874,psl6,2024,05,23,08
570.0,573.0,Trochalopteron variegatum,Variegated Laughingthrush,0.898,psl6,2024,05,23,08
573.0,576.0,Trochalopteron variegatum,Variegated Laughingthrush,0.9838,psl6,2024,05,23,08
576.0,579.0,Trochalopteron variegatum,Variegated Laughingthrush,0.8589,psl6,2024,05,23,08
579.0,582.0,Trochalopteron variegatum,Variegated Laughingthrush,0.8784,psl6,2024,05,23,08
582.0,585.0,Trochalopteron affine,Black-faced Laughingthrush,0.6184,psl6,2024,05,23,08
582.0,585.0,Trochalopteron morrisonianum,White-whiskered Laughingthrush,0.5216,psl6,2024,05,23,08
585.0,588.0,Trochalopteron variegatum,Variegated Laughingthrush,0.9529,psl6,2024,05,23,08
591.0,594.0,Trochalopteron variegatum,Variegated Laughingthrush,0.8216,psl6,2024,05,23,08
594.0,597.0,Trochalopteron variegatum,Variegated Laughingthrush,0.974,psl6,2024,05,23,08
600.0,603.0,Trochalopteron variegatum,Variegated Laughingthrush,0.8007,psl6,2024,05,23,08
603.0,606.0,Trochalopteron variegatum,Variegated Laughingthrush,0.9059,psl6,2024,05,23,08
606.0,609.0,Trochalopteron variegatum,Variegated Laughingthrush,0.8363,psl6,2024,05,23,08
609.0,612.0,Trochalopteron variegatum,Variegated Laughingthrush,0.9132,psl6,2024,05,23,08
618.0,621.0,Trochalopteron variegatum,Variegated Laughingthrush,0.9816,psl6,2024,05,23,08
624.0,627.0,Trochalopteron variegatum,Variegated Laughingthrush,0.9606,psl6,2024,05,23,08
627.0,630.0,Trochalopteron variegatum,Variegated Laughingthrush,0.8405,psl6,2024,05,23,08
630.0,633.0,Trochalopteron variegatum,Variegated Laughingthrush,0.9369,psl6,2024,05,23,08
633.0,636.0,Trochalopteron variegatum,Variegated Laughingthrush,0.9539,psl6,2024,05,23,08
633.0,636.0,Trochalopteron affine,Black-faced Laughingthrush,0.6523,psl6,2024,05,23,08
636.0,639.0,Trochalopteron variegatum,Variegated Laughingthrush,0.7894,psl6,2024,05,23,08
639.0,642.0,Trochalopteron morrisonianum,White-whiskered Laughingthrush,0.7987,psl6,2024,05,23,08
639.0,642.0,Trochalopteron affine,Black-faced Laughingthrush,0.5564,psl6,2024,05,23,08
642.0,645.0,Trochalopteron variegatum,Variegated Laughingthrush,0.8794,psl6,2024,05,23,08
642.0,645.0,Trochalopteron affine,Black-faced Laughingthrush,0.5834,psl6,2024,05,23,08
645.0,648.0,Trochalopteron variegatum,Variegated Laughingthrush,0.75,psl6,2024,05,23,08
648.0,651.0,Trochalopteron variegatum,Variegated Laughingthrush,0.8859,psl6,2024,05,23,08
651.0,654.0,Trochalopteron variegatum,Variegated Laughingthrush,0.9851,psl6,2024,05,23,08
654.0,657.0,Trochalopteron variegatum,Variegated Laughingthrush,0.966,psl6,2024,05,23,08
657.0,660.0,Trochalopteron morrisonianum,White-whiskered Laughingthrush,0.8031,psl6,2024,05,23,08
660.0,663.0,Trochalopteron variegatum,Variegated Laughingthrush,0.9874,psl6,2024,05,23,08
663.0,666.0,Trochalopteron variegatum,Variegated Laughingthrush,0.9639,psl6,2024,05,23,08
669.0,672.0,Trochalopteron variegatum,Variegated Laughingthrush,0.9232,psl6,2024,05,23,08
672.0,675.0,Trochalopteron variegatum,Variegated Laughingthrush,0.6951,psl6,2024,05,23,08
678.0,681.0,Trochalopteron variegatum,Variegated Laughingthrush,0.844,psl6,2024,05,23,08
678.0,681.0,Trochalopteron affine,Black-faced Laughingthrush,0.5562,psl6,2024,05,23,08
681.0,684.0,Trochalopteron variegatum,Variegated Laughingthrush,0.9409,psl6,2024,05,23,08
687.0,690.0,Trochalopteron variegatum,Variegated Laughingthrush,0.7581,psl6,2024,05,23,08
690.0,693.0,Trochalopteron variegatum,Variegated Laughingthrush,0.9889,psl6,2024,05,23,08
696.0,699.0,Trochalopteron variegatum,Variegated Laughingthrush,0.6157,psl6,2024,05,23,08
702.0,705.0,Trochalopteron variegatum,Variegated Laughingthrush,0.8424,psl6,2024,05,23,08
708.0,711.0,Trochalopteron variegatum,Variegated Laughingthrush,0.9038,psl6,2024,05,23,08
723.0,726.0,Trochalopteron variegatum,Variegated Laughingthrush,0.7278,psl6,2024,05,23,08
729.0,732.0,Trochalopteron variegatum,Variegated Laughingthrush,0.9098,psl6,2024,05,23,08
732.0,735.0,Trochalopteron variegatum,Variegated Laughingthrush,0.6013,psl6,2024,05,23,08
741.0,744.0,Trochalopteron variegatum,Variegated Laughingthrush,0.9535,psl6,2024,05,23,08
744.0,747.0,Trochalopteron variegatum,Variegated Laughingthrush,0.7896,psl6,2024,05,23,08
744.0,747.0,Trochalopteron affine,Black-faced Laughingthrush,0.7881,psl6,2024,05,23,08
747.0,750.0,Trochalopteron variegatum,Variegated Laughingthrush,0.7625,psl6,2024,05,23,08
750.0,753.0,Trochalopteron variegatum,Variegated Laughingthrush,0.8912,psl6,2024,05,23,08
750.0,753.0,Trochalopteron affine,Black-faced Laughingthrush,0.7139,psl6,2024,05,23,08
759.0,762.0,Trochalopteron variegatum,Variegated Laughingthrush,0.8106,psl6,2024,05,23,08
765.0,768.0,Trochalopteron affine,Black-faced Laughingthrush,0.757,psl6,2024,05,23,08
765.0,768.0,Trochalopteron variegatum,Variegated Laughingthrush,0.5326,psl6,2024,05,23,08
768.0,771.0,Trochalopteron variegatum,Variegated Laughingthrush,0.7387,psl6,2024,05,23,08
771.0,774.0,Trochalopteron variegatum,Variegated Laughingthrush,0.9794,psl6,2024,05,23,08
774.0,777.0,Trochalopteron variegatum,Variegated Laughingthrush,0.9148,psl6,2024,05,23,08
780.0,783.0,Trochalopteron variegatum,Variegated Laughingthrush,0.8613,psl6,2024,05,23,08
783.0,786.0,Trochalopteron variegatum,Variegated Laughingthrush,0.9022,psl6,2024,05,23,08
786.0,789.0,Trochalopteron variegatum,Variegated Laughingthrush,0.9237,psl6,2024,05,23,08
792.0,795.0,Trochalopteron variegatum,Variegated Laughingthrush,0.8358,psl6,2024,05,23,08
795.0,798.0,Trochalopteron variegatum,Variegated Laughingthrush,0.9196,psl6,2024,05,23,08
798.0,801.0,Trochalopteron variegatum,Variegated Laughingthrush,0.9284,psl6,2024,05,23,08
804.0,807.0,Trochalopteron variegatum,Variegated Laughingthrush,0.9304,psl6,2024,05,23,08
807.0,810.0,Trochalopteron variegatum,Variegated Laughingthrush,0.8872,psl6,2024,05,23,08
819.0,822.0,Trochalopteron variegatum,Variegated Laughingthrush,0.9803,psl6,2024,05,23,08
822.0,825.0,Trochalopteron variegatum,Variegated Laughingthrush,0.8846,psl6,2024,05,23,08
837.0,840.0,Trochalopteron variegatum,Variegated Laughingthrush,0.944,psl6,2024,05,23,08
843.0,846.0,Trochalopteron variegatum,Variegated Laughingthrush,0.9917,psl6,2024,05,23,08
846.0,849.0,Trochalopteron variegatum,Variegated Laughingthrush,0.9172,psl6,2024,05,23,08
852.0,855.0,Trochalopteron variegatum,Variegated Laughingthrush,0.8906,psl6,2024,05,23,08
858.0,861.0,Trochalopteron variegatum,Variegated Laughingthrush,0.7898,psl6,2024,05,23,08
861.0,864.0,Trochalopteron variegatum,Variegated Laughingthrush,0.9794,psl6,2024,05,23,08
870.0,873.0,Trochalopteron variegatum,Variegated Laughingthrush,0.7959,psl6,2024,05,23,08
873.0,876.0,Trochalopteron variegatum,Variegated Laughingthrush,0.7941,psl6,2024,05,23,08
876.0,879.0,Trochalopteron variegatum,Variegated Laughingthrush,0.8684,psl6,2024,05,23,08
882.0,885.0,Trochalopteron variegatum,Variegated Laughingthrush,0.6545,psl6,2024,05,23,08
888.0,891.0,Trochalopteron variegatum,Variegated Laughingthrush,0.5824,psl6,2024,05,23,08
891.0,894.0,Trochalopteron variegatum,Variegated Laughingthrush,0.9985,psl6,2024,05,23,08
894.0,897.0,Trochalopteron variegatum,Variegated Laughingthrush,0.6713,psl6,2024,05,23,08
894.0,897.0,Trochalopteron affine,Black-faced Laughingthrush,0.5921,psl6,2024,05,23,08
9.0,12.0,Phylloscopus trochiloides,Greenish Warbler,0.8273,psl6,2024,05,23,09
21.0,24.0,Phylloscopus trochiloides,Greenish Warbler,0.8723,psl6,2024,05,23,09
36.0,39.0,Phylloscopus affinis,Tickell's Leaf Warbler,0.6695,psl6,2024,05,23,09
48.0,51.0,Phylloscopus trochiloides,Greenish Warbler,0.7073,psl6,2024,05,23,09
75.0,78.0,Phylloscopus trochiloides,Greenish Warbler,0.668,psl6,2024,05,23,09
90.0,93.0,Phylloscopus affinis,Tickell's Leaf Warbler,0.6464,psl6,2024,05,23,09
105.0,108.0,Phylloscopus nitidus,Green Warbler,0.5201,psl6,2024,05,23,09
117.0,120.0,Phylloscopus trochiloides,Greenish Warbler,0.9051,psl6,2024,05,23,09
117.0,120.0,Phylloscopus nitidus,Green Warbler,0.6066,psl6,2024,05,23,09
132.0,135.0,Phylloscopus trochiloides,Greenish Warbler,0.7554,psl6,2024,05,23,09
159.0,162.0,Phylloscopus reguloides,Blyth's Leaf Warbler,0.5469,psl6,2024,05,23,09
177.0,180.0,Phylloscopus trochiloides,Greenish Warbler,0.6147,psl6,2024,05,23,09
192.0,195.0,Phylloscopus nitidus,Green Warbler,0.523,psl6,2024,05,23,09
201.0,204.0,Phylloscopus affinis,Tickell's Leaf Warbler,0.9167,psl6,2024,05,23,09
204.0,207.0,Phylloscopus trochiloides,Greenish Warbler,0.6972,psl6,2024,05,23,09
210.0,213.0,Phylloscopus affinis,Tickell's Leaf Warbler,0.8788,psl6,2024,05,23,09
222.0,225.0,Phylloscopus magnirostris,Large-billed Leaf Warbler,0.6819,psl6,2024,05,23,09
222.0,225.0,Larvivora brunnea,Indian Blue Robin,0.6023,psl6,2024,05,23,09
225.0,228.0,Larvivora brunnea,Indian Blue Robin,0.9545,psl6,2024,05,23,09
234.0,237.0,Phylloscopus trochiloides,Greenish Warbler,0.6203,psl6,2024,05,23,09
249.0,252.0,Phylloscopus humei,Hume's Warbler,0.7596,psl6,2024,05,23,09
252.0,255.0,Phylloscopus trochiloides,Greenish Warbler,0.6834,psl6,2024,05,23,09
261.0,264.0,Trochalopteron variegatum,Variegated Laughingthrush,0.8163,psl6,2024,05,23,09
264.0,267.0,Phylloscopus humei,Hume's Warbler,0.5408,psl6,2024,05,23,09
270.0,273.0,Phylloscopus trochiloides,Greenish Warbler,0.739,psl6,2024,05,23,09
276.0,279.0,Trochalopteron variegatum,Variegated Laughingthrush,0.716,psl6,2024,05,23,09
291.0,294.0,Trochalopteron variegatum,Variegated Laughingthrush,0.8477,psl6,2024,05,23,09
294.0,297.0,Phylloscopus humei,Hume's Warbler,0.5634,psl6,2024,05,23,09
303.0,306.0,Trochalopteron variegatum,Variegated Laughingthrush,0.5132,psl6,2024,05,23,09
306.0,309.0,Trochalopteron variegatum,Variegated Laughingthrush,0.9021,psl6,2024,05,23,09
321.0,324.0,Trochalopteron variegatum,Variegated Laughingthrush,0.5792,psl6,2024,05,23,09
333.0,336.0,Trochalopteron variegatum,Variegated Laughingthrush,0.712,psl6,2024,05,23,09
336.0,339.0,Trochalopteron variegatum,Variegated Laughingthrush,0.6539,psl6,2024,05,23,09
342.0,345.0,Trochalopteron variegatum,Variegated Laughingthrush,0.6963,psl6,2024,05,23,09
360.0,363.0,Trochalopteron variegatum,Variegated Laughingthrush,0.8275,psl6,2024,05,23,09
363.0,366.0,Trochalopteron variegatum,Variegated Laughingthrush,0.8883,psl6,2024,05,23,09
366.0,369.0,Trochalopteron variegatum,Variegated Laughingthrush,0.8311,psl6,2024,05,23,09
423.0,426.0,Phylloscopus humei,Hume's Warbler,0.5036,psl6,2024,05,23,09
519.0,522.0,Phylloscopus humei,Hume's Warbler,0.5028,psl6,2024,05,23,09
522.0,525.0,Phylloscopus humei,Hume's Warbler,0.6819,psl6,2024,05,23,09
594.0,597.0,Phylloscopus humei,Hume's Warbler,0.6326,psl6,2024,05,23,09
600.0,603.0,Zosterops simplex,Swinhoe's White-eye,0.642,psl6,2024,05,23,09
627.0,630.0,Phylloscopus occipitalis,Western Crowned Warbler,0.6379,psl6,2024,05,23,09
639.0,642.0,Phylloscopus occipitalis,Western Crowned Warbler,0.9184,psl6,2024,05,23,09
642.0,645.0,Phylloscopus occipitalis,Western Crowned Warbler,0.6383,psl6,2024,05,23,09
645.0,648.0,Phylloscopus humei,Hume's Warbler,0.6439,psl6,2024,05,23,09
654.0,657.0,Phylloscopus humei,Hume's Warbler,0.6957,psl6,2024,05,23,09
660.0,663.0,Phylloscopus humei,Hume's Warbler,0.7571,psl6,2024,05,23,09
663.0,666.0,Phylloscopus humei,Hume's Warbler,0.8627,psl6,2024,05,23,09
675.0,678.0,Phylloscopus humei,Hume's Warbler,0.7154,psl6,2024,05,23,09
693.0,696.0,Phylloscopus occipitalis,Western Crowned Warbler,0.6695,psl6,2024,05,23,09
705.0,708.0,Phylloscopus occipitalis,Western Crowned Warbler,0.9159,psl6,2024,05,23,09
717.0,720.0,Phylloscopus occipitalis,Western Crowned Warbler,0.8675,psl6,2024,05,23,09
726.0,729.0,Phylloscopus humei,Hume's Warbler,0.828,psl6,2024,05,23,09
729.0,732.0,Phylloscopus humei,Hume's Warbler,0.8844,psl6,2024,05,23,09
735.0,738.0,Phylloscopus occipitalis,Western Crowned Warbler,0.8674,psl6,2024,05,23,09
744.0,747.0,Phylloscopus occipitalis,Western Crowned Warbler,0.9449,psl6,2024,05,23,09
747.0,750.0,Phylloscopus occipitalis,Western Crowned Warbler,0.624,psl6,2024,05,23,09
771.0,774.0,Phylloscopus occipitalis,Western Crowned Warbler,0.8804,psl6,2024,05,23,09
774.0,777.0,Trochalopteron variegatum,Variegated Laughingthrush,0.5956,psl6,2024,05,23,09
777.0,780.0,Phylloscopus occipitalis,Western Crowned Warbler,0.9209,psl6,2024,05,23,09
780.0,783.0,Phylloscopus occipitalis,Western Crowned Warbler,0.5553,psl6,2024,05,23,09
786.0,789.0,Phylloscopus occipitalis,Western Crowned Warbler,0.9556,psl6,2024,05,23,09
789.0,792.0,Phylloscopus occipitalis,Western Crowned Warbler,0.9186,psl6,2024,05,23,09
792.0,795.0,Phylloscopus occipitalis,Western Crowned Warbler,0.9885,psl6,2024,05,23,09
798.0,801.0,Phylloscopus occipitalis,Western Crowned Warbler,0.8765,psl6,2024,05,23,09
810.0,813.0,Phylloscopus trochiloides,Greenish Warbler,0.537,psl6,2024,05,23,09
897.0,900.0,Prunella strophiata,Rufous-breasted Accentor,0.6856,psl6,2024,05,23,09
114.0,117.0,Larvivora brunnea,Indian Blue Robin,0.6735,psl6,2024,05,24,06
219.0,222.0,Phylloscopus affinis,Tickell's Leaf Warbler,0.7448,psl6,2024,05,24,06
237.0,240.0,Larvivora brunnea,Indian Blue Robin,0.5732,psl6,2024,05,24,06
261.0,264.0,Carpodacus erythrinus,Common Rosefinch,0.5031,psl6,2024,05,24,06
276.0,279.0,Carpodacus erythrinus,Common Rosefinch,0.9547,psl6,2024,05,24,06
282.0,285.0,Carpodacus erythrinus,Common Rosefinch,0.8477,psl6,2024,05,24,06
285.0,288.0,Phylloscopus occipitalis,Western Crowned Warbler,0.5293,psl6,2024,05,24,06
318.0,321.0,Carpodacus erythrinus,Common Rosefinch,0.5244,psl6,2024,05,24,06
321.0,324.0,Phylloscopus occipitalis,Western Crowned Warbler,0.9289,psl6,2024,05,24,06
327.0,330.0,Phylloscopus occipitalis,Western Crowned Warbler,0.9049,psl6,2024,05,24,06
330.0,333.0,Phylloscopus occipitalis,Western Crowned Warbler,0.9808,psl6,2024,05,24,06
336.0,339.0,Phylloscopus occipitalis,Western Crowned Warbler,0.9966,psl6,2024,05,24,06
339.0,342.0,Phylloscopus occipitalis,Western Crowned Warbler,0.9869,psl6,2024,05,24,06
342.0,345.0,Phylloscopus occipitalis,Western Crowned Warbler,0.572,psl6,2024,05,24,06
345.0,348.0,Phylloscopus occipitalis,Western Crowned Warbler,0.7685,psl6,2024,05,24,06
348.0,351.0,Phylloscopus occipitalis,Western Crowned Warbler,0.8919,psl6,2024,05,24,06
351.0,354.0,Carpodacus erythrinus,Common Rosefinch,0.6897,psl6,2024,05,24,06
354.0,357.0,Phylloscopus occipitalis,Western Crowned Warbler,0.6258,psl6,2024,05,24,06
363.0,366.0,Carpodacus erythrinus,Common Rosefinch,0.8976,psl6,2024,05,24,06
378.0,381.0,Carpodacus erythrinus,Common Rosefinch,0.7838,psl6,2024,05,24,06
387.0,390.0,Carpodacus erythrinus,Common Rosefinch,0.6982,psl6,2024,05,24,06
408.0,411.0,Carpodacus erythrinus,Common Rosefinch,0.5175,psl6,2024,05,24,06
534.0,537.0,Larvivora brunnea,Indian Blue Robin,0.7289,psl6,2024,05,24,06
558.0,561.0,Larvivora brunnea,Indian Blue Robin,0.8678,psl6,2024,05,24,06
651.0,654.0,Phylloscopus trochiloides,Greenish Warbler,0.5389,psl6,2024,05,24,06
654.0,657.0,Phylloscopus tytleri,Tytler's Leaf Warbler,0.5127,psl6,2024,05,24,06
687.0,690.0,Trochalopteron affine,Black-faced Laughingthrush,0.5657,psl6,2024,05,24,06
720.0,723.0,Trochalopteron affine,Black-faced Laughingthrush,0.8624,psl6,2024,05,24,06
720.0,723.0,Trochalopteron variegatum,Variegated Laughingthrush,0.8471,psl6,2024,05,24,06
723.0,726.0,Trochalopteron variegatum,Variegated Laughingthrush,0.6623,psl6,2024,05,24,06
732.0,735.0,Trochalopteron variegatum,Variegated Laughingthrush,0.5152,psl6,2024,05,24,06
744.0,747.0,Trochalopteron affine,Black-faced Laughingthrush,0.7191,psl6,2024,05,24,06
744.0,747.0,Trochalopteron variegatum,Variegated Laughingthrush,0.5914,psl6,2024,05,24,06
750.0,753.0,Phylloscopus occipitalis,Western Crowned Warbler,0.5863,psl6,2024,05,24,06
753.0,756.0,Trochalopteron variegatum,Variegated Laughingthrush,0.9176,psl6,2024,05,24,06
762.0,765.0,Trochalopteron variegatum,Variegated Laughingthrush,0.5986,psl6,2024,05,24,06
765.0,768.0,Trochalopteron variegatum,Variegated Laughingthrush,0.7955,psl6,2024,05,24,06
768.0,771.0,Trochalopteron variegatum,Variegated Laughingthrush,0.8185,psl6,2024,05,24,06
774.0,777.0,Larvivora brunnea,Indian Blue Robin,0.7734,psl6,2024,05,24,06
777.0,780.0,Trochalopteron variegatum,Variegated Laughingthrush,0.9141,psl6,2024,05,24,06
801.0,804.0,Phylloscopus humei,Hume's Warbler,0.5694,psl6,2024,05,24,06
810.0,813.0,Phylloscopus occipitalis,Western Crowned Warbler,0.5274,psl6,2024,05,24,06
816.0,819.0,Phylloscopus nitidus,Green Warbler,0.615,psl6,2024,05,24,06
831.0,834.0,Larvivora brunnea,Indian Blue Robin,0.8924,psl6,2024,05,24,06
834.0,837.0,Phylloscopus occipitalis,Western Crowned Warbler,0.7263,psl6,2024,05,24,06
846.0,849.0,Phylloscopus occipitalis,Western Crowned Warbler,0.9196,psl6,2024,05,24,06
852.0,855.0,Phylloscopus trochiloides,Greenish Warbler,0.8675,psl6,2024,05,24,06
855.0,858.0,Phylloscopus occipitalis,Western Crowned Warbler,0.9834,psl6,2024,05,24,06
858.0,861.0,Phylloscopus occipitalis,Western Crowned Warbler,0.9856,psl6,2024,05,24,06
861.0,864.0,Phylloscopus occipitalis,Western Crowned Warbler,0.9794,psl6,2024,05,24,06
870.0,873.0,Phylloscopus occipitalis,Western Crowned Warbler,0.9881,psl6,2024,05,24,06
879.0,882.0,Lophorina superba,Greater Lophorina,0.5146,psl6,2024,05,24,06
885.0,888.0,Phylloscopus trochiloides,Greenish Warbler,0.5059,psl6,2024,05,24,06
18.0,21.0,Larvivora brunnea,Indian Blue Robin,0.7612,psl6,2024,05,24,07
30.0,33.0,Larvivora brunnea,Indian Blue Robin,0.6193,psl6,2024,05,24,07
51.0,54.0,Phylloscopus humei,Hume's Warbler,0.6954,psl6,2024,05,24,07
60.0,63.0,Phylloscopus humei,Hume's Warbler,0.712,psl6,2024,05,24,07
63.0,66.0,Phylloscopus humei,Hume's Warbler,0.6915,psl6,2024,05,24,07
72.0,75.0,Larvivora brunnea,Indian Blue Robin,0.6957,psl6,2024,05,24,07
87.0,90.0,Larvivora brunnea,Indian Blue Robin,0.8874,psl6,2024,05,24,07
111.0,114.0,Larvivora brunnea,Indian Blue Robin,0.8672,psl6,2024,05,24,07
120.0,123.0,Larvivora brunnea,Indian Blue Robin,0.9011,psl6,2024,05,24,07
141.0,144.0,Phylloscopus occipitalis,Western Crowned Warbler,0.9848,psl6,2024,05,24,07
144.0,147.0,Phylloscopus occipitalis,Western Crowned Warbler,0.991,psl6,2024,05,24,07
147.0,150.0,Phylloscopus occipitalis,Western Crowned Warbler,0.9184,psl6,2024,05,24,07
150.0,153.0,Phylloscopus occipitalis,Western Crowned Warbler,0.7287,psl6,2024,05,24,07
153.0,156.0,Phylloscopus occipitalis,Western Crowned Warbler,0.5373,psl6,2024,05,24,07
156.0,159.0,Phylloscopus occipitalis,Western Crowned Warbler,0.7888,psl6,2024,05,24,07
162.0,165.0,Phylloscopus occipitalis,Western Crowned Warbler,0.7614,psl6,2024,05,24,07
168.0,171.0,Phylloscopus occipitalis,Western Crowned Warbler,0.7784,psl6,2024,05,24,07
186.0,189.0,Carpodacus erythrinus,Common Rosefinch,0.6515,psl6,2024,05,24,07
195.0,198.0,Carpodacus erythrinus,Common Rosefinch,0.9497,psl6,2024,05,24,07
201.0,204.0,Carpodacus erythrinus,Common Rosefinch,0.9118,psl6,2024,05,24,07
225.0,228.0,Carpodacus erythrinus,Common Rosefinch,0.5674,psl6,2024,05,24,07
249.0,252.0,Carpodacus erythrinus,Common Rosefinch,0.6514,psl6,2024,05,24,07
303.0,306.0,Carpodacus erythrinus,Common Rosefinch,0.712,psl6,2024,05,24,07
381.0,384.0,Phylloscopus humei,Hume's Warbler,0.6721,psl6,2024,05,24,07
393.0,396.0,Phylloscopus humei,Hume's Warbler,0.5683,psl6,2024,05,24,07
396.0,399.0,Phylloscopus humei,Hume's Warbler,0.7898,psl6,2024,05,24,07
399.0,402.0,Phylloscopus humei,Hume's Warbler,0.6803,psl6,2024,05,24,07
405.0,408.0,Phylloscopus humei,Hume's Warbler,0.5485,psl6,2024,05,24,07
408.0,411.0,Phylloscopus humei,Hume's Warbler,0.7519,psl6,2024,05,24,07
411.0,414.0,Phylloscopus humei,Hume's Warbler,0.8461,psl6,2024,05,24,07
414.0,417.0,Phylloscopus humei,Hume's Warbler,0.6856,psl6,2024,05,24,07
423.0,426.0,Phylloscopus humei,Hume's Warbler,0.7682,psl6,2024,05,24,07
435.0,438.0,Phylloscopus humei,Hume's Warbler,0.6825,psl6,2024,05,24,07
438.0,441.0,Phylloscopus humei,Hume's Warbler,0.9415,psl6,2024,05,24,07
444.0,447.0,Phylloscopus humei,Hume's Warbler,0.6716,psl6,2024,05,24,07
450.0,453.0,Phylloscopus humei,Hume's Warbler,0.8257,psl6,2024,05,24,07
459.0,462.0,Phylloscopus humei,Hume's Warbler,0.8384,psl6,2024,05,24,07
462.0,465.0,Prunella strophiata,Rufous-breasted Accentor,0.7106,psl6,2024,05,24,07
465.0,468.0,Prunella strophiata,Rufous-breasted Accentor,0.9899,psl6,2024,05,24,07
468.0,471.0,Prunella strophiata,Rufous-breasted Accentor,0.7054,psl6,2024,05,24,07
471.0,474.0,Prunella strophiata,Rufous-breasted Accentor,0.9658,psl6,2024,05,24,07
474.0,477.0,Prunella strophiata,Rufous-breasted Accentor,0.9441,psl6,2024,05,24,07
477.0,480.0,Prunella strophiata,Rufous-breasted Accentor,0.8502,psl6,2024,05,24,07
486.0,489.0,Prunella strophiata,Rufous-breasted Accentor,0.7025,psl6,2024,05,24,07
570.0,573.0,Phylloscopus affinis,Tickell's Leaf Warbler,0.7763,psl6,2024,05,24,07
582.0,585.0,Phylloscopus humei,Hume's Warbler,0.9297,psl6,2024,05,24,07
687.0,690.0,Phylloscopus trochiloides,Greenish Warbler,0.8201,psl6,2024,05,24,07
720.0,723.0,Phylloscopus trochiloides,Greenish Warbler,0.6146,psl6,2024,05,24,07
723.0,726.0,Phylloscopus trochiloides,Greenish Warbler,0.8473,psl6,2024,05,24,07
732.0,735.0,Phylloscopus nitidus,Green Warbler,0.5166,psl6,2024,05,24,07
747.0,750.0,Phylloscopus trochiloides,Greenish Warbler,0.7296,psl6,2024,05,24,07
756.0,759.0,Phylloscopus humei,Hume's Warbler,0.6117,psl6,2024,05,24,07
765.0,768.0,Phylloscopus humei,Hume's Warbler,0.5494,psl6,2024,05,24,07
777.0,780.0,Phylloscopus affinis,Tickell's Leaf Warbler,0.5146,psl6,2024,05,24,07
780.0,783.0,Phylloscopus humei,Hume's Warbler,0.5485,psl6,2024,05,24,07
789.0,792.0,Phylloscopus affinis,Tickell's Leaf Warbler,0.5754,psl6,2024,05,24,07
795.0,798.0,Phylloscopus occipitalis,Western Crowned Warbler,0.9239,psl6,2024,05,24,07
798.0,801.0,Phylloscopus occipitalis,Western Crowned Warbler,0.5361,psl6,2024,05,24,07
810.0,813.0,Phylloscopus humei,Hume's Warbler,0.7256,psl6,2024,05,24,07
813.0,816.0,Phylloscopus humei,Hume's Warbler,0.5825,psl6,2024,05,24,07
816.0,819.0,Phylloscopus trochiloides,Greenish Warbler,0.7395,psl6,2024,05,24,07
843.0,846.0,Phylloscopus trochiloides,Greenish Warbler,0.6573,psl6,2024,05,24,07
846.0,849.0,Phylloscopus tytleri,Tytler's Leaf Warbler,0.6296,psl6,2024,05,24,07
846.0,849.0,Phylloscopus occipitalis,Western Crowned Warbler,0.5185,psl6,2024,05,24,07
0.0,3.0,Trochalopteron variegatum,Variegated Laughingthrush,0.5044,psl6,2024,05,24,08
30.0,33.0,Trochalopteron variegatum,Variegated Laughingthrush,0.5073,psl6,2024,05,24,08
36.0,39.0,Trochalopteron variegatum,Variegated Laughingthrush,0.7889,psl6,2024,05,24,08
39.0,42.0,Trochalopteron variegatum,Variegated Laughingthrush,0.953,psl6,2024,05,24,08
51.0,54.0,Phylloscopus humei,Hume's Warbler,0.5601,psl6,2024,05,24,08
54.0,57.0,Trochalopteron variegatum,Variegated Laughingthrush,0.716,psl6,2024,05,24,08
57.0,60.0,Phylloscopus humei,Hume's Warbler,0.9059,psl6,2024,05,24,08
63.0,66.0,Trochalopteron variegatum,Variegated Laughingthrush,0.8724,psl6,2024,05,24,08
69.0,72.0,Trochalopteron variegatum,Variegated Laughingthrush,0.9432,psl6,2024,05,24,08
69.0,72.0,Phylloscopus affinis,Tickell's Leaf Warbler,0.6743,psl6,2024,05,24,08
72.0,75.0,Carpodacus erythrinus,Common Rosefinch,0.5982,psl6,2024,05,24,08
84.0,87.0,Phylloscopus affinis,Tickell's Leaf Warbler,0.5127,psl6,2024,05,24,08
87.0,90.0,Trochalopteron variegatum,Variegated Laughingthrush,0.6881,psl6,2024,05,24,08
87.0,90.0,Trochalopteron affine,Black-faced Laughingthrush,0.5295,psl6,2024,05,24,08
96.0,99.0,Trochalopteron variegatum,Variegated Laughingthrush,0.6845,psl6,2024,05,24,08
114.0,117.0,Prunella strophiata,Rufous-breasted Accentor,0.5878,psl6,2024,05,24,08
141.0,144.0,Trochalopteron variegatum,Variegated Laughingthrush,0.9325,psl6,2024,05,24,08
168.0,171.0,Zosterops simplex,Swinhoe's White-eye,0.5024,psl6,2024,05,24,08
192.0,195.0,Phylloscopus humei,Hume's Warbler,0.5008,psl6,2024,05,24,08
198.0,201.0,Phylloscopus trochiloides,Greenish Warbler,0.5462,psl6,2024,05,24,08
249.0,252.0,Larvivora brunnea,Indian Blue Robin,0.6954,psl6,2024,05,24,08
261.0,264.0,Luscinia phaenicuroides,White-bellied Redstart,0.52,psl6,2024,05,24,08
276.0,279.0,Lophorina superba,Greater Lophorina,0.503,psl6,2024,05,24,08
285.0,288.0,Phylloscopus trochiloides,Greenish Warbler,0.8562,psl6,2024,05,24,08
303.0,306.0,Lophorina superba,Greater Lophorina,0.5064,psl6,2024,05,24,08
306.0,309.0,Phylloscopus humei,Hume's Warbler,0.8974,psl6,2024,05,24,08
309.0,312.0,Phylloscopus humei,Hume's Warbler,0.7376,psl6,2024,05,24,08
315.0,318.0,Phylloscopus humei,Hume's Warbler,0.9722,psl6,2024,05,24,08
321.0,324.0,Phylloscopus occipitalis,Western Crowned Warbler,0.5306,psl6,2024,05,24,08
333.0,336.0,Phylloscopus humei,Hume's Warbler,0.9993,psl6,2024,05,24,08
345.0,348.0,Phylloscopus humei,Hume's Warbler,0.9277,psl6,2024,05,24,08
348.0,351.0,Phylloscopus occipitalis,Western Crowned Warbler,0.6394,psl6,2024,05,24,08
351.0,354.0,Phylloscopus occipitalis,Western Crowned Warbler,0.6249,psl6,2024,05,24,08
354.0,357.0,Phylloscopus occipitalis,Western Crowned Warbler,0.7737,psl6,2024,05,24,08
366.0,369.0,Phylloscopus occipitalis,Western Crowned Warbler,0.9417,psl6,2024,05,24,08
378.0,381.0,Phylloscopus humei,Hume's Warbler,0.9973,psl6,2024,05,24,08
381.0,384.0,Phylloscopus pulcher,Buff-barred Warbler,0.799,psl6,2024,05,24,08
384.0,387.0,Phylloscopus occipitalis,Western Crowned Warbler,0.9053,psl6,2024,05,24,08
387.0,390.0,Phylloscopus humei,Hume's Warbler,0.9872,psl6,2024,05,24,08
396.0,399.0,Phylloscopus humei,Hume's Warbler,0.5372,psl6,2024,05,24,08
396.0,399.0,Phylloscopus affinis,Tickell's Leaf Warbler,0.5272,psl6,2024,05,24,08
426.0,429.0,Phylloscopus humei,Hume's Warbler,0.9828,psl6,2024,05,24,08
429.0,432.0,Phylloscopus humei,Hume's Warbler,0.9925,psl6,2024,05,24,08
432.0,435.0,Phylloscopus humei,Hume's Warbler,0.9892,psl6,2024,05,24,08
444.0,447.0,Phylloscopus humei,Hume's Warbler,0.9702,psl6,2024,05,24,08
537.0,540.0,Phylloscopus humei,Hume's Warbler,0.9413,psl6,2024,05,24,08
591.0,594.0,Prunella strophiata,Rufous-breasted Accentor,0.9008,psl6,2024,05,24,08
600.0,603.0,Prunella strophiata,Rufous-breasted Accentor,0.7305,psl6,2024,05,24,08
609.0,612.0,Prunella strophiata,Rufous-breasted Accentor,0.9856,psl6,2024,05,24,08
615.0,618.0,Prunella strophiata,Rufous-breasted Accentor,0.797,psl6,2024,05,24,08
618.0,621.0,Prunella strophiata,Rufous-breasted Accentor,0.9906,psl6,2024,05,24,08
621.0,624.0,Prunella strophiata,Rufous-breasted Accentor,0.7217,psl6,2024,05,24,08
624.0,627.0,Prunella strophiata,Rufous-breasted Accentor,0.9822,psl6,2024,05,24,08
627.0,630.0,Prunella strophiata,Rufous-breasted Accentor,0.8146,psl6,2024,05,24,08
633.0,636.0,Prunella strophiata,Rufous-breasted Accentor,0.9132,psl6,2024,05,24,08
636.0,639.0,Prunella strophiata,Rufous-breasted Accentor,0.8466,psl6,2024,05,24,08
642.0,645.0,Prunella strophiata,Rufous-breasted Accentor,0.7214,psl6,2024,05,24,08
648.0,651.0,Prunella strophiata,Rufous-breasted Accentor,0.9802,psl6,2024,05,24,08
654.0,657.0,Prunella modularis,Dunnock,0.5642,psl6,2024,05,24,08
663.0,666.0,Phylloscopus affinis,Tickell's Leaf Warbler,0.561,psl6,2024,05,24,08
714.0,717.0,Trochalopteron variegatum,Variegated Laughingthrush,0.9559,psl6,2024,05,24,08
717.0,720.0,Phylloscopus affinis,Tickell's Leaf Warbler,0.8868,psl6,2024,05,24,08
816.0,819.0,Phylloscopus humei,Hume's Warbler,0.8083,psl6,2024,05,24,08
843.0,846.0,Phylloscopus humei,Hume's Warbler,0.5666,psl6,2024,05,24,08
51.0,54.0,Lophorina superba,Greater Lophorina,0.5681,psl6,2024,05,24,09
84.0,87.0,Tarsiger rufilatus,Himalayan Bluetail,0.572,psl6,2024,05,24,09
237.0,240.0,Zosterops simplex,Swinhoe's White-eye,0.6582,psl6,2024,05,24,09
246.0,249.0,Carpodacus erythrinus,Common Rosefinch,0.6716,psl6,2024,05,24,09
252.0,255.0,Carpodacus erythrinus,Common Rosefinch,0.6699,psl6,2024,05,24,09
261.0,264.0,Carpodacus erythrinus,Common Rosefinch,0.8154,psl6,2024,05,24,09
270.0,273.0,Phylloscopus humei,Hume's Warbler,0.7223,psl6,2024,05,24,09
273.0,276.0,Carpodacus erythrinus,Common Rosefinch,0.6586,psl6,2024,05,24,09
279.0,282.0,Phylloscopus humei,Hume's Warbler,0.9362,psl6,2024,05,24,09
282.0,285.0,Phylloscopus humei,Hume's Warbler,0.9483,psl6,2024,05,24,09
285.0,288.0,Phylloscopus humei,Hume's Warbler,0.8079,psl6,2024,05,24,09
363.0,366.0,Zosterops simplex,Swinhoe's White-eye,0.569,psl6,2024,05,24,09
375.0,378.0,Zosterops simplex,Swinhoe's White-eye,0.5076,psl6,2024,05,24,09
393.0,396.0,Phylloscopus humei,Hume's Warbler,0.7671,psl6,2024,05,24,09
399.0,402.0,Phylloscopus humei,Hume's Warbler,0.6159,psl6,2024,05,24,09
402.0,405.0,Phylloscopus humei,Hume's Warbler,0.505,psl6,2024,05,24,09
408.0,411.0,Phylloscopus humei,Hume's Warbler,0.9371,psl6,2024,05,24,09
414.0,417.0,Phylloscopus humei,Hume's Warbler,0.7081,psl6,2024,05,24,09
417.0,420.0,Zosterops simplex,Swinhoe's White-eye,0.6791,psl6,2024,05,24,09
441.0,444.0,Phylloscopus humei,Hume's Warbler,0.731,psl6,2024,05,24,09
516.0,519.0,Phylloscopus humei,Hume's Warbler,0.7672,psl6,2024,05,24,09
519.0,522.0,Phylloscopus humei,Hume's Warbler,0.8695,psl6,2024,05,24,09
522.0,525.0,Phylloscopus humei,Hume's Warbler,0.8012,psl6,2024,05,24,09
588.0,591.0,Phylloscopus humei,Hume's Warbler,0.8142,psl6,2024,05,24,09
591.0,594.0,Phylloscopus humei,Hume's Warbler,0.5897,psl6,2024,05,24,09
657.0,660.0,Phylloscopus humei,Hume's Warbler,0.6703,psl6,2024,05,24,09
732.0,735.0,Luscinia phaenicuroides,White-bellied Redstart,0.5316,psl6,2024,05,24,09
762.0,765.0,Phylloscopus occipitalis,Western Crowned Warbler,0.8439,psl6,2024,05,24,09
846.0,849.0,Tarsiger rufilatus,Himalayan Bluetail,0.9134,psl6,2024,05,24,09
861.0,864.0,Tarsiger rufilatus,Himalayan Bluetail,0.816,psl6,2024,05,24,09
867.0,870.0,Tarsiger rufilatus,Himalayan Bluetail,0.779,psl6,2024,05,24,09
867.0,870.0,Calliope pectardens,Firethroat,0.5112,psl6,2024,05,24,09
870.0,873.0,Luscinia phaenicuroides,White-bellied Redstart,0.7978,psl6,2024,05,24,09
870.0,873.0,Calliope pectardens,Firethroat,0.7129,psl6,2024,05,24,09
894.0,897.0,Larvivora brunnea,Indian Blue Robin,0.5866,psl6,2024,05,24,09
18.0,21.0,Phylloscopus humei,Hume's Warbler,0.5103,psl6,2024,05,25,06
105.0,108.0,Phylloscopus trochiloides,Greenish Warbler,0.8097,psl6,2024,05,25,06
126.0,129.0,Phylloscopus nitidus,Green Warbler,0.6745,psl6,2024,05,25,06
147.0,150.0,Phylloscopus humei,Hume's Warbler,0.6121,psl6,2024,05,25,06
150.0,153.0,Phylloscopus nitidus,Green Warbler,0.6681,psl6,2024,05,25,06
207.0,210.0,Tarsiger rufilatus,Himalayan Bluetail,0.6318,psl6,2024,05,25,06
216.0,219.0,Tarsiger rufilatus,Himalayan Bluetail,0.7999,psl6,2024,05,25,06
234.0,237.0,Phylloscopus trochiloides,Greenish Warbler,0.7595,psl6,2024,05,25,06
330.0,333.0,Phylloscopus humei,Hume's Warbler,0.9279,psl6,2024,05,25,06
441.0,444.0,Tarsiger rufilatus,Himalayan Bluetail,0.9567,psl6,2024,05,25,06
459.0,462.0,Tarsiger rufilatus,Himalayan Bluetail,0.6874,psl6,2024,05,25,06
495.0,498.0,Phylloscopus humei,Hume's Warbler,0.5722,psl6,2024,05,25,06
534.0,537.0,Tarsiger rufilatus,Himalayan Bluetail,0.8133,psl6,2024,05,25,06
555.0,558.0,Trochalopteron variegatum,Variegated Laughingthrush,0.9261,psl6,2024,05,25,06
567.0,570.0,Trochalopteron variegatum,Variegated Laughingthrush,0.6537,psl6,2024,05,25,06
573.0,576.0,Trochalopteron variegatum,Variegated Laughingthrush,0.8861,psl6,2024,05,25,06
579.0,582.0,Trochalopteron variegatum,Variegated Laughingthrush,0.7067,psl6,2024,05,25,06
594.0,597.0,Trochalopteron variegatum,Variegated Laughingthrush,0.8039,psl6,2024,05,25,06
597.0,600.0,Trochalopteron variegatum,Variegated Laughingthrush,0.9355,psl6,2024,05,25,06
603.0,606.0,Trochalopteron variegatum,Variegated Laughingthrush,0.7386,psl6,2024,05,25,06
606.0,609.0,Phylloscopus humei,Hume's Warbler,0.6953,psl6,2024,05,25,06
615.0,618.0,Trochalopteron variegatum,Variegated Laughingthrush,0.9173,psl6,2024,05,25,06
618.0,621.0,Trochalopteron variegatum,Variegated Laughingthrush,0.92,psl6,2024,05,25,06
672.0,675.0,Phylloscopus trochiloides,Greenish Warbler,0.5444,psl6,2024,05,25,06
705.0,708.0,Phylloscopus trochiloides,Greenish Warbler,0.7143,psl6,2024,05,25,06
738.0,741.0,Phylloscopus trochiloides,Greenish Warbler,0.6079,psl6,2024,05,25,06
759.0,762.0,Phylloscopus humei,Hume's Warbler,0.8914,psl6,2024,05,25,06
801.0,804.0,Phylloscopus humei,Hume's Warbler,0.698,psl6,2024,05,25,06
858.0,861.0,Phylloscopus humei,Hume's Warbler,0.5476,psl6,2024,05,25,06
861.0,864.0,Phylloscopus trochiloides,Greenish Warbler,0.6691,psl6,2024,05,25,06
867.0,870.0,Phylloscopus humei,Hume's Warbler,0.7897,psl6,2024,05,25,06
894.0,897.0,Phylloscopus humei,Hume's Warbler,0.9131,psl6,2024,05,25,06
159.0,162.0,Trochalopteron variegatum,Variegated Laughingthrush,0.6897,psl6,2024,05,25,07
300.0,303.0,Phylloscopus trochiloides,Greenish Warbler,0.5762,psl6,2024,05,25,07
312.0,315.0,Phylloscopus trochiloides,Greenish Warbler,0.6341,psl6,2024,05,25,07
366.0,369.0,Phylloscopus trochiloides,Greenish Warbler,0.6452,psl6,2024,05,25,07
396.0,399.0,Ficedula parva,Red-breasted Flycatcher,0.6263,psl6,2024,05,25,07
444.0,447.0,Phylloscopus humei,Hume's Warbler,0.6726,psl6,2024,05,25,07
453.0,456.0,Phylloscopus humei,Hume's Warbler,0.8016,psl6,2024,05,25,07
459.0,462.0,Phylloscopus humei,Hume's Warbler,0.9053,psl6,2024,05,25,07
468.0,471.0,Zosterops simplex,Swinhoe's White-eye,0.8753,psl6,2024,05,25,07
474.0,477.0,Phylloscopus humei,Hume's Warbler,0.8722,psl6,2024,05,25,07
489.0,492.0,Phylloscopus humei,Hume's Warbler,0.9023,psl6,2024,05,25,07
498.0,501.0,Zosterops simplex,Swinhoe's White-eye,0.5557,psl6,2024,05,25,07
510.0,513.0,Zosterops simplex,Swinhoe's White-eye,0.5286,psl6,2024,05,25,07
540.0,543.0,Phylloscopus humei,Hume's Warbler,0.5994,psl6,2024,05,25,07
585.0,588.0,Phylloscopus humei,Hume's Warbler,0.5625,psl6,2024,05,25,07
603.0,606.0,Phylloscopus humei,Hume's Warbler,0.5482,psl6,2024,05,25,07
633.0,636.0,Phylloscopus occipitalis,Western Crowned Warbler,0.9695,psl6,2024,05,25,07
636.0,639.0,Phylloscopus occipitalis,Western Crowned Warbler,0.7454,psl6,2024,05,25,07
639.0,642.0,Phylloscopus humei,Hume's Warbler,0.6667,psl6,2024,05,25,07
660.0,663.0,Phylloscopus occipitalis,Western Crowned Warbler,0.8935,psl6,2024,05,25,07
666.0,669.0,Phylloscopus humei,Hume's Warbler,0.7804,psl6,2024,05,25,07
678.0,681.0,Phylloscopus humei,Hume's Warbler,0.7135,psl6,2024,05,25,07
684.0,687.0,Phylloscopus humei,Hume's Warbler,0.6961,psl6,2024,05,25,07
690.0,693.0,Phylloscopus humei,Hume's Warbler,0.6607,psl6,2024,05,25,07
696.0,699.0,Phylloscopus humei,Hume's Warbler,0.8302,psl6,2024,05,25,07
708.0,711.0,Phylloscopus humei,Hume's Warbler,0.9527,psl6,2024,05,25,07
720.0,723.0,Phylloscopus humei,Hume's Warbler,0.7443,psl6,2024,05,25,07
723.0,726.0,Phylloscopus humei,Hume's Warbler,0.8824,psl6,2024,05,25,07
729.0,732.0,Phylloscopus humei,Hume's Warbler,0.6675,psl6,2024,05,25,07
732.0,735.0,Phylloscopus humei,Hume's Warbler,0.7589,psl6,2024,05,25,07
750.0,753.0,Phylloscopus humei,Hume's Warbler,0.6395,psl6,2024,05,25,07
753.0,756.0,Phylloscopus humei,Hume's Warbler,0.9571,psl6,2024,05,25,07
762.0,765.0,Phylloscopus humei,Hume's Warbler,0.6067,psl6,2024,05,25,07
765.0,768.0,Phylloscopus humei,Hume's Warbler,0.7731,psl6,2024,05,25,07
774.0,777.0,Phylloscopus humei,Hume's Warbler,0.9546,psl6,2024,05,25,07
780.0,783.0,Phylloscopus humei,Hume's Warbler,0.6186,psl6,2024,05,25,07
789.0,792.0,Phylloscopus humei,Hume's Warbler,0.7612,psl6,2024,05,25,07
828.0,831.0,Phylloscopus occipitalis,Western Crowned Warbler,0.6947,psl6,2024,05,25,07
831.0,834.0,Phylloscopus occipitalis,Western Crowned Warbler,0.6687,psl6,2024,05,25,07
843.0,846.0,Phylloscopus occipitalis,Western Crowned Warbler,0.5391,psl6,2024,05,25,07
870.0,873.0,Phylloscopus humei,Hume's Warbler,0.6287,psl6,2024,05,25,07
3.0,6.0,Phylloscopus humei,Hume's Warbler,0.9966,psl6,2024,05,25,08
51.0,54.0,Phylloscopus humei,Hume's Warbler,0.933,psl6,2024,05,25,08
57.0,60.0,Phylloscopus humei,Hume's Warbler,0.7315,psl6,2024,05,25,08
66.0,69.0,Phylloscopus humei,Hume's Warbler,0.5099,psl6,2024,05,25,08
123.0,126.0,Zosterops simplex,Swinhoe's White-eye,0.5931,psl6,2024,05,25,08
168.0,171.0,Phylloscopus humei,Hume's Warbler,0.709,psl6,2024,05,25,08
342.0,345.0,Carpodacus erythrinus,Common Rosefinch,0.7134,psl6,2024,05,25,08
498.0,501.0,Carpodacus erythrinus,Common Rosefinch,0.5051,psl6,2024,05,25,08
579.0,582.0,Phylloscopus humei,Hume's Warbler,0.7445,psl6,2024,05,25,08
588.0,591.0,Phylloscopus humei,Hume's Warbler,0.6983,psl6,2024,05,25,08
594.0,597.0,Phylloscopus humei,Hume's Warbler,0.5426,psl6,2024,05,25,08
612.0,615.0,Phylloscopus humei,Hume's Warbler,0.7245,psl6,2024,05,25,08
615.0,618.0,Phylloscopus humei,Hume's Warbler,0.8681,psl6,2024,05,25,08
645.0,648.0,Phylloscopus humei,Hume's Warbler,0.741,psl6,2024,05,25,08
663.0,666.0,Phylloscopus humei,Hume's Warbler,0.9207,psl6,2024,05,25,08
816.0,819.0,Phylloscopus humei,Hume's Warbler,0.6101,psl6,2024,05,25,08
825.0,828.0,Phylloscopus humei,Hume's Warbler,0.6867,psl6,2024,05,25,08
834.0,837.0,Phylloscopus humei,Hume's Warbler,0.6124,psl6,2024,05,25,08
855.0,858.0,Zosterops simplex,Swinhoe's White-eye,0.6732,psl6,2024,05,25,08
870.0,873.0,Phylloscopus occipitalis,Western Crowned Warbler,0.6606,psl6,2024,05,25,08
879.0,882.0,Phylloscopus humei,Hume's Warbler,0.5788,psl6,2024,05,25,08
3.0,6.0,Phylloscopus humei,Hume's Warbler,0.9409,psl6,2024,05,25,09
9.0,12.0,Phylloscopus humei,Hume's Warbler,0.6783,psl6,2024,05,25,09
21.0,24.0,Phylloscopus humei,Hume's Warbler,0.7619,psl6,2024,05,25,09
30.0,33.0,Phylloscopus humei,Hume's Warbler,0.7796,psl6,2024,05,25,09
33.0,36.0,Phylloscopus humei,Hume's Warbler,0.5913,psl6,2024,05,25,09
36.0,39.0,Phylloscopus humei,Hume's Warbler,0.8057,psl6,2024,05,25,09
45.0,48.0,Phylloscopus humei,Hume's Warbler,0.7521,psl6,2024,05,25,09
54.0,57.0,Phylloscopus humei,Hume's Warbler,0.7757,psl6,2024,05,25,09
66.0,69.0,Phylloscopus humei,Hume's Warbler,0.7249,psl6,2024,05,25,09
72.0,75.0,Phylloscopus humei,Hume's Warbler,0.589,psl6,2024,05,25,09
78.0,81.0,Zosterops simplex,Swinhoe's White-eye,0.5407,psl6,2024,05,25,09
81.0,84.0,Phylloscopus humei,Hume's Warbler,0.5207,psl6,2024,05,25,09
123.0,126.0,Phylloscopus humei,Hume's Warbler,0.5608,psl6,2024,05,25,09
126.0,129.0,Phylloscopus humei,Hume's Warbler,0.5071,psl6,2024,05,25,09
135.0,138.0,Zosterops simplex,Swinhoe's White-eye,0.8028,psl6,2024,05,25,09
159.0,162.0,Phylloscopus humei,Hume's Warbler,0.7612,psl6,2024,05,25,09
162.0,165.0,Trochalopteron variegatum,Variegated Laughingthrush,0.7289,psl6,2024,05,25,09
165.0,168.0,Zosterops simplex,Swinhoe's White-eye,0.7262,psl6,2024,05,25,09
171.0,174.0,Phylloscopus humei,Hume's Warbler,0.8951,psl6,2024,05,25,09
177.0,180.0,Zosterops simplex,Swinhoe's White-eye,0.6733,psl6,2024,05,25,09
180.0,183.0,Phylloscopus humei,Hume's Warbler,0.8429,psl6,2024,05,25,09
192.0,195.0,Phylloscopus humei,Hume's Warbler,0.9017,psl6,2024,05,25,09
438.0,441.0,Phylloscopus humei,Hume's Warbler,0.8483,psl6,2024,05,25,09
459.0,462.0,Zosterops simplex,Swinhoe's White-eye,0.5202,psl6,2024,05,25,09
465.0,468.0,Phylloscopus humei,Hume's Warbler,0.7968,psl6,2024,05,25,09
474.0,477.0,Zosterops simplex,Swinhoe's White-eye,0.5071,psl6,2024,05,25,09
477.0,480.0,Phylloscopus humei,Hume's Warbler,0.8079,psl6,2024,05,25,09
486.0,489.0,Phylloscopus humei,Hume's Warbler,0.7427,psl6,2024,05,25,09
489.0,492.0,Zosterops simplex,Swinhoe's White-eye,0.564,psl6,2024,05,25,09
492.0,495.0,Phylloscopus humei,Hume's Warbler,0.6109,psl6,2024,05,25,09
495.0,498.0,Zosterops simplex,Swinhoe's White-eye,0.5241,psl6,2024,05,25,09
513.0,516.0,Phylloscopus humei,Hume's Warbler,0.7621,psl6,2024,05,25,09
516.0,519.0,Zosterops simplex,Swinhoe's White-eye,0.5094,psl6,2024,05,25,09
519.0,522.0,Phylloscopus humei,Hume's Warbler,0.6547,psl6,2024,05,25,09
522.0,525.0,Phylloscopus humei,Hume's Warbler,0.9363,psl6,2024,05,25,09
531.0,534.0,Phylloscopus humei,Hume's Warbler,0.5832,psl6,2024,05,25,09
540.0,543.0,Phylloscopus humei,Hume's Warbler,0.8512,psl6,2024,05,25,09
543.0,546.0,Phylloscopus humei,Hume's Warbler,0.7255,psl6,2024,05,25,09
549.0,552.0,Zosterops simplex,Swinhoe's White-eye,0.6886,psl6,2024,05,25,09
552.0,555.0,Phylloscopus humei,Hume's Warbler,0.7745,psl6,2024,05,25,09
561.0,564.0,Phylloscopus humei,Hume's Warbler,0.7694,psl6,2024,05,25,09
567.0,570.0,Phylloscopus humei,Hume's Warbler,0.5026,psl6,2024,05,25,09
573.0,576.0,Phylloscopus humei,Hume's Warbler,0.6587,psl6,2024,05,25,09
582.0,585.0,Phylloscopus humei,Hume's Warbler,0.8465,psl6,2024,05,25,09
591.0,594.0,Zosterops simplex,Swinhoe's White-eye,0.648,psl6,2024,05,25,09
609.0,612.0,Phylloscopus humei,Hume's Warbler,0.5965,psl6,2024,05,25,09
612.0,615.0,Zosterops simplex,Swinhoe's White-eye,0.5153,psl6,2024,05,25,09
615.0,618.0,Phylloscopus humei,Hume's Warbler,0.6782,psl6,2024,05,25,09
621.0,624.0,Zosterops simplex,Swinhoe's White-eye,0.6251,psl6,2024,05,25,09
639.0,642.0,Zosterops simplex,Swinhoe's White-eye,0.6594,psl6,2024,05,25,09
666.0,669.0,Phylloscopus humei,Hume's Warbler,0.9969,psl6,2024,05,25,09
675.0,678.0,Phylloscopus humei,Hume's Warbler,0.7463,psl6,2024,05,25,09
690.0,693.0,Zosterops simplex,Swinhoe's White-eye,0.6211,psl6,2024,05,25,09
708.0,711.0,Phylloscopus humei,Hume's Warbler,0.9459,psl6,2024,05,25,09
717.0,720.0,Phylloscopus humei,Hume's Warbler,0.8259,psl6,2024,05,25,09
726.0,729.0,Phylloscopus humei,Hume's Warbler,0.8385,psl6,2024,05,25,09
729.0,732.0,Phylloscopus humei,Hume's Warbler,0.6683,psl6,2024,05,25,09
741.0,744.0,Zosterops simplex,Swinhoe's White-eye,0.6286,psl6,2024,05,25,09
744.0,747.0,Phylloscopus humei,Hume's Warbler,0.6664,psl6,2024,05,25,09
750.0,753.0,Phylloscopus humei,Hume's Warbler,0.9653,psl6,2024,05,25,09
768.0,771.0,Phylloscopus humei,Hume's Warbler,0.7629,psl6,2024,05,25,09
810.0,813.0,Phylloscopus humei,Hume's Warbler,0.716,psl6,2024,05,25,09
138.0,141.0,Phylloscopus trochiloides,Greenish Warbler,0.7991,psl6,2024,05,26,06
186.0,189.0,Phylloscopus trochiloides,Greenish Warbler,0.5261,psl6,2024,05,26,06
207.0,210.0,Phylloscopus trochiloides,Greenish Warbler,0.5686,psl6,2024,05,26,06
246.0,249.0,Phylloscopus trochiloides,Greenish Warbler,0.5851,psl6,2024,05,26,06
270.0,273.0,Phylloscopus trochiloides,Greenish Warbler,0.6533,psl6,2024,05,26,06
330.0,333.0,Phylloscopus trochiloides,Greenish Warbler,0.5712,psl6,2024,05,26,06
357.0,360.0,Luscinia phaenicuroides,White-bellied Redstart,0.7208,psl6,2024,05,26,06
366.0,369.0,Phylloscopus nitidus,Green Warbler,0.5006,psl6,2024,05,26,06
378.0,381.0,Phylloscopus trochiloides,Greenish Warbler,0.5484,psl6,2024,05,26,06
507.0,510.0,Phylloscopus occipitalis,Western Crowned Warbler,0.9387,psl6,2024,05,26,06
519.0,522.0,Phylloscopus occipitalis,Western Crowned Warbler,0.9431,psl6,2024,05,26,06
543.0,546.0,Phylloscopus occipitalis,Western Crowned Warbler,0.8676,psl6,2024,05,26,06
555.0,558.0,Phylloscopus occipitalis,Western Crowned Warbler,0.9267,psl6,2024,05,26,06
558.0,561.0,Phylloscopus trochiloides,Greenish Warbler,0.532,psl6,2024,05,26,06
564.0,567.0,Phylloscopus occipitalis,Western Crowned Warbler,0.8162,psl6,2024,05,26,06
573.0,576.0,Phylloscopus humei,Hume's Warbler,0.6833,psl6,2024,05,26,06
600.0,603.0,Phylloscopus nitidus,Green Warbler,0.5818,psl6,2024,05,26,06
621.0,624.0,Phylloscopus tytleri,Tytler's Leaf Warbler,0.6011,psl6,2024,05,26,06
663.0,666.0,Phylloscopus humei,Hume's Warbler,0.5299,psl6,2024,05,26,06
675.0,678.0,Phylloscopus humei,Hume's Warbler,0.9403,psl6,2024,05,26,06
684.0,687.0,Phylloscopus humei,Hume's Warbler,0.9417,psl6,2024,05,26,06
696.0,699.0,Phylloscopus humei,Hume's Warbler,0.6779,psl6,2024,05,26,06
726.0,729.0,Phylloscopus humei,Hume's Warbler,0.9612,psl6,2024,05,26,06
738.0,741.0,Phylloscopus humei,Hume's Warbler,0.867,psl6,2024,05,26,06
750.0,753.0,Phylloscopus humei,Hume's Warbler,0.9531,psl6,2024,05,26,06
759.0,762.0,Phylloscopus humei,Hume's Warbler,0.9167,psl6,2024,05,26,06
765.0,768.0,Phylloscopus trochiloides,Greenish Warbler,0.6615,psl6,2024,05,26,06
771.0,774.0,Phylloscopus humei,Hume's Warbler,0.9619,psl6,2024,05,26,06
777.0,780.0,Phylloscopus humei,Hume's Warbler,0.8299,psl6,2024,05,26,06
786.0,789.0,Phylloscopus humei,Hume's Warbler,0.5877,psl6,2024,05,26,06
792.0,795.0,Phylloscopus nitidus,Green Warbler,0.5371,psl6,2024,05,26,06
816.0,819.0,Phylloscopus trochiloides,Greenish Warbler,0.7505,psl6,2024,05,26,06
879.0,882.0,Phylloscopus occipitalis,Western Crowned Warbler,0.6299,psl6,2024,05,26,06
15.0,18.0,Trochalopteron variegatum,Variegated Laughingthrush,0.6485,psl6,2024,05,26,07
39.0,42.0,Trochalopteron variegatum,Variegated Laughingthrush,0.9057,psl6,2024,05,26,07
60.0,63.0,Phylloscopus humei,Hume's Warbler,0.9433,psl6,2024,05,26,07
63.0,66.0,Phylloscopus humei,Hume's Warbler,0.9176,psl6,2024,05,26,07
69.0,72.0,Phylloscopus humei,Hume's Warbler,0.6279,psl6,2024,05,26,07
81.0,84.0,Phylloscopus trochiloides,Greenish Warbler,0.5208,psl6,2024,05,26,07
93.0,96.0,Phylloscopus humei,Hume's Warbler,0.8406,psl6,2024,05,26,07
99.0,102.0,Phylloscopus humei,Hume's Warbler,0.6527,psl6,2024,05,26,07
102.0,105.0,Phylloscopus humei,Hume's Warbler,0.513,psl6,2024,05,26,07
126.0,129.0,Phylloscopus humei,Hume's Warbler,0.6171,psl6,2024,05,26,07
138.0,141.0,Phylloscopus humei,Hume's Warbler,0.9483,psl6,2024,05,26,07
144.0,147.0,Phylloscopus occipitalis,Western Crowned Warbler,0.577,psl6,2024,05,26,07
183.0,186.0,Phylloscopus maculipennis,Ashy-throated Warbler,0.5555,psl6,2024,05,26,07
192.0,195.0,Phylloscopus trochiloides,Greenish Warbler,0.6277,psl6,2024,05,26,07
201.0,204.0,Phylloscopus occipitalis,Western Crowned Warbler,0.5882,psl6,2024,05,26,07
231.0,234.0,Phylloscopus humei,Hume's Warbler,0.9726,psl6,2024,05,26,07
237.0,240.0,Phylloscopus humei,Hume's Warbler,0.5861,psl6,2024,05,26,07
255.0,258.0,Phylloscopus humei,Hume's Warbler,0.9716,psl6,2024,05,26,07
258.0,261.0,Phylloscopus occipitalis,Western Crowned Warbler,0.7841,psl6,2024,05,26,07
264.0,267.0,Phylloscopus trochiloides,Greenish Warbler,0.5709,psl6,2024,05,26,07
267.0,270.0,Phylloscopus humei,Hume's Warbler,0.6754,psl6,2024,05,26,07
273.0,276.0,Phylloscopus humei,Hume's Warbler,0.7521,psl6,2024,05,26,07
279.0,282.0,Phylloscopus humei,Hume's Warbler,0.8545,psl6,2024,05,26,07
285.0,288.0,Phylloscopus humei,Hume's Warbler,0.822,psl6,2024,05,26,07
294.0,297.0,Phylloscopus humei,Hume's Warbler,0.7574,psl6,2024,05,26,07
315.0,318.0,Phylloscopus trochiloides,Greenish Warbler,0.6062,psl6,2024,05,26,07
318.0,321.0,Phylloscopus humei,Hume's Warbler,0.6129,psl6,2024,05,26,07
345.0,348.0,Phylloscopus occipitalis,Western Crowned Warbler,0.9997,psl6,2024,05,26,07
369.0,372.0,Phylloscopus humei,Hume's Warbler,0.6982,psl6,2024,05,26,07
387.0,390.0,Phylloscopus trochiloides,Greenish Warbler,0.5394,psl6,2024,05,26,07
390.0,393.0,Phylloscopus humei,Hume's Warbler,0.563,psl6,2024,05,26,07
417.0,420.0,Phylloscopus humei,Hume's Warbler,0.5,psl6,2024,05,26,07
429.0,432.0,Cygnus cygnus,Whooper Swan,0.6894,psl6,2024,05,26,07
450.0,453.0,Phylloscopus trochiloides,Greenish Warbler,0.5012,psl6,2024,05,26,07
501.0,504.0,Phylloscopus trochiloides,Greenish Warbler,0.7463,psl6,2024,05,26,07
504.0,507.0,Phylloscopus humei,Hume's Warbler,0.9415,psl6,2024,05,26,07
507.0,510.0,Phylloscopus humei,Hume's Warbler,0.9854,psl6,2024,05,26,07
522.0,525.0,Phylloscopus humei,Hume's Warbler,0.7005,psl6,2024,05,26,07
561.0,564.0,Phylloscopus humei,Hume's Warbler,0.9739,psl6,2024,05,26,07
573.0,576.0,Phylloscopus humei,Hume's Warbler,0.8568,psl6,2024,05,26,07
576.0,579.0,Phylloscopus humei,Hume's Warbler,0.7198,psl6,2024,05,26,07
594.0,597.0,Phylloscopus trochiloides,Greenish Warbler,0.7368,psl6,2024,05,26,07
606.0,609.0,Phylloscopus trochiloides,Greenish Warbler,0.6232,psl6,2024,05,26,07
612.0,615.0,Phylloscopus humei,Hume's Warbler,0.8396,psl6,2024,05,26,07
618.0,621.0,Phylloscopus nitidus,Green Warbler,0.5066,psl6,2024,05,26,07
642.0,645.0,Phylloscopus humei,Hume's Warbler,0.7186,psl6,2024,05,26,07
660.0,663.0,Phylloscopus trochiloides,Greenish Warbler,0.5425,psl6,2024,05,26,07
684.0,687.0,Phylloscopus nitidus,Green Warbler,0.7395,psl6,2024,05,26,07
726.0,729.0,Phylloscopus reguloides,Blyth's Leaf Warbler,0.572,psl6,2024,05,26,07
819.0,822.0,Prunella strophiata,Rufous-breasted Accentor,0.8417,psl6,2024,05,26,07
864.0,867.0,Phylloscopus occipitalis,Western Crowned Warbler,0.9629,psl6,2024,05,26,07
873.0,876.0,Phylloscopus occipitalis,Western Crowned Warbler,0.9728,psl6,2024,05,26,07
885.0,888.0,Phylloscopus occipitalis,Western Crowned Warbler,0.9808,psl6,2024,05,26,07
888.0,891.0,Phylloscopus occipitalis,Western Crowned Warbler,0.9796,psl6,2024,05,26,07
105.0,108.0,Phylloscopus humei,Hume's Warbler,0.7103,psl6,2024,05,26,08
111.0,114.0,Carpodacus erythrinus,Common Rosefinch,0.8676,psl6,2024,05,26,08
117.0,120.0,Carpodacus erythrinus,Common Rosefinch,0.8366,psl6,2024,05,26,08
132.0,135.0,Zosterops simplex,Swinhoe's White-eye,0.5037,psl6,2024,05,26,08
138.0,141.0,Phylloscopus humei,Hume's Warbler,0.6222,psl6,2024,05,26,08
141.0,144.0,Lophorina superba,Greater Lophorina,0.6837,psl6,2024,05,26,08
153.0,156.0,Zosterops simplex,Swinhoe's White-eye,0.5198,psl6,2024,05,26,08
168.0,171.0,Phylloscopus humei,Hume's Warbler,0.5303,psl6,2024,05,26,08
180.0,183.0,Phylloscopus humei,Hume's Warbler,0.9116,psl6,2024,05,26,08
183.0,186.0,Phylloscopus humei,Hume's Warbler,0.8844,psl6,2024,05,26,08
192.0,195.0,Phylloscopus humei,Hume's Warbler,0.9711,psl6,2024,05,26,08
204.0,207.0,Phylloscopus humei,Hume's Warbler,0.871,psl6,2024,05,26,08
213.0,216.0,Phylloscopus humei,Hume's Warbler,0.8954,psl6,2024,05,26,08
222.0,225.0,Phylloscopus humei,Hume's Warbler,0.8417,psl6,2024,05,26,08
225.0,228.0,Phylloscopus humei,Hume's Warbler,0.9859,psl6,2024,05,26,08
234.0,237.0,Phylloscopus humei,Hume's Warbler,0.6315,psl6,2024,05,26,08
237.0,240.0,Phylloscopus humei,Hume's Warbler,0.7801,psl6,2024,05,26,08
243.0,246.0,Phylloscopus humei,Hume's Warbler,0.5269,psl6,2024,05,26,08
255.0,258.0,Phylloscopus humei,Hume's Warbler,0.8899,psl6,2024,05,26,08
264.0,267.0,Phylloscopus humei,Hume's Warbler,0.9906,psl6,2024,05,26,08
270.0,273.0,Phylloscopus humei,Hume's Warbler,0.6557,psl6,2024,05,26,08
279.0,282.0,Phylloscopus humei,Hume's Warbler,0.787,psl6,2024,05,26,08
375.0,378.0,Lophorina superba,Greater Lophorina,0.536,psl6,2024,05,26,08
486.0,489.0,Luscinia phaenicuroides,White-bellied Redstart,0.5055,psl6,2024,05,26,08
540.0,543.0,Phylloscopus trochiloides,Greenish Warbler,0.5324,psl6,2024,05,26,08
564.0,567.0,Phylloscopus occipitalis,Western Crowned Warbler,0.7385,psl6,2024,05,26,08
570.0,573.0,Phylloscopus occipitalis,Western Crowned Warbler,0.8799,psl6,2024,05,26,08
573.0,576.0,Phylloscopus trochiloides,Greenish Warbler,0.8128,psl6,2024,05,26,08
576.0,579.0,Phylloscopus occipitalis,Western Crowned Warbler,0.8923,psl6,2024,05,26,08
615.0,618.0,Phylloscopus humei,Hume's Warbler,0.7743,psl6,2024,05,26,08
618.0,621.0,Phylloscopus humei,Hume's Warbler,0.7199,psl6,2024,05,26,08
720.0,723.0,Phylloscopus humei,Hume's Warbler,0.5024,psl6,2024,05,26,08
732.0,735.0,Phylloscopus humei,Hume's Warbler,0.9825,psl6,2024,05,26,08
741.0,744.0,Phylloscopus humei,Hume's Warbler,0.893,psl6,2024,05,26,08
759.0,762.0,Phylloscopus humei,Hume's Warbler,0.9695,psl6,2024,05,26,08
768.0,771.0,Phylloscopus humei,Hume's Warbler,0.5432,psl6,2024,05,26,08
786.0,789.0,Phylloscopus humei,Hume's Warbler,0.7035,psl6,2024,05,26,08
795.0,798.0,Phylloscopus humei,Hume's Warbler,0.5084,psl6,2024,05,26,08
804.0,807.0,Phylloscopus humei,Hume's Warbler,0.8972,psl6,2024,05,26,08
813.0,816.0,Phylloscopus humei,Hume's Warbler,0.9092,psl6,2024,05,26,08
834.0,837.0,Tarsiger rufilatus,Himalayan Bluetail,0.9455,psl6,2024,05,26,08
843.0,846.0,Phylloscopus humei,Hume's Warbler,0.6299,psl6,2024,05,26,08
852.0,855.0,Phylloscopus humei,Hume's Warbler,0.586,psl6,2024,05,26,08
876.0,879.0,Phylloscopus humei,Hume's Warbler,0.8518,psl6,2024,05,26,08
882.0,885.0,Zosterops simplex,Swinhoe's White-eye,0.5519,psl6,2024,05,26,08
6.0,9.0,Phylloscopus trochiloides,Greenish Warbler,0.7157,psl6,2024,05,26,09
15.0,18.0,Phylloscopus humei,Hume's Warbler,0.6681,psl6,2024,05,26,09
18.0,21.0,Phylloscopus trochiloides,Greenish Warbler,0.7801,psl6,2024,05,26,09
42.0,45.0,Phylloscopus trochiloides,Greenish Warbler,0.7201,psl6,2024,05,26,09
66.0,69.0,Phylloscopus trochiloides,Greenish Warbler,0.7761,psl6,2024,05,26,09
78.0,81.0,Phylloscopus trochiloides,Greenish Warbler,0.7722,psl6,2024,05,26,09
135.0,138.0,Phylloscopus humei,Hume's Warbler,0.9166,psl6,2024,05,26,09
141.0,144.0,Phylloscopus humei,Hume's Warbler,0.796,psl6,2024,05,26,09
144.0,147.0,Phylloscopus nitidus,Green Warbler,0.7111,psl6,2024,05,26,09
150.0,153.0,Phylloscopus humei,Hume's Warbler,0.879,psl6,2024,05,26,09
153.0,156.0,Phylloscopus humei,Hume's Warbler,0.9006,psl6,2024,05,26,09
162.0,165.0,Phylloscopus humei,Hume's Warbler,0.7318,psl6,2024,05,26,09
168.0,171.0,Phylloscopus humei,Hume's Warbler,0.6922,psl6,2024,05,26,09
174.0,177.0,Phylloscopus trochiloides,Greenish Warbler,0.5079,psl6,2024,05,26,09
186.0,189.0,Phylloscopus nitidus,Green Warbler,0.6321,psl6,2024,05,26,09
186.0,189.0,Phylloscopus trochiloides,Greenish Warbler,0.5644,psl6,2024,05,26,09
219.0,222.0,Phylloscopus humei,Hume's Warbler,0.526,psl6,2024,05,26,09
222.0,225.0,Phylloscopus trochiloides,Greenish Warbler,0.5637,psl6,2024,05,26,09
228.0,231.0,Phylloscopus humei,Hume's Warbler,0.64,psl6,2024,05,26,09
258.0,261.0,Phylloscopus humei,Hume's Warbler,0.7508,psl6,2024,05,26,09
261.0,264.0,Phylloscopus trochiloides,Greenish Warbler,0.5389,psl6,2024,05,26,09
288.0,291.0,Phylloscopus trochiloides,Greenish Warbler,0.6027,psl6,2024,05,26,09
303.0,306.0,Phylloscopus humei,Hume's Warbler,0.7748,psl6,2024,05,26,09
321.0,324.0,Phylloscopus humei,Hume's Warbler,0.9308,psl6,2024,05,26,09
327.0,330.0,Phylloscopus trochiloides,Greenish Warbler,0.5014,psl6,2024,05,26,09
363.0,366.0,Phylloscopus trochiloides,Greenish Warbler,0.5306,psl6,2024,05,26,09
375.0,378.0,Phylloscopus trochiloides,Greenish Warbler,0.629,psl6,2024,05,26,09
390.0,393.0,Phylloscopus nitidus,Green Warbler,0.6694,psl6,2024,05,26,09
405.0,408.0,Glaucidium gnoma,Northern Pygmy-Owl,0.5905,psl6,2024,05,26,09
414.0,417.0,Phylloscopus trochiloides,Greenish Warbler,0.9,psl6,2024,05,26,09
441.0,444.0,Phylloscopus trochiloides,Greenish Warbler,0.8844,psl6,2024,05,26,09
465.0,468.0,Phylloscopus trochiloides,Greenish Warbler,0.7278,psl6,2024,05,26,09
477.0,480.0,Phylloscopus trochiloides,Greenish Warbler,0.7281,psl6,2024,05,26,09
489.0,492.0,Phylloscopus nitidus,Green Warbler,0.765,psl6,2024,05,26,09
489.0,492.0,Phylloscopus trochiloides,Greenish Warbler,0.7638,psl6,2024,05,26,09
519.0,522.0,Phylloscopus trochiloides,Greenish Warbler,0.6903,psl6,2024,05,26,09
531.0,534.0,Phylloscopus trochiloides,Greenish Warbler,0.707,psl6,2024,05,26,09
531.0,534.0,Phylloscopus nitidus,Green Warbler,0.5732,psl6,2024,05,26,09
546.0,549.0,Phylloscopus trochiloides,Greenish Warbler,0.8551,psl6,2024,05,26,09
561.0,564.0,Phylloscopus humei,Hume's Warbler,0.6271,psl6,2024,05,26,09
567.0,570.0,Phylloscopus humei,Hume's Warbler,0.7065,psl6,2024,05,26,09
573.0,576.0,Phylloscopus trochiloides,Greenish Warbler,0.5714,psl6,2024,05,26,09
603.0,606.0,Phylloscopus humei,Hume's Warbler,0.5944,psl6,2024,05,26,09
612.0,615.0,Phylloscopus humei,Hume's Warbler,0.5027,psl6,2024,05,26,09
675.0,678.0,Lophorina superba,Greater Lophorina,0.5756,psl6,2024,05,26,09
699.0,702.0,Phylloscopus humei,Hume's Warbler,0.5783,psl6,2024,05,26,09
732.0,735.0,Phylloscopus trochiloides,Greenish Warbler,0.5324,psl6,2024,05,26,09
759.0,762.0,Phylloscopus trochiloides,Greenish Warbler,0.5589,psl6,2024,05,26,09
819.0,822.0,Phylloscopus trochiloides,Greenish Warbler,0.6477,psl6,2024,05,26,09
831.0,834.0,Phylloscopus trochiloides,Greenish Warbler,0.8259,psl6,2024,05,26,09
858.0,861.0,Phylloscopus trochiloides,Greenish Warbler,0.5781,psl6,2024,05,26,09
891.0,894.0,Phylloscopus trochiloides,Greenish Warbler,0.8224,psl6,2024,05,26,09
894.0,897.0,Phylloscopus humei,Hume's Warbler,0.7277,psl6,2024,05,26,09
0.0,3.0,Phylloscopus trochiloides,Greenish Warbler,0.546,psl6,2024,05,27,06
12.0,15.0,Phylloscopus trochiloides,Greenish Warbler,0.8795,psl6,2024,05,27,06
33.0,36.0,Phylloscopus trochiloides,Greenish Warbler,0.6505,psl6,2024,05,27,06
63.0,66.0,Phylloscopus trochiloides,Greenish Warbler,0.8002,psl6,2024,05,27,06
93.0,96.0,Phylloscopus occipitalis,Western Crowned Warbler,0.6082,psl6,2024,05,27,06
123.0,126.0,Phylloscopus humei,Hume's Warbler,0.9889,psl6,2024,05,27,06
165.0,168.0,Phylloscopus trochiloides,Greenish Warbler,0.701,psl6,2024,05,27,06
165.0,168.0,Phylloscopus nitidus,Green Warbler,0.5809,psl6,2024,05,27,06
213.0,216.0,Phylloscopus trochiloides,Greenish Warbler,0.6201,psl6,2024,05,27,06
234.0,237.0,Phylloscopus trochiloides,Greenish Warbler,0.8228,psl6,2024,05,27,06
243.0,246.0,Phylloscopus humei,Hume's Warbler,0.9796,psl6,2024,05,27,06
246.0,249.0,Phylloscopus trochiloides,Greenish Warbler,0.8888,psl6,2024,05,27,06
258.0,261.0,Phylloscopus trochiloides,Greenish Warbler,0.8373,psl6,2024,05,27,06
270.0,273.0,Phylloscopus trochiloides,Greenish Warbler,0.7274,psl6,2024,05,27,06
282.0,285.0,Lophorina superba,Greater Lophorina,0.872,psl6,2024,05,27,06
291.0,294.0,Phylloscopus trochiloides,Greenish Warbler,0.8615,psl6,2024,05,27,06
306.0,309.0,Phylloscopus trochiloides,Greenish Warbler,0.6181,psl6,2024,05,27,06
318.0,321.0,Phylloscopus trochiloides,Greenish Warbler,0.8191,psl6,2024,05,27,06
330.0,333.0,Phylloscopus trochiloides,Greenish Warbler,0.6397,psl6,2024,05,27,06
330.0,333.0,Phylloscopus nitidus,Green Warbler,0.6256,psl6,2024,05,27,06
351.0,354.0,Phylloscopus humei,Hume's Warbler,0.9867,psl6,2024,05,27,06
366.0,369.0,Phylloscopus trochiloides,Greenish Warbler,0.7048,psl6,2024,05,27,06
369.0,372.0,Ficedula tricolor,Slaty-blue Flycatcher,0.5174,psl6,2024,05,27,06
396.0,399.0,Lophorina superba,Greater Lophorina,0.6587,psl6,2024,05,27,06
420.0,423.0,Lophorina superba,Greater Lophorina,0.8011,psl6,2024,05,27,06
468.0,471.0,Phylloscopus humei,Hume's Warbler,0.9286,psl6,2024,05,27,06
513.0,516.0,Phylloscopus humei,Hume's Warbler,0.9942,psl6,2024,05,27,06
540.0,543.0,Phylloscopus humei,Hume's Warbler,0.9789,psl6,2024,05,27,06
546.0,549.0,Phylloscopus humei,Hume's Warbler,0.9637,psl6,2024,05,27,06
555.0,558.0,Phylloscopus humei,Hume's Warbler,0.8573,psl6,2024,05,27,06
576.0,579.0,Phylloscopus humei,Hume's Warbler,0.9289,psl6,2024,05,27,06
579.0,582.0,Phylloscopus humei,Hume's Warbler,0.9759,psl6,2024,05,27,06
585.0,588.0,Phylloscopus nitidus,Green Warbler,0.7754,psl6,2024,05,27,06
585.0,588.0,Phylloscopus trochiloides,Greenish Warbler,0.7176,psl6,2024,05,27,06
597.0,600.0,Phylloscopus trochiloides,Greenish Warbler,0.7596,psl6,2024,05,27,06
597.0,600.0,Phylloscopus nitidus,Green Warbler,0.7528,psl6,2024,05,27,06
627.0,630.0,Luscinia phaenicuroides,White-bellied Redstart,0.6037,psl6,2024,05,27,06
630.0,633.0,Phylloscopus trochiloides,Greenish Warbler,0.6183,psl6,2024,05,27,06
642.0,645.0,Phylloscopus trochiloides,Greenish Warbler,0.8065,psl6,2024,05,27,06
654.0,657.0,Phylloscopus trochiloides,Greenish Warbler,0.902,psl6,2024,05,27,06
657.0,660.0,Lophorina superba,Greater Lophorina,0.7544,psl6,2024,05,27,06
666.0,669.0,Phylloscopus reguloides,Blyth's Leaf Warbler,0.6636,psl6,2024,05,27,06
699.0,702.0,Phylloscopus trochiloides,Greenish Warbler,0.6088,psl6,2024,05,27,06
711.0,714.0,Phylloscopus trochiloides,Greenish Warbler,0.7386,psl6,2024,05,27,06
726.0,729.0,Phylloscopus trochiloides,Greenish Warbler,0.7142,psl6,2024,05,27,06
738.0,741.0,Phylloscopus nitidus,Green Warbler,0.776,psl6,2024,05,27,06
747.0,750.0,Phylloscopus nitidus,Green Warbler,0.6518,psl6,2024,05,27,06
768.0,771.0,Phylloscopus trochiloides,Greenish Warbler,0.873,psl6,2024,05,27,06
777.0,780.0,Phylloscopus trochiloides,Greenish Warbler,0.7907,psl6,2024,05,27,06
810.0,813.0,Phylloscopus trochiloides,Greenish Warbler,0.819,psl6,2024,05,27,06
843.0,846.0,Phylloscopus nitidus,Green Warbler,0.6353,psl6,2024,05,27,06
876.0,879.0,Phylloscopus trochiloides,Greenish Warbler,0.7572,psl6,2024,05,27,06
6.0,9.0,Carpodacus erythrinus,Common Rosefinch,0.7265,psl6,2024,05,27,07
15.0,18.0,Luscinia phaenicuroides,White-bellied Redstart,0.5062,psl6,2024,05,27,07
18.0,21.0,Carpodacus erythrinus,Common Rosefinch,0.5514,psl6,2024,05,27,07
27.0,30.0,Carpodacus erythrinus,Common Rosefinch,0.8052,psl6,2024,05,27,07
36.0,39.0,Phylloscopus trochiloides,Greenish Warbler,0.8062,psl6,2024,05,27,07
57.0,60.0,Carpodacus erythrinus,Common Rosefinch,0.9936,psl6,2024,05,27,07
60.0,63.0,Phylloscopus trochiloides,Greenish Warbler,0.7481,psl6,2024,05,27,07
66.0,69.0,Carpodacus erythrinus,Common Rosefinch,0.6781,psl6,2024,05,27,07
66.0,69.0,Leptopoecile sophiae,White-browed Tit-Warbler,0.5754,psl6,2024,05,27,07
81.0,84.0,Carpodacus erythrinus,Common Rosefinch,0.7281,psl6,2024,05,27,07
87.0,90.0,Carpodacus erythrinus,Common Rosefinch,0.8171,psl6,2024,05,27,07
99.0,102.0,Carpodacus erythrinus,Common Rosefinch,0.8315,psl6,2024,05,27,07
102.0,105.0,Phylloscopus trochiloides,Greenish Warbler,0.8683,psl6,2024,05,27,07
108.0,111.0,Carpodacus erythrinus,Common Rosefinch,0.8094,psl6,2024,05,27,07
117.0,120.0,Phylloscopus trochiloides,Greenish Warbler,0.7337,psl6,2024,05,27,07
123.0,126.0,Carpodacus erythrinus,Common Rosefinch,0.7683,psl6,2024,05,27,07
138.0,141.0,Carpodacus erythrinus,Common Rosefinch,0.7493,psl6,2024,05,27,07
153.0,156.0,Phylloscopus trochiloides,Greenish Warbler,0.5669,psl6,2024,05,27,07
162.0,165.0,Phylloscopus humei,Hume's Warbler,0.8105,psl6,2024,05,27,07
171.0,174.0,Phylloscopus humei,Hume's Warbler,0.6583,psl6,2024,05,27,07
180.0,183.0,Lophorina superba,Greater Lophorina,0.5029,psl6,2024,05,27,07
225.0,228.0,Phylloscopus trochiloides,Greenish Warbler,0.5489,psl6,2024,05,27,07
231.0,234.0,Phylloscopus humei,Hume's Warbler,0.5262,psl6,2024,05,27,07
234.0,237.0,Phylloscopus trochiloides,Greenish Warbler,0.6358,psl6,2024,05,27,07
279.0,282.0,Phylloscopus trochiloides,Greenish Warbler,0.567,psl6,2024,05,27,07
291.0,294.0,Phylloscopus trochiloides,Greenish Warbler,0.6526,psl6,2024,05,27,07
327.0,330.0,Trochalopteron variegatum,Variegated Laughingthrush,0.7348,psl6,2024,05,27,07
333.0,336.0,Phylloscopus trochiloides,Greenish Warbler,0.8555,psl6,2024,05,27,07
333.0,336.0,Phylloscopus nitidus,Green Warbler,0.5649,psl6,2024,05,27,07
339.0,342.0,Trochalopteron variegatum,Variegated Laughingthrush,0.7392,psl6,2024,05,27,07
348.0,351.0,Trochalopteron variegatum,Variegated Laughingthrush,0.7598,psl6,2024,05,27,07
351.0,354.0,Trochalopteron affine,Black-faced Laughingthrush,0.5604,psl6,2024,05,27,07
354.0,357.0,Trochalopteron variegatum,Variegated Laughingthrush,0.6626,psl6,2024,05,27,07
360.0,363.0,Trochalopteron variegatum,Variegated Laughingthrush,0.8887,psl6,2024,05,27,07
369.0,372.0,Trochalopteron variegatum,Variegated Laughingthrush,0.9166,psl6,2024,05,27,07
372.0,375.0,Trochalopteron variegatum,Variegated Laughingthrush,0.9436,psl6,2024,05,27,07
375.0,378.0,Trochalopteron variegatum,Variegated Laughingthrush,0.9219,psl6,2024,05,27,07
387.0,390.0,Trochalopteron erythrocephalum,Chestnut-crowned Laughingthrush,0.5503,psl6,2024,05,27,07
390.0,393.0,Trochalopteron variegatum,Variegated Laughingthrush,0.6808,psl6,2024,05,27,07
393.0,396.0,Phylloscopus trochiloides,Greenish Warbler,0.7671,psl6,2024,05,27,07
396.0,399.0,Trochalopteron variegatum,Variegated Laughingthrush,0.5029,psl6,2024,05,27,07
399.0,402.0,Trochalopteron variegatum,Variegated Laughingthrush,0.8106,psl6,2024,05,27,07
435.0,438.0,Luscinia phaenicuroides,White-bellied Redstart,0.5585,psl6,2024,05,27,07
435.0,438.0,Phylloscopus affinis,Tickell's Leaf Warbler,0.5185,psl6,2024,05,27,07
441.0,444.0,Phylloscopus trochiloides,Greenish Warbler,0.5218,psl6,2024,05,27,07
462.0,465.0,Phylloscopus trochiloides,Greenish Warbler,0.9569,psl6,2024,05,27,07
477.0,480.0,Phylloscopus trochiloides,Greenish Warbler,0.6205,psl6,2024,05,27,07
489.0,492.0,Zosterops simplex,Swinhoe's White-eye,0.6164,psl6,2024,05,27,07
492.0,495.0,Phylloscopus tytleri,Tytler's Leaf Warbler,0.5604,psl6,2024,05,27,07
495.0,498.0,Phylloscopus trochiloides,Greenish Warbler,0.6392,psl6,2024,05,27,07
510.0,513.0,Phylloscopus trochiloides,Greenish Warbler,0.6396,psl6,2024,05,27,07
534.0,537.0,Phylloscopus nitidus,Green Warbler,0.6728,psl6,2024,05,27,07
534.0,537.0,Phylloscopus trochiloides,Greenish Warbler,0.6469,psl6,2024,05,27,07
546.0,549.0,Phylloscopus trochiloides,Greenish Warbler,0.688,psl6,2024,05,27,07
582.0,585.0,Phylloscopus trochiloides,Greenish Warbler,0.567,psl6,2024,05,27,07
600.0,603.0,Phylloscopus trochiloides,Greenish Warbler,0.613,psl6,2024,05,27,07
603.0,606.0,Phylloscopus trochiloides,Greenish Warbler,0.5995,psl6,2024,05,27,07
615.0,618.0,Phylloscopus trochiloides,Greenish Warbler,0.7789,psl6,2024,05,27,07
627.0,630.0,Phylloscopus trochiloides,Greenish Warbler,0.9058,psl6,2024,05,27,07
657.0,660.0,Anthus hodgsoni,Olive-backed Pipit,0.5534,psl6,2024,05,27,07
669.0,672.0,Phylloscopus trochiloides,Greenish Warbler,0.8586,psl6,2024,05,27,07
672.0,675.0,Phylloscopus trochiloides,Greenish Warbler,0.8512,psl6,2024,05,27,07
696.0,699.0,Phylloscopus trochiloides,Greenish Warbler,0.7394,psl6,2024,05,27,07
720.0,723.0,Phylloscopus trochiloides,Greenish Warbler,0.8633,psl6,2024,05,27,07
729.0,732.0,Phylloscopus humei,Hume's Warbler,0.6525,psl6,2024,05,27,07
732.0,735.0,Phylloscopus trochiloides,Greenish Warbler,0.7724,psl6,2024,05,27,07
747.0,750.0,Phylloscopus trochiloides,Greenish Warbler,0.9156,psl6,2024,05,27,07
747.0,750.0,Phylloscopus nitidus,Green Warbler,0.5972,psl6,2024,05,27,07
750.0,753.0,Phylloscopus trochiloides,Greenish Warbler,0.8829,psl6,2024,05,27,07
753.0,756.0,Lophorina superba,Greater Lophorina,0.5348,psl6,2024,05,27,07
774.0,777.0,Phylloscopus trochiloides,Greenish Warbler,0.5518,psl6,2024,05,27,07
783.0,786.0,Phylloscopus trochiloides,Greenish Warbler,0.6279,psl6,2024,05,27,07
798.0,801.0,Phylloscopus trochiloides,Greenish Warbler,0.872,psl6,2024,05,27,07
813.0,816.0,Phylloscopus trochiloides,Greenish Warbler,0.7717,psl6,2024,05,27,07
825.0,828.0,Phylloscopus trochiloides,Greenish Warbler,0.7682,psl6,2024,05,27,07
837.0,840.0,Phylloscopus trochiloides,Greenish Warbler,0.8387,psl6,2024,05,27,07
849.0,852.0,Phylloscopus trochiloides,Greenish Warbler,0.6842,psl6,2024,05,27,07
870.0,873.0,Phylloscopus trochiloides,Greenish Warbler,0.8077,psl6,2024,05,27,07
6.0,9.0,Phylloscopus humei,Hume's Warbler,0.7402,psl6,2024,05,27,08
18.0,21.0,Tarsiger rufilatus,Himalayan Bluetail,0.6181,psl6,2024,05,27,08
27.0,30.0,Tarsiger rufilatus,Himalayan Bluetail,0.7727,psl6,2024,05,27,08
33.0,36.0,Tarsiger rufilatus,Himalayan Bluetail,0.9179,psl6,2024,05,27,08
39.0,42.0,Tarsiger rufilatus,Himalayan Bluetail,0.7923,psl6,2024,05,27,08
39.0,42.0,Phylloscopus intermedius,White-spectacled Warbler,0.5451,psl6,2024,05,27,08
42.0,45.0,Tarsiger rufilatus,Himalayan Bluetail,0.8793,psl6,2024,05,27,08
48.0,51.0,Tarsiger rufilatus,Himalayan Bluetail,0.885,psl6,2024,05,27,08
63.0,66.0,Phylloscopus trochiloides,Greenish Warbler,0.8072,psl6,2024,05,27,08
75.0,78.0,Phylloscopus trochiloides,Greenish Warbler,0.7375,psl6,2024,05,27,08
81.0,84.0,Phylloscopus occipitalis,Western Crowned Warbler,0.9252,psl6,2024,05,27,08
87.0,90.0,Phylloscopus occipitalis,Western Crowned Warbler,0.8585,psl6,2024,05,27,08
93.0,96.0,Phylloscopus occipitalis,Western Crowned Warbler,0.5777,psl6,2024,05,27,08
96.0,99.0,Phylloscopus occipitalis,Western Crowned Warbler,0.9923,psl6,2024,05,27,08
99.0,102.0,Phylloscopus occipitalis,Western Crowned Warbler,0.9504,psl6,2024,05,27,08
102.0,105.0,Phylloscopus occipitalis,Western Crowned Warbler,0.8626,psl6,2024,05,27,08
105.0,108.0,Phylloscopus occipitalis,Western Crowned Warbler,0.9086,psl6,2024,05,27,08
108.0,111.0,Phylloscopus occipitalis,Western Crowned Warbler,0.9549,psl6,2024,05,27,08
114.0,117.0,Phylloscopus occipitalis,Western Crowned Warbler,0.7174,psl6,2024,05,27,08
120.0,123.0,Phylloscopus occipitalis,Western Crowned Warbler,0.5797,psl6,2024,05,27,08
126.0,129.0,Phylloscopus occipitalis,Western Crowned Warbler,0.7561,psl6,2024,05,27,08
132.0,135.0,Phylloscopus occipitalis,Western Crowned Warbler,0.9863,psl6,2024,05,27,08
141.0,144.0,Phylloscopus occipitalis,Western Crowned Warbler,0.8939,psl6,2024,05,27,08
144.0,147.0,Phylloscopus occipitalis,Western Crowned Warbler,0.7715,psl6,2024,05,27,08
147.0,150.0,Phylloscopus occipitalis,Western Crowned Warbler,0.8951,psl6,2024,05,27,08
153.0,156.0,Phylloscopus occipitalis,Western Crowned Warbler,0.9842,psl6,2024,05,27,08
156.0,159.0,Phylloscopus occipitalis,Western Crowned Warbler,0.8074,psl6,2024,05,27,08
162.0,165.0,Phylloscopus humei,Hume's Warbler,0.5087,psl6,2024,05,27,08
171.0,174.0,Tarsiger rufilatus,Himalayan Bluetail,0.9434,psl6,2024,05,27,08
213.0,216.0,Phylloscopus trochiloides,Greenish Warbler,0.7005,psl6,2024,05,27,08
213.0,216.0,Phylloscopus nitidus,Green Warbler,0.5364,psl6,2024,05,27,08
264.0,267.0,Phylloscopus humei,Hume's Warbler,0.8215,psl6,2024,05,27,08
270.0,273.0,Phylloscopus humei,Hume's Warbler,0.5464,psl6,2024,05,27,08
276.0,279.0,Phylloscopus humei,Hume's Warbler,0.9569,psl6,2024,05,27,08
309.0,312.0,Phylloscopus humei,Hume's Warbler,0.8069,psl6,2024,05,27,08
315.0,318.0,Phylloscopus humei,Hume's Warbler,0.9393,psl6,2024,05,27,08
324.0,327.0,Phylloscopus humei,Hume's Warbler,0.9446,psl6,2024,05,27,08
327.0,330.0,Phylloscopus humei,Hume's Warbler,0.9996,psl6,2024,05,27,08
336.0,339.0,Phylloscopus humei,Hume's Warbler,0.5391,psl6,2024,05,27,08
342.0,345.0,Phylloscopus humei,Hume's Warbler,0.9168,psl6,2024,05,27,08
345.0,348.0,Phylloscopus trochiloides,Greenish Warbler,0.7455,psl6,2024,05,27,08
354.0,357.0,Luscinia phaenicuroides,White-bellied Redstart,0.6813,psl6,2024,05,27,08
360.0,363.0,Phylloscopus humei,Hume's Warbler,0.8514,psl6,2024,05,27,08
393.0,396.0,Phylloscopus trochiloides,Greenish Warbler,0.7892,psl6,2024,05,27,08
405.0,408.0,Phylloscopus trochiloides,Greenish Warbler,0.6255,psl6,2024,05,27,08
477.0,480.0,Phylloscopus trochiloides,Greenish Warbler,0.6097,psl6,2024,05,27,08
480.0,483.0,Phylloscopus trochiloides,Greenish Warbler,0.5733,psl6,2024,05,27,08
510.0,513.0,Phylloscopus nitidus,Green Warbler,0.649,psl6,2024,05,27,08
519.0,522.0,Phylloscopus trochiloides,Greenish Warbler,0.7383,psl6,2024,05,27,08
534.0,537.0,Phylloscopus trochiloides,Greenish Warbler,0.5059,psl6,2024,05,27,08
543.0,546.0,Phylloscopus trochiloides,Greenish Warbler,0.6244,psl6,2024,05,27,08
546.0,549.0,Phylloscopus trochiloides,Greenish Warbler,0.6289,psl6,2024,05,27,08
552.0,555.0,Phylloscopus affinis,Tickell's Leaf Warbler,0.6781,psl6,2024,05,27,08
558.0,561.0,Phylloscopus trochiloides,Greenish Warbler,0.5013,psl6,2024,05,27,08
594.0,597.0,Phylloscopus humei,Hume's Warbler,0.6835,psl6,2024,05,27,08
621.0,624.0,Phylloscopus trochiloides,Greenish Warbler,0.8783,psl6,2024,05,27,08
636.0,639.0,Luscinia phaenicuroides,White-bellied Redstart,0.5979,psl6,2024,05,27,08
657.0,660.0,Phylloscopus trochiloides,Greenish Warbler,0.6137,psl6,2024,05,27,08
669.0,672.0,Phylloscopus trochiloides,Greenish Warbler,0.7715,psl6,2024,05,27,08
702.0,705.0,Phylloscopus trochiloides,Greenish Warbler,0.5378,psl6,2024,05,27,08
711.0,714.0,Lophorina superba,Greater Lophorina,0.5173,psl6,2024,05,27,08
726.0,729.0,Phylloscopus trochiloides,Greenish Warbler,0.6538,psl6,2024,05,27,08
789.0,792.0,Phylloscopus trochiloides,Greenish Warbler,0.8369,psl6,2024,05,27,08
804.0,807.0,Phylloscopus trochiloides,Greenish Warbler,0.7687,psl6,2024,05,27,08
804.0,807.0,Phylloscopus nitidus,Green Warbler,0.5496,psl6,2024,05,27,08
831.0,834.0,Phylloscopus trochiloides,Greenish Warbler,0.6783,psl6,2024,05,27,08
855.0,858.0,Anthus hodgsoni,Olive-backed Pipit,0.7468,psl6,2024,05,27,08
858.0,861.0,Phylloscopus nitidus,Green Warbler,0.7233,psl6,2024,05,27,08
858.0,861.0,Phylloscopus trochiloides,Greenish Warbler,0.614,psl6,2024,05,27,08
861.0,864.0,Phylloscopus humei,Hume's Warbler,0.7457,psl6,2024,05,27,08
867.0,870.0,Phylloscopus humei,Hume's Warbler,0.8079,psl6,2024,05,27,08
870.0,873.0,Phylloscopus humei,Hume's Warbler,0.9986,psl6,2024,05,27,08
873.0,876.0,Phylloscopus humei,Hume's Warbler,0.9373,psl6,2024,05,27,08
894.0,897.0,Phylloscopus humei,Hume's Warbler,0.8257,psl6,2024,05,27,08
57.0,60.0,Phylloscopus humei,Hume's Warbler,0.8598,psl6,2024,05,27,09
84.0,87.0,Phylloscopus humei,Hume's Warbler,0.7731,psl6,2024,05,27,09
84.0,87.0,Luscinia phaenicuroides,White-bellied Redstart,0.6919,psl6,2024,05,27,09
120.0,123.0,Phylloscopus humei,Hume's Warbler,0.7906,psl6,2024,05,27,09
144.0,147.0,Lophophorus impejanus,Himalayan Monal,0.7068,psl6,2024,05,27,09
162.0,165.0,Lophophorus impejanus,Himalayan Monal,0.5612,psl6,2024,05,27,09
177.0,180.0,Lophophorus impejanus,Himalayan Monal,0.5145,psl6,2024,05,27,09
225.0,228.0,Phylloscopus humei,Hume's Warbler,0.6239,psl6,2024,05,27,09
414.0,417.0,Phylloscopus humei,Hume's Warbler,0.6708,psl6,2024,05,27,09
444.0,447.0,Phylloscopus occipitalis,Western Crowned Warbler,0.5592,psl6,2024,05,27,09
480.0,483.0,Phylloscopus occipitalis,Western Crowned Warbler,0.7342,psl6,2024,05,27,09
489.0,492.0,Phylloscopus occipitalis,Western Crowned Warbler,0.624,psl6,2024,05,27,09
510.0,513.0,Phylloscopus trochiloides,Greenish Warbler,0.7874,psl6,2024,05,27,09
522.0,525.0,Phylloscopus trochiloides,Greenish Warbler,0.7403,psl6,2024,05,27,09
615.0,618.0,Phylloscopus affinis,Tickell's Leaf Warbler,0.507,psl6,2024,05,27,09
618.0,621.0,Phylloscopus trochiloides,Greenish Warbler,0.5679,psl6,2024,05,27,09
684.0,687.0,Phylloscopus trochiloides,Greenish Warbler,0.5911,psl6,2024,05,27,09
756.0,759.0,Phylloscopus trochiloides,Greenish Warbler,0.5593,psl6,2024,05,27,09
864.0,867.0,Phylloscopus trochiloides,Greenish Warbler,0.7871,psl6,2024,05,27,09
867.0,870.0,Prunella strophiata,Rufous-breasted Accentor,0.5387,psl6,2024,05,27,09
870.0,873.0,Phylloscopus occipitalis,Western Crowned Warbler,0.8898,psl6,2024,05,27,09
891.0,894.0,Phylloscopus trochiloides,Greenish Warbler,0.6337,psl6,2024,05,27,09
15.0,18.0,Phylloscopus humei,Hume's Warbler,0.5383,psl6,2024,05,28,06
18.0,21.0,Phylloscopus occipitalis,Western Crowned Warbler,0.931,psl6,2024,05,28,06
27.0,30.0,Phylloscopus occipitalis,Western Crowned Warbler,0.7024,psl6,2024,05,28,06
30.0,33.0,Phylloscopus occipitalis,Western Crowned Warbler,0.5611,psl6,2024,05,28,06
66.0,69.0,Trochalopteron variegatum,Variegated Laughingthrush,0.6392,psl6,2024,05,28,06
72.0,75.0,Trochalopteron variegatum,Variegated Laughingthrush,0.8328,psl6,2024,05,28,06
78.0,81.0,Trochalopteron variegatum,Variegated Laughingthrush,0.5946,psl6,2024,05,28,06
84.0,87.0,Trochalopteron variegatum,Variegated Laughingthrush,0.5191,psl6,2024,05,28,06
90.0,93.0,Phylloscopus occipitalis,Western Crowned Warbler,0.698,psl6,2024,05,28,06
99.0,102.0,Trochalopteron variegatum,Variegated Laughingthrush,0.6403,psl6,2024,05,28,06
102.0,105.0,Ficedula tricolor,Slaty-blue Flycatcher,0.808,psl6,2024,05,28,06
105.0,108.0,Trochalopteron variegatum,Variegated Laughingthrush,0.6711,psl6,2024,05,28,06
114.0,117.0,Trochalopteron variegatum,Variegated Laughingthrush,0.7778,psl6,2024,05,28,06
117.0,120.0,Ficedula tricolor,Slaty-blue Flycatcher,0.6663,psl6,2024,05,28,06
120.0,123.0,Ficedula tricolor,Slaty-blue Flycatcher,0.8928,psl6,2024,05,28,06
144.0,147.0,Trochalopteron variegatum,Variegated Laughingthrush,0.8612,psl6,2024,05,28,06
150.0,153.0,Trochalopteron variegatum,Variegated Laughingthrush,0.8131,psl6,2024,05,28,06
156.0,159.0,Trochalopteron variegatum,Variegated Laughingthrush,0.9549,psl6,2024,05,28,06
159.0,162.0,Ficedula tricolor,Slaty-blue Flycatcher,0.5643,psl6,2024,05,28,06
168.0,171.0,Ficedula tricolor,Slaty-blue Flycatcher,0.6113,psl6,2024,05,28,06
171.0,174.0,Trochalopteron variegatum,Variegated Laughingthrush,0.8617,psl6,2024,05,28,06
177.0,180.0,Trochalopteron variegatum,Variegated Laughingthrush,0.924,psl6,2024,05,28,06
180.0,183.0,Ficedula tricolor,Slaty-blue Flycatcher,0.763,psl6,2024,05,28,06
183.0,186.0,Trochalopteron variegatum,Variegated Laughingthrush,0.5795,psl6,2024,05,28,06
189.0,192.0,Phylloscopus trochiloides,Greenish Warbler,0.5275,psl6,2024,05,28,06
192.0,195.0,Trochalopteron variegatum,Variegated Laughingthrush,0.7869,psl6,2024,05,28,06
195.0,198.0,Ficedula tricolor,Slaty-blue Flycatcher,0.9519,psl6,2024,05,28,06
195.0,198.0,Cettia castaneocoronata,Chestnut-headed Tesia,0.6484,psl6,2024,05,28,06
198.0,201.0,Trochalopteron variegatum,Variegated Laughingthrush,0.7329,psl6,2024,05,28,06
201.0,204.0,Phylloscopus trochiloides,Greenish Warbler,0.7984,psl6,2024,05,28,06
204.0,207.0,Trochalopteron variegatum,Variegated Laughingthrush,0.8397,psl6,2024,05,28,06
216.0,219.0,Trochalopteron variegatum,Variegated Laughingthrush,0.7881,psl6,2024,05,28,06
231.0,234.0,Trochalopteron variegatum,Variegated Laughingthrush,0.9296,psl6,2024,05,28,06
243.0,246.0,Trochalopteron variegatum,Variegated Laughingthrush,0.8623,psl6,2024,05,28,06
246.0,249.0,Trochalopteron variegatum,Variegated Laughingthrush,0.5126,psl6,2024,05,28,06
258.0,261.0,Trochalopteron variegatum,Variegated Laughingthrush,0.7889,psl6,2024,05,28,06
273.0,276.0,Ficedula tricolor,Slaty-blue Flycatcher,0.5742,psl6,2024,05,28,06
279.0,282.0,Ficedula tricolor,Slaty-blue Flycatcher,0.5602,psl6,2024,05,28,06
282.0,285.0,Phylloscopus trochiloides,Greenish Warbler,0.5773,psl6,2024,05,28,06
288.0,291.0,Trochalopteron variegatum,Variegated Laughingthrush,0.6932,psl6,2024,05,28,06
300.0,303.0,Ficedula tricolor,Slaty-blue Flycatcher,0.6806,psl6,2024,05,28,06
327.0,330.0,Ficedula tricolor,Slaty-blue Flycatcher,0.7652,psl6,2024,05,28,06
333.0,336.0,Phylloscopus trochiloides,Greenish Warbler,0.5275,psl6,2024,05,28,06
360.0,363.0,Ficedula tricolor,Slaty-blue Flycatcher,0.7877,psl6,2024,05,28,06
438.0,441.0,Phylloscopus humei,Hume's Warbler,0.7363,psl6,2024,05,28,06
441.0,444.0,Phylloscopus trochiloides,Greenish Warbler,0.5343,psl6,2024,05,28,06
495.0,498.0,Phylloscopus humei,Hume's Warbler,0.9612,psl6,2024,05,28,06
555.0,558.0,Phylloscopus humei,Hume's Warbler,0.513,psl6,2024,05,28,06
564.0,567.0,Phylloscopus humei,Hume's Warbler,0.5297,psl6,2024,05,28,06
594.0,597.0,Lophorina superba,Greater Lophorina,0.6776,psl6,2024,05,28,06
639.0,642.0,Lophorina superba,Greater Lophorina,0.6336,psl6,2024,05,28,06
654.0,657.0,Phylloscopus occipitalis,Western Crowned Warbler,0.956,psl6,2024,05,28,06
666.0,669.0,Phylloscopus occipitalis,Western Crowned Warbler,0.9392,psl6,2024,05,28,06
672.0,675.0,Phylloscopus occipitalis,Western Crowned Warbler,0.6251,psl6,2024,05,28,06
684.0,687.0,Phylloscopus occipitalis,Western Crowned Warbler,0.7005,psl6,2024,05,28,06
729.0,732.0,Lophorina superba,Greater Lophorina,0.5472,psl6,2024,05,28,06
753.0,756.0,Lophorina superba,Greater Lophorina,0.558,psl6,2024,05,28,06
822.0,825.0,Phylloscopus humei,Hume's Warbler,0.6105,psl6,2024,05,28,06
864.0,867.0,Phylloscopus trochiloides,Greenish Warbler,0.9655,psl6,2024,05,28,06
864.0,867.0,Phylloscopus nitidus,Green Warbler,0.6652,psl6,2024,05,28,06
894.0,897.0,Yuhina flavicollis,Whiskered Yuhina,0.5345,psl6,2024,05,28,06
3.0,6.0,Lophorina superba,Greater Lophorina,0.5368,psl6,2024,05,28,07
105.0,108.0,Phylloscopus humei,Hume's Warbler,0.5661,psl6,2024,05,28,07
135.0,138.0,Phylloscopus trochiloides,Greenish Warbler,0.555,psl6,2024,05,28,07
153.0,156.0,Zosterops simplex,Swinhoe's White-eye,0.5029,psl6,2024,05,28,07
156.0,159.0,Phylloscopus trochiloides,Greenish Warbler,0.584,psl6,2024,05,28,07
168.0,171.0,Phylloscopus trochiloides,Greenish Warbler,0.8996,psl6,2024,05,28,07
204.0,207.0,Phylloscopus trochiloides,Greenish Warbler,0.8257,psl6,2024,05,28,07
207.0,210.0,Anthus hodgsoni,Olive-backed Pipit,0.9522,psl6,2024,05,28,07
219.0,222.0,Lophorina superba,Greater Lophorina,0.5621,psl6,2024,05,28,07
222.0,225.0,Phylloscopus humei,Hume's Warbler,0.5332,psl6,2024,05,28,07
240.0,243.0,Phylloscopus humei,Hume's Warbler,0.9369,psl6,2024,05,28,07
243.0,246.0,Phylloscopus humei,Hume's Warbler,0.5899,psl6,2024,05,28,07
249.0,252.0,Phylloscopus humei,Hume's Warbler,0.7284,psl6,2024,05,28,07
258.0,261.0,Phylloscopus humei,Hume's Warbler,0.8695,psl6,2024,05,28,07
261.0,264.0,Phylloscopus humei,Hume's Warbler,0.7133,psl6,2024,05,28,07
270.0,273.0,Phylloscopus humei,Hume's Warbler,0.5461,psl6,2024,05,28,07
273.0,276.0,Zosterops japonicus,Warbling White-eye,0.572,psl6,2024,05,28,07
318.0,321.0,Phylloscopus trochiloides,Greenish Warbler,0.7197,psl6,2024,05,28,07
330.0,333.0,Phylloscopus trochiloides,Greenish Warbler,0.5847,psl6,2024,05,28,07
330.0,333.0,Phylloscopus nitidus,Green Warbler,0.5282,psl6,2024,05,28,07
333.0,336.0,Anthus hodgsoni,Olive-backed Pipit,0.6179,psl6,2024,05,28,07
336.0,339.0,Anthus hodgsoni,Olive-backed Pipit,0.5057,psl6,2024,05,28,07
351.0,354.0,Phylloscopus trochiloides,Greenish Warbler,0.6592,psl6,2024,05,28,07
384.0,387.0,Phylloscopus trochiloides,Greenish Warbler,0.6564,psl6,2024,05,28,07
444.0,447.0,Phylloscopus trochiloides,Greenish Warbler,0.5857,psl6,2024,05,28,07
465.0,468.0,Phylloscopus trochiloides,Greenish Warbler,0.8422,psl6,2024,05,28,07
471.0,474.0,Larvivora brunnea,Indian Blue Robin,0.6632,psl6,2024,05,28,07
498.0,501.0,Larvivora brunnea,Indian Blue Robin,0.5249,psl6,2024,05,28,07
510.0,513.0,Phylloscopus trochiloides,Greenish Warbler,0.8582,psl6,2024,05,28,07
519.0,522.0,Phylloscopus trochiloides,Greenish Warbler,0.6267,psl6,2024,05,28,07
576.0,579.0,Phylloscopus trochiloides,Greenish Warbler,0.5745,psl6,2024,05,28,07
639.0,642.0,Phylloscopus humei,Hume's Warbler,0.8128,psl6,2024,05,28,07
657.0,660.0,Phylloscopus humei,Hume's Warbler,0.64,psl6,2024,05,28,07
732.0,735.0,Phylloscopus humei,Hume's Warbler,0.7969,psl6,2024,05,28,07
741.0,744.0,Phylloscopus humei,Hume's Warbler,0.6098,psl6,2024,05,28,07
765.0,768.0,Phylloscopus humei,Hume's Warbler,0.7469,psl6,2024,05,28,07
783.0,786.0,Phylloscopus humei,Hume's Warbler,0.5789,psl6,2024,05,28,07
852.0,855.0,Phylloscopus humei,Hume's Warbler,0.594,psl6,2024,05,28,07
864.0,867.0,Phylloscopus humei,Hume's Warbler,0.9619,psl6,2024,05,28,07
69.0,72.0,Tarsiger rufilatus,Himalayan Bluetail,0.5895,psl6,2024,05,28,08
72.0,75.0,Tarsiger rufilatus,Himalayan Bluetail,0.9622,psl6,2024,05,28,08
75.0,78.0,Tarsiger rufilatus,Himalayan Bluetail,0.5029,psl6,2024,05,28,08
81.0,84.0,Tarsiger rufilatus,Himalayan Bluetail,0.8273,psl6,2024,05,28,08
90.0,93.0,Tarsiger rufilatus,Himalayan Bluetail,0.8649,psl6,2024,05,28,08
96.0,99.0,Tarsiger rufilatus,Himalayan Bluetail,0.7388,psl6,2024,05,28,08
102.0,105.0,Tarsiger rufilatus,Himalayan Bluetail,0.538,psl6,2024,05,28,08
105.0,108.0,Tarsiger rufilatus,Himalayan Bluetail,0.9506,psl6,2024,05,28,08
108.0,111.0,Tarsiger rufilatus,Himalayan Bluetail,0.9143,psl6,2024,05,28,08
111.0,114.0,Tarsiger rufilatus,Himalayan Bluetail,0.7173,psl6,2024,05,28,08
138.0,141.0,Tarsiger rufilatus,Himalayan Bluetail,0.8016,psl6,2024,05,28,08
141.0,144.0,Tarsiger rufilatus,Himalayan Bluetail,0.5161,psl6,2024,05,28,08
144.0,147.0,Phylloscopus humei,Hume's Warbler,0.5258,psl6,2024,05,28,08
162.0,165.0,Phylloscopus humei,Hume's Warbler,0.7375,psl6,2024,05,28,08
183.0,186.0,Phylloscopus humei,Hume's Warbler,0.6306,psl6,2024,05,28,08
189.0,192.0,Phylloscopus trochiloides,Greenish Warbler,0.5389,psl6,2024,05,28,08
192.0,195.0,Phylloscopus humei,Hume's Warbler,0.7182,psl6,2024,05,28,08
201.0,204.0,Phylloscopus humei,Hume's Warbler,0.518,psl6,2024,05,28,08
222.0,225.0,Phylloscopus humei,Hume's Warbler,0.9026,psl6,2024,05,28,08
228.0,231.0,Phylloscopus humei,Hume's Warbler,0.9278,psl6,2024,05,28,08
252.0,255.0,Phylloscopus humei,Hume's Warbler,0.7631,psl6,2024,05,28,08
261.0,264.0,Phylloscopus humei,Hume's Warbler,0.8421,psl6,2024,05,28,08
270.0,273.0,Phylloscopus humei,Hume's Warbler,0.7054,psl6,2024,05,28,08
291.0,294.0,Ficedula tricolor,Slaty-blue Flycatcher,0.5788,psl6,2024,05,28,08
420.0,423.0,Phylloscopus trochiloides,Greenish Warbler,0.5173,psl6,2024,05,28,08
450.0,453.0,Polioptila caerulea,Blue-gray Gnatcatcher,0.587,psl6,2024,05,28,08
507.0,510.0,Zosterops simplex,Swinhoe's White-eye,0.5184,psl6,2024,05,28,08
546.0,549.0,Phylloscopus humei,Hume's Warbler,0.8093,psl6,2024,05,28,08
549.0,552.0,Phylloscopus humei,Hume's Warbler,0.8527,psl6,2024,05,28,08
570.0,573.0,Phylloscopus trochiloides,Greenish Warbler,0.579,psl6,2024,05,28,08
594.0,597.0,Phylloscopus nitidus,Green Warbler,0.6881,psl6,2024,05,28,08
618.0,621.0,Ficedula tricolor,Slaty-blue Flycatcher,0.7562,psl6,2024,05,28,08
660.0,663.0,Phylloscopus trochiloides,Greenish Warbler,0.7957,psl6,2024,05,28,08
660.0,663.0,Phylloscopus nitidus,Green Warbler,0.501,psl6,2024,05,28,08
663.0,666.0,Ficedula tricolor,Slaty-blue Flycatcher,0.6955,psl6,2024,05,28,08
669.0,672.0,Ficedula tricolor,Slaty-blue Flycatcher,0.5812,psl6,2024,05,28,08
681.0,684.0,Ficedula tricolor,Slaty-blue Flycatcher,0.6836,psl6,2024,05,28,08
690.0,693.0,Ficedula tricolor,Slaty-blue Flycatcher,0.7282,psl6,2024,05,28,08
696.0,699.0,Phylloscopus trochiloides,Greenish Warbler,0.54,psl6,2024,05,28,08
714.0,717.0,Luscinia phaenicuroides,White-bellied Redstart,0.5982,psl6,2024,05,28,08
744.0,747.0,Ficedula tricolor,Slaty-blue Flycatcher,0.7932,psl6,2024,05,28,08
765.0,768.0,Ficedula tricolor,Slaty-blue Flycatcher,0.5256,psl6,2024,05,28,08
771.0,774.0,Ficedula tricolor,Slaty-blue Flycatcher,0.7133,psl6,2024,05,28,08
789.0,792.0,Ficedula tricolor,Slaty-blue Flycatcher,0.8224,psl6,2024,05,28,08
837.0,840.0,Ficedula tricolor,Slaty-blue Flycatcher,0.6787,psl6,2024,05,28,08
843.0,846.0,Phylloscopus humei,Hume's Warbler,0.5049,psl6,2024,05,28,08
888.0,891.0,Ficedula tricolor,Slaty-blue Flycatcher,0.6274,psl6,2024,05,28,08
63.0,66.0,Phylloscopus humei,Hume's Warbler,0.5607,psl6,2024,05,28,09
96.0,99.0,Phylloscopus humei,Hume's Warbler,0.5858,psl6,2024,05,28,09
99.0,102.0,Phylloscopus humei,Hume's Warbler,0.8936,psl6,2024,05,28,09
129.0,132.0,Phylloscopus humei,Hume's Warbler,0.5075,psl6,2024,05,28,09
228.0,231.0,Anthus hodgsoni,Olive-backed Pipit,0.7636,psl6,2024,05,28,09
264.0,267.0,Anthus hodgsoni,Olive-backed Pipit,0.77,psl6,2024,05,28,09
273.0,276.0,Zosterops simplex,Swinhoe's White-eye,0.6717,psl6,2024,05,28,09
360.0,363.0,Anthus hodgsoni,Olive-backed Pipit,0.6674,psl6,2024,05,28,09
459.0,462.0,Phylloscopus occipitalis,Western Crowned Warbler,0.5215,psl6,2024,05,28,09
501.0,504.0,Phylloscopus occipitalis,Western Crowned Warbler,0.6437,psl6,2024,05,28,09
507.0,510.0,Phylloscopus trochiloides,Greenish Warbler,0.5401,psl6,2024,05,28,09
537.0,540.0,Prunella strophiata,Rufous-breasted Accentor,0.5779,psl6,2024,05,28,09
558.0,561.0,Phylloscopus nitidus,Green Warbler,0.534,psl6,2024,05,28,09
597.0,600.0,Phylloscopus occipitalis,Western Crowned Warbler,0.5042,psl6,2024,05,28,09
630.0,633.0,Phylloscopus humei,Hume's Warbler,0.7427,psl6,2024,05,28,09
684.0,687.0,Phylloscopus trochiloides,Greenish Warbler,0.7695,psl6,2024,05,28,09
753.0,756.0,Phylloscopus trochiloides,Greenish Warbler,0.5743,psl6,2024,05,28,09
792.0,795.0,Larvivora brunnea,Indian Blue Robin,0.9422,psl6,2024,05,28,09
45.0,48.0,Lophorina superba,Greater Lophorina,0.6199,psl6,2024,05,29,06
126.0,129.0,Phylloscopus humei,Hume's Warbler,0.6769,psl6,2024,05,29,06
147.0,150.0,Phylloscopus humei,Hume's Warbler,0.6262,psl6,2024,05,29,06
201.0,204.0,Phylloscopus occipitalis,Western Crowned Warbler,0.7432,psl6,2024,05,29,06
207.0,210.0,Phylloscopus trochiloides,Greenish Warbler,0.8773,psl6,2024,05,29,06
228.0,231.0,Phylloscopus occipitalis,Western Crowned Warbler,0.6098,psl6,2024,05,29,06
231.0,234.0,Phylloscopus trochiloides,Greenish Warbler,0.76,psl6,2024,05,29,06
240.0,243.0,Phylloscopus trochiloides,Greenish Warbler,0.8678,psl6,2024,05,29,06
255.0,258.0,Phylloscopus trochiloides,Greenish Warbler,0.9166,psl6,2024,05,29,06
267.0,270.0,Phylloscopus trochiloides,Greenish Warbler,0.717,psl6,2024,05,29,06
291.0,294.0,Phylloscopus trochiloides,Greenish Warbler,0.5831,psl6,2024,05,29,06
306.0,309.0,Phylloscopus trochiloides,Greenish Warbler,0.7109,psl6,2024,05,29,06
309.0,312.0,Ficedula tricolor,Slaty-blue Flycatcher,0.9021,psl6,2024,05,29,06
315.0,318.0,Ficedula tricolor,Slaty-blue Flycatcher,0.745,psl6,2024,05,29,06
318.0,321.0,Phylloscopus trochiloides,Greenish Warbler,0.9199,psl6,2024,05,29,06
339.0,342.0,Phylloscopus trochiloides,Greenish Warbler,0.7494,psl6,2024,05,29,06
342.0,345.0,Phylloscopus trochiloides,Greenish Warbler,0.7348,psl6,2024,05,29,06
351.0,354.0,Lophophorus impejanus,Himalayan Monal,0.6761,psl6,2024,05,29,06
384.0,387.0,Phylloscopus humei,Hume's Warbler,0.6935,psl6,2024,05,29,06
396.0,399.0,Lophorina superba,Greater Lophorina,0.7358,psl6,2024,05,29,06
402.0,405.0,Phylloscopus nitidus,Green Warbler,0.5804,psl6,2024,05,29,06
405.0,408.0,Phylloscopus trochiloides,Greenish Warbler,0.8889,psl6,2024,05,29,06
438.0,441.0,Phylloscopus trochiloides,Greenish Warbler,0.5413,psl6,2024,05,29,06
441.0,444.0,Phylloscopus trochiloides,Greenish Warbler,0.5015,psl6,2024,05,29,06
462.0,465.0,Phylloscopus trochiloides,Greenish Warbler,0.7492,psl6,2024,05,29,06
477.0,480.0,Phylloscopus trochiloides,Greenish Warbler,0.8882,psl6,2024,05,29,06
477.0,480.0,Phylloscopus nitidus,Green Warbler,0.5636,psl6,2024,05,29,06
486.0,489.0,Lophorina superba,Greater Lophorina,0.5232,psl6,2024,05,29,06
489.0,492.0,Zosterops japonicus,Warbling White-eye,0.6394,psl6,2024,05,29,06
501.0,504.0,Phylloscopus trochiloides,Greenish Warbler,0.7771,psl6,2024,05,29,06
504.0,507.0,Phylloscopus trochiloides,Greenish Warbler,0.5136,psl6,2024,05,29,06
516.0,519.0,Phylloscopus trochiloides,Greenish Warbler,0.7447,psl6,2024,05,29,06
528.0,531.0,Phylloscopus trochiloides,Greenish Warbler,0.502,psl6,2024,05,29,06
540.0,543.0,Phylloscopus trochiloides,Greenish Warbler,0.5305,psl6,2024,05,29,06
564.0,567.0,Phylloscopus trochiloides,Greenish Warbler,0.5396,psl6,2024,05,29,06
588.0,591.0,Phylloscopus trochiloides,Greenish Warbler,0.7625,psl6,2024,05,29,06
588.0,591.0,Phylloscopus nitidus,Green Warbler,0.7096,psl6,2024,05,29,06
612.0,615.0,Phylloscopus trochiloides,Greenish Warbler,0.878,psl6,2024,05,29,06
624.0,627.0,Phylloscopus trochiloides,Greenish Warbler,0.6873,psl6,2024,05,29,06
648.0,651.0,Phylloscopus nitidus,Green Warbler,0.6571,psl6,2024,05,29,06
657.0,660.0,Phylloscopus trochiloides,Greenish Warbler,0.6802,psl6,2024,05,29,06
660.0,663.0,Phylloscopus trochiloides,Greenish Warbler,0.5005,psl6,2024,05,29,06
672.0,675.0,Phylloscopus trochiloides,Greenish Warbler,0.7858,psl6,2024,05,29,06
693.0,696.0,Phylloscopus trochiloides,Greenish Warbler,0.9313,psl6,2024,05,29,06
699.0,702.0,Phylloscopus humei,Hume's Warbler,0.5108,psl6,2024,05,29,06
717.0,720.0,Phylloscopus trochiloides,Greenish Warbler,0.7442,psl6,2024,05,29,06
720.0,723.0,Phylloscopus trochiloides,Greenish Warbler,0.5702,psl6,2024,05,29,06
729.0,732.0,Phylloscopus trochiloides,Greenish Warbler,0.7972,psl6,2024,05,29,06
741.0,744.0,Phylloscopus trochiloides,Greenish Warbler,0.6552,psl6,2024,05,29,06
750.0,753.0,Lophorina superba,Greater Lophorina,0.7696,psl6,2024,05,29,06
753.0,756.0,Phylloscopus trochiloides,Greenish Warbler,0.551,psl6,2024,05,29,06
765.0,768.0,Phylloscopus nitidus,Green Warbler,0.511,psl6,2024,05,29,06
774.0,777.0,Phylloscopus nitidus,Green Warbler,0.9072,psl6,2024,05,29,06
777.0,780.0,Phylloscopus trochiloides,Greenish Warbler,0.9328,psl6,2024,05,29,06
789.0,792.0,Phylloscopus trochiloides,Greenish Warbler,0.7782,psl6,2024,05,29,06
825.0,828.0,Phylloscopus nitidus,Green Warbler,0.6671,psl6,2024,05,29,06
825.0,828.0,Phylloscopus trochiloides,Greenish Warbler,0.5751,psl6,2024,05,29,06
846.0,849.0,Phylloscopus trochiloides,Greenish Warbler,0.6879,psl6,2024,05,29,06
858.0,861.0,Phylloscopus trochiloides,Greenish Warbler,0.8498,psl6,2024,05,29,06
870.0,873.0,Phylloscopus trochiloides,Greenish Warbler,0.7866,psl6,2024,05,29,06
873.0,876.0,Phylloscopus maculipennis,Ashy-throated Warbler,0.5705,psl6,2024,05,29,06
876.0,879.0,Lophorina superba,Greater Lophorina,0.6491,psl6,2024,05,29,06
894.0,897.0,Phylloscopus nitidus,Green Warbler,0.8575,psl6,2024,05,29,06
894.0,897.0,Phylloscopus trochiloides,Greenish Warbler,0.5141,psl6,2024,05,29,06
12.0,15.0,Carpodacus erythrinus,Common Rosefinch,0.817,psl6,2024,05,29,07
75.0,78.0,Zosterops simplex,Swinhoe's White-eye,0.5845,psl6,2024,05,29,07
78.0,81.0,Phylloscopus humei,Hume's Warbler,0.7308,psl6,2024,05,29,07
81.0,84.0,Zosterops simplex,Swinhoe's White-eye,0.7892,psl6,2024,05,29,07
87.0,90.0,Phylloscopus humei,Hume's Warbler,0.5816,psl6,2024,05,29,07
96.0,99.0,Zosterops simplex,Swinhoe's White-eye,0.51,psl6,2024,05,29,07
108.0,111.0,Phylloscopus humei,Hume's Warbler,0.6925,psl6,2024,05,29,07
114.0,117.0,Zosterops simplex,Swinhoe's White-eye,0.6315,psl6,2024,05,29,07
171.0,174.0,Phylloscopus trochiloides,Greenish Warbler,0.5648,psl6,2024,05,29,07
231.0,234.0,Phylloscopus trochiloides,Greenish Warbler,0.7518,psl6,2024,05,29,07
237.0,240.0,Phylloscopus humei,Hume's Warbler,0.7842,psl6,2024,05,29,07
243.0,246.0,Phylloscopus trochiloides,Greenish Warbler,0.5189,psl6,2024,05,29,07
438.0,441.0,Carpodacus erythrinus,Common Rosefinch,0.8664,psl6,2024,05,29,07
441.0,444.0,Carpodacus erythrinus,Common Rosefinch,0.5876,psl6,2024,05,29,07
447.0,450.0,Carpodacus erythrinus,Common Rosefinch,0.8067,psl6,2024,05,29,07
456.0,459.0,Carpodacus erythrinus,Common Rosefinch,0.7053,psl6,2024,05,29,07
462.0,465.0,Carpodacus erythrinus,Common Rosefinch,0.8473,psl6,2024,05,29,07
468.0,471.0,Carpodacus erythrinus,Common Rosefinch,0.6537,psl6,2024,05,29,07
471.0,474.0,Carpodacus erythrinus,Common Rosefinch,0.8899,psl6,2024,05,29,07
480.0,483.0,Carpodacus erythrinus,Common Rosefinch,0.8024,psl6,2024,05,29,07
486.0,489.0,Carpodacus erythrinus,Common Rosefinch,0.9011,psl6,2024,05,29,07
492.0,495.0,Carpodacus erythrinus,Common Rosefinch,0.743,psl6,2024,05,29,07
495.0,498.0,Luscinia phaenicuroides,White-bellied Redstart,0.5483,psl6,2024,05,29,07
534.0,537.0,Luscinia phaenicuroides,White-bellied Redstart,0.7192,psl6,2024,05,29,07
669.0,672.0,Phylloscopus humei,Hume's Warbler,0.6481,psl6,2024,05,29,07
681.0,684.0,Trochalopteron erythrocephalum,Chestnut-crowned Laughingthrush,0.5495,psl6,2024,05,29,07
720.0,723.0,Phylloscopus humei,Hume's Warbler,0.9186,psl6,2024,05,29,07
726.0,729.0,Phylloscopus occipitalis,Western Crowned Warbler,0.6227,psl6,2024,05,29,07
735.0,738.0,Phylloscopus occipitalis,Western Crowned Warbler,0.6351,psl6,2024,05,29,07
741.0,744.0,Phylloscopus occipitalis,Western Crowned Warbler,0.6996,psl6,2024,05,29,07
747.0,750.0,Phylloscopus humei,Hume's Warbler,0.9133,psl6,2024,05,29,07
753.0,756.0,Phylloscopus occipitalis,Western Crowned Warbler,0.626,psl6,2024,05,29,07
759.0,762.0,Phylloscopus occipitalis,Western Crowned Warbler,0.8253,psl6,2024,05,29,07
816.0,819.0,Trochalopteron variegatum,Variegated Laughingthrush,0.6306,psl6,2024,05,29,07
885.0,888.0,Ficedula parva,Red-breasted Flycatcher,0.5289,psl6,2024,05,29,07
12.0,15.0,Phylloscopus humei,Hume's Warbler,0.6483,psl6,2024,05,29,08
15.0,18.0,Phylloscopus trochiloides,Greenish Warbler,0.6333,psl6,2024,05,29,08
33.0,36.0,Phylloscopus humei,Hume's Warbler,0.7186,psl6,2024,05,29,08
66.0,69.0,Phylloscopus trochiloides,Greenish Warbler,0.5242,psl6,2024,05,29,08
81.0,84.0,Phylloscopus humei,Hume's Warbler,0.6177,psl6,2024,05,29,08
87.0,90.0,Phylloscopus trochiloides,Greenish Warbler,0.6761,psl6,2024,05,29,08
90.0,93.0,Phylloscopus humei,Hume's Warbler,0.6603,psl6,2024,05,29,08
96.0,99.0,Zosterops simplex,Swinhoe's White-eye,0.5868,psl6,2024,05,29,08
111.0,114.0,Phylloscopus nitidus,Green Warbler,0.8073,psl6,2024,05,29,08
111.0,114.0,Phylloscopus trochiloides,Greenish Warbler,0.7681,psl6,2024,05,29,08
132.0,135.0,Lophorina superba,Greater Lophorina,0.5951,psl6,2024,05,29,08
150.0,153.0,Phylloscopus humei,Hume's Warbler,0.6125,psl6,2024,05,29,08
168.0,171.0,Phylloscopus trochiloides,Greenish Warbler,0.6744,psl6,2024,05,29,08
243.0,246.0,Phylloscopus humei,Hume's Warbler,0.5409,psl6,2024,05,29,08
273.0,276.0,Phylloscopus humei,Hume's Warbler,0.8883,psl6,2024,05,29,08
279.0,282.0,Zosterops simplex,Swinhoe's White-eye,0.5228,psl6,2024,05,29,08
282.0,285.0,Phylloscopus humei,Hume's Warbler,0.6659,psl6,2024,05,29,08
309.0,312.0,Phylloscopus humei,Hume's Warbler,0.815,psl6,2024,05,29,08
324.0,327.0,Phylloscopus humei,Hume's Warbler,0.5936,psl6,2024,05,29,08
333.0,336.0,Phylloscopus humei,Hume's Warbler,0.7582,psl6,2024,05,29,08
339.0,342.0,Phylloscopus trochiloides,Greenish Warbler,0.6441,psl6,2024,05,29,08
369.0,372.0,Zosterops simplex,Swinhoe's White-eye,0.5017,psl6,2024,05,29,08
390.0,393.0,Phylloscopus humei,Hume's Warbler,0.6756,psl6,2024,05,29,08
393.0,396.0,Phylloscopus humei,Hume's Warbler,0.8268,psl6,2024,05,29,08
417.0,420.0,Phylloscopus humei,Hume's Warbler,0.6642,psl6,2024,05,29,08
420.0,423.0,Phylloscopus humei,Hume's Warbler,0.7907,psl6,2024,05,29,08
420.0,423.0,Zosterops simplex,Swinhoe's White-eye,0.5713,psl6,2024,05,29,08
432.0,435.0,Phylloscopus humei,Hume's Warbler,0.906,psl6,2024,05,29,08
561.0,564.0,Trochalopteron variegatum,Variegated Laughingthrush,0.591,psl6,2024,05,29,08
654.0,657.0,Prunella strophiata,Rufous-breasted Accentor,0.5745,psl6,2024,05,29,08
738.0,741.0,Trochalopteron variegatum,Variegated Laughingthrush,0.5454,psl6,2024,05,29,08
777.0,780.0,Phylloscopus trochiloides,Greenish Warbler,0.5697,psl6,2024,05,29,08
822.0,825.0,Lophorina superba,Greater Lophorina,0.519,psl6,2024,05,29,08
837.0,840.0,Phylloscopus trochiloides,Greenish Warbler,0.5781,psl6,2024,05,29,08
852.0,855.0,Trochalopteron variegatum,Variegated Laughingthrush,0.5072,psl6,2024,05,29,08
882.0,885.0,Trochalopteron variegatum,Variegated Laughingthrush,0.8324,psl6,2024,05,29,08
96.0,99.0,Trochalopteron variegatum,Variegated Laughingthrush,0.5031,psl6,2024,05,29,09
114.0,117.0,Trochalopteron variegatum,Variegated Laughingthrush,0.6515,psl6,2024,05,29,09
141.0,144.0,Trochalopteron variegatum,Variegated Laughingthrush,0.7667,psl6,2024,05,29,09
213.0,216.0,Phylloscopus humei,Hume's Warbler,0.5685,psl6,2024,05,29,09
267.0,270.0,Trochalopteron variegatum,Variegated Laughingthrush,0.7617,psl6,2024,05,29,09
276.0,279.0,Trochalopteron variegatum,Variegated Laughingthrush,0.8519,psl6,2024,05,29,09
312.0,315.0,Trochalopteron variegatum,Variegated Laughingthrush,0.5215,psl6,2024,05,29,09
318.0,321.0,Trochalopteron variegatum,Variegated Laughingthrush,0.8728,psl6,2024,05,29,09
339.0,342.0,Trochalopteron variegatum,Variegated Laughingthrush,0.8893,psl6,2024,05,29,09
351.0,354.0,Trochalopteron variegatum,Variegated Laughingthrush,0.6046,psl6,2024,05,29,09
354.0,357.0,Trochalopteron variegatum,Variegated Laughingthrush,0.9009,psl6,2024,05,29,09
393.0,396.0,Zosterops simplex,Swinhoe's White-eye,0.5136,psl6,2024,05,29,09
420.0,423.0,Trochalopteron variegatum,Variegated Laughingthrush,0.5252,psl6,2024,05,29,09
540.0,543.0,Lophorina superba,Greater Lophorina,0.5072,psl6,2024,05,29,09
561.0,564.0,Lophorina superba,Greater Lophorina,0.613,psl6,2024,05,29,09
600.0,603.0,Phylloscopus occipitalis,Western Crowned Warbler,0.6236,psl6,2024,05,29,09
603.0,606.0,Phylloscopus occipitalis,Western Crowned Warbler,0.5658,psl6,2024,05,29,09
609.0,612.0,Phylloscopus occipitalis,Western Crowned Warbler,0.9206,psl6,2024,05,29,09
636.0,639.0,Lophorina superba,Greater Lophorina,0.5752,psl6,2024,05,29,09
639.0,642.0,Phylloscopus trochiloides,Greenish Warbler,0.7517,psl6,2024,05,29,09
657.0,660.0,Phylloscopus occipitalis,Western Crowned Warbler,0.5577,psl6,2024,05,29,09
678.0,681.0,Phylloscopus occipitalis,Western Crowned Warbler,0.561,psl6,2024,05,29,09
681.0,684.0,Phylloscopus occipitalis,Western Crowned Warbler,0.8145,psl6,2024,05,29,09
684.0,687.0,Phylloscopus occipitalis,Western Crowned Warbler,0.6713,psl6,2024,05,29,09
696.0,699.0,Zosterops simplex,Swinhoe's White-eye,0.7859,psl6,2024,05,29,09
729.0,732.0,Phylloscopus humei,Hume's Warbler,0.6809,psl6,2024,05,29,09
753.0,756.0,Phylloscopus chloronotus,Lemon-rumped Warbler,0.5322,psl6,2024,05,29,09
756.0,759.0,Phylloscopus occipitalis,Western Crowned Warbler,0.5028,psl6,2024,05,29,09
879.0,882.0,Phylloscopus occipitalis,Western Crowned Warbler,0.571,psl6,2024,05,29,09
396.0,399.0,Phylloscopus humei,Hume's Warbler,0.8086,psl6,2024,05,30,06
504.0,507.0,Carpodacus erythrinus,Common Rosefinch,0.6264,psl6,2024,05,30,06
654.0,657.0,Phylloscopus trochiloides,Greenish Warbler,0.5908,psl6,2024,05,30,06
666.0,669.0,Phylloscopus nitidus,Green Warbler,0.5999,psl6,2024,05,30,06
681.0,684.0,Phylloscopus nitidus,Green Warbler,0.7649,psl6,2024,05,30,06
681.0,684.0,Phylloscopus trochiloides,Greenish Warbler,0.7294,psl6,2024,05,30,06
690.0,693.0,Phylloscopus trochiloides,Greenish Warbler,0.8014,psl6,2024,05,30,06
702.0,705.0,Phylloscopus trochiloides,Greenish Warbler,0.7975,psl6,2024,05,30,06
726.0,729.0,Phylloscopus trochiloides,Greenish Warbler,0.7502,psl6,2024,05,30,06
726.0,729.0,Phylloscopus nitidus,Green Warbler,0.7253,psl6,2024,05,30,06
738.0,741.0,Phylloscopus trochiloides,Greenish Warbler,0.5007,psl6,2024,05,30,06
750.0,753.0,Phylloscopus trochiloides,Greenish Warbler,0.8612,psl6,2024,05,30,06
771.0,774.0,Phylloscopus trochiloides,Greenish Warbler,0.5725,psl6,2024,05,30,06
792.0,795.0,Phylloscopus trochiloides,Greenish Warbler,0.66,psl6,2024,05,30,06
816.0,819.0,Phylloscopus trochiloides,Greenish Warbler,0.8435,psl6,2024,05,30,06
828.0,831.0,Phylloscopus trochiloides,Greenish Warbler,0.7638,psl6,2024,05,30,06
879.0,882.0,Phylloscopus trochiloides,Greenish Warbler,0.6876,psl6,2024,05,30,06
882.0,885.0,Phylloscopus trochiloides,Greenish Warbler,0.8353,psl6,2024,05,30,06
18.0,21.0,Lophophorus impejanus,Himalayan Monal,0.8548,psl6,2024,05,30,07
57.0,60.0,Phylloscopus trochiloides,Greenish Warbler,0.5807,psl6,2024,05,30,07
81.0,84.0,Phylloscopus nitidus,Green Warbler,0.758,psl6,2024,05,30,07
150.0,153.0,Setophaga chrysoparia,Golden-cheeked Warbler,0.592,psl6,2024,05,30,07
249.0,252.0,Phylloscopus humei,Hume's Warbler,0.6978,psl6,2024,05,30,07
261.0,264.0,Phylloscopus humei,Hume's Warbler,0.6236,psl6,2024,05,30,07
408.0,411.0,Zosterops simplex,Swinhoe's White-eye,0.7344,psl6,2024,05,30,07
426.0,429.0,Phylloscopus humei,Hume's Warbler,0.7649,psl6,2024,05,30,07
489.0,492.0,Phylloscopus occipitalis,Western Crowned Warbler,0.8215,psl6,2024,05,30,07
492.0,495.0,Phylloscopus occipitalis,Western Crowned Warbler,0.5922,psl6,2024,05,30,07
522.0,525.0,Phylloscopus occipitalis,Western Crowned Warbler,0.8338,psl6,2024,05,30,07
528.0,531.0,Phylloscopus occipitalis,Western Crowned Warbler,0.5477,psl6,2024,05,30,07
531.0,534.0,Phylloscopus occipitalis,Western Crowned Warbler,0.7028,psl6,2024,05,30,07
537.0,540.0,Phylloscopus occipitalis,Western Crowned Warbler,0.9127,psl6,2024,05,30,07
588.0,591.0,Phylloscopus occipitalis,Western Crowned Warbler,0.6118,psl6,2024,05,30,07
597.0,600.0,Phylloscopus occipitalis,Western Crowned Warbler,0.6067,psl6,2024,05,30,07
600.0,603.0,Phylloscopus occipitalis,Western Crowned Warbler,0.5756,psl6,2024,05,30,07
603.0,606.0,Phylloscopus occipitalis,Western Crowned Warbler,0.6727,psl6,2024,05,30,07
606.0,609.0,Phylloscopus occipitalis,Western Crowned Warbler,0.6684,psl6,2024,05,30,07
609.0,612.0,Phylloscopus occipitalis,Western Crowned Warbler,0.6913,psl6,2024,05,30,07
657.0,660.0,Phylloscopus occipitalis,Western Crowned Warbler,0.54,psl6,2024,05,30,07
663.0,666.0,Phylloscopus occipitalis,Western Crowned Warbler,0.7624,psl6,2024,05,30,07
666.0,669.0,Phylloscopus occipitalis,Western Crowned Warbler,0.9539,psl6,2024,05,30,07
669.0,672.0,Phylloscopus occipitalis,Western Crowned Warbler,0.9626,psl6,2024,05,30,07
672.0,675.0,Phylloscopus occipitalis,Western Crowned Warbler,0.9399,psl6,2024,05,30,07
675.0,678.0,Phylloscopus occipitalis,Western Crowned Warbler,0.967,psl6,2024,05,30,07
678.0,681.0,Phylloscopus occipitalis,Western Crowned Warbler,0.8959,psl6,2024,05,30,07
684.0,687.0,Phylloscopus occipitalis,Western Crowned Warbler,0.7415,psl6,2024,05,30,07
714.0,717.0,Trochalopteron variegatum,Variegated Laughingthrush,0.5403,psl6,2024,05,30,07
27.0,30.0,Zosterops simplex,Swinhoe's White-eye,0.7643,psl6,2024,05,30,08
48.0,51.0,Phylloscopus humei,Hume's Warbler,0.8037,psl6,2024,05,30,08
51.0,54.0,Phylloscopus humei,Hume's Warbler,0.7639,psl6,2024,05,30,08
57.0,60.0,Phylloscopus humei,Hume's Warbler,0.6961,psl6,2024,05,30,08
75.0,78.0,Phylloscopus humei,Hume's Warbler,0.6297,psl6,2024,05,30,08
93.0,96.0,Zosterops simplex,Swinhoe's White-eye,0.7506,psl6,2024,05,30,08
117.0,120.0,Phylloscopus humei,Hume's Warbler,0.832,psl6,2024,05,30,08
120.0,123.0,Phylloscopus humei,Hume's Warbler,0.6616,psl6,2024,05,30,08
144.0,147.0,Periparus ater,Coal Tit,0.5175,psl6,2024,05,30,08
228.0,231.0,Phylloscopus occipitalis,Western Crowned Warbler,0.5833,psl6,2024,05,30,08
333.0,336.0,Phylloscopus inornatus,Yellow-browed Warbler,0.6162,psl6,2024,05,30,08
336.0,339.0,Phylloscopus occipitalis,Western Crowned Warbler,0.5113,psl6,2024,05,30,08
411.0,414.0,Phylloscopus humei,Hume's Warbler,0.5598,psl6,2024,05,30,08
582.0,585.0,Phylloscopus trochiloides,Greenish Warbler,0.7157,psl6,2024,05,30,08
585.0,588.0,Phylloscopus trochiloides,Greenish Warbler,0.7963,psl6,2024,05,30,08
588.0,591.0,Phylloscopus trochiloides,Greenish Warbler,0.9134,psl6,2024,05,30,08
591.0,594.0,Phylloscopus trochiloides,Greenish Warbler,0.6685,psl6,2024,05,30,08
606.0,609.0,Phylloscopus trochiloides,Greenish Warbler,0.8559,psl6,2024,05,30,08
663.0,666.0,Phylloscopus trochiloides,Greenish Warbler,0.5228,psl6,2024,05,30,08
705.0,708.0,Zosterops simplex,Swinhoe's White-eye,0.7217,psl6,2024,05,30,08
714.0,717.0,Phylloscopus humei,Hume's Warbler,0.5828,psl6,2024,05,30,08
810.0,813.0,Larvivora brunnea,Indian Blue Robin,0.5506,psl6,2024,05,30,08
840.0,843.0,Larvivora brunnea,Indian Blue Robin,0.5791,psl6,2024,05,30,08
546.0,549.0,Phylloscopus humei,Hume's Warbler,0.6256,psl6,2024,05,30,09
786.0,789.0,Phylloscopus trochiloides,Greenish Warbler,0.5516,psl6,2024,05,30,09
6.0,9.0,Phylloscopus humei,Hume's Warbler,0.5552,psl6,2024,05,31,06
9.0,12.0,Phylloscopus humei,Hume's Warbler,0.8335,psl6,2024,05,31,06
12.0,15.0,Phylloscopus humei,Hume's Warbler,0.5231,psl6,2024,05,31,06
15.0,18.0,Phylloscopus humei,Hume's Warbler,0.6016,psl6,2024,05,31,06
18.0,21.0,Phylloscopus humei,Hume's Warbler,0.8757,psl6,2024,05,31,06
30.0,33.0,Phylloscopus humei,Hume's Warbler,0.5536,psl6,2024,05,31,06
33.0,36.0,Phylloscopus humei,Hume's Warbler,0.7144,psl6,2024,05,31,06
39.0,42.0,Phylloscopus humei,Hume's Warbler,0.7749,psl6,2024,05,31,06
42.0,45.0,Phylloscopus humei,Hume's Warbler,0.8331,psl6,2024,05,31,06
45.0,48.0,Phylloscopus humei,Hume's Warbler,0.688,psl6,2024,05,31,06
51.0,54.0,Phylloscopus humei,Hume's Warbler,0.772,psl6,2024,05,31,06
54.0,57.0,Phylloscopus humei,Hume's Warbler,0.5017,psl6,2024,05,31,06
63.0,66.0,Phylloscopus humei,Hume's Warbler,0.7807,psl6,2024,05,31,06
75.0,78.0,Phylloscopus humei,Hume's Warbler,0.8337,psl6,2024,05,31,06
81.0,84.0,Phylloscopus humei,Hume's Warbler,0.8829,psl6,2024,05,31,06
90.0,93.0,Phylloscopus humei,Hume's Warbler,0.5384,psl6,2024,05,31,06
108.0,111.0,Phylloscopus humei,Hume's Warbler,0.5311,psl6,2024,05,31,06
243.0,246.0,Phylloscopus humei,Hume's Warbler,0.5822,psl6,2024,05,31,06
279.0,282.0,Lophorina superba,Greater Lophorina,0.5157,psl6,2024,05,31,06
387.0,390.0,Zosterops simplex,Swinhoe's White-eye,0.5835,psl6,2024,05,31,06
723.0,726.0,Phylloscopus trochiloides,Greenish Warbler,0.5035,psl6,2024,05,31,06
852.0,855.0,Phylloscopus trochiloides,Greenish Warbler,0.9095,psl6,2024,05,31,06
864.0,867.0,Phylloscopus trochiloides,Greenish Warbler,0.527,psl6,2024,05,31,06
873.0,876.0,Phylloscopus trochiloides,Greenish Warbler,0.7193,psl6,2024,05,31,06
873.0,876.0,Phylloscopus nitidus,Green Warbler,0.5189,psl6,2024,05,31,06
885.0,888.0,Phylloscopus trochiloides,Greenish Warbler,0.5942,psl6,2024,05,31,06
15.0,18.0,Phylloscopus humei,Hume's Warbler,0.8475,psl6,2024,05,31,07
57.0,60.0,Phylloscopus humei,Hume's Warbler,0.5894,psl6,2024,05,31,07
111.0,114.0,Phylloscopus humei,Hume's Warbler,0.5417,psl6,2024,05,31,07
123.0,126.0,Phylloscopus humei,Hume's Warbler,0.8187,psl6,2024,05,31,07
132.0,135.0,Zosterops simplex,Swinhoe's White-eye,0.658,psl6,2024,05,31,07
153.0,156.0,Phylloscopus humei,Hume's Warbler,0.7268,psl6,2024,05,31,07
165.0,168.0,Phylloscopus humei,Hume's Warbler,0.6831,psl6,2024,05,31,07
186.0,189.0,Phylloscopus humei,Hume's Warbler,0.5302,psl6,2024,05,31,07
204.0,207.0,Phylloscopus humei,Hume's Warbler,0.9944,psl6,2024,05,31,07
216.0,219.0,Phylloscopus humei,Hume's Warbler,0.6137,psl6,2024,05,31,07
219.0,222.0,Phylloscopus humei,Hume's Warbler,0.5012,psl6,2024,05,31,07
225.0,228.0,Phylloscopus humei,Hume's Warbler,0.949,psl6,2024,05,31,07
228.0,231.0,Phylloscopus humei,Hume's Warbler,0.6807,psl6,2024,05,31,07
240.0,243.0,Phylloscopus humei,Hume's Warbler,0.5069,psl6,2024,05,31,07
363.0,366.0,Phylloscopus trochiloides,Greenish Warbler,0.7831,psl6,2024,05,31,07
363.0,366.0,Phylloscopus nitidus,Green Warbler,0.6524,psl6,2024,05,31,07
372.0,375.0,Phylloscopus trochiloides,Greenish Warbler,0.8881,psl6,2024,05,31,07
411.0,414.0,Phylloscopus nitidus,Green Warbler,0.6551,psl6,2024,05,31,07
411.0,414.0,Phylloscopus trochiloides,Greenish Warbler,0.6009,psl6,2024,05,31,07
435.0,438.0,Phylloscopus trochiloides,Greenish Warbler,0.7786,psl6,2024,05,31,07
438.0,441.0,Phylloscopus trochiloides,Greenish Warbler,0.5437,psl6,2024,05,31,07
450.0,453.0,Phylloscopus trochiloides,Greenish Warbler,0.8889,psl6,2024,05,31,07
501.0,504.0,Phylloscopus trochiloides,Greenish Warbler,0.8971,psl6,2024,05,31,07
525.0,528.0,Phylloscopus nitidus,Green Warbler,0.736,psl6,2024,05,31,07
537.0,540.0,Phylloscopus nitidus,Green Warbler,0.5836,psl6,2024,05,31,07
540.0,543.0,Phylloscopus trochiloides,Greenish Warbler,0.7626,psl6,2024,05,31,07
555.0,558.0,Phylloscopus nitidus,Green Warbler,0.7699,psl6,2024,05,31,07
555.0,558.0,Phylloscopus trochiloides,Greenish Warbler,0.6142,psl6,2024,05,31,07
573.0,576.0,Phylloscopus trochiloides,Greenish Warbler,0.8488,psl6,2024,05,31,07
615.0,618.0,Phylloscopus nitidus,Green Warbler,0.8025,psl6,2024,05,31,07
630.0,633.0,Phylloscopus nitidus,Green Warbler,0.786,psl6,2024,05,31,07
648.0,651.0,Phylloscopus trochiloides,Greenish Warbler,0.6233,psl6,2024,05,31,07
693.0,696.0,Phylloscopus trochiloides,Greenish Warbler,0.6973,psl6,2024,05,31,07
705.0,708.0,Phylloscopus trochiloides,Greenish Warbler,0.5683,psl6,2024,05,31,07
708.0,711.0,Phylloscopus nitidus,Green Warbler,0.7112,psl6,2024,05,31,07
711.0,714.0,Spinus tristis,American Goldfinch,0.5647,psl6,2024,05,31,07
720.0,723.0,Phylloscopus trochiloides,Greenish Warbler,0.5833,psl6,2024,05,31,07
732.0,735.0,Phylloscopus trochiloides,Greenish Warbler,0.8133,psl6,2024,05,31,07
738.0,741.0,Zosterops simplex,Swinhoe's White-eye,0.5075,psl6,2024,05,31,07
759.0,762.0,Phylloscopus trochiloides,Greenish Warbler,0.5766,psl6,2024,05,31,07
771.0,774.0,Phylloscopus trochiloides,Greenish Warbler,0.793,psl6,2024,05,31,07
774.0,777.0,Zosterops simplex,Swinhoe's White-eye,0.8418,psl6,2024,05,31,07
780.0,783.0,Zosterops simplex,Swinhoe's White-eye,0.516,psl6,2024,05,31,07
783.0,786.0,Phylloscopus nitidus,Green Warbler,0.8562,psl6,2024,05,31,07
783.0,786.0,Phylloscopus trochiloides,Greenish Warbler,0.5277,psl6,2024,05,31,07
786.0,789.0,Phylloscopus humei,Hume's Warbler,0.662,psl6,2024,05,31,07
801.0,804.0,Phylloscopus trochiloides,Greenish Warbler,0.5113,psl6,2024,05,31,07
810.0,813.0,Phylloscopus humei,Hume's Warbler,0.6342,psl6,2024,05,31,07
822.0,825.0,Phylloscopus humei,Hume's Warbler,0.8989,psl6,2024,05,31,07
828.0,831.0,Phylloscopus trochiloides,Greenish Warbler,0.7667,psl6,2024,05,31,07
831.0,834.0,Phylloscopus humei,Hume's Warbler,0.7496,psl6,2024,05,31,07
840.0,843.0,Phylloscopus nitidus,Green Warbler,0.5102,psl6,2024,05,31,07
867.0,870.0,Phylloscopus nitidus,Green Warbler,0.581,psl6,2024,05,31,07
867.0,870.0,Phylloscopus trochiloides,Greenish Warbler,0.5408,psl6,2024,05,31,07
876.0,879.0,Phylloscopus humei,Hume's Warbler,0.8703,psl6,2024,05,31,07
888.0,891.0,Phylloscopus humei,Hume's Warbler,0.9818,psl6,2024,05,31,07
894.0,897.0,Phylloscopus humei,Hume's Warbler,0.8562,psl6,2024,05,31,07
159.0,162.0,Phylloscopus occipitalis,Western Crowned Warbler,0.7405,psl6,2024,05,31,08
162.0,165.0,Phylloscopus occipitalis,Western Crowned Warbler,0.9967,psl6,2024,05,31,08
165.0,168.0,Phylloscopus occipitalis,Western Crowned Warbler,0.5018,psl6,2024,05,31,08
198.0,201.0,Phylloscopus occipitalis,Western Crowned Warbler,0.8658,psl6,2024,05,31,08
207.0,210.0,Phylloscopus occipitalis,Western Crowned Warbler,0.6901,psl6,2024,05,31,08
216.0,219.0,Phylloscopus occipitalis,Western Crowned Warbler,0.864,psl6,2024,05,31,08
234.0,237.0,Phylloscopus occipitalis,Western Crowned Warbler,0.5467,psl6,2024,05,31,08
261.0,264.0,Tarsiger rufilatus,Himalayan Bluetail,0.6958,psl6,2024,05,31,08
264.0,267.0,Ketupa blakistoni,Blakiston's Fish-Owl,0.6383,psl6,2024,05,31,08
306.0,309.0,Phylloscopus occipitalis,Western Crowned Warbler,0.9243,psl6,2024,05,31,08
309.0,312.0,Phylloscopus occipitalis,Western Crowned Warbler,0.9525,psl6,2024,05,31,08
345.0,348.0,Lophorina superba,Greater Lophorina,0.7427,psl6,2024,05,31,08
357.0,360.0,Phylloscopus humei,Hume's Warbler,0.5601,psl6,2024,05,31,08
366.0,369.0,Phylloscopus humei,Hume's Warbler,0.7493,psl6,2024,05,31,08
393.0,396.0,Lophorina superba,Greater Lophorina,0.6452,psl6,2024,05,31,08
426.0,429.0,Phylloscopus humei,Hume's Warbler,0.5775,psl6,2024,05,31,08
504.0,507.0,Phylloscopus humei,Hume's Warbler,0.5795,psl6,2024,05,31,08
516.0,519.0,Phylloscopus humei,Hume's Warbler,0.5002,psl6,2024,05,31,08
552.0,555.0,Lophorina superba,Greater Lophorina,0.6298,psl6,2024,05,31,08
618.0,621.0,Phylloscopus humei,Hume's Warbler,0.8028,psl6,2024,05,31,08
633.0,636.0,Phylloscopus humei,Hume's Warbler,0.9297,psl6,2024,05,31,08
678.0,681.0,Trochalopteron affine,Black-faced Laughingthrush,0.6711,psl6,2024,05,31,08
714.0,717.0,Phylloscopus trochiloides,Greenish Warbler,0.6405,psl6,2024,05,31,08
759.0,762.0,Phylloscopus nitidus,Green Warbler,0.5111,psl6,2024,05,31,08
798.0,801.0,Phylloscopus trochiloides,Greenish Warbler,0.6456,psl6,2024,05,31,08
846.0,849.0,Phylloscopus trochiloides,Greenish Warbler,0.5558,psl6,2024,05,31,08
6.0,9.0,Trochalopteron variegatum,Variegated Laughingthrush,0.5308,psl6,2024,05,31,09
24.0,27.0,Trochalopteron variegatum,Variegated Laughingthrush,0.8835,psl6,2024,05,31,09
33.0,36.0,Trochalopteron variegatum,Variegated Laughingthrush,0.8786,psl6,2024,05,31,09
42.0,45.0,Trochalopteron variegatum,Variegated Laughingthrush,0.5017,psl6,2024,05,31,09
66.0,69.0,Trochalopteron affine,Black-faced Laughingthrush,0.6657,psl6,2024,05,31,09
84.0,87.0,Lophorina superba,Greater Lophorina,0.6894,psl6,2024,05,31,09
87.0,90.0,Trochalopteron affine,Black-faced Laughingthrush,0.6282,psl6,2024,05,31,09
90.0,93.0,Anthus hodgsoni,Olive-backed Pipit,0.5228,psl6,2024,05,31,09
93.0,96.0,Trochalopteron variegatum,Variegated Laughingthrush,0.9247,psl6,2024,05,31,09
105.0,108.0,Anthus hodgsoni,Olive-backed Pipit,0.6754,psl6,2024,05,31,09
111.0,114.0,Trochalopteron affine,Black-faced Laughingthrush,0.6823,psl6,2024,05,31,09
111.0,114.0,Trochalopteron erythrocephalum,Chestnut-crowned Laughingthrush,0.5011,psl6,2024,05,31,09
123.0,126.0,Trochalopteron affine,Black-faced Laughingthrush,0.6106,psl6,2024,05,31,09
129.0,132.0,Trochalopteron variegatum,Variegated Laughingthrush,0.7121,psl6,2024,05,31,09
132.0,135.0,Trochalopteron affine,Black-faced Laughingthrush,0.8182,psl6,2024,05,31,09
141.0,144.0,Trochalopteron variegatum,Variegated Laughingthrush,0.7543,psl6,2024,05,31,09
141.0,144.0,Trochalopteron affine,Black-faced Laughingthrush,0.5395,psl6,2024,05,31,09
147.0,150.0,Trochalopteron variegatum,Variegated Laughingthrush,0.5535,psl6,2024,05,31,09
150.0,153.0,Trochalopteron variegatum,Variegated Laughingthrush,0.7588,psl6,2024,05,31,09
153.0,156.0,Trochalopteron affine,Black-faced Laughingthrush,0.7721,psl6,2024,05,31,09
156.0,159.0,Trochalopteron affine,Black-faced Laughingthrush,0.589,psl6,2024,05,31,09
162.0,165.0,Trochalopteron affine,Black-faced Laughingthrush,0.5162,psl6,2024,05,31,09
171.0,174.0,Trochalopteron affine,Black-faced Laughingthrush,0.5412,psl6,2024,05,31,09
180.0,183.0,Trochalopteron variegatum,Variegated Laughingthrush,0.9218,psl6,2024,05,31,09
180.0,183.0,Trochalopteron affine,Black-faced Laughingthrush,0.6541,psl6,2024,05,31,09
186.0,189.0,Trochalopteron affine,Black-faced Laughingthrush,0.5899,psl6,2024,05,31,09
192.0,195.0,Trochalopteron affine,Black-faced Laughingthrush,0.7608,psl6,2024,05,31,09
195.0,198.0,Trochalopteron affine,Black-faced Laughingthrush,0.8767,psl6,2024,05,31,09
225.0,228.0,Calliope pectardens,Firethroat,0.8396,psl6,2024,05,31,09
249.0,252.0,Anthus hodgsoni,Olive-backed Pipit,0.8981,psl6,2024,05,31,09
276.0,279.0,Anthus hodgsoni,Olive-backed Pipit,0.6195,psl6,2024,05,31,09
291.0,294.0,Anthus hodgsoni,Olive-backed Pipit,0.5141,psl6,2024,05,31,09
300.0,303.0,Anthus hodgsoni,Olive-backed Pipit,0.6395,psl6,2024,05,31,09
330.0,333.0,Lophorina superba,Greater Lophorina,0.5577,psl6,2024,05,31,09
333.0,336.0,Anthus hodgsoni,Olive-backed Pipit,0.6137,psl6,2024,05,31,09
420.0,423.0,Glaucidium gnoma,Northern Pygmy-Owl,0.6827,psl6,2024,05,31,09
423.0,426.0,Phylloscopus trochiloides,Greenish Warbler,0.5199,psl6,2024,05,31,09
441.0,444.0,Phylloscopus trochiloides,Greenish Warbler,0.6392,psl6,2024,05,31,09
468.0,471.0,Phylloscopus trochiloides,Greenish Warbler,0.6569,psl6,2024,05,31,09
540.0,543.0,Phylloscopus trochiloides,Greenish Warbler,0.6331,psl6,2024,05,31,09
546.0,549.0,Phylloscopus trochiloides,Greenish Warbler,0.9124,psl6,2024,05,31,09
546.0,549.0,Phylloscopus nitidus,Green Warbler,0.7394,psl6,2024,05,31,09
549.0,552.0,Phylloscopus trochiloides,Greenish Warbler,0.5659,psl6,2024,05,31,09
552.0,555.0,Phylloscopus trochiloides,Greenish Warbler,0.5255,psl6,2024,05,31,09
561.0,564.0,Phylloscopus trochiloides,Greenish Warbler,0.7584,psl6,2024,05,31,09
564.0,567.0,Zosterops simplex,Swinhoe's White-eye,0.6809,psl6,2024,05,31,09
585.0,588.0,Phylloscopus maculipennis,Ashy-throated Warbler,0.5032,psl6,2024,05,31,09
588.0,591.0,Phylloscopus humei,Hume's Warbler,0.9098,psl6,2024,05,31,09
594.0,597.0,Phylloscopus trochiloides,Greenish Warbler,0.5238,psl6,2024,05,31,09
624.0,627.0,Phylloscopus humei,Hume's Warbler,0.8249,psl6,2024,05,31,09
639.0,642.0,Phylloscopus humei,Hume's Warbler,0.7735,psl6,2024,05,31,09
648.0,651.0,Phylloscopus humei,Hume's Warbler,0.7128,psl6,2024,05,31,09
657.0,660.0,Phylloscopus humei,Hume's Warbler,0.5638,psl6,2024,05,31,09
660.0,663.0,Phylloscopus trochiloides,Greenish Warbler,0.6138,psl6,2024,05,31,09
663.0,666.0,Phylloscopus trochiloides,Greenish Warbler,0.6874,psl6,2024,05,31,09
681.0,684.0,Phylloscopus trochiloides,Greenish Warbler,0.6885,psl6,2024,05,31,09
693.0,696.0,Phylloscopus trochiloides,Greenish Warbler,0.5885,psl6,2024,05,31,09
696.0,699.0,Phylloscopus humei,Hume's Warbler,0.7035,psl6,2024,05,31,09
699.0,702.0,Phylloscopus trochiloides,Greenish Warbler,0.7425,psl6,2024,05,31,09
705.0,708.0,Phylloscopus humei,Hume's Warbler,0.5448,psl6,2024,05,31,09
711.0,714.0,Phylloscopus trochiloides,Greenish Warbler,0.8418,psl6,2024,05,31,09
720.0,723.0,Phylloscopus trochiloides,Greenish Warbler,0.693,psl6,2024,05,31,09
732.0,735.0,Phylloscopus nitidus,Green Warbler,0.6689,psl6,2024,05,31,09
732.0,735.0,Phylloscopus trochiloides,Greenish Warbler,0.5505,psl6,2024,05,31,09
750.0,753.0,Phylloscopus occipitalis,Western Crowned Warbler,0.6715,psl6,2024,05,31,09
759.0,762.0,Phylloscopus occipitalis,Western Crowned Warbler,0.9422,psl6,2024,05,31,09
780.0,783.0,Phylloscopus occipitalis,Western Crowned Warbler,0.6132,psl6,2024,05,31,09
795.0,798.0,Phylloscopus trochiloides,Greenish Warbler,0.7298,psl6,2024,05,31,09
837.0,840.0,Phylloscopus maculipennis,Ashy-throated Warbler,0.7629,psl6,2024,05,31,09
849.0,852.0,Phylloscopus nitidus,Green Warbler,0.6324,psl6,2024,05,31,09
867.0,870.0,Phylloscopus nitidus,Green Warbler,0.5805,psl6,2024,05,31,09
882.0,885.0,Phylloscopus trochiloides,Greenish Warbler,0.7939,psl6,2024,05,31,09
9.0,12.0,Phylloscopus magnirostris,Large-billed Leaf Warbler,0.7752,psl6,2024,06,01,06
36.0,39.0,Phylloscopus humei,Hume's Warbler,0.9414,psl6,2024,06,01,06
45.0,48.0,Phylloscopus magnirostris,Large-billed Leaf Warbler,0.8125,psl6,2024,06,01,06
69.0,72.0,Phylloscopus occipitalis,Western Crowned Warbler,0.5657,psl6,2024,06,01,06
168.0,171.0,Phylloscopus humei,Hume's Warbler,0.5637,psl6,2024,06,01,06
186.0,189.0,Carpodacus erythrinus,Common Rosefinch,0.7039,psl6,2024,06,01,06
195.0,198.0,Carpodacus erythrinus,Common Rosefinch,0.5932,psl6,2024,06,01,06
204.0,207.0,Carpodacus erythrinus,Common Rosefinch,0.615,psl6,2024,06,01,06
210.0,213.0,Carpodacus erythrinus,Common Rosefinch,0.8719,psl6,2024,06,01,06
219.0,222.0,Carpodacus erythrinus,Common Rosefinch,0.6862,psl6,2024,06,01,06
222.0,225.0,Phylloscopus magnirostris,Large-billed Leaf Warbler,0.5027,psl6,2024,06,01,06
225.0,228.0,Carpodacus erythrinus,Common Rosefinch,0.8407,psl6,2024,06,01,06
237.0,240.0,Phylloscopus magnirostris,Large-billed Leaf Warbler,0.6208,psl6,2024,06,01,06
249.0,252.0,Carpodacus erythrinus,Common Rosefinch,0.7875,psl6,2024,06,01,06
261.0,264.0,Zosterops simplex,Swinhoe's White-eye,0.6683,psl6,2024,06,01,06
282.0,285.0,Carpodacus erythrinus,Common Rosefinch,0.6088,psl6,2024,06,01,06
288.0,291.0,Carpodacus erythrinus,Common Rosefinch,0.8297,psl6,2024,06,01,06
303.0,306.0,Carpodacus erythrinus,Common Rosefinch,0.9564,psl6,2024,06,01,06
345.0,348.0,Carpodacus erythrinus,Common Rosefinch,0.7904,psl6,2024,06,01,06
351.0,354.0,Carpodacus erythrinus,Common Rosefinch,0.6157,psl6,2024,06,01,06
357.0,360.0,Carpodacus erythrinus,Common Rosefinch,0.5088,psl6,2024,06,01,06
366.0,369.0,Carpodacus erythrinus,Common Rosefinch,0.6998,psl6,2024,06,01,06
381.0,384.0,Carpodacus erythrinus,Common Rosefinch,0.8078,psl6,2024,06,01,06
387.0,390.0,Carpodacus erythrinus,Common Rosefinch,0.5655,psl6,2024,06,01,06
393.0,396.0,Phylloscopus occipitalis,Western Crowned Warbler,0.6096,psl6,2024,06,01,06
405.0,408.0,Carpodacus erythrinus,Common Rosefinch,0.5255,psl6,2024,06,01,06
408.0,411.0,Carpodacus erythrinus,Common Rosefinch,0.9214,psl6,2024,06,01,06
414.0,417.0,Carpodacus erythrinus,Common Rosefinch,0.6463,psl6,2024,06,01,06
420.0,423.0,Carpodacus erythrinus,Common Rosefinch,0.5538,psl6,2024,06,01,06
429.0,432.0,Carpodacus erythrinus,Common Rosefinch,0.505,psl6,2024,06,01,06
435.0,438.0,Carpodacus erythrinus,Common Rosefinch,0.6699,psl6,2024,06,01,06
462.0,465.0,Carpodacus erythrinus,Common Rosefinch,0.894,psl6,2024,06,01,06
486.0,489.0,Phylloscopus magnirostris,Large-billed Leaf Warbler,0.5265,psl6,2024,06,01,06
489.0,492.0,Carpodacus erythrinus,Common Rosefinch,0.6185,psl6,2024,06,01,06
492.0,495.0,Carpodacus erythrinus,Common Rosefinch,0.5285,psl6,2024,06,01,06
498.0,501.0,Carpodacus erythrinus,Common Rosefinch,0.6471,psl6,2024,06,01,06
537.0,540.0,Carpodacus erythrinus,Common Rosefinch,0.5695,psl6,2024,06,01,06
597.0,600.0,Carpodacus erythrinus,Common Rosefinch,0.7841,psl6,2024,06,01,06
693.0,696.0,Phylloscopus magnirostris,Large-billed Leaf Warbler,0.6232,psl6,2024,06,01,06
783.0,786.0,Phylloscopus trochiloides,Greenish Warbler,0.5676,psl6,2024,06,01,06
831.0,834.0,Phylloscopus magnirostris,Large-billed Leaf Warbler,0.8213,psl6,2024,06,01,06
843.0,846.0,Phylloscopus humei,Hume's Warbler,0.6752,psl6,2024,06,01,06
849.0,852.0,Phylloscopus magnirostris,Large-billed Leaf Warbler,0.6372,psl6,2024,06,01,06
0.0,3.0,Phylloscopus humei,Hume's Warbler,0.9723,psl6,2024,06,01,07
9.0,12.0,Phylloscopus humei,Hume's Warbler,0.9921,psl6,2024,06,01,07
15.0,18.0,Phylloscopus humei,Hume's Warbler,0.8904,psl6,2024,06,01,07
21.0,24.0,Phylloscopus humei,Hume's Warbler,0.7307,psl6,2024,06,01,07
30.0,33.0,Phylloscopus humei,Hume's Warbler,0.5022,psl6,2024,06,01,07
39.0,42.0,Phylloscopus humei,Hume's Warbler,0.9639,psl6,2024,06,01,07
48.0,51.0,Phylloscopus humei,Hume's Warbler,0.9521,psl6,2024,06,01,07
54.0,57.0,Phylloscopus humei,Hume's Warbler,0.5188,psl6,2024,06,01,07
57.0,60.0,Phylloscopus humei,Hume's Warbler,0.7275,psl6,2024,06,01,07
63.0,66.0,Phylloscopus humei,Hume's Warbler,0.9935,psl6,2024,06,01,07
69.0,72.0,Zosterops simplex,Swinhoe's White-eye,0.9234,psl6,2024,06,01,07
72.0,75.0,Phylloscopus humei,Hume's Warbler,0.9876,psl6,2024,06,01,07
90.0,93.0,Phylloscopus humei,Hume's Warbler,0.9584,psl6,2024,06,01,07
105.0,108.0,Phylloscopus humei,Hume's Warbler,0.6743,psl6,2024,06,01,07
108.0,111.0,Phylloscopus humei,Hume's Warbler,0.9853,psl6,2024,06,01,07
111.0,114.0,Phylloscopus humei,Hume's Warbler,0.8598,psl6,2024,06,01,07
114.0,117.0,Phylloscopus humei,Hume's Warbler,0.5699,psl6,2024,06,01,07
138.0,141.0,Phylloscopus humei,Hume's Warbler,0.9538,psl6,2024,06,01,07
150.0,153.0,Phylloscopus humei,Hume's Warbler,0.9713,psl6,2024,06,01,07
183.0,186.0,Phylloscopus humei,Hume's Warbler,0.7866,psl6,2024,06,01,07
216.0,219.0,Tarsiger rufilatus,Himalayan Bluetail,0.6831,psl6,2024,06,01,07
234.0,237.0,Tarsiger rufilatus,Himalayan Bluetail,0.6402,psl6,2024,06,01,07
240.0,243.0,Phylloscopus humei,Hume's Warbler,0.6965,psl6,2024,06,01,07
270.0,273.0,Tarsiger rufilatus,Himalayan Bluetail,0.8272,psl6,2024,06,01,07
270.0,273.0,Phylloscopus humei,Hume's Warbler,0.5207,psl6,2024,06,01,07
279.0,282.0,Phylloscopus humei,Hume's Warbler,0.7841,psl6,2024,06,01,07
336.0,339.0,Zosterops simplex,Swinhoe's White-eye,0.5707,psl6,2024,06,01,07
342.0,345.0,Phylloscopus humei,Hume's Warbler,0.7362,psl6,2024,06,01,07
399.0,402.0,Larvivora brunnea,Indian Blue Robin,0.8541,psl6,2024,06,01,07
405.0,408.0,Phylloscopus humei,Hume's Warbler,0.9932,psl6,2024,06,01,07
408.0,411.0,Phylloscopus humei,Hume's Warbler,0.9526,psl6,2024,06,01,07
414.0,417.0,Phylloscopus humei,Hume's Warbler,0.8833,psl6,2024,06,01,07
420.0,423.0,Phylloscopus humei,Hume's Warbler,0.9358,psl6,2024,06,01,07
423.0,426.0,Phylloscopus humei,Hume's Warbler,0.5152,psl6,2024,06,01,07
471.0,474.0,Ficedula tricolor,Slaty-blue Flycatcher,0.7649,psl6,2024,06,01,07
501.0,504.0,Ficedula tricolor,Slaty-blue Flycatcher,0.8235,psl6,2024,06,01,07
519.0,522.0,Phylloscopus occipitalis,Western Crowned Warbler,0.6057,psl6,2024,06,01,07
588.0,591.0,Tarsiger rufilatus,Himalayan Bluetail,0.8131,psl6,2024,06,01,07
591.0,594.0,Tarsiger indicus,White-browed Bush-Robin,0.7101,psl6,2024,06,01,07
600.0,603.0,Calliope pectardens,Firethroat,0.9565,psl6,2024,06,01,07
600.0,603.0,Tarsiger rufilatus,Himalayan Bluetail,0.9497,psl6,2024,06,01,07
621.0,624.0,Calliope pectardens,Firethroat,0.8843,psl6,2024,06,01,07
621.0,624.0,Tarsiger rufilatus,Himalayan Bluetail,0.8214,psl6,2024,06,01,07
642.0,645.0,Trochalopteron variegatum,Variegated Laughingthrush,0.7977,psl6,2024,06,01,07
648.0,651.0,Trochalopteron variegatum,Variegated Laughingthrush,0.9394,psl6,2024,06,01,07
654.0,657.0,Trochalopteron variegatum,Variegated Laughingthrush,0.9672,psl6,2024,06,01,07
657.0,660.0,Trochalopteron variegatum,Variegated Laughingthrush,0.8663,psl6,2024,06,01,07
657.0,660.0,Trochalopteron affine,Black-faced Laughingthrush,0.5883,psl6,2024,06,01,07
663.0,666.0,Trochalopteron variegatum,Variegated Laughingthrush,0.9734,psl6,2024,06,01,07
666.0,669.0,Trochalopteron variegatum,Variegated Laughingthrush,0.5971,psl6,2024,06,01,07
672.0,675.0,Trochalopteron variegatum,Variegated Laughingthrush,0.8965,psl6,2024,06,01,07
678.0,681.0,Trochalopteron variegatum,Variegated Laughingthrush,0.6274,psl6,2024,06,01,07
690.0,693.0,Trochalopteron variegatum,Variegated Laughingthrush,0.661,psl6,2024,06,01,07
702.0,705.0,Trochalopteron variegatum,Variegated Laughingthrush,0.5384,psl6,2024,06,01,07
711.0,714.0,Trochalopteron variegatum,Variegated Laughingthrush,0.9396,psl6,2024,06,01,07
720.0,723.0,Trochalopteron variegatum,Variegated Laughingthrush,0.9538,psl6,2024,06,01,07
726.0,729.0,Trochalopteron variegatum,Variegated Laughingthrush,0.5921,psl6,2024,06,01,07
738.0,741.0,Trochalopteron variegatum,Variegated Laughingthrush,0.7296,psl6,2024,06,01,07
741.0,744.0,Trochalopteron variegatum,Variegated Laughingthrush,0.7412,psl6,2024,06,01,07
744.0,747.0,Trochalopteron variegatum,Variegated Laughingthrush,0.5345,psl6,2024,06,01,07
750.0,753.0,Trochalopteron variegatum,Variegated Laughingthrush,0.9723,psl6,2024,06,01,07
756.0,759.0,Trochalopteron variegatum,Variegated Laughingthrush,0.9246,psl6,2024,06,01,07
759.0,762.0,Trochalopteron variegatum,Variegated Laughingthrush,0.8966,psl6,2024,06,01,07
762.0,765.0,Trochalopteron variegatum,Variegated Laughingthrush,0.8398,psl6,2024,06,01,07
768.0,771.0,Trochalopteron variegatum,Variegated Laughingthrush,0.8128,psl6,2024,06,01,07
771.0,774.0,Trochalopteron variegatum,Variegated Laughingthrush,0.6837,psl6,2024,06,01,07
774.0,777.0,Trochalopteron variegatum,Variegated Laughingthrush,0.9645,psl6,2024,06,01,07
783.0,786.0,Trochalopteron variegatum,Variegated Laughingthrush,0.8311,psl6,2024,06,01,07
822.0,825.0,Tarsiger rufilatus,Himalayan Bluetail,0.6936,psl6,2024,06,01,07
885.0,888.0,Phylloscopus reguloides,Blyth's Leaf Warbler,0.5356,psl6,2024,06,01,07
18.0,21.0,Larvivora brunnea,Indian Blue Robin,0.9088,psl6,2024,06,01,08
24.0,27.0,Pyrrhula pyrrhula,Eurasian Bullfinch,0.6046,psl6,2024,06,01,08
78.0,81.0,Lophorina superba,Greater Lophorina,0.6923,psl6,2024,06,01,08
90.0,93.0,Lophorina superba,Greater Lophorina,0.7882,psl6,2024,06,01,08
249.0,252.0,Zosterops simplex,Swinhoe's White-eye,0.5623,psl6,2024,06,01,08
258.0,261.0,Lophorina superba,Greater Lophorina,0.6989,psl6,2024,06,01,08
279.0,282.0,Zosterops simplex,Swinhoe's White-eye,0.6165,psl6,2024,06,01,08
333.0,336.0,Phylloscopus occipitalis,Western Crowned Warbler,0.7426,psl6,2024,06,01,08
339.0,342.0,Phylloscopus humei,Hume's Warbler,0.6321,psl6,2024,06,01,08
345.0,348.0,Phylloscopus humei,Hume's Warbler,0.6925,psl6,2024,06,01,08
348.0,351.0,Phylloscopus humei,Hume's Warbler,0.725,psl6,2024,06,01,08
351.0,354.0,Phylloscopus humei,Hume's Warbler,0.6238,psl6,2024,06,01,08
372.0,375.0,Phylloscopus humei,Hume's Warbler,0.5709,psl6,2024,06,01,08
396.0,399.0,Phylloscopus humei,Hume's Warbler,0.6785,psl6,2024,06,01,08
420.0,423.0,Phylloscopus humei,Hume's Warbler,0.637,psl6,2024,06,01,08
432.0,435.0,Zosterops simplex,Swinhoe's White-eye,0.522,psl6,2024,06,01,08
501.0,504.0,Lophorina superba,Greater Lophorina,0.8276,psl6,2024,06,01,08
531.0,534.0,Phylloscopus occipitalis,Western Crowned Warbler,0.5977,psl6,2024,06,01,08
570.0,573.0,Phylloscopus magnirostris,Large-billed Leaf Warbler,0.5327,psl6,2024,06,01,08
624.0,627.0,Phylloscopus humei,Hume's Warbler,0.5449,psl6,2024,06,01,08
627.0,630.0,Phylloscopus humei,Hume's Warbler,0.6949,psl6,2024,06,01,08
696.0,699.0,Phylloscopus magnirostris,Large-billed Leaf Warbler,0.7183,psl6,2024,06,01,08
708.0,711.0,Phylloscopus magnirostris,Large-billed Leaf Warbler,0.7218,psl6,2024,06,01,08
717.0,720.0,Phylloscopus magnirostris,Large-billed Leaf Warbler,0.7479,psl6,2024,06,01,08
891.0,894.0,Phylloscopus humei,Hume's Warbler,0.5032,psl6,2024,06,01,08
897.0,900.0,Phylloscopus humei,Hume's Warbler,0.5088,psl6,2024,06,01,08
186.0,189.0,Zosterops simplex,Swinhoe's White-eye,0.7578,psl6,2024,06,01,09
219.0,222.0,Phylloscopus humei,Hume's Warbler,0.6257,psl6,2024,06,01,09
267.0,270.0,Zosterops simplex,Swinhoe's White-eye,0.6135,psl6,2024,06,01,09
285.0,288.0,Luscinia phaenicuroides,White-bellied Redstart,0.5038,psl6,2024,06,01,09
363.0,366.0,Zosterops simplex,Swinhoe's White-eye,0.7023,psl6,2024,06,01,09
375.0,378.0,Phylloscopus humei,Hume's Warbler,0.5714,psl6,2024,06,01,09
381.0,384.0,Zosterops simplex,Swinhoe's White-eye,0.7202,psl6,2024,06,01,09
432.0,435.0,Phylloscopus humei,Hume's Warbler,0.7125,psl6,2024,06,01,09
447.0,450.0,Phylloscopus humei,Hume's Warbler,0.5028,psl6,2024,06,01,09
504.0,507.0,Tarsiger rufilatus,Himalayan Bluetail,0.5264,psl6,2024,06,01,09
507.0,510.0,Lophorina superba,Greater Lophorina,0.5472,psl6,2024,06,01,09
552.0,555.0,Tarsiger rufilatus,Himalayan Bluetail,0.9196,psl6,2024,06,01,09
552.0,555.0,Calliope pectardens,Firethroat,0.6685,psl6,2024,06,01,09
567.0,570.0,Tarsiger rufilatus,Himalayan Bluetail,0.7186,psl6,2024,06,01,09
588.0,591.0,Calliope pectardens,Firethroat,0.7168,psl6,2024,06,01,09
600.0,603.0,Luscinia phaenicuroides,White-bellied Redstart,0.6727,psl6,2024,06,01,09
603.0,606.0,Calliope pectardens,Firethroat,0.7055,psl6,2024,06,01,09
615.0,618.0,Tarsiger rufilatus,Himalayan Bluetail,0.7663,psl6,2024,06,01,09
618.0,621.0,Calliope pectardens,Firethroat,0.7417,psl6,2024,06,01,09
639.0,642.0,Tarsiger rufilatus,Himalayan Bluetail,0.8529,psl6,2024,06,01,09
639.0,642.0,Calliope pectardens,Firethroat,0.562,psl6,2024,06,01,09
654.0,657.0,Tarsiger rufilatus,Himalayan Bluetail,0.7581,psl6,2024,06,01,09
699.0,702.0,Luscinia phaenicuroides,White-bellied Redstart,0.5896,psl6,2024,06,01,09
825.0,828.0,Setophaga chrysoparia,Golden-cheeked Warbler,0.547,psl6,2024,06,01,09
876.0,879.0,Trochalopteron variegatum,Variegated Laughingthrush,0.5911,psl6,2024,06,01,09
9.0,12.0,Tarsiger rufilatus,Himalayan Bluetail,0.8642,psl6,2024,06,02,06
9.0,12.0,Phylloscopus trochiloides,Greenish Warbler,0.7811,psl6,2024,06,02,06
15.0,18.0,Tarsiger rufilatus,Himalayan Bluetail,0.8631,psl6,2024,06,02,06
18.0,21.0,Tarsiger rufilatus,Himalayan Bluetail,0.9684,psl6,2024,06,02,06
18.0,21.0,Calliope pectardens,Firethroat,0.5622,psl6,2024,06,02,06
36.0,39.0,Tarsiger rufilatus,Himalayan Bluetail,0.5461,psl6,2024,06,02,06
39.0,42.0,Tarsiger rufilatus,Himalayan Bluetail,0.6901,psl6,2024,06,02,06
51.0,54.0,Tarsiger rufilatus,Himalayan Bluetail,0.7797,psl6,2024,06,02,06
120.0,123.0,Phylloscopus chloronotus,Lemon-rumped Warbler,0.6713,psl6,2024,06,02,06
126.0,129.0,Phylloscopus chloronotus,Lemon-rumped Warbler,0.5342,psl6,2024,06,02,06
132.0,135.0,Phylloscopus chloronotus,Lemon-rumped Warbler,0.5793,psl6,2024,06,02,06
135.0,138.0,Phylloscopus chloronotus,Lemon-rumped Warbler,0.6217,psl6,2024,06,02,06
141.0,144.0,Phylloscopus chloronotus,Lemon-rumped Warbler,0.9245,psl6,2024,06,02,06
198.0,201.0,Phylloscopus occipitalis,Western Crowned Warbler,0.7966,psl6,2024,06,02,06
252.0,255.0,Phylloscopus occipitalis,Western Crowned Warbler,0.5794,psl6,2024,06,02,06
258.0,261.0,Phylloscopus occipitalis,Western Crowned Warbler,0.5402,psl6,2024,06,02,06
369.0,372.0,Phylloscopus trochiloides,Greenish Warbler,0.5498,psl6,2024,06,02,06
513.0,516.0,Phylloscopus trochiloides,Greenish Warbler,0.6946,psl6,2024,06,02,06
525.0,528.0,Larvivora brunnea,Indian Blue Robin,0.9478,psl6,2024,06,02,06
531.0,534.0,Phylloscopus trochiloides,Greenish Warbler,0.5922,psl6,2024,06,02,06
531.0,534.0,Phylloscopus nitidus,Green Warbler,0.5186,psl6,2024,06,02,06
546.0,549.0,Larvivora brunnea,Indian Blue Robin,0.5127,psl6,2024,06,02,06
567.0,570.0,Phylloscopus trochiloides,Greenish Warbler,0.6846,psl6,2024,06,02,06
567.0,570.0,Phylloscopus nitidus,Green Warbler,0.6673,psl6,2024,06,02,06
573.0,576.0,Larvivora brunnea,Indian Blue Robin,0.7493,psl6,2024,06,02,06
576.0,579.0,Larvivora brunnea,Indian Blue Robin,0.9886,psl6,2024,06,02,06
594.0,597.0,Larvivora brunnea,Indian Blue Robin,0.9867,psl6,2024,06,02,06
606.0,609.0,Phylloscopus trochiloides,Greenish Warbler,0.6358,psl6,2024,06,02,06
639.0,642.0,Phylloscopus trochiloides,Greenish Warbler,0.6126,psl6,2024,06,02,06
789.0,792.0,Phylloscopus trochiloides,Greenish Warbler,0.5332,psl6,2024,06,02,06
798.0,801.0,Phylloscopus trochiloides,Greenish Warbler,0.6774,psl6,2024,06,02,06
825.0,828.0,Phylloscopus trochiloides,Greenish Warbler,0.6277,psl6,2024,06,02,06
846.0,849.0,Phylloscopus trochiloides,Greenish Warbler,0.5721,psl6,2024,06,02,06
858.0,861.0,Phylloscopus nitidus,Green Warbler,0.7867,psl6,2024,06,02,06
876.0,879.0,Phylloscopus trochiloides,Greenish Warbler,0.7522,psl6,2024,06,02,06
0.0,3.0,Phylloscopus trochiloides,Greenish Warbler,0.5084,psl6,2024,06,02,07
6.0,9.0,Tarsiger rufilatus,Himalayan Bluetail,0.7177,psl6,2024,06,02,07
12.0,15.0,Tarsiger rufilatus,Himalayan Bluetail,0.6302,psl6,2024,06,02,07
21.0,24.0,Tarsiger rufilatus,Himalayan Bluetail,0.6993,psl6,2024,06,02,07
24.0,27.0,Tarsiger rufilatus,Himalayan Bluetail,0.8342,psl6,2024,06,02,07
36.0,39.0,Tarsiger rufilatus,Himalayan Bluetail,0.5595,psl6,2024,06,02,07
45.0,48.0,Phylloscopus trochiloides,Greenish Warbler,0.6129,psl6,2024,06,02,07
51.0,54.0,Tarsiger rufilatus,Himalayan Bluetail,0.8854,psl6,2024,06,02,07
66.0,69.0,Luscinia phaenicuroides,White-bellied Redstart,0.5305,psl6,2024,06,02,07
90.0,93.0,Tarsiger rufilatus,Himalayan Bluetail,0.7748,psl6,2024,06,02,07
99.0,102.0,Tarsiger rufilatus,Himalayan Bluetail,0.5645,psl6,2024,06,02,07
135.0,138.0,Phylloscopus occipitalis,Western Crowned Warbler,0.8322,psl6,2024,06,02,07
159.0,162.0,Phylloscopus occipitalis,Western Crowned Warbler,0.7061,psl6,2024,06,02,07
165.0,168.0,Phylloscopus occipitalis,Western Crowned Warbler,0.9092,psl6,2024,06,02,07
180.0,183.0,Lophorina superba,Greater Lophorina,0.5076,psl6,2024,06,02,07
204.0,207.0,Phylloscopus occipitalis,Western Crowned Warbler,0.6176,psl6,2024,06,02,07
210.0,213.0,Phylloscopus humei,Hume's Warbler,0.8814,psl6,2024,06,02,07
213.0,216.0,Phylloscopus occipitalis,Western Crowned Warbler,0.5383,psl6,2024,06,02,07
282.0,285.0,Phylloscopus occipitalis,Western Crowned Warbler,0.6233,psl6,2024,06,02,07
366.0,369.0,Ficedula tricolor,Slaty-blue Flycatcher,0.7853,psl6,2024,06,02,07
369.0,372.0,Phylloscopus occipitalis,Western Crowned Warbler,0.5331,psl6,2024,06,02,07
375.0,378.0,Phylloscopus occipitalis,Western Crowned Warbler,0.8326,psl6,2024,06,02,07
378.0,381.0,Ficedula tricolor,Slaty-blue Flycatcher,0.5258,psl6,2024,06,02,07
405.0,408.0,Ficedula tricolor,Slaty-blue Flycatcher,0.6195,psl6,2024,06,02,07
408.0,411.0,Phylloscopus occipitalis,Western Crowned Warbler,0.5338,psl6,2024,06,02,07
426.0,429.0,Tarsiger rufilatus,Himalayan Bluetail,0.8928,psl6,2024,06,02,07
426.0,429.0,Calliope pectardens,Firethroat,0.8078,psl6,2024,06,02,07
429.0,432.0,Tarsiger rufilatus,Himalayan Bluetail,0.7369,psl6,2024,06,02,07
465.0,468.0,Phylloscopus occipitalis,Western Crowned Warbler,0.5383,psl6,2024,06,02,07
489.0,492.0,Ficedula tricolor,Slaty-blue Flycatcher,0.5524,psl6,2024,06,02,07
648.0,651.0,Phylloscopus trochiloides,Greenish Warbler,0.5304,psl6,2024,06,02,07
795.0,798.0,Phylloscopus trochiloides,Greenish Warbler,0.5612,psl6,2024,06,02,07
855.0,858.0,Phylloscopus trochiloides,Greenish Warbler,0.5947,psl6,2024,06,02,07
24.0,27.0,Phylloscopus occipitalis,Western Crowned Warbler,0.6293,psl6,2024,06,02,08
36.0,39.0,Tarsiger rufilatus,Himalayan Bluetail,0.6431,psl6,2024,06,02,08
42.0,45.0,Tarsiger rufilatus,Himalayan Bluetail,0.7869,psl6,2024,06,02,08
57.0,60.0,Tarsiger rufilatus,Himalayan Bluetail,0.6494,psl6,2024,06,02,08
57.0,60.0,Calliope pectardens,Firethroat,0.5075,psl6,2024,06,02,08
87.0,90.0,Calliope pectardens,Firethroat,0.627,psl6,2024,06,02,08
177.0,180.0,Tarsiger rufilatus,Himalayan Bluetail,0.6212,psl6,2024,06,02,08
327.0,330.0,Zosterops simplex,Swinhoe's White-eye,0.5053,psl6,2024,06,02,08
330.0,333.0,Zosterops simplex,Swinhoe's White-eye,0.6503,psl6,2024,06,02,08
396.0,399.0,Phylloscopus humei,Hume's Warbler,0.5556,psl6,2024,06,02,08
402.0,405.0,Phylloscopus humei,Hume's Warbler,0.5984,psl6,2024,06,02,08
408.0,411.0,Phylloscopus humei,Hume's Warbler,0.5548,psl6,2024,06,02,08
411.0,414.0,Phylloscopus humei,Hume's Warbler,0.57,psl6,2024,06,02,08
420.0,423.0,Phylloscopus humei,Hume's Warbler,0.7612,psl6,2024,06,02,08
423.0,426.0,Phylloscopus humei,Hume's Warbler,0.8707,psl6,2024,06,02,08
426.0,429.0,Phylloscopus humei,Hume's Warbler,0.7363,psl6,2024,06,02,08
429.0,432.0,Phylloscopus humei,Hume's Warbler,0.7154,psl6,2024,06,02,08
462.0,465.0,Phylloscopus humei,Hume's Warbler,0.9619,psl6,2024,06,02,08
486.0,489.0,Phylloscopus humei,Hume's Warbler,0.5916,psl6,2024,06,02,08
525.0,528.0,Phylloscopus humei,Hume's Warbler,0.7919,psl6,2024,06,02,08
642.0,645.0,Zosterops simplex,Swinhoe's White-eye,0.7969,psl6,2024,06,02,08
663.0,666.0,Phylloscopus humei,Hume's Warbler,0.7771,psl6,2024,06,02,08
672.0,675.0,Phylloscopus humei,Hume's Warbler,0.5331,psl6,2024,06,02,08
675.0,678.0,Phylloscopus humei,Hume's Warbler,0.7914,psl6,2024,06,02,08
843.0,846.0,Pyrrhula pyrrhula,Eurasian Bullfinch,0.6742,psl6,2024,06,02,08
291.0,294.0,Phylloscopus occipitalis,Western Crowned Warbler,0.564,psl6,2024,06,02,09
324.0,327.0,Phylloscopus occipitalis,Western Crowned Warbler,0.6942,psl6,2024,06,02,09
417.0,420.0,Zosterops simplex,Swinhoe's White-eye,0.8906,psl6,2024,06,02,09
444.0,447.0,Zosterops simplex,Swinhoe's White-eye,0.5888,psl6,2024,06,02,09
453.0,456.0,Zosterops simplex,Swinhoe's White-eye,0.649,psl6,2024,06,02,09
459.0,462.0,Phylloscopus humei,Hume's Warbler,0.7575,psl6,2024,06,02,09
483.0,486.0,Lophorina superba,Greater Lophorina,0.5179,psl6,2024,06,02,09
804.0,807.0,Trochalopteron variegatum,Variegated Laughingthrush,0.7328,psl6,2024,06,02,09
846.0,849.0,Phylloscopus magnirostris,Large-billed Leaf Warbler,0.6125,psl6,2024,06,02,09
57.0,60.0,Phylloscopus nitidus,Green Warbler,0.7666,psl6,2024,06,03,06
69.0,72.0,Phylloscopus trochiloides,Greenish Warbler,0.6475,psl6,2024,06,03,06
81.0,84.0,Lophophorus impejanus,Himalayan Monal,0.9826,psl6,2024,06,03,06
84.0,87.0,Lophophorus impejanus,Himalayan Monal,0.9179,psl6,2024,06,03,06
84.0,87.0,Phylloscopus trochiloides,Greenish Warbler,0.5116,psl6,2024,06,03,06
120.0,123.0,Phylloscopus trochiloides,Greenish Warbler,0.5585,psl6,2024,06,03,06
126.0,129.0,Trochalopteron variegatum,Variegated Laughingthrush,0.914,psl6,2024,06,03,06
126.0,129.0,Trochalopteron erythrocephalum,Chestnut-crowned Laughingthrush,0.6736,psl6,2024,06,03,06
129.0,132.0,Trochalopteron variegatum,Variegated Laughingthrush,0.9915,psl6,2024,06,03,06
135.0,138.0,Trochalopteron variegatum,Variegated Laughingthrush,0.8344,psl6,2024,06,03,06
138.0,141.0,Trochalopteron variegatum,Variegated Laughingthrush,0.9418,psl6,2024,06,03,06
141.0,144.0,Trochalopteron variegatum,Variegated Laughingthrush,0.7557,psl6,2024,06,03,06
144.0,147.0,Trochalopteron variegatum,Variegated Laughingthrush,0.9167,psl6,2024,06,03,06
147.0,150.0,Trochalopteron variegatum,Variegated Laughingthrush,0.9562,psl6,2024,06,03,06
150.0,153.0,Trochalopteron variegatum,Variegated Laughingthrush,0.9834,psl6,2024,06,03,06
153.0,156.0,Trochalopteron variegatum,Variegated Laughingthrush,0.9,psl6,2024,06,03,06
156.0,159.0,Trochalopteron variegatum,Variegated Laughingthrush,0.7641,psl6,2024,06,03,06
156.0,159.0,Trochalopteron virgatum,Striped Laughingthrush,0.6059,psl6,2024,06,03,06
162.0,165.0,Trochalopteron variegatum,Variegated Laughingthrush,0.9058,psl6,2024,06,03,06
165.0,168.0,Trochalopteron variegatum,Variegated Laughingthrush,0.7627,psl6,2024,06,03,06
174.0,177.0,Trochalopteron variegatum,Variegated Laughingthrush,0.9797,psl6,2024,06,03,06
189.0,192.0,Trochalopteron variegatum,Variegated Laughingthrush,0.9641,psl6,2024,06,03,06
198.0,201.0,Trochalopteron variegatum,Variegated Laughingthrush,0.8033,psl6,2024,06,03,06
204.0,207.0,Trochalopteron variegatum,Variegated Laughingthrush,0.8289,psl6,2024,06,03,06
210.0,213.0,Trochalopteron variegatum,Variegated Laughingthrush,0.9352,psl6,2024,06,03,06
213.0,216.0,Trochalopteron variegatum,Variegated Laughingthrush,0.8153,psl6,2024,06,03,06
222.0,225.0,Trochalopteron variegatum,Variegated Laughingthrush,0.9493,psl6,2024,06,03,06
237.0,240.0,Trochalopteron variegatum,Variegated Laughingthrush,0.5267,psl6,2024,06,03,06
243.0,246.0,Trochalopteron variegatum,Variegated Laughingthrush,0.7889,psl6,2024,06,03,06
255.0,258.0,Trochalopteron variegatum,Variegated Laughingthrush,0.9897,psl6,2024,06,03,06
258.0,261.0,Phylloscopus trochiloides,Greenish Warbler,0.5033,psl6,2024,06,03,06
261.0,264.0,Trochalopteron variegatum,Variegated Laughingthrush,0.5836,psl6,2024,06,03,06
267.0,270.0,Trochalopteron variegatum,Variegated Laughingthrush,0.8967,psl6,2024,06,03,06
282.0,285.0,Trochalopteron variegatum,Variegated Laughingthrush,0.8311,psl6,2024,06,03,06
285.0,288.0,Trochalopteron variegatum,Variegated Laughingthrush,0.8295,psl6,2024,06,03,06
291.0,294.0,Trochalopteron variegatum,Variegated Laughingthrush,0.7797,psl6,2024,06,03,06
297.0,300.0,Trochalopteron variegatum,Variegated Laughingthrush,0.9326,psl6,2024,06,03,06
303.0,306.0,Phylloscopus trochiloides,Greenish Warbler,0.6843,psl6,2024,06,03,06
312.0,315.0,Trochalopteron variegatum,Variegated Laughingthrush,0.8986,psl6,2024,06,03,06
327.0,330.0,Trochalopteron variegatum,Variegated Laughingthrush,0.8893,psl6,2024,06,03,06
330.0,333.0,Trochalopteron erythrocephalum,Chestnut-crowned Laughingthrush,0.5165,psl6,2024,06,03,06
333.0,336.0,Trochalopteron variegatum,Variegated Laughingthrush,0.8316,psl6,2024,06,03,06
333.0,336.0,Trochalopteron erythrocephalum,Chestnut-crowned Laughingthrush,0.6209,psl6,2024,06,03,06
348.0,351.0,Phylloscopus trochiloides,Greenish Warbler,0.5014,psl6,2024,06,03,06
351.0,354.0,Trochalopteron variegatum,Variegated Laughingthrush,0.6823,psl6,2024,06,03,06
375.0,378.0,Phylloscopus trochiloides,Greenish Warbler,0.6827,psl6,2024,06,03,06
450.0,453.0,Phylloscopus trochiloides,Greenish Warbler,0.8249,psl6,2024,06,03,06
477.0,480.0,Lophorina superba,Greater Lophorina,0.7501,psl6,2024,06,03,06
525.0,528.0,Phylloscopus nitidus,Green Warbler,0.6823,psl6,2024,06,03,06
567.0,570.0,Phylloscopus magnirostris,Large-billed Leaf Warbler,0.5077,psl6,2024,06,03,06
576.0,579.0,Phylloscopus trochiloides,Greenish Warbler,0.754,psl6,2024,06,03,06
588.0,591.0,Phylloscopus trochiloides,Greenish Warbler,0.6036,psl6,2024,06,03,06
783.0,786.0,Carpodacus erythrinus,Common Rosefinch,0.5598,psl6,2024,06,03,06
792.0,795.0,Carpodacus erythrinus,Common Rosefinch,0.8164,psl6,2024,06,03,06
819.0,822.0,Phylloscopus humei,Hume's Warbler,0.502,psl6,2024,06,03,06
0.0,3.0,Phylloscopus trochiloides,Greenish Warbler,0.5927,psl6,2024,06,03,07
3.0,6.0,Larvivora brunnea,Indian Blue Robin,0.5904,psl6,2024,06,03,07
12.0,15.0,Larvivora brunnea,Indian Blue Robin,0.7842,psl6,2024,06,03,07
42.0,45.0,Zosterops simplex,Swinhoe's White-eye,0.7096,psl6,2024,06,03,07
48.0,51.0,Zosterops simplex,Swinhoe's White-eye,0.6431,psl6,2024,06,03,07
81.0,84.0,Zosterops simplex,Swinhoe's White-eye,0.9576,psl6,2024,06,03,07
84.0,87.0,Zosterops simplex,Swinhoe's White-eye,0.6117,psl6,2024,06,03,07
99.0,102.0,Zosterops simplex,Swinhoe's White-eye,0.6721,psl6,2024,06,03,07
126.0,129.0,Zosterops simplex,Swinhoe's White-eye,0.7274,psl6,2024,06,03,07
159.0,162.0,Phylloscopus humei,Hume's Warbler,0.6878,psl6,2024,06,03,07
165.0,168.0,Phylloscopus humei,Hume's Warbler,0.8111,psl6,2024,06,03,07
168.0,171.0,Zosterops simplex,Swinhoe's White-eye,0.6448,psl6,2024,06,03,07
171.0,174.0,Zosterops simplex,Swinhoe's White-eye,0.6396,psl6,2024,06,03,07
177.0,180.0,Phylloscopus trochiloides,Greenish Warbler,0.5024,psl6,2024,06,03,07
234.0,237.0,Phylloscopus humei,Hume's Warbler,0.7474,psl6,2024,06,03,07
291.0,294.0,Phylloscopus trochiloides,Greenish Warbler,0.6506,psl6,2024,06,03,07
294.0,297.0,Phylloscopus humei,Hume's Warbler,0.671,psl6,2024,06,03,07
300.0,303.0,Zosterops simplex,Swinhoe's White-eye,0.7219,psl6,2024,06,03,07
306.0,309.0,Phylloscopus trochiloides,Greenish Warbler,0.6353,psl6,2024,06,03,07
324.0,327.0,Zosterops simplex,Swinhoe's White-eye,0.7895,psl6,2024,06,03,07
333.0,336.0,Phylloscopus humei,Hume's Warbler,0.8943,psl6,2024,06,03,07
339.0,342.0,Phylloscopus humei,Hume's Warbler,0.6256,psl6,2024,06,03,07
372.0,375.0,Phylloscopus humei,Hume's Warbler,0.8602,psl6,2024,06,03,07
378.0,381.0,Phylloscopus trochiloides,Greenish Warbler,0.663,psl6,2024,06,03,07
390.0,393.0,Phylloscopus trochiloides,Greenish Warbler,0.7559,psl6,2024,06,03,07
414.0,417.0,Phylloscopus humei,Hume's Warbler,0.6212,psl6,2024,06,03,07
429.0,432.0,Phylloscopus trochiloides,Greenish Warbler,0.5846,psl6,2024,06,03,07
510.0,513.0,Phylloscopus trochiloides,Greenish Warbler,0.5985,psl6,2024,06,03,07
516.0,519.0,Zosterops simplex,Swinhoe's White-eye,0.8336,psl6,2024,06,03,07
591.0,594.0,Ficedula tricolor,Slaty-blue Flycatcher,0.9856,psl6,2024,06,03,07
606.0,609.0,Phylloscopus trochiloides,Greenish Warbler,0.6326,psl6,2024,06,03,07
636.0,639.0,Phylloscopus humei,Hume's Warbler,0.5224,psl6,2024,06,03,07
639.0,642.0,Phylloscopus humei,Hume's Warbler,0.5823,psl6,2024,06,03,07
642.0,645.0,Phylloscopus humei,Hume's Warbler,0.9961,psl6,2024,06,03,07
651.0,654.0,Phylloscopus humei,Hume's Warbler,0.6554,psl6,2024,06,03,07
654.0,657.0,Zosterops simplex,Swinhoe's White-eye,0.6176,psl6,2024,06,03,07
660.0,663.0,Phylloscopus humei,Hume's Warbler,0.7193,psl6,2024,06,03,07
663.0,666.0,Phylloscopus humei,Hume's Warbler,0.936,psl6,2024,06,03,07
666.0,669.0,Ficedula tricolor,Slaty-blue Flycatcher,0.675,psl6,2024,06,03,07
669.0,672.0,Ficedula tricolor,Slaty-blue Flycatcher,0.819,psl6,2024,06,03,07
672.0,675.0,Phylloscopus trochiloides,Greenish Warbler,0.5414,psl6,2024,06,03,07
687.0,690.0,Phylloscopus trochiloides,Greenish Warbler,0.5519,psl6,2024,06,03,07
693.0,696.0,Ficedula tricolor,Slaty-blue Flycatcher,0.682,psl6,2024,06,03,07
708.0,711.0,Ficedula tricolor,Slaty-blue Flycatcher,0.7785,psl6,2024,06,03,07
711.0,714.0,Phylloscopus trochiloides,Greenish Warbler,0.8802,psl6,2024,06,03,07
714.0,717.0,Ficedula tricolor,Slaty-blue Flycatcher,0.614,psl6,2024,06,03,07
738.0,741.0,Phylloscopus trochiloides,Greenish Warbler,0.5137,psl6,2024,06,03,07
741.0,744.0,Phylloscopus humei,Hume's Warbler,0.5081,psl6,2024,06,03,07
744.0,747.0,Phylloscopus humei,Hume's Warbler,0.6693,psl6,2024,06,03,07
747.0,750.0,Phylloscopus humei,Hume's Warbler,0.9201,psl6,2024,06,03,07
753.0,756.0,Phylloscopus trochiloides,Greenish Warbler,0.8042,psl6,2024,06,03,07
759.0,762.0,Phylloscopus humei,Hume's Warbler,0.8545,psl6,2024,06,03,07
768.0,771.0,Phylloscopus humei,Hume's Warbler,0.8584,psl6,2024,06,03,07
771.0,774.0,Phylloscopus humei,Hume's Warbler,0.6188,psl6,2024,06,03,07
780.0,783.0,Phylloscopus trochiloides,Greenish Warbler,0.7435,psl6,2024,06,03,07
801.0,804.0,Phylloscopus humei,Hume's Warbler,0.8197,psl6,2024,06,03,07
804.0,807.0,Phylloscopus nitidus,Green Warbler,0.9247,psl6,2024,06,03,07
852.0,855.0,Phylloscopus trochiloides,Greenish Warbler,0.791,psl6,2024,06,03,07
873.0,876.0,Phylloscopus nitidus,Green Warbler,0.9106,psl6,2024,06,03,07
876.0,879.0,Phylloscopus trochiloides,Greenish Warbler,0.6624,psl6,2024,06,03,07
888.0,891.0,Phylloscopus trochiloides,Greenish Warbler,0.8005,psl6,2024,06,03,07
897.0,900.0,Ficedula tricolor,Slaty-blue Flycatcher,0.5595,psl6,2024,06,03,07
171.0,174.0,Tarsiger rufilatus,Himalayan Bluetail,0.8675,psl6,2024,06,03,08
177.0,180.0,Tarsiger rufilatus,Himalayan Bluetail,0.7378,psl6,2024,06,03,08
219.0,222.0,Tarsiger rufilatus,Himalayan Bluetail,0.7241,psl6,2024,06,03,08
225.0,228.0,Tarsiger rufilatus,Himalayan Bluetail,0.7535,psl6,2024,06,03,08
249.0,252.0,Zosterops simplex,Swinhoe's White-eye,0.5103,psl6,2024,06,03,08
252.0,255.0,Tarsiger rufilatus,Himalayan Bluetail,0.7506,psl6,2024,06,03,08
258.0,261.0,Luscinia phaenicuroides,White-bellied Redstart,0.5594,psl6,2024,06,03,08
264.0,267.0,Tarsiger rufilatus,Himalayan Bluetail,0.6695,psl6,2024,06,03,08
267.0,270.0,Tarsiger rufilatus,Himalayan Bluetail,0.7362,psl6,2024,06,03,08
273.0,276.0,Tarsiger rufilatus,Himalayan Bluetail,0.8103,psl6,2024,06,03,08
279.0,282.0,Tarsiger rufilatus,Himalayan Bluetail,0.9664,psl6,2024,06,03,08
285.0,288.0,Tarsiger rufilatus,Himalayan Bluetail,0.8044,psl6,2024,06,03,08
288.0,291.0,Tarsiger rufilatus,Himalayan Bluetail,0.8225,psl6,2024,06,03,08
342.0,345.0,Zosterops simplex,Swinhoe's White-eye,0.5975,psl6,2024,06,03,08
351.0,354.0,Zosterops simplex,Swinhoe's White-eye,0.7183,psl6,2024,06,03,08
615.0,618.0,Phylloscopus humei,Hume's Warbler,0.6199,psl6,2024,06,03,08
660.0,663.0,Phylloscopus humei,Hume's Warbler,0.5807,psl6,2024,06,03,08
762.0,765.0,Ficedula tricolor,Slaty-blue Flycatcher,0.5631,psl6,2024,06,03,08
771.0,774.0,Atlapetes tricolor,Tricolored Brushfinch,0.59,psl6,2024,06,03,08
87.0,90.0,Zosterops simplex,Swinhoe's White-eye,0.6665,psl6,2024,06,03,09
90.0,93.0,Zosterops simplex,Swinhoe's White-eye,0.6351,psl6,2024,06,03,09
96.0,99.0,Phylloscopus humei,Hume's Warbler,0.9963,psl6,2024,06,03,09
111.0,114.0,Phylloscopus humei,Hume's Warbler,0.9796,psl6,2024,06,03,09
150.0,153.0,Phylloscopus humei,Hume's Warbler,0.966,psl6,2024,06,03,09
153.0,156.0,Zosterops simplex,Swinhoe's White-eye,0.5769,psl6,2024,06,03,09
165.0,168.0,Zosterops simplex,Swinhoe's White-eye,0.5574,psl6,2024,06,03,09
177.0,180.0,Zosterops simplex,Swinhoe's White-eye,0.6627,psl6,2024,06,03,09
198.0,201.0,Phylloscopus trochiloides,Greenish Warbler,0.7195,psl6,2024,06,03,09
234.0,237.0,Phylloscopus trochiloides,Greenish Warbler,0.6919,psl6,2024,06,03,09
270.0,273.0,Phylloscopus nitidus,Green Warbler,0.8242,psl6,2024,06,03,09
270.0,273.0,Phylloscopus trochiloides,Greenish Warbler,0.5982,psl6,2024,06,03,09
345.0,348.0,Phylloscopus trochiloides,Greenish Warbler,0.5466,psl6,2024,06,03,09
348.0,351.0,Phylloscopus trochiloides,Greenish Warbler,0.7696,psl6,2024,06,03,09
378.0,381.0,Phylloscopus trochiloides,Greenish Warbler,0.7514,psl6,2024,06,03,09
378.0,381.0,Phylloscopus nitidus,Green Warbler,0.6238,psl6,2024,06,03,09
411.0,414.0,Trochalopteron variegatum,Variegated Laughingthrush,0.7298,psl6,2024,06,03,09
420.0,423.0,Trochalopteron variegatum,Variegated Laughingthrush,0.644,psl6,2024,06,03,09
447.0,450.0,Trochalopteron variegatum,Variegated Laughingthrush,0.8678,psl6,2024,06,03,09
456.0,459.0,Trochalopteron variegatum,Variegated Laughingthrush,0.8803,psl6,2024,06,03,09
462.0,465.0,Trochalopteron affine,Black-faced Laughingthrush,0.5204,psl6,2024,06,03,09
465.0,468.0,Trochalopteron variegatum,Variegated Laughingthrush,0.7029,psl6,2024,06,03,09
471.0,474.0,Trochalopteron variegatum,Variegated Laughingthrush,0.8861,psl6,2024,06,03,09
477.0,480.0,Trochalopteron variegatum,Variegated Laughingthrush,0.8374,psl6,2024,06,03,09
483.0,486.0,Trochalopteron variegatum,Variegated Laughingthrush,0.9404,psl6,2024,06,03,09
489.0,492.0,Trochalopteron variegatum,Variegated Laughingthrush,0.7342,psl6,2024,06,03,09
495.0,498.0,Trochalopteron variegatum,Variegated Laughingthrush,0.7621,psl6,2024,06,03,09
501.0,504.0,Trochalopteron variegatum,Variegated Laughingthrush,0.8792,psl6,2024,06,03,09
501.0,504.0,Trochalopteron affine,Black-faced Laughingthrush,0.5227,psl6,2024,06,03,09
507.0,510.0,Trochalopteron variegatum,Variegated Laughingthrush,0.8033,psl6,2024,06,03,09
510.0,513.0,Trochalopteron variegatum,Variegated Laughingthrush,0.802,psl6,2024,06,03,09
516.0,519.0,Trochalopteron variegatum,Variegated Laughingthrush,0.9423,psl6,2024,06,03,09
522.0,525.0,Trochalopteron variegatum,Variegated Laughingthrush,0.7333,psl6,2024,06,03,09
531.0,534.0,Trochalopteron variegatum,Variegated Laughingthrush,0.7937,psl6,2024,06,03,09
540.0,543.0,Trochalopteron variegatum,Variegated Laughingthrush,0.9149,psl6,2024,06,03,09
543.0,546.0,Trochalopteron variegatum,Variegated Laughingthrush,0.9515,psl6,2024,06,03,09
549.0,552.0,Trochalopteron variegatum,Variegated Laughingthrush,0.8709,psl6,2024,06,03,09
558.0,561.0,Trochalopteron variegatum,Variegated Laughingthrush,0.62,psl6,2024,06,03,09
564.0,567.0,Trochalopteron variegatum,Variegated Laughingthrush,0.7254,psl6,2024,06,03,09
567.0,570.0,Trochalopteron variegatum,Variegated Laughingthrush,0.8251,psl6,2024,06,03,09
567.0,570.0,Trochalopteron affine,Black-faced Laughingthrush,0.7311,psl6,2024,06,03,09
570.0,573.0,Trochalopteron variegatum,Variegated Laughingthrush,0.7676,psl6,2024,06,03,09
573.0,576.0,Trochalopteron variegatum,Variegated Laughingthrush,0.7478,psl6,2024,06,03,09
579.0,582.0,Trochalopteron variegatum,Variegated Laughingthrush,0.9075,psl6,2024,06,03,09
609.0,612.0,Trochalopteron variegatum,Variegated Laughingthrush,0.8895,psl6,2024,06,03,09
636.0,639.0,Trochalopteron variegatum,Variegated Laughingthrush,0.75,psl6,2024,06,03,09
642.0,645.0,Trochalopteron variegatum,Variegated Laughingthrush,0.6178,psl6,2024,06,03,09
645.0,648.0,Trochalopteron variegatum,Variegated Laughingthrush,0.5674,psl6,2024,06,03,09
657.0,660.0,Trochalopteron variegatum,Variegated Laughingthrush,0.6423,psl6,2024,06,03,09
669.0,672.0,Trochalopteron variegatum,Variegated Laughingthrush,0.7092,psl6,2024,06,03,09
681.0,684.0,Phylloscopus occipitalis,Western Crowned Warbler,0.6515,psl6,2024,06,03,09
720.0,723.0,Trochalopteron variegatum,Variegated Laughingthrush,0.5854,psl6,2024,06,03,09
741.0,744.0,Trochalopteron variegatum,Variegated Laughingthrush,0.5768,psl6,2024,06,03,09
753.0,756.0,Phylloscopus occipitalis,Western Crowned Warbler,0.5291,psl6,2024,06,03,09
762.0,765.0,Larvivora brunnea,Indian Blue Robin,0.5627,psl6,2024,06,03,09
789.0,792.0,Phylloscopus occipitalis,Western Crowned Warbler,0.687,psl6,2024,06,03,09
798.0,801.0,Phylloscopus occipitalis,Western Crowned Warbler,0.7525,psl6,2024,06,03,09
804.0,807.0,Phylloscopus occipitalis,Western Crowned Warbler,0.5955,psl6,2024,06,03,09
810.0,813.0,Phylloscopus occipitalis,Western Crowned Warbler,0.5598,psl6,2024,06,03,09
819.0,822.0,Phylloscopus occipitalis,Western Crowned Warbler,0.5359,psl6,2024,06,03,09
837.0,840.0,Lophorina superba,Greater Lophorina,0.5459,psl6,2024,06,03,09
45.0,48.0,Phylloscopus humei,Hume's Warbler,0.8065,psl6,2024,06,04,06
51.0,54.0,Phylloscopus humei,Hume's Warbler,0.8065,psl6,2024,06,04,06
72.0,75.0,Luscinia phaenicuroides,White-bellied Redstart,0.6364,psl6,2024,06,04,06
105.0,108.0,Phylloscopus occipitalis,Western Crowned Warbler,0.616,psl6,2024,06,04,06
132.0,135.0,Phylloscopus occipitalis,Western Crowned Warbler,0.767,psl6,2024,06,04,06
201.0,204.0,Trochalopteron variegatum,Variegated Laughingthrush,0.5633,psl6,2024,06,04,06
207.0,210.0,Phylloscopus humei,Hume's Warbler,0.6137,psl6,2024,06,04,06
228.0,231.0,Phylloscopus humei,Hume's Warbler,0.6586,psl6,2024,06,04,06
231.0,234.0,Phylloscopus humei,Hume's Warbler,0.7431,psl6,2024,06,04,06
249.0,252.0,Trochalopteron variegatum,Variegated Laughingthrush,0.6028,psl6,2024,06,04,06
261.0,264.0,Trochalopteron variegatum,Variegated Laughingthrush,0.5756,psl6,2024,06,04,06
270.0,273.0,Trochalopteron variegatum,Variegated Laughingthrush,0.8974,psl6,2024,06,04,06
279.0,282.0,Phylloscopus occipitalis,Western Crowned Warbler,0.6837,psl6,2024,06,04,06
282.0,285.0,Trochalopteron variegatum,Variegated Laughingthrush,0.863,psl6,2024,06,04,06
291.0,294.0,Trochalopteron affine,Black-faced Laughingthrush,0.6392,psl6,2024,06,04,06
291.0,294.0,Trochalopteron variegatum,Variegated Laughingthrush,0.593,psl6,2024,06,04,06
309.0,312.0,Trochalopteron variegatum,Variegated Laughingthrush,0.7339,psl6,2024,06,04,06
318.0,321.0,Trochalopteron variegatum,Variegated Laughingthrush,0.9762,psl6,2024,06,04,06
324.0,327.0,Trochalopteron variegatum,Variegated Laughingthrush,0.9618,psl6,2024,06,04,06
330.0,333.0,Trochalopteron variegatum,Variegated Laughingthrush,0.9157,psl6,2024,06,04,06
333.0,336.0,Trochalopteron variegatum,Variegated Laughingthrush,0.9202,psl6,2024,06,04,06
339.0,342.0,Phylloscopus humei,Hume's Warbler,0.6909,psl6,2024,06,04,06
342.0,345.0,Trochalopteron variegatum,Variegated Laughingthrush,0.8746,psl6,2024,06,04,06
348.0,351.0,Trochalopteron variegatum,Variegated Laughingthrush,0.5753,psl6,2024,06,04,06
357.0,360.0,Trochalopteron variegatum,Variegated Laughingthrush,0.7914,psl6,2024,06,04,06
360.0,363.0,Phylloscopus humei,Hume's Warbler,0.9333,psl6,2024,06,04,06
363.0,366.0,Phylloscopus humei,Hume's Warbler,0.6614,psl6,2024,06,04,06
369.0,372.0,Trochalopteron variegatum,Variegated Laughingthrush,0.6496,psl6,2024,06,04,06
372.0,375.0,Phylloscopus magnirostris,Large-billed Leaf Warbler,0.6458,psl6,2024,06,04,06
375.0,378.0,Phylloscopus humei,Hume's Warbler,0.77,psl6,2024,06,04,06
378.0,381.0,Phylloscopus humei,Hume's Warbler,0.9411,psl6,2024,06,04,06
381.0,384.0,Trochalopteron variegatum,Variegated Laughingthrush,0.9701,psl6,2024,06,04,06
384.0,387.0,Phylloscopus humei,Hume's Warbler,0.5195,psl6,2024,06,04,06
387.0,390.0,Phylloscopus humei,Hume's Warbler,0.9574,psl6,2024,06,04,06
393.0,396.0,Phylloscopus humei,Hume's Warbler,0.9618,psl6,2024,06,04,06
423.0,426.0,Phylloscopus humei,Hume's Warbler,0.6144,psl6,2024,06,04,06
444.0,447.0,Trochalopteron variegatum,Variegated Laughingthrush,0.9204,psl6,2024,06,04,06
447.0,450.0,Trochalopteron variegatum,Variegated Laughingthrush,0.5048,psl6,2024,06,04,06
453.0,456.0,Trochalopteron variegatum,Variegated Laughingthrush,0.6653,psl6,2024,06,04,06
468.0,471.0,Trochalopteron variegatum,Variegated Laughingthrush,0.8055,psl6,2024,06,04,06
495.0,498.0,Trochalopteron variegatum,Variegated Laughingthrush,0.9657,psl6,2024,06,04,06
501.0,504.0,Trochalopteron variegatum,Variegated Laughingthrush,0.8879,psl6,2024,06,04,06
510.0,513.0,Trochalopteron variegatum,Variegated Laughingthrush,0.6148,psl6,2024,06,04,06
513.0,516.0,Trochalopteron variegatum,Variegated Laughingthrush,0.9655,psl6,2024,06,04,06
513.0,516.0,Trochalopteron affine,Black-faced Laughingthrush,0.5198,psl6,2024,06,04,06
522.0,525.0,Trochalopteron variegatum,Variegated Laughingthrush,0.8018,psl6,2024,06,04,06
528.0,531.0,Trochalopteron variegatum,Variegated Laughingthrush,0.8265,psl6,2024,06,04,06
537.0,540.0,Trochalopteron variegatum,Variegated Laughingthrush,0.8881,psl6,2024,06,04,06
546.0,549.0,Trochalopteron variegatum,Variegated Laughingthrush,0.8084,psl6,2024,06,04,06
552.0,555.0,Trochalopteron variegatum,Variegated Laughingthrush,0.8306,psl6,2024,06,04,06
564.0,567.0,Trochalopteron variegatum,Variegated Laughingthrush,0.7581,psl6,2024,06,04,06
567.0,570.0,Trochalopteron affine,Black-faced Laughingthrush,0.5514,psl6,2024,06,04,06
585.0,588.0,Phylloscopus humei,Hume's Warbler,0.5622,psl6,2024,06,04,06
591.0,594.0,Trochalopteron variegatum,Variegated Laughingthrush,0.7322,psl6,2024,06,04,06
597.0,600.0,Trochalopteron variegatum,Variegated Laughingthrush,0.7464,psl6,2024,06,04,06
615.0,618.0,Trochalopteron variegatum,Variegated Laughingthrush,0.7763,psl6,2024,06,04,06
624.0,627.0,Trochalopteron variegatum,Variegated Laughingthrush,0.7846,psl6,2024,06,04,06
636.0,639.0,Trochalopteron variegatum,Variegated Laughingthrush,0.758,psl6,2024,06,04,06
708.0,711.0,Phylloscopus humei,Hume's Warbler,0.5059,psl6,2024,06,04,06
732.0,735.0,Phylloscopus trochiloides,Greenish Warbler,0.6454,psl6,2024,06,04,06
762.0,765.0,Phylloscopus humei,Hume's Warbler,0.5522,psl6,2024,06,04,06
768.0,771.0,Phylloscopus trochiloides,Greenish Warbler,0.8323,psl6,2024,06,04,06
780.0,783.0,Phylloscopus nitidus,Green Warbler,0.7593,psl6,2024,06,04,06
780.0,783.0,Phylloscopus trochiloides,Greenish Warbler,0.7242,psl6,2024,06,04,06
786.0,789.0,Phylloscopus humei,Hume's Warbler,0.6929,psl6,2024,06,04,06
789.0,792.0,Phylloscopus trochiloides,Greenish Warbler,0.5091,psl6,2024,06,04,06
801.0,804.0,Phylloscopus trochiloides,Greenish Warbler,0.6332,psl6,2024,06,04,06
804.0,807.0,Phylloscopus humei,Hume's Warbler,0.8659,psl6,2024,06,04,06
816.0,819.0,Phylloscopus humei,Hume's Warbler,0.6481,psl6,2024,06,04,06
834.0,837.0,Phylloscopus trochiloides,Greenish Warbler,0.8147,psl6,2024,06,04,06
846.0,849.0,Phylloscopus trochiloides,Greenish Warbler,0.6833,psl6,2024,06,04,06
855.0,858.0,Phylloscopus trochiloides,Greenish Warbler,0.6478,psl6,2024,06,04,06
858.0,861.0,Phylloscopus trochiloides,Greenish Warbler,0.5949,psl6,2024,06,04,06
867.0,870.0,Phylloscopus trochiloides,Greenish Warbler,0.6148,psl6,2024,06,04,06
873.0,876.0,Trochalopteron variegatum,Variegated Laughingthrush,0.6697,psl6,2024,06,04,06
879.0,882.0,Phylloscopus trochiloides,Greenish Warbler,0.7147,psl6,2024,06,04,06
879.0,882.0,Phylloscopus nitidus,Green Warbler,0.6086,psl6,2024,06,04,06
9.0,12.0,Phylloscopus humei,Hume's Warbler,0.5226,psl6,2024,06,04,07
84.0,87.0,Phylloscopus humei,Hume's Warbler,0.9399,psl6,2024,06,04,07
135.0,138.0,Phylloscopus occipitalis,Western Crowned Warbler,0.606,psl6,2024,06,04,07
264.0,267.0,Phylloscopus trochiloides,Greenish Warbler,0.6574,psl6,2024,06,04,07
576.0,579.0,Mecocerculus stictopterus,White-banded Tyrannulet,0.539,psl6,2024,06,04,07
582.0,585.0,Trochalopteron variegatum,Variegated Laughingthrush,0.6749,psl6,2024,06,04,07
609.0,612.0,Lophorina superba,Greater Lophorina,0.5003,psl6,2024,06,04,07
687.0,690.0,Phylloscopus occipitalis,Western Crowned Warbler,0.6659,psl6,2024,06,04,07
714.0,717.0,Phylloscopus occipitalis,Western Crowned Warbler,0.7864,psl6,2024,06,04,07
765.0,768.0,Phylloscopus occipitalis,Western Crowned Warbler,0.555,psl6,2024,06,04,07
792.0,795.0,Phylloscopus humei,Hume's Warbler,0.6564,psl6,2024,06,04,07
897.0,900.0,Trochalopteron variegatum,Variegated Laughingthrush,0.5609,psl6,2024,06,04,07
15.0,18.0,Ficedula tricolor,Slaty-blue Flycatcher,0.8359,psl6,2024,06,04,08
21.0,24.0,Ficedula tricolor,Slaty-blue Flycatcher,0.5498,psl6,2024,06,04,08
51.0,54.0,Phylloscopus humei,Hume's Warbler,0.8222,psl6,2024,06,04,08
78.0,81.0,Zosterops simplex,Swinhoe's White-eye,0.6598,psl6,2024,06,04,08
309.0,312.0,Trochalopteron variegatum,Variegated Laughingthrush,0.8552,psl6,2024,06,04,08
312.0,315.0,Lophorina superba,Greater Lophorina,0.7666,psl6,2024,06,04,08
444.0,447.0,Lophorina superba,Greater Lophorina,0.7028,psl6,2024,06,04,08
468.0,471.0,Lophorina superba,Greater Lophorina,0.5044,psl6,2024,06,04,08
480.0,483.0,Ficedula tricolor,Slaty-blue Flycatcher,0.5344,psl6,2024,06,04,08
555.0,558.0,Ficedula tricolor,Slaty-blue Flycatcher,0.5878,psl6,2024,06,04,08
756.0,759.0,Ficedula tricolor,Slaty-blue Flycatcher,0.6168,psl6,2024,06,04,08
795.0,798.0,Ficedula tricolor,Slaty-blue Flycatcher,0.8834,psl6,2024,06,04,08
798.0,801.0,Ficedula tricolor,Slaty-blue Flycatcher,0.5353,psl6,2024,06,04,08
807.0,810.0,Ficedula tricolor,Slaty-blue Flycatcher,0.7302,psl6,2024,06,04,08
813.0,816.0,Ficedula tricolor,Slaty-blue Flycatcher,0.7377,psl6,2024,06,04,08
855.0,858.0,Ficedula tricolor,Slaty-blue Flycatcher,0.864,psl6,2024,06,04,08
147.0,150.0,Phylloscopus humei,Hume's Warbler,0.5593,psl6,2024,06,04,09
189.0,192.0,Zosterops simplex,Swinhoe's White-eye,0.6779,psl6,2024,06,04,09
207.0,210.0,Zosterops simplex,Swinhoe's White-eye,0.5855,psl6,2024,06,04,09
234.0,237.0,Zosterops simplex,Swinhoe's White-eye,0.5438,psl6,2024,06,04,09
246.0,249.0,Zosterops simplex,Swinhoe's White-eye,0.8464,psl6,2024,06,04,09
252.0,255.0,Zosterops simplex,Swinhoe's White-eye,0.5195,psl6,2024,06,04,09
255.0,258.0,Zosterops simplex,Swinhoe's White-eye,0.5245,psl6,2024,06,04,09
261.0,264.0,Phylloscopus humei,Hume's Warbler,0.9436,psl6,2024,06,04,09
264.0,267.0,Zosterops simplex,Swinhoe's White-eye,0.5575,psl6,2024,06,04,09
273.0,276.0,Phylloscopus humei,Hume's Warbler,0.6506,psl6,2024,06,04,09
276.0,279.0,Zosterops simplex,Swinhoe's White-eye,0.852,psl6,2024,06,04,09
285.0,288.0,Phylloscopus humei,Hume's Warbler,0.8239,psl6,2024,06,04,09
297.0,300.0,Phylloscopus humei,Hume's Warbler,0.9449,psl6,2024,06,04,09
300.0,303.0,Phylloscopus humei,Hume's Warbler,0.7968,psl6,2024,06,04,09
306.0,309.0,Phylloscopus humei,Hume's Warbler,0.5844,psl6,2024,06,04,09
330.0,333.0,Zosterops simplex,Swinhoe's White-eye,0.903,psl6,2024,06,04,09
357.0,360.0,Zosterops simplex,Swinhoe's White-eye,0.7833,psl6,2024,06,04,09
360.0,363.0,Phylloscopus humei,Hume's Warbler,0.5665,psl6,2024,06,04,09
372.0,375.0,Phylloscopus humei,Hume's Warbler,0.7185,psl6,2024,06,04,09
381.0,384.0,Zosterops simplex,Swinhoe's White-eye,0.721,psl6,2024,06,04,09
399.0,402.0,Phylloscopus humei,Hume's Warbler,0.8292,psl6,2024,06,04,09
453.0,456.0,Ficedula tricolor,Slaty-blue Flycatcher,0.5153,psl6,2024,06,04,09
456.0,459.0,Ficedula tricolor,Slaty-blue Flycatcher,0.854,psl6,2024,06,04,09
495.0,498.0,Ficedula tricolor,Slaty-blue Flycatcher,0.9678,psl6,2024,06,04,09
555.0,558.0,Ficedula tricolor,Slaty-blue Flycatcher,0.98,psl6,2024,06,04,09
558.0,561.0,Zosterops simplex,Swinhoe's White-eye,0.5402,psl6,2024,06,04,09
42.0,45.0,Phylloscopus humei,Hume's Warbler,0.8349,psl6,2024,06,05,06
57.0,60.0,Phylloscopus humei,Hume's Warbler,0.8559,psl6,2024,06,05,06
66.0,69.0,Phylloscopus trochiloides,Greenish Warbler,0.5826,psl6,2024,06,05,06
72.0,75.0,Phylloscopus humei,Hume's Warbler,0.5233,psl6,2024,06,05,06
78.0,81.0,Phylloscopus humei,Hume's Warbler,0.5941,psl6,2024,06,05,06
87.0,90.0,Phylloscopus humei,Hume's Warbler,0.5488,psl6,2024,06,05,06
96.0,99.0,Phylloscopus occipitalis,Western Crowned Warbler,0.5309,psl6,2024,06,05,06
153.0,156.0,Carpodacus erythrinus,Common Rosefinch,0.545,psl6,2024,06,05,06
159.0,162.0,Phylloscopus occipitalis,Western Crowned Warbler,0.7164,psl6,2024,06,05,06
162.0,165.0,Trochalopteron variegatum,Variegated Laughingthrush,0.5745,psl6,2024,06,05,06
171.0,174.0,Carpodacus erythrinus,Common Rosefinch,0.5338,psl6,2024,06,05,06
180.0,183.0,Carpodacus erythrinus,Common Rosefinch,0.9455,psl6,2024,06,05,06
189.0,192.0,Phylloscopus humei,Hume's Warbler,0.9995,psl6,2024,06,05,06
192.0,195.0,Phylloscopus humei,Hume's Warbler,0.8459,psl6,2024,06,05,06
198.0,201.0,Phylloscopus humei,Hume's Warbler,0.9601,psl6,2024,06,05,06
201.0,204.0,Carpodacus erythrinus,Common Rosefinch,0.6079,psl6,2024,06,05,06
201.0,204.0,Phylloscopus humei,Hume's Warbler,0.5045,psl6,2024,06,05,06
204.0,207.0,Phylloscopus humei,Hume's Warbler,0.9368,psl6,2024,06,05,06
207.0,210.0,Phylloscopus humei,Hume's Warbler,0.932,psl6,2024,06,05,06
210.0,213.0,Phylloscopus humei,Hume's Warbler,0.8932,psl6,2024,06,05,06
216.0,219.0,Phylloscopus occipitalis,Western Crowned Warbler,0.5126,psl6,2024,06,05,06
219.0,222.0,Carpodacus erythrinus,Common Rosefinch,0.8934,psl6,2024,06,05,06
228.0,231.0,Carpodacus erythrinus,Common Rosefinch,0.981,psl6,2024,06,05,06
231.0,234.0,Phylloscopus humei,Hume's Warbler,0.7919,psl6,2024,06,05,06
234.0,237.0,Phylloscopus humei,Hume's Warbler,0.6123,psl6,2024,06,05,06
234.0,237.0,Carpodacus erythrinus,Common Rosefinch,0.5667,psl6,2024,06,05,06
237.0,240.0,Phylloscopus humei,Hume's Warbler,0.9439,psl6,2024,06,05,06
243.0,246.0,Phylloscopus humei,Hume's Warbler,0.7474,psl6,2024,06,05,06
246.0,249.0,Phylloscopus humei,Hume's Warbler,0.973,psl6,2024,06,05,06
249.0,252.0,Phylloscopus humei,Hume's Warbler,0.7571,psl6,2024,06,05,06
252.0,255.0,Phylloscopus humei,Hume's Warbler,0.9603,psl6,2024,06,05,06
255.0,258.0,Phylloscopus humei,Hume's Warbler,0.9181,psl6,2024,06,05,06
258.0,261.0,Phylloscopus humei,Hume's Warbler,0.9661,psl6,2024,06,05,06
261.0,264.0,Phylloscopus humei,Hume's Warbler,0.9751,psl6,2024,06,05,06
264.0,267.0,Phylloscopus humei,Hume's Warbler,0.9042,psl6,2024,06,05,06
267.0,270.0,Carpodacus erythrinus,Common Rosefinch,0.5999,psl6,2024,06,05,06
276.0,279.0,Carpodacus erythrinus,Common Rosefinch,0.9802,psl6,2024,06,05,06
288.0,291.0,Carpodacus erythrinus,Common Rosefinch,0.9939,psl6,2024,06,05,06
372.0,375.0,Trochalopteron variegatum,Variegated Laughingthrush,0.6408,psl6,2024,06,05,06
384.0,387.0,Phylloscopus occipitalis,Western Crowned Warbler,0.7094,psl6,2024,06,05,06
387.0,390.0,Carpodacus erythrinus,Common Rosefinch,0.959,psl6,2024,06,05,06
393.0,396.0,Carpodacus erythrinus,Common Rosefinch,0.9594,psl6,2024,06,05,06
513.0,516.0,Ficedula tricolor,Slaty-blue Flycatcher,0.7829,psl6,2024,06,05,06
525.0,528.0,Phylloscopus humei,Hume's Warbler,0.6111,psl6,2024,06,05,06
645.0,648.0,Lophorina superba,Greater Lophorina,0.7273,psl6,2024,06,05,06
885.0,888.0,Ficedula tricolor,Slaty-blue Flycatcher,0.7405,psl6,2024,06,05,06
3.0,6.0,Tarsiger chrysaeus,Golden Bush-Robin,0.5498,psl6,2024,06,05,07
9.0,12.0,Tarsiger chrysaeus,Golden Bush-Robin,0.9735,psl6,2024,06,05,07
12.0,15.0,Tarsiger chrysaeus,Golden Bush-Robin,0.572,psl6,2024,06,05,07
15.0,18.0,Tarsiger chrysaeus,Golden Bush-Robin,0.9336,psl6,2024,06,05,07
21.0,24.0,Tarsiger chrysaeus,Golden Bush-Robin,0.8095,psl6,2024,06,05,07
21.0,24.0,Phoenicurus auroreus,Daurian Redstart,0.7592,psl6,2024,06,05,07
24.0,27.0,Tarsiger chrysaeus,Golden Bush-Robin,0.7484,psl6,2024,06,05,07
27.0,30.0,Tarsiger chrysaeus,Golden Bush-Robin,0.8647,psl6,2024,06,05,07
27.0,30.0,Phoenicurus auroreus,Daurian Redstart,0.8156,psl6,2024,06,05,07
45.0,48.0,Ficedula tricolor,Slaty-blue Flycatcher,0.7839,psl6,2024,06,05,07
48.0,51.0,Tarsiger chrysaeus,Golden Bush-Robin,0.6976,psl6,2024,06,05,07
57.0,60.0,Ficedula tricolor,Slaty-blue Flycatcher,0.5633,psl6,2024,06,05,07
60.0,63.0,Ficedula tricolor,Slaty-blue Flycatcher,0.6911,psl6,2024,06,05,07
60.0,63.0,Cettia castaneocoronata,Chestnut-headed Tesia,0.5601,psl6,2024,06,05,07
81.0,84.0,Ficedula tricolor,Slaty-blue Flycatcher,0.7747,psl6,2024,06,05,07
81.0,84.0,Cettia castaneocoronata,Chestnut-headed Tesia,0.6152,psl6,2024,06,05,07
99.0,102.0,Ficedula tricolor,Slaty-blue Flycatcher,0.7767,psl6,2024,06,05,07
108.0,111.0,Phylloscopus magnirostris,Large-billed Leaf Warbler,0.8587,psl6,2024,06,05,07
108.0,111.0,Larvivora brunnea,Indian Blue Robin,0.7383,psl6,2024,06,05,07
111.0,114.0,Larvivora brunnea,Indian Blue Robin,0.9786,psl6,2024,06,05,07
126.0,129.0,Phylloscopus humei,Hume's Warbler,0.5008,psl6,2024,06,05,07
186.0,189.0,Phylloscopus humei,Hume's Warbler,0.5769,psl6,2024,06,05,07
189.0,192.0,Phylloscopus trochiloides,Greenish Warbler,0.595,psl6,2024,06,05,07
192.0,195.0,Phylloscopus trochiloides,Greenish Warbler,0.6295,psl6,2024,06,05,07
204.0,207.0,Phylloscopus humei,Hume's Warbler,0.7569,psl6,2024,06,05,07
213.0,216.0,Phylloscopus trochiloides,Greenish Warbler,0.668,psl6,2024,06,05,07
219.0,222.0,Phylloscopus humei,Hume's Warbler,0.9417,psl6,2024,06,05,07
231.0,234.0,Phylloscopus humei,Hume's Warbler,0.981,psl6,2024,06,05,07
237.0,240.0,Larvivora brunnea,Indian Blue Robin,0.7335,psl6,2024,06,05,07
246.0,249.0,Phylloscopus humei,Hume's Warbler,0.9969,psl6,2024,06,05,07
264.0,267.0,Phylloscopus humei,Hume's Warbler,0.7419,psl6,2024,06,05,07
270.0,273.0,Phylloscopus humei,Hume's Warbler,0.8839,psl6,2024,06,05,07
276.0,279.0,Phylloscopus humei,Hume's Warbler,0.7477,psl6,2024,06,05,07
348.0,351.0,Larvivora brunnea,Indian Blue Robin,0.966,psl6,2024,06,05,07
483.0,486.0,Phylloscopus humei,Hume's Warbler,0.7368,psl6,2024,06,05,07
516.0,519.0,Lophorina superba,Greater Lophorina,0.5496,psl6,2024,06,05,07
534.0,537.0,Phylloscopus humei,Hume's Warbler,0.5867,psl6,2024,06,05,07
555.0,558.0,Phylloscopus humei,Hume's Warbler,0.6381,psl6,2024,06,05,07
576.0,579.0,Phylloscopus humei,Hume's Warbler,0.6654,psl6,2024,06,05,07
585.0,588.0,Phylloscopus humei,Hume's Warbler,0.5424,psl6,2024,06,05,07
639.0,642.0,Lophorina superba,Greater Lophorina,0.511,psl6,2024,06,05,07
645.0,648.0,Phylloscopus humei,Hume's Warbler,0.5639,psl6,2024,06,05,07
648.0,651.0,Phylloscopus humei,Hume's Warbler,0.6723,psl6,2024,06,05,07
654.0,657.0,Phylloscopus humei,Hume's Warbler,0.6986,psl6,2024,06,05,07
657.0,660.0,Phylloscopus humei,Hume's Warbler,0.8835,psl6,2024,06,05,07
660.0,663.0,Phylloscopus humei,Hume's Warbler,0.8425,psl6,2024,06,05,07
663.0,666.0,Phylloscopus humei,Hume's Warbler,0.9609,psl6,2024,06,05,07
666.0,669.0,Phylloscopus humei,Hume's Warbler,0.9341,psl6,2024,06,05,07
669.0,672.0,Phylloscopus humei,Hume's Warbler,0.7447,psl6,2024,06,05,07
672.0,675.0,Phylloscopus humei,Hume's Warbler,0.6914,psl6,2024,06,05,07
675.0,678.0,Phylloscopus humei,Hume's Warbler,0.8843,psl6,2024,06,05,07
678.0,681.0,Phylloscopus humei,Hume's Warbler,0.8726,psl6,2024,06,05,07
681.0,684.0,Phylloscopus humei,Hume's Warbler,0.8889,psl6,2024,06,05,07
684.0,687.0,Phylloscopus humei,Hume's Warbler,0.9636,psl6,2024,06,05,07
687.0,690.0,Phylloscopus humei,Hume's Warbler,0.9304,psl6,2024,06,05,07
693.0,696.0,Phylloscopus humei,Hume's Warbler,0.9462,psl6,2024,06,05,07
696.0,699.0,Phylloscopus humei,Hume's Warbler,0.9086,psl6,2024,06,05,07
702.0,705.0,Phylloscopus humei,Hume's Warbler,0.9615,psl6,2024,06,05,07
720.0,723.0,Phylloscopus humei,Hume's Warbler,0.9126,psl6,2024,06,05,07
723.0,726.0,Phylloscopus humei,Hume's Warbler,0.9569,psl6,2024,06,05,07
726.0,729.0,Phylloscopus humei,Hume's Warbler,0.8942,psl6,2024,06,05,07
732.0,735.0,Phylloscopus humei,Hume's Warbler,0.8846,psl6,2024,06,05,07
735.0,738.0,Phylloscopus humei,Hume's Warbler,0.961,psl6,2024,06,05,07
744.0,747.0,Phylloscopus humei,Hume's Warbler,0.9115,psl6,2024,06,05,07
750.0,753.0,Phylloscopus humei,Hume's Warbler,0.9778,psl6,2024,06,05,07
753.0,756.0,Phylloscopus humei,Hume's Warbler,0.5407,psl6,2024,06,05,07
756.0,759.0,Phylloscopus humei,Hume's Warbler,0.5529,psl6,2024,06,05,07
834.0,837.0,Phylloscopus humei,Hume's Warbler,0.9722,psl6,2024,06,05,07
852.0,855.0,Phylloscopus trochiloides,Greenish Warbler,0.5021,psl6,2024,06,05,07
867.0,870.0,Phylloscopus humei,Hume's Warbler,0.9732,psl6,2024,06,05,07
873.0,876.0,Phylloscopus nitidus,Green Warbler,0.6618,psl6,2024,06,05,07
879.0,882.0,Phylloscopus humei,Hume's Warbler,0.8153,psl6,2024,06,05,07
891.0,894.0,Phylloscopus humei,Hume's Warbler,0.9434,psl6,2024,06,05,07
111.0,114.0,Phylloscopus chloronotus,Lemon-rumped Warbler,0.6753,psl6,2024,06,05,08
126.0,129.0,Phylloscopus chloronotus,Lemon-rumped Warbler,0.5404,psl6,2024,06,05,08
135.0,138.0,Phylloscopus chloronotus,Lemon-rumped Warbler,0.5258,psl6,2024,06,05,08
210.0,213.0,Luscinia phaenicuroides,White-bellied Redstart,0.5592,psl6,2024,06,05,08
300.0,303.0,Phylloscopus humei,Hume's Warbler,0.5437,psl6,2024,06,05,08
456.0,459.0,Ficedula tricolor,Slaty-blue Flycatcher,0.7622,psl6,2024,06,05,08
468.0,471.0,Phylloscopus occipitalis,Western Crowned Warbler,0.713,psl6,2024,06,05,08
474.0,477.0,Ficedula tricolor,Slaty-blue Flycatcher,0.7865,psl6,2024,06,05,08
489.0,492.0,Ficedula tricolor,Slaty-blue Flycatcher,0.7275,psl6,2024,06,05,08
507.0,510.0,Ficedula tricolor,Slaty-blue Flycatcher,0.564,psl6,2024,06,05,08
522.0,525.0,Ficedula tricolor,Slaty-blue Flycatcher,0.773,psl6,2024,06,05,08
540.0,543.0,Ficedula tricolor,Slaty-blue Flycatcher,0.6441,psl6,2024,06,05,08
564.0,567.0,Phylloscopus humei,Hume's Warbler,0.7791,psl6,2024,06,05,08
630.0,633.0,Phylloscopus humei,Hume's Warbler,0.5253,psl6,2024,06,05,08
654.0,657.0,Phylloscopus humei,Hume's Warbler,0.5542,psl6,2024,06,05,08
723.0,726.0,Setophaga chrysoparia,Golden-cheeked Warbler,0.8354,psl6,2024,06,05,08
744.0,747.0,Setophaga chrysoparia,Golden-cheeked Warbler,0.7297,psl6,2024,06,05,08
834.0,837.0,Phylloscopus humei,Hume's Warbler,0.89,psl6,2024,06,05,08
837.0,840.0,Phylloscopus humei,Hume's Warbler,0.6539,psl6,2024,06,05,08
846.0,849.0,Setophaga chrysoparia,Golden-cheeked Warbler,0.7425,psl6,2024,06,05,08
864.0,867.0,Phylloscopus occipitalis,Western Crowned Warbler,0.7991,psl6,2024,06,05,08
885.0,888.0,Phylloscopus humei,Hume's Warbler,0.7089,psl6,2024,06,05,08
234.0,237.0,Phylloscopus humei,Hume's Warbler,0.5045,psl6,2024,06,05,09
471.0,474.0,Phylloscopus humei,Hume's Warbler,0.6051,psl6,2024,06,05,09
501.0,504.0,Phylloscopus humei,Hume's Warbler,0.7134,psl6,2024,06,05,09
513.0,516.0,Phylloscopus humei,Hume's Warbler,0.944,psl6,2024,06,05,09
531.0,534.0,Phylloscopus humei,Hume's Warbler,0.9597,psl6,2024,06,05,09
780.0,783.0,Phylloscopus occipitalis,Western Crowned Warbler,0.6382,psl6,2024,06,05,09
216.0,219.0,Phylloscopus nitidus,Green Warbler,0.686,psl6,2024,06,06,06
243.0,246.0,Phylloscopus trochiloides,Greenish Warbler,0.9041,psl6,2024,06,06,06
267.0,270.0,Phylloscopus nitidus,Green Warbler,0.5837,psl6,2024,06,06,06
279.0,282.0,Phylloscopus trochiloides,Greenish Warbler,0.7693,psl6,2024,06,06,06
279.0,282.0,Phylloscopus nitidus,Green Warbler,0.6783,psl6,2024,06,06,06
330.0,333.0,Carpodacus rodochroa,Pink-browed Rosefinch,0.7971,psl6,2024,06,06,06
339.0,342.0,Carpodacus rodochroa,Pink-browed Rosefinch,0.723,psl6,2024,06,06,06
426.0,429.0,Phylloscopus chloronotus,Lemon-rumped Warbler,0.5804,psl6,2024,06,06,06
528.0,531.0,Ficedula tricolor,Slaty-blue Flycatcher,0.6757,psl6,2024,06,06,06
549.0,552.0,Ficedula tricolor,Slaty-blue Flycatcher,0.6902,psl6,2024,06,06,06
555.0,558.0,Ficedula tricolor,Slaty-blue Flycatcher,0.6738,psl6,2024,06,06,06
561.0,564.0,Ficedula tricolor,Slaty-blue Flycatcher,0.5726,psl6,2024,06,06,06
570.0,573.0,Ficedula tricolor,Slaty-blue Flycatcher,0.681,psl6,2024,06,06,06
582.0,585.0,Ficedula tricolor,Slaty-blue Flycatcher,0.7409,psl6,2024,06,06,06
624.0,627.0,Ficedula tricolor,Slaty-blue Flycatcher,0.5151,psl6,2024,06,06,06
636.0,639.0,Phylloscopus humei,Hume's Warbler,0.6703,psl6,2024,06,06,06
678.0,681.0,Phylloscopus humei,Hume's Warbler,0.5171,psl6,2024,06,06,06
36.0,39.0,Ficedula tricolor,Slaty-blue Flycatcher,0.9771,psl6,2024,06,06,07
72.0,75.0,Phylloscopus occipitalis,Western Crowned Warbler,0.5013,psl6,2024,06,06,07
390.0,393.0,Trochalopteron variegatum,Variegated Laughingthrush,0.5857,psl6,2024,06,06,07
645.0,648.0,Phylloscopus occipitalis,Western Crowned Warbler,0.609,psl6,2024,06,06,07
732.0,735.0,Phylloscopus nitidus,Green Warbler,0.7738,psl6,2024,06,06,07
747.0,750.0,Phylloscopus trochiloides,Greenish Warbler,0.5882,psl6,2024,06,06,07
756.0,759.0,Phylloscopus nitidus,Green Warbler,0.9198,psl6,2024,06,06,07
771.0,774.0,Phylloscopus nitidus,Green Warbler,0.5968,psl6,2024,06,06,07
798.0,801.0,Phylloscopus chloronotus,Lemon-rumped Warbler,0.5797,psl6,2024,06,06,07
807.0,810.0,Phylloscopus trochiloides,Greenish Warbler,0.5689,psl6,2024,06,06,07
822.0,825.0,Phylloscopus nitidus,Green Warbler,0.711,psl6,2024,06,06,07
870.0,873.0,Phylloscopus trochiloides,Greenish Warbler,0.7919,psl6,2024,06,06,07
882.0,885.0,Phylloscopus nitidus,Green Warbler,0.6213,psl6,2024,06,06,07
186.0,189.0,Phylloscopus humei,Hume's Warbler,0.6597,psl6,2024,06,06,08
345.0,348.0,Phylloscopus humei,Hume's Warbler,0.7939,psl6,2024,06,06,08
459.0,462.0,Phylloscopus humei,Hume's Warbler,0.692,psl6,2024,06,06,08
606.0,609.0,Phylloscopus humei,Hume's Warbler,0.5767,psl6,2024,06,06,08
621.0,624.0,Phylloscopus humei,Hume's Warbler,0.9922,psl6,2024,06,06,08
624.0,627.0,Phylloscopus humei,Hume's Warbler,0.9947,psl6,2024,06,06,08
636.0,639.0,Phylloscopus humei,Hume's Warbler,0.8798,psl6,2024,06,06,08
642.0,645.0,Phylloscopus humei,Hume's Warbler,0.8586,psl6,2024,06,06,08
645.0,648.0,Phylloscopus humei,Hume's Warbler,0.9761,psl6,2024,06,06,08
651.0,654.0,Phylloscopus humei,Hume's Warbler,0.9564,psl6,2024,06,06,08
669.0,672.0,Phylloscopus humei,Hume's Warbler,0.7228,psl6,2024,06,06,08
675.0,678.0,Zosterops japonicus,Warbling White-eye,0.5499,psl6,2024,06,06,08
831.0,834.0,Zosterops simplex,Swinhoe's White-eye,0.8668,psl6,2024,06,06,08
891.0,894.0,Phylloscopus humei,Hume's Warbler,0.8713,psl6,2024,06,06,08
66.0,69.0,Phylloscopus occipitalis,Western Crowned Warbler,0.5097,psl6,2024,06,06,09
147.0,150.0,Phylloscopus humei,Hume's Warbler,0.5837,psl6,2024,06,06,09
255.0,258.0,Phylloscopus nitidus,Green Warbler,0.5441,psl6,2024,06,06,09
309.0,312.0,Phylloscopus magnirostris,Large-billed Leaf Warbler,0.6748,psl6,2024,06,06,09
498.0,501.0,Phylloscopus trochiloides,Greenish Warbler,0.5766,psl6,2024,06,06,09
519.0,522.0,Phylloscopus magnirostris,Large-billed Leaf Warbler,0.6165,psl6,2024,06,06,09
624.0,627.0,Aegolius acadicus,Northern Saw-whet Owl,0.8918,psl6,2024,06,06,09
819.0,822.0,Phylloscopus magnirostris,Large-billed Leaf Warbler,0.5518,psl6,2024,06,06,09
375.0,378.0,Phylloscopus magnirostris,Large-billed Leaf Warbler,0.5287,psl6,2024,06,07,06
534.0,537.0,Phylloscopus humei,Hume's Warbler,0.8581,psl6,2024,06,07,06
537.0,540.0,Phylloscopus humei,Hume's Warbler,0.8796,psl6,2024,06,07,06
543.0,546.0,Setophaga coronata,Yellow-rumped Warbler,0.7181,psl6,2024,06,07,06
558.0,561.0,Phylloscopus humei,Hume's Warbler,0.9481,psl6,2024,06,07,06
684.0,687.0,Phylloscopus humei,Hume's Warbler,0.519,psl6,2024,06,07,06
702.0,705.0,Phylloscopus humei,Hume's Warbler,0.9715,psl6,2024,06,07,06
729.0,732.0,Zosterops simplex,Swinhoe's White-eye,0.5841,psl6,2024,06,07,06
762.0,765.0,Phylloscopus humei,Hume's Warbler,0.5067,psl6,2024,06,07,06
789.0,792.0,Phylloscopus humei,Hume's Warbler,0.6064,psl6,2024,06,07,06
801.0,804.0,Phylloscopus humei,Hume's Warbler,0.9908,psl6,2024,06,07,06
813.0,816.0,Ficedula tricolor,Slaty-blue Flycatcher,0.9808,psl6,2024,06,07,06
825.0,828.0,Ficedula tricolor,Slaty-blue Flycatcher,0.5292,psl6,2024,06,07,06
831.0,834.0,Phylloscopus magnirostris,Large-billed Leaf Warbler,0.5223,psl6,2024,06,07,06
834.0,837.0,Ficedula tricolor,Slaty-blue Flycatcher,0.6803,psl6,2024,06,07,06
843.0,846.0,Phylloscopus magnirostris,Large-billed Leaf Warbler,0.5627,psl6,2024,06,07,06
855.0,858.0,Larvivora brunnea,Indian Blue Robin,0.6136,psl6,2024,06,07,06
864.0,867.0,Ficedula tricolor,Slaty-blue Flycatcher,0.8477,psl6,2024,06,07,06
876.0,879.0,Ficedula tricolor,Slaty-blue Flycatcher,0.899,psl6,2024,06,07,06
885.0,888.0,Ficedula tricolor,Slaty-blue Flycatcher,0.5873,psl6,2024,06,07,06
12.0,15.0,Phylloscopus humei,Hume's Warbler,0.6427,psl6,2024,06,07,07
15.0,18.0,Phylloscopus occipitalis,Western Crowned Warbler,0.5966,psl6,2024,06,07,07
30.0,33.0,Phylloscopus humei,Hume's Warbler,0.6999,psl6,2024,06,07,07
78.0,81.0,Phylloscopus humei,Hume's Warbler,0.9564,psl6,2024,06,07,07
120.0,123.0,Phylloscopus humei,Hume's Warbler,0.6758,psl6,2024,06,07,07
147.0,150.0,Phylloscopus humei,Hume's Warbler,0.5003,psl6,2024,06,07,07
165.0,168.0,Ficedula tricolor,Slaty-blue Flycatcher,0.7344,psl6,2024,06,07,07
177.0,180.0,Ficedula tricolor,Slaty-blue Flycatcher,0.7083,psl6,2024,06,07,07
216.0,219.0,Copsychus albospecularis,Madagascar Magpie-Robin,0.5553,psl6,2024,06,07,07
297.0,300.0,Ficedula tricolor,Slaty-blue Flycatcher,0.5232,psl6,2024,06,07,07
309.0,312.0,Ficedula tricolor,Slaty-blue Flycatcher,0.6829,psl6,2024,06,07,07
315.0,318.0,Ficedula tricolor,Slaty-blue Flycatcher,0.5718,psl6,2024,06,07,07
333.0,336.0,Ficedula tricolor,Slaty-blue Flycatcher,0.5957,psl6,2024,06,07,07
366.0,369.0,Phylloscopus humei,Hume's Warbler,0.8671,psl6,2024,06,07,07
372.0,375.0,Phylloscopus humei,Hume's Warbler,0.6208,psl6,2024,06,07,07
471.0,474.0,Phylloscopus humei,Hume's Warbler,0.5361,psl6,2024,06,07,07
510.0,513.0,Phylloscopus humei,Hume's Warbler,0.7862,psl6,2024,06,07,07
576.0,579.0,Phylloscopus humei,Hume's Warbler,0.6686,psl6,2024,06,07,07
627.0,630.0,Phylloscopus humei,Hume's Warbler,0.8429,psl6,2024,06,07,07
639.0,642.0,Phylloscopus humei,Hume's Warbler,0.6126,psl6,2024,06,07,07
651.0,654.0,Troglodytes solstitialis,Mountain Wren,0.7493,psl6,2024,06,07,07
729.0,732.0,Phylloscopus magnirostris,Large-billed Leaf Warbler,0.5239,psl6,2024,06,07,07
831.0,834.0,Turdus iliacus,Redwing,0.6381,psl6,2024,06,07,07
879.0,882.0,Phylloscopus humei,Hume's Warbler,0.748,psl6,2024,06,07,07
9.0,12.0,Phylloscopus humei,Hume's Warbler,0.6279,psl6,2024,06,07,08
42.0,45.0,Phylloscopus nitidus,Green Warbler,0.568,psl6,2024,06,07,08
114.0,117.0,Phylloscopus nitidus,Green Warbler,0.8267,psl6,2024,06,07,08
114.0,117.0,Phylloscopus trochiloides,Greenish Warbler,0.5641,psl6,2024,06,07,08
126.0,129.0,Phylloscopus trochiloides,Greenish Warbler,0.5851,psl6,2024,06,07,08
150.0,153.0,Phylloscopus trochiloides,Greenish Warbler,0.6702,psl6,2024,06,07,08
159.0,162.0,Phylloscopus nitidus,Green Warbler,0.7908,psl6,2024,06,07,08
159.0,162.0,Phylloscopus trochiloides,Greenish Warbler,0.6161,psl6,2024,06,07,08
174.0,177.0,Phylloscopus nitidus,Green Warbler,0.7518,psl6,2024,06,07,08
174.0,177.0,Phylloscopus trochiloides,Greenish Warbler,0.6267,psl6,2024,06,07,08
186.0,189.0,Phylloscopus nitidus,Green Warbler,0.8699,psl6,2024,06,07,08
225.0,228.0,Phylloscopus nitidus,Green Warbler,0.7577,psl6,2024,06,07,08
234.0,237.0,Trochalopteron variegatum,Variegated Laughingthrush,0.5313,psl6,2024,06,07,08
255.0,258.0,Trochalopteron variegatum,Variegated Laughingthrush,0.8299,psl6,2024,06,07,08
267.0,270.0,Trochalopteron variegatum,Variegated Laughingthrush,0.9248,psl6,2024,06,07,08
273.0,276.0,Phylloscopus trochiloides,Greenish Warbler,0.6904,psl6,2024,06,07,08
273.0,276.0,Phylloscopus nitidus,Green Warbler,0.6795,psl6,2024,06,07,08
285.0,288.0,Phylloscopus nitidus,Green Warbler,0.6356,psl6,2024,06,07,08
291.0,294.0,Phylloscopus humei,Hume's Warbler,0.6139,psl6,2024,06,07,08
306.0,309.0,Trochalopteron variegatum,Variegated Laughingthrush,0.9642,psl6,2024,06,07,08
312.0,315.0,Trochalopteron variegatum,Variegated Laughingthrush,0.672,psl6,2024,06,07,08
324.0,327.0,Trochalopteron variegatum,Variegated Laughingthrush,0.7168,psl6,2024,06,07,08
330.0,333.0,Trochalopteron variegatum,Variegated Laughingthrush,0.7591,psl6,2024,06,07,08
339.0,342.0,Trochalopteron variegatum,Variegated Laughingthrush,0.9278,psl6,2024,06,07,08
345.0,348.0,Phylloscopus humei,Hume's Warbler,0.5982,psl6,2024,06,07,08
366.0,369.0,Phylloscopus humei,Hume's Warbler,0.6498,psl6,2024,06,07,08
375.0,378.0,Phylloscopus humei,Hume's Warbler,0.7079,psl6,2024,06,07,08
384.0,387.0,Phylloscopus humei,Hume's Warbler,0.6444,psl6,2024,06,07,08
864.0,867.0,Anthus hodgsoni,Olive-backed Pipit,0.6215,psl6,2024,06,07,08
0.0,3.0,Phylloscopus trochiloides,Greenish Warbler,0.5212,psl6,2024,06,07,09
24.0,27.0,Phylloscopus nitidus,Green Warbler,0.6337,psl6,2024,06,07,09
60.0,63.0,Phylloscopus nitidus,Green Warbler,0.6384,psl6,2024,06,07,09
72.0,75.0,Phylloscopus nitidus,Green Warbler,0.7651,psl6,2024,06,07,09
81.0,84.0,Carpodacus rodochroa,Pink-browed Rosefinch,0.5271,psl6,2024,06,07,09
90.0,93.0,Phylloscopus trochiloides,Greenish Warbler,0.5409,psl6,2024,06,07,09
96.0,99.0,Mecocerculus stictopterus,White-banded Tyrannulet,0.5659,psl6,2024,06,07,09
102.0,105.0,Phylloscopus trochiloides,Greenish Warbler,0.52,psl6,2024,06,07,09
120.0,123.0,Phylloscopus trochiloides,Greenish Warbler,0.8053,psl6,2024,06,07,09
120.0,123.0,Phylloscopus nitidus,Green Warbler,0.7038,psl6,2024,06,07,09
132.0,135.0,Phylloscopus tytleri,Tytler's Leaf Warbler,0.8798,psl6,2024,06,07,09
147.0,150.0,Phylloscopus trochiloides,Greenish Warbler,0.5749,psl6,2024,06,07,09
162.0,165.0,Phylloscopus nitidus,Green Warbler,0.7699,psl6,2024,06,07,09
162.0,165.0,Phylloscopus trochiloides,Greenish Warbler,0.7539,psl6,2024,06,07,09
177.0,180.0,Phylloscopus nitidus,Green Warbler,0.9229,psl6,2024,06,07,09
177.0,180.0,Phylloscopus trochiloides,Greenish Warbler,0.6555,psl6,2024,06,07,09
192.0,195.0,Phylloscopus trochiloides,Greenish Warbler,0.604,psl6,2024,06,07,09
207.0,210.0,Phylloscopus trochiloides,Greenish Warbler,0.8201,psl6,2024,06,07,09
207.0,210.0,Phylloscopus nitidus,Green Warbler,0.7623,psl6,2024,06,07,09
222.0,225.0,Phylloscopus trochiloides,Greenish Warbler,0.5537,psl6,2024,06,07,09
234.0,237.0,Phylloscopus trochiloides,Greenish Warbler,0.608,psl6,2024,06,07,09
249.0,252.0,Phylloscopus trochiloides,Greenish Warbler,0.5624,psl6,2024,06,07,09
264.0,267.0,Phylloscopus trochiloides,Greenish Warbler,0.8362,psl6,2024,06,07,09
291.0,294.0,Phylloscopus nitidus,Green Warbler,0.7617,psl6,2024,06,07,09
315.0,318.0,Phylloscopus nitidus,Green Warbler,0.5618,psl6,2024,06,07,09
318.0,321.0,Phylloscopus trochiloides,Greenish Warbler,0.6091,psl6,2024,06,07,09
330.0,333.0,Phylloscopus trochiloides,Greenish Warbler,0.5221,psl6,2024,06,07,09
351.0,354.0,Phylloscopus trochiloides,Greenish Warbler,0.7624,psl6,2024,06,07,09
354.0,357.0,Phylloscopus nitidus,Green Warbler,0.7593,psl6,2024,06,07,09
366.0,369.0,Phylloscopus nitidus,Green Warbler,0.7926,psl6,2024,06,07,09
372.0,375.0,Phylloscopus trochiloides,Greenish Warbler,0.6811,psl6,2024,06,07,09
375.0,378.0,Phylloscopus trochiloides,Greenish Warbler,0.8232,psl6,2024,06,07,09
375.0,378.0,Phylloscopus nitidus,Green Warbler,0.6917,psl6,2024,06,07,09
396.0,399.0,Phylloscopus nitidus,Green Warbler,0.7521,psl6,2024,06,07,09
420.0,423.0,Phylloscopus trochiloides,Greenish Warbler,0.7745,psl6,2024,06,07,09
420.0,423.0,Phylloscopus nitidus,Green Warbler,0.6029,psl6,2024,06,07,09
435.0,438.0,Phylloscopus trochiloides,Greenish Warbler,0.8637,psl6,2024,06,07,09
477.0,480.0,Troglodytes solstitialis,Mountain Wren,0.5553,psl6,2024,06,07,09
588.0,591.0,Trochalopteron affine,Black-faced Laughingthrush,0.5911,psl6,2024,06,07,09
735.0,738.0,Phylloscopus humei,Hume's Warbler,0.7487,psl6,2024,06,07,09
738.0,741.0,Phylloscopus humei,Hume's Warbler,0.8483,psl6,2024,06,07,09
738.0,741.0,Acropternis orthonyx,Ocellated Tapaculo,0.5704,psl6,2024,06,07,09
738.0,741.0,Trochalopteron erythrocephalum,Chestnut-crowned Laughingthrush,0.5098,psl6,2024,06,07,09
741.0,744.0,Phylloscopus humei,Hume's Warbler,0.7311,psl6,2024,06,07,09
744.0,747.0,Phylloscopus humei,Hume's Warbler,0.8738,psl6,2024,06,07,09
750.0,753.0,Phylloscopus humei,Hume's Warbler,0.5182,psl6,2024,06,07,09
753.0,756.0,Phylloscopus humei,Hume's Warbler,0.9302,psl6,2024,06,07,09
756.0,759.0,Phylloscopus humei,Hume's Warbler,0.95,psl6,2024,06,07,09
759.0,762.0,Phylloscopus humei,Hume's Warbler,0.9542,psl6,2024,06,07,09
768.0,771.0,Phylloscopus humei,Hume's Warbler,0.9541,psl6,2024,06,07,09
771.0,774.0,Phylloscopus humei,Hume's Warbler,0.9724,psl6,2024,06,07,09
0.0,3.0,Trochalopteron variegatum,Variegated Laughingthrush,0.7582,psl6,2024,06,08,06
3.0,6.0,Trochalopteron variegatum,Variegated Laughingthrush,0.5926,psl6,2024,06,08,06
15.0,18.0,Trochalopteron variegatum,Variegated Laughingthrush,0.7218,psl6,2024,06,08,06
24.0,27.0,Trochalopteron variegatum,Variegated Laughingthrush,0.6305,psl6,2024,06,08,06
27.0,30.0,Trochalopteron variegatum,Variegated Laughingthrush,0.6866,psl6,2024,06,08,06
81.0,84.0,Phylloscopus occipitalis,Western Crowned Warbler,0.6227,psl6,2024,06,08,06
126.0,129.0,Carpodacus rodochroa,Pink-browed Rosefinch,0.989,psl6,2024,06,08,06
129.0,132.0,Carpodacus rodochroa,Pink-browed Rosefinch,0.9656,psl6,2024,06,08,06
162.0,165.0,Lophorina superba,Greater Lophorina,0.6001,psl6,2024,06,08,06
387.0,390.0,Phylloscopus trochiloides,Greenish Warbler,0.6448,psl6,2024,06,08,06
393.0,396.0,Lophorina superba,Greater Lophorina,0.7558,psl6,2024,06,08,06
414.0,417.0,Lophorina superba,Greater Lophorina,0.6295,psl6,2024,06,08,06
423.0,426.0,Phylloscopus trochiloides,Greenish Warbler,0.7534,psl6,2024,06,08,06
465.0,468.0,Phylloscopus trochiloides,Greenish Warbler,0.626,psl6,2024,06,08,06
477.0,480.0,Phylloscopus occipitalis,Western Crowned Warbler,0.732,psl6,2024,06,08,06
498.0,501.0,Drymophila squamata,Scaled Antbird,0.7652,psl6,2024,06,08,06
513.0,516.0,Phylloscopus humei,Hume's Warbler,0.6907,psl6,2024,06,08,06
528.0,531.0,Phylloscopus humei,Hume's Warbler,0.5239,psl6,2024,06,08,06
540.0,543.0,Phylloscopus humei,Hume's Warbler,0.8639,psl6,2024,06,08,06
546.0,549.0,Phylloscopus humei,Hume's Warbler,0.8811,psl6,2024,06,08,06
549.0,552.0,Phylloscopus humei,Hume's Warbler,0.92,psl6,2024,06,08,06
555.0,558.0,Phylloscopus humei,Hume's Warbler,0.9616,psl6,2024,06,08,06
561.0,564.0,Phylloscopus humei,Hume's Warbler,0.8702,psl6,2024,06,08,06
567.0,570.0,Phylloscopus humei,Hume's Warbler,0.5738,psl6,2024,06,08,06
570.0,573.0,Phylloscopus humei,Hume's Warbler,0.8862,psl6,2024,06,08,06
573.0,576.0,Phylloscopus humei,Hume's Warbler,0.7555,psl6,2024,06,08,06
594.0,597.0,Phylloscopus occipitalis,Western Crowned Warbler,0.5307,psl6,2024,06,08,06
702.0,705.0,Phylloscopus occipitalis,Western Crowned Warbler,0.9955,psl6,2024,06,08,06
705.0,708.0,Phylloscopus occipitalis,Western Crowned Warbler,0.963,psl6,2024,06,08,06
801.0,804.0,Carpodacus rodochroa,Pink-browed Rosefinch,0.5479,psl6,2024,06,08,06
810.0,813.0,Phylloscopus occipitalis,Western Crowned Warbler,0.8372,psl6,2024,06,08,06
816.0,819.0,Phylloscopus occipitalis,Western Crowned Warbler,0.5658,psl6,2024,06,08,06
825.0,828.0,Ficedula tricolor,Slaty-blue Flycatcher,0.6476,psl6,2024,06,08,06
849.0,852.0,Ficedula tricolor,Slaty-blue Flycatcher,0.7291,psl6,2024,06,08,06
861.0,864.0,Phylloscopus occipitalis,Western Crowned Warbler,0.7919,psl6,2024,06,08,06
879.0,882.0,Ficedula tricolor,Slaty-blue Flycatcher,0.5985,psl6,2024,06,08,06
885.0,888.0,Ficedula tricolor,Slaty-blue Flycatcher,0.515,psl6,2024,06,08,06
891.0,894.0,Ficedula tricolor,Slaty-blue Flycatcher,0.8238,psl6,2024,06,08,06
897.0,900.0,Ficedula tricolor,Slaty-blue Flycatcher,0.7128,psl6,2024,06,08,06
0.0,3.0,Trochalopteron variegatum,Variegated Laughingthrush,0.9895,psl6,2024,06,08,07
3.0,6.0,Trochalopteron variegatum,Variegated Laughingthrush,0.8905,psl6,2024,06,08,07
6.0,9.0,Trochalopteron variegatum,Variegated Laughingthrush,0.9728,psl6,2024,06,08,07
9.0,12.0,Trochalopteron variegatum,Variegated Laughingthrush,0.9737,psl6,2024,06,08,07
12.0,15.0,Trochalopteron variegatum,Variegated Laughingthrush,0.9209,psl6,2024,06,08,07
12.0,15.0,Trochalopteron affine,Black-faced Laughingthrush,0.5258,psl6,2024,06,08,07
15.0,18.0,Trochalopteron variegatum,Variegated Laughingthrush,0.9877,psl6,2024,06,08,07
18.0,21.0,Trochalopteron variegatum,Variegated Laughingthrush,0.9334,psl6,2024,06,08,07
21.0,24.0,Trochalopteron variegatum,Variegated Laughingthrush,0.978,psl6,2024,06,08,07
24.0,27.0,Trochalopteron variegatum,Variegated Laughingthrush,0.9594,psl6,2024,06,08,07
27.0,30.0,Trochalopteron variegatum,Variegated Laughingthrush,0.9904,psl6,2024,06,08,07
30.0,33.0,Trochalopteron variegatum,Variegated Laughingthrush,0.98,psl6,2024,06,08,07
33.0,36.0,Trochalopteron variegatum,Variegated Laughingthrush,0.9952,psl6,2024,06,08,07
36.0,39.0,Trochalopteron variegatum,Variegated Laughingthrush,0.9861,psl6,2024,06,08,07
39.0,42.0,Trochalopteron variegatum,Variegated Laughingthrush,0.8518,psl6,2024,06,08,07
42.0,45.0,Trochalopteron variegatum,Variegated Laughingthrush,0.9829,psl6,2024,06,08,07
45.0,48.0,Trochalopteron variegatum,Variegated Laughingthrush,0.9961,psl6,2024,06,08,07
48.0,51.0,Trochalopteron variegatum,Variegated Laughingthrush,0.9921,psl6,2024,06,08,07
54.0,57.0,Trochalopteron variegatum,Variegated Laughingthrush,0.998,psl6,2024,06,08,07
57.0,60.0,Trochalopteron variegatum,Variegated Laughingthrush,0.9767,psl6,2024,06,08,07
60.0,63.0,Trochalopteron variegatum,Variegated Laughingthrush,0.9945,psl6,2024,06,08,07
63.0,66.0,Trochalopteron variegatum,Variegated Laughingthrush,0.9931,psl6,2024,06,08,07
66.0,69.0,Trochalopteron variegatum,Variegated Laughingthrush,0.999,psl6,2024,06,08,07
69.0,72.0,Trochalopteron variegatum,Variegated Laughingthrush,0.9827,psl6,2024,06,08,07
72.0,75.0,Trochalopteron variegatum,Variegated Laughingthrush,0.9882,psl6,2024,06,08,07
75.0,78.0,Trochalopteron variegatum,Variegated Laughingthrush,0.9979,psl6,2024,06,08,07
75.0,78.0,Trochalopteron affine,Black-faced Laughingthrush,0.517,psl6,2024,06,08,07
78.0,81.0,Trochalopteron variegatum,Variegated Laughingthrush,0.9542,psl6,2024,06,08,07
81.0,84.0,Trochalopteron variegatum,Variegated Laughingthrush,0.9933,psl6,2024,06,08,07
84.0,87.0,Trochalopteron variegatum,Variegated Laughingthrush,0.9773,psl6,2024,06,08,07
87.0,90.0,Trochalopteron variegatum,Variegated Laughingthrush,0.9804,psl6,2024,06,08,07
90.0,93.0,Trochalopteron variegatum,Variegated Laughingthrush,0.9923,psl6,2024,06,08,07
93.0,96.0,Trochalopteron variegatum,Variegated Laughingthrush,0.9711,psl6,2024,06,08,07
96.0,99.0,Trochalopteron variegatum,Variegated Laughingthrush,0.8953,psl6,2024,06,08,07
99.0,102.0,Trochalopteron variegatum,Variegated Laughingthrush,0.9862,psl6,2024,06,08,07
102.0,105.0,Trochalopteron variegatum,Variegated Laughingthrush,0.5423,psl6,2024,06,08,07
105.0,108.0,Trochalopteron variegatum,Variegated Laughingthrush,0.8913,psl6,2024,06,08,07
108.0,111.0,Trochalopteron variegatum,Variegated Laughingthrush,0.8088,psl6,2024,06,08,07
111.0,114.0,Trochalopteron variegatum,Variegated Laughingthrush,0.9713,psl6,2024,06,08,07
114.0,117.0,Trochalopteron variegatum,Variegated Laughingthrush,0.9165,psl6,2024,06,08,07
117.0,120.0,Trochalopteron variegatum,Variegated Laughingthrush,0.9959,psl6,2024,06,08,07
123.0,126.0,Trochalopteron variegatum,Variegated Laughingthrush,0.9393,psl6,2024,06,08,07
126.0,129.0,Trochalopteron variegatum,Variegated Laughingthrush,0.6496,psl6,2024,06,08,07
135.0,138.0,Trochalopteron variegatum,Variegated Laughingthrush,0.9218,psl6,2024,06,08,07
141.0,144.0,Trochalopteron variegatum,Variegated Laughingthrush,0.9196,psl6,2024,06,08,07
147.0,150.0,Trochalopteron variegatum,Variegated Laughingthrush,0.8231,psl6,2024,06,08,07
150.0,153.0,Larvivora brunnea,Indian Blue Robin,0.727,psl6,2024,06,08,07
150.0,153.0,Trochalopteron variegatum,Variegated Laughingthrush,0.5866,psl6,2024,06,08,07
153.0,156.0,Trochalopteron variegatum,Variegated Laughingthrush,0.5456,psl6,2024,06,08,07
156.0,159.0,Trochalopteron variegatum,Variegated Laughingthrush,0.8824,psl6,2024,06,08,07
159.0,162.0,Trochalopteron variegatum,Variegated Laughingthrush,0.9673,psl6,2024,06,08,07
162.0,165.0,Trochalopteron variegatum,Variegated Laughingthrush,0.6579,psl6,2024,06,08,07
165.0,168.0,Larvivora brunnea,Indian Blue Robin,0.9708,psl6,2024,06,08,07
168.0,171.0,Trochalopteron variegatum,Variegated Laughingthrush,0.8873,psl6,2024,06,08,07
171.0,174.0,Trochalopteron variegatum,Variegated Laughingthrush,0.7406,psl6,2024,06,08,07
174.0,177.0,Trochalopteron variegatum,Variegated Laughingthrush,0.8833,psl6,2024,06,08,07
180.0,183.0,Trochalopteron variegatum,Variegated Laughingthrush,0.7683,psl6,2024,06,08,07
183.0,186.0,Trochalopteron variegatum,Variegated Laughingthrush,0.7793,psl6,2024,06,08,07
189.0,192.0,Trochalopteron affine,Black-faced Laughingthrush,0.8523,psl6,2024,06,08,07
189.0,192.0,Trochalopteron variegatum,Variegated Laughingthrush,0.7657,psl6,2024,06,08,07
195.0,198.0,Trochalopteron variegatum,Variegated Laughingthrush,0.8775,psl6,2024,06,08,07
198.0,201.0,Phylloscopus humei,Hume's Warbler,0.6788,psl6,2024,06,08,07
201.0,204.0,Trochalopteron variegatum,Variegated Laughingthrush,0.9852,psl6,2024,06,08,07
207.0,210.0,Trochalopteron variegatum,Variegated Laughingthrush,0.7933,psl6,2024,06,08,07
213.0,216.0,Trochalopteron variegatum,Variegated Laughingthrush,0.7319,psl6,2024,06,08,07
216.0,219.0,Trochalopteron variegatum,Variegated Laughingthrush,0.7812,psl6,2024,06,08,07
222.0,225.0,Trochalopteron variegatum,Variegated Laughingthrush,0.9372,psl6,2024,06,08,07
225.0,228.0,Phylloscopus humei,Hume's Warbler,0.5865,psl6,2024,06,08,07
228.0,231.0,Trochalopteron variegatum,Variegated Laughingthrush,0.9463,psl6,2024,06,08,07
231.0,234.0,Phylloscopus humei,Hume's Warbler,0.8245,psl6,2024,06,08,07
234.0,237.0,Trochalopteron variegatum,Variegated Laughingthrush,0.9577,psl6,2024,06,08,07
240.0,243.0,Trochalopteron variegatum,Variegated Laughingthrush,0.9677,psl6,2024,06,08,07
246.0,249.0,Phylloscopus humei,Hume's Warbler,0.8188,psl6,2024,06,08,07
249.0,252.0,Trochalopteron variegatum,Variegated Laughingthrush,0.8183,psl6,2024,06,08,07
252.0,255.0,Phylloscopus humei,Hume's Warbler,0.8498,psl6,2024,06,08,07
255.0,258.0,Trochalopteron variegatum,Variegated Laughingthrush,0.6973,psl6,2024,06,08,07
261.0,264.0,Trochalopteron variegatum,Variegated Laughingthrush,0.8322,psl6,2024,06,08,07
267.0,270.0,Trochalopteron variegatum,Variegated Laughingthrush,0.8523,psl6,2024,06,08,07
276.0,279.0,Trochalopteron variegatum,Variegated Laughingthrush,0.8118,psl6,2024,06,08,07
282.0,285.0,Trochalopteron variegatum,Variegated Laughingthrush,0.7832,psl6,2024,06,08,07
288.0,291.0,Trochalopteron variegatum,Variegated Laughingthrush,0.9831,psl6,2024,06,08,07
294.0,297.0,Trochalopteron variegatum,Variegated Laughingthrush,0.8773,psl6,2024,06,08,07
303.0,306.0,Trochalopteron variegatum,Variegated Laughingthrush,0.5807,psl6,2024,06,08,07
312.0,315.0,Trochalopteron variegatum,Variegated Laughingthrush,0.9007,psl6,2024,06,08,07
315.0,318.0,Ficedula tricolor,Slaty-blue Flycatcher,0.8091,psl6,2024,06,08,07
318.0,321.0,Trochalopteron variegatum,Variegated Laughingthrush,0.7722,psl6,2024,06,08,07
321.0,324.0,Ficedula tricolor,Slaty-blue Flycatcher,0.8298,psl6,2024,06,08,07
324.0,327.0,Ficedula tricolor,Slaty-blue Flycatcher,0.7288,psl6,2024,06,08,07
330.0,333.0,Trochalopteron variegatum,Variegated Laughingthrush,0.8208,psl6,2024,06,08,07
345.0,348.0,Phylloscopus humei,Hume's Warbler,0.5273,psl6,2024,06,08,07
351.0,354.0,Ficedula tricolor,Slaty-blue Flycatcher,0.8502,psl6,2024,06,08,07
357.0,360.0,Ficedula tricolor,Slaty-blue Flycatcher,0.9968,psl6,2024,06,08,07
366.0,369.0,Ficedula tricolor,Slaty-blue Flycatcher,0.9458,psl6,2024,06,08,07
372.0,375.0,Ficedula tricolor,Slaty-blue Flycatcher,0.8697,psl6,2024,06,08,07
375.0,378.0,Ficedula tricolor,Slaty-blue Flycatcher,0.9875,psl6,2024,06,08,07
381.0,384.0,Ficedula tricolor,Slaty-blue Flycatcher,0.729,psl6,2024,06,08,07
390.0,393.0,Ficedula tricolor,Slaty-blue Flycatcher,0.9318,psl6,2024,06,08,07
393.0,396.0,Ficedula tricolor,Slaty-blue Flycatcher,0.9934,psl6,2024,06,08,07
396.0,399.0,Ficedula tricolor,Slaty-blue Flycatcher,0.8555,psl6,2024,06,08,07
399.0,402.0,Ficedula tricolor,Slaty-blue Flycatcher,0.6015,psl6,2024,06,08,07
477.0,480.0,Tarsiger chrysaeus,Golden Bush-Robin,0.5284,psl6,2024,06,08,07
495.0,498.0,Tarsiger chrysaeus,Golden Bush-Robin,0.5365,psl6,2024,06,08,07
531.0,534.0,Grallaricula nana,Slate-crowned Antpitta,0.5877,psl6,2024,06,08,07
582.0,585.0,Tarsiger chrysaeus,Golden Bush-Robin,0.5399,psl6,2024,06,08,07
609.0,612.0,Phoenicurus auroreus,Daurian Redstart,0.6523,psl6,2024,06,08,07
615.0,618.0,Tarsiger chrysaeus,Golden Bush-Robin,0.6636,psl6,2024,06,08,07
618.0,621.0,Phoenicurus auroreus,Daurian Redstart,0.618,psl6,2024,06,08,07
633.0,636.0,Ficedula tricolor,Slaty-blue Flycatcher,0.6389,psl6,2024,06,08,07
633.0,636.0,Phoenicurus auroreus,Daurian Redstart,0.5329,psl6,2024,06,08,07
636.0,639.0,Phoenicurus auroreus,Daurian Redstart,0.8027,psl6,2024,06,08,07
639.0,642.0,Trochalopteron variegatum,Variegated Laughingthrush,0.8944,psl6,2024,06,08,07
648.0,651.0,Trochalopteron variegatum,Variegated Laughingthrush,0.9752,psl6,2024,06,08,07
654.0,657.0,Trochalopteron variegatum,Variegated Laughingthrush,0.9672,psl6,2024,06,08,07
660.0,663.0,Phoenicurus auroreus,Daurian Redstart,0.6859,psl6,2024,06,08,07
678.0,681.0,Phoenicurus auroreus,Daurian Redstart,0.6573,psl6,2024,06,08,07
687.0,690.0,Phoenicurus auroreus,Daurian Redstart,0.691,psl6,2024,06,08,07
687.0,690.0,Ficedula tricolor,Slaty-blue Flycatcher,0.6298,psl6,2024,06,08,07
690.0,693.0,Trochalopteron variegatum,Variegated Laughingthrush,0.9358,psl6,2024,06,08,07
702.0,705.0,Trochalopteron variegatum,Variegated Laughingthrush,0.9763,psl6,2024,06,08,07
720.0,723.0,Tarsiger chrysaeus,Golden Bush-Robin,0.6855,psl6,2024,06,08,07
720.0,723.0,Phoenicurus auroreus,Daurian Redstart,0.5102,psl6,2024,06,08,07
726.0,729.0,Phoenicurus auroreus,Daurian Redstart,0.5492,psl6,2024,06,08,07
726.0,729.0,Ficedula tricolor,Slaty-blue Flycatcher,0.5048,psl6,2024,06,08,07
729.0,732.0,Ficedula tricolor,Slaty-blue Flycatcher,0.5174,psl6,2024,06,08,07
750.0,753.0,Ficedula tricolor,Slaty-blue Flycatcher,0.5715,psl6,2024,06,08,07
756.0,759.0,Phoenicurus auroreus,Daurian Redstart,0.5421,psl6,2024,06,08,07
771.0,774.0,Ficedula tricolor,Slaty-blue Flycatcher,0.5132,psl6,2024,06,08,07
783.0,786.0,Ficedula tricolor,Slaty-blue Flycatcher,0.9779,psl6,2024,06,08,07
789.0,792.0,Ficedula tricolor,Slaty-blue Flycatcher,0.8288,psl6,2024,06,08,07
798.0,801.0,Ficedula tricolor,Slaty-blue Flycatcher,0.5903,psl6,2024,06,08,07
801.0,804.0,Ficedula tricolor,Slaty-blue Flycatcher,0.9349,psl6,2024,06,08,07
807.0,810.0,Ficedula tricolor,Slaty-blue Flycatcher,0.9865,psl6,2024,06,08,07
810.0,813.0,Ficedula tricolor,Slaty-blue Flycatcher,0.8621,psl6,2024,06,08,07
816.0,819.0,Tarsiger chrysaeus,Golden Bush-Robin,0.6049,psl6,2024,06,08,07
846.0,849.0,Tarsiger chrysaeus,Golden Bush-Robin,0.5453,psl6,2024,06,08,07
849.0,852.0,Phylloscopus humei,Hume's Warbler,0.5571,psl6,2024,06,08,07
867.0,870.0,Trochalopteron variegatum,Variegated Laughingthrush,0.9046,psl6,2024,06,08,07
876.0,879.0,Trochalopteron variegatum,Variegated Laughingthrush,0.9739,psl6,2024,06,08,07
882.0,885.0,Trochalopteron variegatum,Variegated Laughingthrush,0.8966,psl6,2024,06,08,07
888.0,891.0,Ficedula tricolor,Slaty-blue Flycatcher,0.5662,psl6,2024,06,08,07
891.0,894.0,Trochalopteron variegatum,Variegated Laughingthrush,0.8404,psl6,2024,06,08,07
894.0,897.0,Trochalopteron variegatum,Variegated Laughingthrush,0.5616,psl6,2024,06,08,07
210.0,213.0,Phylloscopus trochiloides,Greenish Warbler,0.5357,psl6,2024,06,08,08
216.0,219.0,Ficedula tricolor,Slaty-blue Flycatcher,0.6164,psl6,2024,06,08,08
255.0,258.0,Phylloscopus humei,Hume's Warbler,0.9251,psl6,2024,06,08,08
279.0,282.0,Phylloscopus humei,Hume's Warbler,0.6348,psl6,2024,06,08,08
285.0,288.0,Phylloscopus humei,Hume's Warbler,0.9881,psl6,2024,06,08,08
291.0,294.0,Phylloscopus humei,Hume's Warbler,0.9869,psl6,2024,06,08,08
294.0,297.0,Phylloscopus humei,Hume's Warbler,0.7522,psl6,2024,06,08,08
345.0,348.0,Ficedula tricolor,Slaty-blue Flycatcher,0.9889,psl6,2024,06,08,08
435.0,438.0,Copsychus albospecularis,Madagascar Magpie-Robin,0.6699,psl6,2024,06,08,08
441.0,444.0,Trochalopteron variegatum,Variegated Laughingthrush,0.7974,psl6,2024,06,08,08
456.0,459.0,Ficedula tricolor,Slaty-blue Flycatcher,0.6984,psl6,2024,06,08,08
474.0,477.0,Phylloscopus humei,Hume's Warbler,0.9743,psl6,2024,06,08,08
492.0,495.0,Phylloscopus humei,Hume's Warbler,0.785,psl6,2024,06,08,08
495.0,498.0,Phylloscopus humei,Hume's Warbler,0.8784,psl6,2024,06,08,08
501.0,504.0,Ficedula tricolor,Slaty-blue Flycatcher,0.8229,psl6,2024,06,08,08
504.0,507.0,Trochalopteron variegatum,Variegated Laughingthrush,0.9616,psl6,2024,06,08,08
507.0,510.0,Trochalopteron variegatum,Variegated Laughingthrush,0.7213,psl6,2024,06,08,08
510.0,513.0,Trochalopteron variegatum,Variegated Laughingthrush,0.7048,psl6,2024,06,08,08
516.0,519.0,Trochalopteron variegatum,Variegated Laughingthrush,0.8186,psl6,2024,06,08,08
519.0,522.0,Trochalopteron variegatum,Variegated Laughingthrush,0.9895,psl6,2024,06,08,08
525.0,528.0,Ficedula tricolor,Slaty-blue Flycatcher,0.6574,psl6,2024,06,08,08
534.0,537.0,Ficedula tricolor,Slaty-blue Flycatcher,0.6221,psl6,2024,06,08,08
543.0,546.0,Periparus ater,Coal Tit,0.5789,psl6,2024,06,08,08
549.0,552.0,Ficedula tricolor,Slaty-blue Flycatcher,0.7636,psl6,2024,06,08,08
561.0,564.0,Ficedula tricolor,Slaty-blue Flycatcher,0.9006,psl6,2024,06,08,08
564.0,567.0,Ficedula tricolor,Slaty-blue Flycatcher,0.953,psl6,2024,06,08,08
570.0,573.0,Ficedula tricolor,Slaty-blue Flycatcher,0.9505,psl6,2024,06,08,08
573.0,576.0,Ficedula tricolor,Slaty-blue Flycatcher,0.9401,psl6,2024,06,08,08
576.0,579.0,Ficedula tricolor,Slaty-blue Flycatcher,0.918,psl6,2024,06,08,08
579.0,582.0,Ficedula tricolor,Slaty-blue Flycatcher,0.7169,psl6,2024,06,08,08
582.0,585.0,Ficedula tricolor,Slaty-blue Flycatcher,0.6915,psl6,2024,06,08,08
585.0,588.0,Ficedula tricolor,Slaty-blue Flycatcher,0.8441,psl6,2024,06,08,08
588.0,591.0,Ficedula tricolor,Slaty-blue Flycatcher,0.7024,psl6,2024,06,08,08
591.0,594.0,Ficedula tricolor,Slaty-blue Flycatcher,0.9219,psl6,2024,06,08,08
597.0,600.0,Trochalopteron variegatum,Variegated Laughingthrush,0.959,psl6,2024,06,08,08
600.0,603.0,Trochalopteron variegatum,Variegated Laughingthrush,0.9354,psl6,2024,06,08,08
603.0,606.0,Ficedula tricolor,Slaty-blue Flycatcher,0.7493,psl6,2024,06,08,08
606.0,609.0,Ficedula tricolor,Slaty-blue Flycatcher,0.9185,psl6,2024,06,08,08
609.0,612.0,Ficedula tricolor,Slaty-blue Flycatcher,0.9368,psl6,2024,06,08,08
615.0,618.0,Ficedula tricolor,Slaty-blue Flycatcher,0.697,psl6,2024,06,08,08
621.0,624.0,Ficedula tricolor,Slaty-blue Flycatcher,0.8597,psl6,2024,06,08,08
624.0,627.0,Ficedula tricolor,Slaty-blue Flycatcher,0.7637,psl6,2024,06,08,08
627.0,630.0,Ficedula tricolor,Slaty-blue Flycatcher,0.5294,psl6,2024,06,08,08
630.0,633.0,Ficedula tricolor,Slaty-blue Flycatcher,0.5319,psl6,2024,06,08,08
633.0,636.0,Ficedula tricolor,Slaty-blue Flycatcher,0.6689,psl6,2024,06,08,08
636.0,639.0,Ficedula tricolor,Slaty-blue Flycatcher,0.8264,psl6,2024,06,08,08
648.0,651.0,Ficedula tricolor,Slaty-blue Flycatcher,0.6953,psl6,2024,06,08,08
651.0,654.0,Ficedula tricolor,Slaty-blue Flycatcher,0.8934,psl6,2024,06,08,08
654.0,657.0,Ficedula tricolor,Slaty-blue Flycatcher,0.9943,psl6,2024,06,08,08
657.0,660.0,Ficedula tricolor,Slaty-blue Flycatcher,0.8094,psl6,2024,06,08,08
660.0,663.0,Ficedula tricolor,Slaty-blue Flycatcher,0.9284,psl6,2024,06,08,08
663.0,666.0,Ficedula tricolor,Slaty-blue Flycatcher,0.67,psl6,2024,06,08,08
666.0,669.0,Ficedula tricolor,Slaty-blue Flycatcher,0.9731,psl6,2024,06,08,08
669.0,672.0,Ficedula tricolor,Slaty-blue Flycatcher,0.8274,psl6,2024,06,08,08
672.0,675.0,Ficedula tricolor,Slaty-blue Flycatcher,0.644,psl6,2024,06,08,08
678.0,681.0,Ficedula tricolor,Slaty-blue Flycatcher,0.7519,psl6,2024,06,08,08
681.0,684.0,Ficedula tricolor,Slaty-blue Flycatcher,0.8055,psl6,2024,06,08,08
684.0,687.0,Ficedula tricolor,Slaty-blue Flycatcher,0.5076,psl6,2024,06,08,08
690.0,693.0,Ficedula tricolor,Slaty-blue Flycatcher,0.7776,psl6,2024,06,08,08
702.0,705.0,Ficedula tricolor,Slaty-blue Flycatcher,0.7226,psl6,2024,06,08,08
705.0,708.0,Ficedula tricolor,Slaty-blue Flycatcher,0.9361,psl6,2024,06,08,08
711.0,714.0,Ficedula tricolor,Slaty-blue Flycatcher,0.707,psl6,2024,06,08,08
729.0,732.0,Ficedula tricolor,Slaty-blue Flycatcher,0.8547,psl6,2024,06,08,08
744.0,747.0,Trochalopteron variegatum,Variegated Laughingthrush,0.8102,psl6,2024,06,08,08
756.0,759.0,Trochalopteron variegatum,Variegated Laughingthrush,0.8169,psl6,2024,06,08,08
825.0,828.0,Ficedula tricolor,Slaty-blue Flycatcher,0.9611,psl6,2024,06,08,08
834.0,837.0,Ficedula tricolor,Slaty-blue Flycatcher,0.9121,psl6,2024,06,08,08
837.0,840.0,Trochalopteron variegatum,Variegated Laughingthrush,0.8773,psl6,2024,06,08,08
837.0,840.0,Ficedula tricolor,Slaty-blue Flycatcher,0.518,psl6,2024,06,08,08
843.0,846.0,Ficedula tricolor,Slaty-blue Flycatcher,0.9585,psl6,2024,06,08,08
852.0,855.0,Ficedula tricolor,Slaty-blue Flycatcher,0.6398,psl6,2024,06,08,08
855.0,858.0,Ficedula tricolor,Slaty-blue Flycatcher,0.6461,psl6,2024,06,08,08
858.0,861.0,Trochalopteron variegatum,Variegated Laughingthrush,0.9079,psl6,2024,06,08,08
864.0,867.0,Trochalopteron variegatum,Variegated Laughingthrush,0.9668,psl6,2024,06,08,08
867.0,870.0,Ficedula tricolor,Slaty-blue Flycatcher,0.5328,psl6,2024,06,08,08
870.0,873.0,Ficedula tricolor,Slaty-blue Flycatcher,0.5038,psl6,2024,06,08,08
0.0,3.0,Zosterops simplex,Swinhoe's White-eye,0.8247,psl6,2024,06,08,09
36.0,39.0,Zosterops simplex,Swinhoe's White-eye,0.735,psl6,2024,06,08,09
99.0,102.0,Trochalopteron variegatum,Variegated Laughingthrush,0.5372,psl6,2024,06,08,09
147.0,150.0,Trochalopteron variegatum,Variegated Laughingthrush,0.5046,psl6,2024,06,08,09
171.0,174.0,Zosterops simplex,Swinhoe's White-eye,0.7051,psl6,2024,06,08,09
174.0,177.0,Zosterops simplex,Swinhoe's White-eye,0.5727,psl6,2024,06,08,09
180.0,183.0,Trochalopteron variegatum,Variegated Laughingthrush,0.7026,psl6,2024,06,08,09
186.0,189.0,Trochalopteron variegatum,Variegated Laughingthrush,0.9135,psl6,2024,06,08,09
207.0,210.0,Zosterops simplex,Swinhoe's White-eye,0.8022,psl6,2024,06,08,09
225.0,228.0,Phylloscopus magnirostris,Large-billed Leaf Warbler,0.7734,psl6,2024,06,08,09
507.0,510.0,Trochalopteron variegatum,Variegated Laughingthrush,0.5883,psl6,2024,06,08,09
564.0,567.0,Larvivora brunnea,Indian Blue Robin,0.6156,psl6,2024,06,08,09
807.0,810.0,Ficedula tricolor,Slaty-blue Flycatcher,0.5704,psl6,2024,06,08,09
807.0,810.0,Lophorina superba,Greater Lophorina,0.5567,psl6,2024,06,08,09
840.0,843.0,Lophorina superba,Greater Lophorina,0.5278,psl6,2024,06,08,09
843.0,846.0,Ficedula tricolor,Slaty-blue Flycatcher,0.5169,psl6,2024,06,08,09
9.0,12.0,Trochalopteron variegatum,Variegated Laughingthrush,0.9746,psl6,2024,06,09,06
15.0,18.0,Trochalopteron variegatum,Variegated Laughingthrush,0.6164,psl6,2024,06,09,06
42.0,45.0,Trochalopteron variegatum,Variegated Laughingthrush,0.5106,psl6,2024,06,09,06
51.0,54.0,Trochalopteron variegatum,Variegated Laughingthrush,0.9453,psl6,2024,06,09,06
57.0,60.0,Trochalopteron variegatum,Variegated Laughingthrush,0.9117,psl6,2024,06,09,06
78.0,81.0,Trochalopteron erythrocephalum,Chestnut-crowned Laughingthrush,0.5447,psl6,2024,06,09,06
111.0,114.0,Trochalopteron variegatum,Variegated Laughingthrush,0.533,psl6,2024,06,09,06
159.0,162.0,Trochalopteron variegatum,Variegated Laughingthrush,0.5815,psl6,2024,06,09,06
165.0,168.0,Trochalopteron variegatum,Variegated Laughingthrush,0.5792,psl6,2024,06,09,06
171.0,174.0,Trochalopteron variegatum,Variegated Laughingthrush,0.7219,psl6,2024,06,09,06
348.0,351.0,Luscinia phaenicuroides,White-bellied Redstart,0.7425,psl6,2024,06,09,06
363.0,366.0,Ficedula tricolor,Slaty-blue Flycatcher,0.7991,psl6,2024,06,09,06
414.0,417.0,Larvivora brunnea,Indian Blue Robin,0.5344,psl6,2024,06,09,06
492.0,495.0,Zosterops simplex,Swinhoe's White-eye,0.5131,psl6,2024,06,09,06
675.0,678.0,Phylloscopus trochiloides,Greenish Warbler,0.501,psl6,2024,06,09,06
678.0,681.0,Phylloscopus occipitalis,Western Crowned Warbler,0.5814,psl6,2024,06,09,06
690.0,693.0,Phylloscopus trochiloides,Greenish Warbler,0.7995,psl6,2024,06,09,06
720.0,723.0,Phylloscopus occipitalis,Western Crowned Warbler,0.7038,psl6,2024,06,09,06
750.0,753.0,Phylloscopus trochiloides,Greenish Warbler,0.6092,psl6,2024,06,09,06
756.0,759.0,Phylloscopus occipitalis,Western Crowned Warbler,0.5554,psl6,2024,06,09,06
777.0,780.0,Phylloscopus occipitalis,Western Crowned Warbler,0.6578,psl6,2024,06,09,06
783.0,786.0,Phylloscopus trochiloides,Greenish Warbler,0.5367,psl6,2024,06,09,06
795.0,798.0,Phylloscopus trochiloides,Greenish Warbler,0.7381,psl6,2024,06,09,06
807.0,810.0,Phylloscopus trochiloides,Greenish Warbler,0.7488,psl6,2024,06,09,06
828.0,831.0,Phylloscopus trochiloides,Greenish Warbler,0.9154,psl6,2024,06,09,06
867.0,870.0,Phylloscopus occipitalis,Western Crowned Warbler,0.717,psl6,2024,06,09,06
882.0,885.0,Phylloscopus occipitalis,Western Crowned Warbler,0.8497,psl6,2024,06,09,06
888.0,891.0,Phylloscopus trochiloides,Greenish Warbler,0.6221,psl6,2024,06,09,06
891.0,894.0,Phylloscopus occipitalis,Western Crowned Warbler,0.6089,psl6,2024,06,09,06
228.0,231.0,Trochalopteron variegatum,Variegated Laughingthrush,0.5382,psl6,2024,06,09,07
387.0,390.0,Trochalopteron variegatum,Variegated Laughingthrush,0.6716,psl6,2024,06,09,07
387.0,390.0,Trochalopteron affine,Black-faced Laughingthrush,0.5032,psl6,2024,06,09,07
393.0,396.0,Trochalopteron erythrocephalum,Chestnut-crowned Laughingthrush,0.5572,psl6,2024,06,09,07
414.0,417.0,Trochalopteron erythrocephalum,Chestnut-crowned Laughingthrush,0.7464,psl6,2024,06,09,07
420.0,423.0,Trochalopteron erythrocephalum,Chestnut-crowned Laughingthrush,0.6119,psl6,2024,06,09,07
426.0,429.0,Trochalopteron erythrocephalum,Chestnut-crowned Laughingthrush,0.7166,psl6,2024,06,09,07
432.0,435.0,Trochalopteron variegatum,Variegated Laughingthrush,0.6724,psl6,2024,06,09,07
438.0,441.0,Trochalopteron variegatum,Variegated Laughingthrush,0.8394,psl6,2024,06,09,07
453.0,456.0,Trochalopteron variegatum,Variegated Laughingthrush,0.6795,psl6,2024,06,09,07
468.0,471.0,Trochalopteron variegatum,Variegated Laughingthrush,0.5072,psl6,2024,06,09,07
492.0,495.0,Trochalopteron erythrocephalum,Chestnut-crowned Laughingthrush,0.5395,psl6,2024,06,09,07
498.0,501.0,Trochalopteron erythrocephalum,Chestnut-crowned Laughingthrush,0.5559,psl6,2024,06,09,07
510.0,513.0,Trochalopteron erythrocephalum,Chestnut-crowned Laughingthrush,0.6977,psl6,2024,06,09,07
513.0,516.0,Trochalopteron variegatum,Variegated Laughingthrush,0.5265,psl6,2024,06,09,07
519.0,522.0,Trochalopteron variegatum,Variegated Laughingthrush,0.811,psl6,2024,06,09,07
522.0,525.0,Trochalopteron variegatum,Variegated Laughingthrush,0.5463,psl6,2024,06,09,07
525.0,528.0,Trochalopteron variegatum,Variegated Laughingthrush,0.7739,psl6,2024,06,09,07
528.0,531.0,Trochalopteron variegatum,Variegated Laughingthrush,0.7126,psl6,2024,06,09,07
537.0,540.0,Trochalopteron variegatum,Variegated Laughingthrush,0.7986,psl6,2024,06,09,07
543.0,546.0,Trochalopteron variegatum,Variegated Laughingthrush,0.6662,psl6,2024,06,09,07
552.0,555.0,Trochalopteron variegatum,Variegated Laughingthrush,0.8054,psl6,2024,06,09,07
555.0,558.0,Trochalopteron variegatum,Variegated Laughingthrush,0.8506,psl6,2024,06,09,07
600.0,603.0,Trochalopteron variegatum,Variegated Laughingthrush,0.5845,psl6,2024,06,09,07
639.0,642.0,Trochalopteron variegatum,Variegated Laughingthrush,0.7254,psl6,2024,06,09,07
642.0,645.0,Trochalopteron variegatum,Variegated Laughingthrush,0.8114,psl6,2024,06,09,07
666.0,669.0,Trochalopteron variegatum,Variegated Laughingthrush,0.8302,psl6,2024,06,09,07
672.0,675.0,Trochalopteron variegatum,Variegated Laughingthrush,0.5157,psl6,2024,06,09,07
684.0,687.0,Trochalopteron variegatum,Variegated Laughingthrush,0.646,psl6,2024,06,09,07
711.0,714.0,Trochalopteron erythrocephalum,Chestnut-crowned Laughingthrush,0.5262,psl6,2024,06,09,07
714.0,717.0,Trochalopteron variegatum,Variegated Laughingthrush,0.6765,psl6,2024,06,09,07
723.0,726.0,Trochalopteron variegatum,Variegated Laughingthrush,0.5187,psl6,2024,06,09,07
774.0,777.0,Trochalopteron variegatum,Variegated Laughingthrush,0.8205,psl6,2024,06,09,07
774.0,777.0,Trochalopteron erythrocephalum,Chestnut-crowned Laughingthrush,0.6045,psl6,2024,06,09,07
780.0,783.0,Trochalopteron erythrocephalum,Chestnut-crowned Laughingthrush,0.707,psl6,2024,06,09,07
783.0,786.0,Trochalopteron variegatum,Variegated Laughingthrush,0.8164,psl6,2024,06,09,07
810.0,813.0,Trochalopteron variegatum,Variegated Laughingthrush,0.5783,psl6,2024,06,09,07
816.0,819.0,Trochalopteron variegatum,Variegated Laughingthrush,0.6472,psl6,2024,06,09,07
816.0,819.0,Trochalopteron erythrocephalum,Chestnut-crowned Laughingthrush,0.5598,psl6,2024,06,09,07
822.0,825.0,Trochalopteron affine,Black-faced Laughingthrush,0.5058,psl6,2024,06,09,07
843.0,846.0,Trochalopteron variegatum,Variegated Laughingthrush,0.6217,psl6,2024,06,09,07
858.0,861.0,Trochalopteron erythrocephalum,Chestnut-crowned Laughingthrush,0.5397,psl6,2024,06,09,07
879.0,882.0,Trochalopteron variegatum,Variegated Laughingthrush,0.511,psl6,2024,06,09,07
57.0,60.0,Phylloscopus occipitalis,Western Crowned Warbler,0.845,psl6,2024,06,09,08
201.0,204.0,Zosterops simplex,Swinhoe's White-eye,0.5423,psl6,2024,06,09,08
288.0,291.0,Zosterops simplex,Swinhoe's White-eye,0.7,psl6,2024,06,09,08
306.0,309.0,Zosterops simplex,Swinhoe's White-eye,0.5025,psl6,2024,06,09,08
423.0,426.0,Zosterops simplex,Swinhoe's White-eye,0.5052,psl6,2024,06,09,08
519.0,522.0,Trochalopteron variegatum,Variegated Laughingthrush,0.6134,psl6,2024,06,09,08
525.0,528.0,Trochalopteron variegatum,Variegated Laughingthrush,0.528,psl6,2024,06,09,08
882.0,885.0,Phylloscopus trochiloides,Greenish Warbler,0.8409,psl6,2024,06,09,08
882.0,885.0,Phylloscopus nitidus,Green Warbler,0.545,psl6,2024,06,09,08
897.0,900.0,Phylloscopus trochiloides,Greenish Warbler,0.5394,psl6,2024,06,09,08
897.0,900.0,Phylloscopus nitidus,Green Warbler,0.513,psl6,2024,06,09,08
42.0,45.0,Phylloscopus nitidus,Green Warbler,0.7806,psl6,2024,06,09,09
42.0,45.0,Phylloscopus trochiloides,Greenish Warbler,0.5841,psl6,2024,06,09,09
54.0,57.0,Phylloscopus nitidus,Green Warbler,0.6392,psl6,2024,06,09,09
63.0,66.0,Pyrrhomyias cinnamomeus,Cinnamon Flycatcher,0.5078,psl6,2024,06,09,09
69.0,72.0,Prunella strophiata,Rufous-breasted Accentor,0.8544,psl6,2024,06,09,09
84.0,87.0,Ficedula parva,Red-breasted Flycatcher,0.608,psl6,2024,06,09,09
87.0,90.0,Prunella strophiata,Rufous-breasted Accentor,0.9637,psl6,2024,06,09,09
150.0,153.0,Phylloscopus humei,Hume's Warbler,0.8182,psl6,2024,06,09,09
165.0,168.0,Phylloscopus humei,Hume's Warbler,0.9629,psl6,2024,06,09,09
171.0,174.0,Phylloscopus humei,Hume's Warbler,0.9363,psl6,2024,06,09,09
177.0,180.0,Phylloscopus humei,Hume's Warbler,0.9642,psl6,2024,06,09,09
180.0,183.0,Phylloscopus humei,Hume's Warbler,0.7818,psl6,2024,06,09,09
312.0,315.0,Phylloscopus humei,Hume's Warbler,0.6572,psl6,2024,06,09,09
846.0,849.0,Zosterops simplex,Swinhoe's White-eye,0.8537,psl6,2024,06,09,09
882.0,885.0,Zosterops simplex,Swinhoe's White-eye,0.5313,psl6,2024,06,09,09
15.0,18.0,Ficedula tricolor,Slaty-blue Flycatcher,0.8079,psl6,2024,06,10,06
30.0,33.0,Ficedula tricolor,Slaty-blue Flycatcher,0.5593,psl6,2024,06,10,06
36.0,39.0,Ficedula tricolor,Slaty-blue Flycatcher,0.6723,psl6,2024,06,10,06
39.0,42.0,Cettia castaneocoronata,Chestnut-headed Tesia,0.6018,psl6,2024,06,10,06
42.0,45.0,Ficedula tricolor,Slaty-blue Flycatcher,0.5347,psl6,2024,06,10,06
51.0,54.0,Ficedula tricolor,Slaty-blue Flycatcher,0.5026,psl6,2024,06,10,06
66.0,69.0,Ficedula tricolor,Slaty-blue Flycatcher,0.5383,psl6,2024,06,10,06
93.0,96.0,Ficedula tricolor,Slaty-blue Flycatcher,0.5474,psl6,2024,06,10,06
408.0,411.0,Lophorina superba,Greater Lophorina,0.6428,psl6,2024,06,10,06
528.0,531.0,Lophorina superba,Greater Lophorina,0.54,psl6,2024,06,10,06
591.0,594.0,Tarsiger rufilatus,Himalayan Bluetail,0.6409,psl6,2024,06,10,06
615.0,618.0,Tarsiger rufilatus,Himalayan Bluetail,0.8433,psl6,2024,06,10,06
618.0,621.0,Tarsiger rufilatus,Himalayan Bluetail,0.5809,psl6,2024,06,10,06
621.0,624.0,Tarsiger rufilatus,Himalayan Bluetail,0.7899,psl6,2024,06,10,06
627.0,630.0,Tarsiger rufilatus,Himalayan Bluetail,0.9118,psl6,2024,06,10,06
636.0,639.0,Tarsiger rufilatus,Himalayan Bluetail,0.7568,psl6,2024,06,10,06
642.0,645.0,Tarsiger rufilatus,Himalayan Bluetail,0.7968,psl6,2024,06,10,06
648.0,651.0,Tarsiger rufilatus,Himalayan Bluetail,0.7129,psl6,2024,06,10,06
654.0,657.0,Tarsiger rufilatus,Himalayan Bluetail,0.7853,psl6,2024,06,10,06
666.0,669.0,Tarsiger rufilatus,Himalayan Bluetail,0.7608,psl6,2024,06,10,06
675.0,678.0,Tarsiger rufilatus,Himalayan Bluetail,0.7592,psl6,2024,06,10,06
681.0,684.0,Tarsiger rufilatus,Himalayan Bluetail,0.6544,psl6,2024,06,10,06
687.0,690.0,Tarsiger rufilatus,Himalayan Bluetail,0.7716,psl6,2024,06,10,06
690.0,693.0,Tarsiger rufilatus,Himalayan Bluetail,0.819,psl6,2024,06,10,06
705.0,708.0,Tarsiger rufilatus,Himalayan Bluetail,0.6862,psl6,2024,06,10,06
711.0,714.0,Tarsiger rufilatus,Himalayan Bluetail,0.5217,psl6,2024,06,10,06
3.0,6.0,Phylloscopus trochiloides,Greenish Warbler,0.717,psl6,2024,06,10,07
24.0,27.0,Phylloscopus trochiloides,Greenish Warbler,0.6943,psl6,2024,06,10,07
30.0,33.0,Tarsiger rufilatus,Himalayan Bluetail,0.5347,psl6,2024,06,10,07
36.0,39.0,Phylloscopus trochiloides,Greenish Warbler,0.7285,psl6,2024,06,10,07
45.0,48.0,Tarsiger rufilatus,Himalayan Bluetail,0.5576,psl6,2024,06,10,07
48.0,51.0,Phylloscopus trochiloides,Greenish Warbler,0.5074,psl6,2024,06,10,07
69.0,72.0,Phylloscopus nitidus,Green Warbler,0.7748,psl6,2024,06,10,07
69.0,72.0,Phylloscopus trochiloides,Greenish Warbler,0.5302,psl6,2024,06,10,07
129.0,132.0,Phylloscopus trochiloides,Greenish Warbler,0.575,psl6,2024,06,10,07
129.0,132.0,Phylloscopus nitidus,Green Warbler,0.5674,psl6,2024,06,10,07
147.0,150.0,Phylloscopus tytleri,Tytler's Leaf Warbler,0.5028,psl6,2024,06,10,07
159.0,162.0,Phylloscopus trochiloides,Greenish Warbler,0.5914,psl6,2024,06,10,07
174.0,177.0,Tarsiger rufilatus,Himalayan Bluetail,0.5017,psl6,2024,06,10,07
198.0,201.0,Phylloscopus trochiloides,Greenish Warbler,0.5809,psl6,2024,06,10,07
216.0,219.0,Phylloscopus trochiloides,Greenish Warbler,0.5741,psl6,2024,06,10,07
246.0,249.0,Tarsiger rufilatus,Himalayan Bluetail,0.6851,psl6,2024,06,10,07
249.0,252.0,Tarsiger rufilatus,Himalayan Bluetail,0.6725,psl6,2024,06,10,07
282.0,285.0,Tarsiger rufilatus,Himalayan Bluetail,0.8458,psl6,2024,06,10,07
417.0,420.0,Ficedula tricolor,Slaty-blue Flycatcher,0.6486,psl6,2024,06,10,07
438.0,441.0,Tarsiger rufilatus,Himalayan Bluetail,0.5028,psl6,2024,06,10,07
465.0,468.0,Luscinia phaenicuroides,White-bellied Redstart,0.7491,psl6,2024,06,10,07
465.0,468.0,Tarsiger rufilatus,Himalayan Bluetail,0.699,psl6,2024,06,10,07
471.0,474.0,Tarsiger rufilatus,Himalayan Bluetail,0.7929,psl6,2024,06,10,07
483.0,486.0,Tarsiger rufilatus,Himalayan Bluetail,0.5986,psl6,2024,06,10,07
486.0,489.0,Tarsiger rufilatus,Himalayan Bluetail,0.5066,psl6,2024,06,10,07
492.0,495.0,Tarsiger rufilatus,Himalayan Bluetail,0.8921,psl6,2024,06,10,07
498.0,501.0,Tarsiger rufilatus,Himalayan Bluetail,0.5501,psl6,2024,06,10,07
504.0,507.0,Tarsiger rufilatus,Himalayan Bluetail,0.5147,psl6,2024,06,10,07
558.0,561.0,Tarsiger rufilatus,Himalayan Bluetail,0.5767,psl6,2024,06,10,07
561.0,564.0,Phylloscopus trochiloides,Greenish Warbler,0.9201,psl6,2024,06,10,07
570.0,573.0,Tarsiger rufilatus,Himalayan Bluetail,0.7053,psl6,2024,06,10,07
648.0,651.0,Luscinia phaenicuroides,White-bellied Redstart,0.6222,psl6,2024,06,10,07
666.0,669.0,Luscinia phaenicuroides,White-bellied Redstart,0.5096,psl6,2024,06,10,07
702.0,705.0,Luscinia phaenicuroides,White-bellied Redstart,0.8181,psl6,2024,06,10,07
711.0,714.0,Luscinia phaenicuroides,White-bellied Redstart,0.8401,psl6,2024,06,10,07
789.0,792.0,Phylloscopus trochiloides,Greenish Warbler,0.5451,psl6,2024,06,10,07
804.0,807.0,Luscinia phaenicuroides,White-bellied Redstart,0.6728,psl6,2024,06,10,07
885.0,888.0,Phylloscopus occipitalis,Western Crowned Warbler,0.6601,psl6,2024,06,10,07
465.0,468.0,Carpodacus erythrinus,Common Rosefinch,0.6687,psl6,2024,06,10,08
507.0,510.0,Ficedula tricolor,Slaty-blue Flycatcher,0.5823,psl6,2024,06,10,08
555.0,558.0,Luscinia phaenicuroides,White-bellied Redstart,0.8767,psl6,2024,06,10,08
669.0,672.0,Ficedula tricolor,Slaty-blue Flycatcher,0.6101,psl6,2024,06,10,08
678.0,681.0,Ficedula tricolor,Slaty-blue Flycatcher,0.5713,psl6,2024,06,10,08
714.0,717.0,Ficedula tricolor,Slaty-blue Flycatcher,0.9545,psl6,2024,06,10,08
21.0,24.0,Trochalopteron variegatum,Variegated Laughingthrush,0.6815,psl6,2024,06,10,09
51.0,54.0,Phylloscopus humei,Hume's Warbler,0.8639,psl6,2024,06,10,09
63.0,66.0,Phylloscopus humei,Hume's Warbler,0.6956,psl6,2024,06,10,09
180.0,183.0,Ficedula tricolor,Slaty-blue Flycatcher,0.5196,psl6,2024,06,10,09
237.0,240.0,Ficedula tricolor,Slaty-blue Flycatcher,0.9278,psl6,2024,06,10,09
309.0,312.0,Copsychus albospecularis,Madagascar Magpie-Robin,0.5887,psl6,2024,06,10,09
327.0,330.0,Ficedula tricolor,Slaty-blue Flycatcher,0.8931,psl6,2024,06,10,09
372.0,375.0,Brachyramphus marmoratus,Marbled Murrelet,0.6263,psl6,2024,06,10,09
375.0,378.0,Cettia castaneocoronata,Chestnut-headed Tesia,0.5023,psl6,2024,06,10,09
384.0,387.0,Copsychus albospecularis,Madagascar Magpie-Robin,0.7298,psl6,2024,06,10,09
393.0,396.0,Ficedula tricolor,Slaty-blue Flycatcher,0.5304,psl6,2024,06,10,09
420.0,423.0,Trochalopteron variegatum,Variegated Laughingthrush,0.5454,psl6,2024,06,10,09
459.0,462.0,Copsychus albospecularis,Madagascar Magpie-Robin,0.7444,psl6,2024,06,10,09
594.0,597.0,Ficedula tricolor,Slaty-blue Flycatcher,0.5631,psl6,2024,06,10,09
876.0,879.0,Phylloscopus humei,Hume's Warbler,0.9329,psl6,2024,06,10,09
885.0,888.0,Phylloscopus humei,Hume's Warbler,0.5415,psl6,2024,06,10,09
141.0,144.0,Phylloscopus trochiloides,Greenish Warbler,0.7081,psl6,2024,06,11,06
246.0,249.0,Trochalopteron affine,Black-faced Laughingthrush,0.5194,psl6,2024,06,11,06
330.0,333.0,Phylloscopus humei,Hume's Warbler,0.6017,psl6,2024,06,11,06
399.0,402.0,Trochalopteron variegatum,Variegated Laughingthrush,0.6265,psl6,2024,06,11,06
402.0,405.0,Trochalopteron affine,Black-faced Laughingthrush,0.5435,psl6,2024,06,11,06
435.0,438.0,Trochalopteron variegatum,Variegated Laughingthrush,0.6333,psl6,2024,06,11,06
687.0,690.0,Setophaga townsendi,Townsend's Warbler,0.7239,psl6,2024,06,11,06
135.0,138.0,Phylloscopus trochiloides,Greenish Warbler,0.6466,psl6,2024,06,11,07
138.0,141.0,Phylloscopus nitidus,Green Warbler,0.6161,psl6,2024,06,11,07
351.0,354.0,Luscinia phaenicuroides,White-bellied Redstart,0.5439,psl6,2024,06,11,07
393.0,396.0,Ficedula tricolor,Slaty-blue Flycatcher,0.8455,psl6,2024,06,11,07
435.0,438.0,Luscinia phaenicuroides,White-bellied Redstart,0.6789,psl6,2024,06,11,07
456.0,459.0,Luscinia phaenicuroides,White-bellied Redstart,0.874,psl6,2024,06,11,07
459.0,462.0,Luscinia phaenicuroides,White-bellied Redstart,0.8877,psl6,2024,06,11,07
477.0,480.0,Luscinia phaenicuroides,White-bellied Redstart,0.8911,psl6,2024,06,11,07
492.0,495.0,Luscinia phaenicuroides,White-bellied Redstart,0.8902,psl6,2024,06,11,07
663.0,666.0,Phylloscopus occipitalis,Western Crowned Warbler,0.6293,psl6,2024,06,11,07
666.0,669.0,Phylloscopus occipitalis,Western Crowned Warbler,0.8443,psl6,2024,06,11,07
672.0,675.0,Phylloscopus occipitalis,Western Crowned Warbler,0.636,psl6,2024,06,11,07
675.0,678.0,Phylloscopus occipitalis,Western Crowned Warbler,0.9554,psl6,2024,06,11,07
678.0,681.0,Phylloscopus occipitalis,Western Crowned Warbler,0.8836,psl6,2024,06,11,07
693.0,696.0,Phylloscopus occipitalis,Western Crowned Warbler,0.6096,psl6,2024,06,11,07
711.0,714.0,Phylloscopus occipitalis,Western Crowned Warbler,0.6502,psl6,2024,06,11,07
786.0,789.0,Larvivora brunnea,Indian Blue Robin,0.6342,psl6,2024,06,11,07
792.0,795.0,Phylloscopus trochiloides,Greenish Warbler,0.5412,psl6,2024,06,11,07
834.0,837.0,Larvivora brunnea,Indian Blue Robin,0.5226,psl6,2024,06,11,07
858.0,861.0,Phylloscopus occipitalis,Western Crowned Warbler,0.8494,psl6,2024,06,11,07
864.0,867.0,Larvivora brunnea,Indian Blue Robin,0.5859,psl6,2024,06,11,07
867.0,870.0,Larvivora brunnea,Indian Blue Robin,0.9994,psl6,2024,06,11,07
873.0,876.0,Larvivora brunnea,Indian Blue Robin,0.7853,psl6,2024,06,11,07
876.0,879.0,Larvivora brunnea,Indian Blue Robin,0.9917,psl6,2024,06,11,07
885.0,888.0,Larvivora brunnea,Indian Blue Robin,0.8044,psl6,2024,06,11,07
885.0,888.0,Phylloscopus magnirostris,Large-billed Leaf Warbler,0.6748,psl6,2024,06,11,07
888.0,891.0,Larvivora brunnea,Indian Blue Robin,0.946,psl6,2024,06,11,07
894.0,897.0,Larvivora brunnea,Indian Blue Robin,0.9959,psl6,2024,06,11,07
3.0,6.0,Larvivora brunnea,Indian Blue Robin,0.9651,psl6,2024,06,11,08
3.0,6.0,Phylloscopus magnirostris,Large-billed Leaf Warbler,0.5464,psl6,2024,06,11,08
6.0,9.0,Larvivora brunnea,Indian Blue Robin,0.7702,psl6,2024,06,11,08
27.0,30.0,Larvivora brunnea,Indian Blue Robin,0.9951,psl6,2024,06,11,08
51.0,54.0,Larvivora brunnea,Indian Blue Robin,0.9983,psl6,2024,06,11,08
63.0,66.0,Larvivora brunnea,Indian Blue Robin,0.9992,psl6,2024,06,11,08
72.0,75.0,Larvivora brunnea,Indian Blue Robin,0.5097,psl6,2024,06,11,08
75.0,78.0,Larvivora brunnea,Indian Blue Robin,0.6256,psl6,2024,06,11,08
81.0,84.0,Larvivora brunnea,Indian Blue Robin,0.9936,psl6,2024,06,11,08
90.0,93.0,Larvivora brunnea,Indian Blue Robin,0.9642,psl6,2024,06,11,08
99.0,102.0,Larvivora brunnea,Indian Blue Robin,0.9981,psl6,2024,06,11,08
105.0,108.0,Larvivora brunnea,Indian Blue Robin,0.998,psl6,2024,06,11,08
111.0,114.0,Larvivora brunnea,Indian Blue Robin,0.7996,psl6,2024,06,11,08
111.0,114.0,Phylloscopus magnirostris,Large-billed Leaf Warbler,0.5292,psl6,2024,06,11,08
114.0,117.0,Larvivora brunnea,Indian Blue Robin,0.6439,psl6,2024,06,11,08
123.0,126.0,Larvivora brunnea,Indian Blue Robin,0.984,psl6,2024,06,11,08
141.0,144.0,Larvivora brunnea,Indian Blue Robin,0.9146,psl6,2024,06,11,08
144.0,147.0,Larvivora brunnea,Indian Blue Robin,0.6697,psl6,2024,06,11,08
150.0,153.0,Larvivora brunnea,Indian Blue Robin,0.9997,psl6,2024,06,11,08
159.0,162.0,Larvivora brunnea,Indian Blue Robin,0.9906,psl6,2024,06,11,08
165.0,168.0,Larvivora brunnea,Indian Blue Robin,0.9785,psl6,2024,06,11,08
168.0,171.0,Larvivora brunnea,Indian Blue Robin,0.6837,psl6,2024,06,11,08
177.0,180.0,Larvivora brunnea,Indian Blue Robin,0.9897,psl6,2024,06,11,08
189.0,192.0,Larvivora brunnea,Indian Blue Robin,0.9496,psl6,2024,06,11,08
192.0,195.0,Parus minor,Japanese Tit,0.7546,psl6,2024,06,11,08
198.0,201.0,Larvivora brunnea,Indian Blue Robin,0.9966,psl6,2024,06,11,08
207.0,210.0,Larvivora brunnea,Indian Blue Robin,0.9852,psl6,2024,06,11,08
216.0,219.0,Larvivora brunnea,Indian Blue Robin,0.9373,psl6,2024,06,11,08
219.0,222.0,Phylloscopus trivirgatus,Mountain Leaf Warbler,0.5045,psl6,2024,06,11,08
222.0,225.0,Phylloscopus trochiloides,Greenish Warbler,0.7166,psl6,2024,06,11,08
228.0,231.0,Larvivora brunnea,Indian Blue Robin,0.9991,psl6,2024,06,11,08
240.0,243.0,Larvivora brunnea,Indian Blue Robin,0.5063,psl6,2024,06,11,08
243.0,246.0,Larvivora brunnea,Indian Blue Robin,0.9918,psl6,2024,06,11,08
252.0,255.0,Larvivora brunnea,Indian Blue Robin,0.9579,psl6,2024,06,11,08
273.0,276.0,Larvivora brunnea,Indian Blue Robin,0.647,psl6,2024,06,11,08
276.0,279.0,Larvivora brunnea,Indian Blue Robin,0.9484,psl6,2024,06,11,08
321.0,324.0,Phylloscopus occipitalis,Western Crowned Warbler,0.576,psl6,2024,06,11,08
336.0,339.0,Larvivora brunnea,Indian Blue Robin,0.8945,psl6,2024,06,11,08
339.0,342.0,Larvivora brunnea,Indian Blue Robin,0.9851,psl6,2024,06,11,08
348.0,351.0,Larvivora brunnea,Indian Blue Robin,0.6746,psl6,2024,06,11,08
351.0,354.0,Larvivora brunnea,Indian Blue Robin,0.7756,psl6,2024,06,11,08
363.0,366.0,Larvivora brunnea,Indian Blue Robin,0.896,psl6,2024,06,11,08
615.0,618.0,Phylloscopus occipitalis,Western Crowned Warbler,0.5594,psl6,2024,06,11,08
651.0,654.0,Phylloscopus humei,Hume's Warbler,0.7396,psl6,2024,06,11,08
678.0,681.0,Ficedula tricolor,Slaty-blue Flycatcher,0.6345,psl6,2024,06,11,08
798.0,801.0,Copsychus albospecularis,Madagascar Magpie-Robin,0.5826,psl6,2024,06,11,08
807.0,810.0,Ficedula tricolor,Slaty-blue Flycatcher,0.5442,psl6,2024,06,11,08
0.0,3.0,Phylloscopus trochiloides,Greenish Warbler,0.5501,psl6,2024,06,11,09
66.0,69.0,Phylloscopus trochiloides,Greenish Warbler,0.5492,psl6,2024,06,11,09
78.0,81.0,Phylloscopus nitidus,Green Warbler,0.5388,psl6,2024,06,11,09
96.0,99.0,Ficedula tricolor,Slaty-blue Flycatcher,0.8204,psl6,2024,06,11,09
123.0,126.0,Phylloscopus trochiloides,Greenish Warbler,0.6296,psl6,2024,06,11,09
126.0,129.0,Ficedula tricolor,Slaty-blue Flycatcher,0.614,psl6,2024,06,11,09
141.0,144.0,Ficedula tricolor,Slaty-blue Flycatcher,0.7279,psl6,2024,06,11,09
144.0,147.0,Ficedula tricolor,Slaty-blue Flycatcher,0.9012,psl6,2024,06,11,09
204.0,207.0,Ficedula tricolor,Slaty-blue Flycatcher,0.9457,psl6,2024,06,11,09
207.0,210.0,Ficedula tricolor,Slaty-blue Flycatcher,0.8656,psl6,2024,06,11,09
216.0,219.0,Ficedula tricolor,Slaty-blue Flycatcher,0.971,psl6,2024,06,11,09
237.0,240.0,Ficedula tricolor,Slaty-blue Flycatcher,0.6094,psl6,2024,06,11,09
246.0,249.0,Larvivora brunnea,Indian Blue Robin,0.7176,psl6,2024,06,11,09
267.0,270.0,Ficedula tricolor,Slaty-blue Flycatcher,0.5947,psl6,2024,06,11,09
276.0,279.0,Ficedula tricolor,Slaty-blue Flycatcher,0.9151,psl6,2024,06,11,09
279.0,282.0,Ficedula tricolor,Slaty-blue Flycatcher,0.5806,psl6,2024,06,11,09
282.0,285.0,Ficedula tricolor,Slaty-blue Flycatcher,0.8727,psl6,2024,06,11,09
294.0,297.0,Ficedula tricolor,Slaty-blue Flycatcher,0.7041,psl6,2024,06,11,09
297.0,300.0,Luscinia phaenicuroides,White-bellied Redstart,0.7464,psl6,2024,06,11,09
324.0,327.0,Larvivora brunnea,Indian Blue Robin,0.6323,psl6,2024,06,11,09
333.0,336.0,Larvivora brunnea,Indian Blue Robin,0.6906,psl6,2024,06,11,09
360.0,363.0,Larvivora brunnea,Indian Blue Robin,0.9438,psl6,2024,06,11,09
387.0,390.0,Larvivora brunnea,Indian Blue Robin,0.9766,psl6,2024,06,11,09
402.0,405.0,Larvivora brunnea,Indian Blue Robin,0.8076,psl6,2024,06,11,09
411.0,414.0,Muscicapa striata,Spotted Flycatcher,0.8873,psl6,2024,06,11,09
417.0,420.0,Muscicapa striata,Spotted Flycatcher,0.7619,psl6,2024,06,11,09
456.0,459.0,Larvivora brunnea,Indian Blue Robin,0.7802,psl6,2024,06,11,09
474.0,477.0,Larvivora brunnea,Indian Blue Robin,0.6589,psl6,2024,06,11,09
519.0,522.0,Larvivora brunnea,Indian Blue Robin,0.9852,psl6,2024,06,11,09
537.0,540.0,Larvivora brunnea,Indian Blue Robin,0.8601,psl6,2024,06,11,09
549.0,552.0,Larvivora brunnea,Indian Blue Robin,0.8798,psl6,2024,06,11,09
570.0,573.0,Larvivora brunnea,Indian Blue Robin,0.55,psl6,2024,06,11,09
576.0,579.0,Larvivora brunnea,Indian Blue Robin,0.7226,psl6,2024,06,11,09
585.0,588.0,Larvivora brunnea,Indian Blue Robin,0.9296,psl6,2024,06,11,09
597.0,600.0,Larvivora brunnea,Indian Blue Robin,0.9708,psl6,2024,06,11,09
618.0,621.0,Larvivora brunnea,Indian Blue Robin,0.7836,psl6,2024,06,11,09
627.0,630.0,Larvivora brunnea,Indian Blue Robin,0.9864,psl6,2024,06,11,09
648.0,651.0,Larvivora brunnea,Indian Blue Robin,0.9562,psl6,2024,06,11,09
714.0,717.0,Phylloscopus magnirostris,Large-billed Leaf Warbler,0.7678,psl6,2024,06,11,09
735.0,738.0,Phylloscopus magnirostris,Large-billed Leaf Warbler,0.5153,psl6,2024,06,11,09
9.0,12.0,Phylloscopus trochiloides,Greenish Warbler,0.5293,psl6,2024,06,12,06
21.0,24.0,Phylloscopus trochiloides,Greenish Warbler,0.5873,psl6,2024,06,12,06
45.0,48.0,Phylloscopus nitidus,Green Warbler,0.5811,psl6,2024,06,12,06
78.0,81.0,Phylloscopus humei,Hume's Warbler,0.546,psl6,2024,06,12,06
81.0,84.0,Phylloscopus nitidus,Green Warbler,0.545,psl6,2024,06,12,06
87.0,90.0,Phylloscopus humei,Hume's Warbler,0.5437,psl6,2024,06,12,06
90.0,93.0,Phylloscopus humei,Hume's Warbler,0.6054,psl6,2024,06,12,06
93.0,96.0,Phylloscopus humei,Hume's Warbler,0.7494,psl6,2024,06,12,06
108.0,111.0,Phylloscopus humei,Hume's Warbler,0.8234,psl6,2024,06,12,06
114.0,117.0,Phylloscopus trochiloides,Greenish Warbler,0.6427,psl6,2024,06,12,06
117.0,120.0,Phylloscopus humei,Hume's Warbler,0.6333,psl6,2024,06,12,06
120.0,123.0,Phylloscopus humei,Hume's Warbler,0.8107,psl6,2024,06,12,06
150.0,153.0,Phylloscopus trochiloides,Greenish Warbler,0.6549,psl6,2024,06,12,06
177.0,180.0,Phylloscopus nitidus,Green Warbler,0.7775,psl6,2024,06,12,06
186.0,189.0,Phylloscopus nitidus,Green Warbler,0.9291,psl6,2024,06,12,06
225.0,228.0,Phylloscopus trochiloides,Greenish Warbler,0.5998,psl6,2024,06,12,06
237.0,240.0,Phylloscopus nitidus,Green Warbler,0.6524,psl6,2024,06,12,06
261.0,264.0,Phylloscopus trochiloides,Greenish Warbler,0.7163,psl6,2024,06,12,06
273.0,276.0,Phylloscopus trochiloides,Greenish Warbler,0.7432,psl6,2024,06,12,06
336.0,339.0,Phylloscopus trochiloides,Greenish Warbler,0.7863,psl6,2024,06,12,06
360.0,363.0,Phylloscopus nitidus,Green Warbler,0.8724,psl6,2024,06,12,06
375.0,378.0,Phylloscopus trochiloides,Greenish Warbler,0.6314,psl6,2024,06,12,06
387.0,390.0,Phylloscopus trochiloides,Greenish Warbler,0.6802,psl6,2024,06,12,06
423.0,426.0,Phylloscopus trochiloides,Greenish Warbler,0.5434,psl6,2024,06,12,06
426.0,429.0,Phylloscopus trochiloides,Greenish Warbler,0.7208,psl6,2024,06,12,06
480.0,483.0,Phylloscopus trochiloides,Greenish Warbler,0.5063,psl6,2024,06,12,06
495.0,498.0,Phylloscopus trochiloides,Greenish Warbler,0.9178,psl6,2024,06,12,06
501.0,504.0,Phylloscopus nitidus,Green Warbler,0.5368,psl6,2024,06,12,06
516.0,519.0,Phylloscopus nitidus,Green Warbler,0.567,psl6,2024,06,12,06
543.0,546.0,Phylloscopus trochiloides,Greenish Warbler,0.5002,psl6,2024,06,12,06
546.0,549.0,Phylloscopus trochiloides,Greenish Warbler,0.5352,psl6,2024,06,12,06
555.0,558.0,Phylloscopus trochiloides,Greenish Warbler,0.8181,psl6,2024,06,12,06
654.0,657.0,Phylloscopus trochiloides,Greenish Warbler,0.5243,psl6,2024,06,12,06
666.0,669.0,Phylloscopus trochiloides,Greenish Warbler,0.7447,psl6,2024,06,12,06
711.0,714.0,Ficedula tricolor,Slaty-blue Flycatcher,0.5786,psl6,2024,06,12,06
756.0,759.0,Phylloscopus trochiloides,Greenish Warbler,0.5107,psl6,2024,06,12,06
777.0,780.0,Ficedula tricolor,Slaty-blue Flycatcher,0.5202,psl6,2024,06,12,06
780.0,783.0,Phylloscopus nitidus,Green Warbler,0.671,psl6,2024,06,12,06
786.0,789.0,Phylloscopus occipitalis,Western Crowned Warbler,0.5512,psl6,2024,06,12,06
792.0,795.0,Phylloscopus trochiloides,Greenish Warbler,0.7607,psl6,2024,06,12,06
792.0,795.0,Phylloscopus nitidus,Green Warbler,0.6761,psl6,2024,06,12,06
795.0,798.0,Phylloscopus trochiloides,Greenish Warbler,0.6606,psl6,2024,06,12,06
831.0,834.0,Phylloscopus trochiloides,Greenish Warbler,0.7138,psl6,2024,06,12,06
840.0,843.0,Phylloscopus nitidus,Green Warbler,0.5453,psl6,2024,06,12,06
852.0,855.0,Phylloscopus trochiloides,Greenish Warbler,0.6463,psl6,2024,06,12,06
0.0,3.0,Phylloscopus nitidus,Green Warbler,0.8361,psl6,2024,06,12,07
0.0,3.0,Phylloscopus trochiloides,Greenish Warbler,0.5336,psl6,2024,06,12,07
9.0,12.0,Phylloscopus nitidus,Green Warbler,0.7265,psl6,2024,06,12,07
15.0,18.0,Phylloscopus occipitalis,Western Crowned Warbler,0.8053,psl6,2024,06,12,07
21.0,24.0,Phylloscopus trochiloides,Greenish Warbler,0.8193,psl6,2024,06,12,07
21.0,24.0,Phylloscopus nitidus,Green Warbler,0.7508,psl6,2024,06,12,07
24.0,27.0,Phylloscopus trochiloides,Greenish Warbler,0.9262,psl6,2024,06,12,07
33.0,36.0,Phylloscopus nitidus,Green Warbler,0.8246,psl6,2024,06,12,07
48.0,51.0,Phylloscopus trochiloides,Greenish Warbler,0.641,psl6,2024,06,12,07
57.0,60.0,Phylloscopus nitidus,Green Warbler,0.8637,psl6,2024,06,12,07
57.0,60.0,Phylloscopus trochiloides,Greenish Warbler,0.581,psl6,2024,06,12,07
72.0,75.0,Phylloscopus trochiloides,Greenish Warbler,0.7935,psl6,2024,06,12,07
84.0,87.0,Phylloscopus trochiloides,Greenish Warbler,0.6609,psl6,2024,06,12,07
138.0,141.0,Phylloscopus trochiloides,Greenish Warbler,0.7928,psl6,2024,06,12,07
162.0,165.0,Phylloscopus trochiloides,Greenish Warbler,0.7855,psl6,2024,06,12,07
162.0,165.0,Phylloscopus nitidus,Green Warbler,0.6105,psl6,2024,06,12,07
195.0,198.0,Phylloscopus occipitalis,Western Crowned Warbler,0.5725,psl6,2024,06,12,07
201.0,204.0,Phylloscopus trochiloides,Greenish Warbler,0.8741,psl6,2024,06,12,07
222.0,225.0,Phylloscopus nitidus,Green Warbler,0.6985,psl6,2024,06,12,07
222.0,225.0,Phylloscopus trochiloides,Greenish Warbler,0.6646,psl6,2024,06,12,07
237.0,240.0,Phylloscopus trochiloides,Greenish Warbler,0.5286,psl6,2024,06,12,07
249.0,252.0,Phylloscopus nitidus,Green Warbler,0.6466,psl6,2024,06,12,07
264.0,267.0,Phylloscopus nitidus,Green Warbler,0.6369,psl6,2024,06,12,07
309.0,312.0,Phylloscopus nitidus,Green Warbler,0.5125,psl6,2024,06,12,07
321.0,324.0,Copsychus albospecularis,Madagascar Magpie-Robin,0.84,psl6,2024,06,12,07
330.0,333.0,Periparus rufonuchalis,Rufous-naped Tit,0.5645,psl6,2024,06,12,07
339.0,342.0,Phylloscopus trochiloides,Greenish Warbler,0.6738,psl6,2024,06,12,07
378.0,381.0,Ficedula tricolor,Slaty-blue Flycatcher,0.6507,psl6,2024,06,12,07
393.0,396.0,Trochalopteron variegatum,Variegated Laughingthrush,0.6912,psl6,2024,06,12,07
396.0,399.0,Ficedula tricolor,Slaty-blue Flycatcher,0.7367,psl6,2024,06,12,07
414.0,417.0,Ficedula tricolor,Slaty-blue Flycatcher,0.9111,psl6,2024,06,12,07
429.0,432.0,Ficedula tricolor,Slaty-blue Flycatcher,0.9266,psl6,2024,06,12,07
447.0,450.0,Ficedula tricolor,Slaty-blue Flycatcher,0.7767,psl6,2024,06,12,07
456.0,459.0,Phylloscopus occipitalis,Western Crowned Warbler,0.8878,psl6,2024,06,12,07
462.0,465.0,Ficedula tricolor,Slaty-blue Flycatcher,0.6552,psl6,2024,06,12,07
477.0,480.0,Trochalopteron variegatum,Variegated Laughingthrush,0.5515,psl6,2024,06,12,07
480.0,483.0,Phylloscopus nitidus,Green Warbler,0.6896,psl6,2024,06,12,07
498.0,501.0,Phylloscopus occipitalis,Western Crowned Warbler,0.7861,psl6,2024,06,12,07
519.0,522.0,Phylloscopus occipitalis,Western Crowned Warbler,0.7242,psl6,2024,06,12,07
522.0,525.0,Tarsiger chrysaeus,Golden Bush-Robin,0.5662,psl6,2024,06,12,07
528.0,531.0,Phylloscopus nitidus,Green Warbler,0.8107,psl6,2024,06,12,07
540.0,543.0,Phylloscopus nitidus,Green Warbler,0.8921,psl6,2024,06,12,07
546.0,549.0,Phylloscopus occipitalis,Western Crowned Warbler,0.6441,psl6,2024,06,12,07
555.0,558.0,Phylloscopus maculipennis,Ashy-throated Warbler,0.5689,psl6,2024,06,12,07
573.0,576.0,Phoenicurus auroreus,Daurian Redstart,0.5868,psl6,2024,06,12,07
579.0,582.0,Phylloscopus nitidus,Green Warbler,0.701,psl6,2024,06,12,07
585.0,588.0,Phylloscopus occipitalis,Western Crowned Warbler,0.5216,psl6,2024,06,12,07
591.0,594.0,Phylloscopus nitidus,Green Warbler,0.8291,psl6,2024,06,12,07
618.0,621.0,Phylloscopus trochiloides,Greenish Warbler,0.6066,psl6,2024,06,12,07
630.0,633.0,Phylloscopus trochiloides,Greenish Warbler,0.5391,psl6,2024,06,12,07
645.0,648.0,Phylloscopus occipitalis,Western Crowned Warbler,0.5527,psl6,2024,06,12,07
666.0,669.0,Phylloscopus nitidus,Green Warbler,0.9686,psl6,2024,06,12,07
705.0,708.0,Phylloscopus trochiloides,Greenish Warbler,0.6429,psl6,2024,06,12,07
705.0,708.0,Phylloscopus nitidus,Green Warbler,0.5195,psl6,2024,06,12,07
717.0,720.0,Phylloscopus nitidus,Green Warbler,0.823,psl6,2024,06,12,07
720.0,723.0,Phylloscopus trochiloides,Greenish Warbler,0.5937,psl6,2024,06,12,07
747.0,750.0,Phylloscopus trochiloides,Greenish Warbler,0.8194,psl6,2024,06,12,07
759.0,762.0,Phylloscopus nitidus,Green Warbler,0.8618,psl6,2024,06,12,07
759.0,762.0,Phylloscopus trochiloides,Greenish Warbler,0.6901,psl6,2024,06,12,07
798.0,801.0,Phylloscopus trochiloides,Greenish Warbler,0.8397,psl6,2024,06,12,07
798.0,801.0,Phylloscopus nitidus,Green Warbler,0.5925,psl6,2024,06,12,07
810.0,813.0,Phylloscopus occipitalis,Western Crowned Warbler,0.7799,psl6,2024,06,12,07
813.0,816.0,Phylloscopus trochiloides,Greenish Warbler,0.543,psl6,2024,06,12,07
840.0,843.0,Phylloscopus trochiloides,Greenish Warbler,0.6101,psl6,2024,06,12,07
876.0,879.0,Atlapetes melanolaemus,Black-faced Brushfinch,0.7747,psl6,2024,06,12,07
879.0,882.0,Phylloscopus occipitalis,Western Crowned Warbler,0.5903,psl6,2024,06,12,07
894.0,897.0,Phylloscopus humei,Hume's Warbler,0.8881,psl6,2024,06,12,07
897.0,900.0,Ficedula tricolor,Slaty-blue Flycatcher,0.9568,psl6,2024,06,12,07
27.0,30.0,Phylloscopus trochiloides,Greenish Warbler,0.7303,psl6,2024,06,12,08
36.0,39.0,Phylloscopus occipitalis,Western Crowned Warbler,0.5534,psl6,2024,06,12,08
39.0,42.0,Phylloscopus nitidus,Green Warbler,0.7527,psl6,2024,06,12,08
54.0,57.0,Phylloscopus nitidus,Green Warbler,0.6108,psl6,2024,06,12,08
57.0,60.0,Phylloscopus trochiloides,Greenish Warbler,0.8005,psl6,2024,06,12,08
72.0,75.0,Phylloscopus nitidus,Green Warbler,0.6956,psl6,2024,06,12,08
153.0,156.0,Phylloscopus trochiloides,Greenish Warbler,0.503,psl6,2024,06,12,08
216.0,219.0,Phylloscopus trochiloides,Greenish Warbler,0.5593,psl6,2024,06,12,08
222.0,225.0,Phylloscopus nitidus,Green Warbler,0.6343,psl6,2024,06,12,08
234.0,237.0,Phylloscopus nitidus,Green Warbler,0.5733,psl6,2024,06,12,08
282.0,285.0,Phylloscopus nitidus,Green Warbler,0.7791,psl6,2024,06,12,08
297.0,300.0,Phylloscopus trochiloides,Greenish Warbler,0.6532,psl6,2024,06,12,08
306.0,309.0,Phylloscopus trochiloides,Greenish Warbler,0.5431,psl6,2024,06,12,08
318.0,321.0,Phylloscopus nitidus,Green Warbler,0.5949,psl6,2024,06,12,08
330.0,333.0,Phylloscopus trochiloides,Greenish Warbler,0.6498,psl6,2024,06,12,08
348.0,351.0,Phylloscopus trochiloides,Greenish Warbler,0.5547,psl6,2024,06,12,08
348.0,351.0,Phylloscopus nitidus,Green Warbler,0.503,psl6,2024,06,12,08
360.0,363.0,Phylloscopus trochiloides,Greenish Warbler,0.7697,psl6,2024,06,12,08
360.0,363.0,Phylloscopus nitidus,Green Warbler,0.5488,psl6,2024,06,12,08
372.0,375.0,Phylloscopus trochiloides,Greenish Warbler,0.8211,psl6,2024,06,12,08
372.0,375.0,Phylloscopus nitidus,Green Warbler,0.589,psl6,2024,06,12,08
384.0,387.0,Phylloscopus nitidus,Green Warbler,0.5144,psl6,2024,06,12,08
393.0,396.0,Tarsiger chrysaeus,Golden Bush-Robin,0.5002,psl6,2024,06,12,08
405.0,408.0,Phylloscopus trochiloides,Greenish Warbler,0.8421,psl6,2024,06,12,08
408.0,411.0,Phylloscopus trochiloides,Greenish Warbler,0.6238,psl6,2024,06,12,08
429.0,432.0,Phylloscopus trochiloides,Greenish Warbler,0.5696,psl6,2024,06,12,08
432.0,435.0,Phylloscopus trochiloides,Greenish Warbler,0.6689,psl6,2024,06,12,08
453.0,456.0,Phylloscopus trochiloides,Greenish Warbler,0.5634,psl6,2024,06,12,08
456.0,459.0,Phylloscopus trochiloides,Greenish Warbler,0.7352,psl6,2024,06,12,08
477.0,480.0,Phylloscopus nitidus,Green Warbler,0.7376,psl6,2024,06,12,08
477.0,480.0,Phylloscopus trochiloides,Greenish Warbler,0.6973,psl6,2024,06,12,08
495.0,498.0,Phylloscopus trochiloides,Greenish Warbler,0.5198,psl6,2024,06,12,08
630.0,633.0,Phylloscopus trochiloides,Greenish Warbler,0.5459,psl6,2024,06,12,08
672.0,675.0,Phylloscopus magnirostris,Large-billed Leaf Warbler,0.7477,psl6,2024,06,12,08
672.0,675.0,Phylloscopus nitidus,Green Warbler,0.73,psl6,2024,06,12,08
678.0,681.0,Phylloscopus occipitalis,Western Crowned Warbler,0.681,psl6,2024,06,12,08
714.0,717.0,Phylloscopus trochiloides,Greenish Warbler,0.6243,psl6,2024,06,12,08
729.0,732.0,Phylloscopus trochiloides,Greenish Warbler,0.6239,psl6,2024,06,12,08
729.0,732.0,Phylloscopus nitidus,Green Warbler,0.5187,psl6,2024,06,12,08
39.0,42.0,Phylloscopus trochiloides,Greenish Warbler,0.7726,psl6,2024,06,12,09
351.0,354.0,Phylloscopus trochiloides,Greenish Warbler,0.7988,psl6,2024,06,12,09
354.0,357.0,Phylloscopus trochiloides,Greenish Warbler,0.5526,psl6,2024,06,12,09
408.0,411.0,Periparus ater,Coal Tit,0.8396,psl6,2024,06,12,09
468.0,471.0,Phylloscopus nitidus,Green Warbler,0.6054,psl6,2024,06,12,09
468.0,471.0,Phylloscopus trochiloides,Greenish Warbler,0.5186,psl6,2024,06,12,09
498.0,501.0,Phylloscopus nitidus,Green Warbler,0.9317,psl6,2024,06,12,09
513.0,516.0,Phylloscopus trochiloides,Greenish Warbler,0.5719,psl6,2024,06,12,09
519.0,522.0,Phylloscopus nitidus,Green Warbler,0.6678,psl6,2024,06,12,09
519.0,522.0,Phylloscopus trochiloides,Greenish Warbler,0.6005,psl6,2024,06,12,09
531.0,534.0,Phylloscopus trochiloides,Greenish Warbler,0.7025,psl6,2024,06,12,09
531.0,534.0,Phylloscopus nitidus,Green Warbler,0.6786,psl6,2024,06,12,09
543.0,546.0,Phylloscopus trochiloides,Greenish Warbler,0.5544,psl6,2024,06,12,09
555.0,558.0,Phylloscopus trochiloides,Greenish Warbler,0.791,psl6,2024,06,12,09
558.0,561.0,Luscinia phaenicuroides,White-bellied Redstart,0.5432,psl6,2024,06,12,09
579.0,582.0,Phylloscopus nitidus,Green Warbler,0.6946,psl6,2024,06,12,09
591.0,594.0,Phylloscopus trochiloides,Greenish Warbler,0.7681,psl6,2024,06,12,09
633.0,636.0,Phylloscopus nitidus,Green Warbler,0.7241,psl6,2024,06,12,09
642.0,645.0,Phylloscopus humei,Hume's Warbler,0.5641,psl6,2024,06,12,09
648.0,651.0,Phylloscopus trochiloides,Greenish Warbler,0.5701,psl6,2024,06,12,09
648.0,651.0,Phylloscopus nitidus,Green Warbler,0.5169,psl6,2024,06,12,09
837.0,840.0,Ficedula tricolor,Slaty-blue Flycatcher,0.5465,psl6,2024,06,12,09
843.0,846.0,Phylloscopus coronatus,Eastern Crowned Warbler,0.5002,psl6,2024,06,12,09
846.0,849.0,Copsychus albospecularis,Madagascar Magpie-Robin,0.8782,psl6,2024,06,12,09
873.0,876.0,Ficedula tricolor,Slaty-blue Flycatcher,0.6511,psl6,2024,06,12,09
9.0,12.0,Ficedula tricolor,Slaty-blue Flycatcher,0.8338,psl6,2024,06,13,06
9.0,12.0,Cettia castaneocoronata,Chestnut-headed Tesia,0.5427,psl6,2024,06,13,06
21.0,24.0,Larvivora brunnea,Indian Blue Robin,0.9345,psl6,2024,06,13,06
21.0,24.0,Phylloscopus magnirostris,Large-billed Leaf Warbler,0.5922,psl6,2024,06,13,06
27.0,30.0,Phylloscopus trochiloides,Greenish Warbler,0.5497,psl6,2024,06,13,06
36.0,39.0,Larvivora brunnea,Indian Blue Robin,0.5543,psl6,2024,06,13,06
45.0,48.0,Ficedula tricolor,Slaty-blue Flycatcher,0.5215,psl6,2024,06,13,06
48.0,51.0,Larvivora brunnea,Indian Blue Robin,0.9732,psl6,2024,06,13,06
51.0,54.0,Ficedula tricolor,Slaty-blue Flycatcher,0.8022,psl6,2024,06,13,06
57.0,60.0,Larvivora brunnea,Indian Blue Robin,0.9803,psl6,2024,06,13,06
60.0,63.0,Ficedula tricolor,Slaty-blue Flycatcher,0.7105,psl6,2024,06,13,06
63.0,66.0,Phylloscopus trochiloides,Greenish Warbler,0.8215,psl6,2024,06,13,06
63.0,66.0,Phylloscopus nitidus,Green Warbler,0.671,psl6,2024,06,13,06
69.0,72.0,Larvivora brunnea,Indian Blue Robin,0.9411,psl6,2024,06,13,06
78.0,81.0,Ficedula tricolor,Slaty-blue Flycatcher,0.6478,psl6,2024,06,13,06
81.0,84.0,Larvivora brunnea,Indian Blue Robin,0.5485,psl6,2024,06,13,06
90.0,93.0,Larvivora brunnea,Indian Blue Robin,0.9387,psl6,2024,06,13,06
99.0,102.0,Larvivora brunnea,Indian Blue Robin,0.9784,psl6,2024,06,13,06
108.0,111.0,Phylloscopus magnirostris,Large-billed Leaf Warbler,0.5522,psl6,2024,06,13,06
120.0,123.0,Larvivora brunnea,Indian Blue Robin,0.8465,psl6,2024,06,13,06
150.0,153.0,Larvivora brunnea,Indian Blue Robin,0.977,psl6,2024,06,13,06
153.0,156.0,Phylloscopus trochiloides,Greenish Warbler,0.7694,psl6,2024,06,13,06
165.0,168.0,Larvivora brunnea,Indian Blue Robin,0.8527,psl6,2024,06,13,06
177.0,180.0,Larvivora brunnea,Indian Blue Robin,0.6335,psl6,2024,06,13,06
189.0,192.0,Larvivora brunnea,Indian Blue Robin,0.6235,psl6,2024,06,13,06
201.0,204.0,Larvivora brunnea,Indian Blue Robin,0.9748,psl6,2024,06,13,06
210.0,213.0,Larvivora brunnea,Indian Blue Robin,0.8072,psl6,2024,06,13,06
210.0,213.0,Phylloscopus magnirostris,Large-billed Leaf Warbler,0.7918,psl6,2024,06,13,06
216.0,219.0,Phylloscopus trochiloides,Greenish Warbler,0.5386,psl6,2024,06,13,06
240.0,243.0,Larvivora brunnea,Indian Blue Robin,0.7788,psl6,2024,06,13,06
243.0,246.0,Larvivora brunnea,Indian Blue Robin,0.5559,psl6,2024,06,13,06
246.0,249.0,Phylloscopus trochiloides,Greenish Warbler,0.5869,psl6,2024,06,13,06
255.0,258.0,Larvivora brunnea,Indian Blue Robin,0.9399,psl6,2024,06,13,06
261.0,264.0,Phylloscopus trochiloides,Greenish Warbler,0.7032,psl6,2024,06,13,06
267.0,270.0,Larvivora brunnea,Indian Blue Robin,0.9658,psl6,2024,06,13,06
279.0,282.0,Larvivora brunnea,Indian Blue Robin,0.9764,psl6,2024,06,13,06
294.0,297.0,Larvivora brunnea,Indian Blue Robin,0.8936,psl6,2024,06,13,06
303.0,306.0,Phylloscopus nitidus,Green Warbler,0.621,psl6,2024,06,13,06
309.0,312.0,Larvivora brunnea,Indian Blue Robin,0.9652,psl6,2024,06,13,06
315.0,318.0,Phylloscopus occipitalis,Western Crowned Warbler,0.7159,psl6,2024,06,13,06
318.0,321.0,Larvivora brunnea,Indian Blue Robin,0.7658,psl6,2024,06,13,06
321.0,324.0,Larvivora brunnea,Indian Blue Robin,0.9711,psl6,2024,06,13,06
333.0,336.0,Larvivora brunnea,Indian Blue Robin,0.91,psl6,2024,06,13,06
342.0,345.0,Phylloscopus trochiloides,Greenish Warbler,0.6074,psl6,2024,06,13,06
348.0,351.0,Larvivora brunnea,Indian Blue Robin,0.9713,psl6,2024,06,13,06
354.0,357.0,Phylloscopus occipitalis,Western Crowned Warbler,0.7233,psl6,2024,06,13,06
360.0,363.0,Phylloscopus occipitalis,Western Crowned Warbler,0.7646,psl6,2024,06,13,06
381.0,384.0,Larvivora brunnea,Indian Blue Robin,0.9601,psl6,2024,06,13,06
390.0,393.0,Larvivora brunnea,Indian Blue Robin,0.7742,psl6,2024,06,13,06
396.0,399.0,Phylloscopus trochiloides,Greenish Warbler,0.6237,psl6,2024,06,13,06
405.0,408.0,Larvivora brunnea,Indian Blue Robin,0.6144,psl6,2024,06,13,06
417.0,420.0,Phylloscopus nitidus,Green Warbler,0.5579,psl6,2024,06,13,06
420.0,423.0,Larvivora brunnea,Indian Blue Robin,0.6577,psl6,2024,06,13,06
429.0,432.0,Phylloscopus nitidus,Green Warbler,0.8223,psl6,2024,06,13,06
429.0,432.0,Phylloscopus trochiloides,Greenish Warbler,0.6875,psl6,2024,06,13,06
432.0,435.0,Larvivora brunnea,Indian Blue Robin,0.9282,psl6,2024,06,13,06
447.0,450.0,Larvivora brunnea,Indian Blue Robin,0.9794,psl6,2024,06,13,06
459.0,462.0,Larvivora brunnea,Indian Blue Robin,0.9818,psl6,2024,06,13,06
462.0,465.0,Phylloscopus nitidus,Green Warbler,0.5534,psl6,2024,06,13,06
471.0,474.0,Larvivora brunnea,Indian Blue Robin,0.8935,psl6,2024,06,13,06
477.0,480.0,Phylloscopus trochiloides,Greenish Warbler,0.7827,psl6,2024,06,13,06
483.0,486.0,Larvivora brunnea,Indian Blue Robin,0.9648,psl6,2024,06,13,06
498.0,501.0,Larvivora brunnea,Indian Blue Robin,0.9797,psl6,2024,06,13,06
513.0,516.0,Larvivora brunnea,Indian Blue Robin,0.9851,psl6,2024,06,13,06
519.0,522.0,Phylloscopus trochiloides,Greenish Warbler,0.7102,psl6,2024,06,13,06
522.0,525.0,Phylloscopus trochiloides,Greenish Warbler,0.6322,psl6,2024,06,13,06
528.0,531.0,Larvivora brunnea,Indian Blue Robin,0.9724,psl6,2024,06,13,06
543.0,546.0,Larvivora brunnea,Indian Blue Robin,0.977,psl6,2024,06,13,06
558.0,561.0,Larvivora brunnea,Indian Blue Robin,0.9666,psl6,2024,06,13,06
570.0,573.0,Larvivora brunnea,Indian Blue Robin,0.9656,psl6,2024,06,13,06
573.0,576.0,Larvivora brunnea,Indian Blue Robin,0.6628,psl6,2024,06,13,06
579.0,582.0,Phylloscopus occipitalis,Western Crowned Warbler,0.7124,psl6,2024,06,13,06
585.0,588.0,Larvivora brunnea,Indian Blue Robin,0.5366,psl6,2024,06,13,06
594.0,597.0,Phylloscopus nitidus,Green Warbler,0.7338,psl6,2024,06,13,06
594.0,597.0,Phylloscopus trochiloides,Greenish Warbler,0.5423,psl6,2024,06,13,06
600.0,603.0,Larvivora brunnea,Indian Blue Robin,0.931,psl6,2024,06,13,06
612.0,615.0,Phylloscopus trochiloides,Greenish Warbler,0.5902,psl6,2024,06,13,06
615.0,618.0,Phylloscopus occipitalis,Western Crowned Warbler,0.5856,psl6,2024,06,13,06
621.0,624.0,Phylloscopus trochiloides,Greenish Warbler,0.5586,psl6,2024,06,13,06
627.0,630.0,Larvivora brunnea,Indian Blue Robin,0.5041,psl6,2024,06,13,06
630.0,633.0,Phylloscopus nitidus,Green Warbler,0.7181,psl6,2024,06,13,06
636.0,639.0,Phylloscopus occipitalis,Western Crowned Warbler,0.7145,psl6,2024,06,13,06
645.0,648.0,Phylloscopus trochiloides,Greenish Warbler,0.6019,psl6,2024,06,13,06
645.0,648.0,Phylloscopus nitidus,Green Warbler,0.5519,psl6,2024,06,13,06
654.0,657.0,Phylloscopus occipitalis,Western Crowned Warbler,0.5206,psl6,2024,06,13,06
663.0,666.0,Phylloscopus occipitalis,Western Crowned Warbler,0.8928,psl6,2024,06,13,06
699.0,702.0,Phylloscopus nitidus,Green Warbler,0.7564,psl6,2024,06,13,06
714.0,717.0,Phylloscopus occipitalis,Western Crowned Warbler,0.8874,psl6,2024,06,13,06
735.0,738.0,Phylloscopus occipitalis,Western Crowned Warbler,0.5531,psl6,2024,06,13,06
744.0,747.0,Larvivora brunnea,Indian Blue Robin,0.7449,psl6,2024,06,13,06
789.0,792.0,Phylloscopus occipitalis,Western Crowned Warbler,0.7309,psl6,2024,06,13,06
792.0,795.0,Lophorina superba,Greater Lophorina,0.601,psl6,2024,06,13,06
837.0,840.0,Lophorina superba,Greater Lophorina,0.5752,psl6,2024,06,13,06
894.0,897.0,Larvivora brunnea,Indian Blue Robin,0.5326,psl6,2024,06,13,06
33.0,36.0,Larvivora brunnea,Indian Blue Robin,0.5728,psl6,2024,06,13,07
42.0,45.0,Larvivora brunnea,Indian Blue Robin,0.5134,psl6,2024,06,13,07
78.0,81.0,Trochalopteron variegatum,Variegated Laughingthrush,0.5211,psl6,2024,06,13,07
144.0,147.0,Larvivora brunnea,Indian Blue Robin,0.9974,psl6,2024,06,13,07
150.0,153.0,Phylloscopus occipitalis,Western Crowned Warbler,0.5175,psl6,2024,06,13,07
153.0,156.0,Trochalopteron variegatum,Variegated Laughingthrush,0.6823,psl6,2024,06,13,07
162.0,165.0,Larvivora brunnea,Indian Blue Robin,0.6684,psl6,2024,06,13,07
165.0,168.0,Larvivora brunnea,Indian Blue Robin,0.9461,psl6,2024,06,13,07
168.0,171.0,Larvivora brunnea,Indian Blue Robin,0.9597,psl6,2024,06,13,07
189.0,192.0,Larvivora brunnea,Indian Blue Robin,0.9966,psl6,2024,06,13,07
198.0,201.0,Larvivora brunnea,Indian Blue Robin,0.651,psl6,2024,06,13,07
213.0,216.0,Larvivora brunnea,Indian Blue Robin,0.9997,psl6,2024,06,13,07
225.0,228.0,Larvivora brunnea,Indian Blue Robin,0.5732,psl6,2024,06,13,07
231.0,234.0,Larvivora brunnea,Indian Blue Robin,0.9957,psl6,2024,06,13,07
240.0,243.0,Larvivora brunnea,Indian Blue Robin,0.7321,psl6,2024,06,13,07
243.0,246.0,Larvivora brunnea,Indian Blue Robin,0.6014,psl6,2024,06,13,07
246.0,249.0,Larvivora brunnea,Indian Blue Robin,0.8102,psl6,2024,06,13,07
246.0,249.0,Phylloscopus magnirostris,Large-billed Leaf Warbler,0.5747,psl6,2024,06,13,07
249.0,252.0,Larvivora brunnea,Indian Blue Robin,0.6998,psl6,2024,06,13,07
252.0,255.0,Larvivora brunnea,Indian Blue Robin,0.9987,psl6,2024,06,13,07
258.0,261.0,Larvivora brunnea,Indian Blue Robin,0.7844,psl6,2024,06,13,07
261.0,264.0,Larvivora brunnea,Indian Blue Robin,0.9969,psl6,2024,06,13,07
264.0,267.0,Larvivora brunnea,Indian Blue Robin,0.5237,psl6,2024,06,13,07
270.0,273.0,Phylloscopus magnirostris,Large-billed Leaf Warbler,0.7526,psl6,2024,06,13,07
270.0,273.0,Larvivora brunnea,Indian Blue Robin,0.6804,psl6,2024,06,13,07
273.0,276.0,Larvivora brunnea,Indian Blue Robin,0.9991,psl6,2024,06,13,07
276.0,279.0,Larvivora brunnea,Indian Blue Robin,0.7808,psl6,2024,06,13,07
282.0,285.0,Larvivora brunnea,Indian Blue Robin,0.5408,psl6,2024,06,13,07
285.0,288.0,Larvivora brunnea,Indian Blue Robin,0.9951,psl6,2024,06,13,07
291.0,294.0,Larvivora brunnea,Indian Blue Robin,0.9449,psl6,2024,06,13,07
291.0,294.0,Phylloscopus magnirostris,Large-billed Leaf Warbler,0.8838,psl6,2024,06,13,07
294.0,297.0,Larvivora brunnea,Indian Blue Robin,0.5684,psl6,2024,06,13,07
297.0,300.0,Larvivora brunnea,Indian Blue Robin,0.904,psl6,2024,06,13,07
315.0,318.0,Larvivora brunnea,Indian Blue Robin,0.9707,psl6,2024,06,13,07
318.0,321.0,Larvivora brunnea,Indian Blue Robin,0.9266,psl6,2024,06,13,07
336.0,339.0,Larvivora brunnea,Indian Blue Robin,0.9975,psl6,2024,06,13,07
351.0,354.0,Larvivora brunnea,Indian Blue Robin,0.9804,psl6,2024,06,13,07
354.0,357.0,Larvivora brunnea,Indian Blue Robin,0.9844,psl6,2024,06,13,07
366.0,369.0,Larvivora brunnea,Indian Blue Robin,0.5401,psl6,2024,06,13,07
369.0,372.0,Larvivora brunnea,Indian Blue Robin,0.999,psl6,2024,06,13,07
381.0,384.0,Larvivora brunnea,Indian Blue Robin,0.9483,psl6,2024,06,13,07
384.0,387.0,Phylloscopus trochiloides,Greenish Warbler,0.551,psl6,2024,06,13,07
393.0,396.0,Larvivora brunnea,Indian Blue Robin,0.9941,psl6,2024,06,13,07
396.0,399.0,Phylloscopus trochiloides,Greenish Warbler,0.5092,psl6,2024,06,13,07
402.0,405.0,Larvivora brunnea,Indian Blue Robin,0.9733,psl6,2024,06,13,07
423.0,426.0,Larvivora brunnea,Indian Blue Robin,0.9942,psl6,2024,06,13,07
438.0,441.0,Larvivora brunnea,Indian Blue Robin,0.9962,psl6,2024,06,13,07
453.0,456.0,Larvivora brunnea,Indian Blue Robin,0.9288,psl6,2024,06,13,07
483.0,486.0,Larvivora brunnea,Indian Blue Robin,0.9378,psl6,2024,06,13,07
495.0,498.0,Larvivora brunnea,Indian Blue Robin,0.9773,psl6,2024,06,13,07
507.0,510.0,Larvivora brunnea,Indian Blue Robin,0.9059,psl6,2024,06,13,07
507.0,510.0,Phylloscopus magnirostris,Large-billed Leaf Warbler,0.5134,psl6,2024,06,13,07
552.0,555.0,Larvivora brunnea,Indian Blue Robin,0.8677,psl6,2024,06,13,07
567.0,570.0,Aphelocoma wollweberi,Mexican Jay,0.712,psl6,2024,06,13,07
588.0,591.0,Larvivora brunnea,Indian Blue Robin,0.5805,psl6,2024,06,13,07
591.0,594.0,Larvivora brunnea,Indian Blue Robin,0.5671,psl6,2024,06,13,07
606.0,609.0,Larvivora brunnea,Indian Blue Robin,0.9151,psl6,2024,06,13,07
693.0,696.0,Larvivora brunnea,Indian Blue Robin,0.6631,psl6,2024,06,13,07
717.0,720.0,Phylloscopus trochiloides,Greenish Warbler,0.5954,psl6,2024,06,13,07
738.0,741.0,Larvivora brunnea,Indian Blue Robin,0.7593,psl6,2024,06,13,07
741.0,744.0,Phylloscopus trochiloides,Greenish Warbler,0.5909,psl6,2024,06,13,07
741.0,744.0,Phylloscopus nitidus,Green Warbler,0.5282,psl6,2024,06,13,07
747.0,750.0,Larvivora brunnea,Indian Blue Robin,0.5552,psl6,2024,06,13,07
768.0,771.0,Larvivora brunnea,Indian Blue Robin,0.9204,psl6,2024,06,13,07
777.0,780.0,Larvivora brunnea,Indian Blue Robin,0.8768,psl6,2024,06,13,07
783.0,786.0,Phylloscopus trochiloides,Greenish Warbler,0.7288,psl6,2024,06,13,07
786.0,789.0,Trochalopteron affine,Black-faced Laughingthrush,0.6438,psl6,2024,06,13,07
789.0,792.0,Larvivora brunnea,Indian Blue Robin,0.9193,psl6,2024,06,13,07
795.0,798.0,Larvivora brunnea,Indian Blue Robin,0.7483,psl6,2024,06,13,07
807.0,810.0,Larvivora brunnea,Indian Blue Robin,0.7119,psl6,2024,06,13,07
822.0,825.0,Larvivora brunnea,Indian Blue Robin,0.8896,psl6,2024,06,13,07
843.0,846.0,Larvivora brunnea,Indian Blue Robin,0.8045,psl6,2024,06,13,07
852.0,855.0,Phylloscopus nitidus,Green Warbler,0.7455,psl6,2024,06,13,07
864.0,867.0,Phylloscopus nitidus,Green Warbler,0.5404,psl6,2024,06,13,07
879.0,882.0,Larvivora brunnea,Indian Blue Robin,0.5405,psl6,2024,06,13,07
888.0,891.0,Larvivora brunnea,Indian Blue Robin,0.9037,psl6,2024,06,13,07
897.0,900.0,Larvivora brunnea,Indian Blue Robin,0.7403,psl6,2024,06,13,07
3.0,6.0,Phylloscopus nitidus,Green Warbler,0.8414,psl6,2024,06,13,08
3.0,6.0,Phylloscopus trochiloides,Greenish Warbler,0.5833,psl6,2024,06,13,08
27.0,30.0,Phylloscopus trochiloides,Greenish Warbler,0.7165,psl6,2024,06,13,08
36.0,39.0,Phylloscopus trochiloides,Greenish Warbler,0.5216,psl6,2024,06,13,08
48.0,51.0,Phylloscopus nitidus,Green Warbler,0.6835,psl6,2024,06,13,08
51.0,54.0,Phylloscopus nitidus,Green Warbler,0.7237,psl6,2024,06,13,08
81.0,84.0,Larvivora brunnea,Indian Blue Robin,0.6383,psl6,2024,06,13,08
84.0,87.0,Larvivora brunnea,Indian Blue Robin,0.6611,psl6,2024,06,13,08
87.0,90.0,Phylloscopus nitidus,Green Warbler,0.879,psl6,2024,06,13,08
93.0,96.0,Larvivora brunnea,Indian Blue Robin,0.922,psl6,2024,06,13,08
99.0,102.0,Larvivora brunnea,Indian Blue Robin,0.9853,psl6,2024,06,13,08
105.0,108.0,Phylloscopus trochiloides,Greenish Warbler,0.8288,psl6,2024,06,13,08
105.0,108.0,Phylloscopus nitidus,Green Warbler,0.693,psl6,2024,06,13,08
108.0,111.0,Larvivora brunnea,Indian Blue Robin,0.9197,psl6,2024,06,13,08
117.0,120.0,Larvivora brunnea,Indian Blue Robin,0.9347,psl6,2024,06,13,08
129.0,132.0,Larvivora brunnea,Indian Blue Robin,0.8741,psl6,2024,06,13,08
135.0,138.0,Larvivora brunnea,Indian Blue Robin,0.6667,psl6,2024,06,13,08
138.0,141.0,Larvivora brunnea,Indian Blue Robin,0.9099,psl6,2024,06,13,08
147.0,150.0,Larvivora brunnea,Indian Blue Robin,0.9831,psl6,2024,06,13,08
159.0,162.0,Larvivora brunnea,Indian Blue Robin,0.857,psl6,2024,06,13,08
168.0,171.0,Larvivora brunnea,Indian Blue Robin,0.8276,psl6,2024,06,13,08
177.0,180.0,Larvivora brunnea,Indian Blue Robin,0.9937,psl6,2024,06,13,08
186.0,189.0,Larvivora brunnea,Indian Blue Robin,0.9277,psl6,2024,06,13,08
204.0,207.0,Larvivora brunnea,Indian Blue Robin,0.932,psl6,2024,06,13,08
213.0,216.0,Larvivora brunnea,Indian Blue Robin,0.7861,psl6,2024,06,13,08
222.0,225.0,Phylloscopus magnirostris,Large-billed Leaf Warbler,0.656,psl6,2024,06,13,08
225.0,228.0,Larvivora brunnea,Indian Blue Robin,0.7,psl6,2024,06,13,08
234.0,237.0,Larvivora brunnea,Indian Blue Robin,0.9153,psl6,2024,06,13,08
243.0,246.0,Larvivora brunnea,Indian Blue Robin,0.9656,psl6,2024,06,13,08
261.0,264.0,Phylloscopus magnirostris,Large-billed Leaf Warbler,0.6751,psl6,2024,06,13,08
264.0,267.0,Larvivora brunnea,Indian Blue Robin,0.9051,psl6,2024,06,13,08
273.0,276.0,Larvivora brunnea,Indian Blue Robin,0.9688,psl6,2024,06,13,08
285.0,288.0,Larvivora brunnea,Indian Blue Robin,0.9831,psl6,2024,06,13,08
297.0,300.0,Larvivora brunnea,Indian Blue Robin,0.6144,psl6,2024,06,13,08
309.0,312.0,Larvivora brunnea,Indian Blue Robin,0.9783,psl6,2024,06,13,08
318.0,321.0,Larvivora brunnea,Indian Blue Robin,0.8238,psl6,2024,06,13,08
336.0,339.0,Larvivora brunnea,Indian Blue Robin,0.8017,psl6,2024,06,13,08
348.0,351.0,Larvivora brunnea,Indian Blue Robin,0.9674,psl6,2024,06,13,08
348.0,351.0,Phylloscopus magnirostris,Large-billed Leaf Warbler,0.7046,psl6,2024,06,13,08
357.0,360.0,Larvivora brunnea,Indian Blue Robin,0.9006,psl6,2024,06,13,08
357.0,360.0,Phylloscopus magnirostris,Large-billed Leaf Warbler,0.5299,psl6,2024,06,13,08
360.0,363.0,Larvivora brunnea,Indian Blue Robin,0.5554,psl6,2024,06,13,08
369.0,372.0,Larvivora brunnea,Indian Blue Robin,0.9848,psl6,2024,06,13,08
378.0,381.0,Larvivora brunnea,Indian Blue Robin,0.9835,psl6,2024,06,13,08
387.0,390.0,Larvivora brunnea,Indian Blue Robin,0.6636,psl6,2024,06,13,08
390.0,393.0,Larvivora brunnea,Indian Blue Robin,0.8711,psl6,2024,06,13,08
402.0,405.0,Larvivora brunnea,Indian Blue Robin,0.5771,psl6,2024,06,13,08
411.0,414.0,Larvivora brunnea,Indian Blue Robin,0.8754,psl6,2024,06,13,08
414.0,417.0,Larvivora brunnea,Indian Blue Robin,0.7095,psl6,2024,06,13,08
420.0,423.0,Larvivora brunnea,Indian Blue Robin,0.7474,psl6,2024,06,13,08
423.0,426.0,Larvivora brunnea,Indian Blue Robin,0.8507,psl6,2024,06,13,08
435.0,438.0,Larvivora brunnea,Indian Blue Robin,0.9642,psl6,2024,06,13,08
444.0,447.0,Larvivora brunnea,Indian Blue Robin,0.7492,psl6,2024,06,13,08
447.0,450.0,Larvivora brunnea,Indian Blue Robin,0.5315,psl6,2024,06,13,08
453.0,456.0,Larvivora brunnea,Indian Blue Robin,0.8245,psl6,2024,06,13,08
456.0,459.0,Larvivora brunnea,Indian Blue Robin,0.8851,psl6,2024,06,13,08
465.0,468.0,Larvivora brunnea,Indian Blue Robin,0.9219,psl6,2024,06,13,08
474.0,477.0,Larvivora brunnea,Indian Blue Robin,0.9776,psl6,2024,06,13,08
483.0,486.0,Phylloscopus magnirostris,Large-billed Leaf Warbler,0.8542,psl6,2024,06,13,08
483.0,486.0,Larvivora brunnea,Indian Blue Robin,0.7719,psl6,2024,06,13,08
486.0,489.0,Larvivora brunnea,Indian Blue Robin,0.568,psl6,2024,06,13,08
492.0,495.0,Larvivora brunnea,Indian Blue Robin,0.5478,psl6,2024,06,13,08
495.0,498.0,Larvivora brunnea,Indian Blue Robin,0.8457,psl6,2024,06,13,08
504.0,507.0,Larvivora brunnea,Indian Blue Robin,0.9446,psl6,2024,06,13,08
516.0,519.0,Larvivora brunnea,Indian Blue Robin,0.9169,psl6,2024,06,13,08
528.0,531.0,Larvivora brunnea,Indian Blue Robin,0.991,psl6,2024,06,13,08
540.0,543.0,Larvivora brunnea,Indian Blue Robin,0.9111,psl6,2024,06,13,08
549.0,552.0,Larvivora brunnea,Indian Blue Robin,0.639,psl6,2024,06,13,08
552.0,555.0,Larvivora brunnea,Indian Blue Robin,0.5115,psl6,2024,06,13,08
561.0,564.0,Phylloscopus trochiloides,Greenish Warbler,0.5778,psl6,2024,06,13,08
564.0,567.0,Larvivora brunnea,Indian Blue Robin,0.9589,psl6,2024,06,13,08
576.0,579.0,Larvivora brunnea,Indian Blue Robin,0.9832,psl6,2024,06,13,08
588.0,591.0,Larvivora brunnea,Indian Blue Robin,0.7233,psl6,2024,06,13,08
597.0,600.0,Larvivora brunnea,Indian Blue Robin,0.8829,psl6,2024,06,13,08
597.0,600.0,Phylloscopus magnirostris,Large-billed Leaf Warbler,0.5472,psl6,2024,06,13,08
603.0,606.0,Phylloscopus trochiloides,Greenish Warbler,0.5244,psl6,2024,06,13,08
606.0,609.0,Phylloscopus magnirostris,Large-billed Leaf Warbler,0.8842,psl6,2024,06,13,08
606.0,609.0,Larvivora brunnea,Indian Blue Robin,0.8733,psl6,2024,06,13,08
618.0,621.0,Larvivora brunnea,Indian Blue Robin,0.9849,psl6,2024,06,13,08
627.0,630.0,Larvivora brunnea,Indian Blue Robin,0.9265,psl6,2024,06,13,08
639.0,642.0,Larvivora brunnea,Indian Blue Robin,0.9938,psl6,2024,06,13,08
651.0,654.0,Larvivora brunnea,Indian Blue Robin,0.973,psl6,2024,06,13,08
663.0,666.0,Larvivora brunnea,Indian Blue Robin,0.9565,psl6,2024,06,13,08
729.0,732.0,Phylloscopus trochiloides,Greenish Warbler,0.6945,psl6,2024,06,13,08
744.0,747.0,Phylloscopus trochiloides,Greenish Warbler,0.677,psl6,2024,06,13,08
753.0,756.0,Phylloscopus trochiloides,Greenish Warbler,0.9069,psl6,2024,06,13,08
753.0,756.0,Phylloscopus nitidus,Green Warbler,0.9069,psl6,2024,06,13,08
762.0,765.0,Phylloscopus nitidus,Green Warbler,0.6759,psl6,2024,06,13,08
765.0,768.0,Phylloscopus nitidus,Green Warbler,0.8786,psl6,2024,06,13,08
765.0,768.0,Phylloscopus trochiloides,Greenish Warbler,0.7537,psl6,2024,06,13,08
768.0,771.0,Trochalopteron variegatum,Variegated Laughingthrush,0.6769,psl6,2024,06,13,08
777.0,780.0,Phylloscopus trochiloides,Greenish Warbler,0.5755,psl6,2024,06,13,08
786.0,789.0,Larvivora brunnea,Indian Blue Robin,0.9064,psl6,2024,06,13,08
789.0,792.0,Phylloscopus nitidus,Green Warbler,0.9163,psl6,2024,06,13,08
789.0,792.0,Phylloscopus trochiloides,Greenish Warbler,0.6079,psl6,2024,06,13,08
810.0,813.0,Phylloscopus trochiloides,Greenish Warbler,0.5245,psl6,2024,06,13,08
822.0,825.0,Phylloscopus nitidus,Green Warbler,0.8968,psl6,2024,06,13,08
828.0,831.0,Larvivora brunnea,Indian Blue Robin,0.7137,psl6,2024,06,13,08
843.0,846.0,Phylloscopus nitidus,Green Warbler,0.5554,psl6,2024,06,13,08
846.0,849.0,Phylloscopus trochiloides,Greenish Warbler,0.8389,psl6,2024,06,13,08
852.0,855.0,Larvivora brunnea,Indian Blue Robin,0.5117,psl6,2024,06,13,08
855.0,858.0,Phylloscopus trochiloides,Greenish Warbler,0.7213,psl6,2024,06,13,08
867.0,870.0,Phylloscopus nitidus,Green Warbler,0.9176,psl6,2024,06,13,08
867.0,870.0,Phylloscopus trochiloides,Greenish Warbler,0.8708,psl6,2024,06,13,08
873.0,876.0,Larvivora brunnea,Indian Blue Robin,0.7803,psl6,2024,06,13,08
873.0,876.0,Phylloscopus magnirostris,Large-billed Leaf Warbler,0.7474,psl6,2024,06,13,08
894.0,897.0,Larvivora brunnea,Indian Blue Robin,0.9348,psl6,2024,06,13,08
27.0,30.0,Ficedula tricolor,Slaty-blue Flycatcher,0.5605,psl6,2024,06,13,09
75.0,78.0,Phylloscopus occipitalis,Western Crowned Warbler,0.5328,psl6,2024,06,13,09
174.0,177.0,Trochalopteron variegatum,Variegated Laughingthrush,0.6134,psl6,2024,06,13,09
195.0,198.0,Larvivora brunnea,Indian Blue Robin,0.6025,psl6,2024,06,13,09
219.0,222.0,Trochalopteron variegatum,Variegated Laughingthrush,0.6898,psl6,2024,06,13,09
222.0,225.0,Trochalopteron variegatum,Variegated Laughingthrush,0.8492,psl6,2024,06,13,09
600.0,603.0,Ficedula tricolor,Slaty-blue Flycatcher,0.6332,psl6,2024,06,13,09
630.0,633.0,Ficedula tricolor,Slaty-blue Flycatcher,0.6428,psl6,2024,06,13,09
864.0,867.0,Phylloscopus trochiloides,Greenish Warbler,0.5798,psl6,2024,06,13,09
42.0,45.0,Prunella strophiata,Rufous-breasted Accentor,0.6458,psl6,2024,06,14,06
72.0,75.0,Larvivora brunnea,Indian Blue Robin,0.7302,psl6,2024,06,14,06
84.0,87.0,Phylloscopus nitidus,Green Warbler,0.7503,psl6,2024,06,14,06
111.0,114.0,Larvivora brunnea,Indian Blue Robin,0.6487,psl6,2024,06,14,06
111.0,114.0,Phylloscopus magnirostris,Large-billed Leaf Warbler,0.6218,psl6,2024,06,14,06
135.0,138.0,Larvivora brunnea,Indian Blue Robin,0.8139,psl6,2024,06,14,06
168.0,171.0,Phylloscopus trochiloides,Greenish Warbler,0.7448,psl6,2024,06,14,06
210.0,213.0,Phylloscopus nitidus,Green Warbler,0.6097,psl6,2024,06,14,06
210.0,213.0,Phylloscopus trochiloides,Greenish Warbler,0.5177,psl6,2024,06,14,06
255.0,258.0,Phylloscopus occipitalis,Western Crowned Warbler,0.8167,psl6,2024,06,14,06
333.0,336.0,Phylloscopus trochiloides,Greenish Warbler,0.6203,psl6,2024,06,14,06
345.0,348.0,Phylloscopus trochiloides,Greenish Warbler,0.7255,psl6,2024,06,14,06
408.0,411.0,Phylloscopus trochiloides,Greenish Warbler,0.6279,psl6,2024,06,14,06
417.0,420.0,Phylloscopus trochiloides,Greenish Warbler,0.6277,psl6,2024,06,14,06
432.0,435.0,Phylloscopus trochiloides,Greenish Warbler,0.5865,psl6,2024,06,14,06
468.0,471.0,Phylloscopus trochiloides,Greenish Warbler,0.787,psl6,2024,06,14,06
552.0,555.0,Larvivora brunnea,Indian Blue Robin,0.5359,psl6,2024,06,14,06
555.0,558.0,Larvivora brunnea,Indian Blue Robin,0.897,psl6,2024,06,14,06
567.0,570.0,Larvivora brunnea,Indian Blue Robin,0.975,psl6,2024,06,14,06
576.0,579.0,Larvivora brunnea,Indian Blue Robin,0.6531,psl6,2024,06,14,06
591.0,594.0,Larvivora brunnea,Indian Blue Robin,0.9876,psl6,2024,06,14,06
606.0,609.0,Larvivora brunnea,Indian Blue Robin,0.9151,psl6,2024,06,14,06
612.0,615.0,Larvivora brunnea,Indian Blue Robin,0.9872,psl6,2024,06,14,06
615.0,618.0,Larvivora brunnea,Indian Blue Robin,0.6392,psl6,2024,06,14,06
630.0,633.0,Larvivora brunnea,Indian Blue Robin,0.9719,psl6,2024,06,14,06
633.0,636.0,Larvivora brunnea,Indian Blue Robin,0.8607,psl6,2024,06,14,06
639.0,642.0,Larvivora brunnea,Indian Blue Robin,0.856,psl6,2024,06,14,06
639.0,642.0,Phylloscopus magnirostris,Large-billed Leaf Warbler,0.5098,psl6,2024,06,14,06
642.0,645.0,Larvivora brunnea,Indian Blue Robin,0.9737,psl6,2024,06,14,06
651.0,654.0,Larvivora brunnea,Indian Blue Robin,0.7075,psl6,2024,06,14,06
654.0,657.0,Phylloscopus trochiloides,Greenish Warbler,0.8461,psl6,2024,06,14,06
657.0,660.0,Larvivora brunnea,Indian Blue Robin,0.9917,psl6,2024,06,14,06
666.0,669.0,Phylloscopus magnirostris,Large-billed Leaf Warbler,0.9303,psl6,2024,06,14,06
666.0,669.0,Larvivora brunnea,Indian Blue Robin,0.9176,psl6,2024,06,14,06
669.0,672.0,Larvivora brunnea,Indian Blue Robin,0.929,psl6,2024,06,14,06
675.0,678.0,Larvivora brunnea,Indian Blue Robin,0.9983,psl6,2024,06,14,06
684.0,687.0,Larvivora brunnea,Indian Blue Robin,0.9851,psl6,2024,06,14,06
693.0,696.0,Larvivora brunnea,Indian Blue Robin,0.9219,psl6,2024,06,14,06
702.0,705.0,Larvivora brunnea,Indian Blue Robin,0.9805,psl6,2024,06,14,06
705.0,708.0,Phylloscopus trochiloides,Greenish Warbler,0.5687,psl6,2024,06,14,06
711.0,714.0,Larvivora brunnea,Indian Blue Robin,0.9954,psl6,2024,06,14,06
714.0,717.0,Phylloscopus occipitalis,Western Crowned Warbler,0.6572,psl6,2024,06,14,06
717.0,720.0,Phylloscopus nitidus,Green Warbler,0.6013,psl6,2024,06,14,06
720.0,723.0,Larvivora brunnea,Indian Blue Robin,0.9848,psl6,2024,06,14,06
729.0,732.0,Larvivora brunnea,Indian Blue Robin,0.9311,psl6,2024,06,14,06
735.0,738.0,Phylloscopus trochiloides,Greenish Warbler,0.7612,psl6,2024,06,14,06
735.0,738.0,Phylloscopus nitidus,Green Warbler,0.642,psl6,2024,06,14,06
738.0,741.0,Larvivora brunnea,Indian Blue Robin,0.506,psl6,2024,06,14,06
741.0,744.0,Larvivora brunnea,Indian Blue Robin,0.9965,psl6,2024,06,14,06
747.0,750.0,Phylloscopus nitidus,Green Warbler,0.6077,psl6,2024,06,14,06
765.0,768.0,Larvivora brunnea,Indian Blue Robin,0.7426,psl6,2024,06,14,06
768.0,771.0,Larvivora brunnea,Indian Blue Robin,0.8752,psl6,2024,06,14,06
771.0,774.0,Phylloscopus nitidus,Green Warbler,0.6407,psl6,2024,06,14,06
783.0,786.0,Larvivora brunnea,Indian Blue Robin,0.8581,psl6,2024,06,14,06
786.0,789.0,Larvivora brunnea,Indian Blue Robin,0.7508,psl6,2024,06,14,06
789.0,792.0,Phylloscopus trochiloides,Greenish Warbler,0.5349,psl6,2024,06,14,06
795.0,798.0,Larvivora brunnea,Indian Blue Robin,0.8842,psl6,2024,06,14,06
795.0,798.0,Phylloscopus magnirostris,Large-billed Leaf Warbler,0.8385,psl6,2024,06,14,06
798.0,801.0,Larvivora brunnea,Indian Blue Robin,0.9423,psl6,2024,06,14,06
804.0,807.0,Phylloscopus nitidus,Green Warbler,0.5615,psl6,2024,06,14,06
804.0,807.0,Phylloscopus trochiloides,Greenish Warbler,0.5487,psl6,2024,06,14,06
810.0,813.0,Larvivora brunnea,Indian Blue Robin,0.987,psl6,2024,06,14,06
819.0,822.0,Phylloscopus nitidus,Green Warbler,0.9547,psl6,2024,06,14,06
822.0,825.0,Larvivora brunnea,Indian Blue Robin,0.9853,psl6,2024,06,14,06
825.0,828.0,Larvivora brunnea,Indian Blue Robin,0.8648,psl6,2024,06,14,06
837.0,840.0,Larvivora brunnea,Indian Blue Robin,0.8591,psl6,2024,06,14,06
840.0,843.0,Periparus rufonuchalis,Rufous-naped Tit,0.6186,psl6,2024,06,14,06
846.0,849.0,Larvivora brunnea,Indian Blue Robin,0.8745,psl6,2024,06,14,06
855.0,858.0,Larvivora brunnea,Indian Blue Robin,0.9975,psl6,2024,06,14,06
861.0,864.0,Phylloscopus trochiloides,Greenish Warbler,0.5456,psl6,2024,06,14,06
864.0,867.0,Phylloscopus magnirostris,Large-billed Leaf Warbler,0.9146,psl6,2024,06,14,06
864.0,867.0,Larvivora brunnea,Indian Blue Robin,0.7098,psl6,2024,06,14,06
867.0,870.0,Larvivora brunnea,Indian Blue Robin,0.9961,psl6,2024,06,14,06
876.0,879.0,Larvivora brunnea,Indian Blue Robin,0.9949,psl6,2024,06,14,06
888.0,891.0,Larvivora brunnea,Indian Blue Robin,0.9991,psl6,2024,06,14,06
894.0,897.0,Phylloscopus trochiloides,Greenish Warbler,0.6582,psl6,2024,06,14,06
894.0,897.0,Phylloscopus nitidus,Green Warbler,0.541,psl6,2024,06,14,06
3.0,6.0,Larvivora brunnea,Indian Blue Robin,0.6264,psl6,2024,06,14,07
27.0,30.0,Larvivora brunnea,Indian Blue Robin,0.5544,psl6,2024,06,14,07
39.0,42.0,Larvivora brunnea,Indian Blue Robin,0.7134,psl6,2024,06,14,07
51.0,54.0,Larvivora brunnea,Indian Blue Robin,0.7631,psl6,2024,06,14,07
60.0,63.0,Larvivora brunnea,Indian Blue Robin,0.517,psl6,2024,06,14,07
72.0,75.0,Larvivora brunnea,Indian Blue Robin,0.6574,psl6,2024,06,14,07
84.0,87.0,Larvivora brunnea,Indian Blue Robin,0.7713,psl6,2024,06,14,07
96.0,99.0,Larvivora brunnea,Indian Blue Robin,0.841,psl6,2024,06,14,07
108.0,111.0,Larvivora brunnea,Indian Blue Robin,0.5794,psl6,2024,06,14,07
132.0,135.0,Larvivora brunnea,Indian Blue Robin,0.9601,psl6,2024,06,14,07
153.0,156.0,Larvivora brunnea,Indian Blue Robin,0.8385,psl6,2024,06,14,07
165.0,168.0,Larvivora brunnea,Indian Blue Robin,0.5195,psl6,2024,06,14,07
210.0,213.0,Larvivora brunnea,Indian Blue Robin,0.5034,psl6,2024,06,14,07
222.0,225.0,Larvivora brunnea,Indian Blue Robin,0.7207,psl6,2024,06,14,07
234.0,237.0,Larvivora brunnea,Indian Blue Robin,0.6867,psl6,2024,06,14,07
246.0,249.0,Larvivora brunnea,Indian Blue Robin,0.8911,psl6,2024,06,14,07
267.0,270.0,Larvivora brunnea,Indian Blue Robin,0.8375,psl6,2024,06,14,07
306.0,309.0,Larvivora brunnea,Indian Blue Robin,0.5913,psl6,2024,06,14,07
336.0,339.0,Larvivora brunnea,Indian Blue Robin,0.6436,psl6,2024,06,14,07
342.0,345.0,Phylloscopus trochiloides,Greenish Warbler,0.6589,psl6,2024,06,14,07
348.0,351.0,Larvivora brunnea,Indian Blue Robin,0.5499,psl6,2024,06,14,07
366.0,369.0,Phylloscopus occipitalis,Western Crowned Warbler,0.5083,psl6,2024,06,14,07
375.0,378.0,Phylloscopus trochiloides,Greenish Warbler,0.677,psl6,2024,06,14,07
384.0,387.0,Larvivora brunnea,Indian Blue Robin,0.6832,psl6,2024,06,14,07
387.0,390.0,Phylloscopus trochiloides,Greenish Warbler,0.5618,psl6,2024,06,14,07
402.0,405.0,Larvivora brunnea,Indian Blue Robin,0.5003,psl6,2024,06,14,07
414.0,417.0,Larvivora brunnea,Indian Blue Robin,0.655,psl6,2024,06,14,07
417.0,420.0,Phylloscopus nitidus,Green Warbler,0.5471,psl6,2024,06,14,07
438.0,441.0,Larvivora brunnea,Indian Blue Robin,0.6657,psl6,2024,06,14,07
447.0,450.0,Larvivora brunnea,Indian Blue Robin,0.5529,psl6,2024,06,14,07
471.0,474.0,Larvivora brunnea,Indian Blue Robin,0.7341,psl6,2024,06,14,07
513.0,516.0,Larvivora brunnea,Indian Blue Robin,0.6611,psl6,2024,06,14,07
525.0,528.0,Larvivora brunnea,Indian Blue Robin,0.8213,psl6,2024,06,14,07
537.0,540.0,Larvivora brunnea,Indian Blue Robin,0.686,psl6,2024,06,14,07
717.0,720.0,Larvivora brunnea,Indian Blue Robin,0.9593,psl6,2024,06,14,07
735.0,738.0,Larvivora brunnea,Indian Blue Robin,0.8662,psl6,2024,06,14,07
753.0,756.0,Phylloscopus trochiloides,Greenish Warbler,0.8718,psl6,2024,06,14,07
759.0,762.0,Larvivora brunnea,Indian Blue Robin,0.9514,psl6,2024,06,14,07
771.0,774.0,Larvivora brunnea,Indian Blue Robin,0.6825,psl6,2024,06,14,07
780.0,783.0,Larvivora brunnea,Indian Blue Robin,0.9768,psl6,2024,06,14,07
807.0,810.0,Prunella strophiata,Rufous-breasted Accentor,0.7156,psl6,2024,06,14,07
810.0,813.0,Larvivora brunnea,Indian Blue Robin,0.7045,psl6,2024,06,14,07
819.0,822.0,Prunella strophiata,Rufous-breasted Accentor,0.8904,psl6,2024,06,14,07
831.0,834.0,Prunella strophiata,Rufous-breasted Accentor,0.7935,psl6,2024,06,14,07
861.0,864.0,Phylloscopus magnirostris,Large-billed Leaf Warbler,0.5084,psl6,2024,06,14,07
864.0,867.0,Larvivora brunnea,Indian Blue Robin,0.5785,psl6,2024,06,14,07
891.0,894.0,Larvivora brunnea,Indian Blue Robin,0.9622,psl6,2024,06,14,07
894.0,897.0,Phylloscopus occipitalis,Western Crowned Warbler,0.6566,psl6,2024,06,14,07
6.0,9.0,Larvivora brunnea,Indian Blue Robin,0.9765,psl6,2024,06,14,08
15.0,18.0,Larvivora brunnea,Indian Blue Robin,0.9343,psl6,2024,06,14,08
18.0,21.0,Ficedula tricolor,Slaty-blue Flycatcher,0.7489,psl6,2024,06,14,08
27.0,30.0,Larvivora brunnea,Indian Blue Robin,0.9236,psl6,2024,06,14,08
30.0,33.0,Ficedula tricolor,Slaty-blue Flycatcher,0.6773,psl6,2024,06,14,08
36.0,39.0,Ficedula tricolor,Slaty-blue Flycatcher,0.5866,psl6,2024,06,14,08
39.0,42.0,Larvivora brunnea,Indian Blue Robin,0.6748,psl6,2024,06,14,08
48.0,51.0,Ficedula tricolor,Slaty-blue Flycatcher,0.6858,psl6,2024,06,14,08
78.0,81.0,Larvivora brunnea,Indian Blue Robin,0.8026,psl6,2024,06,14,08
96.0,99.0,Ficedula tricolor,Slaty-blue Flycatcher,0.8762,psl6,2024,06,14,08
99.0,102.0,Larvivora brunnea,Indian Blue Robin,0.9636,psl6,2024,06,14,08
108.0,111.0,Larvivora brunnea,Indian Blue Robin,0.9472,psl6,2024,06,14,08
117.0,120.0,Larvivora brunnea,Indian Blue Robin,0.8079,psl6,2024,06,14,08
117.0,120.0,Phylloscopus magnirostris,Large-billed Leaf Warbler,0.6621,psl6,2024,06,14,08
129.0,132.0,Phylloscopus magnirostris,Large-billed Leaf Warbler,0.7722,psl6,2024,06,14,08
138.0,141.0,Larvivora brunnea,Indian Blue Robin,0.8803,psl6,2024,06,14,08
147.0,150.0,Phylloscopus magnirostris,Large-billed Leaf Warbler,0.7361,psl6,2024,06,14,08
147.0,150.0,Larvivora brunnea,Indian Blue Robin,0.7268,psl6,2024,06,14,08
159.0,162.0,Larvivora brunnea,Indian Blue Robin,0.9623,psl6,2024,06,14,08
186.0,189.0,Larvivora brunnea,Indian Blue Robin,0.5941,psl6,2024,06,14,08
213.0,216.0,Larvivora brunnea,Indian Blue Robin,0.72,psl6,2024,06,14,08
225.0,228.0,Larvivora brunnea,Indian Blue Robin,0.8823,psl6,2024,06,14,08
237.0,240.0,Larvivora brunnea,Indian Blue Robin,0.845,psl6,2024,06,14,08
264.0,267.0,Larvivora brunnea,Indian Blue Robin,0.9692,psl6,2024,06,14,08
306.0,309.0,Trochalopteron variegatum,Variegated Laughingthrush,0.7993,psl6,2024,06,14,08
321.0,324.0,Trochalopteron variegatum,Variegated Laughingthrush,0.8451,psl6,2024,06,14,08
333.0,336.0,Trochalopteron variegatum,Variegated Laughingthrush,0.5212,psl6,2024,06,14,08
339.0,342.0,Larvivora brunnea,Indian Blue Robin,0.6017,psl6,2024,06,14,08
351.0,354.0,Trochalopteron variegatum,Variegated Laughingthrush,0.8192,psl6,2024,06,14,08
354.0,357.0,Trochalopteron variegatum,Variegated Laughingthrush,0.7337,psl6,2024,06,14,08
366.0,369.0,Trochalopteron variegatum,Variegated Laughingthrush,0.8213,psl6,2024,06,14,08
372.0,375.0,Trochalopteron variegatum,Variegated Laughingthrush,0.8606,psl6,2024,06,14,08
384.0,387.0,Trochalopteron variegatum,Variegated Laughingthrush,0.718,psl6,2024,06,14,08
384.0,387.0,Trochalopteron affine,Black-faced Laughingthrush,0.6316,psl6,2024,06,14,08
390.0,393.0,Trochalopteron variegatum,Variegated Laughingthrush,0.8237,psl6,2024,06,14,08
396.0,399.0,Trochalopteron variegatum,Variegated Laughingthrush,0.8229,psl6,2024,06,14,08
405.0,408.0,Trochalopteron variegatum,Variegated Laughingthrush,0.7369,psl6,2024,06,14,08
435.0,438.0,Trochalopteron variegatum,Variegated Laughingthrush,0.7385,psl6,2024,06,14,08
447.0,450.0,Trochalopteron variegatum,Variegated Laughingthrush,0.7432,psl6,2024,06,14,08
456.0,459.0,Trochalopteron variegatum,Variegated Laughingthrush,0.6714,psl6,2024,06,14,08
474.0,477.0,Trochalopteron variegatum,Variegated Laughingthrush,0.6903,psl6,2024,06,14,08
489.0,492.0,Phylloscopus trochiloides,Greenish Warbler,0.7077,psl6,2024,06,14,08
504.0,507.0,Trochalopteron variegatum,Variegated Laughingthrush,0.6746,psl6,2024,06,14,08
522.0,525.0,Trochalopteron variegatum,Variegated Laughingthrush,0.6346,psl6,2024,06,14,08
528.0,531.0,Phylloscopus nitidus,Green Warbler,0.7281,psl6,2024,06,14,08
528.0,531.0,Phylloscopus trochiloides,Greenish Warbler,0.6753,psl6,2024,06,14,08
534.0,537.0,Trochalopteron variegatum,Variegated Laughingthrush,0.721,psl6,2024,06,14,08
540.0,543.0,Phylloscopus trochiloides,Greenish Warbler,0.5793,psl6,2024,06,14,08
543.0,546.0,Trochalopteron variegatum,Variegated Laughingthrush,0.8469,psl6,2024,06,14,08
561.0,564.0,Phylloscopus trochiloides,Greenish Warbler,0.5402,psl6,2024,06,14,08
714.0,717.0,Phylloscopus trochiloides,Greenish Warbler,0.5315,psl6,2024,06,14,08
747.0,750.0,Phylloscopus nitidus,Green Warbler,0.5227,psl6,2024,06,14,08
768.0,771.0,Phylloscopus trochiloides,Greenish Warbler,0.5188,psl6,2024,06,14,08
789.0,792.0,Phylloscopus trochiloides,Greenish Warbler,0.6846,psl6,2024,06,14,08
789.0,792.0,Phylloscopus nitidus,Green Warbler,0.6633,psl6,2024,06,14,08
798.0,801.0,Phylloscopus nitidus,Green Warbler,0.5904,psl6,2024,06,14,08
849.0,852.0,Phylloscopus nitidus,Green Warbler,0.7858,psl6,2024,06,14,08
849.0,852.0,Phylloscopus trochiloides,Greenish Warbler,0.5874,psl6,2024,06,14,08
888.0,891.0,Phylloscopus trochiloides,Greenish Warbler,0.6932,psl6,2024,06,14,08
888.0,891.0,Phylloscopus nitidus,Green Warbler,0.6858,psl6,2024,06,14,08
3.0,6.0,Larvivora brunnea,Indian Blue Robin,0.5473,psl6,2024,06,14,09
12.0,15.0,Phylloscopus nitidus,Green Warbler,0.8839,psl6,2024,06,14,09
15.0,18.0,Phylloscopus occipitalis,Western Crowned Warbler,0.6024,psl6,2024,06,14,09
21.0,24.0,Larvivora brunnea,Indian Blue Robin,0.7415,psl6,2024,06,14,09
24.0,27.0,Phylloscopus nitidus,Green Warbler,0.5726,psl6,2024,06,14,09
39.0,42.0,Phylloscopus trochiloides,Greenish Warbler,0.5628,psl6,2024,06,14,09
45.0,48.0,Larvivora brunnea,Indian Blue Robin,0.6733,psl6,2024,06,14,09
48.0,51.0,Larvivora brunnea,Indian Blue Robin,0.7409,psl6,2024,06,14,09
66.0,69.0,Phylloscopus trochiloides,Greenish Warbler,0.5421,psl6,2024,06,14,09
87.0,90.0,Larvivora brunnea,Indian Blue Robin,0.9951,psl6,2024,06,14,09
108.0,111.0,Larvivora brunnea,Indian Blue Robin,0.92,psl6,2024,06,14,09
126.0,129.0,Phylloscopus magnirostris,Large-billed Leaf Warbler,0.5297,psl6,2024,06,14,09
144.0,147.0,Phylloscopus trochiloides,Greenish Warbler,0.5659,psl6,2024,06,14,09
156.0,159.0,Larvivora brunnea,Indian Blue Robin,0.9537,psl6,2024,06,14,09
174.0,177.0,Larvivora brunnea,Indian Blue Robin,0.6902,psl6,2024,06,14,09
186.0,189.0,Phylloscopus trochiloides,Greenish Warbler,0.5854,psl6,2024,06,14,09
198.0,201.0,Phylloscopus trochiloides,Greenish Warbler,0.528,psl6,2024,06,14,09
204.0,207.0,Larvivora brunnea,Indian Blue Robin,0.8567,psl6,2024,06,14,09
210.0,213.0,Larvivora brunnea,Indian Blue Robin,0.7053,psl6,2024,06,14,09
213.0,216.0,Larvivora brunnea,Indian Blue Robin,0.8714,psl6,2024,06,14,09
249.0,252.0,Larvivora brunnea,Indian Blue Robin,0.9271,psl6,2024,06,14,09
294.0,297.0,Phylloscopus trochiloides,Greenish Warbler,0.5346,psl6,2024,06,14,09
294.0,297.0,Phylloscopus nitidus,Green Warbler,0.5137,psl6,2024,06,14,09
315.0,318.0,Phylloscopus trochiloides,Greenish Warbler,0.5254,psl6,2024,06,14,09
315.0,318.0,Phylloscopus nitidus,Green Warbler,0.5193,psl6,2024,06,14,09
354.0,357.0,Phylloscopus trochiloides,Greenish Warbler,0.7745,psl6,2024,06,14,09
360.0,363.0,Larvivora brunnea,Indian Blue Robin,0.9816,psl6,2024,06,14,09
375.0,378.0,Larvivora brunnea,Indian Blue Robin,0.9129,psl6,2024,06,14,09
375.0,378.0,Phylloscopus magnirostris,Large-billed Leaf Warbler,0.6175,psl6,2024,06,14,09
378.0,381.0,Larvivora brunnea,Indian Blue Robin,0.6826,psl6,2024,06,14,09
399.0,402.0,Larvivora brunnea,Indian Blue Robin,0.9792,psl6,2024,06,14,09
408.0,411.0,Larvivora brunnea,Indian Blue Robin,0.9986,psl6,2024,06,14,09
435.0,438.0,Elachura formosa,Spotted Elachura,0.5071,psl6,2024,06,14,09
438.0,441.0,Larvivora brunnea,Indian Blue Robin,0.9921,psl6,2024,06,14,09
462.0,465.0,Larvivora brunnea,Indian Blue Robin,0.7572,psl6,2024,06,14,09
465.0,468.0,Larvivora brunnea,Indian Blue Robin,0.984,psl6,2024,06,14,09
495.0,498.0,Larvivora brunnea,Indian Blue Robin,0.7672,psl6,2024,06,14,09
516.0,519.0,Larvivora brunnea,Indian Blue Robin,0.7912,psl6,2024,06,14,09
516.0,519.0,Phylloscopus magnirostris,Large-billed Leaf Warbler,0.5567,psl6,2024,06,14,09
522.0,525.0,Phylloscopus magnirostris,Large-billed Leaf Warbler,0.705,psl6,2024,06,14,09
552.0,555.0,Larvivora brunnea,Indian Blue Robin,0.8591,psl6,2024,06,14,09
567.0,570.0,Larvivora brunnea,Indian Blue Robin,0.7906,psl6,2024,06,14,09
585.0,588.0,Ficedula tricolor,Slaty-blue Flycatcher,0.5511,psl6,2024,06,14,09
588.0,591.0,Larvivora brunnea,Indian Blue Robin,0.9716,psl6,2024,06,14,09
603.0,606.0,Ficedula tricolor,Slaty-blue Flycatcher,0.6602,psl6,2024,06,14,09
612.0,615.0,Ficedula tricolor,Slaty-blue Flycatcher,0.559,psl6,2024,06,14,09
618.0,621.0,Larvivora brunnea,Indian Blue Robin,0.8993,psl6,2024,06,14,09
633.0,636.0,Larvivora brunnea,Indian Blue Robin,0.9761,psl6,2024,06,14,09
639.0,642.0,Phylloscopus nitidus,Green Warbler,0.6946,psl6,2024,06,14,09
648.0,651.0,Larvivora brunnea,Indian Blue Robin,0.5099,psl6,2024,06,14,09
651.0,654.0,Larvivora brunnea,Indian Blue Robin,0.9103,psl6,2024,06,14,09
654.0,657.0,Copsychus albospecularis,Madagascar Magpie-Robin,0.5039,psl6,2024,06,14,09
657.0,660.0,Phylloscopus trochiloides,Greenish Warbler,0.6694,psl6,2024,06,14,09
663.0,666.0,Larvivora brunnea,Indian Blue Robin,0.9878,psl6,2024,06,14,09
669.0,672.0,Phylloscopus nitidus,Green Warbler,0.5584,psl6,2024,06,14,09
672.0,675.0,Larvivora brunnea,Indian Blue Robin,0.987,psl6,2024,06,14,09
681.0,684.0,Phylloscopus nitidus,Green Warbler,0.7409,psl6,2024,06,14,09
687.0,690.0,Larvivora brunnea,Indian Blue Robin,0.995,psl6,2024,06,14,09
699.0,702.0,Larvivora brunnea,Indian Blue Robin,0.8713,psl6,2024,06,14,09
711.0,714.0,Larvivora brunnea,Indian Blue Robin,0.5535,psl6,2024,06,14,09
714.0,717.0,Larvivora brunnea,Indian Blue Robin,0.995,psl6,2024,06,14,09
726.0,729.0,Larvivora brunnea,Indian Blue Robin,0.9816,psl6,2024,06,14,09
738.0,741.0,Phylloscopus trochiloides,Greenish Warbler,0.7244,psl6,2024,06,14,09
753.0,756.0,Larvivora brunnea,Indian Blue Robin,0.9597,psl6,2024,06,14,09
765.0,768.0,Phylloscopus magnirostris,Large-billed Leaf Warbler,0.9216,psl6,2024,06,14,09
765.0,768.0,Larvivora brunnea,Indian Blue Robin,0.7595,psl6,2024,06,14,09
768.0,771.0,Larvivora brunnea,Indian Blue Robin,0.8752,psl6,2024,06,14,09
786.0,789.0,Larvivora brunnea,Indian Blue Robin,0.7989,psl6,2024,06,14,09
789.0,792.0,Larvivora brunnea,Indian Blue Robin,0.9964,psl6,2024,06,14,09
825.0,828.0,Larvivora brunnea,Indian Blue Robin,0.9267,psl6,2024,06,14,09
825.0,828.0,Phylloscopus magnirostris,Large-billed Leaf Warbler,0.5867,psl6,2024,06,14,09
828.0,831.0,Larvivora brunnea,Indian Blue Robin,0.6132,psl6,2024,06,14,09
846.0,849.0,Phylloscopus magnirostris,Large-billed Leaf Warbler,0.508,psl6,2024,06,14,09
855.0,858.0,Larvivora brunnea,Indian Blue Robin,0.9935,psl6,2024,06,14,09
0.0,3.0,Larvivora brunnea,Indian Blue Robin,0.8816,psl6,2024,06,15,06
6.0,9.0,Larvivora brunnea,Indian Blue Robin,0.9811,psl6,2024,06,15,06
9.0,12.0,Larvivora brunnea,Indian Blue Robin,0.6764,psl6,2024,06,15,06
18.0,21.0,Larvivora brunnea,Indian Blue Robin,0.9984,psl6,2024,06,15,06
36.0,39.0,Larvivora brunnea,Indian Blue Robin,0.6148,psl6,2024,06,15,06
39.0,42.0,Larvivora brunnea,Indian Blue Robin,0.9981,psl6,2024,06,15,06
81.0,84.0,Larvivora brunnea,Indian Blue Robin,0.9964,psl6,2024,06,15,06
99.0,102.0,Larvivora brunnea,Indian Blue Robin,0.9229,psl6,2024,06,15,06
102.0,105.0,Larvivora brunnea,Indian Blue Robin,0.9923,psl6,2024,06,15,06
120.0,123.0,Larvivora brunnea,Indian Blue Robin,0.5946,psl6,2024,06,15,06
126.0,129.0,Larvivora brunnea,Indian Blue Robin,0.9605,psl6,2024,06,15,06
129.0,132.0,Larvivora brunnea,Indian Blue Robin,0.9266,psl6,2024,06,15,06
135.0,138.0,Larvivora brunnea,Indian Blue Robin,0.6793,psl6,2024,06,15,06
141.0,144.0,Larvivora brunnea,Indian Blue Robin,0.8627,psl6,2024,06,15,06
144.0,147.0,Larvivora brunnea,Indian Blue Robin,0.9952,psl6,2024,06,15,06
153.0,156.0,Turdus viscivorus,Mistle Thrush,0.6538,psl6,2024,06,15,06
171.0,174.0,Larvivora brunnea,Indian Blue Robin,0.9179,psl6,2024,06,15,06
198.0,201.0,Larvivora brunnea,Indian Blue Robin,0.9978,psl6,2024,06,15,06
225.0,228.0,Phylloscopus magnirostris,Large-billed Leaf Warbler,0.8611,psl6,2024,06,15,06
225.0,228.0,Larvivora brunnea,Indian Blue Robin,0.5535,psl6,2024,06,15,06
228.0,231.0,Phylloscopus trochiloides,Greenish Warbler,0.9281,psl6,2024,06,15,06
234.0,237.0,Larvivora brunnea,Indian Blue Robin,0.9949,psl6,2024,06,15,06
249.0,252.0,Phylloscopus magnirostris,Large-billed Leaf Warbler,0.5747,psl6,2024,06,15,06
255.0,258.0,Larvivora brunnea,Indian Blue Robin,0.9739,psl6,2024,06,15,06
255.0,258.0,Phylloscopus magnirostris,Large-billed Leaf Warbler,0.715,psl6,2024,06,15,06
258.0,261.0,Larvivora brunnea,Indian Blue Robin,0.9521,psl6,2024,06,15,06
267.0,270.0,Larvivora brunnea,Indian Blue Robin,0.8935,psl6,2024,06,15,06
285.0,288.0,Phylloscopus magnirostris,Large-billed Leaf Warbler,0.9674,psl6,2024,06,15,06
285.0,288.0,Larvivora brunnea,Indian Blue Robin,0.7203,psl6,2024,06,15,06
288.0,291.0,Larvivora brunnea,Indian Blue Robin,0.9428,psl6,2024,06,15,06
306.0,309.0,Larvivora brunnea,Indian Blue Robin,0.5143,psl6,2024,06,15,06
309.0,312.0,Larvivora brunnea,Indian Blue Robin,0.9994,psl6,2024,06,15,06
315.0,318.0,Phylloscopus reguloides,Blyth's Leaf Warbler,0.5068,psl6,2024,06,15,06
330.0,333.0,Larvivora brunnea,Indian Blue Robin,0.9933,psl6,2024,06,15,06
342.0,345.0,Phylloscopus nitidus,Green Warbler,0.8934,psl6,2024,06,15,06
345.0,348.0,Larvivora brunnea,Indian Blue Robin,0.6329,psl6,2024,06,15,06
348.0,351.0,Larvivora brunnea,Indian Blue Robin,0.9965,psl6,2024,06,15,06
375.0,378.0,Larvivora brunnea,Indian Blue Robin,0.9984,psl6,2024,06,15,06
378.0,381.0,Phylloscopus nitidus,Green Warbler,0.6639,psl6,2024,06,15,06
408.0,411.0,Phylloscopus trochiloides,Greenish Warbler,0.7064,psl6,2024,06,15,06
408.0,411.0,Phylloscopus nitidus,Green Warbler,0.615,psl6,2024,06,15,06
420.0,423.0,Phylloscopus trochiloides,Greenish Warbler,0.7824,psl6,2024,06,15,06
420.0,423.0,Phylloscopus nitidus,Green Warbler,0.5597,psl6,2024,06,15,06
444.0,447.0,Phylloscopus trochiloides,Greenish Warbler,0.8819,psl6,2024,06,15,06
444.0,447.0,Phylloscopus nitidus,Green Warbler,0.8192,psl6,2024,06,15,06
453.0,456.0,Phylloscopus nitidus,Green Warbler,0.7121,psl6,2024,06,15,06
465.0,468.0,Phylloscopus humei,Hume's Warbler,0.9964,psl6,2024,06,15,06
468.0,471.0,Phylloscopus humei,Hume's Warbler,0.5381,psl6,2024,06,15,06
474.0,477.0,Phylloscopus humei,Hume's Warbler,0.9822,psl6,2024,06,15,06
477.0,480.0,Phylloscopus humei,Hume's Warbler,0.9959,psl6,2024,06,15,06
480.0,483.0,Phylloscopus humei,Hume's Warbler,0.957,psl6,2024,06,15,06
480.0,483.0,Phylloscopus magnirostris,Large-billed Leaf Warbler,0.8717,psl6,2024,06,15,06
480.0,483.0,Larvivora brunnea,Indian Blue Robin,0.5237,psl6,2024,06,15,06
486.0,489.0,Phylloscopus humei,Hume's Warbler,0.9626,psl6,2024,06,15,06
489.0,492.0,Phylloscopus humei,Hume's Warbler,0.9768,psl6,2024,06,15,06
492.0,495.0,Phylloscopus humei,Hume's Warbler,0.8925,psl6,2024,06,15,06
498.0,501.0,Phylloscopus humei,Hume's Warbler,0.8556,psl6,2024,06,15,06
501.0,504.0,Phylloscopus humei,Hume's Warbler,0.937,psl6,2024,06,15,06
504.0,507.0,Phylloscopus humei,Hume's Warbler,0.9223,psl6,2024,06,15,06
516.0,519.0,Phylloscopus humei,Hume's Warbler,0.5153,psl6,2024,06,15,06
525.0,528.0,Phylloscopus humei,Hume's Warbler,0.5133,psl6,2024,06,15,06
531.0,534.0,Phylloscopus nitidus,Green Warbler,0.7332,psl6,2024,06,15,06
543.0,546.0,Phylloscopus trochiloides,Greenish Warbler,0.5247,psl6,2024,06,15,06
579.0,582.0,Larvivora brunnea,Indian Blue Robin,0.8993,psl6,2024,06,15,06
579.0,582.0,Phylloscopus magnirostris,Large-billed Leaf Warbler,0.8539,psl6,2024,06,15,06
582.0,585.0,Larvivora brunnea,Indian Blue Robin,0.9206,psl6,2024,06,15,06
609.0,612.0,Phylloscopus trochiloides,Greenish Warbler,0.6974,psl6,2024,06,15,06
609.0,612.0,Phylloscopus nitidus,Green Warbler,0.56,psl6,2024,06,15,06
624.0,627.0,Phylloscopus magnirostris,Large-billed Leaf Warbler,0.5285,psl6,2024,06,15,06
627.0,630.0,Larvivora brunnea,Indian Blue Robin,0.9943,psl6,2024,06,15,06
630.0,633.0,Phylloscopus nitidus,Green Warbler,0.6391,psl6,2024,06,15,06
642.0,645.0,Phylloscopus trochiloides,Greenish Warbler,0.508,psl6,2024,06,15,06
654.0,657.0,Phylloscopus trochiloides,Greenish Warbler,0.5997,psl6,2024,06,15,06
675.0,678.0,Phylloscopus trochiloides,Greenish Warbler,0.7373,psl6,2024,06,15,06
675.0,678.0,Phylloscopus nitidus,Green Warbler,0.6568,psl6,2024,06,15,06
699.0,702.0,Phylloscopus nitidus,Green Warbler,0.6232,psl6,2024,06,15,06
720.0,723.0,Larvivora brunnea,Indian Blue Robin,0.9932,psl6,2024,06,15,06
726.0,729.0,Phylloscopus trochiloides,Greenish Warbler,0.5367,psl6,2024,06,15,06
744.0,747.0,Phylloscopus nitidus,Green Warbler,0.6292,psl6,2024,06,15,06
747.0,750.0,Phylloscopus magnirostris,Large-billed Leaf Warbler,0.929,psl6,2024,06,15,06
747.0,750.0,Larvivora brunnea,Indian Blue Robin,0.8568,psl6,2024,06,15,06
750.0,753.0,Larvivora brunnea,Indian Blue Robin,0.9995,psl6,2024,06,15,06
771.0,774.0,Larvivora brunnea,Indian Blue Robin,0.7828,psl6,2024,06,15,06
777.0,780.0,Larvivora brunnea,Indian Blue Robin,0.9938,psl6,2024,06,15,06
780.0,783.0,Larvivora brunnea,Indian Blue Robin,0.8862,psl6,2024,06,15,06
786.0,789.0,Larvivora brunnea,Indian Blue Robin,0.8935,psl6,2024,06,15,06
798.0,801.0,Larvivora brunnea,Indian Blue Robin,0.9843,psl6,2024,06,15,06
801.0,804.0,Larvivora brunnea,Indian Blue Robin,0.5972,psl6,2024,06,15,06
831.0,834.0,Larvivora brunnea,Indian Blue Robin,0.9864,psl6,2024,06,15,06
834.0,837.0,Phylloscopus trochiloides,Greenish Warbler,0.6473,psl6,2024,06,15,06
849.0,852.0,Larvivora brunnea,Indian Blue Robin,0.8879,psl6,2024,06,15,06
849.0,852.0,Phylloscopus magnirostris,Large-billed Leaf Warbler,0.822,psl6,2024,06,15,06
873.0,876.0,Larvivora brunnea,Indian Blue Robin,0.8479,psl6,2024,06,15,06
891.0,894.0,Larvivora brunnea,Indian Blue Robin,0.9891,psl6,2024,06,15,06
891.0,894.0,Phylloscopus trochiloides,Greenish Warbler,0.5081,psl6,2024,06,15,06
0.0,3.0,Larvivora brunnea,Indian Blue Robin,0.9169,psl6,2024,06,15,07
9.0,12.0,Larvivora brunnea,Indian Blue Robin,0.7262,psl6,2024,06,15,07
9.0,12.0,Phylloscopus magnirostris,Large-billed Leaf Warbler,0.6621,psl6,2024,06,15,07
12.0,15.0,Larvivora brunnea,Indian Blue Robin,0.968,psl6,2024,06,15,07
24.0,27.0,Larvivora brunnea,Indian Blue Robin,0.9589,psl6,2024,06,15,07
33.0,36.0,Larvivora brunnea,Indian Blue Robin,0.7664,psl6,2024,06,15,07
39.0,42.0,Phylloscopus trochiloides,Greenish Warbler,0.5706,psl6,2024,06,15,07
45.0,48.0,Larvivora brunnea,Indian Blue Robin,0.9913,psl6,2024,06,15,07
51.0,54.0,Phylloscopus tytleri,Tytler's Leaf Warbler,0.5244,psl6,2024,06,15,07
54.0,57.0,Larvivora brunnea,Indian Blue Robin,0.7402,psl6,2024,06,15,07
60.0,63.0,Phylloscopus nitidus,Green Warbler,0.8342,psl6,2024,06,15,07
66.0,69.0,Larvivora brunnea,Indian Blue Robin,0.9872,psl6,2024,06,15,07
69.0,72.0,Phylloscopus trochiloides,Greenish Warbler,0.5499,psl6,2024,06,15,07
78.0,81.0,Larvivora brunnea,Indian Blue Robin,0.8285,psl6,2024,06,15,07
90.0,93.0,Larvivora brunnea,Indian Blue Robin,0.9745,psl6,2024,06,15,07
99.0,102.0,Larvivora brunnea,Indian Blue Robin,0.9266,psl6,2024,06,15,07
120.0,123.0,Phylloscopus trochiloides,Greenish Warbler,0.8018,psl6,2024,06,15,07
120.0,123.0,Phylloscopus nitidus,Green Warbler,0.683,psl6,2024,06,15,07
129.0,132.0,Phylloscopus occipitalis,Western Crowned Warbler,0.684,psl6,2024,06,15,07
135.0,138.0,Phylloscopus nitidus,Green Warbler,0.7686,psl6,2024,06,15,07
135.0,138.0,Phylloscopus trochiloides,Greenish Warbler,0.71,psl6,2024,06,15,07
153.0,156.0,Phylloscopus occipitalis,Western Crowned Warbler,0.7766,psl6,2024,06,15,07
156.0,159.0,Phylloscopus trochiloides,Greenish Warbler,0.9247,psl6,2024,06,15,07
156.0,159.0,Phylloscopus nitidus,Green Warbler,0.6897,psl6,2024,06,15,07
159.0,162.0,Phylloscopus occipitalis,Western Crowned Warbler,0.7475,psl6,2024,06,15,07
168.0,171.0,Phylloscopus occipitalis,Western Crowned Warbler,0.8769,psl6,2024,06,15,07
174.0,177.0,Phylloscopus nitidus,Green Warbler,0.5282,psl6,2024,06,15,07
177.0,180.0,Phylloscopus occipitalis,Western Crowned Warbler,0.6626,psl6,2024,06,15,07
189.0,192.0,Phylloscopus occipitalis,Western Crowned Warbler,0.7504,psl6,2024,06,15,07
195.0,198.0,Phylloscopus occipitalis,Western Crowned Warbler,0.8004,psl6,2024,06,15,07
219.0,222.0,Phylloscopus nitidus,Green Warbler,0.9316,psl6,2024,06,15,07
231.0,234.0,Phylloscopus trochiloides,Greenish Warbler,0.521,psl6,2024,06,15,07
231.0,234.0,Phylloscopus nitidus,Green Warbler,0.513,psl6,2024,06,15,07
249.0,252.0,Trochalopteron variegatum,Variegated Laughingthrush,0.8592,psl6,2024,06,15,07
252.0,255.0,Trochalopteron variegatum,Variegated Laughingthrush,0.9192,psl6,2024,06,15,07
258.0,261.0,Trochalopteron variegatum,Variegated Laughingthrush,0.824,psl6,2024,06,15,07
261.0,264.0,Trochalopteron variegatum,Variegated Laughingthrush,0.9235,psl6,2024,06,15,07
273.0,276.0,Trochalopteron variegatum,Variegated Laughingthrush,0.6825,psl6,2024,06,15,07
291.0,294.0,Trochalopteron variegatum,Variegated Laughingthrush,0.8854,psl6,2024,06,15,07
384.0,387.0,Prunella strophiata,Rufous-breasted Accentor,0.6393,psl6,2024,06,15,07
399.0,402.0,Phylloscopus nitidus,Green Warbler,0.7777,psl6,2024,06,15,07
399.0,402.0,Phylloscopus trochiloides,Greenish Warbler,0.6879,psl6,2024,06,15,07
414.0,417.0,Trochalopteron variegatum,Variegated Laughingthrush,0.8723,psl6,2024,06,15,07
423.0,426.0,Phylloscopus trochiloides,Greenish Warbler,0.5903,psl6,2024,06,15,07
444.0,447.0,Phylloscopus nitidus,Green Warbler,0.698,psl6,2024,06,15,07
444.0,447.0,Phylloscopus trochiloides,Greenish Warbler,0.5795,psl6,2024,06,15,07
456.0,459.0,Phylloscopus tytleri,Tytler's Leaf Warbler,0.7518,psl6,2024,06,15,07
471.0,474.0,Phylloscopus nitidus,Green Warbler,0.7786,psl6,2024,06,15,07
471.0,474.0,Phylloscopus trochiloides,Greenish Warbler,0.5667,psl6,2024,06,15,07
492.0,495.0,Phylloscopus nitidus,Green Warbler,0.52,psl6,2024,06,15,07
507.0,510.0,Phylloscopus trochiloides,Greenish Warbler,0.8054,psl6,2024,06,15,07
546.0,549.0,Trochalopteron variegatum,Variegated Laughingthrush,0.5538,psl6,2024,06,15,07
564.0,567.0,Phylloscopus trochiloides,Greenish Warbler,0.5661,psl6,2024,06,15,07
582.0,585.0,Phylloscopus nitidus,Green Warbler,0.6027,psl6,2024,06,15,07
594.0,597.0,Phylloscopus nitidus,Green Warbler,0.7387,psl6,2024,06,15,07
594.0,597.0,Phylloscopus trochiloides,Greenish Warbler,0.574,psl6,2024,06,15,07
618.0,621.0,Phylloscopus trochiloides,Greenish Warbler,0.5124,psl6,2024,06,15,07
732.0,735.0,Phylloscopus occipitalis,Western Crowned Warbler,0.6062,psl6,2024,06,15,07
774.0,777.0,Phylloscopus occipitalis,Western Crowned Warbler,0.7128,psl6,2024,06,15,07
804.0,807.0,Phylloscopus occipitalis,Western Crowned Warbler,0.7548,psl6,2024,06,15,07
807.0,810.0,Phylloscopus occipitalis,Western Crowned Warbler,0.7271,psl6,2024,06,15,07
810.0,813.0,Phylloscopus occipitalis,Western Crowned Warbler,0.685,psl6,2024,06,15,07
813.0,816.0,Phylloscopus occipitalis,Western Crowned Warbler,0.5024,psl6,2024,06,15,07
816.0,819.0,Phylloscopus occipitalis,Western Crowned Warbler,0.8114,psl6,2024,06,15,07
822.0,825.0,Phylloscopus occipitalis,Western Crowned Warbler,0.7579,psl6,2024,06,15,07
831.0,834.0,Phylloscopus occipitalis,Western Crowned Warbler,0.5748,psl6,2024,06,15,07
840.0,843.0,Phylloscopus occipitalis,Western Crowned Warbler,0.6427,psl6,2024,06,15,07
855.0,858.0,Phylloscopus occipitalis,Western Crowned Warbler,0.8657,psl6,2024,06,15,07
870.0,873.0,Phylloscopus occipitalis,Western Crowned Warbler,0.7737,psl6,2024,06,15,07
894.0,897.0,Phylloscopus tytleri,Tytler's Leaf Warbler,0.6039,psl6,2024,06,15,07
3.0,6.0,Phylloscopus trochiloides,Greenish Warbler,0.5702,psl6,2024,06,15,08
12.0,15.0,Phylloscopus nitidus,Green Warbler,0.6521,psl6,2024,06,15,08
12.0,15.0,Phylloscopus trochiloides,Greenish Warbler,0.6228,psl6,2024,06,15,08
15.0,18.0,Phylloscopus trochiloides,Greenish Warbler,0.6273,psl6,2024,06,15,08
36.0,39.0,Phylloscopus trochiloides,Greenish Warbler,0.7054,psl6,2024,06,15,08
63.0,66.0,Phylloscopus trochiloides,Greenish Warbler,0.7094,psl6,2024,06,15,08
63.0,66.0,Phylloscopus nitidus,Green Warbler,0.6696,psl6,2024,06,15,08
87.0,90.0,Phylloscopus trochiloides,Greenish Warbler,0.5857,psl6,2024,06,15,08
102.0,105.0,Phylloscopus trochiloides,Greenish Warbler,0.7585,psl6,2024,06,15,08
111.0,114.0,Phylloscopus nitidus,Green Warbler,0.6965,psl6,2024,06,15,08
132.0,135.0,Phylloscopus trochiloides,Greenish Warbler,0.6899,psl6,2024,06,15,08
144.0,147.0,Phylloscopus trochiloides,Greenish Warbler,0.6873,psl6,2024,06,15,08
171.0,174.0,Phylloscopus nitidus,Green Warbler,0.7947,psl6,2024,06,15,08
216.0,219.0,Phylloscopus nitidus,Green Warbler,0.7887,psl6,2024,06,15,08
216.0,219.0,Phylloscopus trochiloides,Greenish Warbler,0.6265,psl6,2024,06,15,08
261.0,264.0,Phylloscopus nitidus,Green Warbler,0.6165,psl6,2024,06,15,08
273.0,276.0,Phylloscopus trochiloides,Greenish Warbler,0.5649,psl6,2024,06,15,08
294.0,297.0,Phylloscopus trochiloides,Greenish Warbler,0.7475,psl6,2024,06,15,08
315.0,318.0,Phylloscopus nitidus,Green Warbler,0.6235,psl6,2024,06,15,08
330.0,333.0,Phylloscopus nitidus,Green Warbler,0.5758,psl6,2024,06,15,08
330.0,333.0,Phylloscopus trochiloides,Greenish Warbler,0.5716,psl6,2024,06,15,08
354.0,357.0,Phylloscopus nitidus,Green Warbler,0.7219,psl6,2024,06,15,08
369.0,372.0,Phylloscopus nitidus,Green Warbler,0.8453,psl6,2024,06,15,08
369.0,372.0,Phylloscopus trochiloides,Greenish Warbler,0.5017,psl6,2024,06,15,08
396.0,399.0,Phylloscopus trochiloides,Greenish Warbler,0.5002,psl6,2024,06,15,08
405.0,408.0,Phylloscopus trochiloides,Greenish Warbler,0.7664,psl6,2024,06,15,08
405.0,408.0,Phylloscopus nitidus,Green Warbler,0.6361,psl6,2024,06,15,08
429.0,432.0,Phylloscopus nitidus,Green Warbler,0.5627,psl6,2024,06,15,08
504.0,507.0,Phylloscopus trochiloides,Greenish Warbler,0.6126,psl6,2024,06,15,08
585.0,588.0,Phylloscopus trochiloides,Greenish Warbler,0.6368,psl6,2024,06,15,08
621.0,624.0,Phylloscopus trochiloides,Greenish Warbler,0.5965,psl6,2024,06,15,08
708.0,711.0,Ficedula tricolor,Slaty-blue Flycatcher,0.5052,psl6,2024,06,15,08
762.0,765.0,Ficedula tricolor,Slaty-blue Flycatcher,0.9628,psl6,2024,06,15,08
771.0,774.0,Ficedula tricolor,Slaty-blue Flycatcher,0.8339,psl6,2024,06,15,08
804.0,807.0,Ficedula tricolor,Slaty-blue Flycatcher,0.5379,psl6,2024,06,15,08
84.0,87.0,Trochalopteron variegatum,Variegated Laughingthrush,0.8857,psl6,2024,06,15,09
114.0,117.0,Trochalopteron variegatum,Variegated Laughingthrush,0.5472,psl6,2024,06,15,09
126.0,129.0,Trochalopteron variegatum,Variegated Laughingthrush,0.675,psl6,2024,06,15,09
129.0,132.0,Trochalopteron variegatum,Variegated Laughingthrush,0.7449,psl6,2024,06,15,09
132.0,135.0,Trochalopteron variegatum,Variegated Laughingthrush,0.5179,psl6,2024,06,15,09
138.0,141.0,Trochalopteron variegatum,Variegated Laughingthrush,0.5185,psl6,2024,06,15,09
165.0,168.0,Trochalopteron variegatum,Variegated Laughingthrush,0.7645,psl6,2024,06,15,09
237.0,240.0,Trochalopteron variegatum,Variegated Laughingthrush,0.7766,psl6,2024,06,15,09
261.0,264.0,Trochalopteron variegatum,Variegated Laughingthrush,0.5009,psl6,2024,06,15,09
279.0,282.0,Phylloscopus occipitalis,Western Crowned Warbler,0.743,psl6,2024,06,15,09
300.0,303.0,Trochalopteron variegatum,Variegated Laughingthrush,0.7532,psl6,2024,06,15,09
378.0,381.0,Trochalopteron variegatum,Variegated Laughingthrush,0.5073,psl6,2024,06,15,09
408.0,411.0,Phylloscopus occipitalis,Western Crowned Warbler,0.6708,psl6,2024,06,15,09
456.0,459.0,Ficedula tricolor,Slaty-blue Flycatcher,0.5347,psl6,2024,06,15,09
459.0,462.0,Phylloscopus nitidus,Green Warbler,0.7848,psl6,2024,06,15,09
483.0,486.0,Phylloscopus nitidus,Green Warbler,0.7567,psl6,2024,06,15,09
537.0,540.0,Phylloscopus nitidus,Green Warbler,0.7826,psl6,2024,06,15,09
543.0,546.0,Trochalopteron variegatum,Variegated Laughingthrush,0.7863,psl6,2024,06,15,09
576.0,579.0,Phylloscopus trochiloides,Greenish Warbler,0.5632,psl6,2024,06,15,09
594.0,597.0,Phylloscopus trochiloides,Greenish Warbler,0.679,psl6,2024,06,15,09
594.0,597.0,Phylloscopus nitidus,Green Warbler,0.6017,psl6,2024,06,15,09
606.0,609.0,Phylloscopus nitidus,Green Warbler,0.789,psl6,2024,06,15,09
720.0,723.0,Phylloscopus trochiloides,Greenish Warbler,0.8584,psl6,2024,06,15,09
732.0,735.0,Phylloscopus trochiloides,Greenish Warbler,0.5991,psl6,2024,06,15,09
768.0,771.0,Phylloscopus nitidus,Green Warbler,0.5732,psl6,2024,06,15,09
780.0,783.0,Phylloscopus trochiloides,Greenish Warbler,0.7425,psl6,2024,06,15,09
855.0,858.0,Larvivora brunnea,Indian Blue Robin,0.6177,psl6,2024,06,15,09
876.0,879.0,Trochalopteron variegatum,Variegated Laughingthrush,0.5614,psl6,2024,06,15,09
894.0,897.0,Larvivora brunnea,Indian Blue Robin,0.8599,psl6,2024,06,15,09
894.0,897.0,Phylloscopus magnirostris,Large-billed Leaf Warbler,0.6473,psl6,2024,06,15,09
894.0,897.0,Bradypterus brunneus,Brown Emutail,0.5248,psl6,2024,06,15,09
897.0,900.0,Larvivora brunnea,Indian Blue Robin,0.5891,psl6,2024,06,15,09
21.0,24.0,Phylloscopus trochiloides,Greenish Warbler,0.5733,psl6,2024,06,16,06
39.0,42.0,Phylloscopus trochiloides,Greenish Warbler,0.7611,psl6,2024,06,16,06
39.0,42.0,Phylloscopus nitidus,Green Warbler,0.6307,psl6,2024,06,16,06
54.0,57.0,Copsychus albospecularis,Madagascar Magpie-Robin,0.5276,psl6,2024,06,16,06
72.0,75.0,Phylloscopus nitidus,Green Warbler,0.6994,psl6,2024,06,16,06
81.0,84.0,Lophorina superba,Greater Lophorina,0.7444,psl6,2024,06,16,06
87.0,90.0,Phylloscopus trochiloides,Greenish Warbler,0.5573,psl6,2024,06,16,06
129.0,132.0,Ficedula tricolor,Slaty-blue Flycatcher,0.505,psl6,2024,06,16,06
153.0,156.0,Ficedula tricolor,Slaty-blue Flycatcher,0.627,psl6,2024,06,16,06
174.0,177.0,Ficedula tricolor,Slaty-blue Flycatcher,0.8668,psl6,2024,06,16,06
261.0,264.0,Yuhina flavicollis,Whiskered Yuhina,0.566,psl6,2024,06,16,06
348.0,351.0,Lophorina superba,Greater Lophorina,0.5331,psl6,2024,06,16,06
372.0,375.0,Lophorina superba,Greater Lophorina,0.5795,psl6,2024,06,16,06
375.0,378.0,Lophorina superba,Greater Lophorina,0.6452,psl6,2024,06,16,06
384.0,387.0,Lophorina superba,Greater Lophorina,0.5234,psl6,2024,06,16,06
408.0,411.0,Lophorina superba,Greater Lophorina,0.5128,psl6,2024,06,16,06
456.0,459.0,Ficedula tricolor,Slaty-blue Flycatcher,0.6975,psl6,2024,06,16,06
495.0,498.0,Ficedula tricolor,Slaty-blue Flycatcher,0.5042,psl6,2024,06,16,06
522.0,525.0,Ficedula tricolor,Slaty-blue Flycatcher,0.6194,psl6,2024,06,16,06
537.0,540.0,Ficedula tricolor,Slaty-blue Flycatcher,0.8358,psl6,2024,06,16,06
537.0,540.0,Cettia castaneocoronata,Chestnut-headed Tesia,0.602,psl6,2024,06,16,06
549.0,552.0,Ficedula tricolor,Slaty-blue Flycatcher,0.5199,psl6,2024,06,16,06
579.0,582.0,Ficedula tricolor,Slaty-blue Flycatcher,0.5884,psl6,2024,06,16,06
597.0,600.0,Ficedula tricolor,Slaty-blue Flycatcher,0.5319,psl6,2024,06,16,06
612.0,615.0,Copsychus albospecularis,Madagascar Magpie-Robin,0.5239,psl6,2024,06,16,06
675.0,678.0,Ficedula tricolor,Slaty-blue Flycatcher,0.5782,psl6,2024,06,16,06
732.0,735.0,Ficedula tricolor,Slaty-blue Flycatcher,0.6062,psl6,2024,06,16,06
738.0,741.0,Ficedula tricolor,Slaty-blue Flycatcher,0.8413,psl6,2024,06,16,06
747.0,750.0,Ficedula tricolor,Slaty-blue Flycatcher,0.595,psl6,2024,06,16,06
759.0,762.0,Phylloscopus trochiloides,Greenish Warbler,0.6032,psl6,2024,06,16,06
798.0,801.0,Ficedula tricolor,Slaty-blue Flycatcher,0.6864,psl6,2024,06,16,06
804.0,807.0,Ficedula tricolor,Slaty-blue Flycatcher,0.9389,psl6,2024,06,16,06
807.0,810.0,Ficedula tricolor,Slaty-blue Flycatcher,0.8374,psl6,2024,06,16,06
819.0,822.0,Ficedula tricolor,Slaty-blue Flycatcher,0.5884,psl6,2024,06,16,06
834.0,837.0,Ficedula tricolor,Slaty-blue Flycatcher,0.5965,psl6,2024,06,16,06
837.0,840.0,Ficedula tricolor,Slaty-blue Flycatcher,0.779,psl6,2024,06,16,06
840.0,843.0,Ficedula tricolor,Slaty-blue Flycatcher,0.5243,psl6,2024,06,16,06
843.0,846.0,Ficedula tricolor,Slaty-blue Flycatcher,0.5522,psl6,2024,06,16,06
855.0,858.0,Ficedula tricolor,Slaty-blue Flycatcher,0.7859,psl6,2024,06,16,06
858.0,861.0,Ficedula tricolor,Slaty-blue Flycatcher,0.9981,psl6,2024,06,16,06
864.0,867.0,Phylloscopus trochiloides,Greenish Warbler,0.5222,psl6,2024,06,16,06
870.0,873.0,Ficedula tricolor,Slaty-blue Flycatcher,0.9523,psl6,2024,06,16,06
873.0,876.0,Ficedula tricolor,Slaty-blue Flycatcher,0.9931,psl6,2024,06,16,06
876.0,879.0,Ficedula tricolor,Slaty-blue Flycatcher,0.6853,psl6,2024,06,16,06
885.0,888.0,Ficedula tricolor,Slaty-blue Flycatcher,0.9936,psl6,2024,06,16,06
888.0,891.0,Ficedula tricolor,Slaty-blue Flycatcher,0.8809,psl6,2024,06,16,06
69.0,72.0,Cettia castaneocoronata,Chestnut-headed Tesia,0.5175,psl6,2024,06,16,07
138.0,141.0,Ficedula tricolor,Slaty-blue Flycatcher,0.5504,psl6,2024,06,16,07
168.0,171.0,Ficedula tricolor,Slaty-blue Flycatcher,0.6224,psl6,2024,06,16,07
267.0,270.0,Copsychus albospecularis,Madagascar Magpie-Robin,0.606,psl6,2024,06,16,07
582.0,585.0,Phylloscopus reguloides,Blyth's Leaf Warbler,0.6301,psl6,2024,06,16,07
633.0,636.0,Phylloscopus reguloides,Blyth's Leaf Warbler,0.6737,psl6,2024,06,16,07
636.0,639.0,Serinus serinus,European Serin,0.5245,psl6,2024,06,16,07
723.0,726.0,Larvivora brunnea,Indian Blue Robin,0.8038,psl6,2024,06,16,07
744.0,747.0,Phylloscopus nitidus,Green Warbler,0.8,psl6,2024,06,16,07
774.0,777.0,Larvivora brunnea,Indian Blue Robin,0.6064,psl6,2024,06,16,07
801.0,804.0,Larvivora brunnea,Indian Blue Robin,0.6702,psl6,2024,06,16,07
816.0,819.0,Phylloscopus trochiloides,Greenish Warbler,0.5797,psl6,2024,06,16,07
819.0,822.0,Larvivora brunnea,Indian Blue Robin,0.8789,psl6,2024,06,16,07
855.0,858.0,Larvivora brunnea,Indian Blue Robin,0.982,psl6,2024,06,16,07
870.0,873.0,Larvivora brunnea,Indian Blue Robin,0.9531,psl6,2024,06,16,07
873.0,876.0,Phylloscopus trochiloides,Greenish Warbler,0.5963,psl6,2024,06,16,07
879.0,882.0,Larvivora brunnea,Indian Blue Robin,0.958,psl6,2024,06,16,07
9.0,12.0,Ficedula tricolor,Slaty-blue Flycatcher,0.597,psl6,2024,06,16,08
15.0,18.0,Copsychus albospecularis,Madagascar Magpie-Robin,0.5315,psl6,2024,06,16,08
15.0,18.0,Ficedula tricolor,Slaty-blue Flycatcher,0.5243,psl6,2024,06,16,08
60.0,63.0,Prunella strophiata,Rufous-breasted Accentor,0.7567,psl6,2024,06,16,08
78.0,81.0,Prunella strophiata,Rufous-breasted Accentor,0.9481,psl6,2024,06,16,08
81.0,84.0,Ficedula tricolor,Slaty-blue Flycatcher,0.782,psl6,2024,06,16,08
84.0,87.0,Prunella strophiata,Rufous-breasted Accentor,0.7494,psl6,2024,06,16,08
90.0,93.0,Ficedula parva,Red-breasted Flycatcher,0.5366,psl6,2024,06,16,08
105.0,108.0,Epinecrophylla ornata,Ornate Stipplethroat,0.5189,psl6,2024,06,16,08
111.0,114.0,Phylloscopus nitidus,Green Warbler,0.8255,psl6,2024,06,16,08
198.0,201.0,Setophaga chrysoparia,Golden-cheeked Warbler,0.6075,psl6,2024,06,16,08
231.0,234.0,Phylloscopus nitidus,Green Warbler,0.6684,psl6,2024,06,16,08
264.0,267.0,Phylloscopus occipitalis,Western Crowned Warbler,0.5555,psl6,2024,06,16,08
291.0,294.0,Lophophorus impejanus,Himalayan Monal,0.6587,psl6,2024,06,16,08
333.0,336.0,Lophophorus impejanus,Himalayan Monal,0.8901,psl6,2024,06,16,08
462.0,465.0,Trochalopteron variegatum,Variegated Laughingthrush,0.5125,psl6,2024,06,16,08
465.0,468.0,Phylloscopus nitidus,Green Warbler,0.8161,psl6,2024,06,16,08
618.0,621.0,Trochalopteron variegatum,Variegated Laughingthrush,0.6544,psl6,2024,06,16,08
621.0,624.0,Trochalopteron variegatum,Variegated Laughingthrush,0.7736,psl6,2024,06,16,08
627.0,630.0,Trochalopteron variegatum,Variegated Laughingthrush,0.6332,psl6,2024,06,16,08
630.0,633.0,Trochalopteron variegatum,Variegated Laughingthrush,0.6482,psl6,2024,06,16,08
636.0,639.0,Trochalopteron variegatum,Variegated Laughingthrush,0.7055,psl6,2024,06,16,08
645.0,648.0,Trochalopteron variegatum,Variegated Laughingthrush,0.6709,psl6,2024,06,16,08
651.0,654.0,Trochalopteron variegatum,Variegated Laughingthrush,0.6577,psl6,2024,06,16,08
690.0,693.0,Phylloscopus occipitalis,Western Crowned Warbler,0.547,psl6,2024,06,16,08
753.0,756.0,Luscinia phaenicuroides,White-bellied Redstart,0.5023,psl6,2024,06,16,08
816.0,819.0,Phylloscopus nitidus,Green Warbler,0.9569,psl6,2024,06,16,08
882.0,885.0,Phylloscopus trochiloides,Greenish Warbler,0.6258,psl6,2024,06,16,08
9.0,12.0,Phylloscopus trochiloides,Greenish Warbler,0.7267,psl6,2024,06,16,09
30.0,33.0,Phylloscopus trochiloides,Greenish Warbler,0.6571,psl6,2024,06,16,09
42.0,45.0,Phylloscopus trochiloides,Greenish Warbler,0.5022,psl6,2024,06,16,09
60.0,63.0,Larvivora brunnea,Indian Blue Robin,0.5234,psl6,2024,06,16,09
72.0,75.0,Phylloscopus trochiloides,Greenish Warbler,0.6992,psl6,2024,06,16,09
78.0,81.0,Larvivora brunnea,Indian Blue Robin,0.7413,psl6,2024,06,16,09
87.0,90.0,Phylloscopus trochiloides,Greenish Warbler,0.7985,psl6,2024,06,16,09
108.0,111.0,Phylloscopus nitidus,Green Warbler,0.5698,psl6,2024,06,16,09
108.0,111.0,Phylloscopus trochiloides,Greenish Warbler,0.5326,psl6,2024,06,16,09
135.0,138.0,Larvivora brunnea,Indian Blue Robin,0.9819,psl6,2024,06,16,09
153.0,156.0,Phylloscopus trochiloides,Greenish Warbler,0.6938,psl6,2024,06,16,09
165.0,168.0,Larvivora brunnea,Indian Blue Robin,0.8663,psl6,2024,06,16,09
186.0,189.0,Larvivora brunnea,Indian Blue Robin,0.8174,psl6,2024,06,16,09
186.0,189.0,Larvivora cyane,Siberian Blue Robin,0.5451,psl6,2024,06,16,09
195.0,198.0,Phylloscopus trochiloides,Greenish Warbler,0.7195,psl6,2024,06,16,09
198.0,201.0,Larvivora brunnea,Indian Blue Robin,0.9955,psl6,2024,06,16,09
207.0,210.0,Phylloscopus trochiloides,Greenish Warbler,0.6358,psl6,2024,06,16,09
213.0,216.0,Larvivora brunnea,Indian Blue Robin,0.9921,psl6,2024,06,16,09
225.0,228.0,Phylloscopus trochiloides,Greenish Warbler,0.519,psl6,2024,06,16,09
228.0,231.0,Larvivora brunnea,Indian Blue Robin,0.8801,psl6,2024,06,16,09
249.0,252.0,Larvivora brunnea,Indian Blue Robin,0.9538,psl6,2024,06,16,09
297.0,300.0,Phylloscopus trochiloides,Greenish Warbler,0.7454,psl6,2024,06,16,09
297.0,300.0,Phylloscopus nitidus,Green Warbler,0.7308,psl6,2024,06,16,09
300.0,303.0,Larvivora brunnea,Indian Blue Robin,0.6399,psl6,2024,06,16,09
303.0,306.0,Larvivora brunnea,Indian Blue Robin,0.915,psl6,2024,06,16,09
312.0,315.0,Phylloscopus trochiloides,Greenish Warbler,0.8362,psl6,2024,06,16,09
321.0,324.0,Phylloscopus nitidus,Green Warbler,0.6576,psl6,2024,06,16,09
324.0,327.0,Larvivora brunnea,Indian Blue Robin,0.9454,psl6,2024,06,16,09
336.0,339.0,Larvivora brunnea,Indian Blue Robin,0.9774,psl6,2024,06,16,09
360.0,363.0,Carduelis carduelis,European Goldfinch,0.9174,psl6,2024,06,16,09
384.0,387.0,Phylloscopus trochiloides,Greenish Warbler,0.7834,psl6,2024,06,16,09
393.0,396.0,Larvivora brunnea,Indian Blue Robin,0.5751,psl6,2024,06,16,09
396.0,399.0,Larvivora brunnea,Indian Blue Robin,0.9964,psl6,2024,06,16,09
405.0,408.0,Phylloscopus trochiloides,Greenish Warbler,0.6708,psl6,2024,06,16,09
408.0,411.0,Larvivora brunnea,Indian Blue Robin,0.9966,psl6,2024,06,16,09
426.0,429.0,Phylloscopus trochiloides,Greenish Warbler,0.5272,psl6,2024,06,16,09
450.0,453.0,Larvivora brunnea,Indian Blue Robin,0.9606,psl6,2024,06,16,09
468.0,471.0,Larvivora brunnea,Indian Blue Robin,0.9712,psl6,2024,06,16,09
483.0,486.0,Larvivora brunnea,Indian Blue Robin,0.8131,psl6,2024,06,16,09
510.0,513.0,Larvivora brunnea,Indian Blue Robin,0.8267,psl6,2024,06,16,09
528.0,531.0,Larvivora brunnea,Indian Blue Robin,0.9044,psl6,2024,06,16,09
552.0,555.0,Larvivora brunnea,Indian Blue Robin,0.8927,psl6,2024,06,16,09
570.0,573.0,Larvivora brunnea,Indian Blue Robin,0.5574,psl6,2024,06,16,09
573.0,576.0,Larvivora brunnea,Indian Blue Robin,0.9423,psl6,2024,06,16,09
585.0,588.0,Larvivora brunnea,Indian Blue Robin,0.9065,psl6,2024,06,16,09
588.0,591.0,Larvivora brunnea,Indian Blue Robin,0.8681,psl6,2024,06,16,09
609.0,612.0,Larvivora brunnea,Indian Blue Robin,0.9969,psl6,2024,06,16,09
654.0,657.0,Carpodacus erythrinus,Common Rosefinch,0.7904,psl6,2024,06,16,09
663.0,666.0,Carpodacus erythrinus,Common Rosefinch,0.966,psl6,2024,06,16,09
669.0,672.0,Carpodacus erythrinus,Common Rosefinch,0.8333,psl6,2024,06,16,09
675.0,678.0,Larvivora brunnea,Indian Blue Robin,0.9894,psl6,2024,06,16,09
687.0,690.0,Larvivora brunnea,Indian Blue Robin,0.9896,psl6,2024,06,16,09
693.0,696.0,Carpodacus erythrinus,Common Rosefinch,0.8771,psl6,2024,06,16,09
705.0,708.0,Phylloscopus magnirostris,Large-billed Leaf Warbler,0.6129,psl6,2024,06,16,09
708.0,711.0,Larvivora brunnea,Indian Blue Robin,0.9295,psl6,2024,06,16,09
720.0,723.0,Carpodacus erythrinus,Common Rosefinch,0.8926,psl6,2024,06,16,09
723.0,726.0,Carpodacus erythrinus,Common Rosefinch,0.9585,psl6,2024,06,16,09
729.0,732.0,Carpodacus erythrinus,Common Rosefinch,0.7306,psl6,2024,06,16,09
732.0,735.0,Larvivora brunnea,Indian Blue Robin,0.8814,psl6,2024,06,16,09
744.0,747.0,Carpodacus erythrinus,Common Rosefinch,0.8218,psl6,2024,06,16,09
750.0,753.0,Carpodacus erythrinus,Common Rosefinch,0.7625,psl6,2024,06,16,09
771.0,774.0,Carpodacus erythrinus,Common Rosefinch,0.7665,psl6,2024,06,16,09
792.0,795.0,Setophaga chrysoparia,Golden-cheeked Warbler,0.5694,psl6,2024,06,16,09
852.0,855.0,Setophaga chrysoparia,Golden-cheeked Warbler,0.6669,psl6,2024,06,16,09
24.0,27.0,Lophorina superba,Greater Lophorina,0.512,psl6,2024,06,17,06
60.0,63.0,Ficedula tricolor,Slaty-blue Flycatcher,0.7188,psl6,2024,06,17,06
66.0,69.0,Ficedula tricolor,Slaty-blue Flycatcher,0.858,psl6,2024,06,17,06
69.0,72.0,Ficedula tricolor,Slaty-blue Flycatcher,0.8541,psl6,2024,06,17,06
72.0,75.0,Luscinia phaenicuroides,White-bellied Redstart,0.6793,psl6,2024,06,17,06
138.0,141.0,Phylloscopus trochiloides,Greenish Warbler,0.7793,psl6,2024,06,17,06
159.0,162.0,Phylloscopus trochiloides,Greenish Warbler,0.6063,psl6,2024,06,17,06
159.0,162.0,Phylloscopus nitidus,Green Warbler,0.6031,psl6,2024,06,17,06
183.0,186.0,Phylloscopus trochiloides,Greenish Warbler,0.577,psl6,2024,06,17,06
201.0,204.0,Phylloscopus nitidus,Green Warbler,0.5351,psl6,2024,06,17,06
255.0,258.0,Lophophorus impejanus,Himalayan Monal,0.5795,psl6,2024,06,17,06
258.0,261.0,Lophophorus impejanus,Himalayan Monal,0.8144,psl6,2024,06,17,06
273.0,276.0,Lophophorus impejanus,Himalayan Monal,0.7568,psl6,2024,06,17,06
288.0,291.0,Lophophorus impejanus,Himalayan Monal,0.7213,psl6,2024,06,17,06
315.0,318.0,Phylloscopus trochiloides,Greenish Warbler,0.6429,psl6,2024,06,17,06
336.0,339.0,Phylloscopus nitidus,Green Warbler,0.5816,psl6,2024,06,17,06
366.0,369.0,Lophophorus impejanus,Himalayan Monal,0.5407,psl6,2024,06,17,06
369.0,372.0,Lophophorus impejanus,Himalayan Monal,0.5918,psl6,2024,06,17,06
387.0,390.0,Phylloscopus trochiloides,Greenish Warbler,0.5637,psl6,2024,06,17,06
402.0,405.0,Phylloscopus trochiloides,Greenish Warbler,0.6551,psl6,2024,06,17,06
423.0,426.0,Phylloscopus trochiloides,Greenish Warbler,0.8265,psl6,2024,06,17,06
423.0,426.0,Phylloscopus nitidus,Green Warbler,0.7029,psl6,2024,06,17,06
447.0,450.0,Phylloscopus nitidus,Green Warbler,0.6206,psl6,2024,06,17,06
456.0,459.0,Phylloscopus nitidus,Green Warbler,0.635,psl6,2024,06,17,06
471.0,474.0,Phylloscopus trochiloides,Greenish Warbler,0.6096,psl6,2024,06,17,06
507.0,510.0,Trochalopteron variegatum,Variegated Laughingthrush,0.5321,psl6,2024,06,17,06
513.0,516.0,Trochalopteron variegatum,Variegated Laughingthrush,0.9142,psl6,2024,06,17,06
525.0,528.0,Trochalopteron variegatum,Variegated Laughingthrush,0.9356,psl6,2024,06,17,06
531.0,534.0,Phylloscopus nitidus,Green Warbler,0.5599,psl6,2024,06,17,06
540.0,543.0,Phylloscopus nitidus,Green Warbler,0.586,psl6,2024,06,17,06
540.0,543.0,Phylloscopus trochiloides,Greenish Warbler,0.5526,psl6,2024,06,17,06
552.0,555.0,Trochalopteron variegatum,Variegated Laughingthrush,0.8074,psl6,2024,06,17,06
564.0,567.0,Phylloscopus nitidus,Green Warbler,0.8136,psl6,2024,06,17,06
564.0,567.0,Phylloscopus trochiloides,Greenish Warbler,0.6856,psl6,2024,06,17,06
567.0,570.0,Ficedula tricolor,Slaty-blue Flycatcher,0.5011,psl6,2024,06,17,06
570.0,573.0,Trochalopteron variegatum,Variegated Laughingthrush,0.9962,psl6,2024,06,17,06
573.0,576.0,Ficedula tricolor,Slaty-blue Flycatcher,0.5285,psl6,2024,06,17,06
576.0,579.0,Phylloscopus trochiloides,Greenish Warbler,0.8346,psl6,2024,06,17,06
576.0,579.0,Phylloscopus nitidus,Green Warbler,0.6242,psl6,2024,06,17,06
627.0,630.0,Anthus hodgsoni,Olive-backed Pipit,0.6486,psl6,2024,06,17,06
639.0,642.0,Ficedula tricolor,Slaty-blue Flycatcher,0.6558,psl6,2024,06,17,06
645.0,648.0,Copsychus albospecularis,Madagascar Magpie-Robin,0.5947,psl6,2024,06,17,06
648.0,651.0,Ficedula tricolor,Slaty-blue Flycatcher,0.839,psl6,2024,06,17,06
708.0,711.0,Anthus hodgsoni,Olive-backed Pipit,0.5429,psl6,2024,06,17,06
714.0,717.0,Phylloscopus trochiloides,Greenish Warbler,0.5341,psl6,2024,06,17,06
726.0,729.0,Phylloscopus trochiloides,Greenish Warbler,0.7862,psl6,2024,06,17,06
732.0,735.0,Anthus hodgsoni,Olive-backed Pipit,0.5829,psl6,2024,06,17,06
744.0,747.0,Anthus hodgsoni,Olive-backed Pipit,0.8637,psl6,2024,06,17,06
786.0,789.0,Phylloscopus nitidus,Green Warbler,0.528,psl6,2024,06,17,06
795.0,798.0,Anthus hodgsoni,Olive-backed Pipit,0.706,psl6,2024,06,17,06
810.0,813.0,Anthus hodgsoni,Olive-backed Pipit,0.7253,psl6,2024,06,17,06
813.0,816.0,Phylloscopus trochiloides,Greenish Warbler,0.5531,psl6,2024,06,17,06
846.0,849.0,Phylloscopus trochiloides,Greenish Warbler,0.6282,psl6,2024,06,17,06
888.0,891.0,Phylloscopus trochiloides,Greenish Warbler,0.7535,psl6,2024,06,17,06
12.0,15.0,Phylloscopus magnirostris,Large-billed Leaf Warbler,0.8692,psl6,2024,06,17,07
12.0,15.0,Larvivora brunnea,Indian Blue Robin,0.6167,psl6,2024,06,17,07
15.0,18.0,Larvivora brunnea,Indian Blue Robin,0.7913,psl6,2024,06,17,07
24.0,27.0,Phylloscopus magnirostris,Large-billed Leaf Warbler,0.654,psl6,2024,06,17,07
36.0,39.0,Larvivora brunnea,Indian Blue Robin,0.9849,psl6,2024,06,17,07
57.0,60.0,Larvivora brunnea,Indian Blue Robin,0.9573,psl6,2024,06,17,07
93.0,96.0,Ficedula tricolor,Slaty-blue Flycatcher,0.7435,psl6,2024,06,17,07
102.0,105.0,Ficedula tricolor,Slaty-blue Flycatcher,0.65,psl6,2024,06,17,07
114.0,117.0,Ficedula tricolor,Slaty-blue Flycatcher,0.7616,psl6,2024,06,17,07
120.0,123.0,Larvivora brunnea,Indian Blue Robin,0.9883,psl6,2024,06,17,07
123.0,126.0,Cettia castaneocoronata,Chestnut-headed Tesia,0.5925,psl6,2024,06,17,07
150.0,153.0,Larvivora brunnea,Indian Blue Robin,0.6441,psl6,2024,06,17,07
183.0,186.0,Copsychus albospecularis,Madagascar Magpie-Robin,0.8893,psl6,2024,06,17,07
198.0,201.0,Larvivora brunnea,Indian Blue Robin,0.9559,psl6,2024,06,17,07
201.0,204.0,Ficedula tricolor,Slaty-blue Flycatcher,0.7532,psl6,2024,06,17,07
213.0,216.0,Ficedula tricolor,Slaty-blue Flycatcher,0.7011,psl6,2024,06,17,07
222.0,225.0,Copsychus albospecularis,Madagascar Magpie-Robin,0.7533,psl6,2024,06,17,07
234.0,237.0,Ficedula tricolor,Slaty-blue Flycatcher,0.6861,psl6,2024,06,17,07
237.0,240.0,Larvivora brunnea,Indian Blue Robin,0.9744,psl6,2024,06,17,07
261.0,264.0,Larvivora brunnea,Indian Blue Robin,0.8165,psl6,2024,06,17,07
282.0,285.0,Larvivora brunnea,Indian Blue Robin,0.943,psl6,2024,06,17,07
294.0,297.0,Larvivora brunnea,Indian Blue Robin,0.7308,psl6,2024,06,17,07
306.0,309.0,Larvivora brunnea,Indian Blue Robin,0.8975,psl6,2024,06,17,07
315.0,318.0,Larvivora brunnea,Indian Blue Robin,0.9164,psl6,2024,06,17,07
327.0,330.0,Larvivora brunnea,Indian Blue Robin,0.8108,psl6,2024,06,17,07
336.0,339.0,Larvivora brunnea,Indian Blue Robin,0.9687,psl6,2024,06,17,07
339.0,342.0,Larvivora brunnea,Indian Blue Robin,0.5352,psl6,2024,06,17,07
345.0,348.0,Lophorina superba,Greater Lophorina,0.5201,psl6,2024,06,17,07
360.0,363.0,Larvivora brunnea,Indian Blue Robin,0.6328,psl6,2024,06,17,07
363.0,366.0,Larvivora brunnea,Indian Blue Robin,0.9725,psl6,2024,06,17,07
372.0,375.0,Larvivora brunnea,Indian Blue Robin,0.9392,psl6,2024,06,17,07
384.0,387.0,Larvivora brunnea,Indian Blue Robin,0.6644,psl6,2024,06,17,07
393.0,396.0,Larvivora brunnea,Indian Blue Robin,0.9925,psl6,2024,06,17,07
417.0,420.0,Larvivora brunnea,Indian Blue Robin,0.7292,psl6,2024,06,17,07
423.0,426.0,Anthus hodgsoni,Olive-backed Pipit,0.5227,psl6,2024,06,17,07
429.0,432.0,Larvivora brunnea,Indian Blue Robin,0.8256,psl6,2024,06,17,07
447.0,450.0,Ficedula tricolor,Slaty-blue Flycatcher,0.6474,psl6,2024,06,17,07
465.0,468.0,Larvivora brunnea,Indian Blue Robin,0.7094,psl6,2024,06,17,07
492.0,495.0,Larvivora brunnea,Indian Blue Robin,0.9664,psl6,2024,06,17,07
504.0,507.0,Larvivora brunnea,Indian Blue Robin,0.9733,psl6,2024,06,17,07
516.0,519.0,Larvivora brunnea,Indian Blue Robin,0.7888,psl6,2024,06,17,07
519.0,522.0,Larvivora brunnea,Indian Blue Robin,0.8295,psl6,2024,06,17,07
534.0,537.0,Larvivora brunnea,Indian Blue Robin,0.9077,psl6,2024,06,17,07
537.0,540.0,Larvivora brunnea,Indian Blue Robin,0.6626,psl6,2024,06,17,07
549.0,552.0,Larvivora brunnea,Indian Blue Robin,0.9895,psl6,2024,06,17,07
561.0,564.0,Larvivora brunnea,Indian Blue Robin,0.7789,psl6,2024,06,17,07
561.0,564.0,Phylloscopus magnirostris,Large-billed Leaf Warbler,0.6295,psl6,2024,06,17,07
564.0,567.0,Larvivora brunnea,Indian Blue Robin,0.9124,psl6,2024,06,17,07
579.0,582.0,Larvivora brunnea,Indian Blue Robin,0.9599,psl6,2024,06,17,07
594.0,597.0,Larvivora brunnea,Indian Blue Robin,0.7148,psl6,2024,06,17,07
600.0,603.0,Carpodacus erythrinus,Common Rosefinch,0.8138,psl6,2024,06,17,07
603.0,606.0,Carpodacus erythrinus,Common Rosefinch,0.6026,psl6,2024,06,17,07
612.0,615.0,Carpodacus erythrinus,Common Rosefinch,0.9479,psl6,2024,06,17,07
618.0,621.0,Carpodacus erythrinus,Common Rosefinch,0.7061,psl6,2024,06,17,07
621.0,624.0,Larvivora brunnea,Indian Blue Robin,0.9204,psl6,2024,06,17,07
630.0,633.0,Carpodacus erythrinus,Common Rosefinch,0.9971,psl6,2024,06,17,07
636.0,639.0,Larvivora brunnea,Indian Blue Robin,0.8768,psl6,2024,06,17,07
639.0,642.0,Carpodacus erythrinus,Common Rosefinch,0.6491,psl6,2024,06,17,07
645.0,648.0,Carpodacus erythrinus,Common Rosefinch,0.6845,psl6,2024,06,17,07
648.0,651.0,Larvivora brunnea,Indian Blue Robin,0.9588,psl6,2024,06,17,07
660.0,663.0,Larvivora brunnea,Indian Blue Robin,0.9629,psl6,2024,06,17,07
663.0,666.0,Larvivora brunnea,Indian Blue Robin,0.876,psl6,2024,06,17,07
678.0,681.0,Larvivora brunnea,Indian Blue Robin,0.9895,psl6,2024,06,17,07
690.0,693.0,Anthus hodgsoni,Olive-backed Pipit,0.5869,psl6,2024,06,17,07
693.0,696.0,Larvivora brunnea,Indian Blue Robin,0.9927,psl6,2024,06,17,07
696.0,699.0,Luscinia phaenicuroides,White-bellied Redstart,0.6004,psl6,2024,06,17,07
711.0,714.0,Larvivora brunnea,Indian Blue Robin,0.993,psl6,2024,06,17,07
726.0,729.0,Larvivora brunnea,Indian Blue Robin,0.8778,psl6,2024,06,17,07
729.0,732.0,Larvivora brunnea,Indian Blue Robin,0.725,psl6,2024,06,17,07
738.0,741.0,Larvivora brunnea,Indian Blue Robin,0.9902,psl6,2024,06,17,07
750.0,753.0,Larvivora brunnea,Indian Blue Robin,0.9943,psl6,2024,06,17,07
774.0,777.0,Larvivora brunnea,Indian Blue Robin,0.8291,psl6,2024,06,17,07
774.0,777.0,Phylloscopus magnirostris,Large-billed Leaf Warbler,0.5202,psl6,2024,06,17,07
777.0,780.0,Larvivora brunnea,Indian Blue Robin,0.7883,psl6,2024,06,17,07
807.0,810.0,Larvivora brunnea,Indian Blue Robin,0.9681,psl6,2024,06,17,07
840.0,843.0,Larvivora brunnea,Indian Blue Robin,0.9917,psl6,2024,06,17,07
855.0,858.0,Larvivora brunnea,Indian Blue Robin,0.9698,psl6,2024,06,17,07
879.0,882.0,Larvivora brunnea,Indian Blue Robin,0.9097,psl6,2024,06,17,07
879.0,882.0,Phylloscopus magnirostris,Large-billed Leaf Warbler,0.7046,psl6,2024,06,17,07
882.0,885.0,Larvivora brunnea,Indian Blue Robin,0.9856,psl6,2024,06,17,07
15.0,18.0,Ficedula tricolor,Slaty-blue Flycatcher,0.6427,psl6,2024,06,17,08
36.0,39.0,Ficedula tricolor,Slaty-blue Flycatcher,0.5378,psl6,2024,06,17,08
48.0,51.0,Ficedula tricolor,Slaty-blue Flycatcher,0.6514,psl6,2024,06,17,08
75.0,78.0,Ficedula tricolor,Slaty-blue Flycatcher,0.6253,psl6,2024,06,17,08
105.0,108.0,Atlapetes melanolaemus,Black-faced Brushfinch,0.5369,psl6,2024,06,17,08
111.0,114.0,Phylloscopus trochiloides,Greenish Warbler,0.7993,psl6,2024,06,17,08
111.0,114.0,Phylloscopus nitidus,Green Warbler,0.513,psl6,2024,06,17,08
126.0,129.0,Phylloscopus trochiloides,Greenish Warbler,0.9299,psl6,2024,06,17,08
150.0,153.0,Copsychus albospecularis,Madagascar Magpie-Robin,0.8298,psl6,2024,06,17,08
171.0,174.0,Phylloscopus trochiloides,Greenish Warbler,0.553,psl6,2024,06,17,08
174.0,177.0,Copsychus albospecularis,Madagascar Magpie-Robin,0.6041,psl6,2024,06,17,08
288.0,291.0,Phylloscopus trochiloides,Greenish Warbler,0.5242,psl6,2024,06,17,08
318.0,321.0,Larvivora brunnea,Indian Blue Robin,0.5436,psl6,2024,06,17,08
339.0,342.0,Ficedula tricolor,Slaty-blue Flycatcher,0.5799,psl6,2024,06,17,08
384.0,387.0,Copsychus albospecularis,Madagascar Magpie-Robin,0.6417,psl6,2024,06,17,08
501.0,504.0,Larvivora brunnea,Indian Blue Robin,0.8173,psl6,2024,06,17,08
513.0,516.0,Larvivora brunnea,Indian Blue Robin,0.5344,psl6,2024,06,17,08
534.0,537.0,Larvivora brunnea,Indian Blue Robin,0.5141,psl6,2024,06,17,08
579.0,582.0,Lophorina superba,Greater Lophorina,0.6075,psl6,2024,06,17,08
588.0,591.0,Larvivora brunnea,Indian Blue Robin,0.6435,psl6,2024,06,17,08
612.0,615.0,Larvivora brunnea,Indian Blue Robin,0.7491,psl6,2024,06,17,08
642.0,645.0,Larvivora brunnea,Indian Blue Robin,0.7316,psl6,2024,06,17,08
651.0,654.0,Ficedula tricolor,Slaty-blue Flycatcher,0.7092,psl6,2024,06,17,08
660.0,663.0,Larvivora brunnea,Indian Blue Robin,0.8038,psl6,2024,06,17,08
669.0,672.0,Ficedula tricolor,Slaty-blue Flycatcher,0.7053,psl6,2024,06,17,08
681.0,684.0,Larvivora brunnea,Indian Blue Robin,0.5659,psl6,2024,06,17,08
738.0,741.0,Larvivora brunnea,Indian Blue Robin,0.8701,psl6,2024,06,17,08
753.0,756.0,Larvivora brunnea,Indian Blue Robin,0.923,psl6,2024,06,17,08
807.0,810.0,Ficedula tricolor,Slaty-blue Flycatcher,0.6772,psl6,2024,06,17,08
831.0,834.0,Larvivora brunnea,Indian Blue Robin,0.9505,psl6,2024,06,17,08
834.0,837.0,Larvivora brunnea,Indian Blue Robin,0.6181,psl6,2024,06,17,08
840.0,843.0,Ficedula tricolor,Slaty-blue Flycatcher,0.5668,psl6,2024,06,17,08
855.0,858.0,Larvivora brunnea,Indian Blue Robin,0.9805,psl6,2024,06,17,08
864.0,867.0,Ficedula tricolor,Slaty-blue Flycatcher,0.5391,psl6,2024,06,17,08
867.0,870.0,Larvivora brunnea,Indian Blue Robin,0.9618,psl6,2024,06,17,08
876.0,879.0,Atlapetes melanolaemus,Black-faced Brushfinch,0.5364,psl6,2024,06,17,08
891.0,894.0,Copsychus albospecularis,Madagascar Magpie-Robin,0.6218,psl6,2024,06,17,08
897.0,900.0,Larvivora brunnea,Indian Blue Robin,0.5351,psl6,2024,06,17,08
12.0,15.0,Copsychus albospecularis,Madagascar Magpie-Robin,0.5474,psl6,2024,06,17,09
78.0,81.0,Ficedula tricolor,Slaty-blue Flycatcher,0.5654,psl6,2024,06,17,09
102.0,105.0,Ficedula tricolor,Slaty-blue Flycatcher,0.7431,psl6,2024,06,17,09
102.0,105.0,Cettia castaneocoronata,Chestnut-headed Tesia,0.567,psl6,2024,06,17,09
108.0,111.0,Ficedula tricolor,Slaty-blue Flycatcher,0.6739,psl6,2024,06,17,09
141.0,144.0,Copsychus albospecularis,Madagascar Magpie-Robin,0.7292,psl6,2024,06,17,09
156.0,159.0,Copsychus albospecularis,Madagascar Magpie-Robin,0.6845,psl6,2024,06,17,09
183.0,186.0,Tarsiger rufilatus,Himalayan Bluetail,0.6164,psl6,2024,06,17,09
192.0,195.0,Ficedula tricolor,Slaty-blue Flycatcher,0.7236,psl6,2024,06,17,09
195.0,198.0,Tarsiger rufilatus,Himalayan Bluetail,0.6769,psl6,2024,06,17,09
207.0,210.0,Tarsiger rufilatus,Himalayan Bluetail,0.5478,psl6,2024,06,17,09
210.0,213.0,Tarsiger rufilatus,Himalayan Bluetail,0.7704,psl6,2024,06,17,09
213.0,216.0,Tarsiger rufilatus,Himalayan Bluetail,0.8304,psl6,2024,06,17,09
216.0,219.0,Tarsiger rufilatus,Himalayan Bluetail,0.9678,psl6,2024,06,17,09
252.0,255.0,Phylloscopus trochiloides,Greenish Warbler,0.6472,psl6,2024,06,17,09
324.0,327.0,Phylloscopus affinis,Tickell's Leaf Warbler,0.6258,psl6,2024,06,17,09
333.0,336.0,Phylloscopus nitidus,Green Warbler,0.6189,psl6,2024,06,17,09
552.0,555.0,Tarsiger rufilatus,Himalayan Bluetail,0.6376,psl6,2024,06,17,09
561.0,564.0,Luscinia phaenicuroides,White-bellied Redstart,0.5902,psl6,2024,06,17,09
567.0,570.0,Calliope pectardens,Firethroat,0.6325,psl6,2024,06,17,09
603.0,606.0,Tarsiger rufilatus,Himalayan Bluetail,0.695,psl6,2024,06,17,09
609.0,612.0,Calliope pectardens,Firethroat,0.8946,psl6,2024,06,17,09
609.0,612.0,Tarsiger rufilatus,Himalayan Bluetail,0.6155,psl6,2024,06,17,09
618.0,621.0,Phylloscopus trochiloides,Greenish Warbler,0.7213,psl6,2024,06,17,09
624.0,627.0,Tarsiger rufilatus,Himalayan Bluetail,0.6751,psl6,2024,06,17,09
642.0,645.0,Tarsiger rufilatus,Himalayan Bluetail,0.7218,psl6,2024,06,17,09
648.0,651.0,Calliope pectardens,Firethroat,0.8146,psl6,2024,06,17,09
648.0,651.0,Phylloscopus intermedius,White-spectacled Warbler,0.6577,psl6,2024,06,17,09
669.0,672.0,Tarsiger rufilatus,Himalayan Bluetail,0.6676,psl6,2024,06,17,09
669.0,672.0,Calliope pectardens,Firethroat,0.5749,psl6,2024,06,17,09
672.0,675.0,Calliope pectardens,Firethroat,0.8405,psl6,2024,06,17,09
678.0,681.0,Tarsiger rufilatus,Himalayan Bluetail,0.9041,psl6,2024,06,17,09
678.0,681.0,Tarsiger indicus,White-browed Bush-Robin,0.6187,psl6,2024,06,17,09
693.0,696.0,Tarsiger rufilatus,Himalayan Bluetail,0.7395,psl6,2024,06,17,09
717.0,720.0,Larvivora brunnea,Indian Blue Robin,0.5812,psl6,2024,06,17,09
750.0,753.0,Ficedula tricolor,Slaty-blue Flycatcher,0.6248,psl6,2024,06,17,09
753.0,756.0,Larvivora brunnea,Indian Blue Robin,0.7191,psl6,2024,06,17,09
756.0,759.0,Larvivora brunnea,Indian Blue Robin,0.5338,psl6,2024,06,17,09
765.0,768.0,Calliope pectardens,Firethroat,0.6886,psl6,2024,06,17,09
771.0,774.0,Cyanoptila cyanomelana,Blue-and-white Flycatcher,0.5948,psl6,2024,06,17,09
798.0,801.0,Tarsiger rufilatus,Himalayan Bluetail,0.5226,psl6,2024,06,17,09
813.0,816.0,Tarsiger rufilatus,Himalayan Bluetail,0.5984,psl6,2024,06,17,09
813.0,816.0,Calliope pectardens,Firethroat,0.5578,psl6,2024,06,17,09
819.0,822.0,Tarsiger rufilatus,Himalayan Bluetail,0.5637,psl6,2024,06,17,09
819.0,822.0,Calliope pectardens,Firethroat,0.5184,psl6,2024,06,17,09
822.0,825.0,Tarsiger rufilatus,Himalayan Bluetail,0.6481,psl6,2024,06,17,09
828.0,831.0,Tarsiger rufilatus,Himalayan Bluetail,0.8185,psl6,2024,06,17,09
831.0,834.0,Larvivora brunnea,Indian Blue Robin,0.569,psl6,2024,06,17,09
849.0,852.0,Tarsiger rufilatus,Himalayan Bluetail,0.7595,psl6,2024,06,17,09
849.0,852.0,Calliope pectardens,Firethroat,0.5986,psl6,2024,06,17,09
858.0,861.0,Cyanoptila cyanomelana,Blue-and-white Flycatcher,0.7252,psl6,2024,06,17,09
867.0,870.0,Ficedula tricolor,Slaty-blue Flycatcher,0.914,psl6,2024,06,17,09
870.0,873.0,Tarsiger rufilatus,Himalayan Bluetail,0.5847,psl6,2024,06,17,09
891.0,894.0,Tarsiger rufilatus,Himalayan Bluetail,0.7393,psl6,2024,06,17,09
897.0,900.0,Tarsiger rufilatus,Himalayan Bluetail,0.9017,psl6,2024,06,17,09
897.0,900.0,Tarsiger indicus,White-browed Bush-Robin,0.8791,psl6,2024,06,17,09
18.0,21.0,Larvivora brunnea,Indian Blue Robin,0.945,psl6,2024,06,18,06
60.0,63.0,Larvivora brunnea,Indian Blue Robin,0.9789,psl6,2024,06,18,06
78.0,81.0,Phylloscopus trochiloides,Greenish Warbler,0.6141,psl6,2024,06,18,06
84.0,87.0,Larvivora brunnea,Indian Blue Robin,0.9834,psl6,2024,06,18,06
90.0,93.0,Phylloscopus nitidus,Green Warbler,0.6708,psl6,2024,06,18,06
99.0,102.0,Phylloscopus trochiloides,Greenish Warbler,0.5575,psl6,2024,06,18,06
102.0,105.0,Larvivora brunnea,Indian Blue Robin,0.8044,psl6,2024,06,18,06
105.0,108.0,Larvivora brunnea,Indian Blue Robin,0.8396,psl6,2024,06,18,06
108.0,111.0,Phylloscopus trochiloides,Greenish Warbler,0.5465,psl6,2024,06,18,06
114.0,117.0,Larvivora brunnea,Indian Blue Robin,0.9047,psl6,2024,06,18,06
120.0,123.0,Phylloscopus trochiloides,Greenish Warbler,0.522,psl6,2024,06,18,06
123.0,126.0,Larvivora brunnea,Indian Blue Robin,0.6123,psl6,2024,06,18,06
132.0,135.0,Larvivora brunnea,Indian Blue Robin,0.9466,psl6,2024,06,18,06
141.0,144.0,Larvivora brunnea,Indian Blue Robin,0.9839,psl6,2024,06,18,06
150.0,153.0,Larvivora brunnea,Indian Blue Robin,0.971,psl6,2024,06,18,06
153.0,156.0,Phylloscopus nitidus,Green Warbler,0.8952,psl6,2024,06,18,06
153.0,156.0,Phylloscopus trochiloides,Greenish Warbler,0.7244,psl6,2024,06,18,06
159.0,162.0,Larvivora brunnea,Indian Blue Robin,0.6782,psl6,2024,06,18,06
168.0,171.0,Larvivora brunnea,Indian Blue Robin,0.7622,psl6,2024,06,18,06
171.0,174.0,Larvivora brunnea,Indian Blue Robin,0.7681,psl6,2024,06,18,06
183.0,186.0,Larvivora brunnea,Indian Blue Robin,0.9882,psl6,2024,06,18,06
189.0,192.0,Phylloscopus nitidus,Green Warbler,0.7645,psl6,2024,06,18,06
189.0,192.0,Phylloscopus trochiloides,Greenish Warbler,0.7351,psl6,2024,06,18,06
192.0,195.0,Larvivora brunnea,Indian Blue Robin,0.8202,psl6,2024,06,18,06
198.0,201.0,Phylloscopus trochiloides,Greenish Warbler,0.8863,psl6,2024,06,18,06
204.0,207.0,Larvivora brunnea,Indian Blue Robin,0.7161,psl6,2024,06,18,06
210.0,213.0,Phylloscopus nitidus,Green Warbler,0.7757,psl6,2024,06,18,06
216.0,219.0,Larvivora brunnea,Indian Blue Robin,0.9467,psl6,2024,06,18,06
216.0,219.0,Phylloscopus magnirostris,Large-billed Leaf Warbler,0.5276,psl6,2024,06,18,06
240.0,243.0,Larvivora brunnea,Indian Blue Robin,0.6189,psl6,2024,06,18,06
243.0,246.0,Phylloscopus nitidus,Green Warbler,0.6638,psl6,2024,06,18,06
249.0,252.0,Larvivora brunnea,Indian Blue Robin,0.6745,psl6,2024,06,18,06
252.0,255.0,Larvivora brunnea,Indian Blue Robin,0.6198,psl6,2024,06,18,06
255.0,258.0,Phylloscopus nitidus,Green Warbler,0.5213,psl6,2024,06,18,06
258.0,261.0,Ficedula tricolor,Slaty-blue Flycatcher,0.5058,psl6,2024,06,18,06
261.0,264.0,Larvivora brunnea,Indian Blue Robin,0.6888,psl6,2024,06,18,06
264.0,267.0,Larvivora brunnea,Indian Blue Robin,0.7731,psl6,2024,06,18,06
285.0,288.0,Larvivora brunnea,Indian Blue Robin,0.9963,psl6,2024,06,18,06
297.0,300.0,Larvivora brunnea,Indian Blue Robin,0.9232,psl6,2024,06,18,06
309.0,312.0,Larvivora brunnea,Indian Blue Robin,0.9863,psl6,2024,06,18,06
318.0,321.0,Larvivora brunnea,Indian Blue Robin,0.5432,psl6,2024,06,18,06
327.0,330.0,Phylloscopus trochiloides,Greenish Warbler,0.5703,psl6,2024,06,18,06
342.0,345.0,Larvivora brunnea,Indian Blue Robin,0.9853,psl6,2024,06,18,06
348.0,351.0,Phylloscopus trochiloides,Greenish Warbler,0.5945,psl6,2024,06,18,06
351.0,354.0,Ficedula tricolor,Slaty-blue Flycatcher,0.5898,psl6,2024,06,18,06
354.0,357.0,Larvivora brunnea,Indian Blue Robin,0.9978,psl6,2024,06,18,06
366.0,369.0,Larvivora brunnea,Indian Blue Robin,0.9206,psl6,2024,06,18,06
366.0,369.0,Ficedula tricolor,Slaty-blue Flycatcher,0.5221,psl6,2024,06,18,06
378.0,381.0,Larvivora brunnea,Indian Blue Robin,0.9743,psl6,2024,06,18,06
381.0,384.0,Phylloscopus nitidus,Green Warbler,0.7353,psl6,2024,06,18,06
381.0,384.0,Phylloscopus trochiloides,Greenish Warbler,0.648,psl6,2024,06,18,06
399.0,402.0,Larvivora brunnea,Indian Blue Robin,0.7971,psl6,2024,06,18,06
402.0,405.0,Larvivora brunnea,Indian Blue Robin,0.9155,psl6,2024,06,18,06
405.0,408.0,Phylloscopus trochiloides,Greenish Warbler,0.5208,psl6,2024,06,18,06
420.0,423.0,Ficedula tricolor,Slaty-blue Flycatcher,0.5358,psl6,2024,06,18,06
423.0,426.0,Larvivora brunnea,Indian Blue Robin,0.9898,psl6,2024,06,18,06
441.0,444.0,Ficedula tricolor,Slaty-blue Flycatcher,0.7591,psl6,2024,06,18,06
447.0,450.0,Larvivora brunnea,Indian Blue Robin,0.976,psl6,2024,06,18,06
450.0,453.0,Phylloscopus nitidus,Green Warbler,0.7233,psl6,2024,06,18,06
450.0,453.0,Phylloscopus trochiloides,Greenish Warbler,0.6808,psl6,2024,06,18,06
498.0,501.0,Larvivora brunnea,Indian Blue Robin,0.9902,psl6,2024,06,18,06
498.0,501.0,Phylloscopus magnirostris,Large-billed Leaf Warbler,0.5016,psl6,2024,06,18,06
546.0,549.0,Phylloscopus trochiloides,Greenish Warbler,0.5867,psl6,2024,06,18,06
561.0,564.0,Larvivora brunnea,Indian Blue Robin,0.993,psl6,2024,06,18,06
567.0,570.0,Phylloscopus trochiloides,Greenish Warbler,0.5562,psl6,2024,06,18,06
573.0,576.0,Larvivora brunnea,Indian Blue Robin,0.9838,psl6,2024,06,18,06
621.0,624.0,Phylloscopus trochiloides,Greenish Warbler,0.5235,psl6,2024,06,18,06
669.0,672.0,Phylloscopus trochiloides,Greenish Warbler,0.5372,psl6,2024,06,18,06
672.0,675.0,Larvivora brunnea,Indian Blue Robin,0.9979,psl6,2024,06,18,06
678.0,681.0,Phylloscopus trochiloides,Greenish Warbler,0.5633,psl6,2024,06,18,06
687.0,690.0,Larvivora brunnea,Indian Blue Robin,0.9946,psl6,2024,06,18,06
708.0,711.0,Larvivora brunnea,Indian Blue Robin,0.968,psl6,2024,06,18,06
708.0,711.0,Phylloscopus magnirostris,Large-billed Leaf Warbler,0.8531,psl6,2024,06,18,06
711.0,714.0,Larvivora brunnea,Indian Blue Robin,0.9804,psl6,2024,06,18,06
723.0,726.0,Larvivora brunnea,Indian Blue Robin,0.9956,psl6,2024,06,18,06
726.0,729.0,Ficedula tricolor,Slaty-blue Flycatcher,0.5247,psl6,2024,06,18,06
732.0,735.0,Larvivora brunnea,Indian Blue Robin,0.9958,psl6,2024,06,18,06
735.0,738.0,Larvivora cyane,Siberian Blue Robin,0.5139,psl6,2024,06,18,06
744.0,747.0,Larvivora brunnea,Indian Blue Robin,0.9901,psl6,2024,06,18,06
753.0,756.0,Larvivora brunnea,Indian Blue Robin,0.9176,psl6,2024,06,18,06
753.0,756.0,Phylloscopus magnirostris,Large-billed Leaf Warbler,0.5573,psl6,2024,06,18,06
756.0,759.0,Larvivora brunnea,Indian Blue Robin,0.9192,psl6,2024,06,18,06
765.0,768.0,Larvivora brunnea,Indian Blue Robin,0.9239,psl6,2024,06,18,06
768.0,771.0,Larvivora brunnea,Indian Blue Robin,0.9173,psl6,2024,06,18,06
777.0,780.0,Larvivora brunnea,Indian Blue Robin,0.9862,psl6,2024,06,18,06
789.0,792.0,Larvivora brunnea,Indian Blue Robin,0.9642,psl6,2024,06,18,06
798.0,801.0,Larvivora brunnea,Indian Blue Robin,0.9988,psl6,2024,06,18,06
807.0,810.0,Phylloscopus magnirostris,Large-billed Leaf Warbler,0.9565,psl6,2024,06,18,06
807.0,810.0,Larvivora brunnea,Indian Blue Robin,0.659,psl6,2024,06,18,06
810.0,813.0,Larvivora brunnea,Indian Blue Robin,0.8117,psl6,2024,06,18,06
819.0,822.0,Larvivora brunnea,Indian Blue Robin,0.9706,psl6,2024,06,18,06
831.0,834.0,Larvivora brunnea,Indian Blue Robin,0.9982,psl6,2024,06,18,06
840.0,843.0,Larvivora brunnea,Indian Blue Robin,0.9772,psl6,2024,06,18,06
840.0,843.0,Phylloscopus magnirostris,Large-billed Leaf Warbler,0.637,psl6,2024,06,18,06
843.0,846.0,Larvivora brunnea,Indian Blue Robin,0.561,psl6,2024,06,18,06
852.0,855.0,Larvivora brunnea,Indian Blue Robin,0.9977,psl6,2024,06,18,06
861.0,864.0,Larvivora brunnea,Indian Blue Robin,0.5801,psl6,2024,06,18,06
864.0,867.0,Larvivora brunnea,Indian Blue Robin,0.9936,psl6,2024,06,18,06
873.0,876.0,Larvivora brunnea,Indian Blue Robin,0.9137,psl6,2024,06,18,06
876.0,879.0,Larvivora brunnea,Indian Blue Robin,0.9914,psl6,2024,06,18,06
885.0,888.0,Larvivora brunnea,Indian Blue Robin,0.9556,psl6,2024,06,18,06
888.0,891.0,Larvivora brunnea,Indian Blue Robin,0.931,psl6,2024,06,18,06
897.0,900.0,Larvivora brunnea,Indian Blue Robin,0.9953,psl6,2024,06,18,06
75.0,78.0,Lophorina superba,Greater Lophorina,0.5944,psl6,2024,06,18,07
183.0,186.0,Phylloscopus trochiloides,Greenish Warbler,0.783,psl6,2024,06,18,07
186.0,189.0,Phylloscopus trochiloides,Greenish Warbler,0.519,psl6,2024,06,18,07
369.0,372.0,Phylloscopus reguloides,Blyth's Leaf Warbler,0.6828,psl6,2024,06,18,07
378.0,381.0,Phylloscopus reguloides,Blyth's Leaf Warbler,0.5924,psl6,2024,06,18,07
402.0,405.0,Phylloscopus nitidus,Green Warbler,0.629,psl6,2024,06,18,07
420.0,423.0,Phylloscopus trochiloides,Greenish Warbler,0.5563,psl6,2024,06,18,07
453.0,456.0,Phylloscopus nitidus,Green Warbler,0.8617,psl6,2024,06,18,07
456.0,459.0,Larvivora brunnea,Indian Blue Robin,0.5001,psl6,2024,06,18,07
465.0,468.0,Phylloscopus magnirostris,Large-billed Leaf Warbler,0.6285,psl6,2024,06,18,07
465.0,468.0,Larvivora brunnea,Indian Blue Robin,0.5484,psl6,2024,06,18,07
468.0,471.0,Larvivora brunnea,Indian Blue Robin,0.9869,psl6,2024,06,18,07
492.0,495.0,Phylloscopus magnirostris,Large-billed Leaf Warbler,0.8136,psl6,2024,06,18,07
492.0,495.0,Larvivora brunnea,Indian Blue Robin,0.5045,psl6,2024,06,18,07
495.0,498.0,Larvivora brunnea,Indian Blue Robin,0.9416,psl6,2024,06,18,07
501.0,504.0,Phylloscopus magnirostris,Large-billed Leaf Warbler,0.7647,psl6,2024,06,18,07
501.0,504.0,Larvivora brunnea,Indian Blue Robin,0.6386,psl6,2024,06,18,07
507.0,510.0,Larvivora brunnea,Indian Blue Robin,0.997,psl6,2024,06,18,07
510.0,513.0,Larvivora cyane,Siberian Blue Robin,0.5211,psl6,2024,06,18,07
516.0,519.0,Larvivora brunnea,Indian Blue Robin,0.9978,psl6,2024,06,18,07
522.0,525.0,Larvivora brunnea,Indian Blue Robin,0.925,psl6,2024,06,18,07
525.0,528.0,Larvivora brunnea,Indian Blue Robin,0.9673,psl6,2024,06,18,07
531.0,534.0,Larvivora brunnea,Indian Blue Robin,0.9986,psl6,2024,06,18,07
540.0,543.0,Larvivora brunnea,Indian Blue Robin,0.9841,psl6,2024,06,18,07
543.0,546.0,Phylloscopus trochiloides,Greenish Warbler,0.6302,psl6,2024,06,18,07
546.0,549.0,Phylloscopus magnirostris,Large-billed Leaf Warbler,0.7134,psl6,2024,06,18,07
546.0,549.0,Larvivora brunnea,Indian Blue Robin,0.7132,psl6,2024,06,18,07
549.0,552.0,Larvivora brunnea,Indian Blue Robin,0.9979,psl6,2024,06,18,07
558.0,561.0,Larvivora brunnea,Indian Blue Robin,0.9971,psl6,2024,06,18,07
564.0,567.0,Phylloscopus magnirostris,Large-billed Leaf Warbler,0.7817,psl6,2024,06,18,07
564.0,567.0,Larvivora brunnea,Indian Blue Robin,0.6724,psl6,2024,06,18,07
567.0,570.0,Larvivora brunnea,Indian Blue Robin,0.8654,psl6,2024,06,18,07
573.0,576.0,Larvivora brunnea,Indian Blue Robin,0.9041,psl6,2024,06,18,07
582.0,585.0,Larvivora brunnea,Indian Blue Robin,0.9588,psl6,2024,06,18,07
582.0,585.0,Phylloscopus magnirostris,Large-billed Leaf Warbler,0.5798,psl6,2024,06,18,07
585.0,588.0,Larvivora cyane,Siberian Blue Robin,0.5875,psl6,2024,06,18,07
591.0,594.0,Larvivora brunnea,Indian Blue Robin,0.9886,psl6,2024,06,18,07
600.0,603.0,Larvivora brunnea,Indian Blue Robin,0.9957,psl6,2024,06,18,07
609.0,612.0,Larvivora brunnea,Indian Blue Robin,0.8795,psl6,2024,06,18,07
612.0,615.0,Larvivora brunnea,Indian Blue Robin,0.9956,psl6,2024,06,18,07
621.0,624.0,Larvivora brunnea,Indian Blue Robin,0.6908,psl6,2024,06,18,07
621.0,624.0,Phylloscopus magnirostris,Large-billed Leaf Warbler,0.5485,psl6,2024,06,18,07
624.0,627.0,Larvivora brunnea,Indian Blue Robin,0.9633,psl6,2024,06,18,07
633.0,636.0,Larvivora brunnea,Indian Blue Robin,0.9762,psl6,2024,06,18,07
636.0,639.0,Larvivora brunnea,Indian Blue Robin,0.9523,psl6,2024,06,18,07
645.0,648.0,Larvivora brunnea,Indian Blue Robin,0.9466,psl6,2024,06,18,07
654.0,657.0,Larvivora brunnea,Indian Blue Robin,0.9974,psl6,2024,06,18,07
669.0,672.0,Larvivora brunnea,Indian Blue Robin,0.9963,psl6,2024,06,18,07
681.0,684.0,Larvivora brunnea,Indian Blue Robin,0.99,psl6,2024,06,18,07
684.0,687.0,Larvivora brunnea,Indian Blue Robin,0.6701,psl6,2024,06,18,07
693.0,696.0,Larvivora brunnea,Indian Blue Robin,0.982,psl6,2024,06,18,07
702.0,705.0,Larvivora brunnea,Indian Blue Robin,0.9927,psl6,2024,06,18,07
714.0,717.0,Larvivora brunnea,Indian Blue Robin,0.9974,psl6,2024,06,18,07
723.0,726.0,Larvivora brunnea,Indian Blue Robin,0.9488,psl6,2024,06,18,07
723.0,726.0,Phylloscopus magnirostris,Large-billed Leaf Warbler,0.8221,psl6,2024,06,18,07
726.0,729.0,Larvivora brunnea,Indian Blue Robin,0.6027,psl6,2024,06,18,07
738.0,741.0,Larvivora brunnea,Indian Blue Robin,0.997,psl6,2024,06,18,07
750.0,753.0,Larvivora brunnea,Indian Blue Robin,0.996,psl6,2024,06,18,07
768.0,771.0,Larvivora brunnea,Indian Blue Robin,0.996,psl6,2024,06,18,07
780.0,783.0,Larvivora brunnea,Indian Blue Robin,0.9042,psl6,2024,06,18,07
780.0,783.0,Phylloscopus magnirostris,Large-billed Leaf Warbler,0.7594,psl6,2024,06,18,07
849.0,852.0,Phylloscopus humei,Hume's Warbler,0.5038,psl6,2024,06,18,07
855.0,858.0,Phylloscopus humei,Hume's Warbler,0.7129,psl6,2024,06,18,07
861.0,864.0,Larvivora brunnea,Indian Blue Robin,0.9938,psl6,2024,06,18,07
888.0,891.0,Larvivora brunnea,Indian Blue Robin,0.9605,psl6,2024,06,18,07
51.0,54.0,Phylloscopus occipitalis,Western Crowned Warbler,0.6771,psl6,2024,06,18,08
90.0,93.0,Copsychus albospecularis,Madagascar Magpie-Robin,0.5346,psl6,2024,06,18,08
195.0,198.0,Ficedula tricolor,Slaty-blue Flycatcher,0.6166,psl6,2024,06,18,08
375.0,378.0,Phylloscopus trochiloides,Greenish Warbler,0.5691,psl6,2024,06,18,08
423.0,426.0,Phylloscopus trochiloides,Greenish Warbler,0.5691,psl6,2024,06,18,08
447.0,450.0,Phylloscopus nitidus,Green Warbler,0.6825,psl6,2024,06,18,08
453.0,456.0,Phylloscopus nitidus,Green Warbler,0.6234,psl6,2024,06,18,08
507.0,510.0,Phylloscopus trochiloides,Greenish Warbler,0.5169,psl6,2024,06,18,08
528.0,531.0,Phylloscopus trochiloides,Greenish Warbler,0.9214,psl6,2024,06,18,08
540.0,543.0,Phylloscopus trochiloides,Greenish Warbler,0.8243,psl6,2024,06,18,08
540.0,543.0,Phylloscopus nitidus,Green Warbler,0.5438,psl6,2024,06,18,08
558.0,561.0,Phylloscopus trochiloides,Greenish Warbler,0.5826,psl6,2024,06,18,08
567.0,570.0,Phylloscopus nitidus,Green Warbler,0.7935,psl6,2024,06,18,08
576.0,579.0,Phylloscopus nitidus,Green Warbler,0.8983,psl6,2024,06,18,08
576.0,579.0,Phylloscopus trochiloides,Greenish Warbler,0.6709,psl6,2024,06,18,08
585.0,588.0,Phylloscopus nitidus,Green Warbler,0.5596,psl6,2024,06,18,08
618.0,621.0,Phylloscopus nitidus,Green Warbler,0.7098,psl6,2024,06,18,08
696.0,699.0,Phylloscopus trochiloides,Greenish Warbler,0.5121,psl6,2024,06,18,08
708.0,711.0,Phylloscopus trochiloides,Greenish Warbler,0.6006,psl6,2024,06,18,08
846.0,849.0,Phylloscopus trochiloides,Greenish Warbler,0.5347,psl6,2024,06,18,08
255.0,258.0,Phylloscopus trochiloides,Greenish Warbler,0.6952,psl6,2024,06,18,09
270.0,273.0,Phylloscopus nitidus,Green Warbler,0.7305,psl6,2024,06,18,09
285.0,288.0,Phylloscopus nitidus,Green Warbler,0.7455,psl6,2024,06,18,09
303.0,306.0,Copsychus albospecularis,Madagascar Magpie-Robin,0.64,psl6,2024,06,18,09
360.0,363.0,Phylloscopus trochiloides,Greenish Warbler,0.5418,psl6,2024,06,18,09
468.0,471.0,Phylloscopus trochiloides,Greenish Warbler,0.506,psl6,2024,06,18,09
0.0,3.0,Larvivora brunnea,Indian Blue Robin,0.9994,psl6,2024,06,19,06
3.0,6.0,Bradypterus barratti,Barratt's Warbler,0.6803,psl6,2024,06,19,06
12.0,15.0,Larvivora brunnea,Indian Blue Robin,0.983,psl6,2024,06,19,06
15.0,18.0,Larvivora brunnea,Indian Blue Robin,0.9788,psl6,2024,06,19,06
24.0,27.0,Larvivora brunnea,Indian Blue Robin,0.9988,psl6,2024,06,19,06
36.0,39.0,Larvivora brunnea,Indian Blue Robin,0.9989,psl6,2024,06,19,06
45.0,48.0,Larvivora brunnea,Indian Blue Robin,0.9968,psl6,2024,06,19,06
48.0,51.0,Ficedula hypoleuca,European Pied Flycatcher,0.7741,psl6,2024,06,19,06
54.0,57.0,Larvivora brunnea,Indian Blue Robin,0.8051,psl6,2024,06,19,06
54.0,57.0,Phylloscopus magnirostris,Large-billed Leaf Warbler,0.7949,psl6,2024,06,19,06
57.0,60.0,Larvivora brunnea,Indian Blue Robin,0.9821,psl6,2024,06,19,06
66.0,69.0,Larvivora brunnea,Indian Blue Robin,0.998,psl6,2024,06,19,06
78.0,81.0,Larvivora brunnea,Indian Blue Robin,0.993,psl6,2024,06,19,06
78.0,81.0,Phylloscopus magnirostris,Large-billed Leaf Warbler,0.6016,psl6,2024,06,19,06
87.0,90.0,Phylloscopus magnirostris,Large-billed Leaf Warbler,0.606,psl6,2024,06,19,06
90.0,93.0,Larvivora brunnea,Indian Blue Robin,0.8239,psl6,2024,06,19,06
90.0,93.0,Phylloscopus magnirostris,Large-billed Leaf Warbler,0.6926,psl6,2024,06,19,06
90.0,93.0,Luscinia phaenicuroides,White-bellied Redstart,0.5164,psl6,2024,06,19,06
93.0,96.0,Larvivora brunnea,Indian Blue Robin,0.9974,psl6,2024,06,19,06
99.0,102.0,Larvivora brunnea,Indian Blue Robin,0.6452,psl6,2024,06,19,06
99.0,102.0,Phylloscopus magnirostris,Large-billed Leaf Warbler,0.5241,psl6,2024,06,19,06
102.0,105.0,Larvivora brunnea,Indian Blue Robin,0.9968,psl6,2024,06,19,06
111.0,114.0,Larvivora brunnea,Indian Blue Robin,0.9822,psl6,2024,06,19,06
114.0,117.0,Larvivora brunnea,Indian Blue Robin,0.8298,psl6,2024,06,19,06
123.0,126.0,Larvivora brunnea,Indian Blue Robin,0.9975,psl6,2024,06,19,06
132.0,135.0,Larvivora brunnea,Indian Blue Robin,0.8484,psl6,2024,06,19,06
132.0,135.0,Phylloscopus magnirostris,Large-billed Leaf Warbler,0.84,psl6,2024,06,19,06
135.0,138.0,Larvivora brunnea,Indian Blue Robin,0.9729,psl6,2024,06,19,06
144.0,147.0,Phylloscopus magnirostris,Large-billed Leaf Warbler,0.7239,psl6,2024,06,19,06
147.0,150.0,Larvivora brunnea,Indian Blue Robin,0.9984,psl6,2024,06,19,06
156.0,159.0,Phylloscopus magnirostris,Large-billed Leaf Warbler,0.9062,psl6,2024,06,19,06
156.0,159.0,Larvivora brunnea,Indian Blue Robin,0.8793,psl6,2024,06,19,06
159.0,162.0,Larvivora brunnea,Indian Blue Robin,0.997,psl6,2024,06,19,06
192.0,195.0,Phylloscopus magnirostris,Large-billed Leaf Warbler,0.5628,psl6,2024,06,19,06
195.0,198.0,Larvivora brunnea,Indian Blue Robin,0.8803,psl6,2024,06,19,06
198.0,201.0,Larvivora brunnea,Indian Blue Robin,0.9975,psl6,2024,06,19,06
207.0,210.0,Larvivora brunnea,Indian Blue Robin,0.5129,psl6,2024,06,19,06
210.0,213.0,Larvivora brunnea,Indian Blue Robin,0.9925,psl6,2024,06,19,06
222.0,225.0,Larvivora brunnea,Indian Blue Robin,0.9972,psl6,2024,06,19,06
231.0,234.0,Larvivora brunnea,Indian Blue Robin,0.96,psl6,2024,06,19,06
231.0,234.0,Phylloscopus magnirostris,Large-billed Leaf Warbler,0.59,psl6,2024,06,19,06
234.0,237.0,Larvivora brunnea,Indian Blue Robin,0.9475,psl6,2024,06,19,06
246.0,249.0,Larvivora brunnea,Indian Blue Robin,0.9978,psl6,2024,06,19,06
255.0,258.0,Larvivora brunnea,Indian Blue Robin,0.94,psl6,2024,06,19,06
255.0,258.0,Phylloscopus magnirostris,Large-billed Leaf Warbler,0.8291,psl6,2024,06,19,06
258.0,261.0,Larvivora brunnea,Indian Blue Robin,0.9995,psl6,2024,06,19,06
261.0,264.0,Trochalopteron variegatum,Variegated Laughingthrush,0.8868,psl6,2024,06,19,06
264.0,267.0,Larvivora brunnea,Indian Blue Robin,0.8716,psl6,2024,06,19,06
267.0,270.0,Larvivora brunnea,Indian Blue Robin,0.9842,psl6,2024,06,19,06
273.0,276.0,Trochalopteron variegatum,Variegated Laughingthrush,0.7661,psl6,2024,06,19,06
276.0,279.0,Larvivora brunnea,Indian Blue Robin,0.9983,psl6,2024,06,19,06
279.0,282.0,Trochalopteron variegatum,Variegated Laughingthrush,0.6547,psl6,2024,06,19,06
282.0,285.0,Trochalopteron variegatum,Variegated Laughingthrush,0.8747,psl6,2024,06,19,06
285.0,288.0,Larvivora brunnea,Indian Blue Robin,0.9436,psl6,2024,06,19,06
288.0,291.0,Larvivora brunnea,Indian Blue Robin,0.9815,psl6,2024,06,19,06
297.0,300.0,Larvivora brunnea,Indian Blue Robin,0.9938,psl6,2024,06,19,06
303.0,306.0,Trochalopteron variegatum,Variegated Laughingthrush,0.7405,psl6,2024,06,19,06
306.0,309.0,Trochalopteron variegatum,Variegated Laughingthrush,0.8849,psl6,2024,06,19,06
309.0,312.0,Larvivora brunnea,Indian Blue Robin,0.9947,psl6,2024,06,19,06
315.0,318.0,Trochalopteron variegatum,Variegated Laughingthrush,0.7033,psl6,2024,06,19,06
318.0,321.0,Larvivora brunnea,Indian Blue Robin,0.9982,psl6,2024,06,19,06
321.0,324.0,Ficedula hypoleuca,European Pied Flycatcher,0.6367,psl6,2024,06,19,06
324.0,327.0,Trochalopteron variegatum,Variegated Laughingthrush,0.5417,psl6,2024,06,19,06
327.0,330.0,Larvivora brunnea,Indian Blue Robin,0.9941,psl6,2024,06,19,06
330.0,333.0,Bradypterus barratti,Barratt's Warbler,0.5446,psl6,2024,06,19,06
336.0,339.0,Larvivora brunnea,Indian Blue Robin,0.8936,psl6,2024,06,19,06
339.0,342.0,Larvivora brunnea,Indian Blue Robin,0.9994,psl6,2024,06,19,06
345.0,348.0,Trochalopteron variegatum,Variegated Laughingthrush,0.5891,psl6,2024,06,19,06
348.0,351.0,Larvivora brunnea,Indian Blue Robin,0.8154,psl6,2024,06,19,06
357.0,360.0,Larvivora brunnea,Indian Blue Robin,0.9988,psl6,2024,06,19,06
366.0,369.0,Larvivora brunnea,Indian Blue Robin,0.9661,psl6,2024,06,19,06
366.0,369.0,Phylloscopus magnirostris,Large-billed Leaf Warbler,0.7639,psl6,2024,06,19,06
369.0,372.0,Larvivora brunnea,Indian Blue Robin,0.9963,psl6,2024,06,19,06
378.0,381.0,Larvivora brunnea,Indian Blue Robin,0.9974,psl6,2024,06,19,06
390.0,393.0,Larvivora brunnea,Indian Blue Robin,0.9993,psl6,2024,06,19,06
393.0,396.0,Trochalopteron variegatum,Variegated Laughingthrush,0.525,psl6,2024,06,19,06
399.0,402.0,Larvivora brunnea,Indian Blue Robin,0.7086,psl6,2024,06,19,06
399.0,402.0,Phylloscopus magnirostris,Large-billed Leaf Warbler,0.5455,psl6,2024,06,19,06
402.0,405.0,Larvivora brunnea,Indian Blue Robin,0.9912,psl6,2024,06,19,06
411.0,414.0,Larvivora brunnea,Indian Blue Robin,0.9854,psl6,2024,06,19,06
420.0,423.0,Phylloscopus magnirostris,Large-billed Leaf Warbler,0.8088,psl6,2024,06,19,06
420.0,423.0,Larvivora brunnea,Indian Blue Robin,0.7649,psl6,2024,06,19,06
423.0,426.0,Larvivora brunnea,Indian Blue Robin,0.9953,psl6,2024,06,19,06
432.0,435.0,Phylloscopus occipitalis,Western Crowned Warbler,0.6431,psl6,2024,06,19,06
435.0,438.0,Larvivora brunnea,Indian Blue Robin,0.9998,psl6,2024,06,19,06
447.0,450.0,Larvivora brunnea,Indian Blue Robin,0.9977,psl6,2024,06,19,06
450.0,453.0,Larvivora brunnea,Indian Blue Robin,0.7371,psl6,2024,06,19,06
456.0,459.0,Larvivora brunnea,Indian Blue Robin,0.9308,psl6,2024,06,19,06
459.0,462.0,Larvivora brunnea,Indian Blue Robin,0.927,psl6,2024,06,19,06
468.0,471.0,Larvivora brunnea,Indian Blue Robin,0.9992,psl6,2024,06,19,06
477.0,480.0,Larvivora brunnea,Indian Blue Robin,0.9734,psl6,2024,06,19,06
477.0,480.0,Phylloscopus magnirostris,Large-billed Leaf Warbler,0.6551,psl6,2024,06,19,06
480.0,483.0,Larvivora brunnea,Indian Blue Robin,0.9567,psl6,2024,06,19,06
483.0,486.0,Phylloscopus trochiloides,Greenish Warbler,0.6564,psl6,2024,06,19,06
486.0,489.0,Phylloscopus magnirostris,Large-billed Leaf Warbler,0.907,psl6,2024,06,19,06
489.0,492.0,Larvivora brunnea,Indian Blue Robin,0.988,psl6,2024,06,19,06
495.0,498.0,Phylloscopus trochiloides,Greenish Warbler,0.6178,psl6,2024,06,19,06
498.0,501.0,Phylloscopus magnirostris,Large-billed Leaf Warbler,0.9285,psl6,2024,06,19,06
498.0,501.0,Larvivora brunnea,Indian Blue Robin,0.8614,psl6,2024,06,19,06
501.0,504.0,Larvivora brunnea,Indian Blue Robin,0.9247,psl6,2024,06,19,06
507.0,510.0,Larvivora brunnea,Indian Blue Robin,0.9052,psl6,2024,06,19,06
510.0,513.0,Larvivora brunnea,Indian Blue Robin,0.6713,psl6,2024,06,19,06
513.0,516.0,Phylloscopus trochiloides,Greenish Warbler,0.6909,psl6,2024,06,19,06
525.0,528.0,Larvivora brunnea,Indian Blue Robin,0.9984,psl6,2024,06,19,06
534.0,537.0,Phylloscopus trochiloides,Greenish Warbler,0.7606,psl6,2024,06,19,06
534.0,537.0,Phylloscopus nitidus,Green Warbler,0.5569,psl6,2024,06,19,06
537.0,540.0,Larvivora brunnea,Indian Blue Robin,0.9125,psl6,2024,06,19,06
537.0,540.0,Phylloscopus magnirostris,Large-billed Leaf Warbler,0.5687,psl6,2024,06,19,06
540.0,543.0,Larvivora brunnea,Indian Blue Robin,0.9974,psl6,2024,06,19,06
549.0,552.0,Larvivora brunnea,Indian Blue Robin,0.7298,psl6,2024,06,19,06
549.0,552.0,Phylloscopus magnirostris,Large-billed Leaf Warbler,0.5372,psl6,2024,06,19,06
552.0,555.0,Larvivora brunnea,Indian Blue Robin,0.9996,psl6,2024,06,19,06
561.0,564.0,Larvivora brunnea,Indian Blue Robin,0.9119,psl6,2024,06,19,06
561.0,564.0,Phylloscopus magnirostris,Large-billed Leaf Warbler,0.7598,psl6,2024,06,19,06
564.0,567.0,Larvivora brunnea,Indian Blue Robin,0.8025,psl6,2024,06,19,06
573.0,576.0,Larvivora brunnea,Indian Blue Robin,0.9975,psl6,2024,06,19,06
579.0,582.0,Phylloscopus nitidus,Green Warbler,0.7273,psl6,2024,06,19,06
579.0,582.0,Phylloscopus trochiloides,Greenish Warbler,0.505,psl6,2024,06,19,06
582.0,585.0,Larvivora brunnea,Indian Blue Robin,0.9675,psl6,2024,06,19,06
588.0,591.0,Phylloscopus nitidus,Green Warbler,0.5352,psl6,2024,06,19,06
594.0,597.0,Larvivora brunnea,Indian Blue Robin,0.9989,psl6,2024,06,19,06
606.0,609.0,Larvivora brunnea,Indian Blue Robin,0.9983,psl6,2024,06,19,06
615.0,618.0,Phylloscopus magnirostris,Large-billed Leaf Warbler,0.8272,psl6,2024,06,19,06
618.0,621.0,Larvivora brunnea,Indian Blue Robin,0.9982,psl6,2024,06,19,06
627.0,630.0,Larvivora brunnea,Indian Blue Robin,0.8079,psl6,2024,06,19,06
627.0,630.0,Phylloscopus magnirostris,Large-billed Leaf Warbler,0.5016,psl6,2024,06,19,06
630.0,633.0,Larvivora brunnea,Indian Blue Robin,0.9891,psl6,2024,06,19,06
639.0,642.0,Larvivora brunnea,Indian Blue Robin,0.935,psl6,2024,06,19,06
642.0,645.0,Larvivora brunnea,Indian Blue Robin,0.7795,psl6,2024,06,19,06
651.0,654.0,Larvivora brunnea,Indian Blue Robin,0.9947,psl6,2024,06,19,06
663.0,666.0,Larvivora brunnea,Indian Blue Robin,0.8288,psl6,2024,06,19,06
663.0,666.0,Phylloscopus magnirostris,Large-billed Leaf Warbler,0.776,psl6,2024,06,19,06
666.0,669.0,Larvivora brunnea,Indian Blue Robin,0.9976,psl6,2024,06,19,06
675.0,678.0,Larvivora brunnea,Indian Blue Robin,0.9178,psl6,2024,06,19,06
675.0,678.0,Phylloscopus magnirostris,Large-billed Leaf Warbler,0.7702,psl6,2024,06,19,06
678.0,681.0,Larvivora brunnea,Indian Blue Robin,0.9417,psl6,2024,06,19,06
690.0,693.0,Larvivora brunnea,Indian Blue Robin,0.9881,psl6,2024,06,19,06
693.0,696.0,Bradypterus barratti,Barratt's Warbler,0.8513,psl6,2024,06,19,06
702.0,705.0,Larvivora brunnea,Indian Blue Robin,0.9704,psl6,2024,06,19,06
702.0,705.0,Phylloscopus magnirostris,Large-billed Leaf Warbler,0.8148,psl6,2024,06,19,06
705.0,708.0,Larvivora brunnea,Indian Blue Robin,0.9787,psl6,2024,06,19,06
714.0,717.0,Larvivora brunnea,Indian Blue Robin,0.9962,psl6,2024,06,19,06
726.0,729.0,Phylloscopus magnirostris,Large-billed Leaf Warbler,0.7492,psl6,2024,06,19,06
726.0,729.0,Larvivora brunnea,Indian Blue Robin,0.6541,psl6,2024,06,19,06
729.0,732.0,Larvivora brunnea,Indian Blue Robin,0.9089,psl6,2024,06,19,06
744.0,747.0,Larvivora brunnea,Indian Blue Robin,0.9944,psl6,2024,06,19,06
759.0,762.0,Larvivora brunnea,Indian Blue Robin,0.9969,psl6,2024,06,19,06
774.0,777.0,Larvivora brunnea,Indian Blue Robin,0.997,psl6,2024,06,19,06
786.0,789.0,Phylloscopus magnirostris,Large-billed Leaf Warbler,0.9052,psl6,2024,06,19,06
786.0,789.0,Larvivora brunnea,Indian Blue Robin,0.8471,psl6,2024,06,19,06
789.0,792.0,Larvivora brunnea,Indian Blue Robin,0.9975,psl6,2024,06,19,06
798.0,801.0,Trochalopteron variegatum,Variegated Laughingthrush,0.5633,psl6,2024,06,19,06
801.0,804.0,Phylloscopus magnirostris,Large-billed Leaf Warbler,0.6649,psl6,2024,06,19,06
801.0,804.0,Larvivora brunnea,Indian Blue Robin,0.5246,psl6,2024,06,19,06
804.0,807.0,Larvivora brunnea,Indian Blue Robin,0.6061,psl6,2024,06,19,06
807.0,810.0,Trochalopteron variegatum,Variegated Laughingthrush,0.6694,psl6,2024,06,19,06
816.0,819.0,Larvivora brunnea,Indian Blue Robin,0.9983,psl6,2024,06,19,06
831.0,834.0,Larvivora brunnea,Indian Blue Robin,0.9781,psl6,2024,06,19,06
843.0,846.0,Larvivora brunnea,Indian Blue Robin,0.9985,psl6,2024,06,19,06
852.0,855.0,Phylloscopus magnirostris,Large-billed Leaf Warbler,0.5155,psl6,2024,06,19,06
855.0,858.0,Larvivora brunnea,Indian Blue Robin,0.999,psl6,2024,06,19,06
867.0,870.0,Larvivora brunnea,Indian Blue Robin,0.9858,psl6,2024,06,19,06
876.0,879.0,Larvivora brunnea,Indian Blue Robin,0.9753,psl6,2024,06,19,06
876.0,879.0,Phylloscopus magnirostris,Large-billed Leaf Warbler,0.6075,psl6,2024,06,19,06
879.0,882.0,Larvivora brunnea,Indian Blue Robin,0.9916,psl6,2024,06,19,06
888.0,891.0,Larvivora brunnea,Indian Blue Robin,0.9496,psl6,2024,06,19,06
888.0,891.0,Phylloscopus magnirostris,Large-billed Leaf Warbler,0.9052,psl6,2024,06,19,06
894.0,897.0,Larvivora brunnea,Indian Blue Robin,0.9954,psl6,2024,06,19,06
117.0,120.0,Larvivora brunnea,Indian Blue Robin,0.6506,psl6,2024,06,19,07
120.0,123.0,Setophaga townsendi,Townsend's Warbler,0.6584,psl6,2024,06,19,07
159.0,162.0,Catharus gracilirostris,Black-billed Nightingale-Thrush,0.7275,psl6,2024,06,19,07
183.0,186.0,Larvivora brunnea,Indian Blue Robin,0.9359,psl6,2024,06,19,07
339.0,342.0,Larvivora brunnea,Indian Blue Robin,0.5816,psl6,2024,06,19,07
393.0,396.0,Larvivora brunnea,Indian Blue Robin,0.7209,psl6,2024,06,19,07
405.0,408.0,Larvivora brunnea,Indian Blue Robin,0.888,psl6,2024,06,19,07
435.0,438.0,Anthus hodgsoni,Olive-backed Pipit,0.602,psl6,2024,06,19,07
447.0,450.0,Anthus hodgsoni,Olive-backed Pipit,0.9398,psl6,2024,06,19,07
450.0,453.0,Anthus hodgsoni,Olive-backed Pipit,0.8956,psl6,2024,06,19,07
465.0,468.0,Anthus hodgsoni,Olive-backed Pipit,0.7807,psl6,2024,06,19,07
504.0,507.0,Larvivora brunnea,Indian Blue Robin,0.9184,psl6,2024,06,19,07
528.0,531.0,Remiz consobrinus,Chinese Penduline-Tit,0.5081,psl6,2024,06,19,07
543.0,546.0,Anthus hodgsoni,Olive-backed Pipit,0.8258,psl6,2024,06,19,07
543.0,546.0,Anthus trivialis,Tree Pipit,0.6649,psl6,2024,06,19,07
576.0,579.0,Larvivora brunnea,Indian Blue Robin,0.8026,psl6,2024,06,19,07
612.0,615.0,Anthus hodgsoni,Olive-backed Pipit,0.5629,psl6,2024,06,19,07
624.0,627.0,Anthus hodgsoni,Olive-backed Pipit,0.6267,psl6,2024,06,19,07
639.0,642.0,Anthus hodgsoni,Olive-backed Pipit,0.9489,psl6,2024,06,19,07
648.0,651.0,Anthus hodgsoni,Olive-backed Pipit,0.519,psl6,2024,06,19,07
651.0,654.0,Anthus hodgsoni,Olive-backed Pipit,0.9903,psl6,2024,06,19,07
654.0,657.0,Larvivora brunnea,Indian Blue Robin,0.7888,psl6,2024,06,19,07
708.0,711.0,Larvivora brunnea,Indian Blue Robin,0.7058,psl6,2024,06,19,07
732.0,735.0,Remiz consobrinus,Chinese Penduline-Tit,0.8578,psl6,2024,06,19,07
744.0,747.0,Remiz consobrinus,Chinese Penduline-Tit,0.517,psl6,2024,06,19,07
756.0,759.0,Phylloscopus nitidus,Green Warbler,0.9212,psl6,2024,06,19,07
765.0,768.0,Phylloscopus nitidus,Green Warbler,0.6525,psl6,2024,06,19,07
780.0,783.0,Phylloscopus trochiloides,Greenish Warbler,0.5098,psl6,2024,06,19,07
813.0,816.0,Phylloscopus trochiloides,Greenish Warbler,0.8557,psl6,2024,06,19,07
828.0,831.0,Phylloscopus trochiloides,Greenish Warbler,0.5323,psl6,2024,06,19,07
858.0,861.0,Anthus hodgsoni,Olive-backed Pipit,0.8978,psl6,2024,06,19,07
864.0,867.0,Phylloscopus trochiloides,Greenish Warbler,0.509,psl6,2024,06,19,07
867.0,870.0,Larvivora brunnea,Indian Blue Robin,0.5525,psl6,2024,06,19,07
873.0,876.0,Anthus hodgsoni,Olive-backed Pipit,0.7925,psl6,2024,06,19,07
876.0,879.0,Turdus iliacus,Redwing,0.592,psl6,2024,06,19,07
165.0,168.0,Carpodacus erythrinus,Common Rosefinch,0.5531,psl6,2024,06,19,08
429.0,432.0,Phylloscopus humei,Hume's Warbler,0.5549,psl6,2024,06,19,08
510.0,513.0,Larvivora brunnea,Indian Blue Robin,0.5047,psl6,2024,06,19,08
537.0,540.0,Turdus iliacus,Redwing,0.5141,psl6,2024,06,19,08
666.0,669.0,Regulus regulus,Goldcrest,0.6479,psl6,2024,06,19,08
690.0,693.0,Setophaga townsendi,Townsend's Warbler,0.6109,psl6,2024,06,19,08
717.0,720.0,Larvivora brunnea,Indian Blue Robin,0.6844,psl6,2024,06,19,08
729.0,732.0,Setophaga townsendi,Townsend's Warbler,0.7256,psl6,2024,06,19,08
741.0,744.0,Larvivora brunnea,Indian Blue Robin,0.8474,psl6,2024,06,19,08
777.0,780.0,Larvivora brunnea,Indian Blue Robin,0.9493,psl6,2024,06,19,08
795.0,798.0,Larvivora brunnea,Indian Blue Robin,0.5957,psl6,2024,06,19,08
834.0,837.0,Larvivora brunnea,Indian Blue Robin,0.8858,psl6,2024,06,19,08
834.0,837.0,Phylloscopus magnirostris,Large-billed Leaf Warbler,0.5008,psl6,2024,06,19,08
849.0,852.0,Larvivora brunnea,Indian Blue Robin,0.9015,psl6,2024,06,19,08
861.0,864.0,Larvivora brunnea,Indian Blue Robin,0.5986,psl6,2024,06,19,08
864.0,867.0,Phylloscopus trochiloides,Greenish Warbler,0.5196,psl6,2024,06,19,08
6.0,9.0,Larvivora brunnea,Indian Blue Robin,0.9961,psl6,2024,06,19,09
15.0,18.0,Larvivora brunnea,Indian Blue Robin,0.9925,psl6,2024,06,19,09
24.0,27.0,Larvivora brunnea,Indian Blue Robin,0.8158,psl6,2024,06,19,09
36.0,39.0,Larvivora brunnea,Indian Blue Robin,0.9436,psl6,2024,06,19,09
36.0,39.0,Phylloscopus magnirostris,Large-billed Leaf Warbler,0.5767,psl6,2024,06,19,09
51.0,54.0,Larvivora brunnea,Indian Blue Robin,0.9981,psl6,2024,06,19,09
63.0,66.0,Larvivora brunnea,Indian Blue Robin,0.9956,psl6,2024,06,19,09
78.0,81.0,Larvivora brunnea,Indian Blue Robin,0.9888,psl6,2024,06,19,09
90.0,93.0,Larvivora brunnea,Indian Blue Robin,0.8933,psl6,2024,06,19,09
90.0,93.0,Phylloscopus magnirostris,Large-billed Leaf Warbler,0.5324,psl6,2024,06,19,09
99.0,102.0,Larvivora brunnea,Indian Blue Robin,0.7273,psl6,2024,06,19,09
102.0,105.0,Larvivora brunnea,Indian Blue Robin,0.9816,psl6,2024,06,19,09
108.0,111.0,Larvivora brunnea,Indian Blue Robin,0.9436,psl6,2024,06,19,09
108.0,111.0,Phylloscopus magnirostris,Large-billed Leaf Warbler,0.824,psl6,2024,06,19,09
111.0,114.0,Larvivora brunnea,Indian Blue Robin,0.8942,psl6,2024,06,19,09
123.0,126.0,Larvivora brunnea,Indian Blue Robin,0.9973,psl6,2024,06,19,09
141.0,144.0,Larvivora brunnea,Indian Blue Robin,0.5864,psl6,2024,06,19,09
141.0,144.0,Phylloscopus magnirostris,Large-billed Leaf Warbler,0.501,psl6,2024,06,19,09
144.0,147.0,Larvivora brunnea,Indian Blue Robin,0.9787,psl6,2024,06,19,09
159.0,162.0,Larvivora brunnea,Indian Blue Robin,0.9965,psl6,2024,06,19,09
174.0,177.0,Larvivora brunnea,Indian Blue Robin,0.9986,psl6,2024,06,19,09
189.0,192.0,Larvivora brunnea,Indian Blue Robin,0.9951,psl6,2024,06,19,09
210.0,213.0,Larvivora brunnea,Indian Blue Robin,0.9949,psl6,2024,06,19,09
219.0,222.0,Larvivora brunnea,Indian Blue Robin,0.955,psl6,2024,06,19,09
219.0,222.0,Phylloscopus magnirostris,Large-billed Leaf Warbler,0.6004,psl6,2024,06,19,09
222.0,225.0,Larvivora brunnea,Indian Blue Robin,0.9457,psl6,2024,06,19,09
228.0,231.0,Larvivora brunnea,Indian Blue Robin,0.9173,psl6,2024,06,19,09
231.0,234.0,Larvivora brunnea,Indian Blue Robin,0.7065,psl6,2024,06,19,09
246.0,249.0,Larvivora brunnea,Indian Blue Robin,0.7305,psl6,2024,06,19,09
297.0,300.0,Larvivora brunnea,Indian Blue Robin,0.9188,psl6,2024,06,19,09
315.0,318.0,Larvivora brunnea,Indian Blue Robin,0.9548,psl6,2024,06,19,09
315.0,318.0,Phylloscopus magnirostris,Large-billed Leaf Warbler,0.7104,psl6,2024,06,19,09
318.0,321.0,Larvivora brunnea,Indian Blue Robin,0.9588,psl6,2024,06,19,09
615.0,618.0,Phoenicurus auroreus,Daurian Redstart,0.7067,psl6,2024,06,19,09
675.0,678.0,Ficedula tricolor,Slaty-blue Flycatcher,0.74,psl6,2024,06,19,09
678.0,681.0,Ficedula tricolor,Slaty-blue Flycatcher,0.5711,psl6,2024,06,19,09
681.0,684.0,Ficedula tricolor,Slaty-blue Flycatcher,0.7325,psl6,2024,06,19,09
699.0,702.0,Ficedula tricolor,Slaty-blue Flycatcher,0.6432,psl6,2024,06,19,09
702.0,705.0,Ficedula tricolor,Slaty-blue Flycatcher,0.8693,psl6,2024,06,19,09
717.0,720.0,Phylloscopus humei,Hume's Warbler,0.8698,psl6,2024,06,19,09
723.0,726.0,Phylloscopus nitidus,Green Warbler,0.8353,psl6,2024,06,19,09
732.0,735.0,Ficedula tricolor,Slaty-blue Flycatcher,0.6024,psl6,2024,06,19,09
741.0,744.0,Ficedula tricolor,Slaty-blue Flycatcher,0.6873,psl6,2024,06,19,09
744.0,747.0,Ficedula tricolor,Slaty-blue Flycatcher,0.5017,psl6,2024,06,19,09
789.0,792.0,Phylloscopus nitidus,Green Warbler,0.5952,psl6,2024,06,19,09
816.0,819.0,Phylloscopus nitidus,Green Warbler,0.7,psl6,2024,06,19,09
27.0,30.0,Phylloscopus nitidus,Green Warbler,0.7577,psl6,2024,06,20,06
48.0,51.0,Phylloscopus nitidus,Green Warbler,0.6959,psl6,2024,06,20,06
57.0,60.0,Phylloscopus nitidus,Green Warbler,0.6444,psl6,2024,06,20,06
75.0,78.0,Phylloscopus nitidus,Green Warbler,0.616,psl6,2024,06,20,06
105.0,108.0,Luscinia phaenicuroides,White-bellied Redstart,0.7578,psl6,2024,06,20,06
141.0,144.0,Larvivora brunnea,Indian Blue Robin,0.681,psl6,2024,06,20,06
159.0,162.0,Phylloscopus nitidus,Green Warbler,0.8018,psl6,2024,06,20,06
165.0,168.0,Luscinia phaenicuroides,White-bellied Redstart,0.5111,psl6,2024,06,20,06
174.0,177.0,Larvivora brunnea,Indian Blue Robin,0.9273,psl6,2024,06,20,06
192.0,195.0,Luscinia phaenicuroides,White-bellied Redstart,0.958,psl6,2024,06,20,06
201.0,204.0,Phylloscopus tytleri,Tytler's Leaf Warbler,0.5887,psl6,2024,06,20,06
210.0,213.0,Phylloscopus tytleri,Tytler's Leaf Warbler,0.6303,psl6,2024,06,20,06
216.0,219.0,Luscinia phaenicuroides,White-bellied Redstart,0.7628,psl6,2024,06,20,06
228.0,231.0,Luscinia phaenicuroides,White-bellied Redstart,0.5829,psl6,2024,06,20,06
333.0,336.0,Phylloscopus trochiloides,Greenish Warbler,0.5376,psl6,2024,06,20,06
357.0,360.0,Phylloscopus trochiloides,Greenish Warbler,0.536,psl6,2024,06,20,06
438.0,441.0,Ficedula tricolor,Slaty-blue Flycatcher,0.9487,psl6,2024,06,20,06
453.0,456.0,Ficedula tricolor,Slaty-blue Flycatcher,0.6054,psl6,2024,06,20,06
483.0,486.0,Ficedula tricolor,Slaty-blue Flycatcher,0.5497,psl6,2024,06,20,06
501.0,504.0,Ficedula tricolor,Slaty-blue Flycatcher,0.5804,psl6,2024,06,20,06
507.0,510.0,Ficedula tricolor,Slaty-blue Flycatcher,0.589,psl6,2024,06,20,06
534.0,537.0,Ficedula tricolor,Slaty-blue Flycatcher,0.6099,psl6,2024,06,20,06
552.0,555.0,Ficedula tricolor,Slaty-blue Flycatcher,0.768,psl6,2024,06,20,06
663.0,666.0,Ficedula tricolor,Slaty-blue Flycatcher,0.5734,psl6,2024,06,20,06
726.0,729.0,Ficedula tricolor,Slaty-blue Flycatcher,0.5653,psl6,2024,06,20,06
732.0,735.0,Phylloscopus trochiloides,Greenish Warbler,0.6165,psl6,2024,06,20,06
735.0,738.0,Ficedula tricolor,Slaty-blue Flycatcher,0.6033,psl6,2024,06,20,06
768.0,771.0,Ficedula tricolor,Slaty-blue Flycatcher,0.5116,psl6,2024,06,20,06
777.0,780.0,Phylloscopus nitidus,Green Warbler,0.7505,psl6,2024,06,20,06
855.0,858.0,Phylloscopus trochiloides,Greenish Warbler,0.9433,psl6,2024,06,20,06
864.0,867.0,Phylloscopus nitidus,Green Warbler,0.5188,psl6,2024,06,20,06
873.0,876.0,Phylloscopus nitidus,Green Warbler,0.7234,psl6,2024,06,20,06
873.0,876.0,Phylloscopus trochiloides,Greenish Warbler,0.6819,psl6,2024,06,20,06
891.0,894.0,Phylloscopus trochiloides,Greenish Warbler,0.8155,psl6,2024,06,20,06
9.0,12.0,Larvivora brunnea,Indian Blue Robin,0.9071,psl6,2024,06,20,07
24.0,27.0,Larvivora brunnea,Indian Blue Robin,0.8312,psl6,2024,06,20,07
39.0,42.0,Larvivora brunnea,Indian Blue Robin,0.9349,psl6,2024,06,20,07
120.0,123.0,Tarsiger chrysaeus,Golden Bush-Robin,0.5112,psl6,2024,06,20,07
159.0,162.0,Phylloscopus trochiloides,Greenish Warbler,0.7243,psl6,2024,06,20,07
231.0,234.0,Phylloscopus trochiloides,Greenish Warbler,0.6928,psl6,2024,06,20,07
240.0,243.0,Copsychus albospecularis,Madagascar Magpie-Robin,0.6041,psl6,2024,06,20,07
366.0,369.0,Phylloscopus trochiloides,Greenish Warbler,0.5057,psl6,2024,06,20,07
369.0,372.0,Phylloscopus nitidus,Green Warbler,0.5765,psl6,2024,06,20,07
378.0,381.0,Phylloscopus trochiloides,Greenish Warbler,0.8035,psl6,2024,06,20,07
381.0,384.0,Phylloscopus trochiloides,Greenish Warbler,0.7145,psl6,2024,06,20,07
420.0,423.0,Ficedula tricolor,Slaty-blue Flycatcher,0.6191,psl6,2024,06,20,07
426.0,429.0,Ficedula tricolor,Slaty-blue Flycatcher,0.6201,psl6,2024,06,20,07
489.0,492.0,Copsychus albospecularis,Madagascar Magpie-Robin,0.7279,psl6,2024,06,20,07
501.0,504.0,Ficedula tricolor,Slaty-blue Flycatcher,0.5771,psl6,2024,06,20,07
636.0,639.0,Trochalopteron variegatum,Variegated Laughingthrush,0.5287,psl6,2024,06,20,07
693.0,696.0,Trochalopteron variegatum,Variegated Laughingthrush,0.7568,psl6,2024,06,20,07
762.0,765.0,Phylloscopus chloronotus,Lemon-rumped Warbler,0.7874,psl6,2024,06,20,07
765.0,768.0,Phylloscopus chloronotus,Lemon-rumped Warbler,0.6274,psl6,2024,06,20,07
792.0,795.0,Phylloscopus chloronotus,Lemon-rumped Warbler,0.8402,psl6,2024,06,20,07
798.0,801.0,Larvivora brunnea,Indian Blue Robin,0.8308,psl6,2024,06,20,07
804.0,807.0,Phylloscopus trochiloides,Greenish Warbler,0.6717,psl6,2024,06,20,07
846.0,849.0,Larvivora brunnea,Indian Blue Robin,0.9299,psl6,2024,06,20,07
846.0,849.0,Phylloscopus magnirostris,Large-billed Leaf Warbler,0.7185,psl6,2024,06,20,07
849.0,852.0,Larvivora brunnea,Indian Blue Robin,0.5268,psl6,2024,06,20,07
861.0,864.0,Larvivora brunnea,Indian Blue Robin,0.8768,psl6,2024,06,20,07
873.0,876.0,Larvivora brunnea,Indian Blue Robin,0.9836,psl6,2024,06,20,07
882.0,885.0,Larvivora brunnea,Indian Blue Robin,0.505,psl6,2024,06,20,07
885.0,888.0,Larvivora brunnea,Indian Blue Robin,0.999,psl6,2024,06,20,07
894.0,897.0,Larvivora brunnea,Indian Blue Robin,0.8194,psl6,2024,06,20,07
225.0,228.0,Phylloscopus chloronotus,Lemon-rumped Warbler,0.5316,psl6,2024,06,20,08
510.0,513.0,Aeronautes montivagus,White-tipped Swift,0.6046,psl6,2024,06,20,08
840.0,843.0,Phylloscopus trochiloides,Greenish Warbler,0.6472,psl6,2024,06,20,08
6.0,9.0,Phylloscopus nitidus,Green Warbler,0.6311,psl6,2024,06,20,09
6.0,9.0,Phylloscopus trochiloides,Greenish Warbler,0.606,psl6,2024,06,20,09
9.0,12.0,Ficedula tricolor,Slaty-blue Flycatcher,0.5877,psl6,2024,06,20,09
33.0,36.0,Copsychus albospecularis,Madagascar Magpie-Robin,0.5864,psl6,2024,06,20,09
51.0,54.0,Ficedula tricolor,Slaty-blue Flycatcher,0.6145,psl6,2024,06,20,09
81.0,84.0,Phylloscopus reguloides,Blyth's Leaf Warbler,0.5078,psl6,2024,06,20,09
102.0,105.0,Phylloscopus pulcher,Buff-barred Warbler,0.5013,psl6,2024,06,20,09
108.0,111.0,Phylloscopus occipitalis,Western Crowned Warbler,0.5544,psl6,2024,06,20,09
162.0,165.0,Ficedula tricolor,Slaty-blue Flycatcher,0.5016,psl6,2024,06,20,09
183.0,186.0,Ficedula tricolor,Slaty-blue Flycatcher,0.8114,psl6,2024,06,20,09
276.0,279.0,Phylloscopus trochiloides,Greenish Warbler,0.5261,psl6,2024,06,20,09
288.0,291.0,Phylloscopus nitidus,Green Warbler,0.9052,psl6,2024,06,20,09
291.0,294.0,Phylloscopus nitidus,Green Warbler,0.5104,psl6,2024,06,20,09
417.0,420.0,Phylloscopus nitidus,Green Warbler,0.7325,psl6,2024,06,20,09
417.0,420.0,Phylloscopus trochiloides,Greenish Warbler,0.7161,psl6,2024,06,20,09
558.0,561.0,Phylloscopus nitidus,Green Warbler,0.681,psl6,2024,06,20,09
564.0,567.0,Larvivora brunnea,Indian Blue Robin,0.9492,psl6,2024,06,20,09
582.0,585.0,Larvivora brunnea,Indian Blue Robin,0.8107,psl6,2024,06,20,09
591.0,594.0,Larvivora brunnea,Indian Blue Robin,0.6333,psl6,2024,06,20,09
615.0,618.0,Ficedula tricolor,Slaty-blue Flycatcher,0.6123,psl6,2024,06,20,09
654.0,657.0,Copsychus albospecularis,Madagascar Magpie-Robin,0.5211,psl6,2024,06,20,09
672.0,675.0,Copsychus albospecularis,Madagascar Magpie-Robin,0.8946,psl6,2024,06,20,09
675.0,678.0,Phylloscopus occipitalis,Western Crowned Warbler,0.549,psl6,2024,06,20,09
738.0,741.0,Ficedula tricolor,Slaty-blue Flycatcher,0.6535,psl6,2024,06,20,09
744.0,747.0,Larvivora brunnea,Indian Blue Robin,0.9677,psl6,2024,06,20,09
792.0,795.0,Copsychus albospecularis,Madagascar Magpie-Robin,0.5287,psl6,2024,06,20,09
894.0,897.0,Phylloscopus chloronotus,Lemon-rumped Warbler,0.5377,psl6,2024,06,20,09
30.0,33.0,Trochalopteron variegatum,Variegated Laughingthrush,0.7458,psl6,2024,06,21,06
36.0,39.0,Trochalopteron variegatum,Variegated Laughingthrush,0.7845,psl6,2024,06,21,06
195.0,198.0,Phylloscopus trochiloides,Greenish Warbler,0.6766,psl6,2024,06,21,06
249.0,252.0,Phylloscopus trochiloides,Greenish Warbler,0.6425,psl6,2024,06,21,06
279.0,282.0,Phylloscopus trochiloides,Greenish Warbler,0.5648,psl6,2024,06,21,06
279.0,282.0,Phylloscopus nitidus,Green Warbler,0.5569,psl6,2024,06,21,06
291.0,294.0,Phylloscopus trochiloides,Greenish Warbler,0.8333,psl6,2024,06,21,06
291.0,294.0,Phylloscopus nitidus,Green Warbler,0.6929,psl6,2024,06,21,06
330.0,333.0,Phylloscopus trochiloides,Greenish Warbler,0.9284,psl6,2024,06,21,06
342.0,345.0,Phylloscopus trochiloides,Greenish Warbler,0.5998,psl6,2024,06,21,06
354.0,357.0,Phylloscopus trochiloides,Greenish Warbler,0.8404,psl6,2024,06,21,06
354.0,357.0,Phylloscopus nitidus,Green Warbler,0.5875,psl6,2024,06,21,06
375.0,378.0,Phylloscopus trochiloides,Greenish Warbler,0.7484,psl6,2024,06,21,06
375.0,378.0,Phylloscopus nitidus,Green Warbler,0.6072,psl6,2024,06,21,06
384.0,387.0,Phylloscopus trochiloides,Greenish Warbler,0.8992,psl6,2024,06,21,06
384.0,387.0,Phylloscopus nitidus,Green Warbler,0.5325,psl6,2024,06,21,06
417.0,420.0,Phylloscopus trochiloides,Greenish Warbler,0.7621,psl6,2024,06,21,06
417.0,420.0,Phylloscopus nitidus,Green Warbler,0.5458,psl6,2024,06,21,06
429.0,432.0,Phylloscopus trochiloides,Greenish Warbler,0.5226,psl6,2024,06,21,06
438.0,441.0,Phylloscopus trochiloides,Greenish Warbler,0.8317,psl6,2024,06,21,06
438.0,441.0,Phylloscopus nitidus,Green Warbler,0.7336,psl6,2024,06,21,06
459.0,462.0,Phylloscopus trochiloides,Greenish Warbler,0.5839,psl6,2024,06,21,06
474.0,477.0,Phylloscopus nitidus,Green Warbler,0.707,psl6,2024,06,21,06
483.0,486.0,Phylloscopus nitidus,Green Warbler,0.822,psl6,2024,06,21,06
483.0,486.0,Phylloscopus trochiloides,Greenish Warbler,0.786,psl6,2024,06,21,06
495.0,498.0,Phylloscopus trochiloides,Greenish Warbler,0.6789,psl6,2024,06,21,06
498.0,501.0,Ficedula tricolor,Slaty-blue Flycatcher,0.6967,psl6,2024,06,21,06
504.0,507.0,Phylloscopus trochiloides,Greenish Warbler,0.7527,psl6,2024,06,21,06
504.0,507.0,Phylloscopus nitidus,Green Warbler,0.6221,psl6,2024,06,21,06
519.0,522.0,Phylloscopus nitidus,Green Warbler,0.5178,psl6,2024,06,21,06
540.0,543.0,Ficedula tricolor,Slaty-blue Flycatcher,0.9045,psl6,2024,06,21,06
543.0,546.0,Phylloscopus nitidus,Green Warbler,0.7566,psl6,2024,06,21,06
549.0,552.0,Anthus hodgsoni,Olive-backed Pipit,0.8343,psl6,2024,06,21,06
555.0,558.0,Phylloscopus nitidus,Green Warbler,0.5477,psl6,2024,06,21,06
558.0,561.0,Trochalopteron variegatum,Variegated Laughingthrush,0.5692,psl6,2024,06,21,06
564.0,567.0,Trochalopteron variegatum,Variegated Laughingthrush,0.712,psl6,2024,06,21,06
597.0,600.0,Trochalopteron erythrocephalum,Chestnut-crowned Laughingthrush,0.6726,psl6,2024,06,21,06
609.0,612.0,Trochalopteron erythrocephalum,Chestnut-crowned Laughingthrush,0.6769,psl6,2024,06,21,06
615.0,618.0,Trochalopteron variegatum,Variegated Laughingthrush,0.8208,psl6,2024,06,21,06
621.0,624.0,Trochalopteron variegatum,Variegated Laughingthrush,0.9951,psl6,2024,06,21,06
630.0,633.0,Luscinia phaenicuroides,White-bellied Redstart,0.5551,psl6,2024,06,21,06
633.0,636.0,Trochalopteron erythrocephalum,Chestnut-crowned Laughingthrush,0.8095,psl6,2024,06,21,06
633.0,636.0,Trochalopteron variegatum,Variegated Laughingthrush,0.6871,psl6,2024,06,21,06
654.0,657.0,Trochalopteron erythrocephalum,Chestnut-crowned Laughingthrush,0.8616,psl6,2024,06,21,06
663.0,666.0,Trochalopteron erythrocephalum,Chestnut-crowned Laughingthrush,0.5718,psl6,2024,06,21,06
666.0,669.0,Luscinia phaenicuroides,White-bellied Redstart,0.7953,psl6,2024,06,21,06
666.0,669.0,Phylloscopus tytleri,Tytler's Leaf Warbler,0.6867,psl6,2024,06,21,06
675.0,678.0,Trochalopteron variegatum,Variegated Laughingthrush,0.8631,psl6,2024,06,21,06
678.0,681.0,Trochalopteron erythrocephalum,Chestnut-crowned Laughingthrush,0.6574,psl6,2024,06,21,06
687.0,690.0,Trochalopteron erythrocephalum,Chestnut-crowned Laughingthrush,0.5643,psl6,2024,06,21,06
690.0,693.0,Trochalopteron erythrocephalum,Chestnut-crowned Laughingthrush,0.8721,psl6,2024,06,21,06
702.0,705.0,Trochalopteron erythrocephalum,Chestnut-crowned Laughingthrush,0.855,psl6,2024,06,21,06
714.0,717.0,Trochalopteron erythrocephalum,Chestnut-crowned Laughingthrush,0.7121,psl6,2024,06,21,06
726.0,729.0,Trochalopteron erythrocephalum,Chestnut-crowned Laughingthrush,0.673,psl6,2024,06,21,06
729.0,732.0,Trochalopteron erythrocephalum,Chestnut-crowned Laughingthrush,0.8709,psl6,2024,06,21,06
732.0,735.0,Trochalopteron variegatum,Variegated Laughingthrush,0.5849,psl6,2024,06,21,06
747.0,750.0,Trochalopteron variegatum,Variegated Laughingthrush,0.9548,psl6,2024,06,21,06
786.0,789.0,Trochalopteron variegatum,Variegated Laughingthrush,0.5794,psl6,2024,06,21,06
798.0,801.0,Larvivora brunnea,Indian Blue Robin,0.9993,psl6,2024,06,21,06
801.0,804.0,Luscinia phaenicuroides,White-bellied Redstart,0.808,psl6,2024,06,21,06
801.0,804.0,Phylloscopus tytleri,Tytler's Leaf Warbler,0.5346,psl6,2024,06,21,06
813.0,816.0,Luscinia phaenicuroides,White-bellied Redstart,0.9447,psl6,2024,06,21,06
813.0,816.0,Larvivora brunnea,Indian Blue Robin,0.5762,psl6,2024,06,21,06
813.0,816.0,Phylloscopus magnirostris,Large-billed Leaf Warbler,0.572,psl6,2024,06,21,06
816.0,819.0,Larvivora brunnea,Indian Blue Robin,0.7539,psl6,2024,06,21,06
825.0,828.0,Trochalopteron erythrocephalum,Chestnut-crowned Laughingthrush,0.7272,psl6,2024,06,21,06
825.0,828.0,Trochalopteron variegatum,Variegated Laughingthrush,0.6488,psl6,2024,06,21,06
828.0,831.0,Anthus hodgsoni,Olive-backed Pipit,0.6976,psl6,2024,06,21,06
828.0,831.0,Anthus trivialis,Tree Pipit,0.5104,psl6,2024,06,21,06
831.0,834.0,Larvivora brunnea,Indian Blue Robin,0.9653,psl6,2024,06,21,06
837.0,840.0,Trochalopteron variegatum,Variegated Laughingthrush,0.954,psl6,2024,06,21,06
873.0,876.0,Phylloscopus nitidus,Green Warbler,0.8063,psl6,2024,06,21,06
879.0,882.0,Trochalopteron variegatum,Variegated Laughingthrush,0.5419,psl6,2024,06,21,06
885.0,888.0,Phylloscopus trochiloides,Greenish Warbler,0.6538,psl6,2024,06,21,06
6.0,9.0,Phylloscopus humei,Hume's Warbler,0.8481,psl6,2024,06,21,07
9.0,12.0,Phylloscopus humei,Hume's Warbler,0.6588,psl6,2024,06,21,07
36.0,39.0,Phylloscopus humei,Hume's Warbler,0.8919,psl6,2024,06,21,07
54.0,57.0,Phylloscopus humei,Hume's Warbler,0.9839,psl6,2024,06,21,07
129.0,132.0,Phylloscopus humei,Hume's Warbler,0.9868,psl6,2024,06,21,07
222.0,225.0,Phylloscopus humei,Hume's Warbler,0.581,psl6,2024,06,21,07
225.0,228.0,Turdus iliacus,Redwing,0.601,psl6,2024,06,21,07
285.0,288.0,Phylloscopus humei,Hume's Warbler,0.9688,psl6,2024,06,21,07
297.0,300.0,Phylloscopus humei,Hume's Warbler,0.9843,psl6,2024,06,21,07
300.0,303.0,Phylloscopus trochiloides,Greenish Warbler,0.7172,psl6,2024,06,21,07
615.0,618.0,Ficedula tricolor,Slaty-blue Flycatcher,0.568,psl6,2024,06,21,07
621.0,624.0,Ficedula tricolor,Slaty-blue Flycatcher,0.8009,psl6,2024,06,21,07
693.0,696.0,Phylloscopus trochiloides,Greenish Warbler,0.7558,psl6,2024,06,21,07
60.0,63.0,Ficedula tricolor,Slaty-blue Flycatcher,0.5765,psl6,2024,06,21,08
141.0,144.0,Ficedula tricolor,Slaty-blue Flycatcher,0.6937,psl6,2024,06,21,08
171.0,174.0,Phylloscopus humei,Hume's Warbler,0.5441,psl6,2024,06,21,08
240.0,243.0,Ficedula tricolor,Slaty-blue Flycatcher,0.5625,psl6,2024,06,21,08
579.0,582.0,Larvivora brunnea,Indian Blue Robin,0.9625,psl6,2024,06,21,08
594.0,597.0,Larvivora brunnea,Indian Blue Robin,0.7811,psl6,2024,06,21,08
627.0,630.0,Larvivora brunnea,Indian Blue Robin,0.9259,psl6,2024,06,21,08
717.0,720.0,Larvivora brunnea,Indian Blue Robin,0.9394,psl6,2024,06,21,08
717.0,720.0,Larvivora cyane,Siberian Blue Robin,0.768,psl6,2024,06,21,08
765.0,768.0,Larvivora brunnea,Indian Blue Robin,0.6024,psl6,2024,06,21,08
870.0,873.0,Larvivora brunnea,Indian Blue Robin,0.5606,psl6,2024,06,21,08
162.0,165.0,Phylloscopus trochiloides,Greenish Warbler,0.6545,psl6,2024,06,21,09
192.0,195.0,Phylloscopus trochiloides,Greenish Warbler,0.5442,psl6,2024,06,21,09
372.0,375.0,Phylloscopus trochiloides,Greenish Warbler,0.5731,psl6,2024,06,21,09
378.0,381.0,Phylloscopus trochiloides,Greenish Warbler,0.6838,psl6,2024,06,21,09
24.0,27.0,Phylloscopus nitidus,Green Warbler,0.6195,psl6,2024,06,22,06
30.0,33.0,Ficedula tricolor,Slaty-blue Flycatcher,0.5793,psl6,2024,06,22,06
48.0,51.0,Ficedula tricolor,Slaty-blue Flycatcher,0.7718,psl6,2024,06,22,06
129.0,132.0,Phylloscopus humei,Hume's Warbler,0.6054,psl6,2024,06,22,06
141.0,144.0,Pyrrhula pyrrhula,Eurasian Bullfinch,0.6519,psl6,2024,06,22,06
177.0,180.0,Ficedula tricolor,Slaty-blue Flycatcher,0.5508,psl6,2024,06,22,06
186.0,189.0,Phylloscopus trochiloides,Greenish Warbler,0.6043,psl6,2024,06,22,06
324.0,327.0,Phylloscopus trochiloides,Greenish Warbler,0.5259,psl6,2024,06,22,06
324.0,327.0,Phylloscopus nitidus,Green Warbler,0.5184,psl6,2024,06,22,06
327.0,330.0,Phylloscopus nitidus,Green Warbler,0.7723,psl6,2024,06,22,06
342.0,345.0,Trochalopteron variegatum,Variegated Laughingthrush,0.7309,psl6,2024,06,22,06
351.0,354.0,Phylloscopus nitidus,Green Warbler,0.7673,psl6,2024,06,22,06
351.0,354.0,Phylloscopus trochiloides,Greenish Warbler,0.7002,psl6,2024,06,22,06
363.0,366.0,Phylloscopus nitidus,Green Warbler,0.6742,psl6,2024,06,22,06
414.0,417.0,Rallus aquaticus,Water Rail,0.5001,psl6,2024,06,22,06
471.0,474.0,Phylloscopus trochiloides,Greenish Warbler,0.5391,psl6,2024,06,22,06
501.0,504.0,Zosterops simplex,Swinhoe's White-eye,0.7368,psl6,2024,06,22,06
543.0,546.0,Phylloscopus trochiloides,Greenish Warbler,0.7537,psl6,2024,06,22,06
597.0,600.0,Phylloscopus trochiloides,Greenish Warbler,0.5569,psl6,2024,06,22,06
663.0,666.0,Phylloscopus trochiloides,Greenish Warbler,0.6252,psl6,2024,06,22,06
735.0,738.0,Phylloscopus trochiloides,Greenish Warbler,0.571,psl6,2024,06,22,06
738.0,741.0,Phylloscopus nitidus,Green Warbler,0.5806,psl6,2024,06,22,06
738.0,741.0,Phylloscopus trochiloides,Greenish Warbler,0.562,psl6,2024,06,22,06
747.0,750.0,Phylloscopus trochiloides,Greenish Warbler,0.5766,psl6,2024,06,22,06
762.0,765.0,Phylloscopus trochiloides,Greenish Warbler,0.7661,psl6,2024,06,22,06
774.0,777.0,Phylloscopus trochiloides,Greenish Warbler,0.697,psl6,2024,06,22,06
786.0,789.0,Phylloscopus trochiloides,Greenish Warbler,0.524,psl6,2024,06,22,06
798.0,801.0,Phylloscopus trochiloides,Greenish Warbler,0.6684,psl6,2024,06,22,06
813.0,816.0,Phylloscopus trochiloides,Greenish Warbler,0.6834,psl6,2024,06,22,06
843.0,846.0,Phylloscopus nitidus,Green Warbler,0.5259,psl6,2024,06,22,06
885.0,888.0,Rallus aquaticus,Water Rail,0.7324,psl6,2024,06,22,06
21.0,24.0,Ficedula tricolor,Slaty-blue Flycatcher,0.6983,psl6,2024,06,22,07
33.0,36.0,Ficedula tricolor,Slaty-blue Flycatcher,0.8497,psl6,2024,06,22,07
66.0,69.0,Larvivora brunnea,Indian Blue Robin,0.9722,psl6,2024,06,22,07
69.0,72.0,Larvivora brunnea,Indian Blue Robin,0.9823,psl6,2024,06,22,07
81.0,84.0,Luscinia phaenicuroides,White-bellied Redstart,0.5888,psl6,2024,06,22,07
87.0,90.0,Trochalopteron variegatum,Variegated Laughingthrush,0.6052,psl6,2024,06,22,07
90.0,93.0,Luscinia phaenicuroides,White-bellied Redstart,0.8053,psl6,2024,06,22,07
93.0,96.0,Trochalopteron variegatum,Variegated Laughingthrush,0.6926,psl6,2024,06,22,07
105.0,108.0,Trochalopteron variegatum,Variegated Laughingthrush,0.7089,psl6,2024,06,22,07
108.0,111.0,Trochalopteron variegatum,Variegated Laughingthrush,0.7542,psl6,2024,06,22,07
117.0,120.0,Trochalopteron variegatum,Variegated Laughingthrush,0.9039,psl6,2024,06,22,07
126.0,129.0,Trochalopteron variegatum,Variegated Laughingthrush,0.9763,psl6,2024,06,22,07
129.0,132.0,Trochalopteron variegatum,Variegated Laughingthrush,0.7282,psl6,2024,06,22,07
132.0,135.0,Trochalopteron variegatum,Variegated Laughingthrush,0.8342,psl6,2024,06,22,07
138.0,141.0,Trochalopteron variegatum,Variegated Laughingthrush,0.7489,psl6,2024,06,22,07
144.0,147.0,Trochalopteron variegatum,Variegated Laughingthrush,0.6871,psl6,2024,06,22,07
153.0,156.0,Trochalopteron variegatum,Variegated Laughingthrush,0.9404,psl6,2024,06,22,07
159.0,162.0,Trochalopteron variegatum,Variegated Laughingthrush,0.7729,psl6,2024,06,22,07
162.0,165.0,Trochalopteron variegatum,Variegated Laughingthrush,0.8002,psl6,2024,06,22,07
168.0,171.0,Trochalopteron variegatum,Variegated Laughingthrush,0.8447,psl6,2024,06,22,07
168.0,171.0,Piranga bidentata,Flame-colored Tanager,0.6139,psl6,2024,06,22,07
171.0,174.0,Trochalopteron variegatum,Variegated Laughingthrush,0.9665,psl6,2024,06,22,07
177.0,180.0,Trochalopteron variegatum,Variegated Laughingthrush,0.7339,psl6,2024,06,22,07
180.0,183.0,Trochalopteron variegatum,Variegated Laughingthrush,0.8137,psl6,2024,06,22,07
186.0,189.0,Trochalopteron variegatum,Variegated Laughingthrush,0.7759,psl6,2024,06,22,07
189.0,192.0,Trochalopteron variegatum,Variegated Laughingthrush,0.9606,psl6,2024,06,22,07
195.0,198.0,Trochalopteron variegatum,Variegated Laughingthrush,0.5744,psl6,2024,06,22,07
198.0,201.0,Trochalopteron variegatum,Variegated Laughingthrush,0.9203,psl6,2024,06,22,07
201.0,204.0,Trochalopteron variegatum,Variegated Laughingthrush,0.916,psl6,2024,06,22,07
204.0,207.0,Trochalopteron variegatum,Variegated Laughingthrush,0.6769,psl6,2024,06,22,07
210.0,213.0,Trochalopteron variegatum,Variegated Laughingthrush,0.7562,psl6,2024,06,22,07
213.0,216.0,Trochalopteron variegatum,Variegated Laughingthrush,0.9179,psl6,2024,06,22,07
216.0,219.0,Trochalopteron variegatum,Variegated Laughingthrush,0.5849,psl6,2024,06,22,07
216.0,219.0,Trochalopteron affine,Black-faced Laughingthrush,0.5232,psl6,2024,06,22,07
225.0,228.0,Trochalopteron variegatum,Variegated Laughingthrush,0.7226,psl6,2024,06,22,07
228.0,231.0,Trochalopteron variegatum,Variegated Laughingthrush,0.5947,psl6,2024,06,22,07
234.0,237.0,Trochalopteron variegatum,Variegated Laughingthrush,0.9741,psl6,2024,06,22,07
240.0,243.0,Trochalopteron variegatum,Variegated Laughingthrush,0.7674,psl6,2024,06,22,07
246.0,249.0,Trochalopteron variegatum,Variegated Laughingthrush,0.9284,psl6,2024,06,22,07
252.0,255.0,Trochalopteron variegatum,Variegated Laughingthrush,0.7604,psl6,2024,06,22,07
255.0,258.0,Trochalopteron variegatum,Variegated Laughingthrush,0.9884,psl6,2024,06,22,07
261.0,264.0,Trochalopteron variegatum,Variegated Laughingthrush,0.5478,psl6,2024,06,22,07
264.0,267.0,Trochalopteron variegatum,Variegated Laughingthrush,0.9731,psl6,2024,06,22,07
267.0,270.0,Trochalopteron variegatum,Variegated Laughingthrush,0.9361,psl6,2024,06,22,07
273.0,276.0,Trochalopteron variegatum,Variegated Laughingthrush,0.9642,psl6,2024,06,22,07
279.0,282.0,Trochalopteron variegatum,Variegated Laughingthrush,0.9856,psl6,2024,06,22,07
321.0,324.0,Pyrrhula pyrrhula,Eurasian Bullfinch,0.6299,psl6,2024,06,22,07
447.0,450.0,Trochalopteron variegatum,Variegated Laughingthrush,0.9017,psl6,2024,06,22,07
450.0,453.0,Toxostoma redivivum,California Thrasher,0.5227,psl6,2024,06,22,07
453.0,456.0,Trochalopteron variegatum,Variegated Laughingthrush,0.984,psl6,2024,06,22,07
456.0,459.0,Trochalopteron variegatum,Variegated Laughingthrush,0.8999,psl6,2024,06,22,07
462.0,465.0,Trochalopteron variegatum,Variegated Laughingthrush,0.984,psl6,2024,06,22,07
465.0,468.0,Trochalopteron variegatum,Variegated Laughingthrush,0.8562,psl6,2024,06,22,07
474.0,477.0,Trochalopteron variegatum,Variegated Laughingthrush,0.671,psl6,2024,06,22,07
483.0,486.0,Trochalopteron variegatum,Variegated Laughingthrush,0.8625,psl6,2024,06,22,07
486.0,489.0,Trochalopteron variegatum,Variegated Laughingthrush,0.5537,psl6,2024,06,22,07
492.0,495.0,Trochalopteron variegatum,Variegated Laughingthrush,0.7571,psl6,2024,06,22,07
498.0,501.0,Trochalopteron variegatum,Variegated Laughingthrush,0.7758,psl6,2024,06,22,07
507.0,510.0,Trochalopteron variegatum,Variegated Laughingthrush,0.8556,psl6,2024,06,22,07
510.0,513.0,Trochalopteron variegatum,Variegated Laughingthrush,0.6333,psl6,2024,06,22,07
513.0,516.0,Trochalopteron variegatum,Variegated Laughingthrush,0.9553,psl6,2024,06,22,07
516.0,519.0,Trochalopteron variegatum,Variegated Laughingthrush,0.6743,psl6,2024,06,22,07
522.0,525.0,Trochalopteron variegatum,Variegated Laughingthrush,0.7748,psl6,2024,06,22,07
534.0,537.0,Trochalopteron variegatum,Variegated Laughingthrush,0.5812,psl6,2024,06,22,07
537.0,540.0,Trochalopteron variegatum,Variegated Laughingthrush,0.7534,psl6,2024,06,22,07
540.0,543.0,Trochalopteron variegatum,Variegated Laughingthrush,0.6847,psl6,2024,06,22,07
549.0,552.0,Trochalopteron variegatum,Variegated Laughingthrush,0.6203,psl6,2024,06,22,07
558.0,561.0,Trochalopteron variegatum,Variegated Laughingthrush,0.5413,psl6,2024,06,22,07
576.0,579.0,Trochalopteron variegatum,Variegated Laughingthrush,0.5397,psl6,2024,06,22,07
594.0,597.0,Trochalopteron variegatum,Variegated Laughingthrush,0.6391,psl6,2024,06,22,07
597.0,600.0,Trochalopteron variegatum,Variegated Laughingthrush,0.6072,psl6,2024,06,22,07
612.0,615.0,Trochalopteron variegatum,Variegated Laughingthrush,0.5843,psl6,2024,06,22,07
627.0,630.0,Trochalopteron variegatum,Variegated Laughingthrush,0.8982,psl6,2024,06,22,07
633.0,636.0,Trochalopteron variegatum,Variegated Laughingthrush,0.9206,psl6,2024,06,22,07
636.0,639.0,Trochalopteron variegatum,Variegated Laughingthrush,0.618,psl6,2024,06,22,07
639.0,642.0,Trochalopteron variegatum,Variegated Laughingthrush,0.7188,psl6,2024,06,22,07
645.0,648.0,Trochalopteron variegatum,Variegated Laughingthrush,0.9253,psl6,2024,06,22,07
648.0,651.0,Trochalopteron variegatum,Variegated Laughingthrush,0.8123,psl6,2024,06,22,07
654.0,657.0,Trochalopteron variegatum,Variegated Laughingthrush,0.9325,psl6,2024,06,22,07
657.0,660.0,Trochalopteron variegatum,Variegated Laughingthrush,0.7272,psl6,2024,06,22,07
666.0,669.0,Trochalopteron variegatum,Variegated Laughingthrush,0.7421,psl6,2024,06,22,07
735.0,738.0,Larvivora brunnea,Indian Blue Robin,0.5848,psl6,2024,06,22,07
738.0,741.0,Larvivora brunnea,Indian Blue Robin,0.6031,psl6,2024,06,22,07
744.0,747.0,Larvivora brunnea,Indian Blue Robin,0.8683,psl6,2024,06,22,07
750.0,753.0,Larvivora brunnea,Indian Blue Robin,0.9562,psl6,2024,06,22,07
774.0,777.0,Larvivora brunnea,Indian Blue Robin,0.996,psl6,2024,06,22,07
789.0,792.0,Larvivora brunnea,Indian Blue Robin,0.9997,psl6,2024,06,22,07
804.0,807.0,Phylloscopus magnirostris,Large-billed Leaf Warbler,0.856,psl6,2024,06,22,07
804.0,807.0,Larvivora brunnea,Indian Blue Robin,0.6266,psl6,2024,06,22,07
813.0,816.0,Phylloscopus magnirostris,Large-billed Leaf Warbler,0.8838,psl6,2024,06,22,07
813.0,816.0,Larvivora brunnea,Indian Blue Robin,0.8549,psl6,2024,06,22,07
816.0,819.0,Larvivora brunnea,Indian Blue Robin,0.9908,psl6,2024,06,22,07
819.0,822.0,Ficedula tricolor,Slaty-blue Flycatcher,0.8135,psl6,2024,06,22,07
846.0,849.0,Ficedula tricolor,Slaty-blue Flycatcher,0.845,psl6,2024,06,22,07
867.0,870.0,Ficedula tricolor,Slaty-blue Flycatcher,0.772,psl6,2024,06,22,07
876.0,879.0,Ficedula tricolor,Slaty-blue Flycatcher,0.7628,psl6,2024,06,22,07
81.0,84.0,Phylloscopus occipitalis,Western Crowned Warbler,0.5094,psl6,2024,06,22,08
87.0,90.0,Phylloscopus nitidus,Green Warbler,0.7423,psl6,2024,06,22,08
141.0,144.0,Phylloscopus trochiloides,Greenish Warbler,0.5572,psl6,2024,06,22,08
180.0,183.0,Phylloscopus whistleri,Whistler's Warbler,0.5056,psl6,2024,06,22,08
567.0,570.0,Ficedula tricolor,Slaty-blue Flycatcher,0.8013,psl6,2024,06,22,08
705.0,708.0,Ficedula tricolor,Slaty-blue Flycatcher,0.6627,psl6,2024,06,22,08
720.0,723.0,Ficedula tricolor,Slaty-blue Flycatcher,0.8351,psl6,2024,06,22,08
750.0,753.0,Ficedula tricolor,Slaty-blue Flycatcher,0.8193,psl6,2024,06,22,08
12.0,15.0,Copsychus albospecularis,Madagascar Magpie-Robin,0.5946,psl6,2024,06,22,09
36.0,39.0,Copsychus albospecularis,Madagascar Magpie-Robin,0.9346,psl6,2024,06,22,09
99.0,102.0,Ficedula tricolor,Slaty-blue Flycatcher,0.8102,psl6,2024,06,22,09
102.0,105.0,Ficedula tricolor,Slaty-blue Flycatcher,0.7485,psl6,2024,06,22,09
117.0,120.0,Ficedula tricolor,Slaty-blue Flycatcher,0.6506,psl6,2024,06,22,09
192.0,195.0,Phylloscopus humei,Hume's Warbler,0.6742,psl6,2024,06,22,09
225.0,228.0,Myiothlypis coronata,Russet-crowned Warbler,0.5477,psl6,2024,06,22,09
348.0,351.0,Ficedula tricolor,Slaty-blue Flycatcher,0.7967,psl6,2024,06,22,09
360.0,363.0,Ficedula tricolor,Slaty-blue Flycatcher,0.5825,psl6,2024,06,22,09
525.0,528.0,Phylloscopus nitidus,Green Warbler,0.6496,psl6,2024,06,22,09
603.0,606.0,Phylloscopus nitidus,Green Warbler,0.625,psl6,2024,06,22,09
609.0,612.0,Phylloscopus trochiloides,Greenish Warbler,0.5623,psl6,2024,06,22,09
624.0,627.0,Phylloscopus nitidus,Green Warbler,0.5764,psl6,2024,06,22,09
633.0,636.0,Atlapetes fuscoolivaceus,Dusky-headed Brushfinch,0.5606,psl6,2024,06,22,09
642.0,645.0,Phylloscopus nitidus,Green Warbler,0.8125,psl6,2024,06,22,09
726.0,729.0,Phylloscopus nitidus,Green Warbler,0.554,psl6,2024,06,22,09
792.0,795.0,Phylloscopus trochiloides,Greenish Warbler,0.7675,psl6,2024,06,22,09
792.0,795.0,Phylloscopus nitidus,Green Warbler,0.6331,psl6,2024,06,22,09
828.0,831.0,Phylloscopus trochiloides,Greenish Warbler,0.7714,psl6,2024,06,22,09
858.0,861.0,Copsychus albospecularis,Madagascar Magpie-Robin,0.525,psl6,2024,06,22,09
30.0,33.0,Phylloscopus trochiloides,Greenish Warbler,0.5109,psl6,2024,06,23,06
39.0,42.0,Phylloscopus trochiloides,Greenish Warbler,0.5849,psl6,2024,06,23,06
60.0,63.0,Phylloscopus trochiloides,Greenish Warbler,0.6716,psl6,2024,06,23,06
66.0,69.0,Phylloscopus occipitalis,Western Crowned Warbler,0.8795,psl6,2024,06,23,06
141.0,144.0,Phylloscopus trochiloides,Greenish Warbler,0.8461,psl6,2024,06,23,06
171.0,174.0,Phylloscopus occipitalis,Western Crowned Warbler,0.572,psl6,2024,06,23,06
180.0,183.0,Phylloscopus occipitalis,Western Crowned Warbler,0.8519,psl6,2024,06,23,06
186.0,189.0,Phylloscopus occipitalis,Western Crowned Warbler,0.672,psl6,2024,06,23,06
195.0,198.0,Phylloscopus occipitalis,Western Crowned Warbler,0.9097,psl6,2024,06,23,06
198.0,201.0,Phylloscopus occipitalis,Western Crowned Warbler,0.5705,psl6,2024,06,23,06
228.0,231.0,Phylloscopus occipitalis,Western Crowned Warbler,0.8263,psl6,2024,06,23,06
237.0,240.0,Phylloscopus occipitalis,Western Crowned Warbler,0.9317,psl6,2024,06,23,06
246.0,249.0,Phylloscopus occipitalis,Western Crowned Warbler,0.9066,psl6,2024,06,23,06
255.0,258.0,Phylloscopus occipitalis,Western Crowned Warbler,0.756,psl6,2024,06,23,06
270.0,273.0,Phylloscopus occipitalis,Western Crowned Warbler,0.6751,psl6,2024,06,23,06
279.0,282.0,Phylloscopus occipitalis,Western Crowned Warbler,0.7294,psl6,2024,06,23,06
282.0,285.0,Phylloscopus occipitalis,Western Crowned Warbler,0.7178,psl6,2024,06,23,06
285.0,288.0,Phylloscopus occipitalis,Western Crowned Warbler,0.9703,psl6,2024,06,23,06
294.0,297.0,Phylloscopus occipitalis,Western Crowned Warbler,0.8806,psl6,2024,06,23,06
309.0,312.0,Phylloscopus occipitalis,Western Crowned Warbler,0.699,psl6,2024,06,23,06
333.0,336.0,Phylloscopus occipitalis,Western Crowned Warbler,0.9292,psl6,2024,06,23,06
342.0,345.0,Phylloscopus occipitalis,Western Crowned Warbler,0.7438,psl6,2024,06,23,06
351.0,354.0,Phylloscopus occipitalis,Western Crowned Warbler,0.8993,psl6,2024,06,23,06
354.0,357.0,Phylloscopus occipitalis,Western Crowned Warbler,0.5173,psl6,2024,06,23,06
372.0,375.0,Phylloscopus occipitalis,Western Crowned Warbler,0.6358,psl6,2024,06,23,06
381.0,384.0,Phylloscopus occipitalis,Western Crowned Warbler,0.8552,psl6,2024,06,23,06
387.0,390.0,Phylloscopus occipitalis,Western Crowned Warbler,0.6027,psl6,2024,06,23,06
396.0,399.0,Phylloscopus trochiloides,Greenish Warbler,0.5671,psl6,2024,06,23,06
399.0,402.0,Phylloscopus occipitalis,Western Crowned Warbler,0.8645,psl6,2024,06,23,06
405.0,408.0,Phylloscopus occipitalis,Western Crowned Warbler,0.9919,psl6,2024,06,23,06
411.0,414.0,Phylloscopus occipitalis,Western Crowned Warbler,0.5587,psl6,2024,06,23,06
414.0,417.0,Phylloscopus occipitalis,Western Crowned Warbler,0.8851,psl6,2024,06,23,06
420.0,423.0,Phylloscopus occipitalis,Western Crowned Warbler,0.9767,psl6,2024,06,23,06
426.0,429.0,Phylloscopus occipitalis,Western Crowned Warbler,0.6585,psl6,2024,06,23,06
432.0,435.0,Phylloscopus occipitalis,Western Crowned Warbler,0.6464,psl6,2024,06,23,06
441.0,444.0,Larvivora brunnea,Indian Blue Robin,0.5412,psl6,2024,06,23,06
444.0,447.0,Phylloscopus occipitalis,Western Crowned Warbler,0.5754,psl6,2024,06,23,06
453.0,456.0,Trochalopteron variegatum,Variegated Laughingthrush,0.8555,psl6,2024,06,23,06
477.0,480.0,Phylloscopus occipitalis,Western Crowned Warbler,0.6903,psl6,2024,06,23,06
495.0,498.0,Phylloscopus occipitalis,Western Crowned Warbler,0.5154,psl6,2024,06,23,06
501.0,504.0,Phylloscopus occipitalis,Western Crowned Warbler,0.8253,psl6,2024,06,23,06
507.0,510.0,Phylloscopus occipitalis,Western Crowned Warbler,0.8303,psl6,2024,06,23,06
516.0,519.0,Phylloscopus occipitalis,Western Crowned Warbler,0.6772,psl6,2024,06,23,06
522.0,525.0,Phylloscopus occipitalis,Western Crowned Warbler,0.95,psl6,2024,06,23,06
525.0,528.0,Phylloscopus occipitalis,Western Crowned Warbler,0.5579,psl6,2024,06,23,06
531.0,534.0,Phylloscopus occipitalis,Western Crowned Warbler,0.9697,psl6,2024,06,23,06
537.0,540.0,Phylloscopus occipitalis,Western Crowned Warbler,0.7496,psl6,2024,06,23,06
546.0,549.0,Phylloscopus occipitalis,Western Crowned Warbler,0.8228,psl6,2024,06,23,06
552.0,555.0,Phylloscopus occipitalis,Western Crowned Warbler,0.7936,psl6,2024,06,23,06
555.0,558.0,Phylloscopus occipitalis,Western Crowned Warbler,0.9305,psl6,2024,06,23,06
561.0,564.0,Phylloscopus occipitalis,Western Crowned Warbler,0.5652,psl6,2024,06,23,06
564.0,567.0,Phylloscopus occipitalis,Western Crowned Warbler,0.6206,psl6,2024,06,23,06
579.0,582.0,Phylloscopus occipitalis,Western Crowned Warbler,0.6553,psl6,2024,06,23,06
582.0,585.0,Phylloscopus occipitalis,Western Crowned Warbler,0.6948,psl6,2024,06,23,06
588.0,591.0,Phylloscopus occipitalis,Western Crowned Warbler,0.9739,psl6,2024,06,23,06
591.0,594.0,Phylloscopus occipitalis,Western Crowned Warbler,0.8729,psl6,2024,06,23,06
600.0,603.0,Phylloscopus occipitalis,Western Crowned Warbler,0.8768,psl6,2024,06,23,06
603.0,606.0,Phylloscopus occipitalis,Western Crowned Warbler,0.9313,psl6,2024,06,23,06
612.0,615.0,Phylloscopus occipitalis,Western Crowned Warbler,0.8421,psl6,2024,06,23,06
621.0,624.0,Phylloscopus occipitalis,Western Crowned Warbler,0.8799,psl6,2024,06,23,06
624.0,627.0,Phylloscopus occipitalis,Western Crowned Warbler,0.6371,psl6,2024,06,23,06
630.0,633.0,Phylloscopus occipitalis,Western Crowned Warbler,0.7177,psl6,2024,06,23,06
633.0,636.0,Phylloscopus occipitalis,Western Crowned Warbler,0.6776,psl6,2024,06,23,06
639.0,642.0,Phylloscopus occipitalis,Western Crowned Warbler,0.5496,psl6,2024,06,23,06
642.0,645.0,Phylloscopus occipitalis,Western Crowned Warbler,0.7016,psl6,2024,06,23,06
651.0,654.0,Phylloscopus occipitalis,Western Crowned Warbler,0.6861,psl6,2024,06,23,06
657.0,660.0,Phylloscopus occipitalis,Western Crowned Warbler,0.9556,psl6,2024,06,23,06
660.0,663.0,Phylloscopus occipitalis,Western Crowned Warbler,0.935,psl6,2024,06,23,06
666.0,669.0,Phylloscopus occipitalis,Western Crowned Warbler,0.752,psl6,2024,06,23,06
678.0,681.0,Phylloscopus occipitalis,Western Crowned Warbler,0.6536,psl6,2024,06,23,06
684.0,687.0,Phylloscopus occipitalis,Western Crowned Warbler,0.6456,psl6,2024,06,23,06
693.0,696.0,Phylloscopus occipitalis,Western Crowned Warbler,0.6884,psl6,2024,06,23,06
696.0,699.0,Phylloscopus occipitalis,Western Crowned Warbler,0.8646,psl6,2024,06,23,06
699.0,702.0,Phylloscopus occipitalis,Western Crowned Warbler,0.6053,psl6,2024,06,23,06
714.0,717.0,Phylloscopus occipitalis,Western Crowned Warbler,0.8139,psl6,2024,06,23,06
723.0,726.0,Phylloscopus occipitalis,Western Crowned Warbler,0.8832,psl6,2024,06,23,06
726.0,729.0,Phylloscopus occipitalis,Western Crowned Warbler,0.6313,psl6,2024,06,23,06
732.0,735.0,Phylloscopus occipitalis,Western Crowned Warbler,0.6524,psl6,2024,06,23,06
735.0,738.0,Phylloscopus occipitalis,Western Crowned Warbler,0.8141,psl6,2024,06,23,06
741.0,744.0,Phylloscopus occipitalis,Western Crowned Warbler,0.9585,psl6,2024,06,23,06
747.0,750.0,Phylloscopus occipitalis,Western Crowned Warbler,0.9054,psl6,2024,06,23,06
750.0,753.0,Phylloscopus occipitalis,Western Crowned Warbler,0.595,psl6,2024,06,23,06
759.0,762.0,Phylloscopus occipitalis,Western Crowned Warbler,0.6175,psl6,2024,06,23,06
768.0,771.0,Phylloscopus occipitalis,Western Crowned Warbler,0.581,psl6,2024,06,23,06
801.0,804.0,Phylloscopus occipitalis,Western Crowned Warbler,0.5675,psl6,2024,06,23,06
804.0,807.0,Phylloscopus occipitalis,Western Crowned Warbler,0.6443,psl6,2024,06,23,06
819.0,822.0,Phylloscopus occipitalis,Western Crowned Warbler,0.8298,psl6,2024,06,23,06
825.0,828.0,Lophorina superba,Greater Lophorina,0.6901,psl6,2024,06,23,06
834.0,837.0,Phylloscopus occipitalis,Western Crowned Warbler,0.9479,psl6,2024,06,23,06
837.0,840.0,Phylloscopus occipitalis,Western Crowned Warbler,0.8819,psl6,2024,06,23,06
840.0,843.0,Phylloscopus occipitalis,Western Crowned Warbler,0.6564,psl6,2024,06,23,06
876.0,879.0,Phylloscopus occipitalis,Western Crowned Warbler,0.9032,psl6,2024,06,23,06
0.0,3.0,Phylloscopus nitidus,Green Warbler,0.7187,psl6,2024,06,23,07
15.0,18.0,Phylloscopus trochiloides,Greenish Warbler,0.6136,psl6,2024,06,23,07
156.0,159.0,Phylloscopus trochiloides,Greenish Warbler,0.5027,psl6,2024,06,23,07
243.0,246.0,Ficedula tricolor,Slaty-blue Flycatcher,0.5818,psl6,2024,06,23,07
249.0,252.0,Ficedula tricolor,Slaty-blue Flycatcher,0.5456,psl6,2024,06,23,07
252.0,255.0,Ficedula tricolor,Slaty-blue Flycatcher,0.6113,psl6,2024,06,23,07
444.0,447.0,Phylloscopus borealis,Arctic Warbler,0.6489,psl6,2024,06,23,07
483.0,486.0,Ficedula tricolor,Slaty-blue Flycatcher,0.5633,psl6,2024,06,23,07
492.0,495.0,Carpodacus erythrinus,Common Rosefinch,0.5506,psl6,2024,06,23,07
525.0,528.0,Carpodacus erythrinus,Common Rosefinch,0.6221,psl6,2024,06,23,07
699.0,702.0,Carpodacus erythrinus,Common Rosefinch,0.5208,psl6,2024,06,23,07
720.0,723.0,Carpodacus erythrinus,Common Rosefinch,0.5091,psl6,2024,06,23,07
771.0,774.0,Leptopoecile sophiae,White-browed Tit-Warbler,0.5433,psl6,2024,06,23,07
831.0,834.0,Carpodacus erythrinus,Common Rosefinch,0.5755,psl6,2024,06,23,07
888.0,891.0,Carpodacus erythrinus,Common Rosefinch,0.6542,psl6,2024,06,23,07
39.0,42.0,Phylloscopus nitidus,Green Warbler,0.509,psl6,2024,06,23,08
51.0,54.0,Phylloscopus nitidus,Green Warbler,0.5727,psl6,2024,06,23,08
54.0,57.0,Phylloscopus trochiloides,Greenish Warbler,0.9646,psl6,2024,06,23,08
57.0,60.0,Phylloscopus trochiloides,Greenish Warbler,0.7333,psl6,2024,06,23,08
96.0,99.0,Phylloscopus humei,Hume's Warbler,0.8758,psl6,2024,06,23,08
153.0,156.0,Phylloscopus nitidus,Green Warbler,0.5868,psl6,2024,06,23,08
159.0,162.0,Phylloscopus humei,Hume's Warbler,0.9377,psl6,2024,06,23,08
165.0,168.0,Phylloscopus humei,Hume's Warbler,0.9671,psl6,2024,06,23,08
183.0,186.0,Phylloscopus maculipennis,Ashy-throated Warbler,0.5947,psl6,2024,06,23,08
198.0,201.0,Phylloscopus humei,Hume's Warbler,0.5721,psl6,2024,06,23,08
252.0,255.0,Phylloscopus nitidus,Green Warbler,0.5107,psl6,2024,06,23,08
258.0,261.0,Phylloscopus humei,Hume's Warbler,0.7512,psl6,2024,06,23,08
261.0,264.0,Phylloscopus humei,Hume's Warbler,0.5617,psl6,2024,06,23,08
267.0,270.0,Phylloscopus trochiloides,Greenish Warbler,0.6903,psl6,2024,06,23,08
306.0,309.0,Phylloscopus humei,Hume's Warbler,0.8987,psl6,2024,06,23,08
318.0,321.0,Phylloscopus humei,Hume's Warbler,0.9196,psl6,2024,06,23,08
348.0,351.0,Phylloscopus humei,Hume's Warbler,0.5554,psl6,2024,06,23,08
360.0,363.0,Phylloscopus humei,Hume's Warbler,0.8912,psl6,2024,06,23,08
366.0,369.0,Phylloscopus humei,Hume's Warbler,0.8722,psl6,2024,06,23,08
372.0,375.0,Phylloscopus humei,Hume's Warbler,0.9206,psl6,2024,06,23,08
411.0,414.0,Phylloscopus humei,Hume's Warbler,0.6089,psl6,2024,06,23,08
642.0,645.0,Phylloscopus trochiloides,Greenish Warbler,0.6978,psl6,2024,06,23,08
687.0,690.0,Phylloscopus nitidus,Green Warbler,0.7588,psl6,2024,06,23,08
3.0,6.0,Larvivora brunnea,Indian Blue Robin,0.6152,psl6,2024,06,23,09
6.0,9.0,Larvivora brunnea,Indian Blue Robin,0.9526,psl6,2024,06,23,09
36.0,39.0,Larvivora brunnea,Indian Blue Robin,0.9606,psl6,2024,06,23,09
36.0,39.0,Phylloscopus magnirostris,Large-billed Leaf Warbler,0.6997,psl6,2024,06,23,09
39.0,42.0,Larvivora brunnea,Indian Blue Robin,0.8303,psl6,2024,06,23,09
48.0,51.0,Phylloscopus occipitalis,Western Crowned Warbler,0.5698,psl6,2024,06,23,09
51.0,54.0,Larvivora brunnea,Indian Blue Robin,0.5223,psl6,2024,06,23,09
108.0,111.0,Phylloscopus nitidus,Green Warbler,0.5508,psl6,2024,06,23,09
321.0,324.0,Phylloscopus trochiloides,Greenish Warbler,0.5067,psl6,2024,06,23,09
324.0,327.0,Phylloscopus trochiloides,Greenish Warbler,0.8447,psl6,2024,06,23,09
360.0,363.0,Ficedula tricolor,Slaty-blue Flycatcher,0.7186,psl6,2024,06,23,09
363.0,366.0,Ficedula tricolor,Slaty-blue Flycatcher,0.7655,psl6,2024,06,23,09
369.0,372.0,Ficedula tricolor,Slaty-blue Flycatcher,0.9721,psl6,2024,06,23,09
372.0,375.0,Ficedula tricolor,Slaty-blue Flycatcher,0.7856,psl6,2024,06,23,09
450.0,453.0,Trochalopteron variegatum,Variegated Laughingthrush,0.5873,psl6,2024,06,23,09
633.0,636.0,Periparus rufonuchalis,Rufous-naped Tit,0.8015,psl6,2024,06,23,09
636.0,639.0,Periparus rufonuchalis,Rufous-naped Tit,0.5522,psl6,2024,06,23,09
645.0,648.0,Periparus rufonuchalis,Rufous-naped Tit,0.7518,psl6,2024,06,23,09
669.0,672.0,Phylloscopus occipitalis,Western Crowned Warbler,0.6618,psl6,2024,06,23,09
684.0,687.0,Phylloscopus occipitalis,Western Crowned Warbler,0.7544,psl6,2024,06,23,09
693.0,696.0,Phylloscopus occipitalis,Western Crowned Warbler,0.5977,psl6,2024,06,23,09
756.0,759.0,Pyrrhula pyrrhula,Eurasian Bullfinch,0.8091,psl6,2024,06,23,09
768.0,771.0,Phylloscopus occipitalis,Western Crowned Warbler,0.6863,psl6,2024,06,23,09
810.0,813.0,Phylloscopus trochiloides,Greenish Warbler,0.6911,psl6,2024,06,23,09
825.0,828.0,Phylloscopus nitidus,Green Warbler,0.7914,psl6,2024,06,23,09
840.0,843.0,Phylloscopus reguloides,Blyth's Leaf Warbler,0.5677,psl6,2024,06,23,09
843.0,846.0,Diglossa humeralis,Black Flowerpiercer,0.6108,psl6,2024,06,23,09
858.0,861.0,Atlapetes fuscoolivaceus,Dusky-headed Brushfinch,0.5837,psl6,2024,06,23,09
885.0,888.0,Phylloscopus nitidus,Green Warbler,0.9242,psl6,2024,06,23,09
894.0,897.0,Phylloscopus nitidus,Green Warbler,0.8775,psl6,2024,06,23,09
894.0,897.0,Phylloscopus trochiloides,Greenish Warbler,0.6236,psl6,2024,06,23,09
39.0,42.0,Trochalopteron variegatum,Variegated Laughingthrush,0.7144,psl6,2024,06,24,06
57.0,60.0,Trochalopteron variegatum,Variegated Laughingthrush,0.8551,psl6,2024,06,24,06
69.0,72.0,Trochalopteron variegatum,Variegated Laughingthrush,0.9347,psl6,2024,06,24,06
78.0,81.0,Trochalopteron variegatum,Variegated Laughingthrush,0.8884,psl6,2024,06,24,06
84.0,87.0,Phylloscopus humei,Hume's Warbler,0.9772,psl6,2024,06,24,06
87.0,90.0,Trochalopteron variegatum,Variegated Laughingthrush,0.756,psl6,2024,06,24,06
99.0,102.0,Phylloscopus humei,Hume's Warbler,0.6311,psl6,2024,06,24,06
102.0,105.0,Trochalopteron variegatum,Variegated Laughingthrush,0.9831,psl6,2024,06,24,06
234.0,237.0,Phylloscopus nitidus,Green Warbler,0.7895,psl6,2024,06,24,06
285.0,288.0,Phylloscopus nitidus,Green Warbler,0.5501,psl6,2024,06,24,06
324.0,327.0,Lophorina superba,Greater Lophorina,0.6349,psl6,2024,06,24,06
378.0,381.0,Phylloscopus trochiloides,Greenish Warbler,0.583,psl6,2024,06,24,06
420.0,423.0,Phylloscopus humei,Hume's Warbler,0.7399,psl6,2024,06,24,06
435.0,438.0,Ficedula tricolor,Slaty-blue Flycatcher,0.807,psl6,2024,06,24,06
441.0,444.0,Phylloscopus humei,Hume's Warbler,0.8319,psl6,2024,06,24,06
465.0,468.0,Phylloscopus humei,Hume's Warbler,0.7192,psl6,2024,06,24,06
495.0,498.0,Phylloscopus trochiloides,Greenish Warbler,0.5519,psl6,2024,06,24,06
603.0,606.0,Phylloscopus humei,Hume's Warbler,0.5019,psl6,2024,06,24,06
759.0,762.0,Phylloscopus nitidus,Green Warbler,0.6765,psl6,2024,06,24,06
762.0,765.0,Ficedula tricolor,Slaty-blue Flycatcher,0.7413,psl6,2024,06,24,06
768.0,771.0,Ficedula tricolor,Slaty-blue Flycatcher,0.8998,psl6,2024,06,24,06
774.0,777.0,Ficedula tricolor,Slaty-blue Flycatcher,0.5119,psl6,2024,06,24,06
795.0,798.0,Ficedula tricolor,Slaty-blue Flycatcher,0.8986,psl6,2024,06,24,06
801.0,804.0,Ficedula tricolor,Slaty-blue Flycatcher,0.9589,psl6,2024,06,24,06
813.0,816.0,Phylloscopus occipitalis,Western Crowned Warbler,0.5603,psl6,2024,06,24,06
822.0,825.0,Phylloscopus nitidus,Green Warbler,0.5826,psl6,2024,06,24,06
846.0,849.0,Phylloscopus nitidus,Green Warbler,0.5145,psl6,2024,06,24,06
870.0,873.0,Phylloscopus nitidus,Green Warbler,0.8002,psl6,2024,06,24,06
873.0,876.0,Phylloscopus nitidus,Green Warbler,0.5079,psl6,2024,06,24,06
894.0,897.0,Phylloscopus occipitalis,Western Crowned Warbler,0.6576,psl6,2024,06,24,06
54.0,57.0,Phylloscopus nitidus,Green Warbler,0.5226,psl6,2024,06,24,07
198.0,201.0,Phylloscopus trochiloides,Greenish Warbler,0.6851,psl6,2024,06,24,07
204.0,207.0,Phylloscopus trochiloides,Greenish Warbler,0.7247,psl6,2024,06,24,07
210.0,213.0,Phylloscopus trochiloides,Greenish Warbler,0.5822,psl6,2024,06,24,07
213.0,216.0,Phylloscopus trochiloides,Greenish Warbler,0.6243,psl6,2024,06,24,07
216.0,219.0,Phylloscopus nitidus,Green Warbler,0.5338,psl6,2024,06,24,07
231.0,234.0,Ficedula tricolor,Slaty-blue Flycatcher,0.6734,psl6,2024,06,24,07
237.0,240.0,Phylloscopus magnirostris,Large-billed Leaf Warbler,0.6071,psl6,2024,06,24,07
237.0,240.0,Ficedula tricolor,Slaty-blue Flycatcher,0.5309,psl6,2024,06,24,07
255.0,258.0,Ficedula tricolor,Slaty-blue Flycatcher,0.8676,psl6,2024,06,24,07
432.0,435.0,Larvivora brunnea,Indian Blue Robin,0.5108,psl6,2024,06,24,07
450.0,453.0,Phylloscopus trochiloides,Greenish Warbler,0.5136,psl6,2024,06,24,07
456.0,459.0,Phylloscopus trochiloides,Greenish Warbler,0.595,psl6,2024,06,24,07
465.0,468.0,Phylloscopus trochiloides,Greenish Warbler,0.7226,psl6,2024,06,24,07
477.0,480.0,Phylloscopus trochiloides,Greenish Warbler,0.7544,psl6,2024,06,24,07
483.0,486.0,Phylloscopus trochiloides,Greenish Warbler,0.5022,psl6,2024,06,24,07
486.0,489.0,Phylloscopus trochiloides,Greenish Warbler,0.6682,psl6,2024,06,24,07
489.0,492.0,Phylloscopus trochiloides,Greenish Warbler,0.5384,psl6,2024,06,24,07
504.0,507.0,Phylloscopus trochiloides,Greenish Warbler,0.7494,psl6,2024,06,24,07
642.0,645.0,Phylloscopus nitidus,Green Warbler,0.6053,psl6,2024,06,24,07
642.0,645.0,Phylloscopus trochiloides,Greenish Warbler,0.5719,psl6,2024,06,24,07
696.0,699.0,Phylloscopus nitidus,Green Warbler,0.8486,psl6,2024,06,24,07
756.0,759.0,Phylloscopus trochiloides,Greenish Warbler,0.803,psl6,2024,06,24,07
795.0,798.0,Phylloscopus trochiloides,Greenish Warbler,0.6735,psl6,2024,06,24,07
864.0,867.0,Phylloscopus nitidus,Green Warbler,0.6757,psl6,2024,06,24,07
864.0,867.0,Phylloscopus trochiloides,Greenish Warbler,0.5586,psl6,2024,06,24,07
9.0,12.0,Phylloscopus trochiloides,Greenish Warbler,0.8054,psl6,2024,06,24,08
78.0,81.0,Phylloscopus trochiloides,Greenish Warbler,0.6426,psl6,2024,06,24,08
102.0,105.0,Phylloscopus reguloides,Blyth's Leaf Warbler,0.5546,psl6,2024,06,24,08
129.0,132.0,Phylloscopus trochiloides,Greenish Warbler,0.8498,psl6,2024,06,24,08
156.0,159.0,Phylloscopus reguloides,Blyth's Leaf Warbler,0.514,psl6,2024,06,24,08
198.0,201.0,Phylloscopus trochiloides,Greenish Warbler,0.7427,psl6,2024,06,24,08
258.0,261.0,Luscinia phaenicuroides,White-bellied Redstart,0.7124,psl6,2024,06,24,08
321.0,324.0,Phylloscopus trochiloides,Greenish Warbler,0.8361,psl6,2024,06,24,08
321.0,324.0,Phylloscopus nitidus,Green Warbler,0.6589,psl6,2024,06,24,08
468.0,471.0,Phylloscopus humei,Hume's Warbler,0.5119,psl6,2024,06,24,08
489.0,492.0,Zosterops simplex,Swinhoe's White-eye,0.708,psl6,2024,06,24,08
615.0,618.0,Phylloscopus humei,Hume's Warbler,0.7406,psl6,2024,06,24,08
654.0,657.0,Phylloscopus trochiloides,Greenish Warbler,0.7061,psl6,2024,06,24,08
678.0,681.0,Phylloscopus trochiloides,Greenish Warbler,0.5453,psl6,2024,06,24,08
717.0,720.0,Phylloscopus humei,Hume's Warbler,0.7626,psl6,2024,06,24,08
783.0,786.0,Larvivora brunnea,Indian Blue Robin,0.6477,psl6,2024,06,24,08
798.0,801.0,Larvivora brunnea,Indian Blue Robin,0.7414,psl6,2024,06,24,08
9.0,12.0,Phylloscopus reguloides,Blyth's Leaf Warbler,0.6676,psl6,2024,06,24,09
42.0,45.0,Carpodacus erythrinus,Common Rosefinch,0.7715,psl6,2024,06,24,09
60.0,63.0,Phylloscopus trochiloides,Greenish Warbler,0.7492,psl6,2024,06,24,09
69.0,72.0,Phylloscopus nitidus,Green Warbler,0.7366,psl6,2024,06,24,09
69.0,72.0,Phylloscopus trochiloides,Greenish Warbler,0.5062,psl6,2024,06,24,09
90.0,93.0,Phylloscopus trochiloides,Greenish Warbler,0.867,psl6,2024,06,24,09
90.0,93.0,Phylloscopus nitidus,Green Warbler,0.7873,psl6,2024,06,24,09
177.0,180.0,Phylloscopus nitidus,Green Warbler,0.534,psl6,2024,06,24,09
183.0,186.0,Ficedula tricolor,Slaty-blue Flycatcher,0.8875,psl6,2024,06,24,09
195.0,198.0,Phylloscopus nitidus,Green Warbler,0.6124,psl6,2024,06,24,09
204.0,207.0,Phylloscopus trochiloides,Greenish Warbler,0.6384,psl6,2024,06,24,09
204.0,207.0,Phylloscopus nitidus,Green Warbler,0.5766,psl6,2024,06,24,09
243.0,246.0,Phylloscopus trochiloides,Greenish Warbler,0.7116,psl6,2024,06,24,09
336.0,339.0,Phylloscopus trochiloides,Greenish Warbler,0.5237,psl6,2024,06,24,09
366.0,369.0,Phylloscopus trochiloides,Greenish Warbler,0.7021,psl6,2024,06,24,09
366.0,369.0,Phylloscopus nitidus,Green Warbler,0.5681,psl6,2024,06,24,09
375.0,378.0,Phylloscopus trochiloides,Greenish Warbler,0.8245,psl6,2024,06,24,09
483.0,486.0,Phylloscopus humei,Hume's Warbler,0.9237,psl6,2024,06,24,09
549.0,552.0,Ficedula tricolor,Slaty-blue Flycatcher,0.7705,psl6,2024,06,24,09
564.0,567.0,Ficedula tricolor,Slaty-blue Flycatcher,0.6238,psl6,2024,06,24,09
573.0,576.0,Ficedula tricolor,Slaty-blue Flycatcher,0.6988,psl6,2024,06,24,09
576.0,579.0,Ficedula tricolor,Slaty-blue Flycatcher,0.7879,psl6,2024,06,24,09
579.0,582.0,Ficedula tricolor,Slaty-blue Flycatcher,0.928,psl6,2024,06,24,09
597.0,600.0,Phylloscopus humei,Hume's Warbler,0.9147,psl6,2024,06,24,09
630.0,633.0,Phylloscopus humei,Hume's Warbler,0.8911,psl6,2024,06,24,09
846.0,849.0,Phylloscopus occipitalis,Western Crowned Warbler,0.6596,psl6,2024,06,24,09
126.0,129.0,Phylloscopus humei,Hume's Warbler,0.5622,psl6,2024,06,25,06
144.0,147.0,Trochalopteron variegatum,Variegated Laughingthrush,0.6509,psl6,2024,06,25,06
147.0,150.0,Phylloscopus humei,Hume's Warbler,0.9037,psl6,2024,06,25,06
159.0,162.0,Phylloscopus humei,Hume's Warbler,0.5273,psl6,2024,06,25,06
165.0,168.0,Trochalopteron variegatum,Variegated Laughingthrush,0.7002,psl6,2024,06,25,06
204.0,207.0,Phylloscopus humei,Hume's Warbler,0.9465,psl6,2024,06,25,06
210.0,213.0,Trochalopteron variegatum,Variegated Laughingthrush,0.5309,psl6,2024,06,25,06
228.0,231.0,Phylloscopus humei,Hume's Warbler,0.6189,psl6,2024,06,25,06
234.0,237.0,Phylloscopus humei,Hume's Warbler,0.5293,psl6,2024,06,25,06
252.0,255.0,Phylloscopus humei,Hume's Warbler,0.7593,psl6,2024,06,25,06
270.0,273.0,Phylloscopus humei,Hume's Warbler,0.7035,psl6,2024,06,25,06
288.0,291.0,Phylloscopus humei,Hume's Warbler,0.5341,psl6,2024,06,25,06
342.0,345.0,Phylloscopus trochiloides,Greenish Warbler,0.6769,psl6,2024,06,25,06
405.0,408.0,Phylloscopus trochiloides,Greenish Warbler,0.547,psl6,2024,06,25,06
423.0,426.0,Phylloscopus occipitalis,Western Crowned Warbler,0.5938,psl6,2024,06,25,06
450.0,453.0,Phylloscopus occipitalis,Western Crowned Warbler,0.8629,psl6,2024,06,25,06
465.0,468.0,Phylloscopus nitidus,Green Warbler,0.6857,psl6,2024,06,25,06
483.0,486.0,Trochalopteron variegatum,Variegated Laughingthrush,0.7702,psl6,2024,06,25,06
498.0,501.0,Trochalopteron variegatum,Variegated Laughingthrush,0.5978,psl6,2024,06,25,06
570.0,573.0,Phylloscopus nitidus,Green Warbler,0.5524,psl6,2024,06,25,06
654.0,657.0,Phylloscopus nitidus,Green Warbler,0.7014,psl6,2024,06,25,06
666.0,669.0,Phylloscopus nitidus,Green Warbler,0.5158,psl6,2024,06,25,06
714.0,717.0,Phylloscopus nitidus,Green Warbler,0.7226,psl6,2024,06,25,06
729.0,732.0,Phylloscopus trochiloides,Greenish Warbler,0.5713,psl6,2024,06,25,06
747.0,750.0,Phylloscopus nitidus,Green Warbler,0.6328,psl6,2024,06,25,06
780.0,783.0,Phylloscopus trochiloides,Greenish Warbler,0.5314,psl6,2024,06,25,06
807.0,810.0,Carpodacus erythrinus,Common Rosefinch,0.9533,psl6,2024,06,25,06
816.0,819.0,Carpodacus erythrinus,Common Rosefinch,0.682,psl6,2024,06,25,06
819.0,822.0,Carpodacus erythrinus,Common Rosefinch,0.8162,psl6,2024,06,25,06
828.0,831.0,Phylloscopus occipitalis,Western Crowned Warbler,0.5981,psl6,2024,06,25,06
846.0,849.0,Carpodacus erythrinus,Common Rosefinch,0.6872,psl6,2024,06,25,06
852.0,855.0,Carpodacus erythrinus,Common Rosefinch,0.8921,psl6,2024,06,25,06
855.0,858.0,Carpodacus erythrinus,Common Rosefinch,0.7993,psl6,2024,06,25,06
861.0,864.0,Carpodacus erythrinus,Common Rosefinch,0.7237,psl6,2024,06,25,06
861.0,864.0,Phylloscopus nitidus,Green Warbler,0.6182,psl6,2024,06,25,06
864.0,867.0,Carpodacus erythrinus,Common Rosefinch,0.7805,psl6,2024,06,25,06
867.0,870.0,Carpodacus erythrinus,Common Rosefinch,0.7964,psl6,2024,06,25,06
876.0,879.0,Carpodacus erythrinus,Common Rosefinch,0.928,psl6,2024,06,25,06
879.0,882.0,Carpodacus erythrinus,Common Rosefinch,0.8829,psl6,2024,06,25,06
894.0,897.0,Carpodacus erythrinus,Common Rosefinch,0.5932,psl6,2024,06,25,06
897.0,900.0,Trochalopteron erythrocephalum,Chestnut-crowned Laughingthrush,0.6163,psl6,2024,06,25,06
6.0,9.0,Phylloscopus nitidus,Green Warbler,0.5543,psl6,2024,06,25,07
6.0,9.0,Phylloscopus trochiloides,Greenish Warbler,0.5203,psl6,2024,06,25,07
39.0,42.0,Phylloscopus trochiloides,Greenish Warbler,0.5122,psl6,2024,06,25,07
63.0,66.0,Phylloscopus nitidus,Green Warbler,0.7855,psl6,2024,06,25,07
63.0,66.0,Phylloscopus trochiloides,Greenish Warbler,0.6106,psl6,2024,06,25,07
108.0,111.0,Phylloscopus nitidus,Green Warbler,0.8643,psl6,2024,06,25,07
135.0,138.0,Phylloscopus occipitalis,Western Crowned Warbler,0.5399,psl6,2024,06,25,07
141.0,144.0,Phylloscopus trochiloides,Greenish Warbler,0.7627,psl6,2024,06,25,07
168.0,171.0,Phylloscopus nitidus,Green Warbler,0.6637,psl6,2024,06,25,07
171.0,174.0,Phylloscopus trochiloides,Greenish Warbler,0.7367,psl6,2024,06,25,07
171.0,174.0,Phylloscopus nitidus,Green Warbler,0.5916,psl6,2024,06,25,07
234.0,237.0,Phylloscopus trochiloides,Greenish Warbler,0.8409,psl6,2024,06,25,07
234.0,237.0,Phylloscopus nitidus,Green Warbler,0.5148,psl6,2024,06,25,07
315.0,318.0,Phylloscopus occipitalis,Western Crowned Warbler,0.6064,psl6,2024,06,25,07
360.0,363.0,Phylloscopus trochiloides,Greenish Warbler,0.7093,psl6,2024,06,25,07
360.0,363.0,Phylloscopus nitidus,Green Warbler,0.5416,psl6,2024,06,25,07
369.0,372.0,Phylloscopus nitidus,Green Warbler,0.5172,psl6,2024,06,25,07
393.0,396.0,Phylloscopus nitidus,Green Warbler,0.8262,psl6,2024,06,25,07
393.0,396.0,Phylloscopus trochiloides,Greenish Warbler,0.6065,psl6,2024,06,25,07
408.0,411.0,Phylloscopus reguloides,Blyth's Leaf Warbler,0.5494,psl6,2024,06,25,07
408.0,411.0,Phylloscopus claudiae,Claudia's Leaf Warbler,0.5286,psl6,2024,06,25,07
411.0,414.0,Phylloscopus occipitalis,Western Crowned Warbler,0.6722,psl6,2024,06,25,07
414.0,417.0,Phylloscopus nitidus,Green Warbler,0.7391,psl6,2024,06,25,07
414.0,417.0,Phylloscopus trochiloides,Greenish Warbler,0.6578,psl6,2024,06,25,07
438.0,441.0,Phylloscopus occipitalis,Western Crowned Warbler,0.5679,psl6,2024,06,25,07
450.0,453.0,Phylloscopus occipitalis,Western Crowned Warbler,0.6136,psl6,2024,06,25,07
492.0,495.0,Phylloscopus nitidus,Green Warbler,0.6497,psl6,2024,06,25,07
525.0,528.0,Phylloscopus nitidus,Green Warbler,0.5343,psl6,2024,06,25,07
537.0,540.0,Phylloscopus nitidus,Green Warbler,0.5704,psl6,2024,06,25,07
546.0,549.0,Phylloscopus trochiloides,Greenish Warbler,0.7797,psl6,2024,06,25,07
546.0,549.0,Phylloscopus nitidus,Green Warbler,0.7633,psl6,2024,06,25,07
552.0,555.0,Phylloscopus nitidus,Green Warbler,0.6533,psl6,2024,06,25,07
564.0,567.0,Phylloscopus trochiloides,Greenish Warbler,0.587,psl6,2024,06,25,07
570.0,573.0,Phylloscopus tytleri,Tytler's Leaf Warbler,0.5393,psl6,2024,06,25,07
573.0,576.0,Phylloscopus trochiloides,Greenish Warbler,0.6718,psl6,2024,06,25,07
573.0,576.0,Phylloscopus nitidus,Green Warbler,0.6486,psl6,2024,06,25,07
585.0,588.0,Phylloscopus trochiloides,Greenish Warbler,0.6992,psl6,2024,06,25,07
594.0,597.0,Phylloscopus nitidus,Green Warbler,0.7837,psl6,2024,06,25,07
594.0,597.0,Phylloscopus trochiloides,Greenish Warbler,0.6182,psl6,2024,06,25,07
603.0,606.0,Phylloscopus nitidus,Green Warbler,0.8156,psl6,2024,06,25,07
621.0,624.0,Phylloscopus nitidus,Green Warbler,0.8397,psl6,2024,06,25,07
624.0,627.0,Phylloscopus nitidus,Green Warbler,0.6637,psl6,2024,06,25,07
651.0,654.0,Phylloscopus trochiloides,Greenish Warbler,0.7601,psl6,2024,06,25,07
663.0,666.0,Phylloscopus nitidus,Green Warbler,0.7001,psl6,2024,06,25,07
663.0,666.0,Phylloscopus trochiloides,Greenish Warbler,0.5573,psl6,2024,06,25,07
672.0,675.0,Phylloscopus trochiloides,Greenish Warbler,0.8471,psl6,2024,06,25,07
672.0,675.0,Phylloscopus nitidus,Green Warbler,0.6597,psl6,2024,06,25,07
681.0,684.0,Phylloscopus nitidus,Green Warbler,0.5494,psl6,2024,06,25,07
684.0,687.0,Phylloscopus trochiloides,Greenish Warbler,0.6594,psl6,2024,06,25,07
702.0,705.0,Phylloscopus trochiloides,Greenish Warbler,0.6616,psl6,2024,06,25,07
702.0,705.0,Phylloscopus nitidus,Green Warbler,0.5917,psl6,2024,06,25,07
711.0,714.0,Phylloscopus nitidus,Green Warbler,0.866,psl6,2024,06,25,07
714.0,717.0,Phylloscopus trochiloides,Greenish Warbler,0.5058,psl6,2024,06,25,07
723.0,726.0,Phylloscopus nitidus,Green Warbler,0.6109,psl6,2024,06,25,07
723.0,726.0,Phylloscopus trochiloides,Greenish Warbler,0.5467,psl6,2024,06,25,07
726.0,729.0,Phylloscopus trochiloides,Greenish Warbler,0.8452,psl6,2024,06,25,07
726.0,729.0,Phylloscopus nitidus,Green Warbler,0.8256,psl6,2024,06,25,07
741.0,744.0,Phylloscopus trochiloides,Greenish Warbler,0.6493,psl6,2024,06,25,07
744.0,747.0,Phylloscopus trochiloides,Greenish Warbler,0.7524,psl6,2024,06,25,07
756.0,759.0,Phylloscopus trochiloides,Greenish Warbler,0.6621,psl6,2024,06,25,07
768.0,771.0,Phylloscopus trochiloides,Greenish Warbler,0.6479,psl6,2024,06,25,07
792.0,795.0,Phylloscopus nitidus,Green Warbler,0.6426,psl6,2024,06,25,07
804.0,807.0,Phylloscopus trochiloides,Greenish Warbler,0.6332,psl6,2024,06,25,07
813.0,816.0,Phylloscopus trochiloides,Greenish Warbler,0.5722,psl6,2024,06,25,07
816.0,819.0,Phylloscopus humei,Hume's Warbler,0.6121,psl6,2024,06,25,07
819.0,822.0,Phylloscopus humei,Hume's Warbler,0.9782,psl6,2024,06,25,07
828.0,831.0,Phylloscopus humei,Hume's Warbler,0.9133,psl6,2024,06,25,07
831.0,834.0,Phylloscopus humei,Hume's Warbler,0.7901,psl6,2024,06,25,07
834.0,837.0,Phylloscopus humei,Hume's Warbler,0.8083,psl6,2024,06,25,07
843.0,846.0,Phylloscopus humei,Hume's Warbler,0.7355,psl6,2024,06,25,07
6.0,9.0,Phylloscopus trochiloides,Greenish Warbler,0.6311,psl6,2024,06,25,08
42.0,45.0,Phylloscopus trochiloides,Greenish Warbler,0.7152,psl6,2024,06,25,08
51.0,54.0,Phylloscopus trochiloides,Greenish Warbler,0.5902,psl6,2024,06,25,08
186.0,189.0,Phylloscopus trochiloides,Greenish Warbler,0.5859,psl6,2024,06,25,08
357.0,360.0,Phylloscopus nitidus,Green Warbler,0.6452,psl6,2024,06,25,08
375.0,378.0,Phylloscopus trochiloides,Greenish Warbler,0.5974,psl6,2024,06,25,08
390.0,393.0,Phylloscopus trochiloides,Greenish Warbler,0.5806,psl6,2024,06,25,08
405.0,408.0,Phylloscopus nitidus,Green Warbler,0.6584,psl6,2024,06,25,08
438.0,441.0,Phylloscopus trochiloides,Greenish Warbler,0.5904,psl6,2024,06,25,08
450.0,453.0,Phylloscopus nitidus,Green Warbler,0.5405,psl6,2024,06,25,08
462.0,465.0,Phylloscopus reguloides,Blyth's Leaf Warbler,0.6451,psl6,2024,06,25,08
678.0,681.0,Periparus ater,Coal Tit,0.6313,psl6,2024,06,25,08
738.0,741.0,Phylloscopus trochiloides,Greenish Warbler,0.7109,psl6,2024,06,25,08
756.0,759.0,Phylloscopus humei,Hume's Warbler,0.573,psl6,2024,06,25,08
789.0,792.0,Phylloscopus trochiloides,Greenish Warbler,0.6641,psl6,2024,06,25,08
801.0,804.0,Phylloscopus trochiloides,Greenish Warbler,0.5673,psl6,2024,06,25,08
846.0,849.0,Phylloscopus trochiloides,Greenish Warbler,0.85,psl6,2024,06,25,08
867.0,870.0,Phylloscopus reguloides,Blyth's Leaf Warbler,0.5675,psl6,2024,06,25,08
870.0,873.0,Phylloscopus reguloides,Blyth's Leaf Warbler,0.5501,psl6,2024,06,25,08
879.0,882.0,Phylloscopus reguloides,Blyth's Leaf Warbler,0.6486,psl6,2024,06,25,08
897.0,900.0,Phylloscopus trochiloides,Greenish Warbler,0.841,psl6,2024,06,25,08
3.0,6.0,Larvivora brunnea,Indian Blue Robin,0.952,psl6,2024,06,25,09
27.0,30.0,Larvivora brunnea,Indian Blue Robin,0.9604,psl6,2024,06,25,09
39.0,42.0,Larvivora brunnea,Indian Blue Robin,0.9886,psl6,2024,06,25,09
51.0,54.0,Larvivora brunnea,Indian Blue Robin,0.9368,psl6,2024,06,25,09
57.0,60.0,Larvivora brunnea,Indian Blue Robin,0.5713,psl6,2024,06,25,09
60.0,63.0,Larvivora brunnea,Indian Blue Robin,0.5597,psl6,2024,06,25,09
69.0,72.0,Larvivora brunnea,Indian Blue Robin,0.9965,psl6,2024,06,25,09
75.0,78.0,Larvivora brunnea,Indian Blue Robin,0.9481,psl6,2024,06,25,09
84.0,87.0,Larvivora brunnea,Indian Blue Robin,0.9857,psl6,2024,06,25,09
90.0,93.0,Larvivora brunnea,Indian Blue Robin,0.6264,psl6,2024,06,25,09
93.0,96.0,Larvivora brunnea,Indian Blue Robin,0.9641,psl6,2024,06,25,09
99.0,102.0,Larvivora brunnea,Indian Blue Robin,0.9936,psl6,2024,06,25,09
240.0,243.0,Larvivora brunnea,Indian Blue Robin,0.9984,psl6,2024,06,25,09
243.0,246.0,Larvivora brunnea,Indian Blue Robin,0.6701,psl6,2024,06,25,09
252.0,255.0,Larvivora brunnea,Indian Blue Robin,0.9878,psl6,2024,06,25,09
270.0,273.0,Larvivora brunnea,Indian Blue Robin,0.9791,psl6,2024,06,25,09
270.0,273.0,Phylloscopus magnirostris,Large-billed Leaf Warbler,0.5699,psl6,2024,06,25,09
273.0,276.0,Larvivora brunnea,Indian Blue Robin,0.6303,psl6,2024,06,25,09
294.0,297.0,Larvivora brunnea,Indian Blue Robin,0.9939,psl6,2024,06,25,09
303.0,306.0,Larvivora brunnea,Indian Blue Robin,0.5173,psl6,2024,06,25,09
306.0,309.0,Phylloscopus humei,Hume's Warbler,0.6676,psl6,2024,06,25,09
309.0,312.0,Phylloscopus humei,Hume's Warbler,0.9012,psl6,2024,06,25,09
495.0,498.0,Phylloscopus humei,Hume's Warbler,0.9437,psl6,2024,06,25,09
531.0,534.0,Phylloscopus humei,Hume's Warbler,0.8698,psl6,2024,06,25,09
540.0,543.0,Zosterops simplex,Swinhoe's White-eye,0.6309,psl6,2024,06,25,09
561.0,564.0,Phylloscopus humei,Hume's Warbler,0.8531,psl6,2024,06,25,09
576.0,579.0,Zosterops simplex,Swinhoe's White-eye,0.6379,psl6,2024,06,25,09
576.0,579.0,Zosterops japonicus,Warbling White-eye,0.5277,psl6,2024,06,25,09
582.0,585.0,Phylloscopus humei,Hume's Warbler,0.9813,psl6,2024,06,25,09
597.0,600.0,Phylloscopus humei,Hume's Warbler,0.5533,psl6,2024,06,25,09
603.0,606.0,Phylloscopus humei,Hume's Warbler,0.9392,psl6,2024,06,25,09
609.0,612.0,Phylloscopus humei,Hume's Warbler,0.7935,psl6,2024,06,25,09
648.0,651.0,Phylloscopus humei,Hume's Warbler,0.9788,psl6,2024,06,25,09
684.0,687.0,Phylloscopus humei,Hume's Warbler,0.7915,psl6,2024,06,25,09
717.0,720.0,Phylloscopus humei,Hume's Warbler,0.9917,psl6,2024,06,25,09
735.0,738.0,Phylloscopus humei,Hume's Warbler,0.9702,psl6,2024,06,25,09
741.0,744.0,Phylloscopus humei,Hume's Warbler,0.6834,psl6,2024,06,25,09
744.0,747.0,Phylloscopus humei,Hume's Warbler,0.5061,psl6,2024,06,25,09
768.0,771.0,Phylloscopus humei,Hume's Warbler,0.944,psl6,2024,06,25,09
774.0,777.0,Zosterops japonicus,Warbling White-eye,0.551,psl6,2024,06,25,09
780.0,783.0,Phylloscopus humei,Hume's Warbler,0.8613,psl6,2024,06,25,09
798.0,801.0,Phylloscopus humei,Hume's Warbler,0.6346,psl6,2024,06,25,09
813.0,816.0,Phylloscopus humei,Hume's Warbler,0.6162,psl6,2024,06,25,09
816.0,819.0,Phylloscopus humei,Hume's Warbler,0.8138,psl6,2024,06,25,09
837.0,840.0,Zosterops japonicus,Warbling White-eye,0.7004,psl6,2024,06,25,09
843.0,846.0,Phylloscopus humei,Hume's Warbler,0.6555,psl6,2024,06,25,09
0.0,3.0,Ficedula tricolor,Slaty-blue Flycatcher,0.7406,psl6,2024,06,26,06
9.0,12.0,Ficedula tricolor,Slaty-blue Flycatcher,0.9499,psl6,2024,06,26,06
21.0,24.0,Ficedula tricolor,Slaty-blue Flycatcher,0.825,psl6,2024,06,26,06
24.0,27.0,Ficedula tricolor,Slaty-blue Flycatcher,0.5868,psl6,2024,06,26,06
24.0,27.0,Phylloscopus trochiloides,Greenish Warbler,0.553,psl6,2024,06,26,06
27.0,30.0,Ficedula tricolor,Slaty-blue Flycatcher,0.6968,psl6,2024,06,26,06
30.0,33.0,Ficedula tricolor,Slaty-blue Flycatcher,0.6734,psl6,2024,06,26,06
36.0,39.0,Phylloscopus trochiloides,Greenish Warbler,0.6841,psl6,2024,06,26,06
132.0,135.0,Phylloscopus trochiloides,Greenish Warbler,0.5558,psl6,2024,06,26,06
168.0,171.0,Ficedula tricolor,Slaty-blue Flycatcher,0.578,psl6,2024,06,26,06
171.0,174.0,Ficedula tricolor,Slaty-blue Flycatcher,0.9349,psl6,2024,06,26,06
174.0,177.0,Ficedula tricolor,Slaty-blue Flycatcher,0.5281,psl6,2024,06,26,06
180.0,183.0,Ficedula tricolor,Slaty-blue Flycatcher,0.7455,psl6,2024,06,26,06
207.0,210.0,Ficedula tricolor,Slaty-blue Flycatcher,0.7663,psl6,2024,06,26,06
210.0,213.0,Ficedula tricolor,Slaty-blue Flycatcher,0.7141,psl6,2024,06,26,06
225.0,228.0,Ficedula tricolor,Slaty-blue Flycatcher,0.7045,psl6,2024,06,26,06
228.0,231.0,Ficedula tricolor,Slaty-blue Flycatcher,0.926,psl6,2024,06,26,06
234.0,237.0,Ficedula tricolor,Slaty-blue Flycatcher,0.5765,psl6,2024,06,26,06
240.0,243.0,Ficedula tricolor,Slaty-blue Flycatcher,0.9857,psl6,2024,06,26,06
252.0,255.0,Ficedula tricolor,Slaty-blue Flycatcher,0.8381,psl6,2024,06,26,06
264.0,267.0,Luscinia phaenicuroides,White-bellied Redstart,0.5775,psl6,2024,06,26,06
276.0,279.0,Phylloscopus nitidus,Green Warbler,0.7206,psl6,2024,06,26,06
288.0,291.0,Phylloscopus trochiloides,Greenish Warbler,0.6142,psl6,2024,06,26,06
300.0,303.0,Phylloscopus nitidus,Green Warbler,0.7409,psl6,2024,06,26,06
315.0,318.0,Ficedula tricolor,Slaty-blue Flycatcher,0.6043,psl6,2024,06,26,06
324.0,327.0,Phylloscopus nitidus,Green Warbler,0.8205,psl6,2024,06,26,06
324.0,327.0,Phylloscopus trochiloides,Greenish Warbler,0.6304,psl6,2024,06,26,06
336.0,339.0,Phylloscopus nitidus,Green Warbler,0.7103,psl6,2024,06,26,06
378.0,381.0,Phylloscopus nitidus,Green Warbler,0.8062,psl6,2024,06,26,06
378.0,381.0,Phylloscopus trochiloides,Greenish Warbler,0.7059,psl6,2024,06,26,06
387.0,390.0,Ficedula tricolor,Slaty-blue Flycatcher,0.7348,psl6,2024,06,26,06
390.0,393.0,Phylloscopus nitidus,Green Warbler,0.8738,psl6,2024,06,26,06
396.0,399.0,Ficedula tricolor,Slaty-blue Flycatcher,0.937,psl6,2024,06,26,06
399.0,402.0,Ficedula tricolor,Slaty-blue Flycatcher,0.7684,psl6,2024,06,26,06
402.0,405.0,Ficedula tricolor,Slaty-blue Flycatcher,0.6349,psl6,2024,06,26,06
405.0,408.0,Ficedula tricolor,Slaty-blue Flycatcher,0.9945,psl6,2024,06,26,06
411.0,414.0,Phylloscopus trochiloides,Greenish Warbler,0.6366,psl6,2024,06,26,06
417.0,420.0,Ficedula tricolor,Slaty-blue Flycatcher,0.7202,psl6,2024,06,26,06
423.0,426.0,Phylloscopus trochiloides,Greenish Warbler,0.802,psl6,2024,06,26,06
438.0,441.0,Lophophorus impejanus,Himalayan Monal,0.9061,psl6,2024,06,26,06
441.0,444.0,Ficedula tricolor,Slaty-blue Flycatcher,0.9274,psl6,2024,06,26,06
444.0,447.0,Phylloscopus trochiloides,Greenish Warbler,0.7694,psl6,2024,06,26,06
456.0,459.0,Phylloscopus trochiloides,Greenish Warbler,0.6641,psl6,2024,06,26,06
459.0,462.0,Ficedula tricolor,Slaty-blue Flycatcher,0.592,psl6,2024,06,26,06
462.0,465.0,Ficedula tricolor,Slaty-blue Flycatcher,0.6889,psl6,2024,06,26,06
468.0,471.0,Ficedula tricolor,Slaty-blue Flycatcher,0.9123,psl6,2024,06,26,06
483.0,486.0,Lophophorus impejanus,Himalayan Monal,0.7946,psl6,2024,06,26,06
489.0,492.0,Ficedula tricolor,Slaty-blue Flycatcher,0.6676,psl6,2024,06,26,06
501.0,504.0,Ficedula tricolor,Slaty-blue Flycatcher,0.7783,psl6,2024,06,26,06
525.0,528.0,Ficedula tricolor,Slaty-blue Flycatcher,0.6056,psl6,2024,06,26,06
531.0,534.0,Ficedula tricolor,Slaty-blue Flycatcher,0.6178,psl6,2024,06,26,06
534.0,537.0,Phylloscopus trochiloides,Greenish Warbler,0.7116,psl6,2024,06,26,06
540.0,543.0,Ficedula tricolor,Slaty-blue Flycatcher,0.608,psl6,2024,06,26,06
546.0,549.0,Phylloscopus nitidus,Green Warbler,0.7245,psl6,2024,06,26,06
546.0,549.0,Phylloscopus trochiloides,Greenish Warbler,0.5773,psl6,2024,06,26,06
594.0,597.0,Ficedula tricolor,Slaty-blue Flycatcher,0.8136,psl6,2024,06,26,06
606.0,609.0,Ficedula tricolor,Slaty-blue Flycatcher,0.7692,psl6,2024,06,26,06
618.0,621.0,Ficedula tricolor,Slaty-blue Flycatcher,0.9164,psl6,2024,06,26,06
624.0,627.0,Ficedula tricolor,Slaty-blue Flycatcher,0.7262,psl6,2024,06,26,06
627.0,630.0,Ficedula tricolor,Slaty-blue Flycatcher,0.6375,psl6,2024,06,26,06
639.0,642.0,Ficedula tricolor,Slaty-blue Flycatcher,0.58,psl6,2024,06,26,06
654.0,657.0,Ficedula tricolor,Slaty-blue Flycatcher,0.7367,psl6,2024,06,26,06
681.0,684.0,Ficedula tricolor,Slaty-blue Flycatcher,0.5703,psl6,2024,06,26,06
687.0,690.0,Phylloscopus trochiloides,Greenish Warbler,0.508,psl6,2024,06,26,06
693.0,696.0,Ficedula tricolor,Slaty-blue Flycatcher,0.8752,psl6,2024,06,26,06
705.0,708.0,Lophorina superba,Greater Lophorina,0.7359,psl6,2024,06,26,06
711.0,714.0,Phylloscopus trochiloides,Greenish Warbler,0.7758,psl6,2024,06,26,06
714.0,717.0,Phylloscopus trochiloides,Greenish Warbler,0.5716,psl6,2024,06,26,06
744.0,747.0,Phylloscopus trochiloides,Greenish Warbler,0.6846,psl6,2024,06,26,06
759.0,762.0,Phylloscopus trochiloides,Greenish Warbler,0.6927,psl6,2024,06,26,06
801.0,804.0,Phylloscopus trochiloides,Greenish Warbler,0.7441,psl6,2024,06,26,06
813.0,816.0,Phylloscopus trochiloides,Greenish Warbler,0.5543,psl6,2024,06,26,06
825.0,828.0,Cuculus poliocephalus,Lesser Cuckoo,0.5777,psl6,2024,06,26,06
849.0,852.0,Luscinia phaenicuroides,White-bellied Redstart,0.5768,psl6,2024,06,26,06
33.0,36.0,Phylloscopus reguloides,Blyth's Leaf Warbler,0.5339,psl6,2024,06,26,07
111.0,114.0,Trochalopteron variegatum,Variegated Laughingthrush,0.5543,psl6,2024,06,26,07
141.0,144.0,Trochalopteron variegatum,Variegated Laughingthrush,0.9238,psl6,2024,06,26,07
150.0,153.0,Trochalopteron variegatum,Variegated Laughingthrush,0.6049,psl6,2024,06,26,07
156.0,159.0,Trochalopteron variegatum,Variegated Laughingthrush,0.781,psl6,2024,06,26,07
162.0,165.0,Trochalopteron variegatum,Variegated Laughingthrush,0.5764,psl6,2024,06,26,07
165.0,168.0,Trochalopteron affine,Black-faced Laughingthrush,0.694,psl6,2024,06,26,07
165.0,168.0,Trochalopteron variegatum,Variegated Laughingthrush,0.6787,psl6,2024,06,26,07
171.0,174.0,Trochalopteron variegatum,Variegated Laughingthrush,0.7869,psl6,2024,06,26,07
174.0,177.0,Trochalopteron variegatum,Variegated Laughingthrush,0.8349,psl6,2024,06,26,07
198.0,201.0,Trochalopteron variegatum,Variegated Laughingthrush,0.9106,psl6,2024,06,26,07
222.0,225.0,Trochalopteron variegatum,Variegated Laughingthrush,0.6566,psl6,2024,06,26,07
270.0,273.0,Trochalopteron variegatum,Variegated Laughingthrush,0.5167,psl6,2024,06,26,07
303.0,306.0,Trochalopteron variegatum,Variegated Laughingthrush,0.6762,psl6,2024,06,26,07
354.0,357.0,Trochalopteron variegatum,Variegated Laughingthrush,0.5635,psl6,2024,06,26,07
390.0,393.0,Trochalopteron variegatum,Variegated Laughingthrush,0.6358,psl6,2024,06,26,07
420.0,423.0,Phylloscopus trochiloides,Greenish Warbler,0.6138,psl6,2024,06,26,07
492.0,495.0,Zosterops simplex,Swinhoe's White-eye,0.5055,psl6,2024,06,26,07
876.0,879.0,Phylloscopus trochiloides,Greenish Warbler,0.5216,psl6,2024,06,26,07
879.0,882.0,Phylloscopus trochiloides,Greenish Warbler,0.663,psl6,2024,06,26,07
882.0,885.0,Phylloscopus trochiloides,Greenish Warbler,0.5012,psl6,2024,06,26,07
192.0,195.0,Phylloscopus nitidus,Green Warbler,0.5958,psl6,2024,06,26,08
282.0,285.0,Phylloscopus reguloides,Blyth's Leaf Warbler,0.5158,psl6,2024,06,26,08
324.0,327.0,Phylloscopus trochiloides,Greenish Warbler,0.5569,psl6,2024,06,26,08
354.0,357.0,Phylloscopus nitidus,Green Warbler,0.7455,psl6,2024,06,26,08
477.0,480.0,Phylloscopus trochiloides,Greenish Warbler,0.5263,psl6,2024,06,26,08
507.0,510.0,Phylloscopus trochiloides,Greenish Warbler,0.6002,psl6,2024,06,26,08
714.0,717.0,Phylloscopus trochiloides,Greenish Warbler,0.6091,psl6,2024,06,26,08
729.0,732.0,Phylloscopus trochiloides,Greenish Warbler,0.6603,psl6,2024,06,26,08
759.0,762.0,Phylloscopus humei,Hume's Warbler,0.8701,psl6,2024,06,26,08
789.0,792.0,Phylloscopus trochiloides,Greenish Warbler,0.8965,psl6,2024,06,26,08
789.0,792.0,Phylloscopus nitidus,Green Warbler,0.5199,psl6,2024,06,26,08
807.0,810.0,Phylloscopus trochiloides,Greenish Warbler,0.9391,psl6,2024,06,26,08
825.0,828.0,Phylloscopus nitidus,Green Warbler,0.8785,psl6,2024,06,26,08
825.0,828.0,Phylloscopus trochiloides,Greenish Warbler,0.7881,psl6,2024,06,26,08
834.0,837.0,Phylloscopus nitidus,Green Warbler,0.714,psl6,2024,06,26,08
846.0,849.0,Phylloscopus nitidus,Green Warbler,0.6024,psl6,2024,06,26,08
846.0,849.0,Phylloscopus trochiloides,Greenish Warbler,0.592,psl6,2024,06,26,08
855.0,858.0,Phylloscopus nitidus,Green Warbler,0.8119,psl6,2024,06,26,08
864.0,867.0,Phylloscopus trochiloides,Greenish Warbler,0.7772,psl6,2024,06,26,08
876.0,879.0,Phylloscopus reguloides,Blyth's Leaf Warbler,0.6373,psl6,2024,06,26,08
882.0,885.0,Phylloscopus nitidus,Green Warbler,0.5758,psl6,2024,06,26,08
891.0,894.0,Phylloscopus nitidus,Green Warbler,0.7352,psl6,2024,06,26,08
894.0,897.0,Phylloscopus nitidus,Green Warbler,0.6606,psl6,2024,06,26,08
894.0,897.0,Phylloscopus trochiloides,Greenish Warbler,0.5672,psl6,2024,06,26,08
69.0,72.0,Phylloscopus trochiloides,Greenish Warbler,0.6345,psl6,2024,06,26,09
111.0,114.0,Phylloscopus trochiloides,Greenish Warbler,0.8358,psl6,2024,06,26,09
120.0,123.0,Phylloscopus trochiloides,Greenish Warbler,0.8773,psl6,2024,06,26,09
192.0,195.0,Prunella strophiata,Rufous-breasted Accentor,0.6748,psl6,2024,06,26,09
258.0,261.0,Phylloscopus trochiloides,Greenish Warbler,0.7062,psl6,2024,06,26,09
267.0,270.0,Phylloscopus trochiloides,Greenish Warbler,0.5528,psl6,2024,06,26,09
282.0,285.0,Phylloscopus trochiloides,Greenish Warbler,0.6267,psl6,2024,06,26,09
450.0,453.0,Phylloscopus nitidus,Green Warbler,0.619,psl6,2024,06,26,09
477.0,480.0,Phylloscopus reguloides,Blyth's Leaf Warbler,0.6808,psl6,2024,06,26,09
537.0,540.0,Phylloscopus reguloides,Blyth's Leaf Warbler,0.5567,psl6,2024,06,26,09
555.0,558.0,Phylloscopus reguloides,Blyth's Leaf Warbler,0.6209,psl6,2024,06,26,09
567.0,570.0,Phylloscopus reguloides,Blyth's Leaf Warbler,0.5048,psl6,2024,06,26,09
588.0,591.0,Phylloscopus reguloides,Blyth's Leaf Warbler,0.7849,psl6,2024,06,26,09
597.0,600.0,Phylloscopus reguloides,Blyth's Leaf Warbler,0.6084,psl6,2024,06,26,09
621.0,624.0,Phylloscopus trochiloides,Greenish Warbler,0.7334,psl6,2024,06,26,09
642.0,645.0,Larvivora brunnea,Indian Blue Robin,0.933,psl6,2024,06,26,09
651.0,654.0,Phylloscopus reguloides,Blyth's Leaf Warbler,0.5012,psl6,2024,06,26,09
660.0,663.0,Larvivora brunnea,Indian Blue Robin,0.9401,psl6,2024,06,26,09
687.0,690.0,Phylloscopus nitidus,Green Warbler,0.5186,psl6,2024,06,26,09
693.0,696.0,Larvivora brunnea,Indian Blue Robin,0.5411,psl6,2024,06,26,09
717.0,720.0,Phylloscopus nitidus,Green Warbler,0.9204,psl6,2024,06,26,09
732.0,735.0,Larvivora brunnea,Indian Blue Robin,0.8105,psl6,2024,06,26,09
738.0,741.0,Phylloscopus trochiloides,Greenish Warbler,0.5012,psl6,2024,06,26,09
789.0,792.0,Lophophorus impejanus,Himalayan Monal,0.8035,psl6,2024,06,26,09
819.0,822.0,Larvivora brunnea,Indian Blue Robin,0.8551,psl6,2024,06,26,09
822.0,825.0,Phylloscopus trochiloides,Greenish Warbler,0.786,psl6,2024,06,26,09
828.0,831.0,Lophophorus impejanus,Himalayan Monal,0.7465,psl6,2024,06,26,09
834.0,837.0,Larvivora brunnea,Indian Blue Robin,0.5484,psl6,2024,06,26,09
849.0,852.0,Lophophorus impejanus,Himalayan Monal,0.5639,psl6,2024,06,26,09
864.0,867.0,Larvivora brunnea,Indian Blue Robin,0.7102,psl6,2024,06,26,09
879.0,882.0,Lophophorus impejanus,Himalayan Monal,0.5892,psl6,2024,06,26,09
891.0,894.0,Larvivora brunnea,Indian Blue Robin,0.7213,psl6,2024,06,26,09
897.0,900.0,Phylloscopus reguloides,Blyth's Leaf Warbler,0.5307,psl6,2024,06,26,09
6.0,9.0,Phylloscopus trochiloides,Greenish Warbler,0.6213,psl6,2024,06,27,06
27.0,30.0,Phylloscopus trochiloides,Greenish Warbler,0.7568,psl6,2024,06,27,06
39.0,42.0,Larvivora brunnea,Indian Blue Robin,0.8529,psl6,2024,06,27,06
39.0,42.0,Phylloscopus tytleri,Tytler's Leaf Warbler,0.5209,psl6,2024,06,27,06
63.0,66.0,Phylloscopus trochiloides,Greenish Warbler,0.6273,psl6,2024,06,27,06
66.0,69.0,Larvivora brunnea,Indian Blue Robin,0.9891,psl6,2024,06,27,06
72.0,75.0,Phylloscopus nitidus,Green Warbler,0.8241,psl6,2024,06,27,06
75.0,78.0,Larvivora brunnea,Indian Blue Robin,0.816,psl6,2024,06,27,06
78.0,81.0,Setophaga townsendi,Townsend's Warbler,0.6136,psl6,2024,06,27,06
87.0,90.0,Phylloscopus nitidus,Green Warbler,0.5745,psl6,2024,06,27,06
87.0,90.0,Phylloscopus trochiloides,Greenish Warbler,0.5163,psl6,2024,06,27,06
90.0,93.0,Larvivora brunnea,Indian Blue Robin,0.9826,psl6,2024,06,27,06
93.0,96.0,Phylloscopus humei,Hume's Warbler,0.7054,psl6,2024,06,27,06
105.0,108.0,Phylloscopus humei,Hume's Warbler,0.6903,psl6,2024,06,27,06
108.0,111.0,Larvivora brunnea,Indian Blue Robin,0.9265,psl6,2024,06,27,06
108.0,111.0,Phylloscopus magnirostris,Large-billed Leaf Warbler,0.562,psl6,2024,06,27,06
117.0,120.0,Phylloscopus humei,Hume's Warbler,0.7042,psl6,2024,06,27,06
120.0,123.0,Larvivora brunnea,Indian Blue Robin,0.547,psl6,2024,06,27,06
123.0,126.0,Larvivora brunnea,Indian Blue Robin,0.9769,psl6,2024,06,27,06
132.0,135.0,Larvivora brunnea,Indian Blue Robin,0.8683,psl6,2024,06,27,06
132.0,135.0,Phylloscopus magnirostris,Large-billed Leaf Warbler,0.6052,psl6,2024,06,27,06
150.0,153.0,Phylloscopus trochiloides,Greenish Warbler,0.7434,psl6,2024,06,27,06
153.0,156.0,Larvivora brunnea,Indian Blue Robin,0.9927,psl6,2024,06,27,06
159.0,162.0,Phylloscopus nitidus,Green Warbler,0.7625,psl6,2024,06,27,06
159.0,162.0,Phylloscopus trochiloides,Greenish Warbler,0.6941,psl6,2024,06,27,06
180.0,183.0,Larvivora brunnea,Indian Blue Robin,0.6247,psl6,2024,06,27,06
183.0,186.0,Phylloscopus nitidus,Green Warbler,0.6241,psl6,2024,06,27,06
192.0,195.0,Larvivora brunnea,Indian Blue Robin,0.7865,psl6,2024,06,27,06
192.0,195.0,Phylloscopus magnirostris,Large-billed Leaf Warbler,0.6608,psl6,2024,06,27,06
192.0,195.0,Luscinia phaenicuroides,White-bellied Redstart,0.547,psl6,2024,06,27,06
201.0,204.0,Larvivora brunnea,Indian Blue Robin,0.7369,psl6,2024,06,27,06
213.0,216.0,Larvivora brunnea,Indian Blue Robin,0.9851,psl6,2024,06,27,06
225.0,228.0,Larvivora brunnea,Indian Blue Robin,0.8432,psl6,2024,06,27,06
231.0,234.0,Phylloscopus trochiloides,Greenish Warbler,0.82,psl6,2024,06,27,06
237.0,240.0,Larvivora brunnea,Indian Blue Robin,0.9355,psl6,2024,06,27,06
249.0,252.0,Larvivora brunnea,Indian Blue Robin,0.5837,psl6,2024,06,27,06
249.0,252.0,Phylloscopus nitidus,Green Warbler,0.5754,psl6,2024,06,27,06
258.0,261.0,Larvivora brunnea,Indian Blue Robin,0.8074,psl6,2024,06,27,06
261.0,264.0,Larvivora brunnea,Indian Blue Robin,0.6302,psl6,2024,06,27,06
270.0,273.0,Larvivora brunnea,Indian Blue Robin,0.9872,psl6,2024,06,27,06
282.0,285.0,Larvivora brunnea,Indian Blue Robin,0.6704,psl6,2024,06,27,06
288.0,291.0,Phylloscopus nitidus,Green Warbler,0.5434,psl6,2024,06,27,06
306.0,309.0,Larvivora brunnea,Indian Blue Robin,0.6114,psl6,2024,06,27,06
309.0,312.0,Larvivora brunnea,Indian Blue Robin,0.6501,psl6,2024,06,27,06
348.0,351.0,Larvivora brunnea,Indian Blue Robin,0.9901,psl6,2024,06,27,06
357.0,360.0,Phylloscopus nitidus,Green Warbler,0.524,psl6,2024,06,27,06
360.0,363.0,Phylloscopus humei,Hume's Warbler,0.5609,psl6,2024,06,27,06
390.0,393.0,Larvivora brunnea,Indian Blue Robin,0.9878,psl6,2024,06,27,06
417.0,420.0,Lophophorus impejanus,Himalayan Monal,0.6303,psl6,2024,06,27,06
420.0,423.0,Lophophorus impejanus,Himalayan Monal,0.7441,psl6,2024,06,27,06
429.0,432.0,Lophophorus impejanus,Himalayan Monal,0.763,psl6,2024,06,27,06
435.0,438.0,Lophophorus impejanus,Himalayan Monal,0.9607,psl6,2024,06,27,06
438.0,441.0,Lophophorus impejanus,Himalayan Monal,0.9218,psl6,2024,06,27,06
441.0,444.0,Lophophorus impejanus,Himalayan Monal,0.9393,psl6,2024,06,27,06
447.0,450.0,Lophophorus impejanus,Himalayan Monal,0.8993,psl6,2024,06,27,06
450.0,453.0,Lophophorus impejanus,Himalayan Monal,0.9322,psl6,2024,06,27,06
453.0,456.0,Lophophorus impejanus,Himalayan Monal,0.9255,psl6,2024,06,27,06
459.0,462.0,Lophophorus impejanus,Himalayan Monal,0.987,psl6,2024,06,27,06
462.0,465.0,Lophophorus impejanus,Himalayan Monal,0.9272,psl6,2024,06,27,06
468.0,471.0,Lophophorus impejanus,Himalayan Monal,0.5281,psl6,2024,06,27,06
471.0,474.0,Lophophorus impejanus,Himalayan Monal,0.9925,psl6,2024,06,27,06
474.0,477.0,Lophophorus impejanus,Himalayan Monal,0.7238,psl6,2024,06,27,06
477.0,480.0,Lophophorus impejanus,Himalayan Monal,0.714,psl6,2024,06,27,06
480.0,483.0,Lophophorus impejanus,Himalayan Monal,0.7197,psl6,2024,06,27,06
483.0,486.0,Lophophorus impejanus,Himalayan Monal,0.5141,psl6,2024,06,27,06
489.0,492.0,Lophophorus impejanus,Himalayan Monal,0.717,psl6,2024,06,27,06
504.0,507.0,Ficedula tricolor,Slaty-blue Flycatcher,0.8414,psl6,2024,06,27,06
507.0,510.0,Lophophorus impejanus,Himalayan Monal,0.5994,psl6,2024,06,27,06
519.0,522.0,Lophophorus impejanus,Himalayan Monal,0.549,psl6,2024,06,27,06
525.0,528.0,Ficedula tricolor,Slaty-blue Flycatcher,0.9881,psl6,2024,06,27,06
540.0,543.0,Lophophorus impejanus,Himalayan Monal,0.7843,psl6,2024,06,27,06
558.0,561.0,Phylloscopus humei,Hume's Warbler,0.5232,psl6,2024,06,27,06
636.0,639.0,Phylloscopus nitidus,Green Warbler,0.654,psl6,2024,06,27,06
648.0,651.0,Phylloscopus nitidus,Green Warbler,0.6696,psl6,2024,06,27,06
669.0,672.0,Phylloscopus nitidus,Green Warbler,0.7935,psl6,2024,06,27,06
678.0,681.0,Phylloscopus nitidus,Green Warbler,0.802,psl6,2024,06,27,06
678.0,681.0,Phylloscopus trochiloides,Greenish Warbler,0.5084,psl6,2024,06,27,06
687.0,690.0,Phylloscopus nitidus,Green Warbler,0.7929,psl6,2024,06,27,06
690.0,693.0,Phylloscopus nitidus,Green Warbler,0.68,psl6,2024,06,27,06
708.0,711.0,Phylloscopus nitidus,Green Warbler,0.8399,psl6,2024,06,27,06
708.0,711.0,Phylloscopus trochiloides,Greenish Warbler,0.6598,psl6,2024,06,27,06
714.0,717.0,Phylloscopus nitidus,Green Warbler,0.967,psl6,2024,06,27,06
714.0,717.0,Phylloscopus trochiloides,Greenish Warbler,0.5288,psl6,2024,06,27,06
726.0,729.0,Phylloscopus nitidus,Green Warbler,0.8373,psl6,2024,06,27,06
735.0,738.0,Phylloscopus nitidus,Green Warbler,0.8362,psl6,2024,06,27,06
735.0,738.0,Phylloscopus trochiloides,Greenish Warbler,0.755,psl6,2024,06,27,06
747.0,750.0,Phylloscopus tytleri,Tytler's Leaf Warbler,0.6378,psl6,2024,06,27,06
780.0,783.0,Phylloscopus trochiloides,Greenish Warbler,0.5148,psl6,2024,06,27,06
834.0,837.0,Phylloscopus trochiloides,Greenish Warbler,0.5332,psl6,2024,06,27,06
81.0,84.0,Luscinia phaenicuroides,White-bellied Redstart,0.6327,psl6,2024,06,27,07
90.0,93.0,Phylloscopus humei,Hume's Warbler,0.8434,psl6,2024,06,27,07
93.0,96.0,Zosterops simplex,Swinhoe's White-eye,0.6181,psl6,2024,06,27,07
99.0,102.0,Phylloscopus humei,Hume's Warbler,0.6823,psl6,2024,06,27,07
117.0,120.0,Myioborus ornatus,Golden-fronted Redstart,0.6158,psl6,2024,06,27,07
120.0,123.0,Larvivora brunnea,Indian Blue Robin,0.6245,psl6,2024,06,27,07
123.0,126.0,Phylloscopus humei,Hume's Warbler,0.8136,psl6,2024,06,27,07
126.0,129.0,Zosterops simplex,Swinhoe's White-eye,0.7342,psl6,2024,06,27,07
135.0,138.0,Larvivora brunnea,Indian Blue Robin,0.988,psl6,2024,06,27,07
138.0,141.0,Phylloscopus humei,Hume's Warbler,0.559,psl6,2024,06,27,07
150.0,153.0,Phylloscopus humei,Hume's Warbler,0.7945,psl6,2024,06,27,07
156.0,159.0,Larvivora brunnea,Indian Blue Robin,0.9975,psl6,2024,06,27,07
159.0,162.0,Phylloscopus humei,Hume's Warbler,0.6846,psl6,2024,06,27,07
195.0,198.0,Larvivora brunnea,Indian Blue Robin,0.51,psl6,2024,06,27,07
201.0,204.0,Zosterops simplex,Swinhoe's White-eye,0.7526,psl6,2024,06,27,07
237.0,240.0,Phylloscopus humei,Hume's Warbler,0.5395,psl6,2024,06,27,07
255.0,258.0,Ochthoeca cinnamomeiventris,Slaty-backed Chat-Tyrant,0.8728,psl6,2024,06,27,07
261.0,264.0,Phylloscopus humei,Hume's Warbler,0.8704,psl6,2024,06,27,07
273.0,276.0,Phylloscopus humei,Hume's Warbler,0.5209,psl6,2024,06,27,07
294.0,297.0,Phylloscopus humei,Hume's Warbler,0.5667,psl6,2024,06,27,07
306.0,309.0,Phylloscopus humei,Hume's Warbler,0.5151,psl6,2024,06,27,07
315.0,318.0,Phylloscopus humei,Hume's Warbler,0.7353,psl6,2024,06,27,07
321.0,324.0,Phylloscopus humei,Hume's Warbler,0.978,psl6,2024,06,27,07
336.0,339.0,Phylloscopus humei,Hume's Warbler,0.5486,psl6,2024,06,27,07
366.0,369.0,Phylloscopus humei,Hume's Warbler,0.9155,psl6,2024,06,27,07
381.0,384.0,Phylloscopus humei,Hume's Warbler,0.5843,psl6,2024,06,27,07
399.0,402.0,Phylloscopus humei,Hume's Warbler,0.7889,psl6,2024,06,27,07
414.0,417.0,Phylloscopus humei,Hume's Warbler,0.8448,psl6,2024,06,27,07
438.0,441.0,Trochalopteron variegatum,Variegated Laughingthrush,0.6238,psl6,2024,06,27,07
444.0,447.0,Trochalopteron variegatum,Variegated Laughingthrush,0.5187,psl6,2024,06,27,07
447.0,450.0,Phylloscopus nitidus,Green Warbler,0.6886,psl6,2024,06,27,07
456.0,459.0,Phylloscopus nitidus,Green Warbler,0.6638,psl6,2024,06,27,07
597.0,600.0,Phylloscopus trochiloides,Greenish Warbler,0.7546,psl6,2024,06,27,07
645.0,648.0,Phylloscopus trochiloides,Greenish Warbler,0.605,psl6,2024,06,27,07
645.0,648.0,Phylloscopus nitidus,Green Warbler,0.5141,psl6,2024,06,27,07
666.0,669.0,Phylloscopus nitidus,Green Warbler,0.7432,psl6,2024,06,27,07
666.0,669.0,Phylloscopus trochiloides,Greenish Warbler,0.5103,psl6,2024,06,27,07
675.0,678.0,Phylloscopus trochiloides,Greenish Warbler,0.6969,psl6,2024,06,27,07
681.0,684.0,Phylloscopus humei,Hume's Warbler,0.8234,psl6,2024,06,27,07
684.0,687.0,Phylloscopus humei,Hume's Warbler,0.9243,psl6,2024,06,27,07
687.0,690.0,Phylloscopus humei,Hume's Warbler,0.9001,psl6,2024,06,27,07
705.0,708.0,Phylloscopus trochiloides,Greenish Warbler,0.8348,psl6,2024,06,27,07
705.0,708.0,Phylloscopus nitidus,Green Warbler,0.5964,psl6,2024,06,27,07
723.0,726.0,Phylloscopus nitidus,Green Warbler,0.6046,psl6,2024,06,27,07
744.0,747.0,Phylloscopus humei,Hume's Warbler,0.7436,psl6,2024,06,27,07
747.0,750.0,Phylloscopus trochiloides,Greenish Warbler,0.547,psl6,2024,06,27,07
759.0,762.0,Phylloscopus trochiloides,Greenish Warbler,0.5221,psl6,2024,06,27,07
765.0,768.0,Phylloscopus humei,Hume's Warbler,0.6992,psl6,2024,06,27,07
768.0,771.0,Phylloscopus nitidus,Green Warbler,0.6805,psl6,2024,06,27,07
768.0,771.0,Phylloscopus trochiloides,Greenish Warbler,0.5731,psl6,2024,06,27,07
771.0,774.0,Phylloscopus trochiloides,Greenish Warbler,0.6613,psl6,2024,06,27,07
783.0,786.0,Phylloscopus trochiloides,Greenish Warbler,0.7406,psl6,2024,06,27,07
795.0,798.0,Phylloscopus trochiloides,Greenish Warbler,0.5847,psl6,2024,06,27,07
816.0,819.0,Phylloscopus nitidus,Green Warbler,0.6541,psl6,2024,06,27,07
819.0,822.0,Phylloscopus trochiloides,Greenish Warbler,0.7737,psl6,2024,06,27,07
828.0,831.0,Phylloscopus nitidus,Green Warbler,0.604,psl6,2024,06,27,07
843.0,846.0,Phylloscopus trochiloides,Greenish Warbler,0.6796,psl6,2024,06,27,07
855.0,858.0,Phylloscopus trochiloides,Greenish Warbler,0.6782,psl6,2024,06,27,07
879.0,882.0,Phylloscopus trochiloides,Greenish Warbler,0.6036,psl6,2024,06,27,07
165.0,168.0,Ficedula tricolor,Slaty-blue Flycatcher,0.5911,psl6,2024,06,27,08
219.0,222.0,Ficedula tricolor,Slaty-blue Flycatcher,0.7241,psl6,2024,06,27,08
225.0,228.0,Copsychus albospecularis,Madagascar Magpie-Robin,0.5783,psl6,2024,06,27,08
231.0,234.0,Ficedula tricolor,Slaty-blue Flycatcher,0.6514,psl6,2024,06,27,08
270.0,273.0,Larvivora brunnea,Indian Blue Robin,0.8593,psl6,2024,06,27,08
294.0,297.0,Larvivora brunnea,Indian Blue Robin,0.8944,psl6,2024,06,27,08
315.0,318.0,Larvivora brunnea,Indian Blue Robin,0.6181,psl6,2024,06,27,08
318.0,321.0,Ficedula tricolor,Slaty-blue Flycatcher,0.6543,psl6,2024,06,27,08
324.0,327.0,Copsychus albospecularis,Madagascar Magpie-Robin,0.7649,psl6,2024,06,27,08
336.0,339.0,Ficedula tricolor,Slaty-blue Flycatcher,0.7612,psl6,2024,06,27,08
342.0,345.0,Larvivora brunnea,Indian Blue Robin,0.701,psl6,2024,06,27,08
354.0,357.0,Larvivora brunnea,Indian Blue Robin,0.8475,psl6,2024,06,27,08
369.0,372.0,Larvivora brunnea,Indian Blue Robin,0.7791,psl6,2024,06,27,08
375.0,378.0,Larvivora brunnea,Indian Blue Robin,0.9829,psl6,2024,06,27,08
375.0,378.0,Phylloscopus magnirostris,Large-billed Leaf Warbler,0.6408,psl6,2024,06,27,08
378.0,381.0,Larvivora brunnea,Indian Blue Robin,0.9786,psl6,2024,06,27,08
393.0,396.0,Larvivora brunnea,Indian Blue Robin,0.8912,psl6,2024,06,27,08
429.0,432.0,Larvivora brunnea,Indian Blue Robin,0.995,psl6,2024,06,27,08
465.0,468.0,Larvivora brunnea,Indian Blue Robin,0.7224,psl6,2024,06,27,08
495.0,498.0,Larvivora brunnea,Indian Blue Robin,0.5406,psl6,2024,06,27,08
516.0,519.0,Larvivora brunnea,Indian Blue Robin,0.8248,psl6,2024,06,27,08
525.0,528.0,Larvivora brunnea,Indian Blue Robin,0.7015,psl6,2024,06,27,08
534.0,537.0,Larvivora brunnea,Indian Blue Robin,0.7288,psl6,2024,06,27,08
594.0,597.0,Larvivora brunnea,Indian Blue Robin,0.9345,psl6,2024,06,27,08
603.0,606.0,Phylloscopus humei,Hume's Warbler,0.5124,psl6,2024,06,27,08
615.0,618.0,Larvivora brunnea,Indian Blue Robin,0.7311,psl6,2024,06,27,08
627.0,630.0,Larvivora brunnea,Indian Blue Robin,0.7611,psl6,2024,06,27,08
639.0,642.0,Larvivora brunnea,Indian Blue Robin,0.607,psl6,2024,06,27,08
684.0,687.0,Larvivora brunnea,Indian Blue Robin,0.6433,psl6,2024,06,27,08
774.0,777.0,Larvivora brunnea,Indian Blue Robin,0.7011,psl6,2024,06,27,08
786.0,789.0,Larvivora brunnea,Indian Blue Robin,0.9093,psl6,2024,06,27,08
831.0,834.0,Larvivora brunnea,Indian Blue Robin,0.9563,psl6,2024,06,27,08
852.0,855.0,Larvivora brunnea,Indian Blue Robin,0.5037,psl6,2024,06,27,08
876.0,879.0,Larvivora brunnea,Indian Blue Robin,0.7316,psl6,2024,06,27,08
891.0,894.0,Carduelis carduelis,European Goldfinch,0.5316,psl6,2024,06,27,08
24.0,27.0,Phylloscopus trochiloides,Greenish Warbler,0.5034,psl6,2024,06,27,09
27.0,30.0,Phylloscopus trochiloides,Greenish Warbler,0.563,psl6,2024,06,27,09
36.0,39.0,Phylloscopus nitidus,Green Warbler,0.5399,psl6,2024,06,27,09
54.0,57.0,Phylloscopus nitidus,Green Warbler,0.5439,psl6,2024,06,27,09
63.0,66.0,Phylloscopus nitidus,Green Warbler,0.9104,psl6,2024,06,27,09
75.0,78.0,Phylloscopus trochiloides,Greenish Warbler,0.6533,psl6,2024,06,27,09
105.0,108.0,Trochalopteron variegatum,Variegated Laughingthrush,0.596,psl6,2024,06,27,09
138.0,141.0,Phylloscopus nitidus,Green Warbler,0.5838,psl6,2024,06,27,09
147.0,150.0,Larvivora brunnea,Indian Blue Robin,0.5056,psl6,2024,06,27,09
159.0,162.0,Phylloscopus nitidus,Green Warbler,0.6165,psl6,2024,06,27,09
162.0,165.0,Phylloscopus nitidus,Green Warbler,0.8062,psl6,2024,06,27,09
162.0,165.0,Phylloscopus trochiloides,Greenish Warbler,0.511,psl6,2024,06,27,09
168.0,171.0,Phylloscopus trochiloides,Greenish Warbler,0.5107,psl6,2024,06,27,09
183.0,186.0,Phylloscopus trochiloides,Greenish Warbler,0.6813,psl6,2024,06,27,09
189.0,192.0,Phylloscopus nitidus,Green Warbler,0.5632,psl6,2024,06,27,09
201.0,204.0,Larvivora brunnea,Indian Blue Robin,0.9114,psl6,2024,06,27,09
228.0,231.0,Phylloscopus trochiloides,Greenish Warbler,0.543,psl6,2024,06,27,09
231.0,234.0,Phylloscopus trochiloides,Greenish Warbler,0.5123,psl6,2024,06,27,09
234.0,237.0,Larvivora brunnea,Indian Blue Robin,0.9942,psl6,2024,06,27,09
240.0,243.0,Phylloscopus trochiloides,Greenish Warbler,0.5937,psl6,2024,06,27,09
240.0,243.0,Phylloscopus nitidus,Green Warbler,0.5272,psl6,2024,06,27,09
249.0,252.0,Phylloscopus humei,Hume's Warbler,0.751,psl6,2024,06,27,09
258.0,261.0,Larvivora brunnea,Indian Blue Robin,0.5888,psl6,2024,06,27,09
282.0,285.0,Phylloscopus trochiloides,Greenish Warbler,0.7575,psl6,2024,06,27,09
294.0,297.0,Phylloscopus trochiloides,Greenish Warbler,0.6694,psl6,2024,06,27,09
297.0,300.0,Phylloscopus humei,Hume's Warbler,0.7104,psl6,2024,06,27,09
309.0,312.0,Phylloscopus trochiloides,Greenish Warbler,0.7294,psl6,2024,06,27,09
318.0,321.0,Larvivora brunnea,Indian Blue Robin,0.894,psl6,2024,06,27,09
357.0,360.0,Phylloscopus nitidus,Green Warbler,0.6697,psl6,2024,06,27,09
357.0,360.0,Phylloscopus trochiloides,Greenish Warbler,0.6003,psl6,2024,06,27,09
387.0,390.0,Phylloscopus nitidus,Green Warbler,0.588,psl6,2024,06,27,09
408.0,411.0,Phylloscopus humei,Hume's Warbler,0.6201,psl6,2024,06,27,09
438.0,441.0,Phylloscopus nitidus,Green Warbler,0.843,psl6,2024,06,27,09
453.0,456.0,Phylloscopus nitidus,Green Warbler,0.5046,psl6,2024,06,27,09
480.0,483.0,Phylloscopus trochiloides,Greenish Warbler,0.6775,psl6,2024,06,27,09
492.0,495.0,Phylloscopus trochiloides,Greenish Warbler,0.5669,psl6,2024,06,27,09
507.0,510.0,Phylloscopus nitidus,Green Warbler,0.5582,psl6,2024,06,27,09
525.0,528.0,Phylloscopus humei,Hume's Warbler,0.6376,psl6,2024,06,27,09
534.0,537.0,Carpodacus erythrinus,Common Rosefinch,0.5351,psl6,2024,06,27,09
558.0,561.0,Carpodacus erythrinus,Common Rosefinch,0.6668,psl6,2024,06,27,09
567.0,570.0,Phylloscopus nitidus,Green Warbler,0.631,psl6,2024,06,27,09
576.0,579.0,Zosterops simplex,Swinhoe's White-eye,0.643,psl6,2024,06,27,09
582.0,585.0,Phylloscopus trochiloides,Greenish Warbler,0.5141,psl6,2024,06,27,09
588.0,591.0,Phylloscopus occipitalis,Western Crowned Warbler,0.6434,psl6,2024,06,27,09
615.0,618.0,Phylloscopus humei,Hume's Warbler,0.6699,psl6,2024,06,27,09
621.0,624.0,Phylloscopus nitidus,Green Warbler,0.6503,psl6,2024,06,27,09
627.0,630.0,Phylloscopus humei,Hume's Warbler,0.5347,psl6,2024,06,27,09
630.0,633.0,Phylloscopus humei,Hume's Warbler,0.8208,psl6,2024,06,27,09
648.0,651.0,Phylloscopus humei,Hume's Warbler,0.985,psl6,2024,06,27,09
654.0,657.0,Phylloscopus humei,Hume's Warbler,0.698,psl6,2024,06,27,09
657.0,660.0,Phylloscopus humei,Hume's Warbler,0.9886,psl6,2024,06,27,09
663.0,666.0,Phylloscopus humei,Hume's Warbler,0.6549,psl6,2024,06,27,09
669.0,672.0,Phylloscopus humei,Hume's Warbler,0.6036,psl6,2024,06,27,09
675.0,678.0,Phylloscopus humei,Hume's Warbler,0.9946,psl6,2024,06,27,09
678.0,681.0,Phylloscopus nitidus,Green Warbler,0.8558,psl6,2024,06,27,09
678.0,681.0,Phylloscopus trochiloides,Greenish Warbler,0.5625,psl6,2024,06,27,09
684.0,687.0,Phylloscopus humei,Hume's Warbler,0.9733,psl6,2024,06,27,09
693.0,696.0,Phylloscopus trochiloides,Greenish Warbler,0.7618,psl6,2024,06,27,09
708.0,711.0,Phylloscopus humei,Hume's Warbler,0.8669,psl6,2024,06,27,09
720.0,723.0,Phylloscopus trochiloides,Greenish Warbler,0.5826,psl6,2024,06,27,09
720.0,723.0,Phylloscopus nitidus,Green Warbler,0.5141,psl6,2024,06,27,09
735.0,738.0,Phylloscopus humei,Hume's Warbler,0.5988,psl6,2024,06,27,09
744.0,747.0,Phylloscopus trochiloides,Greenish Warbler,0.7622,psl6,2024,06,27,09
753.0,756.0,Phylloscopus nitidus,Green Warbler,0.7502,psl6,2024,06,27,09
756.0,759.0,Phylloscopus trochiloides,Greenish Warbler,0.7335,psl6,2024,06,27,09
759.0,762.0,Phylloscopus humei,Hume's Warbler,0.5087,psl6,2024,06,27,09
768.0,771.0,Phylloscopus nitidus,Green Warbler,0.7766,psl6,2024,06,27,09
768.0,771.0,Phylloscopus trochiloides,Greenish Warbler,0.7009,psl6,2024,06,27,09
774.0,777.0,Phylloscopus humei,Hume's Warbler,0.9793,psl6,2024,06,27,09
798.0,801.0,Phylloscopus nitidus,Green Warbler,0.5907,psl6,2024,06,27,09
819.0,822.0,Phylloscopus nitidus,Green Warbler,0.8124,psl6,2024,06,27,09
822.0,825.0,Phylloscopus trochiloides,Greenish Warbler,0.674,psl6,2024,06,27,09
843.0,846.0,Phylloscopus occipitalis,Western Crowned Warbler,0.8323,psl6,2024,06,27,09
855.0,858.0,Phylloscopus occipitalis,Western Crowned Warbler,0.7239,psl6,2024,06,27,09
861.0,864.0,Phylloscopus humei,Hume's Warbler,0.6619,psl6,2024,06,27,09
870.0,873.0,Phylloscopus humei,Hume's Warbler,0.9096,psl6,2024,06,27,09
873.0,876.0,Phylloscopus humei,Hume's Warbler,0.8268,psl6,2024,06,27,09
3.0,6.0,Larvivora brunnea,Indian Blue Robin,0.6501,psl6,2024,06,28,06
48.0,51.0,Phylloscopus nitidus,Green Warbler,0.5096,psl6,2024,06,28,06
90.0,93.0,Larvivora brunnea,Indian Blue Robin,0.9841,psl6,2024,06,28,06
111.0,114.0,Larvivora brunnea,Indian Blue Robin,0.9817,psl6,2024,06,28,06
114.0,117.0,Phylloscopus trochiloides,Greenish Warbler,0.6847,psl6,2024,06,28,06
117.0,120.0,Phylloscopus trochiloides,Greenish Warbler,0.729,psl6,2024,06,28,06
147.0,150.0,Larvivora brunnea,Indian Blue Robin,0.7601,psl6,2024,06,28,06
147.0,150.0,Phylloscopus magnirostris,Large-billed Leaf Warbler,0.5541,psl6,2024,06,28,06
162.0,165.0,Larvivora brunnea,Indian Blue Robin,0.903,psl6,2024,06,28,06
198.0,201.0,Larvivora brunnea,Indian Blue Robin,0.8268,psl6,2024,06,28,06
210.0,213.0,Larvivora brunnea,Indian Blue Robin,0.7618,psl6,2024,06,28,06
225.0,228.0,Larvivora brunnea,Indian Blue Robin,0.8966,psl6,2024,06,28,06
234.0,237.0,Larvivora brunnea,Indian Blue Robin,0.5925,psl6,2024,06,28,06
240.0,243.0,Larvivora brunnea,Indian Blue Robin,0.9051,psl6,2024,06,28,06
249.0,252.0,Larvivora brunnea,Indian Blue Robin,0.9207,psl6,2024,06,28,06
255.0,258.0,Larvivora brunnea,Indian Blue Robin,0.5544,psl6,2024,06,28,06
276.0,279.0,Larvivora brunnea,Indian Blue Robin,0.8334,psl6,2024,06,28,06
285.0,288.0,Larvivora brunnea,Indian Blue Robin,0.8304,psl6,2024,06,28,06
297.0,300.0,Larvivora brunnea,Indian Blue Robin,0.7668,psl6,2024,06,28,06
315.0,318.0,Larvivora brunnea,Indian Blue Robin,0.824,psl6,2024,06,28,06
318.0,321.0,Larvivora brunnea,Indian Blue Robin,0.9674,psl6,2024,06,28,06
360.0,363.0,Larvivora brunnea,Indian Blue Robin,0.8024,psl6,2024,06,28,06
360.0,363.0,Phylloscopus magnirostris,Large-billed Leaf Warbler,0.6466,psl6,2024,06,28,06
375.0,378.0,Larvivora brunnea,Indian Blue Robin,0.9921,psl6,2024,06,28,06
393.0,396.0,Larvivora brunnea,Indian Blue Robin,0.8672,psl6,2024,06,28,06
414.0,417.0,Larvivora brunnea,Indian Blue Robin,0.8233,psl6,2024,06,28,06
426.0,429.0,Larvivora brunnea,Indian Blue Robin,0.8852,psl6,2024,06,28,06
438.0,441.0,Larvivora brunnea,Indian Blue Robin,0.7367,psl6,2024,06,28,06
438.0,441.0,Phylloscopus magnirostris,Large-billed Leaf Warbler,0.6941,psl6,2024,06,28,06
450.0,453.0,Larvivora brunnea,Indian Blue Robin,0.9736,psl6,2024,06,28,06
462.0,465.0,Larvivora brunnea,Indian Blue Robin,0.7093,psl6,2024,06,28,06
477.0,480.0,Phylloscopus humei,Hume's Warbler,0.7719,psl6,2024,06,28,06
489.0,492.0,Larvivora brunnea,Indian Blue Robin,0.9618,psl6,2024,06,28,06
501.0,504.0,Phylloscopus humei,Hume's Warbler,0.6055,psl6,2024,06,28,06
504.0,507.0,Larvivora brunnea,Indian Blue Robin,0.8597,psl6,2024,06,28,06
504.0,507.0,Phylloscopus magnirostris,Large-billed Leaf Warbler,0.5839,psl6,2024,06,28,06
543.0,546.0,Larvivora brunnea,Indian Blue Robin,0.9902,psl6,2024,06,28,06
558.0,561.0,Larvivora brunnea,Indian Blue Robin,0.8839,psl6,2024,06,28,06
564.0,567.0,Phylloscopus trochiloides,Greenish Warbler,0.8687,psl6,2024,06,28,06
564.0,567.0,Phylloscopus nitidus,Green Warbler,0.8381,psl6,2024,06,28,06
573.0,576.0,Larvivora brunnea,Indian Blue Robin,0.6931,psl6,2024,06,28,06
576.0,579.0,Phylloscopus trochiloides,Greenish Warbler,0.579,psl6,2024,06,28,06
576.0,579.0,Phylloscopus nitidus,Green Warbler,0.5072,psl6,2024,06,28,06
585.0,588.0,Phylloscopus magnirostris,Large-billed Leaf Warbler,0.5045,psl6,2024,06,28,06
588.0,591.0,Phylloscopus trochiloides,Greenish Warbler,0.705,psl6,2024,06,28,06
588.0,591.0,Phylloscopus nitidus,Green Warbler,0.5134,psl6,2024,06,28,06
591.0,594.0,Larvivora brunnea,Indian Blue Robin,0.9684,psl6,2024,06,28,06
603.0,606.0,Phylloscopus humei,Hume's Warbler,0.5838,psl6,2024,06,28,06
609.0,612.0,Larvivora brunnea,Indian Blue Robin,0.9224,psl6,2024,06,28,06
615.0,618.0,Phylloscopus humei,Hume's Warbler,0.8143,psl6,2024,06,28,06
621.0,624.0,Larvivora brunnea,Indian Blue Robin,0.6037,psl6,2024,06,28,06
621.0,624.0,Phylloscopus nitidus,Green Warbler,0.5753,psl6,2024,06,28,06
627.0,630.0,Phylloscopus humei,Hume's Warbler,0.6755,psl6,2024,06,28,06
639.0,642.0,Larvivora brunnea,Indian Blue Robin,0.5093,psl6,2024,06,28,06
648.0,651.0,Larvivora brunnea,Indian Blue Robin,0.7893,psl6,2024,06,28,06
651.0,654.0,Phylloscopus humei,Hume's Warbler,0.7739,psl6,2024,06,28,06
663.0,666.0,Phylloscopus humei,Hume's Warbler,0.706,psl6,2024,06,28,06
666.0,669.0,Larvivora brunnea,Indian Blue Robin,0.9677,psl6,2024,06,28,06
672.0,675.0,Phylloscopus humei,Hume's Warbler,0.5123,psl6,2024,06,28,06
681.0,684.0,Larvivora brunnea,Indian Blue Robin,0.624,psl6,2024,06,28,06
690.0,693.0,Larvivora brunnea,Indian Blue Robin,0.9911,psl6,2024,06,28,06
699.0,702.0,Larvivora brunnea,Indian Blue Robin,0.9299,psl6,2024,06,28,06
717.0,720.0,Zosterops japonicus,Warbling White-eye,0.8332,psl6,2024,06,28,06
720.0,723.0,Larvivora brunnea,Indian Blue Robin,0.8823,psl6,2024,06,28,06
726.0,729.0,Zosterops japonicus,Warbling White-eye,0.715,psl6,2024,06,28,06
753.0,756.0,Larvivora brunnea,Indian Blue Robin,0.9354,psl6,2024,06,28,06
768.0,771.0,Larvivora brunnea,Indian Blue Robin,0.9623,psl6,2024,06,28,06
780.0,783.0,Larvivora brunnea,Indian Blue Robin,0.8592,psl6,2024,06,28,06
795.0,798.0,Larvivora brunnea,Indian Blue Robin,0.8059,psl6,2024,06,28,06
810.0,813.0,Larvivora brunnea,Indian Blue Robin,0.9919,psl6,2024,06,28,06
822.0,825.0,Larvivora brunnea,Indian Blue Robin,0.9907,psl6,2024,06,28,06
834.0,837.0,Larvivora brunnea,Indian Blue Robin,0.979,psl6,2024,06,28,06
846.0,849.0,Larvivora brunnea,Indian Blue Robin,0.9418,psl6,2024,06,28,06
858.0,861.0,Larvivora brunnea,Indian Blue Robin,0.8895,psl6,2024,06,28,06
858.0,861.0,Phylloscopus magnirostris,Large-billed Leaf Warbler,0.6143,psl6,2024,06,28,06
861.0,864.0,Larvivora brunnea,Indian Blue Robin,0.6477,psl6,2024,06,28,06
870.0,873.0,Larvivora brunnea,Indian Blue Robin,0.9569,psl6,2024,06,28,06
882.0,885.0,Larvivora brunnea,Indian Blue Robin,0.889,psl6,2024,06,28,06
882.0,885.0,Phylloscopus magnirostris,Large-billed Leaf Warbler,0.8346,psl6,2024,06,28,06
885.0,888.0,Larvivora brunnea,Indian Blue Robin,0.6315,psl6,2024,06,28,06
897.0,900.0,Larvivora brunnea,Indian Blue Robin,0.9763,psl6,2024,06,28,06
177.0,180.0,Phylloscopus tytleri,Tytler's Leaf Warbler,0.5394,psl6,2024,06,28,07
276.0,279.0,Phylloscopus occipitalis,Western Crowned Warbler,0.6111,psl6,2024,06,28,07
282.0,285.0,Phylloscopus humei,Hume's Warbler,0.6779,psl6,2024,06,28,07
312.0,315.0,Ficedula tricolor,Slaty-blue Flycatcher,0.7129,psl6,2024,06,28,07
402.0,405.0,Ficedula tricolor,Slaty-blue Flycatcher,0.6442,psl6,2024,06,28,07
414.0,417.0,Lophorina superba,Greater Lophorina,0.5035,psl6,2024,06,28,07
444.0,447.0,Ficedula tricolor,Slaty-blue Flycatcher,0.7931,psl6,2024,06,28,07
459.0,462.0,Ficedula tricolor,Slaty-blue Flycatcher,0.6338,psl6,2024,06,28,07
564.0,567.0,Carpodacus erythrinus,Common Rosefinch,0.5988,psl6,2024,06,28,07
609.0,612.0,Phylloscopus humei,Hume's Warbler,0.8187,psl6,2024,06,28,07
612.0,615.0,Phylloscopus humei,Hume's Warbler,0.8976,psl6,2024,06,28,07
618.0,621.0,Phylloscopus humei,Hume's Warbler,0.9615,psl6,2024,06,28,07
621.0,624.0,Phylloscopus humei,Hume's Warbler,0.961,psl6,2024,06,28,07
624.0,627.0,Phylloscopus humei,Hume's Warbler,0.8992,psl6,2024,06,28,07
630.0,633.0,Phylloscopus humei,Hume's Warbler,0.9662,psl6,2024,06,28,07
642.0,645.0,Phylloscopus humei,Hume's Warbler,0.7795,psl6,2024,06,28,07
666.0,669.0,Phylloscopus humei,Hume's Warbler,0.5977,psl6,2024,06,28,07
669.0,672.0,Phylloscopus humei,Hume's Warbler,0.9223,psl6,2024,06,28,07
687.0,690.0,Ficedula tricolor,Slaty-blue Flycatcher,0.5259,psl6,2024,06,28,07
690.0,693.0,Phylloscopus humei,Hume's Warbler,0.6006,psl6,2024,06,28,07
696.0,699.0,Ficedula tricolor,Slaty-blue Flycatcher,0.6168,psl6,2024,06,28,07
702.0,705.0,Phylloscopus humei,Hume's Warbler,0.9064,psl6,2024,06,28,07
738.0,741.0,Phylloscopus humei,Hume's Warbler,0.6727,psl6,2024,06,28,07
759.0,762.0,Phylloscopus humei,Hume's Warbler,0.6556,psl6,2024,06,28,07
768.0,771.0,Phylloscopus humei,Hume's Warbler,0.558,psl6,2024,06,28,07
789.0,792.0,Phylloscopus humei,Hume's Warbler,0.5544,psl6,2024,06,28,07
801.0,804.0,Phylloscopus humei,Hume's Warbler,0.9253,psl6,2024,06,28,07
816.0,819.0,Phylloscopus xanthoschistos,Gray-hooded Warbler,0.6547,psl6,2024,06,28,07
834.0,837.0,Phylloscopus humei,Hume's Warbler,0.8918,psl6,2024,06,28,07
852.0,855.0,Phylloscopus humei,Hume's Warbler,0.5274,psl6,2024,06,28,07
855.0,858.0,Phylloscopus humei,Hume's Warbler,0.5646,psl6,2024,06,28,07
36.0,39.0,Phylloscopus occipitalis,Western Crowned Warbler,0.7411,psl6,2024,06,28,08
39.0,42.0,Phylloscopus occipitalis,Western Crowned Warbler,0.7271,psl6,2024,06,28,08
42.0,45.0,Phylloscopus occipitalis,Western Crowned Warbler,0.7894,psl6,2024,06,28,08
45.0,48.0,Phylloscopus trochiloides,Greenish Warbler,0.8478,psl6,2024,06,28,08
45.0,48.0,Phylloscopus nitidus,Green Warbler,0.5052,psl6,2024,06,28,08
48.0,51.0,Phylloscopus occipitalis,Western Crowned Warbler,0.9184,psl6,2024,06,28,08
51.0,54.0,Phylloscopus occipitalis,Western Crowned Warbler,0.9686,psl6,2024,06,28,08
54.0,57.0,Phylloscopus nitidus,Green Warbler,0.5481,psl6,2024,06,28,08
69.0,72.0,Phylloscopus occipitalis,Western Crowned Warbler,0.9114,psl6,2024,06,28,08
75.0,78.0,Phylloscopus occipitalis,Western Crowned Warbler,0.659,psl6,2024,06,28,08
78.0,81.0,Phylloscopus occipitalis,Western Crowned Warbler,0.9241,psl6,2024,06,28,08
87.0,90.0,Phylloscopus occipitalis,Western Crowned Warbler,0.6824,psl6,2024,06,28,08
90.0,93.0,Phylloscopus occipitalis,Western Crowned Warbler,0.7879,psl6,2024,06,28,08
93.0,96.0,Phylloscopus trochiloides,Greenish Warbler,0.8346,psl6,2024,06,28,08
99.0,102.0,Phylloscopus occipitalis,Western Crowned Warbler,0.9191,psl6,2024,06,28,08
114.0,117.0,Phylloscopus occipitalis,Western Crowned Warbler,0.9926,psl6,2024,06,28,08
123.0,126.0,Phylloscopus occipitalis,Western Crowned Warbler,0.6361,psl6,2024,06,28,08
129.0,132.0,Phylloscopus occipitalis,Western Crowned Warbler,0.5213,psl6,2024,06,28,08
138.0,141.0,Phylloscopus occipitalis,Western Crowned Warbler,0.711,psl6,2024,06,28,08
159.0,162.0,Phylloscopus occipitalis,Western Crowned Warbler,0.9068,psl6,2024,06,28,08
162.0,165.0,Phylloscopus occipitalis,Western Crowned Warbler,0.5665,psl6,2024,06,28,08
165.0,168.0,Phylloscopus occipitalis,Western Crowned Warbler,0.7017,psl6,2024,06,28,08
228.0,231.0,Phylloscopus occipitalis,Western Crowned Warbler,0.6819,psl6,2024,06,28,08
231.0,234.0,Phylloscopus occipitalis,Western Crowned Warbler,0.7878,psl6,2024,06,28,08
249.0,252.0,Phylloscopus occipitalis,Western Crowned Warbler,0.9976,psl6,2024,06,28,08
258.0,261.0,Phylloscopus occipitalis,Western Crowned Warbler,0.9358,psl6,2024,06,28,08
267.0,270.0,Phylloscopus occipitalis,Western Crowned Warbler,0.5208,psl6,2024,06,28,08
273.0,276.0,Phylloscopus occipitalis,Western Crowned Warbler,0.7779,psl6,2024,06,28,08
276.0,279.0,Phylloscopus occipitalis,Western Crowned Warbler,0.987,psl6,2024,06,28,08
285.0,288.0,Phylloscopus occipitalis,Western Crowned Warbler,0.8803,psl6,2024,06,28,08
288.0,291.0,Phylloscopus occipitalis,Western Crowned Warbler,0.5772,psl6,2024,06,28,08
288.0,291.0,Phylloscopus reguloides,Blyth's Leaf Warbler,0.5635,psl6,2024,06,28,08
294.0,297.0,Phylloscopus occipitalis,Western Crowned Warbler,0.9597,psl6,2024,06,28,08
300.0,303.0,Phylloscopus occipitalis,Western Crowned Warbler,0.9666,psl6,2024,06,28,08
315.0,318.0,Phylloscopus occipitalis,Western Crowned Warbler,0.8357,psl6,2024,06,28,08
321.0,324.0,Phylloscopus occipitalis,Western Crowned Warbler,0.9123,psl6,2024,06,28,08
345.0,348.0,Phylloscopus occipitalis,Western Crowned Warbler,0.9958,psl6,2024,06,28,08
369.0,372.0,Ficedula tricolor,Slaty-blue Flycatcher,0.9185,psl6,2024,06,28,08
396.0,399.0,Ficedula tricolor,Slaty-blue Flycatcher,0.5301,psl6,2024,06,28,08
420.0,423.0,Cettia castaneocoronata,Chestnut-headed Tesia,0.6025,psl6,2024,06,28,08
420.0,423.0,Ficedula tricolor,Slaty-blue Flycatcher,0.5732,psl6,2024,06,28,08
432.0,435.0,Ficedula tricolor,Slaty-blue Flycatcher,0.9151,psl6,2024,06,28,08
450.0,453.0,Phylloscopus occipitalis,Western Crowned Warbler,0.8294,psl6,2024,06,28,08
459.0,462.0,Prunella modularis,Dunnock,0.673,psl6,2024,06,28,08
471.0,474.0,Phoenicurus auroreus,Daurian Redstart,0.7141,psl6,2024,06,28,08
492.0,495.0,Phylloscopus occipitalis,Western Crowned Warbler,0.5571,psl6,2024,06,28,08
528.0,531.0,Phylloscopus occipitalis,Western Crowned Warbler,0.6282,psl6,2024,06,28,08
546.0,549.0,Pyrrhula pyrrhula,Eurasian Bullfinch,0.5486,psl6,2024,06,28,08
564.0,567.0,Phylloscopus occipitalis,Western Crowned Warbler,0.5631,psl6,2024,06,28,08
576.0,579.0,Phylloscopus occipitalis,Western Crowned Warbler,0.6102,psl6,2024,06,28,08
609.0,612.0,Phylloscopus occipitalis,Western Crowned Warbler,0.73,psl6,2024,06,28,08
618.0,621.0,Phylloscopus occipitalis,Western Crowned Warbler,0.7982,psl6,2024,06,28,08
624.0,627.0,Phylloscopus occipitalis,Western Crowned Warbler,0.5305,psl6,2024,06,28,08
726.0,729.0,Trochalopteron variegatum,Variegated Laughingthrush,0.5061,psl6,2024,06,28,08
738.0,741.0,Vireo flavifrons,Yellow-throated Vireo,0.6487,psl6,2024,06,28,08
774.0,777.0,Trochalopteron variegatum,Variegated Laughingthrush,0.6246,psl6,2024,06,28,08
783.0,786.0,Phylloscopus occipitalis,Western Crowned Warbler,0.7623,psl6,2024,06,28,08
792.0,795.0,Trochalopteron variegatum,Variegated Laughingthrush,0.515,psl6,2024,06,28,08
804.0,807.0,Trochalopteron variegatum,Variegated Laughingthrush,0.8729,psl6,2024,06,28,08
813.0,816.0,Trochalopteron variegatum,Variegated Laughingthrush,0.6903,psl6,2024,06,28,08
816.0,819.0,Trochalopteron variegatum,Variegated Laughingthrush,0.8647,psl6,2024,06,28,08
819.0,822.0,Trochalopteron variegatum,Variegated Laughingthrush,0.7142,psl6,2024,06,28,08
822.0,825.0,Trochalopteron variegatum,Variegated Laughingthrush,0.7165,psl6,2024,06,28,08
828.0,831.0,Trochalopteron variegatum,Variegated Laughingthrush,0.5979,psl6,2024,06,28,08
834.0,837.0,Trochalopteron variegatum,Variegated Laughingthrush,0.8311,psl6,2024,06,28,08
840.0,843.0,Trochalopteron variegatum,Variegated Laughingthrush,0.9753,psl6,2024,06,28,08
843.0,846.0,Trochalopteron variegatum,Variegated Laughingthrush,0.803,psl6,2024,06,28,08
846.0,849.0,Trochalopteron variegatum,Variegated Laughingthrush,0.8795,psl6,2024,06,28,08
849.0,852.0,Trochalopteron variegatum,Variegated Laughingthrush,0.8879,psl6,2024,06,28,08
852.0,855.0,Trochalopteron variegatum,Variegated Laughingthrush,0.7763,psl6,2024,06,28,08
858.0,861.0,Trochalopteron variegatum,Variegated Laughingthrush,0.5893,psl6,2024,06,28,08
861.0,864.0,Trochalopteron variegatum,Variegated Laughingthrush,0.7306,psl6,2024,06,28,08
873.0,876.0,Trochalopteron variegatum,Variegated Laughingthrush,0.89,psl6,2024,06,28,08
879.0,882.0,Trochalopteron variegatum,Variegated Laughingthrush,0.8613,psl6,2024,06,28,08
882.0,885.0,Trochalopteron variegatum,Variegated Laughingthrush,0.6934,psl6,2024,06,28,08
885.0,888.0,Phylloscopus nitidus,Green Warbler,0.5121,psl6,2024,06,28,08
888.0,891.0,Trochalopteron variegatum,Variegated Laughingthrush,0.7271,psl6,2024,06,28,08
93.0,96.0,Phylloscopus nitidus,Green Warbler,0.7762,psl6,2024,06,28,09
120.0,123.0,Phylloscopus trochiloides,Greenish Warbler,0.5662,psl6,2024,06,28,09
153.0,156.0,Phylloscopus nitidus,Green Warbler,0.5866,psl6,2024,06,28,09
237.0,240.0,Trochalopteron variegatum,Variegated Laughingthrush,0.8544,psl6,2024,06,28,09
240.0,243.0,Phylloscopus occipitalis,Western Crowned Warbler,0.5005,psl6,2024,06,28,09
243.0,246.0,Phylloscopus occipitalis,Western Crowned Warbler,0.6531,psl6,2024,06,28,09
249.0,252.0,Phylloscopus occipitalis,Western Crowned Warbler,0.6984,psl6,2024,06,28,09
282.0,285.0,Phylloscopus occipitalis,Western Crowned Warbler,0.8715,psl6,2024,06,28,09
342.0,345.0,Phylloscopus nitidus,Green Warbler,0.5456,psl6,2024,06,28,09
447.0,450.0,Phylloscopus nitidus,Green Warbler,0.814,psl6,2024,06,28,09
450.0,453.0,Phylloscopus trochiloides,Greenish Warbler,0.5934,psl6,2024,06,28,09
465.0,468.0,Phylloscopus trochiloides,Greenish Warbler,0.8507,psl6,2024,06,28,09
486.0,489.0,Phylloscopus nitidus,Green Warbler,0.5697,psl6,2024,06,28,09
489.0,492.0,Phylloscopus trochiloides,Greenish Warbler,0.5014,psl6,2024,06,28,09
501.0,504.0,Phylloscopus trochiloides,Greenish Warbler,0.6045,psl6,2024,06,28,09
510.0,513.0,Phylloscopus nitidus,Green Warbler,0.7568,psl6,2024,06,28,09
546.0,549.0,Phylloscopus trochiloides,Greenish Warbler,0.8406,psl6,2024,06,28,09
558.0,561.0,Phylloscopus trochiloides,Greenish Warbler,0.5236,psl6,2024,06,28,09
570.0,573.0,Phylloscopus nitidus,Green Warbler,0.5389,psl6,2024,06,28,09
588.0,591.0,Phylloscopus humei,Hume's Warbler,0.9526,psl6,2024,06,28,09
606.0,609.0,Phylloscopus trochiloides,Greenish Warbler,0.5668,psl6,2024,06,28,09
618.0,621.0,Phylloscopus trochiloides,Greenish Warbler,0.787,psl6,2024,06,28,09
633.0,636.0,Phylloscopus humei,Hume's Warbler,0.874,psl6,2024,06,28,09
636.0,639.0,Phylloscopus trochiloides,Greenish Warbler,0.6028,psl6,2024,06,28,09
639.0,642.0,Phylloscopus humei,Hume's Warbler,0.7139,psl6,2024,06,28,09
660.0,663.0,Phylloscopus trochiloides,Greenish Warbler,0.6343,psl6,2024,06,28,09
678.0,681.0,Phylloscopus nitidus,Green Warbler,0.7978,psl6,2024,06,28,09
705.0,708.0,Phylloscopus humei,Hume's Warbler,0.6581,psl6,2024,06,28,09
714.0,717.0,Phylloscopus humei,Hume's Warbler,0.8229,psl6,2024,06,28,09
717.0,720.0,Phylloscopus trochiloides,Greenish Warbler,0.6492,psl6,2024,06,28,09
720.0,723.0,Phylloscopus occipitalis,Western Crowned Warbler,0.6457,psl6,2024,06,28,09
723.0,726.0,Phylloscopus humei,Hume's Warbler,0.6467,psl6,2024,06,28,09
771.0,774.0,Phylloscopus humei,Hume's Warbler,0.875,psl6,2024,06,28,09
780.0,783.0,Phylloscopus trochiloides,Greenish Warbler,0.5342,psl6,2024,06,28,09
786.0,789.0,Phylloscopus humei,Hume's Warbler,0.8905,psl6,2024,06,28,09
789.0,792.0,Trochalopteron variegatum,Variegated Laughingthrush,0.6545,psl6,2024,06,28,09
801.0,804.0,Phylloscopus humei,Hume's Warbler,0.7923,psl6,2024,06,28,09
813.0,816.0,Phylloscopus humei,Hume's Warbler,0.905,psl6,2024,06,28,09
834.0,837.0,Phylloscopus humei,Hume's Warbler,0.9493,psl6,2024,06,28,09
864.0,867.0,Phylloscopus humei,Hume's Warbler,0.8317,psl6,2024,06,28,09
870.0,873.0,Phylloscopus humei,Hume's Warbler,0.8757,psl6,2024,06,28,09
891.0,894.0,Larvivora brunnea,Indian Blue Robin,0.888,psl6,2024,06,28,09
15.0,18.0,Ficedula tricolor,Slaty-blue Flycatcher,0.8933,psl6,2024,06,29,06
18.0,21.0,Phylloscopus nitidus,Green Warbler,0.5717,psl6,2024,06,29,06
78.0,81.0,Phylloscopus nitidus,Green Warbler,0.5568,psl6,2024,06,29,06
99.0,102.0,Phylloscopus humei,Hume's Warbler,0.695,psl6,2024,06,29,06
258.0,261.0,Phylloscopus humei,Hume's Warbler,0.9054,psl6,2024,06,29,06
270.0,273.0,Phylloscopus humei,Hume's Warbler,0.8842,psl6,2024,06,29,06
282.0,285.0,Phylloscopus humei,Hume's Warbler,0.7474,psl6,2024,06,29,06
327.0,330.0,Phylloscopus humei,Hume's Warbler,0.7452,psl6,2024,06,29,06
489.0,492.0,Phylloscopus humei,Hume's Warbler,0.8451,psl6,2024,06,29,06
495.0,498.0,Phylloscopus humei,Hume's Warbler,0.9891,psl6,2024,06,29,06
498.0,501.0,Phylloscopus humei,Hume's Warbler,0.9793,psl6,2024,06,29,06
501.0,504.0,Phylloscopus humei,Hume's Warbler,0.9898,psl6,2024,06,29,06
504.0,507.0,Phylloscopus humei,Hume's Warbler,0.554,psl6,2024,06,29,06
510.0,513.0,Phylloscopus humei,Hume's Warbler,0.5725,psl6,2024,06,29,06
513.0,516.0,Phylloscopus humei,Hume's Warbler,0.5627,psl6,2024,06,29,06
537.0,540.0,Phylloscopus nitidus,Green Warbler,0.6043,psl6,2024,06,29,06
537.0,540.0,Phylloscopus trochiloides,Greenish Warbler,0.5241,psl6,2024,06,29,06
558.0,561.0,Phylloscopus humei,Hume's Warbler,0.6626,psl6,2024,06,29,06
567.0,570.0,Phylloscopus nitidus,Green Warbler,0.7661,psl6,2024,06,29,06
567.0,570.0,Phylloscopus trochiloides,Greenish Warbler,0.644,psl6,2024,06,29,06
621.0,624.0,Phylloscopus trochiloides,Greenish Warbler,0.5261,psl6,2024,06,29,06
633.0,636.0,Phylloscopus trochiloides,Greenish Warbler,0.798,psl6,2024,06,29,06
648.0,651.0,Phylloscopus humei,Hume's Warbler,0.9303,psl6,2024,06,29,06
651.0,654.0,Phylloscopus humei,Hume's Warbler,0.5538,psl6,2024,06,29,06
654.0,657.0,Phylloscopus trochiloides,Greenish Warbler,0.7632,psl6,2024,06,29,06
657.0,660.0,Phylloscopus trochiloides,Greenish Warbler,0.7391,psl6,2024,06,29,06
660.0,663.0,Phylloscopus humei,Hume's Warbler,0.8273,psl6,2024,06,29,06
669.0,672.0,Phylloscopus humei,Hume's Warbler,0.9595,psl6,2024,06,29,06
678.0,681.0,Phylloscopus humei,Hume's Warbler,0.7026,psl6,2024,06,29,06
684.0,687.0,Phylloscopus humei,Hume's Warbler,0.9733,psl6,2024,06,29,06
690.0,693.0,Parus monticolus,Green-backed Tit,0.5679,psl6,2024,06,29,06
696.0,699.0,Zosterops simplex,Swinhoe's White-eye,0.5374,psl6,2024,06,29,06
849.0,852.0,Phylloscopus nitidus,Green Warbler,0.735,psl6,2024,06,29,06
849.0,852.0,Phylloscopus trochiloides,Greenish Warbler,0.6307,psl6,2024,06,29,06
873.0,876.0,Phylloscopus humei,Hume's Warbler,0.9911,psl6,2024,06,29,06
885.0,888.0,Phylloscopus humei,Hume's Warbler,0.93,psl6,2024,06,29,06
891.0,894.0,Phylloscopus humei,Hume's Warbler,0.5593,psl6,2024,06,29,06
897.0,900.0,Phylloscopus humei,Hume's Warbler,0.9806,psl6,2024,06,29,06
9.0,12.0,Phylloscopus humei,Hume's Warbler,0.6576,psl6,2024,06,29,07
30.0,33.0,Phylloscopus trochiloides,Greenish Warbler,0.5027,psl6,2024,06,29,07
45.0,48.0,Phylloscopus trochiloides,Greenish Warbler,0.6372,psl6,2024,06,29,07
57.0,60.0,Phylloscopus humei,Hume's Warbler,0.6476,psl6,2024,06,29,07
66.0,69.0,Phylloscopus humei,Hume's Warbler,0.5154,psl6,2024,06,29,07
93.0,96.0,Phylloscopus trochiloides,Greenish Warbler,0.578,psl6,2024,06,29,07
114.0,117.0,Ficedula tricolor,Slaty-blue Flycatcher,0.9184,psl6,2024,06,29,07
177.0,180.0,Phylloscopus occipitalis,Western Crowned Warbler,0.5679,psl6,2024,06,29,07
225.0,228.0,Troglodytes solstitialis,Mountain Wren,0.6663,psl6,2024,06,29,07
372.0,375.0,Troglodytes solstitialis,Mountain Wren,0.5042,psl6,2024,06,29,07
45.0,48.0,Larvivora brunnea,Indian Blue Robin,0.6538,psl6,2024,06,29,08
54.0,57.0,Larvivora brunnea,Indian Blue Robin,0.9632,psl6,2024,06,29,08
57.0,60.0,Larvivora brunnea,Indian Blue Robin,0.7537,psl6,2024,06,29,08
66.0,69.0,Zosterops simplex,Swinhoe's White-eye,0.7916,psl6,2024,06,29,08
78.0,81.0,Larvivora brunnea,Indian Blue Robin,0.6939,psl6,2024,06,29,08
87.0,90.0,Larvivora brunnea,Indian Blue Robin,0.5681,psl6,2024,06,29,08
96.0,99.0,Phylloscopus pulcher,Buff-barred Warbler,0.517,psl6,2024,06,29,08
108.0,111.0,Phylloscopus trochiloides,Greenish Warbler,0.7286,psl6,2024,06,29,08
126.0,129.0,Phylloscopus trochiloides,Greenish Warbler,0.67,psl6,2024,06,29,08
129.0,132.0,Larvivora brunnea,Indian Blue Robin,0.5441,psl6,2024,06,29,08
132.0,135.0,Zosterops simplex,Swinhoe's White-eye,0.6291,psl6,2024,06,29,08
138.0,141.0,Phylloscopus humei,Hume's Warbler,0.5109,psl6,2024,06,29,08
141.0,144.0,Larvivora brunnea,Indian Blue Robin,0.9727,psl6,2024,06,29,08
156.0,159.0,Larvivora brunnea,Indian Blue Robin,0.9912,psl6,2024,06,29,08
168.0,171.0,Larvivora brunnea,Indian Blue Robin,0.9907,psl6,2024,06,29,08
174.0,177.0,Trochalopteron variegatum,Variegated Laughingthrush,0.7518,psl6,2024,06,29,08
183.0,186.0,Larvivora brunnea,Indian Blue Robin,0.9746,psl6,2024,06,29,08
195.0,198.0,Larvivora brunnea,Indian Blue Robin,0.8564,psl6,2024,06,29,08
195.0,198.0,Phylloscopus magnirostris,Large-billed Leaf Warbler,0.6884,psl6,2024,06,29,08
201.0,204.0,Trochalopteron variegatum,Variegated Laughingthrush,0.8685,psl6,2024,06,29,08
207.0,210.0,Trochalopteron variegatum,Variegated Laughingthrush,0.9025,psl6,2024,06,29,08
210.0,213.0,Larvivora brunnea,Indian Blue Robin,0.9801,psl6,2024,06,29,08
213.0,216.0,Trochalopteron variegatum,Variegated Laughingthrush,0.8428,psl6,2024,06,29,08
219.0,222.0,Trochalopteron variegatum,Variegated Laughingthrush,0.736,psl6,2024,06,29,08
225.0,228.0,Larvivora brunnea,Indian Blue Robin,0.9479,psl6,2024,06,29,08
255.0,258.0,Larvivora brunnea,Indian Blue Robin,0.8804,psl6,2024,06,29,08
258.0,261.0,Larvivora brunnea,Indian Blue Robin,0.6794,psl6,2024,06,29,08
282.0,285.0,Larvivora brunnea,Indian Blue Robin,0.9536,psl6,2024,06,29,08
312.0,315.0,Larvivora brunnea,Indian Blue Robin,0.963,psl6,2024,06,29,08
336.0,339.0,Larvivora brunnea,Indian Blue Robin,0.9227,psl6,2024,06,29,08
366.0,369.0,Larvivora brunnea,Indian Blue Robin,0.9727,psl6,2024,06,29,08
390.0,393.0,Larvivora brunnea,Indian Blue Robin,0.9597,psl6,2024,06,29,08
390.0,393.0,Phylloscopus magnirostris,Large-billed Leaf Warbler,0.5504,psl6,2024,06,29,08
393.0,396.0,Larvivora brunnea,Indian Blue Robin,0.7904,psl6,2024,06,29,08
411.0,414.0,Larvivora brunnea,Indian Blue Robin,0.9898,psl6,2024,06,29,08
438.0,441.0,Larvivora brunnea,Indian Blue Robin,0.9925,psl6,2024,06,29,08
462.0,465.0,Larvivora brunnea,Indian Blue Robin,0.9118,psl6,2024,06,29,08
486.0,489.0,Larvivora brunnea,Indian Blue Robin,0.985,psl6,2024,06,29,08
489.0,492.0,Trochalopteron variegatum,Variegated Laughingthrush,0.6106,psl6,2024,06,29,08
492.0,495.0,Trochalopteron variegatum,Variegated Laughingthrush,0.8428,psl6,2024,06,29,08
495.0,498.0,Trochalopteron variegatum,Variegated Laughingthrush,0.7776,psl6,2024,06,29,08
501.0,504.0,Larvivora brunnea,Indian Blue Robin,0.9929,psl6,2024,06,29,08
516.0,519.0,Larvivora brunnea,Indian Blue Robin,0.9412,psl6,2024,06,29,08
531.0,534.0,Larvivora brunnea,Indian Blue Robin,0.9676,psl6,2024,06,29,08
531.0,534.0,Bradypterus brunneus,Brown Emutail,0.6711,psl6,2024,06,29,08
537.0,540.0,Trochalopteron variegatum,Variegated Laughingthrush,0.7591,psl6,2024,06,29,08
543.0,546.0,Larvivora brunnea,Indian Blue Robin,0.9758,psl6,2024,06,29,08
546.0,549.0,Trochalopteron variegatum,Variegated Laughingthrush,0.5352,psl6,2024,06,29,08
555.0,558.0,Larvivora brunnea,Indian Blue Robin,0.7507,psl6,2024,06,29,08
573.0,576.0,Larvivora brunnea,Indian Blue Robin,0.9802,psl6,2024,06,29,08
576.0,579.0,Trochalopteron variegatum,Variegated Laughingthrush,0.5143,psl6,2024,06,29,08
579.0,582.0,Trochalopteron variegatum,Variegated Laughingthrush,0.5658,psl6,2024,06,29,08
585.0,588.0,Trochalopteron variegatum,Variegated Laughingthrush,0.8191,psl6,2024,06,29,08
588.0,591.0,Larvivora brunnea,Indian Blue Robin,0.9946,psl6,2024,06,29,08
603.0,606.0,Larvivora brunnea,Indian Blue Robin,0.9903,psl6,2024,06,29,08
618.0,621.0,Larvivora brunnea,Indian Blue Robin,0.9944,psl6,2024,06,29,08
648.0,651.0,Larvivora brunnea,Indian Blue Robin,0.9657,psl6,2024,06,29,08
663.0,666.0,Larvivora brunnea,Indian Blue Robin,0.5798,psl6,2024,06,29,08
666.0,669.0,Larvivora brunnea,Indian Blue Robin,0.8847,psl6,2024,06,29,08
681.0,684.0,Larvivora brunnea,Indian Blue Robin,0.9987,psl6,2024,06,29,08
702.0,705.0,Larvivora brunnea,Indian Blue Robin,0.99,psl6,2024,06,29,08
717.0,720.0,Larvivora brunnea,Indian Blue Robin,0.6304,psl6,2024,06,29,08
720.0,723.0,Larvivora brunnea,Indian Blue Robin,0.9939,psl6,2024,06,29,08
738.0,741.0,Larvivora brunnea,Indian Blue Robin,0.9716,psl6,2024,06,29,08
747.0,750.0,Trochalopteron variegatum,Variegated Laughingthrush,0.5126,psl6,2024,06,29,08
750.0,753.0,Larvivora brunnea,Indian Blue Robin,0.9947,psl6,2024,06,29,08
780.0,783.0,Larvivora brunnea,Indian Blue Robin,0.9826,psl6,2024,06,29,08
804.0,807.0,Larvivora brunnea,Indian Blue Robin,0.9981,psl6,2024,06,29,08
825.0,828.0,Larvivora brunnea,Indian Blue Robin,0.7949,psl6,2024,06,29,08
852.0,855.0,Larvivora brunnea,Indian Blue Robin,0.6311,psl6,2024,06,29,08
876.0,879.0,Larvivora brunnea,Indian Blue Robin,0.8588,psl6,2024,06,29,08
891.0,894.0,Larvivora brunnea,Indian Blue Robin,0.6229,psl6,2024,06,29,08
894.0,897.0,Larvivora brunnea,Indian Blue Robin,0.7209,psl6,2024,06,29,08
138.0,141.0,Trochalopteron variegatum,Variegated Laughingthrush,0.5691,psl6,2024,06,29,09
318.0,321.0,Phylloscopus nitidus,Green Warbler,0.592,psl6,2024,06,29,09
336.0,339.0,Phylloscopus occipitalis,Western Crowned Warbler,0.6723,psl6,2024,06,29,09
396.0,399.0,Phylloscopus humei,Hume's Warbler,0.6613,psl6,2024,06,29,09
414.0,417.0,Phylloscopus humei,Hume's Warbler,0.851,psl6,2024,06,29,09
417.0,420.0,Phylloscopus humei,Hume's Warbler,0.5884,psl6,2024,06,29,09
591.0,594.0,Larvivora brunnea,Indian Blue Robin,0.8318,psl6,2024,06,29,09
624.0,627.0,Larvivora brunnea,Indian Blue Robin,0.5149,psl6,2024,06,29,09
636.0,639.0,Larvivora brunnea,Indian Blue Robin,0.6239,psl6,2024,06,29,09
657.0,660.0,Larvivora brunnea,Indian Blue Robin,0.5791,psl6,2024,06,29,09
693.0,696.0,Larvivora brunnea,Indian Blue Robin,0.7088,psl6,2024,06,29,09
816.0,819.0,Turdus iliacus,Redwing,0.5041,psl6,2024,06,29,09
843.0,846.0,Phylloscopus humei,Hume's Warbler,0.5308,psl6,2024,06,29,09
849.0,852.0,Phylloscopus humei,Hume's Warbler,0.8112,psl6,2024,06,29,09
852.0,855.0,Phylloscopus humei,Hume's Warbler,0.6813,psl6,2024,06,29,09
858.0,861.0,Phylloscopus humei,Hume's Warbler,0.8366,psl6,2024,06,29,09
864.0,867.0,Phylloscopus humei,Hume's Warbler,0.8457,psl6,2024,06,29,09
870.0,873.0,Phylloscopus humei,Hume's Warbler,0.6378,psl6,2024,06,29,09
69.0,72.0,Phylloscopus trochiloides,Greenish Warbler,0.5633,psl6,2024,06,30,06
138.0,141.0,Trochalopteron variegatum,Variegated Laughingthrush,0.7955,psl6,2024,06,30,06
162.0,165.0,Ficedula tricolor,Slaty-blue Flycatcher,0.9262,psl6,2024,06,30,06
165.0,168.0,Ficedula tricolor,Slaty-blue Flycatcher,0.8812,psl6,2024,06,30,06
168.0,171.0,Ficedula tricolor,Slaty-blue Flycatcher,0.9446,psl6,2024,06,30,06
270.0,273.0,Phylloscopus trochiloides,Greenish Warbler,0.548,psl6,2024,06,30,06
312.0,315.0,Phylloscopus nitidus,Green Warbler,0.6001,psl6,2024,06,30,06
315.0,318.0,Trochalopteron variegatum,Variegated Laughingthrush,0.6639,psl6,2024,06,30,06
330.0,333.0,Cettia castaneocoronata,Chestnut-headed Tesia,0.5198,psl6,2024,06,30,06
363.0,366.0,Larvivora brunnea,Indian Blue Robin,0.5182,psl6,2024,06,30,06
390.0,393.0,Phylloscopus nitidus,Green Warbler,0.5109,psl6,2024,06,30,06
396.0,399.0,Ficedula tricolor,Slaty-blue Flycatcher,0.5771,psl6,2024,06,30,06
429.0,432.0,Copsychus albospecularis,Madagascar Magpie-Robin,0.5371,psl6,2024,06,30,06
432.0,435.0,Phylloscopus nitidus,Green Warbler,0.6638,psl6,2024,06,30,06
432.0,435.0,Phylloscopus trochiloides,Greenish Warbler,0.558,psl6,2024,06,30,06
465.0,468.0,Phylloscopus nitidus,Green Warbler,0.5053,psl6,2024,06,30,06
492.0,495.0,Phylloscopus nitidus,Green Warbler,0.8275,psl6,2024,06,30,06
555.0,558.0,Phylloscopus trochiloides,Greenish Warbler,0.6329,psl6,2024,06,30,06
555.0,558.0,Phylloscopus nitidus,Green Warbler,0.6312,psl6,2024,06,30,06
564.0,567.0,Phylloscopus nitidus,Green Warbler,0.5598,psl6,2024,06,30,06
567.0,570.0,Phylloscopus trochiloides,Greenish Warbler,0.6174,psl6,2024,06,30,06
771.0,774.0,Phylloscopus occipitalis,Western Crowned Warbler,0.54,psl6,2024,06,30,06
864.0,867.0,Phylloscopus humei,Hume's Warbler,0.5651,psl6,2024,06,30,06
9.0,12.0,Carpodacus erythrinus,Common Rosefinch,0.7662,psl6,2024,06,30,07
60.0,63.0,Carpodacus erythrinus,Common Rosefinch,0.778,psl6,2024,06,30,07
75.0,78.0,Carpodacus erythrinus,Common Rosefinch,0.7057,psl6,2024,06,30,07
132.0,135.0,Carpodacus erythrinus,Common Rosefinch,0.7271,psl6,2024,06,30,07
147.0,150.0,Carpodacus erythrinus,Common Rosefinch,0.7839,psl6,2024,06,30,07
177.0,180.0,Phylloscopus trochiloides,Greenish Warbler,0.629,psl6,2024,06,30,07
183.0,186.0,Phylloscopus trochiloides,Greenish Warbler,0.5102,psl6,2024,06,30,07
228.0,231.0,Phylloscopus nitidus,Green Warbler,0.8996,psl6,2024,06,30,07
228.0,231.0,Phylloscopus trochiloides,Greenish Warbler,0.5974,psl6,2024,06,30,07
234.0,237.0,Phylloscopus occipitalis,Western Crowned Warbler,0.6747,psl6,2024,06,30,07
249.0,252.0,Phylloscopus occipitalis,Western Crowned Warbler,0.8999,psl6,2024,06,30,07
255.0,258.0,Phylloscopus trochiloides,Greenish Warbler,0.604,psl6,2024,06,30,07
276.0,279.0,Carpodacus erythrinus,Common Rosefinch,0.7424,psl6,2024,06,30,07
285.0,288.0,Phylloscopus occipitalis,Western Crowned Warbler,0.6838,psl6,2024,06,30,07
297.0,300.0,Phylloscopus occipitalis,Western Crowned Warbler,0.7491,psl6,2024,06,30,07
303.0,306.0,Phylloscopus occipitalis,Western Crowned Warbler,0.8428,psl6,2024,06,30,07
318.0,321.0,Protonotaria citrea,Prothonotary Warbler,0.7012,psl6,2024,06,30,07
345.0,348.0,Phylloscopus occipitalis,Western Crowned Warbler,0.6587,psl6,2024,06,30,07
354.0,357.0,Phylloscopus occipitalis,Western Crowned Warbler,0.8965,psl6,2024,06,30,07
363.0,366.0,Phylloscopus occipitalis,Western Crowned Warbler,0.7885,psl6,2024,06,30,07
423.0,426.0,Phylloscopus occipitalis,Western Crowned Warbler,0.5706,psl6,2024,06,30,07
459.0,462.0,Phylloscopus occipitalis,Western Crowned Warbler,0.7785,psl6,2024,06,30,07
528.0,531.0,Phylloscopus humei,Hume's Warbler,0.5264,psl6,2024,06,30,07
582.0,585.0,Phoenicurus auroreus,Daurian Redstart,0.5776,psl6,2024,06,30,07
717.0,720.0,Phylloscopus humei,Hume's Warbler,0.956,psl6,2024,06,30,07
720.0,723.0,Phylloscopus humei,Hume's Warbler,0.8718,psl6,2024,06,30,07
723.0,726.0,Phylloscopus occipitalis,Western Crowned Warbler,0.5524,psl6,2024,06,30,07
729.0,732.0,Phylloscopus occipitalis,Western Crowned Warbler,0.9217,psl6,2024,06,30,07
732.0,735.0,Phylloscopus humei,Hume's Warbler,0.6093,psl6,2024,06,30,07
762.0,765.0,Phylloscopus occipitalis,Western Crowned Warbler,0.7318,psl6,2024,06,30,07
774.0,777.0,Phylloscopus humei,Hume's Warbler,0.5211,psl6,2024,06,30,07
777.0,780.0,Phylloscopus humei,Hume's Warbler,0.8413,psl6,2024,06,30,07
801.0,804.0,Phylloscopus humei,Hume's Warbler,0.9741,psl6,2024,06,30,07
813.0,816.0,Phylloscopus humei,Hume's Warbler,0.6321,psl6,2024,06,30,07
837.0,840.0,Phylloscopus humei,Hume's Warbler,0.7403,psl6,2024,06,30,07
852.0,855.0,Phylloscopus humei,Hume's Warbler,0.7652,psl6,2024,06,30,07
864.0,867.0,Phylloscopus humei,Hume's Warbler,0.7273,psl6,2024,06,30,07
870.0,873.0,Phylloscopus humei,Hume's Warbler,0.9183,psl6,2024,06,30,07
891.0,894.0,Phylloscopus humei,Hume's Warbler,0.931,psl6,2024,06,30,07
30.0,33.0,Ficedula tricolor,Slaty-blue Flycatcher,0.7523,psl6,2024,06,30,08
36.0,39.0,Ficedula tricolor,Slaty-blue Flycatcher,0.7829,psl6,2024,06,30,08
42.0,45.0,Ficedula tricolor,Slaty-blue Flycatcher,0.7704,psl6,2024,06,30,08
63.0,66.0,Ficedula tricolor,Slaty-blue Flycatcher,0.9097,psl6,2024,06,30,08
72.0,75.0,Ficedula tricolor,Slaty-blue Flycatcher,0.7925,psl6,2024,06,30,08
75.0,78.0,Ficedula tricolor,Slaty-blue Flycatcher,0.8168,psl6,2024,06,30,08
78.0,81.0,Ficedula tricolor,Slaty-blue Flycatcher,0.952,psl6,2024,06,30,08
105.0,108.0,Phylloscopus occipitalis,Western Crowned Warbler,0.5323,psl6,2024,06,30,08
108.0,111.0,Phylloscopus occipitalis,Western Crowned Warbler,0.5317,psl6,2024,06,30,08
129.0,132.0,Phylloscopus occipitalis,Western Crowned Warbler,0.9212,psl6,2024,06,30,08
132.0,135.0,Phylloscopus occipitalis,Western Crowned Warbler,0.9203,psl6,2024,06,30,08
141.0,144.0,Phylloscopus occipitalis,Western Crowned Warbler,0.7716,psl6,2024,06,30,08
147.0,150.0,Phylloscopus occipitalis,Western Crowned Warbler,0.8743,psl6,2024,06,30,08
156.0,159.0,Phylloscopus occipitalis,Western Crowned Warbler,0.8959,psl6,2024,06,30,08
162.0,165.0,Phylloscopus occipitalis,Western Crowned Warbler,0.8571,psl6,2024,06,30,08
168.0,171.0,Phylloscopus humei,Hume's Warbler,0.7008,psl6,2024,06,30,08
171.0,174.0,Phylloscopus occipitalis,Western Crowned Warbler,0.6611,psl6,2024,06,30,08
204.0,207.0,Phylloscopus occipitalis,Western Crowned Warbler,0.9948,psl6,2024,06,30,08
210.0,213.0,Phylloscopus occipitalis,Western Crowned Warbler,0.9967,psl6,2024,06,30,08
213.0,216.0,Phylloscopus occipitalis,Western Crowned Warbler,0.9795,psl6,2024,06,30,08
222.0,225.0,Phylloscopus occipitalis,Western Crowned Warbler,0.7469,psl6,2024,06,30,08
249.0,252.0,Phylloscopus occipitalis,Western Crowned Warbler,0.7947,psl6,2024,06,30,08
255.0,258.0,Phylloscopus occipitalis,Western Crowned Warbler,0.5267,psl6,2024,06,30,08
279.0,282.0,Phylloscopus occipitalis,Western Crowned Warbler,0.8523,psl6,2024,06,30,08
282.0,285.0,Phylloscopus occipitalis,Western Crowned Warbler,0.9102,psl6,2024,06,30,08
285.0,288.0,Phylloscopus trochiloides,Greenish Warbler,0.5402,psl6,2024,06,30,08
300.0,303.0,Phylloscopus occipitalis,Western Crowned Warbler,0.8477,psl6,2024,06,30,08
309.0,312.0,Phylloscopus nitidus,Green Warbler,0.5647,psl6,2024,06,30,08
330.0,333.0,Phylloscopus humei,Hume's Warbler,0.5742,psl6,2024,06,30,08
345.0,348.0,Phylloscopus occipitalis,Western Crowned Warbler,0.7064,psl6,2024,06,30,08
399.0,402.0,Phylloscopus nitidus,Green Warbler,0.7782,psl6,2024,06,30,08
399.0,402.0,Phylloscopus trochiloides,Greenish Warbler,0.5983,psl6,2024,06,30,08
426.0,429.0,Phylloscopus trochiloides,Greenish Warbler,0.5438,psl6,2024,06,30,08
519.0,522.0,Phylloscopus trochiloides,Greenish Warbler,0.5356,psl6,2024,06,30,08
522.0,525.0,Phylloscopus occipitalis,Western Crowned Warbler,0.7308,psl6,2024,06,30,08
546.0,549.0,Phylloscopus trochiloides,Greenish Warbler,0.7185,psl6,2024,06,30,08
546.0,549.0,Phylloscopus nitidus,Green Warbler,0.5184,psl6,2024,06,30,08
552.0,555.0,Phylloscopus occipitalis,Western Crowned Warbler,0.7198,psl6,2024,06,30,08
576.0,579.0,Phylloscopus occipitalis,Western Crowned Warbler,0.5093,psl6,2024,06,30,08
594.0,597.0,Phylloscopus occipitalis,Western Crowned Warbler,0.7982,psl6,2024,06,30,08
603.0,606.0,Phylloscopus occipitalis,Western Crowned Warbler,0.6119,psl6,2024,06,30,08
606.0,609.0,Phylloscopus occipitalis,Western Crowned Warbler,0.9886,psl6,2024,06,30,08
609.0,612.0,Phylloscopus trochiloides,Greenish Warbler,0.6543,psl6,2024,06,30,08
615.0,618.0,Phylloscopus occipitalis,Western Crowned Warbler,0.9389,psl6,2024,06,30,08
618.0,621.0,Phylloscopus occipitalis,Western Crowned Warbler,0.9556,psl6,2024,06,30,08
621.0,624.0,Phylloscopus occipitalis,Western Crowned Warbler,0.8793,psl6,2024,06,30,08
633.0,636.0,Phylloscopus occipitalis,Western Crowned Warbler,0.8455,psl6,2024,06,30,08
636.0,639.0,Phylloscopus tytleri,Tytler's Leaf Warbler,0.8173,psl6,2024,06,30,08
639.0,642.0,Phylloscopus nitidus,Green Warbler,0.5674,psl6,2024,06,30,08
651.0,654.0,Phylloscopus occipitalis,Western Crowned Warbler,0.8761,psl6,2024,06,30,08
660.0,663.0,Phylloscopus occipitalis,Western Crowned Warbler,0.8115,psl6,2024,06,30,08
663.0,666.0,Phylloscopus occipitalis,Western Crowned Warbler,0.5998,psl6,2024,06,30,08
672.0,675.0,Phylloscopus occipitalis,Western Crowned Warbler,0.5379,psl6,2024,06,30,08
693.0,696.0,Phylloscopus occipitalis,Western Crowned Warbler,0.8672,psl6,2024,06,30,08
693.0,696.0,Phylloscopus tytleri,Tytler's Leaf Warbler,0.722,psl6,2024,06,30,08
699.0,702.0,Phylloscopus nitidus,Green Warbler,0.855,psl6,2024,06,30,08
699.0,702.0,Phylloscopus trochiloides,Greenish Warbler,0.7107,psl6,2024,06,30,08
705.0,708.0,Phylloscopus occipitalis,Western Crowned Warbler,0.9612,psl6,2024,06,30,08
708.0,711.0,Phylloscopus occipitalis,Western Crowned Warbler,0.7259,psl6,2024,06,30,08
711.0,714.0,Phylloscopus occipitalis,Western Crowned Warbler,0.9891,psl6,2024,06,30,08
714.0,717.0,Phylloscopus occipitalis,Western Crowned Warbler,0.8869,psl6,2024,06,30,08
717.0,720.0,Phylloscopus occipitalis,Western Crowned Warbler,0.9576,psl6,2024,06,30,08
720.0,723.0,Phylloscopus occipitalis,Western Crowned Warbler,0.9677,psl6,2024,06,30,08
723.0,726.0,Phylloscopus occipitalis,Western Crowned Warbler,0.7954,psl6,2024,06,30,08
726.0,729.0,Phylloscopus occipitalis,Western Crowned Warbler,0.992,psl6,2024,06,30,08
729.0,732.0,Phylloscopus occipitalis,Western Crowned Warbler,0.6619,psl6,2024,06,30,08
735.0,738.0,Phylloscopus occipitalis,Western Crowned Warbler,0.9633,psl6,2024,06,30,08
741.0,744.0,Phylloscopus occipitalis,Western Crowned Warbler,0.7236,psl6,2024,06,30,08
744.0,747.0,Phylloscopus occipitalis,Western Crowned Warbler,0.9583,psl6,2024,06,30,08
744.0,747.0,Protonotaria citrea,Prothonotary Warbler,0.5533,psl6,2024,06,30,08
747.0,750.0,Phylloscopus occipitalis,Western Crowned Warbler,0.6624,psl6,2024,06,30,08
756.0,759.0,Phylloscopus occipitalis,Western Crowned Warbler,0.5639,psl6,2024,06,30,08
777.0,780.0,Phylloscopus occipitalis,Western Crowned Warbler,0.8527,psl6,2024,06,30,08
798.0,801.0,Phylloscopus occipitalis,Western Crowned Warbler,0.5996,psl6,2024,06,30,08
804.0,807.0,Phylloscopus occipitalis,Western Crowned Warbler,0.5035,psl6,2024,06,30,08
810.0,813.0,Phylloscopus occipitalis,Western Crowned Warbler,0.5878,psl6,2024,06,30,08
834.0,837.0,Prunella strophiata,Rufous-breasted Accentor,0.5461,psl6,2024,06,30,08
834.0,837.0,Ficedula parva,Red-breasted Flycatcher,0.5414,psl6,2024,06,30,08
849.0,852.0,Larvivora brunnea,Indian Blue Robin,0.7727,psl6,2024,06,30,08
3.0,6.0,Phylloscopus humei,Hume's Warbler,0.8566,psl6,2024,06,30,09
6.0,9.0,Trochalopteron variegatum,Variegated Laughingthrush,0.7271,psl6,2024,06,30,09
42.0,45.0,Trochalopteron variegatum,Variegated Laughingthrush,0.8365,psl6,2024,06,30,09
45.0,48.0,Phylloscopus humei,Hume's Warbler,0.5482,psl6,2024,06,30,09
126.0,129.0,Phylloscopus occipitalis,Western Crowned Warbler,0.8178,psl6,2024,06,30,09
135.0,138.0,Phylloscopus occipitalis,Western Crowned Warbler,0.8917,psl6,2024,06,30,09
144.0,147.0,Trochalopteron variegatum,Variegated Laughingthrush,0.6693,psl6,2024,06,30,09
216.0,219.0,Phylloscopus occipitalis,Western Crowned Warbler,0.8267,psl6,2024,06,30,09
219.0,222.0,Phylloscopus occipitalis,Western Crowned Warbler,0.729,psl6,2024,06,30,09
225.0,228.0,Phylloscopus occipitalis,Western Crowned Warbler,0.8819,psl6,2024,06,30,09
264.0,267.0,Phylloscopus humei,Hume's Warbler,0.9417,psl6,2024,06,30,09
267.0,270.0,Phylloscopus humei,Hume's Warbler,0.9731,psl6,2024,06,30,09
270.0,273.0,Phylloscopus humei,Hume's Warbler,0.9303,psl6,2024,06,30,09
294.0,297.0,Phylloscopus humei,Hume's Warbler,0.9237,psl6,2024,06,30,09
342.0,345.0,Trochalopteron variegatum,Variegated Laughingthrush,0.8696,psl6,2024,06,30,09
348.0,351.0,Phylloscopus humei,Hume's Warbler,0.5913,psl6,2024,06,30,09
351.0,354.0,Ficedula tricolor,Slaty-blue Flycatcher,0.7391,psl6,2024,06,30,09
351.0,354.0,Phylloscopus humei,Hume's Warbler,0.5492,psl6,2024,06,30,09
354.0,357.0,Trochalopteron variegatum,Variegated Laughingthrush,0.6458,psl6,2024,06,30,09
360.0,363.0,Trochalopteron variegatum,Variegated Laughingthrush,0.859,psl6,2024,06,30,09
375.0,378.0,Phylloscopus humei,Hume's Warbler,0.6983,psl6,2024,06,30,09
381.0,384.0,Trochalopteron variegatum,Variegated Laughingthrush,0.8294,psl6,2024,06,30,09
393.0,396.0,Zosterops simplex,Swinhoe's White-eye,0.5389,psl6,2024,06,30,09
666.0,669.0,Prunella modularis,Dunnock,0.5875,psl6,2024,06,30,09
687.0,690.0,Phylloscopus humei,Hume's Warbler,0.5655,psl6,2024,06,30,09
726.0,729.0,Phylloscopus humei,Hume's Warbler,0.5988,psl6,2024,06,30,09
861.0,864.0,Zosterops simplex,Swinhoe's White-eye,0.7341,psl6,2024,06,30,09
870.0,873.0,Zosterops simplex,Swinhoe's White-eye,0.5334,psl6,2024,06,30,09
3.0,6.0,Phylloscopus occipitalis,Western Crowned Warbler,0.6764,psl6,2024,07,01,06
21.0,24.0,Phylloscopus occipitalis,Western Crowned Warbler,0.9345,psl6,2024,07,01,06
30.0,33.0,Phylloscopus occipitalis,Western Crowned Warbler,0.7069,psl6,2024,07,01,06
54.0,57.0,Phylloscopus nitidus,Green Warbler,0.9219,psl6,2024,07,01,06
54.0,57.0,Pyrrhula pyrrhula,Eurasian Bullfinch,0.8967,psl6,2024,07,01,06
87.0,90.0,Phylloscopus trochiloides,Greenish Warbler,0.5654,psl6,2024,07,01,06
90.0,93.0,Phylloscopus occipitalis,Western Crowned Warbler,0.7745,psl6,2024,07,01,06
105.0,108.0,Phylloscopus occipitalis,Western Crowned Warbler,0.9263,psl6,2024,07,01,06
108.0,111.0,Phylloscopus occipitalis,Western Crowned Warbler,0.5075,psl6,2024,07,01,06
129.0,132.0,Ficedula tricolor,Slaty-blue Flycatcher,0.5109,psl6,2024,07,01,06
162.0,165.0,Phylloscopus occipitalis,Western Crowned Warbler,0.5175,psl6,2024,07,01,06
210.0,213.0,Phylloscopus humei,Hume's Warbler,0.6352,psl6,2024,07,01,06
210.0,213.0,Zosterops simplex,Swinhoe's White-eye,0.5074,psl6,2024,07,01,06
225.0,228.0,Ficedula tricolor,Slaty-blue Flycatcher,0.5106,psl6,2024,07,01,06
288.0,291.0,Phylloscopus occipitalis,Western Crowned Warbler,0.5205,psl6,2024,07,01,06
315.0,318.0,Phylloscopus humei,Hume's Warbler,0.5715,psl6,2024,07,01,06
339.0,342.0,Phylloscopus humei,Hume's Warbler,0.6309,psl6,2024,07,01,06
378.0,381.0,Phylloscopus humei,Hume's Warbler,0.6695,psl6,2024,07,01,06
396.0,399.0,Phylloscopus humei,Hume's Warbler,0.5519,psl6,2024,07,01,06
411.0,414.0,Phylloscopus humei,Hume's Warbler,0.7949,psl6,2024,07,01,06
426.0,429.0,Phylloscopus occipitalis,Western Crowned Warbler,0.5775,psl6,2024,07,01,06
429.0,432.0,Phylloscopus occipitalis,Western Crowned Warbler,0.9566,psl6,2024,07,01,06
459.0,462.0,Phylloscopus occipitalis,Western Crowned Warbler,0.6222,psl6,2024,07,01,06
471.0,474.0,Phylloscopus occipitalis,Western Crowned Warbler,0.889,psl6,2024,07,01,06
483.0,486.0,Phylloscopus occipitalis,Western Crowned Warbler,0.798,psl6,2024,07,01,06
486.0,489.0,Phylloscopus occipitalis,Western Crowned Warbler,0.8126,psl6,2024,07,01,06
495.0,498.0,Phylloscopus occipitalis,Western Crowned Warbler,0.6973,psl6,2024,07,01,06
510.0,513.0,Phylloscopus occipitalis,Western Crowned Warbler,0.8917,psl6,2024,07,01,06
519.0,522.0,Phylloscopus occipitalis,Western Crowned Warbler,0.6929,psl6,2024,07,01,06
522.0,525.0,Phylloscopus occipitalis,Western Crowned Warbler,0.5161,psl6,2024,07,01,06
525.0,528.0,Phylloscopus nitidus,Green Warbler,0.5435,psl6,2024,07,01,06
528.0,531.0,Phylloscopus occipitalis,Western Crowned Warbler,0.8145,psl6,2024,07,01,06
537.0,540.0,Phylloscopus occipitalis,Western Crowned Warbler,0.8319,psl6,2024,07,01,06
540.0,543.0,Phylloscopus humei,Hume's Warbler,0.6637,psl6,2024,07,01,06
561.0,564.0,Phylloscopus humei,Hume's Warbler,0.5945,psl6,2024,07,01,06
582.0,585.0,Phylloscopus occipitalis,Western Crowned Warbler,0.5943,psl6,2024,07,01,06
600.0,603.0,Phylloscopus occipitalis,Western Crowned Warbler,0.8945,psl6,2024,07,01,06
603.0,606.0,Phylloscopus occipitalis,Western Crowned Warbler,0.8324,psl6,2024,07,01,06
612.0,615.0,Phylloscopus occipitalis,Western Crowned Warbler,0.9732,psl6,2024,07,01,06
615.0,618.0,Phylloscopus occipitalis,Western Crowned Warbler,0.6248,psl6,2024,07,01,06
621.0,624.0,Phylloscopus nitidus,Green Warbler,0.632,psl6,2024,07,01,06
624.0,627.0,Phylloscopus occipitalis,Western Crowned Warbler,0.9339,psl6,2024,07,01,06
648.0,651.0,Phylloscopus trochiloides,Greenish Warbler,0.6861,psl6,2024,07,01,06
648.0,651.0,Phylloscopus nitidus,Green Warbler,0.5379,psl6,2024,07,01,06
702.0,705.0,Phylloscopus trochiloides,Greenish Warbler,0.5347,psl6,2024,07,01,06
711.0,714.0,Phylloscopus humei,Hume's Warbler,0.7834,psl6,2024,07,01,06
750.0,753.0,Phylloscopus trochiloides,Greenish Warbler,0.6482,psl6,2024,07,01,06
753.0,756.0,Phylloscopus trochiloides,Greenish Warbler,0.758,psl6,2024,07,01,06
765.0,768.0,Phylloscopus trochiloides,Greenish Warbler,0.6079,psl6,2024,07,01,06
816.0,819.0,Phylloscopus nitidus,Green Warbler,0.7176,psl6,2024,07,01,06
825.0,828.0,Phylloscopus trochiloides,Greenish Warbler,0.6164,psl6,2024,07,01,06
867.0,870.0,Zosterops simplex,Swinhoe's White-eye,0.5245,psl6,2024,07,01,06
873.0,876.0,Phylloscopus trochiloides,Greenish Warbler,0.5684,psl6,2024,07,01,06
9.0,12.0,Phylloscopus trochiloides,Greenish Warbler,0.5541,psl6,2024,07,01,07
42.0,45.0,Phylloscopus occipitalis,Western Crowned Warbler,0.9395,psl6,2024,07,01,07
45.0,48.0,Phylloscopus occipitalis,Western Crowned Warbler,0.8121,psl6,2024,07,01,07
96.0,99.0,Ficedula tricolor,Slaty-blue Flycatcher,0.9491,psl6,2024,07,01,07
102.0,105.0,Phylloscopus trochiloides,Greenish Warbler,0.7612,psl6,2024,07,01,07
114.0,117.0,Phylloscopus trochiloides,Greenish Warbler,0.5594,psl6,2024,07,01,07
117.0,120.0,Phylloscopus occipitalis,Western Crowned Warbler,0.7244,psl6,2024,07,01,07
123.0,126.0,Phylloscopus trochiloides,Greenish Warbler,0.6663,psl6,2024,07,01,07
123.0,126.0,Phylloscopus nitidus,Green Warbler,0.6463,psl6,2024,07,01,07
183.0,186.0,Phylloscopus humei,Hume's Warbler,0.611,psl6,2024,07,01,07
186.0,189.0,Phylloscopus trochiloides,Greenish Warbler,0.6426,psl6,2024,07,01,07
198.0,201.0,Phylloscopus trochiloides,Greenish Warbler,0.5267,psl6,2024,07,01,07
210.0,213.0,Phylloscopus trochiloides,Greenish Warbler,0.7323,psl6,2024,07,01,07
228.0,231.0,Phylloscopus humei,Hume's Warbler,0.9231,psl6,2024,07,01,07
243.0,246.0,Phylloscopus humei,Hume's Warbler,0.6058,psl6,2024,07,01,07
258.0,261.0,Phylloscopus trochiloides,Greenish Warbler,0.5084,psl6,2024,07,01,07
270.0,273.0,Phylloscopus trochiloides,Greenish Warbler,0.6195,psl6,2024,07,01,07
270.0,273.0,Phylloscopus nitidus,Green Warbler,0.5027,psl6,2024,07,01,07
345.0,348.0,Phylloscopus nitidus,Green Warbler,0.8808,psl6,2024,07,01,07
360.0,363.0,Phylloscopus trochiloides,Greenish Warbler,0.5734,psl6,2024,07,01,07
375.0,378.0,Larvivora brunnea,Indian Blue Robin,0.8331,psl6,2024,07,01,07
429.0,432.0,Larvivora brunnea,Indian Blue Robin,0.676,psl6,2024,07,01,07
441.0,444.0,Larvivora brunnea,Indian Blue Robin,0.8482,psl6,2024,07,01,07
456.0,459.0,Larvivora brunnea,Indian Blue Robin,0.9451,psl6,2024,07,01,07
501.0,504.0,Larvivora brunnea,Indian Blue Robin,0.7704,psl6,2024,07,01,07
504.0,507.0,Larvivora brunnea,Indian Blue Robin,0.707,psl6,2024,07,01,07
522.0,525.0,Phylloscopus trochiloides,Greenish Warbler,0.5409,psl6,2024,07,01,07
537.0,540.0,Larvivora brunnea,Indian Blue Robin,0.9897,psl6,2024,07,01,07
558.0,561.0,Larvivora brunnea,Indian Blue Robin,0.9183,psl6,2024,07,01,07
576.0,579.0,Phylloscopus humei,Hume's Warbler,0.9687,psl6,2024,07,01,07
585.0,588.0,Phylloscopus magnirostris,Large-billed Leaf Warbler,0.9186,psl6,2024,07,01,07
585.0,588.0,Larvivora brunnea,Indian Blue Robin,0.6541,psl6,2024,07,01,07
594.0,597.0,Phylloscopus humei,Hume's Warbler,0.7326,psl6,2024,07,01,07
597.0,600.0,Larvivora brunnea,Indian Blue Robin,0.9866,psl6,2024,07,01,07
606.0,609.0,Phylloscopus humei,Hume's Warbler,0.8352,psl6,2024,07,01,07
621.0,624.0,Phylloscopus humei,Hume's Warbler,0.9464,psl6,2024,07,01,07
630.0,633.0,Phylloscopus humei,Hume's Warbler,0.9134,psl6,2024,07,01,07
633.0,636.0,Larvivora brunnea,Indian Blue Robin,0.905,psl6,2024,07,01,07
636.0,639.0,Larvivora brunnea,Indian Blue Robin,0.798,psl6,2024,07,01,07
639.0,642.0,Phylloscopus humei,Hume's Warbler,0.9919,psl6,2024,07,01,07
657.0,660.0,Phylloscopus humei,Hume's Warbler,0.689,psl6,2024,07,01,07
672.0,675.0,Phylloscopus humei,Hume's Warbler,0.9693,psl6,2024,07,01,07
681.0,684.0,Phylloscopus humei,Hume's Warbler,0.524,psl6,2024,07,01,07
684.0,687.0,Phylloscopus humei,Hume's Warbler,0.9714,psl6,2024,07,01,07
690.0,693.0,Phylloscopus humei,Hume's Warbler,0.6027,psl6,2024,07,01,07
693.0,696.0,Phylloscopus humei,Hume's Warbler,0.9114,psl6,2024,07,01,07
696.0,699.0,Larvivora brunnea,Indian Blue Robin,0.9986,psl6,2024,07,01,07
705.0,708.0,Phylloscopus humei,Hume's Warbler,0.9667,psl6,2024,07,01,07
711.0,714.0,Larvivora brunnea,Indian Blue Robin,0.9126,psl6,2024,07,01,07
723.0,726.0,Phylloscopus humei,Hume's Warbler,0.81,psl6,2024,07,01,07
735.0,738.0,Larvivora brunnea,Indian Blue Robin,0.8249,psl6,2024,07,01,07
738.0,741.0,Phylloscopus humei,Hume's Warbler,0.855,psl6,2024,07,01,07
744.0,747.0,Larvivora brunnea,Indian Blue Robin,0.9884,psl6,2024,07,01,07
750.0,753.0,Phylloscopus humei,Hume's Warbler,0.5963,psl6,2024,07,01,07
756.0,759.0,Larvivora brunnea,Indian Blue Robin,0.9974,psl6,2024,07,01,07
762.0,765.0,Larvivora brunnea,Indian Blue Robin,0.9171,psl6,2024,07,01,07
762.0,765.0,Phylloscopus magnirostris,Large-billed Leaf Warbler,0.6698,psl6,2024,07,01,07
765.0,768.0,Larvivora brunnea,Indian Blue Robin,0.9726,psl6,2024,07,01,07
780.0,783.0,Larvivora brunnea,Indian Blue Robin,0.989,psl6,2024,07,01,07
789.0,792.0,Phylloscopus magnirostris,Large-billed Leaf Warbler,0.8594,psl6,2024,07,01,07
789.0,792.0,Larvivora brunnea,Indian Blue Robin,0.8569,psl6,2024,07,01,07
798.0,801.0,Larvivora brunnea,Indian Blue Robin,0.8884,psl6,2024,07,01,07
798.0,801.0,Phylloscopus magnirostris,Large-billed Leaf Warbler,0.548,psl6,2024,07,01,07
801.0,804.0,Larvivora brunnea,Indian Blue Robin,0.6419,psl6,2024,07,01,07
810.0,813.0,Larvivora brunnea,Indian Blue Robin,0.8339,psl6,2024,07,01,07
810.0,813.0,Phylloscopus magnirostris,Large-billed Leaf Warbler,0.6493,psl6,2024,07,01,07
822.0,825.0,Larvivora brunnea,Indian Blue Robin,0.9939,psl6,2024,07,01,07
831.0,834.0,Larvivora brunnea,Indian Blue Robin,0.9425,psl6,2024,07,01,07
840.0,843.0,Larvivora brunnea,Indian Blue Robin,0.8511,psl6,2024,07,01,07
843.0,846.0,Larvivora brunnea,Indian Blue Robin,0.8476,psl6,2024,07,01,07
852.0,855.0,Larvivora brunnea,Indian Blue Robin,0.9969,psl6,2024,07,01,07
867.0,870.0,Larvivora brunnea,Indian Blue Robin,0.9937,psl6,2024,07,01,07
879.0,882.0,Larvivora brunnea,Indian Blue Robin,0.9193,psl6,2024,07,01,07
885.0,888.0,Larvivora brunnea,Indian Blue Robin,0.8588,psl6,2024,07,01,07
0.0,3.0,Phylloscopus occipitalis,Western Crowned Warbler,0.9444,psl6,2024,07,01,08
12.0,15.0,Phylloscopus occipitalis,Western Crowned Warbler,0.9908,psl6,2024,07,01,08
15.0,18.0,Phylloscopus occipitalis,Western Crowned Warbler,0.8601,psl6,2024,07,01,08
18.0,21.0,Phylloscopus occipitalis,Western Crowned Warbler,0.5405,psl6,2024,07,01,08
33.0,36.0,Phylloscopus occipitalis,Western Crowned Warbler,0.9439,psl6,2024,07,01,08
42.0,45.0,Phylloscopus occipitalis,Western Crowned Warbler,0.951,psl6,2024,07,01,08
63.0,66.0,Phylloscopus nitidus,Green Warbler,0.5656,psl6,2024,07,01,08
66.0,69.0,Phylloscopus trochiloides,Greenish Warbler,0.5057,psl6,2024,07,01,08
78.0,81.0,Prunella strophiata,Rufous-breasted Accentor,0.6555,psl6,2024,07,01,08
174.0,177.0,Phylloscopus humei,Hume's Warbler,0.8368,psl6,2024,07,01,08
180.0,183.0,Prunella strophiata,Rufous-breasted Accentor,0.5478,psl6,2024,07,01,08
183.0,186.0,Serinus serinus,European Serin,0.6984,psl6,2024,07,01,08
195.0,198.0,Prunella strophiata,Rufous-breasted Accentor,0.7547,psl6,2024,07,01,08
201.0,204.0,Prunella strophiata,Rufous-breasted Accentor,0.7416,psl6,2024,07,01,08
204.0,207.0,Prunella strophiata,Rufous-breasted Accentor,0.8532,psl6,2024,07,01,08
213.0,216.0,Prunella strophiata,Rufous-breasted Accentor,0.6664,psl6,2024,07,01,08
255.0,258.0,Ochthoeca rufipectoralis,Rufous-breasted Chat-Tyrant,0.8761,psl6,2024,07,01,08
258.0,261.0,Phylloscopus humei,Hume's Warbler,0.9272,psl6,2024,07,01,08
273.0,276.0,Parus monticolus,Green-backed Tit,0.5332,psl6,2024,07,01,08
276.0,279.0,Phylloscopus humei,Hume's Warbler,0.5258,psl6,2024,07,01,08
321.0,324.0,Phylloscopus humei,Hume's Warbler,0.7889,psl6,2024,07,01,08
360.0,363.0,Phylloscopus humei,Hume's Warbler,0.8111,psl6,2024,07,01,08
366.0,369.0,Phylloscopus humei,Hume's Warbler,0.5938,psl6,2024,07,01,08
369.0,372.0,Phylloscopus humei,Hume's Warbler,0.9087,psl6,2024,07,01,08
375.0,378.0,Phylloscopus humei,Hume's Warbler,0.8852,psl6,2024,07,01,08
378.0,381.0,Phylloscopus humei,Hume's Warbler,0.9783,psl6,2024,07,01,08
393.0,396.0,Phylloscopus trochiloides,Greenish Warbler,0.9301,psl6,2024,07,01,08
399.0,402.0,Phylloscopus humei,Hume's Warbler,0.7466,psl6,2024,07,01,08
411.0,414.0,Phylloscopus trochiloides,Greenish Warbler,0.524,psl6,2024,07,01,08
423.0,426.0,Phylloscopus humei,Hume's Warbler,0.6325,psl6,2024,07,01,08
432.0,435.0,Phylloscopus nitidus,Green Warbler,0.6247,psl6,2024,07,01,08
447.0,450.0,Phylloscopus nitidus,Green Warbler,0.9156,psl6,2024,07,01,08
459.0,462.0,Phylloscopus humei,Hume's Warbler,0.9535,psl6,2024,07,01,08
495.0,498.0,Zosterops simplex,Swinhoe's White-eye,0.8252,psl6,2024,07,01,08
519.0,522.0,Phylloscopus humei,Hume's Warbler,0.8311,psl6,2024,07,01,08
522.0,525.0,Phylloscopus humei,Hume's Warbler,0.7533,psl6,2024,07,01,08
528.0,531.0,Phylloscopus humei,Hume's Warbler,0.5622,psl6,2024,07,01,08
537.0,540.0,Phylloscopus humei,Hume's Warbler,0.5271,psl6,2024,07,01,08
558.0,561.0,Phylloscopus humei,Hume's Warbler,0.5978,psl6,2024,07,01,08
561.0,564.0,Phylloscopus humei,Hume's Warbler,0.7665,psl6,2024,07,01,08
564.0,567.0,Phylloscopus humei,Hume's Warbler,0.6415,psl6,2024,07,01,08
567.0,570.0,Phylloscopus humei,Hume's Warbler,0.7913,psl6,2024,07,01,08
579.0,582.0,Phylloscopus humei,Hume's Warbler,0.5908,psl6,2024,07,01,08
582.0,585.0,Zosterops simplex,Swinhoe's White-eye,0.8811,psl6,2024,07,01,08
585.0,588.0,Phylloscopus humei,Hume's Warbler,0.5677,psl6,2024,07,01,08
600.0,603.0,Phylloscopus humei,Hume's Warbler,0.9519,psl6,2024,07,01,08
606.0,609.0,Cettia castaneocoronata,Chestnut-headed Tesia,0.5812,psl6,2024,07,01,08
609.0,612.0,Myioborus ornatus,Golden-fronted Redstart,0.6714,psl6,2024,07,01,08
612.0,615.0,Phylloscopus humei,Hume's Warbler,0.9645,psl6,2024,07,01,08
621.0,624.0,Phylloscopus humei,Hume's Warbler,0.5147,psl6,2024,07,01,08
645.0,648.0,Zosterops simplex,Swinhoe's White-eye,0.6263,psl6,2024,07,01,08
666.0,669.0,Phylloscopus humei,Hume's Warbler,0.9118,psl6,2024,07,01,08
792.0,795.0,Ficedula tricolor,Slaty-blue Flycatcher,0.713,psl6,2024,07,01,08
801.0,804.0,Ficedula tricolor,Slaty-blue Flycatcher,0.6313,psl6,2024,07,01,08
804.0,807.0,Cettia castaneocoronata,Chestnut-headed Tesia,0.6298,psl6,2024,07,01,08
60.0,63.0,Phylloscopus humei,Hume's Warbler,0.5034,psl6,2024,07,01,09
69.0,72.0,Phylloscopus humei,Hume's Warbler,0.802,psl6,2024,07,01,09
114.0,117.0,Phylloscopus humei,Hume's Warbler,0.9205,psl6,2024,07,01,09
180.0,183.0,Ficedula tricolor,Slaty-blue Flycatcher,0.5974,psl6,2024,07,01,09
186.0,189.0,Ficedula tricolor,Slaty-blue Flycatcher,0.5277,psl6,2024,07,01,09
363.0,366.0,Phylloscopus humei,Hume's Warbler,0.5192,psl6,2024,07,01,09
408.0,411.0,Phylloscopus occipitalis,Western Crowned Warbler,0.9703,psl6,2024,07,01,09
417.0,420.0,Phylloscopus tytleri,Tytler's Leaf Warbler,0.5328,psl6,2024,07,01,09
423.0,426.0,Phylloscopus occipitalis,Western Crowned Warbler,0.6863,psl6,2024,07,01,09
429.0,432.0,Phylloscopus occipitalis,Western Crowned Warbler,0.6712,psl6,2024,07,01,09
432.0,435.0,Phylloscopus occipitalis,Western Crowned Warbler,0.5269,psl6,2024,07,01,09
441.0,444.0,Phylloscopus occipitalis,Western Crowned Warbler,0.708,psl6,2024,07,01,09
444.0,447.0,Phylloscopus humei,Hume's Warbler,0.5943,psl6,2024,07,01,09
459.0,462.0,Phylloscopus nitidus,Green Warbler,0.5792,psl6,2024,07,01,09
486.0,489.0,Phylloscopus occipitalis,Western Crowned Warbler,0.7774,psl6,2024,07,01,09
492.0,495.0,Phylloscopus nitidus,Green Warbler,0.8149,psl6,2024,07,01,09
498.0,501.0,Phylloscopus occipitalis,Western Crowned Warbler,0.6552,psl6,2024,07,01,09
516.0,519.0,Phylloscopus occipitalis,Western Crowned Warbler,0.6278,psl6,2024,07,01,09
516.0,519.0,Phylloscopus tytleri,Tytler's Leaf Warbler,0.5372,psl6,2024,07,01,09
528.0,531.0,Phylloscopus occipitalis,Western Crowned Warbler,0.5899,psl6,2024,07,01,09
537.0,540.0,Phylloscopus occipitalis,Western Crowned Warbler,0.6007,psl6,2024,07,01,09
558.0,561.0,Zosterops simplex,Swinhoe's White-eye,0.551,psl6,2024,07,01,09
612.0,615.0,Phylloscopus humei,Hume's Warbler,0.7415,psl6,2024,07,01,09
627.0,630.0,Myiothlypis luteoviridis,Citrine Warbler,0.5471,psl6,2024,07,01,09
642.0,645.0,Phylloscopus humei,Hume's Warbler,0.5139,psl6,2024,07,01,09
657.0,660.0,Phylloscopus humei,Hume's Warbler,0.5893,psl6,2024,07,01,09
663.0,666.0,Phylloscopus humei,Hume's Warbler,0.6544,psl6,2024,07,01,09
675.0,678.0,Phylloscopus humei,Hume's Warbler,0.7142,psl6,2024,07,01,09
678.0,681.0,Phylloscopus humei,Hume's Warbler,0.5716,psl6,2024,07,01,09
690.0,693.0,Trochalopteron variegatum,Variegated Laughingthrush,0.8045,psl6,2024,07,01,09
696.0,699.0,Trochalopteron variegatum,Variegated Laughingthrush,0.5956,psl6,2024,07,01,09
717.0,720.0,Phylloscopus humei,Hume's Warbler,0.9466,psl6,2024,07,01,09
720.0,723.0,Phylloscopus humei,Hume's Warbler,0.7391,psl6,2024,07,01,09
726.0,729.0,Trochalopteron variegatum,Variegated Laughingthrush,0.6245,psl6,2024,07,01,09
729.0,732.0,Phylloscopus humei,Hume's Warbler,0.9653,psl6,2024,07,01,09
738.0,741.0,Phylloscopus humei,Hume's Warbler,0.7657,psl6,2024,07,01,09
744.0,747.0,Emberiza cia,Rock Bunting,0.6772,psl6,2024,07,01,09
762.0,765.0,Phylloscopus humei,Hume's Warbler,0.7926,psl6,2024,07,01,09
771.0,774.0,Trochalopteron variegatum,Variegated Laughingthrush,0.6668,psl6,2024,07,01,09
774.0,777.0,Trochalopteron variegatum,Variegated Laughingthrush,0.8755,psl6,2024,07,01,09
774.0,777.0,Trochalopteron erythrocephalum,Chestnut-crowned Laughingthrush,0.5466,psl6,2024,07,01,09
777.0,780.0,Zosterops simplex,Swinhoe's White-eye,0.8083,psl6,2024,07,01,09
783.0,786.0,Trochalopteron variegatum,Variegated Laughingthrush,0.6058,psl6,2024,07,01,09
795.0,798.0,Trochalopteron variegatum,Variegated Laughingthrush,0.7084,psl6,2024,07,01,09
804.0,807.0,Trochalopteron variegatum,Variegated Laughingthrush,0.9756,psl6,2024,07,01,09
807.0,810.0,Trochalopteron variegatum,Variegated Laughingthrush,0.6536,psl6,2024,07,01,09
810.0,813.0,Trochalopteron variegatum,Variegated Laughingthrush,0.6816,psl6,2024,07,01,09
819.0,822.0,Trochalopteron variegatum,Variegated Laughingthrush,0.9806,psl6,2024,07,01,09
825.0,828.0,Trochalopteron variegatum,Variegated Laughingthrush,0.8444,psl6,2024,07,01,09
831.0,834.0,Trochalopteron variegatum,Variegated Laughingthrush,0.8483,psl6,2024,07,01,09
840.0,843.0,Trochalopteron variegatum,Variegated Laughingthrush,0.7471,psl6,2024,07,01,09
852.0,855.0,Trochalopteron variegatum,Variegated Laughingthrush,0.7878,psl6,2024,07,01,09
858.0,861.0,Trochalopteron variegatum,Variegated Laughingthrush,0.7805,psl6,2024,07,01,09
870.0,873.0,Trochalopteron variegatum,Variegated Laughingthrush,0.9754,psl6,2024,07,01,09
876.0,879.0,Trochalopteron variegatum,Variegated Laughingthrush,0.8648,psl6,2024,07,01,09
888.0,891.0,Trochalopteron variegatum,Variegated Laughingthrush,0.7891,psl6,2024,07,01,09
894.0,897.0,Trochalopteron variegatum,Variegated Laughingthrush,0.7591,psl6,2024,07,01,09
21.0,24.0,Luscinia phaenicuroides,White-bellied Redstart,0.5708,psl6,2024,07,02,06
81.0,84.0,Phylloscopus humei,Hume's Warbler,0.8446,psl6,2024,07,02,06
108.0,111.0,Zosterops simplex,Swinhoe's White-eye,0.51,psl6,2024,07,02,06
171.0,174.0,Luscinia phaenicuroides,White-bellied Redstart,0.5283,psl6,2024,07,02,06
171.0,174.0,Phylloscopus tytleri,Tytler's Leaf Warbler,0.501,psl6,2024,07,02,06
174.0,177.0,Phylloscopus trochiloides,Greenish Warbler,0.7303,psl6,2024,07,02,06
180.0,183.0,Phylloscopus trochiloides,Greenish Warbler,0.6312,psl6,2024,07,02,06
417.0,420.0,Zosterops simplex,Swinhoe's White-eye,0.6979,psl6,2024,07,02,06
444.0,447.0,Phylloscopus trochiloides,Greenish Warbler,0.5494,psl6,2024,07,02,06
531.0,534.0,Mycerobas affinis,Collared Grosbeak,0.6294,psl6,2024,07,02,06
570.0,573.0,Ficedula tricolor,Slaty-blue Flycatcher,0.6419,psl6,2024,07,02,06
573.0,576.0,Ficedula tricolor,Slaty-blue Flycatcher,0.876,psl6,2024,07,02,06
576.0,579.0,Ficedula tricolor,Slaty-blue Flycatcher,0.9695,psl6,2024,07,02,06
585.0,588.0,Ficedula tricolor,Slaty-blue Flycatcher,0.985,psl6,2024,07,02,06
588.0,591.0,Phoenicurus auroreus,Daurian Redstart,0.5204,psl6,2024,07,02,06
717.0,720.0,Phylloscopus humei,Hume's Warbler,0.6057,psl6,2024,07,02,06
756.0,759.0,Phylloscopus humei,Hume's Warbler,0.5122,psl6,2024,07,02,06
795.0,798.0,Arremon assimilis,Gray-browed Brushfinch,0.5551,psl6,2024,07,02,06
78.0,81.0,Phylloscopus nitidus,Green Warbler,0.8023,psl6,2024,07,02,07
96.0,99.0,Phylloscopus occipitalis,Western Crowned Warbler,0.568,psl6,2024,07,02,07
162.0,165.0,Luscinia phaenicuroides,White-bellied Redstart,0.6135,psl6,2024,07,02,07
258.0,261.0,Trochalopteron variegatum,Variegated Laughingthrush,0.512,psl6,2024,07,02,07
270.0,273.0,Trochalopteron variegatum,Variegated Laughingthrush,0.6822,psl6,2024,07,02,07
276.0,279.0,Trochalopteron variegatum,Variegated Laughingthrush,0.8565,psl6,2024,07,02,07
282.0,285.0,Trochalopteron variegatum,Variegated Laughingthrush,0.7515,psl6,2024,07,02,07
291.0,294.0,Trochalopteron variegatum,Variegated Laughingthrush,0.6612,psl6,2024,07,02,07
300.0,303.0,Trochalopteron variegatum,Variegated Laughingthrush,0.6792,psl6,2024,07,02,07
303.0,306.0,Trochalopteron variegatum,Variegated Laughingthrush,0.7575,psl6,2024,07,02,07
309.0,312.0,Ficedula tricolor,Slaty-blue Flycatcher,0.6392,psl6,2024,07,02,07
315.0,318.0,Trochalopteron variegatum,Variegated Laughingthrush,0.5338,psl6,2024,07,02,07
342.0,345.0,Trochalopteron variegatum,Variegated Laughingthrush,0.662,psl6,2024,07,02,07
384.0,387.0,Trochalopteron affine,Black-faced Laughingthrush,0.6007,psl6,2024,07,02,07
390.0,393.0,Trochalopteron variegatum,Variegated Laughingthrush,0.7512,psl6,2024,07,02,07
396.0,399.0,Phylloscopus occipitalis,Western Crowned Warbler,0.7214,psl6,2024,07,02,07
411.0,414.0,Phylloscopus occipitalis,Western Crowned Warbler,0.5584,psl6,2024,07,02,07
444.0,447.0,Phylloscopus tytleri,Tytler's Leaf Warbler,0.5747,psl6,2024,07,02,07
492.0,495.0,Acropternis orthonyx,Ocellated Tapaculo,0.5706,psl6,2024,07,02,07
564.0,567.0,Luscinia phaenicuroides,White-bellied Redstart,0.5762,psl6,2024,07,02,07
570.0,573.0,Phylloscopus occipitalis,Western Crowned Warbler,0.5274,psl6,2024,07,02,07
666.0,669.0,Phylloscopus humei,Hume's Warbler,0.9427,psl6,2024,07,02,07
684.0,687.0,Phylloscopus humei,Hume's Warbler,0.97,psl6,2024,07,02,07
687.0,690.0,Phylloscopus humei,Hume's Warbler,0.8853,psl6,2024,07,02,07
690.0,693.0,Phoenicurus auroreus,Daurian Redstart,0.5638,psl6,2024,07,02,07
690.0,693.0,Ficedula tricolor,Slaty-blue Flycatcher,0.5186,psl6,2024,07,02,07
693.0,696.0,Phylloscopus humei,Hume's Warbler,0.5066,psl6,2024,07,02,07
702.0,705.0,Phylloscopus humei,Hume's Warbler,0.5656,psl6,2024,07,02,07
768.0,771.0,Phylloscopus occipitalis,Western Crowned Warbler,0.6807,psl6,2024,07,02,07
783.0,786.0,Phylloscopus occipitalis,Western Crowned Warbler,0.5496,psl6,2024,07,02,07
51.0,54.0,Phylloscopus tytleri,Tytler's Leaf Warbler,0.5323,psl6,2024,07,02,08
54.0,57.0,Luscinia phaenicuroides,White-bellied Redstart,0.5012,psl6,2024,07,02,08
78.0,81.0,Luscinia phaenicuroides,White-bellied Redstart,0.5272,psl6,2024,07,02,08
81.0,84.0,Luscinia phaenicuroides,White-bellied Redstart,0.6947,psl6,2024,07,02,08
93.0,96.0,Atlapetes fuscoolivaceus,Dusky-headed Brushfinch,0.6075,psl6,2024,07,02,08
96.0,99.0,Phylloscopus occipitalis,Western Crowned Warbler,0.9735,psl6,2024,07,02,08
99.0,102.0,Phylloscopus occipitalis,Western Crowned Warbler,0.7993,psl6,2024,07,02,08
111.0,114.0,Phylloscopus occipitalis,Western Crowned Warbler,0.6891,psl6,2024,07,02,08
114.0,117.0,Phylloscopus occipitalis,Western Crowned Warbler,0.5694,psl6,2024,07,02,08
123.0,126.0,Phylloscopus occipitalis,Western Crowned Warbler,0.5489,psl6,2024,07,02,08
132.0,135.0,Phylloscopus occipitalis,Western Crowned Warbler,0.7188,psl6,2024,07,02,08
165.0,168.0,Phylloscopus occipitalis,Western Crowned Warbler,0.9877,psl6,2024,07,02,08
174.0,177.0,Phylloscopus occipitalis,Western Crowned Warbler,0.7555,psl6,2024,07,02,08
177.0,180.0,Phylloscopus occipitalis,Western Crowned Warbler,0.9919,psl6,2024,07,02,08
207.0,210.0,Phylloscopus occipitalis,Western Crowned Warbler,0.6206,psl6,2024,07,02,08
216.0,219.0,Phylloscopus occipitalis,Western Crowned Warbler,0.976,psl6,2024,07,02,08
234.0,237.0,Phylloscopus occipitalis,Western Crowned Warbler,0.5516,psl6,2024,07,02,08
258.0,261.0,Phylloscopus occipitalis,Western Crowned Warbler,0.5833,psl6,2024,07,02,08
279.0,282.0,Luscinia phaenicuroides,White-bellied Redstart,0.5534,psl6,2024,07,02,08
303.0,306.0,Phylloscopus occipitalis,Western Crowned Warbler,0.7857,psl6,2024,07,02,08
306.0,309.0,Phylloscopus occipitalis,Western Crowned Warbler,0.6413,psl6,2024,07,02,08
321.0,324.0,Luscinia phaenicuroides,White-bellied Redstart,0.985,psl6,2024,07,02,08
324.0,327.0,Phylloscopus occipitalis,Western Crowned Warbler,0.5555,psl6,2024,07,02,08
327.0,330.0,Luscinia phaenicuroides,White-bellied Redstart,0.9984,psl6,2024,07,02,08
339.0,342.0,Phylloscopus occipitalis,Western Crowned Warbler,0.8945,psl6,2024,07,02,08
342.0,345.0,Phylloscopus occipitalis,Western Crowned Warbler,0.8565,psl6,2024,07,02,08
345.0,348.0,Phylloscopus occipitalis,Western Crowned Warbler,0.9465,psl6,2024,07,02,08
348.0,351.0,Phylloscopus occipitalis,Western Crowned Warbler,0.9774,psl6,2024,07,02,08
351.0,354.0,Phylloscopus occipitalis,Western Crowned Warbler,0.6662,psl6,2024,07,02,08
354.0,357.0,Phylloscopus occipitalis,Western Crowned Warbler,0.9927,psl6,2024,07,02,08
363.0,366.0,Luscinia phaenicuroides,White-bellied Redstart,0.8659,psl6,2024,07,02,08
366.0,369.0,Phylloscopus occipitalis,Western Crowned Warbler,0.751,psl6,2024,07,02,08
372.0,375.0,Luscinia phaenicuroides,White-bellied Redstart,0.949,psl6,2024,07,02,08
375.0,378.0,Phylloscopus occipitalis,Western Crowned Warbler,0.6149,psl6,2024,07,02,08
381.0,384.0,Luscinia phaenicuroides,White-bellied Redstart,0.992,psl6,2024,07,02,08
384.0,387.0,Luscinia phaenicuroides,White-bellied Redstart,0.821,psl6,2024,07,02,08
393.0,396.0,Luscinia phaenicuroides,White-bellied Redstart,0.9698,psl6,2024,07,02,08
399.0,402.0,Luscinia phaenicuroides,White-bellied Redstart,0.9523,psl6,2024,07,02,08
399.0,402.0,Phylloscopus occipitalis,Western Crowned Warbler,0.5985,psl6,2024,07,02,08
399.0,402.0,Phylloscopus tytleri,Tytler's Leaf Warbler,0.5882,psl6,2024,07,02,08
402.0,405.0,Ficedula tricolor,Slaty-blue Flycatcher,0.5067,psl6,2024,07,02,08
405.0,408.0,Luscinia phaenicuroides,White-bellied Redstart,0.6595,psl6,2024,07,02,08
423.0,426.0,Zosterops simplex,Swinhoe's White-eye,0.5302,psl6,2024,07,02,08
426.0,429.0,Luscinia phaenicuroides,White-bellied Redstart,0.682,psl6,2024,07,02,08
429.0,432.0,Phylloscopus humei,Hume's Warbler,0.9498,psl6,2024,07,02,08
450.0,453.0,Phylloscopus affinis,Tickell's Leaf Warbler,0.525,psl6,2024,07,02,08
453.0,456.0,Phylloscopus affinis,Tickell's Leaf Warbler,0.684,psl6,2024,07,02,08
456.0,459.0,Phylloscopus humei,Hume's Warbler,0.5261,psl6,2024,07,02,08
462.0,465.0,Phylloscopus humei,Hume's Warbler,0.5036,psl6,2024,07,02,08
480.0,483.0,Luscinia phaenicuroides,White-bellied Redstart,0.9116,psl6,2024,07,02,08
486.0,489.0,Luscinia phaenicuroides,White-bellied Redstart,0.5041,psl6,2024,07,02,08
519.0,522.0,Luscinia phaenicuroides,White-bellied Redstart,0.6886,psl6,2024,07,02,08
534.0,537.0,Luscinia phaenicuroides,White-bellied Redstart,0.5104,psl6,2024,07,02,08
552.0,555.0,Ficedula tricolor,Slaty-blue Flycatcher,0.7958,psl6,2024,07,02,08
570.0,573.0,Luscinia phaenicuroides,White-bellied Redstart,0.7825,psl6,2024,07,02,08
597.0,600.0,Luscinia phaenicuroides,White-bellied Redstart,0.569,psl6,2024,07,02,08
603.0,606.0,Luscinia phaenicuroides,White-bellied Redstart,0.9191,psl6,2024,07,02,08
609.0,612.0,Luscinia phaenicuroides,White-bellied Redstart,0.8772,psl6,2024,07,02,08
612.0,615.0,Ficedula tricolor,Slaty-blue Flycatcher,0.7302,psl6,2024,07,02,08
615.0,618.0,Phylloscopus trochiloides,Greenish Warbler,0.6152,psl6,2024,07,02,08
624.0,627.0,Ficedula tricolor,Slaty-blue Flycatcher,0.623,psl6,2024,07,02,08
627.0,630.0,Phylloscopus trochiloides,Greenish Warbler,0.8359,psl6,2024,07,02,08
654.0,657.0,Luscinia phaenicuroides,White-bellied Redstart,0.8509,psl6,2024,07,02,08
660.0,663.0,Luscinia phaenicuroides,White-bellied Redstart,0.9617,psl6,2024,07,02,08
666.0,669.0,Luscinia phaenicuroides,White-bellied Redstart,0.7642,psl6,2024,07,02,08
669.0,672.0,Luscinia phaenicuroides,White-bellied Redstart,0.7769,psl6,2024,07,02,08
678.0,681.0,Luscinia phaenicuroides,White-bellied Redstart,0.8538,psl6,2024,07,02,08
678.0,681.0,Ficedula tricolor,Slaty-blue Flycatcher,0.5364,psl6,2024,07,02,08
696.0,699.0,Phylloscopus nitidus,Green Warbler,0.7006,psl6,2024,07,02,08
720.0,723.0,Ficedula tricolor,Slaty-blue Flycatcher,0.9284,psl6,2024,07,02,08
744.0,747.0,Ficedula tricolor,Slaty-blue Flycatcher,0.738,psl6,2024,07,02,08
747.0,750.0,Ficedula tricolor,Slaty-blue Flycatcher,0.5613,psl6,2024,07,02,08
756.0,759.0,Ficedula tricolor,Slaty-blue Flycatcher,0.5272,psl6,2024,07,02,08
762.0,765.0,Ficedula tricolor,Slaty-blue Flycatcher,0.9589,psl6,2024,07,02,08
768.0,771.0,Ficedula tricolor,Slaty-blue Flycatcher,0.7621,psl6,2024,07,02,08
771.0,774.0,Ficedula tricolor,Slaty-blue Flycatcher,0.993,psl6,2024,07,02,08
774.0,777.0,Ficedula tricolor,Slaty-blue Flycatcher,0.9035,psl6,2024,07,02,08
780.0,783.0,Ficedula tricolor,Slaty-blue Flycatcher,0.665,psl6,2024,07,02,08
783.0,786.0,Ficedula tricolor,Slaty-blue Flycatcher,0.9912,psl6,2024,07,02,08
789.0,792.0,Ficedula tricolor,Slaty-blue Flycatcher,0.7151,psl6,2024,07,02,08
795.0,798.0,Ficedula tricolor,Slaty-blue Flycatcher,0.9408,psl6,2024,07,02,08
801.0,804.0,Ficedula tricolor,Slaty-blue Flycatcher,0.9819,psl6,2024,07,02,08
819.0,822.0,Ficedula tricolor,Slaty-blue Flycatcher,0.5998,psl6,2024,07,02,08
843.0,846.0,Ficedula tricolor,Slaty-blue Flycatcher,0.5252,psl6,2024,07,02,08
873.0,876.0,Phylloscopus trochiloides,Greenish Warbler,0.5374,psl6,2024,07,02,08
84.0,87.0,Zosterops simplex,Swinhoe's White-eye,0.6771,psl6,2024,07,02,09
147.0,150.0,Phylloscopus humei,Hume's Warbler,0.8536,psl6,2024,07,02,09
210.0,213.0,Phylloscopus nitidus,Green Warbler,0.7811,psl6,2024,07,02,09
210.0,213.0,Phylloscopus trochiloides,Greenish Warbler,0.5106,psl6,2024,07,02,09
231.0,234.0,Phylloscopus nitidus,Green Warbler,0.6167,psl6,2024,07,02,09
246.0,249.0,Phylloscopus nitidus,Green Warbler,0.8445,psl6,2024,07,02,09
276.0,279.0,Phylloscopus nitidus,Green Warbler,0.7199,psl6,2024,07,02,09
276.0,279.0,Phylloscopus trochiloides,Greenish Warbler,0.6197,psl6,2024,07,02,09
330.0,333.0,Phylloscopus nitidus,Green Warbler,0.5072,psl6,2024,07,02,09
333.0,336.0,Trochalopteron variegatum,Variegated Laughingthrush,0.6142,psl6,2024,07,02,09
348.0,351.0,Trochalopteron variegatum,Variegated Laughingthrush,0.6383,psl6,2024,07,02,09
354.0,357.0,Phylloscopus occipitalis,Western Crowned Warbler,0.8516,psl6,2024,07,02,09
363.0,366.0,Trochalopteron variegatum,Variegated Laughingthrush,0.5639,psl6,2024,07,02,09
369.0,372.0,Trochalopteron variegatum,Variegated Laughingthrush,0.9521,psl6,2024,07,02,09
396.0,399.0,Trochalopteron variegatum,Variegated Laughingthrush,0.7508,psl6,2024,07,02,09
399.0,402.0,Phylloscopus occipitalis,Western Crowned Warbler,0.8049,psl6,2024,07,02,09
405.0,408.0,Trochalopteron variegatum,Variegated Laughingthrush,0.7908,psl6,2024,07,02,09
411.0,414.0,Phylloscopus occipitalis,Western Crowned Warbler,0.5131,psl6,2024,07,02,09
414.0,417.0,Trochalopteron variegatum,Variegated Laughingthrush,0.9042,psl6,2024,07,02,09
417.0,420.0,Phylloscopus occipitalis,Western Crowned Warbler,0.6308,psl6,2024,07,02,09
420.0,423.0,Trochalopteron variegatum,Variegated Laughingthrush,0.9616,psl6,2024,07,02,09
423.0,426.0,Trochalopteron variegatum,Variegated Laughingthrush,0.6917,psl6,2024,07,02,09
429.0,432.0,Trochalopteron variegatum,Variegated Laughingthrush,0.8681,psl6,2024,07,02,09
438.0,441.0,Phylloscopus occipitalis,Western Crowned Warbler,0.5575,psl6,2024,07,02,09
441.0,444.0,Phylloscopus occipitalis,Western Crowned Warbler,0.5539,psl6,2024,07,02,09
444.0,447.0,Trochalopteron variegatum,Variegated Laughingthrush,0.514,psl6,2024,07,02,09
447.0,450.0,Trochalopteron variegatum,Variegated Laughingthrush,0.7077,psl6,2024,07,02,09
450.0,453.0,Phylloscopus occipitalis,Western Crowned Warbler,0.9188,psl6,2024,07,02,09
453.0,456.0,Atlapetes fuscoolivaceus,Dusky-headed Brushfinch,0.8314,psl6,2024,07,02,09
453.0,456.0,Atlapetes tricolor,Tricolored Brushfinch,0.6755,psl6,2024,07,02,09
456.0,459.0,Trochalopteron variegatum,Variegated Laughingthrush,0.7442,psl6,2024,07,02,09
459.0,462.0,Trochalopteron variegatum,Variegated Laughingthrush,0.6477,psl6,2024,07,02,09
465.0,468.0,Trochalopteron variegatum,Variegated Laughingthrush,0.5037,psl6,2024,07,02,09
471.0,474.0,Trochalopteron variegatum,Variegated Laughingthrush,0.67,psl6,2024,07,02,09
480.0,483.0,Phylloscopus occipitalis,Western Crowned Warbler,0.8292,psl6,2024,07,02,09
504.0,507.0,Trochalopteron variegatum,Variegated Laughingthrush,0.5435,psl6,2024,07,02,09
561.0,564.0,Phylloscopus humei,Hume's Warbler,0.5216,psl6,2024,07,02,09
585.0,588.0,Phylloscopus reguloides,Blyth's Leaf Warbler,0.6617,psl6,2024,07,02,09
591.0,594.0,Phylloscopus humei,Hume's Warbler,0.6327,psl6,2024,07,02,09
612.0,615.0,Phylloscopus humei,Hume's Warbler,0.6398,psl6,2024,07,02,09
615.0,618.0,Ficedula tricolor,Slaty-blue Flycatcher,0.6563,psl6,2024,07,02,09
621.0,624.0,Phylloscopus reguloides,Blyth's Leaf Warbler,0.6468,psl6,2024,07,02,09
624.0,627.0,Ficedula tricolor,Slaty-blue Flycatcher,0.6463,psl6,2024,07,02,09
675.0,678.0,Phylloscopus trochiloides,Greenish Warbler,0.8695,psl6,2024,07,02,09
687.0,690.0,Phylloscopus trochiloides,Greenish Warbler,0.8725,psl6,2024,07,02,09
696.0,699.0,Phylloscopus trochiloides,Greenish Warbler,0.7522,psl6,2024,07,02,09
702.0,705.0,Phylloscopus nitidus,Green Warbler,0.5658,psl6,2024,07,02,09
702.0,705.0,Phylloscopus trochiloides,Greenish Warbler,0.5209,psl6,2024,07,02,09
711.0,714.0,Phylloscopus trochiloides,Greenish Warbler,0.6791,psl6,2024,07,02,09
711.0,714.0,Phylloscopus nitidus,Green Warbler,0.5375,psl6,2024,07,02,09
720.0,723.0,Phylloscopus nitidus,Green Warbler,0.7368,psl6,2024,07,02,09
720.0,723.0,Phylloscopus trochiloides,Greenish Warbler,0.6026,psl6,2024,07,02,09
729.0,732.0,Phylloscopus tytleri,Tytler's Leaf Warbler,0.6856,psl6,2024,07,02,09
732.0,735.0,Phylloscopus trochiloides,Greenish Warbler,0.8263,psl6,2024,07,02,09
771.0,774.0,Phylloscopus trochiloides,Greenish Warbler,0.5343,psl6,2024,07,02,09
774.0,777.0,Zosterops simplex,Swinhoe's White-eye,0.8895,psl6,2024,07,02,09
783.0,786.0,Phylloscopus trochiloides,Greenish Warbler,0.7648,psl6,2024,07,02,09
792.0,795.0,Phylloscopus reguloides,Blyth's Leaf Warbler,0.5833,psl6,2024,07,02,09
819.0,822.0,Phylloscopus plumbeitarsus,Two-barred Warbler,0.5734,psl6,2024,07,02,09
819.0,822.0,Phylloscopus trochiloides,Greenish Warbler,0.5604,psl6,2024,07,02,09
831.0,834.0,Phylloscopus trochiloides,Greenish Warbler,0.6932,psl6,2024,07,02,09
843.0,846.0,Zosterops simplex,Swinhoe's White-eye,0.655,psl6,2024,07,02,09
852.0,855.0,Phylloscopus trochiloides,Greenish Warbler,0.7266,psl6,2024,07,02,09
852.0,855.0,Phylloscopus nitidus,Green Warbler,0.6108,psl6,2024,07,02,09
855.0,858.0,Phylloscopus reguloides,Blyth's Leaf Warbler,0.6844,psl6,2024,07,02,09
6.0,9.0,Phylloscopus trochiloides,Greenish Warbler,0.7936,psl6,2024,07,03,06
9.0,12.0,Luscinia phaenicuroides,White-bellied Redstart,0.669,psl6,2024,07,03,06
24.0,27.0,Phylloscopus trochiloides,Greenish Warbler,0.7047,psl6,2024,07,03,06
39.0,42.0,Phylloscopus nitidus,Green Warbler,0.832,psl6,2024,07,03,06
45.0,48.0,Phylloscopus nitidus,Green Warbler,0.6046,psl6,2024,07,03,06
48.0,51.0,Phylloscopus nitidus,Green Warbler,0.8117,psl6,2024,07,03,06
60.0,63.0,Phylloscopus trochiloides,Greenish Warbler,0.6633,psl6,2024,07,03,06
60.0,63.0,Phylloscopus nitidus,Green Warbler,0.6294,psl6,2024,07,03,06
69.0,72.0,Phylloscopus trochiloides,Greenish Warbler,0.5512,psl6,2024,07,03,06
81.0,84.0,Phylloscopus trochiloides,Greenish Warbler,0.8581,psl6,2024,07,03,06
81.0,84.0,Phylloscopus nitidus,Green Warbler,0.6609,psl6,2024,07,03,06
93.0,96.0,Phylloscopus trochiloides,Greenish Warbler,0.5272,psl6,2024,07,03,06
111.0,114.0,Phylloscopus trochiloides,Greenish Warbler,0.862,psl6,2024,07,03,06
174.0,177.0,Ficedula tricolor,Slaty-blue Flycatcher,0.9589,psl6,2024,07,03,06
201.0,204.0,Ficedula tricolor,Slaty-blue Flycatcher,0.9996,psl6,2024,07,03,06
204.0,207.0,Ficedula tricolor,Slaty-blue Flycatcher,0.9194,psl6,2024,07,03,06
207.0,210.0,Ficedula tricolor,Slaty-blue Flycatcher,0.998,psl6,2024,07,03,06
210.0,213.0,Ficedula tricolor,Slaty-blue Flycatcher,0.9994,psl6,2024,07,03,06
213.0,216.0,Ficedula tricolor,Slaty-blue Flycatcher,0.9788,psl6,2024,07,03,06
216.0,219.0,Ficedula tricolor,Slaty-blue Flycatcher,0.9846,psl6,2024,07,03,06
219.0,222.0,Ficedula tricolor,Slaty-blue Flycatcher,0.8871,psl6,2024,07,03,06
222.0,225.0,Ficedula tricolor,Slaty-blue Flycatcher,0.682,psl6,2024,07,03,06
228.0,231.0,Phylloscopus humei,Hume's Warbler,0.6716,psl6,2024,07,03,06
234.0,237.0,Ficedula tricolor,Slaty-blue Flycatcher,0.5588,psl6,2024,07,03,06
240.0,243.0,Ficedula tricolor,Slaty-blue Flycatcher,0.5823,psl6,2024,07,03,06
243.0,246.0,Ficedula tricolor,Slaty-blue Flycatcher,0.8375,psl6,2024,07,03,06
243.0,246.0,Phylloscopus humei,Hume's Warbler,0.5279,psl6,2024,07,03,06
252.0,255.0,Phylloscopus humei,Hume's Warbler,0.8078,psl6,2024,07,03,06
264.0,267.0,Phylloscopus humei,Hume's Warbler,0.7076,psl6,2024,07,03,06
276.0,279.0,Phylloscopus humei,Hume's Warbler,0.5272,psl6,2024,07,03,06
285.0,288.0,Phylloscopus humei,Hume's Warbler,0.6859,psl6,2024,07,03,06
309.0,312.0,Phylloscopus occipitalis,Western Crowned Warbler,0.553,psl6,2024,07,03,06
321.0,324.0,Phylloscopus occipitalis,Western Crowned Warbler,0.5304,psl6,2024,07,03,06
378.0,381.0,Trochalopteron erythrocephalum,Chestnut-crowned Laughingthrush,0.5275,psl6,2024,07,03,06
384.0,387.0,Phylloscopus humei,Hume's Warbler,0.9018,psl6,2024,07,03,06
417.0,420.0,Phylloscopus humei,Hume's Warbler,0.6212,psl6,2024,07,03,06
438.0,441.0,Phylloscopus humei,Hume's Warbler,0.679,psl6,2024,07,03,06
444.0,447.0,Ficedula tricolor,Slaty-blue Flycatcher,0.5229,psl6,2024,07,03,06
525.0,528.0,Phylloscopus humei,Hume's Warbler,0.9591,psl6,2024,07,03,06
558.0,561.0,Phylloscopus humei,Hume's Warbler,0.8553,psl6,2024,07,03,06
564.0,567.0,Phylloscopus humei,Hume's Warbler,0.7976,psl6,2024,07,03,06
639.0,642.0,Phylloscopus humei,Hume's Warbler,0.894,psl6,2024,07,03,06
642.0,645.0,Phylloscopus humei,Hume's Warbler,0.5172,psl6,2024,07,03,06
720.0,723.0,Phylloscopus humei,Hume's Warbler,0.8171,psl6,2024,07,03,06
816.0,819.0,Phylloscopus trochiloides,Greenish Warbler,0.8774,psl6,2024,07,03,06
834.0,837.0,Phylloscopus nitidus,Green Warbler,0.5299,psl6,2024,07,03,06
849.0,852.0,Phylloscopus nitidus,Green Warbler,0.5096,psl6,2024,07,03,06
882.0,885.0,Phylloscopus trochiloides,Greenish Warbler,0.7137,psl6,2024,07,03,06
33.0,36.0,Cuculus poliocephalus,Lesser Cuckoo,0.6241,psl6,2024,07,03,07
39.0,42.0,Phylloscopus reguloides,Blyth's Leaf Warbler,0.7042,psl6,2024,07,03,07
51.0,54.0,Phylloscopus reguloides,Blyth's Leaf Warbler,0.6233,psl6,2024,07,03,07
69.0,72.0,Phylloscopus magnirostris,Large-billed Leaf Warbler,0.9128,psl6,2024,07,03,07
126.0,129.0,Phylloscopus occipitalis,Western Crowned Warbler,0.6857,psl6,2024,07,03,07
147.0,150.0,Phylloscopus reguloides,Blyth's Leaf Warbler,0.6189,psl6,2024,07,03,07
159.0,162.0,Phylloscopus nitidus,Green Warbler,0.5372,psl6,2024,07,03,07
192.0,195.0,Phylloscopus reguloides,Blyth's Leaf Warbler,0.5953,psl6,2024,07,03,07
204.0,207.0,Phylloscopus trochiloides,Greenish Warbler,0.752,psl6,2024,07,03,07
321.0,324.0,Phylloscopus occipitalis,Western Crowned Warbler,0.7099,psl6,2024,07,03,07
384.0,387.0,Zosterops simplex,Swinhoe's White-eye,0.6593,psl6,2024,07,03,07
429.0,432.0,Trochalopteron variegatum,Variegated Laughingthrush,0.7358,psl6,2024,07,03,07
441.0,444.0,Trochalopteron variegatum,Variegated Laughingthrush,0.8212,psl6,2024,07,03,07
444.0,447.0,Trochalopteron variegatum,Variegated Laughingthrush,0.5645,psl6,2024,07,03,07
447.0,450.0,Larvivora brunnea,Indian Blue Robin,0.5135,psl6,2024,07,03,07
450.0,453.0,Trochalopteron variegatum,Variegated Laughingthrush,0.5289,psl6,2024,07,03,07
453.0,456.0,Trochalopteron variegatum,Variegated Laughingthrush,0.8742,psl6,2024,07,03,07
456.0,459.0,Trochalopteron variegatum,Variegated Laughingthrush,0.8122,psl6,2024,07,03,07
459.0,462.0,Trochalopteron variegatum,Variegated Laughingthrush,0.8882,psl6,2024,07,03,07
462.0,465.0,Trochalopteron variegatum,Variegated Laughingthrush,0.7303,psl6,2024,07,03,07
468.0,471.0,Trochalopteron variegatum,Variegated Laughingthrush,0.9403,psl6,2024,07,03,07
471.0,474.0,Trochalopteron variegatum,Variegated Laughingthrush,0.5503,psl6,2024,07,03,07
477.0,480.0,Trochalopteron variegatum,Variegated Laughingthrush,0.5653,psl6,2024,07,03,07
495.0,498.0,Trochalopteron variegatum,Variegated Laughingthrush,0.5735,psl6,2024,07,03,07
513.0,516.0,Trochalopteron variegatum,Variegated Laughingthrush,0.6106,psl6,2024,07,03,07
528.0,531.0,Trochalopteron variegatum,Variegated Laughingthrush,0.5047,psl6,2024,07,03,07
576.0,579.0,Trochalopteron variegatum,Variegated Laughingthrush,0.6353,psl6,2024,07,03,07
651.0,654.0,Phylloscopus trochiloides,Greenish Warbler,0.5103,psl6,2024,07,03,07
660.0,663.0,Phylloscopus trochiloides,Greenish Warbler,0.6,psl6,2024,07,03,07
696.0,699.0,Phylloscopus trochiloides,Greenish Warbler,0.561,psl6,2024,07,03,07
744.0,747.0,Phylloscopus humei,Hume's Warbler,0.8886,psl6,2024,07,03,07
819.0,822.0,Zosterops simplex,Swinhoe's White-eye,0.677,psl6,2024,07,03,07
0.0,3.0,Phylloscopus nitidus,Green Warbler,0.5363,psl6,2024,07,03,08
21.0,24.0,Phylloscopus trochiloides,Greenish Warbler,0.5199,psl6,2024,07,03,08
111.0,114.0,Phylloscopus nitidus,Green Warbler,0.5479,psl6,2024,07,03,08
132.0,135.0,Phylloscopus trochiloides,Greenish Warbler,0.5729,psl6,2024,07,03,08
189.0,192.0,Phylloscopus affinis,Tickell's Leaf Warbler,0.628,psl6,2024,07,03,08
237.0,240.0,Phylloscopus affinis,Tickell's Leaf Warbler,0.5498,psl6,2024,07,03,08
279.0,282.0,Phylloscopus occipitalis,Western Crowned Warbler,0.7892,psl6,2024,07,03,08
282.0,285.0,Phylloscopus occipitalis,Western Crowned Warbler,0.8286,psl6,2024,07,03,08
579.0,582.0,Phylloscopus occipitalis,Western Crowned Warbler,0.5514,psl6,2024,07,03,08
600.0,603.0,Cuculus poliocephalus,Lesser Cuckoo,0.6259,psl6,2024,07,03,08
615.0,618.0,Phylloscopus occipitalis,Western Crowned Warbler,0.9532,psl6,2024,07,03,08
630.0,633.0,Phylloscopus occipitalis,Western Crowned Warbler,0.5665,psl6,2024,07,03,08
633.0,636.0,Phylloscopus occipitalis,Western Crowned Warbler,0.6882,psl6,2024,07,03,08
639.0,642.0,Phylloscopus occipitalis,Western Crowned Warbler,0.9671,psl6,2024,07,03,08
642.0,645.0,Phylloscopus occipitalis,Western Crowned Warbler,0.6466,psl6,2024,07,03,08
711.0,714.0,Phylloscopus trochiloides,Greenish Warbler,0.7296,psl6,2024,07,03,08
756.0,759.0,Phylloscopus occipitalis,Western Crowned Warbler,0.9261,psl6,2024,07,03,08
759.0,762.0,Phylloscopus occipitalis,Western Crowned Warbler,0.6328,psl6,2024,07,03,08
765.0,768.0,Phylloscopus nitidus,Green Warbler,0.7314,psl6,2024,07,03,08
765.0,768.0,Phylloscopus trochiloides,Greenish Warbler,0.5303,psl6,2024,07,03,08
795.0,798.0,Phylloscopus trochiloides,Greenish Warbler,0.6588,psl6,2024,07,03,08
822.0,825.0,Phylloscopus trochiloides,Greenish Warbler,0.5179,psl6,2024,07,03,08
69.0,72.0,Atlapetes fuscoolivaceus,Dusky-headed Brushfinch,0.5468,psl6,2024,07,03,09
198.0,201.0,Phylloscopus nitidus,Green Warbler,0.6742,psl6,2024,07,03,09
207.0,210.0,Phylloscopus nitidus,Green Warbler,0.5356,psl6,2024,07,03,09
243.0,246.0,Phylloscopus trochiloides,Greenish Warbler,0.6264,psl6,2024,07,03,09
243.0,246.0,Phylloscopus nitidus,Green Warbler,0.5823,psl6,2024,07,03,09
255.0,258.0,Phylloscopus nitidus,Green Warbler,0.7135,psl6,2024,07,03,09
291.0,294.0,Phylloscopus nitidus,Green Warbler,0.5639,psl6,2024,07,03,09
336.0,339.0,Phylloscopus trochiloides,Greenish Warbler,0.5995,psl6,2024,07,03,09
375.0,378.0,Phylloscopus magnirostris,Large-billed Leaf Warbler,0.5948,psl6,2024,07,03,09
471.0,474.0,Phylloscopus occipitalis,Western Crowned Warbler,0.5115,psl6,2024,07,03,09
489.0,492.0,Phylloscopus occipitalis,Western Crowned Warbler,0.9574,psl6,2024,07,03,09
492.0,495.0,Atlapetes fuscoolivaceus,Dusky-headed Brushfinch,0.6399,psl6,2024,07,03,09
492.0,495.0,Phylloscopus occipitalis,Western Crowned Warbler,0.542,psl6,2024,07,03,09
498.0,501.0,Phylloscopus occipitalis,Western Crowned Warbler,0.6253,psl6,2024,07,03,09
504.0,507.0,Phylloscopus occipitalis,Western Crowned Warbler,0.6486,psl6,2024,07,03,09
534.0,537.0,Phylloscopus occipitalis,Western Crowned Warbler,0.5778,psl6,2024,07,03,09
546.0,549.0,Phylloscopus occipitalis,Western Crowned Warbler,0.8893,psl6,2024,07,03,09
549.0,552.0,Phylloscopus occipitalis,Western Crowned Warbler,0.8053,psl6,2024,07,03,09
567.0,570.0,Luscinia phaenicuroides,White-bellied Redstart,0.6484,psl6,2024,07,03,09
579.0,582.0,Luscinia phaenicuroides,White-bellied Redstart,0.9518,psl6,2024,07,03,09
582.0,585.0,Phylloscopus occipitalis,Western Crowned Warbler,0.7873,psl6,2024,07,03,09
588.0,591.0,Luscinia phaenicuroides,White-bellied Redstart,0.7495,psl6,2024,07,03,09
594.0,597.0,Luscinia phaenicuroides,White-bellied Redstart,0.8465,psl6,2024,07,03,09
600.0,603.0,Luscinia phaenicuroides,White-bellied Redstart,0.5043,psl6,2024,07,03,09
603.0,606.0,Phylloscopus occipitalis,Western Crowned Warbler,0.7722,psl6,2024,07,03,09
606.0,609.0,Phylloscopus occipitalis,Western Crowned Warbler,0.8323,psl6,2024,07,03,09
612.0,615.0,Luscinia phaenicuroides,White-bellied Redstart,0.8845,psl6,2024,07,03,09
618.0,621.0,Luscinia phaenicuroides,White-bellied Redstart,0.938,psl6,2024,07,03,09
624.0,627.0,Luscinia phaenicuroides,White-bellied Redstart,0.8136,psl6,2024,07,03,09
630.0,633.0,Phylloscopus occipitalis,Western Crowned Warbler,0.6328,psl6,2024,07,03,09
642.0,645.0,Luscinia phaenicuroides,White-bellied Redstart,0.7729,psl6,2024,07,03,09
651.0,654.0,Luscinia phaenicuroides,White-bellied Redstart,0.9465,psl6,2024,07,03,09
663.0,666.0,Luscinia phaenicuroides,White-bellied Redstart,0.5933,psl6,2024,07,03,09
678.0,681.0,Luscinia phaenicuroides,White-bellied Redstart,0.8047,psl6,2024,07,03,09
693.0,696.0,Phylloscopus occipitalis,Western Crowned Warbler,0.5978,psl6,2024,07,03,09
837.0,840.0,Phylloscopus trochiloides,Greenish Warbler,0.6574,psl6,2024,07,03,09
837.0,840.0,Phylloscopus nitidus,Green Warbler,0.5058,psl6,2024,07,03,09
891.0,894.0,Phylloscopus trochiloides,Greenish Warbler,0.5205,psl6,2024,07,03,09
897.0,900.0,Phylloscopus trochiloides,Greenish Warbler,0.5576,psl6,2024,07,03,09
3.0,6.0,Trochalopteron variegatum,Variegated Laughingthrush,0.7054,psl6,2024,07,04,06
21.0,24.0,Trochalopteron variegatum,Variegated Laughingthrush,0.6066,psl6,2024,07,04,06
42.0,45.0,Luscinia phaenicuroides,White-bellied Redstart,0.8345,psl6,2024,07,04,06
51.0,54.0,Luscinia phaenicuroides,White-bellied Redstart,0.9421,psl6,2024,07,04,06
54.0,57.0,Luscinia phaenicuroides,White-bellied Redstart,0.9212,psl6,2024,07,04,06
60.0,63.0,Luscinia phaenicuroides,White-bellied Redstart,0.921,psl6,2024,07,04,06
63.0,66.0,Trochalopteron variegatum,Variegated Laughingthrush,0.7928,psl6,2024,07,04,06
69.0,72.0,Luscinia phaenicuroides,White-bellied Redstart,0.9315,psl6,2024,07,04,06
72.0,75.0,Luscinia phaenicuroides,White-bellied Redstart,0.9191,psl6,2024,07,04,06
75.0,78.0,Trochalopteron variegatum,Variegated Laughingthrush,0.5831,psl6,2024,07,04,06
78.0,81.0,Luscinia phaenicuroides,White-bellied Redstart,0.7304,psl6,2024,07,04,06
87.0,90.0,Trochalopteron variegatum,Variegated Laughingthrush,0.584,psl6,2024,07,04,06
114.0,117.0,Trochalopteron variegatum,Variegated Laughingthrush,0.8522,psl6,2024,07,04,06
141.0,144.0,Trochalopteron variegatum,Variegated Laughingthrush,0.7266,psl6,2024,07,04,06
180.0,183.0,Trochalopteron variegatum,Variegated Laughingthrush,0.7863,psl6,2024,07,04,06
207.0,210.0,Trochalopteron variegatum,Variegated Laughingthrush,0.5931,psl6,2024,07,04,06
213.0,216.0,Trochalopteron affine,Black-faced Laughingthrush,0.545,psl6,2024,07,04,06
213.0,216.0,Trochalopteron variegatum,Variegated Laughingthrush,0.5441,psl6,2024,07,04,06
219.0,222.0,Trochalopteron variegatum,Variegated Laughingthrush,0.6471,psl6,2024,07,04,06
225.0,228.0,Trochalopteron variegatum,Variegated Laughingthrush,0.5337,psl6,2024,07,04,06
225.0,228.0,Trochalopteron erythrocephalum,Chestnut-crowned Laughingthrush,0.5067,psl6,2024,07,04,06
234.0,237.0,Trochalopteron variegatum,Variegated Laughingthrush,0.6094,psl6,2024,07,04,06
288.0,291.0,Phylloscopus occipitalis,Western Crowned Warbler,0.5183,psl6,2024,07,04,06
492.0,495.0,Larvivora brunnea,Indian Blue Robin,0.5097,psl6,2024,07,04,06
525.0,528.0,Larvivora brunnea,Indian Blue Robin,0.5557,psl6,2024,07,04,06
549.0,552.0,Phylloscopus magnirostris,Large-billed Leaf Warbler,0.5982,psl6,2024,07,04,06
672.0,675.0,Ficedula tricolor,Slaty-blue Flycatcher,0.5038,psl6,2024,07,04,06
684.0,687.0,Ficedula tricolor,Slaty-blue Flycatcher,0.5616,psl6,2024,07,04,06
744.0,747.0,Phylloscopus tytleri,Tytler's Leaf Warbler,0.5663,psl6,2024,07,04,06
747.0,750.0,Carpodacus erythrinus,Common Rosefinch,0.5255,psl6,2024,07,04,06
843.0,846.0,Phylloscopus nitidus,Green Warbler,0.7005,psl6,2024,07,04,06
843.0,846.0,Phylloscopus trochiloides,Greenish Warbler,0.5996,psl6,2024,07,04,06
864.0,867.0,Phylloscopus humei,Hume's Warbler,0.554,psl6,2024,07,04,06
894.0,897.0,Phylloscopus humei,Hume's Warbler,0.7,psl6,2024,07,04,06
27.0,30.0,Luscinia phaenicuroides,White-bellied Redstart,0.6221,psl6,2024,07,04,07
48.0,51.0,Luscinia phaenicuroides,White-bellied Redstart,0.8975,psl6,2024,07,04,07
60.0,63.0,Luscinia phaenicuroides,White-bellied Redstart,0.5393,psl6,2024,07,04,07
63.0,66.0,Sericossypha albocristata,White-capped Tanager,0.719,psl6,2024,07,04,07
78.0,81.0,Trochalopteron variegatum,Variegated Laughingthrush,0.5496,psl6,2024,07,04,07
81.0,84.0,Luscinia phaenicuroides,White-bellied Redstart,0.8227,psl6,2024,07,04,07
84.0,87.0,Luscinia phaenicuroides,White-bellied Redstart,0.834,psl6,2024,07,04,07
108.0,111.0,Luscinia phaenicuroides,White-bellied Redstart,0.5801,psl6,2024,07,04,07
120.0,123.0,Luscinia phaenicuroides,White-bellied Redstart,0.7361,psl6,2024,07,04,07
123.0,126.0,Phylloscopus tytleri,Tytler's Leaf Warbler,0.6729,psl6,2024,07,04,07
123.0,126.0,Luscinia phaenicuroides,White-bellied Redstart,0.6166,psl6,2024,07,04,07
129.0,132.0,Luscinia phaenicuroides,White-bellied Redstart,0.7869,psl6,2024,07,04,07
135.0,138.0,Luscinia phaenicuroides,White-bellied Redstart,0.8673,psl6,2024,07,04,07
138.0,141.0,Luscinia phaenicuroides,White-bellied Redstart,0.6219,psl6,2024,07,04,07
144.0,147.0,Luscinia phaenicuroides,White-bellied Redstart,0.8104,psl6,2024,07,04,07
150.0,153.0,Mecocerculus stictopterus,White-banded Tyrannulet,0.6884,psl6,2024,07,04,07
159.0,162.0,Luscinia phaenicuroides,White-bellied Redstart,0.6699,psl6,2024,07,04,07
165.0,168.0,Luscinia phaenicuroides,White-bellied Redstart,0.5093,psl6,2024,07,04,07
174.0,177.0,Luscinia phaenicuroides,White-bellied Redstart,0.8031,psl6,2024,07,04,07
180.0,183.0,Phylloscopus occipitalis,Western Crowned Warbler,0.8369,psl6,2024,07,04,07
189.0,192.0,Phylloscopus tytleri,Tytler's Leaf Warbler,0.6014,psl6,2024,07,04,07
210.0,213.0,Luscinia phaenicuroides,White-bellied Redstart,0.9678,psl6,2024,07,04,07
213.0,216.0,Phylloscopus tytleri,Tytler's Leaf Warbler,0.71,psl6,2024,07,04,07
222.0,225.0,Luscinia phaenicuroides,White-bellied Redstart,0.7364,psl6,2024,07,04,07
228.0,231.0,Luscinia phaenicuroides,White-bellied Redstart,0.6767,psl6,2024,07,04,07
234.0,237.0,Phylloscopus occipitalis,Western Crowned Warbler,0.9246,psl6,2024,07,04,07
237.0,240.0,Luscinia phaenicuroides,White-bellied Redstart,0.8057,psl6,2024,07,04,07
246.0,249.0,Luscinia phaenicuroides,White-bellied Redstart,0.9046,psl6,2024,07,04,07
246.0,249.0,Phylloscopus tytleri,Tytler's Leaf Warbler,0.7978,psl6,2024,07,04,07
258.0,261.0,Luscinia phaenicuroides,White-bellied Redstart,0.935,psl6,2024,07,04,07
264.0,267.0,Luscinia phaenicuroides,White-bellied Redstart,0.6975,psl6,2024,07,04,07
276.0,279.0,Luscinia phaenicuroides,White-bellied Redstart,0.5533,psl6,2024,07,04,07
282.0,285.0,Luscinia phaenicuroides,White-bellied Redstart,0.7555,psl6,2024,07,04,07
288.0,291.0,Luscinia phaenicuroides,White-bellied Redstart,0.9127,psl6,2024,07,04,07
294.0,297.0,Luscinia phaenicuroides,White-bellied Redstart,0.8597,psl6,2024,07,04,07
294.0,297.0,Phylloscopus tytleri,Tytler's Leaf Warbler,0.6483,psl6,2024,07,04,07
297.0,300.0,Luscinia phaenicuroides,White-bellied Redstart,0.8219,psl6,2024,07,04,07
333.0,336.0,Luscinia phaenicuroides,White-bellied Redstart,0.5625,psl6,2024,07,04,07
339.0,342.0,Trochalopteron variegatum,Variegated Laughingthrush,0.5057,psl6,2024,07,04,07
357.0,360.0,Phylloscopus nitidus,Green Warbler,0.6544,psl6,2024,07,04,07
372.0,375.0,Phylloscopus nitidus,Green Warbler,0.5277,psl6,2024,07,04,07
408.0,411.0,Sericossypha albocristata,White-capped Tanager,0.9917,psl6,2024,07,04,07
411.0,414.0,Luscinia phaenicuroides,White-bellied Redstart,0.934,psl6,2024,07,04,07
435.0,438.0,Phylloscopus occipitalis,Western Crowned Warbler,0.8659,psl6,2024,07,04,07
441.0,444.0,Phylloscopus occipitalis,Western Crowned Warbler,0.7009,psl6,2024,07,04,07
444.0,447.0,Phylloscopus occipitalis,Western Crowned Warbler,0.6078,psl6,2024,07,04,07
450.0,453.0,Phylloscopus occipitalis,Western Crowned Warbler,0.7081,psl6,2024,07,04,07
459.0,462.0,Phylloscopus trochiloides,Greenish Warbler,0.6835,psl6,2024,07,04,07
459.0,462.0,Phylloscopus nitidus,Green Warbler,0.6579,psl6,2024,07,04,07
462.0,465.0,Phylloscopus occipitalis,Western Crowned Warbler,0.6084,psl6,2024,07,04,07
465.0,468.0,Atlapetes fuscoolivaceus,Dusky-headed Brushfinch,0.5634,psl6,2024,07,04,07
477.0,480.0,Phylloscopus occipitalis,Western Crowned Warbler,0.5377,psl6,2024,07,04,07
486.0,489.0,Phylloscopus occipitalis,Western Crowned Warbler,0.7506,psl6,2024,07,04,07
504.0,507.0,Phylloscopus nitidus,Green Warbler,0.5691,psl6,2024,07,04,07
519.0,522.0,Phylloscopus occipitalis,Western Crowned Warbler,0.6156,psl6,2024,07,04,07
525.0,528.0,Phylloscopus nitidus,Green Warbler,0.5804,psl6,2024,07,04,07
525.0,528.0,Phylloscopus trochiloides,Greenish Warbler,0.5551,psl6,2024,07,04,07
528.0,531.0,Phylloscopus occipitalis,Western Crowned Warbler,0.6649,psl6,2024,07,04,07
543.0,546.0,Phylloscopus occipitalis,Western Crowned Warbler,0.8429,psl6,2024,07,04,07
558.0,561.0,Phylloscopus trochiloides,Greenish Warbler,0.5919,psl6,2024,07,04,07
618.0,621.0,Phylloscopus trochiloides,Greenish Warbler,0.6084,psl6,2024,07,04,07
621.0,624.0,Luscinia phaenicuroides,White-bellied Redstart,0.7025,psl6,2024,07,04,07
627.0,630.0,Luscinia phaenicuroides,White-bellied Redstart,0.5367,psl6,2024,07,04,07
630.0,633.0,Phylloscopus nitidus,Green Warbler,0.5707,psl6,2024,07,04,07
654.0,657.0,Luscinia phaenicuroides,White-bellied Redstart,0.6903,psl6,2024,07,04,07
669.0,672.0,Luscinia phaenicuroides,White-bellied Redstart,0.9214,psl6,2024,07,04,07
672.0,675.0,Phylloscopus nitidus,Green Warbler,0.5385,psl6,2024,07,04,07
675.0,678.0,Phylloscopus nitidus,Green Warbler,0.6004,psl6,2024,07,04,07
684.0,687.0,Phylloscopus nitidus,Green Warbler,0.6334,psl6,2024,07,04,07
711.0,714.0,Phylloscopus nitidus,Green Warbler,0.5114,psl6,2024,07,04,07
732.0,735.0,Luscinia phaenicuroides,White-bellied Redstart,0.5319,psl6,2024,07,04,07
738.0,741.0,Phylloscopus occipitalis,Western Crowned Warbler,0.6153,psl6,2024,07,04,07
747.0,750.0,Luscinia phaenicuroides,White-bellied Redstart,0.6729,psl6,2024,07,04,07
753.0,756.0,Luscinia phaenicuroides,White-bellied Redstart,0.5854,psl6,2024,07,04,07
792.0,795.0,Luscinia phaenicuroides,White-bellied Redstart,0.9028,psl6,2024,07,04,07
858.0,861.0,Phylloscopus nitidus,Green Warbler,0.7196,psl6,2024,07,04,07
864.0,867.0,Luscinia phaenicuroides,White-bellied Redstart,0.9279,psl6,2024,07,04,07
873.0,876.0,Luscinia phaenicuroides,White-bellied Redstart,0.8305,psl6,2024,07,04,07
873.0,876.0,Phylloscopus tytleri,Tytler's Leaf Warbler,0.5505,psl6,2024,07,04,07
876.0,879.0,Luscinia phaenicuroides,White-bellied Redstart,0.9666,psl6,2024,07,04,07
876.0,879.0,Phylloscopus tytleri,Tytler's Leaf Warbler,0.8357,psl6,2024,07,04,07
876.0,879.0,Larvivora brunnea,Indian Blue Robin,0.5695,psl6,2024,07,04,07
879.0,882.0,Trochalopteron variegatum,Variegated Laughingthrush,0.5041,psl6,2024,07,04,07
87.0,90.0,Phylloscopus nitidus,Green Warbler,0.6262,psl6,2024,07,04,08
99.0,102.0,Phylloscopus nitidus,Green Warbler,0.5878,psl6,2024,07,04,08
99.0,102.0,Phylloscopus trochiloides,Greenish Warbler,0.5227,psl6,2024,07,04,08
117.0,120.0,Lophorina superba,Greater Lophorina,0.6157,psl6,2024,07,04,08
123.0,126.0,Phylloscopus trochiloides,Greenish Warbler,0.7993,psl6,2024,07,04,08
156.0,159.0,Phylloscopus humei,Hume's Warbler,0.88,psl6,2024,07,04,08
255.0,258.0,Phylloscopus nitidus,Green Warbler,0.6045,psl6,2024,07,04,08
273.0,276.0,Phylloscopus magnirostris,Large-billed Leaf Warbler,0.8454,psl6,2024,07,04,08
333.0,336.0,Phylloscopus occipitalis,Western Crowned Warbler,0.5711,psl6,2024,07,04,08
390.0,393.0,Phylloscopus magnirostris,Large-billed Leaf Warbler,0.8821,psl6,2024,07,04,08
426.0,429.0,Phylloscopus magnirostris,Large-billed Leaf Warbler,0.7739,psl6,2024,07,04,08
444.0,447.0,Phylloscopus magnirostris,Large-billed Leaf Warbler,0.5681,psl6,2024,07,04,08
648.0,651.0,Phylloscopus humei,Hume's Warbler,0.5671,psl6,2024,07,04,08
666.0,669.0,Zosterops simplex,Swinhoe's White-eye,0.8063,psl6,2024,07,04,08
717.0,720.0,Phylloscopus humei,Hume's Warbler,0.5989,psl6,2024,07,04,08
729.0,732.0,Brachypteryx cruralis,Himalayan Shortwing,0.505,psl6,2024,07,04,08
750.0,753.0,Phylloscopus humei,Hume's Warbler,0.569,psl6,2024,07,04,08
780.0,783.0,Phylloscopus magnirostris,Large-billed Leaf Warbler,0.9025,psl6,2024,07,04,08
789.0,792.0,Zosterops simplex,Swinhoe's White-eye,0.5026,psl6,2024,07,04,08
807.0,810.0,Copsychus albospecularis,Madagascar Magpie-Robin,0.5297,psl6,2024,07,04,08
3.0,6.0,Ficedula tricolor,Slaty-blue Flycatcher,0.6091,psl6,2024,07,04,09
9.0,12.0,Ficedula tricolor,Slaty-blue Flycatcher,0.848,psl6,2024,07,04,09
12.0,15.0,Ficedula tricolor,Slaty-blue Flycatcher,0.8446,psl6,2024,07,04,09
21.0,24.0,Ficedula tricolor,Slaty-blue Flycatcher,0.936,psl6,2024,07,04,09
24.0,27.0,Ficedula tricolor,Slaty-blue Flycatcher,0.8869,psl6,2024,07,04,09
30.0,33.0,Ficedula tricolor,Slaty-blue Flycatcher,0.732,psl6,2024,07,04,09
33.0,36.0,Ficedula tricolor,Slaty-blue Flycatcher,0.8191,psl6,2024,07,04,09
33.0,36.0,Myiothlypis nigrocristata,Black-crested Warbler,0.5501,psl6,2024,07,04,09
36.0,39.0,Ficedula tricolor,Slaty-blue Flycatcher,0.9324,psl6,2024,07,04,09
39.0,42.0,Ficedula tricolor,Slaty-blue Flycatcher,0.9871,psl6,2024,07,04,09
45.0,48.0,Ficedula tricolor,Slaty-blue Flycatcher,0.9873,psl6,2024,07,04,09
48.0,51.0,Ficedula tricolor,Slaty-blue Flycatcher,0.9878,psl6,2024,07,04,09
51.0,54.0,Ficedula tricolor,Slaty-blue Flycatcher,0.5314,psl6,2024,07,04,09
54.0,57.0,Ficedula tricolor,Slaty-blue Flycatcher,0.9963,psl6,2024,07,04,09
57.0,60.0,Ficedula tricolor,Slaty-blue Flycatcher,0.966,psl6,2024,07,04,09
60.0,63.0,Ficedula tricolor,Slaty-blue Flycatcher,0.8462,psl6,2024,07,04,09
63.0,66.0,Ficedula tricolor,Slaty-blue Flycatcher,0.9788,psl6,2024,07,04,09
66.0,69.0,Ficedula tricolor,Slaty-blue Flycatcher,0.5499,psl6,2024,07,04,09
69.0,72.0,Ficedula tricolor,Slaty-blue Flycatcher,0.8778,psl6,2024,07,04,09
72.0,75.0,Ficedula tricolor,Slaty-blue Flycatcher,0.9629,psl6,2024,07,04,09
78.0,81.0,Ficedula tricolor,Slaty-blue Flycatcher,0.875,psl6,2024,07,04,09
81.0,84.0,Ficedula tricolor,Slaty-blue Flycatcher,0.9537,psl6,2024,07,04,09
84.0,87.0,Ficedula tricolor,Slaty-blue Flycatcher,0.6301,psl6,2024,07,04,09
87.0,90.0,Ficedula tricolor,Slaty-blue Flycatcher,0.9929,psl6,2024,07,04,09
90.0,93.0,Ficedula tricolor,Slaty-blue Flycatcher,0.9779,psl6,2024,07,04,09
93.0,96.0,Ficedula tricolor,Slaty-blue Flycatcher,0.6973,psl6,2024,07,04,09
96.0,99.0,Ficedula tricolor,Slaty-blue Flycatcher,0.9354,psl6,2024,07,04,09
102.0,105.0,Ficedula tricolor,Slaty-blue Flycatcher,0.9668,psl6,2024,07,04,09
105.0,108.0,Ficedula tricolor,Slaty-blue Flycatcher,0.9854,psl6,2024,07,04,09
108.0,111.0,Geothlypis tolmiei,MacGillivray's Warbler,0.8759,psl6,2024,07,04,09
108.0,111.0,Ficedula tricolor,Slaty-blue Flycatcher,0.7852,psl6,2024,07,04,09
114.0,117.0,Ficedula tricolor,Slaty-blue Flycatcher,0.9722,psl6,2024,07,04,09
120.0,123.0,Ficedula tricolor,Slaty-blue Flycatcher,0.9802,psl6,2024,07,04,09
123.0,126.0,Ficedula tricolor,Slaty-blue Flycatcher,0.9916,psl6,2024,07,04,09
126.0,129.0,Ficedula tricolor,Slaty-blue Flycatcher,0.9031,psl6,2024,07,04,09
135.0,138.0,Myiothlypis nigrocristata,Black-crested Warbler,0.7726,psl6,2024,07,04,09
138.0,141.0,Ficedula tricolor,Slaty-blue Flycatcher,0.7588,psl6,2024,07,04,09
141.0,144.0,Geothlypis tolmiei,MacGillivray's Warbler,0.5851,psl6,2024,07,04,09
147.0,150.0,Ficedula tricolor,Slaty-blue Flycatcher,0.7748,psl6,2024,07,04,09
150.0,153.0,Geothlypis tolmiei,MacGillivray's Warbler,0.7324,psl6,2024,07,04,09
150.0,153.0,Ficedula tricolor,Slaty-blue Flycatcher,0.618,psl6,2024,07,04,09
153.0,156.0,Geothlypis tolmiei,MacGillivray's Warbler,0.7796,psl6,2024,07,04,09
156.0,159.0,Ficedula tricolor,Slaty-blue Flycatcher,0.618,psl6,2024,07,04,09
156.0,159.0,Geothlypis tolmiei,MacGillivray's Warbler,0.5544,psl6,2024,07,04,09
162.0,165.0,Ficedula tricolor,Slaty-blue Flycatcher,0.9646,psl6,2024,07,04,09
168.0,171.0,Ficedula tricolor,Slaty-blue Flycatcher,0.9526,psl6,2024,07,04,09
171.0,174.0,Phylloscopus humei,Hume's Warbler,0.9769,psl6,2024,07,04,09
174.0,177.0,Ficedula tricolor,Slaty-blue Flycatcher,0.9157,psl6,2024,07,04,09
204.0,207.0,Phylloscopus nitidus,Green Warbler,0.9757,psl6,2024,07,04,09
216.0,219.0,Phylloscopus nitidus,Green Warbler,0.6589,psl6,2024,07,04,09
222.0,225.0,Phylloscopus nitidus,Green Warbler,0.8053,psl6,2024,07,04,09
225.0,228.0,Phylloscopus trochiloides,Greenish Warbler,0.6229,psl6,2024,07,04,09
228.0,231.0,Phylloscopus occipitalis,Western Crowned Warbler,0.8756,psl6,2024,07,04,09
240.0,243.0,Phylloscopus occipitalis,Western Crowned Warbler,0.7626,psl6,2024,07,04,09
255.0,258.0,Phylloscopus occipitalis,Western Crowned Warbler,0.513,psl6,2024,07,04,09
276.0,279.0,Phylloscopus trochiloides,Greenish Warbler,0.5212,psl6,2024,07,04,09
282.0,285.0,Phylloscopus occipitalis,Western Crowned Warbler,0.7489,psl6,2024,07,04,09
339.0,342.0,Phylloscopus occipitalis,Western Crowned Warbler,0.6614,psl6,2024,07,04,09
363.0,366.0,Phylloscopus occipitalis,Western Crowned Warbler,0.7782,psl6,2024,07,04,09
453.0,456.0,Phylloscopus trochiloides,Greenish Warbler,0.5127,psl6,2024,07,04,09
477.0,480.0,Phylloscopus occipitalis,Western Crowned Warbler,0.6479,psl6,2024,07,04,09
546.0,549.0,Phylloscopus trochiloides,Greenish Warbler,0.6036,psl6,2024,07,04,09
867.0,870.0,Phylloscopus humei,Hume's Warbler,0.5316,psl6,2024,07,04,09
6.0,9.0,Luscinia phaenicuroides,White-bellied Redstart,0.8915,psl6,2024,07,05,06
15.0,18.0,Luscinia phaenicuroides,White-bellied Redstart,0.9959,psl6,2024,07,05,06
18.0,21.0,Copsychus albospecularis,Madagascar Magpie-Robin,0.6785,psl6,2024,07,05,06
21.0,24.0,Luscinia phaenicuroides,White-bellied Redstart,0.995,psl6,2024,07,05,06
27.0,30.0,Luscinia phaenicuroides,White-bellied Redstart,0.9877,psl6,2024,07,05,06
33.0,36.0,Luscinia phaenicuroides,White-bellied Redstart,0.9731,psl6,2024,07,05,06
39.0,42.0,Luscinia phaenicuroides,White-bellied Redstart,0.9903,psl6,2024,07,05,06
42.0,45.0,Luscinia phaenicuroides,White-bellied Redstart,0.889,psl6,2024,07,05,06
48.0,51.0,Luscinia phaenicuroides,White-bellied Redstart,0.9686,psl6,2024,07,05,06
51.0,54.0,Luscinia phaenicuroides,White-bellied Redstart,0.8929,psl6,2024,07,05,06
54.0,57.0,Luscinia phaenicuroides,White-bellied Redstart,0.6651,psl6,2024,07,05,06
57.0,60.0,Luscinia phaenicuroides,White-bellied Redstart,0.8342,psl6,2024,07,05,06
63.0,66.0,Luscinia phaenicuroides,White-bellied Redstart,0.6697,psl6,2024,07,05,06
69.0,72.0,Luscinia phaenicuroides,White-bellied Redstart,0.5916,psl6,2024,07,05,06
90.0,93.0,Luscinia phaenicuroides,White-bellied Redstart,0.7316,psl6,2024,07,05,06
141.0,144.0,Luscinia phaenicuroides,White-bellied Redstart,0.511,psl6,2024,07,05,06
150.0,153.0,Phylloscopus nitidus,Green Warbler,0.7186,psl6,2024,07,05,06
162.0,165.0,Phylloscopus reguloides,Blyth's Leaf Warbler,0.5256,psl6,2024,07,05,06
174.0,177.0,Phylloscopus nitidus,Green Warbler,0.7515,psl6,2024,07,05,06
174.0,177.0,Phylloscopus trochiloides,Greenish Warbler,0.5208,psl6,2024,07,05,06
177.0,180.0,Phylloscopus tytleri,Tytler's Leaf Warbler,0.6122,psl6,2024,07,05,06
219.0,222.0,Phylloscopus trochiloides,Greenish Warbler,0.6892,psl6,2024,07,05,06
252.0,255.0,Phylloscopus trochiloides,Greenish Warbler,0.5944,psl6,2024,07,05,06
252.0,255.0,Phylloscopus nitidus,Green Warbler,0.5607,psl6,2024,07,05,06
285.0,288.0,Zosterops japonicus,Warbling White-eye,0.5045,psl6,2024,07,05,06
288.0,291.0,Zosterops simplex,Swinhoe's White-eye,0.59,psl6,2024,07,05,06
336.0,339.0,Zosterops simplex,Swinhoe's White-eye,0.621,psl6,2024,07,05,06
366.0,369.0,Phylloscopus nitidus,Green Warbler,0.6369,psl6,2024,07,05,06
519.0,522.0,Phylloscopus occipitalis,Western Crowned Warbler,0.6076,psl6,2024,07,05,06
528.0,531.0,Phylloscopus occipitalis,Western Crowned Warbler,0.6511,psl6,2024,07,05,06
540.0,543.0,Phylloscopus occipitalis,Western Crowned Warbler,0.902,psl6,2024,07,05,06
555.0,558.0,Phylloscopus occipitalis,Western Crowned Warbler,0.5731,psl6,2024,07,05,06
612.0,615.0,Ficedula tricolor,Slaty-blue Flycatcher,0.9739,psl6,2024,07,05,06
678.0,681.0,Phylloscopus occipitalis,Western Crowned Warbler,0.5757,psl6,2024,07,05,06
684.0,687.0,Phylloscopus nitidus,Green Warbler,0.7004,psl6,2024,07,05,06
705.0,708.0,Phylloscopus occipitalis,Western Crowned Warbler,0.6304,psl6,2024,07,05,06
711.0,714.0,Phylloscopus occipitalis,Western Crowned Warbler,0.5483,psl6,2024,07,05,06
714.0,717.0,Phylloscopus trochiloides,Greenish Warbler,0.7563,psl6,2024,07,05,06
750.0,753.0,Phylloscopus occipitalis,Western Crowned Warbler,0.5399,psl6,2024,07,05,06
756.0,759.0,Phylloscopus trochiloides,Greenish Warbler,0.8197,psl6,2024,07,05,06
771.0,774.0,Phylloscopus trochiloides,Greenish Warbler,0.7642,psl6,2024,07,05,06
786.0,789.0,Phylloscopus occipitalis,Western Crowned Warbler,0.8364,psl6,2024,07,05,06
798.0,801.0,Phylloscopus nitidus,Green Warbler,0.6396,psl6,2024,07,05,06
813.0,816.0,Phylloscopus nitidus,Green Warbler,0.6833,psl6,2024,07,05,06
816.0,819.0,Phylloscopus trochiloides,Greenish Warbler,0.8026,psl6,2024,07,05,06
816.0,819.0,Phylloscopus nitidus,Green Warbler,0.6416,psl6,2024,07,05,06
840.0,843.0,Phylloscopus trochiloides,Greenish Warbler,0.8191,psl6,2024,07,05,06
846.0,849.0,Phylloscopus occipitalis,Western Crowned Warbler,0.7933,psl6,2024,07,05,06
852.0,855.0,Phylloscopus occipitalis,Western Crowned Warbler,0.6581,psl6,2024,07,05,06
855.0,858.0,Atlapetes fuscoolivaceus,Dusky-headed Brushfinch,0.5274,psl6,2024,07,05,06
870.0,873.0,Phylloscopus occipitalis,Western Crowned Warbler,0.6907,psl6,2024,07,05,06
63.0,66.0,Phylloscopus nitidus,Green Warbler,0.6905,psl6,2024,07,05,07
99.0,102.0,Phylloscopus humei,Hume's Warbler,0.9551,psl6,2024,07,05,07
120.0,123.0,Phylloscopus nitidus,Green Warbler,0.6037,psl6,2024,07,05,07
165.0,168.0,Phylloscopus humei,Hume's Warbler,0.8345,psl6,2024,07,05,07
168.0,171.0,Phylloscopus humei,Hume's Warbler,0.6245,psl6,2024,07,05,07
192.0,195.0,Phylloscopus nitidus,Green Warbler,0.579,psl6,2024,07,05,07
198.0,201.0,Trochalopteron variegatum,Variegated Laughingthrush,0.6137,psl6,2024,07,05,07
255.0,258.0,Phylloscopus occipitalis,Western Crowned Warbler,0.5053,psl6,2024,07,05,07
300.0,303.0,Phylloscopus reguloides,Blyth's Leaf Warbler,0.5869,psl6,2024,07,05,07
333.0,336.0,Phylloscopus occipitalis,Western Crowned Warbler,0.5409,psl6,2024,07,05,07
342.0,345.0,Phylloscopus occipitalis,Western Crowned Warbler,0.5898,psl6,2024,07,05,07
345.0,348.0,Phylloscopus nitidus,Green Warbler,0.5144,psl6,2024,07,05,07
348.0,351.0,Phylloscopus trochiloides,Greenish Warbler,0.6804,psl6,2024,07,05,07
357.0,360.0,Phylloscopus trochiloides,Greenish Warbler,0.7414,psl6,2024,07,05,07
363.0,366.0,Phylloscopus humei,Hume's Warbler,0.5517,psl6,2024,07,05,07
372.0,375.0,Zosterops simplex,Swinhoe's White-eye,0.7013,psl6,2024,07,05,07
378.0,381.0,Larvivora brunnea,Indian Blue Robin,0.9912,psl6,2024,07,05,07
387.0,390.0,Larvivora brunnea,Indian Blue Robin,0.9617,psl6,2024,07,05,07
390.0,393.0,Larvivora brunnea,Indian Blue Robin,0.985,psl6,2024,07,05,07
399.0,402.0,Larvivora brunnea,Indian Blue Robin,0.8869,psl6,2024,07,05,07
399.0,402.0,Phylloscopus magnirostris,Large-billed Leaf Warbler,0.5305,psl6,2024,07,05,07
408.0,411.0,Larvivora brunnea,Indian Blue Robin,0.9262,psl6,2024,07,05,07
414.0,417.0,Larvivora brunnea,Indian Blue Robin,0.7715,psl6,2024,07,05,07
417.0,420.0,Larvivora brunnea,Indian Blue Robin,0.819,psl6,2024,07,05,07
420.0,423.0,Larvivora brunnea,Indian Blue Robin,0.8423,psl6,2024,07,05,07
426.0,429.0,Phylloscopus nitidus,Green Warbler,0.7438,psl6,2024,07,05,07
426.0,429.0,Phylloscopus trochiloides,Greenish Warbler,0.7188,psl6,2024,07,05,07
429.0,432.0,Larvivora brunnea,Indian Blue Robin,0.9668,psl6,2024,07,05,07
489.0,492.0,Phylloscopus occipitalis,Western Crowned Warbler,0.6355,psl6,2024,07,05,07
489.0,492.0,Protonotaria citrea,Prothonotary Warbler,0.5405,psl6,2024,07,05,07
492.0,495.0,Phylloscopus trochiloides,Greenish Warbler,0.8212,psl6,2024,07,05,07
492.0,495.0,Phylloscopus nitidus,Green Warbler,0.6732,psl6,2024,07,05,07
513.0,516.0,Phylloscopus trochiloides,Greenish Warbler,0.5172,psl6,2024,07,05,07
516.0,519.0,Phylloscopus humei,Hume's Warbler,0.7284,psl6,2024,07,05,07
573.0,576.0,Phylloscopus trochiloides,Greenish Warbler,0.5218,psl6,2024,07,05,07
588.0,591.0,Parkesia motacilla,Louisiana Waterthrush,0.5592,psl6,2024,07,05,07
612.0,615.0,Phylloscopus trochiloides,Greenish Warbler,0.5687,psl6,2024,07,05,07
645.0,648.0,Phylloscopus humei,Hume's Warbler,0.6291,psl6,2024,07,05,07
675.0,678.0,Ficedula tricolor,Slaty-blue Flycatcher,0.7141,psl6,2024,07,05,07
675.0,678.0,Atlapetes melanolaemus,Black-faced Brushfinch,0.5296,psl6,2024,07,05,07
717.0,720.0,Ficedula tricolor,Slaty-blue Flycatcher,0.9459,psl6,2024,07,05,07
729.0,732.0,Larvivora brunnea,Indian Blue Robin,0.9503,psl6,2024,07,05,07
732.0,735.0,Phylloscopus humei,Hume's Warbler,0.8083,psl6,2024,07,05,07
750.0,753.0,Larvivora brunnea,Indian Blue Robin,0.5055,psl6,2024,07,05,07
753.0,756.0,Larvivora brunnea,Indian Blue Robin,0.6105,psl6,2024,07,05,07
759.0,762.0,Trochalopteron variegatum,Variegated Laughingthrush,0.5762,psl6,2024,07,05,07
762.0,765.0,Larvivora brunnea,Indian Blue Robin,0.9637,psl6,2024,07,05,07
771.0,774.0,Larvivora brunnea,Indian Blue Robin,0.982,psl6,2024,07,05,07
774.0,777.0,Ficedula tricolor,Slaty-blue Flycatcher,0.7797,psl6,2024,07,05,07
780.0,783.0,Ficedula tricolor,Slaty-blue Flycatcher,0.9798,psl6,2024,07,05,07
780.0,783.0,Erithacus rubecula,European Robin,0.6566,psl6,2024,07,05,07
786.0,789.0,Larvivora brunnea,Indian Blue Robin,0.9821,psl6,2024,07,05,07
795.0,798.0,Larvivora brunnea,Indian Blue Robin,0.9329,psl6,2024,07,05,07
804.0,807.0,Larvivora brunnea,Indian Blue Robin,0.9906,psl6,2024,07,05,07
813.0,816.0,Larvivora brunnea,Indian Blue Robin,0.9127,psl6,2024,07,05,07
816.0,819.0,Luscinia phaenicuroides,White-bellied Redstart,0.7007,psl6,2024,07,05,07
843.0,846.0,Larvivora brunnea,Indian Blue Robin,0.9574,psl6,2024,07,05,07
849.0,852.0,Luscinia phaenicuroides,White-bellied Redstart,0.7099,psl6,2024,07,05,07
855.0,858.0,Larvivora brunnea,Indian Blue Robin,0.5597,psl6,2024,07,05,07
882.0,885.0,Phylloscopus occipitalis,Western Crowned Warbler,0.8968,psl6,2024,07,05,07
885.0,888.0,Larvivora brunnea,Indian Blue Robin,0.9717,psl6,2024,07,05,07
894.0,897.0,Larvivora brunnea,Indian Blue Robin,0.9798,psl6,2024,07,05,07
897.0,900.0,Phylloscopus occipitalis,Western Crowned Warbler,0.8158,psl6,2024,07,05,07
78.0,81.0,Trochalopteron variegatum,Variegated Laughingthrush,0.5487,psl6,2024,07,05,08
93.0,96.0,Trochalopteron variegatum,Variegated Laughingthrush,0.7398,psl6,2024,07,05,08
108.0,111.0,Trochalopteron variegatum,Variegated Laughingthrush,0.5341,psl6,2024,07,05,08
114.0,117.0,Trochalopteron variegatum,Variegated Laughingthrush,0.5238,psl6,2024,07,05,08
129.0,132.0,Trochalopteron variegatum,Variegated Laughingthrush,0.6451,psl6,2024,07,05,08
162.0,165.0,Phylloscopus reguloides,Blyth's Leaf Warbler,0.5114,psl6,2024,07,05,08
168.0,171.0,Phylloscopus occipitalis,Western Crowned Warbler,0.9979,psl6,2024,07,05,08
171.0,174.0,Phylloscopus claudiae,Claudia's Leaf Warbler,0.5045,psl6,2024,07,05,08
180.0,183.0,Phylloscopus claudiae,Claudia's Leaf Warbler,0.6133,psl6,2024,07,05,08
180.0,183.0,Phylloscopus occipitalis,Western Crowned Warbler,0.5694,psl6,2024,07,05,08
246.0,249.0,Atlapetes fuscoolivaceus,Dusky-headed Brushfinch,0.672,psl6,2024,07,05,08
312.0,315.0,Phylloscopus trochiloides,Greenish Warbler,0.6265,psl6,2024,07,05,08
372.0,375.0,Larvivora brunnea,Indian Blue Robin,0.5493,psl6,2024,07,05,08
372.0,375.0,Phylloscopus magnirostris,Large-billed Leaf Warbler,0.504,psl6,2024,07,05,08
522.0,525.0,Larvivora brunnea,Indian Blue Robin,0.7764,psl6,2024,07,05,08
525.0,528.0,Larvivora brunnea,Indian Blue Robin,0.9002,psl6,2024,07,05,08
594.0,597.0,Phylloscopus nitidus,Green Warbler,0.5652,psl6,2024,07,05,08
636.0,639.0,Phylloscopus reguloides,Blyth's Leaf Warbler,0.5578,psl6,2024,07,05,08
663.0,666.0,Phylloscopus trochiloides,Greenish Warbler,0.7152,psl6,2024,07,05,08
708.0,711.0,Ficedula tricolor,Slaty-blue Flycatcher,0.5945,psl6,2024,07,05,08
711.0,714.0,Ficedula tricolor,Slaty-blue Flycatcher,0.9109,psl6,2024,07,05,08
720.0,723.0,Ficedula tricolor,Slaty-blue Flycatcher,0.9018,psl6,2024,07,05,08
768.0,771.0,Phylloscopus nitidus,Green Warbler,0.8063,psl6,2024,07,05,08
768.0,771.0,Phylloscopus trochiloides,Greenish Warbler,0.7788,psl6,2024,07,05,08
795.0,798.0,Ficedula tricolor,Slaty-blue Flycatcher,0.632,psl6,2024,07,05,08
807.0,810.0,Yuhina flavicollis,Whiskered Yuhina,0.6503,psl6,2024,07,05,08
807.0,810.0,Ficedula tricolor,Slaty-blue Flycatcher,0.6286,psl6,2024,07,05,08
822.0,825.0,Atlapetes melanolaemus,Black-faced Brushfinch,0.8214,psl6,2024,07,05,08
828.0,831.0,Phylloscopus trochiloides,Greenish Warbler,0.5162,psl6,2024,07,05,08
864.0,867.0,Ficedula tricolor,Slaty-blue Flycatcher,0.5979,psl6,2024,07,05,08
876.0,879.0,Ficedula tricolor,Slaty-blue Flycatcher,0.8172,psl6,2024,07,05,08
879.0,882.0,Ficedula tricolor,Slaty-blue Flycatcher,0.8918,psl6,2024,07,05,08
24.0,27.0,Phylloscopus humei,Hume's Warbler,0.8217,psl6,2024,07,05,09
69.0,72.0,Zosterops simplex,Swinhoe's White-eye,0.5704,psl6,2024,07,05,09
93.0,96.0,Phylloscopus occipitalis,Western Crowned Warbler,0.5954,psl6,2024,07,05,09
291.0,294.0,Coccothraustes coccothraustes,Hawfinch,0.6526,psl6,2024,07,05,09
330.0,333.0,Phylloscopus occipitalis,Western Crowned Warbler,0.6246,psl6,2024,07,05,09
345.0,348.0,Protonotaria citrea,Prothonotary Warbler,0.607,psl6,2024,07,05,09
357.0,360.0,Phylloscopus occipitalis,Western Crowned Warbler,0.9594,psl6,2024,07,05,09
372.0,375.0,Phylloscopus occipitalis,Western Crowned Warbler,0.9719,psl6,2024,07,05,09
375.0,378.0,Phylloscopus occipitalis,Western Crowned Warbler,0.5843,psl6,2024,07,05,09
537.0,540.0,Carpodacus erythrinus,Common Rosefinch,0.5925,psl6,2024,07,05,09
585.0,588.0,Carpodacus erythrinus,Common Rosefinch,0.5093,psl6,2024,07,05,09
666.0,669.0,Carpodacus erythrinus,Common Rosefinch,0.5207,psl6,2024,07,05,09
750.0,753.0,Phylloscopus nitidus,Green Warbler,0.7935,psl6,2024,07,05,09
750.0,753.0,Phylloscopus trochiloides,Greenish Warbler,0.5148,psl6,2024,07,05,09
783.0,786.0,Luscinia phaenicuroides,White-bellied Redstart,0.8766,psl6,2024,07,05,09
828.0,831.0,Phylloscopus humei,Hume's Warbler,0.5241,psl6,2024,07,05,09
861.0,864.0,Luscinia phaenicuroides,White-bellied Redstart,0.6551,psl6,2024,07,05,09
354.0,357.0,Phylloscopus trochiloides,Greenish Warbler,0.695,psl6,2024,07,06,06
504.0,507.0,Phylloscopus nitidus,Green Warbler,0.7001,psl6,2024,07,06,06
552.0,555.0,Phylloscopus trochiloides,Greenish Warbler,0.5215,psl6,2024,07,06,06
567.0,570.0,Phylloscopus trochiloides,Greenish Warbler,0.9048,psl6,2024,07,06,06
579.0,582.0,Phylloscopus trochiloides,Greenish Warbler,0.7244,psl6,2024,07,06,06
579.0,582.0,Phylloscopus nitidus,Green Warbler,0.5727,psl6,2024,07,06,06
639.0,642.0,Phylloscopus trochiloides,Greenish Warbler,0.546,psl6,2024,07,06,06
723.0,726.0,Ficedula tricolor,Slaty-blue Flycatcher,0.548,psl6,2024,07,06,06
756.0,759.0,Ficedula tricolor,Slaty-blue Flycatcher,0.9256,psl6,2024,07,06,06
762.0,765.0,Ficedula tricolor,Slaty-blue Flycatcher,0.5669,psl6,2024,07,06,06
774.0,777.0,Phylloscopus nitidus,Green Warbler,0.6524,psl6,2024,07,06,06
774.0,777.0,Phylloscopus trochiloides,Greenish Warbler,0.5104,psl6,2024,07,06,06
786.0,789.0,Ficedula tricolor,Slaty-blue Flycatcher,0.6063,psl6,2024,07,06,06
795.0,798.0,Ficedula tricolor,Slaty-blue Flycatcher,0.961,psl6,2024,07,06,06
813.0,816.0,Ficedula tricolor,Slaty-blue Flycatcher,0.9719,psl6,2024,07,06,06
816.0,819.0,Ficedula tricolor,Slaty-blue Flycatcher,0.8948,psl6,2024,07,06,06
825.0,828.0,Ficedula tricolor,Slaty-blue Flycatcher,0.9012,psl6,2024,07,06,06
828.0,831.0,Ficedula tricolor,Slaty-blue Flycatcher,0.7246,psl6,2024,07,06,06
831.0,834.0,Ficedula tricolor,Slaty-blue Flycatcher,0.7346,psl6,2024,07,06,06
834.0,837.0,Ficedula tricolor,Slaty-blue Flycatcher,0.6234,psl6,2024,07,06,06
840.0,843.0,Phylloscopus occipitalis,Western Crowned Warbler,0.6517,psl6,2024,07,06,06
843.0,846.0,Ficedula tricolor,Slaty-blue Flycatcher,0.5963,psl6,2024,07,06,06
849.0,852.0,Ficedula tricolor,Slaty-blue Flycatcher,0.7758,psl6,2024,07,06,06
852.0,855.0,Ficedula tricolor,Slaty-blue Flycatcher,0.5581,psl6,2024,07,06,06
855.0,858.0,Ficedula tricolor,Slaty-blue Flycatcher,0.7802,psl6,2024,07,06,06
864.0,867.0,Ficedula tricolor,Slaty-blue Flycatcher,0.5129,psl6,2024,07,06,06
885.0,888.0,Ficedula tricolor,Slaty-blue Flycatcher,0.7865,psl6,2024,07,06,06
21.0,24.0,Ficedula tricolor,Slaty-blue Flycatcher,0.9821,psl6,2024,07,06,07
138.0,141.0,Ficedula tricolor,Slaty-blue Flycatcher,0.5467,psl6,2024,07,06,07
162.0,165.0,Ficedula tricolor,Slaty-blue Flycatcher,0.7983,psl6,2024,07,06,07
216.0,219.0,Ficedula tricolor,Slaty-blue Flycatcher,0.5646,psl6,2024,07,06,07
363.0,366.0,Ficedula tricolor,Slaty-blue Flycatcher,0.682,psl6,2024,07,06,07
366.0,369.0,Trochalopteron variegatum,Variegated Laughingthrush,0.5158,psl6,2024,07,06,07
393.0,396.0,Ficedula tricolor,Slaty-blue Flycatcher,0.602,psl6,2024,07,06,07
405.0,408.0,Ficedula tricolor,Slaty-blue Flycatcher,0.6665,psl6,2024,07,06,07
432.0,435.0,Trochalopteron variegatum,Variegated Laughingthrush,0.5247,psl6,2024,07,06,07
465.0,468.0,Trochalopteron variegatum,Variegated Laughingthrush,0.7207,psl6,2024,07,06,07
477.0,480.0,Trochalopteron variegatum,Variegated Laughingthrush,0.5104,psl6,2024,07,06,07
501.0,504.0,Trochalopteron variegatum,Variegated Laughingthrush,0.5722,psl6,2024,07,06,07
549.0,552.0,Trochalopteron variegatum,Variegated Laughingthrush,0.6466,psl6,2024,07,06,07
573.0,576.0,Ficedula tricolor,Slaty-blue Flycatcher,0.6462,psl6,2024,07,06,07
588.0,591.0,Trochalopteron variegatum,Variegated Laughingthrush,0.9047,psl6,2024,07,06,07
612.0,615.0,Trochalopteron variegatum,Variegated Laughingthrush,0.5536,psl6,2024,07,06,07
663.0,666.0,Ficedula tricolor,Slaty-blue Flycatcher,0.5774,psl6,2024,07,06,07
702.0,705.0,Ficedula tricolor,Slaty-blue Flycatcher,0.7603,psl6,2024,07,06,07
810.0,813.0,Phylloscopus humei,Hume's Warbler,0.9305,psl6,2024,07,06,07
813.0,816.0,Phylloscopus humei,Hume's Warbler,0.7858,psl6,2024,07,06,07
816.0,819.0,Phylloscopus humei,Hume's Warbler,0.9801,psl6,2024,07,06,07
819.0,822.0,Phylloscopus humei,Hume's Warbler,0.9638,psl6,2024,07,06,07
825.0,828.0,Phylloscopus humei,Hume's Warbler,0.9904,psl6,2024,07,06,07
828.0,831.0,Phylloscopus humei,Hume's Warbler,0.5121,psl6,2024,07,06,07
837.0,840.0,Phylloscopus humei,Hume's Warbler,0.8662,psl6,2024,07,06,07
846.0,849.0,Phylloscopus humei,Hume's Warbler,0.91,psl6,2024,07,06,07
849.0,852.0,Phylloscopus humei,Hume's Warbler,0.9149,psl6,2024,07,06,07
894.0,897.0,Phylloscopus humei,Hume's Warbler,0.8715,psl6,2024,07,06,07
897.0,900.0,Phylloscopus nitidus,Green Warbler,0.7212,psl6,2024,07,06,07
3.0,6.0,Larvivora brunnea,Indian Blue Robin,0.9578,psl6,2024,07,06,08
42.0,45.0,Larvivora brunnea,Indian Blue Robin,0.9677,psl6,2024,07,06,08
72.0,75.0,Larvivora brunnea,Indian Blue Robin,0.9475,psl6,2024,07,06,08
201.0,204.0,Phylloscopus humei,Hume's Warbler,0.9689,psl6,2024,07,06,08
204.0,207.0,Phylloscopus humei,Hume's Warbler,0.7061,psl6,2024,07,06,08
267.0,270.0,Ficedula tricolor,Slaty-blue Flycatcher,0.8591,psl6,2024,07,06,08
297.0,300.0,Ficedula tricolor,Slaty-blue Flycatcher,0.6383,psl6,2024,07,06,08
309.0,312.0,Ficedula tricolor,Slaty-blue Flycatcher,0.791,psl6,2024,07,06,08
321.0,324.0,Ficedula tricolor,Slaty-blue Flycatcher,0.7221,psl6,2024,07,06,08
324.0,327.0,Ficedula tricolor,Slaty-blue Flycatcher,0.8965,psl6,2024,07,06,08
327.0,330.0,Ficedula tricolor,Slaty-blue Flycatcher,0.6975,psl6,2024,07,06,08
333.0,336.0,Ficedula tricolor,Slaty-blue Flycatcher,0.8414,psl6,2024,07,06,08
339.0,342.0,Ficedula tricolor,Slaty-blue Flycatcher,0.925,psl6,2024,07,06,08
345.0,348.0,Ficedula tricolor,Slaty-blue Flycatcher,0.7327,psl6,2024,07,06,08
348.0,351.0,Ficedula tricolor,Slaty-blue Flycatcher,0.9269,psl6,2024,07,06,08
354.0,357.0,Ficedula tricolor,Slaty-blue Flycatcher,0.8661,psl6,2024,07,06,08
357.0,360.0,Ficedula tricolor,Slaty-blue Flycatcher,0.5666,psl6,2024,07,06,08
387.0,390.0,Ficedula tricolor,Slaty-blue Flycatcher,0.8318,psl6,2024,07,06,08
477.0,480.0,Phylloscopus humei,Hume's Warbler,0.77,psl6,2024,07,06,08
570.0,573.0,Phylloscopus trochiloides,Greenish Warbler,0.652,psl6,2024,07,06,08
594.0,597.0,Phylloscopus nitidus,Green Warbler,0.6139,psl6,2024,07,06,08
594.0,597.0,Phylloscopus trochiloides,Greenish Warbler,0.5051,psl6,2024,07,06,08
627.0,630.0,Phylloscopus reguloides,Blyth's Leaf Warbler,0.6166,psl6,2024,07,06,08
642.0,645.0,Zosterops simplex,Swinhoe's White-eye,0.7084,psl6,2024,07,06,08
657.0,660.0,Phylloscopus trochiloides,Greenish Warbler,0.6089,psl6,2024,07,06,08
738.0,741.0,Phylloscopus humei,Hume's Warbler,0.5453,psl6,2024,07,06,08
807.0,810.0,Phylloscopus nitidus,Green Warbler,0.7214,psl6,2024,07,06,08
894.0,897.0,Phylloscopus nitidus,Green Warbler,0.8718,psl6,2024,07,06,08
90.0,93.0,Carpodacus erythrinus,Common Rosefinch,0.7319,psl6,2024,07,06,09
105.0,108.0,Carpodacus erythrinus,Common Rosefinch,0.8668,psl6,2024,07,06,09
129.0,132.0,Carpodacus erythrinus,Common Rosefinch,0.7755,psl6,2024,07,06,09
156.0,159.0,Zosterops simplex,Swinhoe's White-eye,0.5632,psl6,2024,07,06,09
216.0,219.0,Phylloscopus occipitalis,Western Crowned Warbler,0.6728,psl6,2024,07,06,09
462.0,465.0,Phylloscopus humei,Hume's Warbler,0.5606,psl6,2024,07,06,09
843.0,846.0,Phylloscopus humei,Hume's Warbler,0.937,psl6,2024,07,06,09
12.0,15.0,Luscinia phaenicuroides,White-bellied Redstart,0.9512,psl6,2024,07,07,06
33.0,36.0,Phylloscopus occipitalis,Western Crowned Warbler,0.5413,psl6,2024,07,07,06
42.0,45.0,Phylloscopus nitidus,Green Warbler,0.7045,psl6,2024,07,07,06
51.0,54.0,Luscinia phaenicuroides,White-bellied Redstart,0.8627,psl6,2024,07,07,06
54.0,57.0,Phylloscopus trochiloides,Greenish Warbler,0.5752,psl6,2024,07,07,06
60.0,63.0,Luscinia phaenicuroides,White-bellied Redstart,0.5051,psl6,2024,07,07,06
63.0,66.0,Luscinia phaenicuroides,White-bellied Redstart,0.7989,psl6,2024,07,07,06
69.0,72.0,Luscinia phaenicuroides,White-bellied Redstart,0.7308,psl6,2024,07,07,06
78.0,81.0,Luscinia phaenicuroides,White-bellied Redstart,0.8649,psl6,2024,07,07,06
87.0,90.0,Phylloscopus trochiloides,Greenish Warbler,0.8071,psl6,2024,07,07,06
93.0,96.0,Luscinia phaenicuroides,White-bellied Redstart,0.7064,psl6,2024,07,07,06
102.0,105.0,Phylloscopus trochiloides,Greenish Warbler,0.5173,psl6,2024,07,07,06
108.0,111.0,Phylloscopus occipitalis,Western Crowned Warbler,0.6026,psl6,2024,07,07,06
111.0,114.0,Phylloscopus nitidus,Green Warbler,0.8336,psl6,2024,07,07,06
114.0,117.0,Luscinia phaenicuroides,White-bellied Redstart,0.843,psl6,2024,07,07,06
120.0,123.0,Phylloscopus occipitalis,Western Crowned Warbler,0.8076,psl6,2024,07,07,06
126.0,129.0,Phylloscopus tytleri,Tytler's Leaf Warbler,0.8347,psl6,2024,07,07,06
132.0,135.0,Phylloscopus occipitalis,Western Crowned Warbler,0.6767,psl6,2024,07,07,06
135.0,138.0,Phylloscopus nitidus,Green Warbler,0.5301,psl6,2024,07,07,06
150.0,153.0,Phylloscopus occipitalis,Western Crowned Warbler,0.9071,psl6,2024,07,07,06
168.0,171.0,Phylloscopus nitidus,Green Warbler,0.5077,psl6,2024,07,07,06
174.0,177.0,Phylloscopus occipitalis,Western Crowned Warbler,0.5843,psl6,2024,07,07,06
183.0,186.0,Luscinia phaenicuroides,White-bellied Redstart,0.6419,psl6,2024,07,07,06
195.0,198.0,Luscinia phaenicuroides,White-bellied Redstart,0.9126,psl6,2024,07,07,06
201.0,204.0,Phylloscopus trochiloides,Greenish Warbler,0.5535,psl6,2024,07,07,06
210.0,213.0,Luscinia phaenicuroides,White-bellied Redstart,0.5635,psl6,2024,07,07,06
213.0,216.0,Phylloscopus nitidus,Green Warbler,0.573,psl6,2024,07,07,06
213.0,216.0,Phylloscopus trochiloides,Greenish Warbler,0.5701,psl6,2024,07,07,06
216.0,219.0,Luscinia phaenicuroides,White-bellied Redstart,0.508,psl6,2024,07,07,06
240.0,243.0,Luscinia phaenicuroides,White-bellied Redstart,0.5129,psl6,2024,07,07,06
315.0,318.0,Phylloscopus trochiloides,Greenish Warbler,0.5011,psl6,2024,07,07,06
327.0,330.0,Phylloscopus nitidus,Green Warbler,0.5054,psl6,2024,07,07,06
342.0,345.0,Phylloscopus occipitalis,Western Crowned Warbler,0.5646,psl6,2024,07,07,06
354.0,357.0,Larvivora brunnea,Indian Blue Robin,0.5155,psl6,2024,07,07,06
372.0,375.0,Phylloscopus occipitalis,Western Crowned Warbler,0.625,psl6,2024,07,07,06
387.0,390.0,Phylloscopus trochiloides,Greenish Warbler,0.7228,psl6,2024,07,07,06
402.0,405.0,Phylloscopus trochiloides,Greenish Warbler,0.5712,psl6,2024,07,07,06
411.0,414.0,Phylloscopus nitidus,Green Warbler,0.515,psl6,2024,07,07,06
417.0,420.0,Phylloscopus occipitalis,Western Crowned Warbler,0.6231,psl6,2024,07,07,06
423.0,426.0,Phylloscopus trochiloides,Greenish Warbler,0.5121,psl6,2024,07,07,06
426.0,429.0,Phylloscopus trochiloides,Greenish Warbler,0.5464,psl6,2024,07,07,06
435.0,438.0,Phylloscopus occipitalis,Western Crowned Warbler,0.5923,psl6,2024,07,07,06
444.0,447.0,Phylloscopus occipitalis,Western Crowned Warbler,0.7455,psl6,2024,07,07,06
465.0,468.0,Phylloscopus nitidus,Green Warbler,0.608,psl6,2024,07,07,06
465.0,468.0,Phylloscopus trochiloides,Greenish Warbler,0.5634,psl6,2024,07,07,06
468.0,471.0,Phylloscopus occipitalis,Western Crowned Warbler,0.9293,psl6,2024,07,07,06
477.0,480.0,Phylloscopus trochiloides,Greenish Warbler,0.6739,psl6,2024,07,07,06
477.0,480.0,Phylloscopus nitidus,Green Warbler,0.5922,psl6,2024,07,07,06
480.0,483.0,Phylloscopus occipitalis,Western Crowned Warbler,0.6841,psl6,2024,07,07,06
486.0,489.0,Phylloscopus occipitalis,Western Crowned Warbler,0.9614,psl6,2024,07,07,06
498.0,501.0,Phylloscopus occipitalis,Western Crowned Warbler,0.89,psl6,2024,07,07,06
507.0,510.0,Phylloscopus occipitalis,Western Crowned Warbler,0.8979,psl6,2024,07,07,06
510.0,513.0,Phylloscopus occipitalis,Western Crowned Warbler,0.897,psl6,2024,07,07,06
516.0,519.0,Phylloscopus occipitalis,Western Crowned Warbler,0.9374,psl6,2024,07,07,06
519.0,522.0,Phylloscopus occipitalis,Western Crowned Warbler,0.7135,psl6,2024,07,07,06
522.0,525.0,Phylloscopus occipitalis,Western Crowned Warbler,0.8607,psl6,2024,07,07,06
525.0,528.0,Phylloscopus occipitalis,Western Crowned Warbler,0.9941,psl6,2024,07,07,06
528.0,531.0,Phylloscopus nitidus,Green Warbler,0.5001,psl6,2024,07,07,06
537.0,540.0,Phylloscopus occipitalis,Western Crowned Warbler,0.9982,psl6,2024,07,07,06
543.0,546.0,Phylloscopus occipitalis,Western Crowned Warbler,0.9702,psl6,2024,07,07,06
546.0,549.0,Phylloscopus reguloides,Blyth's Leaf Warbler,0.6328,psl6,2024,07,07,06
552.0,555.0,Phylloscopus occipitalis,Western Crowned Warbler,0.8216,psl6,2024,07,07,06
564.0,567.0,Phylloscopus occipitalis,Western Crowned Warbler,0.5825,psl6,2024,07,07,06
567.0,570.0,Phylloscopus occipitalis,Western Crowned Warbler,0.9838,psl6,2024,07,07,06
582.0,585.0,Phylloscopus occipitalis,Western Crowned Warbler,0.8617,psl6,2024,07,07,06
591.0,594.0,Phylloscopus occipitalis,Western Crowned Warbler,0.5869,psl6,2024,07,07,06
600.0,603.0,Phylloscopus occipitalis,Western Crowned Warbler,0.9113,psl6,2024,07,07,06
606.0,609.0,Phylloscopus occipitalis,Western Crowned Warbler,0.6879,psl6,2024,07,07,06
609.0,612.0,Phylloscopus occipitalis,Western Crowned Warbler,0.5002,psl6,2024,07,07,06
612.0,615.0,Phylloscopus occipitalis,Western Crowned Warbler,0.5442,psl6,2024,07,07,06
624.0,627.0,Phylloscopus occipitalis,Western Crowned Warbler,0.7115,psl6,2024,07,07,06
633.0,636.0,Phylloscopus occipitalis,Western Crowned Warbler,0.782,psl6,2024,07,07,06
636.0,639.0,Phylloscopus occipitalis,Western Crowned Warbler,0.9906,psl6,2024,07,07,06
642.0,645.0,Phylloscopus occipitalis,Western Crowned Warbler,0.9756,psl6,2024,07,07,06
645.0,648.0,Phylloscopus occipitalis,Western Crowned Warbler,0.7814,psl6,2024,07,07,06
660.0,663.0,Phylloscopus occipitalis,Western Crowned Warbler,0.8781,psl6,2024,07,07,06
663.0,666.0,Phylloscopus tytleri,Tytler's Leaf Warbler,0.672,psl6,2024,07,07,06
717.0,720.0,Trochalopteron variegatum,Variegated Laughingthrush,0.6583,psl6,2024,07,07,06
771.0,774.0,Lophorina superba,Greater Lophorina,0.7403,psl6,2024,07,07,06
795.0,798.0,Lophorina superba,Greater Lophorina,0.5129,psl6,2024,07,07,06
801.0,804.0,Lophorina superba,Greater Lophorina,0.5509,psl6,2024,07,07,06
807.0,810.0,Lophorina superba,Greater Lophorina,0.688,psl6,2024,07,07,06
873.0,876.0,Lophorina superba,Greater Lophorina,0.5407,psl6,2024,07,07,06
414.0,417.0,Zosterops simplex,Swinhoe's White-eye,0.6887,psl6,2024,07,07,07
450.0,453.0,Carpodacus erythrinus,Common Rosefinch,0.5243,psl6,2024,07,07,07
12.0,15.0,Luscinia phaenicuroides,White-bellied Redstart,0.5521,psl6,2024,07,07,08
21.0,24.0,Luscinia phaenicuroides,White-bellied Redstart,0.8017,psl6,2024,07,07,08
24.0,27.0,Larvivora brunnea,Indian Blue Robin,0.9971,psl6,2024,07,07,08
39.0,42.0,Phylloscopus humei,Hume's Warbler,0.9553,psl6,2024,07,07,08
42.0,45.0,Phylloscopus humei,Hume's Warbler,0.7778,psl6,2024,07,07,08
48.0,51.0,Larvivora brunnea,Indian Blue Robin,0.8689,psl6,2024,07,07,08
51.0,54.0,Phylloscopus humei,Hume's Warbler,0.8465,psl6,2024,07,07,08
54.0,57.0,Phylloscopus humei,Hume's Warbler,0.9108,psl6,2024,07,07,08
60.0,63.0,Phylloscopus humei,Hume's Warbler,0.7292,psl6,2024,07,07,08
69.0,72.0,Larvivora brunnea,Indian Blue Robin,0.9466,psl6,2024,07,07,08
72.0,75.0,Larvivora brunnea,Indian Blue Robin,0.9555,psl6,2024,07,07,08
99.0,102.0,Larvivora brunnea,Indian Blue Robin,0.919,psl6,2024,07,07,08
123.0,126.0,Larvivora brunnea,Indian Blue Robin,0.9103,psl6,2024,07,07,08
141.0,144.0,Cuculus poliocephalus,Lesser Cuckoo,0.8079,psl6,2024,07,07,08
147.0,150.0,Larvivora brunnea,Indian Blue Robin,0.9863,psl6,2024,07,07,08
168.0,171.0,Larvivora brunnea,Indian Blue Robin,0.7372,psl6,2024,07,07,08
171.0,174.0,Larvivora brunnea,Indian Blue Robin,0.9969,psl6,2024,07,07,08
192.0,195.0,Larvivora brunnea,Indian Blue Robin,0.9878,psl6,2024,07,07,08
219.0,222.0,Larvivora brunnea,Indian Blue Robin,0.9961,psl6,2024,07,07,08
252.0,255.0,Larvivora brunnea,Indian Blue Robin,0.9982,psl6,2024,07,07,08
276.0,279.0,Trochalopteron affine,Black-faced Laughingthrush,0.5828,psl6,2024,07,07,08
285.0,288.0,Larvivora brunnea,Indian Blue Robin,0.8047,psl6,2024,07,07,08
315.0,318.0,Phylloscopus humei,Hume's Warbler,0.8412,psl6,2024,07,07,08
318.0,321.0,Phylloscopus humei,Hume's Warbler,0.7126,psl6,2024,07,07,08
336.0,339.0,Larvivora brunnea,Indian Blue Robin,0.8066,psl6,2024,07,07,08
342.0,345.0,Phylloscopus humei,Hume's Warbler,0.9787,psl6,2024,07,07,08
345.0,348.0,Phylloscopus humei,Hume's Warbler,0.5329,psl6,2024,07,07,08
372.0,375.0,Larvivora brunnea,Indian Blue Robin,0.9499,psl6,2024,07,07,08
384.0,387.0,Phylloscopus occipitalis,Western Crowned Warbler,0.8383,psl6,2024,07,07,08
387.0,390.0,Phylloscopus humei,Hume's Warbler,0.5056,psl6,2024,07,07,08
399.0,402.0,Phylloscopus occipitalis,Western Crowned Warbler,0.7085,psl6,2024,07,07,08
411.0,414.0,Larvivora brunnea,Indian Blue Robin,0.9985,psl6,2024,07,07,08
423.0,426.0,Trochalopteron variegatum,Variegated Laughingthrush,0.5194,psl6,2024,07,07,08
426.0,429.0,Phylloscopus humei,Hume's Warbler,0.6689,psl6,2024,07,07,08
438.0,441.0,Zosterops japonicus,Warbling White-eye,0.5618,psl6,2024,07,07,08
444.0,447.0,Phylloscopus occipitalis,Western Crowned Warbler,0.9053,psl6,2024,07,07,08
453.0,456.0,Phylloscopus humei,Hume's Warbler,0.7891,psl6,2024,07,07,08
456.0,459.0,Phylloscopus occipitalis,Western Crowned Warbler,0.7027,psl6,2024,07,07,08
471.0,474.0,Phylloscopus occipitalis,Western Crowned Warbler,0.9655,psl6,2024,07,07,08
489.0,492.0,Phylloscopus occipitalis,Western Crowned Warbler,0.934,psl6,2024,07,07,08
492.0,495.0,Phylloscopus occipitalis,Western Crowned Warbler,0.8522,psl6,2024,07,07,08
501.0,504.0,Phylloscopus occipitalis,Western Crowned Warbler,0.6576,psl6,2024,07,07,08
513.0,516.0,Phylloscopus occipitalis,Western Crowned Warbler,0.7796,psl6,2024,07,07,08
522.0,525.0,Phylloscopus occipitalis,Western Crowned Warbler,0.5398,psl6,2024,07,07,08
555.0,558.0,Larvivora brunnea,Indian Blue Robin,0.7621,psl6,2024,07,07,08
591.0,594.0,Phylloscopus humei,Hume's Warbler,0.9791,psl6,2024,07,07,08
600.0,603.0,Larvivora brunnea,Indian Blue Robin,0.9523,psl6,2024,07,07,08
609.0,612.0,Trochalopteron variegatum,Variegated Laughingthrush,0.5443,psl6,2024,07,07,08
627.0,630.0,Larvivora brunnea,Indian Blue Robin,0.9971,psl6,2024,07,07,08
690.0,693.0,Phylloscopus humei,Hume's Warbler,0.91,psl6,2024,07,07,08
708.0,711.0,Larvivora brunnea,Indian Blue Robin,0.5542,psl6,2024,07,07,08
732.0,735.0,Luscinia phaenicuroides,White-bellied Redstart,0.5257,psl6,2024,07,07,08
735.0,738.0,Larvivora brunnea,Indian Blue Robin,0.836,psl6,2024,07,07,08
747.0,750.0,Phylloscopus humei,Hume's Warbler,0.9073,psl6,2024,07,07,08
753.0,756.0,Phylloscopus humei,Hume's Warbler,0.8944,psl6,2024,07,07,08
756.0,759.0,Phylloscopus humei,Hume's Warbler,0.9483,psl6,2024,07,07,08
759.0,762.0,Larvivora brunnea,Indian Blue Robin,0.8099,psl6,2024,07,07,08
762.0,765.0,Larvivora brunnea,Indian Blue Robin,0.8793,psl6,2024,07,07,08
780.0,783.0,Luscinia phaenicuroides,White-bellied Redstart,0.7332,psl6,2024,07,07,08
798.0,801.0,Larvivora brunnea,Indian Blue Robin,0.8561,psl6,2024,07,07,08
801.0,804.0,Larvivora brunnea,Indian Blue Robin,0.8423,psl6,2024,07,07,08
828.0,831.0,Luscinia phaenicuroides,White-bellied Redstart,0.5055,psl6,2024,07,07,08
837.0,840.0,Larvivora brunnea,Indian Blue Robin,0.9202,psl6,2024,07,07,08
840.0,843.0,Luscinia phaenicuroides,White-bellied Redstart,0.5196,psl6,2024,07,07,08
852.0,855.0,Larvivora brunnea,Indian Blue Robin,0.7328,psl6,2024,07,07,08
855.0,858.0,Larvivora brunnea,Indian Blue Robin,0.8951,psl6,2024,07,07,08
858.0,861.0,Phylloscopus humei,Hume's Warbler,0.9711,psl6,2024,07,07,08
861.0,864.0,Luscinia phaenicuroides,White-bellied Redstart,0.7589,psl6,2024,07,07,08
864.0,867.0,Phylloscopus humei,Hume's Warbler,0.9703,psl6,2024,07,07,08
891.0,894.0,Larvivora brunnea,Indian Blue Robin,0.9546,psl6,2024,07,07,08
0.0,3.0,Phylloscopus humei,Hume's Warbler,0.8435,psl6,2024,07,07,09
12.0,15.0,Phylloscopus humei,Hume's Warbler,0.9512,psl6,2024,07,07,09
24.0,27.0,Phylloscopus humei,Hume's Warbler,0.6507,psl6,2024,07,07,09
36.0,39.0,Atlapetes latinuchus,Yellow-breasted Brushfinch,0.5859,psl6,2024,07,07,09
117.0,120.0,Phylloscopus humei,Hume's Warbler,0.6534,psl6,2024,07,07,09
213.0,216.0,Phylloscopus humei,Hume's Warbler,0.7238,psl6,2024,07,07,09
219.0,222.0,Phylloscopus humei,Hume's Warbler,0.5937,psl6,2024,07,07,09
273.0,276.0,Larvivora brunnea,Indian Blue Robin,0.5137,psl6,2024,07,07,09
387.0,390.0,Phylloscopus occipitalis,Western Crowned Warbler,0.6326,psl6,2024,07,07,09
453.0,456.0,Phylloscopus humei,Hume's Warbler,0.538,psl6,2024,07,07,09
573.0,576.0,Carpodacus erythrinus,Common Rosefinch,0.5584,psl6,2024,07,07,09
582.0,585.0,Carpodacus erythrinus,Common Rosefinch,0.5063,psl6,2024,07,07,09
585.0,588.0,Carpodacus erythrinus,Common Rosefinch,0.8491,psl6,2024,07,07,09
594.0,597.0,Carpodacus erythrinus,Common Rosefinch,0.5283,psl6,2024,07,07,09
600.0,603.0,Carpodacus erythrinus,Common Rosefinch,0.6532,psl6,2024,07,07,09
609.0,612.0,Ficedula tricolor,Slaty-blue Flycatcher,0.9775,psl6,2024,07,07,09
615.0,618.0,Phylloscopus humei,Hume's Warbler,0.6711,psl6,2024,07,07,09
618.0,621.0,Carpodacus erythrinus,Common Rosefinch,0.5347,psl6,2024,07,07,09
621.0,624.0,Phylloscopus humei,Hume's Warbler,0.8508,psl6,2024,07,07,09
624.0,627.0,Carpodacus erythrinus,Common Rosefinch,0.5883,psl6,2024,07,07,09
636.0,639.0,Carpodacus erythrinus,Common Rosefinch,0.8143,psl6,2024,07,07,09
654.0,657.0,Carpodacus erythrinus,Common Rosefinch,0.5456,psl6,2024,07,07,09
681.0,684.0,Carpodacus erythrinus,Common Rosefinch,0.5033,psl6,2024,07,07,09
786.0,789.0,Carpodacus erythrinus,Common Rosefinch,0.5849,psl6,2024,07,07,09
795.0,798.0,Carpodacus erythrinus,Common Rosefinch,0.5857,psl6,2024,07,07,09
822.0,825.0,Carpodacus erythrinus,Common Rosefinch,0.8019,psl6,2024,07,07,09
834.0,837.0,Carpodacus erythrinus,Common Rosefinch,0.5321,psl6,2024,07,07,09
879.0,882.0,Carpodacus erythrinus,Common Rosefinch,0.7117,psl6,2024,07,07,09
885.0,888.0,Carpodacus erythrinus,Common Rosefinch,0.6955,psl6,2024,07,07,09
891.0,894.0,Carpodacus erythrinus,Common Rosefinch,0.6716,psl6,2024,07,07,09
276.0,279.0,Phylloscopus occipitalis,Western Crowned Warbler,0.8729,psl6,2024,07,08,06
288.0,291.0,Phylloscopus occipitalis,Western Crowned Warbler,0.769,psl6,2024,07,08,06
312.0,315.0,Phylloscopus occipitalis,Western Crowned Warbler,0.9399,psl6,2024,07,08,06
324.0,327.0,Phylloscopus occipitalis,Western Crowned Warbler,0.7201,psl6,2024,07,08,06
333.0,336.0,Phylloscopus occipitalis,Western Crowned Warbler,0.7433,psl6,2024,07,08,06
360.0,363.0,Phylloscopus occipitalis,Western Crowned Warbler,0.856,psl6,2024,07,08,06
369.0,372.0,Phylloscopus occipitalis,Western Crowned Warbler,0.5976,psl6,2024,07,08,06
372.0,375.0,Phylloscopus occipitalis,Western Crowned Warbler,0.9014,psl6,2024,07,08,06
402.0,405.0,Phylloscopus occipitalis,Western Crowned Warbler,0.9655,psl6,2024,07,08,06
405.0,408.0,Phylloscopus occipitalis,Western Crowned Warbler,0.8001,psl6,2024,07,08,06
423.0,426.0,Phylloscopus occipitalis,Western Crowned Warbler,0.7613,psl6,2024,07,08,06
531.0,534.0,Carpodacus erythrinus,Common Rosefinch,0.756,psl6,2024,07,08,06
537.0,540.0,Carpodacus erythrinus,Common Rosefinch,0.5189,psl6,2024,07,08,06
12.0,15.0,Trochalopteron variegatum,Variegated Laughingthrush,0.6063,psl6,2024,07,08,07
36.0,39.0,Trochalopteron variegatum,Variegated Laughingthrush,0.5236,psl6,2024,07,08,07
54.0,57.0,Trochalopteron variegatum,Variegated Laughingthrush,0.9229,psl6,2024,07,08,07
69.0,72.0,Trochalopteron affine,Black-faced Laughingthrush,0.5578,psl6,2024,07,08,07
69.0,72.0,Larvivora brunnea,Indian Blue Robin,0.5325,psl6,2024,07,08,07
69.0,72.0,Trochalopteron variegatum,Variegated Laughingthrush,0.5119,psl6,2024,07,08,07
90.0,93.0,Trochalopteron variegatum,Variegated Laughingthrush,0.6485,psl6,2024,07,08,07
102.0,105.0,Trochalopteron variegatum,Variegated Laughingthrush,0.7348,psl6,2024,07,08,07
108.0,111.0,Trochalopteron variegatum,Variegated Laughingthrush,0.5113,psl6,2024,07,08,07
111.0,114.0,Trochalopteron variegatum,Variegated Laughingthrush,0.7037,psl6,2024,07,08,07
126.0,129.0,Trochalopteron variegatum,Variegated Laughingthrush,0.5598,psl6,2024,07,08,07
132.0,135.0,Trochalopteron variegatum,Variegated Laughingthrush,0.8928,psl6,2024,07,08,07
147.0,150.0,Trochalopteron variegatum,Variegated Laughingthrush,0.9074,psl6,2024,07,08,07
153.0,156.0,Trochalopteron variegatum,Variegated Laughingthrush,0.5429,psl6,2024,07,08,07
165.0,168.0,Trochalopteron variegatum,Variegated Laughingthrush,0.778,psl6,2024,07,08,07
177.0,180.0,Larvivora brunnea,Indian Blue Robin,0.5345,psl6,2024,07,08,07
180.0,183.0,Larvivora brunnea,Indian Blue Robin,0.5191,psl6,2024,07,08,07
183.0,186.0,Trochalopteron variegatum,Variegated Laughingthrush,0.5856,psl6,2024,07,08,07
279.0,282.0,Phylloscopus nitidus,Green Warbler,0.583,psl6,2024,07,08,07
279.0,282.0,Phylloscopus trochiloides,Greenish Warbler,0.5543,psl6,2024,07,08,07
282.0,285.0,Trochalopteron variegatum,Variegated Laughingthrush,0.6114,psl6,2024,07,08,07
303.0,306.0,Phylloscopus trochiloides,Greenish Warbler,0.5952,psl6,2024,07,08,07
357.0,360.0,Phylloscopus nitidus,Green Warbler,0.5499,psl6,2024,07,08,07
384.0,387.0,Phylloscopus trochiloides,Greenish Warbler,0.5591,psl6,2024,07,08,07
414.0,417.0,Phylloscopus nitidus,Green Warbler,0.5074,psl6,2024,07,08,07
417.0,420.0,Phylloscopus trochiloides,Greenish Warbler,0.6011,psl6,2024,07,08,07
432.0,435.0,Phylloscopus magnirostris,Large-billed Leaf Warbler,0.5205,psl6,2024,07,08,07
438.0,441.0,Phylloscopus occipitalis,Western Crowned Warbler,0.5394,psl6,2024,07,08,07
441.0,444.0,Phylloscopus nitidus,Green Warbler,0.5031,psl6,2024,07,08,07
456.0,459.0,Phylloscopus nitidus,Green Warbler,0.7867,psl6,2024,07,08,07
456.0,459.0,Phylloscopus trochiloides,Greenish Warbler,0.6141,psl6,2024,07,08,07
465.0,468.0,Phylloscopus nitidus,Green Warbler,0.7444,psl6,2024,07,08,07
468.0,471.0,Phylloscopus trochiloides,Greenish Warbler,0.6339,psl6,2024,07,08,07
468.0,471.0,Phylloscopus nitidus,Green Warbler,0.6121,psl6,2024,07,08,07
492.0,495.0,Phylloscopus nitidus,Green Warbler,0.5835,psl6,2024,07,08,07
495.0,498.0,Phylloscopus nitidus,Green Warbler,0.7776,psl6,2024,07,08,07
495.0,498.0,Phylloscopus trochiloides,Greenish Warbler,0.5336,psl6,2024,07,08,07
540.0,543.0,Phylloscopus nitidus,Green Warbler,0.6736,psl6,2024,07,08,07
570.0,573.0,Phylloscopus trochiloides,Greenish Warbler,0.5478,psl6,2024,07,08,07
579.0,582.0,Phylloscopus nitidus,Green Warbler,0.8652,psl6,2024,07,08,07
582.0,585.0,Phylloscopus nitidus,Green Warbler,0.8839,psl6,2024,07,08,07
582.0,585.0,Phylloscopus trochiloides,Greenish Warbler,0.7184,psl6,2024,07,08,07
597.0,600.0,Phylloscopus tytleri,Tytler's Leaf Warbler,0.5097,psl6,2024,07,08,07
606.0,609.0,Phylloscopus nitidus,Green Warbler,0.5626,psl6,2024,07,08,07
624.0,627.0,Phylloscopus nitidus,Green Warbler,0.825,psl6,2024,07,08,07
624.0,627.0,Phylloscopus trochiloides,Greenish Warbler,0.7697,psl6,2024,07,08,07
651.0,654.0,Phylloscopus nitidus,Green Warbler,0.8116,psl6,2024,07,08,07
651.0,654.0,Phylloscopus trochiloides,Greenish Warbler,0.5413,psl6,2024,07,08,07
750.0,753.0,Carpodacus erythrinus,Common Rosefinch,0.5059,psl6,2024,07,08,07
870.0,873.0,Carpodacus erythrinus,Common Rosefinch,0.5603,psl6,2024,07,08,07
897.0,900.0,Carpodacus erythrinus,Common Rosefinch,0.6051,psl6,2024,07,08,07
147.0,150.0,Phylloscopus trochiloides,Greenish Warbler,0.5301,psl6,2024,07,08,08
153.0,156.0,Phylloscopus trochiloides,Greenish Warbler,0.5669,psl6,2024,07,08,08
183.0,186.0,Phylloscopus trochiloides,Greenish Warbler,0.6736,psl6,2024,07,08,08
189.0,192.0,Phylloscopus trochiloides,Greenish Warbler,0.6882,psl6,2024,07,08,08
531.0,534.0,Carpodacus erythrinus,Common Rosefinch,0.557,psl6,2024,07,08,08
546.0,549.0,Carpodacus erythrinus,Common Rosefinch,0.5074,psl6,2024,07,08,08
570.0,573.0,Carpodacus erythrinus,Common Rosefinch,0.5631,psl6,2024,07,08,08
663.0,666.0,Lophorina superba,Greater Lophorina,0.6412,psl6,2024,07,08,08
669.0,672.0,Carpodacus erythrinus,Common Rosefinch,0.5541,psl6,2024,07,08,08
678.0,681.0,Carpodacus erythrinus,Common Rosefinch,0.6074,psl6,2024,07,08,08
681.0,684.0,Carpodacus erythrinus,Common Rosefinch,0.7007,psl6,2024,07,08,08
699.0,702.0,Lophorina superba,Greater Lophorina,0.6101,psl6,2024,07,08,08
714.0,717.0,Carpodacus erythrinus,Common Rosefinch,0.6228,psl6,2024,07,08,08
717.0,720.0,Carpodacus erythrinus,Common Rosefinch,0.7314,psl6,2024,07,08,08
723.0,726.0,Carpodacus erythrinus,Common Rosefinch,0.8538,psl6,2024,07,08,08
750.0,753.0,Carpodacus erythrinus,Common Rosefinch,0.7719,psl6,2024,07,08,08
753.0,756.0,Carpodacus erythrinus,Common Rosefinch,0.5272,psl6,2024,07,08,08
768.0,771.0,Carpodacus erythrinus,Common Rosefinch,0.6887,psl6,2024,07,08,08
780.0,783.0,Carpodacus erythrinus,Common Rosefinch,0.7423,psl6,2024,07,08,08
810.0,813.0,Phylloscopus nitidus,Green Warbler,0.7037,psl6,2024,07,08,08
819.0,822.0,Phylloscopus reguloides,Blyth's Leaf Warbler,0.5297,psl6,2024,07,08,08
822.0,825.0,Phylloscopus trochiloides,Greenish Warbler,0.8311,psl6,2024,07,08,08
825.0,828.0,Phylloscopus trochiloides,Greenish Warbler,0.8508,psl6,2024,07,08,08
828.0,831.0,Phylloscopus trochiloides,Greenish Warbler,0.5695,psl6,2024,07,08,08
834.0,837.0,Phylloscopus trochiloides,Greenish Warbler,0.6037,psl6,2024,07,08,08
846.0,849.0,Carpodacus erythrinus,Common Rosefinch,0.6751,psl6,2024,07,08,08
93.0,96.0,Phylloscopus nitidus,Green Warbler,0.6491,psl6,2024,07,08,09
108.0,111.0,Phylloscopus nitidus,Green Warbler,0.7202,psl6,2024,07,08,09
138.0,141.0,Phylloscopus nitidus,Green Warbler,0.8607,psl6,2024,07,08,09
150.0,153.0,Larvivora brunnea,Indian Blue Robin,0.8137,psl6,2024,07,08,09
174.0,177.0,Larvivora brunnea,Indian Blue Robin,0.9497,psl6,2024,07,08,09
201.0,204.0,Larvivora brunnea,Indian Blue Robin,0.5364,psl6,2024,07,08,09
264.0,267.0,Larvivora brunnea,Indian Blue Robin,0.7465,psl6,2024,07,08,09
303.0,306.0,Larvivora brunnea,Indian Blue Robin,0.8498,psl6,2024,07,08,09
339.0,342.0,Phylloscopus nitidus,Green Warbler,0.5723,psl6,2024,07,08,09
768.0,771.0,Phylloscopus nitidus,Green Warbler,0.508,psl6,2024,07,08,09
882.0,885.0,Phylloscopus nitidus,Green Warbler,0.6254,psl6,2024,07,08,09
9.0,12.0,Zosterops simplex,Swinhoe's White-eye,0.7439,psl6,2024,07,09,06
99.0,102.0,Phylloscopus trochiloides,Greenish Warbler,0.7568,psl6,2024,07,09,06
159.0,162.0,Phylloscopus nitidus,Green Warbler,0.515,psl6,2024,07,09,06
162.0,165.0,Phylloscopus trochiloides,Greenish Warbler,0.7097,psl6,2024,07,09,06
210.0,213.0,Phylloscopus nitidus,Green Warbler,0.813,psl6,2024,07,09,06
222.0,225.0,Phylloscopus nitidus,Green Warbler,0.5233,psl6,2024,07,09,06
222.0,225.0,Phylloscopus trochiloides,Greenish Warbler,0.5089,psl6,2024,07,09,06
237.0,240.0,Phylloscopus nitidus,Green Warbler,0.7575,psl6,2024,07,09,06
237.0,240.0,Phylloscopus trochiloides,Greenish Warbler,0.5372,psl6,2024,07,09,06
273.0,276.0,Phylloscopus nitidus,Green Warbler,0.6717,psl6,2024,07,09,06
297.0,300.0,Phylloscopus trochiloides,Greenish Warbler,0.5811,psl6,2024,07,09,06
321.0,324.0,Phylloscopus nitidus,Green Warbler,0.5163,psl6,2024,07,09,06
351.0,354.0,Phylloscopus nitidus,Green Warbler,0.6457,psl6,2024,07,09,06
363.0,366.0,Phylloscopus nitidus,Green Warbler,0.629,psl6,2024,07,09,06
363.0,366.0,Phylloscopus trochiloides,Greenish Warbler,0.5978,psl6,2024,07,09,06
375.0,378.0,Phylloscopus trochiloides,Greenish Warbler,0.5724,psl6,2024,07,09,06
387.0,390.0,Phylloscopus trochiloides,Greenish Warbler,0.6783,psl6,2024,07,09,06
387.0,390.0,Phylloscopus nitidus,Green Warbler,0.6161,psl6,2024,07,09,06
396.0,399.0,Phylloscopus trochiloides,Greenish Warbler,0.5582,psl6,2024,07,09,06
402.0,405.0,Phylloscopus occipitalis,Western Crowned Warbler,0.9981,psl6,2024,07,09,06
405.0,408.0,Phylloscopus occipitalis,Western Crowned Warbler,0.8942,psl6,2024,07,09,06
408.0,411.0,Phylloscopus occipitalis,Western Crowned Warbler,0.9209,psl6,2024,07,09,06
417.0,420.0,Phylloscopus nitidus,Green Warbler,0.8374,psl6,2024,07,09,06
417.0,420.0,Phylloscopus trochiloides,Greenish Warbler,0.5625,psl6,2024,07,09,06
426.0,429.0,Phylloscopus occipitalis,Western Crowned Warbler,0.6409,psl6,2024,07,09,06
438.0,441.0,Phylloscopus occipitalis,Western Crowned Warbler,0.9312,psl6,2024,07,09,06
441.0,444.0,Phylloscopus reguloides,Blyth's Leaf Warbler,0.5521,psl6,2024,07,09,06
459.0,462.0,Phylloscopus occipitalis,Western Crowned Warbler,0.9101,psl6,2024,07,09,06
465.0,468.0,Phylloscopus occipitalis,Western Crowned Warbler,0.5352,psl6,2024,07,09,06
477.0,480.0,Phylloscopus occipitalis,Western Crowned Warbler,0.7676,psl6,2024,07,09,06
480.0,483.0,Phylloscopus occipitalis,Western Crowned Warbler,0.5962,psl6,2024,07,09,06
483.0,486.0,Phylloscopus occipitalis,Western Crowned Warbler,0.9622,psl6,2024,07,09,06
492.0,495.0,Phylloscopus occipitalis,Western Crowned Warbler,0.8617,psl6,2024,07,09,06
510.0,513.0,Phylloscopus trochiloides,Greenish Warbler,0.6488,psl6,2024,07,09,06
678.0,681.0,Trochalopteron variegatum,Variegated Laughingthrush,0.807,psl6,2024,07,09,06
720.0,723.0,Phylloscopus trochiloides,Greenish Warbler,0.5419,psl6,2024,07,09,06
723.0,726.0,Phylloscopus nitidus,Green Warbler,0.6609,psl6,2024,07,09,06
750.0,753.0,Phylloscopus nitidus,Green Warbler,0.7233,psl6,2024,07,09,06
774.0,777.0,Phylloscopus trochiloides,Greenish Warbler,0.8089,psl6,2024,07,09,06
774.0,777.0,Phylloscopus nitidus,Green Warbler,0.8049,psl6,2024,07,09,06
792.0,795.0,Phylloscopus trochiloides,Greenish Warbler,0.7194,psl6,2024,07,09,06
801.0,804.0,Phylloscopus nitidus,Green Warbler,0.8841,psl6,2024,07,09,06
819.0,822.0,Phylloscopus nitidus,Green Warbler,0.6727,psl6,2024,07,09,06
819.0,822.0,Phylloscopus trochiloides,Greenish Warbler,0.6091,psl6,2024,07,09,06
831.0,834.0,Phylloscopus nitidus,Green Warbler,0.8254,psl6,2024,07,09,06
831.0,834.0,Phylloscopus trochiloides,Greenish Warbler,0.5459,psl6,2024,07,09,06
843.0,846.0,Phylloscopus trochiloides,Greenish Warbler,0.5442,psl6,2024,07,09,06
864.0,867.0,Phylloscopus nitidus,Green Warbler,0.5606,psl6,2024,07,09,06
888.0,891.0,Phylloscopus trochiloides,Greenish Warbler,0.5351,psl6,2024,07,09,06
105.0,108.0,Trochalopteron variegatum,Variegated Laughingthrush,0.5297,psl6,2024,07,09,07
117.0,120.0,Trochalopteron variegatum,Variegated Laughingthrush,0.6387,psl6,2024,07,09,07
132.0,135.0,Trochalopteron variegatum,Variegated Laughingthrush,0.8465,psl6,2024,07,09,07
144.0,147.0,Trochalopteron variegatum,Variegated Laughingthrush,0.6745,psl6,2024,07,09,07
156.0,159.0,Trochalopteron variegatum,Variegated Laughingthrush,0.5348,psl6,2024,07,09,07
168.0,171.0,Trochalopteron variegatum,Variegated Laughingthrush,0.8972,psl6,2024,07,09,07
180.0,183.0,Trochalopteron variegatum,Variegated Laughingthrush,0.6889,psl6,2024,07,09,07
183.0,186.0,Trochalopteron variegatum,Variegated Laughingthrush,0.7648,psl6,2024,07,09,07
186.0,189.0,Trochalopteron variegatum,Variegated Laughingthrush,0.9055,psl6,2024,07,09,07
345.0,348.0,Trochalopteron variegatum,Variegated Laughingthrush,0.5501,psl6,2024,07,09,07
759.0,762.0,Trochalopteron variegatum,Variegated Laughingthrush,0.5647,psl6,2024,07,09,07
3.0,6.0,Trochalopteron variegatum,Variegated Laughingthrush,0.8188,psl6,2024,07,09,08
6.0,9.0,Trochalopteron variegatum,Variegated Laughingthrush,0.866,psl6,2024,07,09,08
201.0,204.0,Trochalopteron variegatum,Variegated Laughingthrush,0.7878,psl6,2024,07,09,08
231.0,234.0,Trochalopteron variegatum,Variegated Laughingthrush,0.556,psl6,2024,07,09,08
264.0,267.0,Larvivora brunnea,Indian Blue Robin,0.7224,psl6,2024,07,09,08
369.0,372.0,Phylloscopus magnirostris,Large-billed Leaf Warbler,0.6646,psl6,2024,07,09,08
408.0,411.0,Phylloscopus humei,Hume's Warbler,0.6183,psl6,2024,07,09,08
465.0,468.0,Phylloscopus humei,Hume's Warbler,0.6644,psl6,2024,07,09,08
501.0,504.0,Phylloscopus humei,Hume's Warbler,0.6876,psl6,2024,07,09,08
531.0,534.0,Phylloscopus humei,Hume's Warbler,0.5939,psl6,2024,07,09,08
630.0,633.0,Phylloscopus magnirostris,Large-billed Leaf Warbler,0.7278,psl6,2024,07,09,08
726.0,729.0,Phylloscopus magnirostris,Large-billed Leaf Warbler,0.9302,psl6,2024,07,09,08
732.0,735.0,Phylloscopus magnirostris,Large-billed Leaf Warbler,0.5101,psl6,2024,07,09,08
864.0,867.0,Carpodacus erythrinus,Common Rosefinch,0.5532,psl6,2024,07,09,08
867.0,870.0,Zosterops simplex,Swinhoe's White-eye,0.5266,psl6,2024,07,09,08
120.0,123.0,Carpodacus erythrinus,Common Rosefinch,0.5338,psl6,2024,07,09,09
123.0,126.0,Carpodacus erythrinus,Common Rosefinch,0.5441,psl6,2024,07,09,09
207.0,210.0,Phylloscopus humei,Hume's Warbler,0.858,psl6,2024,07,09,09
222.0,225.0,Phylloscopus humei,Hume's Warbler,0.7665,psl6,2024,07,09,09
237.0,240.0,Phylloscopus humei,Hume's Warbler,0.6874,psl6,2024,07,09,09
249.0,252.0,Phylloscopus humei,Hume's Warbler,0.8876,psl6,2024,07,09,09
285.0,288.0,Trochalopteron variegatum,Variegated Laughingthrush,0.777,psl6,2024,07,09,09
327.0,330.0,Phylloscopus humei,Hume's Warbler,0.7539,psl6,2024,07,09,09
333.0,336.0,Trochalopteron variegatum,Variegated Laughingthrush,0.6851,psl6,2024,07,09,09
354.0,357.0,Phylloscopus occipitalis,Western Crowned Warbler,0.6648,psl6,2024,07,09,09
366.0,369.0,Phylloscopus occipitalis,Western Crowned Warbler,0.8565,psl6,2024,07,09,09
414.0,417.0,Phylloscopus humei,Hume's Warbler,0.8893,psl6,2024,07,09,09
453.0,456.0,Phylloscopus nitidus,Green Warbler,0.8555,psl6,2024,07,09,09
555.0,558.0,Phylloscopus humei,Hume's Warbler,0.8116,psl6,2024,07,09,09
588.0,591.0,Phylloscopus humei,Hume's Warbler,0.8104,psl6,2024,07,09,09
798.0,801.0,Phylloscopus affinis,Tickell's Leaf Warbler,0.5612,psl6,2024,07,09,09
810.0,813.0,Phylloscopus affinis,Tickell's Leaf Warbler,0.6593,psl6,2024,07,09,09
861.0,864.0,Trochalopteron variegatum,Variegated Laughingthrush,0.6153,psl6,2024,07,09,09
888.0,891.0,Trochalopteron variegatum,Variegated Laughingthrush,0.7469,psl6,2024,07,09,09
3.0,6.0,Luscinia phaenicuroides,White-bellied Redstart,0.7077,psl6,2024,07,10,06
18.0,21.0,Phylloscopus humei,Hume's Warbler,0.9648,psl6,2024,07,10,06
24.0,27.0,Phylloscopus humei,Hume's Warbler,0.5386,psl6,2024,07,10,06
27.0,30.0,Phylloscopus nitidus,Green Warbler,0.832,psl6,2024,07,10,06
39.0,42.0,Phylloscopus humei,Hume's Warbler,0.5524,psl6,2024,07,10,06
54.0,57.0,Phylloscopus nitidus,Green Warbler,0.6928,psl6,2024,07,10,06
63.0,66.0,Phylloscopus nitidus,Green Warbler,0.9239,psl6,2024,07,10,06
99.0,102.0,Phylloscopus nitidus,Green Warbler,0.7625,psl6,2024,07,10,06
102.0,105.0,Zosterops simplex,Swinhoe's White-eye,0.7795,psl6,2024,07,10,06
126.0,129.0,Phylloscopus trochiloides,Greenish Warbler,0.6055,psl6,2024,07,10,06
138.0,141.0,Phylloscopus trochiloides,Greenish Warbler,0.7268,psl6,2024,07,10,06
162.0,165.0,Phylloscopus nitidus,Green Warbler,0.893,psl6,2024,07,10,06
162.0,165.0,Phylloscopus trochiloides,Greenish Warbler,0.7955,psl6,2024,07,10,06
177.0,180.0,Phylloscopus nitidus,Green Warbler,0.7444,psl6,2024,07,10,06
192.0,195.0,Phylloscopus trochiloides,Greenish Warbler,0.7555,psl6,2024,07,10,06
192.0,195.0,Phylloscopus nitidus,Green Warbler,0.7416,psl6,2024,07,10,06
204.0,207.0,Phylloscopus nitidus,Green Warbler,0.9848,psl6,2024,07,10,06
204.0,207.0,Phylloscopus trochiloides,Greenish Warbler,0.5118,psl6,2024,07,10,06
207.0,210.0,Ficedula tricolor,Slaty-blue Flycatcher,0.9665,psl6,2024,07,10,06
210.0,213.0,Ficedula tricolor,Slaty-blue Flycatcher,0.9964,psl6,2024,07,10,06
216.0,219.0,Ficedula tricolor,Slaty-blue Flycatcher,0.8217,psl6,2024,07,10,06
219.0,222.0,Phylloscopus trochiloides,Greenish Warbler,0.6019,psl6,2024,07,10,06
228.0,231.0,Phylloscopus humei,Hume's Warbler,0.6482,psl6,2024,07,10,06
249.0,252.0,Phylloscopus nitidus,Green Warbler,0.631,psl6,2024,07,10,06
249.0,252.0,Phylloscopus trochiloides,Greenish Warbler,0.6281,psl6,2024,07,10,06
258.0,261.0,Phylloscopus nitidus,Green Warbler,0.7052,psl6,2024,07,10,06
261.0,264.0,Phylloscopus nitidus,Green Warbler,0.5565,psl6,2024,07,10,06
273.0,276.0,Phylloscopus trochiloides,Greenish Warbler,0.5086,psl6,2024,07,10,06
276.0,279.0,Phylloscopus trochiloides,Greenish Warbler,0.8394,psl6,2024,07,10,06
279.0,282.0,Phylloscopus humei,Hume's Warbler,0.5255,psl6,2024,07,10,06
291.0,294.0,Phylloscopus nitidus,Green Warbler,0.9871,psl6,2024,07,10,06
291.0,294.0,Phylloscopus trochiloides,Greenish Warbler,0.5955,psl6,2024,07,10,06
303.0,306.0,Phylloscopus humei,Hume's Warbler,0.5062,psl6,2024,07,10,06
306.0,309.0,Phylloscopus nitidus,Green Warbler,0.6964,psl6,2024,07,10,06
306.0,309.0,Phylloscopus trochiloides,Greenish Warbler,0.5227,psl6,2024,07,10,06
342.0,345.0,Phylloscopus humei,Hume's Warbler,0.6533,psl6,2024,07,10,06
372.0,375.0,Phylloscopus humei,Hume's Warbler,0.8422,psl6,2024,07,10,06
402.0,405.0,Phylloscopus humei,Hume's Warbler,0.7645,psl6,2024,07,10,06
435.0,438.0,Phylloscopus occipitalis,Western Crowned Warbler,0.9327,psl6,2024,07,10,06
450.0,453.0,Phylloscopus occipitalis,Western Crowned Warbler,0.6779,psl6,2024,07,10,06
462.0,465.0,Phylloscopus humei,Hume's Warbler,0.7748,psl6,2024,07,10,06
489.0,492.0,Phylloscopus occipitalis,Western Crowned Warbler,0.5581,psl6,2024,07,10,06
513.0,516.0,Phylloscopus nitidus,Green Warbler,0.576,psl6,2024,07,10,06
561.0,564.0,Phylloscopus nitidus,Green Warbler,0.6113,psl6,2024,07,10,06
597.0,600.0,Phylloscopus nitidus,Green Warbler,0.5077,psl6,2024,07,10,06
603.0,606.0,Larvivora brunnea,Indian Blue Robin,0.5273,psl6,2024,07,10,06
630.0,633.0,Phylloscopus trochiloides,Greenish Warbler,0.6022,psl6,2024,07,10,06
633.0,636.0,Phylloscopus trochiloides,Greenish Warbler,0.6856,psl6,2024,07,10,06
645.0,648.0,Phylloscopus trochiloides,Greenish Warbler,0.8315,psl6,2024,07,10,06
669.0,672.0,Phylloscopus nitidus,Green Warbler,0.5294,psl6,2024,07,10,06
828.0,831.0,Phylloscopus nitidus,Green Warbler,0.6798,psl6,2024,07,10,06
837.0,840.0,Lophorina superba,Greater Lophorina,0.5237,psl6,2024,07,10,06
867.0,870.0,Lophorina superba,Greater Lophorina,0.515,psl6,2024,07,10,06
894.0,897.0,Luscinia phaenicuroides,White-bellied Redstart,0.7285,psl6,2024,07,10,06
6.0,9.0,Phylloscopus humei,Hume's Warbler,0.652,psl6,2024,07,10,07
24.0,27.0,Phylloscopus occipitalis,Western Crowned Warbler,0.9876,psl6,2024,07,10,07
27.0,30.0,Phylloscopus occipitalis,Western Crowned Warbler,0.9277,psl6,2024,07,10,07
51.0,54.0,Trochalopteron variegatum,Variegated Laughingthrush,0.6237,psl6,2024,07,10,07
57.0,60.0,Phylloscopus humei,Hume's Warbler,0.5355,psl6,2024,07,10,07
63.0,66.0,Phylloscopus occipitalis,Western Crowned Warbler,0.8259,psl6,2024,07,10,07
117.0,120.0,Trochalopteron variegatum,Variegated Laughingthrush,0.6671,psl6,2024,07,10,07
129.0,132.0,Trochalopteron variegatum,Variegated Laughingthrush,0.6143,psl6,2024,07,10,07
183.0,186.0,Trochalopteron variegatum,Variegated Laughingthrush,0.5451,psl6,2024,07,10,07
225.0,228.0,Phylloscopus humei,Hume's Warbler,0.5857,psl6,2024,07,10,07
237.0,240.0,Phylloscopus humei,Hume's Warbler,0.5185,psl6,2024,07,10,07
435.0,438.0,Phylloscopus nitidus,Green Warbler,0.8274,psl6,2024,07,10,07
435.0,438.0,Phylloscopus trochiloides,Greenish Warbler,0.5071,psl6,2024,07,10,07
492.0,495.0,Phylloscopus nitidus,Green Warbler,0.8542,psl6,2024,07,10,07
504.0,507.0,Phylloscopus trochiloides,Greenish Warbler,0.609,psl6,2024,07,10,07
525.0,528.0,Phylloscopus occipitalis,Western Crowned Warbler,0.8016,psl6,2024,07,10,07
534.0,537.0,Phylloscopus occipitalis,Western Crowned Warbler,0.6235,psl6,2024,07,10,07
537.0,540.0,Phylloscopus nitidus,Green Warbler,0.6708,psl6,2024,07,10,07
555.0,558.0,Phylloscopus nitidus,Green Warbler,0.9202,psl6,2024,07,10,07
555.0,558.0,Phylloscopus trochiloides,Greenish Warbler,0.6113,psl6,2024,07,10,07
567.0,570.0,Phylloscopus nitidus,Green Warbler,0.8856,psl6,2024,07,10,07
597.0,600.0,Phylloscopus nitidus,Green Warbler,0.6177,psl6,2024,07,10,07
603.0,606.0,Phylloscopus occipitalis,Western Crowned Warbler,0.7505,psl6,2024,07,10,07
609.0,612.0,Phylloscopus trochiloides,Greenish Warbler,0.5029,psl6,2024,07,10,07
624.0,627.0,Phylloscopus occipitalis,Western Crowned Warbler,0.8059,psl6,2024,07,10,07
630.0,633.0,Phylloscopus occipitalis,Western Crowned Warbler,0.5324,psl6,2024,07,10,07
633.0,636.0,Phylloscopus nitidus,Green Warbler,0.8727,psl6,2024,07,10,07
633.0,636.0,Phylloscopus trochiloides,Greenish Warbler,0.8536,psl6,2024,07,10,07
642.0,645.0,Phylloscopus nitidus,Green Warbler,0.5313,psl6,2024,07,10,07
645.0,648.0,Phylloscopus trochiloides,Greenish Warbler,0.7048,psl6,2024,07,10,07
651.0,654.0,Phylloscopus occipitalis,Western Crowned Warbler,0.9344,psl6,2024,07,10,07
657.0,660.0,Protonotaria citrea,Prothonotary Warbler,0.6347,psl6,2024,07,10,07
666.0,669.0,Phylloscopus occipitalis,Western Crowned Warbler,0.9854,psl6,2024,07,10,07
672.0,675.0,Phylloscopus trochiloides,Greenish Warbler,0.7612,psl6,2024,07,10,07
672.0,675.0,Phylloscopus nitidus,Green Warbler,0.7551,psl6,2024,07,10,07
684.0,687.0,Phylloscopus nitidus,Green Warbler,0.7587,psl6,2024,07,10,07
687.0,690.0,Phylloscopus trochiloides,Greenish Warbler,0.6891,psl6,2024,07,10,07
696.0,699.0,Phylloscopus nitidus,Green Warbler,0.8689,psl6,2024,07,10,07
696.0,699.0,Phylloscopus trochiloides,Greenish Warbler,0.5973,psl6,2024,07,10,07
705.0,708.0,Phylloscopus nitidus,Green Warbler,0.5982,psl6,2024,07,10,07
732.0,735.0,Phylloscopus trochiloides,Greenish Warbler,0.746,psl6,2024,07,10,07
744.0,747.0,Phylloscopus nitidus,Green Warbler,0.8442,psl6,2024,07,10,07
774.0,777.0,Phylloscopus nitidus,Green Warbler,0.9334,psl6,2024,07,10,07
774.0,777.0,Phylloscopus trochiloides,Greenish Warbler,0.615,psl6,2024,07,10,07
789.0,792.0,Phylloscopus nitidus,Green Warbler,0.8483,psl6,2024,07,10,07
789.0,792.0,Phylloscopus trochiloides,Greenish Warbler,0.5798,psl6,2024,07,10,07
807.0,810.0,Phylloscopus nitidus,Green Warbler,0.606,psl6,2024,07,10,07
807.0,810.0,Phylloscopus trochiloides,Greenish Warbler,0.5929,psl6,2024,07,10,07
834.0,837.0,Phylloscopus nitidus,Green Warbler,0.7946,psl6,2024,07,10,07
843.0,846.0,Phylloscopus nitidus,Green Warbler,0.6914,psl6,2024,07,10,07
846.0,849.0,Phylloscopus nitidus,Green Warbler,0.7906,psl6,2024,07,10,07
858.0,861.0,Phylloscopus trochiloides,Greenish Warbler,0.7018,psl6,2024,07,10,07
870.0,873.0,Phylloscopus trochiloides,Greenish Warbler,0.8107,psl6,2024,07,10,07
879.0,882.0,Phylloscopus trochiloides,Greenish Warbler,0.8799,psl6,2024,07,10,07
894.0,897.0,Phylloscopus trochiloides,Greenish Warbler,0.6083,psl6,2024,07,10,07
894.0,897.0,Phylloscopus nitidus,Green Warbler,0.5667,psl6,2024,07,10,07
201.0,204.0,Phylloscopus trochiloides,Greenish Warbler,0.8258,psl6,2024,07,10,08
243.0,246.0,Phylloscopus nitidus,Green Warbler,0.758,psl6,2024,07,10,08
264.0,267.0,Carpodacus erythrinus,Common Rosefinch,0.5683,psl6,2024,07,10,08
273.0,276.0,Trochalopteron variegatum,Variegated Laughingthrush,0.8209,psl6,2024,07,10,08
282.0,285.0,Larvivora brunnea,Indian Blue Robin,0.7651,psl6,2024,07,10,08
291.0,294.0,Larvivora brunnea,Indian Blue Robin,0.5237,psl6,2024,07,10,08
294.0,297.0,Trochalopteron variegatum,Variegated Laughingthrush,0.6246,psl6,2024,07,10,08
297.0,300.0,Trochalopteron variegatum,Variegated Laughingthrush,0.9552,psl6,2024,07,10,08
303.0,306.0,Trochalopteron variegatum,Variegated Laughingthrush,0.9648,psl6,2024,07,10,08
309.0,312.0,Trochalopteron variegatum,Variegated Laughingthrush,0.8863,psl6,2024,07,10,08
315.0,318.0,Trochalopteron variegatum,Variegated Laughingthrush,0.7576,psl6,2024,07,10,08
318.0,321.0,Trochalopteron variegatum,Variegated Laughingthrush,0.6098,psl6,2024,07,10,08
324.0,327.0,Trochalopteron variegatum,Variegated Laughingthrush,0.6613,psl6,2024,07,10,08
330.0,333.0,Trochalopteron variegatum,Variegated Laughingthrush,0.8914,psl6,2024,07,10,08
339.0,342.0,Trochalopteron variegatum,Variegated Laughingthrush,0.8416,psl6,2024,07,10,08
348.0,351.0,Trochalopteron variegatum,Variegated Laughingthrush,0.8328,psl6,2024,07,10,08
363.0,366.0,Periparus rufonuchalis,Rufous-naped Tit,0.5762,psl6,2024,07,10,08
381.0,384.0,Ficedula tricolor,Slaty-blue Flycatcher,0.6669,psl6,2024,07,10,08
381.0,384.0,Trochalopteron variegatum,Variegated Laughingthrush,0.5358,psl6,2024,07,10,08
390.0,393.0,Ficedula tricolor,Slaty-blue Flycatcher,0.7421,psl6,2024,07,10,08
414.0,417.0,Trochalopteron variegatum,Variegated Laughingthrush,0.5562,psl6,2024,07,10,08
438.0,441.0,Trochalopteron variegatum,Variegated Laughingthrush,0.7006,psl6,2024,07,10,08
450.0,453.0,Trochalopteron variegatum,Variegated Laughingthrush,0.6207,psl6,2024,07,10,08
489.0,492.0,Trochalopteron variegatum,Variegated Laughingthrush,0.7441,psl6,2024,07,10,08
507.0,510.0,Trochalopteron variegatum,Variegated Laughingthrush,0.7829,psl6,2024,07,10,08
612.0,615.0,Larvivora brunnea,Indian Blue Robin,0.5358,psl6,2024,07,10,08
624.0,627.0,Trochalopteron variegatum,Variegated Laughingthrush,0.8368,psl6,2024,07,10,08
630.0,633.0,Trochalopteron variegatum,Variegated Laughingthrush,0.8521,psl6,2024,07,10,08
642.0,645.0,Carpodacus erythrinus,Common Rosefinch,0.7071,psl6,2024,07,10,08
657.0,660.0,Trochalopteron variegatum,Variegated Laughingthrush,0.6207,psl6,2024,07,10,08
690.0,693.0,Trochalopteron variegatum,Variegated Laughingthrush,0.7307,psl6,2024,07,10,08
696.0,699.0,Trochalopteron variegatum,Variegated Laughingthrush,0.9008,psl6,2024,07,10,08
705.0,708.0,Trochalopteron variegatum,Variegated Laughingthrush,0.6715,psl6,2024,07,10,08
711.0,714.0,Trochalopteron variegatum,Variegated Laughingthrush,0.6445,psl6,2024,07,10,08
720.0,723.0,Trochalopteron variegatum,Variegated Laughingthrush,0.7412,psl6,2024,07,10,08
735.0,738.0,Trochalopteron variegatum,Variegated Laughingthrush,0.8025,psl6,2024,07,10,08
744.0,747.0,Ficedula tricolor,Slaty-blue Flycatcher,0.7779,psl6,2024,07,10,08
756.0,759.0,Trochalopteron variegatum,Variegated Laughingthrush,0.8756,psl6,2024,07,10,08
762.0,765.0,Trochalopteron variegatum,Variegated Laughingthrush,0.6449,psl6,2024,07,10,08
786.0,789.0,Ficedula tricolor,Slaty-blue Flycatcher,0.7861,psl6,2024,07,10,08
789.0,792.0,Ficedula tricolor,Slaty-blue Flycatcher,0.9824,psl6,2024,07,10,08
795.0,798.0,Ficedula tricolor,Slaty-blue Flycatcher,0.9862,psl6,2024,07,10,08
798.0,801.0,Ficedula tricolor,Slaty-blue Flycatcher,0.8097,psl6,2024,07,10,08
801.0,804.0,Ficedula tricolor,Slaty-blue Flycatcher,0.832,psl6,2024,07,10,08
804.0,807.0,Ficedula tricolor,Slaty-blue Flycatcher,0.8593,psl6,2024,07,10,08
807.0,810.0,Ficedula tricolor,Slaty-blue Flycatcher,0.71,psl6,2024,07,10,08
810.0,813.0,Ficedula tricolor,Slaty-blue Flycatcher,0.9095,psl6,2024,07,10,08
813.0,816.0,Ficedula tricolor,Slaty-blue Flycatcher,0.9144,psl6,2024,07,10,08
852.0,855.0,Phylloscopus occipitalis,Western Crowned Warbler,0.6716,psl6,2024,07,10,08
897.0,900.0,Ficedula tricolor,Slaty-blue Flycatcher,0.9937,psl6,2024,07,10,08
93.0,96.0,Larvivora brunnea,Indian Blue Robin,0.7438,psl6,2024,07,10,09
138.0,141.0,Larvivora brunnea,Indian Blue Robin,0.8892,psl6,2024,07,10,09
168.0,171.0,Larvivora brunnea,Indian Blue Robin,0.7379,psl6,2024,07,10,09
201.0,204.0,Larvivora brunnea,Indian Blue Robin,0.7029,psl6,2024,07,10,09
219.0,222.0,Larvivora brunnea,Indian Blue Robin,0.8907,psl6,2024,07,10,09
255.0,258.0,Larvivora brunnea,Indian Blue Robin,0.99,psl6,2024,07,10,09
645.0,648.0,Phylloscopus occipitalis,Western Crowned Warbler,0.5149,psl6,2024,07,10,09
678.0,681.0,Trochalopteron variegatum,Variegated Laughingthrush,0.8732,psl6,2024,07,10,09
681.0,684.0,Trochalopteron variegatum,Variegated Laughingthrush,0.8984,psl6,2024,07,10,09
687.0,690.0,Trochalopteron variegatum,Variegated Laughingthrush,0.9425,psl6,2024,07,10,09
693.0,696.0,Trochalopteron variegatum,Variegated Laughingthrush,0.8245,psl6,2024,07,10,09
699.0,702.0,Trochalopteron variegatum,Variegated Laughingthrush,0.9418,psl6,2024,07,10,09
705.0,708.0,Trochalopteron variegatum,Variegated Laughingthrush,0.8561,psl6,2024,07,10,09
717.0,720.0,Trochalopteron variegatum,Variegated Laughingthrush,0.8207,psl6,2024,07,10,09
726.0,729.0,Phylloscopus occipitalis,Western Crowned Warbler,0.5218,psl6,2024,07,10,09
729.0,732.0,Phylloscopus occipitalis,Western Crowned Warbler,0.9518,psl6,2024,07,10,09
732.0,735.0,Phylloscopus occipitalis,Western Crowned Warbler,0.74,psl6,2024,07,10,09
738.0,741.0,Phylloscopus occipitalis,Western Crowned Warbler,0.7928,psl6,2024,07,10,09
744.0,747.0,Trochalopteron variegatum,Variegated Laughingthrush,0.9118,psl6,2024,07,10,09
750.0,753.0,Phylloscopus occipitalis,Western Crowned Warbler,0.6445,psl6,2024,07,10,09
759.0,762.0,Phylloscopus reguloides,Blyth's Leaf Warbler,0.5686,psl6,2024,07,10,09
762.0,765.0,Phylloscopus tytleri,Tytler's Leaf Warbler,0.5412,psl6,2024,07,10,09
765.0,768.0,Phylloscopus occipitalis,Western Crowned Warbler,0.6017,psl6,2024,07,10,09
768.0,771.0,Trochalopteron variegatum,Variegated Laughingthrush,0.841,psl6,2024,07,10,09
774.0,777.0,Phylloscopus occipitalis,Western Crowned Warbler,0.7523,psl6,2024,07,10,09
777.0,780.0,Phylloscopus reguloides,Blyth's Leaf Warbler,0.664,psl6,2024,07,10,09
783.0,786.0,Phylloscopus occipitalis,Western Crowned Warbler,0.5493,psl6,2024,07,10,09
786.0,789.0,Trochalopteron variegatum,Variegated Laughingthrush,0.7688,psl6,2024,07,10,09
789.0,792.0,Phylloscopus occipitalis,Western Crowned Warbler,0.9967,psl6,2024,07,10,09
792.0,795.0,Phylloscopus occipitalis,Western Crowned Warbler,0.8026,psl6,2024,07,10,09
798.0,801.0,Trochalopteron variegatum,Variegated Laughingthrush,0.6867,psl6,2024,07,10,09
801.0,804.0,Phylloscopus occipitalis,Western Crowned Warbler,0.9766,psl6,2024,07,10,09
807.0,810.0,Phylloscopus occipitalis,Western Crowned Warbler,0.8217,psl6,2024,07,10,09
810.0,813.0,Phylloscopus occipitalis,Western Crowned Warbler,0.9379,psl6,2024,07,10,09
813.0,816.0,Trochalopteron variegatum,Variegated Laughingthrush,0.6109,psl6,2024,07,10,09
819.0,822.0,Trochalopteron variegatum,Variegated Laughingthrush,0.8608,psl6,2024,07,10,09
825.0,828.0,Trochalopteron variegatum,Variegated Laughingthrush,0.5425,psl6,2024,07,10,09
837.0,840.0,Trochalopteron variegatum,Variegated Laughingthrush,0.7378,psl6,2024,07,10,09
864.0,867.0,Phylloscopus occipitalis,Western Crowned Warbler,0.5809,psl6,2024,07,10,09
870.0,873.0,Phylloscopus occipitalis,Western Crowned Warbler,0.7418,psl6,2024,07,10,09
873.0,876.0,Phylloscopus occipitalis,Western Crowned Warbler,0.5155,psl6,2024,07,10,09
876.0,879.0,Phylloscopus occipitalis,Western Crowned Warbler,0.9164,psl6,2024,07,10,09
885.0,888.0,Phylloscopus occipitalis,Western Crowned Warbler,0.7419,psl6,2024,07,10,09
