Start (s),End (s),Scientific name,Common name,Confidence,File
15.0,18.0,Phylloscopus occipitalis,Western Crowned Warbler,0.7085,C:/Users/shang/OneDrive - Georgia Institute of Technology/HAAG Research Bird Audio/Audio Files Analysis/Low/PSL7\20240509_060001.WAV
36.0,39.0,Phylloscopus occipitalis,Western Crowned Warbler,0.7981,C:/Users/shang/OneDrive - Georgia Institute of Technology/HAAG Research Bird Audio/Audio Files Analysis/Low/PSL7\20240509_060001.WAV
39.0,42.0,Protonotaria citrea,Prothonotary Warbler,0.9746,C:/Users/shang/OneDrive - Georgia Institute of Technology/HAAG Research Bird Audio/Audio Files Analysis/Low/PSL7\20240509_060001.WAV
48.0,51.0,Phylloscopus occipitalis,Western Crowned Warbler,0.9679,C:/Users/shang/OneDrive - Georgia Institute of Technology/HAAG Research Bird Audio/Audio Files Analysis/Low/PSL7\20240509_060001.WAV
63.0,66.0,Phylloscopus occipitalis,Western Crowned Warbler,0.8697,C:/Users/shang/OneDrive - Georgia Institute of Technology/HAAG Research Bird Audio/Audio Files Analysis/Low/PSL7\20240509_060001.WAV
87.0,90.0,Protonotaria citrea,Prothonotary Warbler,0.8383,C:/Users/shang/OneDrive - Georgia Institute of Technology/HAAG Research Bird Audio/Audio Files Analysis/Low/PSL7\20240509_060001.WAV
192.0,195.0,Acanthiza pusilla,Brown Thornbill,0.5358,C:/Users/shang/OneDrive - Georgia Institute of Technology/HAAG Research Bird Audio/Audio Files Analysis/Low/PSL7\20240509_060001.WAV
216.0,219.0,Myrmoderus squamosus,Squamate Antbird,0.6007,C:/Users/shang/OneDrive - Georgia Institute of Technology/HAAG Research Bird Audio/Audio Files Analysis/Low/PSL7\20240509_060001.WAV
279.0,282.0,Phylloscopus occipitalis,Western Crowned Warbler,0.5277,C:/Users/shang/OneDrive - Georgia Institute of Technology/HAAG Research Bird Audio/Audio Files Analysis/Low/PSL7\20240509_060001.WAV
282.0,285.0,Phylloscopus occipitalis,Western Crowned Warbler,0.9933,C:/Users/shang/OneDrive - Georgia Institute of Technology/HAAG Research Bird Audio/Audio Files Analysis/Low/PSL7\20240509_060001.WAV
285.0,288.0,Phylloscopus occipitalis,Western Crowned Warbler,0.9257,C:/Users/shang/OneDrive - Georgia Institute of Technology/HAAG Research Bird Audio/Audio Files Analysis/Low/PSL7\20240509_060001.WAV
285.0,288.0,Protonotaria citrea,Prothonotary Warbler,0.9124,C:/Users/shang/OneDrive - Georgia Institute of Technology/HAAG Research Bird Audio/Audio Files Analysis/Low/PSL7\20240509_060001.WAV
294.0,297.0,Phylloscopus occipitalis,Western Crowned Warbler,0.9990,C:/Users/shang/OneDrive - Georgia Institute of Technology/HAAG Research Bird Audio/Audio Files Analysis/Low/PSL7\20240509_060001.WAV
300.0,303.0,Phylloscopus occipitalis,Western Crowned Warbler,0.9156,C:/Users/shang/OneDrive - Georgia Institute of Technology/HAAG Research Bird Audio/Audio Files Analysis/Low/PSL7\20240509_060001.WAV
303.0,306.0,Phylloscopus occipitalis,Western Crowned Warbler,0.9940,C:/Users/shang/OneDrive - Georgia Institute of Technology/HAAG Research Bird Audio/Audio Files Analysis/Low/PSL7\20240509_060001.WAV
309.0,312.0,Phylloscopus occipitalis,Western Crowned Warbler,0.8452,C:/Users/shang/OneDrive - Georgia Institute of Technology/HAAG Research Bird Audio/Audio Files Analysis/Low/PSL7\20240509_060001.WAV
327.0,330.0,Phylloscopus occipitalis,Western Crowned Warbler,0.7051,C:/Users/shang/OneDrive - Georgia Institute of Technology/HAAG Research Bird Audio/Audio Files Analysis/Low/PSL7\20240509_060001.WAV
363.0,366.0,Phylloscopus humei,Hume's Warbler,0.9806,C:/Users/shang/OneDrive - Georgia Institute of Technology/HAAG Research Bird Audio/Audio Files Analysis/Low/PSL7\20240509_060001.WAV
420.0,423.0,Phylloscopus humei,Hume's Warbler,0.7111,C:/Users/shang/OneDrive - Georgia Institute of Technology/HAAG Research Bird Audio/Audio Files Analysis/Low/PSL7\20240509_060001.WAV
423.0,426.0,Phylloscopus humei,Hume's Warbler,0.5314,C:/Users/shang/OneDrive - Georgia Institute of Technology/HAAG Research Bird Audio/Audio Files Analysis/Low/PSL7\20240509_060001.WAV
429.0,432.0,Phylloscopus humei,Hume's Warbler,0.5378,C:/Users/shang/OneDrive - Georgia Institute of Technology/HAAG Research Bird Audio/Audio Files Analysis/Low/PSL7\20240509_060001.WAV
444.0,447.0,Phylloscopus humei,Hume's Warbler,0.9973,C:/Users/shang/OneDrive - Georgia Institute of Technology/HAAG Research Bird Audio/Audio Files Analysis/Low/PSL7\20240509_060001.WAV
453.0,456.0,Phylloscopus humei,Hume's Warbler,0.9744,C:/Users/shang/OneDrive - Georgia Institute of Technology/HAAG Research Bird Audio/Audio Files Analysis/Low/PSL7\20240509_060001.WAV
456.0,459.0,Phylloscopus humei,Hume's Warbler,0.9999,C:/Users/shang/OneDrive - Georgia Institute of Technology/HAAG Research Bird Audio/Audio Files Analysis/Low/PSL7\20240509_060001.WAV
459.0,462.0,Phylloscopus humei,Hume's Warbler,0.9653,C:/Users/shang/OneDrive - Georgia Institute of Technology/HAAG Research Bird Audio/Audio Files Analysis/Low/PSL7\20240509_060001.WAV
462.0,465.0,Phylloscopus humei,Hume's Warbler,0.8785,C:/Users/shang/OneDrive - Georgia Institute of Technology/HAAG Research Bird Audio/Audio Files Analysis/Low/PSL7\20240509_060001.WAV
465.0,468.0,Phylloscopus humei,Hume's Warbler,0.9934,C:/Users/shang/OneDrive - Georgia Institute of Technology/HAAG Research Bird Audio/Audio Files Analysis/Low/PSL7\20240509_060001.WAV
468.0,471.0,Phylloscopus humei,Hume's Warbler,0.8433,C:/Users/shang/OneDrive - Georgia Institute of Technology/HAAG Research Bird Audio/Audio Files Analysis/Low/PSL7\20240509_060001.WAV
471.0,474.0,Phylloscopus humei,Hume's Warbler,0.9945,C:/Users/shang/OneDrive - Georgia Institute of Technology/HAAG Research Bird Audio/Audio Files Analysis/Low/PSL7\20240509_060001.WAV
474.0,477.0,Phylloscopus humei,Hume's Warbler,0.9999,C:/Users/shang/OneDrive - Georgia Institute of Technology/HAAG Research Bird Audio/Audio Files Analysis/Low/PSL7\20240509_060001.WAV
480.0,483.0,Phylloscopus humei,Hume's Warbler,0.5620,C:/Users/shang/OneDrive - Georgia Institute of Technology/HAAG Research Bird Audio/Audio Files Analysis/Low/PSL7\20240509_060001.WAV
483.0,486.0,Phylloscopus humei,Hume's Warbler,0.9527,C:/Users/shang/OneDrive - Georgia Institute of Technology/HAAG Research Bird Audio/Audio Files Analysis/Low/PSL7\20240509_060001.WAV
651.0,654.0,Phylloscopus humei,Hume's Warbler,0.5313,C:/Users/shang/OneDrive - Georgia Institute of Technology/HAAG Research Bird Audio/Audio Files Analysis/Low/PSL7\20240509_060001.WAV
666.0,669.0,Phylloscopus humei,Hume's Warbler,0.5168,C:/Users/shang/OneDrive - Georgia Institute of Technology/HAAG Research Bird Audio/Audio Files Analysis/Low/PSL7\20240509_060001.WAV
39.0,42.0,Phylloscopus occipitalis,Western Crowned Warbler,0.8809,C:/Users/shang/OneDrive - Georgia Institute of Technology/HAAG Research Bird Audio/Audio Files Analysis/Low/PSL7\20240509_070000.WAV
54.0,57.0,Phylloscopus occipitalis,Western Crowned Warbler,0.9240,C:/Users/shang/OneDrive - Georgia Institute of Technology/HAAG Research Bird Audio/Audio Files Analysis/Low/PSL7\20240509_070000.WAV
57.0,60.0,Phylloscopus occipitalis,Western Crowned Warbler,0.7151,C:/Users/shang/OneDrive - Georgia Institute of Technology/HAAG Research Bird Audio/Audio Files Analysis/Low/PSL7\20240509_070000.WAV
60.0,63.0,Phylloscopus occipitalis,Western Crowned Warbler,0.9333,C:/Users/shang/OneDrive - Georgia Institute of Technology/HAAG Research Bird Audio/Audio Files Analysis/Low/PSL7\20240509_070000.WAV
63.0,66.0,Phylloscopus occipitalis,Western Crowned Warbler,0.6077,C:/Users/shang/OneDrive - Georgia Institute of Technology/HAAG Research Bird Audio/Audio Files Analysis/Low/PSL7\20240509_070000.WAV
66.0,69.0,Phylloscopus occipitalis,Western Crowned Warbler,0.6880,C:/Users/shang/OneDrive - Georgia Institute of Technology/HAAG Research Bird Audio/Audio Files Analysis/Low/PSL7\20240509_070000.WAV
69.0,72.0,Phylloscopus occipitalis,Western Crowned Warbler,0.8721,C:/Users/shang/OneDrive - Georgia Institute of Technology/HAAG Research Bird Audio/Audio Files Analysis/Low/PSL7\20240509_070000.WAV
81.0,84.0,Phylloscopus occipitalis,Western Crowned Warbler,0.5730,C:/Users/shang/OneDrive - Georgia Institute of Technology/HAAG Research Bird Audio/Audio Files Analysis/Low/PSL7\20240509_070000.WAV
87.0,90.0,Phylloscopus occipitalis,Western Crowned Warbler,0.7070,C:/Users/shang/OneDrive - Georgia Institute of Technology/HAAG Research Bird Audio/Audio Files Analysis/Low/PSL7\20240509_070000.WAV
90.0,93.0,Phylloscopus occipitalis,Western Crowned Warbler,0.8200,C:/Users/shang/OneDrive - Georgia Institute of Technology/HAAG Research Bird Audio/Audio Files Analysis/Low/PSL7\20240509_070000.WAV
99.0,102.0,Phylloscopus occipitalis,Western Crowned Warbler,0.6698,C:/Users/shang/OneDrive - Georgia Institute of Technology/HAAG Research Bird Audio/Audio Files Analysis/Low/PSL7\20240509_070000.WAV
105.0,108.0,Phylloscopus occipitalis,Western Crowned Warbler,0.9698,C:/Users/shang/OneDrive - Georgia Institute of Technology/HAAG Research Bird Audio/Audio Files Analysis/Low/PSL7\20240509_070000.WAV
108.0,111.0,Phylloscopus occipitalis,Western Crowned Warbler,0.9641,C:/Users/shang/OneDrive - Georgia Institute of Technology/HAAG Research Bird Audio/Audio Files Analysis/Low/PSL7\20240509_070000.WAV
123.0,126.0,Phylloscopus occipitalis,Western Crowned Warbler,0.6987,C:/Users/shang/OneDrive - Georgia Institute of Technology/HAAG Research Bird Audio/Audio Files Analysis/Low/PSL7\20240509_070000.WAV
129.0,132.0,Phylloscopus occipitalis,Western Crowned Warbler,0.6581,C:/Users/shang/OneDrive - Georgia Institute of Technology/HAAG Research Bird Audio/Audio Files Analysis/Low/PSL7\20240509_070000.WAV
144.0,147.0,Phylloscopus occipitalis,Western Crowned Warbler,0.8367,C:/Users/shang/OneDrive - Georgia Institute of Technology/HAAG Research Bird Audio/Audio Files Analysis/Low/PSL7\20240509_070000.WAV
147.0,150.0,Phylloscopus occipitalis,Western Crowned Warbler,0.9557,C:/Users/shang/OneDrive - Georgia Institute of Technology/HAAG Research Bird Audio/Audio Files Analysis/Low/PSL7\20240509_070000.WAV
156.0,159.0,Phylloscopus occipitalis,Western Crowned Warbler,0.8138,C:/Users/shang/OneDrive - Georgia Institute of Technology/HAAG Research Bird Audio/Audio Files Analysis/Low/PSL7\20240509_070000.WAV
159.0,162.0,Phylloscopus occipitalis,Western Crowned Warbler,0.6745,C:/Users/shang/OneDrive - Georgia Institute of Technology/HAAG Research Bird Audio/Audio Files Analysis/Low/PSL7\20240509_070000.WAV
162.0,165.0,Phylloscopus occipitalis,Western Crowned Warbler,0.7462,C:/Users/shang/OneDrive - Georgia Institute of Technology/HAAG Research Bird Audio/Audio Files Analysis/Low/PSL7\20240509_070000.WAV
165.0,168.0,Phylloscopus occipitalis,Western Crowned Warbler,0.6860,C:/Users/shang/OneDrive - Georgia Institute of Technology/HAAG Research Bird Audio/Audio Files Analysis/Low/PSL7\20240509_070000.WAV
168.0,171.0,Phylloscopus occipitalis,Western Crowned Warbler,0.6696,C:/Users/shang/OneDrive - Georgia Institute of Technology/HAAG Research Bird Audio/Audio Files Analysis/Low/PSL7\20240509_070000.WAV
171.0,174.0,Phylloscopus occipitalis,Western Crowned Warbler,0.8272,C:/Users/shang/OneDrive - Georgia Institute of Technology/HAAG Research Bird Audio/Audio Files Analysis/Low/PSL7\20240509_070000.WAV
174.0,177.0,Phylloscopus occipitalis,Western Crowned Warbler,0.8866,C:/Users/shang/OneDrive - Georgia Institute of Technology/HAAG Research Bird Audio/Audio Files Analysis/Low/PSL7\20240509_070000.WAV
180.0,183.0,Phylloscopus occipitalis,Western Crowned Warbler,0.9914,C:/Users/shang/OneDrive - Georgia Institute of Technology/HAAG Research Bird Audio/Audio Files Analysis/Low/PSL7\20240509_070000.WAV
183.0,186.0,Phylloscopus occipitalis,Western Crowned Warbler,0.9787,C:/Users/shang/OneDrive - Georgia Institute of Technology/HAAG Research Bird Audio/Audio Files Analysis/Low/PSL7\20240509_070000.WAV
186.0,189.0,Phylloscopus occipitalis,Western Crowned Warbler,0.9399,C:/Users/shang/OneDrive - Georgia Institute of Technology/HAAG Research Bird Audio/Audio Files Analysis/Low/PSL7\20240509_070000.WAV
189.0,192.0,Phylloscopus occipitalis,Western Crowned Warbler,0.9125,C:/Users/shang/OneDrive - Georgia Institute of Technology/HAAG Research Bird Audio/Audio Files Analysis/Low/PSL7\20240509_070000.WAV
189.0,192.0,Protonotaria citrea,Prothonotary Warbler,0.5079,C:/Users/shang/OneDrive - Georgia Institute of Technology/HAAG Research Bird Audio/Audio Files Analysis/Low/PSL7\20240509_070000.WAV
192.0,195.0,Phylloscopus occipitalis,Western Crowned Warbler,0.9645,C:/Users/shang/OneDrive - Georgia Institute of Technology/HAAG Research Bird Audio/Audio Files Analysis/Low/PSL7\20240509_070000.WAV
198.0,201.0,Phylloscopus occipitalis,Western Crowned Warbler,0.9888,C:/Users/shang/OneDrive - Georgia Institute of Technology/HAAG Research Bird Audio/Audio Files Analysis/Low/PSL7\20240509_070000.WAV
201.0,204.0,Protonotaria citrea,Prothonotary Warbler,0.8110,C:/Users/shang/OneDrive - Georgia Institute of Technology/HAAG Research Bird Audio/Audio Files Analysis/Low/PSL7\20240509_070000.WAV
201.0,204.0,Phylloscopus occipitalis,Western Crowned Warbler,0.6812,C:/Users/shang/OneDrive - Georgia Institute of Technology/HAAG Research Bird Audio/Audio Files Analysis/Low/PSL7\20240509_070000.WAV
204.0,207.0,Phylloscopus occipitalis,Western Crowned Warbler,0.9953,C:/Users/shang/OneDrive - Georgia Institute of Technology/HAAG Research Bird Audio/Audio Files Analysis/Low/PSL7\20240509_070000.WAV
207.0,210.0,Protonotaria citrea,Prothonotary Warbler,0.5173,C:/Users/shang/OneDrive - Georgia Institute of Technology/HAAG Research Bird Audio/Audio Files Analysis/Low/PSL7\20240509_070000.WAV
210.0,213.0,Phylloscopus occipitalis,Western Crowned Warbler,0.9959,C:/Users/shang/OneDrive - Georgia Institute of Technology/HAAG Research Bird Audio/Audio Files Analysis/Low/PSL7\20240509_070000.WAV
213.0,216.0,Phylloscopus occipitalis,Western Crowned Warbler,0.8015,C:/Users/shang/OneDrive - Georgia Institute of Technology/HAAG Research Bird Audio/Audio Files Analysis/Low/PSL7\20240509_070000.WAV
216.0,219.0,Phylloscopus occipitalis,Western Crowned Warbler,0.9629,C:/Users/shang/OneDrive - Georgia Institute of Technology/HAAG Research Bird Audio/Audio Files Analysis/Low/PSL7\20240509_070000.WAV
222.0,225.0,Protonotaria citrea,Prothonotary Warbler,0.5460,C:/Users/shang/OneDrive - Georgia Institute of Technology/HAAG Research Bird Audio/Audio Files Analysis/Low/PSL7\20240509_070000.WAV
228.0,231.0,Phylloscopus occipitalis,Western Crowned Warbler,0.9418,C:/Users/shang/OneDrive - Georgia Institute of Technology/HAAG Research Bird Audio/Audio Files Analysis/Low/PSL7\20240509_070000.WAV
237.0,240.0,Phylloscopus occipitalis,Western Crowned Warbler,0.9779,C:/Users/shang/OneDrive - Georgia Institute of Technology/HAAG Research Bird Audio/Audio Files Analysis/Low/PSL7\20240509_070000.WAV
246.0,249.0,Phylloscopus occipitalis,Western Crowned Warbler,0.9723,C:/Users/shang/OneDrive - Georgia Institute of Technology/HAAG Research Bird Audio/Audio Files Analysis/Low/PSL7\20240509_070000.WAV
255.0,258.0,Phylloscopus occipitalis,Western Crowned Warbler,0.8898,C:/Users/shang/OneDrive - Georgia Institute of Technology/HAAG Research Bird Audio/Audio Files Analysis/Low/PSL7\20240509_070000.WAV
264.0,267.0,Protonotaria citrea,Prothonotary Warbler,0.9009,C:/Users/shang/OneDrive - Georgia Institute of Technology/HAAG Research Bird Audio/Audio Files Analysis/Low/PSL7\20240509_070000.WAV
270.0,273.0,Phylloscopus occipitalis,Western Crowned Warbler,0.7266,C:/Users/shang/OneDrive - Georgia Institute of Technology/HAAG Research Bird Audio/Audio Files Analysis/Low/PSL7\20240509_070000.WAV
270.0,273.0,Protonotaria citrea,Prothonotary Warbler,0.6700,C:/Users/shang/OneDrive - Georgia Institute of Technology/HAAG Research Bird Audio/Audio Files Analysis/Low/PSL7\20240509_070000.WAV
279.0,282.0,Protonotaria citrea,Prothonotary Warbler,0.8803,C:/Users/shang/OneDrive - Georgia Institute of Technology/HAAG Research Bird Audio/Audio Files Analysis/Low/PSL7\20240509_070000.WAV
288.0,291.0,Phylloscopus occipitalis,Western Crowned Warbler,0.8875,C:/Users/shang/OneDrive - Georgia Institute of Technology/HAAG Research Bird Audio/Audio Files Analysis/Low/PSL7\20240509_070000.WAV
300.0,303.0,Protonotaria citrea,Prothonotary Warbler,0.6012,C:/Users/shang/OneDrive - Georgia Institute of Technology/HAAG Research Bird Audio/Audio Files Analysis/Low/PSL7\20240509_070000.WAV
315.0,318.0,Protonotaria citrea,Prothonotary Warbler,0.9761,C:/Users/shang/OneDrive - Georgia Institute of Technology/HAAG Research Bird Audio/Audio Files Analysis/Low/PSL7\20240509_070000.WAV
321.0,324.0,Protonotaria citrea,Prothonotary Warbler,0.8888,C:/Users/shang/OneDrive - Georgia Institute of Technology/HAAG Research Bird Audio/Audio Files Analysis/Low/PSL7\20240509_070000.WAV
327.0,330.0,Phylloscopus occipitalis,Western Crowned Warbler,0.8106,C:/Users/shang/OneDrive - Georgia Institute of Technology/HAAG Research Bird Audio/Audio Files Analysis/Low/PSL7\20240509_070000.WAV
327.0,330.0,Protonotaria citrea,Prothonotary Warbler,0.5679,C:/Users/shang/OneDrive - Georgia Institute of Technology/HAAG Research Bird Audio/Audio Files Analysis/Low/PSL7\20240509_070000.WAV
336.0,339.0,Phylloscopus occipitalis,Western Crowned Warbler,0.7504,C:/Users/shang/OneDrive - Georgia Institute of Technology/HAAG Research Bird Audio/Audio Files Analysis/Low/PSL7\20240509_070000.WAV
339.0,342.0,Phylloscopus humei,Hume's Warbler,0.9996,C:/Users/shang/OneDrive - Georgia Institute of Technology/HAAG Research Bird Audio/Audio Files Analysis/Low/PSL7\20240509_070000.WAV
339.0,342.0,Phylloscopus affinis,Tickell's Leaf Warbler,0.5955,C:/Users/shang/OneDrive - Georgia Institute of Technology/HAAG Research Bird Audio/Audio Files Analysis/Low/PSL7\20240509_070000.WAV
342.0,345.0,Phylloscopus humei,Hume's Warbler,0.8793,C:/Users/shang/OneDrive - Georgia Institute of Technology/HAAG Research Bird Audio/Audio Files Analysis/Low/PSL7\20240509_070000.WAV
345.0,348.0,Protonotaria citrea,Prothonotary Warbler,0.5166,C:/Users/shang/OneDrive - Georgia Institute of Technology/HAAG Research Bird Audio/Audio Files Analysis/Low/PSL7\20240509_070000.WAV
105.0,108.0,Turdus iliacus,Redwing,0.8812,C:/Users/shang/OneDrive - Georgia Institute of Technology/HAAG Research Bird Audio/Audio Files Analysis/Low/PSL7\20240509_080000.WAV
210.0,213.0,Protonotaria citrea,Prothonotary Warbler,0.9262,C:/Users/shang/OneDrive - Georgia Institute of Technology/HAAG Research Bird Audio/Audio Files Analysis/Low/PSL7\20240509_080000.WAV
42.0,45.0,Phylloscopus occipitalis,Western Crowned Warbler,0.6097,C:/Users/shang/OneDrive - Georgia Institute of Technology/HAAG Research Bird Audio/Audio Files Analysis/Low/PSL7\20240509_090000.WAV
48.0,51.0,Phylloscopus occipitalis,Western Crowned Warbler,0.7502,C:/Users/shang/OneDrive - Georgia Institute of Technology/HAAG Research Bird Audio/Audio Files Analysis/Low/PSL7\20240509_090000.WAV
48.0,51.0,Protonotaria citrea,Prothonotary Warbler,0.7318,C:/Users/shang/OneDrive - Georgia Institute of Technology/HAAG Research Bird Audio/Audio Files Analysis/Low/PSL7\20240509_090000.WAV
57.0,60.0,Phylloscopus occipitalis,Western Crowned Warbler,0.5282,C:/Users/shang/OneDrive - Georgia Institute of Technology/HAAG Research Bird Audio/Audio Files Analysis/Low/PSL7\20240509_090000.WAV
60.0,63.0,Protonotaria citrea,Prothonotary Warbler,0.9724,C:/Users/shang/OneDrive - Georgia Institute of Technology/HAAG Research Bird Audio/Audio Files Analysis/Low/PSL7\20240509_090000.WAV
249.0,252.0,Phylloscopus occipitalis,Western Crowned Warbler,0.5522,C:/Users/shang/OneDrive - Georgia Institute of Technology/HAAG Research Bird Audio/Audio Files Analysis/Low/PSL7\20240509_090000.WAV
756.0,759.0,Phylloscopus humei,Hume's Warbler,0.5118,C:/Users/shang/OneDrive - Georgia Institute of Technology/HAAG Research Bird Audio/Audio Files Analysis/Low/PSL7\20240509_090000.WAV
774.0,777.0,Phylloscopus humei,Hume's Warbler,0.8488,C:/Users/shang/OneDrive - Georgia Institute of Technology/HAAG Research Bird Audio/Audio Files Analysis/Low/PSL7\20240509_090000.WAV
792.0,795.0,Phylloscopus humei,Hume's Warbler,0.9170,C:/Users/shang/OneDrive - Georgia Institute of Technology/HAAG Research Bird Audio/Audio Files Analysis/Low/PSL7\20240509_090000.WAV
828.0,831.0,Phylloscopus humei,Hume's Warbler,0.5007,C:/Users/shang/OneDrive - Georgia Institute of Technology/HAAG Research Bird Audio/Audio Files Analysis/Low/PSL7\20240509_090000.WAV
849.0,852.0,Phylloscopus humei,Hume's Warbler,0.8814,C:/Users/shang/OneDrive - Georgia Institute of Technology/HAAG Research Bird Audio/Audio Files Analysis/Low/PSL7\20240509_090000.WAV
117.0,120.0,Periparus ater,Coal Tit,0.6016,C:/Users/shang/OneDrive - Georgia Institute of Technology/HAAG Research Bird Audio/Audio Files Analysis/Low/PSL7\20240510_060000.WAV
165.0,168.0,Phylloscopus occipitalis,Western Crowned Warbler,0.9449,C:/Users/shang/OneDrive - Georgia Institute of Technology/HAAG Research Bird Audio/Audio Files Analysis/Low/PSL7\20240510_060000.WAV
177.0,180.0,Phylloscopus occipitalis,Western Crowned Warbler,0.8780,C:/Users/shang/OneDrive - Georgia Institute of Technology/HAAG Research Bird Audio/Audio Files Analysis/Low/PSL7\20240510_060000.WAV
177.0,180.0,Protonotaria citrea,Prothonotary Warbler,0.5923,C:/Users/shang/OneDrive - Georgia Institute of Technology/HAAG Research Bird Audio/Audio Files Analysis/Low/PSL7\20240510_060000.WAV
189.0,192.0,Phylloscopus occipitalis,Western Crowned Warbler,0.7376,C:/Users/shang/OneDrive - Georgia Institute of Technology/HAAG Research Bird Audio/Audio Files Analysis/Low/PSL7\20240510_060000.WAV
192.0,195.0,Phylloscopus occipitalis,Western Crowned Warbler,0.8103,C:/Users/shang/OneDrive - Georgia Institute of Technology/HAAG Research Bird Audio/Audio Files Analysis/Low/PSL7\20240510_060000.WAV
252.0,255.0,Protonotaria citrea,Prothonotary Warbler,0.8196,C:/Users/shang/OneDrive - Georgia Institute of Technology/HAAG Research Bird Audio/Audio Files Analysis/Low/PSL7\20240510_060000.WAV
252.0,255.0,Phylloscopus occipitalis,Western Crowned Warbler,0.5349,C:/Users/shang/OneDrive - Georgia Institute of Technology/HAAG Research Bird Audio/Audio Files Analysis/Low/PSL7\20240510_060000.WAV
264.0,267.0,Protonotaria citrea,Prothonotary Warbler,0.5340,C:/Users/shang/OneDrive - Georgia Institute of Technology/HAAG Research Bird Audio/Audio Files Analysis/Low/PSL7\20240510_060000.WAV
414.0,417.0,Phylloscopus humei,Hume's Warbler,0.9050,C:/Users/shang/OneDrive - Georgia Institute of Technology/HAAG Research Bird Audio/Audio Files Analysis/Low/PSL7\20240510_060000.WAV
579.0,582.0,Turdus iliacus,Redwing,0.5416,C:/Users/shang/OneDrive - Georgia Institute of Technology/HAAG Research Bird Audio/Audio Files Analysis/Low/PSL7\20240510_060000.WAV
687.0,690.0,Phylloscopus humei,Hume's Warbler,0.8456,C:/Users/shang/OneDrive - Georgia Institute of Technology/HAAG Research Bird Audio/Audio Files Analysis/Low/PSL7\20240510_060000.WAV
762.0,765.0,Phylloscopus humei,Hume's Warbler,0.9861,C:/Users/shang/OneDrive - Georgia Institute of Technology/HAAG Research Bird Audio/Audio Files Analysis/Low/PSL7\20240510_060000.WAV
765.0,768.0,Phylloscopus humei,Hume's Warbler,0.9311,C:/Users/shang/OneDrive - Georgia Institute of Technology/HAAG Research Bird Audio/Audio Files Analysis/Low/PSL7\20240510_060000.WAV
822.0,825.0,Phylloscopus humei,Hume's Warbler,0.7911,C:/Users/shang/OneDrive - Georgia Institute of Technology/HAAG Research Bird Audio/Audio Files Analysis/Low/PSL7\20240510_060000.WAV
825.0,828.0,Phylloscopus humei,Hume's Warbler,0.6549,C:/Users/shang/OneDrive - Georgia Institute of Technology/HAAG Research Bird Audio/Audio Files Analysis/Low/PSL7\20240510_060000.WAV
285.0,288.0,Phylloscopus humei,Hume's Warbler,0.9959,C:/Users/shang/OneDrive - Georgia Institute of Technology/HAAG Research Bird Audio/Audio Files Analysis/Low/PSL7\20240510_070000.WAV
294.0,297.0,Phylloscopus humei,Hume's Warbler,0.8959,C:/Users/shang/OneDrive - Georgia Institute of Technology/HAAG Research Bird Audio/Audio Files Analysis/Low/PSL7\20240510_070000.WAV
318.0,321.0,Phylloscopus humei,Hume's Warbler,0.6873,C:/Users/shang/OneDrive - Georgia Institute of Technology/HAAG Research Bird Audio/Audio Files Analysis/Low/PSL7\20240510_070000.WAV
324.0,327.0,Ficedula tricolor,Slaty-blue Flycatcher,0.7499,C:/Users/shang/OneDrive - Georgia Institute of Technology/HAAG Research Bird Audio/Audio Files Analysis/Low/PSL7\20240510_070000.WAV
654.0,657.0,Phylloscopus occipitalis,Western Crowned Warbler,0.6525,C:/Users/shang/OneDrive - Georgia Institute of Technology/HAAG Research Bird Audio/Audio Files Analysis/Low/PSL7\20240510_070000.WAV
657.0,660.0,Phylloscopus occipitalis,Western Crowned Warbler,0.5597,C:/Users/shang/OneDrive - Georgia Institute of Technology/HAAG Research Bird Audio/Audio Files Analysis/Low/PSL7\20240510_070000.WAV
660.0,663.0,Phylloscopus occipitalis,Western Crowned Warbler,0.6740,C:/Users/shang/OneDrive - Georgia Institute of Technology/HAAG Research Bird Audio/Audio Files Analysis/Low/PSL7\20240510_070000.WAV
660.0,663.0,Protonotaria citrea,Prothonotary Warbler,0.6158,C:/Users/shang/OneDrive - Georgia Institute of Technology/HAAG Research Bird Audio/Audio Files Analysis/Low/PSL7\20240510_070000.WAV
663.0,666.0,Phylloscopus occipitalis,Western Crowned Warbler,0.9144,C:/Users/shang/OneDrive - Georgia Institute of Technology/HAAG Research Bird Audio/Audio Files Analysis/Low/PSL7\20240510_070000.WAV
672.0,675.0,Phylloscopus occipitalis,Western Crowned Warbler,0.8456,C:/Users/shang/OneDrive - Georgia Institute of Technology/HAAG Research Bird Audio/Audio Files Analysis/Low/PSL7\20240510_070000.WAV
681.0,684.0,Phylloscopus occipitalis,Western Crowned Warbler,0.9372,C:/Users/shang/OneDrive - Georgia Institute of Technology/HAAG Research Bird Audio/Audio Files Analysis/Low/PSL7\20240510_070000.WAV
705.0,708.0,Phylloscopus occipitalis,Western Crowned Warbler,0.9468,C:/Users/shang/OneDrive - Georgia Institute of Technology/HAAG Research Bird Audio/Audio Files Analysis/Low/PSL7\20240510_070000.WAV
711.0,714.0,Phylloscopus occipitalis,Western Crowned Warbler,0.9873,C:/Users/shang/OneDrive - Georgia Institute of Technology/HAAG Research Bird Audio/Audio Files Analysis/Low/PSL7\20240510_070000.WAV
714.0,717.0,Phylloscopus occipitalis,Western Crowned Warbler,0.8690,C:/Users/shang/OneDrive - Georgia Institute of Technology/HAAG Research Bird Audio/Audio Files Analysis/Low/PSL7\20240510_070000.WAV
720.0,723.0,Phylloscopus occipitalis,Western Crowned Warbler,0.5617,C:/Users/shang/OneDrive - Georgia Institute of Technology/HAAG Research Bird Audio/Audio Files Analysis/Low/PSL7\20240510_070000.WAV
729.0,732.0,Phylloscopus occipitalis,Western Crowned Warbler,0.8489,C:/Users/shang/OneDrive - Georgia Institute of Technology/HAAG Research Bird Audio/Audio Files Analysis/Low/PSL7\20240510_070000.WAV
738.0,741.0,Phylloscopus occipitalis,Western Crowned Warbler,0.9355,C:/Users/shang/OneDrive - Georgia Institute of Technology/HAAG Research Bird Audio/Audio Files Analysis/Low/PSL7\20240510_070000.WAV
747.0,750.0,Phylloscopus humei,Hume's Warbler,0.8963,C:/Users/shang/OneDrive - Georgia Institute of Technology/HAAG Research Bird Audio/Audio Files Analysis/Low/PSL7\20240510_070000.WAV
750.0,753.0,Phylloscopus occipitalis,Western Crowned Warbler,0.7009,C:/Users/shang/OneDrive - Georgia Institute of Technology/HAAG Research Bird Audio/Audio Files Analysis/Low/PSL7\20240510_070000.WAV
759.0,762.0,Phylloscopus occipitalis,Western Crowned Warbler,0.9352,C:/Users/shang/OneDrive - Georgia Institute of Technology/HAAG Research Bird Audio/Audio Files Analysis/Low/PSL7\20240510_070000.WAV
771.0,774.0,Phylloscopus occipitalis,Western Crowned Warbler,0.5029,C:/Users/shang/OneDrive - Georgia Institute of Technology/HAAG Research Bird Audio/Audio Files Analysis/Low/PSL7\20240510_070000.WAV
777.0,780.0,Phylloscopus occipitalis,Western Crowned Warbler,0.5561,C:/Users/shang/OneDrive - Georgia Institute of Technology/HAAG Research Bird Audio/Audio Files Analysis/Low/PSL7\20240510_070000.WAV
780.0,783.0,Protonotaria citrea,Prothonotary Warbler,0.5916,C:/Users/shang/OneDrive - Georgia Institute of Technology/HAAG Research Bird Audio/Audio Files Analysis/Low/PSL7\20240510_070000.WAV
42.0,45.0,Passerella iliaca,Fox Sparrow,0.5431,C:/Users/shang/OneDrive - Georgia Institute of Technology/HAAG Research Bird Audio/Audio Files Analysis/Low/PSL7\20240510_080000.WAV
60.0,63.0,Ficedula parva,Red-breasted Flycatcher,0.6826,C:/Users/shang/OneDrive - Georgia Institute of Technology/HAAG Research Bird Audio/Audio Files Analysis/Low/PSL7\20240510_080000.WAV
69.0,72.0,Prunella strophiata,Rufous-breasted Accentor,0.8648,C:/Users/shang/OneDrive - Georgia Institute of Technology/HAAG Research Bird Audio/Audio Files Analysis/Low/PSL7\20240510_080000.WAV
126.0,129.0,Phylloscopus humei,Hume's Warbler,0.8996,C:/Users/shang/OneDrive - Georgia Institute of Technology/HAAG Research Bird Audio/Audio Files Analysis/Low/PSL7\20240510_080000.WAV
129.0,132.0,Phylloscopus humei,Hume's Warbler,0.8479,C:/Users/shang/OneDrive - Georgia Institute of Technology/HAAG Research Bird Audio/Audio Files Analysis/Low/PSL7\20240510_080000.WAV
432.0,435.0,Phylloscopus humei,Hume's Warbler,0.9831,C:/Users/shang/OneDrive - Georgia Institute of Technology/HAAG Research Bird Audio/Audio Files Analysis/Low/PSL7\20240510_080000.WAV
438.0,441.0,Phylloscopus humei,Hume's Warbler,0.9522,C:/Users/shang/OneDrive - Georgia Institute of Technology/HAAG Research Bird Audio/Audio Files Analysis/Low/PSL7\20240510_080000.WAV
441.0,444.0,Phylloscopus humei,Hume's Warbler,0.7904,C:/Users/shang/OneDrive - Georgia Institute of Technology/HAAG Research Bird Audio/Audio Files Analysis/Low/PSL7\20240510_080000.WAV
465.0,468.0,Protonotaria citrea,Prothonotary Warbler,0.9464,C:/Users/shang/OneDrive - Georgia Institute of Technology/HAAG Research Bird Audio/Audio Files Analysis/Low/PSL7\20240510_080000.WAV
474.0,477.0,Protonotaria citrea,Prothonotary Warbler,0.8745,C:/Users/shang/OneDrive - Georgia Institute of Technology/HAAG Research Bird Audio/Audio Files Analysis/Low/PSL7\20240510_080000.WAV
477.0,480.0,Protonotaria citrea,Prothonotary Warbler,0.7170,C:/Users/shang/OneDrive - Georgia Institute of Technology/HAAG Research Bird Audio/Audio Files Analysis/Low/PSL7\20240510_080000.WAV
486.0,489.0,Protonotaria citrea,Prothonotary Warbler,0.9425,C:/Users/shang/OneDrive - Georgia Institute of Technology/HAAG Research Bird Audio/Audio Files Analysis/Low/PSL7\20240510_080000.WAV
495.0,498.0,Phylloscopus occipitalis,Western Crowned Warbler,0.7415,C:/Users/shang/OneDrive - Georgia Institute of Technology/HAAG Research Bird Audio/Audio Files Analysis/Low/PSL7\20240510_080000.WAV
534.0,537.0,Boissonneaua flavescens,Buff-tailed Coronet,0.7913,C:/Users/shang/OneDrive - Georgia Institute of Technology/HAAG Research Bird Audio/Audio Files Analysis/Low/PSL7\20240510_080000.WAV
846.0,849.0,Boissonneaua flavescens,Buff-tailed Coronet,0.5106,C:/Users/shang/OneDrive - Georgia Institute of Technology/HAAG Research Bird Audio/Audio Files Analysis/Low/PSL7\20240510_080000.WAV
855.0,858.0,Phylloscopus occipitalis,Western Crowned Warbler,0.7749,C:/Users/shang/OneDrive - Georgia Institute of Technology/HAAG Research Bird Audio/Audio Files Analysis/Low/PSL7\20240510_080000.WAV
885.0,888.0,Phylloscopus occipitalis,Western Crowned Warbler,0.7513,C:/Users/shang/OneDrive - Georgia Institute of Technology/HAAG Research Bird Audio/Audio Files Analysis/Low/PSL7\20240510_080000.WAV
894.0,897.0,Phylloscopus occipitalis,Western Crowned Warbler,0.6295,C:/Users/shang/OneDrive - Georgia Institute of Technology/HAAG Research Bird Audio/Audio Files Analysis/Low/PSL7\20240510_080000.WAV
3.0,6.0,Phylloscopus occipitalis,Western Crowned Warbler,0.8840,C:/Users/shang/OneDrive - Georgia Institute of Technology/HAAG Research Bird Audio/Audio Files Analysis/Low/PSL7\20240510_090000.WAV
6.0,9.0,Phylloscopus occipitalis,Western Crowned Warbler,0.5269,C:/Users/shang/OneDrive - Georgia Institute of Technology/HAAG Research Bird Audio/Audio Files Analysis/Low/PSL7\20240510_090000.WAV
12.0,15.0,Phylloscopus occipitalis,Western Crowned Warbler,0.5276,C:/Users/shang/OneDrive - Georgia Institute of Technology/HAAG Research Bird Audio/Audio Files Analysis/Low/PSL7\20240510_090000.WAV
30.0,33.0,Phylloscopus occipitalis,Western Crowned Warbler,0.9509,C:/Users/shang/OneDrive - Georgia Institute of Technology/HAAG Research Bird Audio/Audio Files Analysis/Low/PSL7\20240510_090000.WAV
39.0,42.0,Phylloscopus occipitalis,Western Crowned Warbler,0.9815,C:/Users/shang/OneDrive - Georgia Institute of Technology/HAAG Research Bird Audio/Audio Files Analysis/Low/PSL7\20240510_090000.WAV
45.0,48.0,Phylloscopus humei,Hume's Warbler,0.5504,C:/Users/shang/OneDrive - Georgia Institute of Technology/HAAG Research Bird Audio/Audio Files Analysis/Low/PSL7\20240510_090000.WAV
48.0,51.0,Phylloscopus occipitalis,Western Crowned Warbler,0.9924,C:/Users/shang/OneDrive - Georgia Institute of Technology/HAAG Research Bird Audio/Audio Files Analysis/Low/PSL7\20240510_090000.WAV
66.0,69.0,Phylloscopus occipitalis,Western Crowned Warbler,0.7442,C:/Users/shang/OneDrive - Georgia Institute of Technology/HAAG Research Bird Audio/Audio Files Analysis/Low/PSL7\20240510_090000.WAV
69.0,72.0,Phylloscopus humei,Hume's Warbler,0.6161,C:/Users/shang/OneDrive - Georgia Institute of Technology/HAAG Research Bird Audio/Audio Files Analysis/Low/PSL7\20240510_090000.WAV
75.0,78.0,Phylloscopus occipitalis,Western Crowned Warbler,0.7724,C:/Users/shang/OneDrive - Georgia Institute of Technology/HAAG Research Bird Audio/Audio Files Analysis/Low/PSL7\20240510_090000.WAV
84.0,87.0,Phylloscopus occipitalis,Western Crowned Warbler,0.9351,C:/Users/shang/OneDrive - Georgia Institute of Technology/HAAG Research Bird Audio/Audio Files Analysis/Low/PSL7\20240510_090000.WAV
102.0,105.0,Phylloscopus occipitalis,Western Crowned Warbler,0.9984,C:/Users/shang/OneDrive - Georgia Institute of Technology/HAAG Research Bird Audio/Audio Files Analysis/Low/PSL7\20240510_090000.WAV
117.0,120.0,Phylloscopus occipitalis,Western Crowned Warbler,0.9768,C:/Users/shang/OneDrive - Georgia Institute of Technology/HAAG Research Bird Audio/Audio Files Analysis/Low/PSL7\20240510_090000.WAV
129.0,132.0,Phylloscopus occipitalis,Western Crowned Warbler,0.8678,C:/Users/shang/OneDrive - Georgia Institute of Technology/HAAG Research Bird Audio/Audio Files Analysis/Low/PSL7\20240510_090000.WAV
132.0,135.0,Phylloscopus occipitalis,Western Crowned Warbler,0.8978,C:/Users/shang/OneDrive - Georgia Institute of Technology/HAAG Research Bird Audio/Audio Files Analysis/Low/PSL7\20240510_090000.WAV
141.0,144.0,Phylloscopus occipitalis,Western Crowned Warbler,0.9367,C:/Users/shang/OneDrive - Georgia Institute of Technology/HAAG Research Bird Audio/Audio Files Analysis/Low/PSL7\20240510_090000.WAV
144.0,147.0,Phylloscopus occipitalis,Western Crowned Warbler,0.9935,C:/Users/shang/OneDrive - Georgia Institute of Technology/HAAG Research Bird Audio/Audio Files Analysis/Low/PSL7\20240510_090000.WAV
144.0,147.0,Protonotaria citrea,Prothonotary Warbler,0.5036,C:/Users/shang/OneDrive - Georgia Institute of Technology/HAAG Research Bird Audio/Audio Files Analysis/Low/PSL7\20240510_090000.WAV
156.0,159.0,Phylloscopus occipitalis,Western Crowned Warbler,0.9861,C:/Users/shang/OneDrive - Georgia Institute of Technology/HAAG Research Bird Audio/Audio Files Analysis/Low/PSL7\20240510_090000.WAV
159.0,162.0,Phylloscopus occipitalis,Western Crowned Warbler,0.8419,C:/Users/shang/OneDrive - Georgia Institute of Technology/HAAG Research Bird Audio/Audio Files Analysis/Low/PSL7\20240510_090000.WAV
165.0,168.0,Phylloscopus occipitalis,Western Crowned Warbler,0.9188,C:/Users/shang/OneDrive - Georgia Institute of Technology/HAAG Research Bird Audio/Audio Files Analysis/Low/PSL7\20240510_090000.WAV
168.0,171.0,Phylloscopus occipitalis,Western Crowned Warbler,0.5152,C:/Users/shang/OneDrive - Georgia Institute of Technology/HAAG Research Bird Audio/Audio Files Analysis/Low/PSL7\20240510_090000.WAV
177.0,180.0,Phylloscopus occipitalis,Western Crowned Warbler,0.9670,C:/Users/shang/OneDrive - Georgia Institute of Technology/HAAG Research Bird Audio/Audio Files Analysis/Low/PSL7\20240510_090000.WAV
186.0,189.0,Phylloscopus occipitalis,Western Crowned Warbler,0.9966,C:/Users/shang/OneDrive - Georgia Institute of Technology/HAAG Research Bird Audio/Audio Files Analysis/Low/PSL7\20240510_090000.WAV
195.0,198.0,Phylloscopus occipitalis,Western Crowned Warbler,0.9922,C:/Users/shang/OneDrive - Georgia Institute of Technology/HAAG Research Bird Audio/Audio Files Analysis/Low/PSL7\20240510_090000.WAV
201.0,204.0,Phylloscopus occipitalis,Western Crowned Warbler,0.6444,C:/Users/shang/OneDrive - Georgia Institute of Technology/HAAG Research Bird Audio/Audio Files Analysis/Low/PSL7\20240510_090000.WAV
207.0,210.0,Phylloscopus occipitalis,Western Crowned Warbler,0.6549,C:/Users/shang/OneDrive - Georgia Institute of Technology/HAAG Research Bird Audio/Audio Files Analysis/Low/PSL7\20240510_090000.WAV
213.0,216.0,Protonotaria citrea,Prothonotary Warbler,0.9904,C:/Users/shang/OneDrive - Georgia Institute of Technology/HAAG Research Bird Audio/Audio Files Analysis/Low/PSL7\20240510_090000.WAV
222.0,225.0,Phylloscopus occipitalis,Western Crowned Warbler,0.9558,C:/Users/shang/OneDrive - Georgia Institute of Technology/HAAG Research Bird Audio/Audio Files Analysis/Low/PSL7\20240510_090000.WAV
246.0,249.0,Phylloscopus occipitalis,Western Crowned Warbler,0.8886,C:/Users/shang/OneDrive - Georgia Institute of Technology/HAAG Research Bird Audio/Audio Files Analysis/Low/PSL7\20240510_090000.WAV
246.0,249.0,Protonotaria citrea,Prothonotary Warbler,0.5148,C:/Users/shang/OneDrive - Georgia Institute of Technology/HAAG Research Bird Audio/Audio Files Analysis/Low/PSL7\20240510_090000.WAV
252.0,255.0,Phylloscopus occipitalis,Western Crowned Warbler,0.8501,C:/Users/shang/OneDrive - Georgia Institute of Technology/HAAG Research Bird Audio/Audio Files Analysis/Low/PSL7\20240510_090000.WAV
261.0,264.0,Phylloscopus occipitalis,Western Crowned Warbler,0.8754,C:/Users/shang/OneDrive - Georgia Institute of Technology/HAAG Research Bird Audio/Audio Files Analysis/Low/PSL7\20240510_090000.WAV
270.0,273.0,Phylloscopus occipitalis,Western Crowned Warbler,0.7315,C:/Users/shang/OneDrive - Georgia Institute of Technology/HAAG Research Bird Audio/Audio Files Analysis/Low/PSL7\20240510_090000.WAV
285.0,288.0,Phylloscopus humei,Hume's Warbler,0.7269,C:/Users/shang/OneDrive - Georgia Institute of Technology/HAAG Research Bird Audio/Audio Files Analysis/Low/PSL7\20240510_090000.WAV
294.0,297.0,Phylloscopus occipitalis,Western Crowned Warbler,0.8192,C:/Users/shang/OneDrive - Georgia Institute of Technology/HAAG Research Bird Audio/Audio Files Analysis/Low/PSL7\20240510_090000.WAV
303.0,306.0,Phylloscopus occipitalis,Western Crowned Warbler,0.9398,C:/Users/shang/OneDrive - Georgia Institute of Technology/HAAG Research Bird Audio/Audio Files Analysis/Low/PSL7\20240510_090000.WAV
309.0,312.0,Phylloscopus occipitalis,Western Crowned Warbler,0.9994,C:/Users/shang/OneDrive - Georgia Institute of Technology/HAAG Research Bird Audio/Audio Files Analysis/Low/PSL7\20240510_090000.WAV
312.0,315.0,Phylloscopus occipitalis,Western Crowned Warbler,0.9195,C:/Users/shang/OneDrive - Georgia Institute of Technology/HAAG Research Bird Audio/Audio Files Analysis/Low/PSL7\20240510_090000.WAV
318.0,321.0,Phylloscopus occipitalis,Western Crowned Warbler,0.9982,C:/Users/shang/OneDrive - Georgia Institute of Technology/HAAG Research Bird Audio/Audio Files Analysis/Low/PSL7\20240510_090000.WAV
327.0,330.0,Phylloscopus occipitalis,Western Crowned Warbler,0.9945,C:/Users/shang/OneDrive - Georgia Institute of Technology/HAAG Research Bird Audio/Audio Files Analysis/Low/PSL7\20240510_090000.WAV
330.0,333.0,Phylloscopus occipitalis,Western Crowned Warbler,0.9796,C:/Users/shang/OneDrive - Georgia Institute of Technology/HAAG Research Bird Audio/Audio Files Analysis/Low/PSL7\20240510_090000.WAV
339.0,342.0,Phylloscopus occipitalis,Western Crowned Warbler,0.9763,C:/Users/shang/OneDrive - Georgia Institute of Technology/HAAG Research Bird Audio/Audio Files Analysis/Low/PSL7\20240510_090000.WAV
354.0,357.0,Phylloscopus occipitalis,Western Crowned Warbler,0.9655,C:/Users/shang/OneDrive - Georgia Institute of Technology/HAAG Research Bird Audio/Audio Files Analysis/Low/PSL7\20240510_090000.WAV
357.0,360.0,Phylloscopus occipitalis,Western Crowned Warbler,0.8110,C:/Users/shang/OneDrive - Georgia Institute of Technology/HAAG Research Bird Audio/Audio Files Analysis/Low/PSL7\20240510_090000.WAV
363.0,366.0,Phylloscopus occipitalis,Western Crowned Warbler,0.9841,C:/Users/shang/OneDrive - Georgia Institute of Technology/HAAG Research Bird Audio/Audio Files Analysis/Low/PSL7\20240510_090000.WAV
372.0,375.0,Phylloscopus occipitalis,Western Crowned Warbler,0.9966,C:/Users/shang/OneDrive - Georgia Institute of Technology/HAAG Research Bird Audio/Audio Files Analysis/Low/PSL7\20240510_090000.WAV
378.0,381.0,Phylloscopus occipitalis,Western Crowned Warbler,0.9978,C:/Users/shang/OneDrive - Georgia Institute of Technology/HAAG Research Bird Audio/Audio Files Analysis/Low/PSL7\20240510_090000.WAV
387.0,390.0,Phylloscopus occipitalis,Western Crowned Warbler,0.9986,C:/Users/shang/OneDrive - Georgia Institute of Technology/HAAG Research Bird Audio/Audio Files Analysis/Low/PSL7\20240510_090000.WAV
390.0,393.0,Prinia socialis,Ashy Prinia,0.5186,C:/Users/shang/OneDrive - Georgia Institute of Technology/HAAG Research Bird Audio/Audio Files Analysis/Low/PSL7\20240510_090000.WAV
396.0,399.0,Phylloscopus occipitalis,Western Crowned Warbler,0.9088,C:/Users/shang/OneDrive - Georgia Institute of Technology/HAAG Research Bird Audio/Audio Files Analysis/Low/PSL7\20240510_090000.WAV
405.0,408.0,Phylloscopus occipitalis,Western Crowned Warbler,0.9408,C:/Users/shang/OneDrive - Georgia Institute of Technology/HAAG Research Bird Audio/Audio Files Analysis/Low/PSL7\20240510_090000.WAV
423.0,426.0,Phylloscopus sibilatrix,Wood Warbler,0.6730,C:/Users/shang/OneDrive - Georgia Institute of Technology/HAAG Research Bird Audio/Audio Files Analysis/Low/PSL7\20240510_090000.WAV
426.0,429.0,Phylloscopus occipitalis,Western Crowned Warbler,0.9905,C:/Users/shang/OneDrive - Georgia Institute of Technology/HAAG Research Bird Audio/Audio Files Analysis/Low/PSL7\20240510_090000.WAV
438.0,441.0,Phylloscopus occipitalis,Western Crowned Warbler,0.9964,C:/Users/shang/OneDrive - Georgia Institute of Technology/HAAG Research Bird Audio/Audio Files Analysis/Low/PSL7\20240510_090000.WAV
441.0,444.0,Phylloscopus occipitalis,Western Crowned Warbler,0.9917,C:/Users/shang/OneDrive - Georgia Institute of Technology/HAAG Research Bird Audio/Audio Files Analysis/Low/PSL7\20240510_090000.WAV
441.0,444.0,Protonotaria citrea,Prothonotary Warbler,0.7694,C:/Users/shang/OneDrive - Georgia Institute of Technology/HAAG Research Bird Audio/Audio Files Analysis/Low/PSL7\20240510_090000.WAV
453.0,456.0,Phylloscopus occipitalis,Western Crowned Warbler,0.9297,C:/Users/shang/OneDrive - Georgia Institute of Technology/HAAG Research Bird Audio/Audio Files Analysis/Low/PSL7\20240510_090000.WAV
456.0,459.0,Phylloscopus occipitalis,Western Crowned Warbler,0.9977,C:/Users/shang/OneDrive - Georgia Institute of Technology/HAAG Research Bird Audio/Audio Files Analysis/Low/PSL7\20240510_090000.WAV
459.0,462.0,Phylloscopus occipitalis,Western Crowned Warbler,0.9922,C:/Users/shang/OneDrive - Georgia Institute of Technology/HAAG Research Bird Audio/Audio Files Analysis/Low/PSL7\20240510_090000.WAV
468.0,471.0,Phylloscopus occipitalis,Western Crowned Warbler,0.9458,C:/Users/shang/OneDrive - Georgia Institute of Technology/HAAG Research Bird Audio/Audio Files Analysis/Low/PSL7\20240510_090000.WAV
486.0,489.0,Phylloscopus occipitalis,Western Crowned Warbler,0.9927,C:/Users/shang/OneDrive - Georgia Institute of Technology/HAAG Research Bird Audio/Audio Files Analysis/Low/PSL7\20240510_090000.WAV
495.0,498.0,Phylloscopus occipitalis,Western Crowned Warbler,0.9982,C:/Users/shang/OneDrive - Georgia Institute of Technology/HAAG Research Bird Audio/Audio Files Analysis/Low/PSL7\20240510_090000.WAV
498.0,501.0,Phylloscopus occipitalis,Western Crowned Warbler,0.9956,C:/Users/shang/OneDrive - Georgia Institute of Technology/HAAG Research Bird Audio/Audio Files Analysis/Low/PSL7\20240510_090000.WAV
504.0,507.0,Phylloscopus occipitalis,Western Crowned Warbler,0.9900,C:/Users/shang/OneDrive - Georgia Institute of Technology/HAAG Research Bird Audio/Audio Files Analysis/Low/PSL7\20240510_090000.WAV
513.0,516.0,Phylloscopus occipitalis,Western Crowned Warbler,0.9985,C:/Users/shang/OneDrive - Georgia Institute of Technology/HAAG Research Bird Audio/Audio Files Analysis/Low/PSL7\20240510_090000.WAV
522.0,525.0,Phylloscopus occipitalis,Western Crowned Warbler,0.9632,C:/Users/shang/OneDrive - Georgia Institute of Technology/HAAG Research Bird Audio/Audio Files Analysis/Low/PSL7\20240510_090000.WAV
534.0,537.0,Phylloscopus occipitalis,Western Crowned Warbler,0.9847,C:/Users/shang/OneDrive - Georgia Institute of Technology/HAAG Research Bird Audio/Audio Files Analysis/Low/PSL7\20240510_090000.WAV
537.0,540.0,Phylloscopus occipitalis,Western Crowned Warbler,0.9912,C:/Users/shang/OneDrive - Georgia Institute of Technology/HAAG Research Bird Audio/Audio Files Analysis/Low/PSL7\20240510_090000.WAV
546.0,549.0,Phylloscopus occipitalis,Western Crowned Warbler,0.9670,C:/Users/shang/OneDrive - Georgia Institute of Technology/HAAG Research Bird Audio/Audio Files Analysis/Low/PSL7\20240510_090000.WAV
555.0,558.0,Phylloscopus occipitalis,Western Crowned Warbler,0.9983,C:/Users/shang/OneDrive - Georgia Institute of Technology/HAAG Research Bird Audio/Audio Files Analysis/Low/PSL7\20240510_090000.WAV
564.0,567.0,Phylloscopus occipitalis,Western Crowned Warbler,0.9947,C:/Users/shang/OneDrive - Georgia Institute of Technology/HAAG Research Bird Audio/Audio Files Analysis/Low/PSL7\20240510_090000.WAV
570.0,573.0,Phylloscopus occipitalis,Western Crowned Warbler,0.9951,C:/Users/shang/OneDrive - Georgia Institute of Technology/HAAG Research Bird Audio/Audio Files Analysis/Low/PSL7\20240510_090000.WAV
573.0,576.0,Phylloscopus occipitalis,Western Crowned Warbler,0.9910,C:/Users/shang/OneDrive - Georgia Institute of Technology/HAAG Research Bird Audio/Audio Files Analysis/Low/PSL7\20240510_090000.WAV
594.0,597.0,Phylloscopus occipitalis,Western Crowned Warbler,0.9422,C:/Users/shang/OneDrive - Georgia Institute of Technology/HAAG Research Bird Audio/Audio Files Analysis/Low/PSL7\20240510_090000.WAV
603.0,606.0,Phylloscopus occipitalis,Western Crowned Warbler,0.9896,C:/Users/shang/OneDrive - Georgia Institute of Technology/HAAG Research Bird Audio/Audio Files Analysis/Low/PSL7\20240510_090000.WAV
612.0,615.0,Phylloscopus occipitalis,Western Crowned Warbler,0.9927,C:/Users/shang/OneDrive - Georgia Institute of Technology/HAAG Research Bird Audio/Audio Files Analysis/Low/PSL7\20240510_090000.WAV
618.0,621.0,Phylloscopus occipitalis,Western Crowned Warbler,0.5283,C:/Users/shang/OneDrive - Georgia Institute of Technology/HAAG Research Bird Audio/Audio Files Analysis/Low/PSL7\20240510_090000.WAV
621.0,624.0,Phylloscopus occipitalis,Western Crowned Warbler,0.9923,C:/Users/shang/OneDrive - Georgia Institute of Technology/HAAG Research Bird Audio/Audio Files Analysis/Low/PSL7\20240510_090000.WAV
624.0,627.0,Phylloscopus occipitalis,Western Crowned Warbler,0.6370,C:/Users/shang/OneDrive - Georgia Institute of Technology/HAAG Research Bird Audio/Audio Files Analysis/Low/PSL7\20240510_090000.WAV
630.0,633.0,Phylloscopus occipitalis,Western Crowned Warbler,0.9639,C:/Users/shang/OneDrive - Georgia Institute of Technology/HAAG Research Bird Audio/Audio Files Analysis/Low/PSL7\20240510_090000.WAV
633.0,636.0,Phylloscopus occipitalis,Western Crowned Warbler,0.9328,C:/Users/shang/OneDrive - Georgia Institute of Technology/HAAG Research Bird Audio/Audio Files Analysis/Low/PSL7\20240510_090000.WAV
633.0,636.0,Protonotaria citrea,Prothonotary Warbler,0.9009,C:/Users/shang/OneDrive - Georgia Institute of Technology/HAAG Research Bird Audio/Audio Files Analysis/Low/PSL7\20240510_090000.WAV
636.0,639.0,Phylloscopus occipitalis,Western Crowned Warbler,0.6620,C:/Users/shang/OneDrive - Georgia Institute of Technology/HAAG Research Bird Audio/Audio Files Analysis/Low/PSL7\20240510_090000.WAV
639.0,642.0,Phylloscopus occipitalis,Western Crowned Warbler,0.9410,C:/Users/shang/OneDrive - Georgia Institute of Technology/HAAG Research Bird Audio/Audio Files Analysis/Low/PSL7\20240510_090000.WAV
642.0,645.0,Protonotaria citrea,Prothonotary Warbler,0.8724,C:/Users/shang/OneDrive - Georgia Institute of Technology/HAAG Research Bird Audio/Audio Files Analysis/Low/PSL7\20240510_090000.WAV
642.0,645.0,Phylloscopus occipitalis,Western Crowned Warbler,0.5560,C:/Users/shang/OneDrive - Georgia Institute of Technology/HAAG Research Bird Audio/Audio Files Analysis/Low/PSL7\20240510_090000.WAV
648.0,651.0,Phylloscopus occipitalis,Western Crowned Warbler,0.9646,C:/Users/shang/OneDrive - Georgia Institute of Technology/HAAG Research Bird Audio/Audio Files Analysis/Low/PSL7\20240510_090000.WAV
657.0,660.0,Phylloscopus occipitalis,Western Crowned Warbler,0.9979,C:/Users/shang/OneDrive - Georgia Institute of Technology/HAAG Research Bird Audio/Audio Files Analysis/Low/PSL7\20240510_090000.WAV
666.0,669.0,Phylloscopus occipitalis,Western Crowned Warbler,0.9955,C:/Users/shang/OneDrive - Georgia Institute of Technology/HAAG Research Bird Audio/Audio Files Analysis/Low/PSL7\20240510_090000.WAV
678.0,681.0,Phylloscopus occipitalis,Western Crowned Warbler,0.9025,C:/Users/shang/OneDrive - Georgia Institute of Technology/HAAG Research Bird Audio/Audio Files Analysis/Low/PSL7\20240510_090000.WAV
681.0,684.0,Phylloscopus occipitalis,Western Crowned Warbler,0.8060,C:/Users/shang/OneDrive - Georgia Institute of Technology/HAAG Research Bird Audio/Audio Files Analysis/Low/PSL7\20240510_090000.WAV
690.0,693.0,Phylloscopus occipitalis,Western Crowned Warbler,0.9375,C:/Users/shang/OneDrive - Georgia Institute of Technology/HAAG Research Bird Audio/Audio Files Analysis/Low/PSL7\20240510_090000.WAV
699.0,702.0,Phylloscopus occipitalis,Western Crowned Warbler,0.9409,C:/Users/shang/OneDrive - Georgia Institute of Technology/HAAG Research Bird Audio/Audio Files Analysis/Low/PSL7\20240510_090000.WAV
702.0,705.0,Protonotaria citrea,Prothonotary Warbler,0.8570,C:/Users/shang/OneDrive - Georgia Institute of Technology/HAAG Research Bird Audio/Audio Files Analysis/Low/PSL7\20240510_090000.WAV
702.0,705.0,Atlapetes fuscoolivaceus,Dusky-headed Brushfinch,0.6552,C:/Users/shang/OneDrive - Georgia Institute of Technology/HAAG Research Bird Audio/Audio Files Analysis/Low/PSL7\20240510_090000.WAV
708.0,711.0,Phylloscopus occipitalis,Western Crowned Warbler,0.9923,C:/Users/shang/OneDrive - Georgia Institute of Technology/HAAG Research Bird Audio/Audio Files Analysis/Low/PSL7\20240510_090000.WAV
717.0,720.0,Phylloscopus occipitalis,Western Crowned Warbler,0.9900,C:/Users/shang/OneDrive - Georgia Institute of Technology/HAAG Research Bird Audio/Audio Files Analysis/Low/PSL7\20240510_090000.WAV
726.0,729.0,Phylloscopus occipitalis,Western Crowned Warbler,0.8157,C:/Users/shang/OneDrive - Georgia Institute of Technology/HAAG Research Bird Audio/Audio Files Analysis/Low/PSL7\20240510_090000.WAV
729.0,732.0,Phylloscopus occipitalis,Western Crowned Warbler,0.8942,C:/Users/shang/OneDrive - Georgia Institute of Technology/HAAG Research Bird Audio/Audio Files Analysis/Low/PSL7\20240510_090000.WAV
732.0,735.0,Grus grus,Common Crane,0.5207,C:/Users/shang/OneDrive - Georgia Institute of Technology/HAAG Research Bird Audio/Audio Files Analysis/Low/PSL7\20240510_090000.WAV
738.0,741.0,Phylloscopus occipitalis,Western Crowned Warbler,0.9718,C:/Users/shang/OneDrive - Georgia Institute of Technology/HAAG Research Bird Audio/Audio Files Analysis/Low/PSL7\20240510_090000.WAV
747.0,750.0,Phylloscopus occipitalis,Western Crowned Warbler,0.9875,C:/Users/shang/OneDrive - Georgia Institute of Technology/HAAG Research Bird Audio/Audio Files Analysis/Low/PSL7\20240510_090000.WAV
750.0,753.0,Phylloscopus occipitalis,Western Crowned Warbler,0.9751,C:/Users/shang/OneDrive - Georgia Institute of Technology/HAAG Research Bird Audio/Audio Files Analysis/Low/PSL7\20240510_090000.WAV
750.0,753.0,Protonotaria citrea,Prothonotary Warbler,0.6106,C:/Users/shang/OneDrive - Georgia Institute of Technology/HAAG Research Bird Audio/Audio Files Analysis/Low/PSL7\20240510_090000.WAV
756.0,759.0,Phylloscopus occipitalis,Western Crowned Warbler,0.9868,C:/Users/shang/OneDrive - Georgia Institute of Technology/HAAG Research Bird Audio/Audio Files Analysis/Low/PSL7\20240510_090000.WAV
765.0,768.0,Phylloscopus occipitalis,Western Crowned Warbler,0.9565,C:/Users/shang/OneDrive - Georgia Institute of Technology/HAAG Research Bird Audio/Audio Files Analysis/Low/PSL7\20240510_090000.WAV
765.0,768.0,Protonotaria citrea,Prothonotary Warbler,0.7768,C:/Users/shang/OneDrive - Georgia Institute of Technology/HAAG Research Bird Audio/Audio Files Analysis/Low/PSL7\20240510_090000.WAV
774.0,777.0,Phylloscopus occipitalis,Western Crowned Warbler,0.9256,C:/Users/shang/OneDrive - Georgia Institute of Technology/HAAG Research Bird Audio/Audio Files Analysis/Low/PSL7\20240510_090000.WAV
786.0,789.0,Phylloscopus occipitalis,Western Crowned Warbler,0.9017,C:/Users/shang/OneDrive - Georgia Institute of Technology/HAAG Research Bird Audio/Audio Files Analysis/Low/PSL7\20240510_090000.WAV
789.0,792.0,Phylloscopus occipitalis,Western Crowned Warbler,0.8680,C:/Users/shang/OneDrive - Georgia Institute of Technology/HAAG Research Bird Audio/Audio Files Analysis/Low/PSL7\20240510_090000.WAV
789.0,792.0,Protonotaria citrea,Prothonotary Warbler,0.8513,C:/Users/shang/OneDrive - Georgia Institute of Technology/HAAG Research Bird Audio/Audio Files Analysis/Low/PSL7\20240510_090000.WAV
801.0,804.0,Phylloscopus occipitalis,Western Crowned Warbler,0.9396,C:/Users/shang/OneDrive - Georgia Institute of Technology/HAAG Research Bird Audio/Audio Files Analysis/Low/PSL7\20240510_090000.WAV
810.0,813.0,Phylloscopus occipitalis,Western Crowned Warbler,0.8993,C:/Users/shang/OneDrive - Georgia Institute of Technology/HAAG Research Bird Audio/Audio Files Analysis/Low/PSL7\20240510_090000.WAV
816.0,819.0,Phylloscopus occipitalis,Western Crowned Warbler,0.6606,C:/Users/shang/OneDrive - Georgia Institute of Technology/HAAG Research Bird Audio/Audio Files Analysis/Low/PSL7\20240510_090000.WAV
816.0,819.0,Protonotaria citrea,Prothonotary Warbler,0.5889,C:/Users/shang/OneDrive - Georgia Institute of Technology/HAAG Research Bird Audio/Audio Files Analysis/Low/PSL7\20240510_090000.WAV
819.0,822.0,Phylloscopus occipitalis,Western Crowned Warbler,0.8934,C:/Users/shang/OneDrive - Georgia Institute of Technology/HAAG Research Bird Audio/Audio Files Analysis/Low/PSL7\20240510_090000.WAV
825.0,828.0,Phylloscopus occipitalis,Western Crowned Warbler,0.5090,C:/Users/shang/OneDrive - Georgia Institute of Technology/HAAG Research Bird Audio/Audio Files Analysis/Low/PSL7\20240510_090000.WAV
831.0,834.0,Phylloscopus occipitalis,Western Crowned Warbler,0.6959,C:/Users/shang/OneDrive - Georgia Institute of Technology/HAAG Research Bird Audio/Audio Files Analysis/Low/PSL7\20240510_090000.WAV
834.0,837.0,Phylloscopus occipitalis,Western Crowned Warbler,0.5497,C:/Users/shang/OneDrive - Georgia Institute of Technology/HAAG Research Bird Audio/Audio Files Analysis/Low/PSL7\20240510_090000.WAV
849.0,852.0,Phylloscopus occipitalis,Western Crowned Warbler,0.6532,C:/Users/shang/OneDrive - Georgia Institute of Technology/HAAG Research Bird Audio/Audio Files Analysis/Low/PSL7\20240510_090000.WAV
852.0,855.0,Phylloscopus occipitalis,Western Crowned Warbler,0.7886,C:/Users/shang/OneDrive - Georgia Institute of Technology/HAAG Research Bird Audio/Audio Files Analysis/Low/PSL7\20240510_090000.WAV
855.0,858.0,Phylloscopus occipitalis,Western Crowned Warbler,0.8264,C:/Users/shang/OneDrive - Georgia Institute of Technology/HAAG Research Bird Audio/Audio Files Analysis/Low/PSL7\20240510_090000.WAV
864.0,867.0,Phylloscopus occipitalis,Western Crowned Warbler,0.5998,C:/Users/shang/OneDrive - Georgia Institute of Technology/HAAG Research Bird Audio/Audio Files Analysis/Low/PSL7\20240510_090000.WAV
873.0,876.0,Protonotaria citrea,Prothonotary Warbler,0.8446,C:/Users/shang/OneDrive - Georgia Institute of Technology/HAAG Research Bird Audio/Audio Files Analysis/Low/PSL7\20240510_090000.WAV
879.0,882.0,Phylloscopus occipitalis,Western Crowned Warbler,0.9397,C:/Users/shang/OneDrive - Georgia Institute of Technology/HAAG Research Bird Audio/Audio Files Analysis/Low/PSL7\20240510_090000.WAV
885.0,888.0,Phylloscopus occipitalis,Western Crowned Warbler,0.9042,C:/Users/shang/OneDrive - Georgia Institute of Technology/HAAG Research Bird Audio/Audio Files Analysis/Low/PSL7\20240510_090000.WAV
888.0,891.0,Protonotaria citrea,Prothonotary Warbler,0.7860,C:/Users/shang/OneDrive - Georgia Institute of Technology/HAAG Research Bird Audio/Audio Files Analysis/Low/PSL7\20240510_090000.WAV
894.0,897.0,Phylloscopus occipitalis,Western Crowned Warbler,0.9576,C:/Users/shang/OneDrive - Georgia Institute of Technology/HAAG Research Bird Audio/Audio Files Analysis/Low/PSL7\20240510_090000.WAV
210.0,213.0,Phylloscopus humei,Hume's Warbler,0.9856,C:/Users/shang/OneDrive - Georgia Institute of Technology/HAAG Research Bird Audio/Audio Files Analysis/Low/PSL7\20240511_060000.WAV
483.0,486.0,Phylloscopus humei,Hume's Warbler,0.6372,C:/Users/shang/OneDrive - Georgia Institute of Technology/HAAG Research Bird Audio/Audio Files Analysis/Low/PSL7\20240511_060000.WAV
633.0,636.0,Phylloscopus humei,Hume's Warbler,0.5561,C:/Users/shang/OneDrive - Georgia Institute of Technology/HAAG Research Bird Audio/Audio Files Analysis/Low/PSL7\20240511_060000.WAV
654.0,657.0,Phylloscopus occipitalis,Western Crowned Warbler,0.6447,C:/Users/shang/OneDrive - Georgia Institute of Technology/HAAG Research Bird Audio/Audio Files Analysis/Low/PSL7\20240511_060000.WAV
657.0,660.0,Phylloscopus occipitalis,Western Crowned Warbler,0.7885,C:/Users/shang/OneDrive - Georgia Institute of Technology/HAAG Research Bird Audio/Audio Files Analysis/Low/PSL7\20240511_060000.WAV
669.0,672.0,Phylloscopus occipitalis,Western Crowned Warbler,0.7233,C:/Users/shang/OneDrive - Georgia Institute of Technology/HAAG Research Bird Audio/Audio Files Analysis/Low/PSL7\20240511_060000.WAV
678.0,681.0,Protonotaria citrea,Prothonotary Warbler,0.9315,C:/Users/shang/OneDrive - Georgia Institute of Technology/HAAG Research Bird Audio/Audio Files Analysis/Low/PSL7\20240511_060000.WAV
684.0,687.0,Phylloscopus occipitalis,Western Crowned Warbler,0.6665,C:/Users/shang/OneDrive - Georgia Institute of Technology/HAAG Research Bird Audio/Audio Files Analysis/Low/PSL7\20240511_060000.WAV
690.0,693.0,Phylloscopus occipitalis,Western Crowned Warbler,0.7745,C:/Users/shang/OneDrive - Georgia Institute of Technology/HAAG Research Bird Audio/Audio Files Analysis/Low/PSL7\20240511_060000.WAV
699.0,702.0,Protonotaria citrea,Prothonotary Warbler,0.8375,C:/Users/shang/OneDrive - Georgia Institute of Technology/HAAG Research Bird Audio/Audio Files Analysis/Low/PSL7\20240511_060000.WAV
699.0,702.0,Phylloscopus occipitalis,Western Crowned Warbler,0.8055,C:/Users/shang/OneDrive - Georgia Institute of Technology/HAAG Research Bird Audio/Audio Files Analysis/Low/PSL7\20240511_060000.WAV
705.0,708.0,Phylloscopus occipitalis,Western Crowned Warbler,0.7392,C:/Users/shang/OneDrive - Georgia Institute of Technology/HAAG Research Bird Audio/Audio Files Analysis/Low/PSL7\20240511_060000.WAV
711.0,714.0,Phylloscopus occipitalis,Western Crowned Warbler,0.7796,C:/Users/shang/OneDrive - Georgia Institute of Technology/HAAG Research Bird Audio/Audio Files Analysis/Low/PSL7\20240511_060000.WAV
711.0,714.0,Protonotaria citrea,Prothonotary Warbler,0.5976,C:/Users/shang/OneDrive - Georgia Institute of Technology/HAAG Research Bird Audio/Audio Files Analysis/Low/PSL7\20240511_060000.WAV
717.0,720.0,Phylloscopus occipitalis,Western Crowned Warbler,0.6768,C:/Users/shang/OneDrive - Georgia Institute of Technology/HAAG Research Bird Audio/Audio Files Analysis/Low/PSL7\20240511_060000.WAV
723.0,726.0,Phylloscopus sibilatrix,Wood Warbler,0.7074,C:/Users/shang/OneDrive - Georgia Institute of Technology/HAAG Research Bird Audio/Audio Files Analysis/Low/PSL7\20240511_060000.WAV
726.0,729.0,Phylloscopus occipitalis,Western Crowned Warbler,0.7122,C:/Users/shang/OneDrive - Georgia Institute of Technology/HAAG Research Bird Audio/Audio Files Analysis/Low/PSL7\20240511_060000.WAV
732.0,735.0,Phylloscopus occipitalis,Western Crowned Warbler,0.6124,C:/Users/shang/OneDrive - Georgia Institute of Technology/HAAG Research Bird Audio/Audio Files Analysis/Low/PSL7\20240511_060000.WAV
738.0,741.0,Phylloscopus sibilatrix,Wood Warbler,0.9200,C:/Users/shang/OneDrive - Georgia Institute of Technology/HAAG Research Bird Audio/Audio Files Analysis/Low/PSL7\20240511_060000.WAV
741.0,744.0,Phylloscopus occipitalis,Western Crowned Warbler,0.8324,C:/Users/shang/OneDrive - Georgia Institute of Technology/HAAG Research Bird Audio/Audio Files Analysis/Low/PSL7\20240511_060000.WAV
747.0,750.0,Phylloscopus occipitalis,Western Crowned Warbler,0.9714,C:/Users/shang/OneDrive - Georgia Institute of Technology/HAAG Research Bird Audio/Audio Files Analysis/Low/PSL7\20240511_060000.WAV
756.0,759.0,Protonotaria citrea,Prothonotary Warbler,0.6547,C:/Users/shang/OneDrive - Georgia Institute of Technology/HAAG Research Bird Audio/Audio Files Analysis/Low/PSL7\20240511_060000.WAV
756.0,759.0,Phylloscopus occipitalis,Western Crowned Warbler,0.6210,C:/Users/shang/OneDrive - Georgia Institute of Technology/HAAG Research Bird Audio/Audio Files Analysis/Low/PSL7\20240511_060000.WAV
762.0,765.0,Protonotaria citrea,Prothonotary Warbler,0.9023,C:/Users/shang/OneDrive - Georgia Institute of Technology/HAAG Research Bird Audio/Audio Files Analysis/Low/PSL7\20240511_060000.WAV
768.0,771.0,Protonotaria citrea,Prothonotary Warbler,0.7639,C:/Users/shang/OneDrive - Georgia Institute of Technology/HAAG Research Bird Audio/Audio Files Analysis/Low/PSL7\20240511_060000.WAV
771.0,774.0,Protonotaria citrea,Prothonotary Warbler,0.9663,C:/Users/shang/OneDrive - Georgia Institute of Technology/HAAG Research Bird Audio/Audio Files Analysis/Low/PSL7\20240511_060000.WAV
777.0,780.0,Phylloscopus occipitalis,Western Crowned Warbler,0.9244,C:/Users/shang/OneDrive - Georgia Institute of Technology/HAAG Research Bird Audio/Audio Files Analysis/Low/PSL7\20240511_060000.WAV
786.0,789.0,Protonotaria citrea,Prothonotary Warbler,0.9886,C:/Users/shang/OneDrive - Georgia Institute of Technology/HAAG Research Bird Audio/Audio Files Analysis/Low/PSL7\20240511_060000.WAV
792.0,795.0,Phylloscopus occipitalis,Western Crowned Warbler,0.8733,C:/Users/shang/OneDrive - Georgia Institute of Technology/HAAG Research Bird Audio/Audio Files Analysis/Low/PSL7\20240511_060000.WAV
801.0,804.0,Phylloscopus occipitalis,Western Crowned Warbler,0.6697,C:/Users/shang/OneDrive - Georgia Institute of Technology/HAAG Research Bird Audio/Audio Files Analysis/Low/PSL7\20240511_060000.WAV
816.0,819.0,Phylloscopus occipitalis,Western Crowned Warbler,0.7848,C:/Users/shang/OneDrive - Georgia Institute of Technology/HAAG Research Bird Audio/Audio Files Analysis/Low/PSL7\20240511_060000.WAV
831.0,834.0,Phylloscopus occipitalis,Western Crowned Warbler,0.7694,C:/Users/shang/OneDrive - Georgia Institute of Technology/HAAG Research Bird Audio/Audio Files Analysis/Low/PSL7\20240511_060000.WAV
840.0,843.0,Protonotaria citrea,Prothonotary Warbler,0.9820,C:/Users/shang/OneDrive - Georgia Institute of Technology/HAAG Research Bird Audio/Audio Files Analysis/Low/PSL7\20240511_060000.WAV
846.0,849.0,Protonotaria citrea,Prothonotary Warbler,0.8933,C:/Users/shang/OneDrive - Georgia Institute of Technology/HAAG Research Bird Audio/Audio Files Analysis/Low/PSL7\20240511_060000.WAV
855.0,858.0,Protonotaria citrea,Prothonotary Warbler,0.9397,C:/Users/shang/OneDrive - Georgia Institute of Technology/HAAG Research Bird Audio/Audio Files Analysis/Low/PSL7\20240511_060000.WAV
891.0,894.0,Protonotaria citrea,Prothonotary Warbler,0.5018,C:/Users/shang/OneDrive - Georgia Institute of Technology/HAAG Research Bird Audio/Audio Files Analysis/Low/PSL7\20240511_060000.WAV
87.0,90.0,Phylloscopus humei,Hume's Warbler,0.9998,C:/Users/shang/OneDrive - Georgia Institute of Technology/HAAG Research Bird Audio/Audio Files Analysis/Low/PSL7\20240511_070000.WAV
159.0,162.0,Phylloscopus humei,Hume's Warbler,0.5281,C:/Users/shang/OneDrive - Georgia Institute of Technology/HAAG Research Bird Audio/Audio Files Analysis/Low/PSL7\20240511_070000.WAV
384.0,387.0,Phylloscopus humei,Hume's Warbler,0.7581,C:/Users/shang/OneDrive - Georgia Institute of Technology/HAAG Research Bird Audio/Audio Files Analysis/Low/PSL7\20240511_070000.WAV
387.0,390.0,Phylloscopus humei,Hume's Warbler,0.7492,C:/Users/shang/OneDrive - Georgia Institute of Technology/HAAG Research Bird Audio/Audio Files Analysis/Low/PSL7\20240511_070000.WAV
390.0,393.0,Phylloscopus humei,Hume's Warbler,0.8594,C:/Users/shang/OneDrive - Georgia Institute of Technology/HAAG Research Bird Audio/Audio Files Analysis/Low/PSL7\20240511_070000.WAV
405.0,408.0,Phylloscopus humei,Hume's Warbler,0.9052,C:/Users/shang/OneDrive - Georgia Institute of Technology/HAAG Research Bird Audio/Audio Files Analysis/Low/PSL7\20240511_070000.WAV
411.0,414.0,Phylloscopus humei,Hume's Warbler,0.8280,C:/Users/shang/OneDrive - Georgia Institute of Technology/HAAG Research Bird Audio/Audio Files Analysis/Low/PSL7\20240511_070000.WAV
522.0,525.0,Anthus hodgsoni,Olive-backed Pipit,0.5364,C:/Users/shang/OneDrive - Georgia Institute of Technology/HAAG Research Bird Audio/Audio Files Analysis/Low/PSL7\20240511_070000.WAV
528.0,531.0,Anthus hodgsoni,Olive-backed Pipit,0.5067,C:/Users/shang/OneDrive - Georgia Institute of Technology/HAAG Research Bird Audio/Audio Files Analysis/Low/PSL7\20240511_070000.WAV
534.0,537.0,Anthus hodgsoni,Olive-backed Pipit,0.9306,C:/Users/shang/OneDrive - Georgia Institute of Technology/HAAG Research Bird Audio/Audio Files Analysis/Low/PSL7\20240511_070000.WAV
546.0,549.0,Phylloscopus humei,Hume's Warbler,0.7632,C:/Users/shang/OneDrive - Georgia Institute of Technology/HAAG Research Bird Audio/Audio Files Analysis/Low/PSL7\20240511_070000.WAV
555.0,558.0,Phylloscopus humei,Hume's Warbler,0.6109,C:/Users/shang/OneDrive - Georgia Institute of Technology/HAAG Research Bird Audio/Audio Files Analysis/Low/PSL7\20240511_070000.WAV
606.0,609.0,Phylloscopus humei,Hume's Warbler,0.8897,C:/Users/shang/OneDrive - Georgia Institute of Technology/HAAG Research Bird Audio/Audio Files Analysis/Low/PSL7\20240511_070000.WAV
783.0,786.0,Phylloscopus humei,Hume's Warbler,0.9057,C:/Users/shang/OneDrive - Georgia Institute of Technology/HAAG Research Bird Audio/Audio Files Analysis/Low/PSL7\20240511_070000.WAV
846.0,849.0,Phylloscopus humei,Hume's Warbler,0.9524,C:/Users/shang/OneDrive - Georgia Institute of Technology/HAAG Research Bird Audio/Audio Files Analysis/Low/PSL7\20240511_070000.WAV
852.0,855.0,Phylloscopus humei,Hume's Warbler,0.5011,C:/Users/shang/OneDrive - Georgia Institute of Technology/HAAG Research Bird Audio/Audio Files Analysis/Low/PSL7\20240511_070000.WAV
861.0,864.0,Phylloscopus humei,Hume's Warbler,0.9575,C:/Users/shang/OneDrive - Georgia Institute of Technology/HAAG Research Bird Audio/Audio Files Analysis/Low/PSL7\20240511_070000.WAV
870.0,873.0,Phylloscopus humei,Hume's Warbler,0.7924,C:/Users/shang/OneDrive - Georgia Institute of Technology/HAAG Research Bird Audio/Audio Files Analysis/Low/PSL7\20240511_070000.WAV
876.0,879.0,Phylloscopus humei,Hume's Warbler,0.9078,C:/Users/shang/OneDrive - Georgia Institute of Technology/HAAG Research Bird Audio/Audio Files Analysis/Low/PSL7\20240511_070000.WAV
879.0,882.0,Phylloscopus humei,Hume's Warbler,0.9967,C:/Users/shang/OneDrive - Georgia Institute of Technology/HAAG Research Bird Audio/Audio Files Analysis/Low/PSL7\20240511_070000.WAV
885.0,888.0,Phylloscopus humei,Hume's Warbler,0.9475,C:/Users/shang/OneDrive - Georgia Institute of Technology/HAAG Research Bird Audio/Audio Files Analysis/Low/PSL7\20240511_070000.WAV
888.0,891.0,Phylloscopus humei,Hume's Warbler,0.9967,C:/Users/shang/OneDrive - Georgia Institute of Technology/HAAG Research Bird Audio/Audio Files Analysis/Low/PSL7\20240511_070000.WAV
27.0,30.0,Phylloscopus humei,Hume's Warbler,0.8986,C:/Users/shang/OneDrive - Georgia Institute of Technology/HAAG Research Bird Audio/Audio Files Analysis/Low/PSL7\20240511_080000.WAV
33.0,36.0,Phylloscopus humei,Hume's Warbler,0.8833,C:/Users/shang/OneDrive - Georgia Institute of Technology/HAAG Research Bird Audio/Audio Files Analysis/Low/PSL7\20240511_080000.WAV
39.0,42.0,Phylloscopus humei,Hume's Warbler,0.9644,C:/Users/shang/OneDrive - Georgia Institute of Technology/HAAG Research Bird Audio/Audio Files Analysis/Low/PSL7\20240511_080000.WAV
45.0,48.0,Phylloscopus humei,Hume's Warbler,0.5451,C:/Users/shang/OneDrive - Georgia Institute of Technology/HAAG Research Bird Audio/Audio Files Analysis/Low/PSL7\20240511_080000.WAV
192.0,195.0,Protonotaria citrea,Prothonotary Warbler,0.8239,C:/Users/shang/OneDrive - Georgia Institute of Technology/HAAG Research Bird Audio/Audio Files Analysis/Low/PSL7\20240511_080000.WAV
198.0,201.0,Phylloscopus occipitalis,Western Crowned Warbler,0.8140,C:/Users/shang/OneDrive - Georgia Institute of Technology/HAAG Research Bird Audio/Audio Files Analysis/Low/PSL7\20240511_080000.WAV
207.0,210.0,Protonotaria citrea,Prothonotary Warbler,0.8286,C:/Users/shang/OneDrive - Georgia Institute of Technology/HAAG Research Bird Audio/Audio Files Analysis/Low/PSL7\20240511_080000.WAV
213.0,216.0,Phylloscopus occipitalis,Western Crowned Warbler,0.9365,C:/Users/shang/OneDrive - Georgia Institute of Technology/HAAG Research Bird Audio/Audio Files Analysis/Low/PSL7\20240511_080000.WAV
216.0,219.0,Protonotaria citrea,Prothonotary Warbler,0.7807,C:/Users/shang/OneDrive - Georgia Institute of Technology/HAAG Research Bird Audio/Audio Files Analysis/Low/PSL7\20240511_080000.WAV
225.0,228.0,Phylloscopus occipitalis,Western Crowned Warbler,0.9902,C:/Users/shang/OneDrive - Georgia Institute of Technology/HAAG Research Bird Audio/Audio Files Analysis/Low/PSL7\20240511_080000.WAV
231.0,234.0,Phylloscopus occipitalis,Western Crowned Warbler,0.9454,C:/Users/shang/OneDrive - Georgia Institute of Technology/HAAG Research Bird Audio/Audio Files Analysis/Low/PSL7\20240511_080000.WAV
237.0,240.0,Phylloscopus occipitalis,Western Crowned Warbler,0.8746,C:/Users/shang/OneDrive - Georgia Institute of Technology/HAAG Research Bird Audio/Audio Files Analysis/Low/PSL7\20240511_080000.WAV
237.0,240.0,Protonotaria citrea,Prothonotary Warbler,0.5228,C:/Users/shang/OneDrive - Georgia Institute of Technology/HAAG Research Bird Audio/Audio Files Analysis/Low/PSL7\20240511_080000.WAV
240.0,243.0,Phylloscopus occipitalis,Western Crowned Warbler,0.9054,C:/Users/shang/OneDrive - Georgia Institute of Technology/HAAG Research Bird Audio/Audio Files Analysis/Low/PSL7\20240511_080000.WAV
243.0,246.0,Protonotaria citrea,Prothonotary Warbler,0.9473,C:/Users/shang/OneDrive - Georgia Institute of Technology/HAAG Research Bird Audio/Audio Files Analysis/Low/PSL7\20240511_080000.WAV
249.0,252.0,Phylloscopus occipitalis,Western Crowned Warbler,0.9411,C:/Users/shang/OneDrive - Georgia Institute of Technology/HAAG Research Bird Audio/Audio Files Analysis/Low/PSL7\20240511_080000.WAV
249.0,252.0,Protonotaria citrea,Prothonotary Warbler,0.8202,C:/Users/shang/OneDrive - Georgia Institute of Technology/HAAG Research Bird Audio/Audio Files Analysis/Low/PSL7\20240511_080000.WAV
255.0,258.0,Phylloscopus occipitalis,Western Crowned Warbler,0.9203,C:/Users/shang/OneDrive - Georgia Institute of Technology/HAAG Research Bird Audio/Audio Files Analysis/Low/PSL7\20240511_080000.WAV
261.0,264.0,Phylloscopus occipitalis,Western Crowned Warbler,0.9632,C:/Users/shang/OneDrive - Georgia Institute of Technology/HAAG Research Bird Audio/Audio Files Analysis/Low/PSL7\20240511_080000.WAV
267.0,270.0,Phylloscopus occipitalis,Western Crowned Warbler,0.8942,C:/Users/shang/OneDrive - Georgia Institute of Technology/HAAG Research Bird Audio/Audio Files Analysis/Low/PSL7\20240511_080000.WAV
270.0,273.0,Phylloscopus occipitalis,Western Crowned Warbler,0.6507,C:/Users/shang/OneDrive - Georgia Institute of Technology/HAAG Research Bird Audio/Audio Files Analysis/Low/PSL7\20240511_080000.WAV
276.0,279.0,Phylloscopus occipitalis,Western Crowned Warbler,0.9258,C:/Users/shang/OneDrive - Georgia Institute of Technology/HAAG Research Bird Audio/Audio Files Analysis/Low/PSL7\20240511_080000.WAV
282.0,285.0,Phylloscopus occipitalis,Western Crowned Warbler,0.8986,C:/Users/shang/OneDrive - Georgia Institute of Technology/HAAG Research Bird Audio/Audio Files Analysis/Low/PSL7\20240511_080000.WAV
288.0,291.0,Phylloscopus occipitalis,Western Crowned Warbler,0.9883,C:/Users/shang/OneDrive - Georgia Institute of Technology/HAAG Research Bird Audio/Audio Files Analysis/Low/PSL7\20240511_080000.WAV
291.0,294.0,Protonotaria citrea,Prothonotary Warbler,0.8940,C:/Users/shang/OneDrive - Georgia Institute of Technology/HAAG Research Bird Audio/Audio Files Analysis/Low/PSL7\20240511_080000.WAV
291.0,294.0,Phylloscopus occipitalis,Western Crowned Warbler,0.8667,C:/Users/shang/OneDrive - Georgia Institute of Technology/HAAG Research Bird Audio/Audio Files Analysis/Low/PSL7\20240511_080000.WAV
297.0,300.0,Phylloscopus occipitalis,Western Crowned Warbler,0.8837,C:/Users/shang/OneDrive - Georgia Institute of Technology/HAAG Research Bird Audio/Audio Files Analysis/Low/PSL7\20240511_080000.WAV
297.0,300.0,Protonotaria citrea,Prothonotary Warbler,0.8313,C:/Users/shang/OneDrive - Georgia Institute of Technology/HAAG Research Bird Audio/Audio Files Analysis/Low/PSL7\20240511_080000.WAV
303.0,306.0,Protonotaria citrea,Prothonotary Warbler,0.8389,C:/Users/shang/OneDrive - Georgia Institute of Technology/HAAG Research Bird Audio/Audio Files Analysis/Low/PSL7\20240511_080000.WAV
309.0,312.0,Phylloscopus occipitalis,Western Crowned Warbler,0.9341,C:/Users/shang/OneDrive - Georgia Institute of Technology/HAAG Research Bird Audio/Audio Files Analysis/Low/PSL7\20240511_080000.WAV
318.0,321.0,Phylloscopus occipitalis,Western Crowned Warbler,0.9586,C:/Users/shang/OneDrive - Georgia Institute of Technology/HAAG Research Bird Audio/Audio Files Analysis/Low/PSL7\20240511_080000.WAV
324.0,327.0,Phylloscopus occipitalis,Western Crowned Warbler,0.9671,C:/Users/shang/OneDrive - Georgia Institute of Technology/HAAG Research Bird Audio/Audio Files Analysis/Low/PSL7\20240511_080000.WAV
330.0,333.0,Phylloscopus occipitalis,Western Crowned Warbler,0.8946,C:/Users/shang/OneDrive - Georgia Institute of Technology/HAAG Research Bird Audio/Audio Files Analysis/Low/PSL7\20240511_080000.WAV
333.0,336.0,Protonotaria citrea,Prothonotary Warbler,0.7489,C:/Users/shang/OneDrive - Georgia Institute of Technology/HAAG Research Bird Audio/Audio Files Analysis/Low/PSL7\20240511_080000.WAV
336.0,339.0,Phylloscopus humei,Hume's Warbler,0.5806,C:/Users/shang/OneDrive - Georgia Institute of Technology/HAAG Research Bird Audio/Audio Files Analysis/Low/PSL7\20240511_080000.WAV
339.0,342.0,Phylloscopus occipitalis,Western Crowned Warbler,0.8411,C:/Users/shang/OneDrive - Georgia Institute of Technology/HAAG Research Bird Audio/Audio Files Analysis/Low/PSL7\20240511_080000.WAV
345.0,348.0,Phylloscopus occipitalis,Western Crowned Warbler,0.9749,C:/Users/shang/OneDrive - Georgia Institute of Technology/HAAG Research Bird Audio/Audio Files Analysis/Low/PSL7\20240511_080000.WAV
348.0,351.0,Phylloscopus humei,Hume's Warbler,0.9949,C:/Users/shang/OneDrive - Georgia Institute of Technology/HAAG Research Bird Audio/Audio Files Analysis/Low/PSL7\20240511_080000.WAV
351.0,354.0,Phylloscopus humei,Hume's Warbler,0.9940,C:/Users/shang/OneDrive - Georgia Institute of Technology/HAAG Research Bird Audio/Audio Files Analysis/Low/PSL7\20240511_080000.WAV
354.0,357.0,Phylloscopus occipitalis,Western Crowned Warbler,0.7640,C:/Users/shang/OneDrive - Georgia Institute of Technology/HAAG Research Bird Audio/Audio Files Analysis/Low/PSL7\20240511_080000.WAV
366.0,369.0,Phylloscopus occipitalis,Western Crowned Warbler,0.9195,C:/Users/shang/OneDrive - Georgia Institute of Technology/HAAG Research Bird Audio/Audio Files Analysis/Low/PSL7\20240511_080000.WAV
372.0,375.0,Phylloscopus occipitalis,Western Crowned Warbler,0.8189,C:/Users/shang/OneDrive - Georgia Institute of Technology/HAAG Research Bird Audio/Audio Files Analysis/Low/PSL7\20240511_080000.WAV
381.0,384.0,Protonotaria citrea,Prothonotary Warbler,0.7557,C:/Users/shang/OneDrive - Georgia Institute of Technology/HAAG Research Bird Audio/Audio Files Analysis/Low/PSL7\20240511_080000.WAV
387.0,390.0,Phylloscopus occipitalis,Western Crowned Warbler,0.6562,C:/Users/shang/OneDrive - Georgia Institute of Technology/HAAG Research Bird Audio/Audio Files Analysis/Low/PSL7\20240511_080000.WAV
393.0,396.0,Phylloscopus occipitalis,Western Crowned Warbler,0.7680,C:/Users/shang/OneDrive - Georgia Institute of Technology/HAAG Research Bird Audio/Audio Files Analysis/Low/PSL7\20240511_080000.WAV
423.0,426.0,Protonotaria citrea,Prothonotary Warbler,0.8097,C:/Users/shang/OneDrive - Georgia Institute of Technology/HAAG Research Bird Audio/Audio Files Analysis/Low/PSL7\20240511_080000.WAV
438.0,441.0,Protonotaria citrea,Prothonotary Warbler,0.7399,C:/Users/shang/OneDrive - Georgia Institute of Technology/HAAG Research Bird Audio/Audio Files Analysis/Low/PSL7\20240511_080000.WAV
459.0,462.0,Protonotaria citrea,Prothonotary Warbler,0.5145,C:/Users/shang/OneDrive - Georgia Institute of Technology/HAAG Research Bird Audio/Audio Files Analysis/Low/PSL7\20240511_080000.WAV
510.0,513.0,Protonotaria citrea,Prothonotary Warbler,0.8140,C:/Users/shang/OneDrive - Georgia Institute of Technology/HAAG Research Bird Audio/Audio Files Analysis/Low/PSL7\20240511_080000.WAV
531.0,534.0,Phylloscopus occipitalis,Western Crowned Warbler,0.7973,C:/Users/shang/OneDrive - Georgia Institute of Technology/HAAG Research Bird Audio/Audio Files Analysis/Low/PSL7\20240511_080000.WAV
543.0,546.0,Phylloscopus occipitalis,Western Crowned Warbler,0.7127,C:/Users/shang/OneDrive - Georgia Institute of Technology/HAAG Research Bird Audio/Audio Files Analysis/Low/PSL7\20240511_080000.WAV
543.0,546.0,Protonotaria citrea,Prothonotary Warbler,0.6190,C:/Users/shang/OneDrive - Georgia Institute of Technology/HAAG Research Bird Audio/Audio Files Analysis/Low/PSL7\20240511_080000.WAV
558.0,561.0,Phylloscopus occipitalis,Western Crowned Warbler,0.9567,C:/Users/shang/OneDrive - Georgia Institute of Technology/HAAG Research Bird Audio/Audio Files Analysis/Low/PSL7\20240511_080000.WAV
564.0,567.0,Protonotaria citrea,Prothonotary Warbler,0.5573,C:/Users/shang/OneDrive - Georgia Institute of Technology/HAAG Research Bird Audio/Audio Files Analysis/Low/PSL7\20240511_080000.WAV
567.0,570.0,Protonotaria citrea,Prothonotary Warbler,0.9613,C:/Users/shang/OneDrive - Georgia Institute of Technology/HAAG Research Bird Audio/Audio Files Analysis/Low/PSL7\20240511_080000.WAV
573.0,576.0,Phylloscopus occipitalis,Western Crowned Warbler,0.9937,C:/Users/shang/OneDrive - Georgia Institute of Technology/HAAG Research Bird Audio/Audio Files Analysis/Low/PSL7\20240511_080000.WAV
579.0,582.0,Phylloscopus occipitalis,Western Crowned Warbler,0.9858,C:/Users/shang/OneDrive - Georgia Institute of Technology/HAAG Research Bird Audio/Audio Files Analysis/Low/PSL7\20240511_080000.WAV
582.0,585.0,Phylloscopus occipitalis,Western Crowned Warbler,0.8797,C:/Users/shang/OneDrive - Georgia Institute of Technology/HAAG Research Bird Audio/Audio Files Analysis/Low/PSL7\20240511_080000.WAV
582.0,585.0,Protonotaria citrea,Prothonotary Warbler,0.6354,C:/Users/shang/OneDrive - Georgia Institute of Technology/HAAG Research Bird Audio/Audio Files Analysis/Low/PSL7\20240511_080000.WAV
588.0,591.0,Phylloscopus occipitalis,Western Crowned Warbler,0.9747,C:/Users/shang/OneDrive - Georgia Institute of Technology/HAAG Research Bird Audio/Audio Files Analysis/Low/PSL7\20240511_080000.WAV
594.0,597.0,Phylloscopus occipitalis,Western Crowned Warbler,0.9265,C:/Users/shang/OneDrive - Georgia Institute of Technology/HAAG Research Bird Audio/Audio Files Analysis/Low/PSL7\20240511_080000.WAV
597.0,600.0,Phylloscopus occipitalis,Western Crowned Warbler,0.9057,C:/Users/shang/OneDrive - Georgia Institute of Technology/HAAG Research Bird Audio/Audio Files Analysis/Low/PSL7\20240511_080000.WAV
597.0,600.0,Protonotaria citrea,Prothonotary Warbler,0.5214,C:/Users/shang/OneDrive - Georgia Institute of Technology/HAAG Research Bird Audio/Audio Files Analysis/Low/PSL7\20240511_080000.WAV
603.0,606.0,Phylloscopus occipitalis,Western Crowned Warbler,0.5549,C:/Users/shang/OneDrive - Georgia Institute of Technology/HAAG Research Bird Audio/Audio Files Analysis/Low/PSL7\20240511_080000.WAV
609.0,612.0,Phylloscopus occipitalis,Western Crowned Warbler,0.8324,C:/Users/shang/OneDrive - Georgia Institute of Technology/HAAG Research Bird Audio/Audio Files Analysis/Low/PSL7\20240511_080000.WAV
612.0,615.0,Phylloscopus occipitalis,Western Crowned Warbler,0.9536,C:/Users/shang/OneDrive - Georgia Institute of Technology/HAAG Research Bird Audio/Audio Files Analysis/Low/PSL7\20240511_080000.WAV
618.0,621.0,Phylloscopus occipitalis,Western Crowned Warbler,0.9711,C:/Users/shang/OneDrive - Georgia Institute of Technology/HAAG Research Bird Audio/Audio Files Analysis/Low/PSL7\20240511_080000.WAV
624.0,627.0,Phylloscopus occipitalis,Western Crowned Warbler,0.9890,C:/Users/shang/OneDrive - Georgia Institute of Technology/HAAG Research Bird Audio/Audio Files Analysis/Low/PSL7\20240511_080000.WAV
633.0,636.0,Phylloscopus occipitalis,Western Crowned Warbler,0.9654,C:/Users/shang/OneDrive - Georgia Institute of Technology/HAAG Research Bird Audio/Audio Files Analysis/Low/PSL7\20240511_080000.WAV
642.0,645.0,Phylloscopus occipitalis,Western Crowned Warbler,0.9247,C:/Users/shang/OneDrive - Georgia Institute of Technology/HAAG Research Bird Audio/Audio Files Analysis/Low/PSL7\20240511_080000.WAV
672.0,675.0,Prinia socialis,Ashy Prinia,0.5926,C:/Users/shang/OneDrive - Georgia Institute of Technology/HAAG Research Bird Audio/Audio Files Analysis/Low/PSL7\20240511_080000.WAV
678.0,681.0,Phylloscopus occipitalis,Western Crowned Warbler,0.9546,C:/Users/shang/OneDrive - Georgia Institute of Technology/HAAG Research Bird Audio/Audio Files Analysis/Low/PSL7\20240511_080000.WAV
681.0,684.0,Phylloscopus occipitalis,Western Crowned Warbler,0.8794,C:/Users/shang/OneDrive - Georgia Institute of Technology/HAAG Research Bird Audio/Audio Files Analysis/Low/PSL7\20240511_080000.WAV
687.0,690.0,Phylloscopus occipitalis,Western Crowned Warbler,0.6323,C:/Users/shang/OneDrive - Georgia Institute of Technology/HAAG Research Bird Audio/Audio Files Analysis/Low/PSL7\20240511_080000.WAV
693.0,696.0,Phylloscopus occipitalis,Western Crowned Warbler,0.9746,C:/Users/shang/OneDrive - Georgia Institute of Technology/HAAG Research Bird Audio/Audio Files Analysis/Low/PSL7\20240511_080000.WAV
696.0,699.0,Phylloscopus occipitalis,Western Crowned Warbler,0.7325,C:/Users/shang/OneDrive - Georgia Institute of Technology/HAAG Research Bird Audio/Audio Files Analysis/Low/PSL7\20240511_080000.WAV
696.0,699.0,Protonotaria citrea,Prothonotary Warbler,0.6861,C:/Users/shang/OneDrive - Georgia Institute of Technology/HAAG Research Bird Audio/Audio Files Analysis/Low/PSL7\20240511_080000.WAV
705.0,708.0,Phylloscopus occipitalis,Western Crowned Warbler,0.9196,C:/Users/shang/OneDrive - Georgia Institute of Technology/HAAG Research Bird Audio/Audio Files Analysis/Low/PSL7\20240511_080000.WAV
714.0,717.0,Protonotaria citrea,Prothonotary Warbler,0.6734,C:/Users/shang/OneDrive - Georgia Institute of Technology/HAAG Research Bird Audio/Audio Files Analysis/Low/PSL7\20240511_080000.WAV
720.0,723.0,Phylloscopus occipitalis,Western Crowned Warbler,0.9204,C:/Users/shang/OneDrive - Georgia Institute of Technology/HAAG Research Bird Audio/Audio Files Analysis/Low/PSL7\20240511_080000.WAV
726.0,729.0,Phylloscopus occipitalis,Western Crowned Warbler,0.7027,C:/Users/shang/OneDrive - Georgia Institute of Technology/HAAG Research Bird Audio/Audio Files Analysis/Low/PSL7\20240511_080000.WAV
735.0,738.0,Phylloscopus occipitalis,Western Crowned Warbler,0.8645,C:/Users/shang/OneDrive - Georgia Institute of Technology/HAAG Research Bird Audio/Audio Files Analysis/Low/PSL7\20240511_080000.WAV
741.0,744.0,Phylloscopus occipitalis,Western Crowned Warbler,0.7726,C:/Users/shang/OneDrive - Georgia Institute of Technology/HAAG Research Bird Audio/Audio Files Analysis/Low/PSL7\20240511_080000.WAV
747.0,750.0,Prinia socialis,Ashy Prinia,0.5517,C:/Users/shang/OneDrive - Georgia Institute of Technology/HAAG Research Bird Audio/Audio Files Analysis/Low/PSL7\20240511_080000.WAV
807.0,810.0,Protonotaria citrea,Prothonotary Warbler,0.8251,C:/Users/shang/OneDrive - Georgia Institute of Technology/HAAG Research Bird Audio/Audio Files Analysis/Low/PSL7\20240511_080000.WAV
810.0,813.0,Prinia socialis,Ashy Prinia,0.7300,C:/Users/shang/OneDrive - Georgia Institute of Technology/HAAG Research Bird Audio/Audio Files Analysis/Low/PSL7\20240511_080000.WAV
828.0,831.0,Phylloscopus occipitalis,Western Crowned Warbler,0.6653,C:/Users/shang/OneDrive - Georgia Institute of Technology/HAAG Research Bird Audio/Audio Files Analysis/Low/PSL7\20240511_080000.WAV
852.0,855.0,Prinia socialis,Ashy Prinia,0.8796,C:/Users/shang/OneDrive - Georgia Institute of Technology/HAAG Research Bird Audio/Audio Files Analysis/Low/PSL7\20240511_080000.WAV
360.0,363.0,Turdus iliacus,Redwing,0.7972,C:/Users/shang/OneDrive - Georgia Institute of Technology/HAAG Research Bird Audio/Audio Files Analysis/Low/PSL7\20240511_090000.WAV
459.0,462.0,Phylloscopus humei,Hume's Warbler,0.5110,C:/Users/shang/OneDrive - Georgia Institute of Technology/HAAG Research Bird Audio/Audio Files Analysis/Low/PSL7\20240511_090000.WAV
60.0,63.0,Serinus serinus,European Serin,0.5279,C:/Users/shang/OneDrive - Georgia Institute of Technology/HAAG Research Bird Audio/Audio Files Analysis/Low/PSL7\20240512_060000.WAV
63.0,66.0,Prunella strophiata,Rufous-breasted Accentor,0.5271,C:/Users/shang/OneDrive - Georgia Institute of Technology/HAAG Research Bird Audio/Audio Files Analysis/Low/PSL7\20240512_060000.WAV
69.0,72.0,Prunella strophiata,Rufous-breasted Accentor,0.8760,C:/Users/shang/OneDrive - Georgia Institute of Technology/HAAG Research Bird Audio/Audio Files Analysis/Low/PSL7\20240512_060000.WAV
72.0,75.0,Prunella strophiata,Rufous-breasted Accentor,0.6949,C:/Users/shang/OneDrive - Georgia Institute of Technology/HAAG Research Bird Audio/Audio Files Analysis/Low/PSL7\20240512_060000.WAV
78.0,81.0,Prunella strophiata,Rufous-breasted Accentor,0.5865,C:/Users/shang/OneDrive - Georgia Institute of Technology/HAAG Research Bird Audio/Audio Files Analysis/Low/PSL7\20240512_060000.WAV
84.0,87.0,Prunella strophiata,Rufous-breasted Accentor,0.5069,C:/Users/shang/OneDrive - Georgia Institute of Technology/HAAG Research Bird Audio/Audio Files Analysis/Low/PSL7\20240512_060000.WAV
87.0,90.0,Prunella strophiata,Rufous-breasted Accentor,0.7234,C:/Users/shang/OneDrive - Georgia Institute of Technology/HAAG Research Bird Audio/Audio Files Analysis/Low/PSL7\20240512_060000.WAV
90.0,93.0,Prunella strophiata,Rufous-breasted Accentor,0.8609,C:/Users/shang/OneDrive - Georgia Institute of Technology/HAAG Research Bird Audio/Audio Files Analysis/Low/PSL7\20240512_060000.WAV
96.0,99.0,Prunella strophiata,Rufous-breasted Accentor,0.5121,C:/Users/shang/OneDrive - Georgia Institute of Technology/HAAG Research Bird Audio/Audio Files Analysis/Low/PSL7\20240512_060000.WAV
99.0,102.0,Prunella strophiata,Rufous-breasted Accentor,0.6703,C:/Users/shang/OneDrive - Georgia Institute of Technology/HAAG Research Bird Audio/Audio Files Analysis/Low/PSL7\20240512_060000.WAV
108.0,111.0,Prunella strophiata,Rufous-breasted Accentor,0.8145,C:/Users/shang/OneDrive - Georgia Institute of Technology/HAAG Research Bird Audio/Audio Files Analysis/Low/PSL7\20240512_060000.WAV
117.0,120.0,Prunella strophiata,Rufous-breasted Accentor,0.5413,C:/Users/shang/OneDrive - Georgia Institute of Technology/HAAG Research Bird Audio/Audio Files Analysis/Low/PSL7\20240512_060000.WAV
120.0,123.0,Prunella strophiata,Rufous-breasted Accentor,0.5147,C:/Users/shang/OneDrive - Georgia Institute of Technology/HAAG Research Bird Audio/Audio Files Analysis/Low/PSL7\20240512_060000.WAV
174.0,177.0,Prunella strophiata,Rufous-breasted Accentor,0.6163,C:/Users/shang/OneDrive - Georgia Institute of Technology/HAAG Research Bird Audio/Audio Files Analysis/Low/PSL7\20240512_060000.WAV
216.0,219.0,Phylloscopus humei,Hume's Warbler,0.5404,C:/Users/shang/OneDrive - Georgia Institute of Technology/HAAG Research Bird Audio/Audio Files Analysis/Low/PSL7\20240512_060000.WAV
276.0,279.0,Phylloscopus humei,Hume's Warbler,0.6405,C:/Users/shang/OneDrive - Georgia Institute of Technology/HAAG Research Bird Audio/Audio Files Analysis/Low/PSL7\20240512_060000.WAV
291.0,294.0,Phylloscopus humei,Hume's Warbler,0.8913,C:/Users/shang/OneDrive - Georgia Institute of Technology/HAAG Research Bird Audio/Audio Files Analysis/Low/PSL7\20240512_060000.WAV
312.0,315.0,Phylloscopus humei,Hume's Warbler,0.5043,C:/Users/shang/OneDrive - Georgia Institute of Technology/HAAG Research Bird Audio/Audio Files Analysis/Low/PSL7\20240512_060000.WAV
321.0,324.0,Phylloscopus humei,Hume's Warbler,0.8037,C:/Users/shang/OneDrive - Georgia Institute of Technology/HAAG Research Bird Audio/Audio Files Analysis/Low/PSL7\20240512_060000.WAV
537.0,540.0,Phylloscopus occipitalis,Western Crowned Warbler,0.5943,C:/Users/shang/OneDrive - Georgia Institute of Technology/HAAG Research Bird Audio/Audio Files Analysis/Low/PSL7\20240512_060000.WAV
552.0,555.0,Phylloscopus occipitalis,Western Crowned Warbler,0.6594,C:/Users/shang/OneDrive - Georgia Institute of Technology/HAAG Research Bird Audio/Audio Files Analysis/Low/PSL7\20240512_060000.WAV
558.0,561.0,Phylloscopus occipitalis,Western Crowned Warbler,0.9927,C:/Users/shang/OneDrive - Georgia Institute of Technology/HAAG Research Bird Audio/Audio Files Analysis/Low/PSL7\20240512_060000.WAV
561.0,564.0,Phylloscopus occipitalis,Western Crowned Warbler,0.8855,C:/Users/shang/OneDrive - Georgia Institute of Technology/HAAG Research Bird Audio/Audio Files Analysis/Low/PSL7\20240512_060000.WAV
564.0,567.0,Phylloscopus occipitalis,Western Crowned Warbler,0.9908,C:/Users/shang/OneDrive - Georgia Institute of Technology/HAAG Research Bird Audio/Audio Files Analysis/Low/PSL7\20240512_060000.WAV
570.0,573.0,Phylloscopus occipitalis,Western Crowned Warbler,0.5881,C:/Users/shang/OneDrive - Georgia Institute of Technology/HAAG Research Bird Audio/Audio Files Analysis/Low/PSL7\20240512_060000.WAV
585.0,588.0,Phylloscopus humei,Hume's Warbler,0.5909,C:/Users/shang/OneDrive - Georgia Institute of Technology/HAAG Research Bird Audio/Audio Files Analysis/Low/PSL7\20240512_060000.WAV
588.0,591.0,Phylloscopus occipitalis,Western Crowned Warbler,0.8057,C:/Users/shang/OneDrive - Georgia Institute of Technology/HAAG Research Bird Audio/Audio Files Analysis/Low/PSL7\20240512_060000.WAV
597.0,600.0,Phylloscopus occipitalis,Western Crowned Warbler,0.8943,C:/Users/shang/OneDrive - Georgia Institute of Technology/HAAG Research Bird Audio/Audio Files Analysis/Low/PSL7\20240512_060000.WAV
600.0,603.0,Phylloscopus occipitalis,Western Crowned Warbler,0.5359,C:/Users/shang/OneDrive - Georgia Institute of Technology/HAAG Research Bird Audio/Audio Files Analysis/Low/PSL7\20240512_060000.WAV
615.0,618.0,Phylloscopus occipitalis,Western Crowned Warbler,0.6174,C:/Users/shang/OneDrive - Georgia Institute of Technology/HAAG Research Bird Audio/Audio Files Analysis/Low/PSL7\20240512_060000.WAV
624.0,627.0,Phylloscopus occipitalis,Western Crowned Warbler,0.9861,C:/Users/shang/OneDrive - Georgia Institute of Technology/HAAG Research Bird Audio/Audio Files Analysis/Low/PSL7\20240512_060000.WAV
636.0,639.0,Phylloscopus occipitalis,Western Crowned Warbler,0.8053,C:/Users/shang/OneDrive - Georgia Institute of Technology/HAAG Research Bird Audio/Audio Files Analysis/Low/PSL7\20240512_060000.WAV
645.0,648.0,Phylloscopus occipitalis,Western Crowned Warbler,0.8483,C:/Users/shang/OneDrive - Georgia Institute of Technology/HAAG Research Bird Audio/Audio Files Analysis/Low/PSL7\20240512_060000.WAV
648.0,651.0,Carpodacus erythrinus,Common Rosefinch,0.7621,C:/Users/shang/OneDrive - Georgia Institute of Technology/HAAG Research Bird Audio/Audio Files Analysis/Low/PSL7\20240512_060000.WAV
651.0,654.0,Phylloscopus occipitalis,Western Crowned Warbler,0.9140,C:/Users/shang/OneDrive - Georgia Institute of Technology/HAAG Research Bird Audio/Audio Files Analysis/Low/PSL7\20240512_060000.WAV
660.0,663.0,Phylloscopus occipitalis,Western Crowned Warbler,0.6622,C:/Users/shang/OneDrive - Georgia Institute of Technology/HAAG Research Bird Audio/Audio Files Analysis/Low/PSL7\20240512_060000.WAV
663.0,666.0,Phylloscopus occipitalis,Western Crowned Warbler,0.5798,C:/Users/shang/OneDrive - Georgia Institute of Technology/HAAG Research Bird Audio/Audio Files Analysis/Low/PSL7\20240512_060000.WAV
666.0,669.0,Phylloscopus occipitalis,Western Crowned Warbler,0.6537,C:/Users/shang/OneDrive - Georgia Institute of Technology/HAAG Research Bird Audio/Audio Files Analysis/Low/PSL7\20240512_060000.WAV
669.0,672.0,Phylloscopus occipitalis,Western Crowned Warbler,0.9360,C:/Users/shang/OneDrive - Georgia Institute of Technology/HAAG Research Bird Audio/Audio Files Analysis/Low/PSL7\20240512_060000.WAV
678.0,681.0,Phylloscopus occipitalis,Western Crowned Warbler,0.9822,C:/Users/shang/OneDrive - Georgia Institute of Technology/HAAG Research Bird Audio/Audio Files Analysis/Low/PSL7\20240512_060000.WAV
681.0,684.0,Phylloscopus occipitalis,Western Crowned Warbler,0.9775,C:/Users/shang/OneDrive - Georgia Institute of Technology/HAAG Research Bird Audio/Audio Files Analysis/Low/PSL7\20240512_060000.WAV
684.0,687.0,Phylloscopus occipitalis,Western Crowned Warbler,0.9646,C:/Users/shang/OneDrive - Georgia Institute of Technology/HAAG Research Bird Audio/Audio Files Analysis/Low/PSL7\20240512_060000.WAV
687.0,690.0,Phylloscopus occipitalis,Western Crowned Warbler,0.9774,C:/Users/shang/OneDrive - Georgia Institute of Technology/HAAG Research Bird Audio/Audio Files Analysis/Low/PSL7\20240512_060000.WAV
690.0,693.0,Phylloscopus occipitalis,Western Crowned Warbler,0.8314,C:/Users/shang/OneDrive - Georgia Institute of Technology/HAAG Research Bird Audio/Audio Files Analysis/Low/PSL7\20240512_060000.WAV
693.0,696.0,Phylloscopus occipitalis,Western Crowned Warbler,0.8608,C:/Users/shang/OneDrive - Georgia Institute of Technology/HAAG Research Bird Audio/Audio Files Analysis/Low/PSL7\20240512_060000.WAV
696.0,699.0,Phylloscopus occipitalis,Western Crowned Warbler,0.8121,C:/Users/shang/OneDrive - Georgia Institute of Technology/HAAG Research Bird Audio/Audio Files Analysis/Low/PSL7\20240512_060000.WAV
699.0,702.0,Phylloscopus occipitalis,Western Crowned Warbler,0.9138,C:/Users/shang/OneDrive - Georgia Institute of Technology/HAAG Research Bird Audio/Audio Files Analysis/Low/PSL7\20240512_060000.WAV
702.0,705.0,Phylloscopus occipitalis,Western Crowned Warbler,0.5768,C:/Users/shang/OneDrive - Georgia Institute of Technology/HAAG Research Bird Audio/Audio Files Analysis/Low/PSL7\20240512_060000.WAV
717.0,720.0,Phylloscopus occipitalis,Western Crowned Warbler,0.7443,C:/Users/shang/OneDrive - Georgia Institute of Technology/HAAG Research Bird Audio/Audio Files Analysis/Low/PSL7\20240512_060000.WAV
720.0,723.0,Phylloscopus occipitalis,Western Crowned Warbler,0.5706,C:/Users/shang/OneDrive - Georgia Institute of Technology/HAAG Research Bird Audio/Audio Files Analysis/Low/PSL7\20240512_060000.WAV
732.0,735.0,Phylloscopus occipitalis,Western Crowned Warbler,0.7013,C:/Users/shang/OneDrive - Georgia Institute of Technology/HAAG Research Bird Audio/Audio Files Analysis/Low/PSL7\20240512_060000.WAV
735.0,738.0,Phylloscopus occipitalis,Western Crowned Warbler,0.8068,C:/Users/shang/OneDrive - Georgia Institute of Technology/HAAG Research Bird Audio/Audio Files Analysis/Low/PSL7\20240512_060000.WAV
744.0,747.0,Phylloscopus occipitalis,Western Crowned Warbler,0.7707,C:/Users/shang/OneDrive - Georgia Institute of Technology/HAAG Research Bird Audio/Audio Files Analysis/Low/PSL7\20240512_060000.WAV
750.0,753.0,Phylloscopus occipitalis,Western Crowned Warbler,0.7096,C:/Users/shang/OneDrive - Georgia Institute of Technology/HAAG Research Bird Audio/Audio Files Analysis/Low/PSL7\20240512_060000.WAV
753.0,756.0,Phylloscopus occipitalis,Western Crowned Warbler,0.7353,C:/Users/shang/OneDrive - Georgia Institute of Technology/HAAG Research Bird Audio/Audio Files Analysis/Low/PSL7\20240512_060000.WAV
762.0,765.0,Phylloscopus occipitalis,Western Crowned Warbler,0.7429,C:/Users/shang/OneDrive - Georgia Institute of Technology/HAAG Research Bird Audio/Audio Files Analysis/Low/PSL7\20240512_060000.WAV
768.0,771.0,Phylloscopus occipitalis,Western Crowned Warbler,0.6964,C:/Users/shang/OneDrive - Georgia Institute of Technology/HAAG Research Bird Audio/Audio Files Analysis/Low/PSL7\20240512_060000.WAV
774.0,777.0,Phylloscopus humei,Hume's Warbler,0.9312,C:/Users/shang/OneDrive - Georgia Institute of Technology/HAAG Research Bird Audio/Audio Files Analysis/Low/PSL7\20240512_060000.WAV
777.0,780.0,Phylloscopus occipitalis,Western Crowned Warbler,0.6510,C:/Users/shang/OneDrive - Georgia Institute of Technology/HAAG Research Bird Audio/Audio Files Analysis/Low/PSL7\20240512_060000.WAV
780.0,783.0,Phylloscopus occipitalis,Western Crowned Warbler,0.6349,C:/Users/shang/OneDrive - Georgia Institute of Technology/HAAG Research Bird Audio/Audio Files Analysis/Low/PSL7\20240512_060000.WAV
789.0,792.0,Phylloscopus humei,Hume's Warbler,0.8512,C:/Users/shang/OneDrive - Georgia Institute of Technology/HAAG Research Bird Audio/Audio Files Analysis/Low/PSL7\20240512_060000.WAV
792.0,795.0,Phylloscopus occipitalis,Western Crowned Warbler,0.8814,C:/Users/shang/OneDrive - Georgia Institute of Technology/HAAG Research Bird Audio/Audio Files Analysis/Low/PSL7\20240512_060000.WAV
795.0,798.0,Carpodacus erythrinus,Common Rosefinch,0.6849,C:/Users/shang/OneDrive - Georgia Institute of Technology/HAAG Research Bird Audio/Audio Files Analysis/Low/PSL7\20240512_060000.WAV
816.0,819.0,Phylloscopus occipitalis,Western Crowned Warbler,0.7400,C:/Users/shang/OneDrive - Georgia Institute of Technology/HAAG Research Bird Audio/Audio Files Analysis/Low/PSL7\20240512_060000.WAV
828.0,831.0,Phylloscopus occipitalis,Western Crowned Warbler,0.6704,C:/Users/shang/OneDrive - Georgia Institute of Technology/HAAG Research Bird Audio/Audio Files Analysis/Low/PSL7\20240512_060000.WAV
831.0,834.0,Phylloscopus occipitalis,Western Crowned Warbler,0.7247,C:/Users/shang/OneDrive - Georgia Institute of Technology/HAAG Research Bird Audio/Audio Files Analysis/Low/PSL7\20240512_060000.WAV
831.0,834.0,Poospiza nigrorufa,Black-and-rufous Warbling Finch,0.6983,C:/Users/shang/OneDrive - Georgia Institute of Technology/HAAG Research Bird Audio/Audio Files Analysis/Low/PSL7\20240512_060000.WAV
840.0,843.0,Phylloscopus occipitalis,Western Crowned Warbler,0.5091,C:/Users/shang/OneDrive - Georgia Institute of Technology/HAAG Research Bird Audio/Audio Files Analysis/Low/PSL7\20240512_060000.WAV
843.0,846.0,Phylloscopus occipitalis,Western Crowned Warbler,0.7574,C:/Users/shang/OneDrive - Georgia Institute of Technology/HAAG Research Bird Audio/Audio Files Analysis/Low/PSL7\20240512_060000.WAV
846.0,849.0,Phylloscopus occipitalis,Western Crowned Warbler,0.7644,C:/Users/shang/OneDrive - Georgia Institute of Technology/HAAG Research Bird Audio/Audio Files Analysis/Low/PSL7\20240512_060000.WAV
852.0,855.0,Phylloscopus occipitalis,Western Crowned Warbler,0.9104,C:/Users/shang/OneDrive - Georgia Institute of Technology/HAAG Research Bird Audio/Audio Files Analysis/Low/PSL7\20240512_060000.WAV
867.0,870.0,Phylloscopus occipitalis,Western Crowned Warbler,0.6116,C:/Users/shang/OneDrive - Georgia Institute of Technology/HAAG Research Bird Audio/Audio Files Analysis/Low/PSL7\20240512_060000.WAV
885.0,888.0,Phylloscopus occipitalis,Western Crowned Warbler,0.6935,C:/Users/shang/OneDrive - Georgia Institute of Technology/HAAG Research Bird Audio/Audio Files Analysis/Low/PSL7\20240512_060000.WAV
891.0,894.0,Phylloscopus occipitalis,Western Crowned Warbler,0.5067,C:/Users/shang/OneDrive - Georgia Institute of Technology/HAAG Research Bird Audio/Audio Files Analysis/Low/PSL7\20240512_060000.WAV
9.0,12.0,Phylloscopus humei,Hume's Warbler,0.6029,C:/Users/shang/OneDrive - Georgia Institute of Technology/HAAG Research Bird Audio/Audio Files Analysis/Low/PSL7\20240512_070000.WAV
33.0,36.0,Phylloscopus humei,Hume's Warbler,0.9095,C:/Users/shang/OneDrive - Georgia Institute of Technology/HAAG Research Bird Audio/Audio Files Analysis/Low/PSL7\20240512_070000.WAV
54.0,57.0,Turdus iliacus,Redwing,0.6964,C:/Users/shang/OneDrive - Georgia Institute of Technology/HAAG Research Bird Audio/Audio Files Analysis/Low/PSL7\20240512_070000.WAV
78.0,81.0,Poecile hudsonicus,Boreal Chickadee,0.7452,C:/Users/shang/OneDrive - Georgia Institute of Technology/HAAG Research Bird Audio/Audio Files Analysis/Low/PSL7\20240512_070000.WAV
87.0,90.0,Phylloscopus humei,Hume's Warbler,0.8527,C:/Users/shang/OneDrive - Georgia Institute of Technology/HAAG Research Bird Audio/Audio Files Analysis/Low/PSL7\20240512_070000.WAV
108.0,111.0,Phylloscopus humei,Hume's Warbler,0.6966,C:/Users/shang/OneDrive - Georgia Institute of Technology/HAAG Research Bird Audio/Audio Files Analysis/Low/PSL7\20240512_070000.WAV
150.0,153.0,Phylloscopus humei,Hume's Warbler,0.9648,C:/Users/shang/OneDrive - Georgia Institute of Technology/HAAG Research Bird Audio/Audio Files Analysis/Low/PSL7\20240512_070000.WAV
153.0,156.0,Phylloscopus humei,Hume's Warbler,0.5151,C:/Users/shang/OneDrive - Georgia Institute of Technology/HAAG Research Bird Audio/Audio Files Analysis/Low/PSL7\20240512_070000.WAV
159.0,162.0,Phylloscopus humei,Hume's Warbler,0.9319,C:/Users/shang/OneDrive - Georgia Institute of Technology/HAAG Research Bird Audio/Audio Files Analysis/Low/PSL7\20240512_070000.WAV
168.0,171.0,Phylloscopus humei,Hume's Warbler,0.5771,C:/Users/shang/OneDrive - Georgia Institute of Technology/HAAG Research Bird Audio/Audio Files Analysis/Low/PSL7\20240512_070000.WAV
204.0,207.0,Phylloscopus humei,Hume's Warbler,0.6312,C:/Users/shang/OneDrive - Georgia Institute of Technology/HAAG Research Bird Audio/Audio Files Analysis/Low/PSL7\20240512_070000.WAV
513.0,516.0,Phylloscopus humei,Hume's Warbler,0.7110,C:/Users/shang/OneDrive - Georgia Institute of Technology/HAAG Research Bird Audio/Audio Files Analysis/Low/PSL7\20240512_070000.WAV
528.0,531.0,Phylloscopus humei,Hume's Warbler,0.5752,C:/Users/shang/OneDrive - Georgia Institute of Technology/HAAG Research Bird Audio/Audio Files Analysis/Low/PSL7\20240512_070000.WAV
612.0,615.0,Phylloscopus humei,Hume's Warbler,0.7585,C:/Users/shang/OneDrive - Georgia Institute of Technology/HAAG Research Bird Audio/Audio Files Analysis/Low/PSL7\20240512_070000.WAV
615.0,618.0,Phylloscopus humei,Hume's Warbler,0.7575,C:/Users/shang/OneDrive - Georgia Institute of Technology/HAAG Research Bird Audio/Audio Files Analysis/Low/PSL7\20240512_070000.WAV
723.0,726.0,Phylloscopus humei,Hume's Warbler,0.7447,C:/Users/shang/OneDrive - Georgia Institute of Technology/HAAG Research Bird Audio/Audio Files Analysis/Low/PSL7\20240512_070000.WAV
12.0,15.0,Phylloscopus humei,Hume's Warbler,0.7090,C:/Users/shang/OneDrive - Georgia Institute of Technology/HAAG Research Bird Audio/Audio Files Analysis/Low/PSL7\20240512_080000.WAV
15.0,18.0,Phylloscopus humei,Hume's Warbler,0.7503,C:/Users/shang/OneDrive - Georgia Institute of Technology/HAAG Research Bird Audio/Audio Files Analysis/Low/PSL7\20240512_080000.WAV
60.0,63.0,Phylloscopus humei,Hume's Warbler,0.8317,C:/Users/shang/OneDrive - Georgia Institute of Technology/HAAG Research Bird Audio/Audio Files Analysis/Low/PSL7\20240512_080000.WAV
438.0,441.0,Protonotaria citrea,Prothonotary Warbler,0.7226,C:/Users/shang/OneDrive - Georgia Institute of Technology/HAAG Research Bird Audio/Audio Files Analysis/Low/PSL7\20240512_080000.WAV
732.0,735.0,Phylloscopus humei,Hume's Warbler,0.5787,C:/Users/shang/OneDrive - Georgia Institute of Technology/HAAG Research Bird Audio/Audio Files Analysis/Low/PSL7\20240512_080000.WAV
777.0,780.0,Phylloscopus humei,Hume's Warbler,0.8449,C:/Users/shang/OneDrive - Georgia Institute of Technology/HAAG Research Bird Audio/Audio Files Analysis/Low/PSL7\20240512_080000.WAV
783.0,786.0,Phylloscopus humei,Hume's Warbler,0.9277,C:/Users/shang/OneDrive - Georgia Institute of Technology/HAAG Research Bird Audio/Audio Files Analysis/Low/PSL7\20240512_080000.WAV
804.0,807.0,Phylloscopus humei,Hume's Warbler,0.8814,C:/Users/shang/OneDrive - Georgia Institute of Technology/HAAG Research Bird Audio/Audio Files Analysis/Low/PSL7\20240512_080000.WAV
810.0,813.0,Phylloscopus humei,Hume's Warbler,0.5600,C:/Users/shang/OneDrive - Georgia Institute of Technology/HAAG Research Bird Audio/Audio Files Analysis/Low/PSL7\20240512_080000.WAV
813.0,816.0,Phylloscopus humei,Hume's Warbler,0.8274,C:/Users/shang/OneDrive - Georgia Institute of Technology/HAAG Research Bird Audio/Audio Files Analysis/Low/PSL7\20240512_080000.WAV
834.0,837.0,Phylloscopus humei,Hume's Warbler,0.9689,C:/Users/shang/OneDrive - Georgia Institute of Technology/HAAG Research Bird Audio/Audio Files Analysis/Low/PSL7\20240512_080000.WAV
846.0,849.0,Phylloscopus humei,Hume's Warbler,0.8122,C:/Users/shang/OneDrive - Georgia Institute of Technology/HAAG Research Bird Audio/Audio Files Analysis/Low/PSL7\20240512_080000.WAV
870.0,873.0,Phylloscopus humei,Hume's Warbler,0.9461,C:/Users/shang/OneDrive - Georgia Institute of Technology/HAAG Research Bird Audio/Audio Files Analysis/Low/PSL7\20240512_080000.WAV
879.0,882.0,Phylloscopus humei,Hume's Warbler,0.9834,C:/Users/shang/OneDrive - Georgia Institute of Technology/HAAG Research Bird Audio/Audio Files Analysis/Low/PSL7\20240512_080000.WAV
246.0,249.0,Periparus ater,Coal Tit,0.6930,C:/Users/shang/OneDrive - Georgia Institute of Technology/HAAG Research Bird Audio/Audio Files Analysis/Low/PSL7\20240512_090000.WAV
252.0,255.0,Periparus ater,Coal Tit,0.5271,C:/Users/shang/OneDrive - Georgia Institute of Technology/HAAG Research Bird Audio/Audio Files Analysis/Low/PSL7\20240512_090000.WAV
708.0,711.0,Phylloscopus humei,Hume's Warbler,0.8737,C:/Users/shang/OneDrive - Georgia Institute of Technology/HAAG Research Bird Audio/Audio Files Analysis/Low/PSL7\20240512_090000.WAV
723.0,726.0,Phylloscopus humei,Hume's Warbler,0.5721,C:/Users/shang/OneDrive - Georgia Institute of Technology/HAAG Research Bird Audio/Audio Files Analysis/Low/PSL7\20240512_090000.WAV
3.0,6.0,Phylloscopus humei,Hume's Warbler,0.8936,C:/Users/shang/OneDrive - Georgia Institute of Technology/HAAG Research Bird Audio/Audio Files Analysis/Low/PSL7\20240513_060000.WAV
39.0,42.0,Phylloscopus humei,Hume's Warbler,0.7320,C:/Users/shang/OneDrive - Georgia Institute of Technology/HAAG Research Bird Audio/Audio Files Analysis/Low/PSL7\20240513_060000.WAV
54.0,57.0,Phylloscopus humei,Hume's Warbler,0.5609,C:/Users/shang/OneDrive - Georgia Institute of Technology/HAAG Research Bird Audio/Audio Files Analysis/Low/PSL7\20240513_060000.WAV
183.0,186.0,Phylloscopus humei,Hume's Warbler,0.6391,C:/Users/shang/OneDrive - Georgia Institute of Technology/HAAG Research Bird Audio/Audio Files Analysis/Low/PSL7\20240513_060000.WAV
195.0,198.0,Phylloscopus humei,Hume's Warbler,0.5952,C:/Users/shang/OneDrive - Georgia Institute of Technology/HAAG Research Bird Audio/Audio Files Analysis/Low/PSL7\20240513_060000.WAV
204.0,207.0,Phylloscopus humei,Hume's Warbler,0.5250,C:/Users/shang/OneDrive - Georgia Institute of Technology/HAAG Research Bird Audio/Audio Files Analysis/Low/PSL7\20240513_060000.WAV
246.0,249.0,Phylloscopus humei,Hume's Warbler,0.7659,C:/Users/shang/OneDrive - Georgia Institute of Technology/HAAG Research Bird Audio/Audio Files Analysis/Low/PSL7\20240513_060000.WAV
261.0,264.0,Phylloscopus humei,Hume's Warbler,0.9579,C:/Users/shang/OneDrive - Georgia Institute of Technology/HAAG Research Bird Audio/Audio Files Analysis/Low/PSL7\20240513_060000.WAV
276.0,279.0,Phylloscopus humei,Hume's Warbler,0.9046,C:/Users/shang/OneDrive - Georgia Institute of Technology/HAAG Research Bird Audio/Audio Files Analysis/Low/PSL7\20240513_060000.WAV
540.0,543.0,Phylloscopus humei,Hume's Warbler,0.7971,C:/Users/shang/OneDrive - Georgia Institute of Technology/HAAG Research Bird Audio/Audio Files Analysis/Low/PSL7\20240513_060000.WAV
546.0,549.0,Phylloscopus humei,Hume's Warbler,0.6876,C:/Users/shang/OneDrive - Georgia Institute of Technology/HAAG Research Bird Audio/Audio Files Analysis/Low/PSL7\20240513_060000.WAV
564.0,567.0,Phylloscopus humei,Hume's Warbler,0.9960,C:/Users/shang/OneDrive - Georgia Institute of Technology/HAAG Research Bird Audio/Audio Files Analysis/Low/PSL7\20240513_060000.WAV
573.0,576.0,Phylloscopus humei,Hume's Warbler,0.8441,C:/Users/shang/OneDrive - Georgia Institute of Technology/HAAG Research Bird Audio/Audio Files Analysis/Low/PSL7\20240513_060000.WAV
579.0,582.0,Phylloscopus humei,Hume's Warbler,0.8618,C:/Users/shang/OneDrive - Georgia Institute of Technology/HAAG Research Bird Audio/Audio Files Analysis/Low/PSL7\20240513_060000.WAV
594.0,597.0,Phylloscopus humei,Hume's Warbler,0.8985,C:/Users/shang/OneDrive - Georgia Institute of Technology/HAAG Research Bird Audio/Audio Files Analysis/Low/PSL7\20240513_060000.WAV
609.0,612.0,Phylloscopus humei,Hume's Warbler,0.6624,C:/Users/shang/OneDrive - Georgia Institute of Technology/HAAG Research Bird Audio/Audio Files Analysis/Low/PSL7\20240513_060000.WAV
114.0,117.0,Poecile gambeli,Mountain Chickadee,0.5539,C:/Users/shang/OneDrive - Georgia Institute of Technology/HAAG Research Bird Audio/Audio Files Analysis/Low/PSL7\20240513_070000.WAV
291.0,294.0,Brachyramphus marmoratus,Marbled Murrelet,0.5578,C:/Users/shang/OneDrive - Georgia Institute of Technology/HAAG Research Bird Audio/Audio Files Analysis/Low/PSL7\20240513_070000.WAV
294.0,297.0,Brachyramphus marmoratus,Marbled Murrelet,0.9085,C:/Users/shang/OneDrive - Georgia Institute of Technology/HAAG Research Bird Audio/Audio Files Analysis/Low/PSL7\20240513_070000.WAV
366.0,369.0,Brachyramphus marmoratus,Marbled Murrelet,0.9065,C:/Users/shang/OneDrive - Georgia Institute of Technology/HAAG Research Bird Audio/Audio Files Analysis/Low/PSL7\20240513_070000.WAV
369.0,372.0,Brachyramphus marmoratus,Marbled Murrelet,0.6354,C:/Users/shang/OneDrive - Georgia Institute of Technology/HAAG Research Bird Audio/Audio Files Analysis/Low/PSL7\20240513_070000.WAV
393.0,396.0,Brachyramphus marmoratus,Marbled Murrelet,0.8820,C:/Users/shang/OneDrive - Georgia Institute of Technology/HAAG Research Bird Audio/Audio Files Analysis/Low/PSL7\20240513_070000.WAV
465.0,468.0,Brachyramphus marmoratus,Marbled Murrelet,0.5628,C:/Users/shang/OneDrive - Georgia Institute of Technology/HAAG Research Bird Audio/Audio Files Analysis/Low/PSL7\20240513_070000.WAV
516.0,519.0,Brachyramphus marmoratus,Marbled Murrelet,0.7410,C:/Users/shang/OneDrive - Georgia Institute of Technology/HAAG Research Bird Audio/Audio Files Analysis/Low/PSL7\20240513_070000.WAV
0,3.0,Prunella strophiata,Rufous-breasted Accentor,0.9116,C:/Users/shang/OneDrive - Georgia Institute of Technology/HAAG Research Bird Audio/Audio Files Analysis/Low/PSL7\20240513_080000.WAV
3.0,6.0,Prunella strophiata,Rufous-breasted Accentor,0.9294,C:/Users/shang/OneDrive - Georgia Institute of Technology/HAAG Research Bird Audio/Audio Files Analysis/Low/PSL7\20240513_080000.WAV
6.0,9.0,Prunella strophiata,Rufous-breasted Accentor,0.5416,C:/Users/shang/OneDrive - Georgia Institute of Technology/HAAG Research Bird Audio/Audio Files Analysis/Low/PSL7\20240513_080000.WAV
33.0,36.0,Prunella strophiata,Rufous-breasted Accentor,0.6884,C:/Users/shang/OneDrive - Georgia Institute of Technology/HAAG Research Bird Audio/Audio Files Analysis/Low/PSL7\20240513_080000.WAV
42.0,45.0,Prunella strophiata,Rufous-breasted Accentor,0.5311,C:/Users/shang/OneDrive - Georgia Institute of Technology/HAAG Research Bird Audio/Audio Files Analysis/Low/PSL7\20240513_080000.WAV
45.0,48.0,Prunella strophiata,Rufous-breasted Accentor,0.7297,C:/Users/shang/OneDrive - Georgia Institute of Technology/HAAG Research Bird Audio/Audio Files Analysis/Low/PSL7\20240513_080000.WAV
48.0,51.0,Prunella strophiata,Rufous-breasted Accentor,0.5527,C:/Users/shang/OneDrive - Georgia Institute of Technology/HAAG Research Bird Audio/Audio Files Analysis/Low/PSL7\20240513_080000.WAV
75.0,78.0,Trochalopteron variegatum,Variegated Laughingthrush,0.6845,C:/Users/shang/OneDrive - Georgia Institute of Technology/HAAG Research Bird Audio/Audio Files Analysis/Low/PSL7\20240513_080000.WAV
90.0,93.0,Trochalopteron variegatum,Variegated Laughingthrush,0.6627,C:/Users/shang/OneDrive - Georgia Institute of Technology/HAAG Research Bird Audio/Audio Files Analysis/Low/PSL7\20240513_080000.WAV
99.0,102.0,Trochalopteron variegatum,Variegated Laughingthrush,0.5010,C:/Users/shang/OneDrive - Georgia Institute of Technology/HAAG Research Bird Audio/Audio Files Analysis/Low/PSL7\20240513_080000.WAV
117.0,120.0,Trochalopteron variegatum,Variegated Laughingthrush,0.5523,C:/Users/shang/OneDrive - Georgia Institute of Technology/HAAG Research Bird Audio/Audio Files Analysis/Low/PSL7\20240513_080000.WAV
123.0,126.0,Trochalopteron variegatum,Variegated Laughingthrush,0.5916,C:/Users/shang/OneDrive - Georgia Institute of Technology/HAAG Research Bird Audio/Audio Files Analysis/Low/PSL7\20240513_080000.WAV
174.0,177.0,Palmeria dolei,Akohekohe,0.5222,C:/Users/shang/OneDrive - Georgia Institute of Technology/HAAG Research Bird Audio/Audio Files Analysis/Low/PSL7\20240513_080000.WAV
300.0,303.0,Trochalopteron variegatum,Variegated Laughingthrush,0.5498,C:/Users/shang/OneDrive - Georgia Institute of Technology/HAAG Research Bird Audio/Audio Files Analysis/Low/PSL7\20240513_080000.WAV
495.0,498.0,Palmeria dolei,Akohekohe,0.7354,C:/Users/shang/OneDrive - Georgia Institute of Technology/HAAG Research Bird Audio/Audio Files Analysis/Low/PSL7\20240513_080000.WAV
189.0,192.0,Phylloscopus humei,Hume's Warbler,0.8063,C:/Users/shang/OneDrive - Georgia Institute of Technology/HAAG Research Bird Audio/Audio Files Analysis/Low/PSL7\20240513_090000.WAV
198.0,201.0,Phylloscopus humei,Hume's Warbler,0.6808,C:/Users/shang/OneDrive - Georgia Institute of Technology/HAAG Research Bird Audio/Audio Files Analysis/Low/PSL7\20240513_090000.WAV
654.0,657.0,Poecile gambeli,Mountain Chickadee,0.5627,C:/Users/shang/OneDrive - Georgia Institute of Technology/HAAG Research Bird Audio/Audio Files Analysis/Low/PSL7\20240513_090000.WAV
810.0,813.0,Psiloscops flammeolus,Flammulated Owl,0.7889,C:/Users/shang/OneDrive - Georgia Institute of Technology/HAAG Research Bird Audio/Audio Files Analysis/Low/PSL7\20240513_090000.WAV
0,3.0,Phylloscopus humei,Hume's Warbler,0.6106,C:/Users/shang/OneDrive - Georgia Institute of Technology/HAAG Research Bird Audio/Audio Files Analysis/Low/PSL7\20240514_070000.WAV
21.0,24.0,Phylloscopus occipitalis,Western Crowned Warbler,0.9423,C:/Users/shang/OneDrive - Georgia Institute of Technology/HAAG Research Bird Audio/Audio Files Analysis/Low/PSL7\20240514_070000.WAV
30.0,33.0,Phylloscopus occipitalis,Western Crowned Warbler,0.8022,C:/Users/shang/OneDrive - Georgia Institute of Technology/HAAG Research Bird Audio/Audio Files Analysis/Low/PSL7\20240514_070000.WAV
72.0,75.0,Phylloscopus occipitalis,Western Crowned Warbler,0.7346,C:/Users/shang/OneDrive - Georgia Institute of Technology/HAAG Research Bird Audio/Audio Files Analysis/Low/PSL7\20240514_070000.WAV
78.0,81.0,Protonotaria citrea,Prothonotary Warbler,0.8004,C:/Users/shang/OneDrive - Georgia Institute of Technology/HAAG Research Bird Audio/Audio Files Analysis/Low/PSL7\20240514_070000.WAV
114.0,117.0,Tarsiger chrysaeus,Golden Bush-Robin,0.5861,C:/Users/shang/OneDrive - Georgia Institute of Technology/HAAG Research Bird Audio/Audio Files Analysis/Low/PSL7\20240514_070000.WAV
123.0,126.0,Tarsiger chrysaeus,Golden Bush-Robin,0.6051,C:/Users/shang/OneDrive - Georgia Institute of Technology/HAAG Research Bird Audio/Audio Files Analysis/Low/PSL7\20240514_070000.WAV
174.0,177.0,Phoenicurus auroreus,Daurian Redstart,0.6101,C:/Users/shang/OneDrive - Georgia Institute of Technology/HAAG Research Bird Audio/Audio Files Analysis/Low/PSL7\20240514_070000.WAV
180.0,183.0,Phoenicurus auroreus,Daurian Redstart,0.7195,C:/Users/shang/OneDrive - Georgia Institute of Technology/HAAG Research Bird Audio/Audio Files Analysis/Low/PSL7\20240514_070000.WAV
291.0,294.0,Phylloscopus humei,Hume's Warbler,0.9827,C:/Users/shang/OneDrive - Georgia Institute of Technology/HAAG Research Bird Audio/Audio Files Analysis/Low/PSL7\20240514_070000.WAV
300.0,303.0,Phylloscopus humei,Hume's Warbler,0.5240,C:/Users/shang/OneDrive - Georgia Institute of Technology/HAAG Research Bird Audio/Audio Files Analysis/Low/PSL7\20240514_070000.WAV
309.0,312.0,Phylloscopus humei,Hume's Warbler,0.9437,C:/Users/shang/OneDrive - Georgia Institute of Technology/HAAG Research Bird Audio/Audio Files Analysis/Low/PSL7\20240514_070000.WAV
351.0,354.0,Phylloscopus humei,Hume's Warbler,0.8676,C:/Users/shang/OneDrive - Georgia Institute of Technology/HAAG Research Bird Audio/Audio Files Analysis/Low/PSL7\20240514_070000.WAV
354.0,357.0,Anthus spinoletta,Water Pipit,0.7193,C:/Users/shang/OneDrive - Georgia Institute of Technology/HAAG Research Bird Audio/Audio Files Analysis/Low/PSL7\20240514_070000.WAV
360.0,363.0,Spizelloides arborea,American Tree Sparrow,0.5598,C:/Users/shang/OneDrive - Georgia Institute of Technology/HAAG Research Bird Audio/Audio Files Analysis/Low/PSL7\20240514_070000.WAV
366.0,369.0,Phylloscopus humei,Hume's Warbler,0.9368,C:/Users/shang/OneDrive - Georgia Institute of Technology/HAAG Research Bird Audio/Audio Files Analysis/Low/PSL7\20240514_070000.WAV
369.0,372.0,Tarsiger chrysaeus,Golden Bush-Robin,0.5216,C:/Users/shang/OneDrive - Georgia Institute of Technology/HAAG Research Bird Audio/Audio Files Analysis/Low/PSL7\20240514_070000.WAV
372.0,375.0,Phoenicurus auroreus,Daurian Redstart,0.5399,C:/Users/shang/OneDrive - Georgia Institute of Technology/HAAG Research Bird Audio/Audio Files Analysis/Low/PSL7\20240514_070000.WAV
378.0,381.0,Phylloscopus humei,Hume's Warbler,0.5264,C:/Users/shang/OneDrive - Georgia Institute of Technology/HAAG Research Bird Audio/Audio Files Analysis/Low/PSL7\20240514_070000.WAV
393.0,396.0,Phylloscopus humei,Hume's Warbler,0.6381,C:/Users/shang/OneDrive - Georgia Institute of Technology/HAAG Research Bird Audio/Audio Files Analysis/Low/PSL7\20240514_070000.WAV
396.0,399.0,Phoenicurus auroreus,Daurian Redstart,0.5092,C:/Users/shang/OneDrive - Georgia Institute of Technology/HAAG Research Bird Audio/Audio Files Analysis/Low/PSL7\20240514_070000.WAV
432.0,435.0,Phylloscopus humei,Hume's Warbler,0.7381,C:/Users/shang/OneDrive - Georgia Institute of Technology/HAAG Research Bird Audio/Audio Files Analysis/Low/PSL7\20240514_070000.WAV
441.0,444.0,Ficedula tricolor,Slaty-blue Flycatcher,0.7867,C:/Users/shang/OneDrive - Georgia Institute of Technology/HAAG Research Bird Audio/Audio Files Analysis/Low/PSL7\20240514_070000.WAV
453.0,456.0,Ficedula tricolor,Slaty-blue Flycatcher,0.6500,C:/Users/shang/OneDrive - Georgia Institute of Technology/HAAG Research Bird Audio/Audio Files Analysis/Low/PSL7\20240514_070000.WAV
456.0,459.0,Ficedula tricolor,Slaty-blue Flycatcher,0.5410,C:/Users/shang/OneDrive - Georgia Institute of Technology/HAAG Research Bird Audio/Audio Files Analysis/Low/PSL7\20240514_070000.WAV
459.0,462.0,Ficedula tricolor,Slaty-blue Flycatcher,0.9650,C:/Users/shang/OneDrive - Georgia Institute of Technology/HAAG Research Bird Audio/Audio Files Analysis/Low/PSL7\20240514_070000.WAV
462.0,465.0,Ficedula tricolor,Slaty-blue Flycatcher,0.7935,C:/Users/shang/OneDrive - Georgia Institute of Technology/HAAG Research Bird Audio/Audio Files Analysis/Low/PSL7\20240514_070000.WAV
465.0,468.0,Ficedula tricolor,Slaty-blue Flycatcher,0.7391,C:/Users/shang/OneDrive - Georgia Institute of Technology/HAAG Research Bird Audio/Audio Files Analysis/Low/PSL7\20240514_070000.WAV
483.0,486.0,Phylloscopus humei,Hume's Warbler,0.5290,C:/Users/shang/OneDrive - Georgia Institute of Technology/HAAG Research Bird Audio/Audio Files Analysis/Low/PSL7\20240514_070000.WAV
495.0,498.0,Phylloscopus humei,Hume's Warbler,0.8490,C:/Users/shang/OneDrive - Georgia Institute of Technology/HAAG Research Bird Audio/Audio Files Analysis/Low/PSL7\20240514_070000.WAV
507.0,510.0,Phylloscopus humei,Hume's Warbler,0.7843,C:/Users/shang/OneDrive - Georgia Institute of Technology/HAAG Research Bird Audio/Audio Files Analysis/Low/PSL7\20240514_070000.WAV
516.0,519.0,Anthus campestris,Tawny Pipit,0.7265,C:/Users/shang/OneDrive - Georgia Institute of Technology/HAAG Research Bird Audio/Audio Files Analysis/Low/PSL7\20240514_070000.WAV
525.0,528.0,Phylloscopus humei,Hume's Warbler,0.9918,C:/Users/shang/OneDrive - Georgia Institute of Technology/HAAG Research Bird Audio/Audio Files Analysis/Low/PSL7\20240514_070000.WAV
531.0,534.0,Ficedula tricolor,Slaty-blue Flycatcher,0.6834,C:/Users/shang/OneDrive - Georgia Institute of Technology/HAAG Research Bird Audio/Audio Files Analysis/Low/PSL7\20240514_070000.WAV
549.0,552.0,Phylloscopus humei,Hume's Warbler,0.9646,C:/Users/shang/OneDrive - Georgia Institute of Technology/HAAG Research Bird Audio/Audio Files Analysis/Low/PSL7\20240514_070000.WAV
552.0,555.0,Phylloscopus humei,Hume's Warbler,0.9889,C:/Users/shang/OneDrive - Georgia Institute of Technology/HAAG Research Bird Audio/Audio Files Analysis/Low/PSL7\20240514_070000.WAV
555.0,558.0,Phylloscopus humei,Hume's Warbler,0.7076,C:/Users/shang/OneDrive - Georgia Institute of Technology/HAAG Research Bird Audio/Audio Files Analysis/Low/PSL7\20240514_070000.WAV
558.0,561.0,Phylloscopus humei,Hume's Warbler,0.5969,C:/Users/shang/OneDrive - Georgia Institute of Technology/HAAG Research Bird Audio/Audio Files Analysis/Low/PSL7\20240514_070000.WAV
564.0,567.0,Phylloscopus humei,Hume's Warbler,0.8440,C:/Users/shang/OneDrive - Georgia Institute of Technology/HAAG Research Bird Audio/Audio Files Analysis/Low/PSL7\20240514_070000.WAV
588.0,591.0,Phylloscopus humei,Hume's Warbler,0.9328,C:/Users/shang/OneDrive - Georgia Institute of Technology/HAAG Research Bird Audio/Audio Files Analysis/Low/PSL7\20240514_070000.WAV
612.0,615.0,Phylloscopus humei,Hume's Warbler,0.6401,C:/Users/shang/OneDrive - Georgia Institute of Technology/HAAG Research Bird Audio/Audio Files Analysis/Low/PSL7\20240514_070000.WAV
624.0,627.0,Phylloscopus humei,Hume's Warbler,0.8623,C:/Users/shang/OneDrive - Georgia Institute of Technology/HAAG Research Bird Audio/Audio Files Analysis/Low/PSL7\20240514_070000.WAV
627.0,630.0,Phylloscopus humei,Hume's Warbler,0.9703,C:/Users/shang/OneDrive - Georgia Institute of Technology/HAAG Research Bird Audio/Audio Files Analysis/Low/PSL7\20240514_070000.WAV
630.0,633.0,Phylloscopus humei,Hume's Warbler,0.9869,C:/Users/shang/OneDrive - Georgia Institute of Technology/HAAG Research Bird Audio/Audio Files Analysis/Low/PSL7\20240514_070000.WAV
636.0,639.0,Phylloscopus humei,Hume's Warbler,0.9889,C:/Users/shang/OneDrive - Georgia Institute of Technology/HAAG Research Bird Audio/Audio Files Analysis/Low/PSL7\20240514_070000.WAV
648.0,651.0,Phylloscopus humei,Hume's Warbler,0.9848,C:/Users/shang/OneDrive - Georgia Institute of Technology/HAAG Research Bird Audio/Audio Files Analysis/Low/PSL7\20240514_070000.WAV
657.0,660.0,Phylloscopus humei,Hume's Warbler,0.6586,C:/Users/shang/OneDrive - Georgia Institute of Technology/HAAG Research Bird Audio/Audio Files Analysis/Low/PSL7\20240514_070000.WAV
663.0,666.0,Phylloscopus humei,Hume's Warbler,0.8580,C:/Users/shang/OneDrive - Georgia Institute of Technology/HAAG Research Bird Audio/Audio Files Analysis/Low/PSL7\20240514_070000.WAV
666.0,669.0,Phylloscopus humei,Hume's Warbler,0.9712,C:/Users/shang/OneDrive - Georgia Institute of Technology/HAAG Research Bird Audio/Audio Files Analysis/Low/PSL7\20240514_070000.WAV
684.0,687.0,Phylloscopus humei,Hume's Warbler,0.9687,C:/Users/shang/OneDrive - Georgia Institute of Technology/HAAG Research Bird Audio/Audio Files Analysis/Low/PSL7\20240514_070000.WAV
699.0,702.0,Phylloscopus humei,Hume's Warbler,0.9993,C:/Users/shang/OneDrive - Georgia Institute of Technology/HAAG Research Bird Audio/Audio Files Analysis/Low/PSL7\20240514_070000.WAV
780.0,783.0,Tarsiger indicus,White-browed Bush-Robin,0.6263,C:/Users/shang/OneDrive - Georgia Institute of Technology/HAAG Research Bird Audio/Audio Files Analysis/Low/PSL7\20240514_070000.WAV
855.0,858.0,Phylloscopus humei,Hume's Warbler,0.9654,C:/Users/shang/OneDrive - Georgia Institute of Technology/HAAG Research Bird Audio/Audio Files Analysis/Low/PSL7\20240514_070000.WAV
861.0,864.0,Phylloscopus humei,Hume's Warbler,0.8579,C:/Users/shang/OneDrive - Georgia Institute of Technology/HAAG Research Bird Audio/Audio Files Analysis/Low/PSL7\20240514_070000.WAV
864.0,867.0,Phylloscopus humei,Hume's Warbler,0.9995,C:/Users/shang/OneDrive - Georgia Institute of Technology/HAAG Research Bird Audio/Audio Files Analysis/Low/PSL7\20240514_070000.WAV
876.0,879.0,Phylloscopus humei,Hume's Warbler,0.9585,C:/Users/shang/OneDrive - Georgia Institute of Technology/HAAG Research Bird Audio/Audio Files Analysis/Low/PSL7\20240514_070000.WAV
12.0,15.0,Phylloscopus humei,Hume's Warbler,0.9388,C:/Users/shang/OneDrive - Georgia Institute of Technology/HAAG Research Bird Audio/Audio Files Analysis/Low/PSL7\20240514_080000.WAV
15.0,18.0,Phylloscopus humei,Hume's Warbler,0.8909,C:/Users/shang/OneDrive - Georgia Institute of Technology/HAAG Research Bird Audio/Audio Files Analysis/Low/PSL7\20240514_080000.WAV
21.0,24.0,Phylloscopus humei,Hume's Warbler,0.7894,C:/Users/shang/OneDrive - Georgia Institute of Technology/HAAG Research Bird Audio/Audio Files Analysis/Low/PSL7\20240514_080000.WAV
27.0,30.0,Phylloscopus humei,Hume's Warbler,0.9715,C:/Users/shang/OneDrive - Georgia Institute of Technology/HAAG Research Bird Audio/Audio Files Analysis/Low/PSL7\20240514_080000.WAV
33.0,36.0,Phylloscopus humei,Hume's Warbler,0.5044,C:/Users/shang/OneDrive - Georgia Institute of Technology/HAAG Research Bird Audio/Audio Files Analysis/Low/PSL7\20240514_080000.WAV
45.0,48.0,Phylloscopus humei,Hume's Warbler,0.6547,C:/Users/shang/OneDrive - Georgia Institute of Technology/HAAG Research Bird Audio/Audio Files Analysis/Low/PSL7\20240514_080000.WAV
129.0,132.0,Protonotaria citrea,Prothonotary Warbler,0.7803,C:/Users/shang/OneDrive - Georgia Institute of Technology/HAAG Research Bird Audio/Audio Files Analysis/Low/PSL7\20240514_080000.WAV
204.0,207.0,Phylloscopus humei,Hume's Warbler,0.9438,C:/Users/shang/OneDrive - Georgia Institute of Technology/HAAG Research Bird Audio/Audio Files Analysis/Low/PSL7\20240514_080000.WAV
219.0,222.0,Phylloscopus humei,Hume's Warbler,0.9865,C:/Users/shang/OneDrive - Georgia Institute of Technology/HAAG Research Bird Audio/Audio Files Analysis/Low/PSL7\20240514_080000.WAV
261.0,264.0,Phylloscopus humei,Hume's Warbler,0.8910,C:/Users/shang/OneDrive - Georgia Institute of Technology/HAAG Research Bird Audio/Audio Files Analysis/Low/PSL7\20240514_080000.WAV
507.0,510.0,Prinia socialis,Ashy Prinia,0.5506,C:/Users/shang/OneDrive - Georgia Institute of Technology/HAAG Research Bird Audio/Audio Files Analysis/Low/PSL7\20240514_080000.WAV
510.0,513.0,Motacilla cinerea,Gray Wagtail,0.8324,C:/Users/shang/OneDrive - Georgia Institute of Technology/HAAG Research Bird Audio/Audio Files Analysis/Low/PSL7\20240514_080000.WAV
534.0,537.0,Phylloscopus humei,Hume's Warbler,0.7092,C:/Users/shang/OneDrive - Georgia Institute of Technology/HAAG Research Bird Audio/Audio Files Analysis/Low/PSL7\20240514_080000.WAV
537.0,540.0,Phylloscopus humei,Hume's Warbler,0.9096,C:/Users/shang/OneDrive - Georgia Institute of Technology/HAAG Research Bird Audio/Audio Files Analysis/Low/PSL7\20240514_080000.WAV
546.0,549.0,Phylloscopus humei,Hume's Warbler,0.6230,C:/Users/shang/OneDrive - Georgia Institute of Technology/HAAG Research Bird Audio/Audio Files Analysis/Low/PSL7\20240514_080000.WAV
552.0,555.0,Phylloscopus humei,Hume's Warbler,0.6091,C:/Users/shang/OneDrive - Georgia Institute of Technology/HAAG Research Bird Audio/Audio Files Analysis/Low/PSL7\20240514_080000.WAV
561.0,564.0,Phylloscopus humei,Hume's Warbler,0.7973,C:/Users/shang/OneDrive - Georgia Institute of Technology/HAAG Research Bird Audio/Audio Files Analysis/Low/PSL7\20240514_080000.WAV
576.0,579.0,Protonotaria citrea,Prothonotary Warbler,0.8687,C:/Users/shang/OneDrive - Georgia Institute of Technology/HAAG Research Bird Audio/Audio Files Analysis/Low/PSL7\20240514_080000.WAV
594.0,597.0,Phylloscopus humei,Hume's Warbler,0.9840,C:/Users/shang/OneDrive - Georgia Institute of Technology/HAAG Research Bird Audio/Audio Files Analysis/Low/PSL7\20240514_080000.WAV
600.0,603.0,Protonotaria citrea,Prothonotary Warbler,0.6814,C:/Users/shang/OneDrive - Georgia Institute of Technology/HAAG Research Bird Audio/Audio Files Analysis/Low/PSL7\20240514_080000.WAV
600.0,603.0,Phylloscopus occipitalis,Western Crowned Warbler,0.5283,C:/Users/shang/OneDrive - Georgia Institute of Technology/HAAG Research Bird Audio/Audio Files Analysis/Low/PSL7\20240514_080000.WAV
603.0,606.0,Phylloscopus humei,Hume's Warbler,0.9095,C:/Users/shang/OneDrive - Georgia Institute of Technology/HAAG Research Bird Audio/Audio Files Analysis/Low/PSL7\20240514_080000.WAV
621.0,624.0,Phylloscopus humei,Hume's Warbler,0.9585,C:/Users/shang/OneDrive - Georgia Institute of Technology/HAAG Research Bird Audio/Audio Files Analysis/Low/PSL7\20240514_080000.WAV
705.0,708.0,Phylloscopus humei,Hume's Warbler,0.7937,C:/Users/shang/OneDrive - Georgia Institute of Technology/HAAG Research Bird Audio/Audio Files Analysis/Low/PSL7\20240514_080000.WAV
708.0,711.0,Phylloscopus occipitalis,Western Crowned Warbler,0.9198,C:/Users/shang/OneDrive - Georgia Institute of Technology/HAAG Research Bird Audio/Audio Files Analysis/Low/PSL7\20240514_080000.WAV
717.0,720.0,Phylloscopus occipitalis,Western Crowned Warbler,0.8606,C:/Users/shang/OneDrive - Georgia Institute of Technology/HAAG Research Bird Audio/Audio Files Analysis/Low/PSL7\20240514_080000.WAV
717.0,720.0,Protonotaria citrea,Prothonotary Warbler,0.8087,C:/Users/shang/OneDrive - Georgia Institute of Technology/HAAG Research Bird Audio/Audio Files Analysis/Low/PSL7\20240514_080000.WAV
726.0,729.0,Phylloscopus occipitalis,Western Crowned Warbler,0.7426,C:/Users/shang/OneDrive - Georgia Institute of Technology/HAAG Research Bird Audio/Audio Files Analysis/Low/PSL7\20240514_080000.WAV
732.0,735.0,Protonotaria citrea,Prothonotary Warbler,0.8188,C:/Users/shang/OneDrive - Georgia Institute of Technology/HAAG Research Bird Audio/Audio Files Analysis/Low/PSL7\20240514_080000.WAV
738.0,741.0,Phylloscopus humei,Hume's Warbler,0.8984,C:/Users/shang/OneDrive - Georgia Institute of Technology/HAAG Research Bird Audio/Audio Files Analysis/Low/PSL7\20240514_080000.WAV
750.0,753.0,Phylloscopus humei,Hume's Warbler,0.9997,C:/Users/shang/OneDrive - Georgia Institute of Technology/HAAG Research Bird Audio/Audio Files Analysis/Low/PSL7\20240514_080000.WAV
759.0,762.0,Phylloscopus humei,Hume's Warbler,0.7596,C:/Users/shang/OneDrive - Georgia Institute of Technology/HAAG Research Bird Audio/Audio Files Analysis/Low/PSL7\20240514_080000.WAV
768.0,771.0,Phylloscopus occipitalis,Western Crowned Warbler,0.8007,C:/Users/shang/OneDrive - Georgia Institute of Technology/HAAG Research Bird Audio/Audio Files Analysis/Low/PSL7\20240514_080000.WAV
774.0,777.0,Phylloscopus occipitalis,Western Crowned Warbler,0.6776,C:/Users/shang/OneDrive - Georgia Institute of Technology/HAAG Research Bird Audio/Audio Files Analysis/Low/PSL7\20240514_080000.WAV
777.0,780.0,Phylloscopus humei,Hume's Warbler,0.7069,C:/Users/shang/OneDrive - Georgia Institute of Technology/HAAG Research Bird Audio/Audio Files Analysis/Low/PSL7\20240514_080000.WAV
780.0,783.0,Phylloscopus humei,Hume's Warbler,0.9997,C:/Users/shang/OneDrive - Georgia Institute of Technology/HAAG Research Bird Audio/Audio Files Analysis/Low/PSL7\20240514_080000.WAV
795.0,798.0,Protonotaria citrea,Prothonotary Warbler,0.5873,C:/Users/shang/OneDrive - Georgia Institute of Technology/HAAG Research Bird Audio/Audio Files Analysis/Low/PSL7\20240514_080000.WAV
807.0,810.0,Phylloscopus humei,Hume's Warbler,0.8760,C:/Users/shang/OneDrive - Georgia Institute of Technology/HAAG Research Bird Audio/Audio Files Analysis/Low/PSL7\20240514_080000.WAV
834.0,837.0,Protonotaria citrea,Prothonotary Warbler,0.5870,C:/Users/shang/OneDrive - Georgia Institute of Technology/HAAG Research Bird Audio/Audio Files Analysis/Low/PSL7\20240514_080000.WAV
840.0,843.0,Phylloscopus humei,Hume's Warbler,0.9629,C:/Users/shang/OneDrive - Georgia Institute of Technology/HAAG Research Bird Audio/Audio Files Analysis/Low/PSL7\20240514_080000.WAV
876.0,879.0,Phylloscopus humei,Hume's Warbler,0.9440,C:/Users/shang/OneDrive - Georgia Institute of Technology/HAAG Research Bird Audio/Audio Files Analysis/Low/PSL7\20240514_080000.WAV
879.0,882.0,Phylloscopus humei,Hume's Warbler,0.6492,C:/Users/shang/OneDrive - Georgia Institute of Technology/HAAG Research Bird Audio/Audio Files Analysis/Low/PSL7\20240514_090000.WAV
3.0,6.0,Phylloscopus occipitalis,Western Crowned Warbler,0.9012,C:/Users/shang/OneDrive - Georgia Institute of Technology/HAAG Research Bird Audio/Audio Files Analysis/Low/PSL7\20240515_060000.WAV
9.0,12.0,Phylloscopus occipitalis,Western Crowned Warbler,0.9299,C:/Users/shang/OneDrive - Georgia Institute of Technology/HAAG Research Bird Audio/Audio Files Analysis/Low/PSL7\20240515_060000.WAV
12.0,15.0,Ficedula parva,Red-breasted Flycatcher,0.9756,C:/Users/shang/OneDrive - Georgia Institute of Technology/HAAG Research Bird Audio/Audio Files Analysis/Low/PSL7\20240515_060000.WAV
18.0,21.0,Ficedula parva,Red-breasted Flycatcher,0.8275,C:/Users/shang/OneDrive - Georgia Institute of Technology/HAAG Research Bird Audio/Audio Files Analysis/Low/PSL7\20240515_060000.WAV
27.0,30.0,Phylloscopus occipitalis,Western Crowned Warbler,0.6649,C:/Users/shang/OneDrive - Georgia Institute of Technology/HAAG Research Bird Audio/Audio Files Analysis/Low/PSL7\20240515_060000.WAV
36.0,39.0,Phylloscopus occipitalis,Western Crowned Warbler,0.5621,C:/Users/shang/OneDrive - Georgia Institute of Technology/HAAG Research Bird Audio/Audio Files Analysis/Low/PSL7\20240515_060000.WAV
42.0,45.0,Phylloscopus occipitalis,Western Crowned Warbler,0.5353,C:/Users/shang/OneDrive - Georgia Institute of Technology/HAAG Research Bird Audio/Audio Files Analysis/Low/PSL7\20240515_060000.WAV
45.0,48.0,Trochalopteron variegatum,Variegated Laughingthrush,0.6025,C:/Users/shang/OneDrive - Georgia Institute of Technology/HAAG Research Bird Audio/Audio Files Analysis/Low/PSL7\20240515_060000.WAV
57.0,60.0,Phylloscopus occipitalis,Western Crowned Warbler,0.6491,C:/Users/shang/OneDrive - Georgia Institute of Technology/HAAG Research Bird Audio/Audio Files Analysis/Low/PSL7\20240515_060000.WAV
57.0,60.0,Protonotaria citrea,Prothonotary Warbler,0.5509,C:/Users/shang/OneDrive - Georgia Institute of Technology/HAAG Research Bird Audio/Audio Files Analysis/Low/PSL7\20240515_060000.WAV
75.0,78.0,Protonotaria citrea,Prothonotary Warbler,0.6533,C:/Users/shang/OneDrive - Georgia Institute of Technology/HAAG Research Bird Audio/Audio Files Analysis/Low/PSL7\20240515_060000.WAV
90.0,93.0,Protonotaria citrea,Prothonotary Warbler,0.6628,C:/Users/shang/OneDrive - Georgia Institute of Technology/HAAG Research Bird Audio/Audio Files Analysis/Low/PSL7\20240515_060000.WAV
108.0,111.0,Protonotaria citrea,Prothonotary Warbler,0.6051,C:/Users/shang/OneDrive - Georgia Institute of Technology/HAAG Research Bird Audio/Audio Files Analysis/Low/PSL7\20240515_060000.WAV
132.0,135.0,Phylloscopus occipitalis,Western Crowned Warbler,0.9327,C:/Users/shang/OneDrive - Georgia Institute of Technology/HAAG Research Bird Audio/Audio Files Analysis/Low/PSL7\20240515_060000.WAV
138.0,141.0,Protonotaria citrea,Prothonotary Warbler,0.8496,C:/Users/shang/OneDrive - Georgia Institute of Technology/HAAG Research Bird Audio/Audio Files Analysis/Low/PSL7\20240515_060000.WAV
138.0,141.0,Phylloscopus occipitalis,Western Crowned Warbler,0.7007,C:/Users/shang/OneDrive - Georgia Institute of Technology/HAAG Research Bird Audio/Audio Files Analysis/Low/PSL7\20240515_060000.WAV
144.0,147.0,Phylloscopus occipitalis,Western Crowned Warbler,0.9634,C:/Users/shang/OneDrive - Georgia Institute of Technology/HAAG Research Bird Audio/Audio Files Analysis/Low/PSL7\20240515_060000.WAV
153.0,156.0,Phylloscopus occipitalis,Western Crowned Warbler,0.8833,C:/Users/shang/OneDrive - Georgia Institute of Technology/HAAG Research Bird Audio/Audio Files Analysis/Low/PSL7\20240515_060000.WAV
159.0,162.0,Protonotaria citrea,Prothonotary Warbler,0.7635,C:/Users/shang/OneDrive - Georgia Institute of Technology/HAAG Research Bird Audio/Audio Files Analysis/Low/PSL7\20240515_060000.WAV
159.0,162.0,Phylloscopus occipitalis,Western Crowned Warbler,0.7175,C:/Users/shang/OneDrive - Georgia Institute of Technology/HAAG Research Bird Audio/Audio Files Analysis/Low/PSL7\20240515_060000.WAV
201.0,204.0,Phylloscopus occipitalis,Western Crowned Warbler,0.6572,C:/Users/shang/OneDrive - Georgia Institute of Technology/HAAG Research Bird Audio/Audio Files Analysis/Low/PSL7\20240515_060000.WAV
222.0,225.0,Phylloscopus occipitalis,Western Crowned Warbler,0.7065,C:/Users/shang/OneDrive - Georgia Institute of Technology/HAAG Research Bird Audio/Audio Files Analysis/Low/PSL7\20240515_060000.WAV
330.0,333.0,Phylloscopus occipitalis,Western Crowned Warbler,0.8086,C:/Users/shang/OneDrive - Georgia Institute of Technology/HAAG Research Bird Audio/Audio Files Analysis/Low/PSL7\20240515_060000.WAV
330.0,333.0,Protonotaria citrea,Prothonotary Warbler,0.7086,C:/Users/shang/OneDrive - Georgia Institute of Technology/HAAG Research Bird Audio/Audio Files Analysis/Low/PSL7\20240515_060000.WAV
339.0,342.0,Phylloscopus occipitalis,Western Crowned Warbler,0.7020,C:/Users/shang/OneDrive - Georgia Institute of Technology/HAAG Research Bird Audio/Audio Files Analysis/Low/PSL7\20240515_060000.WAV
339.0,342.0,Protonotaria citrea,Prothonotary Warbler,0.6929,C:/Users/shang/OneDrive - Georgia Institute of Technology/HAAG Research Bird Audio/Audio Files Analysis/Low/PSL7\20240515_060000.WAV
345.0,348.0,Phylloscopus occipitalis,Western Crowned Warbler,0.5653,C:/Users/shang/OneDrive - Georgia Institute of Technology/HAAG Research Bird Audio/Audio Files Analysis/Low/PSL7\20240515_060000.WAV
357.0,360.0,Phylloscopus occipitalis,Western Crowned Warbler,0.6971,C:/Users/shang/OneDrive - Georgia Institute of Technology/HAAG Research Bird Audio/Audio Files Analysis/Low/PSL7\20240515_060000.WAV
399.0,402.0,Protonotaria citrea,Prothonotary Warbler,0.6112,C:/Users/shang/OneDrive - Georgia Institute of Technology/HAAG Research Bird Audio/Audio Files Analysis/Low/PSL7\20240515_060000.WAV
423.0,426.0,Phylloscopus occipitalis,Western Crowned Warbler,0.9511,C:/Users/shang/OneDrive - Georgia Institute of Technology/HAAG Research Bird Audio/Audio Files Analysis/Low/PSL7\20240515_060000.WAV
450.0,453.0,Phylloscopus humei,Hume's Warbler,0.9745,C:/Users/shang/OneDrive - Georgia Institute of Technology/HAAG Research Bird Audio/Audio Files Analysis/Low/PSL7\20240515_060000.WAV
489.0,492.0,Phylloscopus occipitalis,Western Crowned Warbler,0.8619,C:/Users/shang/OneDrive - Georgia Institute of Technology/HAAG Research Bird Audio/Audio Files Analysis/Low/PSL7\20240515_060000.WAV
492.0,495.0,Phylloscopus occipitalis,Western Crowned Warbler,0.9666,C:/Users/shang/OneDrive - Georgia Institute of Technology/HAAG Research Bird Audio/Audio Files Analysis/Low/PSL7\20240515_060000.WAV
495.0,498.0,Phylloscopus occipitalis,Western Crowned Warbler,0.8851,C:/Users/shang/OneDrive - Georgia Institute of Technology/HAAG Research Bird Audio/Audio Files Analysis/Low/PSL7\20240515_060000.WAV
498.0,501.0,Phylloscopus occipitalis,Western Crowned Warbler,0.8867,C:/Users/shang/OneDrive - Georgia Institute of Technology/HAAG Research Bird Audio/Audio Files Analysis/Low/PSL7\20240515_060000.WAV
504.0,507.0,Phylloscopus occipitalis,Western Crowned Warbler,0.6831,C:/Users/shang/OneDrive - Georgia Institute of Technology/HAAG Research Bird Audio/Audio Files Analysis/Low/PSL7\20240515_060000.WAV
516.0,519.0,Phylloscopus occipitalis,Western Crowned Warbler,0.9815,C:/Users/shang/OneDrive - Georgia Institute of Technology/HAAG Research Bird Audio/Audio Files Analysis/Low/PSL7\20240515_060000.WAV
522.0,525.0,Phylloscopus occipitalis,Western Crowned Warbler,0.6050,C:/Users/shang/OneDrive - Georgia Institute of Technology/HAAG Research Bird Audio/Audio Files Analysis/Low/PSL7\20240515_060000.WAV
525.0,528.0,Protonotaria citrea,Prothonotary Warbler,0.9148,C:/Users/shang/OneDrive - Georgia Institute of Technology/HAAG Research Bird Audio/Audio Files Analysis/Low/PSL7\20240515_060000.WAV
531.0,534.0,Phylloscopus occipitalis,Western Crowned Warbler,0.9009,C:/Users/shang/OneDrive - Georgia Institute of Technology/HAAG Research Bird Audio/Audio Files Analysis/Low/PSL7\20240515_060000.WAV
531.0,534.0,Protonotaria citrea,Prothonotary Warbler,0.7739,C:/Users/shang/OneDrive - Georgia Institute of Technology/HAAG Research Bird Audio/Audio Files Analysis/Low/PSL7\20240515_060000.WAV
534.0,537.0,Brachyramphus marmoratus,Marbled Murrelet,0.6224,C:/Users/shang/OneDrive - Georgia Institute of Technology/HAAG Research Bird Audio/Audio Files Analysis/Low/PSL7\20240515_060000.WAV
537.0,540.0,Phylloscopus occipitalis,Western Crowned Warbler,0.7225,C:/Users/shang/OneDrive - Georgia Institute of Technology/HAAG Research Bird Audio/Audio Files Analysis/Low/PSL7\20240515_060000.WAV
540.0,543.0,Phylloscopus occipitalis,Western Crowned Warbler,0.9806,C:/Users/shang/OneDrive - Georgia Institute of Technology/HAAG Research Bird Audio/Audio Files Analysis/Low/PSL7\20240515_060000.WAV
546.0,549.0,Phylloscopus occipitalis,Western Crowned Warbler,0.9919,C:/Users/shang/OneDrive - Georgia Institute of Technology/HAAG Research Bird Audio/Audio Files Analysis/Low/PSL7\20240515_060000.WAV
555.0,558.0,Phylloscopus occipitalis,Western Crowned Warbler,0.5745,C:/Users/shang/OneDrive - Georgia Institute of Technology/HAAG Research Bird Audio/Audio Files Analysis/Low/PSL7\20240515_060000.WAV
561.0,564.0,Phylloscopus occipitalis,Western Crowned Warbler,0.5973,C:/Users/shang/OneDrive - Georgia Institute of Technology/HAAG Research Bird Audio/Audio Files Analysis/Low/PSL7\20240515_060000.WAV
573.0,576.0,Phylloscopus humei,Hume's Warbler,0.8359,C:/Users/shang/OneDrive - Georgia Institute of Technology/HAAG Research Bird Audio/Audio Files Analysis/Low/PSL7\20240515_060000.WAV
582.0,585.0,Phylloscopus humei,Hume's Warbler,0.7640,C:/Users/shang/OneDrive - Georgia Institute of Technology/HAAG Research Bird Audio/Audio Files Analysis/Low/PSL7\20240515_060000.WAV
582.0,585.0,Phylloscopus subviridis,Brooks's Leaf Warbler,0.5265,C:/Users/shang/OneDrive - Georgia Institute of Technology/HAAG Research Bird Audio/Audio Files Analysis/Low/PSL7\20240515_060000.WAV
585.0,588.0,Phylloscopus occipitalis,Western Crowned Warbler,0.7701,C:/Users/shang/OneDrive - Georgia Institute of Technology/HAAG Research Bird Audio/Audio Files Analysis/Low/PSL7\20240515_060000.WAV
591.0,594.0,Phylloscopus occipitalis,Western Crowned Warbler,0.7786,C:/Users/shang/OneDrive - Georgia Institute of Technology/HAAG Research Bird Audio/Audio Files Analysis/Low/PSL7\20240515_060000.WAV
594.0,597.0,Phylloscopus occipitalis,Western Crowned Warbler,0.8045,C:/Users/shang/OneDrive - Georgia Institute of Technology/HAAG Research Bird Audio/Audio Files Analysis/Low/PSL7\20240515_060000.WAV
603.0,606.0,Protonotaria citrea,Prothonotary Warbler,0.8673,C:/Users/shang/OneDrive - Georgia Institute of Technology/HAAG Research Bird Audio/Audio Files Analysis/Low/PSL7\20240515_060000.WAV
606.0,609.0,Phylloscopus humei,Hume's Warbler,0.5325,C:/Users/shang/OneDrive - Georgia Institute of Technology/HAAG Research Bird Audio/Audio Files Analysis/Low/PSL7\20240515_060000.WAV
609.0,612.0,Phylloscopus occipitalis,Western Crowned Warbler,0.6017,C:/Users/shang/OneDrive - Georgia Institute of Technology/HAAG Research Bird Audio/Audio Files Analysis/Low/PSL7\20240515_060000.WAV
615.0,618.0,Phylloscopus occipitalis,Western Crowned Warbler,0.8550,C:/Users/shang/OneDrive - Georgia Institute of Technology/HAAG Research Bird Audio/Audio Files Analysis/Low/PSL7\20240515_060000.WAV
633.0,636.0,Phylloscopus humei,Hume's Warbler,0.7602,C:/Users/shang/OneDrive - Georgia Institute of Technology/HAAG Research Bird Audio/Audio Files Analysis/Low/PSL7\20240515_060000.WAV
645.0,648.0,Phylloscopus humei,Hume's Warbler,0.9162,C:/Users/shang/OneDrive - Georgia Institute of Technology/HAAG Research Bird Audio/Audio Files Analysis/Low/PSL7\20240515_060000.WAV
762.0,765.0,Phylloscopus occipitalis,Western Crowned Warbler,0.7232,C:/Users/shang/OneDrive - Georgia Institute of Technology/HAAG Research Bird Audio/Audio Files Analysis/Low/PSL7\20240515_060000.WAV
768.0,771.0,Protonotaria citrea,Prothonotary Warbler,0.6905,C:/Users/shang/OneDrive - Georgia Institute of Technology/HAAG Research Bird Audio/Audio Files Analysis/Low/PSL7\20240515_060000.WAV
768.0,771.0,Phylloscopus occipitalis,Western Crowned Warbler,0.6510,C:/Users/shang/OneDrive - Georgia Institute of Technology/HAAG Research Bird Audio/Audio Files Analysis/Low/PSL7\20240515_060000.WAV
789.0,792.0,Phylloscopus occipitalis,Western Crowned Warbler,0.7136,C:/Users/shang/OneDrive - Georgia Institute of Technology/HAAG Research Bird Audio/Audio Files Analysis/Low/PSL7\20240515_060000.WAV
792.0,795.0,Phylloscopus humei,Hume's Warbler,0.9703,C:/Users/shang/OneDrive - Georgia Institute of Technology/HAAG Research Bird Audio/Audio Files Analysis/Low/PSL7\20240515_060000.WAV
795.0,798.0,Phylloscopus occipitalis,Western Crowned Warbler,0.6698,C:/Users/shang/OneDrive - Georgia Institute of Technology/HAAG Research Bird Audio/Audio Files Analysis/Low/PSL7\20240515_060000.WAV
798.0,801.0,Phylloscopus humei,Hume's Warbler,0.9419,C:/Users/shang/OneDrive - Georgia Institute of Technology/HAAG Research Bird Audio/Audio Files Analysis/Low/PSL7\20240515_060000.WAV
804.0,807.0,Phylloscopus occipitalis,Western Crowned Warbler,0.9131,C:/Users/shang/OneDrive - Georgia Institute of Technology/HAAG Research Bird Audio/Audio Files Analysis/Low/PSL7\20240515_060000.WAV
810.0,813.0,Phylloscopus occipitalis,Western Crowned Warbler,0.5487,C:/Users/shang/OneDrive - Georgia Institute of Technology/HAAG Research Bird Audio/Audio Files Analysis/Low/PSL7\20240515_060000.WAV
834.0,837.0,Protonotaria citrea,Prothonotary Warbler,0.8902,C:/Users/shang/OneDrive - Georgia Institute of Technology/HAAG Research Bird Audio/Audio Files Analysis/Low/PSL7\20240515_060000.WAV
876.0,879.0,Phylloscopus occipitalis,Western Crowned Warbler,0.7029,C:/Users/shang/OneDrive - Georgia Institute of Technology/HAAG Research Bird Audio/Audio Files Analysis/Low/PSL7\20240515_060000.WAV
894.0,897.0,Protonotaria citrea,Prothonotary Warbler,0.7055,C:/Users/shang/OneDrive - Georgia Institute of Technology/HAAG Research Bird Audio/Audio Files Analysis/Low/PSL7\20240515_060000.WAV
0,3.0,Phylloscopus occipitalis,Western Crowned Warbler,0.9478,C:/Users/shang/OneDrive - Georgia Institute of Technology/HAAG Research Bird Audio/Audio Files Analysis/Low/PSL7\20240515_070000.WAV
6.0,9.0,Phylloscopus occipitalis,Western Crowned Warbler,0.9717,C:/Users/shang/OneDrive - Georgia Institute of Technology/HAAG Research Bird Audio/Audio Files Analysis/Low/PSL7\20240515_070000.WAV
12.0,15.0,Phylloscopus occipitalis,Western Crowned Warbler,0.9892,C:/Users/shang/OneDrive - Georgia Institute of Technology/HAAG Research Bird Audio/Audio Files Analysis/Low/PSL7\20240515_070000.WAV
24.0,27.0,Phylloscopus occipitalis,Western Crowned Warbler,0.8666,C:/Users/shang/OneDrive - Georgia Institute of Technology/HAAG Research Bird Audio/Audio Files Analysis/Low/PSL7\20240515_070000.WAV
30.0,33.0,Phylloscopus occipitalis,Western Crowned Warbler,0.7585,C:/Users/shang/OneDrive - Georgia Institute of Technology/HAAG Research Bird Audio/Audio Files Analysis/Low/PSL7\20240515_070000.WAV
33.0,36.0,Protonotaria citrea,Prothonotary Warbler,0.8393,C:/Users/shang/OneDrive - Georgia Institute of Technology/HAAG Research Bird Audio/Audio Files Analysis/Low/PSL7\20240515_070000.WAV
39.0,42.0,Phylloscopus occipitalis,Western Crowned Warbler,0.8264,C:/Users/shang/OneDrive - Georgia Institute of Technology/HAAG Research Bird Audio/Audio Files Analysis/Low/PSL7\20240515_070000.WAV
48.0,51.0,Phylloscopus occipitalis,Western Crowned Warbler,0.9280,C:/Users/shang/OneDrive - Georgia Institute of Technology/HAAG Research Bird Audio/Audio Files Analysis/Low/PSL7\20240515_070000.WAV
57.0,60.0,Phylloscopus occipitalis,Western Crowned Warbler,0.9667,C:/Users/shang/OneDrive - Georgia Institute of Technology/HAAG Research Bird Audio/Audio Files Analysis/Low/PSL7\20240515_070000.WAV
57.0,60.0,Protonotaria citrea,Prothonotary Warbler,0.5660,C:/Users/shang/OneDrive - Georgia Institute of Technology/HAAG Research Bird Audio/Audio Files Analysis/Low/PSL7\20240515_070000.WAV
63.0,66.0,Phylloscopus occipitalis,Western Crowned Warbler,0.8999,C:/Users/shang/OneDrive - Georgia Institute of Technology/HAAG Research Bird Audio/Audio Files Analysis/Low/PSL7\20240515_070000.WAV
69.0,72.0,Phylloscopus occipitalis,Western Crowned Warbler,0.9115,C:/Users/shang/OneDrive - Georgia Institute of Technology/HAAG Research Bird Audio/Audio Files Analysis/Low/PSL7\20240515_070000.WAV
72.0,75.0,Phylloscopus occipitalis,Western Crowned Warbler,0.8621,C:/Users/shang/OneDrive - Georgia Institute of Technology/HAAG Research Bird Audio/Audio Files Analysis/Low/PSL7\20240515_070000.WAV
78.0,81.0,Phylloscopus occipitalis,Western Crowned Warbler,0.9014,C:/Users/shang/OneDrive - Georgia Institute of Technology/HAAG Research Bird Audio/Audio Files Analysis/Low/PSL7\20240515_070000.WAV
84.0,87.0,Phylloscopus occipitalis,Western Crowned Warbler,0.6623,C:/Users/shang/OneDrive - Georgia Institute of Technology/HAAG Research Bird Audio/Audio Files Analysis/Low/PSL7\20240515_070000.WAV
87.0,90.0,Protonotaria citrea,Prothonotary Warbler,0.6896,C:/Users/shang/OneDrive - Georgia Institute of Technology/HAAG Research Bird Audio/Audio Files Analysis/Low/PSL7\20240515_070000.WAV
90.0,93.0,Phylloscopus occipitalis,Western Crowned Warbler,0.9331,C:/Users/shang/OneDrive - Georgia Institute of Technology/HAAG Research Bird Audio/Audio Files Analysis/Low/PSL7\20240515_070000.WAV
93.0,96.0,Protonotaria citrea,Prothonotary Warbler,0.8318,C:/Users/shang/OneDrive - Georgia Institute of Technology/HAAG Research Bird Audio/Audio Files Analysis/Low/PSL7\20240515_070000.WAV
93.0,96.0,Phylloscopus occipitalis,Western Crowned Warbler,0.8186,C:/Users/shang/OneDrive - Georgia Institute of Technology/HAAG Research Bird Audio/Audio Files Analysis/Low/PSL7\20240515_070000.WAV
99.0,102.0,Phylloscopus occipitalis,Western Crowned Warbler,0.9538,C:/Users/shang/OneDrive - Georgia Institute of Technology/HAAG Research Bird Audio/Audio Files Analysis/Low/PSL7\20240515_070000.WAV
105.0,108.0,Phylloscopus occipitalis,Western Crowned Warbler,0.9756,C:/Users/shang/OneDrive - Georgia Institute of Technology/HAAG Research Bird Audio/Audio Files Analysis/Low/PSL7\20240515_070000.WAV
114.0,117.0,Phylloscopus occipitalis,Western Crowned Warbler,0.8094,C:/Users/shang/OneDrive - Georgia Institute of Technology/HAAG Research Bird Audio/Audio Files Analysis/Low/PSL7\20240515_070000.WAV
117.0,120.0,Phylloscopus occipitalis,Western Crowned Warbler,0.6653,C:/Users/shang/OneDrive - Georgia Institute of Technology/HAAG Research Bird Audio/Audio Files Analysis/Low/PSL7\20240515_070000.WAV
123.0,126.0,Phylloscopus occipitalis,Western Crowned Warbler,0.9336,C:/Users/shang/OneDrive - Georgia Institute of Technology/HAAG Research Bird Audio/Audio Files Analysis/Low/PSL7\20240515_070000.WAV
129.0,132.0,Phylloscopus occipitalis,Western Crowned Warbler,0.6338,C:/Users/shang/OneDrive - Georgia Institute of Technology/HAAG Research Bird Audio/Audio Files Analysis/Low/PSL7\20240515_070000.WAV
252.0,255.0,Phylloscopus humei,Hume's Warbler,0.7038,C:/Users/shang/OneDrive - Georgia Institute of Technology/HAAG Research Bird Audio/Audio Files Analysis/Low/PSL7\20240515_070000.WAV
261.0,264.0,Phylloscopus humei,Hume's Warbler,0.7737,C:/Users/shang/OneDrive - Georgia Institute of Technology/HAAG Research Bird Audio/Audio Files Analysis/Low/PSL7\20240515_070000.WAV
270.0,273.0,Phylloscopus humei,Hume's Warbler,0.8364,C:/Users/shang/OneDrive - Georgia Institute of Technology/HAAG Research Bird Audio/Audio Files Analysis/Low/PSL7\20240515_070000.WAV
279.0,282.0,Phylloscopus humei,Hume's Warbler,0.8819,C:/Users/shang/OneDrive - Georgia Institute of Technology/HAAG Research Bird Audio/Audio Files Analysis/Low/PSL7\20240515_070000.WAV
288.0,291.0,Phylloscopus humei,Hume's Warbler,0.6474,C:/Users/shang/OneDrive - Georgia Institute of Technology/HAAG Research Bird Audio/Audio Files Analysis/Low/PSL7\20240515_070000.WAV
321.0,324.0,Phylloscopus humei,Hume's Warbler,0.6868,C:/Users/shang/OneDrive - Georgia Institute of Technology/HAAG Research Bird Audio/Audio Files Analysis/Low/PSL7\20240515_070000.WAV
336.0,339.0,Phylloscopus humei,Hume's Warbler,0.9619,C:/Users/shang/OneDrive - Georgia Institute of Technology/HAAG Research Bird Audio/Audio Files Analysis/Low/PSL7\20240515_070000.WAV
339.0,342.0,Phylloscopus humei,Hume's Warbler,0.8163,C:/Users/shang/OneDrive - Georgia Institute of Technology/HAAG Research Bird Audio/Audio Files Analysis/Low/PSL7\20240515_070000.WAV
351.0,354.0,Phylloscopus humei,Hume's Warbler,0.9653,C:/Users/shang/OneDrive - Georgia Institute of Technology/HAAG Research Bird Audio/Audio Files Analysis/Low/PSL7\20240515_070000.WAV
369.0,372.0,Prunella strophiata,Rufous-breasted Accentor,0.7147,C:/Users/shang/OneDrive - Georgia Institute of Technology/HAAG Research Bird Audio/Audio Files Analysis/Low/PSL7\20240515_070000.WAV
381.0,384.0,Prunella strophiata,Rufous-breasted Accentor,0.6663,C:/Users/shang/OneDrive - Georgia Institute of Technology/HAAG Research Bird Audio/Audio Files Analysis/Low/PSL7\20240515_070000.WAV
384.0,387.0,Prunella strophiata,Rufous-breasted Accentor,0.7344,C:/Users/shang/OneDrive - Georgia Institute of Technology/HAAG Research Bird Audio/Audio Files Analysis/Low/PSL7\20240515_070000.WAV
390.0,393.0,Phylloscopus humei,Hume's Warbler,0.9839,C:/Users/shang/OneDrive - Georgia Institute of Technology/HAAG Research Bird Audio/Audio Files Analysis/Low/PSL7\20240515_070000.WAV
438.0,441.0,Phylloscopus humei,Hume's Warbler,0.8211,C:/Users/shang/OneDrive - Georgia Institute of Technology/HAAG Research Bird Audio/Audio Files Analysis/Low/PSL7\20240515_070000.WAV
492.0,495.0,Phylloscopus humei,Hume's Warbler,0.6361,C:/Users/shang/OneDrive - Georgia Institute of Technology/HAAG Research Bird Audio/Audio Files Analysis/Low/PSL7\20240515_070000.WAV
498.0,501.0,Phylloscopus humei,Hume's Warbler,0.9647,C:/Users/shang/OneDrive - Georgia Institute of Technology/HAAG Research Bird Audio/Audio Files Analysis/Low/PSL7\20240515_070000.WAV
540.0,543.0,Phylloscopus humei,Hume's Warbler,0.9451,C:/Users/shang/OneDrive - Georgia Institute of Technology/HAAG Research Bird Audio/Audio Files Analysis/Low/PSL7\20240515_070000.WAV
543.0,546.0,Phylloscopus humei,Hume's Warbler,0.9779,C:/Users/shang/OneDrive - Georgia Institute of Technology/HAAG Research Bird Audio/Audio Files Analysis/Low/PSL7\20240515_070000.WAV
555.0,558.0,Phylloscopus humei,Hume's Warbler,0.9985,C:/Users/shang/OneDrive - Georgia Institute of Technology/HAAG Research Bird Audio/Audio Files Analysis/Low/PSL7\20240515_070000.WAV
573.0,576.0,Phylloscopus humei,Hume's Warbler,0.8683,C:/Users/shang/OneDrive - Georgia Institute of Technology/HAAG Research Bird Audio/Audio Files Analysis/Low/PSL7\20240515_070000.WAV
576.0,579.0,Phylloscopus humei,Hume's Warbler,0.6548,C:/Users/shang/OneDrive - Georgia Institute of Technology/HAAG Research Bird Audio/Audio Files Analysis/Low/PSL7\20240515_070000.WAV
591.0,594.0,Phylloscopus humei,Hume's Warbler,0.9603,C:/Users/shang/OneDrive - Georgia Institute of Technology/HAAG Research Bird Audio/Audio Files Analysis/Low/PSL7\20240515_070000.WAV
597.0,600.0,Phylloscopus trochiloides,Greenish Warbler,0.6128,C:/Users/shang/OneDrive - Georgia Institute of Technology/HAAG Research Bird Audio/Audio Files Analysis/Low/PSL7\20240515_070000.WAV
612.0,615.0,Phylloscopus humei,Hume's Warbler,0.8987,C:/Users/shang/OneDrive - Georgia Institute of Technology/HAAG Research Bird Audio/Audio Files Analysis/Low/PSL7\20240515_070000.WAV
822.0,825.0,Phylloscopus humei,Hume's Warbler,0.9675,C:/Users/shang/OneDrive - Georgia Institute of Technology/HAAG Research Bird Audio/Audio Files Analysis/Low/PSL7\20240515_070000.WAV
48.0,51.0,Phylloscopus humei,Hume's Warbler,0.7520,C:/Users/shang/OneDrive - Georgia Institute of Technology/HAAG Research Bird Audio/Audio Files Analysis/Low/PSL7\20240515_080000.WAV
93.0,96.0,Phylloscopus humei,Hume's Warbler,0.5322,C:/Users/shang/OneDrive - Georgia Institute of Technology/HAAG Research Bird Audio/Audio Files Analysis/Low/PSL7\20240515_080000.WAV
96.0,99.0,Phylloscopus humei,Hume's Warbler,0.9944,C:/Users/shang/OneDrive - Georgia Institute of Technology/HAAG Research Bird Audio/Audio Files Analysis/Low/PSL7\20240515_080000.WAV
129.0,132.0,Phylloscopus humei,Hume's Warbler,0.8803,C:/Users/shang/OneDrive - Georgia Institute of Technology/HAAG Research Bird Audio/Audio Files Analysis/Low/PSL7\20240515_080000.WAV
141.0,144.0,Phylloscopus humei,Hume's Warbler,0.7872,C:/Users/shang/OneDrive - Georgia Institute of Technology/HAAG Research Bird Audio/Audio Files Analysis/Low/PSL7\20240515_080000.WAV
144.0,147.0,Phylloscopus humei,Hume's Warbler,0.9916,C:/Users/shang/OneDrive - Georgia Institute of Technology/HAAG Research Bird Audio/Audio Files Analysis/Low/PSL7\20240515_080000.WAV
591.0,594.0,Phylloscopus humei,Hume's Warbler,0.8764,C:/Users/shang/OneDrive - Georgia Institute of Technology/HAAG Research Bird Audio/Audio Files Analysis/Low/PSL7\20240515_080000.WAV
654.0,657.0,Phylloscopus humei,Hume's Warbler,0.8722,C:/Users/shang/OneDrive - Georgia Institute of Technology/HAAG Research Bird Audio/Audio Files Analysis/Low/PSL7\20240515_080000.WAV
795.0,798.0,Prinia socialis,Ashy Prinia,0.5087,C:/Users/shang/OneDrive - Georgia Institute of Technology/HAAG Research Bird Audio/Audio Files Analysis/Low/PSL7\20240515_080000.WAV
819.0,822.0,Phylloscopus humei,Hume's Warbler,0.9722,C:/Users/shang/OneDrive - Georgia Institute of Technology/HAAG Research Bird Audio/Audio Files Analysis/Low/PSL7\20240515_080000.WAV
822.0,825.0,Phylloscopus humei,Hume's Warbler,0.9368,C:/Users/shang/OneDrive - Georgia Institute of Technology/HAAG Research Bird Audio/Audio Files Analysis/Low/PSL7\20240515_080000.WAV
825.0,828.0,Phylloscopus humei,Hume's Warbler,1.0000,C:/Users/shang/OneDrive - Georgia Institute of Technology/HAAG Research Bird Audio/Audio Files Analysis/Low/PSL7\20240515_080000.WAV
840.0,843.0,Phylloscopus humei,Hume's Warbler,0.9529,C:/Users/shang/OneDrive - Georgia Institute of Technology/HAAG Research Bird Audio/Audio Files Analysis/Low/PSL7\20240515_080000.WAV
861.0,864.0,Phylloscopus humei,Hume's Warbler,0.9342,C:/Users/shang/OneDrive - Georgia Institute of Technology/HAAG Research Bird Audio/Audio Files Analysis/Low/PSL7\20240515_080000.WAV
9.0,12.0,Protonotaria citrea,Prothonotary Warbler,0.7819,C:/Users/shang/OneDrive - Georgia Institute of Technology/HAAG Research Bird Audio/Audio Files Analysis/Low/PSL7\20240515_090000.WAV
9.0,12.0,Phylloscopus occipitalis,Western Crowned Warbler,0.5235,C:/Users/shang/OneDrive - Georgia Institute of Technology/HAAG Research Bird Audio/Audio Files Analysis/Low/PSL7\20240515_090000.WAV
21.0,24.0,Protonotaria citrea,Prothonotary Warbler,0.8607,C:/Users/shang/OneDrive - Georgia Institute of Technology/HAAG Research Bird Audio/Audio Files Analysis/Low/PSL7\20240515_090000.WAV
39.0,42.0,Protonotaria citrea,Prothonotary Warbler,0.8847,C:/Users/shang/OneDrive - Georgia Institute of Technology/HAAG Research Bird Audio/Audio Files Analysis/Low/PSL7\20240515_090000.WAV
45.0,48.0,Phylloscopus occipitalis,Western Crowned Warbler,0.8302,C:/Users/shang/OneDrive - Georgia Institute of Technology/HAAG Research Bird Audio/Audio Files Analysis/Low/PSL7\20240515_090000.WAV
51.0,54.0,Phylloscopus occipitalis,Western Crowned Warbler,0.6847,C:/Users/shang/OneDrive - Georgia Institute of Technology/HAAG Research Bird Audio/Audio Files Analysis/Low/PSL7\20240515_090000.WAV
69.0,72.0,Protonotaria citrea,Prothonotary Warbler,0.8631,C:/Users/shang/OneDrive - Georgia Institute of Technology/HAAG Research Bird Audio/Audio Files Analysis/Low/PSL7\20240515_090000.WAV
87.0,90.0,Protonotaria citrea,Prothonotary Warbler,0.9034,C:/Users/shang/OneDrive - Georgia Institute of Technology/HAAG Research Bird Audio/Audio Files Analysis/Low/PSL7\20240515_090000.WAV
93.0,96.0,Protonotaria citrea,Prothonotary Warbler,0.8463,C:/Users/shang/OneDrive - Georgia Institute of Technology/HAAG Research Bird Audio/Audio Files Analysis/Low/PSL7\20240515_090000.WAV
102.0,105.0,Protonotaria citrea,Prothonotary Warbler,0.9452,C:/Users/shang/OneDrive - Georgia Institute of Technology/HAAG Research Bird Audio/Audio Files Analysis/Low/PSL7\20240515_090000.WAV
108.0,111.0,Protonotaria citrea,Prothonotary Warbler,0.8829,C:/Users/shang/OneDrive - Georgia Institute of Technology/HAAG Research Bird Audio/Audio Files Analysis/Low/PSL7\20240515_090000.WAV
144.0,147.0,Protonotaria citrea,Prothonotary Warbler,0.9145,C:/Users/shang/OneDrive - Georgia Institute of Technology/HAAG Research Bird Audio/Audio Files Analysis/Low/PSL7\20240515_090000.WAV
171.0,174.0,Phylloscopus occipitalis,Western Crowned Warbler,0.5176,C:/Users/shang/OneDrive - Georgia Institute of Technology/HAAG Research Bird Audio/Audio Files Analysis/Low/PSL7\20240515_090000.WAV
180.0,183.0,Ficedula parva,Red-breasted Flycatcher,0.9471,C:/Users/shang/OneDrive - Georgia Institute of Technology/HAAG Research Bird Audio/Audio Files Analysis/Low/PSL7\20240515_090000.WAV
183.0,186.0,Protonotaria citrea,Prothonotary Warbler,0.7597,C:/Users/shang/OneDrive - Georgia Institute of Technology/HAAG Research Bird Audio/Audio Files Analysis/Low/PSL7\20240515_090000.WAV
225.0,228.0,Phylloscopus humei,Hume's Warbler,0.9353,C:/Users/shang/OneDrive - Georgia Institute of Technology/HAAG Research Bird Audio/Audio Files Analysis/Low/PSL7\20240515_090000.WAV
228.0,231.0,Phylloscopus occipitalis,Western Crowned Warbler,0.6189,C:/Users/shang/OneDrive - Georgia Institute of Technology/HAAG Research Bird Audio/Audio Files Analysis/Low/PSL7\20240515_090000.WAV
228.0,231.0,Protonotaria citrea,Prothonotary Warbler,0.5406,C:/Users/shang/OneDrive - Georgia Institute of Technology/HAAG Research Bird Audio/Audio Files Analysis/Low/PSL7\20240515_090000.WAV
237.0,240.0,Protonotaria citrea,Prothonotary Warbler,0.5396,C:/Users/shang/OneDrive - Georgia Institute of Technology/HAAG Research Bird Audio/Audio Files Analysis/Low/PSL7\20240515_090000.WAV
249.0,252.0,Ficedula parva,Red-breasted Flycatcher,0.7072,C:/Users/shang/OneDrive - Georgia Institute of Technology/HAAG Research Bird Audio/Audio Files Analysis/Low/PSL7\20240515_090000.WAV
255.0,258.0,Protonotaria citrea,Prothonotary Warbler,0.9496,C:/Users/shang/OneDrive - Georgia Institute of Technology/HAAG Research Bird Audio/Audio Files Analysis/Low/PSL7\20240515_090000.WAV
264.0,267.0,Phylloscopus humei,Hume's Warbler,0.8607,C:/Users/shang/OneDrive - Georgia Institute of Technology/HAAG Research Bird Audio/Audio Files Analysis/Low/PSL7\20240515_090000.WAV
276.0,279.0,Protonotaria citrea,Prothonotary Warbler,0.8297,C:/Users/shang/OneDrive - Georgia Institute of Technology/HAAG Research Bird Audio/Audio Files Analysis/Low/PSL7\20240515_090000.WAV
282.0,285.0,Phylloscopus occipitalis,Western Crowned Warbler,0.6540,C:/Users/shang/OneDrive - Georgia Institute of Technology/HAAG Research Bird Audio/Audio Files Analysis/Low/PSL7\20240515_090000.WAV
282.0,285.0,Protonotaria citrea,Prothonotary Warbler,0.5771,C:/Users/shang/OneDrive - Georgia Institute of Technology/HAAG Research Bird Audio/Audio Files Analysis/Low/PSL7\20240515_090000.WAV
291.0,294.0,Phylloscopus occipitalis,Western Crowned Warbler,0.7652,C:/Users/shang/OneDrive - Georgia Institute of Technology/HAAG Research Bird Audio/Audio Files Analysis/Low/PSL7\20240515_090000.WAV
291.0,294.0,Protonotaria citrea,Prothonotary Warbler,0.5640,C:/Users/shang/OneDrive - Georgia Institute of Technology/HAAG Research Bird Audio/Audio Files Analysis/Low/PSL7\20240515_090000.WAV
297.0,300.0,Phylloscopus occipitalis,Western Crowned Warbler,0.8668,C:/Users/shang/OneDrive - Georgia Institute of Technology/HAAG Research Bird Audio/Audio Files Analysis/Low/PSL7\20240515_090000.WAV
309.0,312.0,Phylloscopus humei,Hume's Warbler,0.7669,C:/Users/shang/OneDrive - Georgia Institute of Technology/HAAG Research Bird Audio/Audio Files Analysis/Low/PSL7\20240515_090000.WAV
315.0,318.0,Protonotaria citrea,Prothonotary Warbler,0.7943,C:/Users/shang/OneDrive - Georgia Institute of Technology/HAAG Research Bird Audio/Audio Files Analysis/Low/PSL7\20240515_090000.WAV
315.0,318.0,Phylloscopus occipitalis,Western Crowned Warbler,0.7473,C:/Users/shang/OneDrive - Georgia Institute of Technology/HAAG Research Bird Audio/Audio Files Analysis/Low/PSL7\20240515_090000.WAV
324.0,327.0,Phylloscopus occipitalis,Western Crowned Warbler,0.5376,C:/Users/shang/OneDrive - Georgia Institute of Technology/HAAG Research Bird Audio/Audio Files Analysis/Low/PSL7\20240515_090000.WAV
330.0,333.0,Phylloscopus occipitalis,Western Crowned Warbler,0.8177,C:/Users/shang/OneDrive - Georgia Institute of Technology/HAAG Research Bird Audio/Audio Files Analysis/Low/PSL7\20240515_090000.WAV
330.0,333.0,Protonotaria citrea,Prothonotary Warbler,0.6021,C:/Users/shang/OneDrive - Georgia Institute of Technology/HAAG Research Bird Audio/Audio Files Analysis/Low/PSL7\20240515_090000.WAV
339.0,342.0,Phylloscopus occipitalis,Western Crowned Warbler,0.6609,C:/Users/shang/OneDrive - Georgia Institute of Technology/HAAG Research Bird Audio/Audio Files Analysis/Low/PSL7\20240515_090000.WAV
345.0,348.0,Protonotaria citrea,Prothonotary Warbler,0.9306,C:/Users/shang/OneDrive - Georgia Institute of Technology/HAAG Research Bird Audio/Audio Files Analysis/Low/PSL7\20240515_090000.WAV
345.0,348.0,Phylloscopus occipitalis,Western Crowned Warbler,0.9153,C:/Users/shang/OneDrive - Georgia Institute of Technology/HAAG Research Bird Audio/Audio Files Analysis/Low/PSL7\20240515_090000.WAV
354.0,357.0,Protonotaria citrea,Prothonotary Warbler,0.9556,C:/Users/shang/OneDrive - Georgia Institute of Technology/HAAG Research Bird Audio/Audio Files Analysis/Low/PSL7\20240515_090000.WAV
366.0,369.0,Protonotaria citrea,Prothonotary Warbler,0.9530,C:/Users/shang/OneDrive - Georgia Institute of Technology/HAAG Research Bird Audio/Audio Files Analysis/Low/PSL7\20240515_090000.WAV
375.0,378.0,Phylloscopus occipitalis,Western Crowned Warbler,0.7843,C:/Users/shang/OneDrive - Georgia Institute of Technology/HAAG Research Bird Audio/Audio Files Analysis/Low/PSL7\20240515_090000.WAV
375.0,378.0,Protonotaria citrea,Prothonotary Warbler,0.7727,C:/Users/shang/OneDrive - Georgia Institute of Technology/HAAG Research Bird Audio/Audio Files Analysis/Low/PSL7\20240515_090000.WAV
381.0,384.0,Protonotaria citrea,Prothonotary Warbler,0.8781,C:/Users/shang/OneDrive - Georgia Institute of Technology/HAAG Research Bird Audio/Audio Files Analysis/Low/PSL7\20240515_090000.WAV
393.0,396.0,Phylloscopus occipitalis,Western Crowned Warbler,0.6621,C:/Users/shang/OneDrive - Georgia Institute of Technology/HAAG Research Bird Audio/Audio Files Analysis/Low/PSL7\20240515_090000.WAV
402.0,405.0,Protonotaria citrea,Prothonotary Warbler,0.6010,C:/Users/shang/OneDrive - Georgia Institute of Technology/HAAG Research Bird Audio/Audio Files Analysis/Low/PSL7\20240515_090000.WAV
402.0,405.0,Phylloscopus occipitalis,Western Crowned Warbler,0.5887,C:/Users/shang/OneDrive - Georgia Institute of Technology/HAAG Research Bird Audio/Audio Files Analysis/Low/PSL7\20240515_090000.WAV
414.0,417.0,Phylloscopus occipitalis,Western Crowned Warbler,0.7774,C:/Users/shang/OneDrive - Georgia Institute of Technology/HAAG Research Bird Audio/Audio Files Analysis/Low/PSL7\20240515_090000.WAV
423.0,426.0,Phylloscopus occipitalis,Western Crowned Warbler,0.9621,C:/Users/shang/OneDrive - Georgia Institute of Technology/HAAG Research Bird Audio/Audio Files Analysis/Low/PSL7\20240515_090000.WAV
435.0,438.0,Phylloscopus occipitalis,Western Crowned Warbler,0.7215,C:/Users/shang/OneDrive - Georgia Institute of Technology/HAAG Research Bird Audio/Audio Files Analysis/Low/PSL7\20240515_090000.WAV
447.0,450.0,Phylloscopus occipitalis,Western Crowned Warbler,0.9493,C:/Users/shang/OneDrive - Georgia Institute of Technology/HAAG Research Bird Audio/Audio Files Analysis/Low/PSL7\20240515_090000.WAV
459.0,462.0,Phylloscopus occipitalis,Western Crowned Warbler,0.7773,C:/Users/shang/OneDrive - Georgia Institute of Technology/HAAG Research Bird Audio/Audio Files Analysis/Low/PSL7\20240515_090000.WAV
465.0,468.0,Phylloscopus occipitalis,Western Crowned Warbler,0.7179,C:/Users/shang/OneDrive - Georgia Institute of Technology/HAAG Research Bird Audio/Audio Files Analysis/Low/PSL7\20240515_090000.WAV
465.0,468.0,Protonotaria citrea,Prothonotary Warbler,0.5136,C:/Users/shang/OneDrive - Georgia Institute of Technology/HAAG Research Bird Audio/Audio Files Analysis/Low/PSL7\20240515_090000.WAV
468.0,471.0,Protonotaria citrea,Prothonotary Warbler,0.9359,C:/Users/shang/OneDrive - Georgia Institute of Technology/HAAG Research Bird Audio/Audio Files Analysis/Low/PSL7\20240515_090000.WAV
477.0,480.0,Protonotaria citrea,Prothonotary Warbler,0.9304,C:/Users/shang/OneDrive - Georgia Institute of Technology/HAAG Research Bird Audio/Audio Files Analysis/Low/PSL7\20240515_090000.WAV
483.0,486.0,Phylloscopus occipitalis,Western Crowned Warbler,0.5286,C:/Users/shang/OneDrive - Georgia Institute of Technology/HAAG Research Bird Audio/Audio Files Analysis/Low/PSL7\20240515_090000.WAV
486.0,489.0,Protonotaria citrea,Prothonotary Warbler,0.9429,C:/Users/shang/OneDrive - Georgia Institute of Technology/HAAG Research Bird Audio/Audio Files Analysis/Low/PSL7\20240515_090000.WAV
492.0,495.0,Phylloscopus occipitalis,Western Crowned Warbler,0.7921,C:/Users/shang/OneDrive - Georgia Institute of Technology/HAAG Research Bird Audio/Audio Files Analysis/Low/PSL7\20240515_090000.WAV
492.0,495.0,Protonotaria citrea,Prothonotary Warbler,0.6869,C:/Users/shang/OneDrive - Georgia Institute of Technology/HAAG Research Bird Audio/Audio Files Analysis/Low/PSL7\20240515_090000.WAV
504.0,507.0,Protonotaria citrea,Prothonotary Warbler,0.7400,C:/Users/shang/OneDrive - Georgia Institute of Technology/HAAG Research Bird Audio/Audio Files Analysis/Low/PSL7\20240515_090000.WAV
504.0,507.0,Phylloscopus occipitalis,Western Crowned Warbler,0.5499,C:/Users/shang/OneDrive - Georgia Institute of Technology/HAAG Research Bird Audio/Audio Files Analysis/Low/PSL7\20240515_090000.WAV
552.0,555.0,Protonotaria citrea,Prothonotary Warbler,0.8913,C:/Users/shang/OneDrive - Georgia Institute of Technology/HAAG Research Bird Audio/Audio Files Analysis/Low/PSL7\20240515_090000.WAV
702.0,705.0,Turdus iliacus,Redwing,0.6795,C:/Users/shang/OneDrive - Georgia Institute of Technology/HAAG Research Bird Audio/Audio Files Analysis/Low/PSL7\20240515_090000.WAV
810.0,813.0,Ficedula parva,Red-breasted Flycatcher,0.7292,C:/Users/shang/OneDrive - Georgia Institute of Technology/HAAG Research Bird Audio/Audio Files Analysis/Low/PSL7\20240515_090000.WAV
837.0,840.0,Prunella strophiata,Rufous-breasted Accentor,0.6121,C:/Users/shang/OneDrive - Georgia Institute of Technology/HAAG Research Bird Audio/Audio Files Analysis/Low/PSL7\20240515_090000.WAV
849.0,852.0,Prunella strophiata,Rufous-breasted Accentor,0.9247,C:/Users/shang/OneDrive - Georgia Institute of Technology/HAAG Research Bird Audio/Audio Files Analysis/Low/PSL7\20240515_090000.WAV
852.0,855.0,Prunella strophiata,Rufous-breasted Accentor,0.6296,C:/Users/shang/OneDrive - Georgia Institute of Technology/HAAG Research Bird Audio/Audio Files Analysis/Low/PSL7\20240515_090000.WAV
855.0,858.0,Prunella strophiata,Rufous-breasted Accentor,0.9719,C:/Users/shang/OneDrive - Georgia Institute of Technology/HAAG Research Bird Audio/Audio Files Analysis/Low/PSL7\20240515_090000.WAV
0,3.0,Phylloscopus nitidus,Green Warbler,0.5109,C:/Users/shang/OneDrive - Georgia Institute of Technology/HAAG Research Bird Audio/Audio Files Analysis/Low/PSL7\20240516_060000.WAV
24.0,27.0,Phylloscopus occipitalis,Western Crowned Warbler,0.6785,C:/Users/shang/OneDrive - Georgia Institute of Technology/HAAG Research Bird Audio/Audio Files Analysis/Low/PSL7\20240516_060000.WAV
27.0,30.0,Phylloscopus occipitalis,Western Crowned Warbler,0.5407,C:/Users/shang/OneDrive - Georgia Institute of Technology/HAAG Research Bird Audio/Audio Files Analysis/Low/PSL7\20240516_060000.WAV
33.0,36.0,Protonotaria citrea,Prothonotary Warbler,0.5889,C:/Users/shang/OneDrive - Georgia Institute of Technology/HAAG Research Bird Audio/Audio Files Analysis/Low/PSL7\20240516_060000.WAV
33.0,36.0,Phylloscopus occipitalis,Western Crowned Warbler,0.5026,C:/Users/shang/OneDrive - Georgia Institute of Technology/HAAG Research Bird Audio/Audio Files Analysis/Low/PSL7\20240516_060000.WAV
45.0,48.0,Phylloscopus occipitalis,Western Crowned Warbler,0.5292,C:/Users/shang/OneDrive - Georgia Institute of Technology/HAAG Research Bird Audio/Audio Files Analysis/Low/PSL7\20240516_060000.WAV
84.0,87.0,Protonotaria citrea,Prothonotary Warbler,0.7860,C:/Users/shang/OneDrive - Georgia Institute of Technology/HAAG Research Bird Audio/Audio Files Analysis/Low/PSL7\20240516_060000.WAV
132.0,135.0,Phylloscopus occipitalis,Western Crowned Warbler,0.5116,C:/Users/shang/OneDrive - Georgia Institute of Technology/HAAG Research Bird Audio/Audio Files Analysis/Low/PSL7\20240516_060000.WAV
144.0,147.0,Phylloscopus humei,Hume's Warbler,0.9489,C:/Users/shang/OneDrive - Georgia Institute of Technology/HAAG Research Bird Audio/Audio Files Analysis/Low/PSL7\20240516_060000.WAV
150.0,153.0,Phylloscopus humei,Hume's Warbler,0.9912,C:/Users/shang/OneDrive - Georgia Institute of Technology/HAAG Research Bird Audio/Audio Files Analysis/Low/PSL7\20240516_060000.WAV
183.0,186.0,Phylloscopus humei,Hume's Warbler,0.7143,C:/Users/shang/OneDrive - Georgia Institute of Technology/HAAG Research Bird Audio/Audio Files Analysis/Low/PSL7\20240516_060000.WAV
219.0,222.0,Phylloscopus humei,Hume's Warbler,0.7590,C:/Users/shang/OneDrive - Georgia Institute of Technology/HAAG Research Bird Audio/Audio Files Analysis/Low/PSL7\20240516_060000.WAV
225.0,228.0,Phylloscopus humei,Hume's Warbler,0.8038,C:/Users/shang/OneDrive - Georgia Institute of Technology/HAAG Research Bird Audio/Audio Files Analysis/Low/PSL7\20240516_060000.WAV
231.0,234.0,Protonotaria citrea,Prothonotary Warbler,0.7148,C:/Users/shang/OneDrive - Georgia Institute of Technology/HAAG Research Bird Audio/Audio Files Analysis/Low/PSL7\20240516_060000.WAV
237.0,240.0,Protonotaria citrea,Prothonotary Warbler,0.5476,C:/Users/shang/OneDrive - Georgia Institute of Technology/HAAG Research Bird Audio/Audio Files Analysis/Low/PSL7\20240516_060000.WAV
249.0,252.0,Ficedula tricolor,Slaty-blue Flycatcher,0.5896,C:/Users/shang/OneDrive - Georgia Institute of Technology/HAAG Research Bird Audio/Audio Files Analysis/Low/PSL7\20240516_060000.WAV
276.0,279.0,Phylloscopus occipitalis,Western Crowned Warbler,0.6565,C:/Users/shang/OneDrive - Georgia Institute of Technology/HAAG Research Bird Audio/Audio Files Analysis/Low/PSL7\20240516_060000.WAV
279.0,282.0,Phylloscopus humei,Hume's Warbler,0.7311,C:/Users/shang/OneDrive - Georgia Institute of Technology/HAAG Research Bird Audio/Audio Files Analysis/Low/PSL7\20240516_060000.WAV
354.0,357.0,Phylloscopus humei,Hume's Warbler,0.7908,C:/Users/shang/OneDrive - Georgia Institute of Technology/HAAG Research Bird Audio/Audio Files Analysis/Low/PSL7\20240516_060000.WAV
357.0,360.0,Phylloscopus humei,Hume's Warbler,0.8393,C:/Users/shang/OneDrive - Georgia Institute of Technology/HAAG Research Bird Audio/Audio Files Analysis/Low/PSL7\20240516_060000.WAV
378.0,381.0,Phylloscopus humei,Hume's Warbler,0.6722,C:/Users/shang/OneDrive - Georgia Institute of Technology/HAAG Research Bird Audio/Audio Files Analysis/Low/PSL7\20240516_060000.WAV
390.0,393.0,Phylloscopus humei,Hume's Warbler,0.5799,C:/Users/shang/OneDrive - Georgia Institute of Technology/HAAG Research Bird Audio/Audio Files Analysis/Low/PSL7\20240516_060000.WAV
393.0,396.0,Phylloscopus humei,Hume's Warbler,0.6682,C:/Users/shang/OneDrive - Georgia Institute of Technology/HAAG Research Bird Audio/Audio Files Analysis/Low/PSL7\20240516_060000.WAV
399.0,402.0,Phylloscopus humei,Hume's Warbler,0.9171,C:/Users/shang/OneDrive - Georgia Institute of Technology/HAAG Research Bird Audio/Audio Files Analysis/Low/PSL7\20240516_060000.WAV
408.0,411.0,Phylloscopus humei,Hume's Warbler,0.6347,C:/Users/shang/OneDrive - Georgia Institute of Technology/HAAG Research Bird Audio/Audio Files Analysis/Low/PSL7\20240516_060000.WAV
420.0,423.0,Phylloscopus humei,Hume's Warbler,0.9420,C:/Users/shang/OneDrive - Georgia Institute of Technology/HAAG Research Bird Audio/Audio Files Analysis/Low/PSL7\20240516_060000.WAV
423.0,426.0,Phylloscopus humei,Hume's Warbler,0.8380,C:/Users/shang/OneDrive - Georgia Institute of Technology/HAAG Research Bird Audio/Audio Files Analysis/Low/PSL7\20240516_060000.WAV
429.0,432.0,Phylloscopus humei,Hume's Warbler,0.9396,C:/Users/shang/OneDrive - Georgia Institute of Technology/HAAG Research Bird Audio/Audio Files Analysis/Low/PSL7\20240516_060000.WAV
435.0,438.0,Protonotaria citrea,Prothonotary Warbler,0.5839,C:/Users/shang/OneDrive - Georgia Institute of Technology/HAAG Research Bird Audio/Audio Files Analysis/Low/PSL7\20240516_060000.WAV
450.0,453.0,Protonotaria citrea,Prothonotary Warbler,0.8548,C:/Users/shang/OneDrive - Georgia Institute of Technology/HAAG Research Bird Audio/Audio Files Analysis/Low/PSL7\20240516_060000.WAV
459.0,462.0,Protonotaria citrea,Prothonotary Warbler,0.8503,C:/Users/shang/OneDrive - Georgia Institute of Technology/HAAG Research Bird Audio/Audio Files Analysis/Low/PSL7\20240516_060000.WAV
471.0,474.0,Phylloscopus occipitalis,Western Crowned Warbler,0.5206,C:/Users/shang/OneDrive - Georgia Institute of Technology/HAAG Research Bird Audio/Audio Files Analysis/Low/PSL7\20240516_060000.WAV
474.0,477.0,Phylloscopus humei,Hume's Warbler,0.5799,C:/Users/shang/OneDrive - Georgia Institute of Technology/HAAG Research Bird Audio/Audio Files Analysis/Low/PSL7\20240516_060000.WAV
486.0,489.0,Protonotaria citrea,Prothonotary Warbler,0.5237,C:/Users/shang/OneDrive - Georgia Institute of Technology/HAAG Research Bird Audio/Audio Files Analysis/Low/PSL7\20240516_060000.WAV
489.0,492.0,Phylloscopus occipitalis,Western Crowned Warbler,0.6523,C:/Users/shang/OneDrive - Georgia Institute of Technology/HAAG Research Bird Audio/Audio Files Analysis/Low/PSL7\20240516_060000.WAV
492.0,495.0,Phylloscopus occipitalis,Western Crowned Warbler,0.6988,C:/Users/shang/OneDrive - Georgia Institute of Technology/HAAG Research Bird Audio/Audio Files Analysis/Low/PSL7\20240516_060000.WAV
492.0,495.0,Protonotaria citrea,Prothonotary Warbler,0.6346,C:/Users/shang/OneDrive - Georgia Institute of Technology/HAAG Research Bird Audio/Audio Files Analysis/Low/PSL7\20240516_060000.WAV
513.0,516.0,Protonotaria citrea,Prothonotary Warbler,0.6620,C:/Users/shang/OneDrive - Georgia Institute of Technology/HAAG Research Bird Audio/Audio Files Analysis/Low/PSL7\20240516_060000.WAV
531.0,534.0,Phylloscopus occipitalis,Western Crowned Warbler,0.8958,C:/Users/shang/OneDrive - Georgia Institute of Technology/HAAG Research Bird Audio/Audio Files Analysis/Low/PSL7\20240516_060000.WAV
531.0,534.0,Protonotaria citrea,Prothonotary Warbler,0.5093,C:/Users/shang/OneDrive - Georgia Institute of Technology/HAAG Research Bird Audio/Audio Files Analysis/Low/PSL7\20240516_060000.WAV
537.0,540.0,Phylloscopus occipitalis,Western Crowned Warbler,0.9379,C:/Users/shang/OneDrive - Georgia Institute of Technology/HAAG Research Bird Audio/Audio Files Analysis/Low/PSL7\20240516_060000.WAV
549.0,552.0,Prunella strophiata,Rufous-breasted Accentor,0.6259,C:/Users/shang/OneDrive - Georgia Institute of Technology/HAAG Research Bird Audio/Audio Files Analysis/Low/PSL7\20240516_060000.WAV
612.0,615.0,Protonotaria citrea,Prothonotary Warbler,0.8202,C:/Users/shang/OneDrive - Georgia Institute of Technology/HAAG Research Bird Audio/Audio Files Analysis/Low/PSL7\20240516_060000.WAV
618.0,621.0,Tringa erythropus,Spotted Redshank,0.6756,C:/Users/shang/OneDrive - Georgia Institute of Technology/HAAG Research Bird Audio/Audio Files Analysis/Low/PSL7\20240516_060000.WAV
624.0,627.0,Protonotaria citrea,Prothonotary Warbler,0.9279,C:/Users/shang/OneDrive - Georgia Institute of Technology/HAAG Research Bird Audio/Audio Files Analysis/Low/PSL7\20240516_060000.WAV
639.0,642.0,Phylloscopus occipitalis,Western Crowned Warbler,0.7121,C:/Users/shang/OneDrive - Georgia Institute of Technology/HAAG Research Bird Audio/Audio Files Analysis/Low/PSL7\20240516_060000.WAV
645.0,648.0,Phylloscopus occipitalis,Western Crowned Warbler,0.8601,C:/Users/shang/OneDrive - Georgia Institute of Technology/HAAG Research Bird Audio/Audio Files Analysis/Low/PSL7\20240516_060000.WAV
660.0,663.0,Phylloscopus occipitalis,Western Crowned Warbler,0.6749,C:/Users/shang/OneDrive - Georgia Institute of Technology/HAAG Research Bird Audio/Audio Files Analysis/Low/PSL7\20240516_060000.WAV
687.0,690.0,Prunella strophiata,Rufous-breasted Accentor,0.9685,C:/Users/shang/OneDrive - Georgia Institute of Technology/HAAG Research Bird Audio/Audio Files Analysis/Low/PSL7\20240516_060000.WAV
690.0,693.0,Prunella strophiata,Rufous-breasted Accentor,0.6620,C:/Users/shang/OneDrive - Georgia Institute of Technology/HAAG Research Bird Audio/Audio Files Analysis/Low/PSL7\20240516_060000.WAV
696.0,699.0,Prunella strophiata,Rufous-breasted Accentor,0.6872,C:/Users/shang/OneDrive - Georgia Institute of Technology/HAAG Research Bird Audio/Audio Files Analysis/Low/PSL7\20240516_060000.WAV
699.0,702.0,Phylloscopus occipitalis,Western Crowned Warbler,0.5054,C:/Users/shang/OneDrive - Georgia Institute of Technology/HAAG Research Bird Audio/Audio Files Analysis/Low/PSL7\20240516_060000.WAV
711.0,714.0,Phylloscopus humei,Hume's Warbler,0.8044,C:/Users/shang/OneDrive - Georgia Institute of Technology/HAAG Research Bird Audio/Audio Files Analysis/Low/PSL7\20240516_060000.WAV
714.0,717.0,Phylloscopus humei,Hume's Warbler,0.9522,C:/Users/shang/OneDrive - Georgia Institute of Technology/HAAG Research Bird Audio/Audio Files Analysis/Low/PSL7\20240516_060000.WAV
732.0,735.0,Ficedula tricolor,Slaty-blue Flycatcher,0.5979,C:/Users/shang/OneDrive - Georgia Institute of Technology/HAAG Research Bird Audio/Audio Files Analysis/Low/PSL7\20240516_060000.WAV
735.0,738.0,Ficedula tricolor,Slaty-blue Flycatcher,0.8142,C:/Users/shang/OneDrive - Georgia Institute of Technology/HAAG Research Bird Audio/Audio Files Analysis/Low/PSL7\20240516_060000.WAV
741.0,744.0,Phylloscopus occipitalis,Western Crowned Warbler,0.7825,C:/Users/shang/OneDrive - Georgia Institute of Technology/HAAG Research Bird Audio/Audio Files Analysis/Low/PSL7\20240516_060000.WAV
756.0,759.0,Phylloscopus humei,Hume's Warbler,0.9583,C:/Users/shang/OneDrive - Georgia Institute of Technology/HAAG Research Bird Audio/Audio Files Analysis/Low/PSL7\20240516_060000.WAV
762.0,765.0,Phylloscopus occipitalis,Western Crowned Warbler,0.5053,C:/Users/shang/OneDrive - Georgia Institute of Technology/HAAG Research Bird Audio/Audio Files Analysis/Low/PSL7\20240516_060000.WAV
771.0,774.0,Phylloscopus occipitalis,Western Crowned Warbler,0.7765,C:/Users/shang/OneDrive - Georgia Institute of Technology/HAAG Research Bird Audio/Audio Files Analysis/Low/PSL7\20240516_060000.WAV
783.0,786.0,Protonotaria citrea,Prothonotary Warbler,0.8635,C:/Users/shang/OneDrive - Georgia Institute of Technology/HAAG Research Bird Audio/Audio Files Analysis/Low/PSL7\20240516_060000.WAV
807.0,810.0,Phylloscopus humei,Hume's Warbler,0.8896,C:/Users/shang/OneDrive - Georgia Institute of Technology/HAAG Research Bird Audio/Audio Files Analysis/Low/PSL7\20240516_060000.WAV
849.0,852.0,Protonotaria citrea,Prothonotary Warbler,0.7692,C:/Users/shang/OneDrive - Georgia Institute of Technology/HAAG Research Bird Audio/Audio Files Analysis/Low/PSL7\20240516_060000.WAV
879.0,882.0,Phylloscopus occipitalis,Western Crowned Warbler,0.7599,C:/Users/shang/OneDrive - Georgia Institute of Technology/HAAG Research Bird Audio/Audio Files Analysis/Low/PSL7\20240516_060000.WAV
0,3.0,Phylloscopus occipitalis,Western Crowned Warbler,0.5153,C:/Users/shang/OneDrive - Georgia Institute of Technology/HAAG Research Bird Audio/Audio Files Analysis/Low/PSL7\20240516_070000.WAV
57.0,60.0,Brachyramphus marmoratus,Marbled Murrelet,0.6673,C:/Users/shang/OneDrive - Georgia Institute of Technology/HAAG Research Bird Audio/Audio Files Analysis/Low/PSL7\20240516_070000.WAV
132.0,135.0,Phylloscopus humei,Hume's Warbler,0.7880,C:/Users/shang/OneDrive - Georgia Institute of Technology/HAAG Research Bird Audio/Audio Files Analysis/Low/PSL7\20240516_070000.WAV
156.0,159.0,Prunella strophiata,Rufous-breasted Accentor,0.5620,C:/Users/shang/OneDrive - Georgia Institute of Technology/HAAG Research Bird Audio/Audio Files Analysis/Low/PSL7\20240516_070000.WAV
165.0,168.0,Phylloscopus humei,Hume's Warbler,0.8840,C:/Users/shang/OneDrive - Georgia Institute of Technology/HAAG Research Bird Audio/Audio Files Analysis/Low/PSL7\20240516_070000.WAV
168.0,171.0,Prunella strophiata,Rufous-breasted Accentor,0.5274,C:/Users/shang/OneDrive - Georgia Institute of Technology/HAAG Research Bird Audio/Audio Files Analysis/Low/PSL7\20240516_070000.WAV
174.0,177.0,Prunella strophiata,Rufous-breasted Accentor,0.6924,C:/Users/shang/OneDrive - Georgia Institute of Technology/HAAG Research Bird Audio/Audio Files Analysis/Low/PSL7\20240516_070000.WAV
177.0,180.0,Prunella strophiata,Rufous-breasted Accentor,0.7289,C:/Users/shang/OneDrive - Georgia Institute of Technology/HAAG Research Bird Audio/Audio Files Analysis/Low/PSL7\20240516_070000.WAV
189.0,192.0,Phylloscopus humei,Hume's Warbler,0.5396,C:/Users/shang/OneDrive - Georgia Institute of Technology/HAAG Research Bird Audio/Audio Files Analysis/Low/PSL7\20240516_070000.WAV
222.0,225.0,Prunella strophiata,Rufous-breasted Accentor,0.5687,C:/Users/shang/OneDrive - Georgia Institute of Technology/HAAG Research Bird Audio/Audio Files Analysis/Low/PSL7\20240516_070000.WAV
285.0,288.0,Prunella strophiata,Rufous-breasted Accentor,0.5869,C:/Users/shang/OneDrive - Georgia Institute of Technology/HAAG Research Bird Audio/Audio Files Analysis/Low/PSL7\20240516_070000.WAV
288.0,291.0,Prunella strophiata,Rufous-breasted Accentor,0.7481,C:/Users/shang/OneDrive - Georgia Institute of Technology/HAAG Research Bird Audio/Audio Files Analysis/Low/PSL7\20240516_070000.WAV
297.0,300.0,Prunella strophiata,Rufous-breasted Accentor,0.7617,C:/Users/shang/OneDrive - Georgia Institute of Technology/HAAG Research Bird Audio/Audio Files Analysis/Low/PSL7\20240516_070000.WAV
306.0,309.0,Prunella strophiata,Rufous-breasted Accentor,0.8004,C:/Users/shang/OneDrive - Georgia Institute of Technology/HAAG Research Bird Audio/Audio Files Analysis/Low/PSL7\20240516_070000.WAV
429.0,432.0,Corvus macrorhynchos,Large-billed Crow,0.6767,C:/Users/shang/OneDrive - Georgia Institute of Technology/HAAG Research Bird Audio/Audio Files Analysis/Low/PSL7\20240516_070000.WAV
471.0,474.0,Corvus macrorhynchos,Large-billed Crow,0.6111,C:/Users/shang/OneDrive - Georgia Institute of Technology/HAAG Research Bird Audio/Audio Files Analysis/Low/PSL7\20240516_070000.WAV
474.0,477.0,Corvus macrorhynchos,Large-billed Crow,0.6289,C:/Users/shang/OneDrive - Georgia Institute of Technology/HAAG Research Bird Audio/Audio Files Analysis/Low/PSL7\20240516_070000.WAV
594.0,597.0,Phylloscopus occipitalis,Western Crowned Warbler,0.6677,C:/Users/shang/OneDrive - Georgia Institute of Technology/HAAG Research Bird Audio/Audio Files Analysis/Low/PSL7\20240516_070000.WAV
600.0,603.0,Protonotaria citrea,Prothonotary Warbler,0.6007,C:/Users/shang/OneDrive - Georgia Institute of Technology/HAAG Research Bird Audio/Audio Files Analysis/Low/PSL7\20240516_070000.WAV
606.0,609.0,Phylloscopus occipitalis,Western Crowned Warbler,0.8266,C:/Users/shang/OneDrive - Georgia Institute of Technology/HAAG Research Bird Audio/Audio Files Analysis/Low/PSL7\20240516_070000.WAV
684.0,687.0,Protonotaria citrea,Prothonotary Warbler,0.5479,C:/Users/shang/OneDrive - Georgia Institute of Technology/HAAG Research Bird Audio/Audio Files Analysis/Low/PSL7\20240516_070000.WAV
696.0,699.0,Protonotaria citrea,Prothonotary Warbler,0.8428,C:/Users/shang/OneDrive - Georgia Institute of Technology/HAAG Research Bird Audio/Audio Files Analysis/Low/PSL7\20240516_070000.WAV
711.0,714.0,Protonotaria citrea,Prothonotary Warbler,0.7323,C:/Users/shang/OneDrive - Georgia Institute of Technology/HAAG Research Bird Audio/Audio Files Analysis/Low/PSL7\20240516_070000.WAV
747.0,750.0,Phylloscopus occipitalis,Western Crowned Warbler,0.8464,C:/Users/shang/OneDrive - Georgia Institute of Technology/HAAG Research Bird Audio/Audio Files Analysis/Low/PSL7\20240516_070000.WAV
780.0,783.0,Protonotaria citrea,Prothonotary Warbler,0.8737,C:/Users/shang/OneDrive - Georgia Institute of Technology/HAAG Research Bird Audio/Audio Files Analysis/Low/PSL7\20240516_070000.WAV
789.0,792.0,Protonotaria citrea,Prothonotary Warbler,0.7419,C:/Users/shang/OneDrive - Georgia Institute of Technology/HAAG Research Bird Audio/Audio Files Analysis/Low/PSL7\20240516_070000.WAV
807.0,810.0,Phylloscopus occipitalis,Western Crowned Warbler,0.8039,C:/Users/shang/OneDrive - Georgia Institute of Technology/HAAG Research Bird Audio/Audio Files Analysis/Low/PSL7\20240516_070000.WAV
819.0,822.0,Phylloscopus occipitalis,Western Crowned Warbler,0.5885,C:/Users/shang/OneDrive - Georgia Institute of Technology/HAAG Research Bird Audio/Audio Files Analysis/Low/PSL7\20240516_070000.WAV
846.0,849.0,Phylloscopus occipitalis,Western Crowned Warbler,0.7406,C:/Users/shang/OneDrive - Georgia Institute of Technology/HAAG Research Bird Audio/Audio Files Analysis/Low/PSL7\20240516_070000.WAV
438.0,441.0,Brachyramphus marmoratus,Marbled Murrelet,0.6615,C:/Users/shang/OneDrive - Georgia Institute of Technology/HAAG Research Bird Audio/Audio Files Analysis/Low/PSL7\20240516_080000.WAV
672.0,675.0,Phylloscopus occipitalis,Western Crowned Warbler,0.8266,C:/Users/shang/OneDrive - Georgia Institute of Technology/HAAG Research Bird Audio/Audio Files Analysis/Low/PSL7\20240516_080000.WAV
684.0,687.0,Protonotaria citrea,Prothonotary Warbler,0.6963,C:/Users/shang/OneDrive - Georgia Institute of Technology/HAAG Research Bird Audio/Audio Files Analysis/Low/PSL7\20240516_080000.WAV
723.0,726.0,Phylloscopus humei,Hume's Warbler,0.9351,C:/Users/shang/OneDrive - Georgia Institute of Technology/HAAG Research Bird Audio/Audio Files Analysis/Low/PSL7\20240516_080000.WAV
729.0,732.0,Phylloscopus occipitalis,Western Crowned Warbler,0.7307,C:/Users/shang/OneDrive - Georgia Institute of Technology/HAAG Research Bird Audio/Audio Files Analysis/Low/PSL7\20240516_080000.WAV
732.0,735.0,Phylloscopus occipitalis,Western Crowned Warbler,0.5884,C:/Users/shang/OneDrive - Georgia Institute of Technology/HAAG Research Bird Audio/Audio Files Analysis/Low/PSL7\20240516_080000.WAV
735.0,738.0,Phylloscopus humei,Hume's Warbler,0.8900,C:/Users/shang/OneDrive - Georgia Institute of Technology/HAAG Research Bird Audio/Audio Files Analysis/Low/PSL7\20240516_080000.WAV
786.0,789.0,Protonotaria citrea,Prothonotary Warbler,0.5503,C:/Users/shang/OneDrive - Georgia Institute of Technology/HAAG Research Bird Audio/Audio Files Analysis/Low/PSL7\20240516_080000.WAV
804.0,807.0,Phylloscopus humei,Hume's Warbler,0.7879,C:/Users/shang/OneDrive - Georgia Institute of Technology/HAAG Research Bird Audio/Audio Files Analysis/Low/PSL7\20240516_080000.WAV
813.0,816.0,Protonotaria citrea,Prothonotary Warbler,0.7704,C:/Users/shang/OneDrive - Georgia Institute of Technology/HAAG Research Bird Audio/Audio Files Analysis/Low/PSL7\20240516_080000.WAV
819.0,822.0,Protonotaria citrea,Prothonotary Warbler,0.8772,C:/Users/shang/OneDrive - Georgia Institute of Technology/HAAG Research Bird Audio/Audio Files Analysis/Low/PSL7\20240516_080000.WAV
843.0,846.0,Prinia socialis,Ashy Prinia,0.5827,C:/Users/shang/OneDrive - Georgia Institute of Technology/HAAG Research Bird Audio/Audio Files Analysis/Low/PSL7\20240516_080000.WAV
879.0,882.0,Protonotaria citrea,Prothonotary Warbler,0.6488,C:/Users/shang/OneDrive - Georgia Institute of Technology/HAAG Research Bird Audio/Audio Files Analysis/Low/PSL7\20240516_080000.WAV
888.0,891.0,Phylloscopus humei,Hume's Warbler,0.6669,C:/Users/shang/OneDrive - Georgia Institute of Technology/HAAG Research Bird Audio/Audio Files Analysis/Low/PSL7\20240516_080000.WAV
102.0,105.0,Coccothraustes vespertinus,Evening Grosbeak,0.7382,C:/Users/shang/OneDrive - Georgia Institute of Technology/HAAG Research Bird Audio/Audio Files Analysis/Low/PSL7\20240516_090000.WAV
342.0,345.0,Phylloscopus humei,Hume's Warbler,0.8969,C:/Users/shang/OneDrive - Georgia Institute of Technology/HAAG Research Bird Audio/Audio Files Analysis/Low/PSL7\20240516_090000.WAV
687.0,690.0,Phylloscopus humei,Hume's Warbler,0.7825,C:/Users/shang/OneDrive - Georgia Institute of Technology/HAAG Research Bird Audio/Audio Files Analysis/Low/PSL7\20240516_090000.WAV
6.0,9.0,Phylloscopus nitidus,Green Warbler,0.5181,C:/Users/shang/OneDrive - Georgia Institute of Technology/HAAG Research Bird Audio/Audio Files Analysis/Low/PSL7\20240517_060000.WAV
72.0,75.0,Phylloscopus nitidus,Green Warbler,0.9659,C:/Users/shang/OneDrive - Georgia Institute of Technology/HAAG Research Bird Audio/Audio Files Analysis/Low/PSL7\20240517_060000.WAV
84.0,87.0,Protonotaria citrea,Prothonotary Warbler,0.5451,C:/Users/shang/OneDrive - Georgia Institute of Technology/HAAG Research Bird Audio/Audio Files Analysis/Low/PSL7\20240517_060000.WAV
87.0,90.0,Phylloscopus nitidus,Green Warbler,0.9562,C:/Users/shang/OneDrive - Georgia Institute of Technology/HAAG Research Bird Audio/Audio Files Analysis/Low/PSL7\20240517_060000.WAV
189.0,192.0,Phylloscopus nitidus,Green Warbler,0.6578,C:/Users/shang/OneDrive - Georgia Institute of Technology/HAAG Research Bird Audio/Audio Files Analysis/Low/PSL7\20240517_060000.WAV
198.0,201.0,Phylloscopus nitidus,Green Warbler,0.7148,C:/Users/shang/OneDrive - Georgia Institute of Technology/HAAG Research Bird Audio/Audio Files Analysis/Low/PSL7\20240517_060000.WAV
342.0,345.0,Phylloscopus occipitalis,Western Crowned Warbler,0.6163,C:/Users/shang/OneDrive - Georgia Institute of Technology/HAAG Research Bird Audio/Audio Files Analysis/Low/PSL7\20240517_060000.WAV
345.0,348.0,Phylloscopus occipitalis,Western Crowned Warbler,0.7451,C:/Users/shang/OneDrive - Georgia Institute of Technology/HAAG Research Bird Audio/Audio Files Analysis/Low/PSL7\20240517_060000.WAV
372.0,375.0,Phylloscopus occipitalis,Western Crowned Warbler,0.9501,C:/Users/shang/OneDrive - Georgia Institute of Technology/HAAG Research Bird Audio/Audio Files Analysis/Low/PSL7\20240517_060000.WAV
390.0,393.0,Phylloscopus occipitalis,Western Crowned Warbler,0.5125,C:/Users/shang/OneDrive - Georgia Institute of Technology/HAAG Research Bird Audio/Audio Files Analysis/Low/PSL7\20240517_060000.WAV
474.0,477.0,Phylloscopus occipitalis,Western Crowned Warbler,0.6105,C:/Users/shang/OneDrive - Georgia Institute of Technology/HAAG Research Bird Audio/Audio Files Analysis/Low/PSL7\20240517_060000.WAV
486.0,489.0,Phylloscopus nitidus,Green Warbler,0.8495,C:/Users/shang/OneDrive - Georgia Institute of Technology/HAAG Research Bird Audio/Audio Files Analysis/Low/PSL7\20240517_060000.WAV
498.0,501.0,Phylloscopus nitidus,Green Warbler,0.8683,C:/Users/shang/OneDrive - Georgia Institute of Technology/HAAG Research Bird Audio/Audio Files Analysis/Low/PSL7\20240517_060000.WAV
510.0,513.0,Protonotaria citrea,Prothonotary Warbler,0.5636,C:/Users/shang/OneDrive - Georgia Institute of Technology/HAAG Research Bird Audio/Audio Files Analysis/Low/PSL7\20240517_060000.WAV
525.0,528.0,Phylloscopus nitidus,Green Warbler,0.8049,C:/Users/shang/OneDrive - Georgia Institute of Technology/HAAG Research Bird Audio/Audio Files Analysis/Low/PSL7\20240517_060000.WAV
540.0,543.0,Phylloscopus trochiloides,Greenish Warbler,0.8901,C:/Users/shang/OneDrive - Georgia Institute of Technology/HAAG Research Bird Audio/Audio Files Analysis/Low/PSL7\20240517_060000.WAV
540.0,543.0,Phylloscopus nitidus,Green Warbler,0.7243,C:/Users/shang/OneDrive - Georgia Institute of Technology/HAAG Research Bird Audio/Audio Files Analysis/Low/PSL7\20240517_060000.WAV
549.0,552.0,Phylloscopus occipitalis,Western Crowned Warbler,0.7954,C:/Users/shang/OneDrive - Georgia Institute of Technology/HAAG Research Bird Audio/Audio Files Analysis/Low/PSL7\20240517_060000.WAV
573.0,576.0,Protonotaria citrea,Prothonotary Warbler,0.7110,C:/Users/shang/OneDrive - Georgia Institute of Technology/HAAG Research Bird Audio/Audio Files Analysis/Low/PSL7\20240517_060000.WAV
588.0,591.0,Phylloscopus nitidus,Green Warbler,0.6144,C:/Users/shang/OneDrive - Georgia Institute of Technology/HAAG Research Bird Audio/Audio Files Analysis/Low/PSL7\20240517_060000.WAV
603.0,606.0,Phylloscopus trochiloides,Greenish Warbler,0.6498,C:/Users/shang/OneDrive - Georgia Institute of Technology/HAAG Research Bird Audio/Audio Files Analysis/Low/PSL7\20240517_060000.WAV
618.0,621.0,Phylloscopus trochiloides,Greenish Warbler,0.5017,C:/Users/shang/OneDrive - Georgia Institute of Technology/HAAG Research Bird Audio/Audio Files Analysis/Low/PSL7\20240517_060000.WAV
624.0,627.0,Phylloscopus occipitalis,Western Crowned Warbler,0.7832,C:/Users/shang/OneDrive - Georgia Institute of Technology/HAAG Research Bird Audio/Audio Files Analysis/Low/PSL7\20240517_060000.WAV
627.0,630.0,Phylloscopus occipitalis,Western Crowned Warbler,0.6781,C:/Users/shang/OneDrive - Georgia Institute of Technology/HAAG Research Bird Audio/Audio Files Analysis/Low/PSL7\20240517_060000.WAV
636.0,639.0,Phylloscopus occipitalis,Western Crowned Warbler,0.7979,C:/Users/shang/OneDrive - Georgia Institute of Technology/HAAG Research Bird Audio/Audio Files Analysis/Low/PSL7\20240517_060000.WAV
642.0,645.0,Phylloscopus occipitalis,Western Crowned Warbler,0.9567,C:/Users/shang/OneDrive - Georgia Institute of Technology/HAAG Research Bird Audio/Audio Files Analysis/Low/PSL7\20240517_060000.WAV
651.0,654.0,Phylloscopus occipitalis,Western Crowned Warbler,0.6913,C:/Users/shang/OneDrive - Georgia Institute of Technology/HAAG Research Bird Audio/Audio Files Analysis/Low/PSL7\20240517_060000.WAV
654.0,657.0,Phylloscopus occipitalis,Western Crowned Warbler,0.7877,C:/Users/shang/OneDrive - Georgia Institute of Technology/HAAG Research Bird Audio/Audio Files Analysis/Low/PSL7\20240517_060000.WAV
684.0,687.0,Phylloscopus occipitalis,Western Crowned Warbler,0.9389,C:/Users/shang/OneDrive - Georgia Institute of Technology/HAAG Research Bird Audio/Audio Files Analysis/Low/PSL7\20240517_060000.WAV
687.0,690.0,Phylloscopus occipitalis,Western Crowned Warbler,0.7669,C:/Users/shang/OneDrive - Georgia Institute of Technology/HAAG Research Bird Audio/Audio Files Analysis/Low/PSL7\20240517_060000.WAV
693.0,696.0,Phylloscopus occipitalis,Western Crowned Warbler,0.8634,C:/Users/shang/OneDrive - Georgia Institute of Technology/HAAG Research Bird Audio/Audio Files Analysis/Low/PSL7\20240517_060000.WAV
705.0,708.0,Phylloscopus occipitalis,Western Crowned Warbler,0.9438,C:/Users/shang/OneDrive - Georgia Institute of Technology/HAAG Research Bird Audio/Audio Files Analysis/Low/PSL7\20240517_060000.WAV
711.0,714.0,Phylloscopus nitidus,Green Warbler,0.9325,C:/Users/shang/OneDrive - Georgia Institute of Technology/HAAG Research Bird Audio/Audio Files Analysis/Low/PSL7\20240517_060000.WAV
714.0,717.0,Phylloscopus occipitalis,Western Crowned Warbler,0.9831,C:/Users/shang/OneDrive - Georgia Institute of Technology/HAAG Research Bird Audio/Audio Files Analysis/Low/PSL7\20240517_060000.WAV
723.0,726.0,Phylloscopus occipitalis,Western Crowned Warbler,0.9638,C:/Users/shang/OneDrive - Georgia Institute of Technology/HAAG Research Bird Audio/Audio Files Analysis/Low/PSL7\20240517_060000.WAV
726.0,729.0,Phylloscopus nitidus,Green Warbler,0.7698,C:/Users/shang/OneDrive - Georgia Institute of Technology/HAAG Research Bird Audio/Audio Files Analysis/Low/PSL7\20240517_060000.WAV
729.0,732.0,Phylloscopus occipitalis,Western Crowned Warbler,0.9362,C:/Users/shang/OneDrive - Georgia Institute of Technology/HAAG Research Bird Audio/Audio Files Analysis/Low/PSL7\20240517_060000.WAV
738.0,741.0,Phylloscopus occipitalis,Western Crowned Warbler,0.5098,C:/Users/shang/OneDrive - Georgia Institute of Technology/HAAG Research Bird Audio/Audio Files Analysis/Low/PSL7\20240517_060000.WAV
741.0,744.0,Phylloscopus nitidus,Green Warbler,0.7992,C:/Users/shang/OneDrive - Georgia Institute of Technology/HAAG Research Bird Audio/Audio Files Analysis/Low/PSL7\20240517_060000.WAV
744.0,747.0,Phylloscopus occipitalis,Western Crowned Warbler,0.8862,C:/Users/shang/OneDrive - Georgia Institute of Technology/HAAG Research Bird Audio/Audio Files Analysis/Low/PSL7\20240517_060000.WAV
753.0,756.0,Phylloscopus occipitalis,Western Crowned Warbler,0.9046,C:/Users/shang/OneDrive - Georgia Institute of Technology/HAAG Research Bird Audio/Audio Files Analysis/Low/PSL7\20240517_060000.WAV
762.0,765.0,Phylloscopus occipitalis,Western Crowned Warbler,0.6736,C:/Users/shang/OneDrive - Georgia Institute of Technology/HAAG Research Bird Audio/Audio Files Analysis/Low/PSL7\20240517_060000.WAV
765.0,768.0,Phylloscopus occipitalis,Western Crowned Warbler,0.8246,C:/Users/shang/OneDrive - Georgia Institute of Technology/HAAG Research Bird Audio/Audio Files Analysis/Low/PSL7\20240517_060000.WAV
774.0,777.0,Phylloscopus occipitalis,Western Crowned Warbler,0.5107,C:/Users/shang/OneDrive - Georgia Institute of Technology/HAAG Research Bird Audio/Audio Files Analysis/Low/PSL7\20240517_060000.WAV
780.0,783.0,Phylloscopus occipitalis,Western Crowned Warbler,0.9381,C:/Users/shang/OneDrive - Georgia Institute of Technology/HAAG Research Bird Audio/Audio Files Analysis/Low/PSL7\20240517_060000.WAV
789.0,792.0,Phylloscopus occipitalis,Western Crowned Warbler,0.6688,C:/Users/shang/OneDrive - Georgia Institute of Technology/HAAG Research Bird Audio/Audio Files Analysis/Low/PSL7\20240517_060000.WAV
795.0,798.0,Phylloscopus nitidus,Green Warbler,0.8361,C:/Users/shang/OneDrive - Georgia Institute of Technology/HAAG Research Bird Audio/Audio Files Analysis/Low/PSL7\20240517_060000.WAV
798.0,801.0,Phylloscopus occipitalis,Western Crowned Warbler,0.8320,C:/Users/shang/OneDrive - Georgia Institute of Technology/HAAG Research Bird Audio/Audio Files Analysis/Low/PSL7\20240517_060000.WAV
801.0,804.0,Phylloscopus occipitalis,Western Crowned Warbler,0.9724,C:/Users/shang/OneDrive - Georgia Institute of Technology/HAAG Research Bird Audio/Audio Files Analysis/Low/PSL7\20240517_060000.WAV
807.0,810.0,Protonotaria citrea,Prothonotary Warbler,0.7546,C:/Users/shang/OneDrive - Georgia Institute of Technology/HAAG Research Bird Audio/Audio Files Analysis/Low/PSL7\20240517_060000.WAV
816.0,819.0,Phylloscopus occipitalis,Western Crowned Warbler,0.7498,C:/Users/shang/OneDrive - Georgia Institute of Technology/HAAG Research Bird Audio/Audio Files Analysis/Low/PSL7\20240517_060000.WAV
819.0,822.0,Phylloscopus occipitalis,Western Crowned Warbler,0.9415,C:/Users/shang/OneDrive - Georgia Institute of Technology/HAAG Research Bird Audio/Audio Files Analysis/Low/PSL7\20240517_060000.WAV
825.0,828.0,Phylloscopus occipitalis,Western Crowned Warbler,0.9891,C:/Users/shang/OneDrive - Georgia Institute of Technology/HAAG Research Bird Audio/Audio Files Analysis/Low/PSL7\20240517_060000.WAV
828.0,831.0,Phylloscopus occipitalis,Western Crowned Warbler,0.9678,C:/Users/shang/OneDrive - Georgia Institute of Technology/HAAG Research Bird Audio/Audio Files Analysis/Low/PSL7\20240517_060000.WAV
831.0,834.0,Phylloscopus occipitalis,Western Crowned Warbler,0.9454,C:/Users/shang/OneDrive - Georgia Institute of Technology/HAAG Research Bird Audio/Audio Files Analysis/Low/PSL7\20240517_060000.WAV
840.0,843.0,Phylloscopus occipitalis,Western Crowned Warbler,0.7046,C:/Users/shang/OneDrive - Georgia Institute of Technology/HAAG Research Bird Audio/Audio Files Analysis/Low/PSL7\20240517_060000.WAV
849.0,852.0,Phylloscopus occipitalis,Western Crowned Warbler,0.8142,C:/Users/shang/OneDrive - Georgia Institute of Technology/HAAG Research Bird Audio/Audio Files Analysis/Low/PSL7\20240517_060000.WAV
855.0,858.0,Phylloscopus occipitalis,Western Crowned Warbler,0.7818,C:/Users/shang/OneDrive - Georgia Institute of Technology/HAAG Research Bird Audio/Audio Files Analysis/Low/PSL7\20240517_060000.WAV
861.0,864.0,Phylloscopus occipitalis,Western Crowned Warbler,0.8767,C:/Users/shang/OneDrive - Georgia Institute of Technology/HAAG Research Bird Audio/Audio Files Analysis/Low/PSL7\20240517_060000.WAV
864.0,867.0,Phylloscopus occipitalis,Western Crowned Warbler,0.8598,C:/Users/shang/OneDrive - Georgia Institute of Technology/HAAG Research Bird Audio/Audio Files Analysis/Low/PSL7\20240517_060000.WAV
870.0,873.0,Phylloscopus occipitalis,Western Crowned Warbler,0.9516,C:/Users/shang/OneDrive - Georgia Institute of Technology/HAAG Research Bird Audio/Audio Files Analysis/Low/PSL7\20240517_060000.WAV
873.0,876.0,Phylloscopus occipitalis,Western Crowned Warbler,0.5182,C:/Users/shang/OneDrive - Georgia Institute of Technology/HAAG Research Bird Audio/Audio Files Analysis/Low/PSL7\20240517_060000.WAV
876.0,879.0,Phylloscopus occipitalis,Western Crowned Warbler,0.9534,C:/Users/shang/OneDrive - Georgia Institute of Technology/HAAG Research Bird Audio/Audio Files Analysis/Low/PSL7\20240517_060000.WAV
879.0,882.0,Phylloscopus occipitalis,Western Crowned Warbler,0.6268,C:/Users/shang/OneDrive - Georgia Institute of Technology/HAAG Research Bird Audio/Audio Files Analysis/Low/PSL7\20240517_060000.WAV
882.0,885.0,Phylloscopus occipitalis,Western Crowned Warbler,0.9390,C:/Users/shang/OneDrive - Georgia Institute of Technology/HAAG Research Bird Audio/Audio Files Analysis/Low/PSL7\20240517_060000.WAV
885.0,888.0,Phylloscopus occipitalis,Western Crowned Warbler,0.7774,C:/Users/shang/OneDrive - Georgia Institute of Technology/HAAG Research Bird Audio/Audio Files Analysis/Low/PSL7\20240517_060000.WAV
888.0,891.0,Phylloscopus occipitalis,Western Crowned Warbler,0.6660,C:/Users/shang/OneDrive - Georgia Institute of Technology/HAAG Research Bird Audio/Audio Files Analysis/Low/PSL7\20240517_060000.WAV
3.0,6.0,Phylloscopus occipitalis,Western Crowned Warbler,0.8085,C:/Users/shang/OneDrive - Georgia Institute of Technology/HAAG Research Bird Audio/Audio Files Analysis/Low/PSL7\20240517_070000.WAV
12.0,15.0,Phylloscopus occipitalis,Western Crowned Warbler,0.7835,C:/Users/shang/OneDrive - Georgia Institute of Technology/HAAG Research Bird Audio/Audio Files Analysis/Low/PSL7\20240517_070000.WAV
21.0,24.0,Phylloscopus occipitalis,Western Crowned Warbler,0.8583,C:/Users/shang/OneDrive - Georgia Institute of Technology/HAAG Research Bird Audio/Audio Files Analysis/Low/PSL7\20240517_070000.WAV
30.0,33.0,Phylloscopus occipitalis,Western Crowned Warbler,0.9593,C:/Users/shang/OneDrive - Georgia Institute of Technology/HAAG Research Bird Audio/Audio Files Analysis/Low/PSL7\20240517_070000.WAV
42.0,45.0,Phylloscopus occipitalis,Western Crowned Warbler,0.9235,C:/Users/shang/OneDrive - Georgia Institute of Technology/HAAG Research Bird Audio/Audio Files Analysis/Low/PSL7\20240517_070000.WAV
48.0,51.0,Phylloscopus occipitalis,Western Crowned Warbler,0.8901,C:/Users/shang/OneDrive - Georgia Institute of Technology/HAAG Research Bird Audio/Audio Files Analysis/Low/PSL7\20240517_070000.WAV
54.0,57.0,Phylloscopus occipitalis,Western Crowned Warbler,0.8551,C:/Users/shang/OneDrive - Georgia Institute of Technology/HAAG Research Bird Audio/Audio Files Analysis/Low/PSL7\20240517_070000.WAV
63.0,66.0,Phylloscopus occipitalis,Western Crowned Warbler,0.6998,C:/Users/shang/OneDrive - Georgia Institute of Technology/HAAG Research Bird Audio/Audio Files Analysis/Low/PSL7\20240517_070000.WAV
72.0,75.0,Protonotaria citrea,Prothonotary Warbler,0.5536,C:/Users/shang/OneDrive - Georgia Institute of Technology/HAAG Research Bird Audio/Audio Files Analysis/Low/PSL7\20240517_070000.WAV
78.0,81.0,Phylloscopus occipitalis,Western Crowned Warbler,0.8794,C:/Users/shang/OneDrive - Georgia Institute of Technology/HAAG Research Bird Audio/Audio Files Analysis/Low/PSL7\20240517_070000.WAV
87.0,90.0,Phylloscopus occipitalis,Western Crowned Warbler,0.7615,C:/Users/shang/OneDrive - Georgia Institute of Technology/HAAG Research Bird Audio/Audio Files Analysis/Low/PSL7\20240517_070000.WAV
408.0,411.0,Brachyramphus marmoratus,Marbled Murrelet,0.5268,C:/Users/shang/OneDrive - Georgia Institute of Technology/HAAG Research Bird Audio/Audio Files Analysis/Low/PSL7\20240517_070000.WAV
432.0,435.0,Ficedula hypoleuca,European Pied Flycatcher,0.8016,C:/Users/shang/OneDrive - Georgia Institute of Technology/HAAG Research Bird Audio/Audio Files Analysis/Low/PSL7\20240517_070000.WAV
546.0,549.0,Brachyramphus marmoratus,Marbled Murrelet,0.7241,C:/Users/shang/OneDrive - Georgia Institute of Technology/HAAG Research Bird Audio/Audio Files Analysis/Low/PSL7\20240517_070000.WAV
549.0,552.0,Brachyramphus marmoratus,Marbled Murrelet,0.8622,C:/Users/shang/OneDrive - Georgia Institute of Technology/HAAG Research Bird Audio/Audio Files Analysis/Low/PSL7\20240517_070000.WAV
564.0,567.0,Brachyramphus marmoratus,Marbled Murrelet,0.5116,C:/Users/shang/OneDrive - Georgia Institute of Technology/HAAG Research Bird Audio/Audio Files Analysis/Low/PSL7\20240517_070000.WAV
663.0,666.0,Phylloscopus occipitalis,Western Crowned Warbler,0.9050,C:/Users/shang/OneDrive - Georgia Institute of Technology/HAAG Research Bird Audio/Audio Files Analysis/Low/PSL7\20240517_070000.WAV
705.0,708.0,Protonotaria citrea,Prothonotary Warbler,0.6551,C:/Users/shang/OneDrive - Georgia Institute of Technology/HAAG Research Bird Audio/Audio Files Analysis/Low/PSL7\20240517_070000.WAV
723.0,726.0,Protonotaria citrea,Prothonotary Warbler,0.7004,C:/Users/shang/OneDrive - Georgia Institute of Technology/HAAG Research Bird Audio/Audio Files Analysis/Low/PSL7\20240517_070000.WAV
747.0,750.0,Phylloscopus occipitalis,Western Crowned Warbler,0.6108,C:/Users/shang/OneDrive - Georgia Institute of Technology/HAAG Research Bird Audio/Audio Files Analysis/Low/PSL7\20240517_070000.WAV
771.0,774.0,Protonotaria citrea,Prothonotary Warbler,0.5047,C:/Users/shang/OneDrive - Georgia Institute of Technology/HAAG Research Bird Audio/Audio Files Analysis/Low/PSL7\20240517_070000.WAV
792.0,795.0,Phylloscopus occipitalis,Western Crowned Warbler,0.5701,C:/Users/shang/OneDrive - Georgia Institute of Technology/HAAG Research Bird Audio/Audio Files Analysis/Low/PSL7\20240517_070000.WAV
801.0,804.0,Phylloscopus occipitalis,Western Crowned Warbler,0.5032,C:/Users/shang/OneDrive - Georgia Institute of Technology/HAAG Research Bird Audio/Audio Files Analysis/Low/PSL7\20240517_070000.WAV
810.0,813.0,Protonotaria citrea,Prothonotary Warbler,0.8369,C:/Users/shang/OneDrive - Georgia Institute of Technology/HAAG Research Bird Audio/Audio Files Analysis/Low/PSL7\20240517_070000.WAV
813.0,816.0,Brachyramphus marmoratus,Marbled Murrelet,0.6026,C:/Users/shang/OneDrive - Georgia Institute of Technology/HAAG Research Bird Audio/Audio Files Analysis/Low/PSL7\20240517_070000.WAV
825.0,828.0,Phylloscopus sibilatrix,Wood Warbler,0.8458,C:/Users/shang/OneDrive - Georgia Institute of Technology/HAAG Research Bird Audio/Audio Files Analysis/Low/PSL7\20240517_070000.WAV
828.0,831.0,Phylloscopus occipitalis,Western Crowned Warbler,0.9224,C:/Users/shang/OneDrive - Georgia Institute of Technology/HAAG Research Bird Audio/Audio Files Analysis/Low/PSL7\20240517_070000.WAV
834.0,837.0,Phylloscopus occipitalis,Western Crowned Warbler,0.9081,C:/Users/shang/OneDrive - Georgia Institute of Technology/HAAG Research Bird Audio/Audio Files Analysis/Low/PSL7\20240517_070000.WAV
840.0,843.0,Phylloscopus occipitalis,Western Crowned Warbler,0.8524,C:/Users/shang/OneDrive - Georgia Institute of Technology/HAAG Research Bird Audio/Audio Files Analysis/Low/PSL7\20240517_070000.WAV
849.0,852.0,Phylloscopus occipitalis,Western Crowned Warbler,0.5297,C:/Users/shang/OneDrive - Georgia Institute of Technology/HAAG Research Bird Audio/Audio Files Analysis/Low/PSL7\20240517_070000.WAV
867.0,870.0,Phylloscopus occipitalis,Western Crowned Warbler,0.7430,C:/Users/shang/OneDrive - Georgia Institute of Technology/HAAG Research Bird Audio/Audio Files Analysis/Low/PSL7\20240517_070000.WAV
870.0,873.0,Protonotaria citrea,Prothonotary Warbler,0.6617,C:/Users/shang/OneDrive - Georgia Institute of Technology/HAAG Research Bird Audio/Audio Files Analysis/Low/PSL7\20240517_070000.WAV
876.0,879.0,Protonotaria citrea,Prothonotary Warbler,0.6512,C:/Users/shang/OneDrive - Georgia Institute of Technology/HAAG Research Bird Audio/Audio Files Analysis/Low/PSL7\20240517_070000.WAV
882.0,885.0,Protonotaria citrea,Prothonotary Warbler,0.8082,C:/Users/shang/OneDrive - Georgia Institute of Technology/HAAG Research Bird Audio/Audio Files Analysis/Low/PSL7\20240517_070000.WAV
888.0,891.0,Phylloscopus occipitalis,Western Crowned Warbler,0.8381,C:/Users/shang/OneDrive - Georgia Institute of Technology/HAAG Research Bird Audio/Audio Files Analysis/Low/PSL7\20240517_070000.WAV
897.0,900.0,Phylloscopus occipitalis,Western Crowned Warbler,0.9372,C:/Users/shang/OneDrive - Georgia Institute of Technology/HAAG Research Bird Audio/Audio Files Analysis/Low/PSL7\20240517_070000.WAV
3.0,6.0,Phylloscopus occipitalis,Western Crowned Warbler,0.6880,C:/Users/shang/OneDrive - Georgia Institute of Technology/HAAG Research Bird Audio/Audio Files Analysis/Low/PSL7\20240517_080000.WAV
24.0,27.0,Bombycilla garrulus,Bohemian Waxwing,0.5588,C:/Users/shang/OneDrive - Georgia Institute of Technology/HAAG Research Bird Audio/Audio Files Analysis/Low/PSL7\20240517_080000.WAV
27.0,30.0,Protonotaria citrea,Prothonotary Warbler,0.5167,C:/Users/shang/OneDrive - Georgia Institute of Technology/HAAG Research Bird Audio/Audio Files Analysis/Low/PSL7\20240517_080000.WAV
60.0,63.0,Protonotaria citrea,Prothonotary Warbler,0.6163,C:/Users/shang/OneDrive - Georgia Institute of Technology/HAAG Research Bird Audio/Audio Files Analysis/Low/PSL7\20240517_080000.WAV
78.0,81.0,Phylloscopus occipitalis,Western Crowned Warbler,0.7394,C:/Users/shang/OneDrive - Georgia Institute of Technology/HAAG Research Bird Audio/Audio Files Analysis/Low/PSL7\20240517_080000.WAV
87.0,90.0,Prunella strophiata,Rufous-breasted Accentor,0.6346,C:/Users/shang/OneDrive - Georgia Institute of Technology/HAAG Research Bird Audio/Audio Files Analysis/Low/PSL7\20240517_080000.WAV
90.0,93.0,Prunella strophiata,Rufous-breasted Accentor,0.8987,C:/Users/shang/OneDrive - Georgia Institute of Technology/HAAG Research Bird Audio/Audio Files Analysis/Low/PSL7\20240517_080000.WAV
99.0,102.0,Phylloscopus occipitalis,Western Crowned Warbler,0.8663,C:/Users/shang/OneDrive - Georgia Institute of Technology/HAAG Research Bird Audio/Audio Files Analysis/Low/PSL7\20240517_080000.WAV
108.0,111.0,Phylloscopus occipitalis,Western Crowned Warbler,0.8361,C:/Users/shang/OneDrive - Georgia Institute of Technology/HAAG Research Bird Audio/Audio Files Analysis/Low/PSL7\20240517_080000.WAV
123.0,126.0,Phylloscopus occipitalis,Western Crowned Warbler,0.9883,C:/Users/shang/OneDrive - Georgia Institute of Technology/HAAG Research Bird Audio/Audio Files Analysis/Low/PSL7\20240517_080000.WAV
129.0,132.0,Phylloscopus occipitalis,Western Crowned Warbler,0.9876,C:/Users/shang/OneDrive - Georgia Institute of Technology/HAAG Research Bird Audio/Audio Files Analysis/Low/PSL7\20240517_080000.WAV
141.0,144.0,Phylloscopus occipitalis,Western Crowned Warbler,0.9336,C:/Users/shang/OneDrive - Georgia Institute of Technology/HAAG Research Bird Audio/Audio Files Analysis/Low/PSL7\20240517_080000.WAV
147.0,150.0,Phylloscopus occipitalis,Western Crowned Warbler,0.9272,C:/Users/shang/OneDrive - Georgia Institute of Technology/HAAG Research Bird Audio/Audio Files Analysis/Low/PSL7\20240517_080000.WAV
174.0,177.0,Phylloscopus occipitalis,Western Crowned Warbler,0.8225,C:/Users/shang/OneDrive - Georgia Institute of Technology/HAAG Research Bird Audio/Audio Files Analysis/Low/PSL7\20240517_080000.WAV
180.0,183.0,Trochalopteron variegatum,Variegated Laughingthrush,0.9123,C:/Users/shang/OneDrive - Georgia Institute of Technology/HAAG Research Bird Audio/Audio Files Analysis/Low/PSL7\20240517_080000.WAV
186.0,189.0,Trochalopteron variegatum,Variegated Laughingthrush,0.7574,C:/Users/shang/OneDrive - Georgia Institute of Technology/HAAG Research Bird Audio/Audio Files Analysis/Low/PSL7\20240517_080000.WAV
189.0,192.0,Protonotaria citrea,Prothonotary Warbler,0.5313,C:/Users/shang/OneDrive - Georgia Institute of Technology/HAAG Research Bird Audio/Audio Files Analysis/Low/PSL7\20240517_080000.WAV
192.0,195.0,Trochalopteron variegatum,Variegated Laughingthrush,0.9251,C:/Users/shang/OneDrive - Georgia Institute of Technology/HAAG Research Bird Audio/Audio Files Analysis/Low/PSL7\20240517_080000.WAV
210.0,213.0,Trochalopteron variegatum,Variegated Laughingthrush,0.9601,C:/Users/shang/OneDrive - Georgia Institute of Technology/HAAG Research Bird Audio/Audio Files Analysis/Low/PSL7\20240517_080000.WAV
216.0,219.0,Trochalopteron variegatum,Variegated Laughingthrush,0.9707,C:/Users/shang/OneDrive - Georgia Institute of Technology/HAAG Research Bird Audio/Audio Files Analysis/Low/PSL7\20240517_080000.WAV
222.0,225.0,Trochalopteron variegatum,Variegated Laughingthrush,0.7787,C:/Users/shang/OneDrive - Georgia Institute of Technology/HAAG Research Bird Audio/Audio Files Analysis/Low/PSL7\20240517_080000.WAV
231.0,234.0,Trochalopteron variegatum,Variegated Laughingthrush,0.7871,C:/Users/shang/OneDrive - Georgia Institute of Technology/HAAG Research Bird Audio/Audio Files Analysis/Low/PSL7\20240517_080000.WAV
237.0,240.0,Trochalopteron variegatum,Variegated Laughingthrush,0.9651,C:/Users/shang/OneDrive - Georgia Institute of Technology/HAAG Research Bird Audio/Audio Files Analysis/Low/PSL7\20240517_080000.WAV
243.0,246.0,Trochalopteron variegatum,Variegated Laughingthrush,0.6517,C:/Users/shang/OneDrive - Georgia Institute of Technology/HAAG Research Bird Audio/Audio Files Analysis/Low/PSL7\20240517_080000.WAV
249.0,252.0,Trochalopteron variegatum,Variegated Laughingthrush,0.8405,C:/Users/shang/OneDrive - Georgia Institute of Technology/HAAG Research Bird Audio/Audio Files Analysis/Low/PSL7\20240517_080000.WAV
252.0,255.0,Trochalopteron variegatum,Variegated Laughingthrush,0.6762,C:/Users/shang/OneDrive - Georgia Institute of Technology/HAAG Research Bird Audio/Audio Files Analysis/Low/PSL7\20240517_080000.WAV
258.0,261.0,Trochalopteron variegatum,Variegated Laughingthrush,0.8598,C:/Users/shang/OneDrive - Georgia Institute of Technology/HAAG Research Bird Audio/Audio Files Analysis/Low/PSL7\20240517_080000.WAV
261.0,264.0,Trochalopteron variegatum,Variegated Laughingthrush,0.9279,C:/Users/shang/OneDrive - Georgia Institute of Technology/HAAG Research Bird Audio/Audio Files Analysis/Low/PSL7\20240517_080000.WAV
267.0,270.0,Trochalopteron variegatum,Variegated Laughingthrush,0.8026,C:/Users/shang/OneDrive - Georgia Institute of Technology/HAAG Research Bird Audio/Audio Files Analysis/Low/PSL7\20240517_080000.WAV
273.0,276.0,Trochalopteron variegatum,Variegated Laughingthrush,0.6754,C:/Users/shang/OneDrive - Georgia Institute of Technology/HAAG Research Bird Audio/Audio Files Analysis/Low/PSL7\20240517_080000.WAV
282.0,285.0,Trochalopteron variegatum,Variegated Laughingthrush,0.9144,C:/Users/shang/OneDrive - Georgia Institute of Technology/HAAG Research Bird Audio/Audio Files Analysis/Low/PSL7\20240517_080000.WAV
297.0,300.0,Trochalopteron variegatum,Variegated Laughingthrush,0.5361,C:/Users/shang/OneDrive - Georgia Institute of Technology/HAAG Research Bird Audio/Audio Files Analysis/Low/PSL7\20240517_080000.WAV
876.0,879.0,Protonotaria citrea,Prothonotary Warbler,0.6046,C:/Users/shang/OneDrive - Georgia Institute of Technology/HAAG Research Bird Audio/Audio Files Analysis/Low/PSL7\20240517_080000.WAV
225.0,228.0,Setophaga virens,Black-throated Green Warbler,0.7413,C:/Users/shang/OneDrive - Georgia Institute of Technology/HAAG Research Bird Audio/Audio Files Analysis/Low/PSL7\20240517_090000.WAV
489.0,492.0,Phylloscopus humei,Hume's Warbler,0.9694,C:/Users/shang/OneDrive - Georgia Institute of Technology/HAAG Research Bird Audio/Audio Files Analysis/Low/PSL7\20240517_090000.WAV
528.0,531.0,Phylloscopus humei,Hume's Warbler,0.9678,C:/Users/shang/OneDrive - Georgia Institute of Technology/HAAG Research Bird Audio/Audio Files Analysis/Low/PSL7\20240517_090000.WAV
531.0,534.0,Phylloscopus humei,Hume's Warbler,0.5923,C:/Users/shang/OneDrive - Georgia Institute of Technology/HAAG Research Bird Audio/Audio Files Analysis/Low/PSL7\20240517_090000.WAV
540.0,543.0,Protonotaria citrea,Prothonotary Warbler,0.6840,C:/Users/shang/OneDrive - Georgia Institute of Technology/HAAG Research Bird Audio/Audio Files Analysis/Low/PSL7\20240517_090000.WAV
540.0,543.0,Phylloscopus occipitalis,Western Crowned Warbler,0.5879,C:/Users/shang/OneDrive - Georgia Institute of Technology/HAAG Research Bird Audio/Audio Files Analysis/Low/PSL7\20240517_090000.WAV
567.0,570.0,Phylloscopus occipitalis,Western Crowned Warbler,0.6197,C:/Users/shang/OneDrive - Georgia Institute of Technology/HAAG Research Bird Audio/Audio Files Analysis/Low/PSL7\20240517_090000.WAV
603.0,606.0,Protonotaria citrea,Prothonotary Warbler,0.6079,C:/Users/shang/OneDrive - Georgia Institute of Technology/HAAG Research Bird Audio/Audio Files Analysis/Low/PSL7\20240517_090000.WAV
612.0,615.0,Phylloscopus occipitalis,Western Crowned Warbler,0.8978,C:/Users/shang/OneDrive - Georgia Institute of Technology/HAAG Research Bird Audio/Audio Files Analysis/Low/PSL7\20240517_090000.WAV
621.0,624.0,Phylloscopus occipitalis,Western Crowned Warbler,0.5409,C:/Users/shang/OneDrive - Georgia Institute of Technology/HAAG Research Bird Audio/Audio Files Analysis/Low/PSL7\20240517_090000.WAV
777.0,780.0,Phylloscopus occipitalis,Western Crowned Warbler,0.8246,C:/Users/shang/OneDrive - Georgia Institute of Technology/HAAG Research Bird Audio/Audio Files Analysis/Low/PSL7\20240517_090000.WAV
777.0,780.0,Glaucidium gnoma,Northern Pygmy-Owl,0.5904,C:/Users/shang/OneDrive - Georgia Institute of Technology/HAAG Research Bird Audio/Audio Files Analysis/Low/PSL7\20240517_090000.WAV
795.0,798.0,Phylloscopus occipitalis,Western Crowned Warbler,0.8886,C:/Users/shang/OneDrive - Georgia Institute of Technology/HAAG Research Bird Audio/Audio Files Analysis/Low/PSL7\20240517_090000.WAV
798.0,801.0,Phylloscopus occipitalis,Western Crowned Warbler,0.7575,C:/Users/shang/OneDrive - Georgia Institute of Technology/HAAG Research Bird Audio/Audio Files Analysis/Low/PSL7\20240517_090000.WAV
18.0,21.0,Phylloscopus nitidus,Green Warbler,0.5017,C:/Users/shang/OneDrive - Georgia Institute of Technology/HAAG Research Bird Audio/Audio Files Analysis/Low/PSL7\20240518_060000.WAV
66.0,69.0,Phylloscopus occipitalis,Western Crowned Warbler,0.6592,C:/Users/shang/OneDrive - Georgia Institute of Technology/HAAG Research Bird Audio/Audio Files Analysis/Low/PSL7\20240518_060000.WAV
84.0,87.0,Larvivora brunnea,Indian Blue Robin,0.7366,C:/Users/shang/OneDrive - Georgia Institute of Technology/HAAG Research Bird Audio/Audio Files Analysis/Low/PSL7\20240518_060000.WAV
111.0,114.0,Bombycilla garrulus,Bohemian Waxwing,0.5800,C:/Users/shang/OneDrive - Georgia Institute of Technology/HAAG Research Bird Audio/Audio Files Analysis/Low/PSL7\20240518_060000.WAV
120.0,123.0,Phylloscopus occipitalis,Western Crowned Warbler,0.6231,C:/Users/shang/OneDrive - Georgia Institute of Technology/HAAG Research Bird Audio/Audio Files Analysis/Low/PSL7\20240518_060000.WAV
141.0,144.0,Protonotaria citrea,Prothonotary Warbler,0.9445,C:/Users/shang/OneDrive - Georgia Institute of Technology/HAAG Research Bird Audio/Audio Files Analysis/Low/PSL7\20240518_060000.WAV
189.0,192.0,Protonotaria citrea,Prothonotary Warbler,0.6827,C:/Users/shang/OneDrive - Georgia Institute of Technology/HAAG Research Bird Audio/Audio Files Analysis/Low/PSL7\20240518_060000.WAV
210.0,213.0,Phylloscopus occipitalis,Western Crowned Warbler,0.8602,C:/Users/shang/OneDrive - Georgia Institute of Technology/HAAG Research Bird Audio/Audio Files Analysis/Low/PSL7\20240518_060000.WAV
219.0,222.0,Phylloscopus occipitalis,Western Crowned Warbler,0.6150,C:/Users/shang/OneDrive - Georgia Institute of Technology/HAAG Research Bird Audio/Audio Files Analysis/Low/PSL7\20240518_060000.WAV
231.0,234.0,Phylloscopus occipitalis,Western Crowned Warbler,0.8688,C:/Users/shang/OneDrive - Georgia Institute of Technology/HAAG Research Bird Audio/Audio Files Analysis/Low/PSL7\20240518_060000.WAV
249.0,252.0,Larvivora brunnea,Indian Blue Robin,0.9424,C:/Users/shang/OneDrive - Georgia Institute of Technology/HAAG Research Bird Audio/Audio Files Analysis/Low/PSL7\20240518_060000.WAV
252.0,255.0,Protonotaria citrea,Prothonotary Warbler,0.6319,C:/Users/shang/OneDrive - Georgia Institute of Technology/HAAG Research Bird Audio/Audio Files Analysis/Low/PSL7\20240518_060000.WAV
267.0,270.0,Larvivora brunnea,Indian Blue Robin,0.9083,C:/Users/shang/OneDrive - Georgia Institute of Technology/HAAG Research Bird Audio/Audio Files Analysis/Low/PSL7\20240518_060000.WAV
270.0,273.0,Phylloscopus occipitalis,Western Crowned Warbler,0.8925,C:/Users/shang/OneDrive - Georgia Institute of Technology/HAAG Research Bird Audio/Audio Files Analysis/Low/PSL7\20240518_060000.WAV
276.0,279.0,Larvivora brunnea,Indian Blue Robin,0.6041,C:/Users/shang/OneDrive - Georgia Institute of Technology/HAAG Research Bird Audio/Audio Files Analysis/Low/PSL7\20240518_060000.WAV
285.0,288.0,Phylloscopus occipitalis,Western Crowned Warbler,0.5293,C:/Users/shang/OneDrive - Georgia Institute of Technology/HAAG Research Bird Audio/Audio Files Analysis/Low/PSL7\20240518_060000.WAV
303.0,306.0,Phylloscopus occipitalis,Western Crowned Warbler,0.5498,C:/Users/shang/OneDrive - Georgia Institute of Technology/HAAG Research Bird Audio/Audio Files Analysis/Low/PSL7\20240518_060000.WAV
336.0,339.0,Phylloscopus occipitalis,Western Crowned Warbler,0.5700,C:/Users/shang/OneDrive - Georgia Institute of Technology/HAAG Research Bird Audio/Audio Files Analysis/Low/PSL7\20240518_060000.WAV
342.0,345.0,Protonotaria citrea,Prothonotary Warbler,0.9264,C:/Users/shang/OneDrive - Georgia Institute of Technology/HAAG Research Bird Audio/Audio Files Analysis/Low/PSL7\20240518_060000.WAV
348.0,351.0,Larvivora brunnea,Indian Blue Robin,0.8910,C:/Users/shang/OneDrive - Georgia Institute of Technology/HAAG Research Bird Audio/Audio Files Analysis/Low/PSL7\20240518_060000.WAV
351.0,354.0,Protonotaria citrea,Prothonotary Warbler,0.6922,C:/Users/shang/OneDrive - Georgia Institute of Technology/HAAG Research Bird Audio/Audio Files Analysis/Low/PSL7\20240518_060000.WAV
366.0,369.0,Phylloscopus humei,Hume's Warbler,0.7658,C:/Users/shang/OneDrive - Georgia Institute of Technology/HAAG Research Bird Audio/Audio Files Analysis/Low/PSL7\20240518_060000.WAV
384.0,387.0,Phylloscopus occipitalis,Western Crowned Warbler,0.8093,C:/Users/shang/OneDrive - Georgia Institute of Technology/HAAG Research Bird Audio/Audio Files Analysis/Low/PSL7\20240518_060000.WAV
387.0,390.0,Phylloscopus occipitalis,Western Crowned Warbler,0.5666,C:/Users/shang/OneDrive - Georgia Institute of Technology/HAAG Research Bird Audio/Audio Files Analysis/Low/PSL7\20240518_060000.WAV
405.0,408.0,Protonotaria citrea,Prothonotary Warbler,0.7505,C:/Users/shang/OneDrive - Georgia Institute of Technology/HAAG Research Bird Audio/Audio Files Analysis/Low/PSL7\20240518_060000.WAV
417.0,420.0,Phylloscopus occipitalis,Western Crowned Warbler,0.5411,C:/Users/shang/OneDrive - Georgia Institute of Technology/HAAG Research Bird Audio/Audio Files Analysis/Low/PSL7\20240518_060000.WAV
429.0,432.0,Protonotaria citrea,Prothonotary Warbler,0.6282,C:/Users/shang/OneDrive - Georgia Institute of Technology/HAAG Research Bird Audio/Audio Files Analysis/Low/PSL7\20240518_060000.WAV
444.0,447.0,Larvivora brunnea,Indian Blue Robin,0.5248,C:/Users/shang/OneDrive - Georgia Institute of Technology/HAAG Research Bird Audio/Audio Files Analysis/Low/PSL7\20240518_060000.WAV
453.0,456.0,Larvivora brunnea,Indian Blue Robin,0.9057,C:/Users/shang/OneDrive - Georgia Institute of Technology/HAAG Research Bird Audio/Audio Files Analysis/Low/PSL7\20240518_060000.WAV
465.0,468.0,Phylloscopus occipitalis,Western Crowned Warbler,0.7922,C:/Users/shang/OneDrive - Georgia Institute of Technology/HAAG Research Bird Audio/Audio Files Analysis/Low/PSL7\20240518_060000.WAV
471.0,474.0,Protonotaria citrea,Prothonotary Warbler,0.6478,C:/Users/shang/OneDrive - Georgia Institute of Technology/HAAG Research Bird Audio/Audio Files Analysis/Low/PSL7\20240518_060000.WAV
474.0,477.0,Protonotaria citrea,Prothonotary Warbler,0.6883,C:/Users/shang/OneDrive - Georgia Institute of Technology/HAAG Research Bird Audio/Audio Files Analysis/Low/PSL7\20240518_060000.WAV
492.0,495.0,Phoenicurus phoenicurus,Common Redstart,0.8069,C:/Users/shang/OneDrive - Georgia Institute of Technology/HAAG Research Bird Audio/Audio Files Analysis/Low/PSL7\20240518_060000.WAV
501.0,504.0,Larvivora brunnea,Indian Blue Robin,0.6323,C:/Users/shang/OneDrive - Georgia Institute of Technology/HAAG Research Bird Audio/Audio Files Analysis/Low/PSL7\20240518_060000.WAV
510.0,513.0,Protonotaria citrea,Prothonotary Warbler,0.6993,C:/Users/shang/OneDrive - Georgia Institute of Technology/HAAG Research Bird Audio/Audio Files Analysis/Low/PSL7\20240518_060000.WAV
513.0,516.0,Larvivora brunnea,Indian Blue Robin,0.9342,C:/Users/shang/OneDrive - Georgia Institute of Technology/HAAG Research Bird Audio/Audio Files Analysis/Low/PSL7\20240518_060000.WAV
537.0,540.0,Periparus ater,Coal Tit,0.7346,C:/Users/shang/OneDrive - Georgia Institute of Technology/HAAG Research Bird Audio/Audio Files Analysis/Low/PSL7\20240518_060000.WAV
543.0,546.0,Protonotaria citrea,Prothonotary Warbler,0.6163,C:/Users/shang/OneDrive - Georgia Institute of Technology/HAAG Research Bird Audio/Audio Files Analysis/Low/PSL7\20240518_060000.WAV
546.0,549.0,Ficedula hypoleuca,European Pied Flycatcher,0.6939,C:/Users/shang/OneDrive - Georgia Institute of Technology/HAAG Research Bird Audio/Audio Files Analysis/Low/PSL7\20240518_060000.WAV
561.0,564.0,Phylloscopus nitidus,Green Warbler,0.6858,C:/Users/shang/OneDrive - Georgia Institute of Technology/HAAG Research Bird Audio/Audio Files Analysis/Low/PSL7\20240518_060000.WAV
564.0,567.0,Protonotaria citrea,Prothonotary Warbler,0.8955,C:/Users/shang/OneDrive - Georgia Institute of Technology/HAAG Research Bird Audio/Audio Files Analysis/Low/PSL7\20240518_060000.WAV
573.0,576.0,Phylloscopus nitidus,Green Warbler,0.9295,C:/Users/shang/OneDrive - Georgia Institute of Technology/HAAG Research Bird Audio/Audio Files Analysis/Low/PSL7\20240518_060000.WAV
591.0,594.0,Phylloscopus nitidus,Green Warbler,0.5180,C:/Users/shang/OneDrive - Georgia Institute of Technology/HAAG Research Bird Audio/Audio Files Analysis/Low/PSL7\20240518_060000.WAV
621.0,624.0,Copsychus albospecularis,Madagascar Magpie-Robin,0.5129,C:/Users/shang/OneDrive - Georgia Institute of Technology/HAAG Research Bird Audio/Audio Files Analysis/Low/PSL7\20240518_060000.WAV
624.0,627.0,Protonotaria citrea,Prothonotary Warbler,0.7244,C:/Users/shang/OneDrive - Georgia Institute of Technology/HAAG Research Bird Audio/Audio Files Analysis/Low/PSL7\20240518_060000.WAV
648.0,651.0,Larvivora brunnea,Indian Blue Robin,0.9114,C:/Users/shang/OneDrive - Georgia Institute of Technology/HAAG Research Bird Audio/Audio Files Analysis/Low/PSL7\20240518_060000.WAV
660.0,663.0,Larvivora brunnea,Indian Blue Robin,0.5604,C:/Users/shang/OneDrive - Georgia Institute of Technology/HAAG Research Bird Audio/Audio Files Analysis/Low/PSL7\20240518_060000.WAV
672.0,675.0,Larvivora brunnea,Indian Blue Robin,0.7609,C:/Users/shang/OneDrive - Georgia Institute of Technology/HAAG Research Bird Audio/Audio Files Analysis/Low/PSL7\20240518_060000.WAV
672.0,675.0,Phylloscopus nitidus,Green Warbler,0.6224,C:/Users/shang/OneDrive - Georgia Institute of Technology/HAAG Research Bird Audio/Audio Files Analysis/Low/PSL7\20240518_060000.WAV
684.0,687.0,Larvivora brunnea,Indian Blue Robin,0.9329,C:/Users/shang/OneDrive - Georgia Institute of Technology/HAAG Research Bird Audio/Audio Files Analysis/Low/PSL7\20240518_060000.WAV
717.0,720.0,Larvivora brunnea,Indian Blue Robin,0.9149,C:/Users/shang/OneDrive - Georgia Institute of Technology/HAAG Research Bird Audio/Audio Files Analysis/Low/PSL7\20240518_060000.WAV
726.0,729.0,Larvivora brunnea,Indian Blue Robin,0.7162,C:/Users/shang/OneDrive - Georgia Institute of Technology/HAAG Research Bird Audio/Audio Files Analysis/Low/PSL7\20240518_060000.WAV
756.0,759.0,Larvivora brunnea,Indian Blue Robin,0.8964,C:/Users/shang/OneDrive - Georgia Institute of Technology/HAAG Research Bird Audio/Audio Files Analysis/Low/PSL7\20240518_060000.WAV
813.0,816.0,Larvivora brunnea,Indian Blue Robin,0.5153,C:/Users/shang/OneDrive - Georgia Institute of Technology/HAAG Research Bird Audio/Audio Files Analysis/Low/PSL7\20240518_060000.WAV
828.0,831.0,Larvivora brunnea,Indian Blue Robin,0.8194,C:/Users/shang/OneDrive - Georgia Institute of Technology/HAAG Research Bird Audio/Audio Files Analysis/Low/PSL7\20240518_060000.WAV
882.0,885.0,Protonotaria citrea,Prothonotary Warbler,0.7570,C:/Users/shang/OneDrive - Georgia Institute of Technology/HAAG Research Bird Audio/Audio Files Analysis/Low/PSL7\20240518_060000.WAV
30.0,33.0,Protonotaria citrea,Prothonotary Warbler,0.5750,C:/Users/shang/OneDrive - Georgia Institute of Technology/HAAG Research Bird Audio/Audio Files Analysis/Low/PSL7\20240518_070000.WAV
45.0,48.0,Phylloscopus occipitalis,Western Crowned Warbler,0.7389,C:/Users/shang/OneDrive - Georgia Institute of Technology/HAAG Research Bird Audio/Audio Files Analysis/Low/PSL7\20240518_070000.WAV
78.0,81.0,Phylloscopus occipitalis,Western Crowned Warbler,0.6065,C:/Users/shang/OneDrive - Georgia Institute of Technology/HAAG Research Bird Audio/Audio Files Analysis/Low/PSL7\20240518_070000.WAV
84.0,87.0,Larvivora brunnea,Indian Blue Robin,0.6744,C:/Users/shang/OneDrive - Georgia Institute of Technology/HAAG Research Bird Audio/Audio Files Analysis/Low/PSL7\20240518_070000.WAV
93.0,96.0,Protonotaria citrea,Prothonotary Warbler,0.7577,C:/Users/shang/OneDrive - Georgia Institute of Technology/HAAG Research Bird Audio/Audio Files Analysis/Low/PSL7\20240518_070000.WAV
114.0,117.0,Phylloscopus occipitalis,Western Crowned Warbler,0.9082,C:/Users/shang/OneDrive - Georgia Institute of Technology/HAAG Research Bird Audio/Audio Files Analysis/Low/PSL7\20240518_070000.WAV
159.0,162.0,Phylloscopus occipitalis,Western Crowned Warbler,0.6968,C:/Users/shang/OneDrive - Georgia Institute of Technology/HAAG Research Bird Audio/Audio Files Analysis/Low/PSL7\20240518_070000.WAV
168.0,171.0,Phylloscopus occipitalis,Western Crowned Warbler,0.7315,C:/Users/shang/OneDrive - Georgia Institute of Technology/HAAG Research Bird Audio/Audio Files Analysis/Low/PSL7\20240518_070000.WAV
174.0,177.0,Phylloscopus humei,Hume's Warbler,0.5719,C:/Users/shang/OneDrive - Georgia Institute of Technology/HAAG Research Bird Audio/Audio Files Analysis/Low/PSL7\20240518_070000.WAV
183.0,186.0,Protonotaria citrea,Prothonotary Warbler,0.8762,C:/Users/shang/OneDrive - Georgia Institute of Technology/HAAG Research Bird Audio/Audio Files Analysis/Low/PSL7\20240518_070000.WAV
186.0,189.0,Phylloscopus occipitalis,Western Crowned Warbler,0.7955,C:/Users/shang/OneDrive - Georgia Institute of Technology/HAAG Research Bird Audio/Audio Files Analysis/Low/PSL7\20240518_070000.WAV
195.0,198.0,Protonotaria citrea,Prothonotary Warbler,0.9178,C:/Users/shang/OneDrive - Georgia Institute of Technology/HAAG Research Bird Audio/Audio Files Analysis/Low/PSL7\20240518_070000.WAV
201.0,204.0,Phylloscopus occipitalis,Western Crowned Warbler,0.5720,C:/Users/shang/OneDrive - Georgia Institute of Technology/HAAG Research Bird Audio/Audio Files Analysis/Low/PSL7\20240518_070000.WAV
207.0,210.0,Phylloscopus occipitalis,Western Crowned Warbler,0.5466,C:/Users/shang/OneDrive - Georgia Institute of Technology/HAAG Research Bird Audio/Audio Files Analysis/Low/PSL7\20240518_070000.WAV
213.0,216.0,Phylloscopus occipitalis,Western Crowned Warbler,0.5810,C:/Users/shang/OneDrive - Georgia Institute of Technology/HAAG Research Bird Audio/Audio Files Analysis/Low/PSL7\20240518_070000.WAV
219.0,222.0,Phylloscopus occipitalis,Western Crowned Warbler,0.7931,C:/Users/shang/OneDrive - Georgia Institute of Technology/HAAG Research Bird Audio/Audio Files Analysis/Low/PSL7\20240518_070000.WAV
231.0,234.0,Phylloscopus occipitalis,Western Crowned Warbler,0.9090,C:/Users/shang/OneDrive - Georgia Institute of Technology/HAAG Research Bird Audio/Audio Files Analysis/Low/PSL7\20240518_070000.WAV
237.0,240.0,Phylloscopus humei,Hume's Warbler,0.9032,C:/Users/shang/OneDrive - Georgia Institute of Technology/HAAG Research Bird Audio/Audio Files Analysis/Low/PSL7\20240518_070000.WAV
240.0,243.0,Phylloscopus occipitalis,Western Crowned Warbler,0.8215,C:/Users/shang/OneDrive - Georgia Institute of Technology/HAAG Research Bird Audio/Audio Files Analysis/Low/PSL7\20240518_070000.WAV
249.0,252.0,Protonotaria citrea,Prothonotary Warbler,0.8871,C:/Users/shang/OneDrive - Georgia Institute of Technology/HAAG Research Bird Audio/Audio Files Analysis/Low/PSL7\20240518_070000.WAV
267.0,270.0,Protonotaria citrea,Prothonotary Warbler,0.5887,C:/Users/shang/OneDrive - Georgia Institute of Technology/HAAG Research Bird Audio/Audio Files Analysis/Low/PSL7\20240518_070000.WAV
273.0,276.0,Phylloscopus occipitalis,Western Crowned Warbler,0.8810,C:/Users/shang/OneDrive - Georgia Institute of Technology/HAAG Research Bird Audio/Audio Files Analysis/Low/PSL7\20240518_070000.WAV
282.0,285.0,Phylloscopus occipitalis,Western Crowned Warbler,0.7021,C:/Users/shang/OneDrive - Georgia Institute of Technology/HAAG Research Bird Audio/Audio Files Analysis/Low/PSL7\20240518_070000.WAV
288.0,291.0,Phylloscopus occipitalis,Western Crowned Warbler,0.8739,C:/Users/shang/OneDrive - Georgia Institute of Technology/HAAG Research Bird Audio/Audio Files Analysis/Low/PSL7\20240518_070000.WAV
303.0,306.0,Protonotaria citrea,Prothonotary Warbler,0.6083,C:/Users/shang/OneDrive - Georgia Institute of Technology/HAAG Research Bird Audio/Audio Files Analysis/Low/PSL7\20240518_070000.WAV
306.0,309.0,Larvivora brunnea,Indian Blue Robin,0.9058,C:/Users/shang/OneDrive - Georgia Institute of Technology/HAAG Research Bird Audio/Audio Files Analysis/Low/PSL7\20240518_070000.WAV
324.0,327.0,Protonotaria citrea,Prothonotary Warbler,0.5740,C:/Users/shang/OneDrive - Georgia Institute of Technology/HAAG Research Bird Audio/Audio Files Analysis/Low/PSL7\20240518_070000.WAV
330.0,333.0,Larvivora brunnea,Indian Blue Robin,0.9368,C:/Users/shang/OneDrive - Georgia Institute of Technology/HAAG Research Bird Audio/Audio Files Analysis/Low/PSL7\20240518_070000.WAV
345.0,348.0,Phylloscopus occipitalis,Western Crowned Warbler,0.9276,C:/Users/shang/OneDrive - Georgia Institute of Technology/HAAG Research Bird Audio/Audio Files Analysis/Low/PSL7\20240518_070000.WAV
411.0,414.0,Protonotaria citrea,Prothonotary Warbler,0.8617,C:/Users/shang/OneDrive - Georgia Institute of Technology/HAAG Research Bird Audio/Audio Files Analysis/Low/PSL7\20240518_070000.WAV
648.0,651.0,Setophaga chrysoparia,Golden-cheeked Warbler,0.6643,C:/Users/shang/OneDrive - Georgia Institute of Technology/HAAG Research Bird Audio/Audio Files Analysis/Low/PSL7\20240518_070000.WAV
786.0,789.0,Ficedula parva,Red-breasted Flycatcher,0.8711,C:/Users/shang/OneDrive - Georgia Institute of Technology/HAAG Research Bird Audio/Audio Files Analysis/Low/PSL7\20240518_070000.WAV
894.0,897.0,Setophaga virens,Black-throated Green Warbler,0.7619,C:/Users/shang/OneDrive - Georgia Institute of Technology/HAAG Research Bird Audio/Audio Files Analysis/Low/PSL7\20240518_070000.WAV
99.0,102.0,Phylloscopus humei,Hume's Warbler,0.9391,C:/Users/shang/OneDrive - Georgia Institute of Technology/HAAG Research Bird Audio/Audio Files Analysis/Low/PSL7\20240518_080000.WAV
114.0,117.0,Phylloscopus humei,Hume's Warbler,0.8990,C:/Users/shang/OneDrive - Georgia Institute of Technology/HAAG Research Bird Audio/Audio Files Analysis/Low/PSL7\20240518_080000.WAV
126.0,129.0,Phylloscopus humei,Hume's Warbler,0.9521,C:/Users/shang/OneDrive - Georgia Institute of Technology/HAAG Research Bird Audio/Audio Files Analysis/Low/PSL7\20240518_080000.WAV
129.0,132.0,Phylloscopus humei,Hume's Warbler,0.9375,C:/Users/shang/OneDrive - Georgia Institute of Technology/HAAG Research Bird Audio/Audio Files Analysis/Low/PSL7\20240518_080000.WAV
141.0,144.0,Carpodacus erythrinus,Common Rosefinch,0.6767,C:/Users/shang/OneDrive - Georgia Institute of Technology/HAAG Research Bird Audio/Audio Files Analysis/Low/PSL7\20240518_080000.WAV
201.0,204.0,Carpodacus erythrinus,Common Rosefinch,0.6438,C:/Users/shang/OneDrive - Georgia Institute of Technology/HAAG Research Bird Audio/Audio Files Analysis/Low/PSL7\20240518_080000.WAV
267.0,270.0,Carpodacus erythrinus,Common Rosefinch,0.6450,C:/Users/shang/OneDrive - Georgia Institute of Technology/HAAG Research Bird Audio/Audio Files Analysis/Low/PSL7\20240518_080000.WAV
276.0,279.0,Carpodacus erythrinus,Common Rosefinch,0.7842,C:/Users/shang/OneDrive - Georgia Institute of Technology/HAAG Research Bird Audio/Audio Files Analysis/Low/PSL7\20240518_080000.WAV
390.0,393.0,Phylloscopus occipitalis,Western Crowned Warbler,0.5963,C:/Users/shang/OneDrive - Georgia Institute of Technology/HAAG Research Bird Audio/Audio Files Analysis/Low/PSL7\20240518_080000.WAV
396.0,399.0,Phylloscopus occipitalis,Western Crowned Warbler,0.6510,C:/Users/shang/OneDrive - Georgia Institute of Technology/HAAG Research Bird Audio/Audio Files Analysis/Low/PSL7\20240518_080000.WAV
405.0,408.0,Phylloscopus occipitalis,Western Crowned Warbler,0.6965,C:/Users/shang/OneDrive - Georgia Institute of Technology/HAAG Research Bird Audio/Audio Files Analysis/Low/PSL7\20240518_080000.WAV
411.0,414.0,Protonotaria citrea,Prothonotary Warbler,0.6066,C:/Users/shang/OneDrive - Georgia Institute of Technology/HAAG Research Bird Audio/Audio Files Analysis/Low/PSL7\20240518_080000.WAV
411.0,414.0,Phylloscopus occipitalis,Western Crowned Warbler,0.5128,C:/Users/shang/OneDrive - Georgia Institute of Technology/HAAG Research Bird Audio/Audio Files Analysis/Low/PSL7\20240518_080000.WAV
438.0,441.0,Phylloscopus occipitalis,Western Crowned Warbler,0.5129,C:/Users/shang/OneDrive - Georgia Institute of Technology/HAAG Research Bird Audio/Audio Files Analysis/Low/PSL7\20240518_080000.WAV
459.0,462.0,Prinia socialis,Ashy Prinia,0.5327,C:/Users/shang/OneDrive - Georgia Institute of Technology/HAAG Research Bird Audio/Audio Files Analysis/Low/PSL7\20240518_080000.WAV
669.0,672.0,Protonotaria citrea,Prothonotary Warbler,0.8251,C:/Users/shang/OneDrive - Georgia Institute of Technology/HAAG Research Bird Audio/Audio Files Analysis/Low/PSL7\20240518_080000.WAV
681.0,684.0,Phylloscopus occipitalis,Western Crowned Warbler,0.5862,C:/Users/shang/OneDrive - Georgia Institute of Technology/HAAG Research Bird Audio/Audio Files Analysis/Low/PSL7\20240518_080000.WAV
690.0,693.0,Protonotaria citrea,Prothonotary Warbler,0.7528,C:/Users/shang/OneDrive - Georgia Institute of Technology/HAAG Research Bird Audio/Audio Files Analysis/Low/PSL7\20240518_080000.WAV
717.0,720.0,Protonotaria citrea,Prothonotary Warbler,0.8353,C:/Users/shang/OneDrive - Georgia Institute of Technology/HAAG Research Bird Audio/Audio Files Analysis/Low/PSL7\20240518_080000.WAV
726.0,729.0,Protonotaria citrea,Prothonotary Warbler,0.8349,C:/Users/shang/OneDrive - Georgia Institute of Technology/HAAG Research Bird Audio/Audio Files Analysis/Low/PSL7\20240518_080000.WAV
744.0,747.0,Protonotaria citrea,Prothonotary Warbler,0.7435,C:/Users/shang/OneDrive - Georgia Institute of Technology/HAAG Research Bird Audio/Audio Files Analysis/Low/PSL7\20240518_080000.WAV
777.0,780.0,Phylloscopus occipitalis,Western Crowned Warbler,0.5747,C:/Users/shang/OneDrive - Georgia Institute of Technology/HAAG Research Bird Audio/Audio Files Analysis/Low/PSL7\20240518_080000.WAV
798.0,801.0,Protonotaria citrea,Prothonotary Warbler,0.8737,C:/Users/shang/OneDrive - Georgia Institute of Technology/HAAG Research Bird Audio/Audio Files Analysis/Low/PSL7\20240518_080000.WAV
879.0,882.0,Protonotaria citrea,Prothonotary Warbler,0.7886,C:/Users/shang/OneDrive - Georgia Institute of Technology/HAAG Research Bird Audio/Audio Files Analysis/Low/PSL7\20240518_080000.WAV
885.0,888.0,Protonotaria citrea,Prothonotary Warbler,0.5093,C:/Users/shang/OneDrive - Georgia Institute of Technology/HAAG Research Bird Audio/Audio Files Analysis/Low/PSL7\20240518_080000.WAV
894.0,897.0,Protonotaria citrea,Prothonotary Warbler,0.8842,C:/Users/shang/OneDrive - Georgia Institute of Technology/HAAG Research Bird Audio/Audio Files Analysis/Low/PSL7\20240518_080000.WAV
12.0,15.0,Phylloscopus trochiloides,Greenish Warbler,0.5246,C:/Users/shang/OneDrive - Georgia Institute of Technology/HAAG Research Bird Audio/Audio Files Analysis/Low/PSL7\20240518_090000.WAV
57.0,60.0,Trochalopteron variegatum,Variegated Laughingthrush,0.9590,C:/Users/shang/OneDrive - Georgia Institute of Technology/HAAG Research Bird Audio/Audio Files Analysis/Low/PSL7\20240518_090000.WAV
63.0,66.0,Trochalopteron variegatum,Variegated Laughingthrush,0.8789,C:/Users/shang/OneDrive - Georgia Institute of Technology/HAAG Research Bird Audio/Audio Files Analysis/Low/PSL7\20240518_090000.WAV
66.0,69.0,Trochalopteron variegatum,Variegated Laughingthrush,0.9611,C:/Users/shang/OneDrive - Georgia Institute of Technology/HAAG Research Bird Audio/Audio Files Analysis/Low/PSL7\20240518_090000.WAV
72.0,75.0,Trochalopteron variegatum,Variegated Laughingthrush,0.8307,C:/Users/shang/OneDrive - Georgia Institute of Technology/HAAG Research Bird Audio/Audio Files Analysis/Low/PSL7\20240518_090000.WAV
78.0,81.0,Phylloscopus nitidus,Green Warbler,0.5055,C:/Users/shang/OneDrive - Georgia Institute of Technology/HAAG Research Bird Audio/Audio Files Analysis/Low/PSL7\20240518_090000.WAV
81.0,84.0,Phylloscopus nitidus,Green Warbler,0.8579,C:/Users/shang/OneDrive - Georgia Institute of Technology/HAAG Research Bird Audio/Audio Files Analysis/Low/PSL7\20240518_090000.WAV
93.0,96.0,Trochalopteron variegatum,Variegated Laughingthrush,0.9839,C:/Users/shang/OneDrive - Georgia Institute of Technology/HAAG Research Bird Audio/Audio Files Analysis/Low/PSL7\20240518_090000.WAV
99.0,102.0,Phylloscopus nitidus,Green Warbler,0.8624,C:/Users/shang/OneDrive - Georgia Institute of Technology/HAAG Research Bird Audio/Audio Files Analysis/Low/PSL7\20240518_090000.WAV
99.0,102.0,Phylloscopus trochiloides,Greenish Warbler,0.5130,C:/Users/shang/OneDrive - Georgia Institute of Technology/HAAG Research Bird Audio/Audio Files Analysis/Low/PSL7\20240518_090000.WAV
111.0,114.0,Trochalopteron variegatum,Variegated Laughingthrush,0.9635,C:/Users/shang/OneDrive - Georgia Institute of Technology/HAAG Research Bird Audio/Audio Files Analysis/Low/PSL7\20240518_090000.WAV
117.0,120.0,Phylloscopus nitidus,Green Warbler,0.5034,C:/Users/shang/OneDrive - Georgia Institute of Technology/HAAG Research Bird Audio/Audio Files Analysis/Low/PSL7\20240518_090000.WAV
120.0,123.0,Trochalopteron variegatum,Variegated Laughingthrush,0.5141,C:/Users/shang/OneDrive - Georgia Institute of Technology/HAAG Research Bird Audio/Audio Files Analysis/Low/PSL7\20240518_090000.WAV
126.0,129.0,Trochalopteron variegatum,Variegated Laughingthrush,0.9447,C:/Users/shang/OneDrive - Georgia Institute of Technology/HAAG Research Bird Audio/Audio Files Analysis/Low/PSL7\20240518_090000.WAV
129.0,132.0,Phylloscopus nitidus,Green Warbler,0.9485,C:/Users/shang/OneDrive - Georgia Institute of Technology/HAAG Research Bird Audio/Audio Files Analysis/Low/PSL7\20240518_090000.WAV
132.0,135.0,Trochalopteron variegatum,Variegated Laughingthrush,0.9712,C:/Users/shang/OneDrive - Georgia Institute of Technology/HAAG Research Bird Audio/Audio Files Analysis/Low/PSL7\20240518_090000.WAV
150.0,153.0,Trochalopteron variegatum,Variegated Laughingthrush,0.6989,C:/Users/shang/OneDrive - Georgia Institute of Technology/HAAG Research Bird Audio/Audio Files Analysis/Low/PSL7\20240518_090000.WAV
210.0,213.0,Trochalopteron variegatum,Variegated Laughingthrush,0.8096,C:/Users/shang/OneDrive - Georgia Institute of Technology/HAAG Research Bird Audio/Audio Files Analysis/Low/PSL7\20240518_090000.WAV
216.0,219.0,Trochalopteron variegatum,Variegated Laughingthrush,0.9662,C:/Users/shang/OneDrive - Georgia Institute of Technology/HAAG Research Bird Audio/Audio Files Analysis/Low/PSL7\20240518_090000.WAV
219.0,222.0,Trochalopteron variegatum,Variegated Laughingthrush,0.8379,C:/Users/shang/OneDrive - Georgia Institute of Technology/HAAG Research Bird Audio/Audio Files Analysis/Low/PSL7\20240518_090000.WAV
222.0,225.0,Trochalopteron variegatum,Variegated Laughingthrush,0.8309,C:/Users/shang/OneDrive - Georgia Institute of Technology/HAAG Research Bird Audio/Audio Files Analysis/Low/PSL7\20240518_090000.WAV
225.0,228.0,Trochalopteron variegatum,Variegated Laughingthrush,0.9821,C:/Users/shang/OneDrive - Georgia Institute of Technology/HAAG Research Bird Audio/Audio Files Analysis/Low/PSL7\20240518_090000.WAV
228.0,231.0,Trochalopteron variegatum,Variegated Laughingthrush,0.9717,C:/Users/shang/OneDrive - Georgia Institute of Technology/HAAG Research Bird Audio/Audio Files Analysis/Low/PSL7\20240518_090000.WAV
231.0,234.0,Trochalopteron variegatum,Variegated Laughingthrush,0.6023,C:/Users/shang/OneDrive - Georgia Institute of Technology/HAAG Research Bird Audio/Audio Files Analysis/Low/PSL7\20240518_090000.WAV
237.0,240.0,Trochalopteron variegatum,Variegated Laughingthrush,0.9137,C:/Users/shang/OneDrive - Georgia Institute of Technology/HAAG Research Bird Audio/Audio Files Analysis/Low/PSL7\20240518_090000.WAV
240.0,243.0,Trochalopteron variegatum,Variegated Laughingthrush,0.9742,C:/Users/shang/OneDrive - Georgia Institute of Technology/HAAG Research Bird Audio/Audio Files Analysis/Low/PSL7\20240518_090000.WAV
243.0,246.0,Trochalopteron variegatum,Variegated Laughingthrush,0.8977,C:/Users/shang/OneDrive - Georgia Institute of Technology/HAAG Research Bird Audio/Audio Files Analysis/Low/PSL7\20240518_090000.WAV
246.0,249.0,Trochalopteron variegatum,Variegated Laughingthrush,0.9243,C:/Users/shang/OneDrive - Georgia Institute of Technology/HAAG Research Bird Audio/Audio Files Analysis/Low/PSL7\20240518_090000.WAV
252.0,255.0,Trochalopteron variegatum,Variegated Laughingthrush,0.9641,C:/Users/shang/OneDrive - Georgia Institute of Technology/HAAG Research Bird Audio/Audio Files Analysis/Low/PSL7\20240518_090000.WAV
255.0,258.0,Trochalopteron variegatum,Variegated Laughingthrush,0.8048,C:/Users/shang/OneDrive - Georgia Institute of Technology/HAAG Research Bird Audio/Audio Files Analysis/Low/PSL7\20240518_090000.WAV
261.0,264.0,Trochalopteron variegatum,Variegated Laughingthrush,0.6909,C:/Users/shang/OneDrive - Georgia Institute of Technology/HAAG Research Bird Audio/Audio Files Analysis/Low/PSL7\20240518_090000.WAV
264.0,267.0,Trochalopteron variegatum,Variegated Laughingthrush,0.9827,C:/Users/shang/OneDrive - Georgia Institute of Technology/HAAG Research Bird Audio/Audio Files Analysis/Low/PSL7\20240518_090000.WAV
267.0,270.0,Trochalopteron variegatum,Variegated Laughingthrush,0.9282,C:/Users/shang/OneDrive - Georgia Institute of Technology/HAAG Research Bird Audio/Audio Files Analysis/Low/PSL7\20240518_090000.WAV
273.0,276.0,Trochalopteron variegatum,Variegated Laughingthrush,0.5585,C:/Users/shang/OneDrive - Georgia Institute of Technology/HAAG Research Bird Audio/Audio Files Analysis/Low/PSL7\20240518_090000.WAV
276.0,279.0,Trochalopteron variegatum,Variegated Laughingthrush,0.7563,C:/Users/shang/OneDrive - Georgia Institute of Technology/HAAG Research Bird Audio/Audio Files Analysis/Low/PSL7\20240518_090000.WAV
294.0,297.0,Protonotaria citrea,Prothonotary Warbler,0.5623,C:/Users/shang/OneDrive - Georgia Institute of Technology/HAAG Research Bird Audio/Audio Files Analysis/Low/PSL7\20240518_090000.WAV
402.0,405.0,Protonotaria citrea,Prothonotary Warbler,0.9758,C:/Users/shang/OneDrive - Georgia Institute of Technology/HAAG Research Bird Audio/Audio Files Analysis/Low/PSL7\20240518_090000.WAV
408.0,411.0,Protonotaria citrea,Prothonotary Warbler,0.8969,C:/Users/shang/OneDrive - Georgia Institute of Technology/HAAG Research Bird Audio/Audio Files Analysis/Low/PSL7\20240518_090000.WAV
411.0,414.0,Phylloscopus occipitalis,Western Crowned Warbler,0.8562,C:/Users/shang/OneDrive - Georgia Institute of Technology/HAAG Research Bird Audio/Audio Files Analysis/Low/PSL7\20240518_090000.WAV
414.0,417.0,Phylloscopus occipitalis,Western Crowned Warbler,0.7878,C:/Users/shang/OneDrive - Georgia Institute of Technology/HAAG Research Bird Audio/Audio Files Analysis/Low/PSL7\20240518_090000.WAV
420.0,423.0,Phylloscopus occipitalis,Western Crowned Warbler,0.5765,C:/Users/shang/OneDrive - Georgia Institute of Technology/HAAG Research Bird Audio/Audio Files Analysis/Low/PSL7\20240518_090000.WAV
432.0,435.0,Protonotaria citrea,Prothonotary Warbler,0.8982,C:/Users/shang/OneDrive - Georgia Institute of Technology/HAAG Research Bird Audio/Audio Files Analysis/Low/PSL7\20240518_090000.WAV
441.0,444.0,Phylloscopus occipitalis,Western Crowned Warbler,0.7179,C:/Users/shang/OneDrive - Georgia Institute of Technology/HAAG Research Bird Audio/Audio Files Analysis/Low/PSL7\20240518_090000.WAV
444.0,447.0,Phylloscopus occipitalis,Western Crowned Warbler,0.7333,C:/Users/shang/OneDrive - Georgia Institute of Technology/HAAG Research Bird Audio/Audio Files Analysis/Low/PSL7\20240518_090000.WAV
459.0,462.0,Phylloscopus occipitalis,Western Crowned Warbler,0.9469,C:/Users/shang/OneDrive - Georgia Institute of Technology/HAAG Research Bird Audio/Audio Files Analysis/Low/PSL7\20240518_090000.WAV
480.0,483.0,Phylloscopus occipitalis,Western Crowned Warbler,0.8571,C:/Users/shang/OneDrive - Georgia Institute of Technology/HAAG Research Bird Audio/Audio Files Analysis/Low/PSL7\20240518_090000.WAV
489.0,492.0,Phylloscopus occipitalis,Western Crowned Warbler,0.8780,C:/Users/shang/OneDrive - Georgia Institute of Technology/HAAG Research Bird Audio/Audio Files Analysis/Low/PSL7\20240518_090000.WAV
513.0,516.0,Phylloscopus occipitalis,Western Crowned Warbler,0.6084,C:/Users/shang/OneDrive - Georgia Institute of Technology/HAAG Research Bird Audio/Audio Files Analysis/Low/PSL7\20240518_090000.WAV
519.0,522.0,Phylloscopus occipitalis,Western Crowned Warbler,0.5103,C:/Users/shang/OneDrive - Georgia Institute of Technology/HAAG Research Bird Audio/Audio Files Analysis/Low/PSL7\20240518_090000.WAV
528.0,531.0,Protonotaria citrea,Prothonotary Warbler,0.6010,C:/Users/shang/OneDrive - Georgia Institute of Technology/HAAG Research Bird Audio/Audio Files Analysis/Low/PSL7\20240518_090000.WAV
765.0,768.0,Protonotaria citrea,Prothonotary Warbler,0.5313,C:/Users/shang/OneDrive - Georgia Institute of Technology/HAAG Research Bird Audio/Audio Files Analysis/Low/PSL7\20240518_090000.WAV
786.0,789.0,Phylloscopus occipitalis,Western Crowned Warbler,0.7401,C:/Users/shang/OneDrive - Georgia Institute of Technology/HAAG Research Bird Audio/Audio Files Analysis/Low/PSL7\20240518_090000.WAV
870.0,873.0,Phylloscopus occipitalis,Western Crowned Warbler,0.5282,C:/Users/shang/OneDrive - Georgia Institute of Technology/HAAG Research Bird Audio/Audio Files Analysis/Low/PSL7\20240518_090000.WAV
0,3.0,Phylloscopus occipitalis,Western Crowned Warbler,0.6268,C:/Users/shang/OneDrive - Georgia Institute of Technology/HAAG Research Bird Audio/Audio Files Analysis/Low/PSL7\20240519_060000.WAV
3.0,6.0,Phylloscopus occipitalis,Western Crowned Warbler,0.7473,C:/Users/shang/OneDrive - Georgia Institute of Technology/HAAG Research Bird Audio/Audio Files Analysis/Low/PSL7\20240519_060000.WAV
39.0,42.0,Phylloscopus occipitalis,Western Crowned Warbler,0.6972,C:/Users/shang/OneDrive - Georgia Institute of Technology/HAAG Research Bird Audio/Audio Files Analysis/Low/PSL7\20240519_060000.WAV
42.0,45.0,Phylloscopus occipitalis,Western Crowned Warbler,0.7699,C:/Users/shang/OneDrive - Georgia Institute of Technology/HAAG Research Bird Audio/Audio Files Analysis/Low/PSL7\20240519_060000.WAV
81.0,84.0,Larvivora brunnea,Indian Blue Robin,0.5292,C:/Users/shang/OneDrive - Georgia Institute of Technology/HAAG Research Bird Audio/Audio Files Analysis/Low/PSL7\20240519_060000.WAV
96.0,99.0,Phylloscopus humei,Hume's Warbler,0.6177,C:/Users/shang/OneDrive - Georgia Institute of Technology/HAAG Research Bird Audio/Audio Files Analysis/Low/PSL7\20240519_060000.WAV
105.0,108.0,Larvivora brunnea,Indian Blue Robin,0.9198,C:/Users/shang/OneDrive - Georgia Institute of Technology/HAAG Research Bird Audio/Audio Files Analysis/Low/PSL7\20240519_060000.WAV
111.0,114.0,Protonotaria citrea,Prothonotary Warbler,0.7516,C:/Users/shang/OneDrive - Georgia Institute of Technology/HAAG Research Bird Audio/Audio Files Analysis/Low/PSL7\20240519_060000.WAV
114.0,117.0,Protonotaria citrea,Prothonotary Warbler,0.8722,C:/Users/shang/OneDrive - Georgia Institute of Technology/HAAG Research Bird Audio/Audio Files Analysis/Low/PSL7\20240519_060000.WAV
147.0,150.0,Phylloscopus humei,Hume's Warbler,0.5961,C:/Users/shang/OneDrive - Georgia Institute of Technology/HAAG Research Bird Audio/Audio Files Analysis/Low/PSL7\20240519_060000.WAV
162.0,165.0,Phylloscopus humei,Hume's Warbler,0.6925,C:/Users/shang/OneDrive - Georgia Institute of Technology/HAAG Research Bird Audio/Audio Files Analysis/Low/PSL7\20240519_060000.WAV
186.0,189.0,Phylloscopus humei,Hume's Warbler,0.8003,C:/Users/shang/OneDrive - Georgia Institute of Technology/HAAG Research Bird Audio/Audio Files Analysis/Low/PSL7\20240519_060000.WAV
204.0,207.0,Phylloscopus humei,Hume's Warbler,0.8327,C:/Users/shang/OneDrive - Georgia Institute of Technology/HAAG Research Bird Audio/Audio Files Analysis/Low/PSL7\20240519_060000.WAV
255.0,258.0,Phylloscopus occipitalis,Western Crowned Warbler,0.5861,C:/Users/shang/OneDrive - Georgia Institute of Technology/HAAG Research Bird Audio/Audio Files Analysis/Low/PSL7\20240519_060000.WAV
273.0,276.0,Protonotaria citrea,Prothonotary Warbler,0.5070,C:/Users/shang/OneDrive - Georgia Institute of Technology/HAAG Research Bird Audio/Audio Files Analysis/Low/PSL7\20240519_060000.WAV
291.0,294.0,Phylloscopus occipitalis,Western Crowned Warbler,0.5506,C:/Users/shang/OneDrive - Georgia Institute of Technology/HAAG Research Bird Audio/Audio Files Analysis/Low/PSL7\20240519_060000.WAV
318.0,321.0,Phylloscopus occipitalis,Western Crowned Warbler,0.8448,C:/Users/shang/OneDrive - Georgia Institute of Technology/HAAG Research Bird Audio/Audio Files Analysis/Low/PSL7\20240519_060000.WAV
321.0,324.0,Phylloscopus occipitalis,Western Crowned Warbler,0.8709,C:/Users/shang/OneDrive - Georgia Institute of Technology/HAAG Research Bird Audio/Audio Files Analysis/Low/PSL7\20240519_060000.WAV
336.0,339.0,Phylloscopus occipitalis,Western Crowned Warbler,0.5747,C:/Users/shang/OneDrive - Georgia Institute of Technology/HAAG Research Bird Audio/Audio Files Analysis/Low/PSL7\20240519_060000.WAV
444.0,447.0,Trochalopteron variegatum,Variegated Laughingthrush,0.6002,C:/Users/shang/OneDrive - Georgia Institute of Technology/HAAG Research Bird Audio/Audio Files Analysis/Low/PSL7\20240519_060000.WAV
492.0,495.0,Phylloscopus nitidus,Green Warbler,0.8207,C:/Users/shang/OneDrive - Georgia Institute of Technology/HAAG Research Bird Audio/Audio Files Analysis/Low/PSL7\20240519_060000.WAV
516.0,519.0,Phylloscopus nitidus,Green Warbler,0.9468,C:/Users/shang/OneDrive - Georgia Institute of Technology/HAAG Research Bird Audio/Audio Files Analysis/Low/PSL7\20240519_060000.WAV
525.0,528.0,Phylloscopus trochiloides,Greenish Warbler,0.6377,C:/Users/shang/OneDrive - Georgia Institute of Technology/HAAG Research Bird Audio/Audio Files Analysis/Low/PSL7\20240519_060000.WAV
531.0,534.0,Protonotaria citrea,Prothonotary Warbler,0.6800,C:/Users/shang/OneDrive - Georgia Institute of Technology/HAAG Research Bird Audio/Audio Files Analysis/Low/PSL7\20240519_060000.WAV
534.0,537.0,Phylloscopus occipitalis,Western Crowned Warbler,0.7291,C:/Users/shang/OneDrive - Georgia Institute of Technology/HAAG Research Bird Audio/Audio Files Analysis/Low/PSL7\20240519_060000.WAV
549.0,552.0,Phylloscopus nitidus,Green Warbler,0.7579,C:/Users/shang/OneDrive - Georgia Institute of Technology/HAAG Research Bird Audio/Audio Files Analysis/Low/PSL7\20240519_060000.WAV
600.0,603.0,Phylloscopus nitidus,Green Warbler,0.9772,C:/Users/shang/OneDrive - Georgia Institute of Technology/HAAG Research Bird Audio/Audio Files Analysis/Low/PSL7\20240519_060000.WAV
612.0,615.0,Phylloscopus nitidus,Green Warbler,0.5789,C:/Users/shang/OneDrive - Georgia Institute of Technology/HAAG Research Bird Audio/Audio Files Analysis/Low/PSL7\20240519_060000.WAV
624.0,627.0,Protonotaria citrea,Prothonotary Warbler,0.9785,C:/Users/shang/OneDrive - Georgia Institute of Technology/HAAG Research Bird Audio/Audio Files Analysis/Low/PSL7\20240519_060000.WAV
681.0,684.0,Setophaga virens,Black-throated Green Warbler,0.5181,C:/Users/shang/OneDrive - Georgia Institute of Technology/HAAG Research Bird Audio/Audio Files Analysis/Low/PSL7\20240519_060000.WAV
858.0,861.0,Phylloscopus nitidus,Green Warbler,0.6201,C:/Users/shang/OneDrive - Georgia Institute of Technology/HAAG Research Bird Audio/Audio Files Analysis/Low/PSL7\20240519_060000.WAV
69.0,72.0,Phylloscopus occipitalis,Western Crowned Warbler,0.8312,C:/Users/shang/OneDrive - Georgia Institute of Technology/HAAG Research Bird Audio/Audio Files Analysis/Low/PSL7\20240519_070000.WAV
132.0,135.0,Phylloscopus humei,Hume's Warbler,0.9320,C:/Users/shang/OneDrive - Georgia Institute of Technology/HAAG Research Bird Audio/Audio Files Analysis/Low/PSL7\20240519_070000.WAV
159.0,162.0,Bombycilla garrulus,Bohemian Waxwing,0.5367,C:/Users/shang/OneDrive - Georgia Institute of Technology/HAAG Research Bird Audio/Audio Files Analysis/Low/PSL7\20240519_070000.WAV
174.0,177.0,Prunella strophiata,Rufous-breasted Accentor,0.6242,C:/Users/shang/OneDrive - Georgia Institute of Technology/HAAG Research Bird Audio/Audio Files Analysis/Low/PSL7\20240519_070000.WAV
225.0,228.0,Phylloscopus nitidus,Green Warbler,0.5128,C:/Users/shang/OneDrive - Georgia Institute of Technology/HAAG Research Bird Audio/Audio Files Analysis/Low/PSL7\20240519_070000.WAV
240.0,243.0,Prunella strophiata,Rufous-breasted Accentor,0.8014,C:/Users/shang/OneDrive - Georgia Institute of Technology/HAAG Research Bird Audio/Audio Files Analysis/Low/PSL7\20240519_070000.WAV
282.0,285.0,Protonotaria citrea,Prothonotary Warbler,0.6192,C:/Users/shang/OneDrive - Georgia Institute of Technology/HAAG Research Bird Audio/Audio Files Analysis/Low/PSL7\20240519_070000.WAV
294.0,297.0,Larvivora brunnea,Indian Blue Robin,0.5675,C:/Users/shang/OneDrive - Georgia Institute of Technology/HAAG Research Bird Audio/Audio Files Analysis/Low/PSL7\20240519_070000.WAV
297.0,300.0,Phylloscopus occipitalis,Western Crowned Warbler,0.5597,C:/Users/shang/OneDrive - Georgia Institute of Technology/HAAG Research Bird Audio/Audio Files Analysis/Low/PSL7\20240519_070000.WAV
324.0,327.0,Phylloscopus occipitalis,Western Crowned Warbler,0.5079,C:/Users/shang/OneDrive - Georgia Institute of Technology/HAAG Research Bird Audio/Audio Files Analysis/Low/PSL7\20240519_070000.WAV
420.0,423.0,Protonotaria citrea,Prothonotary Warbler,0.7844,C:/Users/shang/OneDrive - Georgia Institute of Technology/HAAG Research Bird Audio/Audio Files Analysis/Low/PSL7\20240519_070000.WAV
423.0,426.0,Ficedula tricolor,Slaty-blue Flycatcher,0.5146,C:/Users/shang/OneDrive - Georgia Institute of Technology/HAAG Research Bird Audio/Audio Files Analysis/Low/PSL7\20240519_070000.WAV
438.0,441.0,Ficedula tricolor,Slaty-blue Flycatcher,0.5746,C:/Users/shang/OneDrive - Georgia Institute of Technology/HAAG Research Bird Audio/Audio Files Analysis/Low/PSL7\20240519_070000.WAV
444.0,447.0,Ficedula tricolor,Slaty-blue Flycatcher,0.8576,C:/Users/shang/OneDrive - Georgia Institute of Technology/HAAG Research Bird Audio/Audio Files Analysis/Low/PSL7\20240519_070000.WAV
450.0,453.0,Phylloscopus humei,Hume's Warbler,0.5031,C:/Users/shang/OneDrive - Georgia Institute of Technology/HAAG Research Bird Audio/Audio Files Analysis/Low/PSL7\20240519_070000.WAV
456.0,459.0,Bombycilla garrulus,Bohemian Waxwing,0.7638,C:/Users/shang/OneDrive - Georgia Institute of Technology/HAAG Research Bird Audio/Audio Files Analysis/Low/PSL7\20240519_070000.WAV
462.0,465.0,Protonotaria citrea,Prothonotary Warbler,0.5499,C:/Users/shang/OneDrive - Georgia Institute of Technology/HAAG Research Bird Audio/Audio Files Analysis/Low/PSL7\20240519_070000.WAV
474.0,477.0,Protonotaria citrea,Prothonotary Warbler,0.5371,C:/Users/shang/OneDrive - Georgia Institute of Technology/HAAG Research Bird Audio/Audio Files Analysis/Low/PSL7\20240519_070000.WAV
489.0,492.0,Protonotaria citrea,Prothonotary Warbler,0.5482,C:/Users/shang/OneDrive - Georgia Institute of Technology/HAAG Research Bird Audio/Audio Files Analysis/Low/PSL7\20240519_070000.WAV
678.0,681.0,Larvivora brunnea,Indian Blue Robin,0.6783,C:/Users/shang/OneDrive - Georgia Institute of Technology/HAAG Research Bird Audio/Audio Files Analysis/Low/PSL7\20240519_070000.WAV
723.0,726.0,Phylloscopus humei,Hume's Warbler,0.9927,C:/Users/shang/OneDrive - Georgia Institute of Technology/HAAG Research Bird Audio/Audio Files Analysis/Low/PSL7\20240519_070000.WAV
762.0,765.0,Phylloscopus humei,Hume's Warbler,0.7744,C:/Users/shang/OneDrive - Georgia Institute of Technology/HAAG Research Bird Audio/Audio Files Analysis/Low/PSL7\20240519_070000.WAV
765.0,768.0,Certhia americana,Brown Creeper,0.8669,C:/Users/shang/OneDrive - Georgia Institute of Technology/HAAG Research Bird Audio/Audio Files Analysis/Low/PSL7\20240519_070000.WAV
819.0,822.0,Phylloscopus humei,Hume's Warbler,0.9492,C:/Users/shang/OneDrive - Georgia Institute of Technology/HAAG Research Bird Audio/Audio Files Analysis/Low/PSL7\20240519_070000.WAV
822.0,825.0,Phylloscopus humei,Hume's Warbler,0.8767,C:/Users/shang/OneDrive - Georgia Institute of Technology/HAAG Research Bird Audio/Audio Files Analysis/Low/PSL7\20240519_070000.WAV
858.0,861.0,Phylloscopus humei,Hume's Warbler,0.7891,C:/Users/shang/OneDrive - Georgia Institute of Technology/HAAG Research Bird Audio/Audio Files Analysis/Low/PSL7\20240519_070000.WAV
171.0,174.0,Anthus hodgsoni,Olive-backed Pipit,0.9931,C:/Users/shang/OneDrive - Georgia Institute of Technology/HAAG Research Bird Audio/Audio Files Analysis/Low/PSL7\20240519_080000.WAV
174.0,177.0,Anthus hodgsoni,Olive-backed Pipit,0.5596,C:/Users/shang/OneDrive - Georgia Institute of Technology/HAAG Research Bird Audio/Audio Files Analysis/Low/PSL7\20240519_080000.WAV
189.0,192.0,Protonotaria citrea,Prothonotary Warbler,0.7958,C:/Users/shang/OneDrive - Georgia Institute of Technology/HAAG Research Bird Audio/Audio Files Analysis/Low/PSL7\20240519_080000.WAV
198.0,201.0,Phylloscopus occipitalis,Western Crowned Warbler,0.8307,C:/Users/shang/OneDrive - Georgia Institute of Technology/HAAG Research Bird Audio/Audio Files Analysis/Low/PSL7\20240519_080000.WAV
201.0,204.0,Phylloscopus occipitalis,Western Crowned Warbler,0.7336,C:/Users/shang/OneDrive - Georgia Institute of Technology/HAAG Research Bird Audio/Audio Files Analysis/Low/PSL7\20240519_080000.WAV
207.0,210.0,Phylloscopus occipitalis,Western Crowned Warbler,0.8355,C:/Users/shang/OneDrive - Georgia Institute of Technology/HAAG Research Bird Audio/Audio Files Analysis/Low/PSL7\20240519_080000.WAV
231.0,234.0,Phylloscopus occipitalis,Western Crowned Warbler,0.8122,C:/Users/shang/OneDrive - Georgia Institute of Technology/HAAG Research Bird Audio/Audio Files Analysis/Low/PSL7\20240519_080000.WAV
252.0,255.0,Phylloscopus occipitalis,Western Crowned Warbler,0.5801,C:/Users/shang/OneDrive - Georgia Institute of Technology/HAAG Research Bird Audio/Audio Files Analysis/Low/PSL7\20240519_080000.WAV
252.0,255.0,Protonotaria citrea,Prothonotary Warbler,0.5486,C:/Users/shang/OneDrive - Georgia Institute of Technology/HAAG Research Bird Audio/Audio Files Analysis/Low/PSL7\20240519_080000.WAV
264.0,267.0,Phylloscopus occipitalis,Western Crowned Warbler,0.5160,C:/Users/shang/OneDrive - Georgia Institute of Technology/HAAG Research Bird Audio/Audio Files Analysis/Low/PSL7\20240519_080000.WAV
321.0,324.0,Protonotaria citrea,Prothonotary Warbler,0.8572,C:/Users/shang/OneDrive - Georgia Institute of Technology/HAAG Research Bird Audio/Audio Files Analysis/Low/PSL7\20240519_080000.WAV
324.0,327.0,Phylloscopus occipitalis,Western Crowned Warbler,0.7977,C:/Users/shang/OneDrive - Georgia Institute of Technology/HAAG Research Bird Audio/Audio Files Analysis/Low/PSL7\20240519_080000.WAV
327.0,330.0,Phylloscopus occipitalis,Western Crowned Warbler,0.6841,C:/Users/shang/OneDrive - Georgia Institute of Technology/HAAG Research Bird Audio/Audio Files Analysis/Low/PSL7\20240519_080000.WAV
339.0,342.0,Phylloscopus occipitalis,Western Crowned Warbler,0.6987,C:/Users/shang/OneDrive - Georgia Institute of Technology/HAAG Research Bird Audio/Audio Files Analysis/Low/PSL7\20240519_080000.WAV
345.0,348.0,Phylloscopus occipitalis,Western Crowned Warbler,0.5792,C:/Users/shang/OneDrive - Georgia Institute of Technology/HAAG Research Bird Audio/Audio Files Analysis/Low/PSL7\20240519_080000.WAV
381.0,384.0,Phylloscopus trochiloides,Greenish Warbler,0.6588,C:/Users/shang/OneDrive - Georgia Institute of Technology/HAAG Research Bird Audio/Audio Files Analysis/Low/PSL7\20240519_080000.WAV
387.0,390.0,Protonotaria citrea,Prothonotary Warbler,0.6310,C:/Users/shang/OneDrive - Georgia Institute of Technology/HAAG Research Bird Audio/Audio Files Analysis/Low/PSL7\20240519_080000.WAV
399.0,402.0,Phylloscopus nitidus,Green Warbler,0.9105,C:/Users/shang/OneDrive - Georgia Institute of Technology/HAAG Research Bird Audio/Audio Files Analysis/Low/PSL7\20240519_080000.WAV
405.0,408.0,Larvivora brunnea,Indian Blue Robin,0.9031,C:/Users/shang/OneDrive - Georgia Institute of Technology/HAAG Research Bird Audio/Audio Files Analysis/Low/PSL7\20240519_080000.WAV
411.0,414.0,Phylloscopus nitidus,Green Warbler,0.8655,C:/Users/shang/OneDrive - Georgia Institute of Technology/HAAG Research Bird Audio/Audio Files Analysis/Low/PSL7\20240519_080000.WAV
453.0,456.0,Ficedula tricolor,Slaty-blue Flycatcher,0.5208,C:/Users/shang/OneDrive - Georgia Institute of Technology/HAAG Research Bird Audio/Audio Files Analysis/Low/PSL7\20240519_080000.WAV
477.0,480.0,Phoenicurus auroreus,Daurian Redstart,0.8128,C:/Users/shang/OneDrive - Georgia Institute of Technology/HAAG Research Bird Audio/Audio Files Analysis/Low/PSL7\20240519_080000.WAV
507.0,510.0,Prunella modularis,Dunnock,0.5733,C:/Users/shang/OneDrive - Georgia Institute of Technology/HAAG Research Bird Audio/Audio Files Analysis/Low/PSL7\20240519_080000.WAV
507.0,510.0,Prunella strophiata,Rufous-breasted Accentor,0.5281,C:/Users/shang/OneDrive - Georgia Institute of Technology/HAAG Research Bird Audio/Audio Files Analysis/Low/PSL7\20240519_080000.WAV
528.0,531.0,Carpodacus erythrinus,Common Rosefinch,0.7206,C:/Users/shang/OneDrive - Georgia Institute of Technology/HAAG Research Bird Audio/Audio Files Analysis/Low/PSL7\20240519_080000.WAV
552.0,555.0,Phylloscopus occipitalis,Western Crowned Warbler,0.6618,C:/Users/shang/OneDrive - Georgia Institute of Technology/HAAG Research Bird Audio/Audio Files Analysis/Low/PSL7\20240519_080000.WAV
582.0,585.0,Protonotaria citrea,Prothonotary Warbler,0.7598,C:/Users/shang/OneDrive - Georgia Institute of Technology/HAAG Research Bird Audio/Audio Files Analysis/Low/PSL7\20240519_080000.WAV
603.0,606.0,Phylloscopus occipitalis,Western Crowned Warbler,0.8580,C:/Users/shang/OneDrive - Georgia Institute of Technology/HAAG Research Bird Audio/Audio Files Analysis/Low/PSL7\20240519_080000.WAV
609.0,612.0,Phylloscopus humei,Hume's Warbler,0.7373,C:/Users/shang/OneDrive - Georgia Institute of Technology/HAAG Research Bird Audio/Audio Files Analysis/Low/PSL7\20240519_080000.WAV
618.0,621.0,Phylloscopus occipitalis,Western Crowned Warbler,0.8515,C:/Users/shang/OneDrive - Georgia Institute of Technology/HAAG Research Bird Audio/Audio Files Analysis/Low/PSL7\20240519_080000.WAV
645.0,648.0,Phylloscopus occipitalis,Western Crowned Warbler,0.9679,C:/Users/shang/OneDrive - Georgia Institute of Technology/HAAG Research Bird Audio/Audio Files Analysis/Low/PSL7\20240519_080000.WAV
666.0,669.0,Protonotaria citrea,Prothonotary Warbler,0.6814,C:/Users/shang/OneDrive - Georgia Institute of Technology/HAAG Research Bird Audio/Audio Files Analysis/Low/PSL7\20240519_080000.WAV
681.0,684.0,Protonotaria citrea,Prothonotary Warbler,0.6226,C:/Users/shang/OneDrive - Georgia Institute of Technology/HAAG Research Bird Audio/Audio Files Analysis/Low/PSL7\20240519_080000.WAV
690.0,693.0,Phylloscopus humei,Hume's Warbler,0.5313,C:/Users/shang/OneDrive - Georgia Institute of Technology/HAAG Research Bird Audio/Audio Files Analysis/Low/PSL7\20240519_080000.WAV
702.0,705.0,Phylloscopus occipitalis,Western Crowned Warbler,0.6669,C:/Users/shang/OneDrive - Georgia Institute of Technology/HAAG Research Bird Audio/Audio Files Analysis/Low/PSL7\20240519_080000.WAV
714.0,717.0,Phylloscopus humei,Hume's Warbler,0.8136,C:/Users/shang/OneDrive - Georgia Institute of Technology/HAAG Research Bird Audio/Audio Files Analysis/Low/PSL7\20240519_080000.WAV
720.0,723.0,Prinia socialis,Ashy Prinia,0.7703,C:/Users/shang/OneDrive - Georgia Institute of Technology/HAAG Research Bird Audio/Audio Files Analysis/Low/PSL7\20240519_080000.WAV
726.0,729.0,Phylloscopus occipitalis,Western Crowned Warbler,0.6867,C:/Users/shang/OneDrive - Georgia Institute of Technology/HAAG Research Bird Audio/Audio Files Analysis/Low/PSL7\20240519_080000.WAV
741.0,744.0,Ficedula parva,Red-breasted Flycatcher,0.6614,C:/Users/shang/OneDrive - Georgia Institute of Technology/HAAG Research Bird Audio/Audio Files Analysis/Low/PSL7\20240519_080000.WAV
768.0,771.0,Protonotaria citrea,Prothonotary Warbler,0.6115,C:/Users/shang/OneDrive - Georgia Institute of Technology/HAAG Research Bird Audio/Audio Files Analysis/Low/PSL7\20240519_080000.WAV
792.0,795.0,Phylloscopus occipitalis,Western Crowned Warbler,0.8950,C:/Users/shang/OneDrive - Georgia Institute of Technology/HAAG Research Bird Audio/Audio Files Analysis/Low/PSL7\20240519_080000.WAV
795.0,798.0,Phylloscopus occipitalis,Western Crowned Warbler,0.7482,C:/Users/shang/OneDrive - Georgia Institute of Technology/HAAG Research Bird Audio/Audio Files Analysis/Low/PSL7\20240519_080000.WAV
819.0,822.0,Phylloscopus nitidus,Green Warbler,0.8220,C:/Users/shang/OneDrive - Georgia Institute of Technology/HAAG Research Bird Audio/Audio Files Analysis/Low/PSL7\20240519_080000.WAV
822.0,825.0,Phylloscopus nitidus,Green Warbler,0.6812,C:/Users/shang/OneDrive - Georgia Institute of Technology/HAAG Research Bird Audio/Audio Files Analysis/Low/PSL7\20240519_080000.WAV
834.0,837.0,Phylloscopus occipitalis,Western Crowned Warbler,0.5859,C:/Users/shang/OneDrive - Georgia Institute of Technology/HAAG Research Bird Audio/Audio Files Analysis/Low/PSL7\20240519_080000.WAV
837.0,840.0,Phylloscopus nitidus,Green Warbler,0.7069,C:/Users/shang/OneDrive - Georgia Institute of Technology/HAAG Research Bird Audio/Audio Files Analysis/Low/PSL7\20240519_080000.WAV
837.0,840.0,Phylloscopus trochiloides,Greenish Warbler,0.5576,C:/Users/shang/OneDrive - Georgia Institute of Technology/HAAG Research Bird Audio/Audio Files Analysis/Low/PSL7\20240519_080000.WAV
873.0,876.0,Phylloscopus nitidus,Green Warbler,0.9441,C:/Users/shang/OneDrive - Georgia Institute of Technology/HAAG Research Bird Audio/Audio Files Analysis/Low/PSL7\20240519_080000.WAV
885.0,888.0,Phylloscopus nitidus,Green Warbler,0.6306,C:/Users/shang/OneDrive - Georgia Institute of Technology/HAAG Research Bird Audio/Audio Files Analysis/Low/PSL7\20240519_080000.WAV
885.0,888.0,Phylloscopus trochiloides,Greenish Warbler,0.5151,C:/Users/shang/OneDrive - Georgia Institute of Technology/HAAG Research Bird Audio/Audio Files Analysis/Low/PSL7\20240519_080000.WAV
894.0,897.0,Phylloscopus trochiloides,Greenish Warbler,0.6295,C:/Users/shang/OneDrive - Georgia Institute of Technology/HAAG Research Bird Audio/Audio Files Analysis/Low/PSL7\20240519_080000.WAV
897.0,900.0,Phylloscopus trochiloides,Greenish Warbler,0.6406,C:/Users/shang/OneDrive - Georgia Institute of Technology/HAAG Research Bird Audio/Audio Files Analysis/Low/PSL7\20240519_080000.WAV
6.0,9.0,Phylloscopus occipitalis,Western Crowned Warbler,0.6158,C:/Users/shang/OneDrive - Georgia Institute of Technology/HAAG Research Bird Audio/Audio Files Analysis/Low/PSL7\20240519_090000.WAV
18.0,21.0,Phylloscopus occipitalis,Western Crowned Warbler,0.9020,C:/Users/shang/OneDrive - Georgia Institute of Technology/HAAG Research Bird Audio/Audio Files Analysis/Low/PSL7\20240519_090000.WAV
27.0,30.0,Phylloscopus occipitalis,Western Crowned Warbler,0.5916,C:/Users/shang/OneDrive - Georgia Institute of Technology/HAAG Research Bird Audio/Audio Files Analysis/Low/PSL7\20240519_090000.WAV
33.0,36.0,Protonotaria citrea,Prothonotary Warbler,0.6180,C:/Users/shang/OneDrive - Georgia Institute of Technology/HAAG Research Bird Audio/Audio Files Analysis/Low/PSL7\20240519_090000.WAV
78.0,81.0,Phylloscopus occipitalis,Western Crowned Warbler,0.8925,C:/Users/shang/OneDrive - Georgia Institute of Technology/HAAG Research Bird Audio/Audio Files Analysis/Low/PSL7\20240519_090000.WAV
165.0,168.0,Phylloscopus humei,Hume's Warbler,0.8061,C:/Users/shang/OneDrive - Georgia Institute of Technology/HAAG Research Bird Audio/Audio Files Analysis/Low/PSL7\20240519_090000.WAV
177.0,180.0,Phylloscopus humei,Hume's Warbler,0.9064,C:/Users/shang/OneDrive - Georgia Institute of Technology/HAAG Research Bird Audio/Audio Files Analysis/Low/PSL7\20240519_090000.WAV
234.0,237.0,Phylloscopus humei,Hume's Warbler,0.8479,C:/Users/shang/OneDrive - Georgia Institute of Technology/HAAG Research Bird Audio/Audio Files Analysis/Low/PSL7\20240519_090000.WAV
243.0,246.0,Phylloscopus humei,Hume's Warbler,0.9312,C:/Users/shang/OneDrive - Georgia Institute of Technology/HAAG Research Bird Audio/Audio Files Analysis/Low/PSL7\20240519_090000.WAV
249.0,252.0,Phylloscopus humei,Hume's Warbler,0.8264,C:/Users/shang/OneDrive - Georgia Institute of Technology/HAAG Research Bird Audio/Audio Files Analysis/Low/PSL7\20240519_090000.WAV
267.0,270.0,Phylloscopus occipitalis,Western Crowned Warbler,0.7757,C:/Users/shang/OneDrive - Georgia Institute of Technology/HAAG Research Bird Audio/Audio Files Analysis/Low/PSL7\20240519_090000.WAV
276.0,279.0,Phylloscopus occipitalis,Western Crowned Warbler,0.6975,C:/Users/shang/OneDrive - Georgia Institute of Technology/HAAG Research Bird Audio/Audio Files Analysis/Low/PSL7\20240519_090000.WAV
279.0,282.0,Phylloscopus occipitalis,Western Crowned Warbler,0.7970,C:/Users/shang/OneDrive - Georgia Institute of Technology/HAAG Research Bird Audio/Audio Files Analysis/Low/PSL7\20240519_090000.WAV
297.0,300.0,Phylloscopus occipitalis,Western Crowned Warbler,0.6777,C:/Users/shang/OneDrive - Georgia Institute of Technology/HAAG Research Bird Audio/Audio Files Analysis/Low/PSL7\20240519_090000.WAV
312.0,315.0,Phylloscopus occipitalis,Western Crowned Warbler,0.6081,C:/Users/shang/OneDrive - Georgia Institute of Technology/HAAG Research Bird Audio/Audio Files Analysis/Low/PSL7\20240519_090000.WAV
315.0,318.0,Protonotaria citrea,Prothonotary Warbler,0.6512,C:/Users/shang/OneDrive - Georgia Institute of Technology/HAAG Research Bird Audio/Audio Files Analysis/Low/PSL7\20240519_090000.WAV
318.0,321.0,Phylloscopus occipitalis,Western Crowned Warbler,0.9345,C:/Users/shang/OneDrive - Georgia Institute of Technology/HAAG Research Bird Audio/Audio Files Analysis/Low/PSL7\20240519_090000.WAV
324.0,327.0,Protonotaria citrea,Prothonotary Warbler,0.5731,C:/Users/shang/OneDrive - Georgia Institute of Technology/HAAG Research Bird Audio/Audio Files Analysis/Low/PSL7\20240519_090000.WAV
327.0,330.0,Protonotaria citrea,Prothonotary Warbler,0.7125,C:/Users/shang/OneDrive - Georgia Institute of Technology/HAAG Research Bird Audio/Audio Files Analysis/Low/PSL7\20240519_090000.WAV
336.0,339.0,Phylloscopus occipitalis,Western Crowned Warbler,0.9338,C:/Users/shang/OneDrive - Georgia Institute of Technology/HAAG Research Bird Audio/Audio Files Analysis/Low/PSL7\20240519_090000.WAV
339.0,342.0,Phylloscopus occipitalis,Western Crowned Warbler,0.8910,C:/Users/shang/OneDrive - Georgia Institute of Technology/HAAG Research Bird Audio/Audio Files Analysis/Low/PSL7\20240519_090000.WAV
369.0,372.0,Protonotaria citrea,Prothonotary Warbler,0.9082,C:/Users/shang/OneDrive - Georgia Institute of Technology/HAAG Research Bird Audio/Audio Files Analysis/Low/PSL7\20240519_090000.WAV
402.0,405.0,Phylloscopus occipitalis,Western Crowned Warbler,0.5972,C:/Users/shang/OneDrive - Georgia Institute of Technology/HAAG Research Bird Audio/Audio Files Analysis/Low/PSL7\20240519_090000.WAV
423.0,426.0,Phylloscopus occipitalis,Western Crowned Warbler,0.6352,C:/Users/shang/OneDrive - Georgia Institute of Technology/HAAG Research Bird Audio/Audio Files Analysis/Low/PSL7\20240519_090000.WAV
423.0,426.0,Protonotaria citrea,Prothonotary Warbler,0.6124,C:/Users/shang/OneDrive - Georgia Institute of Technology/HAAG Research Bird Audio/Audio Files Analysis/Low/PSL7\20240519_090000.WAV
426.0,429.0,Phylloscopus occipitalis,Western Crowned Warbler,0.6595,C:/Users/shang/OneDrive - Georgia Institute of Technology/HAAG Research Bird Audio/Audio Files Analysis/Low/PSL7\20240519_090000.WAV
426.0,429.0,Protonotaria citrea,Prothonotary Warbler,0.5745,C:/Users/shang/OneDrive - Georgia Institute of Technology/HAAG Research Bird Audio/Audio Files Analysis/Low/PSL7\20240519_090000.WAV
441.0,444.0,Phylloscopus occipitalis,Western Crowned Warbler,0.5740,C:/Users/shang/OneDrive - Georgia Institute of Technology/HAAG Research Bird Audio/Audio Files Analysis/Low/PSL7\20240519_090000.WAV
450.0,453.0,Protonotaria citrea,Prothonotary Warbler,0.7285,C:/Users/shang/OneDrive - Georgia Institute of Technology/HAAG Research Bird Audio/Audio Files Analysis/Low/PSL7\20240519_090000.WAV
459.0,462.0,Protonotaria citrea,Prothonotary Warbler,0.9127,C:/Users/shang/OneDrive - Georgia Institute of Technology/HAAG Research Bird Audio/Audio Files Analysis/Low/PSL7\20240519_090000.WAV
495.0,498.0,Phylloscopus occipitalis,Western Crowned Warbler,0.6555,C:/Users/shang/OneDrive - Georgia Institute of Technology/HAAG Research Bird Audio/Audio Files Analysis/Low/PSL7\20240519_090000.WAV
501.0,504.0,Phylloscopus occipitalis,Western Crowned Warbler,0.9428,C:/Users/shang/OneDrive - Georgia Institute of Technology/HAAG Research Bird Audio/Audio Files Analysis/Low/PSL7\20240519_090000.WAV
525.0,528.0,Phylloscopus occipitalis,Western Crowned Warbler,0.5166,C:/Users/shang/OneDrive - Georgia Institute of Technology/HAAG Research Bird Audio/Audio Files Analysis/Low/PSL7\20240519_090000.WAV
561.0,564.0,Phylloscopus occipitalis,Western Crowned Warbler,0.9707,C:/Users/shang/OneDrive - Georgia Institute of Technology/HAAG Research Bird Audio/Audio Files Analysis/Low/PSL7\20240519_090000.WAV
570.0,573.0,Phylloscopus occipitalis,Western Crowned Warbler,0.5644,C:/Users/shang/OneDrive - Georgia Institute of Technology/HAAG Research Bird Audio/Audio Files Analysis/Low/PSL7\20240519_090000.WAV
573.0,576.0,Phylloscopus occipitalis,Western Crowned Warbler,0.7947,C:/Users/shang/OneDrive - Georgia Institute of Technology/HAAG Research Bird Audio/Audio Files Analysis/Low/PSL7\20240519_090000.WAV
573.0,576.0,Protonotaria citrea,Prothonotary Warbler,0.5220,C:/Users/shang/OneDrive - Georgia Institute of Technology/HAAG Research Bird Audio/Audio Files Analysis/Low/PSL7\20240519_090000.WAV
591.0,594.0,Phylloscopus occipitalis,Western Crowned Warbler,0.7438,C:/Users/shang/OneDrive - Georgia Institute of Technology/HAAG Research Bird Audio/Audio Files Analysis/Low/PSL7\20240519_090000.WAV
603.0,606.0,Protonotaria citrea,Prothonotary Warbler,0.6490,C:/Users/shang/OneDrive - Georgia Institute of Technology/HAAG Research Bird Audio/Audio Files Analysis/Low/PSL7\20240519_090000.WAV
630.0,633.0,Phylloscopus occipitalis,Western Crowned Warbler,0.8411,C:/Users/shang/OneDrive - Georgia Institute of Technology/HAAG Research Bird Audio/Audio Files Analysis/Low/PSL7\20240519_090000.WAV
651.0,654.0,Emberiza pusilla,Little Bunting,0.7038,C:/Users/shang/OneDrive - Georgia Institute of Technology/HAAG Research Bird Audio/Audio Files Analysis/Low/PSL7\20240519_090000.WAV
657.0,660.0,Phylloscopus occipitalis,Western Crowned Warbler,0.5959,C:/Users/shang/OneDrive - Georgia Institute of Technology/HAAG Research Bird Audio/Audio Files Analysis/Low/PSL7\20240519_090000.WAV
657.0,660.0,Protonotaria citrea,Prothonotary Warbler,0.5571,C:/Users/shang/OneDrive - Georgia Institute of Technology/HAAG Research Bird Audio/Audio Files Analysis/Low/PSL7\20240519_090000.WAV
669.0,672.0,Phylloscopus occipitalis,Western Crowned Warbler,0.8479,C:/Users/shang/OneDrive - Georgia Institute of Technology/HAAG Research Bird Audio/Audio Files Analysis/Low/PSL7\20240519_090000.WAV
675.0,678.0,Phylloscopus occipitalis,Western Crowned Warbler,0.9780,C:/Users/shang/OneDrive - Georgia Institute of Technology/HAAG Research Bird Audio/Audio Files Analysis/Low/PSL7\20240519_090000.WAV
705.0,708.0,Phylloscopus occipitalis,Western Crowned Warbler,0.6067,C:/Users/shang/OneDrive - Georgia Institute of Technology/HAAG Research Bird Audio/Audio Files Analysis/Low/PSL7\20240519_090000.WAV
714.0,717.0,Phylloscopus occipitalis,Western Crowned Warbler,0.8819,C:/Users/shang/OneDrive - Georgia Institute of Technology/HAAG Research Bird Audio/Audio Files Analysis/Low/PSL7\20240519_090000.WAV
747.0,750.0,Protonotaria citrea,Prothonotary Warbler,0.5964,C:/Users/shang/OneDrive - Georgia Institute of Technology/HAAG Research Bird Audio/Audio Files Analysis/Low/PSL7\20240519_090000.WAV
753.0,756.0,Phylloscopus occipitalis,Western Crowned Warbler,0.6789,C:/Users/shang/OneDrive - Georgia Institute of Technology/HAAG Research Bird Audio/Audio Files Analysis/Low/PSL7\20240519_090000.WAV
756.0,759.0,Phylloscopus occipitalis,Western Crowned Warbler,0.9705,C:/Users/shang/OneDrive - Georgia Institute of Technology/HAAG Research Bird Audio/Audio Files Analysis/Low/PSL7\20240519_090000.WAV
762.0,765.0,Phylloscopus occipitalis,Western Crowned Warbler,0.9915,C:/Users/shang/OneDrive - Georgia Institute of Technology/HAAG Research Bird Audio/Audio Files Analysis/Low/PSL7\20240519_090000.WAV
771.0,774.0,Phylloscopus occipitalis,Western Crowned Warbler,0.9153,C:/Users/shang/OneDrive - Georgia Institute of Technology/HAAG Research Bird Audio/Audio Files Analysis/Low/PSL7\20240519_090000.WAV
783.0,786.0,Phylloscopus occipitalis,Western Crowned Warbler,0.6797,C:/Users/shang/OneDrive - Georgia Institute of Technology/HAAG Research Bird Audio/Audio Files Analysis/Low/PSL7\20240519_090000.WAV
786.0,789.0,Leiothlypis celata,Orange-crowned Warbler,0.5591,C:/Users/shang/OneDrive - Georgia Institute of Technology/HAAG Research Bird Audio/Audio Files Analysis/Low/PSL7\20240519_090000.WAV
843.0,846.0,Tarsiger chrysaeus,Golden Bush-Robin,0.5981,C:/Users/shang/OneDrive - Georgia Institute of Technology/HAAG Research Bird Audio/Audio Files Analysis/Low/PSL7\20240519_090000.WAV
852.0,855.0,Phylloscopus occipitalis,Western Crowned Warbler,0.7191,C:/Users/shang/OneDrive - Georgia Institute of Technology/HAAG Research Bird Audio/Audio Files Analysis/Low/PSL7\20240519_090000.WAV
6.0,9.0,Larvivora brunnea,Indian Blue Robin,0.8677,C:/Users/shang/OneDrive - Georgia Institute of Technology/HAAG Research Bird Audio/Audio Files Analysis/Low/PSL7\20240520_060001.WAV
15.0,18.0,Phylloscopus occipitalis,Western Crowned Warbler,0.9878,C:/Users/shang/OneDrive - Georgia Institute of Technology/HAAG Research Bird Audio/Audio Files Analysis/Low/PSL7\20240520_060001.WAV
21.0,24.0,Phylloscopus occipitalis,Western Crowned Warbler,0.9698,C:/Users/shang/OneDrive - Georgia Institute of Technology/HAAG Research Bird Audio/Audio Files Analysis/Low/PSL7\20240520_060001.WAV
27.0,30.0,Phylloscopus occipitalis,Western Crowned Warbler,0.5483,C:/Users/shang/OneDrive - Georgia Institute of Technology/HAAG Research Bird Audio/Audio Files Analysis/Low/PSL7\20240520_060001.WAV
69.0,72.0,Phylloscopus occipitalis,Western Crowned Warbler,0.7960,C:/Users/shang/OneDrive - Georgia Institute of Technology/HAAG Research Bird Audio/Audio Files Analysis/Low/PSL7\20240520_060001.WAV
75.0,78.0,Phylloscopus occipitalis,Western Crowned Warbler,0.5456,C:/Users/shang/OneDrive - Georgia Institute of Technology/HAAG Research Bird Audio/Audio Files Analysis/Low/PSL7\20240520_060001.WAV
87.0,90.0,Phylloscopus occipitalis,Western Crowned Warbler,0.7480,C:/Users/shang/OneDrive - Georgia Institute of Technology/HAAG Research Bird Audio/Audio Files Analysis/Low/PSL7\20240520_060001.WAV
114.0,117.0,Phylloscopus occipitalis,Western Crowned Warbler,0.5980,C:/Users/shang/OneDrive - Georgia Institute of Technology/HAAG Research Bird Audio/Audio Files Analysis/Low/PSL7\20240520_060001.WAV
168.0,171.0,Phylloscopus occipitalis,Western Crowned Warbler,0.7605,C:/Users/shang/OneDrive - Georgia Institute of Technology/HAAG Research Bird Audio/Audio Files Analysis/Low/PSL7\20240520_060001.WAV
183.0,186.0,Phylloscopus occipitalis,Western Crowned Warbler,0.6119,C:/Users/shang/OneDrive - Georgia Institute of Technology/HAAG Research Bird Audio/Audio Files Analysis/Low/PSL7\20240520_060001.WAV
189.0,192.0,Phylloscopus occipitalis,Western Crowned Warbler,0.8215,C:/Users/shang/OneDrive - Georgia Institute of Technology/HAAG Research Bird Audio/Audio Files Analysis/Low/PSL7\20240520_060001.WAV
195.0,198.0,Phylloscopus occipitalis,Western Crowned Warbler,0.6970,C:/Users/shang/OneDrive - Georgia Institute of Technology/HAAG Research Bird Audio/Audio Files Analysis/Low/PSL7\20240520_060001.WAV
222.0,225.0,Phylloscopus occipitalis,Western Crowned Warbler,0.7774,C:/Users/shang/OneDrive - Georgia Institute of Technology/HAAG Research Bird Audio/Audio Files Analysis/Low/PSL7\20240520_060001.WAV
246.0,249.0,Phylloscopus occipitalis,Western Crowned Warbler,0.7326,C:/Users/shang/OneDrive - Georgia Institute of Technology/HAAG Research Bird Audio/Audio Files Analysis/Low/PSL7\20240520_060001.WAV
252.0,255.0,Phylloscopus occipitalis,Western Crowned Warbler,0.7298,C:/Users/shang/OneDrive - Georgia Institute of Technology/HAAG Research Bird Audio/Audio Files Analysis/Low/PSL7\20240520_060001.WAV
261.0,264.0,Phylloscopus humei,Hume's Warbler,0.8216,C:/Users/shang/OneDrive - Georgia Institute of Technology/HAAG Research Bird Audio/Audio Files Analysis/Low/PSL7\20240520_060001.WAV
264.0,267.0,Protonotaria citrea,Prothonotary Warbler,0.6249,C:/Users/shang/OneDrive - Georgia Institute of Technology/HAAG Research Bird Audio/Audio Files Analysis/Low/PSL7\20240520_060001.WAV
288.0,291.0,Phylloscopus occipitalis,Western Crowned Warbler,0.8501,C:/Users/shang/OneDrive - Georgia Institute of Technology/HAAG Research Bird Audio/Audio Files Analysis/Low/PSL7\20240520_060001.WAV
297.0,300.0,Phylloscopus occipitalis,Western Crowned Warbler,0.8650,C:/Users/shang/OneDrive - Georgia Institute of Technology/HAAG Research Bird Audio/Audio Files Analysis/Low/PSL7\20240520_060001.WAV
300.0,303.0,Phylloscopus occipitalis,Western Crowned Warbler,0.7801,C:/Users/shang/OneDrive - Georgia Institute of Technology/HAAG Research Bird Audio/Audio Files Analysis/Low/PSL7\20240520_060001.WAV
312.0,315.0,Phylloscopus occipitalis,Western Crowned Warbler,0.7571,C:/Users/shang/OneDrive - Georgia Institute of Technology/HAAG Research Bird Audio/Audio Files Analysis/Low/PSL7\20240520_060001.WAV
321.0,324.0,Cardellina pusilla,Wilson's Warbler,0.6877,C:/Users/shang/OneDrive - Georgia Institute of Technology/HAAG Research Bird Audio/Audio Files Analysis/Low/PSL7\20240520_060001.WAV
324.0,327.0,Phylloscopus occipitalis,Western Crowned Warbler,0.9401,C:/Users/shang/OneDrive - Georgia Institute of Technology/HAAG Research Bird Audio/Audio Files Analysis/Low/PSL7\20240520_060001.WAV
333.0,336.0,Phylloscopus occipitalis,Western Crowned Warbler,0.9295,C:/Users/shang/OneDrive - Georgia Institute of Technology/HAAG Research Bird Audio/Audio Files Analysis/Low/PSL7\20240520_060001.WAV
339.0,342.0,Phylloscopus occipitalis,Western Crowned Warbler,0.8777,C:/Users/shang/OneDrive - Georgia Institute of Technology/HAAG Research Bird Audio/Audio Files Analysis/Low/PSL7\20240520_060001.WAV
348.0,351.0,Phylloscopus occipitalis,Western Crowned Warbler,0.8915,C:/Users/shang/OneDrive - Georgia Institute of Technology/HAAG Research Bird Audio/Audio Files Analysis/Low/PSL7\20240520_060001.WAV
354.0,357.0,Phylloscopus occipitalis,Western Crowned Warbler,0.8894,C:/Users/shang/OneDrive - Georgia Institute of Technology/HAAG Research Bird Audio/Audio Files Analysis/Low/PSL7\20240520_060001.WAV
357.0,360.0,Anthus rubescens,American Pipit,0.5347,C:/Users/shang/OneDrive - Georgia Institute of Technology/HAAG Research Bird Audio/Audio Files Analysis/Low/PSL7\20240520_060001.WAV
360.0,363.0,Phylloscopus occipitalis,Western Crowned Warbler,0.9731,C:/Users/shang/OneDrive - Georgia Institute of Technology/HAAG Research Bird Audio/Audio Files Analysis/Low/PSL7\20240520_060001.WAV
366.0,369.0,Phylloscopus occipitalis,Western Crowned Warbler,0.9304,C:/Users/shang/OneDrive - Georgia Institute of Technology/HAAG Research Bird Audio/Audio Files Analysis/Low/PSL7\20240520_060001.WAV
369.0,372.0,Phylloscopus occipitalis,Western Crowned Warbler,0.7078,C:/Users/shang/OneDrive - Georgia Institute of Technology/HAAG Research Bird Audio/Audio Files Analysis/Low/PSL7\20240520_060001.WAV
372.0,375.0,Phylloscopus occipitalis,Western Crowned Warbler,0.7149,C:/Users/shang/OneDrive - Georgia Institute of Technology/HAAG Research Bird Audio/Audio Files Analysis/Low/PSL7\20240520_060001.WAV
378.0,381.0,Phylloscopus occipitalis,Western Crowned Warbler,0.9504,C:/Users/shang/OneDrive - Georgia Institute of Technology/HAAG Research Bird Audio/Audio Files Analysis/Low/PSL7\20240520_060001.WAV
381.0,384.0,Phylloscopus occipitalis,Western Crowned Warbler,0.7064,C:/Users/shang/OneDrive - Georgia Institute of Technology/HAAG Research Bird Audio/Audio Files Analysis/Low/PSL7\20240520_060001.WAV
387.0,390.0,Phylloscopus occipitalis,Western Crowned Warbler,0.9121,C:/Users/shang/OneDrive - Georgia Institute of Technology/HAAG Research Bird Audio/Audio Files Analysis/Low/PSL7\20240520_060001.WAV
393.0,396.0,Phylloscopus occipitalis,Western Crowned Warbler,0.5803,C:/Users/shang/OneDrive - Georgia Institute of Technology/HAAG Research Bird Audio/Audio Files Analysis/Low/PSL7\20240520_060001.WAV
402.0,405.0,Phylloscopus occipitalis,Western Crowned Warbler,0.6377,C:/Users/shang/OneDrive - Georgia Institute of Technology/HAAG Research Bird Audio/Audio Files Analysis/Low/PSL7\20240520_060001.WAV
408.0,411.0,Phylloscopus occipitalis,Western Crowned Warbler,0.7668,C:/Users/shang/OneDrive - Georgia Institute of Technology/HAAG Research Bird Audio/Audio Files Analysis/Low/PSL7\20240520_060001.WAV
414.0,417.0,Phylloscopus occipitalis,Western Crowned Warbler,0.8466,C:/Users/shang/OneDrive - Georgia Institute of Technology/HAAG Research Bird Audio/Audio Files Analysis/Low/PSL7\20240520_060001.WAV
423.0,426.0,Phylloscopus occipitalis,Western Crowned Warbler,0.6981,C:/Users/shang/OneDrive - Georgia Institute of Technology/HAAG Research Bird Audio/Audio Files Analysis/Low/PSL7\20240520_060001.WAV
435.0,438.0,Phylloscopus occipitalis,Western Crowned Warbler,0.5685,C:/Users/shang/OneDrive - Georgia Institute of Technology/HAAG Research Bird Audio/Audio Files Analysis/Low/PSL7\20240520_060001.WAV
441.0,444.0,Phylloscopus occipitalis,Western Crowned Warbler,0.9370,C:/Users/shang/OneDrive - Georgia Institute of Technology/HAAG Research Bird Audio/Audio Files Analysis/Low/PSL7\20240520_060001.WAV
447.0,450.0,Phylloscopus occipitalis,Western Crowned Warbler,0.9306,C:/Users/shang/OneDrive - Georgia Institute of Technology/HAAG Research Bird Audio/Audio Files Analysis/Low/PSL7\20240520_060001.WAV
453.0,456.0,Phylloscopus occipitalis,Western Crowned Warbler,0.7528,C:/Users/shang/OneDrive - Georgia Institute of Technology/HAAG Research Bird Audio/Audio Files Analysis/Low/PSL7\20240520_060001.WAV
465.0,468.0,Phylloscopus occipitalis,Western Crowned Warbler,0.5476,C:/Users/shang/OneDrive - Georgia Institute of Technology/HAAG Research Bird Audio/Audio Files Analysis/Low/PSL7\20240520_060001.WAV
474.0,477.0,Phylloscopus occipitalis,Western Crowned Warbler,0.7152,C:/Users/shang/OneDrive - Georgia Institute of Technology/HAAG Research Bird Audio/Audio Files Analysis/Low/PSL7\20240520_060001.WAV
483.0,486.0,Phylloscopus occipitalis,Western Crowned Warbler,0.7425,C:/Users/shang/OneDrive - Georgia Institute of Technology/HAAG Research Bird Audio/Audio Files Analysis/Low/PSL7\20240520_060001.WAV
492.0,495.0,Phylloscopus occipitalis,Western Crowned Warbler,0.8052,C:/Users/shang/OneDrive - Georgia Institute of Technology/HAAG Research Bird Audio/Audio Files Analysis/Low/PSL7\20240520_060001.WAV
504.0,507.0,Protonotaria citrea,Prothonotary Warbler,0.5506,C:/Users/shang/OneDrive - Georgia Institute of Technology/HAAG Research Bird Audio/Audio Files Analysis/Low/PSL7\20240520_060001.WAV
510.0,513.0,Phylloscopus occipitalis,Western Crowned Warbler,0.9298,C:/Users/shang/OneDrive - Georgia Institute of Technology/HAAG Research Bird Audio/Audio Files Analysis/Low/PSL7\20240520_060001.WAV
519.0,522.0,Phylloscopus occipitalis,Western Crowned Warbler,0.8943,C:/Users/shang/OneDrive - Georgia Institute of Technology/HAAG Research Bird Audio/Audio Files Analysis/Low/PSL7\20240520_060001.WAV
528.0,531.0,Phylloscopus occipitalis,Western Crowned Warbler,0.5620,C:/Users/shang/OneDrive - Georgia Institute of Technology/HAAG Research Bird Audio/Audio Files Analysis/Low/PSL7\20240520_060001.WAV
534.0,537.0,Phylloscopus occipitalis,Western Crowned Warbler,0.8471,C:/Users/shang/OneDrive - Georgia Institute of Technology/HAAG Research Bird Audio/Audio Files Analysis/Low/PSL7\20240520_060001.WAV
540.0,543.0,Phylloscopus trochiloides,Greenish Warbler,0.6540,C:/Users/shang/OneDrive - Georgia Institute of Technology/HAAG Research Bird Audio/Audio Files Analysis/Low/PSL7\20240520_060001.WAV
543.0,546.0,Phylloscopus occipitalis,Western Crowned Warbler,0.9383,C:/Users/shang/OneDrive - Georgia Institute of Technology/HAAG Research Bird Audio/Audio Files Analysis/Low/PSL7\20240520_060001.WAV
546.0,549.0,Phylloscopus occipitalis,Western Crowned Warbler,0.8763,C:/Users/shang/OneDrive - Georgia Institute of Technology/HAAG Research Bird Audio/Audio Files Analysis/Low/PSL7\20240520_060001.WAV
549.0,552.0,Phylloscopus occipitalis,Western Crowned Warbler,0.8381,C:/Users/shang/OneDrive - Georgia Institute of Technology/HAAG Research Bird Audio/Audio Files Analysis/Low/PSL7\20240520_060001.WAV
558.0,561.0,Phylloscopus occipitalis,Western Crowned Warbler,0.9041,C:/Users/shang/OneDrive - Georgia Institute of Technology/HAAG Research Bird Audio/Audio Files Analysis/Low/PSL7\20240520_060001.WAV
561.0,564.0,Phylloscopus occipitalis,Western Crowned Warbler,0.8755,C:/Users/shang/OneDrive - Georgia Institute of Technology/HAAG Research Bird Audio/Audio Files Analysis/Low/PSL7\20240520_060001.WAV
567.0,570.0,Phylloscopus occipitalis,Western Crowned Warbler,0.9191,C:/Users/shang/OneDrive - Georgia Institute of Technology/HAAG Research Bird Audio/Audio Files Analysis/Low/PSL7\20240520_060001.WAV
573.0,576.0,Phylloscopus occipitalis,Western Crowned Warbler,0.8775,C:/Users/shang/OneDrive - Georgia Institute of Technology/HAAG Research Bird Audio/Audio Files Analysis/Low/PSL7\20240520_060001.WAV
579.0,582.0,Phylloscopus occipitalis,Western Crowned Warbler,0.9719,C:/Users/shang/OneDrive - Georgia Institute of Technology/HAAG Research Bird Audio/Audio Files Analysis/Low/PSL7\20240520_060001.WAV
582.0,585.0,Phylloscopus nitidus,Green Warbler,0.5177,C:/Users/shang/OneDrive - Georgia Institute of Technology/HAAG Research Bird Audio/Audio Files Analysis/Low/PSL7\20240520_060001.WAV
585.0,588.0,Phylloscopus occipitalis,Western Crowned Warbler,0.9025,C:/Users/shang/OneDrive - Georgia Institute of Technology/HAAG Research Bird Audio/Audio Files Analysis/Low/PSL7\20240520_060001.WAV
591.0,594.0,Phylloscopus occipitalis,Western Crowned Warbler,0.9762,C:/Users/shang/OneDrive - Georgia Institute of Technology/HAAG Research Bird Audio/Audio Files Analysis/Low/PSL7\20240520_060001.WAV
594.0,597.0,Phylloscopus nitidus,Green Warbler,0.5168,C:/Users/shang/OneDrive - Georgia Institute of Technology/HAAG Research Bird Audio/Audio Files Analysis/Low/PSL7\20240520_060001.WAV
597.0,600.0,Phylloscopus occipitalis,Western Crowned Warbler,0.9439,C:/Users/shang/OneDrive - Georgia Institute of Technology/HAAG Research Bird Audio/Audio Files Analysis/Low/PSL7\20240520_060001.WAV
600.0,603.0,Phylloscopus occipitalis,Western Crowned Warbler,0.6854,C:/Users/shang/OneDrive - Georgia Institute of Technology/HAAG Research Bird Audio/Audio Files Analysis/Low/PSL7\20240520_060001.WAV
609.0,612.0,Phylloscopus occipitalis,Western Crowned Warbler,0.8516,C:/Users/shang/OneDrive - Georgia Institute of Technology/HAAG Research Bird Audio/Audio Files Analysis/Low/PSL7\20240520_060001.WAV
612.0,615.0,Phylloscopus occipitalis,Western Crowned Warbler,0.5782,C:/Users/shang/OneDrive - Georgia Institute of Technology/HAAG Research Bird Audio/Audio Files Analysis/Low/PSL7\20240520_060001.WAV
618.0,621.0,Phylloscopus occipitalis,Western Crowned Warbler,0.8750,C:/Users/shang/OneDrive - Georgia Institute of Technology/HAAG Research Bird Audio/Audio Files Analysis/Low/PSL7\20240520_060001.WAV
621.0,624.0,Phylloscopus occipitalis,Western Crowned Warbler,0.6964,C:/Users/shang/OneDrive - Georgia Institute of Technology/HAAG Research Bird Audio/Audio Files Analysis/Low/PSL7\20240520_060001.WAV
630.0,633.0,Phylloscopus occipitalis,Western Crowned Warbler,0.5415,C:/Users/shang/OneDrive - Georgia Institute of Technology/HAAG Research Bird Audio/Audio Files Analysis/Low/PSL7\20240520_060001.WAV
657.0,660.0,Phylloscopus nitidus,Green Warbler,0.6092,C:/Users/shang/OneDrive - Georgia Institute of Technology/HAAG Research Bird Audio/Audio Files Analysis/Low/PSL7\20240520_060001.WAV
732.0,735.0,Prunella strophiata,Rufous-breasted Accentor,0.5640,C:/Users/shang/OneDrive - Georgia Institute of Technology/HAAG Research Bird Audio/Audio Files Analysis/Low/PSL7\20240520_060001.WAV
780.0,783.0,Phylloscopus nitidus,Green Warbler,0.9460,C:/Users/shang/OneDrive - Georgia Institute of Technology/HAAG Research Bird Audio/Audio Files Analysis/Low/PSL7\20240520_060001.WAV
801.0,804.0,Phylloscopus humei,Hume's Warbler,0.9289,C:/Users/shang/OneDrive - Georgia Institute of Technology/HAAG Research Bird Audio/Audio Files Analysis/Low/PSL7\20240520_060001.WAV
810.0,813.0,Phylloscopus nitidus,Green Warbler,0.8310,C:/Users/shang/OneDrive - Georgia Institute of Technology/HAAG Research Bird Audio/Audio Files Analysis/Low/PSL7\20240520_060001.WAV
855.0,858.0,Phylloscopus trochiloides,Greenish Warbler,0.6503,C:/Users/shang/OneDrive - Georgia Institute of Technology/HAAG Research Bird Audio/Audio Files Analysis/Low/PSL7\20240520_060001.WAV
882.0,885.0,Prinia socialis,Ashy Prinia,0.6056,C:/Users/shang/OneDrive - Georgia Institute of Technology/HAAG Research Bird Audio/Audio Files Analysis/Low/PSL7\20240520_060001.WAV
897.0,900.0,Phylloscopus occipitalis,Western Crowned Warbler,0.7917,C:/Users/shang/OneDrive - Georgia Institute of Technology/HAAG Research Bird Audio/Audio Files Analysis/Low/PSL7\20240520_060001.WAV
24.0,27.0,Phylloscopus occipitalis,Western Crowned Warbler,0.9710,C:/Users/shang/OneDrive - Georgia Institute of Technology/HAAG Research Bird Audio/Audio Files Analysis/Low/PSL7\20240520_070000.WAV
33.0,36.0,Phylloscopus occipitalis,Western Crowned Warbler,0.8913,C:/Users/shang/OneDrive - Georgia Institute of Technology/HAAG Research Bird Audio/Audio Files Analysis/Low/PSL7\20240520_070000.WAV
39.0,42.0,Protonotaria citrea,Prothonotary Warbler,0.6443,C:/Users/shang/OneDrive - Georgia Institute of Technology/HAAG Research Bird Audio/Audio Files Analysis/Low/PSL7\20240520_070000.WAV
60.0,63.0,Phylloscopus occipitalis,Western Crowned Warbler,0.6409,C:/Users/shang/OneDrive - Georgia Institute of Technology/HAAG Research Bird Audio/Audio Files Analysis/Low/PSL7\20240520_070000.WAV
84.0,87.0,Protonotaria citrea,Prothonotary Warbler,0.5188,C:/Users/shang/OneDrive - Georgia Institute of Technology/HAAG Research Bird Audio/Audio Files Analysis/Low/PSL7\20240520_070000.WAV
105.0,108.0,Phylloscopus occipitalis,Western Crowned Warbler,0.5053,C:/Users/shang/OneDrive - Georgia Institute of Technology/HAAG Research Bird Audio/Audio Files Analysis/Low/PSL7\20240520_070000.WAV
144.0,147.0,Protonotaria citrea,Prothonotary Warbler,0.6608,C:/Users/shang/OneDrive - Georgia Institute of Technology/HAAG Research Bird Audio/Audio Files Analysis/Low/PSL7\20240520_070000.WAV
210.0,213.0,Phylloscopus nitidus,Green Warbler,0.9563,C:/Users/shang/OneDrive - Georgia Institute of Technology/HAAG Research Bird Audio/Audio Files Analysis/Low/PSL7\20240520_070000.WAV
216.0,219.0,Protonotaria citrea,Prothonotary Warbler,0.7150,C:/Users/shang/OneDrive - Georgia Institute of Technology/HAAG Research Bird Audio/Audio Files Analysis/Low/PSL7\20240520_070000.WAV
234.0,237.0,Phylloscopus occipitalis,Western Crowned Warbler,0.5871,C:/Users/shang/OneDrive - Georgia Institute of Technology/HAAG Research Bird Audio/Audio Files Analysis/Low/PSL7\20240520_070000.WAV
249.0,252.0,Phylloscopus nitidus,Green Warbler,0.7038,C:/Users/shang/OneDrive - Georgia Institute of Technology/HAAG Research Bird Audio/Audio Files Analysis/Low/PSL7\20240520_070000.WAV
258.0,261.0,Phylloscopus nitidus,Green Warbler,0.5857,C:/Users/shang/OneDrive - Georgia Institute of Technology/HAAG Research Bird Audio/Audio Files Analysis/Low/PSL7\20240520_070000.WAV
261.0,264.0,Protonotaria citrea,Prothonotary Warbler,0.8806,C:/Users/shang/OneDrive - Georgia Institute of Technology/HAAG Research Bird Audio/Audio Files Analysis/Low/PSL7\20240520_070000.WAV
267.0,270.0,Phylloscopus trochiloides,Greenish Warbler,0.8683,C:/Users/shang/OneDrive - Georgia Institute of Technology/HAAG Research Bird Audio/Audio Files Analysis/Low/PSL7\20240520_070000.WAV
276.0,279.0,Protonotaria citrea,Prothonotary Warbler,0.7007,C:/Users/shang/OneDrive - Georgia Institute of Technology/HAAG Research Bird Audio/Audio Files Analysis/Low/PSL7\20240520_070000.WAV
279.0,282.0,Phylloscopus nitidus,Green Warbler,0.7463,C:/Users/shang/OneDrive - Georgia Institute of Technology/HAAG Research Bird Audio/Audio Files Analysis/Low/PSL7\20240520_070000.WAV
282.0,285.0,Protonotaria citrea,Prothonotary Warbler,0.6221,C:/Users/shang/OneDrive - Georgia Institute of Technology/HAAG Research Bird Audio/Audio Files Analysis/Low/PSL7\20240520_070000.WAV
285.0,288.0,Protonotaria citrea,Prothonotary Warbler,0.7685,C:/Users/shang/OneDrive - Georgia Institute of Technology/HAAG Research Bird Audio/Audio Files Analysis/Low/PSL7\20240520_070000.WAV
288.0,291.0,Phylloscopus nitidus,Green Warbler,0.5407,C:/Users/shang/OneDrive - Georgia Institute of Technology/HAAG Research Bird Audio/Audio Files Analysis/Low/PSL7\20240520_070000.WAV
288.0,291.0,Phylloscopus trochiloides,Greenish Warbler,0.5300,C:/Users/shang/OneDrive - Georgia Institute of Technology/HAAG Research Bird Audio/Audio Files Analysis/Low/PSL7\20240520_070000.WAV
297.0,300.0,Phylloscopus occipitalis,Western Crowned Warbler,0.9334,C:/Users/shang/OneDrive - Georgia Institute of Technology/HAAG Research Bird Audio/Audio Files Analysis/Low/PSL7\20240520_070000.WAV
303.0,306.0,Phylloscopus trochiloides,Greenish Warbler,0.5566,C:/Users/shang/OneDrive - Georgia Institute of Technology/HAAG Research Bird Audio/Audio Files Analysis/Low/PSL7\20240520_070000.WAV
312.0,315.0,Phylloscopus nitidus,Green Warbler,0.9526,C:/Users/shang/OneDrive - Georgia Institute of Technology/HAAG Research Bird Audio/Audio Files Analysis/Low/PSL7\20240520_070000.WAV
312.0,315.0,Phylloscopus trochiloides,Greenish Warbler,0.5002,C:/Users/shang/OneDrive - Georgia Institute of Technology/HAAG Research Bird Audio/Audio Files Analysis/Low/PSL7\20240520_070000.WAV
315.0,318.0,Phylloscopus occipitalis,Western Crowned Warbler,0.8258,C:/Users/shang/OneDrive - Georgia Institute of Technology/HAAG Research Bird Audio/Audio Files Analysis/Low/PSL7\20240520_070000.WAV
321.0,324.0,Phylloscopus nitidus,Green Warbler,0.7965,C:/Users/shang/OneDrive - Georgia Institute of Technology/HAAG Research Bird Audio/Audio Files Analysis/Low/PSL7\20240520_070000.WAV
324.0,327.0,Phylloscopus occipitalis,Western Crowned Warbler,0.7174,C:/Users/shang/OneDrive - Georgia Institute of Technology/HAAG Research Bird Audio/Audio Files Analysis/Low/PSL7\20240520_070000.WAV
330.0,333.0,Phylloscopus occipitalis,Western Crowned Warbler,0.8047,C:/Users/shang/OneDrive - Georgia Institute of Technology/HAAG Research Bird Audio/Audio Files Analysis/Low/PSL7\20240520_070000.WAV
333.0,336.0,Phylloscopus occipitalis,Western Crowned Warbler,0.8239,C:/Users/shang/OneDrive - Georgia Institute of Technology/HAAG Research Bird Audio/Audio Files Analysis/Low/PSL7\20240520_070000.WAV
345.0,348.0,Phylloscopus occipitalis,Western Crowned Warbler,0.6312,C:/Users/shang/OneDrive - Georgia Institute of Technology/HAAG Research Bird Audio/Audio Files Analysis/Low/PSL7\20240520_070000.WAV
351.0,354.0,Phylloscopus occipitalis,Western Crowned Warbler,0.8486,C:/Users/shang/OneDrive - Georgia Institute of Technology/HAAG Research Bird Audio/Audio Files Analysis/Low/PSL7\20240520_070000.WAV
366.0,369.0,Phylloscopus occipitalis,Western Crowned Warbler,0.7974,C:/Users/shang/OneDrive - Georgia Institute of Technology/HAAG Research Bird Audio/Audio Files Analysis/Low/PSL7\20240520_070000.WAV
378.0,381.0,Phylloscopus occipitalis,Western Crowned Warbler,0.8456,C:/Users/shang/OneDrive - Georgia Institute of Technology/HAAG Research Bird Audio/Audio Files Analysis/Low/PSL7\20240520_070000.WAV
396.0,399.0,Phylloscopus trochiloides,Greenish Warbler,0.8870,C:/Users/shang/OneDrive - Georgia Institute of Technology/HAAG Research Bird Audio/Audio Files Analysis/Low/PSL7\20240520_070000.WAV
396.0,399.0,Phylloscopus nitidus,Green Warbler,0.7064,C:/Users/shang/OneDrive - Georgia Institute of Technology/HAAG Research Bird Audio/Audio Files Analysis/Low/PSL7\20240520_070000.WAV
402.0,405.0,Passerella iliaca,Fox Sparrow,0.6747,C:/Users/shang/OneDrive - Georgia Institute of Technology/HAAG Research Bird Audio/Audio Files Analysis/Low/PSL7\20240520_070000.WAV
405.0,408.0,Phylloscopus occipitalis,Western Crowned Warbler,0.5275,C:/Users/shang/OneDrive - Georgia Institute of Technology/HAAG Research Bird Audio/Audio Files Analysis/Low/PSL7\20240520_070000.WAV
408.0,411.0,Phylloscopus nitidus,Green Warbler,0.5185,C:/Users/shang/OneDrive - Georgia Institute of Technology/HAAG Research Bird Audio/Audio Files Analysis/Low/PSL7\20240520_070000.WAV
420.0,423.0,Phylloscopus trochiloides,Greenish Warbler,0.7981,C:/Users/shang/OneDrive - Georgia Institute of Technology/HAAG Research Bird Audio/Audio Files Analysis/Low/PSL7\20240520_070000.WAV
420.0,423.0,Phylloscopus nitidus,Green Warbler,0.5317,C:/Users/shang/OneDrive - Georgia Institute of Technology/HAAG Research Bird Audio/Audio Files Analysis/Low/PSL7\20240520_070000.WAV
423.0,426.0,Protonotaria citrea,Prothonotary Warbler,0.6385,C:/Users/shang/OneDrive - Georgia Institute of Technology/HAAG Research Bird Audio/Audio Files Analysis/Low/PSL7\20240520_070000.WAV
432.0,435.0,Phylloscopus occipitalis,Western Crowned Warbler,0.6217,C:/Users/shang/OneDrive - Georgia Institute of Technology/HAAG Research Bird Audio/Audio Files Analysis/Low/PSL7\20240520_070000.WAV
432.0,435.0,Protonotaria citrea,Prothonotary Warbler,0.5533,C:/Users/shang/OneDrive - Georgia Institute of Technology/HAAG Research Bird Audio/Audio Files Analysis/Low/PSL7\20240520_070000.WAV
438.0,441.0,Phylloscopus occipitalis,Western Crowned Warbler,0.7354,C:/Users/shang/OneDrive - Georgia Institute of Technology/HAAG Research Bird Audio/Audio Files Analysis/Low/PSL7\20240520_070000.WAV
453.0,456.0,Larvivora brunnea,Indian Blue Robin,0.5319,C:/Users/shang/OneDrive - Georgia Institute of Technology/HAAG Research Bird Audio/Audio Files Analysis/Low/PSL7\20240520_070000.WAV
456.0,459.0,Phylloscopus nitidus,Green Warbler,0.8963,C:/Users/shang/OneDrive - Georgia Institute of Technology/HAAG Research Bird Audio/Audio Files Analysis/Low/PSL7\20240520_070000.WAV
465.0,468.0,Phylloscopus nitidus,Green Warbler,0.8853,C:/Users/shang/OneDrive - Georgia Institute of Technology/HAAG Research Bird Audio/Audio Files Analysis/Low/PSL7\20240520_070000.WAV
474.0,477.0,Protonotaria citrea,Prothonotary Warbler,0.5450,C:/Users/shang/OneDrive - Georgia Institute of Technology/HAAG Research Bird Audio/Audio Files Analysis/Low/PSL7\20240520_070000.WAV
477.0,480.0,Phylloscopus occipitalis,Western Crowned Warbler,0.9688,C:/Users/shang/OneDrive - Georgia Institute of Technology/HAAG Research Bird Audio/Audio Files Analysis/Low/PSL7\20240520_070000.WAV
486.0,489.0,Phylloscopus occipitalis,Western Crowned Warbler,0.9182,C:/Users/shang/OneDrive - Georgia Institute of Technology/HAAG Research Bird Audio/Audio Files Analysis/Low/PSL7\20240520_070000.WAV
498.0,501.0,Phylloscopus nitidus,Green Warbler,0.5047,C:/Users/shang/OneDrive - Georgia Institute of Technology/HAAG Research Bird Audio/Audio Files Analysis/Low/PSL7\20240520_070000.WAV
501.0,504.0,Larvivora brunnea,Indian Blue Robin,0.9210,C:/Users/shang/OneDrive - Georgia Institute of Technology/HAAG Research Bird Audio/Audio Files Analysis/Low/PSL7\20240520_070000.WAV
510.0,513.0,Phylloscopus occipitalis,Western Crowned Warbler,0.9010,C:/Users/shang/OneDrive - Georgia Institute of Technology/HAAG Research Bird Audio/Audio Files Analysis/Low/PSL7\20240520_070000.WAV
513.0,516.0,Phylloscopus occipitalis,Western Crowned Warbler,0.8508,C:/Users/shang/OneDrive - Georgia Institute of Technology/HAAG Research Bird Audio/Audio Files Analysis/Low/PSL7\20240520_070000.WAV
519.0,522.0,Phylloscopus maculipennis,Ashy-throated Warbler,0.7950,C:/Users/shang/OneDrive - Georgia Institute of Technology/HAAG Research Bird Audio/Audio Files Analysis/Low/PSL7\20240520_070000.WAV
522.0,525.0,Phylloscopus occipitalis,Western Crowned Warbler,0.9734,C:/Users/shang/OneDrive - Georgia Institute of Technology/HAAG Research Bird Audio/Audio Files Analysis/Low/PSL7\20240520_070000.WAV
528.0,531.0,Phylloscopus occipitalis,Western Crowned Warbler,0.9345,C:/Users/shang/OneDrive - Georgia Institute of Technology/HAAG Research Bird Audio/Audio Files Analysis/Low/PSL7\20240520_070000.WAV
534.0,537.0,Phylloscopus occipitalis,Western Crowned Warbler,0.7318,C:/Users/shang/OneDrive - Georgia Institute of Technology/HAAG Research Bird Audio/Audio Files Analysis/Low/PSL7\20240520_070000.WAV
537.0,540.0,Phylloscopus nitidus,Green Warbler,0.6050,C:/Users/shang/OneDrive - Georgia Institute of Technology/HAAG Research Bird Audio/Audio Files Analysis/Low/PSL7\20240520_070000.WAV
549.0,552.0,Phylloscopus occipitalis,Western Crowned Warbler,0.9840,C:/Users/shang/OneDrive - Georgia Institute of Technology/HAAG Research Bird Audio/Audio Files Analysis/Low/PSL7\20240520_070000.WAV
555.0,558.0,Phylloscopus occipitalis,Western Crowned Warbler,0.9265,C:/Users/shang/OneDrive - Georgia Institute of Technology/HAAG Research Bird Audio/Audio Files Analysis/Low/PSL7\20240520_070000.WAV
561.0,564.0,Phylloscopus occipitalis,Western Crowned Warbler,0.9335,C:/Users/shang/OneDrive - Georgia Institute of Technology/HAAG Research Bird Audio/Audio Files Analysis/Low/PSL7\20240520_070000.WAV
564.0,567.0,Phylloscopus occipitalis,Western Crowned Warbler,0.6030,C:/Users/shang/OneDrive - Georgia Institute of Technology/HAAG Research Bird Audio/Audio Files Analysis/Low/PSL7\20240520_070000.WAV
573.0,576.0,Phylloscopus occipitalis,Western Crowned Warbler,0.6709,C:/Users/shang/OneDrive - Georgia Institute of Technology/HAAG Research Bird Audio/Audio Files Analysis/Low/PSL7\20240520_070000.WAV
579.0,582.0,Phylloscopus occipitalis,Western Crowned Warbler,0.8334,C:/Users/shang/OneDrive - Georgia Institute of Technology/HAAG Research Bird Audio/Audio Files Analysis/Low/PSL7\20240520_070000.WAV
585.0,588.0,Protonotaria citrea,Prothonotary Warbler,0.8248,C:/Users/shang/OneDrive - Georgia Institute of Technology/HAAG Research Bird Audio/Audio Files Analysis/Low/PSL7\20240520_070000.WAV
588.0,591.0,Phylloscopus occipitalis,Western Crowned Warbler,0.6592,C:/Users/shang/OneDrive - Georgia Institute of Technology/HAAG Research Bird Audio/Audio Files Analysis/Low/PSL7\20240520_070000.WAV
594.0,597.0,Phylloscopus occipitalis,Western Crowned Warbler,0.6948,C:/Users/shang/OneDrive - Georgia Institute of Technology/HAAG Research Bird Audio/Audio Files Analysis/Low/PSL7\20240520_070000.WAV
597.0,600.0,Phylloscopus occipitalis,Western Crowned Warbler,0.9711,C:/Users/shang/OneDrive - Georgia Institute of Technology/HAAG Research Bird Audio/Audio Files Analysis/Low/PSL7\20240520_070000.WAV
609.0,612.0,Phylloscopus occipitalis,Western Crowned Warbler,0.6499,C:/Users/shang/OneDrive - Georgia Institute of Technology/HAAG Research Bird Audio/Audio Files Analysis/Low/PSL7\20240520_070000.WAV
618.0,621.0,Phylloscopus occipitalis,Western Crowned Warbler,0.9369,C:/Users/shang/OneDrive - Georgia Institute of Technology/HAAG Research Bird Audio/Audio Files Analysis/Low/PSL7\20240520_070000.WAV
621.0,624.0,Phylloscopus occipitalis,Western Crowned Warbler,0.5892,C:/Users/shang/OneDrive - Georgia Institute of Technology/HAAG Research Bird Audio/Audio Files Analysis/Low/PSL7\20240520_070000.WAV
639.0,642.0,Phylloscopus occipitalis,Western Crowned Warbler,0.8999,C:/Users/shang/OneDrive - Georgia Institute of Technology/HAAG Research Bird Audio/Audio Files Analysis/Low/PSL7\20240520_070000.WAV
645.0,648.0,Phylloscopus occipitalis,Western Crowned Warbler,0.7468,C:/Users/shang/OneDrive - Georgia Institute of Technology/HAAG Research Bird Audio/Audio Files Analysis/Low/PSL7\20240520_070000.WAV
648.0,651.0,Protonotaria citrea,Prothonotary Warbler,0.8823,C:/Users/shang/OneDrive - Georgia Institute of Technology/HAAG Research Bird Audio/Audio Files Analysis/Low/PSL7\20240520_070000.WAV
654.0,657.0,Phylloscopus occipitalis,Western Crowned Warbler,0.7825,C:/Users/shang/OneDrive - Georgia Institute of Technology/HAAG Research Bird Audio/Audio Files Analysis/Low/PSL7\20240520_070000.WAV
669.0,672.0,Phylloscopus occipitalis,Western Crowned Warbler,0.6348,C:/Users/shang/OneDrive - Georgia Institute of Technology/HAAG Research Bird Audio/Audio Files Analysis/Low/PSL7\20240520_070000.WAV
672.0,675.0,Protonotaria citrea,Prothonotary Warbler,0.7313,C:/Users/shang/OneDrive - Georgia Institute of Technology/HAAG Research Bird Audio/Audio Files Analysis/Low/PSL7\20240520_070000.WAV
678.0,681.0,Phylloscopus occipitalis,Western Crowned Warbler,0.8532,C:/Users/shang/OneDrive - Georgia Institute of Technology/HAAG Research Bird Audio/Audio Files Analysis/Low/PSL7\20240520_070000.WAV
681.0,684.0,Phylloscopus nitidus,Green Warbler,0.5128,C:/Users/shang/OneDrive - Georgia Institute of Technology/HAAG Research Bird Audio/Audio Files Analysis/Low/PSL7\20240520_070000.WAV
690.0,693.0,Phylloscopus occipitalis,Western Crowned Warbler,0.6834,C:/Users/shang/OneDrive - Georgia Institute of Technology/HAAG Research Bird Audio/Audio Files Analysis/Low/PSL7\20240520_070000.WAV
696.0,699.0,Phylloscopus occipitalis,Western Crowned Warbler,0.8610,C:/Users/shang/OneDrive - Georgia Institute of Technology/HAAG Research Bird Audio/Audio Files Analysis/Low/PSL7\20240520_070000.WAV
699.0,702.0,Phylloscopus occipitalis,Western Crowned Warbler,0.6436,C:/Users/shang/OneDrive - Georgia Institute of Technology/HAAG Research Bird Audio/Audio Files Analysis/Low/PSL7\20240520_070000.WAV
720.0,723.0,Phylloscopus occipitalis,Western Crowned Warbler,0.5985,C:/Users/shang/OneDrive - Georgia Institute of Technology/HAAG Research Bird Audio/Audio Files Analysis/Low/PSL7\20240520_070000.WAV
723.0,726.0,Phylloscopus nitidus,Green Warbler,0.9726,C:/Users/shang/OneDrive - Georgia Institute of Technology/HAAG Research Bird Audio/Audio Files Analysis/Low/PSL7\20240520_070000.WAV
726.0,729.0,Phylloscopus occipitalis,Western Crowned Warbler,0.8811,C:/Users/shang/OneDrive - Georgia Institute of Technology/HAAG Research Bird Audio/Audio Files Analysis/Low/PSL7\20240520_070000.WAV
735.0,738.0,Phylloscopus occipitalis,Western Crowned Warbler,0.9655,C:/Users/shang/OneDrive - Georgia Institute of Technology/HAAG Research Bird Audio/Audio Files Analysis/Low/PSL7\20240520_070000.WAV
738.0,741.0,Phylloscopus nitidus,Green Warbler,0.6897,C:/Users/shang/OneDrive - Georgia Institute of Technology/HAAG Research Bird Audio/Audio Files Analysis/Low/PSL7\20240520_070000.WAV
744.0,747.0,Phylloscopus occipitalis,Western Crowned Warbler,0.5801,C:/Users/shang/OneDrive - Georgia Institute of Technology/HAAG Research Bird Audio/Audio Files Analysis/Low/PSL7\20240520_070000.WAV
759.0,762.0,Phylloscopus occipitalis,Western Crowned Warbler,0.6690,C:/Users/shang/OneDrive - Georgia Institute of Technology/HAAG Research Bird Audio/Audio Files Analysis/Low/PSL7\20240520_070000.WAV
765.0,768.0,Phylloscopus occipitalis,Western Crowned Warbler,0.5918,C:/Users/shang/OneDrive - Georgia Institute of Technology/HAAG Research Bird Audio/Audio Files Analysis/Low/PSL7\20240520_070000.WAV
768.0,771.0,Phylloscopus occipitalis,Western Crowned Warbler,0.8553,C:/Users/shang/OneDrive - Georgia Institute of Technology/HAAG Research Bird Audio/Audio Files Analysis/Low/PSL7\20240520_070000.WAV
771.0,774.0,Phylloscopus trochiloides,Greenish Warbler,0.8805,C:/Users/shang/OneDrive - Georgia Institute of Technology/HAAG Research Bird Audio/Audio Files Analysis/Low/PSL7\20240520_070000.WAV
780.0,783.0,Ficedula tricolor,Slaty-blue Flycatcher,0.5646,C:/Users/shang/OneDrive - Georgia Institute of Technology/HAAG Research Bird Audio/Audio Files Analysis/Low/PSL7\20240520_070000.WAV
798.0,801.0,Protonotaria citrea,Prothonotary Warbler,0.5578,C:/Users/shang/OneDrive - Georgia Institute of Technology/HAAG Research Bird Audio/Audio Files Analysis/Low/PSL7\20240520_070000.WAV
801.0,804.0,Phylloscopus occipitalis,Western Crowned Warbler,0.8817,C:/Users/shang/OneDrive - Georgia Institute of Technology/HAAG Research Bird Audio/Audio Files Analysis/Low/PSL7\20240520_070000.WAV
861.0,864.0,Passerella iliaca,Fox Sparrow,0.5008,C:/Users/shang/OneDrive - Georgia Institute of Technology/HAAG Research Bird Audio/Audio Files Analysis/Low/PSL7\20240520_070000.WAV
12.0,15.0,Phylloscopus occipitalis,Western Crowned Warbler,0.7932,C:/Users/shang/OneDrive - Georgia Institute of Technology/HAAG Research Bird Audio/Audio Files Analysis/Low/PSL7\20240520_080000.WAV
18.0,21.0,Protonotaria citrea,Prothonotary Warbler,0.8311,C:/Users/shang/OneDrive - Georgia Institute of Technology/HAAG Research Bird Audio/Audio Files Analysis/Low/PSL7\20240520_080000.WAV
21.0,24.0,Larvivora brunnea,Indian Blue Robin,0.7196,C:/Users/shang/OneDrive - Georgia Institute of Technology/HAAG Research Bird Audio/Audio Files Analysis/Low/PSL7\20240520_080000.WAV
45.0,48.0,Phylloscopus occipitalis,Western Crowned Warbler,0.6960,C:/Users/shang/OneDrive - Georgia Institute of Technology/HAAG Research Bird Audio/Audio Files Analysis/Low/PSL7\20240520_080000.WAV
54.0,57.0,Phylloscopus occipitalis,Western Crowned Warbler,0.8861,C:/Users/shang/OneDrive - Georgia Institute of Technology/HAAG Research Bird Audio/Audio Files Analysis/Low/PSL7\20240520_080000.WAV
60.0,63.0,Phylloscopus occipitalis,Western Crowned Warbler,0.9284,C:/Users/shang/OneDrive - Georgia Institute of Technology/HAAG Research Bird Audio/Audio Files Analysis/Low/PSL7\20240520_080000.WAV
66.0,69.0,Phylloscopus occipitalis,Western Crowned Warbler,0.5021,C:/Users/shang/OneDrive - Georgia Institute of Technology/HAAG Research Bird Audio/Audio Files Analysis/Low/PSL7\20240520_080000.WAV
72.0,75.0,Phylloscopus occipitalis,Western Crowned Warbler,0.8782,C:/Users/shang/OneDrive - Georgia Institute of Technology/HAAG Research Bird Audio/Audio Files Analysis/Low/PSL7\20240520_080000.WAV
75.0,78.0,Phylloscopus occipitalis,Western Crowned Warbler,0.7274,C:/Users/shang/OneDrive - Georgia Institute of Technology/HAAG Research Bird Audio/Audio Files Analysis/Low/PSL7\20240520_080000.WAV
81.0,84.0,Phylloscopus occipitalis,Western Crowned Warbler,0.6287,C:/Users/shang/OneDrive - Georgia Institute of Technology/HAAG Research Bird Audio/Audio Files Analysis/Low/PSL7\20240520_080000.WAV
84.0,87.0,Phylloscopus occipitalis,Western Crowned Warbler,0.7581,C:/Users/shang/OneDrive - Georgia Institute of Technology/HAAG Research Bird Audio/Audio Files Analysis/Low/PSL7\20240520_080000.WAV
90.0,93.0,Phylloscopus occipitalis,Western Crowned Warbler,0.9205,C:/Users/shang/OneDrive - Georgia Institute of Technology/HAAG Research Bird Audio/Audio Files Analysis/Low/PSL7\20240520_080000.WAV
99.0,102.0,Phylloscopus occipitalis,Western Crowned Warbler,0.9465,C:/Users/shang/OneDrive - Georgia Institute of Technology/HAAG Research Bird Audio/Audio Files Analysis/Low/PSL7\20240520_080000.WAV
105.0,108.0,Phylloscopus occipitalis,Western Crowned Warbler,0.9672,C:/Users/shang/OneDrive - Georgia Institute of Technology/HAAG Research Bird Audio/Audio Files Analysis/Low/PSL7\20240520_080000.WAV
108.0,111.0,Phylloscopus occipitalis,Western Crowned Warbler,0.7105,C:/Users/shang/OneDrive - Georgia Institute of Technology/HAAG Research Bird Audio/Audio Files Analysis/Low/PSL7\20240520_080000.WAV
111.0,114.0,Phylloscopus occipitalis,Western Crowned Warbler,0.9583,C:/Users/shang/OneDrive - Georgia Institute of Technology/HAAG Research Bird Audio/Audio Files Analysis/Low/PSL7\20240520_080000.WAV
114.0,117.0,Phylloscopus occipitalis,Western Crowned Warbler,0.8498,C:/Users/shang/OneDrive - Georgia Institute of Technology/HAAG Research Bird Audio/Audio Files Analysis/Low/PSL7\20240520_080000.WAV
120.0,123.0,Phylloscopus occipitalis,Western Crowned Warbler,0.7796,C:/Users/shang/OneDrive - Georgia Institute of Technology/HAAG Research Bird Audio/Audio Files Analysis/Low/PSL7\20240520_080000.WAV
126.0,129.0,Phylloscopus occipitalis,Western Crowned Warbler,0.9506,C:/Users/shang/OneDrive - Georgia Institute of Technology/HAAG Research Bird Audio/Audio Files Analysis/Low/PSL7\20240520_080000.WAV
129.0,132.0,Phylloscopus occipitalis,Western Crowned Warbler,0.8884,C:/Users/shang/OneDrive - Georgia Institute of Technology/HAAG Research Bird Audio/Audio Files Analysis/Low/PSL7\20240520_080000.WAV
135.0,138.0,Protonotaria citrea,Prothonotary Warbler,0.7966,C:/Users/shang/OneDrive - Georgia Institute of Technology/HAAG Research Bird Audio/Audio Files Analysis/Low/PSL7\20240520_080000.WAV
141.0,144.0,Protonotaria citrea,Prothonotary Warbler,0.7258,C:/Users/shang/OneDrive - Georgia Institute of Technology/HAAG Research Bird Audio/Audio Files Analysis/Low/PSL7\20240520_080000.WAV
147.0,150.0,Protonotaria citrea,Prothonotary Warbler,0.9235,C:/Users/shang/OneDrive - Georgia Institute of Technology/HAAG Research Bird Audio/Audio Files Analysis/Low/PSL7\20240520_080000.WAV
186.0,189.0,Phylloscopus occipitalis,Western Crowned Warbler,0.5633,C:/Users/shang/OneDrive - Georgia Institute of Technology/HAAG Research Bird Audio/Audio Files Analysis/Low/PSL7\20240520_080000.WAV
222.0,225.0,Protonotaria citrea,Prothonotary Warbler,0.6359,C:/Users/shang/OneDrive - Georgia Institute of Technology/HAAG Research Bird Audio/Audio Files Analysis/Low/PSL7\20240520_080000.WAV
231.0,234.0,Prinia socialis,Ashy Prinia,0.7266,C:/Users/shang/OneDrive - Georgia Institute of Technology/HAAG Research Bird Audio/Audio Files Analysis/Low/PSL7\20240520_080000.WAV
252.0,255.0,Protonotaria citrea,Prothonotary Warbler,0.8436,C:/Users/shang/OneDrive - Georgia Institute of Technology/HAAG Research Bird Audio/Audio Files Analysis/Low/PSL7\20240520_080000.WAV
315.0,318.0,Protonotaria citrea,Prothonotary Warbler,0.7334,C:/Users/shang/OneDrive - Georgia Institute of Technology/HAAG Research Bird Audio/Audio Files Analysis/Low/PSL7\20240520_080000.WAV
327.0,330.0,Phylloscopus occipitalis,Western Crowned Warbler,0.8436,C:/Users/shang/OneDrive - Georgia Institute of Technology/HAAG Research Bird Audio/Audio Files Analysis/Low/PSL7\20240520_080000.WAV
333.0,336.0,Phylloscopus occipitalis,Western Crowned Warbler,0.5662,C:/Users/shang/OneDrive - Georgia Institute of Technology/HAAG Research Bird Audio/Audio Files Analysis/Low/PSL7\20240520_080000.WAV
348.0,351.0,Phylloscopus occipitalis,Western Crowned Warbler,0.7120,C:/Users/shang/OneDrive - Georgia Institute of Technology/HAAG Research Bird Audio/Audio Files Analysis/Low/PSL7\20240520_080000.WAV
357.0,360.0,Prinia socialis,Ashy Prinia,0.5489,C:/Users/shang/OneDrive - Georgia Institute of Technology/HAAG Research Bird Audio/Audio Files Analysis/Low/PSL7\20240520_080000.WAV
375.0,378.0,Protonotaria citrea,Prothonotary Warbler,0.7485,C:/Users/shang/OneDrive - Georgia Institute of Technology/HAAG Research Bird Audio/Audio Files Analysis/Low/PSL7\20240520_080000.WAV
381.0,384.0,Phylloscopus occipitalis,Western Crowned Warbler,0.6741,C:/Users/shang/OneDrive - Georgia Institute of Technology/HAAG Research Bird Audio/Audio Files Analysis/Low/PSL7\20240520_080000.WAV
387.0,390.0,Phylloscopus occipitalis,Western Crowned Warbler,0.6002,C:/Users/shang/OneDrive - Georgia Institute of Technology/HAAG Research Bird Audio/Audio Files Analysis/Low/PSL7\20240520_080000.WAV
390.0,393.0,Phylloscopus occipitalis,Western Crowned Warbler,0.6035,C:/Users/shang/OneDrive - Georgia Institute of Technology/HAAG Research Bird Audio/Audio Files Analysis/Low/PSL7\20240520_080000.WAV
396.0,399.0,Phylloscopus occipitalis,Western Crowned Warbler,0.9219,C:/Users/shang/OneDrive - Georgia Institute of Technology/HAAG Research Bird Audio/Audio Files Analysis/Low/PSL7\20240520_080000.WAV
402.0,405.0,Phylloscopus occipitalis,Western Crowned Warbler,0.6580,C:/Users/shang/OneDrive - Georgia Institute of Technology/HAAG Research Bird Audio/Audio Files Analysis/Low/PSL7\20240520_080000.WAV
411.0,414.0,Phylloscopus occipitalis,Western Crowned Warbler,0.7670,C:/Users/shang/OneDrive - Georgia Institute of Technology/HAAG Research Bird Audio/Audio Files Analysis/Low/PSL7\20240520_080000.WAV
420.0,423.0,Phylloscopus occipitalis,Western Crowned Warbler,0.9291,C:/Users/shang/OneDrive - Georgia Institute of Technology/HAAG Research Bird Audio/Audio Files Analysis/Low/PSL7\20240520_080000.WAV
426.0,429.0,Prunella strophiata,Rufous-breasted Accentor,0.5888,C:/Users/shang/OneDrive - Georgia Institute of Technology/HAAG Research Bird Audio/Audio Files Analysis/Low/PSL7\20240520_080000.WAV
432.0,435.0,Prunella strophiata,Rufous-breasted Accentor,0.6087,C:/Users/shang/OneDrive - Georgia Institute of Technology/HAAG Research Bird Audio/Audio Files Analysis/Low/PSL7\20240520_080000.WAV
471.0,474.0,Ficedula parva,Red-breasted Flycatcher,0.5518,C:/Users/shang/OneDrive - Georgia Institute of Technology/HAAG Research Bird Audio/Audio Files Analysis/Low/PSL7\20240520_080000.WAV
717.0,720.0,Phylloscopus humei,Hume's Warbler,0.9746,C:/Users/shang/OneDrive - Georgia Institute of Technology/HAAG Research Bird Audio/Audio Files Analysis/Low/PSL7\20240520_080000.WAV
768.0,771.0,Ficedula parva,Red-breasted Flycatcher,0.9846,C:/Users/shang/OneDrive - Georgia Institute of Technology/HAAG Research Bird Audio/Audio Files Analysis/Low/PSL7\20240520_080000.WAV
780.0,783.0,Ficedula parva,Red-breasted Flycatcher,0.9704,C:/Users/shang/OneDrive - Georgia Institute of Technology/HAAG Research Bird Audio/Audio Files Analysis/Low/PSL7\20240520_080000.WAV
783.0,786.0,Ficedula parva,Red-breasted Flycatcher,0.9391,C:/Users/shang/OneDrive - Georgia Institute of Technology/HAAG Research Bird Audio/Audio Files Analysis/Low/PSL7\20240520_080000.WAV
792.0,795.0,Ficedula parva,Red-breasted Flycatcher,0.5681,C:/Users/shang/OneDrive - Georgia Institute of Technology/HAAG Research Bird Audio/Audio Files Analysis/Low/PSL7\20240520_080000.WAV
795.0,798.0,Prunella strophiata,Rufous-breasted Accentor,0.6792,C:/Users/shang/OneDrive - Georgia Institute of Technology/HAAG Research Bird Audio/Audio Files Analysis/Low/PSL7\20240520_080000.WAV
795.0,798.0,Ficedula parva,Red-breasted Flycatcher,0.5874,C:/Users/shang/OneDrive - Georgia Institute of Technology/HAAG Research Bird Audio/Audio Files Analysis/Low/PSL7\20240520_080000.WAV
798.0,801.0,Prunella strophiata,Rufous-breasted Accentor,0.5164,C:/Users/shang/OneDrive - Georgia Institute of Technology/HAAG Research Bird Audio/Audio Files Analysis/Low/PSL7\20240520_080000.WAV
810.0,813.0,Ficedula parva,Red-breasted Flycatcher,0.6449,C:/Users/shang/OneDrive - Georgia Institute of Technology/HAAG Research Bird Audio/Audio Files Analysis/Low/PSL7\20240520_080000.WAV
12.0,15.0,Phylloscopus occipitalis,Western Crowned Warbler,0.7668,C:/Users/shang/OneDrive - Georgia Institute of Technology/HAAG Research Bird Audio/Audio Files Analysis/Low/PSL7\20240520_090000.WAV
21.0,24.0,Phylloscopus nitidus,Green Warbler,0.8698,C:/Users/shang/OneDrive - Georgia Institute of Technology/HAAG Research Bird Audio/Audio Files Analysis/Low/PSL7\20240520_090000.WAV
24.0,27.0,Phylloscopus occipitalis,Western Crowned Warbler,0.8093,C:/Users/shang/OneDrive - Georgia Institute of Technology/HAAG Research Bird Audio/Audio Files Analysis/Low/PSL7\20240520_090000.WAV
30.0,33.0,Phylloscopus occipitalis,Western Crowned Warbler,0.9079,C:/Users/shang/OneDrive - Georgia Institute of Technology/HAAG Research Bird Audio/Audio Files Analysis/Low/PSL7\20240520_090000.WAV
39.0,42.0,Protonotaria citrea,Prothonotary Warbler,0.8826,C:/Users/shang/OneDrive - Georgia Institute of Technology/HAAG Research Bird Audio/Audio Files Analysis/Low/PSL7\20240520_090000.WAV
48.0,51.0,Phylloscopus occipitalis,Western Crowned Warbler,0.7528,C:/Users/shang/OneDrive - Georgia Institute of Technology/HAAG Research Bird Audio/Audio Files Analysis/Low/PSL7\20240520_090000.WAV
93.0,96.0,Phylloscopus occipitalis,Western Crowned Warbler,0.8772,C:/Users/shang/OneDrive - Georgia Institute of Technology/HAAG Research Bird Audio/Audio Files Analysis/Low/PSL7\20240520_090000.WAV
99.0,102.0,Phylloscopus occipitalis,Western Crowned Warbler,0.8321,C:/Users/shang/OneDrive - Georgia Institute of Technology/HAAG Research Bird Audio/Audio Files Analysis/Low/PSL7\20240520_090000.WAV
102.0,105.0,Phylloscopus occipitalis,Western Crowned Warbler,0.5723,C:/Users/shang/OneDrive - Georgia Institute of Technology/HAAG Research Bird Audio/Audio Files Analysis/Low/PSL7\20240520_090000.WAV
108.0,111.0,Phylloscopus occipitalis,Western Crowned Warbler,0.7663,C:/Users/shang/OneDrive - Georgia Institute of Technology/HAAG Research Bird Audio/Audio Files Analysis/Low/PSL7\20240520_090000.WAV
111.0,114.0,Phylloscopus occipitalis,Western Crowned Warbler,0.7305,C:/Users/shang/OneDrive - Georgia Institute of Technology/HAAG Research Bird Audio/Audio Files Analysis/Low/PSL7\20240520_090000.WAV
120.0,123.0,Phylloscopus occipitalis,Western Crowned Warbler,0.7197,C:/Users/shang/OneDrive - Georgia Institute of Technology/HAAG Research Bird Audio/Audio Files Analysis/Low/PSL7\20240520_090000.WAV
153.0,156.0,Phylloscopus occipitalis,Western Crowned Warbler,0.8210,C:/Users/shang/OneDrive - Georgia Institute of Technology/HAAG Research Bird Audio/Audio Files Analysis/Low/PSL7\20240520_090000.WAV
174.0,177.0,Phylloscopus occipitalis,Western Crowned Warbler,0.6697,C:/Users/shang/OneDrive - Georgia Institute of Technology/HAAG Research Bird Audio/Audio Files Analysis/Low/PSL7\20240520_090000.WAV
204.0,207.0,Phylloscopus occipitalis,Western Crowned Warbler,0.5996,C:/Users/shang/OneDrive - Georgia Institute of Technology/HAAG Research Bird Audio/Audio Files Analysis/Low/PSL7\20240520_090000.WAV
213.0,216.0,Phylloscopus occipitalis,Western Crowned Warbler,0.6138,C:/Users/shang/OneDrive - Georgia Institute of Technology/HAAG Research Bird Audio/Audio Files Analysis/Low/PSL7\20240520_090000.WAV
222.0,225.0,Phylloscopus occipitalis,Western Crowned Warbler,0.8446,C:/Users/shang/OneDrive - Georgia Institute of Technology/HAAG Research Bird Audio/Audio Files Analysis/Low/PSL7\20240520_090000.WAV
228.0,231.0,Phylloscopus occipitalis,Western Crowned Warbler,0.9762,C:/Users/shang/OneDrive - Georgia Institute of Technology/HAAG Research Bird Audio/Audio Files Analysis/Low/PSL7\20240520_090000.WAV
231.0,234.0,Phylloscopus humei,Hume's Warbler,0.7755,C:/Users/shang/OneDrive - Georgia Institute of Technology/HAAG Research Bird Audio/Audio Files Analysis/Low/PSL7\20240520_090000.WAV
243.0,246.0,Phylloscopus occipitalis,Western Crowned Warbler,0.8802,C:/Users/shang/OneDrive - Georgia Institute of Technology/HAAG Research Bird Audio/Audio Files Analysis/Low/PSL7\20240520_090000.WAV
249.0,252.0,Phylloscopus occipitalis,Western Crowned Warbler,0.7649,C:/Users/shang/OneDrive - Georgia Institute of Technology/HAAG Research Bird Audio/Audio Files Analysis/Low/PSL7\20240520_090000.WAV
258.0,261.0,Phylloscopus occipitalis,Western Crowned Warbler,0.9758,C:/Users/shang/OneDrive - Georgia Institute of Technology/HAAG Research Bird Audio/Audio Files Analysis/Low/PSL7\20240520_090000.WAV
264.0,267.0,Phylloscopus occipitalis,Western Crowned Warbler,0.9517,C:/Users/shang/OneDrive - Georgia Institute of Technology/HAAG Research Bird Audio/Audio Files Analysis/Low/PSL7\20240520_090000.WAV
267.0,270.0,Protonotaria citrea,Prothonotary Warbler,0.7197,C:/Users/shang/OneDrive - Georgia Institute of Technology/HAAG Research Bird Audio/Audio Files Analysis/Low/PSL7\20240520_090000.WAV
270.0,273.0,Phylloscopus occipitalis,Western Crowned Warbler,0.5528,C:/Users/shang/OneDrive - Georgia Institute of Technology/HAAG Research Bird Audio/Audio Files Analysis/Low/PSL7\20240520_090000.WAV
510.0,513.0,Protonotaria citrea,Prothonotary Warbler,0.5859,C:/Users/shang/OneDrive - Georgia Institute of Technology/HAAG Research Bird Audio/Audio Files Analysis/Low/PSL7\20240520_090000.WAV
528.0,531.0,Erithacus rubecula,European Robin,0.5359,C:/Users/shang/OneDrive - Georgia Institute of Technology/HAAG Research Bird Audio/Audio Files Analysis/Low/PSL7\20240520_090000.WAV
564.0,567.0,Phylloscopus occipitalis,Western Crowned Warbler,0.7205,C:/Users/shang/OneDrive - Georgia Institute of Technology/HAAG Research Bird Audio/Audio Files Analysis/Low/PSL7\20240520_090000.WAV
597.0,600.0,Phylloscopus occipitalis,Western Crowned Warbler,0.9046,C:/Users/shang/OneDrive - Georgia Institute of Technology/HAAG Research Bird Audio/Audio Files Analysis/Low/PSL7\20240520_090000.WAV
606.0,609.0,Phylloscopus occipitalis,Western Crowned Warbler,0.9060,C:/Users/shang/OneDrive - Georgia Institute of Technology/HAAG Research Bird Audio/Audio Files Analysis/Low/PSL7\20240520_090000.WAV
618.0,621.0,Phylloscopus occipitalis,Western Crowned Warbler,0.6131,C:/Users/shang/OneDrive - Georgia Institute of Technology/HAAG Research Bird Audio/Audio Files Analysis/Low/PSL7\20240520_090000.WAV
639.0,642.0,Phylloscopus occipitalis,Western Crowned Warbler,0.8388,C:/Users/shang/OneDrive - Georgia Institute of Technology/HAAG Research Bird Audio/Audio Files Analysis/Low/PSL7\20240520_090000.WAV
648.0,651.0,Phylloscopus occipitalis,Western Crowned Warbler,0.7614,C:/Users/shang/OneDrive - Georgia Institute of Technology/HAAG Research Bird Audio/Audio Files Analysis/Low/PSL7\20240520_090000.WAV
654.0,657.0,Protonotaria citrea,Prothonotary Warbler,0.7836,C:/Users/shang/OneDrive - Georgia Institute of Technology/HAAG Research Bird Audio/Audio Files Analysis/Low/PSL7\20240520_090000.WAV
654.0,657.0,Phylloscopus occipitalis,Western Crowned Warbler,0.5015,C:/Users/shang/OneDrive - Georgia Institute of Technology/HAAG Research Bird Audio/Audio Files Analysis/Low/PSL7\20240520_090000.WAV
669.0,672.0,Phylloscopus occipitalis,Western Crowned Warbler,0.5467,C:/Users/shang/OneDrive - Georgia Institute of Technology/HAAG Research Bird Audio/Audio Files Analysis/Low/PSL7\20240520_090000.WAV
693.0,696.0,Phylloscopus occipitalis,Western Crowned Warbler,0.8476,C:/Users/shang/OneDrive - Georgia Institute of Technology/HAAG Research Bird Audio/Audio Files Analysis/Low/PSL7\20240520_090000.WAV
696.0,699.0,Phylloscopus occipitalis,Western Crowned Warbler,0.9324,C:/Users/shang/OneDrive - Georgia Institute of Technology/HAAG Research Bird Audio/Audio Files Analysis/Low/PSL7\20240520_090000.WAV
702.0,705.0,Phylloscopus occipitalis,Western Crowned Warbler,0.8611,C:/Users/shang/OneDrive - Georgia Institute of Technology/HAAG Research Bird Audio/Audio Files Analysis/Low/PSL7\20240520_090000.WAV
708.0,711.0,Phylloscopus occipitalis,Western Crowned Warbler,0.8002,C:/Users/shang/OneDrive - Georgia Institute of Technology/HAAG Research Bird Audio/Audio Files Analysis/Low/PSL7\20240520_090000.WAV
711.0,714.0,Phylloscopus occipitalis,Western Crowned Warbler,0.6013,C:/Users/shang/OneDrive - Georgia Institute of Technology/HAAG Research Bird Audio/Audio Files Analysis/Low/PSL7\20240520_090000.WAV
714.0,717.0,Phylloscopus occipitalis,Western Crowned Warbler,0.6381,C:/Users/shang/OneDrive - Georgia Institute of Technology/HAAG Research Bird Audio/Audio Files Analysis/Low/PSL7\20240520_090000.WAV
717.0,720.0,Phylloscopus occipitalis,Western Crowned Warbler,0.5419,C:/Users/shang/OneDrive - Georgia Institute of Technology/HAAG Research Bird Audio/Audio Files Analysis/Low/PSL7\20240520_090000.WAV
720.0,723.0,Phylloscopus occipitalis,Western Crowned Warbler,0.8242,C:/Users/shang/OneDrive - Georgia Institute of Technology/HAAG Research Bird Audio/Audio Files Analysis/Low/PSL7\20240520_090000.WAV
720.0,723.0,Phylloscopus reguloides,Blyth's Leaf Warbler,0.5054,C:/Users/shang/OneDrive - Georgia Institute of Technology/HAAG Research Bird Audio/Audio Files Analysis/Low/PSL7\20240520_090000.WAV
729.0,732.0,Phylloscopus occipitalis,Western Crowned Warbler,0.9574,C:/Users/shang/OneDrive - Georgia Institute of Technology/HAAG Research Bird Audio/Audio Files Analysis/Low/PSL7\20240520_090000.WAV
738.0,741.0,Phylloscopus occipitalis,Western Crowned Warbler,0.8671,C:/Users/shang/OneDrive - Georgia Institute of Technology/HAAG Research Bird Audio/Audio Files Analysis/Low/PSL7\20240520_090000.WAV
738.0,741.0,Periparus ater,Coal Tit,0.5434,C:/Users/shang/OneDrive - Georgia Institute of Technology/HAAG Research Bird Audio/Audio Files Analysis/Low/PSL7\20240520_090000.WAV
753.0,756.0,Phylloscopus occipitalis,Western Crowned Warbler,0.8806,C:/Users/shang/OneDrive - Georgia Institute of Technology/HAAG Research Bird Audio/Audio Files Analysis/Low/PSL7\20240520_090000.WAV
756.0,759.0,Phylloscopus occipitalis,Western Crowned Warbler,0.7501,C:/Users/shang/OneDrive - Georgia Institute of Technology/HAAG Research Bird Audio/Audio Files Analysis/Low/PSL7\20240520_090000.WAV
762.0,765.0,Phylloscopus occipitalis,Western Crowned Warbler,0.8392,C:/Users/shang/OneDrive - Georgia Institute of Technology/HAAG Research Bird Audio/Audio Files Analysis/Low/PSL7\20240520_090000.WAV
771.0,774.0,Phylloscopus occipitalis,Western Crowned Warbler,0.7347,C:/Users/shang/OneDrive - Georgia Institute of Technology/HAAG Research Bird Audio/Audio Files Analysis/Low/PSL7\20240520_090000.WAV
786.0,789.0,Phylloscopus occipitalis,Western Crowned Warbler,0.7929,C:/Users/shang/OneDrive - Georgia Institute of Technology/HAAG Research Bird Audio/Audio Files Analysis/Low/PSL7\20240520_090000.WAV
795.0,798.0,Phylloscopus occipitalis,Western Crowned Warbler,0.9434,C:/Users/shang/OneDrive - Georgia Institute of Technology/HAAG Research Bird Audio/Audio Files Analysis/Low/PSL7\20240520_090000.WAV
801.0,804.0,Phylloscopus occipitalis,Western Crowned Warbler,0.7341,C:/Users/shang/OneDrive - Georgia Institute of Technology/HAAG Research Bird Audio/Audio Files Analysis/Low/PSL7\20240520_090000.WAV
807.0,810.0,Phylloscopus occipitalis,Western Crowned Warbler,0.9740,C:/Users/shang/OneDrive - Georgia Institute of Technology/HAAG Research Bird Audio/Audio Files Analysis/Low/PSL7\20240520_090000.WAV
828.0,831.0,Protonotaria citrea,Prothonotary Warbler,0.5629,C:/Users/shang/OneDrive - Georgia Institute of Technology/HAAG Research Bird Audio/Audio Files Analysis/Low/PSL7\20240520_090000.WAV
834.0,837.0,Phylloscopus occipitalis,Western Crowned Warbler,0.7121,C:/Users/shang/OneDrive - Georgia Institute of Technology/HAAG Research Bird Audio/Audio Files Analysis/Low/PSL7\20240520_090000.WAV
837.0,840.0,Phylloscopus occipitalis,Western Crowned Warbler,0.5722,C:/Users/shang/OneDrive - Georgia Institute of Technology/HAAG Research Bird Audio/Audio Files Analysis/Low/PSL7\20240520_090000.WAV
843.0,846.0,Phylloscopus occipitalis,Western Crowned Warbler,0.9267,C:/Users/shang/OneDrive - Georgia Institute of Technology/HAAG Research Bird Audio/Audio Files Analysis/Low/PSL7\20240520_090000.WAV
849.0,852.0,Phylloscopus occipitalis,Western Crowned Warbler,0.8983,C:/Users/shang/OneDrive - Georgia Institute of Technology/HAAG Research Bird Audio/Audio Files Analysis/Low/PSL7\20240520_090000.WAV
852.0,855.0,Phylloscopus occipitalis,Western Crowned Warbler,0.8550,C:/Users/shang/OneDrive - Georgia Institute of Technology/HAAG Research Bird Audio/Audio Files Analysis/Low/PSL7\20240520_090000.WAV
3.0,6.0,Phylloscopus trochiloides,Greenish Warbler,0.7553,C:/Users/shang/OneDrive - Georgia Institute of Technology/HAAG Research Bird Audio/Audio Files Analysis/Low/PSL7\20240521_060000.WAV
6.0,9.0,Setophaga coronata,Yellow-rumped Warbler,0.7516,C:/Users/shang/OneDrive - Georgia Institute of Technology/HAAG Research Bird Audio/Audio Files Analysis/Low/PSL7\20240521_060000.WAV
21.0,24.0,Phylloscopus nitidus,Green Warbler,0.5147,C:/Users/shang/OneDrive - Georgia Institute of Technology/HAAG Research Bird Audio/Audio Files Analysis/Low/PSL7\20240521_060000.WAV
30.0,33.0,Phylloscopus nitidus,Green Warbler,0.8393,C:/Users/shang/OneDrive - Georgia Institute of Technology/HAAG Research Bird Audio/Audio Files Analysis/Low/PSL7\20240521_060000.WAV
48.0,51.0,Prinia socialis,Ashy Prinia,0.7841,C:/Users/shang/OneDrive - Georgia Institute of Technology/HAAG Research Bird Audio/Audio Files Analysis/Low/PSL7\20240521_060000.WAV
54.0,57.0,Phylloscopus tytleri,Tytler's Leaf Warbler,0.5452,C:/Users/shang/OneDrive - Georgia Institute of Technology/HAAG Research Bird Audio/Audio Files Analysis/Low/PSL7\20240521_060000.WAV
57.0,60.0,Phylloscopus nitidus,Green Warbler,0.9465,C:/Users/shang/OneDrive - Georgia Institute of Technology/HAAG Research Bird Audio/Audio Files Analysis/Low/PSL7\20240521_060000.WAV
69.0,72.0,Cettia brunnifrons,Gray-sided Bush Warbler,0.6098,C:/Users/shang/OneDrive - Georgia Institute of Technology/HAAG Research Bird Audio/Audio Files Analysis/Low/PSL7\20240521_060000.WAV
78.0,81.0,Phylloscopus nitidus,Green Warbler,0.7286,C:/Users/shang/OneDrive - Georgia Institute of Technology/HAAG Research Bird Audio/Audio Files Analysis/Low/PSL7\20240521_060000.WAV
78.0,81.0,Phylloscopus trochiloides,Greenish Warbler,0.6254,C:/Users/shang/OneDrive - Georgia Institute of Technology/HAAG Research Bird Audio/Audio Files Analysis/Low/PSL7\20240521_060000.WAV
87.0,90.0,Phylloscopus nitidus,Green Warbler,0.9053,C:/Users/shang/OneDrive - Georgia Institute of Technology/HAAG Research Bird Audio/Audio Files Analysis/Low/PSL7\20240521_060000.WAV
93.0,96.0,Phylloscopus occipitalis,Western Crowned Warbler,0.5128,C:/Users/shang/OneDrive - Georgia Institute of Technology/HAAG Research Bird Audio/Audio Files Analysis/Low/PSL7\20240521_060000.WAV
96.0,99.0,Phylloscopus nitidus,Green Warbler,0.7620,C:/Users/shang/OneDrive - Georgia Institute of Technology/HAAG Research Bird Audio/Audio Files Analysis/Low/PSL7\20240521_060000.WAV
123.0,126.0,Phylloscopus nitidus,Green Warbler,0.9698,C:/Users/shang/OneDrive - Georgia Institute of Technology/HAAG Research Bird Audio/Audio Files Analysis/Low/PSL7\20240521_060000.WAV
144.0,147.0,Phylloscopus nitidus,Green Warbler,0.9562,C:/Users/shang/OneDrive - Georgia Institute of Technology/HAAG Research Bird Audio/Audio Files Analysis/Low/PSL7\20240521_060000.WAV
159.0,162.0,Phylloscopus occipitalis,Western Crowned Warbler,0.7567,C:/Users/shang/OneDrive - Georgia Institute of Technology/HAAG Research Bird Audio/Audio Files Analysis/Low/PSL7\20240521_060000.WAV
174.0,177.0,Phylloscopus trochiloides,Greenish Warbler,0.6915,C:/Users/shang/OneDrive - Georgia Institute of Technology/HAAG Research Bird Audio/Audio Files Analysis/Low/PSL7\20240521_060000.WAV
186.0,189.0,Phylloscopus nitidus,Green Warbler,0.9208,C:/Users/shang/OneDrive - Georgia Institute of Technology/HAAG Research Bird Audio/Audio Files Analysis/Low/PSL7\20240521_060000.WAV
195.0,198.0,Phylloscopus occipitalis,Western Crowned Warbler,0.6622,C:/Users/shang/OneDrive - Georgia Institute of Technology/HAAG Research Bird Audio/Audio Files Analysis/Low/PSL7\20240521_060000.WAV
207.0,210.0,Phylloscopus occipitalis,Western Crowned Warbler,0.8682,C:/Users/shang/OneDrive - Georgia Institute of Technology/HAAG Research Bird Audio/Audio Files Analysis/Low/PSL7\20240521_060000.WAV
210.0,213.0,Phylloscopus nitidus,Green Warbler,0.8039,C:/Users/shang/OneDrive - Georgia Institute of Technology/HAAG Research Bird Audio/Audio Files Analysis/Low/PSL7\20240521_060000.WAV
213.0,216.0,Phylloscopus nitidus,Green Warbler,0.6725,C:/Users/shang/OneDrive - Georgia Institute of Technology/HAAG Research Bird Audio/Audio Files Analysis/Low/PSL7\20240521_060000.WAV
219.0,222.0,Phylloscopus occipitalis,Western Crowned Warbler,0.6503,C:/Users/shang/OneDrive - Georgia Institute of Technology/HAAG Research Bird Audio/Audio Files Analysis/Low/PSL7\20240521_060000.WAV
231.0,234.0,Phylloscopus occipitalis,Western Crowned Warbler,0.5260,C:/Users/shang/OneDrive - Georgia Institute of Technology/HAAG Research Bird Audio/Audio Files Analysis/Low/PSL7\20240521_060000.WAV
237.0,240.0,Phylloscopus occipitalis,Western Crowned Warbler,0.9287,C:/Users/shang/OneDrive - Georgia Institute of Technology/HAAG Research Bird Audio/Audio Files Analysis/Low/PSL7\20240521_060000.WAV
249.0,252.0,Phylloscopus nitidus,Green Warbler,0.9034,C:/Users/shang/OneDrive - Georgia Institute of Technology/HAAG Research Bird Audio/Audio Files Analysis/Low/PSL7\20240521_060000.WAV
249.0,252.0,Phylloscopus trochiloides,Greenish Warbler,0.5199,C:/Users/shang/OneDrive - Georgia Institute of Technology/HAAG Research Bird Audio/Audio Files Analysis/Low/PSL7\20240521_060000.WAV
285.0,288.0,Phylloscopus nitidus,Green Warbler,0.7661,C:/Users/shang/OneDrive - Georgia Institute of Technology/HAAG Research Bird Audio/Audio Files Analysis/Low/PSL7\20240521_060000.WAV
294.0,297.0,Larvivora brunnea,Indian Blue Robin,0.7465,C:/Users/shang/OneDrive - Georgia Institute of Technology/HAAG Research Bird Audio/Audio Files Analysis/Low/PSL7\20240521_060000.WAV
300.0,303.0,Trochalopteron variegatum,Variegated Laughingthrush,0.8563,C:/Users/shang/OneDrive - Georgia Institute of Technology/HAAG Research Bird Audio/Audio Files Analysis/Low/PSL7\20240521_060000.WAV
315.0,318.0,Phylloscopus nitidus,Green Warbler,0.7194,C:/Users/shang/OneDrive - Georgia Institute of Technology/HAAG Research Bird Audio/Audio Files Analysis/Low/PSL7\20240521_060000.WAV
357.0,360.0,Trochalopteron variegatum,Variegated Laughingthrush,0.6769,C:/Users/shang/OneDrive - Georgia Institute of Technology/HAAG Research Bird Audio/Audio Files Analysis/Low/PSL7\20240521_060000.WAV
405.0,408.0,Phylloscopus occipitalis,Western Crowned Warbler,0.5752,C:/Users/shang/OneDrive - Georgia Institute of Technology/HAAG Research Bird Audio/Audio Files Analysis/Low/PSL7\20240521_060000.WAV
423.0,426.0,Phylloscopus occipitalis,Western Crowned Warbler,0.9769,C:/Users/shang/OneDrive - Georgia Institute of Technology/HAAG Research Bird Audio/Audio Files Analysis/Low/PSL7\20240521_060000.WAV
429.0,432.0,Phylloscopus occipitalis,Western Crowned Warbler,0.9379,C:/Users/shang/OneDrive - Georgia Institute of Technology/HAAG Research Bird Audio/Audio Files Analysis/Low/PSL7\20240521_060000.WAV
435.0,438.0,Phylloscopus occipitalis,Western Crowned Warbler,0.6014,C:/Users/shang/OneDrive - Georgia Institute of Technology/HAAG Research Bird Audio/Audio Files Analysis/Low/PSL7\20240521_060000.WAV
441.0,444.0,Phylloscopus occipitalis,Western Crowned Warbler,0.5581,C:/Users/shang/OneDrive - Georgia Institute of Technology/HAAG Research Bird Audio/Audio Files Analysis/Low/PSL7\20240521_060000.WAV
447.0,450.0,Phylloscopus occipitalis,Western Crowned Warbler,0.6515,C:/Users/shang/OneDrive - Georgia Institute of Technology/HAAG Research Bird Audio/Audio Files Analysis/Low/PSL7\20240521_060000.WAV
459.0,462.0,Phylloscopus occipitalis,Western Crowned Warbler,0.5633,C:/Users/shang/OneDrive - Georgia Institute of Technology/HAAG Research Bird Audio/Audio Files Analysis/Low/PSL7\20240521_060000.WAV
465.0,468.0,Larvivora brunnea,Indian Blue Robin,0.8400,C:/Users/shang/OneDrive - Georgia Institute of Technology/HAAG Research Bird Audio/Audio Files Analysis/Low/PSL7\20240521_060000.WAV
471.0,474.0,Phylloscopus occipitalis,Western Crowned Warbler,0.8292,C:/Users/shang/OneDrive - Georgia Institute of Technology/HAAG Research Bird Audio/Audio Files Analysis/Low/PSL7\20240521_060000.WAV
474.0,477.0,Phylloscopus occipitalis,Western Crowned Warbler,0.5787,C:/Users/shang/OneDrive - Georgia Institute of Technology/HAAG Research Bird Audio/Audio Files Analysis/Low/PSL7\20240521_060000.WAV
477.0,480.0,Protonotaria citrea,Prothonotary Warbler,0.8638,C:/Users/shang/OneDrive - Georgia Institute of Technology/HAAG Research Bird Audio/Audio Files Analysis/Low/PSL7\20240521_060000.WAV
480.0,483.0,Phylloscopus occipitalis,Western Crowned Warbler,0.9130,C:/Users/shang/OneDrive - Georgia Institute of Technology/HAAG Research Bird Audio/Audio Files Analysis/Low/PSL7\20240521_060000.WAV
492.0,495.0,Phylloscopus occipitalis,Western Crowned Warbler,0.6067,C:/Users/shang/OneDrive - Georgia Institute of Technology/HAAG Research Bird Audio/Audio Files Analysis/Low/PSL7\20240521_060000.WAV
504.0,507.0,Phylloscopus occipitalis,Western Crowned Warbler,0.8970,C:/Users/shang/OneDrive - Georgia Institute of Technology/HAAG Research Bird Audio/Audio Files Analysis/Low/PSL7\20240521_060000.WAV
510.0,513.0,Phylloscopus occipitalis,Western Crowned Warbler,0.7819,C:/Users/shang/OneDrive - Georgia Institute of Technology/HAAG Research Bird Audio/Audio Files Analysis/Low/PSL7\20240521_060000.WAV
516.0,519.0,Phylloscopus occipitalis,Western Crowned Warbler,0.9852,C:/Users/shang/OneDrive - Georgia Institute of Technology/HAAG Research Bird Audio/Audio Files Analysis/Low/PSL7\20240521_060000.WAV
525.0,528.0,Phylloscopus occipitalis,Western Crowned Warbler,0.8177,C:/Users/shang/OneDrive - Georgia Institute of Technology/HAAG Research Bird Audio/Audio Files Analysis/Low/PSL7\20240521_060000.WAV
531.0,534.0,Phylloscopus occipitalis,Western Crowned Warbler,0.9159,C:/Users/shang/OneDrive - Georgia Institute of Technology/HAAG Research Bird Audio/Audio Files Analysis/Low/PSL7\20240521_060000.WAV
537.0,540.0,Phylloscopus occipitalis,Western Crowned Warbler,0.9837,C:/Users/shang/OneDrive - Georgia Institute of Technology/HAAG Research Bird Audio/Audio Files Analysis/Low/PSL7\20240521_060000.WAV
549.0,552.0,Phylloscopus occipitalis,Western Crowned Warbler,0.9465,C:/Users/shang/OneDrive - Georgia Institute of Technology/HAAG Research Bird Audio/Audio Files Analysis/Low/PSL7\20240521_060000.WAV
555.0,558.0,Phylloscopus occipitalis,Western Crowned Warbler,0.7890,C:/Users/shang/OneDrive - Georgia Institute of Technology/HAAG Research Bird Audio/Audio Files Analysis/Low/PSL7\20240521_060000.WAV
570.0,573.0,Phylloscopus occipitalis,Western Crowned Warbler,0.5730,C:/Users/shang/OneDrive - Georgia Institute of Technology/HAAG Research Bird Audio/Audio Files Analysis/Low/PSL7\20240521_060000.WAV
597.0,600.0,Larvivora brunnea,Indian Blue Robin,0.8234,C:/Users/shang/OneDrive - Georgia Institute of Technology/HAAG Research Bird Audio/Audio Files Analysis/Low/PSL7\20240521_060000.WAV
660.0,663.0,Phylloscopus occipitalis,Western Crowned Warbler,0.7127,C:/Users/shang/OneDrive - Georgia Institute of Technology/HAAG Research Bird Audio/Audio Files Analysis/Low/PSL7\20240521_060000.WAV
663.0,666.0,Phylloscopus occipitalis,Western Crowned Warbler,0.8397,C:/Users/shang/OneDrive - Georgia Institute of Technology/HAAG Research Bird Audio/Audio Files Analysis/Low/PSL7\20240521_060000.WAV
666.0,669.0,Phylloscopus occipitalis,Western Crowned Warbler,0.7728,C:/Users/shang/OneDrive - Georgia Institute of Technology/HAAG Research Bird Audio/Audio Files Analysis/Low/PSL7\20240521_060000.WAV
669.0,672.0,Phylloscopus occipitalis,Western Crowned Warbler,0.9203,C:/Users/shang/OneDrive - Georgia Institute of Technology/HAAG Research Bird Audio/Audio Files Analysis/Low/PSL7\20240521_060000.WAV
675.0,678.0,Larvivora brunnea,Indian Blue Robin,0.8342,C:/Users/shang/OneDrive - Georgia Institute of Technology/HAAG Research Bird Audio/Audio Files Analysis/Low/PSL7\20240521_060000.WAV
678.0,681.0,Phylloscopus occipitalis,Western Crowned Warbler,0.8930,C:/Users/shang/OneDrive - Georgia Institute of Technology/HAAG Research Bird Audio/Audio Files Analysis/Low/PSL7\20240521_060000.WAV
684.0,687.0,Phylloscopus occipitalis,Western Crowned Warbler,0.9247,C:/Users/shang/OneDrive - Georgia Institute of Technology/HAAG Research Bird Audio/Audio Files Analysis/Low/PSL7\20240521_060000.WAV
690.0,693.0,Phylloscopus occipitalis,Western Crowned Warbler,0.9348,C:/Users/shang/OneDrive - Georgia Institute of Technology/HAAG Research Bird Audio/Audio Files Analysis/Low/PSL7\20240521_060000.WAV
696.0,699.0,Phylloscopus occipitalis,Western Crowned Warbler,0.7524,C:/Users/shang/OneDrive - Georgia Institute of Technology/HAAG Research Bird Audio/Audio Files Analysis/Low/PSL7\20240521_060000.WAV
702.0,705.0,Phylloscopus occipitalis,Western Crowned Warbler,0.8805,C:/Users/shang/OneDrive - Georgia Institute of Technology/HAAG Research Bird Audio/Audio Files Analysis/Low/PSL7\20240521_060000.WAV
705.0,708.0,Bombycilla garrulus,Bohemian Waxwing,0.5397,C:/Users/shang/OneDrive - Georgia Institute of Technology/HAAG Research Bird Audio/Audio Files Analysis/Low/PSL7\20240521_060000.WAV
708.0,711.0,Phylloscopus occipitalis,Western Crowned Warbler,0.8556,C:/Users/shang/OneDrive - Georgia Institute of Technology/HAAG Research Bird Audio/Audio Files Analysis/Low/PSL7\20240521_060000.WAV
714.0,717.0,Phylloscopus occipitalis,Western Crowned Warbler,0.7216,C:/Users/shang/OneDrive - Georgia Institute of Technology/HAAG Research Bird Audio/Audio Files Analysis/Low/PSL7\20240521_060000.WAV
720.0,723.0,Phylloscopus occipitalis,Western Crowned Warbler,0.9635,C:/Users/shang/OneDrive - Georgia Institute of Technology/HAAG Research Bird Audio/Audio Files Analysis/Low/PSL7\20240521_060000.WAV
726.0,729.0,Phylloscopus nitidus,Green Warbler,0.9526,C:/Users/shang/OneDrive - Georgia Institute of Technology/HAAG Research Bird Audio/Audio Files Analysis/Low/PSL7\20240521_060000.WAV
732.0,735.0,Phylloscopus occipitalis,Western Crowned Warbler,0.5878,C:/Users/shang/OneDrive - Georgia Institute of Technology/HAAG Research Bird Audio/Audio Files Analysis/Low/PSL7\20240521_060000.WAV
735.0,738.0,Phylloscopus nitidus,Green Warbler,0.8413,C:/Users/shang/OneDrive - Georgia Institute of Technology/HAAG Research Bird Audio/Audio Files Analysis/Low/PSL7\20240521_060000.WAV
738.0,741.0,Phylloscopus occipitalis,Western Crowned Warbler,0.5262,C:/Users/shang/OneDrive - Georgia Institute of Technology/HAAG Research Bird Audio/Audio Files Analysis/Low/PSL7\20240521_060000.WAV
750.0,753.0,Phylloscopus occipitalis,Western Crowned Warbler,0.5646,C:/Users/shang/OneDrive - Georgia Institute of Technology/HAAG Research Bird Audio/Audio Files Analysis/Low/PSL7\20240521_060000.WAV
753.0,756.0,Larvivora brunnea,Indian Blue Robin,0.7071,C:/Users/shang/OneDrive - Georgia Institute of Technology/HAAG Research Bird Audio/Audio Files Analysis/Low/PSL7\20240521_060000.WAV
762.0,765.0,Phylloscopus nitidus,Green Warbler,0.6047,C:/Users/shang/OneDrive - Georgia Institute of Technology/HAAG Research Bird Audio/Audio Files Analysis/Low/PSL7\20240521_060000.WAV
768.0,771.0,Phylloscopus occipitalis,Western Crowned Warbler,0.9808,C:/Users/shang/OneDrive - Georgia Institute of Technology/HAAG Research Bird Audio/Audio Files Analysis/Low/PSL7\20240521_060000.WAV
768.0,771.0,Protonotaria citrea,Prothonotary Warbler,0.6725,C:/Users/shang/OneDrive - Georgia Institute of Technology/HAAG Research Bird Audio/Audio Files Analysis/Low/PSL7\20240521_060000.WAV
774.0,777.0,Phylloscopus trochiloides,Greenish Warbler,0.5280,C:/Users/shang/OneDrive - Georgia Institute of Technology/HAAG Research Bird Audio/Audio Files Analysis/Low/PSL7\20240521_060000.WAV
777.0,780.0,Phylloscopus occipitalis,Western Crowned Warbler,0.8827,C:/Users/shang/OneDrive - Georgia Institute of Technology/HAAG Research Bird Audio/Audio Files Analysis/Low/PSL7\20240521_060000.WAV
786.0,789.0,Phylloscopus occipitalis,Western Crowned Warbler,0.9203,C:/Users/shang/OneDrive - Georgia Institute of Technology/HAAG Research Bird Audio/Audio Files Analysis/Low/PSL7\20240521_060000.WAV
789.0,792.0,Phylloscopus occipitalis,Western Crowned Warbler,0.7662,C:/Users/shang/OneDrive - Georgia Institute of Technology/HAAG Research Bird Audio/Audio Files Analysis/Low/PSL7\20240521_060000.WAV
792.0,795.0,Phylloscopus trochiloides,Greenish Warbler,0.5859,C:/Users/shang/OneDrive - Georgia Institute of Technology/HAAG Research Bird Audio/Audio Files Analysis/Low/PSL7\20240521_060000.WAV
798.0,801.0,Protonotaria citrea,Prothonotary Warbler,0.8625,C:/Users/shang/OneDrive - Georgia Institute of Technology/HAAG Research Bird Audio/Audio Files Analysis/Low/PSL7\20240521_060000.WAV
801.0,804.0,Phylloscopus magnirostris,Large-billed Leaf Warbler,0.7494,C:/Users/shang/OneDrive - Georgia Institute of Technology/HAAG Research Bird Audio/Audio Files Analysis/Low/PSL7\20240521_060000.WAV
801.0,804.0,Larvivora brunnea,Indian Blue Robin,0.7156,C:/Users/shang/OneDrive - Georgia Institute of Technology/HAAG Research Bird Audio/Audio Files Analysis/Low/PSL7\20240521_060000.WAV
816.0,819.0,Phylloscopus occipitalis,Western Crowned Warbler,0.6550,C:/Users/shang/OneDrive - Georgia Institute of Technology/HAAG Research Bird Audio/Audio Files Analysis/Low/PSL7\20240521_060000.WAV
819.0,822.0,Phylloscopus nitidus,Green Warbler,0.9502,C:/Users/shang/OneDrive - Georgia Institute of Technology/HAAG Research Bird Audio/Audio Files Analysis/Low/PSL7\20240521_060000.WAV
822.0,825.0,Phylloscopus occipitalis,Western Crowned Warbler,0.8491,C:/Users/shang/OneDrive - Georgia Institute of Technology/HAAG Research Bird Audio/Audio Files Analysis/Low/PSL7\20240521_060000.WAV
870.0,873.0,Phylloscopus occipitalis,Western Crowned Warbler,0.6249,C:/Users/shang/OneDrive - Georgia Institute of Technology/HAAG Research Bird Audio/Audio Files Analysis/Low/PSL7\20240521_060000.WAV
873.0,876.0,Phylloscopus occipitalis,Western Crowned Warbler,0.5530,C:/Users/shang/OneDrive - Georgia Institute of Technology/HAAG Research Bird Audio/Audio Files Analysis/Low/PSL7\20240521_060000.WAV
882.0,885.0,Phylloscopus occipitalis,Western Crowned Warbler,0.9768,C:/Users/shang/OneDrive - Georgia Institute of Technology/HAAG Research Bird Audio/Audio Files Analysis/Low/PSL7\20240521_060000.WAV
891.0,894.0,Phylloscopus nitidus,Green Warbler,0.5513,C:/Users/shang/OneDrive - Georgia Institute of Technology/HAAG Research Bird Audio/Audio Files Analysis/Low/PSL7\20240521_060000.WAV
897.0,900.0,Phylloscopus nitidus,Green Warbler,0.7050,C:/Users/shang/OneDrive - Georgia Institute of Technology/HAAG Research Bird Audio/Audio Files Analysis/Low/PSL7\20240521_060000.WAV
3.0,6.0,Phylloscopus occipitalis,Western Crowned Warbler,0.9756,C:/Users/shang/OneDrive - Georgia Institute of Technology/HAAG Research Bird Audio/Audio Files Analysis/Low/PSL7\20240521_070000.WAV
6.0,9.0,Prunella strophiata,Rufous-breasted Accentor,0.9164,C:/Users/shang/OneDrive - Georgia Institute of Technology/HAAG Research Bird Audio/Audio Files Analysis/Low/PSL7\20240521_070000.WAV
6.0,9.0,Serinus serinus,European Serin,0.6363,C:/Users/shang/OneDrive - Georgia Institute of Technology/HAAG Research Bird Audio/Audio Files Analysis/Low/PSL7\20240521_070000.WAV
9.0,12.0,Phylloscopus occipitalis,Western Crowned Warbler,0.9265,C:/Users/shang/OneDrive - Georgia Institute of Technology/HAAG Research Bird Audio/Audio Files Analysis/Low/PSL7\20240521_070000.WAV
15.0,18.0,Phylloscopus occipitalis,Western Crowned Warbler,0.8133,C:/Users/shang/OneDrive - Georgia Institute of Technology/HAAG Research Bird Audio/Audio Files Analysis/Low/PSL7\20240521_070000.WAV
21.0,24.0,Phylloscopus occipitalis,Western Crowned Warbler,0.8142,C:/Users/shang/OneDrive - Georgia Institute of Technology/HAAG Research Bird Audio/Audio Files Analysis/Low/PSL7\20240521_070000.WAV
27.0,30.0,Prunella strophiata,Rufous-breasted Accentor,0.9201,C:/Users/shang/OneDrive - Georgia Institute of Technology/HAAG Research Bird Audio/Audio Files Analysis/Low/PSL7\20240521_070000.WAV
27.0,30.0,Ficedula parva,Red-breasted Flycatcher,0.6667,C:/Users/shang/OneDrive - Georgia Institute of Technology/HAAG Research Bird Audio/Audio Files Analysis/Low/PSL7\20240521_070000.WAV
36.0,39.0,Phylloscopus occipitalis,Western Crowned Warbler,0.9781,C:/Users/shang/OneDrive - Georgia Institute of Technology/HAAG Research Bird Audio/Audio Files Analysis/Low/PSL7\20240521_070000.WAV
42.0,45.0,Phylloscopus occipitalis,Western Crowned Warbler,0.7177,C:/Users/shang/OneDrive - Georgia Institute of Technology/HAAG Research Bird Audio/Audio Files Analysis/Low/PSL7\20240521_070000.WAV
45.0,48.0,Phylloscopus occipitalis,Western Crowned Warbler,0.6360,C:/Users/shang/OneDrive - Georgia Institute of Technology/HAAG Research Bird Audio/Audio Files Analysis/Low/PSL7\20240521_070000.WAV
48.0,51.0,Phylloscopus occipitalis,Western Crowned Warbler,0.9787,C:/Users/shang/OneDrive - Georgia Institute of Technology/HAAG Research Bird Audio/Audio Files Analysis/Low/PSL7\20240521_070000.WAV
51.0,54.0,Phylloscopus occipitalis,Western Crowned Warbler,0.9315,C:/Users/shang/OneDrive - Georgia Institute of Technology/HAAG Research Bird Audio/Audio Files Analysis/Low/PSL7\20240521_070000.WAV
54.0,57.0,Phylloscopus occipitalis,Western Crowned Warbler,0.7308,C:/Users/shang/OneDrive - Georgia Institute of Technology/HAAG Research Bird Audio/Audio Files Analysis/Low/PSL7\20240521_070000.WAV
60.0,63.0,Phylloscopus occipitalis,Western Crowned Warbler,0.8721,C:/Users/shang/OneDrive - Georgia Institute of Technology/HAAG Research Bird Audio/Audio Files Analysis/Low/PSL7\20240521_070000.WAV
63.0,66.0,Bombycilla garrulus,Bohemian Waxwing,0.5207,C:/Users/shang/OneDrive - Georgia Institute of Technology/HAAG Research Bird Audio/Audio Files Analysis/Low/PSL7\20240521_070000.WAV
72.0,75.0,Phylloscopus occipitalis,Western Crowned Warbler,0.9107,C:/Users/shang/OneDrive - Georgia Institute of Technology/HAAG Research Bird Audio/Audio Files Analysis/Low/PSL7\20240521_070000.WAV
78.0,81.0,Bombycilla garrulus,Bohemian Waxwing,0.6729,C:/Users/shang/OneDrive - Georgia Institute of Technology/HAAG Research Bird Audio/Audio Files Analysis/Low/PSL7\20240521_070000.WAV
81.0,84.0,Phylloscopus occipitalis,Western Crowned Warbler,0.8986,C:/Users/shang/OneDrive - Georgia Institute of Technology/HAAG Research Bird Audio/Audio Files Analysis/Low/PSL7\20240521_070000.WAV
87.0,90.0,Phylloscopus occipitalis,Western Crowned Warbler,0.9355,C:/Users/shang/OneDrive - Georgia Institute of Technology/HAAG Research Bird Audio/Audio Files Analysis/Low/PSL7\20240521_070000.WAV
99.0,102.0,Phylloscopus occipitalis,Western Crowned Warbler,0.9269,C:/Users/shang/OneDrive - Georgia Institute of Technology/HAAG Research Bird Audio/Audio Files Analysis/Low/PSL7\20240521_070000.WAV
105.0,108.0,Phylloscopus occipitalis,Western Crowned Warbler,0.6978,C:/Users/shang/OneDrive - Georgia Institute of Technology/HAAG Research Bird Audio/Audio Files Analysis/Low/PSL7\20240521_070000.WAV
108.0,111.0,Phylloscopus occipitalis,Western Crowned Warbler,0.8397,C:/Users/shang/OneDrive - Georgia Institute of Technology/HAAG Research Bird Audio/Audio Files Analysis/Low/PSL7\20240521_070000.WAV
114.0,117.0,Phylloscopus occipitalis,Western Crowned Warbler,0.9296,C:/Users/shang/OneDrive - Georgia Institute of Technology/HAAG Research Bird Audio/Audio Files Analysis/Low/PSL7\20240521_070000.WAV
114.0,117.0,Phylloscopus reguloides,Blyth's Leaf Warbler,0.6079,C:/Users/shang/OneDrive - Georgia Institute of Technology/HAAG Research Bird Audio/Audio Files Analysis/Low/PSL7\20240521_070000.WAV
117.0,120.0,Phylloscopus occipitalis,Western Crowned Warbler,0.9826,C:/Users/shang/OneDrive - Georgia Institute of Technology/HAAG Research Bird Audio/Audio Files Analysis/Low/PSL7\20240521_070000.WAV
123.0,126.0,Phylloscopus occipitalis,Western Crowned Warbler,0.5515,C:/Users/shang/OneDrive - Georgia Institute of Technology/HAAG Research Bird Audio/Audio Files Analysis/Low/PSL7\20240521_070000.WAV
129.0,132.0,Phylloscopus occipitalis,Western Crowned Warbler,0.8443,C:/Users/shang/OneDrive - Georgia Institute of Technology/HAAG Research Bird Audio/Audio Files Analysis/Low/PSL7\20240521_070000.WAV
132.0,135.0,Phylloscopus occipitalis,Western Crowned Warbler,0.8616,C:/Users/shang/OneDrive - Georgia Institute of Technology/HAAG Research Bird Audio/Audio Files Analysis/Low/PSL7\20240521_070000.WAV
135.0,138.0,Phylloscopus occipitalis,Western Crowned Warbler,0.8002,C:/Users/shang/OneDrive - Georgia Institute of Technology/HAAG Research Bird Audio/Audio Files Analysis/Low/PSL7\20240521_070000.WAV
141.0,144.0,Phylloscopus occipitalis,Western Crowned Warbler,0.7072,C:/Users/shang/OneDrive - Georgia Institute of Technology/HAAG Research Bird Audio/Audio Files Analysis/Low/PSL7\20240521_070000.WAV
147.0,150.0,Phylloscopus occipitalis,Western Crowned Warbler,0.8272,C:/Users/shang/OneDrive - Georgia Institute of Technology/HAAG Research Bird Audio/Audio Files Analysis/Low/PSL7\20240521_070000.WAV
153.0,156.0,Phylloscopus occipitalis,Western Crowned Warbler,0.9661,C:/Users/shang/OneDrive - Georgia Institute of Technology/HAAG Research Bird Audio/Audio Files Analysis/Low/PSL7\20240521_070000.WAV
156.0,159.0,Phylloscopus occipitalis,Western Crowned Warbler,0.6656,C:/Users/shang/OneDrive - Georgia Institute of Technology/HAAG Research Bird Audio/Audio Files Analysis/Low/PSL7\20240521_070000.WAV
162.0,165.0,Phylloscopus occipitalis,Western Crowned Warbler,0.9301,C:/Users/shang/OneDrive - Georgia Institute of Technology/HAAG Research Bird Audio/Audio Files Analysis/Low/PSL7\20240521_070000.WAV
168.0,171.0,Phylloscopus occipitalis,Western Crowned Warbler,0.9803,C:/Users/shang/OneDrive - Georgia Institute of Technology/HAAG Research Bird Audio/Audio Files Analysis/Low/PSL7\20240521_070000.WAV
174.0,177.0,Phylloscopus occipitalis,Western Crowned Warbler,0.8519,C:/Users/shang/OneDrive - Georgia Institute of Technology/HAAG Research Bird Audio/Audio Files Analysis/Low/PSL7\20240521_070000.WAV
186.0,189.0,Phylloscopus occipitalis,Western Crowned Warbler,0.9401,C:/Users/shang/OneDrive - Georgia Institute of Technology/HAAG Research Bird Audio/Audio Files Analysis/Low/PSL7\20240521_070000.WAV
192.0,195.0,Phylloscopus occipitalis,Western Crowned Warbler,0.6372,C:/Users/shang/OneDrive - Georgia Institute of Technology/HAAG Research Bird Audio/Audio Files Analysis/Low/PSL7\20240521_070000.WAV
198.0,201.0,Phylloscopus occipitalis,Western Crowned Warbler,0.9746,C:/Users/shang/OneDrive - Georgia Institute of Technology/HAAG Research Bird Audio/Audio Files Analysis/Low/PSL7\20240521_070000.WAV
204.0,207.0,Phylloscopus occipitalis,Western Crowned Warbler,0.7769,C:/Users/shang/OneDrive - Georgia Institute of Technology/HAAG Research Bird Audio/Audio Files Analysis/Low/PSL7\20240521_070000.WAV
210.0,213.0,Phylloscopus occipitalis,Western Crowned Warbler,0.8583,C:/Users/shang/OneDrive - Georgia Institute of Technology/HAAG Research Bird Audio/Audio Files Analysis/Low/PSL7\20240521_070000.WAV
216.0,219.0,Phylloscopus occipitalis,Western Crowned Warbler,0.7500,C:/Users/shang/OneDrive - Georgia Institute of Technology/HAAG Research Bird Audio/Audio Files Analysis/Low/PSL7\20240521_070000.WAV
222.0,225.0,Phylloscopus occipitalis,Western Crowned Warbler,0.7210,C:/Users/shang/OneDrive - Georgia Institute of Technology/HAAG Research Bird Audio/Audio Files Analysis/Low/PSL7\20240521_070000.WAV
228.0,231.0,Phylloscopus occipitalis,Western Crowned Warbler,0.6886,C:/Users/shang/OneDrive - Georgia Institute of Technology/HAAG Research Bird Audio/Audio Files Analysis/Low/PSL7\20240521_070000.WAV
234.0,237.0,Phylloscopus occipitalis,Western Crowned Warbler,0.5937,C:/Users/shang/OneDrive - Georgia Institute of Technology/HAAG Research Bird Audio/Audio Files Analysis/Low/PSL7\20240521_070000.WAV
243.0,246.0,Phylloscopus occipitalis,Western Crowned Warbler,0.8261,C:/Users/shang/OneDrive - Georgia Institute of Technology/HAAG Research Bird Audio/Audio Files Analysis/Low/PSL7\20240521_070000.WAV
249.0,252.0,Phylloscopus occipitalis,Western Crowned Warbler,0.6182,C:/Users/shang/OneDrive - Georgia Institute of Technology/HAAG Research Bird Audio/Audio Files Analysis/Low/PSL7\20240521_070000.WAV
258.0,261.0,Protonotaria citrea,Prothonotary Warbler,0.5925,C:/Users/shang/OneDrive - Georgia Institute of Technology/HAAG Research Bird Audio/Audio Files Analysis/Low/PSL7\20240521_070000.WAV
270.0,273.0,Phylloscopus occipitalis,Western Crowned Warbler,0.7839,C:/Users/shang/OneDrive - Georgia Institute of Technology/HAAG Research Bird Audio/Audio Files Analysis/Low/PSL7\20240521_070000.WAV
291.0,294.0,Phylloscopus occipitalis,Western Crowned Warbler,0.6534,C:/Users/shang/OneDrive - Georgia Institute of Technology/HAAG Research Bird Audio/Audio Files Analysis/Low/PSL7\20240521_070000.WAV
297.0,300.0,Phylloscopus occipitalis,Western Crowned Warbler,0.7310,C:/Users/shang/OneDrive - Georgia Institute of Technology/HAAG Research Bird Audio/Audio Files Analysis/Low/PSL7\20240521_070000.WAV
303.0,306.0,Phylloscopus occipitalis,Western Crowned Warbler,0.6484,C:/Users/shang/OneDrive - Georgia Institute of Technology/HAAG Research Bird Audio/Audio Files Analysis/Low/PSL7\20240521_070000.WAV
312.0,315.0,Phylloscopus occipitalis,Western Crowned Warbler,0.7292,C:/Users/shang/OneDrive - Georgia Institute of Technology/HAAG Research Bird Audio/Audio Files Analysis/Low/PSL7\20240521_070000.WAV
333.0,336.0,Phylloscopus occipitalis,Western Crowned Warbler,0.5129,C:/Users/shang/OneDrive - Georgia Institute of Technology/HAAG Research Bird Audio/Audio Files Analysis/Low/PSL7\20240521_070000.WAV
342.0,345.0,Phylloscopus occipitalis,Western Crowned Warbler,0.6851,C:/Users/shang/OneDrive - Georgia Institute of Technology/HAAG Research Bird Audio/Audio Files Analysis/Low/PSL7\20240521_070000.WAV
354.0,357.0,Phylloscopus occipitalis,Western Crowned Warbler,0.7691,C:/Users/shang/OneDrive - Georgia Institute of Technology/HAAG Research Bird Audio/Audio Files Analysis/Low/PSL7\20240521_070000.WAV
360.0,363.0,Phylloscopus occipitalis,Western Crowned Warbler,0.8829,C:/Users/shang/OneDrive - Georgia Institute of Technology/HAAG Research Bird Audio/Audio Files Analysis/Low/PSL7\20240521_070000.WAV
369.0,372.0,Phylloscopus occipitalis,Western Crowned Warbler,0.6583,C:/Users/shang/OneDrive - Georgia Institute of Technology/HAAG Research Bird Audio/Audio Files Analysis/Low/PSL7\20240521_070000.WAV
375.0,378.0,Phylloscopus occipitalis,Western Crowned Warbler,0.5703,C:/Users/shang/OneDrive - Georgia Institute of Technology/HAAG Research Bird Audio/Audio Files Analysis/Low/PSL7\20240521_070000.WAV
381.0,384.0,Phylloscopus occipitalis,Western Crowned Warbler,0.7310,C:/Users/shang/OneDrive - Georgia Institute of Technology/HAAG Research Bird Audio/Audio Files Analysis/Low/PSL7\20240521_070000.WAV
399.0,402.0,Phylloscopus occipitalis,Western Crowned Warbler,0.5593,C:/Users/shang/OneDrive - Georgia Institute of Technology/HAAG Research Bird Audio/Audio Files Analysis/Low/PSL7\20240521_070000.WAV
405.0,408.0,Prinia socialis,Ashy Prinia,0.7380,C:/Users/shang/OneDrive - Georgia Institute of Technology/HAAG Research Bird Audio/Audio Files Analysis/Low/PSL7\20240521_070000.WAV
417.0,420.0,Phylloscopus occipitalis,Western Crowned Warbler,0.6505,C:/Users/shang/OneDrive - Georgia Institute of Technology/HAAG Research Bird Audio/Audio Files Analysis/Low/PSL7\20240521_070000.WAV
423.0,426.0,Phylloscopus occipitalis,Western Crowned Warbler,0.6297,C:/Users/shang/OneDrive - Georgia Institute of Technology/HAAG Research Bird Audio/Audio Files Analysis/Low/PSL7\20240521_070000.WAV
429.0,432.0,Phylloscopus occipitalis,Western Crowned Warbler,0.9354,C:/Users/shang/OneDrive - Georgia Institute of Technology/HAAG Research Bird Audio/Audio Files Analysis/Low/PSL7\20240521_070000.WAV
498.0,501.0,Protonotaria citrea,Prothonotary Warbler,0.9246,C:/Users/shang/OneDrive - Georgia Institute of Technology/HAAG Research Bird Audio/Audio Files Analysis/Low/PSL7\20240521_070000.WAV
540.0,543.0,Phylloscopus occipitalis,Western Crowned Warbler,0.9784,C:/Users/shang/OneDrive - Georgia Institute of Technology/HAAG Research Bird Audio/Audio Files Analysis/Low/PSL7\20240521_070000.WAV
558.0,561.0,Phylloscopus occipitalis,Western Crowned Warbler,0.6493,C:/Users/shang/OneDrive - Georgia Institute of Technology/HAAG Research Bird Audio/Audio Files Analysis/Low/PSL7\20240521_070000.WAV
564.0,567.0,Phylloscopus occipitalis,Western Crowned Warbler,0.6596,C:/Users/shang/OneDrive - Georgia Institute of Technology/HAAG Research Bird Audio/Audio Files Analysis/Low/PSL7\20240521_070000.WAV
570.0,573.0,Phylloscopus occipitalis,Western Crowned Warbler,0.7235,C:/Users/shang/OneDrive - Georgia Institute of Technology/HAAG Research Bird Audio/Audio Files Analysis/Low/PSL7\20240521_070000.WAV
576.0,579.0,Phylloscopus occipitalis,Western Crowned Warbler,0.7063,C:/Users/shang/OneDrive - Georgia Institute of Technology/HAAG Research Bird Audio/Audio Files Analysis/Low/PSL7\20240521_070000.WAV
588.0,591.0,Phylloscopus occipitalis,Western Crowned Warbler,0.7691,C:/Users/shang/OneDrive - Georgia Institute of Technology/HAAG Research Bird Audio/Audio Files Analysis/Low/PSL7\20240521_070000.WAV
597.0,600.0,Phylloscopus occipitalis,Western Crowned Warbler,0.8592,C:/Users/shang/OneDrive - Georgia Institute of Technology/HAAG Research Bird Audio/Audio Files Analysis/Low/PSL7\20240521_070000.WAV
618.0,621.0,Phylloscopus occipitalis,Western Crowned Warbler,0.7109,C:/Users/shang/OneDrive - Georgia Institute of Technology/HAAG Research Bird Audio/Audio Files Analysis/Low/PSL7\20240521_070000.WAV
624.0,627.0,Phylloscopus humei,Hume's Warbler,0.5469,C:/Users/shang/OneDrive - Georgia Institute of Technology/HAAG Research Bird Audio/Audio Files Analysis/Low/PSL7\20240521_070000.WAV
636.0,639.0,Phylloscopus occipitalis,Western Crowned Warbler,0.7028,C:/Users/shang/OneDrive - Georgia Institute of Technology/HAAG Research Bird Audio/Audio Files Analysis/Low/PSL7\20240521_070000.WAV
639.0,642.0,Prunella strophiata,Rufous-breasted Accentor,0.8480,C:/Users/shang/OneDrive - Georgia Institute of Technology/HAAG Research Bird Audio/Audio Files Analysis/Low/PSL7\20240521_070000.WAV
642.0,645.0,Phylloscopus occipitalis,Western Crowned Warbler,0.7271,C:/Users/shang/OneDrive - Georgia Institute of Technology/HAAG Research Bird Audio/Audio Files Analysis/Low/PSL7\20240521_070000.WAV
654.0,657.0,Ficedula tricolor,Slaty-blue Flycatcher,0.9438,C:/Users/shang/OneDrive - Georgia Institute of Technology/HAAG Research Bird Audio/Audio Files Analysis/Low/PSL7\20240521_070000.WAV
663.0,666.0,Phylloscopus occipitalis,Western Crowned Warbler,0.5632,C:/Users/shang/OneDrive - Georgia Institute of Technology/HAAG Research Bird Audio/Audio Files Analysis/Low/PSL7\20240521_070000.WAV
666.0,669.0,Ficedula tricolor,Slaty-blue Flycatcher,0.6078,C:/Users/shang/OneDrive - Georgia Institute of Technology/HAAG Research Bird Audio/Audio Files Analysis/Low/PSL7\20240521_070000.WAV
669.0,672.0,Phylloscopus occipitalis,Western Crowned Warbler,0.7729,C:/Users/shang/OneDrive - Georgia Institute of Technology/HAAG Research Bird Audio/Audio Files Analysis/Low/PSL7\20240521_070000.WAV
708.0,711.0,Protonotaria citrea,Prothonotary Warbler,0.5081,C:/Users/shang/OneDrive - Georgia Institute of Technology/HAAG Research Bird Audio/Audio Files Analysis/Low/PSL7\20240521_070000.WAV
711.0,714.0,Phylloscopus humei,Hume's Warbler,0.9100,C:/Users/shang/OneDrive - Georgia Institute of Technology/HAAG Research Bird Audio/Audio Files Analysis/Low/PSL7\20240521_070000.WAV
714.0,717.0,Phylloscopus occipitalis,Western Crowned Warbler,0.9617,C:/Users/shang/OneDrive - Georgia Institute of Technology/HAAG Research Bird Audio/Audio Files Analysis/Low/PSL7\20240521_070000.WAV
717.0,720.0,Phylloscopus occipitalis,Western Crowned Warbler,0.5196,C:/Users/shang/OneDrive - Georgia Institute of Technology/HAAG Research Bird Audio/Audio Files Analysis/Low/PSL7\20240521_070000.WAV
720.0,723.0,Phylloscopus occipitalis,Western Crowned Warbler,0.9101,C:/Users/shang/OneDrive - Georgia Institute of Technology/HAAG Research Bird Audio/Audio Files Analysis/Low/PSL7\20240521_070000.WAV
726.0,729.0,Phylloscopus humei,Hume's Warbler,0.5693,C:/Users/shang/OneDrive - Georgia Institute of Technology/HAAG Research Bird Audio/Audio Files Analysis/Low/PSL7\20240521_070000.WAV
729.0,732.0,Phylloscopus occipitalis,Western Crowned Warbler,0.8915,C:/Users/shang/OneDrive - Georgia Institute of Technology/HAAG Research Bird Audio/Audio Files Analysis/Low/PSL7\20240521_070000.WAV
738.0,741.0,Phylloscopus occipitalis,Western Crowned Warbler,0.5321,C:/Users/shang/OneDrive - Georgia Institute of Technology/HAAG Research Bird Audio/Audio Files Analysis/Low/PSL7\20240521_070000.WAV
744.0,747.0,Phylloscopus occipitalis,Western Crowned Warbler,0.7349,C:/Users/shang/OneDrive - Georgia Institute of Technology/HAAG Research Bird Audio/Audio Files Analysis/Low/PSL7\20240521_070000.WAV
750.0,753.0,Phylloscopus occipitalis,Western Crowned Warbler,0.6137,C:/Users/shang/OneDrive - Georgia Institute of Technology/HAAG Research Bird Audio/Audio Files Analysis/Low/PSL7\20240521_070000.WAV
756.0,759.0,Phylloscopus occipitalis,Western Crowned Warbler,0.5165,C:/Users/shang/OneDrive - Georgia Institute of Technology/HAAG Research Bird Audio/Audio Files Analysis/Low/PSL7\20240521_070000.WAV
762.0,765.0,Phylloscopus occipitalis,Western Crowned Warbler,0.6559,C:/Users/shang/OneDrive - Georgia Institute of Technology/HAAG Research Bird Audio/Audio Files Analysis/Low/PSL7\20240521_070000.WAV
768.0,771.0,Phylloscopus nitidus,Green Warbler,0.5141,C:/Users/shang/OneDrive - Georgia Institute of Technology/HAAG Research Bird Audio/Audio Files Analysis/Low/PSL7\20240521_070000.WAV
771.0,774.0,Phylloscopus occipitalis,Western Crowned Warbler,0.8311,C:/Users/shang/OneDrive - Georgia Institute of Technology/HAAG Research Bird Audio/Audio Files Analysis/Low/PSL7\20240521_070000.WAV
783.0,786.0,Phylloscopus nitidus,Green Warbler,0.6960,C:/Users/shang/OneDrive - Georgia Institute of Technology/HAAG Research Bird Audio/Audio Files Analysis/Low/PSL7\20240521_070000.WAV
786.0,789.0,Phylloscopus occipitalis,Western Crowned Warbler,0.8209,C:/Users/shang/OneDrive - Georgia Institute of Technology/HAAG Research Bird Audio/Audio Files Analysis/Low/PSL7\20240521_070000.WAV
792.0,795.0,Phylloscopus occipitalis,Western Crowned Warbler,0.5795,C:/Users/shang/OneDrive - Georgia Institute of Technology/HAAG Research Bird Audio/Audio Files Analysis/Low/PSL7\20240521_070000.WAV
798.0,801.0,Phylloscopus occipitalis,Western Crowned Warbler,0.5753,C:/Users/shang/OneDrive - Georgia Institute of Technology/HAAG Research Bird Audio/Audio Files Analysis/Low/PSL7\20240521_070000.WAV
810.0,813.0,Phylloscopus occipitalis,Western Crowned Warbler,0.7929,C:/Users/shang/OneDrive - Georgia Institute of Technology/HAAG Research Bird Audio/Audio Files Analysis/Low/PSL7\20240521_070000.WAV
816.0,819.0,Phylloscopus occipitalis,Western Crowned Warbler,0.6345,C:/Users/shang/OneDrive - Georgia Institute of Technology/HAAG Research Bird Audio/Audio Files Analysis/Low/PSL7\20240521_070000.WAV
819.0,822.0,Phylloscopus trochiloides,Greenish Warbler,0.7210,C:/Users/shang/OneDrive - Georgia Institute of Technology/HAAG Research Bird Audio/Audio Files Analysis/Low/PSL7\20240521_070000.WAV
819.0,822.0,Phylloscopus nitidus,Green Warbler,0.6911,C:/Users/shang/OneDrive - Georgia Institute of Technology/HAAG Research Bird Audio/Audio Files Analysis/Low/PSL7\20240521_070000.WAV
828.0,831.0,Phylloscopus occipitalis,Western Crowned Warbler,0.6307,C:/Users/shang/OneDrive - Georgia Institute of Technology/HAAG Research Bird Audio/Audio Files Analysis/Low/PSL7\20240521_070000.WAV
831.0,834.0,Phylloscopus trochiloides,Greenish Warbler,0.5196,C:/Users/shang/OneDrive - Georgia Institute of Technology/HAAG Research Bird Audio/Audio Files Analysis/Low/PSL7\20240521_070000.WAV
840.0,843.0,Phylloscopus occipitalis,Western Crowned Warbler,0.6599,C:/Users/shang/OneDrive - Georgia Institute of Technology/HAAG Research Bird Audio/Audio Files Analysis/Low/PSL7\20240521_070000.WAV
843.0,846.0,Phylloscopus nitidus,Green Warbler,0.9673,C:/Users/shang/OneDrive - Georgia Institute of Technology/HAAG Research Bird Audio/Audio Files Analysis/Low/PSL7\20240521_070000.WAV
846.0,849.0,Phylloscopus occipitalis,Western Crowned Warbler,0.7391,C:/Users/shang/OneDrive - Georgia Institute of Technology/HAAG Research Bird Audio/Audio Files Analysis/Low/PSL7\20240521_070000.WAV
849.0,852.0,Phylloscopus occipitalis,Western Crowned Warbler,0.8005,C:/Users/shang/OneDrive - Georgia Institute of Technology/HAAG Research Bird Audio/Audio Files Analysis/Low/PSL7\20240521_070000.WAV
852.0,855.0,Phylloscopus occipitalis,Western Crowned Warbler,0.6429,C:/Users/shang/OneDrive - Georgia Institute of Technology/HAAG Research Bird Audio/Audio Files Analysis/Low/PSL7\20240521_070000.WAV
867.0,870.0,Phylloscopus occipitalis,Western Crowned Warbler,0.6144,C:/Users/shang/OneDrive - Georgia Institute of Technology/HAAG Research Bird Audio/Audio Files Analysis/Low/PSL7\20240521_070000.WAV
888.0,891.0,Phylloscopus nitidus,Green Warbler,0.9485,C:/Users/shang/OneDrive - Georgia Institute of Technology/HAAG Research Bird Audio/Audio Files Analysis/Low/PSL7\20240521_070000.WAV
891.0,894.0,Phylloscopus occipitalis,Western Crowned Warbler,0.5970,C:/Users/shang/OneDrive - Georgia Institute of Technology/HAAG Research Bird Audio/Audio Files Analysis/Low/PSL7\20240521_070000.WAV
3.0,6.0,Phylloscopus occipitalis,Western Crowned Warbler,0.8476,C:/Users/shang/OneDrive - Georgia Institute of Technology/HAAG Research Bird Audio/Audio Files Analysis/Low/PSL7\20240521_080000.WAV
99.0,102.0,Phylloscopus occipitalis,Western Crowned Warbler,0.5199,C:/Users/shang/OneDrive - Georgia Institute of Technology/HAAG Research Bird Audio/Audio Files Analysis/Low/PSL7\20240521_080000.WAV
168.0,171.0,Phylloscopus occipitalis,Western Crowned Warbler,0.7467,C:/Users/shang/OneDrive - Georgia Institute of Technology/HAAG Research Bird Audio/Audio Files Analysis/Low/PSL7\20240521_080000.WAV
177.0,180.0,Protonotaria citrea,Prothonotary Warbler,0.8430,C:/Users/shang/OneDrive - Georgia Institute of Technology/HAAG Research Bird Audio/Audio Files Analysis/Low/PSL7\20240521_080000.WAV
234.0,237.0,Prinia socialis,Ashy Prinia,0.6063,C:/Users/shang/OneDrive - Georgia Institute of Technology/HAAG Research Bird Audio/Audio Files Analysis/Low/PSL7\20240521_080000.WAV
240.0,243.0,Phylloscopus occipitalis,Western Crowned Warbler,0.9226,C:/Users/shang/OneDrive - Georgia Institute of Technology/HAAG Research Bird Audio/Audio Files Analysis/Low/PSL7\20240521_080000.WAV
291.0,294.0,Phylloscopus occipitalis,Western Crowned Warbler,0.7006,C:/Users/shang/OneDrive - Georgia Institute of Technology/HAAG Research Bird Audio/Audio Files Analysis/Low/PSL7\20240521_080000.WAV
318.0,321.0,Emberiza schoeniclus,Reed Bunting,0.5201,C:/Users/shang/OneDrive - Georgia Institute of Technology/HAAG Research Bird Audio/Audio Files Analysis/Low/PSL7\20240521_080000.WAV
348.0,351.0,Carpodacus erythrinus,Common Rosefinch,0.9562,C:/Users/shang/OneDrive - Georgia Institute of Technology/HAAG Research Bird Audio/Audio Files Analysis/Low/PSL7\20240521_080000.WAV
360.0,363.0,Prinia socialis,Ashy Prinia,0.6333,C:/Users/shang/OneDrive - Georgia Institute of Technology/HAAG Research Bird Audio/Audio Files Analysis/Low/PSL7\20240521_080000.WAV
429.0,432.0,Phylloscopus occipitalis,Western Crowned Warbler,0.9259,C:/Users/shang/OneDrive - Georgia Institute of Technology/HAAG Research Bird Audio/Audio Files Analysis/Low/PSL7\20240521_080000.WAV
438.0,441.0,Phylloscopus occipitalis,Western Crowned Warbler,0.9632,C:/Users/shang/OneDrive - Georgia Institute of Technology/HAAG Research Bird Audio/Audio Files Analysis/Low/PSL7\20240521_080000.WAV
444.0,447.0,Phylloscopus occipitalis,Western Crowned Warbler,0.9819,C:/Users/shang/OneDrive - Georgia Institute of Technology/HAAG Research Bird Audio/Audio Files Analysis/Low/PSL7\20240521_080000.WAV
450.0,453.0,Phylloscopus occipitalis,Western Crowned Warbler,0.7894,C:/Users/shang/OneDrive - Georgia Institute of Technology/HAAG Research Bird Audio/Audio Files Analysis/Low/PSL7\20240521_080000.WAV
453.0,456.0,Phylloscopus occipitalis,Western Crowned Warbler,0.8245,C:/Users/shang/OneDrive - Georgia Institute of Technology/HAAG Research Bird Audio/Audio Files Analysis/Low/PSL7\20240521_080000.WAV
453.0,456.0,Phylloscopus reguloides,Blyth's Leaf Warbler,0.7403,C:/Users/shang/OneDrive - Georgia Institute of Technology/HAAG Research Bird Audio/Audio Files Analysis/Low/PSL7\20240521_080000.WAV
459.0,462.0,Phylloscopus occipitalis,Western Crowned Warbler,0.8519,C:/Users/shang/OneDrive - Georgia Institute of Technology/HAAG Research Bird Audio/Audio Files Analysis/Low/PSL7\20240521_080000.WAV
465.0,468.0,Phylloscopus occipitalis,Western Crowned Warbler,0.9633,C:/Users/shang/OneDrive - Georgia Institute of Technology/HAAG Research Bird Audio/Audio Files Analysis/Low/PSL7\20240521_080000.WAV
471.0,474.0,Phylloscopus occipitalis,Western Crowned Warbler,0.9686,C:/Users/shang/OneDrive - Georgia Institute of Technology/HAAG Research Bird Audio/Audio Files Analysis/Low/PSL7\20240521_080000.WAV
480.0,483.0,Phylloscopus occipitalis,Western Crowned Warbler,0.5834,C:/Users/shang/OneDrive - Georgia Institute of Technology/HAAG Research Bird Audio/Audio Files Analysis/Low/PSL7\20240521_080000.WAV
486.0,489.0,Phylloscopus occipitalis,Western Crowned Warbler,0.9564,C:/Users/shang/OneDrive - Georgia Institute of Technology/HAAG Research Bird Audio/Audio Files Analysis/Low/PSL7\20240521_080000.WAV
489.0,492.0,Phylloscopus occipitalis,Western Crowned Warbler,0.8825,C:/Users/shang/OneDrive - Georgia Institute of Technology/HAAG Research Bird Audio/Audio Files Analysis/Low/PSL7\20240521_080000.WAV
492.0,495.0,Phylloscopus occipitalis,Western Crowned Warbler,0.5844,C:/Users/shang/OneDrive - Georgia Institute of Technology/HAAG Research Bird Audio/Audio Files Analysis/Low/PSL7\20240521_080000.WAV
498.0,501.0,Phylloscopus occipitalis,Western Crowned Warbler,0.8440,C:/Users/shang/OneDrive - Georgia Institute of Technology/HAAG Research Bird Audio/Audio Files Analysis/Low/PSL7\20240521_080000.WAV
501.0,504.0,Phylloscopus occipitalis,Western Crowned Warbler,0.8637,C:/Users/shang/OneDrive - Georgia Institute of Technology/HAAG Research Bird Audio/Audio Files Analysis/Low/PSL7\20240521_080000.WAV
507.0,510.0,Phylloscopus occipitalis,Western Crowned Warbler,0.6965,C:/Users/shang/OneDrive - Georgia Institute of Technology/HAAG Research Bird Audio/Audio Files Analysis/Low/PSL7\20240521_080000.WAV
516.0,519.0,Phylloscopus occipitalis,Western Crowned Warbler,0.8026,C:/Users/shang/OneDrive - Georgia Institute of Technology/HAAG Research Bird Audio/Audio Files Analysis/Low/PSL7\20240521_080000.WAV
522.0,525.0,Phylloscopus occipitalis,Western Crowned Warbler,0.6826,C:/Users/shang/OneDrive - Georgia Institute of Technology/HAAG Research Bird Audio/Audio Files Analysis/Low/PSL7\20240521_080000.WAV
525.0,528.0,Phylloscopus occipitalis,Western Crowned Warbler,0.6174,C:/Users/shang/OneDrive - Georgia Institute of Technology/HAAG Research Bird Audio/Audio Files Analysis/Low/PSL7\20240521_080000.WAV
528.0,531.0,Phylloscopus occipitalis,Western Crowned Warbler,0.7819,C:/Users/shang/OneDrive - Georgia Institute of Technology/HAAG Research Bird Audio/Audio Files Analysis/Low/PSL7\20240521_080000.WAV
531.0,534.0,Phylloscopus occipitalis,Western Crowned Warbler,0.6596,C:/Users/shang/OneDrive - Georgia Institute of Technology/HAAG Research Bird Audio/Audio Files Analysis/Low/PSL7\20240521_080000.WAV
534.0,537.0,Phylloscopus occipitalis,Western Crowned Warbler,0.5825,C:/Users/shang/OneDrive - Georgia Institute of Technology/HAAG Research Bird Audio/Audio Files Analysis/Low/PSL7\20240521_080000.WAV
537.0,540.0,Phylloscopus occipitalis,Western Crowned Warbler,0.7612,C:/Users/shang/OneDrive - Georgia Institute of Technology/HAAG Research Bird Audio/Audio Files Analysis/Low/PSL7\20240521_080000.WAV
558.0,561.0,Protonotaria citrea,Prothonotary Warbler,0.5661,C:/Users/shang/OneDrive - Georgia Institute of Technology/HAAG Research Bird Audio/Audio Files Analysis/Low/PSL7\20240521_080000.WAV
570.0,573.0,Phylloscopus occipitalis,Western Crowned Warbler,0.6771,C:/Users/shang/OneDrive - Georgia Institute of Technology/HAAG Research Bird Audio/Audio Files Analysis/Low/PSL7\20240521_080000.WAV
576.0,579.0,Phylloscopus occipitalis,Western Crowned Warbler,0.9136,C:/Users/shang/OneDrive - Georgia Institute of Technology/HAAG Research Bird Audio/Audio Files Analysis/Low/PSL7\20240521_080000.WAV
582.0,585.0,Phylloscopus occipitalis,Western Crowned Warbler,0.9795,C:/Users/shang/OneDrive - Georgia Institute of Technology/HAAG Research Bird Audio/Audio Files Analysis/Low/PSL7\20240521_080000.WAV
612.0,615.0,Phylloscopus occipitalis,Western Crowned Warbler,0.7210,C:/Users/shang/OneDrive - Georgia Institute of Technology/HAAG Research Bird Audio/Audio Files Analysis/Low/PSL7\20240521_080000.WAV
618.0,621.0,Phylloscopus occipitalis,Western Crowned Warbler,0.9061,C:/Users/shang/OneDrive - Georgia Institute of Technology/HAAG Research Bird Audio/Audio Files Analysis/Low/PSL7\20240521_080000.WAV
624.0,627.0,Phylloscopus occipitalis,Western Crowned Warbler,0.5384,C:/Users/shang/OneDrive - Georgia Institute of Technology/HAAG Research Bird Audio/Audio Files Analysis/Low/PSL7\20240521_080000.WAV
630.0,633.0,Phylloscopus occipitalis,Western Crowned Warbler,0.6689,C:/Users/shang/OneDrive - Georgia Institute of Technology/HAAG Research Bird Audio/Audio Files Analysis/Low/PSL7\20240521_080000.WAV
636.0,639.0,Phylloscopus occipitalis,Western Crowned Warbler,0.5871,C:/Users/shang/OneDrive - Georgia Institute of Technology/HAAG Research Bird Audio/Audio Files Analysis/Low/PSL7\20240521_080000.WAV
639.0,642.0,Phylloscopus occipitalis,Western Crowned Warbler,0.7950,C:/Users/shang/OneDrive - Georgia Institute of Technology/HAAG Research Bird Audio/Audio Files Analysis/Low/PSL7\20240521_080000.WAV
645.0,648.0,Phylloscopus occipitalis,Western Crowned Warbler,0.7966,C:/Users/shang/OneDrive - Georgia Institute of Technology/HAAG Research Bird Audio/Audio Files Analysis/Low/PSL7\20240521_080000.WAV
651.0,654.0,Phylloscopus occipitalis,Western Crowned Warbler,0.7319,C:/Users/shang/OneDrive - Georgia Institute of Technology/HAAG Research Bird Audio/Audio Files Analysis/Low/PSL7\20240521_080000.WAV
672.0,675.0,Protonotaria citrea,Prothonotary Warbler,0.7018,C:/Users/shang/OneDrive - Georgia Institute of Technology/HAAG Research Bird Audio/Audio Files Analysis/Low/PSL7\20240521_080000.WAV
678.0,681.0,Phylloscopus occipitalis,Western Crowned Warbler,0.6200,C:/Users/shang/OneDrive - Georgia Institute of Technology/HAAG Research Bird Audio/Audio Files Analysis/Low/PSL7\20240521_080000.WAV
684.0,687.0,Phylloscopus occipitalis,Western Crowned Warbler,0.7877,C:/Users/shang/OneDrive - Georgia Institute of Technology/HAAG Research Bird Audio/Audio Files Analysis/Low/PSL7\20240521_080000.WAV
690.0,693.0,Phylloscopus occipitalis,Western Crowned Warbler,0.5804,C:/Users/shang/OneDrive - Georgia Institute of Technology/HAAG Research Bird Audio/Audio Files Analysis/Low/PSL7\20240521_080000.WAV
696.0,699.0,Phylloscopus occipitalis,Western Crowned Warbler,0.9033,C:/Users/shang/OneDrive - Georgia Institute of Technology/HAAG Research Bird Audio/Audio Files Analysis/Low/PSL7\20240521_080000.WAV
738.0,741.0,Phylloscopus occipitalis,Western Crowned Warbler,0.6352,C:/Users/shang/OneDrive - Georgia Institute of Technology/HAAG Research Bird Audio/Audio Files Analysis/Low/PSL7\20240521_080000.WAV
747.0,750.0,Phylloscopus occipitalis,Western Crowned Warbler,0.7663,C:/Users/shang/OneDrive - Georgia Institute of Technology/HAAG Research Bird Audio/Audio Files Analysis/Low/PSL7\20240521_080000.WAV
750.0,753.0,Phylloscopus trochiloides,Greenish Warbler,0.8750,C:/Users/shang/OneDrive - Georgia Institute of Technology/HAAG Research Bird Audio/Audio Files Analysis/Low/PSL7\20240521_080000.WAV
753.0,756.0,Phylloscopus occipitalis,Western Crowned Warbler,0.7913,C:/Users/shang/OneDrive - Georgia Institute of Technology/HAAG Research Bird Audio/Audio Files Analysis/Low/PSL7\20240521_080000.WAV
762.0,765.0,Phylloscopus occipitalis,Western Crowned Warbler,0.9285,C:/Users/shang/OneDrive - Georgia Institute of Technology/HAAG Research Bird Audio/Audio Files Analysis/Low/PSL7\20240521_080000.WAV
774.0,777.0,Phylloscopus occipitalis,Western Crowned Warbler,0.5169,C:/Users/shang/OneDrive - Georgia Institute of Technology/HAAG Research Bird Audio/Audio Files Analysis/Low/PSL7\20240521_080000.WAV
783.0,786.0,Phylloscopus occipitalis,Western Crowned Warbler,0.9159,C:/Users/shang/OneDrive - Georgia Institute of Technology/HAAG Research Bird Audio/Audio Files Analysis/Low/PSL7\20240521_080000.WAV
786.0,789.0,Larvivora brunnea,Indian Blue Robin,0.8233,C:/Users/shang/OneDrive - Georgia Institute of Technology/HAAG Research Bird Audio/Audio Files Analysis/Low/PSL7\20240521_080000.WAV
789.0,792.0,Phylloscopus occipitalis,Western Crowned Warbler,0.9571,C:/Users/shang/OneDrive - Georgia Institute of Technology/HAAG Research Bird Audio/Audio Files Analysis/Low/PSL7\20240521_080000.WAV
795.0,798.0,Phylloscopus occipitalis,Western Crowned Warbler,0.8392,C:/Users/shang/OneDrive - Georgia Institute of Technology/HAAG Research Bird Audio/Audio Files Analysis/Low/PSL7\20240521_080000.WAV
798.0,801.0,Phylloscopus occipitalis,Western Crowned Warbler,0.5646,C:/Users/shang/OneDrive - Georgia Institute of Technology/HAAG Research Bird Audio/Audio Files Analysis/Low/PSL7\20240521_080000.WAV
813.0,816.0,Larvivora brunnea,Indian Blue Robin,0.9683,C:/Users/shang/OneDrive - Georgia Institute of Technology/HAAG Research Bird Audio/Audio Files Analysis/Low/PSL7\20240521_080000.WAV
825.0,828.0,Phylloscopus occipitalis,Western Crowned Warbler,0.8440,C:/Users/shang/OneDrive - Georgia Institute of Technology/HAAG Research Bird Audio/Audio Files Analysis/Low/PSL7\20240521_080000.WAV
828.0,831.0,Phylloscopus nitidus,Green Warbler,0.9697,C:/Users/shang/OneDrive - Georgia Institute of Technology/HAAG Research Bird Audio/Audio Files Analysis/Low/PSL7\20240521_080000.WAV
828.0,831.0,Phylloscopus trochiloides,Greenish Warbler,0.5114,C:/Users/shang/OneDrive - Georgia Institute of Technology/HAAG Research Bird Audio/Audio Files Analysis/Low/PSL7\20240521_080000.WAV
831.0,834.0,Phylloscopus occipitalis,Western Crowned Warbler,0.8354,C:/Users/shang/OneDrive - Georgia Institute of Technology/HAAG Research Bird Audio/Audio Files Analysis/Low/PSL7\20240521_080000.WAV
834.0,837.0,Phylloscopus occipitalis,Western Crowned Warbler,0.8546,C:/Users/shang/OneDrive - Georgia Institute of Technology/HAAG Research Bird Audio/Audio Files Analysis/Low/PSL7\20240521_080000.WAV
843.0,846.0,Phylloscopus occipitalis,Western Crowned Warbler,0.8336,C:/Users/shang/OneDrive - Georgia Institute of Technology/HAAG Research Bird Audio/Audio Files Analysis/Low/PSL7\20240521_080000.WAV
858.0,861.0,Phylloscopus occipitalis,Western Crowned Warbler,0.8545,C:/Users/shang/OneDrive - Georgia Institute of Technology/HAAG Research Bird Audio/Audio Files Analysis/Low/PSL7\20240521_080000.WAV
864.0,867.0,Phylloscopus occipitalis,Western Crowned Warbler,0.9294,C:/Users/shang/OneDrive - Georgia Institute of Technology/HAAG Research Bird Audio/Audio Files Analysis/Low/PSL7\20240521_080000.WAV
870.0,873.0,Phylloscopus occipitalis,Western Crowned Warbler,0.6232,C:/Users/shang/OneDrive - Georgia Institute of Technology/HAAG Research Bird Audio/Audio Files Analysis/Low/PSL7\20240521_080000.WAV
879.0,882.0,Phylloscopus occipitalis,Western Crowned Warbler,0.9170,C:/Users/shang/OneDrive - Georgia Institute of Technology/HAAG Research Bird Audio/Audio Files Analysis/Low/PSL7\20240521_080000.WAV
888.0,891.0,Phylloscopus occipitalis,Western Crowned Warbler,0.9554,C:/Users/shang/OneDrive - Georgia Institute of Technology/HAAG Research Bird Audio/Audio Files Analysis/Low/PSL7\20240521_080000.WAV
891.0,894.0,Phylloscopus nitidus,Green Warbler,0.8711,C:/Users/shang/OneDrive - Georgia Institute of Technology/HAAG Research Bird Audio/Audio Files Analysis/Low/PSL7\20240521_080000.WAV
894.0,897.0,Phylloscopus occipitalis,Western Crowned Warbler,0.6025,C:/Users/shang/OneDrive - Georgia Institute of Technology/HAAG Research Bird Audio/Audio Files Analysis/Low/PSL7\20240521_080000.WAV
897.0,900.0,Phylloscopus occipitalis,Western Crowned Warbler,0.6303,C:/Users/shang/OneDrive - Georgia Institute of Technology/HAAG Research Bird Audio/Audio Files Analysis/Low/PSL7\20240521_080000.WAV
30.0,33.0,Protonotaria citrea,Prothonotary Warbler,0.6335,C:/Users/shang/OneDrive - Georgia Institute of Technology/HAAG Research Bird Audio/Audio Files Analysis/Low/PSL7\20240521_090000.WAV
39.0,42.0,Phylloscopus occipitalis,Western Crowned Warbler,0.6726,C:/Users/shang/OneDrive - Georgia Institute of Technology/HAAG Research Bird Audio/Audio Files Analysis/Low/PSL7\20240521_090000.WAV
96.0,99.0,Protonotaria citrea,Prothonotary Warbler,0.5343,C:/Users/shang/OneDrive - Georgia Institute of Technology/HAAG Research Bird Audio/Audio Files Analysis/Low/PSL7\20240521_090000.WAV
99.0,102.0,Protonotaria citrea,Prothonotary Warbler,0.7942,C:/Users/shang/OneDrive - Georgia Institute of Technology/HAAG Research Bird Audio/Audio Files Analysis/Low/PSL7\20240521_090000.WAV
105.0,108.0,Phylloscopus occipitalis,Western Crowned Warbler,0.6009,C:/Users/shang/OneDrive - Georgia Institute of Technology/HAAG Research Bird Audio/Audio Files Analysis/Low/PSL7\20240521_090000.WAV
117.0,120.0,Protonotaria citrea,Prothonotary Warbler,0.8729,C:/Users/shang/OneDrive - Georgia Institute of Technology/HAAG Research Bird Audio/Audio Files Analysis/Low/PSL7\20240521_090000.WAV
150.0,153.0,Protonotaria citrea,Prothonotary Warbler,0.8030,C:/Users/shang/OneDrive - Georgia Institute of Technology/HAAG Research Bird Audio/Audio Files Analysis/Low/PSL7\20240521_090000.WAV
159.0,162.0,Phylloscopus occipitalis,Western Crowned Warbler,0.6850,C:/Users/shang/OneDrive - Georgia Institute of Technology/HAAG Research Bird Audio/Audio Files Analysis/Low/PSL7\20240521_090000.WAV
180.0,183.0,Phylloscopus occipitalis,Western Crowned Warbler,0.6906,C:/Users/shang/OneDrive - Georgia Institute of Technology/HAAG Research Bird Audio/Audio Files Analysis/Low/PSL7\20240521_090000.WAV
192.0,195.0,Phylloscopus occipitalis,Western Crowned Warbler,0.7671,C:/Users/shang/OneDrive - Georgia Institute of Technology/HAAG Research Bird Audio/Audio Files Analysis/Low/PSL7\20240521_090000.WAV
201.0,204.0,Protonotaria citrea,Prothonotary Warbler,0.7787,C:/Users/shang/OneDrive - Georgia Institute of Technology/HAAG Research Bird Audio/Audio Files Analysis/Low/PSL7\20240521_090000.WAV
204.0,207.0,Protonotaria citrea,Prothonotary Warbler,0.5912,C:/Users/shang/OneDrive - Georgia Institute of Technology/HAAG Research Bird Audio/Audio Files Analysis/Low/PSL7\20240521_090000.WAV
210.0,213.0,Phylloscopus occipitalis,Western Crowned Warbler,0.6697,C:/Users/shang/OneDrive - Georgia Institute of Technology/HAAG Research Bird Audio/Audio Files Analysis/Low/PSL7\20240521_090000.WAV
225.0,228.0,Phylloscopus occipitalis,Western Crowned Warbler,0.5030,C:/Users/shang/OneDrive - Georgia Institute of Technology/HAAG Research Bird Audio/Audio Files Analysis/Low/PSL7\20240521_090000.WAV
231.0,234.0,Phylloscopus occipitalis,Western Crowned Warbler,0.6738,C:/Users/shang/OneDrive - Georgia Institute of Technology/HAAG Research Bird Audio/Audio Files Analysis/Low/PSL7\20240521_090000.WAV
234.0,237.0,Phylloscopus occipitalis,Western Crowned Warbler,0.6771,C:/Users/shang/OneDrive - Georgia Institute of Technology/HAAG Research Bird Audio/Audio Files Analysis/Low/PSL7\20240521_090000.WAV
243.0,246.0,Phylloscopus occipitalis,Western Crowned Warbler,0.6365,C:/Users/shang/OneDrive - Georgia Institute of Technology/HAAG Research Bird Audio/Audio Files Analysis/Low/PSL7\20240521_090000.WAV
249.0,252.0,Phylloscopus occipitalis,Western Crowned Warbler,0.8829,C:/Users/shang/OneDrive - Georgia Institute of Technology/HAAG Research Bird Audio/Audio Files Analysis/Low/PSL7\20240521_090000.WAV
258.0,261.0,Phylloscopus occipitalis,Western Crowned Warbler,0.6138,C:/Users/shang/OneDrive - Georgia Institute of Technology/HAAG Research Bird Audio/Audio Files Analysis/Low/PSL7\20240521_090000.WAV
291.0,294.0,Protonotaria citrea,Prothonotary Warbler,0.9210,C:/Users/shang/OneDrive - Georgia Institute of Technology/HAAG Research Bird Audio/Audio Files Analysis/Low/PSL7\20240521_090000.WAV
345.0,348.0,Phylloscopus humei,Hume's Warbler,0.7864,C:/Users/shang/OneDrive - Georgia Institute of Technology/HAAG Research Bird Audio/Audio Files Analysis/Low/PSL7\20240521_090000.WAV
351.0,354.0,Protonotaria citrea,Prothonotary Warbler,0.8105,C:/Users/shang/OneDrive - Georgia Institute of Technology/HAAG Research Bird Audio/Audio Files Analysis/Low/PSL7\20240521_090000.WAV
360.0,363.0,Phylloscopus occipitalis,Western Crowned Warbler,0.6826,C:/Users/shang/OneDrive - Georgia Institute of Technology/HAAG Research Bird Audio/Audio Files Analysis/Low/PSL7\20240521_090000.WAV
366.0,369.0,Phylloscopus occipitalis,Western Crowned Warbler,0.6759,C:/Users/shang/OneDrive - Georgia Institute of Technology/HAAG Research Bird Audio/Audio Files Analysis/Low/PSL7\20240521_090000.WAV
375.0,378.0,Phylloscopus occipitalis,Western Crowned Warbler,0.8341,C:/Users/shang/OneDrive - Georgia Institute of Technology/HAAG Research Bird Audio/Audio Files Analysis/Low/PSL7\20240521_090000.WAV
390.0,393.0,Phylloscopus occipitalis,Western Crowned Warbler,0.9314,C:/Users/shang/OneDrive - Georgia Institute of Technology/HAAG Research Bird Audio/Audio Files Analysis/Low/PSL7\20240521_090000.WAV
399.0,402.0,Phylloscopus occipitalis,Western Crowned Warbler,0.9094,C:/Users/shang/OneDrive - Georgia Institute of Technology/HAAG Research Bird Audio/Audio Files Analysis/Low/PSL7\20240521_090000.WAV
405.0,408.0,Phylloscopus humei,Hume's Warbler,0.9339,C:/Users/shang/OneDrive - Georgia Institute of Technology/HAAG Research Bird Audio/Audio Files Analysis/Low/PSL7\20240521_090000.WAV
429.0,432.0,Phylloscopus occipitalis,Western Crowned Warbler,0.7719,C:/Users/shang/OneDrive - Georgia Institute of Technology/HAAG Research Bird Audio/Audio Files Analysis/Low/PSL7\20240521_090000.WAV
438.0,441.0,Phylloscopus occipitalis,Western Crowned Warbler,0.6364,C:/Users/shang/OneDrive - Georgia Institute of Technology/HAAG Research Bird Audio/Audio Files Analysis/Low/PSL7\20240521_090000.WAV
456.0,459.0,Phylloscopus occipitalis,Western Crowned Warbler,0.7815,C:/Users/shang/OneDrive - Georgia Institute of Technology/HAAG Research Bird Audio/Audio Files Analysis/Low/PSL7\20240521_090000.WAV
468.0,471.0,Phylloscopus occipitalis,Western Crowned Warbler,0.7031,C:/Users/shang/OneDrive - Georgia Institute of Technology/HAAG Research Bird Audio/Audio Files Analysis/Low/PSL7\20240521_090000.WAV
474.0,477.0,Phylloscopus occipitalis,Western Crowned Warbler,0.7270,C:/Users/shang/OneDrive - Georgia Institute of Technology/HAAG Research Bird Audio/Audio Files Analysis/Low/PSL7\20240521_090000.WAV
486.0,489.0,Phylloscopus occipitalis,Western Crowned Warbler,0.5156,C:/Users/shang/OneDrive - Georgia Institute of Technology/HAAG Research Bird Audio/Audio Files Analysis/Low/PSL7\20240521_090000.WAV
492.0,495.0,Phylloscopus occipitalis,Western Crowned Warbler,0.7786,C:/Users/shang/OneDrive - Georgia Institute of Technology/HAAG Research Bird Audio/Audio Files Analysis/Low/PSL7\20240521_090000.WAV
501.0,504.0,Phylloscopus occipitalis,Western Crowned Warbler,0.7659,C:/Users/shang/OneDrive - Georgia Institute of Technology/HAAG Research Bird Audio/Audio Files Analysis/Low/PSL7\20240521_090000.WAV
534.0,537.0,Phylloscopus occipitalis,Western Crowned Warbler,0.7595,C:/Users/shang/OneDrive - Georgia Institute of Technology/HAAG Research Bird Audio/Audio Files Analysis/Low/PSL7\20240521_090000.WAV
558.0,561.0,Protonotaria citrea,Prothonotary Warbler,0.6062,C:/Users/shang/OneDrive - Georgia Institute of Technology/HAAG Research Bird Audio/Audio Files Analysis/Low/PSL7\20240521_090000.WAV
576.0,579.0,Larvivora brunnea,Indian Blue Robin,0.5689,C:/Users/shang/OneDrive - Georgia Institute of Technology/HAAG Research Bird Audio/Audio Files Analysis/Low/PSL7\20240521_090000.WAV
582.0,585.0,Phylloscopus nitidus,Green Warbler,0.6131,C:/Users/shang/OneDrive - Georgia Institute of Technology/HAAG Research Bird Audio/Audio Files Analysis/Low/PSL7\20240521_090000.WAV
585.0,588.0,Phylloscopus nitidus,Green Warbler,0.9760,C:/Users/shang/OneDrive - Georgia Institute of Technology/HAAG Research Bird Audio/Audio Files Analysis/Low/PSL7\20240521_090000.WAV
594.0,597.0,Phylloscopus trochiloides,Greenish Warbler,0.6111,C:/Users/shang/OneDrive - Georgia Institute of Technology/HAAG Research Bird Audio/Audio Files Analysis/Low/PSL7\20240521_090000.WAV
606.0,609.0,Phylloscopus nitidus,Green Warbler,0.8713,C:/Users/shang/OneDrive - Georgia Institute of Technology/HAAG Research Bird Audio/Audio Files Analysis/Low/PSL7\20240521_090000.WAV
606.0,609.0,Phylloscopus trochiloides,Greenish Warbler,0.5315,C:/Users/shang/OneDrive - Georgia Institute of Technology/HAAG Research Bird Audio/Audio Files Analysis/Low/PSL7\20240521_090000.WAV
609.0,612.0,Phylloscopus occipitalis,Western Crowned Warbler,0.8247,C:/Users/shang/OneDrive - Georgia Institute of Technology/HAAG Research Bird Audio/Audio Files Analysis/Low/PSL7\20240521_090000.WAV
621.0,624.0,Phylloscopus nitidus,Green Warbler,0.9876,C:/Users/shang/OneDrive - Georgia Institute of Technology/HAAG Research Bird Audio/Audio Files Analysis/Low/PSL7\20240521_090000.WAV
624.0,627.0,Phylloscopus occipitalis,Western Crowned Warbler,0.5725,C:/Users/shang/OneDrive - Georgia Institute of Technology/HAAG Research Bird Audio/Audio Files Analysis/Low/PSL7\20240521_090000.WAV
639.0,642.0,Phylloscopus occipitalis,Western Crowned Warbler,0.6121,C:/Users/shang/OneDrive - Georgia Institute of Technology/HAAG Research Bird Audio/Audio Files Analysis/Low/PSL7\20240521_090000.WAV
654.0,657.0,Phylloscopus occipitalis,Western Crowned Warbler,0.7393,C:/Users/shang/OneDrive - Georgia Institute of Technology/HAAG Research Bird Audio/Audio Files Analysis/Low/PSL7\20240521_090000.WAV
660.0,663.0,Phylloscopus occipitalis,Western Crowned Warbler,0.5132,C:/Users/shang/OneDrive - Georgia Institute of Technology/HAAG Research Bird Audio/Audio Files Analysis/Low/PSL7\20240521_090000.WAV
669.0,672.0,Phylloscopus occipitalis,Western Crowned Warbler,0.5442,C:/Users/shang/OneDrive - Georgia Institute of Technology/HAAG Research Bird Audio/Audio Files Analysis/Low/PSL7\20240521_090000.WAV
675.0,678.0,Phylloscopus occipitalis,Western Crowned Warbler,0.8618,C:/Users/shang/OneDrive - Georgia Institute of Technology/HAAG Research Bird Audio/Audio Files Analysis/Low/PSL7\20240521_090000.WAV
687.0,690.0,Phylloscopus occipitalis,Western Crowned Warbler,0.7926,C:/Users/shang/OneDrive - Georgia Institute of Technology/HAAG Research Bird Audio/Audio Files Analysis/Low/PSL7\20240521_090000.WAV
702.0,705.0,Phylloscopus occipitalis,Western Crowned Warbler,0.5230,C:/Users/shang/OneDrive - Georgia Institute of Technology/HAAG Research Bird Audio/Audio Files Analysis/Low/PSL7\20240521_090000.WAV
711.0,714.0,Phylloscopus occipitalis,Western Crowned Warbler,0.5983,C:/Users/shang/OneDrive - Georgia Institute of Technology/HAAG Research Bird Audio/Audio Files Analysis/Low/PSL7\20240521_090000.WAV
717.0,720.0,Phylloscopus occipitalis,Western Crowned Warbler,0.7553,C:/Users/shang/OneDrive - Georgia Institute of Technology/HAAG Research Bird Audio/Audio Files Analysis/Low/PSL7\20240521_090000.WAV
720.0,723.0,Phylloscopus occipitalis,Western Crowned Warbler,0.7570,C:/Users/shang/OneDrive - Georgia Institute of Technology/HAAG Research Bird Audio/Audio Files Analysis/Low/PSL7\20240521_090000.WAV
726.0,729.0,Phylloscopus occipitalis,Western Crowned Warbler,0.7476,C:/Users/shang/OneDrive - Georgia Institute of Technology/HAAG Research Bird Audio/Audio Files Analysis/Low/PSL7\20240521_090000.WAV
729.0,732.0,Phylloscopus occipitalis,Western Crowned Warbler,0.6880,C:/Users/shang/OneDrive - Georgia Institute of Technology/HAAG Research Bird Audio/Audio Files Analysis/Low/PSL7\20240521_090000.WAV
735.0,738.0,Phylloscopus occipitalis,Western Crowned Warbler,0.5948,C:/Users/shang/OneDrive - Georgia Institute of Technology/HAAG Research Bird Audio/Audio Files Analysis/Low/PSL7\20240521_090000.WAV
741.0,744.0,Phylloscopus occipitalis,Western Crowned Warbler,0.5195,C:/Users/shang/OneDrive - Georgia Institute of Technology/HAAG Research Bird Audio/Audio Files Analysis/Low/PSL7\20240521_090000.WAV
756.0,759.0,Prinia socialis,Ashy Prinia,0.6265,C:/Users/shang/OneDrive - Georgia Institute of Technology/HAAG Research Bird Audio/Audio Files Analysis/Low/PSL7\20240521_090000.WAV
765.0,768.0,Phylloscopus occipitalis,Western Crowned Warbler,0.9138,C:/Users/shang/OneDrive - Georgia Institute of Technology/HAAG Research Bird Audio/Audio Files Analysis/Low/PSL7\20240521_090000.WAV
774.0,777.0,Phylloscopus occipitalis,Western Crowned Warbler,0.9692,C:/Users/shang/OneDrive - Georgia Institute of Technology/HAAG Research Bird Audio/Audio Files Analysis/Low/PSL7\20240521_090000.WAV
783.0,786.0,Phylloscopus occipitalis,Western Crowned Warbler,0.8085,C:/Users/shang/OneDrive - Georgia Institute of Technology/HAAG Research Bird Audio/Audio Files Analysis/Low/PSL7\20240521_090000.WAV
789.0,792.0,Phylloscopus occipitalis,Western Crowned Warbler,0.6823,C:/Users/shang/OneDrive - Georgia Institute of Technology/HAAG Research Bird Audio/Audio Files Analysis/Low/PSL7\20240521_090000.WAV
801.0,804.0,Protonotaria citrea,Prothonotary Warbler,0.5444,C:/Users/shang/OneDrive - Georgia Institute of Technology/HAAG Research Bird Audio/Audio Files Analysis/Low/PSL7\20240521_090000.WAV
807.0,810.0,Phylloscopus occipitalis,Western Crowned Warbler,0.7973,C:/Users/shang/OneDrive - Georgia Institute of Technology/HAAG Research Bird Audio/Audio Files Analysis/Low/PSL7\20240521_090000.WAV
816.0,819.0,Phylloscopus occipitalis,Western Crowned Warbler,0.8450,C:/Users/shang/OneDrive - Georgia Institute of Technology/HAAG Research Bird Audio/Audio Files Analysis/Low/PSL7\20240521_090000.WAV
825.0,828.0,Phylloscopus occipitalis,Western Crowned Warbler,0.7557,C:/Users/shang/OneDrive - Georgia Institute of Technology/HAAG Research Bird Audio/Audio Files Analysis/Low/PSL7\20240521_090000.WAV
855.0,858.0,Phylloscopus occipitalis,Western Crowned Warbler,0.5296,C:/Users/shang/OneDrive - Georgia Institute of Technology/HAAG Research Bird Audio/Audio Files Analysis/Low/PSL7\20240521_090000.WAV
861.0,864.0,Phylloscopus occipitalis,Western Crowned Warbler,0.5811,C:/Users/shang/OneDrive - Georgia Institute of Technology/HAAG Research Bird Audio/Audio Files Analysis/Low/PSL7\20240521_090000.WAV
870.0,873.0,Phylloscopus occipitalis,Western Crowned Warbler,0.8719,C:/Users/shang/OneDrive - Georgia Institute of Technology/HAAG Research Bird Audio/Audio Files Analysis/Low/PSL7\20240521_090000.WAV
873.0,876.0,Phylloscopus occipitalis,Western Crowned Warbler,0.7880,C:/Users/shang/OneDrive - Georgia Institute of Technology/HAAG Research Bird Audio/Audio Files Analysis/Low/PSL7\20240521_090000.WAV
882.0,885.0,Phylloscopus occipitalis,Western Crowned Warbler,0.9297,C:/Users/shang/OneDrive - Georgia Institute of Technology/HAAG Research Bird Audio/Audio Files Analysis/Low/PSL7\20240521_090000.WAV
888.0,891.0,Phylloscopus occipitalis,Western Crowned Warbler,0.6139,C:/Users/shang/OneDrive - Georgia Institute of Technology/HAAG Research Bird Audio/Audio Files Analysis/Low/PSL7\20240521_090000.WAV
0,3.0,Phylloscopus occipitalis,Western Crowned Warbler,0.9611,C:/Users/shang/OneDrive - Georgia Institute of Technology/HAAG Research Bird Audio/Audio Files Analysis/Low/PSL7\20240522_060000.WAV
6.0,9.0,Phylloscopus occipitalis,Western Crowned Warbler,0.9441,C:/Users/shang/OneDrive - Georgia Institute of Technology/HAAG Research Bird Audio/Audio Files Analysis/Low/PSL7\20240522_060000.WAV
15.0,18.0,Phylloscopus occipitalis,Western Crowned Warbler,0.7821,C:/Users/shang/OneDrive - Georgia Institute of Technology/HAAG Research Bird Audio/Audio Files Analysis/Low/PSL7\20240522_060000.WAV
18.0,21.0,Phylloscopus occipitalis,Western Crowned Warbler,0.8408,C:/Users/shang/OneDrive - Georgia Institute of Technology/HAAG Research Bird Audio/Audio Files Analysis/Low/PSL7\20240522_060000.WAV
24.0,27.0,Phylloscopus occipitalis,Western Crowned Warbler,0.5702,C:/Users/shang/OneDrive - Georgia Institute of Technology/HAAG Research Bird Audio/Audio Files Analysis/Low/PSL7\20240522_060000.WAV
33.0,36.0,Larvivora brunnea,Indian Blue Robin,0.5561,C:/Users/shang/OneDrive - Georgia Institute of Technology/HAAG Research Bird Audio/Audio Files Analysis/Low/PSL7\20240522_060000.WAV
39.0,42.0,Phylloscopus occipitalis,Western Crowned Warbler,0.8038,C:/Users/shang/OneDrive - Georgia Institute of Technology/HAAG Research Bird Audio/Audio Files Analysis/Low/PSL7\20240522_060000.WAV
42.0,45.0,Phylloscopus occipitalis,Western Crowned Warbler,0.5443,C:/Users/shang/OneDrive - Georgia Institute of Technology/HAAG Research Bird Audio/Audio Files Analysis/Low/PSL7\20240522_060000.WAV
45.0,48.0,Phylloscopus occipitalis,Western Crowned Warbler,0.7163,C:/Users/shang/OneDrive - Georgia Institute of Technology/HAAG Research Bird Audio/Audio Files Analysis/Low/PSL7\20240522_060000.WAV
48.0,51.0,Phylloscopus occipitalis,Western Crowned Warbler,0.5811,C:/Users/shang/OneDrive - Georgia Institute of Technology/HAAG Research Bird Audio/Audio Files Analysis/Low/PSL7\20240522_060000.WAV
51.0,54.0,Phylloscopus occipitalis,Western Crowned Warbler,0.8609,C:/Users/shang/OneDrive - Georgia Institute of Technology/HAAG Research Bird Audio/Audio Files Analysis/Low/PSL7\20240522_060000.WAV
54.0,57.0,Phylloscopus occipitalis,Western Crowned Warbler,0.6175,C:/Users/shang/OneDrive - Georgia Institute of Technology/HAAG Research Bird Audio/Audio Files Analysis/Low/PSL7\20240522_060000.WAV
57.0,60.0,Phylloscopus occipitalis,Western Crowned Warbler,0.6168,C:/Users/shang/OneDrive - Georgia Institute of Technology/HAAG Research Bird Audio/Audio Files Analysis/Low/PSL7\20240522_060000.WAV
60.0,63.0,Phylloscopus occipitalis,Western Crowned Warbler,0.5384,C:/Users/shang/OneDrive - Georgia Institute of Technology/HAAG Research Bird Audio/Audio Files Analysis/Low/PSL7\20240522_060000.WAV
69.0,72.0,Phylloscopus occipitalis,Western Crowned Warbler,0.8930,C:/Users/shang/OneDrive - Georgia Institute of Technology/HAAG Research Bird Audio/Audio Files Analysis/Low/PSL7\20240522_060000.WAV
72.0,75.0,Phylloscopus occipitalis,Western Crowned Warbler,0.8157,C:/Users/shang/OneDrive - Georgia Institute of Technology/HAAG Research Bird Audio/Audio Files Analysis/Low/PSL7\20240522_060000.WAV
75.0,78.0,Phylloscopus occipitalis,Western Crowned Warbler,0.6799,C:/Users/shang/OneDrive - Georgia Institute of Technology/HAAG Research Bird Audio/Audio Files Analysis/Low/PSL7\20240522_060000.WAV
90.0,93.0,Phylloscopus occipitalis,Western Crowned Warbler,0.5712,C:/Users/shang/OneDrive - Georgia Institute of Technology/HAAG Research Bird Audio/Audio Files Analysis/Low/PSL7\20240522_060000.WAV
99.0,102.0,Phylloscopus occipitalis,Western Crowned Warbler,0.8638,C:/Users/shang/OneDrive - Georgia Institute of Technology/HAAG Research Bird Audio/Audio Files Analysis/Low/PSL7\20240522_060000.WAV
105.0,108.0,Phylloscopus occipitalis,Western Crowned Warbler,0.5132,C:/Users/shang/OneDrive - Georgia Institute of Technology/HAAG Research Bird Audio/Audio Files Analysis/Low/PSL7\20240522_060000.WAV
117.0,120.0,Protonotaria citrea,Prothonotary Warbler,0.7090,C:/Users/shang/OneDrive - Georgia Institute of Technology/HAAG Research Bird Audio/Audio Files Analysis/Low/PSL7\20240522_060000.WAV
138.0,141.0,Phylloscopus occipitalis,Western Crowned Warbler,0.7890,C:/Users/shang/OneDrive - Georgia Institute of Technology/HAAG Research Bird Audio/Audio Files Analysis/Low/PSL7\20240522_060000.WAV
153.0,156.0,Phylloscopus occipitalis,Western Crowned Warbler,0.6659,C:/Users/shang/OneDrive - Georgia Institute of Technology/HAAG Research Bird Audio/Audio Files Analysis/Low/PSL7\20240522_060000.WAV
195.0,198.0,Phylloscopus occipitalis,Western Crowned Warbler,0.5542,C:/Users/shang/OneDrive - Georgia Institute of Technology/HAAG Research Bird Audio/Audio Files Analysis/Low/PSL7\20240522_060000.WAV
225.0,228.0,Larvivora brunnea,Indian Blue Robin,0.8378,C:/Users/shang/OneDrive - Georgia Institute of Technology/HAAG Research Bird Audio/Audio Files Analysis/Low/PSL7\20240522_060000.WAV
228.0,231.0,Protonotaria citrea,Prothonotary Warbler,0.7423,C:/Users/shang/OneDrive - Georgia Institute of Technology/HAAG Research Bird Audio/Audio Files Analysis/Low/PSL7\20240522_060000.WAV
237.0,240.0,Phylloscopus occipitalis,Western Crowned Warbler,0.8163,C:/Users/shang/OneDrive - Georgia Institute of Technology/HAAG Research Bird Audio/Audio Files Analysis/Low/PSL7\20240522_060000.WAV
249.0,252.0,Phylloscopus occipitalis,Western Crowned Warbler,0.5452,C:/Users/shang/OneDrive - Georgia Institute of Technology/HAAG Research Bird Audio/Audio Files Analysis/Low/PSL7\20240522_060000.WAV
282.0,285.0,Larvivora brunnea,Indian Blue Robin,0.7263,C:/Users/shang/OneDrive - Georgia Institute of Technology/HAAG Research Bird Audio/Audio Files Analysis/Low/PSL7\20240522_060000.WAV
285.0,288.0,Protonotaria citrea,Prothonotary Warbler,0.6432,C:/Users/shang/OneDrive - Georgia Institute of Technology/HAAG Research Bird Audio/Audio Files Analysis/Low/PSL7\20240522_060000.WAV
306.0,309.0,Phylloscopus occipitalis,Western Crowned Warbler,0.5989,C:/Users/shang/OneDrive - Georgia Institute of Technology/HAAG Research Bird Audio/Audio Files Analysis/Low/PSL7\20240522_060000.WAV
324.0,327.0,Zonotrichia leucophrys,White-crowned Sparrow,0.6660,C:/Users/shang/OneDrive - Georgia Institute of Technology/HAAG Research Bird Audio/Audio Files Analysis/Low/PSL7\20240522_060000.WAV
327.0,330.0,Phylloscopus occipitalis,Western Crowned Warbler,0.7793,C:/Users/shang/OneDrive - Georgia Institute of Technology/HAAG Research Bird Audio/Audio Files Analysis/Low/PSL7\20240522_060000.WAV
342.0,345.0,Phylloscopus occipitalis,Western Crowned Warbler,0.6661,C:/Users/shang/OneDrive - Georgia Institute of Technology/HAAG Research Bird Audio/Audio Files Analysis/Low/PSL7\20240522_060000.WAV
351.0,354.0,Phylloscopus occipitalis,Western Crowned Warbler,0.6938,C:/Users/shang/OneDrive - Georgia Institute of Technology/HAAG Research Bird Audio/Audio Files Analysis/Low/PSL7\20240522_060000.WAV
366.0,369.0,Protonotaria citrea,Prothonotary Warbler,0.5006,C:/Users/shang/OneDrive - Georgia Institute of Technology/HAAG Research Bird Audio/Audio Files Analysis/Low/PSL7\20240522_060000.WAV
378.0,381.0,Phylloscopus occipitalis,Western Crowned Warbler,0.6381,C:/Users/shang/OneDrive - Georgia Institute of Technology/HAAG Research Bird Audio/Audio Files Analysis/Low/PSL7\20240522_060000.WAV
384.0,387.0,Phylloscopus occipitalis,Western Crowned Warbler,0.9592,C:/Users/shang/OneDrive - Georgia Institute of Technology/HAAG Research Bird Audio/Audio Files Analysis/Low/PSL7\20240522_060000.WAV
387.0,390.0,Larvivora brunnea,Indian Blue Robin,0.6253,C:/Users/shang/OneDrive - Georgia Institute of Technology/HAAG Research Bird Audio/Audio Files Analysis/Low/PSL7\20240522_060000.WAV
393.0,396.0,Phylloscopus occipitalis,Western Crowned Warbler,0.7931,C:/Users/shang/OneDrive - Georgia Institute of Technology/HAAG Research Bird Audio/Audio Files Analysis/Low/PSL7\20240522_060000.WAV
399.0,402.0,Phylloscopus occipitalis,Western Crowned Warbler,0.5546,C:/Users/shang/OneDrive - Georgia Institute of Technology/HAAG Research Bird Audio/Audio Files Analysis/Low/PSL7\20240522_060000.WAV
414.0,417.0,Protonotaria citrea,Prothonotary Warbler,0.8608,C:/Users/shang/OneDrive - Georgia Institute of Technology/HAAG Research Bird Audio/Audio Files Analysis/Low/PSL7\20240522_060000.WAV
417.0,420.0,Phylloscopus occipitalis,Western Crowned Warbler,0.5743,C:/Users/shang/OneDrive - Georgia Institute of Technology/HAAG Research Bird Audio/Audio Files Analysis/Low/PSL7\20240522_060000.WAV
429.0,432.0,Phylloscopus occipitalis,Western Crowned Warbler,0.8231,C:/Users/shang/OneDrive - Georgia Institute of Technology/HAAG Research Bird Audio/Audio Files Analysis/Low/PSL7\20240522_060000.WAV
435.0,438.0,Phylloscopus occipitalis,Western Crowned Warbler,0.7567,C:/Users/shang/OneDrive - Georgia Institute of Technology/HAAG Research Bird Audio/Audio Files Analysis/Low/PSL7\20240522_060000.WAV
456.0,459.0,Larvivora brunnea,Indian Blue Robin,0.5614,C:/Users/shang/OneDrive - Georgia Institute of Technology/HAAG Research Bird Audio/Audio Files Analysis/Low/PSL7\20240522_060000.WAV
462.0,465.0,Phylloscopus occipitalis,Western Crowned Warbler,0.5759,C:/Users/shang/OneDrive - Georgia Institute of Technology/HAAG Research Bird Audio/Audio Files Analysis/Low/PSL7\20240522_060000.WAV
477.0,480.0,Phylloscopus occipitalis,Western Crowned Warbler,0.8563,C:/Users/shang/OneDrive - Georgia Institute of Technology/HAAG Research Bird Audio/Audio Files Analysis/Low/PSL7\20240522_060000.WAV
486.0,489.0,Phylloscopus occipitalis,Western Crowned Warbler,0.6624,C:/Users/shang/OneDrive - Georgia Institute of Technology/HAAG Research Bird Audio/Audio Files Analysis/Low/PSL7\20240522_060000.WAV
501.0,504.0,Phylloscopus occipitalis,Western Crowned Warbler,0.5651,C:/Users/shang/OneDrive - Georgia Institute of Technology/HAAG Research Bird Audio/Audio Files Analysis/Low/PSL7\20240522_060000.WAV
534.0,537.0,Phylloscopus occipitalis,Western Crowned Warbler,0.7832,C:/Users/shang/OneDrive - Georgia Institute of Technology/HAAG Research Bird Audio/Audio Files Analysis/Low/PSL7\20240522_060000.WAV
543.0,546.0,Phylloscopus occipitalis,Western Crowned Warbler,0.8789,C:/Users/shang/OneDrive - Georgia Institute of Technology/HAAG Research Bird Audio/Audio Files Analysis/Low/PSL7\20240522_060000.WAV
546.0,549.0,Phylloscopus occipitalis,Western Crowned Warbler,0.6462,C:/Users/shang/OneDrive - Georgia Institute of Technology/HAAG Research Bird Audio/Audio Files Analysis/Low/PSL7\20240522_060000.WAV
549.0,552.0,Larvivora brunnea,Indian Blue Robin,0.7599,C:/Users/shang/OneDrive - Georgia Institute of Technology/HAAG Research Bird Audio/Audio Files Analysis/Low/PSL7\20240522_060000.WAV
561.0,564.0,Phylloscopus occipitalis,Western Crowned Warbler,0.7201,C:/Users/shang/OneDrive - Georgia Institute of Technology/HAAG Research Bird Audio/Audio Files Analysis/Low/PSL7\20240522_060000.WAV
564.0,567.0,Setophaga townsendi,Townsend's Warbler,0.7310,C:/Users/shang/OneDrive - Georgia Institute of Technology/HAAG Research Bird Audio/Audio Files Analysis/Low/PSL7\20240522_060000.WAV
573.0,576.0,Phylloscopus occipitalis,Western Crowned Warbler,0.5735,C:/Users/shang/OneDrive - Georgia Institute of Technology/HAAG Research Bird Audio/Audio Files Analysis/Low/PSL7\20240522_060000.WAV
576.0,579.0,Larvivora brunnea,Indian Blue Robin,0.7764,C:/Users/shang/OneDrive - Georgia Institute of Technology/HAAG Research Bird Audio/Audio Files Analysis/Low/PSL7\20240522_060000.WAV
576.0,579.0,Larvivora cyane,Siberian Blue Robin,0.6265,C:/Users/shang/OneDrive - Georgia Institute of Technology/HAAG Research Bird Audio/Audio Files Analysis/Low/PSL7\20240522_060000.WAV
588.0,591.0,Phylloscopus occipitalis,Western Crowned Warbler,0.7267,C:/Users/shang/OneDrive - Georgia Institute of Technology/HAAG Research Bird Audio/Audio Files Analysis/Low/PSL7\20240522_060000.WAV
594.0,597.0,Phylloscopus occipitalis,Western Crowned Warbler,0.6788,C:/Users/shang/OneDrive - Georgia Institute of Technology/HAAG Research Bird Audio/Audio Files Analysis/Low/PSL7\20240522_060000.WAV
600.0,603.0,Phylloscopus occipitalis,Western Crowned Warbler,0.9327,C:/Users/shang/OneDrive - Georgia Institute of Technology/HAAG Research Bird Audio/Audio Files Analysis/Low/PSL7\20240522_060000.WAV
606.0,609.0,Phylloscopus nitidus,Green Warbler,0.9772,C:/Users/shang/OneDrive - Georgia Institute of Technology/HAAG Research Bird Audio/Audio Files Analysis/Low/PSL7\20240522_060000.WAV
609.0,612.0,Phylloscopus occipitalis,Western Crowned Warbler,0.6952,C:/Users/shang/OneDrive - Georgia Institute of Technology/HAAG Research Bird Audio/Audio Files Analysis/Low/PSL7\20240522_060000.WAV
612.0,615.0,Larvivora brunnea,Indian Blue Robin,0.5964,C:/Users/shang/OneDrive - Georgia Institute of Technology/HAAG Research Bird Audio/Audio Files Analysis/Low/PSL7\20240522_060000.WAV
630.0,633.0,Phylloscopus occipitalis,Western Crowned Warbler,0.5964,C:/Users/shang/OneDrive - Georgia Institute of Technology/HAAG Research Bird Audio/Audio Files Analysis/Low/PSL7\20240522_060000.WAV
636.0,639.0,Phylloscopus occipitalis,Western Crowned Warbler,0.8651,C:/Users/shang/OneDrive - Georgia Institute of Technology/HAAG Research Bird Audio/Audio Files Analysis/Low/PSL7\20240522_060000.WAV
642.0,645.0,Phylloscopus occipitalis,Western Crowned Warbler,0.9543,C:/Users/shang/OneDrive - Georgia Institute of Technology/HAAG Research Bird Audio/Audio Files Analysis/Low/PSL7\20240522_060000.WAV
657.0,660.0,Phylloscopus occipitalis,Western Crowned Warbler,0.9523,C:/Users/shang/OneDrive - Georgia Institute of Technology/HAAG Research Bird Audio/Audio Files Analysis/Low/PSL7\20240522_060000.WAV
675.0,678.0,Phylloscopus occipitalis,Western Crowned Warbler,0.9064,C:/Users/shang/OneDrive - Georgia Institute of Technology/HAAG Research Bird Audio/Audio Files Analysis/Low/PSL7\20240522_060000.WAV
678.0,681.0,Protonotaria citrea,Prothonotary Warbler,0.5937,C:/Users/shang/OneDrive - Georgia Institute of Technology/HAAG Research Bird Audio/Audio Files Analysis/Low/PSL7\20240522_060000.WAV
687.0,690.0,Phylloscopus occipitalis,Western Crowned Warbler,0.8182,C:/Users/shang/OneDrive - Georgia Institute of Technology/HAAG Research Bird Audio/Audio Files Analysis/Low/PSL7\20240522_060000.WAV
693.0,696.0,Phylloscopus occipitalis,Western Crowned Warbler,0.9011,C:/Users/shang/OneDrive - Georgia Institute of Technology/HAAG Research Bird Audio/Audio Files Analysis/Low/PSL7\20240522_060000.WAV
702.0,705.0,Phylloscopus occipitalis,Western Crowned Warbler,0.8670,C:/Users/shang/OneDrive - Georgia Institute of Technology/HAAG Research Bird Audio/Audio Files Analysis/Low/PSL7\20240522_060000.WAV
705.0,708.0,Phylloscopus occipitalis,Western Crowned Warbler,0.8778,C:/Users/shang/OneDrive - Georgia Institute of Technology/HAAG Research Bird Audio/Audio Files Analysis/Low/PSL7\20240522_060000.WAV
708.0,711.0,Phylloscopus occipitalis,Western Crowned Warbler,0.8690,C:/Users/shang/OneDrive - Georgia Institute of Technology/HAAG Research Bird Audio/Audio Files Analysis/Low/PSL7\20240522_060000.WAV
711.0,714.0,Phylloscopus occipitalis,Western Crowned Warbler,0.8490,C:/Users/shang/OneDrive - Georgia Institute of Technology/HAAG Research Bird Audio/Audio Files Analysis/Low/PSL7\20240522_060000.WAV
717.0,720.0,Phylloscopus occipitalis,Western Crowned Warbler,0.5709,C:/Users/shang/OneDrive - Georgia Institute of Technology/HAAG Research Bird Audio/Audio Files Analysis/Low/PSL7\20240522_060000.WAV
723.0,726.0,Phylloscopus occipitalis,Western Crowned Warbler,0.7106,C:/Users/shang/OneDrive - Georgia Institute of Technology/HAAG Research Bird Audio/Audio Files Analysis/Low/PSL7\20240522_060000.WAV
729.0,732.0,Phylloscopus occipitalis,Western Crowned Warbler,0.8429,C:/Users/shang/OneDrive - Georgia Institute of Technology/HAAG Research Bird Audio/Audio Files Analysis/Low/PSL7\20240522_060000.WAV
738.0,741.0,Phylloscopus occipitalis,Western Crowned Warbler,0.8113,C:/Users/shang/OneDrive - Georgia Institute of Technology/HAAG Research Bird Audio/Audio Files Analysis/Low/PSL7\20240522_060000.WAV
744.0,747.0,Phylloscopus occipitalis,Western Crowned Warbler,0.6548,C:/Users/shang/OneDrive - Georgia Institute of Technology/HAAG Research Bird Audio/Audio Files Analysis/Low/PSL7\20240522_060000.WAV
747.0,750.0,Phylloscopus occipitalis,Western Crowned Warbler,0.9410,C:/Users/shang/OneDrive - Georgia Institute of Technology/HAAG Research Bird Audio/Audio Files Analysis/Low/PSL7\20240522_060000.WAV
750.0,753.0,Larvivora brunnea,Indian Blue Robin,0.5645,C:/Users/shang/OneDrive - Georgia Institute of Technology/HAAG Research Bird Audio/Audio Files Analysis/Low/PSL7\20240522_060000.WAV
756.0,759.0,Phylloscopus occipitalis,Western Crowned Warbler,0.8851,C:/Users/shang/OneDrive - Georgia Institute of Technology/HAAG Research Bird Audio/Audio Files Analysis/Low/PSL7\20240522_060000.WAV
762.0,765.0,Phylloscopus occipitalis,Western Crowned Warbler,0.7175,C:/Users/shang/OneDrive - Georgia Institute of Technology/HAAG Research Bird Audio/Audio Files Analysis/Low/PSL7\20240522_060000.WAV
768.0,771.0,Phylloscopus occipitalis,Western Crowned Warbler,0.6979,C:/Users/shang/OneDrive - Georgia Institute of Technology/HAAG Research Bird Audio/Audio Files Analysis/Low/PSL7\20240522_060000.WAV
774.0,777.0,Phylloscopus occipitalis,Western Crowned Warbler,0.8172,C:/Users/shang/OneDrive - Georgia Institute of Technology/HAAG Research Bird Audio/Audio Files Analysis/Low/PSL7\20240522_060000.WAV
786.0,789.0,Phylloscopus occipitalis,Western Crowned Warbler,0.7473,C:/Users/shang/OneDrive - Georgia Institute of Technology/HAAG Research Bird Audio/Audio Files Analysis/Low/PSL7\20240522_060000.WAV
789.0,792.0,Phylloscopus occipitalis,Western Crowned Warbler,0.6096,C:/Users/shang/OneDrive - Georgia Institute of Technology/HAAG Research Bird Audio/Audio Files Analysis/Low/PSL7\20240522_060000.WAV
795.0,798.0,Larvivora brunnea,Indian Blue Robin,0.5437,C:/Users/shang/OneDrive - Georgia Institute of Technology/HAAG Research Bird Audio/Audio Files Analysis/Low/PSL7\20240522_060000.WAV
801.0,804.0,Trochalopteron variegatum,Variegated Laughingthrush,0.7153,C:/Users/shang/OneDrive - Georgia Institute of Technology/HAAG Research Bird Audio/Audio Files Analysis/Low/PSL7\20240522_060000.WAV
810.0,813.0,Trochalopteron variegatum,Variegated Laughingthrush,0.6537,C:/Users/shang/OneDrive - Georgia Institute of Technology/HAAG Research Bird Audio/Audio Files Analysis/Low/PSL7\20240522_060000.WAV
813.0,816.0,Larvivora brunnea,Indian Blue Robin,0.5229,C:/Users/shang/OneDrive - Georgia Institute of Technology/HAAG Research Bird Audio/Audio Files Analysis/Low/PSL7\20240522_060000.WAV
846.0,849.0,Larvivora brunnea,Indian Blue Robin,0.6950,C:/Users/shang/OneDrive - Georgia Institute of Technology/HAAG Research Bird Audio/Audio Files Analysis/Low/PSL7\20240522_060000.WAV
852.0,855.0,Trochalopteron variegatum,Variegated Laughingthrush,0.6181,C:/Users/shang/OneDrive - Georgia Institute of Technology/HAAG Research Bird Audio/Audio Files Analysis/Low/PSL7\20240522_060000.WAV
855.0,858.0,Trochalopteron variegatum,Variegated Laughingthrush,0.8787,C:/Users/shang/OneDrive - Georgia Institute of Technology/HAAG Research Bird Audio/Audio Files Analysis/Low/PSL7\20240522_060000.WAV
858.0,861.0,Trochalopteron variegatum,Variegated Laughingthrush,0.5851,C:/Users/shang/OneDrive - Georgia Institute of Technology/HAAG Research Bird Audio/Audio Files Analysis/Low/PSL7\20240522_060000.WAV
861.0,864.0,Trochalopteron variegatum,Variegated Laughingthrush,0.7598,C:/Users/shang/OneDrive - Georgia Institute of Technology/HAAG Research Bird Audio/Audio Files Analysis/Low/PSL7\20240522_060000.WAV
876.0,879.0,Trochalopteron variegatum,Variegated Laughingthrush,0.6765,C:/Users/shang/OneDrive - Georgia Institute of Technology/HAAG Research Bird Audio/Audio Files Analysis/Low/PSL7\20240522_060000.WAV
885.0,888.0,Phylloscopus occipitalis,Western Crowned Warbler,0.5514,C:/Users/shang/OneDrive - Georgia Institute of Technology/HAAG Research Bird Audio/Audio Files Analysis/Low/PSL7\20240522_060000.WAV
891.0,894.0,Phylloscopus nitidus,Green Warbler,0.5512,C:/Users/shang/OneDrive - Georgia Institute of Technology/HAAG Research Bird Audio/Audio Files Analysis/Low/PSL7\20240522_060000.WAV
894.0,897.0,Phylloscopus occipitalis,Western Crowned Warbler,0.8670,C:/Users/shang/OneDrive - Georgia Institute of Technology/HAAG Research Bird Audio/Audio Files Analysis/Low/PSL7\20240522_060000.WAV
3.0,6.0,Phylloscopus occipitalis,Western Crowned Warbler,0.8998,C:/Users/shang/OneDrive - Georgia Institute of Technology/HAAG Research Bird Audio/Audio Files Analysis/Low/PSL7\20240522_070000.WAV
12.0,15.0,Phylloscopus occipitalis,Western Crowned Warbler,0.8970,C:/Users/shang/OneDrive - Georgia Institute of Technology/HAAG Research Bird Audio/Audio Files Analysis/Low/PSL7\20240522_070000.WAV
24.0,27.0,Phylloscopus occipitalis,Western Crowned Warbler,0.6887,C:/Users/shang/OneDrive - Georgia Institute of Technology/HAAG Research Bird Audio/Audio Files Analysis/Low/PSL7\20240522_070000.WAV
27.0,30.0,Phylloscopus occipitalis,Western Crowned Warbler,0.8072,C:/Users/shang/OneDrive - Georgia Institute of Technology/HAAG Research Bird Audio/Audio Files Analysis/Low/PSL7\20240522_070000.WAV
30.0,33.0,Prunella strophiata,Rufous-breasted Accentor,0.5296,C:/Users/shang/OneDrive - Georgia Institute of Technology/HAAG Research Bird Audio/Audio Files Analysis/Low/PSL7\20240522_070000.WAV
33.0,36.0,Phylloscopus occipitalis,Western Crowned Warbler,0.7774,C:/Users/shang/OneDrive - Georgia Institute of Technology/HAAG Research Bird Audio/Audio Files Analysis/Low/PSL7\20240522_070000.WAV
39.0,42.0,Protonotaria citrea,Prothonotary Warbler,0.5975,C:/Users/shang/OneDrive - Georgia Institute of Technology/HAAG Research Bird Audio/Audio Files Analysis/Low/PSL7\20240522_070000.WAV
51.0,54.0,Phylloscopus occipitalis,Western Crowned Warbler,0.7337,C:/Users/shang/OneDrive - Georgia Institute of Technology/HAAG Research Bird Audio/Audio Files Analysis/Low/PSL7\20240522_070000.WAV
57.0,60.0,Phylloscopus occipitalis,Western Crowned Warbler,0.6122,C:/Users/shang/OneDrive - Georgia Institute of Technology/HAAG Research Bird Audio/Audio Files Analysis/Low/PSL7\20240522_070000.WAV
63.0,66.0,Phylloscopus occipitalis,Western Crowned Warbler,0.7132,C:/Users/shang/OneDrive - Georgia Institute of Technology/HAAG Research Bird Audio/Audio Files Analysis/Low/PSL7\20240522_070000.WAV
69.0,72.0,Phylloscopus occipitalis,Western Crowned Warbler,0.7278,C:/Users/shang/OneDrive - Georgia Institute of Technology/HAAG Research Bird Audio/Audio Files Analysis/Low/PSL7\20240522_070000.WAV
72.0,75.0,Phylloscopus occipitalis,Western Crowned Warbler,0.9184,C:/Users/shang/OneDrive - Georgia Institute of Technology/HAAG Research Bird Audio/Audio Files Analysis/Low/PSL7\20240522_070000.WAV
84.0,87.0,Protonotaria citrea,Prothonotary Warbler,0.9036,C:/Users/shang/OneDrive - Georgia Institute of Technology/HAAG Research Bird Audio/Audio Files Analysis/Low/PSL7\20240522_070000.WAV
87.0,90.0,Phylloscopus occipitalis,Western Crowned Warbler,0.8462,C:/Users/shang/OneDrive - Georgia Institute of Technology/HAAG Research Bird Audio/Audio Files Analysis/Low/PSL7\20240522_070000.WAV
93.0,96.0,Phylloscopus occipitalis,Western Crowned Warbler,0.5686,C:/Users/shang/OneDrive - Georgia Institute of Technology/HAAG Research Bird Audio/Audio Files Analysis/Low/PSL7\20240522_070000.WAV
102.0,105.0,Phylloscopus occipitalis,Western Crowned Warbler,0.9498,C:/Users/shang/OneDrive - Georgia Institute of Technology/HAAG Research Bird Audio/Audio Files Analysis/Low/PSL7\20240522_070000.WAV
108.0,111.0,Phylloscopus occipitalis,Western Crowned Warbler,0.7250,C:/Users/shang/OneDrive - Georgia Institute of Technology/HAAG Research Bird Audio/Audio Files Analysis/Low/PSL7\20240522_070000.WAV
111.0,114.0,Phylloscopus occipitalis,Western Crowned Warbler,0.6775,C:/Users/shang/OneDrive - Georgia Institute of Technology/HAAG Research Bird Audio/Audio Files Analysis/Low/PSL7\20240522_070000.WAV
114.0,117.0,Phylloscopus occipitalis,Western Crowned Warbler,0.9263,C:/Users/shang/OneDrive - Georgia Institute of Technology/HAAG Research Bird Audio/Audio Files Analysis/Low/PSL7\20240522_070000.WAV
117.0,120.0,Phylloscopus occipitalis,Western Crowned Warbler,0.6170,C:/Users/shang/OneDrive - Georgia Institute of Technology/HAAG Research Bird Audio/Audio Files Analysis/Low/PSL7\20240522_070000.WAV
123.0,126.0,Phylloscopus occipitalis,Western Crowned Warbler,0.9681,C:/Users/shang/OneDrive - Georgia Institute of Technology/HAAG Research Bird Audio/Audio Files Analysis/Low/PSL7\20240522_070000.WAV
141.0,144.0,Protonotaria citrea,Prothonotary Warbler,0.6579,C:/Users/shang/OneDrive - Georgia Institute of Technology/HAAG Research Bird Audio/Audio Files Analysis/Low/PSL7\20240522_070000.WAV
156.0,159.0,Phylloscopus occipitalis,Western Crowned Warbler,0.8760,C:/Users/shang/OneDrive - Georgia Institute of Technology/HAAG Research Bird Audio/Audio Files Analysis/Low/PSL7\20240522_070000.WAV
165.0,168.0,Phylloscopus occipitalis,Western Crowned Warbler,0.8415,C:/Users/shang/OneDrive - Georgia Institute of Technology/HAAG Research Bird Audio/Audio Files Analysis/Low/PSL7\20240522_070000.WAV
165.0,168.0,Phylloscopus sibilatrix,Wood Warbler,0.5513,C:/Users/shang/OneDrive - Georgia Institute of Technology/HAAG Research Bird Audio/Audio Files Analysis/Low/PSL7\20240522_070000.WAV
168.0,171.0,Phylloscopus occipitalis,Western Crowned Warbler,0.8367,C:/Users/shang/OneDrive - Georgia Institute of Technology/HAAG Research Bird Audio/Audio Files Analysis/Low/PSL7\20240522_070000.WAV
180.0,183.0,Phylloscopus occipitalis,Western Crowned Warbler,0.6050,C:/Users/shang/OneDrive - Georgia Institute of Technology/HAAG Research Bird Audio/Audio Files Analysis/Low/PSL7\20240522_070000.WAV
183.0,186.0,Phylloscopus occipitalis,Western Crowned Warbler,0.6369,C:/Users/shang/OneDrive - Georgia Institute of Technology/HAAG Research Bird Audio/Audio Files Analysis/Low/PSL7\20240522_070000.WAV
189.0,192.0,Phylloscopus occipitalis,Western Crowned Warbler,0.7525,C:/Users/shang/OneDrive - Georgia Institute of Technology/HAAG Research Bird Audio/Audio Files Analysis/Low/PSL7\20240522_070000.WAV
192.0,195.0,Phylloscopus occipitalis,Western Crowned Warbler,0.7523,C:/Users/shang/OneDrive - Georgia Institute of Technology/HAAG Research Bird Audio/Audio Files Analysis/Low/PSL7\20240522_070000.WAV
198.0,201.0,Phylloscopus occipitalis,Western Crowned Warbler,0.8014,C:/Users/shang/OneDrive - Georgia Institute of Technology/HAAG Research Bird Audio/Audio Files Analysis/Low/PSL7\20240522_070000.WAV
201.0,204.0,Phylloscopus occipitalis,Western Crowned Warbler,0.9151,C:/Users/shang/OneDrive - Georgia Institute of Technology/HAAG Research Bird Audio/Audio Files Analysis/Low/PSL7\20240522_070000.WAV
207.0,210.0,Protonotaria citrea,Prothonotary Warbler,0.5132,C:/Users/shang/OneDrive - Georgia Institute of Technology/HAAG Research Bird Audio/Audio Files Analysis/Low/PSL7\20240522_070000.WAV
213.0,216.0,Phylloscopus occipitalis,Western Crowned Warbler,0.5854,C:/Users/shang/OneDrive - Georgia Institute of Technology/HAAG Research Bird Audio/Audio Files Analysis/Low/PSL7\20240522_070000.WAV
222.0,225.0,Phylloscopus occipitalis,Western Crowned Warbler,0.8804,C:/Users/shang/OneDrive - Georgia Institute of Technology/HAAG Research Bird Audio/Audio Files Analysis/Low/PSL7\20240522_070000.WAV
225.0,228.0,Protonotaria citrea,Prothonotary Warbler,0.8469,C:/Users/shang/OneDrive - Georgia Institute of Technology/HAAG Research Bird Audio/Audio Files Analysis/Low/PSL7\20240522_070000.WAV
228.0,231.0,Phylloscopus occipitalis,Western Crowned Warbler,0.8967,C:/Users/shang/OneDrive - Georgia Institute of Technology/HAAG Research Bird Audio/Audio Files Analysis/Low/PSL7\20240522_070000.WAV
231.0,234.0,Protonotaria citrea,Prothonotary Warbler,0.6610,C:/Users/shang/OneDrive - Georgia Institute of Technology/HAAG Research Bird Audio/Audio Files Analysis/Low/PSL7\20240522_070000.WAV
234.0,237.0,Phylloscopus occipitalis,Western Crowned Warbler,0.9593,C:/Users/shang/OneDrive - Georgia Institute of Technology/HAAG Research Bird Audio/Audio Files Analysis/Low/PSL7\20240522_070000.WAV
240.0,243.0,Phylloscopus occipitalis,Western Crowned Warbler,0.8904,C:/Users/shang/OneDrive - Georgia Institute of Technology/HAAG Research Bird Audio/Audio Files Analysis/Low/PSL7\20240522_070000.WAV
243.0,246.0,Phylloscopus occipitalis,Western Crowned Warbler,0.6485,C:/Users/shang/OneDrive - Georgia Institute of Technology/HAAG Research Bird Audio/Audio Files Analysis/Low/PSL7\20240522_070000.WAV
246.0,249.0,Protonotaria citrea,Prothonotary Warbler,0.6067,C:/Users/shang/OneDrive - Georgia Institute of Technology/HAAG Research Bird Audio/Audio Files Analysis/Low/PSL7\20240522_070000.WAV
264.0,267.0,Phylloscopus occipitalis,Western Crowned Warbler,0.7931,C:/Users/shang/OneDrive - Georgia Institute of Technology/HAAG Research Bird Audio/Audio Files Analysis/Low/PSL7\20240522_070000.WAV
276.0,279.0,Phylloscopus occipitalis,Western Crowned Warbler,0.8520,C:/Users/shang/OneDrive - Georgia Institute of Technology/HAAG Research Bird Audio/Audio Files Analysis/Low/PSL7\20240522_070000.WAV
300.0,303.0,Phylloscopus occipitalis,Western Crowned Warbler,0.9133,C:/Users/shang/OneDrive - Georgia Institute of Technology/HAAG Research Bird Audio/Audio Files Analysis/Low/PSL7\20240522_070000.WAV
303.0,306.0,Phylloscopus occipitalis,Western Crowned Warbler,0.5737,C:/Users/shang/OneDrive - Georgia Institute of Technology/HAAG Research Bird Audio/Audio Files Analysis/Low/PSL7\20240522_070000.WAV
309.0,312.0,Protonotaria citrea,Prothonotary Warbler,0.5640,C:/Users/shang/OneDrive - Georgia Institute of Technology/HAAG Research Bird Audio/Audio Files Analysis/Low/PSL7\20240522_070000.WAV
315.0,318.0,Protonotaria citrea,Prothonotary Warbler,0.6425,C:/Users/shang/OneDrive - Georgia Institute of Technology/HAAG Research Bird Audio/Audio Files Analysis/Low/PSL7\20240522_070000.WAV
321.0,324.0,Phylloscopus occipitalis,Western Crowned Warbler,0.5406,C:/Users/shang/OneDrive - Georgia Institute of Technology/HAAG Research Bird Audio/Audio Files Analysis/Low/PSL7\20240522_070000.WAV
324.0,327.0,Protonotaria citrea,Prothonotary Warbler,0.5325,C:/Users/shang/OneDrive - Georgia Institute of Technology/HAAG Research Bird Audio/Audio Files Analysis/Low/PSL7\20240522_070000.WAV
330.0,333.0,Phylloscopus nitidus,Green Warbler,0.5713,C:/Users/shang/OneDrive - Georgia Institute of Technology/HAAG Research Bird Audio/Audio Files Analysis/Low/PSL7\20240522_070000.WAV
339.0,342.0,Phylloscopus nitidus,Green Warbler,0.7496,C:/Users/shang/OneDrive - Georgia Institute of Technology/HAAG Research Bird Audio/Audio Files Analysis/Low/PSL7\20240522_070000.WAV
345.0,348.0,Phylloscopus occipitalis,Western Crowned Warbler,0.6820,C:/Users/shang/OneDrive - Georgia Institute of Technology/HAAG Research Bird Audio/Audio Files Analysis/Low/PSL7\20240522_070000.WAV
351.0,354.0,Phylloscopus occipitalis,Western Crowned Warbler,0.6501,C:/Users/shang/OneDrive - Georgia Institute of Technology/HAAG Research Bird Audio/Audio Files Analysis/Low/PSL7\20240522_070000.WAV
357.0,360.0,Phylloscopus nitidus,Green Warbler,0.8592,C:/Users/shang/OneDrive - Georgia Institute of Technology/HAAG Research Bird Audio/Audio Files Analysis/Low/PSL7\20240522_070000.WAV
372.0,375.0,Protonotaria citrea,Prothonotary Warbler,0.7647,C:/Users/shang/OneDrive - Georgia Institute of Technology/HAAG Research Bird Audio/Audio Files Analysis/Low/PSL7\20240522_070000.WAV
375.0,378.0,Phylloscopus trochiloides,Greenish Warbler,0.5904,C:/Users/shang/OneDrive - Georgia Institute of Technology/HAAG Research Bird Audio/Audio Files Analysis/Low/PSL7\20240522_070000.WAV
375.0,378.0,Phylloscopus nitidus,Green Warbler,0.5685,C:/Users/shang/OneDrive - Georgia Institute of Technology/HAAG Research Bird Audio/Audio Files Analysis/Low/PSL7\20240522_070000.WAV
411.0,414.0,Phylloscopus occipitalis,Western Crowned Warbler,0.7161,C:/Users/shang/OneDrive - Georgia Institute of Technology/HAAG Research Bird Audio/Audio Files Analysis/Low/PSL7\20240522_070000.WAV
528.0,531.0,Phylloscopus humei,Hume's Warbler,0.6303,C:/Users/shang/OneDrive - Georgia Institute of Technology/HAAG Research Bird Audio/Audio Files Analysis/Low/PSL7\20240522_070000.WAV
552.0,555.0,Phylloscopus humei,Hume's Warbler,0.7309,C:/Users/shang/OneDrive - Georgia Institute of Technology/HAAG Research Bird Audio/Audio Files Analysis/Low/PSL7\20240522_070000.WAV
558.0,561.0,Phylloscopus humei,Hume's Warbler,0.5933,C:/Users/shang/OneDrive - Georgia Institute of Technology/HAAG Research Bird Audio/Audio Files Analysis/Low/PSL7\20240522_070000.WAV
561.0,564.0,Phylloscopus humei,Hume's Warbler,0.5445,C:/Users/shang/OneDrive - Georgia Institute of Technology/HAAG Research Bird Audio/Audio Files Analysis/Low/PSL7\20240522_070000.WAV
564.0,567.0,Phylloscopus humei,Hume's Warbler,0.5572,C:/Users/shang/OneDrive - Georgia Institute of Technology/HAAG Research Bird Audio/Audio Files Analysis/Low/PSL7\20240522_070000.WAV
567.0,570.0,Phylloscopus humei,Hume's Warbler,0.8981,C:/Users/shang/OneDrive - Georgia Institute of Technology/HAAG Research Bird Audio/Audio Files Analysis/Low/PSL7\20240522_070000.WAV
642.0,645.0,Ficedula tricolor,Slaty-blue Flycatcher,0.6786,C:/Users/shang/OneDrive - Georgia Institute of Technology/HAAG Research Bird Audio/Audio Files Analysis/Low/PSL7\20240522_070000.WAV
702.0,705.0,Phylloscopus nitidus,Green Warbler,0.8834,C:/Users/shang/OneDrive - Georgia Institute of Technology/HAAG Research Bird Audio/Audio Files Analysis/Low/PSL7\20240522_070000.WAV
711.0,714.0,Phylloscopus trochiloides,Greenish Warbler,0.5813,C:/Users/shang/OneDrive - Georgia Institute of Technology/HAAG Research Bird Audio/Audio Files Analysis/Low/PSL7\20240522_070000.WAV
768.0,771.0,Phylloscopus occipitalis,Western Crowned Warbler,0.6463,C:/Users/shang/OneDrive - Georgia Institute of Technology/HAAG Research Bird Audio/Audio Files Analysis/Low/PSL7\20240522_070000.WAV
783.0,786.0,Phylloscopus nitidus,Green Warbler,0.8077,C:/Users/shang/OneDrive - Georgia Institute of Technology/HAAG Research Bird Audio/Audio Files Analysis/Low/PSL7\20240522_070000.WAV
792.0,795.0,Phylloscopus nitidus,Green Warbler,0.6898,C:/Users/shang/OneDrive - Georgia Institute of Technology/HAAG Research Bird Audio/Audio Files Analysis/Low/PSL7\20240522_070000.WAV
792.0,795.0,Phylloscopus trochiloides,Greenish Warbler,0.6080,C:/Users/shang/OneDrive - Georgia Institute of Technology/HAAG Research Bird Audio/Audio Files Analysis/Low/PSL7\20240522_070000.WAV
810.0,813.0,Phylloscopus nitidus,Green Warbler,0.9106,C:/Users/shang/OneDrive - Georgia Institute of Technology/HAAG Research Bird Audio/Audio Files Analysis/Low/PSL7\20240522_070000.WAV
819.0,822.0,Phylloscopus trochiloides,Greenish Warbler,0.5463,C:/Users/shang/OneDrive - Georgia Institute of Technology/HAAG Research Bird Audio/Audio Files Analysis/Low/PSL7\20240522_070000.WAV
825.0,828.0,Phylloscopus occipitalis,Western Crowned Warbler,0.7626,C:/Users/shang/OneDrive - Georgia Institute of Technology/HAAG Research Bird Audio/Audio Files Analysis/Low/PSL7\20240522_070000.WAV
840.0,843.0,Protonotaria citrea,Prothonotary Warbler,0.5555,C:/Users/shang/OneDrive - Georgia Institute of Technology/HAAG Research Bird Audio/Audio Files Analysis/Low/PSL7\20240522_070000.WAV
861.0,864.0,Phylloscopus trochiloides,Greenish Warbler,0.6086,C:/Users/shang/OneDrive - Georgia Institute of Technology/HAAG Research Bird Audio/Audio Files Analysis/Low/PSL7\20240522_070000.WAV
894.0,897.0,Protonotaria citrea,Prothonotary Warbler,0.5842,C:/Users/shang/OneDrive - Georgia Institute of Technology/HAAG Research Bird Audio/Audio Files Analysis/Low/PSL7\20240522_070000.WAV
42.0,45.0,Protonotaria citrea,Prothonotary Warbler,0.6399,C:/Users/shang/OneDrive - Georgia Institute of Technology/HAAG Research Bird Audio/Audio Files Analysis/Low/PSL7\20240522_080000.WAV
48.0,51.0,Protonotaria citrea,Prothonotary Warbler,0.6319,C:/Users/shang/OneDrive - Georgia Institute of Technology/HAAG Research Bird Audio/Audio Files Analysis/Low/PSL7\20240522_080000.WAV
69.0,72.0,Phylloscopus occipitalis,Western Crowned Warbler,0.6507,C:/Users/shang/OneDrive - Georgia Institute of Technology/HAAG Research Bird Audio/Audio Files Analysis/Low/PSL7\20240522_080000.WAV
75.0,78.0,Phylloscopus occipitalis,Western Crowned Warbler,0.6770,C:/Users/shang/OneDrive - Georgia Institute of Technology/HAAG Research Bird Audio/Audio Files Analysis/Low/PSL7\20240522_080000.WAV
84.0,87.0,Protonotaria citrea,Prothonotary Warbler,0.7603,C:/Users/shang/OneDrive - Georgia Institute of Technology/HAAG Research Bird Audio/Audio Files Analysis/Low/PSL7\20240522_080000.WAV
90.0,93.0,Protonotaria citrea,Prothonotary Warbler,0.9377,C:/Users/shang/OneDrive - Georgia Institute of Technology/HAAG Research Bird Audio/Audio Files Analysis/Low/PSL7\20240522_080000.WAV
99.0,102.0,Phylloscopus occipitalis,Western Crowned Warbler,0.9383,C:/Users/shang/OneDrive - Georgia Institute of Technology/HAAG Research Bird Audio/Audio Files Analysis/Low/PSL7\20240522_080000.WAV
108.0,111.0,Phylloscopus occipitalis,Western Crowned Warbler,0.7714,C:/Users/shang/OneDrive - Georgia Institute of Technology/HAAG Research Bird Audio/Audio Files Analysis/Low/PSL7\20240522_080000.WAV
117.0,120.0,Phylloscopus occipitalis,Western Crowned Warbler,0.8510,C:/Users/shang/OneDrive - Georgia Institute of Technology/HAAG Research Bird Audio/Audio Files Analysis/Low/PSL7\20240522_080000.WAV
126.0,129.0,Phylloscopus occipitalis,Western Crowned Warbler,0.9865,C:/Users/shang/OneDrive - Georgia Institute of Technology/HAAG Research Bird Audio/Audio Files Analysis/Low/PSL7\20240522_080000.WAV
135.0,138.0,Phylloscopus occipitalis,Western Crowned Warbler,0.6223,C:/Users/shang/OneDrive - Georgia Institute of Technology/HAAG Research Bird Audio/Audio Files Analysis/Low/PSL7\20240522_080000.WAV
141.0,144.0,Phylloscopus occipitalis,Western Crowned Warbler,0.8781,C:/Users/shang/OneDrive - Georgia Institute of Technology/HAAG Research Bird Audio/Audio Files Analysis/Low/PSL7\20240522_080000.WAV
144.0,147.0,Phylloscopus occipitalis,Western Crowned Warbler,0.6944,C:/Users/shang/OneDrive - Georgia Institute of Technology/HAAG Research Bird Audio/Audio Files Analysis/Low/PSL7\20240522_080000.WAV
159.0,162.0,Phylloscopus occipitalis,Western Crowned Warbler,0.7280,C:/Users/shang/OneDrive - Georgia Institute of Technology/HAAG Research Bird Audio/Audio Files Analysis/Low/PSL7\20240522_080000.WAV
165.0,168.0,Phylloscopus occipitalis,Western Crowned Warbler,0.7953,C:/Users/shang/OneDrive - Georgia Institute of Technology/HAAG Research Bird Audio/Audio Files Analysis/Low/PSL7\20240522_080000.WAV
168.0,171.0,Phylloscopus occipitalis,Western Crowned Warbler,0.6557,C:/Users/shang/OneDrive - Georgia Institute of Technology/HAAG Research Bird Audio/Audio Files Analysis/Low/PSL7\20240522_080000.WAV
174.0,177.0,Phylloscopus occipitalis,Western Crowned Warbler,0.9858,C:/Users/shang/OneDrive - Georgia Institute of Technology/HAAG Research Bird Audio/Audio Files Analysis/Low/PSL7\20240522_080000.WAV
180.0,183.0,Phylloscopus occipitalis,Western Crowned Warbler,0.8933,C:/Users/shang/OneDrive - Georgia Institute of Technology/HAAG Research Bird Audio/Audio Files Analysis/Low/PSL7\20240522_080000.WAV
186.0,189.0,Phylloscopus occipitalis,Western Crowned Warbler,0.9153,C:/Users/shang/OneDrive - Georgia Institute of Technology/HAAG Research Bird Audio/Audio Files Analysis/Low/PSL7\20240522_080000.WAV
192.0,195.0,Phylloscopus occipitalis,Western Crowned Warbler,0.9809,C:/Users/shang/OneDrive - Georgia Institute of Technology/HAAG Research Bird Audio/Audio Files Analysis/Low/PSL7\20240522_080000.WAV
201.0,204.0,Phylloscopus occipitalis,Western Crowned Warbler,0.7830,C:/Users/shang/OneDrive - Georgia Institute of Technology/HAAG Research Bird Audio/Audio Files Analysis/Low/PSL7\20240522_080000.WAV
207.0,210.0,Phylloscopus occipitalis,Western Crowned Warbler,0.7954,C:/Users/shang/OneDrive - Georgia Institute of Technology/HAAG Research Bird Audio/Audio Files Analysis/Low/PSL7\20240522_080000.WAV
213.0,216.0,Phylloscopus occipitalis,Western Crowned Warbler,0.7494,C:/Users/shang/OneDrive - Georgia Institute of Technology/HAAG Research Bird Audio/Audio Files Analysis/Low/PSL7\20240522_080000.WAV
219.0,222.0,Phylloscopus occipitalis,Western Crowned Warbler,0.6281,C:/Users/shang/OneDrive - Georgia Institute of Technology/HAAG Research Bird Audio/Audio Files Analysis/Low/PSL7\20240522_080000.WAV
225.0,228.0,Phylloscopus humei,Hume's Warbler,0.9489,C:/Users/shang/OneDrive - Georgia Institute of Technology/HAAG Research Bird Audio/Audio Files Analysis/Low/PSL7\20240522_080000.WAV
237.0,240.0,Phylloscopus occipitalis,Western Crowned Warbler,0.7895,C:/Users/shang/OneDrive - Georgia Institute of Technology/HAAG Research Bird Audio/Audio Files Analysis/Low/PSL7\20240522_080000.WAV
246.0,249.0,Phylloscopus occipitalis,Western Crowned Warbler,0.6029,C:/Users/shang/OneDrive - Georgia Institute of Technology/HAAG Research Bird Audio/Audio Files Analysis/Low/PSL7\20240522_080000.WAV
261.0,264.0,Protonotaria citrea,Prothonotary Warbler,0.6943,C:/Users/shang/OneDrive - Georgia Institute of Technology/HAAG Research Bird Audio/Audio Files Analysis/Low/PSL7\20240522_080000.WAV
270.0,273.0,Phylloscopus occipitalis,Western Crowned Warbler,0.7237,C:/Users/shang/OneDrive - Georgia Institute of Technology/HAAG Research Bird Audio/Audio Files Analysis/Low/PSL7\20240522_080000.WAV
276.0,279.0,Phylloscopus occipitalis,Western Crowned Warbler,0.6991,C:/Users/shang/OneDrive - Georgia Institute of Technology/HAAG Research Bird Audio/Audio Files Analysis/Low/PSL7\20240522_080000.WAV
282.0,285.0,Phylloscopus occipitalis,Western Crowned Warbler,0.5738,C:/Users/shang/OneDrive - Georgia Institute of Technology/HAAG Research Bird Audio/Audio Files Analysis/Low/PSL7\20240522_080000.WAV
294.0,297.0,Phylloscopus nitidus,Green Warbler,0.6090,C:/Users/shang/OneDrive - Georgia Institute of Technology/HAAG Research Bird Audio/Audio Files Analysis/Low/PSL7\20240522_080000.WAV
297.0,300.0,Phylloscopus humei,Hume's Warbler,0.8938,C:/Users/shang/OneDrive - Georgia Institute of Technology/HAAG Research Bird Audio/Audio Files Analysis/Low/PSL7\20240522_080000.WAV
300.0,303.0,Phylloscopus occipitalis,Western Crowned Warbler,0.5305,C:/Users/shang/OneDrive - Georgia Institute of Technology/HAAG Research Bird Audio/Audio Files Analysis/Low/PSL7\20240522_080000.WAV
306.0,309.0,Phylloscopus occipitalis,Western Crowned Warbler,0.9469,C:/Users/shang/OneDrive - Georgia Institute of Technology/HAAG Research Bird Audio/Audio Files Analysis/Low/PSL7\20240522_080000.WAV
309.0,312.0,Phylloscopus occipitalis,Western Crowned Warbler,0.6772,C:/Users/shang/OneDrive - Georgia Institute of Technology/HAAG Research Bird Audio/Audio Files Analysis/Low/PSL7\20240522_080000.WAV
315.0,318.0,Phylloscopus occipitalis,Western Crowned Warbler,0.5776,C:/Users/shang/OneDrive - Georgia Institute of Technology/HAAG Research Bird Audio/Audio Files Analysis/Low/PSL7\20240522_080000.WAV
321.0,324.0,Phylloscopus occipitalis,Western Crowned Warbler,0.9315,C:/Users/shang/OneDrive - Georgia Institute of Technology/HAAG Research Bird Audio/Audio Files Analysis/Low/PSL7\20240522_080000.WAV
327.0,330.0,Phylloscopus occipitalis,Western Crowned Warbler,0.6158,C:/Users/shang/OneDrive - Georgia Institute of Technology/HAAG Research Bird Audio/Audio Files Analysis/Low/PSL7\20240522_080000.WAV
330.0,333.0,Phylloscopus occipitalis,Western Crowned Warbler,0.8742,C:/Users/shang/OneDrive - Georgia Institute of Technology/HAAG Research Bird Audio/Audio Files Analysis/Low/PSL7\20240522_080000.WAV
342.0,345.0,Phylloscopus occipitalis,Western Crowned Warbler,0.8824,C:/Users/shang/OneDrive - Georgia Institute of Technology/HAAG Research Bird Audio/Audio Files Analysis/Low/PSL7\20240522_080000.WAV
348.0,351.0,Phylloscopus occipitalis,Western Crowned Warbler,0.7336,C:/Users/shang/OneDrive - Georgia Institute of Technology/HAAG Research Bird Audio/Audio Files Analysis/Low/PSL7\20240522_080000.WAV
354.0,357.0,Phylloscopus occipitalis,Western Crowned Warbler,0.9345,C:/Users/shang/OneDrive - Georgia Institute of Technology/HAAG Research Bird Audio/Audio Files Analysis/Low/PSL7\20240522_080000.WAV
360.0,363.0,Phylloscopus occipitalis,Western Crowned Warbler,0.9451,C:/Users/shang/OneDrive - Georgia Institute of Technology/HAAG Research Bird Audio/Audio Files Analysis/Low/PSL7\20240522_080000.WAV
363.0,366.0,Prinia socialis,Ashy Prinia,0.5668,C:/Users/shang/OneDrive - Georgia Institute of Technology/HAAG Research Bird Audio/Audio Files Analysis/Low/PSL7\20240522_080000.WAV
366.0,369.0,Phylloscopus occipitalis,Western Crowned Warbler,0.7313,C:/Users/shang/OneDrive - Georgia Institute of Technology/HAAG Research Bird Audio/Audio Files Analysis/Low/PSL7\20240522_080000.WAV
372.0,375.0,Phylloscopus occipitalis,Western Crowned Warbler,0.8777,C:/Users/shang/OneDrive - Georgia Institute of Technology/HAAG Research Bird Audio/Audio Files Analysis/Low/PSL7\20240522_080000.WAV
378.0,381.0,Phylloscopus occipitalis,Western Crowned Warbler,0.9006,C:/Users/shang/OneDrive - Georgia Institute of Technology/HAAG Research Bird Audio/Audio Files Analysis/Low/PSL7\20240522_080000.WAV
381.0,384.0,Phylloscopus occipitalis,Western Crowned Warbler,0.8252,C:/Users/shang/OneDrive - Georgia Institute of Technology/HAAG Research Bird Audio/Audio Files Analysis/Low/PSL7\20240522_080000.WAV
384.0,387.0,Phylloscopus occipitalis,Western Crowned Warbler,0.8846,C:/Users/shang/OneDrive - Georgia Institute of Technology/HAAG Research Bird Audio/Audio Files Analysis/Low/PSL7\20240522_080000.WAV
390.0,393.0,Phylloscopus occipitalis,Western Crowned Warbler,0.7285,C:/Users/shang/OneDrive - Georgia Institute of Technology/HAAG Research Bird Audio/Audio Files Analysis/Low/PSL7\20240522_080000.WAV
396.0,399.0,Phylloscopus occipitalis,Western Crowned Warbler,0.6410,C:/Users/shang/OneDrive - Georgia Institute of Technology/HAAG Research Bird Audio/Audio Files Analysis/Low/PSL7\20240522_080000.WAV
402.0,405.0,Phylloscopus occipitalis,Western Crowned Warbler,0.9015,C:/Users/shang/OneDrive - Georgia Institute of Technology/HAAG Research Bird Audio/Audio Files Analysis/Low/PSL7\20240522_080000.WAV
411.0,414.0,Phylloscopus occipitalis,Western Crowned Warbler,0.5236,C:/Users/shang/OneDrive - Georgia Institute of Technology/HAAG Research Bird Audio/Audio Files Analysis/Low/PSL7\20240522_080000.WAV
420.0,423.0,Phylloscopus occipitalis,Western Crowned Warbler,0.7077,C:/Users/shang/OneDrive - Georgia Institute of Technology/HAAG Research Bird Audio/Audio Files Analysis/Low/PSL7\20240522_080000.WAV
429.0,432.0,Phylloscopus occipitalis,Western Crowned Warbler,0.7744,C:/Users/shang/OneDrive - Georgia Institute of Technology/HAAG Research Bird Audio/Audio Files Analysis/Low/PSL7\20240522_080000.WAV
435.0,438.0,Phylloscopus occipitalis,Western Crowned Warbler,0.5185,C:/Users/shang/OneDrive - Georgia Institute of Technology/HAAG Research Bird Audio/Audio Files Analysis/Low/PSL7\20240522_080000.WAV
450.0,453.0,Protonotaria citrea,Prothonotary Warbler,0.6139,C:/Users/shang/OneDrive - Georgia Institute of Technology/HAAG Research Bird Audio/Audio Files Analysis/Low/PSL7\20240522_080000.WAV
456.0,459.0,Phylloscopus occipitalis,Western Crowned Warbler,0.6133,C:/Users/shang/OneDrive - Georgia Institute of Technology/HAAG Research Bird Audio/Audio Files Analysis/Low/PSL7\20240522_080000.WAV
462.0,465.0,Phylloscopus occipitalis,Western Crowned Warbler,0.9381,C:/Users/shang/OneDrive - Georgia Institute of Technology/HAAG Research Bird Audio/Audio Files Analysis/Low/PSL7\20240522_080000.WAV
468.0,471.0,Phylloscopus occipitalis,Western Crowned Warbler,0.9360,C:/Users/shang/OneDrive - Georgia Institute of Technology/HAAG Research Bird Audio/Audio Files Analysis/Low/PSL7\20240522_080000.WAV
507.0,510.0,Ficedula tricolor,Slaty-blue Flycatcher,0.9095,C:/Users/shang/OneDrive - Georgia Institute of Technology/HAAG Research Bird Audio/Audio Files Analysis/Low/PSL7\20240522_080000.WAV
510.0,513.0,Phylloscopus occipitalis,Western Crowned Warbler,0.8394,C:/Users/shang/OneDrive - Georgia Institute of Technology/HAAG Research Bird Audio/Audio Files Analysis/Low/PSL7\20240522_080000.WAV
513.0,516.0,Ficedula tricolor,Slaty-blue Flycatcher,0.8402,C:/Users/shang/OneDrive - Georgia Institute of Technology/HAAG Research Bird Audio/Audio Files Analysis/Low/PSL7\20240522_080000.WAV
516.0,519.0,Phylloscopus occipitalis,Western Crowned Warbler,0.5240,C:/Users/shang/OneDrive - Georgia Institute of Technology/HAAG Research Bird Audio/Audio Files Analysis/Low/PSL7\20240522_080000.WAV
519.0,522.0,Ficedula tricolor,Slaty-blue Flycatcher,0.6276,C:/Users/shang/OneDrive - Georgia Institute of Technology/HAAG Research Bird Audio/Audio Files Analysis/Low/PSL7\20240522_080000.WAV
537.0,540.0,Phylloscopus occipitalis,Western Crowned Warbler,0.6678,C:/Users/shang/OneDrive - Georgia Institute of Technology/HAAG Research Bird Audio/Audio Files Analysis/Low/PSL7\20240522_080000.WAV
540.0,543.0,Protonotaria citrea,Prothonotary Warbler,0.7675,C:/Users/shang/OneDrive - Georgia Institute of Technology/HAAG Research Bird Audio/Audio Files Analysis/Low/PSL7\20240522_080000.WAV
546.0,549.0,Phylloscopus occipitalis,Western Crowned Warbler,0.7268,C:/Users/shang/OneDrive - Georgia Institute of Technology/HAAG Research Bird Audio/Audio Files Analysis/Low/PSL7\20240522_080000.WAV
549.0,552.0,Myzomela sanguinolenta,Scarlet Myzomela,0.8380,C:/Users/shang/OneDrive - Georgia Institute of Technology/HAAG Research Bird Audio/Audio Files Analysis/Low/PSL7\20240522_080000.WAV
552.0,555.0,Phylloscopus occipitalis,Western Crowned Warbler,0.8161,C:/Users/shang/OneDrive - Georgia Institute of Technology/HAAG Research Bird Audio/Audio Files Analysis/Low/PSL7\20240522_080000.WAV
558.0,561.0,Phylloscopus occipitalis,Western Crowned Warbler,0.6121,C:/Users/shang/OneDrive - Georgia Institute of Technology/HAAG Research Bird Audio/Audio Files Analysis/Low/PSL7\20240522_080000.WAV
567.0,570.0,Phylloscopus occipitalis,Western Crowned Warbler,0.7373,C:/Users/shang/OneDrive - Georgia Institute of Technology/HAAG Research Bird Audio/Audio Files Analysis/Low/PSL7\20240522_080000.WAV
585.0,588.0,Phylloscopus occipitalis,Western Crowned Warbler,0.8184,C:/Users/shang/OneDrive - Georgia Institute of Technology/HAAG Research Bird Audio/Audio Files Analysis/Low/PSL7\20240522_080000.WAV
588.0,591.0,Phylloscopus occipitalis,Western Crowned Warbler,0.7868,C:/Users/shang/OneDrive - Georgia Institute of Technology/HAAG Research Bird Audio/Audio Files Analysis/Low/PSL7\20240522_080000.WAV
594.0,597.0,Phylloscopus occipitalis,Western Crowned Warbler,0.8271,C:/Users/shang/OneDrive - Georgia Institute of Technology/HAAG Research Bird Audio/Audio Files Analysis/Low/PSL7\20240522_080000.WAV
600.0,603.0,Phylloscopus occipitalis,Western Crowned Warbler,0.5201,C:/Users/shang/OneDrive - Georgia Institute of Technology/HAAG Research Bird Audio/Audio Files Analysis/Low/PSL7\20240522_080000.WAV
609.0,612.0,Phylloscopus occipitalis,Western Crowned Warbler,0.8130,C:/Users/shang/OneDrive - Georgia Institute of Technology/HAAG Research Bird Audio/Audio Files Analysis/Low/PSL7\20240522_080000.WAV
612.0,615.0,Phylloscopus occipitalis,Western Crowned Warbler,0.6967,C:/Users/shang/OneDrive - Georgia Institute of Technology/HAAG Research Bird Audio/Audio Files Analysis/Low/PSL7\20240522_080000.WAV
615.0,618.0,Phylloscopus occipitalis,Western Crowned Warbler,0.7322,C:/Users/shang/OneDrive - Georgia Institute of Technology/HAAG Research Bird Audio/Audio Files Analysis/Low/PSL7\20240522_080000.WAV
618.0,621.0,Phylloscopus occipitalis,Western Crowned Warbler,0.8147,C:/Users/shang/OneDrive - Georgia Institute of Technology/HAAG Research Bird Audio/Audio Files Analysis/Low/PSL7\20240522_080000.WAV
624.0,627.0,Phylloscopus occipitalis,Western Crowned Warbler,0.6797,C:/Users/shang/OneDrive - Georgia Institute of Technology/HAAG Research Bird Audio/Audio Files Analysis/Low/PSL7\20240522_080000.WAV
630.0,633.0,Phylloscopus occipitalis,Western Crowned Warbler,0.7825,C:/Users/shang/OneDrive - Georgia Institute of Technology/HAAG Research Bird Audio/Audio Files Analysis/Low/PSL7\20240522_080000.WAV
642.0,645.0,Phylloscopus occipitalis,Western Crowned Warbler,0.8687,C:/Users/shang/OneDrive - Georgia Institute of Technology/HAAG Research Bird Audio/Audio Files Analysis/Low/PSL7\20240522_080000.WAV
645.0,648.0,Phylloscopus occipitalis,Western Crowned Warbler,0.6889,C:/Users/shang/OneDrive - Georgia Institute of Technology/HAAG Research Bird Audio/Audio Files Analysis/Low/PSL7\20240522_080000.WAV
648.0,651.0,Phylloscopus occipitalis,Western Crowned Warbler,0.8085,C:/Users/shang/OneDrive - Georgia Institute of Technology/HAAG Research Bird Audio/Audio Files Analysis/Low/PSL7\20240522_080000.WAV
651.0,654.0,Phylloscopus occipitalis,Western Crowned Warbler,0.6258,C:/Users/shang/OneDrive - Georgia Institute of Technology/HAAG Research Bird Audio/Audio Files Analysis/Low/PSL7\20240522_080000.WAV
657.0,660.0,Phylloscopus occipitalis,Western Crowned Warbler,0.7075,C:/Users/shang/OneDrive - Georgia Institute of Technology/HAAG Research Bird Audio/Audio Files Analysis/Low/PSL7\20240522_080000.WAV
663.0,666.0,Phylloscopus occipitalis,Western Crowned Warbler,0.5987,C:/Users/shang/OneDrive - Georgia Institute of Technology/HAAG Research Bird Audio/Audio Files Analysis/Low/PSL7\20240522_080000.WAV
672.0,675.0,Phylloscopus occipitalis,Western Crowned Warbler,0.7115,C:/Users/shang/OneDrive - Georgia Institute of Technology/HAAG Research Bird Audio/Audio Files Analysis/Low/PSL7\20240522_080000.WAV
678.0,681.0,Phylloscopus occipitalis,Western Crowned Warbler,0.6346,C:/Users/shang/OneDrive - Georgia Institute of Technology/HAAG Research Bird Audio/Audio Files Analysis/Low/PSL7\20240522_080000.WAV
684.0,687.0,Phylloscopus occipitalis,Western Crowned Warbler,0.7805,C:/Users/shang/OneDrive - Georgia Institute of Technology/HAAG Research Bird Audio/Audio Files Analysis/Low/PSL7\20240522_080000.WAV
687.0,690.0,Phylloscopus occipitalis,Western Crowned Warbler,0.6902,C:/Users/shang/OneDrive - Georgia Institute of Technology/HAAG Research Bird Audio/Audio Files Analysis/Low/PSL7\20240522_080000.WAV
693.0,696.0,Phylloscopus occipitalis,Western Crowned Warbler,0.6319,C:/Users/shang/OneDrive - Georgia Institute of Technology/HAAG Research Bird Audio/Audio Files Analysis/Low/PSL7\20240522_080000.WAV
762.0,765.0,Phylloscopus occipitalis,Western Crowned Warbler,0.7182,C:/Users/shang/OneDrive - Georgia Institute of Technology/HAAG Research Bird Audio/Audio Files Analysis/Low/PSL7\20240522_080000.WAV
768.0,771.0,Phylloscopus occipitalis,Western Crowned Warbler,0.7099,C:/Users/shang/OneDrive - Georgia Institute of Technology/HAAG Research Bird Audio/Audio Files Analysis/Low/PSL7\20240522_080000.WAV
774.0,777.0,Phylloscopus occipitalis,Western Crowned Warbler,0.5538,C:/Users/shang/OneDrive - Georgia Institute of Technology/HAAG Research Bird Audio/Audio Files Analysis/Low/PSL7\20240522_080000.WAV
777.0,780.0,Prinia socialis,Ashy Prinia,0.8181,C:/Users/shang/OneDrive - Georgia Institute of Technology/HAAG Research Bird Audio/Audio Files Analysis/Low/PSL7\20240522_080000.WAV
804.0,807.0,Phylloscopus nitidus,Green Warbler,0.8549,C:/Users/shang/OneDrive - Georgia Institute of Technology/HAAG Research Bird Audio/Audio Files Analysis/Low/PSL7\20240522_080000.WAV
810.0,813.0,Phylloscopus occipitalis,Western Crowned Warbler,0.7721,C:/Users/shang/OneDrive - Georgia Institute of Technology/HAAG Research Bird Audio/Audio Files Analysis/Low/PSL7\20240522_080000.WAV
828.0,831.0,Protonotaria citrea,Prothonotary Warbler,0.5053,C:/Users/shang/OneDrive - Georgia Institute of Technology/HAAG Research Bird Audio/Audio Files Analysis/Low/PSL7\20240522_080000.WAV
870.0,873.0,Phylloscopus occipitalis,Western Crowned Warbler,0.5332,C:/Users/shang/OneDrive - Georgia Institute of Technology/HAAG Research Bird Audio/Audio Files Analysis/Low/PSL7\20240522_080000.WAV
888.0,891.0,Phylloscopus occipitalis,Western Crowned Warbler,0.5037,C:/Users/shang/OneDrive - Georgia Institute of Technology/HAAG Research Bird Audio/Audio Files Analysis/Low/PSL7\20240522_080000.WAV
78.0,81.0,Larvivora brunnea,Indian Blue Robin,0.9000,C:/Users/shang/OneDrive - Georgia Institute of Technology/HAAG Research Bird Audio/Audio Files Analysis/Low/PSL7\20240522_090000.WAV
105.0,108.0,Larvivora brunnea,Indian Blue Robin,0.9574,C:/Users/shang/OneDrive - Georgia Institute of Technology/HAAG Research Bird Audio/Audio Files Analysis/Low/PSL7\20240522_090000.WAV
111.0,114.0,Phylloscopus nitidus,Green Warbler,0.9506,C:/Users/shang/OneDrive - Georgia Institute of Technology/HAAG Research Bird Audio/Audio Files Analysis/Low/PSL7\20240522_090000.WAV
150.0,153.0,Larvivora brunnea,Indian Blue Robin,0.8443,C:/Users/shang/OneDrive - Georgia Institute of Technology/HAAG Research Bird Audio/Audio Files Analysis/Low/PSL7\20240522_090000.WAV
153.0,156.0,Phylloscopus nitidus,Green Warbler,0.7999,C:/Users/shang/OneDrive - Georgia Institute of Technology/HAAG Research Bird Audio/Audio Files Analysis/Low/PSL7\20240522_090000.WAV
192.0,195.0,Setophaga townsendi,Townsend's Warbler,0.5191,C:/Users/shang/OneDrive - Georgia Institute of Technology/HAAG Research Bird Audio/Audio Files Analysis/Low/PSL7\20240522_090000.WAV
213.0,216.0,Phylloscopus nitidus,Green Warbler,0.8119,C:/Users/shang/OneDrive - Georgia Institute of Technology/HAAG Research Bird Audio/Audio Files Analysis/Low/PSL7\20240522_090000.WAV
225.0,228.0,Phylloscopus nitidus,Green Warbler,0.7501,C:/Users/shang/OneDrive - Georgia Institute of Technology/HAAG Research Bird Audio/Audio Files Analysis/Low/PSL7\20240522_090000.WAV
234.0,237.0,Larvivora brunnea,Indian Blue Robin,0.8510,C:/Users/shang/OneDrive - Georgia Institute of Technology/HAAG Research Bird Audio/Audio Files Analysis/Low/PSL7\20240522_090000.WAV
234.0,237.0,Larvivora cyane,Siberian Blue Robin,0.5438,C:/Users/shang/OneDrive - Georgia Institute of Technology/HAAG Research Bird Audio/Audio Files Analysis/Low/PSL7\20240522_090000.WAV
258.0,261.0,Larvivora brunnea,Indian Blue Robin,0.9719,C:/Users/shang/OneDrive - Georgia Institute of Technology/HAAG Research Bird Audio/Audio Files Analysis/Low/PSL7\20240522_090000.WAV
270.0,273.0,Phylloscopus occipitalis,Western Crowned Warbler,0.8035,C:/Users/shang/OneDrive - Georgia Institute of Technology/HAAG Research Bird Audio/Audio Files Analysis/Low/PSL7\20240522_090000.WAV
273.0,276.0,Phylloscopus nitidus,Green Warbler,0.6843,C:/Users/shang/OneDrive - Georgia Institute of Technology/HAAG Research Bird Audio/Audio Files Analysis/Low/PSL7\20240522_090000.WAV
276.0,279.0,Phylloscopus occipitalis,Western Crowned Warbler,0.8018,C:/Users/shang/OneDrive - Georgia Institute of Technology/HAAG Research Bird Audio/Audio Files Analysis/Low/PSL7\20240522_090000.WAV
291.0,294.0,Phylloscopus occipitalis,Western Crowned Warbler,0.9075,C:/Users/shang/OneDrive - Georgia Institute of Technology/HAAG Research Bird Audio/Audio Files Analysis/Low/PSL7\20240522_090000.WAV
294.0,297.0,Phylloscopus nitidus,Green Warbler,0.8336,C:/Users/shang/OneDrive - Georgia Institute of Technology/HAAG Research Bird Audio/Audio Files Analysis/Low/PSL7\20240522_090000.WAV
294.0,297.0,Phylloscopus trochiloides,Greenish Warbler,0.6897,C:/Users/shang/OneDrive - Georgia Institute of Technology/HAAG Research Bird Audio/Audio Files Analysis/Low/PSL7\20240522_090000.WAV
297.0,300.0,Phylloscopus occipitalis,Western Crowned Warbler,0.6109,C:/Users/shang/OneDrive - Georgia Institute of Technology/HAAG Research Bird Audio/Audio Files Analysis/Low/PSL7\20240522_090000.WAV
306.0,309.0,Larvivora brunnea,Indian Blue Robin,0.9655,C:/Users/shang/OneDrive - Georgia Institute of Technology/HAAG Research Bird Audio/Audio Files Analysis/Low/PSL7\20240522_090000.WAV
309.0,312.0,Phylloscopus occipitalis,Western Crowned Warbler,0.7658,C:/Users/shang/OneDrive - Georgia Institute of Technology/HAAG Research Bird Audio/Audio Files Analysis/Low/PSL7\20240522_090000.WAV
315.0,318.0,Larvivora brunnea,Indian Blue Robin,0.8970,C:/Users/shang/OneDrive - Georgia Institute of Technology/HAAG Research Bird Audio/Audio Files Analysis/Low/PSL7\20240522_090000.WAV
315.0,318.0,Phylloscopus magnirostris,Large-billed Leaf Warbler,0.7934,C:/Users/shang/OneDrive - Georgia Institute of Technology/HAAG Research Bird Audio/Audio Files Analysis/Low/PSL7\20240522_090000.WAV
321.0,324.0,Protonotaria citrea,Prothonotary Warbler,0.6485,C:/Users/shang/OneDrive - Georgia Institute of Technology/HAAG Research Bird Audio/Audio Files Analysis/Low/PSL7\20240522_090000.WAV
339.0,342.0,Protonotaria citrea,Prothonotary Warbler,0.5680,C:/Users/shang/OneDrive - Georgia Institute of Technology/HAAG Research Bird Audio/Audio Files Analysis/Low/PSL7\20240522_090000.WAV
360.0,363.0,Phylloscopus occipitalis,Western Crowned Warbler,0.6249,C:/Users/shang/OneDrive - Georgia Institute of Technology/HAAG Research Bird Audio/Audio Files Analysis/Low/PSL7\20240522_090000.WAV
375.0,378.0,Larvivora brunnea,Indian Blue Robin,0.7366,C:/Users/shang/OneDrive - Georgia Institute of Technology/HAAG Research Bird Audio/Audio Files Analysis/Low/PSL7\20240522_090000.WAV
426.0,429.0,Phylloscopus nitidus,Green Warbler,0.5315,C:/Users/shang/OneDrive - Georgia Institute of Technology/HAAG Research Bird Audio/Audio Files Analysis/Low/PSL7\20240522_090000.WAV
453.0,456.0,Protonotaria citrea,Prothonotary Warbler,0.7534,C:/Users/shang/OneDrive - Georgia Institute of Technology/HAAG Research Bird Audio/Audio Files Analysis/Low/PSL7\20240522_090000.WAV
471.0,474.0,Larvivora brunnea,Indian Blue Robin,0.6651,C:/Users/shang/OneDrive - Georgia Institute of Technology/HAAG Research Bird Audio/Audio Files Analysis/Low/PSL7\20240522_090000.WAV
513.0,516.0,Phylloscopus nitidus,Green Warbler,0.8326,C:/Users/shang/OneDrive - Georgia Institute of Technology/HAAG Research Bird Audio/Audio Files Analysis/Low/PSL7\20240522_090000.WAV
513.0,516.0,Phylloscopus trochiloides,Greenish Warbler,0.5110,C:/Users/shang/OneDrive - Georgia Institute of Technology/HAAG Research Bird Audio/Audio Files Analysis/Low/PSL7\20240522_090000.WAV
516.0,519.0,Protonotaria citrea,Prothonotary Warbler,0.5300,C:/Users/shang/OneDrive - Georgia Institute of Technology/HAAG Research Bird Audio/Audio Files Analysis/Low/PSL7\20240522_090000.WAV
531.0,534.0,Phylloscopus occipitalis,Western Crowned Warbler,0.8557,C:/Users/shang/OneDrive - Georgia Institute of Technology/HAAG Research Bird Audio/Audio Files Analysis/Low/PSL7\20240522_090000.WAV
537.0,540.0,Phylloscopus nitidus,Green Warbler,0.9132,C:/Users/shang/OneDrive - Georgia Institute of Technology/HAAG Research Bird Audio/Audio Files Analysis/Low/PSL7\20240522_090000.WAV
540.0,543.0,Phylloscopus nitidus,Green Warbler,0.6444,C:/Users/shang/OneDrive - Georgia Institute of Technology/HAAG Research Bird Audio/Audio Files Analysis/Low/PSL7\20240522_090000.WAV
543.0,546.0,Zonotrichia leucophrys,White-crowned Sparrow,0.5929,C:/Users/shang/OneDrive - Georgia Institute of Technology/HAAG Research Bird Audio/Audio Files Analysis/Low/PSL7\20240522_090000.WAV
561.0,564.0,Phylloscopus nitidus,Green Warbler,0.5703,C:/Users/shang/OneDrive - Georgia Institute of Technology/HAAG Research Bird Audio/Audio Files Analysis/Low/PSL7\20240522_090000.WAV
564.0,567.0,Phoenicurus auroreus,Daurian Redstart,0.6044,C:/Users/shang/OneDrive - Georgia Institute of Technology/HAAG Research Bird Audio/Audio Files Analysis/Low/PSL7\20240522_090000.WAV
570.0,573.0,Phoenicurus auroreus,Daurian Redstart,0.5697,C:/Users/shang/OneDrive - Georgia Institute of Technology/HAAG Research Bird Audio/Audio Files Analysis/Low/PSL7\20240522_090000.WAV
591.0,594.0,Phylloscopus nitidus,Green Warbler,0.7444,C:/Users/shang/OneDrive - Georgia Institute of Technology/HAAG Research Bird Audio/Audio Files Analysis/Low/PSL7\20240522_090000.WAV
594.0,597.0,Phylloscopus occipitalis,Western Crowned Warbler,0.5266,C:/Users/shang/OneDrive - Georgia Institute of Technology/HAAG Research Bird Audio/Audio Files Analysis/Low/PSL7\20240522_090000.WAV
609.0,612.0,Phylloscopus nitidus,Green Warbler,0.6823,C:/Users/shang/OneDrive - Georgia Institute of Technology/HAAG Research Bird Audio/Audio Files Analysis/Low/PSL7\20240522_090000.WAV
618.0,621.0,Phylloscopus nitidus,Green Warbler,0.6568,C:/Users/shang/OneDrive - Georgia Institute of Technology/HAAG Research Bird Audio/Audio Files Analysis/Low/PSL7\20240522_090000.WAV
630.0,633.0,Phylloscopus occipitalis,Western Crowned Warbler,0.8299,C:/Users/shang/OneDrive - Georgia Institute of Technology/HAAG Research Bird Audio/Audio Files Analysis/Low/PSL7\20240522_090000.WAV
633.0,636.0,Phylloscopus nitidus,Green Warbler,0.9114,C:/Users/shang/OneDrive - Georgia Institute of Technology/HAAG Research Bird Audio/Audio Files Analysis/Low/PSL7\20240522_090000.WAV
639.0,642.0,Protonotaria citrea,Prothonotary Warbler,0.8050,C:/Users/shang/OneDrive - Georgia Institute of Technology/HAAG Research Bird Audio/Audio Files Analysis/Low/PSL7\20240522_090000.WAV
648.0,651.0,Phylloscopus occipitalis,Western Crowned Warbler,0.7444,C:/Users/shang/OneDrive - Georgia Institute of Technology/HAAG Research Bird Audio/Audio Files Analysis/Low/PSL7\20240522_090000.WAV
663.0,666.0,Phylloscopus nitidus,Green Warbler,0.7271,C:/Users/shang/OneDrive - Georgia Institute of Technology/HAAG Research Bird Audio/Audio Files Analysis/Low/PSL7\20240522_090000.WAV
675.0,678.0,Phylloscopus nitidus,Green Warbler,0.9427,C:/Users/shang/OneDrive - Georgia Institute of Technology/HAAG Research Bird Audio/Audio Files Analysis/Low/PSL7\20240522_090000.WAV
681.0,684.0,Protonotaria citrea,Prothonotary Warbler,0.8957,C:/Users/shang/OneDrive - Georgia Institute of Technology/HAAG Research Bird Audio/Audio Files Analysis/Low/PSL7\20240522_090000.WAV
693.0,696.0,Phylloscopus nitidus,Green Warbler,0.6334,C:/Users/shang/OneDrive - Georgia Institute of Technology/HAAG Research Bird Audio/Audio Files Analysis/Low/PSL7\20240522_090000.WAV
708.0,711.0,Phylloscopus nitidus,Green Warbler,0.9487,C:/Users/shang/OneDrive - Georgia Institute of Technology/HAAG Research Bird Audio/Audio Files Analysis/Low/PSL7\20240522_090000.WAV
711.0,714.0,Phylloscopus occipitalis,Western Crowned Warbler,0.8620,C:/Users/shang/OneDrive - Georgia Institute of Technology/HAAG Research Bird Audio/Audio Files Analysis/Low/PSL7\20240522_090000.WAV
738.0,741.0,Phylloscopus occipitalis,Western Crowned Warbler,0.6786,C:/Users/shang/OneDrive - Georgia Institute of Technology/HAAG Research Bird Audio/Audio Files Analysis/Low/PSL7\20240522_090000.WAV
747.0,750.0,Phylloscopus occipitalis,Western Crowned Warbler,0.7033,C:/Users/shang/OneDrive - Georgia Institute of Technology/HAAG Research Bird Audio/Audio Files Analysis/Low/PSL7\20240522_090000.WAV
753.0,756.0,Phylloscopus occipitalis,Western Crowned Warbler,0.8941,C:/Users/shang/OneDrive - Georgia Institute of Technology/HAAG Research Bird Audio/Audio Files Analysis/Low/PSL7\20240522_090000.WAV
759.0,762.0,Phylloscopus occipitalis,Western Crowned Warbler,0.6700,C:/Users/shang/OneDrive - Georgia Institute of Technology/HAAG Research Bird Audio/Audio Files Analysis/Low/PSL7\20240522_090000.WAV
768.0,771.0,Phylloscopus occipitalis,Western Crowned Warbler,0.8724,C:/Users/shang/OneDrive - Georgia Institute of Technology/HAAG Research Bird Audio/Audio Files Analysis/Low/PSL7\20240522_090000.WAV
777.0,780.0,Protonotaria citrea,Prothonotary Warbler,0.9016,C:/Users/shang/OneDrive - Georgia Institute of Technology/HAAG Research Bird Audio/Audio Files Analysis/Low/PSL7\20240522_090000.WAV
783.0,786.0,Phylloscopus occipitalis,Western Crowned Warbler,0.7030,C:/Users/shang/OneDrive - Georgia Institute of Technology/HAAG Research Bird Audio/Audio Files Analysis/Low/PSL7\20240522_090000.WAV
867.0,870.0,Phylloscopus nitidus,Green Warbler,0.5224,C:/Users/shang/OneDrive - Georgia Institute of Technology/HAAG Research Bird Audio/Audio Files Analysis/Low/PSL7\20240522_090000.WAV
27.0,30.0,Phylloscopus occipitalis,Western Crowned Warbler,0.7690,C:/Users/shang/OneDrive - Georgia Institute of Technology/HAAG Research Bird Audio/Audio Files Analysis/Low/PSL7\20240523_060000.WAV
36.0,39.0,Phylloscopus occipitalis,Western Crowned Warbler,0.5060,C:/Users/shang/OneDrive - Georgia Institute of Technology/HAAG Research Bird Audio/Audio Files Analysis/Low/PSL7\20240523_060000.WAV
39.0,42.0,Phylloscopus occipitalis,Western Crowned Warbler,0.7208,C:/Users/shang/OneDrive - Georgia Institute of Technology/HAAG Research Bird Audio/Audio Files Analysis/Low/PSL7\20240523_060000.WAV
54.0,57.0,Phylloscopus occipitalis,Western Crowned Warbler,0.5867,C:/Users/shang/OneDrive - Georgia Institute of Technology/HAAG Research Bird Audio/Audio Files Analysis/Low/PSL7\20240523_060000.WAV
63.0,66.0,Phylloscopus occipitalis,Western Crowned Warbler,0.6624,C:/Users/shang/OneDrive - Georgia Institute of Technology/HAAG Research Bird Audio/Audio Files Analysis/Low/PSL7\20240523_060000.WAV
69.0,72.0,Phylloscopus occipitalis,Western Crowned Warbler,0.6161,C:/Users/shang/OneDrive - Georgia Institute of Technology/HAAG Research Bird Audio/Audio Files Analysis/Low/PSL7\20240523_060000.WAV
78.0,81.0,Phylloscopus occipitalis,Western Crowned Warbler,0.7277,C:/Users/shang/OneDrive - Georgia Institute of Technology/HAAG Research Bird Audio/Audio Files Analysis/Low/PSL7\20240523_060000.WAV
90.0,93.0,Trochalopteron variegatum,Variegated Laughingthrush,0.8983,C:/Users/shang/OneDrive - Georgia Institute of Technology/HAAG Research Bird Audio/Audio Files Analysis/Low/PSL7\20240523_060000.WAV
123.0,126.0,Trochalopteron variegatum,Variegated Laughingthrush,0.8364,C:/Users/shang/OneDrive - Georgia Institute of Technology/HAAG Research Bird Audio/Audio Files Analysis/Low/PSL7\20240523_060000.WAV
132.0,135.0,Trochalopteron variegatum,Variegated Laughingthrush,0.8942,C:/Users/shang/OneDrive - Georgia Institute of Technology/HAAG Research Bird Audio/Audio Files Analysis/Low/PSL7\20240523_060000.WAV
138.0,141.0,Phylloscopus occipitalis,Western Crowned Warbler,0.5976,C:/Users/shang/OneDrive - Georgia Institute of Technology/HAAG Research Bird Audio/Audio Files Analysis/Low/PSL7\20240523_060000.WAV
141.0,144.0,Trochalopteron variegatum,Variegated Laughingthrush,0.6504,C:/Users/shang/OneDrive - Georgia Institute of Technology/HAAG Research Bird Audio/Audio Files Analysis/Low/PSL7\20240523_060000.WAV
144.0,147.0,Trochalopteron variegatum,Variegated Laughingthrush,0.5190,C:/Users/shang/OneDrive - Georgia Institute of Technology/HAAG Research Bird Audio/Audio Files Analysis/Low/PSL7\20240523_060000.WAV
147.0,150.0,Trochalopteron variegatum,Variegated Laughingthrush,0.5261,C:/Users/shang/OneDrive - Georgia Institute of Technology/HAAG Research Bird Audio/Audio Files Analysis/Low/PSL7\20240523_060000.WAV
150.0,153.0,Trochalopteron variegatum,Variegated Laughingthrush,0.8409,C:/Users/shang/OneDrive - Georgia Institute of Technology/HAAG Research Bird Audio/Audio Files Analysis/Low/PSL7\20240523_060000.WAV
159.0,162.0,Phylloscopus occipitalis,Western Crowned Warbler,0.8052,C:/Users/shang/OneDrive - Georgia Institute of Technology/HAAG Research Bird Audio/Audio Files Analysis/Low/PSL7\20240523_060000.WAV
174.0,177.0,Phylloscopus occipitalis,Western Crowned Warbler,0.6962,C:/Users/shang/OneDrive - Georgia Institute of Technology/HAAG Research Bird Audio/Audio Files Analysis/Low/PSL7\20240523_060000.WAV
180.0,183.0,Phylloscopus occipitalis,Western Crowned Warbler,0.7091,C:/Users/shang/OneDrive - Georgia Institute of Technology/HAAG Research Bird Audio/Audio Files Analysis/Low/PSL7\20240523_060000.WAV
189.0,192.0,Trochalopteron variegatum,Variegated Laughingthrush,0.8239,C:/Users/shang/OneDrive - Georgia Institute of Technology/HAAG Research Bird Audio/Audio Files Analysis/Low/PSL7\20240523_060000.WAV
201.0,204.0,Trochalopteron variegatum,Variegated Laughingthrush,0.8615,C:/Users/shang/OneDrive - Georgia Institute of Technology/HAAG Research Bird Audio/Audio Files Analysis/Low/PSL7\20240523_060000.WAV
207.0,210.0,Trochalopteron variegatum,Variegated Laughingthrush,0.9611,C:/Users/shang/OneDrive - Georgia Institute of Technology/HAAG Research Bird Audio/Audio Files Analysis/Low/PSL7\20240523_060000.WAV
210.0,213.0,Trochalopteron variegatum,Variegated Laughingthrush,0.7952,C:/Users/shang/OneDrive - Georgia Institute of Technology/HAAG Research Bird Audio/Audio Files Analysis/Low/PSL7\20240523_060000.WAV
213.0,216.0,Trochalopteron variegatum,Variegated Laughingthrush,0.6810,C:/Users/shang/OneDrive - Georgia Institute of Technology/HAAG Research Bird Audio/Audio Files Analysis/Low/PSL7\20240523_060000.WAV
216.0,219.0,Trochalopteron variegatum,Variegated Laughingthrush,0.8936,C:/Users/shang/OneDrive - Georgia Institute of Technology/HAAG Research Bird Audio/Audio Files Analysis/Low/PSL7\20240523_060000.WAV
222.0,225.0,Trochalopteron variegatum,Variegated Laughingthrush,0.8657,C:/Users/shang/OneDrive - Georgia Institute of Technology/HAAG Research Bird Audio/Audio Files Analysis/Low/PSL7\20240523_060000.WAV
225.0,228.0,Trochalopteron variegatum,Variegated Laughingthrush,0.7344,C:/Users/shang/OneDrive - Georgia Institute of Technology/HAAG Research Bird Audio/Audio Files Analysis/Low/PSL7\20240523_060000.WAV
228.0,231.0,Trochalopteron variegatum,Variegated Laughingthrush,0.7968,C:/Users/shang/OneDrive - Georgia Institute of Technology/HAAG Research Bird Audio/Audio Files Analysis/Low/PSL7\20240523_060000.WAV
231.0,234.0,Phylloscopus occipitalis,Western Crowned Warbler,0.5455,C:/Users/shang/OneDrive - Georgia Institute of Technology/HAAG Research Bird Audio/Audio Files Analysis/Low/PSL7\20240523_060000.WAV
234.0,237.0,Trochalopteron variegatum,Variegated Laughingthrush,0.5931,C:/Users/shang/OneDrive - Georgia Institute of Technology/HAAG Research Bird Audio/Audio Files Analysis/Low/PSL7\20240523_060000.WAV
237.0,240.0,Trochalopteron variegatum,Variegated Laughingthrush,0.9207,C:/Users/shang/OneDrive - Georgia Institute of Technology/HAAG Research Bird Audio/Audio Files Analysis/Low/PSL7\20240523_060000.WAV
240.0,243.0,Trochalopteron variegatum,Variegated Laughingthrush,0.9502,C:/Users/shang/OneDrive - Georgia Institute of Technology/HAAG Research Bird Audio/Audio Files Analysis/Low/PSL7\20240523_060000.WAV
243.0,246.0,Phylloscopus occipitalis,Western Crowned Warbler,0.5267,C:/Users/shang/OneDrive - Georgia Institute of Technology/HAAG Research Bird Audio/Audio Files Analysis/Low/PSL7\20240523_060000.WAV
246.0,249.0,Trochalopteron variegatum,Variegated Laughingthrush,0.7981,C:/Users/shang/OneDrive - Georgia Institute of Technology/HAAG Research Bird Audio/Audio Files Analysis/Low/PSL7\20240523_060000.WAV
249.0,252.0,Trochalopteron variegatum,Variegated Laughingthrush,0.5636,C:/Users/shang/OneDrive - Georgia Institute of Technology/HAAG Research Bird Audio/Audio Files Analysis/Low/PSL7\20240523_060000.WAV
252.0,255.0,Trochalopteron variegatum,Variegated Laughingthrush,0.7723,C:/Users/shang/OneDrive - Georgia Institute of Technology/HAAG Research Bird Audio/Audio Files Analysis/Low/PSL7\20240523_060000.WAV
255.0,258.0,Phylloscopus occipitalis,Western Crowned Warbler,0.6865,C:/Users/shang/OneDrive - Georgia Institute of Technology/HAAG Research Bird Audio/Audio Files Analysis/Low/PSL7\20240523_060000.WAV
258.0,261.0,Trochalopteron variegatum,Variegated Laughingthrush,0.6927,C:/Users/shang/OneDrive - Georgia Institute of Technology/HAAG Research Bird Audio/Audio Files Analysis/Low/PSL7\20240523_060000.WAV
261.0,264.0,Trochalopteron variegatum,Variegated Laughingthrush,0.8694,C:/Users/shang/OneDrive - Georgia Institute of Technology/HAAG Research Bird Audio/Audio Files Analysis/Low/PSL7\20240523_060000.WAV
264.0,267.0,Trochalopteron variegatum,Variegated Laughingthrush,0.5893,C:/Users/shang/OneDrive - Georgia Institute of Technology/HAAG Research Bird Audio/Audio Files Analysis/Low/PSL7\20240523_060000.WAV
267.0,270.0,Trochalopteron variegatum,Variegated Laughingthrush,0.8665,C:/Users/shang/OneDrive - Georgia Institute of Technology/HAAG Research Bird Audio/Audio Files Analysis/Low/PSL7\20240523_060000.WAV
273.0,276.0,Trochalopteron variegatum,Variegated Laughingthrush,0.9046,C:/Users/shang/OneDrive - Georgia Institute of Technology/HAAG Research Bird Audio/Audio Files Analysis/Low/PSL7\20240523_060000.WAV
276.0,279.0,Trochalopteron variegatum,Variegated Laughingthrush,0.7820,C:/Users/shang/OneDrive - Georgia Institute of Technology/HAAG Research Bird Audio/Audio Files Analysis/Low/PSL7\20240523_060000.WAV
291.0,294.0,Phylloscopus occipitalis,Western Crowned Warbler,0.7359,C:/Users/shang/OneDrive - Georgia Institute of Technology/HAAG Research Bird Audio/Audio Files Analysis/Low/PSL7\20240523_060000.WAV
297.0,300.0,Trochalopteron variegatum,Variegated Laughingthrush,0.5635,C:/Users/shang/OneDrive - Georgia Institute of Technology/HAAG Research Bird Audio/Audio Files Analysis/Low/PSL7\20240523_060000.WAV
303.0,306.0,Trochalopteron variegatum,Variegated Laughingthrush,0.9089,C:/Users/shang/OneDrive - Georgia Institute of Technology/HAAG Research Bird Audio/Audio Files Analysis/Low/PSL7\20240523_060000.WAV
312.0,315.0,Trochalopteron variegatum,Variegated Laughingthrush,0.5370,C:/Users/shang/OneDrive - Georgia Institute of Technology/HAAG Research Bird Audio/Audio Files Analysis/Low/PSL7\20240523_060000.WAV
321.0,324.0,Trochalopteron variegatum,Variegated Laughingthrush,0.5720,C:/Users/shang/OneDrive - Georgia Institute of Technology/HAAG Research Bird Audio/Audio Files Analysis/Low/PSL7\20240523_060000.WAV
327.0,330.0,Phylloscopus occipitalis,Western Crowned Warbler,0.8363,C:/Users/shang/OneDrive - Georgia Institute of Technology/HAAG Research Bird Audio/Audio Files Analysis/Low/PSL7\20240523_060000.WAV
330.0,333.0,Phylloscopus occipitalis,Western Crowned Warbler,0.7290,C:/Users/shang/OneDrive - Georgia Institute of Technology/HAAG Research Bird Audio/Audio Files Analysis/Low/PSL7\20240523_060000.WAV
333.0,336.0,Phylloscopus occipitalis,Western Crowned Warbler,0.5449,C:/Users/shang/OneDrive - Georgia Institute of Technology/HAAG Research Bird Audio/Audio Files Analysis/Low/PSL7\20240523_060000.WAV
342.0,345.0,Phylloscopus occipitalis,Western Crowned Warbler,0.9753,C:/Users/shang/OneDrive - Georgia Institute of Technology/HAAG Research Bird Audio/Audio Files Analysis/Low/PSL7\20240523_060000.WAV
351.0,354.0,Phylloscopus occipitalis,Western Crowned Warbler,0.7205,C:/Users/shang/OneDrive - Georgia Institute of Technology/HAAG Research Bird Audio/Audio Files Analysis/Low/PSL7\20240523_060000.WAV
357.0,360.0,Phylloscopus occipitalis,Western Crowned Warbler,0.6648,C:/Users/shang/OneDrive - Georgia Institute of Technology/HAAG Research Bird Audio/Audio Files Analysis/Low/PSL7\20240523_060000.WAV
363.0,366.0,Phylloscopus occipitalis,Western Crowned Warbler,0.9094,C:/Users/shang/OneDrive - Georgia Institute of Technology/HAAG Research Bird Audio/Audio Files Analysis/Low/PSL7\20240523_060000.WAV
369.0,372.0,Phylloscopus occipitalis,Western Crowned Warbler,0.7394,C:/Users/shang/OneDrive - Georgia Institute of Technology/HAAG Research Bird Audio/Audio Files Analysis/Low/PSL7\20240523_060000.WAV
378.0,381.0,Phylloscopus occipitalis,Western Crowned Warbler,0.8172,C:/Users/shang/OneDrive - Georgia Institute of Technology/HAAG Research Bird Audio/Audio Files Analysis/Low/PSL7\20240523_060000.WAV
381.0,384.0,Phylloscopus occipitalis,Western Crowned Warbler,0.9818,C:/Users/shang/OneDrive - Georgia Institute of Technology/HAAG Research Bird Audio/Audio Files Analysis/Low/PSL7\20240523_060000.WAV
384.0,387.0,Phylloscopus occipitalis,Western Crowned Warbler,0.9835,C:/Users/shang/OneDrive - Georgia Institute of Technology/HAAG Research Bird Audio/Audio Files Analysis/Low/PSL7\20240523_060000.WAV
387.0,390.0,Phylloscopus occipitalis,Western Crowned Warbler,0.9070,C:/Users/shang/OneDrive - Georgia Institute of Technology/HAAG Research Bird Audio/Audio Files Analysis/Low/PSL7\20240523_060000.WAV
396.0,399.0,Phylloscopus occipitalis,Western Crowned Warbler,0.9024,C:/Users/shang/OneDrive - Georgia Institute of Technology/HAAG Research Bird Audio/Audio Files Analysis/Low/PSL7\20240523_060000.WAV
399.0,402.0,Phylloscopus occipitalis,Western Crowned Warbler,0.7859,C:/Users/shang/OneDrive - Georgia Institute of Technology/HAAG Research Bird Audio/Audio Files Analysis/Low/PSL7\20240523_060000.WAV
405.0,408.0,Phylloscopus occipitalis,Western Crowned Warbler,0.9677,C:/Users/shang/OneDrive - Georgia Institute of Technology/HAAG Research Bird Audio/Audio Files Analysis/Low/PSL7\20240523_060000.WAV
411.0,414.0,Phylloscopus occipitalis,Western Crowned Warbler,0.6362,C:/Users/shang/OneDrive - Georgia Institute of Technology/HAAG Research Bird Audio/Audio Files Analysis/Low/PSL7\20240523_060000.WAV
417.0,420.0,Phylloscopus occipitalis,Western Crowned Warbler,0.8553,C:/Users/shang/OneDrive - Georgia Institute of Technology/HAAG Research Bird Audio/Audio Files Analysis/Low/PSL7\20240523_060000.WAV
420.0,423.0,Phylloscopus occipitalis,Western Crowned Warbler,0.5774,C:/Users/shang/OneDrive - Georgia Institute of Technology/HAAG Research Bird Audio/Audio Files Analysis/Low/PSL7\20240523_060000.WAV
435.0,438.0,Phylloscopus occipitalis,Western Crowned Warbler,0.9268,C:/Users/shang/OneDrive - Georgia Institute of Technology/HAAG Research Bird Audio/Audio Files Analysis/Low/PSL7\20240523_060000.WAV
438.0,441.0,Protonotaria citrea,Prothonotary Warbler,0.8943,C:/Users/shang/OneDrive - Georgia Institute of Technology/HAAG Research Bird Audio/Audio Files Analysis/Low/PSL7\20240523_060000.WAV
441.0,444.0,Phylloscopus occipitalis,Western Crowned Warbler,0.8040,C:/Users/shang/OneDrive - Georgia Institute of Technology/HAAG Research Bird Audio/Audio Files Analysis/Low/PSL7\20240523_060000.WAV
447.0,450.0,Phylloscopus tytleri,Tytler's Leaf Warbler,0.6886,C:/Users/shang/OneDrive - Georgia Institute of Technology/HAAG Research Bird Audio/Audio Files Analysis/Low/PSL7\20240523_060000.WAV
450.0,453.0,Phylloscopus humei,Hume's Warbler,0.6716,C:/Users/shang/OneDrive - Georgia Institute of Technology/HAAG Research Bird Audio/Audio Files Analysis/Low/PSL7\20240523_060000.WAV
462.0,465.0,Phylloscopus occipitalis,Western Crowned Warbler,0.6580,C:/Users/shang/OneDrive - Georgia Institute of Technology/HAAG Research Bird Audio/Audio Files Analysis/Low/PSL7\20240523_060000.WAV
477.0,480.0,Phylloscopus occipitalis,Western Crowned Warbler,0.8984,C:/Users/shang/OneDrive - Georgia Institute of Technology/HAAG Research Bird Audio/Audio Files Analysis/Low/PSL7\20240523_060000.WAV
477.0,480.0,Protonotaria citrea,Prothonotary Warbler,0.6329,C:/Users/shang/OneDrive - Georgia Institute of Technology/HAAG Research Bird Audio/Audio Files Analysis/Low/PSL7\20240523_060000.WAV
489.0,492.0,Phylloscopus humei,Hume's Warbler,0.9461,C:/Users/shang/OneDrive - Georgia Institute of Technology/HAAG Research Bird Audio/Audio Files Analysis/Low/PSL7\20240523_060000.WAV
498.0,501.0,Phylloscopus humei,Hume's Warbler,0.8898,C:/Users/shang/OneDrive - Georgia Institute of Technology/HAAG Research Bird Audio/Audio Files Analysis/Low/PSL7\20240523_060000.WAV
501.0,504.0,Phylloscopus humei,Hume's Warbler,0.5289,C:/Users/shang/OneDrive - Georgia Institute of Technology/HAAG Research Bird Audio/Audio Files Analysis/Low/PSL7\20240523_060000.WAV
516.0,519.0,Phylloscopus humei,Hume's Warbler,0.6999,C:/Users/shang/OneDrive - Georgia Institute of Technology/HAAG Research Bird Audio/Audio Files Analysis/Low/PSL7\20240523_060000.WAV
519.0,522.0,Phylloscopus humei,Hume's Warbler,0.5255,C:/Users/shang/OneDrive - Georgia Institute of Technology/HAAG Research Bird Audio/Audio Files Analysis/Low/PSL7\20240523_060000.WAV
525.0,528.0,Phylloscopus occipitalis,Western Crowned Warbler,0.7209,C:/Users/shang/OneDrive - Georgia Institute of Technology/HAAG Research Bird Audio/Audio Files Analysis/Low/PSL7\20240523_060000.WAV
531.0,534.0,Phylloscopus nitidus,Green Warbler,0.8569,C:/Users/shang/OneDrive - Georgia Institute of Technology/HAAG Research Bird Audio/Audio Files Analysis/Low/PSL7\20240523_060000.WAV
537.0,540.0,Phylloscopus occipitalis,Western Crowned Warbler,0.9751,C:/Users/shang/OneDrive - Georgia Institute of Technology/HAAG Research Bird Audio/Audio Files Analysis/Low/PSL7\20240523_060000.WAV
549.0,552.0,Phylloscopus occipitalis,Western Crowned Warbler,0.9404,C:/Users/shang/OneDrive - Georgia Institute of Technology/HAAG Research Bird Audio/Audio Files Analysis/Low/PSL7\20240523_060000.WAV
564.0,567.0,Phylloscopus occipitalis,Western Crowned Warbler,0.7293,C:/Users/shang/OneDrive - Georgia Institute of Technology/HAAG Research Bird Audio/Audio Files Analysis/Low/PSL7\20240523_060000.WAV
570.0,573.0,Phylloscopus occipitalis,Western Crowned Warbler,0.8754,C:/Users/shang/OneDrive - Georgia Institute of Technology/HAAG Research Bird Audio/Audio Files Analysis/Low/PSL7\20240523_060000.WAV
582.0,585.0,Protonotaria citrea,Prothonotary Warbler,0.6409,C:/Users/shang/OneDrive - Georgia Institute of Technology/HAAG Research Bird Audio/Audio Files Analysis/Low/PSL7\20240523_060000.WAV
585.0,588.0,Phylloscopus occipitalis,Western Crowned Warbler,0.8695,C:/Users/shang/OneDrive - Georgia Institute of Technology/HAAG Research Bird Audio/Audio Files Analysis/Low/PSL7\20240523_060000.WAV
600.0,603.0,Phylloscopus occipitalis,Western Crowned Warbler,0.8176,C:/Users/shang/OneDrive - Georgia Institute of Technology/HAAG Research Bird Audio/Audio Files Analysis/Low/PSL7\20240523_060000.WAV
612.0,615.0,Trochalopteron variegatum,Variegated Laughingthrush,0.9658,C:/Users/shang/OneDrive - Georgia Institute of Technology/HAAG Research Bird Audio/Audio Files Analysis/Low/PSL7\20240523_060000.WAV
630.0,633.0,Trochalopteron variegatum,Variegated Laughingthrush,0.7086,C:/Users/shang/OneDrive - Georgia Institute of Technology/HAAG Research Bird Audio/Audio Files Analysis/Low/PSL7\20240523_060000.WAV
633.0,636.0,Trochalopteron variegatum,Variegated Laughingthrush,0.6659,C:/Users/shang/OneDrive - Georgia Institute of Technology/HAAG Research Bird Audio/Audio Files Analysis/Low/PSL7\20240523_060000.WAV
642.0,645.0,Trochalopteron variegatum,Variegated Laughingthrush,0.7539,C:/Users/shang/OneDrive - Georgia Institute of Technology/HAAG Research Bird Audio/Audio Files Analysis/Low/PSL7\20240523_060000.WAV
648.0,651.0,Trochalopteron variegatum,Variegated Laughingthrush,0.5048,C:/Users/shang/OneDrive - Georgia Institute of Technology/HAAG Research Bird Audio/Audio Files Analysis/Low/PSL7\20240523_060000.WAV
657.0,660.0,Trochalopteron variegatum,Variegated Laughingthrush,0.7446,C:/Users/shang/OneDrive - Georgia Institute of Technology/HAAG Research Bird Audio/Audio Files Analysis/Low/PSL7\20240523_060000.WAV
663.0,666.0,Trochalopteron variegatum,Variegated Laughingthrush,0.8337,C:/Users/shang/OneDrive - Georgia Institute of Technology/HAAG Research Bird Audio/Audio Files Analysis/Low/PSL7\20240523_060000.WAV
666.0,669.0,Trochalopteron variegatum,Variegated Laughingthrush,0.5003,C:/Users/shang/OneDrive - Georgia Institute of Technology/HAAG Research Bird Audio/Audio Files Analysis/Low/PSL7\20240523_060000.WAV
675.0,678.0,Trochalopteron variegatum,Variegated Laughingthrush,0.8009,C:/Users/shang/OneDrive - Georgia Institute of Technology/HAAG Research Bird Audio/Audio Files Analysis/Low/PSL7\20240523_060000.WAV
678.0,681.0,Trochalopteron variegatum,Variegated Laughingthrush,0.6238,C:/Users/shang/OneDrive - Georgia Institute of Technology/HAAG Research Bird Audio/Audio Files Analysis/Low/PSL7\20240523_060000.WAV
687.0,690.0,Trochalopteron variegatum,Variegated Laughingthrush,0.7810,C:/Users/shang/OneDrive - Georgia Institute of Technology/HAAG Research Bird Audio/Audio Files Analysis/Low/PSL7\20240523_060000.WAV
690.0,693.0,Ketupa blakistoni,Blakiston's Fish-Owl,0.8128,C:/Users/shang/OneDrive - Georgia Institute of Technology/HAAG Research Bird Audio/Audio Files Analysis/Low/PSL7\20240523_060000.WAV
699.0,702.0,Trochalopteron variegatum,Variegated Laughingthrush,0.9011,C:/Users/shang/OneDrive - Georgia Institute of Technology/HAAG Research Bird Audio/Audio Files Analysis/Low/PSL7\20240523_060000.WAV
744.0,747.0,Trochalopteron variegatum,Variegated Laughingthrush,0.5363,C:/Users/shang/OneDrive - Georgia Institute of Technology/HAAG Research Bird Audio/Audio Files Analysis/Low/PSL7\20240523_060000.WAV
747.0,750.0,Trochalopteron variegatum,Variegated Laughingthrush,0.6014,C:/Users/shang/OneDrive - Georgia Institute of Technology/HAAG Research Bird Audio/Audio Files Analysis/Low/PSL7\20240523_060000.WAV
750.0,753.0,Trochalopteron variegatum,Variegated Laughingthrush,0.7294,C:/Users/shang/OneDrive - Georgia Institute of Technology/HAAG Research Bird Audio/Audio Files Analysis/Low/PSL7\20240523_060000.WAV
819.0,822.0,Phylloscopus occipitalis,Western Crowned Warbler,0.6351,C:/Users/shang/OneDrive - Georgia Institute of Technology/HAAG Research Bird Audio/Audio Files Analysis/Low/PSL7\20240523_060000.WAV
828.0,831.0,Phylloscopus occipitalis,Western Crowned Warbler,0.6925,C:/Users/shang/OneDrive - Georgia Institute of Technology/HAAG Research Bird Audio/Audio Files Analysis/Low/PSL7\20240523_060000.WAV
837.0,840.0,Phylloscopus occipitalis,Western Crowned Warbler,0.8147,C:/Users/shang/OneDrive - Georgia Institute of Technology/HAAG Research Bird Audio/Audio Files Analysis/Low/PSL7\20240523_060000.WAV
843.0,846.0,Phylloscopus occipitalis,Western Crowned Warbler,0.8465,C:/Users/shang/OneDrive - Georgia Institute of Technology/HAAG Research Bird Audio/Audio Files Analysis/Low/PSL7\20240523_060000.WAV
849.0,852.0,Phylloscopus occipitalis,Western Crowned Warbler,0.8152,C:/Users/shang/OneDrive - Georgia Institute of Technology/HAAG Research Bird Audio/Audio Files Analysis/Low/PSL7\20240523_060000.WAV
855.0,858.0,Phylloscopus occipitalis,Western Crowned Warbler,0.8618,C:/Users/shang/OneDrive - Georgia Institute of Technology/HAAG Research Bird Audio/Audio Files Analysis/Low/PSL7\20240523_060000.WAV
861.0,864.0,Phylloscopus occipitalis,Western Crowned Warbler,0.8315,C:/Users/shang/OneDrive - Georgia Institute of Technology/HAAG Research Bird Audio/Audio Files Analysis/Low/PSL7\20240523_060000.WAV
864.0,867.0,Phylloscopus occipitalis,Western Crowned Warbler,0.7961,C:/Users/shang/OneDrive - Georgia Institute of Technology/HAAG Research Bird Audio/Audio Files Analysis/Low/PSL7\20240523_060000.WAV
873.0,876.0,Phylloscopus occipitalis,Western Crowned Warbler,0.5915,C:/Users/shang/OneDrive - Georgia Institute of Technology/HAAG Research Bird Audio/Audio Files Analysis/Low/PSL7\20240523_060000.WAV
879.0,882.0,Phylloscopus occipitalis,Western Crowned Warbler,0.5801,C:/Users/shang/OneDrive - Georgia Institute of Technology/HAAG Research Bird Audio/Audio Files Analysis/Low/PSL7\20240523_060000.WAV
885.0,888.0,Protonotaria citrea,Prothonotary Warbler,0.6261,C:/Users/shang/OneDrive - Georgia Institute of Technology/HAAG Research Bird Audio/Audio Files Analysis/Low/PSL7\20240523_060000.WAV
897.0,900.0,Phylloscopus occipitalis,Western Crowned Warbler,0.5224,C:/Users/shang/OneDrive - Georgia Institute of Technology/HAAG Research Bird Audio/Audio Files Analysis/Low/PSL7\20240523_060000.WAV
27.0,30.0,Protonotaria citrea,Prothonotary Warbler,0.7648,C:/Users/shang/OneDrive - Georgia Institute of Technology/HAAG Research Bird Audio/Audio Files Analysis/Low/PSL7\20240523_070000.WAV
39.0,42.0,Setophaga townsendi,Townsend's Warbler,0.6273,C:/Users/shang/OneDrive - Georgia Institute of Technology/HAAG Research Bird Audio/Audio Files Analysis/Low/PSL7\20240523_070000.WAV
51.0,54.0,Trochalopteron variegatum,Variegated Laughingthrush,0.6622,C:/Users/shang/OneDrive - Georgia Institute of Technology/HAAG Research Bird Audio/Audio Files Analysis/Low/PSL7\20240523_070000.WAV
111.0,114.0,Trochalopteron affine,Black-faced Laughingthrush,0.6695,C:/Users/shang/OneDrive - Georgia Institute of Technology/HAAG Research Bird Audio/Audio Files Analysis/Low/PSL7\20240523_070000.WAV
147.0,150.0,Trochalopteron affine,Black-faced Laughingthrush,0.5324,C:/Users/shang/OneDrive - Georgia Institute of Technology/HAAG Research Bird Audio/Audio Files Analysis/Low/PSL7\20240523_070000.WAV
159.0,162.0,Phylloscopus occipitalis,Western Crowned Warbler,0.7527,C:/Users/shang/OneDrive - Georgia Institute of Technology/HAAG Research Bird Audio/Audio Files Analysis/Low/PSL7\20240523_070000.WAV
165.0,168.0,Trochalopteron variegatum,Variegated Laughingthrush,0.8183,C:/Users/shang/OneDrive - Georgia Institute of Technology/HAAG Research Bird Audio/Audio Files Analysis/Low/PSL7\20240523_070000.WAV
174.0,177.0,Trochalopteron affine,Black-faced Laughingthrush,0.5483,C:/Users/shang/OneDrive - Georgia Institute of Technology/HAAG Research Bird Audio/Audio Files Analysis/Low/PSL7\20240523_070000.WAV
183.0,186.0,Phylloscopus occipitalis,Western Crowned Warbler,0.7579,C:/Users/shang/OneDrive - Georgia Institute of Technology/HAAG Research Bird Audio/Audio Files Analysis/Low/PSL7\20240523_070000.WAV
189.0,192.0,Phylloscopus occipitalis,Western Crowned Warbler,0.5410,C:/Users/shang/OneDrive - Georgia Institute of Technology/HAAG Research Bird Audio/Audio Files Analysis/Low/PSL7\20240523_070000.WAV
192.0,195.0,Phylloscopus occipitalis,Western Crowned Warbler,0.8577,C:/Users/shang/OneDrive - Georgia Institute of Technology/HAAG Research Bird Audio/Audio Files Analysis/Low/PSL7\20240523_070000.WAV
207.0,210.0,Phylloscopus occipitalis,Western Crowned Warbler,0.7732,C:/Users/shang/OneDrive - Georgia Institute of Technology/HAAG Research Bird Audio/Audio Files Analysis/Low/PSL7\20240523_070000.WAV
219.0,222.0,Protonotaria citrea,Prothonotary Warbler,0.9245,C:/Users/shang/OneDrive - Georgia Institute of Technology/HAAG Research Bird Audio/Audio Files Analysis/Low/PSL7\20240523_070000.WAV
225.0,228.0,Phylloscopus occipitalis,Western Crowned Warbler,0.5291,C:/Users/shang/OneDrive - Georgia Institute of Technology/HAAG Research Bird Audio/Audio Files Analysis/Low/PSL7\20240523_070000.WAV
240.0,243.0,Phylloscopus occipitalis,Western Crowned Warbler,0.5755,C:/Users/shang/OneDrive - Georgia Institute of Technology/HAAG Research Bird Audio/Audio Files Analysis/Low/PSL7\20240523_070000.WAV
249.0,252.0,Phylloscopus occipitalis,Western Crowned Warbler,0.8684,C:/Users/shang/OneDrive - Georgia Institute of Technology/HAAG Research Bird Audio/Audio Files Analysis/Low/PSL7\20240523_070000.WAV
267.0,270.0,Ficedula tricolor,Slaty-blue Flycatcher,0.6897,C:/Users/shang/OneDrive - Georgia Institute of Technology/HAAG Research Bird Audio/Audio Files Analysis/Low/PSL7\20240523_070000.WAV
276.0,279.0,Phylloscopus occipitalis,Western Crowned Warbler,0.9162,C:/Users/shang/OneDrive - Georgia Institute of Technology/HAAG Research Bird Audio/Audio Files Analysis/Low/PSL7\20240523_070000.WAV
285.0,288.0,Phylloscopus occipitalis,Western Crowned Warbler,0.5841,C:/Users/shang/OneDrive - Georgia Institute of Technology/HAAG Research Bird Audio/Audio Files Analysis/Low/PSL7\20240523_070000.WAV
318.0,321.0,Prunella modularis,Dunnock,0.7193,C:/Users/shang/OneDrive - Georgia Institute of Technology/HAAG Research Bird Audio/Audio Files Analysis/Low/PSL7\20240523_070000.WAV
324.0,327.0,Phylloscopus occipitalis,Western Crowned Warbler,0.6276,C:/Users/shang/OneDrive - Georgia Institute of Technology/HAAG Research Bird Audio/Audio Files Analysis/Low/PSL7\20240523_070000.WAV
327.0,330.0,Phylloscopus occipitalis,Western Crowned Warbler,0.5418,C:/Users/shang/OneDrive - Georgia Institute of Technology/HAAG Research Bird Audio/Audio Files Analysis/Low/PSL7\20240523_070000.WAV
330.0,333.0,Phoenicurus auroreus,Daurian Redstart,0.5324,C:/Users/shang/OneDrive - Georgia Institute of Technology/HAAG Research Bird Audio/Audio Files Analysis/Low/PSL7\20240523_070000.WAV
330.0,333.0,Tarsiger chrysaeus,Golden Bush-Robin,0.5221,C:/Users/shang/OneDrive - Georgia Institute of Technology/HAAG Research Bird Audio/Audio Files Analysis/Low/PSL7\20240523_070000.WAV
333.0,336.0,Phylloscopus occipitalis,Western Crowned Warbler,0.7875,C:/Users/shang/OneDrive - Georgia Institute of Technology/HAAG Research Bird Audio/Audio Files Analysis/Low/PSL7\20240523_070000.WAV
351.0,354.0,Protonotaria citrea,Prothonotary Warbler,0.6135,C:/Users/shang/OneDrive - Georgia Institute of Technology/HAAG Research Bird Audio/Audio Files Analysis/Low/PSL7\20240523_070000.WAV
351.0,354.0,Phylloscopus occipitalis,Western Crowned Warbler,0.5967,C:/Users/shang/OneDrive - Georgia Institute of Technology/HAAG Research Bird Audio/Audio Files Analysis/Low/PSL7\20240523_070000.WAV
357.0,360.0,Phylloscopus occipitalis,Western Crowned Warbler,0.6472,C:/Users/shang/OneDrive - Georgia Institute of Technology/HAAG Research Bird Audio/Audio Files Analysis/Low/PSL7\20240523_070000.WAV
381.0,384.0,Phylloscopus occipitalis,Western Crowned Warbler,0.9336,C:/Users/shang/OneDrive - Georgia Institute of Technology/HAAG Research Bird Audio/Audio Files Analysis/Low/PSL7\20240523_070000.WAV
390.0,393.0,Protonotaria citrea,Prothonotary Warbler,0.6067,C:/Users/shang/OneDrive - Georgia Institute of Technology/HAAG Research Bird Audio/Audio Files Analysis/Low/PSL7\20240523_070000.WAV
405.0,408.0,Phylloscopus occipitalis,Western Crowned Warbler,0.5698,C:/Users/shang/OneDrive - Georgia Institute of Technology/HAAG Research Bird Audio/Audio Files Analysis/Low/PSL7\20240523_070000.WAV
414.0,417.0,Phylloscopus occipitalis,Western Crowned Warbler,0.8743,C:/Users/shang/OneDrive - Georgia Institute of Technology/HAAG Research Bird Audio/Audio Files Analysis/Low/PSL7\20240523_070000.WAV
417.0,420.0,Phylloscopus occipitalis,Western Crowned Warbler,0.6088,C:/Users/shang/OneDrive - Georgia Institute of Technology/HAAG Research Bird Audio/Audio Files Analysis/Low/PSL7\20240523_070000.WAV
420.0,423.0,Phylloscopus occipitalis,Western Crowned Warbler,0.6769,C:/Users/shang/OneDrive - Georgia Institute of Technology/HAAG Research Bird Audio/Audio Files Analysis/Low/PSL7\20240523_070000.WAV
441.0,444.0,Phylloscopus occipitalis,Western Crowned Warbler,0.5197,C:/Users/shang/OneDrive - Georgia Institute of Technology/HAAG Research Bird Audio/Audio Files Analysis/Low/PSL7\20240523_070000.WAV
444.0,447.0,Phylloscopus occipitalis,Western Crowned Warbler,0.8450,C:/Users/shang/OneDrive - Georgia Institute of Technology/HAAG Research Bird Audio/Audio Files Analysis/Low/PSL7\20240523_070000.WAV
447.0,450.0,Protonotaria citrea,Prothonotary Warbler,0.7577,C:/Users/shang/OneDrive - Georgia Institute of Technology/HAAG Research Bird Audio/Audio Files Analysis/Low/PSL7\20240523_070000.WAV
459.0,462.0,Protonotaria citrea,Prothonotary Warbler,0.9067,C:/Users/shang/OneDrive - Georgia Institute of Technology/HAAG Research Bird Audio/Audio Files Analysis/Low/PSL7\20240523_070000.WAV
471.0,474.0,Phylloscopus occipitalis,Western Crowned Warbler,0.6034,C:/Users/shang/OneDrive - Georgia Institute of Technology/HAAG Research Bird Audio/Audio Files Analysis/Low/PSL7\20240523_070000.WAV
477.0,480.0,Phylloscopus occipitalis,Western Crowned Warbler,0.8331,C:/Users/shang/OneDrive - Georgia Institute of Technology/HAAG Research Bird Audio/Audio Files Analysis/Low/PSL7\20240523_070000.WAV
489.0,492.0,Phylloscopus occipitalis,Western Crowned Warbler,0.7990,C:/Users/shang/OneDrive - Georgia Institute of Technology/HAAG Research Bird Audio/Audio Files Analysis/Low/PSL7\20240523_070000.WAV
492.0,495.0,Larvivora brunnea,Indian Blue Robin,0.5756,C:/Users/shang/OneDrive - Georgia Institute of Technology/HAAG Research Bird Audio/Audio Files Analysis/Low/PSL7\20240523_070000.WAV
513.0,516.0,Protonotaria citrea,Prothonotary Warbler,0.7998,C:/Users/shang/OneDrive - Georgia Institute of Technology/HAAG Research Bird Audio/Audio Files Analysis/Low/PSL7\20240523_070000.WAV
525.0,528.0,Phylloscopus occipitalis,Western Crowned Warbler,0.5081,C:/Users/shang/OneDrive - Georgia Institute of Technology/HAAG Research Bird Audio/Audio Files Analysis/Low/PSL7\20240523_070000.WAV
540.0,543.0,Phylloscopus occipitalis,Western Crowned Warbler,0.6012,C:/Users/shang/OneDrive - Georgia Institute of Technology/HAAG Research Bird Audio/Audio Files Analysis/Low/PSL7\20240523_070000.WAV
546.0,549.0,Phylloscopus occipitalis,Western Crowned Warbler,0.6051,C:/Users/shang/OneDrive - Georgia Institute of Technology/HAAG Research Bird Audio/Audio Files Analysis/Low/PSL7\20240523_070000.WAV
552.0,555.0,Protonotaria citrea,Prothonotary Warbler,0.6566,C:/Users/shang/OneDrive - Georgia Institute of Technology/HAAG Research Bird Audio/Audio Files Analysis/Low/PSL7\20240523_070000.WAV
570.0,573.0,Phylloscopus occipitalis,Western Crowned Warbler,0.9300,C:/Users/shang/OneDrive - Georgia Institute of Technology/HAAG Research Bird Audio/Audio Files Analysis/Low/PSL7\20240523_070000.WAV
576.0,579.0,Phylloscopus occipitalis,Western Crowned Warbler,0.7907,C:/Users/shang/OneDrive - Georgia Institute of Technology/HAAG Research Bird Audio/Audio Files Analysis/Low/PSL7\20240523_070000.WAV
600.0,603.0,Phylloscopus occipitalis,Western Crowned Warbler,0.6169,C:/Users/shang/OneDrive - Georgia Institute of Technology/HAAG Research Bird Audio/Audio Files Analysis/Low/PSL7\20240523_070000.WAV
603.0,606.0,Phylloscopus occipitalis,Western Crowned Warbler,0.8630,C:/Users/shang/OneDrive - Georgia Institute of Technology/HAAG Research Bird Audio/Audio Files Analysis/Low/PSL7\20240523_070000.WAV
606.0,609.0,Phylloscopus occipitalis,Western Crowned Warbler,0.9350,C:/Users/shang/OneDrive - Georgia Institute of Technology/HAAG Research Bird Audio/Audio Files Analysis/Low/PSL7\20240523_070000.WAV
612.0,615.0,Phylloscopus occipitalis,Western Crowned Warbler,0.5537,C:/Users/shang/OneDrive - Georgia Institute of Technology/HAAG Research Bird Audio/Audio Files Analysis/Low/PSL7\20240523_070000.WAV
621.0,624.0,Protonotaria citrea,Prothonotary Warbler,0.8315,C:/Users/shang/OneDrive - Georgia Institute of Technology/HAAG Research Bird Audio/Audio Files Analysis/Low/PSL7\20240523_070000.WAV
633.0,636.0,Phylloscopus occipitalis,Western Crowned Warbler,0.6773,C:/Users/shang/OneDrive - Georgia Institute of Technology/HAAG Research Bird Audio/Audio Files Analysis/Low/PSL7\20240523_070000.WAV
636.0,639.0,Phylloscopus occipitalis,Western Crowned Warbler,0.8153,C:/Users/shang/OneDrive - Georgia Institute of Technology/HAAG Research Bird Audio/Audio Files Analysis/Low/PSL7\20240523_070000.WAV
648.0,651.0,Protonotaria citrea,Prothonotary Warbler,0.6015,C:/Users/shang/OneDrive - Georgia Institute of Technology/HAAG Research Bird Audio/Audio Files Analysis/Low/PSL7\20240523_070000.WAV
651.0,654.0,Phylloscopus occipitalis,Western Crowned Warbler,0.5870,C:/Users/shang/OneDrive - Georgia Institute of Technology/HAAG Research Bird Audio/Audio Files Analysis/Low/PSL7\20240523_070000.WAV
672.0,675.0,Phylloscopus occipitalis,Western Crowned Warbler,0.5034,C:/Users/shang/OneDrive - Georgia Institute of Technology/HAAG Research Bird Audio/Audio Files Analysis/Low/PSL7\20240523_070000.WAV
681.0,684.0,Phylloscopus occipitalis,Western Crowned Warbler,0.6959,C:/Users/shang/OneDrive - Georgia Institute of Technology/HAAG Research Bird Audio/Audio Files Analysis/Low/PSL7\20240523_070000.WAV
684.0,687.0,Phylloscopus occipitalis,Western Crowned Warbler,0.7699,C:/Users/shang/OneDrive - Georgia Institute of Technology/HAAG Research Bird Audio/Audio Files Analysis/Low/PSL7\20240523_070000.WAV
699.0,702.0,Phylloscopus occipitalis,Western Crowned Warbler,0.7307,C:/Users/shang/OneDrive - Georgia Institute of Technology/HAAG Research Bird Audio/Audio Files Analysis/Low/PSL7\20240523_070000.WAV
717.0,720.0,Phylloscopus occipitalis,Western Crowned Warbler,0.7570,C:/Users/shang/OneDrive - Georgia Institute of Technology/HAAG Research Bird Audio/Audio Files Analysis/Low/PSL7\20240523_070000.WAV
723.0,726.0,Phylloscopus occipitalis,Western Crowned Warbler,0.8128,C:/Users/shang/OneDrive - Georgia Institute of Technology/HAAG Research Bird Audio/Audio Files Analysis/Low/PSL7\20240523_070000.WAV
729.0,732.0,Phylloscopus occipitalis,Western Crowned Warbler,0.6109,C:/Users/shang/OneDrive - Georgia Institute of Technology/HAAG Research Bird Audio/Audio Files Analysis/Low/PSL7\20240523_070000.WAV
735.0,738.0,Phylloscopus occipitalis,Western Crowned Warbler,0.7439,C:/Users/shang/OneDrive - Georgia Institute of Technology/HAAG Research Bird Audio/Audio Files Analysis/Low/PSL7\20240523_070000.WAV
741.0,744.0,Phylloscopus occipitalis,Western Crowned Warbler,0.7280,C:/Users/shang/OneDrive - Georgia Institute of Technology/HAAG Research Bird Audio/Audio Files Analysis/Low/PSL7\20240523_070000.WAV
744.0,747.0,Ficedula hypoleuca,European Pied Flycatcher,0.5470,C:/Users/shang/OneDrive - Georgia Institute of Technology/HAAG Research Bird Audio/Audio Files Analysis/Low/PSL7\20240523_070000.WAV
753.0,756.0,Protonotaria citrea,Prothonotary Warbler,0.6023,C:/Users/shang/OneDrive - Georgia Institute of Technology/HAAG Research Bird Audio/Audio Files Analysis/Low/PSL7\20240523_070000.WAV
765.0,768.0,Phylloscopus occipitalis,Western Crowned Warbler,0.7606,C:/Users/shang/OneDrive - Georgia Institute of Technology/HAAG Research Bird Audio/Audio Files Analysis/Low/PSL7\20240523_070000.WAV
774.0,777.0,Phylloscopus humei,Hume's Warbler,0.6986,C:/Users/shang/OneDrive - Georgia Institute of Technology/HAAG Research Bird Audio/Audio Files Analysis/Low/PSL7\20240523_070000.WAV
783.0,786.0,Phylloscopus humei,Hume's Warbler,0.6977,C:/Users/shang/OneDrive - Georgia Institute of Technology/HAAG Research Bird Audio/Audio Files Analysis/Low/PSL7\20240523_070000.WAV
786.0,789.0,Phylloscopus humei,Hume's Warbler,0.6727,C:/Users/shang/OneDrive - Georgia Institute of Technology/HAAG Research Bird Audio/Audio Files Analysis/Low/PSL7\20240523_070000.WAV
795.0,798.0,Phylloscopus humei,Hume's Warbler,0.6505,C:/Users/shang/OneDrive - Georgia Institute of Technology/HAAG Research Bird Audio/Audio Files Analysis/Low/PSL7\20240523_070000.WAV
804.0,807.0,Phylloscopus humei,Hume's Warbler,0.6945,C:/Users/shang/OneDrive - Georgia Institute of Technology/HAAG Research Bird Audio/Audio Files Analysis/Low/PSL7\20240523_070000.WAV
807.0,810.0,Phylloscopus occipitalis,Western Crowned Warbler,0.6312,C:/Users/shang/OneDrive - Georgia Institute of Technology/HAAG Research Bird Audio/Audio Files Analysis/Low/PSL7\20240523_070000.WAV
819.0,822.0,Phylloscopus nitidus,Green Warbler,0.5520,C:/Users/shang/OneDrive - Georgia Institute of Technology/HAAG Research Bird Audio/Audio Files Analysis/Low/PSL7\20240523_070000.WAV
822.0,825.0,Phylloscopus humei,Hume's Warbler,0.8354,C:/Users/shang/OneDrive - Georgia Institute of Technology/HAAG Research Bird Audio/Audio Files Analysis/Low/PSL7\20240523_070000.WAV
849.0,852.0,Phylloscopus nitidus,Green Warbler,0.8807,C:/Users/shang/OneDrive - Georgia Institute of Technology/HAAG Research Bird Audio/Audio Files Analysis/Low/PSL7\20240523_070000.WAV
852.0,855.0,Protonotaria citrea,Prothonotary Warbler,0.8975,C:/Users/shang/OneDrive - Georgia Institute of Technology/HAAG Research Bird Audio/Audio Files Analysis/Low/PSL7\20240523_070000.WAV
858.0,861.0,Phylloscopus nitidus,Green Warbler,0.9684,C:/Users/shang/OneDrive - Georgia Institute of Technology/HAAG Research Bird Audio/Audio Files Analysis/Low/PSL7\20240523_070000.WAV
864.0,867.0,Larvivora brunnea,Indian Blue Robin,0.6437,C:/Users/shang/OneDrive - Georgia Institute of Technology/HAAG Research Bird Audio/Audio Files Analysis/Low/PSL7\20240523_070000.WAV
876.0,879.0,Phylloscopus nitidus,Green Warbler,0.7465,C:/Users/shang/OneDrive - Georgia Institute of Technology/HAAG Research Bird Audio/Audio Files Analysis/Low/PSL7\20240523_070000.WAV
879.0,882.0,Phylloscopus nitidus,Green Warbler,0.8589,C:/Users/shang/OneDrive - Georgia Institute of Technology/HAAG Research Bird Audio/Audio Files Analysis/Low/PSL7\20240523_070000.WAV
888.0,891.0,Phylloscopus nitidus,Green Warbler,0.8018,C:/Users/shang/OneDrive - Georgia Institute of Technology/HAAG Research Bird Audio/Audio Files Analysis/Low/PSL7\20240523_070000.WAV
891.0,894.0,Phylloscopus nitidus,Green Warbler,0.9692,C:/Users/shang/OneDrive - Georgia Institute of Technology/HAAG Research Bird Audio/Audio Files Analysis/Low/PSL7\20240523_070000.WAV
897.0,900.0,Phylloscopus nitidus,Green Warbler,0.7519,C:/Users/shang/OneDrive - Georgia Institute of Technology/HAAG Research Bird Audio/Audio Files Analysis/Low/PSL7\20240523_070000.WAV
3.0,6.0,Phylloscopus nitidus,Green Warbler,0.6023,C:/Users/shang/OneDrive - Georgia Institute of Technology/HAAG Research Bird Audio/Audio Files Analysis/Low/PSL7\20240523_080000.WAV
18.0,21.0,Protonotaria citrea,Prothonotary Warbler,0.6083,C:/Users/shang/OneDrive - Georgia Institute of Technology/HAAG Research Bird Audio/Audio Files Analysis/Low/PSL7\20240523_080000.WAV
33.0,36.0,Phylloscopus nitidus,Green Warbler,0.5472,C:/Users/shang/OneDrive - Georgia Institute of Technology/HAAG Research Bird Audio/Audio Files Analysis/Low/PSL7\20240523_080000.WAV
39.0,42.0,Phylloscopus occipitalis,Western Crowned Warbler,0.6917,C:/Users/shang/OneDrive - Georgia Institute of Technology/HAAG Research Bird Audio/Audio Files Analysis/Low/PSL7\20240523_080000.WAV
42.0,45.0,Phylloscopus occipitalis,Western Crowned Warbler,0.9359,C:/Users/shang/OneDrive - Georgia Institute of Technology/HAAG Research Bird Audio/Audio Files Analysis/Low/PSL7\20240523_080000.WAV
45.0,48.0,Phylloscopus occipitalis,Western Crowned Warbler,0.8081,C:/Users/shang/OneDrive - Georgia Institute of Technology/HAAG Research Bird Audio/Audio Files Analysis/Low/PSL7\20240523_080000.WAV
51.0,54.0,Phylloscopus occipitalis,Western Crowned Warbler,0.8531,C:/Users/shang/OneDrive - Georgia Institute of Technology/HAAG Research Bird Audio/Audio Files Analysis/Low/PSL7\20240523_080000.WAV
54.0,57.0,Phylloscopus trochiloides,Greenish Warbler,0.5904,C:/Users/shang/OneDrive - Georgia Institute of Technology/HAAG Research Bird Audio/Audio Files Analysis/Low/PSL7\20240523_080000.WAV
60.0,63.0,Phylloscopus occipitalis,Western Crowned Warbler,0.7409,C:/Users/shang/OneDrive - Georgia Institute of Technology/HAAG Research Bird Audio/Audio Files Analysis/Low/PSL7\20240523_080000.WAV
81.0,84.0,Phylloscopus nitidus,Green Warbler,0.8583,C:/Users/shang/OneDrive - Georgia Institute of Technology/HAAG Research Bird Audio/Audio Files Analysis/Low/PSL7\20240523_080000.WAV
81.0,84.0,Phylloscopus trochiloides,Greenish Warbler,0.5969,C:/Users/shang/OneDrive - Georgia Institute of Technology/HAAG Research Bird Audio/Audio Files Analysis/Low/PSL7\20240523_080000.WAV
84.0,87.0,Phylloscopus nitidus,Green Warbler,0.6965,C:/Users/shang/OneDrive - Georgia Institute of Technology/HAAG Research Bird Audio/Audio Files Analysis/Low/PSL7\20240523_080000.WAV
129.0,132.0,Phylloscopus nitidus,Green Warbler,0.8960,C:/Users/shang/OneDrive - Georgia Institute of Technology/HAAG Research Bird Audio/Audio Files Analysis/Low/PSL7\20240523_080000.WAV
129.0,132.0,Phylloscopus trochiloides,Greenish Warbler,0.5943,C:/Users/shang/OneDrive - Georgia Institute of Technology/HAAG Research Bird Audio/Audio Files Analysis/Low/PSL7\20240523_080000.WAV
138.0,141.0,Phylloscopus nitidus,Green Warbler,0.9271,C:/Users/shang/OneDrive - Georgia Institute of Technology/HAAG Research Bird Audio/Audio Files Analysis/Low/PSL7\20240523_080000.WAV
147.0,150.0,Phylloscopus nitidus,Green Warbler,0.8467,C:/Users/shang/OneDrive - Georgia Institute of Technology/HAAG Research Bird Audio/Audio Files Analysis/Low/PSL7\20240523_080000.WAV
147.0,150.0,Phylloscopus trochiloides,Greenish Warbler,0.6016,C:/Users/shang/OneDrive - Georgia Institute of Technology/HAAG Research Bird Audio/Audio Files Analysis/Low/PSL7\20240523_080000.WAV
150.0,153.0,Phylloscopus trochiloides,Greenish Warbler,0.8126,C:/Users/shang/OneDrive - Georgia Institute of Technology/HAAG Research Bird Audio/Audio Files Analysis/Low/PSL7\20240523_080000.WAV
150.0,153.0,Phylloscopus nitidus,Green Warbler,0.5666,C:/Users/shang/OneDrive - Georgia Institute of Technology/HAAG Research Bird Audio/Audio Files Analysis/Low/PSL7\20240523_080000.WAV
159.0,162.0,Phylloscopus nitidus,Green Warbler,0.9058,C:/Users/shang/OneDrive - Georgia Institute of Technology/HAAG Research Bird Audio/Audio Files Analysis/Low/PSL7\20240523_080000.WAV
171.0,174.0,Phylloscopus nitidus,Green Warbler,0.7687,C:/Users/shang/OneDrive - Georgia Institute of Technology/HAAG Research Bird Audio/Audio Files Analysis/Low/PSL7\20240523_080000.WAV
171.0,174.0,Phylloscopus trochiloides,Greenish Warbler,0.6423,C:/Users/shang/OneDrive - Georgia Institute of Technology/HAAG Research Bird Audio/Audio Files Analysis/Low/PSL7\20240523_080000.WAV
189.0,192.0,Phylloscopus nitidus,Green Warbler,0.5219,C:/Users/shang/OneDrive - Georgia Institute of Technology/HAAG Research Bird Audio/Audio Files Analysis/Low/PSL7\20240523_080000.WAV
198.0,201.0,Phylloscopus trochiloides,Greenish Warbler,0.6296,C:/Users/shang/OneDrive - Georgia Institute of Technology/HAAG Research Bird Audio/Audio Files Analysis/Low/PSL7\20240523_080000.WAV
204.0,207.0,Phylloscopus trochiloides,Greenish Warbler,0.8538,C:/Users/shang/OneDrive - Georgia Institute of Technology/HAAG Research Bird Audio/Audio Files Analysis/Low/PSL7\20240523_080000.WAV
204.0,207.0,Phylloscopus nitidus,Green Warbler,0.5577,C:/Users/shang/OneDrive - Georgia Institute of Technology/HAAG Research Bird Audio/Audio Files Analysis/Low/PSL7\20240523_080000.WAV
207.0,210.0,Phylloscopus nitidus,Green Warbler,0.9640,C:/Users/shang/OneDrive - Georgia Institute of Technology/HAAG Research Bird Audio/Audio Files Analysis/Low/PSL7\20240523_080000.WAV
213.0,216.0,Phylloscopus nitidus,Green Warbler,0.7304,C:/Users/shang/OneDrive - Georgia Institute of Technology/HAAG Research Bird Audio/Audio Files Analysis/Low/PSL7\20240523_080000.WAV
225.0,228.0,Phylloscopus nitidus,Green Warbler,0.8718,C:/Users/shang/OneDrive - Georgia Institute of Technology/HAAG Research Bird Audio/Audio Files Analysis/Low/PSL7\20240523_080000.WAV
225.0,228.0,Phylloscopus trochiloides,Greenish Warbler,0.6648,C:/Users/shang/OneDrive - Georgia Institute of Technology/HAAG Research Bird Audio/Audio Files Analysis/Low/PSL7\20240523_080000.WAV
228.0,231.0,Phylloscopus trochiloides,Greenish Warbler,0.8107,C:/Users/shang/OneDrive - Georgia Institute of Technology/HAAG Research Bird Audio/Audio Files Analysis/Low/PSL7\20240523_080000.WAV
240.0,243.0,Phylloscopus nitidus,Green Warbler,0.7434,C:/Users/shang/OneDrive - Georgia Institute of Technology/HAAG Research Bird Audio/Audio Files Analysis/Low/PSL7\20240523_080000.WAV
249.0,252.0,Phylloscopus trochiloides,Greenish Warbler,0.6462,C:/Users/shang/OneDrive - Georgia Institute of Technology/HAAG Research Bird Audio/Audio Files Analysis/Low/PSL7\20240523_080000.WAV
261.0,264.0,Phylloscopus nitidus,Green Warbler,0.7391,C:/Users/shang/OneDrive - Georgia Institute of Technology/HAAG Research Bird Audio/Audio Files Analysis/Low/PSL7\20240523_080000.WAV
270.0,273.0,Phylloscopus nitidus,Green Warbler,0.8826,C:/Users/shang/OneDrive - Georgia Institute of Technology/HAAG Research Bird Audio/Audio Files Analysis/Low/PSL7\20240523_080000.WAV
276.0,279.0,Protonotaria citrea,Prothonotary Warbler,0.5648,C:/Users/shang/OneDrive - Georgia Institute of Technology/HAAG Research Bird Audio/Audio Files Analysis/Low/PSL7\20240523_080000.WAV
279.0,282.0,Phylloscopus nitidus,Green Warbler,0.6771,C:/Users/shang/OneDrive - Georgia Institute of Technology/HAAG Research Bird Audio/Audio Files Analysis/Low/PSL7\20240523_080000.WAV
282.0,285.0,Phylloscopus occipitalis,Western Crowned Warbler,0.5313,C:/Users/shang/OneDrive - Georgia Institute of Technology/HAAG Research Bird Audio/Audio Files Analysis/Low/PSL7\20240523_080000.WAV
294.0,297.0,Phylloscopus nitidus,Green Warbler,0.6360,C:/Users/shang/OneDrive - Georgia Institute of Technology/HAAG Research Bird Audio/Audio Files Analysis/Low/PSL7\20240523_080000.WAV
297.0,300.0,Phylloscopus nitidus,Green Warbler,0.9625,C:/Users/shang/OneDrive - Georgia Institute of Technology/HAAG Research Bird Audio/Audio Files Analysis/Low/PSL7\20240523_080000.WAV
300.0,303.0,Phylloscopus occipitalis,Western Crowned Warbler,0.8553,C:/Users/shang/OneDrive - Georgia Institute of Technology/HAAG Research Bird Audio/Audio Files Analysis/Low/PSL7\20240523_080000.WAV
318.0,321.0,Phylloscopus occipitalis,Western Crowned Warbler,0.6545,C:/Users/shang/OneDrive - Georgia Institute of Technology/HAAG Research Bird Audio/Audio Files Analysis/Low/PSL7\20240523_080000.WAV
330.0,333.0,Phylloscopus occipitalis,Western Crowned Warbler,0.7099,C:/Users/shang/OneDrive - Georgia Institute of Technology/HAAG Research Bird Audio/Audio Files Analysis/Low/PSL7\20240523_080000.WAV
336.0,339.0,Protonotaria citrea,Prothonotary Warbler,0.5284,C:/Users/shang/OneDrive - Georgia Institute of Technology/HAAG Research Bird Audio/Audio Files Analysis/Low/PSL7\20240523_080000.WAV
381.0,384.0,Phylloscopus occipitalis,Western Crowned Warbler,0.7732,C:/Users/shang/OneDrive - Georgia Institute of Technology/HAAG Research Bird Audio/Audio Files Analysis/Low/PSL7\20240523_080000.WAV
393.0,396.0,Phylloscopus occipitalis,Western Crowned Warbler,0.8070,C:/Users/shang/OneDrive - Georgia Institute of Technology/HAAG Research Bird Audio/Audio Files Analysis/Low/PSL7\20240523_080000.WAV
411.0,414.0,Phylloscopus occipitalis,Western Crowned Warbler,0.8630,C:/Users/shang/OneDrive - Georgia Institute of Technology/HAAG Research Bird Audio/Audio Files Analysis/Low/PSL7\20240523_080000.WAV
417.0,420.0,Phylloscopus occipitalis,Western Crowned Warbler,0.5962,C:/Users/shang/OneDrive - Georgia Institute of Technology/HAAG Research Bird Audio/Audio Files Analysis/Low/PSL7\20240523_080000.WAV
423.0,426.0,Phylloscopus occipitalis,Western Crowned Warbler,0.7037,C:/Users/shang/OneDrive - Georgia Institute of Technology/HAAG Research Bird Audio/Audio Files Analysis/Low/PSL7\20240523_080000.WAV
426.0,429.0,Protonotaria citrea,Prothonotary Warbler,0.9317,C:/Users/shang/OneDrive - Georgia Institute of Technology/HAAG Research Bird Audio/Audio Files Analysis/Low/PSL7\20240523_080000.WAV
429.0,432.0,Phylloscopus occipitalis,Western Crowned Warbler,0.8671,C:/Users/shang/OneDrive - Georgia Institute of Technology/HAAG Research Bird Audio/Audio Files Analysis/Low/PSL7\20240523_080000.WAV
435.0,438.0,Phylloscopus occipitalis,Western Crowned Warbler,0.6828,C:/Users/shang/OneDrive - Georgia Institute of Technology/HAAG Research Bird Audio/Audio Files Analysis/Low/PSL7\20240523_080000.WAV
444.0,447.0,Protonotaria citrea,Prothonotary Warbler,0.7443,C:/Users/shang/OneDrive - Georgia Institute of Technology/HAAG Research Bird Audio/Audio Files Analysis/Low/PSL7\20240523_080000.WAV
447.0,450.0,Phylloscopus occipitalis,Western Crowned Warbler,0.8869,C:/Users/shang/OneDrive - Georgia Institute of Technology/HAAG Research Bird Audio/Audio Files Analysis/Low/PSL7\20240523_080000.WAV
450.0,453.0,Phylloscopus occipitalis,Western Crowned Warbler,0.8253,C:/Users/shang/OneDrive - Georgia Institute of Technology/HAAG Research Bird Audio/Audio Files Analysis/Low/PSL7\20240523_080000.WAV
453.0,456.0,Phylloscopus occipitalis,Western Crowned Warbler,0.9374,C:/Users/shang/OneDrive - Georgia Institute of Technology/HAAG Research Bird Audio/Audio Files Analysis/Low/PSL7\20240523_080000.WAV
456.0,459.0,Phylloscopus occipitalis,Western Crowned Warbler,0.7361,C:/Users/shang/OneDrive - Georgia Institute of Technology/HAAG Research Bird Audio/Audio Files Analysis/Low/PSL7\20240523_080000.WAV
462.0,465.0,Phylloscopus occipitalis,Western Crowned Warbler,0.8330,C:/Users/shang/OneDrive - Georgia Institute of Technology/HAAG Research Bird Audio/Audio Files Analysis/Low/PSL7\20240523_080000.WAV
468.0,471.0,Phylloscopus occipitalis,Western Crowned Warbler,0.5607,C:/Users/shang/OneDrive - Georgia Institute of Technology/HAAG Research Bird Audio/Audio Files Analysis/Low/PSL7\20240523_080000.WAV
471.0,474.0,Protonotaria citrea,Prothonotary Warbler,0.6683,C:/Users/shang/OneDrive - Georgia Institute of Technology/HAAG Research Bird Audio/Audio Files Analysis/Low/PSL7\20240523_080000.WAV
471.0,474.0,Phylloscopus occipitalis,Western Crowned Warbler,0.5751,C:/Users/shang/OneDrive - Georgia Institute of Technology/HAAG Research Bird Audio/Audio Files Analysis/Low/PSL7\20240523_080000.WAV
474.0,477.0,Phylloscopus occipitalis,Western Crowned Warbler,0.7675,C:/Users/shang/OneDrive - Georgia Institute of Technology/HAAG Research Bird Audio/Audio Files Analysis/Low/PSL7\20240523_080000.WAV
480.0,483.0,Phylloscopus occipitalis,Western Crowned Warbler,0.9723,C:/Users/shang/OneDrive - Georgia Institute of Technology/HAAG Research Bird Audio/Audio Files Analysis/Low/PSL7\20240523_080000.WAV
486.0,489.0,Phylloscopus occipitalis,Western Crowned Warbler,0.9806,C:/Users/shang/OneDrive - Georgia Institute of Technology/HAAG Research Bird Audio/Audio Files Analysis/Low/PSL7\20240523_080000.WAV
489.0,492.0,Prinia socialis,Ashy Prinia,0.7474,C:/Users/shang/OneDrive - Georgia Institute of Technology/HAAG Research Bird Audio/Audio Files Analysis/Low/PSL7\20240523_080000.WAV
492.0,495.0,Phylloscopus occipitalis,Western Crowned Warbler,0.9129,C:/Users/shang/OneDrive - Georgia Institute of Technology/HAAG Research Bird Audio/Audio Files Analysis/Low/PSL7\20240523_080000.WAV
501.0,504.0,Phylloscopus occipitalis,Western Crowned Warbler,0.8725,C:/Users/shang/OneDrive - Georgia Institute of Technology/HAAG Research Bird Audio/Audio Files Analysis/Low/PSL7\20240523_080000.WAV
507.0,510.0,Phylloscopus occipitalis,Western Crowned Warbler,0.9451,C:/Users/shang/OneDrive - Georgia Institute of Technology/HAAG Research Bird Audio/Audio Files Analysis/Low/PSL7\20240523_080000.WAV
513.0,516.0,Phylloscopus occipitalis,Western Crowned Warbler,0.9558,C:/Users/shang/OneDrive - Georgia Institute of Technology/HAAG Research Bird Audio/Audio Files Analysis/Low/PSL7\20240523_080000.WAV
522.0,525.0,Phylloscopus occipitalis,Western Crowned Warbler,0.7917,C:/Users/shang/OneDrive - Georgia Institute of Technology/HAAG Research Bird Audio/Audio Files Analysis/Low/PSL7\20240523_080000.WAV
528.0,531.0,Phylloscopus occipitalis,Western Crowned Warbler,0.8448,C:/Users/shang/OneDrive - Georgia Institute of Technology/HAAG Research Bird Audio/Audio Files Analysis/Low/PSL7\20240523_080000.WAV
534.0,537.0,Phylloscopus occipitalis,Western Crowned Warbler,0.8080,C:/Users/shang/OneDrive - Georgia Institute of Technology/HAAG Research Bird Audio/Audio Files Analysis/Low/PSL7\20240523_080000.WAV
537.0,540.0,Prinia socialis,Ashy Prinia,0.6438,C:/Users/shang/OneDrive - Georgia Institute of Technology/HAAG Research Bird Audio/Audio Files Analysis/Low/PSL7\20240523_080000.WAV
540.0,543.0,Phylloscopus occipitalis,Western Crowned Warbler,0.8766,C:/Users/shang/OneDrive - Georgia Institute of Technology/HAAG Research Bird Audio/Audio Files Analysis/Low/PSL7\20240523_080000.WAV
546.0,549.0,Phylloscopus occipitalis,Western Crowned Warbler,0.7595,C:/Users/shang/OneDrive - Georgia Institute of Technology/HAAG Research Bird Audio/Audio Files Analysis/Low/PSL7\20240523_080000.WAV
582.0,585.0,Phylloscopus occipitalis,Western Crowned Warbler,0.6100,C:/Users/shang/OneDrive - Georgia Institute of Technology/HAAG Research Bird Audio/Audio Files Analysis/Low/PSL7\20240523_080000.WAV
588.0,591.0,Phylloscopus occipitalis,Western Crowned Warbler,0.5839,C:/Users/shang/OneDrive - Georgia Institute of Technology/HAAG Research Bird Audio/Audio Files Analysis/Low/PSL7\20240523_080000.WAV
594.0,597.0,Phylloscopus occipitalis,Western Crowned Warbler,0.8352,C:/Users/shang/OneDrive - Georgia Institute of Technology/HAAG Research Bird Audio/Audio Files Analysis/Low/PSL7\20240523_080000.WAV
603.0,606.0,Protonotaria citrea,Prothonotary Warbler,0.6098,C:/Users/shang/OneDrive - Georgia Institute of Technology/HAAG Research Bird Audio/Audio Files Analysis/Low/PSL7\20240523_080000.WAV
609.0,612.0,Protonotaria citrea,Prothonotary Warbler,0.5608,C:/Users/shang/OneDrive - Georgia Institute of Technology/HAAG Research Bird Audio/Audio Files Analysis/Low/PSL7\20240523_080000.WAV
612.0,615.0,Phylloscopus occipitalis,Western Crowned Warbler,0.9376,C:/Users/shang/OneDrive - Georgia Institute of Technology/HAAG Research Bird Audio/Audio Files Analysis/Low/PSL7\20240523_080000.WAV
615.0,618.0,Protonotaria citrea,Prothonotary Warbler,0.6096,C:/Users/shang/OneDrive - Georgia Institute of Technology/HAAG Research Bird Audio/Audio Files Analysis/Low/PSL7\20240523_080000.WAV
618.0,621.0,Phylloscopus occipitalis,Western Crowned Warbler,0.8164,C:/Users/shang/OneDrive - Georgia Institute of Technology/HAAG Research Bird Audio/Audio Files Analysis/Low/PSL7\20240523_080000.WAV
624.0,627.0,Phylloscopus occipitalis,Western Crowned Warbler,0.9833,C:/Users/shang/OneDrive - Georgia Institute of Technology/HAAG Research Bird Audio/Audio Files Analysis/Low/PSL7\20240523_080000.WAV
630.0,633.0,Phylloscopus occipitalis,Western Crowned Warbler,0.9095,C:/Users/shang/OneDrive - Georgia Institute of Technology/HAAG Research Bird Audio/Audio Files Analysis/Low/PSL7\20240523_080000.WAV
636.0,639.0,Phylloscopus occipitalis,Western Crowned Warbler,0.7800,C:/Users/shang/OneDrive - Georgia Institute of Technology/HAAG Research Bird Audio/Audio Files Analysis/Low/PSL7\20240523_080000.WAV
642.0,645.0,Phylloscopus occipitalis,Western Crowned Warbler,0.8975,C:/Users/shang/OneDrive - Georgia Institute of Technology/HAAG Research Bird Audio/Audio Files Analysis/Low/PSL7\20240523_080000.WAV
666.0,669.0,Phylloscopus occipitalis,Western Crowned Warbler,0.9190,C:/Users/shang/OneDrive - Georgia Institute of Technology/HAAG Research Bird Audio/Audio Files Analysis/Low/PSL7\20240523_080000.WAV
678.0,681.0,Protonotaria citrea,Prothonotary Warbler,0.6518,C:/Users/shang/OneDrive - Georgia Institute of Technology/HAAG Research Bird Audio/Audio Files Analysis/Low/PSL7\20240523_080000.WAV
681.0,684.0,Phylloscopus occipitalis,Western Crowned Warbler,0.7559,C:/Users/shang/OneDrive - Georgia Institute of Technology/HAAG Research Bird Audio/Audio Files Analysis/Low/PSL7\20240523_080000.WAV
696.0,699.0,Phylloscopus occipitalis,Western Crowned Warbler,0.8076,C:/Users/shang/OneDrive - Georgia Institute of Technology/HAAG Research Bird Audio/Audio Files Analysis/Low/PSL7\20240523_080000.WAV
699.0,702.0,Phylloscopus occipitalis,Western Crowned Warbler,0.8248,C:/Users/shang/OneDrive - Georgia Institute of Technology/HAAG Research Bird Audio/Audio Files Analysis/Low/PSL7\20240523_080000.WAV
702.0,705.0,Phylloscopus occipitalis,Western Crowned Warbler,0.7200,C:/Users/shang/OneDrive - Georgia Institute of Technology/HAAG Research Bird Audio/Audio Files Analysis/Low/PSL7\20240523_080000.WAV
705.0,708.0,Phylloscopus occipitalis,Western Crowned Warbler,0.9160,C:/Users/shang/OneDrive - Georgia Institute of Technology/HAAG Research Bird Audio/Audio Files Analysis/Low/PSL7\20240523_080000.WAV
708.0,711.0,Phylloscopus occipitalis,Western Crowned Warbler,0.7555,C:/Users/shang/OneDrive - Georgia Institute of Technology/HAAG Research Bird Audio/Audio Files Analysis/Low/PSL7\20240523_080000.WAV
711.0,714.0,Phylloscopus occipitalis,Western Crowned Warbler,0.5308,C:/Users/shang/OneDrive - Georgia Institute of Technology/HAAG Research Bird Audio/Audio Files Analysis/Low/PSL7\20240523_080000.WAV
717.0,720.0,Phylloscopus occipitalis,Western Crowned Warbler,0.5388,C:/Users/shang/OneDrive - Georgia Institute of Technology/HAAG Research Bird Audio/Audio Files Analysis/Low/PSL7\20240523_080000.WAV
720.0,723.0,Protonotaria citrea,Prothonotary Warbler,0.6781,C:/Users/shang/OneDrive - Georgia Institute of Technology/HAAG Research Bird Audio/Audio Files Analysis/Low/PSL7\20240523_080000.WAV
720.0,723.0,Phylloscopus occipitalis,Western Crowned Warbler,0.6453,C:/Users/shang/OneDrive - Georgia Institute of Technology/HAAG Research Bird Audio/Audio Files Analysis/Low/PSL7\20240523_080000.WAV
726.0,729.0,Phylloscopus occipitalis,Western Crowned Warbler,0.7002,C:/Users/shang/OneDrive - Georgia Institute of Technology/HAAG Research Bird Audio/Audio Files Analysis/Low/PSL7\20240523_080000.WAV
729.0,732.0,Phylloscopus occipitalis,Western Crowned Warbler,0.6184,C:/Users/shang/OneDrive - Georgia Institute of Technology/HAAG Research Bird Audio/Audio Files Analysis/Low/PSL7\20240523_080000.WAV
738.0,741.0,Phylloscopus occipitalis,Western Crowned Warbler,0.6409,C:/Users/shang/OneDrive - Georgia Institute of Technology/HAAG Research Bird Audio/Audio Files Analysis/Low/PSL7\20240523_080000.WAV
744.0,747.0,Phylloscopus occipitalis,Western Crowned Warbler,0.6606,C:/Users/shang/OneDrive - Georgia Institute of Technology/HAAG Research Bird Audio/Audio Files Analysis/Low/PSL7\20240523_080000.WAV
747.0,750.0,Prinia socialis,Ashy Prinia,0.5710,C:/Users/shang/OneDrive - Georgia Institute of Technology/HAAG Research Bird Audio/Audio Files Analysis/Low/PSL7\20240523_080000.WAV
762.0,765.0,Protonotaria citrea,Prothonotary Warbler,0.7242,C:/Users/shang/OneDrive - Georgia Institute of Technology/HAAG Research Bird Audio/Audio Files Analysis/Low/PSL7\20240523_080000.WAV
777.0,780.0,Protonotaria citrea,Prothonotary Warbler,0.6128,C:/Users/shang/OneDrive - Georgia Institute of Technology/HAAG Research Bird Audio/Audio Files Analysis/Low/PSL7\20240523_080000.WAV
801.0,804.0,Protonotaria citrea,Prothonotary Warbler,0.6175,C:/Users/shang/OneDrive - Georgia Institute of Technology/HAAG Research Bird Audio/Audio Files Analysis/Low/PSL7\20240523_080000.WAV
828.0,831.0,Protonotaria citrea,Prothonotary Warbler,0.7386,C:/Users/shang/OneDrive - Georgia Institute of Technology/HAAG Research Bird Audio/Audio Files Analysis/Low/PSL7\20240523_080000.WAV
831.0,834.0,Protonotaria citrea,Prothonotary Warbler,0.9231,C:/Users/shang/OneDrive - Georgia Institute of Technology/HAAG Research Bird Audio/Audio Files Analysis/Low/PSL7\20240523_080000.WAV
873.0,876.0,Protonotaria citrea,Prothonotary Warbler,0.7016,C:/Users/shang/OneDrive - Georgia Institute of Technology/HAAG Research Bird Audio/Audio Files Analysis/Low/PSL7\20240523_080000.WAV
0,3.0,Protonotaria citrea,Prothonotary Warbler,0.7242,C:/Users/shang/OneDrive - Georgia Institute of Technology/HAAG Research Bird Audio/Audio Files Analysis/Low/PSL7\20240523_090000.WAV
0,3.0,Phylloscopus occipitalis,Western Crowned Warbler,0.5216,C:/Users/shang/OneDrive - Georgia Institute of Technology/HAAG Research Bird Audio/Audio Files Analysis/Low/PSL7\20240523_090000.WAV
3.0,6.0,Phylloscopus occipitalis,Western Crowned Warbler,0.8962,C:/Users/shang/OneDrive - Georgia Institute of Technology/HAAG Research Bird Audio/Audio Files Analysis/Low/PSL7\20240523_090000.WAV
6.0,9.0,Phylloscopus occipitalis,Western Crowned Warbler,0.9687,C:/Users/shang/OneDrive - Georgia Institute of Technology/HAAG Research Bird Audio/Audio Files Analysis/Low/PSL7\20240523_090000.WAV
12.0,15.0,Phylloscopus occipitalis,Western Crowned Warbler,0.9748,C:/Users/shang/OneDrive - Georgia Institute of Technology/HAAG Research Bird Audio/Audio Files Analysis/Low/PSL7\20240523_090000.WAV
18.0,21.0,Phylloscopus occipitalis,Western Crowned Warbler,0.9869,C:/Users/shang/OneDrive - Georgia Institute of Technology/HAAG Research Bird Audio/Audio Files Analysis/Low/PSL7\20240523_090000.WAV
27.0,30.0,Phylloscopus occipitalis,Western Crowned Warbler,0.6674,C:/Users/shang/OneDrive - Georgia Institute of Technology/HAAG Research Bird Audio/Audio Files Analysis/Low/PSL7\20240523_090000.WAV
33.0,36.0,Phylloscopus occipitalis,Western Crowned Warbler,0.8582,C:/Users/shang/OneDrive - Georgia Institute of Technology/HAAG Research Bird Audio/Audio Files Analysis/Low/PSL7\20240523_090000.WAV
36.0,39.0,Phylloscopus occipitalis,Western Crowned Warbler,0.9778,C:/Users/shang/OneDrive - Georgia Institute of Technology/HAAG Research Bird Audio/Audio Files Analysis/Low/PSL7\20240523_090000.WAV
39.0,42.0,Phylloscopus occipitalis,Western Crowned Warbler,0.8146,C:/Users/shang/OneDrive - Georgia Institute of Technology/HAAG Research Bird Audio/Audio Files Analysis/Low/PSL7\20240523_090000.WAV
42.0,45.0,Phylloscopus occipitalis,Western Crowned Warbler,0.9173,C:/Users/shang/OneDrive - Georgia Institute of Technology/HAAG Research Bird Audio/Audio Files Analysis/Low/PSL7\20240523_090000.WAV
45.0,48.0,Protonotaria citrea,Prothonotary Warbler,0.5280,C:/Users/shang/OneDrive - Georgia Institute of Technology/HAAG Research Bird Audio/Audio Files Analysis/Low/PSL7\20240523_090000.WAV
51.0,54.0,Phylloscopus occipitalis,Western Crowned Warbler,0.7983,C:/Users/shang/OneDrive - Georgia Institute of Technology/HAAG Research Bird Audio/Audio Files Analysis/Low/PSL7\20240523_090000.WAV
57.0,60.0,Phylloscopus occipitalis,Western Crowned Warbler,0.9354,C:/Users/shang/OneDrive - Georgia Institute of Technology/HAAG Research Bird Audio/Audio Files Analysis/Low/PSL7\20240523_090000.WAV
63.0,66.0,Phylloscopus occipitalis,Western Crowned Warbler,0.8672,C:/Users/shang/OneDrive - Georgia Institute of Technology/HAAG Research Bird Audio/Audio Files Analysis/Low/PSL7\20240523_090000.WAV
66.0,69.0,Protonotaria citrea,Prothonotary Warbler,0.5647,C:/Users/shang/OneDrive - Georgia Institute of Technology/HAAG Research Bird Audio/Audio Files Analysis/Low/PSL7\20240523_090000.WAV
69.0,72.0,Phylloscopus occipitalis,Western Crowned Warbler,0.9523,C:/Users/shang/OneDrive - Georgia Institute of Technology/HAAG Research Bird Audio/Audio Files Analysis/Low/PSL7\20240523_090000.WAV
72.0,75.0,Phylloscopus occipitalis,Western Crowned Warbler,0.7319,C:/Users/shang/OneDrive - Georgia Institute of Technology/HAAG Research Bird Audio/Audio Files Analysis/Low/PSL7\20240523_090000.WAV
75.0,78.0,Protonotaria citrea,Prothonotary Warbler,0.5990,C:/Users/shang/OneDrive - Georgia Institute of Technology/HAAG Research Bird Audio/Audio Files Analysis/Low/PSL7\20240523_090000.WAV
78.0,81.0,Phylloscopus occipitalis,Western Crowned Warbler,0.5158,C:/Users/shang/OneDrive - Georgia Institute of Technology/HAAG Research Bird Audio/Audio Files Analysis/Low/PSL7\20240523_090000.WAV
81.0,84.0,Phylloscopus occipitalis,Western Crowned Warbler,0.7790,C:/Users/shang/OneDrive - Georgia Institute of Technology/HAAG Research Bird Audio/Audio Files Analysis/Low/PSL7\20240523_090000.WAV
84.0,87.0,Phylloscopus occipitalis,Western Crowned Warbler,0.8586,C:/Users/shang/OneDrive - Georgia Institute of Technology/HAAG Research Bird Audio/Audio Files Analysis/Low/PSL7\20240523_090000.WAV
90.0,93.0,Prinia socialis,Ashy Prinia,0.6895,C:/Users/shang/OneDrive - Georgia Institute of Technology/HAAG Research Bird Audio/Audio Files Analysis/Low/PSL7\20240523_090000.WAV
93.0,96.0,Phylloscopus occipitalis,Western Crowned Warbler,0.7970,C:/Users/shang/OneDrive - Georgia Institute of Technology/HAAG Research Bird Audio/Audio Files Analysis/Low/PSL7\20240523_090000.WAV
99.0,102.0,Phylloscopus occipitalis,Western Crowned Warbler,0.9355,C:/Users/shang/OneDrive - Georgia Institute of Technology/HAAG Research Bird Audio/Audio Files Analysis/Low/PSL7\20240523_090000.WAV
105.0,108.0,Phylloscopus occipitalis,Western Crowned Warbler,0.9604,C:/Users/shang/OneDrive - Georgia Institute of Technology/HAAG Research Bird Audio/Audio Files Analysis/Low/PSL7\20240523_090000.WAV
108.0,111.0,Phylloscopus occipitalis,Western Crowned Warbler,0.9253,C:/Users/shang/OneDrive - Georgia Institute of Technology/HAAG Research Bird Audio/Audio Files Analysis/Low/PSL7\20240523_090000.WAV
126.0,129.0,Protonotaria citrea,Prothonotary Warbler,0.6576,C:/Users/shang/OneDrive - Georgia Institute of Technology/HAAG Research Bird Audio/Audio Files Analysis/Low/PSL7\20240523_090000.WAV
132.0,135.0,Phylloscopus occipitalis,Western Crowned Warbler,0.7343,C:/Users/shang/OneDrive - Georgia Institute of Technology/HAAG Research Bird Audio/Audio Files Analysis/Low/PSL7\20240523_090000.WAV
138.0,141.0,Phylloscopus occipitalis,Western Crowned Warbler,0.9787,C:/Users/shang/OneDrive - Georgia Institute of Technology/HAAG Research Bird Audio/Audio Files Analysis/Low/PSL7\20240523_090000.WAV
144.0,147.0,Phylloscopus occipitalis,Western Crowned Warbler,0.5730,C:/Users/shang/OneDrive - Georgia Institute of Technology/HAAG Research Bird Audio/Audio Files Analysis/Low/PSL7\20240523_090000.WAV
147.0,150.0,Phylloscopus occipitalis,Western Crowned Warbler,0.6836,C:/Users/shang/OneDrive - Georgia Institute of Technology/HAAG Research Bird Audio/Audio Files Analysis/Low/PSL7\20240523_090000.WAV
153.0,156.0,Phylloscopus occipitalis,Western Crowned Warbler,0.6546,C:/Users/shang/OneDrive - Georgia Institute of Technology/HAAG Research Bird Audio/Audio Files Analysis/Low/PSL7\20240523_090000.WAV
171.0,174.0,Phylloscopus occipitalis,Western Crowned Warbler,0.8388,C:/Users/shang/OneDrive - Georgia Institute of Technology/HAAG Research Bird Audio/Audio Files Analysis/Low/PSL7\20240523_090000.WAV
177.0,180.0,Phylloscopus occipitalis,Western Crowned Warbler,0.8658,C:/Users/shang/OneDrive - Georgia Institute of Technology/HAAG Research Bird Audio/Audio Files Analysis/Low/PSL7\20240523_090000.WAV
183.0,186.0,Phylloscopus occipitalis,Western Crowned Warbler,0.5101,C:/Users/shang/OneDrive - Georgia Institute of Technology/HAAG Research Bird Audio/Audio Files Analysis/Low/PSL7\20240523_090000.WAV
189.0,192.0,Phylloscopus occipitalis,Western Crowned Warbler,0.5100,C:/Users/shang/OneDrive - Georgia Institute of Technology/HAAG Research Bird Audio/Audio Files Analysis/Low/PSL7\20240523_090000.WAV
192.0,195.0,Protonotaria citrea,Prothonotary Warbler,0.8687,C:/Users/shang/OneDrive - Georgia Institute of Technology/HAAG Research Bird Audio/Audio Files Analysis/Low/PSL7\20240523_090000.WAV
192.0,195.0,Phylloscopus occipitalis,Western Crowned Warbler,0.6056,C:/Users/shang/OneDrive - Georgia Institute of Technology/HAAG Research Bird Audio/Audio Files Analysis/Low/PSL7\20240523_090000.WAV
198.0,201.0,Phylloscopus occipitalis,Western Crowned Warbler,0.7570,C:/Users/shang/OneDrive - Georgia Institute of Technology/HAAG Research Bird Audio/Audio Files Analysis/Low/PSL7\20240523_090000.WAV
198.0,201.0,Protonotaria citrea,Prothonotary Warbler,0.6206,C:/Users/shang/OneDrive - Georgia Institute of Technology/HAAG Research Bird Audio/Audio Files Analysis/Low/PSL7\20240523_090000.WAV
204.0,207.0,Phylloscopus occipitalis,Western Crowned Warbler,0.9532,C:/Users/shang/OneDrive - Georgia Institute of Technology/HAAG Research Bird Audio/Audio Files Analysis/Low/PSL7\20240523_090000.WAV
219.0,222.0,Phylloscopus occipitalis,Western Crowned Warbler,0.8390,C:/Users/shang/OneDrive - Georgia Institute of Technology/HAAG Research Bird Audio/Audio Files Analysis/Low/PSL7\20240523_090000.WAV
231.0,234.0,Phylloscopus occipitalis,Western Crowned Warbler,0.7125,C:/Users/shang/OneDrive - Georgia Institute of Technology/HAAG Research Bird Audio/Audio Files Analysis/Low/PSL7\20240523_090000.WAV
234.0,237.0,Prinia socialis,Ashy Prinia,0.5405,C:/Users/shang/OneDrive - Georgia Institute of Technology/HAAG Research Bird Audio/Audio Files Analysis/Low/PSL7\20240523_090000.WAV
237.0,240.0,Phylloscopus occipitalis,Western Crowned Warbler,0.9185,C:/Users/shang/OneDrive - Georgia Institute of Technology/HAAG Research Bird Audio/Audio Files Analysis/Low/PSL7\20240523_090000.WAV
243.0,246.0,Phylloscopus occipitalis,Western Crowned Warbler,0.9640,C:/Users/shang/OneDrive - Georgia Institute of Technology/HAAG Research Bird Audio/Audio Files Analysis/Low/PSL7\20240523_090000.WAV
246.0,249.0,Phylloscopus occipitalis,Western Crowned Warbler,0.9399,C:/Users/shang/OneDrive - Georgia Institute of Technology/HAAG Research Bird Audio/Audio Files Analysis/Low/PSL7\20240523_090000.WAV
252.0,255.0,Phylloscopus occipitalis,Western Crowned Warbler,0.6384,C:/Users/shang/OneDrive - Georgia Institute of Technology/HAAG Research Bird Audio/Audio Files Analysis/Low/PSL7\20240523_090000.WAV
255.0,258.0,Protonotaria citrea,Prothonotary Warbler,0.5125,C:/Users/shang/OneDrive - Georgia Institute of Technology/HAAG Research Bird Audio/Audio Files Analysis/Low/PSL7\20240523_090000.WAV
258.0,261.0,Phylloscopus occipitalis,Western Crowned Warbler,0.9009,C:/Users/shang/OneDrive - Georgia Institute of Technology/HAAG Research Bird Audio/Audio Files Analysis/Low/PSL7\20240523_090000.WAV
264.0,267.0,Phylloscopus occipitalis,Western Crowned Warbler,0.6857,C:/Users/shang/OneDrive - Georgia Institute of Technology/HAAG Research Bird Audio/Audio Files Analysis/Low/PSL7\20240523_090000.WAV
267.0,270.0,Phylloscopus occipitalis,Western Crowned Warbler,0.6498,C:/Users/shang/OneDrive - Georgia Institute of Technology/HAAG Research Bird Audio/Audio Files Analysis/Low/PSL7\20240523_090000.WAV
270.0,273.0,Prinia socialis,Ashy Prinia,0.7105,C:/Users/shang/OneDrive - Georgia Institute of Technology/HAAG Research Bird Audio/Audio Files Analysis/Low/PSL7\20240523_090000.WAV
273.0,276.0,Phylloscopus occipitalis,Western Crowned Warbler,0.7895,C:/Users/shang/OneDrive - Georgia Institute of Technology/HAAG Research Bird Audio/Audio Files Analysis/Low/PSL7\20240523_090000.WAV
285.0,288.0,Prinia socialis,Ashy Prinia,0.5694,C:/Users/shang/OneDrive - Georgia Institute of Technology/HAAG Research Bird Audio/Audio Files Analysis/Low/PSL7\20240523_090000.WAV
288.0,291.0,Phylloscopus occipitalis,Western Crowned Warbler,0.8046,C:/Users/shang/OneDrive - Georgia Institute of Technology/HAAG Research Bird Audio/Audio Files Analysis/Low/PSL7\20240523_090000.WAV
291.0,294.0,Phylloscopus occipitalis,Western Crowned Warbler,0.8098,C:/Users/shang/OneDrive - Georgia Institute of Technology/HAAG Research Bird Audio/Audio Files Analysis/Low/PSL7\20240523_090000.WAV
294.0,297.0,Phylloscopus occipitalis,Western Crowned Warbler,0.7140,C:/Users/shang/OneDrive - Georgia Institute of Technology/HAAG Research Bird Audio/Audio Files Analysis/Low/PSL7\20240523_090000.WAV
297.0,300.0,Phylloscopus occipitalis,Western Crowned Warbler,0.9220,C:/Users/shang/OneDrive - Georgia Institute of Technology/HAAG Research Bird Audio/Audio Files Analysis/Low/PSL7\20240523_090000.WAV
303.0,306.0,Phylloscopus occipitalis,Western Crowned Warbler,0.6411,C:/Users/shang/OneDrive - Georgia Institute of Technology/HAAG Research Bird Audio/Audio Files Analysis/Low/PSL7\20240523_090000.WAV
309.0,312.0,Protonotaria citrea,Prothonotary Warbler,0.5942,C:/Users/shang/OneDrive - Georgia Institute of Technology/HAAG Research Bird Audio/Audio Files Analysis/Low/PSL7\20240523_090000.WAV
312.0,315.0,Phylloscopus occipitalis,Western Crowned Warbler,0.5009,C:/Users/shang/OneDrive - Georgia Institute of Technology/HAAG Research Bird Audio/Audio Files Analysis/Low/PSL7\20240523_090000.WAV
318.0,321.0,Phylloscopus occipitalis,Western Crowned Warbler,0.6627,C:/Users/shang/OneDrive - Georgia Institute of Technology/HAAG Research Bird Audio/Audio Files Analysis/Low/PSL7\20240523_090000.WAV
324.0,327.0,Phylloscopus occipitalis,Western Crowned Warbler,0.6342,C:/Users/shang/OneDrive - Georgia Institute of Technology/HAAG Research Bird Audio/Audio Files Analysis/Low/PSL7\20240523_090000.WAV
324.0,327.0,Protonotaria citrea,Prothonotary Warbler,0.5444,C:/Users/shang/OneDrive - Georgia Institute of Technology/HAAG Research Bird Audio/Audio Files Analysis/Low/PSL7\20240523_090000.WAV
333.0,336.0,Protonotaria citrea,Prothonotary Warbler,0.6188,C:/Users/shang/OneDrive - Georgia Institute of Technology/HAAG Research Bird Audio/Audio Files Analysis/Low/PSL7\20240523_090000.WAV
339.0,342.0,Protonotaria citrea,Prothonotary Warbler,0.5151,C:/Users/shang/OneDrive - Georgia Institute of Technology/HAAG Research Bird Audio/Audio Files Analysis/Low/PSL7\20240523_090000.WAV
342.0,345.0,Protonotaria citrea,Prothonotary Warbler,0.7766,C:/Users/shang/OneDrive - Georgia Institute of Technology/HAAG Research Bird Audio/Audio Files Analysis/Low/PSL7\20240523_090000.WAV
345.0,348.0,Phylloscopus occipitalis,Western Crowned Warbler,0.5858,C:/Users/shang/OneDrive - Georgia Institute of Technology/HAAG Research Bird Audio/Audio Files Analysis/Low/PSL7\20240523_090000.WAV
348.0,351.0,Phylloscopus occipitalis,Western Crowned Warbler,0.5331,C:/Users/shang/OneDrive - Georgia Institute of Technology/HAAG Research Bird Audio/Audio Files Analysis/Low/PSL7\20240523_090000.WAV
354.0,357.0,Phylloscopus occipitalis,Western Crowned Warbler,0.6908,C:/Users/shang/OneDrive - Georgia Institute of Technology/HAAG Research Bird Audio/Audio Files Analysis/Low/PSL7\20240523_090000.WAV
357.0,360.0,Phylloscopus occipitalis,Western Crowned Warbler,0.7209,C:/Users/shang/OneDrive - Georgia Institute of Technology/HAAG Research Bird Audio/Audio Files Analysis/Low/PSL7\20240523_090000.WAV
363.0,366.0,Phylloscopus occipitalis,Western Crowned Warbler,0.7214,C:/Users/shang/OneDrive - Georgia Institute of Technology/HAAG Research Bird Audio/Audio Files Analysis/Low/PSL7\20240523_090000.WAV
366.0,369.0,Phylloscopus occipitalis,Western Crowned Warbler,0.6113,C:/Users/shang/OneDrive - Georgia Institute of Technology/HAAG Research Bird Audio/Audio Files Analysis/Low/PSL7\20240523_090000.WAV
375.0,378.0,Phylloscopus occipitalis,Western Crowned Warbler,0.6401,C:/Users/shang/OneDrive - Georgia Institute of Technology/HAAG Research Bird Audio/Audio Files Analysis/Low/PSL7\20240523_090000.WAV
396.0,399.0,Phylloscopus occipitalis,Western Crowned Warbler,0.7412,C:/Users/shang/OneDrive - Georgia Institute of Technology/HAAG Research Bird Audio/Audio Files Analysis/Low/PSL7\20240523_090000.WAV
408.0,411.0,Phylloscopus occipitalis,Western Crowned Warbler,0.7052,C:/Users/shang/OneDrive - Georgia Institute of Technology/HAAG Research Bird Audio/Audio Files Analysis/Low/PSL7\20240523_090000.WAV
435.0,438.0,Protonotaria citrea,Prothonotary Warbler,0.5538,C:/Users/shang/OneDrive - Georgia Institute of Technology/HAAG Research Bird Audio/Audio Files Analysis/Low/PSL7\20240523_090000.WAV
441.0,444.0,Protonotaria citrea,Prothonotary Warbler,0.5307,C:/Users/shang/OneDrive - Georgia Institute of Technology/HAAG Research Bird Audio/Audio Files Analysis/Low/PSL7\20240523_090000.WAV
471.0,474.0,Prinia socialis,Ashy Prinia,0.5012,C:/Users/shang/OneDrive - Georgia Institute of Technology/HAAG Research Bird Audio/Audio Files Analysis/Low/PSL7\20240523_090000.WAV
513.0,516.0,Carpodacus rodochroa,Pink-browed Rosefinch,0.5004,C:/Users/shang/OneDrive - Georgia Institute of Technology/HAAG Research Bird Audio/Audio Files Analysis/Low/PSL7\20240523_090000.WAV
516.0,519.0,Carpodacus rodochroa,Pink-browed Rosefinch,0.7543,C:/Users/shang/OneDrive - Georgia Institute of Technology/HAAG Research Bird Audio/Audio Files Analysis/Low/PSL7\20240523_090000.WAV
522.0,525.0,Carpodacus rodochroa,Pink-browed Rosefinch,0.7564,C:/Users/shang/OneDrive - Georgia Institute of Technology/HAAG Research Bird Audio/Audio Files Analysis/Low/PSL7\20240523_090000.WAV
582.0,585.0,Larvivora brunnea,Indian Blue Robin,0.8417,C:/Users/shang/OneDrive - Georgia Institute of Technology/HAAG Research Bird Audio/Audio Files Analysis/Low/PSL7\20240523_090000.WAV
582.0,585.0,Phylloscopus magnirostris,Large-billed Leaf Warbler,0.6881,C:/Users/shang/OneDrive - Georgia Institute of Technology/HAAG Research Bird Audio/Audio Files Analysis/Low/PSL7\20240523_090000.WAV
597.0,600.0,Phylloscopus occipitalis,Western Crowned Warbler,0.8923,C:/Users/shang/OneDrive - Georgia Institute of Technology/HAAG Research Bird Audio/Audio Files Analysis/Low/PSL7\20240523_090000.WAV
600.0,603.0,Phylloscopus occipitalis,Western Crowned Warbler,0.5487,C:/Users/shang/OneDrive - Georgia Institute of Technology/HAAG Research Bird Audio/Audio Files Analysis/Low/PSL7\20240523_090000.WAV
603.0,606.0,Phylloscopus occipitalis,Western Crowned Warbler,0.5779,C:/Users/shang/OneDrive - Georgia Institute of Technology/HAAG Research Bird Audio/Audio Files Analysis/Low/PSL7\20240523_090000.WAV
606.0,609.0,Phylloscopus occipitalis,Western Crowned Warbler,0.5072,C:/Users/shang/OneDrive - Georgia Institute of Technology/HAAG Research Bird Audio/Audio Files Analysis/Low/PSL7\20240523_090000.WAV
609.0,612.0,Phylloscopus occipitalis,Western Crowned Warbler,0.9454,C:/Users/shang/OneDrive - Georgia Institute of Technology/HAAG Research Bird Audio/Audio Files Analysis/Low/PSL7\20240523_090000.WAV
621.0,624.0,Phylloscopus occipitalis,Western Crowned Warbler,0.6420,C:/Users/shang/OneDrive - Georgia Institute of Technology/HAAG Research Bird Audio/Audio Files Analysis/Low/PSL7\20240523_090000.WAV
627.0,630.0,Phylloscopus occipitalis,Western Crowned Warbler,0.7415,C:/Users/shang/OneDrive - Georgia Institute of Technology/HAAG Research Bird Audio/Audio Files Analysis/Low/PSL7\20240523_090000.WAV
639.0,642.0,Larvivora brunnea,Indian Blue Robin,0.9865,C:/Users/shang/OneDrive - Georgia Institute of Technology/HAAG Research Bird Audio/Audio Files Analysis/Low/PSL7\20240523_090000.WAV
654.0,657.0,Phylloscopus occipitalis,Western Crowned Warbler,0.6364,C:/Users/shang/OneDrive - Georgia Institute of Technology/HAAG Research Bird Audio/Audio Files Analysis/Low/PSL7\20240523_090000.WAV
660.0,663.0,Phylloscopus occipitalis,Western Crowned Warbler,0.8499,C:/Users/shang/OneDrive - Georgia Institute of Technology/HAAG Research Bird Audio/Audio Files Analysis/Low/PSL7\20240523_090000.WAV
663.0,666.0,Phylloscopus occipitalis,Western Crowned Warbler,0.6562,C:/Users/shang/OneDrive - Georgia Institute of Technology/HAAG Research Bird Audio/Audio Files Analysis/Low/PSL7\20240523_090000.WAV
666.0,669.0,Larvivora brunnea,Indian Blue Robin,0.8883,C:/Users/shang/OneDrive - Georgia Institute of Technology/HAAG Research Bird Audio/Audio Files Analysis/Low/PSL7\20240523_090000.WAV
672.0,675.0,Phylloscopus occipitalis,Western Crowned Warbler,0.6437,C:/Users/shang/OneDrive - Georgia Institute of Technology/HAAG Research Bird Audio/Audio Files Analysis/Low/PSL7\20240523_090000.WAV
678.0,681.0,Phylloscopus occipitalis,Western Crowned Warbler,0.7870,C:/Users/shang/OneDrive - Georgia Institute of Technology/HAAG Research Bird Audio/Audio Files Analysis/Low/PSL7\20240523_090000.WAV
684.0,687.0,Phylloscopus occipitalis,Western Crowned Warbler,0.7032,C:/Users/shang/OneDrive - Georgia Institute of Technology/HAAG Research Bird Audio/Audio Files Analysis/Low/PSL7\20240523_090000.WAV
690.0,693.0,Phylloscopus occipitalis,Western Crowned Warbler,0.7987,C:/Users/shang/OneDrive - Georgia Institute of Technology/HAAG Research Bird Audio/Audio Files Analysis/Low/PSL7\20240523_090000.WAV
693.0,696.0,Phylloscopus occipitalis,Western Crowned Warbler,0.8273,C:/Users/shang/OneDrive - Georgia Institute of Technology/HAAG Research Bird Audio/Audio Files Analysis/Low/PSL7\20240523_090000.WAV
702.0,705.0,Larvivora brunnea,Indian Blue Robin,0.5611,C:/Users/shang/OneDrive - Georgia Institute of Technology/HAAG Research Bird Audio/Audio Files Analysis/Low/PSL7\20240523_090000.WAV
705.0,708.0,Larvivora brunnea,Indian Blue Robin,0.6745,C:/Users/shang/OneDrive - Georgia Institute of Technology/HAAG Research Bird Audio/Audio Files Analysis/Low/PSL7\20240523_090000.WAV
717.0,720.0,Phylloscopus occipitalis,Western Crowned Warbler,0.7876,C:/Users/shang/OneDrive - Georgia Institute of Technology/HAAG Research Bird Audio/Audio Files Analysis/Low/PSL7\20240523_090000.WAV
720.0,723.0,Larvivora brunnea,Indian Blue Robin,0.7849,C:/Users/shang/OneDrive - Georgia Institute of Technology/HAAG Research Bird Audio/Audio Files Analysis/Low/PSL7\20240523_090000.WAV
723.0,726.0,Larvivora cyane,Siberian Blue Robin,0.8305,C:/Users/shang/OneDrive - Georgia Institute of Technology/HAAG Research Bird Audio/Audio Files Analysis/Low/PSL7\20240523_090000.WAV
723.0,726.0,Larvivora brunnea,Indian Blue Robin,0.5069,C:/Users/shang/OneDrive - Georgia Institute of Technology/HAAG Research Bird Audio/Audio Files Analysis/Low/PSL7\20240523_090000.WAV
744.0,747.0,Trochalopteron variegatum,Variegated Laughingthrush,0.8531,C:/Users/shang/OneDrive - Georgia Institute of Technology/HAAG Research Bird Audio/Audio Files Analysis/Low/PSL7\20240523_090000.WAV
753.0,756.0,Trochalopteron variegatum,Variegated Laughingthrush,0.7851,C:/Users/shang/OneDrive - Georgia Institute of Technology/HAAG Research Bird Audio/Audio Files Analysis/Low/PSL7\20240523_090000.WAV
759.0,762.0,Trochalopteron variegatum,Variegated Laughingthrush,0.6817,C:/Users/shang/OneDrive - Georgia Institute of Technology/HAAG Research Bird Audio/Audio Files Analysis/Low/PSL7\20240523_090000.WAV
765.0,768.0,Trochalopteron variegatum,Variegated Laughingthrush,0.9785,C:/Users/shang/OneDrive - Georgia Institute of Technology/HAAG Research Bird Audio/Audio Files Analysis/Low/PSL7\20240523_090000.WAV
771.0,774.0,Trochalopteron variegatum,Variegated Laughingthrush,0.5763,C:/Users/shang/OneDrive - Georgia Institute of Technology/HAAG Research Bird Audio/Audio Files Analysis/Low/PSL7\20240523_090000.WAV
777.0,780.0,Trochalopteron variegatum,Variegated Laughingthrush,0.9125,C:/Users/shang/OneDrive - Georgia Institute of Technology/HAAG Research Bird Audio/Audio Files Analysis/Low/PSL7\20240523_090000.WAV
780.0,783.0,Phylloscopus occipitalis,Western Crowned Warbler,0.6582,C:/Users/shang/OneDrive - Georgia Institute of Technology/HAAG Research Bird Audio/Audio Files Analysis/Low/PSL7\20240523_090000.WAV
783.0,786.0,Trochalopteron variegatum,Variegated Laughingthrush,0.9244,C:/Users/shang/OneDrive - Georgia Institute of Technology/HAAG Research Bird Audio/Audio Files Analysis/Low/PSL7\20240523_090000.WAV
786.0,789.0,Trochalopteron variegatum,Variegated Laughingthrush,0.9338,C:/Users/shang/OneDrive - Georgia Institute of Technology/HAAG Research Bird Audio/Audio Files Analysis/Low/PSL7\20240523_090000.WAV
798.0,801.0,Trochalopteron variegatum,Variegated Laughingthrush,0.9705,C:/Users/shang/OneDrive - Georgia Institute of Technology/HAAG Research Bird Audio/Audio Files Analysis/Low/PSL7\20240523_090000.WAV
801.0,804.0,Trochalopteron variegatum,Variegated Laughingthrush,0.5495,C:/Users/shang/OneDrive - Georgia Institute of Technology/HAAG Research Bird Audio/Audio Files Analysis/Low/PSL7\20240523_090000.WAV
807.0,810.0,Trochalopteron variegatum,Variegated Laughingthrush,0.6523,C:/Users/shang/OneDrive - Georgia Institute of Technology/HAAG Research Bird Audio/Audio Files Analysis/Low/PSL7\20240523_090000.WAV
810.0,813.0,Phylloscopus occipitalis,Western Crowned Warbler,0.5674,C:/Users/shang/OneDrive - Georgia Institute of Technology/HAAG Research Bird Audio/Audio Files Analysis/Low/PSL7\20240523_090000.WAV
813.0,816.0,Larvivora brunnea,Indian Blue Robin,0.8162,C:/Users/shang/OneDrive - Georgia Institute of Technology/HAAG Research Bird Audio/Audio Files Analysis/Low/PSL7\20240523_090000.WAV
816.0,819.0,Trochalopteron variegatum,Variegated Laughingthrush,0.7347,C:/Users/shang/OneDrive - Georgia Institute of Technology/HAAG Research Bird Audio/Audio Files Analysis/Low/PSL7\20240523_090000.WAV
822.0,825.0,Trochalopteron variegatum,Variegated Laughingthrush,0.9096,C:/Users/shang/OneDrive - Georgia Institute of Technology/HAAG Research Bird Audio/Audio Files Analysis/Low/PSL7\20240523_090000.WAV
828.0,831.0,Trochalopteron variegatum,Variegated Laughingthrush,0.9085,C:/Users/shang/OneDrive - Georgia Institute of Technology/HAAG Research Bird Audio/Audio Files Analysis/Low/PSL7\20240523_090000.WAV
834.0,837.0,Trochalopteron variegatum,Variegated Laughingthrush,0.8649,C:/Users/shang/OneDrive - Georgia Institute of Technology/HAAG Research Bird Audio/Audio Files Analysis/Low/PSL7\20240523_090000.WAV
861.0,864.0,Phylloscopus occipitalis,Western Crowned Warbler,0.6880,C:/Users/shang/OneDrive - Georgia Institute of Technology/HAAG Research Bird Audio/Audio Files Analysis/Low/PSL7\20240523_090000.WAV
870.0,873.0,Trochalopteron affine,Black-faced Laughingthrush,0.6017,C:/Users/shang/OneDrive - Georgia Institute of Technology/HAAG Research Bird Audio/Audio Files Analysis/Low/PSL7\20240523_090000.WAV
870.0,873.0,Trochalopteron variegatum,Variegated Laughingthrush,0.5737,C:/Users/shang/OneDrive - Georgia Institute of Technology/HAAG Research Bird Audio/Audio Files Analysis/Low/PSL7\20240523_090000.WAV
888.0,891.0,Trochalopteron variegatum,Variegated Laughingthrush,0.7135,C:/Users/shang/OneDrive - Georgia Institute of Technology/HAAG Research Bird Audio/Audio Files Analysis/Low/PSL7\20240523_090000.WAV
891.0,894.0,Trochalopteron variegatum,Variegated Laughingthrush,0.7830,C:/Users/shang/OneDrive - Georgia Institute of Technology/HAAG Research Bird Audio/Audio Files Analysis/Low/PSL7\20240523_090000.WAV
894.0,897.0,Phylloscopus occipitalis,Western Crowned Warbler,0.8771,C:/Users/shang/OneDrive - Georgia Institute of Technology/HAAG Research Bird Audio/Audio Files Analysis/Low/PSL7\20240523_090000.WAV
3.0,6.0,Protonotaria citrea,Prothonotary Warbler,0.6634,C:/Users/shang/OneDrive - Georgia Institute of Technology/HAAG Research Bird Audio/Audio Files Analysis/Low/PSL7\20240524_060000.WAV
15.0,18.0,Phylloscopus nitidus,Green Warbler,0.8950,C:/Users/shang/OneDrive - Georgia Institute of Technology/HAAG Research Bird Audio/Audio Files Analysis/Low/PSL7\20240524_060000.WAV
24.0,27.0,Phylloscopus nitidus,Green Warbler,0.5019,C:/Users/shang/OneDrive - Georgia Institute of Technology/HAAG Research Bird Audio/Audio Files Analysis/Low/PSL7\20240524_060000.WAV
30.0,33.0,Phylloscopus humei,Hume's Warbler,0.8892,C:/Users/shang/OneDrive - Georgia Institute of Technology/HAAG Research Bird Audio/Audio Files Analysis/Low/PSL7\20240524_060000.WAV
39.0,42.0,Phylloscopus humei,Hume's Warbler,0.6958,C:/Users/shang/OneDrive - Georgia Institute of Technology/HAAG Research Bird Audio/Audio Files Analysis/Low/PSL7\20240524_060000.WAV
54.0,57.0,Phylloscopus nitidus,Green Warbler,0.5474,C:/Users/shang/OneDrive - Georgia Institute of Technology/HAAG Research Bird Audio/Audio Files Analysis/Low/PSL7\20240524_060000.WAV
243.0,246.0,Phylloscopus occipitalis,Western Crowned Warbler,0.8592,C:/Users/shang/OneDrive - Georgia Institute of Technology/HAAG Research Bird Audio/Audio Files Analysis/Low/PSL7\20240524_060000.WAV
249.0,252.0,Phylloscopus occipitalis,Western Crowned Warbler,0.7724,C:/Users/shang/OneDrive - Georgia Institute of Technology/HAAG Research Bird Audio/Audio Files Analysis/Low/PSL7\20240524_060000.WAV
252.0,255.0,Phylloscopus occipitalis,Western Crowned Warbler,0.9550,C:/Users/shang/OneDrive - Georgia Institute of Technology/HAAG Research Bird Audio/Audio Files Analysis/Low/PSL7\20240524_060000.WAV
270.0,273.0,Phylloscopus occipitalis,Western Crowned Warbler,0.8481,C:/Users/shang/OneDrive - Georgia Institute of Technology/HAAG Research Bird Audio/Audio Files Analysis/Low/PSL7\20240524_060000.WAV
285.0,288.0,Phylloscopus occipitalis,Western Crowned Warbler,0.9662,C:/Users/shang/OneDrive - Georgia Institute of Technology/HAAG Research Bird Audio/Audio Files Analysis/Low/PSL7\20240524_060000.WAV
291.0,294.0,Ficedula parva,Red-breasted Flycatcher,0.8726,C:/Users/shang/OneDrive - Georgia Institute of Technology/HAAG Research Bird Audio/Audio Files Analysis/Low/PSL7\20240524_060000.WAV
294.0,297.0,Ficedula parva,Red-breasted Flycatcher,0.9279,C:/Users/shang/OneDrive - Georgia Institute of Technology/HAAG Research Bird Audio/Audio Files Analysis/Low/PSL7\20240524_060000.WAV
306.0,309.0,Phylloscopus occipitalis,Western Crowned Warbler,0.5438,C:/Users/shang/OneDrive - Georgia Institute of Technology/HAAG Research Bird Audio/Audio Files Analysis/Low/PSL7\20240524_060000.WAV
318.0,321.0,Phylloscopus occipitalis,Western Crowned Warbler,0.9223,C:/Users/shang/OneDrive - Georgia Institute of Technology/HAAG Research Bird Audio/Audio Files Analysis/Low/PSL7\20240524_060000.WAV
336.0,339.0,Phylloscopus occipitalis,Western Crowned Warbler,0.8159,C:/Users/shang/OneDrive - Georgia Institute of Technology/HAAG Research Bird Audio/Audio Files Analysis/Low/PSL7\20240524_060000.WAV
351.0,354.0,Phylloscopus occipitalis,Western Crowned Warbler,0.7682,C:/Users/shang/OneDrive - Georgia Institute of Technology/HAAG Research Bird Audio/Audio Files Analysis/Low/PSL7\20240524_060000.WAV
357.0,360.0,Phylloscopus occipitalis,Western Crowned Warbler,0.9419,C:/Users/shang/OneDrive - Georgia Institute of Technology/HAAG Research Bird Audio/Audio Files Analysis/Low/PSL7\20240524_060000.WAV
360.0,363.0,Phylloscopus occipitalis,Western Crowned Warbler,0.7982,C:/Users/shang/OneDrive - Georgia Institute of Technology/HAAG Research Bird Audio/Audio Files Analysis/Low/PSL7\20240524_060000.WAV
363.0,366.0,Phylloscopus occipitalis,Western Crowned Warbler,0.6515,C:/Users/shang/OneDrive - Georgia Institute of Technology/HAAG Research Bird Audio/Audio Files Analysis/Low/PSL7\20240524_060000.WAV
366.0,369.0,Phylloscopus occipitalis,Western Crowned Warbler,0.7344,C:/Users/shang/OneDrive - Georgia Institute of Technology/HAAG Research Bird Audio/Audio Files Analysis/Low/PSL7\20240524_060000.WAV
366.0,369.0,Protonotaria citrea,Prothonotary Warbler,0.5630,C:/Users/shang/OneDrive - Georgia Institute of Technology/HAAG Research Bird Audio/Audio Files Analysis/Low/PSL7\20240524_060000.WAV
369.0,372.0,Phylloscopus humei,Hume's Warbler,0.7950,C:/Users/shang/OneDrive - Georgia Institute of Technology/HAAG Research Bird Audio/Audio Files Analysis/Low/PSL7\20240524_060000.WAV
378.0,381.0,Phylloscopus occipitalis,Western Crowned Warbler,0.7782,C:/Users/shang/OneDrive - Georgia Institute of Technology/HAAG Research Bird Audio/Audio Files Analysis/Low/PSL7\20240524_060000.WAV
384.0,387.0,Phylloscopus occipitalis,Western Crowned Warbler,0.7886,C:/Users/shang/OneDrive - Georgia Institute of Technology/HAAG Research Bird Audio/Audio Files Analysis/Low/PSL7\20240524_060000.WAV
393.0,396.0,Phylloscopus occipitalis,Western Crowned Warbler,0.7786,C:/Users/shang/OneDrive - Georgia Institute of Technology/HAAG Research Bird Audio/Audio Files Analysis/Low/PSL7\20240524_060000.WAV
405.0,408.0,Phylloscopus occipitalis,Western Crowned Warbler,0.8783,C:/Users/shang/OneDrive - Georgia Institute of Technology/HAAG Research Bird Audio/Audio Files Analysis/Low/PSL7\20240524_060000.WAV
408.0,411.0,Phylloscopus occipitalis,Western Crowned Warbler,0.6932,C:/Users/shang/OneDrive - Georgia Institute of Technology/HAAG Research Bird Audio/Audio Files Analysis/Low/PSL7\20240524_060000.WAV
411.0,414.0,Phylloscopus nitidus,Green Warbler,0.9042,C:/Users/shang/OneDrive - Georgia Institute of Technology/HAAG Research Bird Audio/Audio Files Analysis/Low/PSL7\20240524_060000.WAV
414.0,417.0,Phylloscopus occipitalis,Western Crowned Warbler,0.8341,C:/Users/shang/OneDrive - Georgia Institute of Technology/HAAG Research Bird Audio/Audio Files Analysis/Low/PSL7\20240524_060000.WAV
426.0,429.0,Phylloscopus occipitalis,Western Crowned Warbler,0.8425,C:/Users/shang/OneDrive - Georgia Institute of Technology/HAAG Research Bird Audio/Audio Files Analysis/Low/PSL7\20240524_060000.WAV
435.0,438.0,Phylloscopus occipitalis,Western Crowned Warbler,0.6450,C:/Users/shang/OneDrive - Georgia Institute of Technology/HAAG Research Bird Audio/Audio Files Analysis/Low/PSL7\20240524_060000.WAV
441.0,444.0,Phylloscopus occipitalis,Western Crowned Warbler,0.6591,C:/Users/shang/OneDrive - Georgia Institute of Technology/HAAG Research Bird Audio/Audio Files Analysis/Low/PSL7\20240524_060000.WAV
453.0,456.0,Phylloscopus occipitalis,Western Crowned Warbler,0.6506,C:/Users/shang/OneDrive - Georgia Institute of Technology/HAAG Research Bird Audio/Audio Files Analysis/Low/PSL7\20240524_060000.WAV
486.0,489.0,Phylloscopus occipitalis,Western Crowned Warbler,0.7970,C:/Users/shang/OneDrive - Georgia Institute of Technology/HAAG Research Bird Audio/Audio Files Analysis/Low/PSL7\20240524_060000.WAV
528.0,531.0,Phylloscopus occipitalis,Western Crowned Warbler,0.8713,C:/Users/shang/OneDrive - Georgia Institute of Technology/HAAG Research Bird Audio/Audio Files Analysis/Low/PSL7\20240524_060000.WAV
543.0,546.0,Phylloscopus occipitalis,Western Crowned Warbler,0.8117,C:/Users/shang/OneDrive - Georgia Institute of Technology/HAAG Research Bird Audio/Audio Files Analysis/Low/PSL7\20240524_060000.WAV
564.0,567.0,Phylloscopus nitidus,Green Warbler,0.6524,C:/Users/shang/OneDrive - Georgia Institute of Technology/HAAG Research Bird Audio/Audio Files Analysis/Low/PSL7\20240524_060000.WAV
564.0,567.0,Phylloscopus trochiloides,Greenish Warbler,0.5199,C:/Users/shang/OneDrive - Georgia Institute of Technology/HAAG Research Bird Audio/Audio Files Analysis/Low/PSL7\20240524_060000.WAV
573.0,576.0,Phylloscopus nitidus,Green Warbler,0.9418,C:/Users/shang/OneDrive - Georgia Institute of Technology/HAAG Research Bird Audio/Audio Files Analysis/Low/PSL7\20240524_060000.WAV
576.0,579.0,Phylloscopus occipitalis,Western Crowned Warbler,0.8131,C:/Users/shang/OneDrive - Georgia Institute of Technology/HAAG Research Bird Audio/Audio Files Analysis/Low/PSL7\20240524_060000.WAV
588.0,591.0,Phylloscopus occipitalis,Western Crowned Warbler,0.6831,C:/Users/shang/OneDrive - Georgia Institute of Technology/HAAG Research Bird Audio/Audio Files Analysis/Low/PSL7\20240524_060000.WAV
591.0,594.0,Phylloscopus nitidus,Green Warbler,0.7623,C:/Users/shang/OneDrive - Georgia Institute of Technology/HAAG Research Bird Audio/Audio Files Analysis/Low/PSL7\20240524_060000.WAV
591.0,594.0,Phylloscopus trochiloides,Greenish Warbler,0.7531,C:/Users/shang/OneDrive - Georgia Institute of Technology/HAAG Research Bird Audio/Audio Files Analysis/Low/PSL7\20240524_060000.WAV
606.0,609.0,Phylloscopus occipitalis,Western Crowned Warbler,0.7206,C:/Users/shang/OneDrive - Georgia Institute of Technology/HAAG Research Bird Audio/Audio Files Analysis/Low/PSL7\20240524_060000.WAV
618.0,621.0,Phylloscopus occipitalis,Western Crowned Warbler,0.5064,C:/Users/shang/OneDrive - Georgia Institute of Technology/HAAG Research Bird Audio/Audio Files Analysis/Low/PSL7\20240524_060000.WAV
660.0,663.0,Phylloscopus occipitalis,Western Crowned Warbler,0.8585,C:/Users/shang/OneDrive - Georgia Institute of Technology/HAAG Research Bird Audio/Audio Files Analysis/Low/PSL7\20240524_060000.WAV
681.0,684.0,Phylloscopus occipitalis,Western Crowned Warbler,0.5783,C:/Users/shang/OneDrive - Georgia Institute of Technology/HAAG Research Bird Audio/Audio Files Analysis/Low/PSL7\20240524_060000.WAV
747.0,750.0,Phylloscopus occipitalis,Western Crowned Warbler,0.6306,C:/Users/shang/OneDrive - Georgia Institute of Technology/HAAG Research Bird Audio/Audio Files Analysis/Low/PSL7\20240524_060000.WAV
753.0,756.0,Phylloscopus occipitalis,Western Crowned Warbler,0.9023,C:/Users/shang/OneDrive - Georgia Institute of Technology/HAAG Research Bird Audio/Audio Files Analysis/Low/PSL7\20240524_060000.WAV
756.0,759.0,Phylloscopus occipitalis,Western Crowned Warbler,0.9873,C:/Users/shang/OneDrive - Georgia Institute of Technology/HAAG Research Bird Audio/Audio Files Analysis/Low/PSL7\20240524_060000.WAV
846.0,849.0,Phylloscopus occipitalis,Western Crowned Warbler,0.8400,C:/Users/shang/OneDrive - Georgia Institute of Technology/HAAG Research Bird Audio/Audio Files Analysis/Low/PSL7\20240524_060000.WAV
873.0,876.0,Phylloscopus occipitalis,Western Crowned Warbler,0.8707,C:/Users/shang/OneDrive - Georgia Institute of Technology/HAAG Research Bird Audio/Audio Files Analysis/Low/PSL7\20240524_060000.WAV
879.0,882.0,Phylloscopus occipitalis,Western Crowned Warbler,0.8017,C:/Users/shang/OneDrive - Georgia Institute of Technology/HAAG Research Bird Audio/Audio Files Analysis/Low/PSL7\20240524_060000.WAV
882.0,885.0,Phylloscopus occipitalis,Western Crowned Warbler,0.8852,C:/Users/shang/OneDrive - Georgia Institute of Technology/HAAG Research Bird Audio/Audio Files Analysis/Low/PSL7\20240524_060000.WAV
885.0,888.0,Phylloscopus occipitalis,Western Crowned Warbler,0.9636,C:/Users/shang/OneDrive - Georgia Institute of Technology/HAAG Research Bird Audio/Audio Files Analysis/Low/PSL7\20240524_060000.WAV
897.0,900.0,Phylloscopus occipitalis,Western Crowned Warbler,0.7066,C:/Users/shang/OneDrive - Georgia Institute of Technology/HAAG Research Bird Audio/Audio Files Analysis/Low/PSL7\20240524_060000.WAV
30.0,33.0,Phylloscopus occipitalis,Western Crowned Warbler,0.9380,C:/Users/shang/OneDrive - Georgia Institute of Technology/HAAG Research Bird Audio/Audio Files Analysis/Low/PSL7\20240524_070000.WAV
63.0,66.0,Phylloscopus occipitalis,Western Crowned Warbler,0.8512,C:/Users/shang/OneDrive - Georgia Institute of Technology/HAAG Research Bird Audio/Audio Files Analysis/Low/PSL7\20240524_070000.WAV
66.0,69.0,Phylloscopus occipitalis,Western Crowned Warbler,0.8855,C:/Users/shang/OneDrive - Georgia Institute of Technology/HAAG Research Bird Audio/Audio Files Analysis/Low/PSL7\20240524_070000.WAV
69.0,72.0,Phylloscopus occipitalis,Western Crowned Warbler,0.6717,C:/Users/shang/OneDrive - Georgia Institute of Technology/HAAG Research Bird Audio/Audio Files Analysis/Low/PSL7\20240524_070000.WAV
72.0,75.0,Phylloscopus occipitalis,Western Crowned Warbler,0.8750,C:/Users/shang/OneDrive - Georgia Institute of Technology/HAAG Research Bird Audio/Audio Files Analysis/Low/PSL7\20240524_070000.WAV
78.0,81.0,Phylloscopus occipitalis,Western Crowned Warbler,0.5368,C:/Users/shang/OneDrive - Georgia Institute of Technology/HAAG Research Bird Audio/Audio Files Analysis/Low/PSL7\20240524_070000.WAV
87.0,90.0,Phylloscopus occipitalis,Western Crowned Warbler,0.9228,C:/Users/shang/OneDrive - Georgia Institute of Technology/HAAG Research Bird Audio/Audio Files Analysis/Low/PSL7\20240524_070000.WAV
90.0,93.0,Phylloscopus occipitalis,Western Crowned Warbler,0.8903,C:/Users/shang/OneDrive - Georgia Institute of Technology/HAAG Research Bird Audio/Audio Files Analysis/Low/PSL7\20240524_070000.WAV
93.0,96.0,Phylloscopus occipitalis,Western Crowned Warbler,0.9810,C:/Users/shang/OneDrive - Georgia Institute of Technology/HAAG Research Bird Audio/Audio Files Analysis/Low/PSL7\20240524_070000.WAV
96.0,99.0,Phylloscopus occipitalis,Western Crowned Warbler,0.9908,C:/Users/shang/OneDrive - Georgia Institute of Technology/HAAG Research Bird Audio/Audio Files Analysis/Low/PSL7\20240524_070000.WAV
99.0,102.0,Phylloscopus occipitalis,Western Crowned Warbler,0.8307,C:/Users/shang/OneDrive - Georgia Institute of Technology/HAAG Research Bird Audio/Audio Files Analysis/Low/PSL7\20240524_070000.WAV
105.0,108.0,Phylloscopus occipitalis,Western Crowned Warbler,0.9654,C:/Users/shang/OneDrive - Georgia Institute of Technology/HAAG Research Bird Audio/Audio Files Analysis/Low/PSL7\20240524_070000.WAV
108.0,111.0,Phylloscopus occipitalis,Western Crowned Warbler,0.9491,C:/Users/shang/OneDrive - Georgia Institute of Technology/HAAG Research Bird Audio/Audio Files Analysis/Low/PSL7\20240524_070000.WAV
111.0,114.0,Phylloscopus occipitalis,Western Crowned Warbler,0.9221,C:/Users/shang/OneDrive - Georgia Institute of Technology/HAAG Research Bird Audio/Audio Files Analysis/Low/PSL7\20240524_070000.WAV
114.0,117.0,Phylloscopus occipitalis,Western Crowned Warbler,0.9669,C:/Users/shang/OneDrive - Georgia Institute of Technology/HAAG Research Bird Audio/Audio Files Analysis/Low/PSL7\20240524_070000.WAV
120.0,123.0,Phylloscopus occipitalis,Western Crowned Warbler,0.8839,C:/Users/shang/OneDrive - Georgia Institute of Technology/HAAG Research Bird Audio/Audio Files Analysis/Low/PSL7\20240524_070000.WAV
123.0,126.0,Phylloscopus occipitalis,Western Crowned Warbler,0.9996,C:/Users/shang/OneDrive - Georgia Institute of Technology/HAAG Research Bird Audio/Audio Files Analysis/Low/PSL7\20240524_070000.WAV
132.0,135.0,Phylloscopus occipitalis,Western Crowned Warbler,0.5673,C:/Users/shang/OneDrive - Georgia Institute of Technology/HAAG Research Bird Audio/Audio Files Analysis/Low/PSL7\20240524_070000.WAV
135.0,138.0,Phylloscopus occipitalis,Western Crowned Warbler,0.9553,C:/Users/shang/OneDrive - Georgia Institute of Technology/HAAG Research Bird Audio/Audio Files Analysis/Low/PSL7\20240524_070000.WAV
141.0,144.0,Phylloscopus occipitalis,Western Crowned Warbler,0.9375,C:/Users/shang/OneDrive - Georgia Institute of Technology/HAAG Research Bird Audio/Audio Files Analysis/Low/PSL7\20240524_070000.WAV
147.0,150.0,Phylloscopus occipitalis,Western Crowned Warbler,0.8890,C:/Users/shang/OneDrive - Georgia Institute of Technology/HAAG Research Bird Audio/Audio Files Analysis/Low/PSL7\20240524_070000.WAV
201.0,204.0,Protonotaria citrea,Prothonotary Warbler,0.6194,C:/Users/shang/OneDrive - Georgia Institute of Technology/HAAG Research Bird Audio/Audio Files Analysis/Low/PSL7\20240524_070000.WAV
207.0,210.0,Phylloscopus nitidus,Green Warbler,0.5475,C:/Users/shang/OneDrive - Georgia Institute of Technology/HAAG Research Bird Audio/Audio Files Analysis/Low/PSL7\20240524_070000.WAV
213.0,216.0,Phylloscopus humei,Hume's Warbler,0.9916,C:/Users/shang/OneDrive - Georgia Institute of Technology/HAAG Research Bird Audio/Audio Files Analysis/Low/PSL7\20240524_070000.WAV
246.0,249.0,Phylloscopus nitidus,Green Warbler,0.9415,C:/Users/shang/OneDrive - Georgia Institute of Technology/HAAG Research Bird Audio/Audio Files Analysis/Low/PSL7\20240524_070000.WAV
291.0,294.0,Phylloscopus nitidus,Green Warbler,0.6832,C:/Users/shang/OneDrive - Georgia Institute of Technology/HAAG Research Bird Audio/Audio Files Analysis/Low/PSL7\20240524_070000.WAV
294.0,297.0,Phylloscopus humei,Hume's Warbler,0.7689,C:/Users/shang/OneDrive - Georgia Institute of Technology/HAAG Research Bird Audio/Audio Files Analysis/Low/PSL7\20240524_070000.WAV
297.0,300.0,Phylloscopus nitidus,Green Warbler,0.9472,C:/Users/shang/OneDrive - Georgia Institute of Technology/HAAG Research Bird Audio/Audio Files Analysis/Low/PSL7\20240524_070000.WAV
303.0,306.0,Phylloscopus humei,Hume's Warbler,0.6735,C:/Users/shang/OneDrive - Georgia Institute of Technology/HAAG Research Bird Audio/Audio Files Analysis/Low/PSL7\20240524_070000.WAV
306.0,309.0,Phylloscopus humei,Hume's Warbler,0.7456,C:/Users/shang/OneDrive - Georgia Institute of Technology/HAAG Research Bird Audio/Audio Files Analysis/Low/PSL7\20240524_070000.WAV
309.0,312.0,Phylloscopus nitidus,Green Warbler,0.6827,C:/Users/shang/OneDrive - Georgia Institute of Technology/HAAG Research Bird Audio/Audio Files Analysis/Low/PSL7\20240524_070000.WAV
312.0,315.0,Phylloscopus humei,Hume's Warbler,0.9581,C:/Users/shang/OneDrive - Georgia Institute of Technology/HAAG Research Bird Audio/Audio Files Analysis/Low/PSL7\20240524_070000.WAV
315.0,318.0,Phylloscopus humei,Hume's Warbler,0.6438,C:/Users/shang/OneDrive - Georgia Institute of Technology/HAAG Research Bird Audio/Audio Files Analysis/Low/PSL7\20240524_070000.WAV
321.0,324.0,Phylloscopus humei,Hume's Warbler,0.9845,C:/Users/shang/OneDrive - Georgia Institute of Technology/HAAG Research Bird Audio/Audio Files Analysis/Low/PSL7\20240524_070000.WAV
324.0,327.0,Phylloscopus humei,Hume's Warbler,0.9522,C:/Users/shang/OneDrive - Georgia Institute of Technology/HAAG Research Bird Audio/Audio Files Analysis/Low/PSL7\20240524_070000.WAV
330.0,333.0,Phylloscopus humei,Hume's Warbler,0.5595,C:/Users/shang/OneDrive - Georgia Institute of Technology/HAAG Research Bird Audio/Audio Files Analysis/Low/PSL7\20240524_070000.WAV
333.0,336.0,Phylloscopus humei,Hume's Warbler,0.7838,C:/Users/shang/OneDrive - Georgia Institute of Technology/HAAG Research Bird Audio/Audio Files Analysis/Low/PSL7\20240524_070000.WAV
339.0,342.0,Phylloscopus humei,Hume's Warbler,0.9729,C:/Users/shang/OneDrive - Georgia Institute of Technology/HAAG Research Bird Audio/Audio Files Analysis/Low/PSL7\20240524_070000.WAV
375.0,378.0,Phylloscopus humei,Hume's Warbler,0.9673,C:/Users/shang/OneDrive - Georgia Institute of Technology/HAAG Research Bird Audio/Audio Files Analysis/Low/PSL7\20240524_070000.WAV
396.0,399.0,Phylloscopus humei,Hume's Warbler,0.9266,C:/Users/shang/OneDrive - Georgia Institute of Technology/HAAG Research Bird Audio/Audio Files Analysis/Low/PSL7\20240524_070000.WAV
411.0,414.0,Phylloscopus humei,Hume's Warbler,0.7468,C:/Users/shang/OneDrive - Georgia Institute of Technology/HAAG Research Bird Audio/Audio Files Analysis/Low/PSL7\20240524_070000.WAV
477.0,480.0,Erithacus rubecula,European Robin,0.5345,C:/Users/shang/OneDrive - Georgia Institute of Technology/HAAG Research Bird Audio/Audio Files Analysis/Low/PSL7\20240524_070000.WAV
489.0,492.0,Phylloscopus humei,Hume's Warbler,0.7163,C:/Users/shang/OneDrive - Georgia Institute of Technology/HAAG Research Bird Audio/Audio Files Analysis/Low/PSL7\20240524_070000.WAV
534.0,537.0,Phylloscopus humei,Hume's Warbler,0.8074,C:/Users/shang/OneDrive - Georgia Institute of Technology/HAAG Research Bird Audio/Audio Files Analysis/Low/PSL7\20240524_070000.WAV
537.0,540.0,Phylloscopus humei,Hume's Warbler,0.8289,C:/Users/shang/OneDrive - Georgia Institute of Technology/HAAG Research Bird Audio/Audio Files Analysis/Low/PSL7\20240524_070000.WAV
555.0,558.0,Phylloscopus humei,Hume's Warbler,0.5493,C:/Users/shang/OneDrive - Georgia Institute of Technology/HAAG Research Bird Audio/Audio Files Analysis/Low/PSL7\20240524_070000.WAV
567.0,570.0,Phylloscopus trochiloides,Greenish Warbler,0.6595,C:/Users/shang/OneDrive - Georgia Institute of Technology/HAAG Research Bird Audio/Audio Files Analysis/Low/PSL7\20240524_070000.WAV
570.0,573.0,Cardellina pusilla,Wilson's Warbler,0.5284,C:/Users/shang/OneDrive - Georgia Institute of Technology/HAAG Research Bird Audio/Audio Files Analysis/Low/PSL7\20240524_070000.WAV
600.0,603.0,Phylloscopus trochiloides,Greenish Warbler,0.7192,C:/Users/shang/OneDrive - Georgia Institute of Technology/HAAG Research Bird Audio/Audio Files Analysis/Low/PSL7\20240524_070000.WAV
615.0,618.0,Phylloscopus occipitalis,Western Crowned Warbler,0.6614,C:/Users/shang/OneDrive - Georgia Institute of Technology/HAAG Research Bird Audio/Audio Files Analysis/Low/PSL7\20240524_070000.WAV
618.0,621.0,Phylloscopus occipitalis,Western Crowned Warbler,0.5556,C:/Users/shang/OneDrive - Georgia Institute of Technology/HAAG Research Bird Audio/Audio Files Analysis/Low/PSL7\20240524_070000.WAV
642.0,645.0,Phylloscopus occipitalis,Western Crowned Warbler,0.7034,C:/Users/shang/OneDrive - Georgia Institute of Technology/HAAG Research Bird Audio/Audio Files Analysis/Low/PSL7\20240524_070000.WAV
663.0,666.0,Phylloscopus humei,Hume's Warbler,0.5915,C:/Users/shang/OneDrive - Georgia Institute of Technology/HAAG Research Bird Audio/Audio Files Analysis/Low/PSL7\20240524_070000.WAV
684.0,687.0,Phylloscopus humei,Hume's Warbler,0.5919,C:/Users/shang/OneDrive - Georgia Institute of Technology/HAAG Research Bird Audio/Audio Files Analysis/Low/PSL7\20240524_070000.WAV
687.0,690.0,Phylloscopus humei,Hume's Warbler,0.6473,C:/Users/shang/OneDrive - Georgia Institute of Technology/HAAG Research Bird Audio/Audio Files Analysis/Low/PSL7\20240524_070000.WAV
783.0,786.0,Phylloscopus trochiloides,Greenish Warbler,0.8688,C:/Users/shang/OneDrive - Georgia Institute of Technology/HAAG Research Bird Audio/Audio Files Analysis/Low/PSL7\20240524_070000.WAV
783.0,786.0,Phylloscopus nitidus,Green Warbler,0.6029,C:/Users/shang/OneDrive - Georgia Institute of Technology/HAAG Research Bird Audio/Audio Files Analysis/Low/PSL7\20240524_070000.WAV
789.0,792.0,Larvivora brunnea,Indian Blue Robin,0.8482,C:/Users/shang/OneDrive - Georgia Institute of Technology/HAAG Research Bird Audio/Audio Files Analysis/Low/PSL7\20240524_070000.WAV
792.0,795.0,Phylloscopus trochiloides,Greenish Warbler,0.5499,C:/Users/shang/OneDrive - Georgia Institute of Technology/HAAG Research Bird Audio/Audio Files Analysis/Low/PSL7\20240524_070000.WAV
825.0,828.0,Geothlypis tolmiei,MacGillivray's Warbler,0.6289,C:/Users/shang/OneDrive - Georgia Institute of Technology/HAAG Research Bird Audio/Audio Files Analysis/Low/PSL7\20240524_070000.WAV
15.0,18.0,Larvivora brunnea,Indian Blue Robin,0.8568,C:/Users/shang/OneDrive - Georgia Institute of Technology/HAAG Research Bird Audio/Audio Files Analysis/Low/PSL7\20240524_080000.WAV
57.0,60.0,Larvivora brunnea,Indian Blue Robin,0.6459,C:/Users/shang/OneDrive - Georgia Institute of Technology/HAAG Research Bird Audio/Audio Files Analysis/Low/PSL7\20240524_080000.WAV
81.0,84.0,Larvivora brunnea,Indian Blue Robin,0.8309,C:/Users/shang/OneDrive - Georgia Institute of Technology/HAAG Research Bird Audio/Audio Files Analysis/Low/PSL7\20240524_080000.WAV
81.0,84.0,Larvivora cyane,Siberian Blue Robin,0.5374,C:/Users/shang/OneDrive - Georgia Institute of Technology/HAAG Research Bird Audio/Audio Files Analysis/Low/PSL7\20240524_080000.WAV
99.0,102.0,Larvivora brunnea,Indian Blue Robin,0.7138,C:/Users/shang/OneDrive - Georgia Institute of Technology/HAAG Research Bird Audio/Audio Files Analysis/Low/PSL7\20240524_080000.WAV
111.0,114.0,Phylloscopus nitidus,Green Warbler,0.6470,C:/Users/shang/OneDrive - Georgia Institute of Technology/HAAG Research Bird Audio/Audio Files Analysis/Low/PSL7\20240524_080000.WAV
117.0,120.0,Phylloscopus nitidus,Green Warbler,0.6078,C:/Users/shang/OneDrive - Georgia Institute of Technology/HAAG Research Bird Audio/Audio Files Analysis/Low/PSL7\20240524_080000.WAV
138.0,141.0,Phylloscopus nitidus,Green Warbler,0.8678,C:/Users/shang/OneDrive - Georgia Institute of Technology/HAAG Research Bird Audio/Audio Files Analysis/Low/PSL7\20240524_080000.WAV
156.0,159.0,Phylloscopus nitidus,Green Warbler,0.5808,C:/Users/shang/OneDrive - Georgia Institute of Technology/HAAG Research Bird Audio/Audio Files Analysis/Low/PSL7\20240524_080000.WAV
237.0,240.0,Prinia socialis,Ashy Prinia,0.6941,C:/Users/shang/OneDrive - Georgia Institute of Technology/HAAG Research Bird Audio/Audio Files Analysis/Low/PSL7\20240524_080000.WAV
243.0,246.0,Phylloscopus occipitalis,Western Crowned Warbler,0.5181,C:/Users/shang/OneDrive - Georgia Institute of Technology/HAAG Research Bird Audio/Audio Files Analysis/Low/PSL7\20240524_080000.WAV
246.0,249.0,Protonotaria citrea,Prothonotary Warbler,0.8008,C:/Users/shang/OneDrive - Georgia Institute of Technology/HAAG Research Bird Audio/Audio Files Analysis/Low/PSL7\20240524_080000.WAV
273.0,276.0,Protonotaria citrea,Prothonotary Warbler,0.5454,C:/Users/shang/OneDrive - Georgia Institute of Technology/HAAG Research Bird Audio/Audio Files Analysis/Low/PSL7\20240524_080000.WAV
282.0,285.0,Protonotaria citrea,Prothonotary Warbler,0.7766,C:/Users/shang/OneDrive - Georgia Institute of Technology/HAAG Research Bird Audio/Audio Files Analysis/Low/PSL7\20240524_080000.WAV
294.0,297.0,Phylloscopus occipitalis,Western Crowned Warbler,0.5654,C:/Users/shang/OneDrive - Georgia Institute of Technology/HAAG Research Bird Audio/Audio Files Analysis/Low/PSL7\20240524_080000.WAV
303.0,306.0,Phylloscopus occipitalis,Western Crowned Warbler,0.5757,C:/Users/shang/OneDrive - Georgia Institute of Technology/HAAG Research Bird Audio/Audio Files Analysis/Low/PSL7\20240524_080000.WAV
306.0,309.0,Protonotaria citrea,Prothonotary Warbler,0.7524,C:/Users/shang/OneDrive - Georgia Institute of Technology/HAAG Research Bird Audio/Audio Files Analysis/Low/PSL7\20240524_080000.WAV
447.0,450.0,Protonotaria citrea,Prothonotary Warbler,0.7941,C:/Users/shang/OneDrive - Georgia Institute of Technology/HAAG Research Bird Audio/Audio Files Analysis/Low/PSL7\20240524_080000.WAV
465.0,468.0,Phylloscopus occipitalis,Western Crowned Warbler,0.5559,C:/Users/shang/OneDrive - Georgia Institute of Technology/HAAG Research Bird Audio/Audio Files Analysis/Low/PSL7\20240524_080000.WAV
483.0,486.0,Prinia socialis,Ashy Prinia,0.7645,C:/Users/shang/OneDrive - Georgia Institute of Technology/HAAG Research Bird Audio/Audio Files Analysis/Low/PSL7\20240524_080000.WAV
498.0,501.0,Prunella strophiata,Rufous-breasted Accentor,0.8408,C:/Users/shang/OneDrive - Georgia Institute of Technology/HAAG Research Bird Audio/Audio Files Analysis/Low/PSL7\20240524_080000.WAV
597.0,600.0,Phylloscopus occipitalis,Western Crowned Warbler,0.8780,C:/Users/shang/OneDrive - Georgia Institute of Technology/HAAG Research Bird Audio/Audio Files Analysis/Low/PSL7\20240524_080000.WAV
600.0,603.0,Phylloscopus occipitalis,Western Crowned Warbler,0.9304,C:/Users/shang/OneDrive - Georgia Institute of Technology/HAAG Research Bird Audio/Audio Files Analysis/Low/PSL7\20240524_080000.WAV
684.0,687.0,Phylloscopus humei,Hume's Warbler,0.5194,C:/Users/shang/OneDrive - Georgia Institute of Technology/HAAG Research Bird Audio/Audio Files Analysis/Low/PSL7\20240524_080000.WAV
699.0,702.0,Prunella strophiata,Rufous-breasted Accentor,0.6086,C:/Users/shang/OneDrive - Georgia Institute of Technology/HAAG Research Bird Audio/Audio Files Analysis/Low/PSL7\20240524_080000.WAV
705.0,708.0,Phylloscopus occipitalis,Western Crowned Warbler,0.6360,C:/Users/shang/OneDrive - Georgia Institute of Technology/HAAG Research Bird Audio/Audio Files Analysis/Low/PSL7\20240524_080000.WAV
708.0,711.0,Piranga leucoptera,White-winged Tanager,0.7574,C:/Users/shang/OneDrive - Georgia Institute of Technology/HAAG Research Bird Audio/Audio Files Analysis/Low/PSL7\20240524_080000.WAV
714.0,717.0,Phylloscopus occipitalis,Western Crowned Warbler,0.5420,C:/Users/shang/OneDrive - Georgia Institute of Technology/HAAG Research Bird Audio/Audio Files Analysis/Low/PSL7\20240524_080000.WAV
729.0,732.0,Prunella strophiata,Rufous-breasted Accentor,0.7354,C:/Users/shang/OneDrive - Georgia Institute of Technology/HAAG Research Bird Audio/Audio Files Analysis/Low/PSL7\20240524_080000.WAV
732.0,735.0,Aphrastura spinicauda,Thorn-tailed Rayadito,0.5767,C:/Users/shang/OneDrive - Georgia Institute of Technology/HAAG Research Bird Audio/Audio Files Analysis/Low/PSL7\20240524_080000.WAV
744.0,747.0,Phylloscopus occipitalis,Western Crowned Warbler,0.6703,C:/Users/shang/OneDrive - Georgia Institute of Technology/HAAG Research Bird Audio/Audio Files Analysis/Low/PSL7\20240524_080000.WAV
759.0,762.0,Phylloscopus occipitalis,Western Crowned Warbler,0.6136,C:/Users/shang/OneDrive - Georgia Institute of Technology/HAAG Research Bird Audio/Audio Files Analysis/Low/PSL7\20240524_080000.WAV
777.0,780.0,Protonotaria citrea,Prothonotary Warbler,0.8560,C:/Users/shang/OneDrive - Georgia Institute of Technology/HAAG Research Bird Audio/Audio Files Analysis/Low/PSL7\20240524_080000.WAV
780.0,783.0,Phylloscopus occipitalis,Western Crowned Warbler,0.6076,C:/Users/shang/OneDrive - Georgia Institute of Technology/HAAG Research Bird Audio/Audio Files Analysis/Low/PSL7\20240524_080000.WAV
795.0,798.0,Phylloscopus occipitalis,Western Crowned Warbler,0.9146,C:/Users/shang/OneDrive - Georgia Institute of Technology/HAAG Research Bird Audio/Audio Files Analysis/Low/PSL7\20240524_080000.WAV
798.0,801.0,Protonotaria citrea,Prothonotary Warbler,0.9218,C:/Users/shang/OneDrive - Georgia Institute of Technology/HAAG Research Bird Audio/Audio Files Analysis/Low/PSL7\20240524_080000.WAV
822.0,825.0,Phylloscopus occipitalis,Western Crowned Warbler,0.9395,C:/Users/shang/OneDrive - Georgia Institute of Technology/HAAG Research Bird Audio/Audio Files Analysis/Low/PSL7\20240524_080000.WAV
825.0,828.0,Phylloscopus occipitalis,Western Crowned Warbler,0.9925,C:/Users/shang/OneDrive - Georgia Institute of Technology/HAAG Research Bird Audio/Audio Files Analysis/Low/PSL7\20240524_080000.WAV
828.0,831.0,Phylloscopus occipitalis,Western Crowned Warbler,0.9891,C:/Users/shang/OneDrive - Georgia Institute of Technology/HAAG Research Bird Audio/Audio Files Analysis/Low/PSL7\20240524_080000.WAV
837.0,840.0,Protonotaria citrea,Prothonotary Warbler,0.7174,C:/Users/shang/OneDrive - Georgia Institute of Technology/HAAG Research Bird Audio/Audio Files Analysis/Low/PSL7\20240524_080000.WAV
837.0,840.0,Phylloscopus occipitalis,Western Crowned Warbler,0.5774,C:/Users/shang/OneDrive - Georgia Institute of Technology/HAAG Research Bird Audio/Audio Files Analysis/Low/PSL7\20240524_080000.WAV
843.0,846.0,Phylloscopus occipitalis,Western Crowned Warbler,0.8480,C:/Users/shang/OneDrive - Georgia Institute of Technology/HAAG Research Bird Audio/Audio Files Analysis/Low/PSL7\20240524_080000.WAV
849.0,852.0,Phylloscopus occipitalis,Western Crowned Warbler,0.7969,C:/Users/shang/OneDrive - Georgia Institute of Technology/HAAG Research Bird Audio/Audio Files Analysis/Low/PSL7\20240524_080000.WAV
855.0,858.0,Phylloscopus humei,Hume's Warbler,0.5028,C:/Users/shang/OneDrive - Georgia Institute of Technology/HAAG Research Bird Audio/Audio Files Analysis/Low/PSL7\20240524_080000.WAV
861.0,864.0,Phylloscopus humei,Hume's Warbler,0.6241,C:/Users/shang/OneDrive - Georgia Institute of Technology/HAAG Research Bird Audio/Audio Files Analysis/Low/PSL7\20240524_080000.WAV
873.0,876.0,Phylloscopus occipitalis,Western Crowned Warbler,0.5962,C:/Users/shang/OneDrive - Georgia Institute of Technology/HAAG Research Bird Audio/Audio Files Analysis/Low/PSL7\20240524_080000.WAV
879.0,882.0,Phylloscopus humei,Hume's Warbler,0.9525,C:/Users/shang/OneDrive - Georgia Institute of Technology/HAAG Research Bird Audio/Audio Files Analysis/Low/PSL7\20240524_080000.WAV
891.0,894.0,Phylloscopus occipitalis,Western Crowned Warbler,0.6191,C:/Users/shang/OneDrive - Georgia Institute of Technology/HAAG Research Bird Audio/Audio Files Analysis/Low/PSL7\20240524_080000.WAV
9.0,12.0,Phylloscopus occipitalis,Western Crowned Warbler,0.5976,C:/Users/shang/OneDrive - Georgia Institute of Technology/HAAG Research Bird Audio/Audio Files Analysis/Low/PSL7\20240524_090000.WAV
18.0,21.0,Phylloscopus occipitalis,Western Crowned Warbler,0.7328,C:/Users/shang/OneDrive - Georgia Institute of Technology/HAAG Research Bird Audio/Audio Files Analysis/Low/PSL7\20240524_090000.WAV
30.0,33.0,Phylloscopus occipitalis,Western Crowned Warbler,0.5032,C:/Users/shang/OneDrive - Georgia Institute of Technology/HAAG Research Bird Audio/Audio Files Analysis/Low/PSL7\20240524_090000.WAV
33.0,36.0,Protonotaria citrea,Prothonotary Warbler,0.9221,C:/Users/shang/OneDrive - Georgia Institute of Technology/HAAG Research Bird Audio/Audio Files Analysis/Low/PSL7\20240524_090000.WAV
93.0,96.0,Phylloscopus nitidus,Green Warbler,0.8135,C:/Users/shang/OneDrive - Georgia Institute of Technology/HAAG Research Bird Audio/Audio Files Analysis/Low/PSL7\20240524_090000.WAV
96.0,99.0,Phylloscopus nitidus,Green Warbler,0.7637,C:/Users/shang/OneDrive - Georgia Institute of Technology/HAAG Research Bird Audio/Audio Files Analysis/Low/PSL7\20240524_090000.WAV
150.0,153.0,Phylloscopus nitidus,Green Warbler,0.5974,C:/Users/shang/OneDrive - Georgia Institute of Technology/HAAG Research Bird Audio/Audio Files Analysis/Low/PSL7\20240524_090000.WAV
156.0,159.0,Phylloscopus occipitalis,Western Crowned Warbler,0.9679,C:/Users/shang/OneDrive - Georgia Institute of Technology/HAAG Research Bird Audio/Audio Files Analysis/Low/PSL7\20240524_090000.WAV
174.0,177.0,Phylloscopus nitidus,Green Warbler,0.9152,C:/Users/shang/OneDrive - Georgia Institute of Technology/HAAG Research Bird Audio/Audio Files Analysis/Low/PSL7\20240524_090000.WAV
174.0,177.0,Phylloscopus trochiloides,Greenish Warbler,0.7104,C:/Users/shang/OneDrive - Georgia Institute of Technology/HAAG Research Bird Audio/Audio Files Analysis/Low/PSL7\20240524_090000.WAV
189.0,192.0,Protonotaria citrea,Prothonotary Warbler,0.5538,C:/Users/shang/OneDrive - Georgia Institute of Technology/HAAG Research Bird Audio/Audio Files Analysis/Low/PSL7\20240524_090000.WAV
192.0,195.0,Protonotaria citrea,Prothonotary Warbler,0.5963,C:/Users/shang/OneDrive - Georgia Institute of Technology/HAAG Research Bird Audio/Audio Files Analysis/Low/PSL7\20240524_090000.WAV
195.0,198.0,Phylloscopus trochiloides,Greenish Warbler,0.9100,C:/Users/shang/OneDrive - Georgia Institute of Technology/HAAG Research Bird Audio/Audio Files Analysis/Low/PSL7\20240524_090000.WAV
195.0,198.0,Phylloscopus nitidus,Green Warbler,0.5346,C:/Users/shang/OneDrive - Georgia Institute of Technology/HAAG Research Bird Audio/Audio Files Analysis/Low/PSL7\20240524_090000.WAV
222.0,225.0,Phylloscopus occipitalis,Western Crowned Warbler,0.6962,C:/Users/shang/OneDrive - Georgia Institute of Technology/HAAG Research Bird Audio/Audio Files Analysis/Low/PSL7\20240524_090000.WAV
249.0,252.0,Phylloscopus occipitalis,Western Crowned Warbler,0.6896,C:/Users/shang/OneDrive - Georgia Institute of Technology/HAAG Research Bird Audio/Audio Files Analysis/Low/PSL7\20240524_090000.WAV
273.0,276.0,Protonotaria citrea,Prothonotary Warbler,0.7583,C:/Users/shang/OneDrive - Georgia Institute of Technology/HAAG Research Bird Audio/Audio Files Analysis/Low/PSL7\20240524_090000.WAV
306.0,309.0,Protonotaria citrea,Prothonotary Warbler,0.5574,C:/Users/shang/OneDrive - Georgia Institute of Technology/HAAG Research Bird Audio/Audio Files Analysis/Low/PSL7\20240524_090000.WAV
318.0,321.0,Phylloscopus occipitalis,Western Crowned Warbler,0.7096,C:/Users/shang/OneDrive - Georgia Institute of Technology/HAAG Research Bird Audio/Audio Files Analysis/Low/PSL7\20240524_090000.WAV
321.0,324.0,Larvivora brunnea,Indian Blue Robin,0.8257,C:/Users/shang/OneDrive - Georgia Institute of Technology/HAAG Research Bird Audio/Audio Files Analysis/Low/PSL7\20240524_090000.WAV
324.0,327.0,Phylloscopus occipitalis,Western Crowned Warbler,0.7841,C:/Users/shang/OneDrive - Georgia Institute of Technology/HAAG Research Bird Audio/Audio Files Analysis/Low/PSL7\20240524_090000.WAV
327.0,330.0,Phylloscopus occipitalis,Western Crowned Warbler,0.6656,C:/Users/shang/OneDrive - Georgia Institute of Technology/HAAG Research Bird Audio/Audio Files Analysis/Low/PSL7\20240524_090000.WAV
330.0,333.0,Phylloscopus occipitalis,Western Crowned Warbler,0.5142,C:/Users/shang/OneDrive - Georgia Institute of Technology/HAAG Research Bird Audio/Audio Files Analysis/Low/PSL7\20240524_090000.WAV
336.0,339.0,Phylloscopus occipitalis,Western Crowned Warbler,0.5107,C:/Users/shang/OneDrive - Georgia Institute of Technology/HAAG Research Bird Audio/Audio Files Analysis/Low/PSL7\20240524_090000.WAV
342.0,345.0,Phylloscopus occipitalis,Western Crowned Warbler,0.6715,C:/Users/shang/OneDrive - Georgia Institute of Technology/HAAG Research Bird Audio/Audio Files Analysis/Low/PSL7\20240524_090000.WAV
357.0,360.0,Phylloscopus occipitalis,Western Crowned Warbler,0.5233,C:/Users/shang/OneDrive - Georgia Institute of Technology/HAAG Research Bird Audio/Audio Files Analysis/Low/PSL7\20240524_090000.WAV
360.0,363.0,Protonotaria citrea,Prothonotary Warbler,0.7027,C:/Users/shang/OneDrive - Georgia Institute of Technology/HAAG Research Bird Audio/Audio Files Analysis/Low/PSL7\20240524_090000.WAV
372.0,375.0,Phylloscopus occipitalis,Western Crowned Warbler,0.8084,C:/Users/shang/OneDrive - Georgia Institute of Technology/HAAG Research Bird Audio/Audio Files Analysis/Low/PSL7\20240524_090000.WAV
387.0,390.0,Phylloscopus occipitalis,Western Crowned Warbler,0.8305,C:/Users/shang/OneDrive - Georgia Institute of Technology/HAAG Research Bird Audio/Audio Files Analysis/Low/PSL7\20240524_090000.WAV
390.0,393.0,Phylloscopus occipitalis,Western Crowned Warbler,0.6490,C:/Users/shang/OneDrive - Georgia Institute of Technology/HAAG Research Bird Audio/Audio Files Analysis/Low/PSL7\20240524_090000.WAV
405.0,408.0,Larvivora brunnea,Indian Blue Robin,0.9545,C:/Users/shang/OneDrive - Georgia Institute of Technology/HAAG Research Bird Audio/Audio Files Analysis/Low/PSL7\20240524_090000.WAV
429.0,432.0,Phylloscopus occipitalis,Western Crowned Warbler,0.6902,C:/Users/shang/OneDrive - Georgia Institute of Technology/HAAG Research Bird Audio/Audio Files Analysis/Low/PSL7\20240524_090000.WAV
429.0,432.0,Protonotaria citrea,Prothonotary Warbler,0.5030,C:/Users/shang/OneDrive - Georgia Institute of Technology/HAAG Research Bird Audio/Audio Files Analysis/Low/PSL7\20240524_090000.WAV
447.0,450.0,Larvivora brunnea,Indian Blue Robin,0.9418,C:/Users/shang/OneDrive - Georgia Institute of Technology/HAAG Research Bird Audio/Audio Files Analysis/Low/PSL7\20240524_090000.WAV
462.0,465.0,Protonotaria citrea,Prothonotary Warbler,0.7983,C:/Users/shang/OneDrive - Georgia Institute of Technology/HAAG Research Bird Audio/Audio Files Analysis/Low/PSL7\20240524_090000.WAV
486.0,489.0,Larvivora brunnea,Indian Blue Robin,0.9567,C:/Users/shang/OneDrive - Georgia Institute of Technology/HAAG Research Bird Audio/Audio Files Analysis/Low/PSL7\20240524_090000.WAV
516.0,519.0,Larvivora brunnea,Indian Blue Robin,0.7939,C:/Users/shang/OneDrive - Georgia Institute of Technology/HAAG Research Bird Audio/Audio Files Analysis/Low/PSL7\20240524_090000.WAV
519.0,522.0,Ficedula hypoleuca,European Pied Flycatcher,0.7778,C:/Users/shang/OneDrive - Georgia Institute of Technology/HAAG Research Bird Audio/Audio Files Analysis/Low/PSL7\20240524_090000.WAV
519.0,522.0,Larvivora cyane,Siberian Blue Robin,0.7094,C:/Users/shang/OneDrive - Georgia Institute of Technology/HAAG Research Bird Audio/Audio Files Analysis/Low/PSL7\20240524_090000.WAV
549.0,552.0,Larvivora brunnea,Indian Blue Robin,0.9267,C:/Users/shang/OneDrive - Georgia Institute of Technology/HAAG Research Bird Audio/Audio Files Analysis/Low/PSL7\20240524_090000.WAV
564.0,567.0,Larvivora brunnea,Indian Blue Robin,0.9367,C:/Users/shang/OneDrive - Georgia Institute of Technology/HAAG Research Bird Audio/Audio Files Analysis/Low/PSL7\20240524_090000.WAV
597.0,600.0,Larvivora brunnea,Indian Blue Robin,0.5633,C:/Users/shang/OneDrive - Georgia Institute of Technology/HAAG Research Bird Audio/Audio Files Analysis/Low/PSL7\20240524_090000.WAV
597.0,600.0,Setophaga townsendi,Townsend's Warbler,0.5366,C:/Users/shang/OneDrive - Georgia Institute of Technology/HAAG Research Bird Audio/Audio Files Analysis/Low/PSL7\20240524_090000.WAV
606.0,609.0,Trochalopteron variegatum,Variegated Laughingthrush,0.6314,C:/Users/shang/OneDrive - Georgia Institute of Technology/HAAG Research Bird Audio/Audio Files Analysis/Low/PSL7\20240524_090000.WAV
624.0,627.0,Phylloscopus humei,Hume's Warbler,0.9828,C:/Users/shang/OneDrive - Georgia Institute of Technology/HAAG Research Bird Audio/Audio Files Analysis/Low/PSL7\20240524_090000.WAV
636.0,639.0,Trochalopteron variegatum,Variegated Laughingthrush,0.7850,C:/Users/shang/OneDrive - Georgia Institute of Technology/HAAG Research Bird Audio/Audio Files Analysis/Low/PSL7\20240524_090000.WAV
684.0,687.0,Larvivora brunnea,Indian Blue Robin,0.8411,C:/Users/shang/OneDrive - Georgia Institute of Technology/HAAG Research Bird Audio/Audio Files Analysis/Low/PSL7\20240524_090000.WAV
723.0,726.0,Larvivora brunnea,Indian Blue Robin,0.7537,C:/Users/shang/OneDrive - Georgia Institute of Technology/HAAG Research Bird Audio/Audio Files Analysis/Low/PSL7\20240524_090000.WAV
741.0,744.0,Phylloscopus nitidus,Green Warbler,0.7171,C:/Users/shang/OneDrive - Georgia Institute of Technology/HAAG Research Bird Audio/Audio Files Analysis/Low/PSL7\20240524_090000.WAV
753.0,756.0,Trochalopteron variegatum,Variegated Laughingthrush,0.9496,C:/Users/shang/OneDrive - Georgia Institute of Technology/HAAG Research Bird Audio/Audio Files Analysis/Low/PSL7\20240524_090000.WAV
765.0,768.0,Phylloscopus humei,Hume's Warbler,0.7031,C:/Users/shang/OneDrive - Georgia Institute of Technology/HAAG Research Bird Audio/Audio Files Analysis/Low/PSL7\20240524_090000.WAV
783.0,786.0,Phylloscopus trochiloides,Greenish Warbler,0.5915,C:/Users/shang/OneDrive - Georgia Institute of Technology/HAAG Research Bird Audio/Audio Files Analysis/Low/PSL7\20240524_090000.WAV
786.0,789.0,Phylloscopus humei,Hume's Warbler,0.7192,C:/Users/shang/OneDrive - Georgia Institute of Technology/HAAG Research Bird Audio/Audio Files Analysis/Low/PSL7\20240524_090000.WAV
789.0,792.0,Phylloscopus humei,Hume's Warbler,0.9919,C:/Users/shang/OneDrive - Georgia Institute of Technology/HAAG Research Bird Audio/Audio Files Analysis/Low/PSL7\20240524_090000.WAV
816.0,819.0,Trochalopteron variegatum,Variegated Laughingthrush,0.5620,C:/Users/shang/OneDrive - Georgia Institute of Technology/HAAG Research Bird Audio/Audio Files Analysis/Low/PSL7\20240524_090000.WAV
819.0,822.0,Trochalopteron variegatum,Variegated Laughingthrush,0.8151,C:/Users/shang/OneDrive - Georgia Institute of Technology/HAAG Research Bird Audio/Audio Files Analysis/Low/PSL7\20240524_090000.WAV
825.0,828.0,Trochalopteron variegatum,Variegated Laughingthrush,0.7590,C:/Users/shang/OneDrive - Georgia Institute of Technology/HAAG Research Bird Audio/Audio Files Analysis/Low/PSL7\20240524_090000.WAV
828.0,831.0,Trochalopteron variegatum,Variegated Laughingthrush,0.8715,C:/Users/shang/OneDrive - Georgia Institute of Technology/HAAG Research Bird Audio/Audio Files Analysis/Low/PSL7\20240524_090000.WAV
831.0,834.0,Trochalopteron affine,Black-faced Laughingthrush,0.6787,C:/Users/shang/OneDrive - Georgia Institute of Technology/HAAG Research Bird Audio/Audio Files Analysis/Low/PSL7\20240524_090000.WAV
846.0,849.0,Larvivora brunnea,Indian Blue Robin,0.5317,C:/Users/shang/OneDrive - Georgia Institute of Technology/HAAG Research Bird Audio/Audio Files Analysis/Low/PSL7\20240524_090000.WAV
861.0,864.0,Larvivora brunnea,Indian Blue Robin,0.9467,C:/Users/shang/OneDrive - Georgia Institute of Technology/HAAG Research Bird Audio/Audio Files Analysis/Low/PSL7\20240524_090000.WAV
885.0,888.0,Phylloscopus nitidus,Green Warbler,0.7844,C:/Users/shang/OneDrive - Georgia Institute of Technology/HAAG Research Bird Audio/Audio Files Analysis/Low/PSL7\20240524_090000.WAV
888.0,891.0,Trochalopteron imbricatum,Bhutan Laughingthrush,0.5895,C:/Users/shang/OneDrive - Georgia Institute of Technology/HAAG Research Bird Audio/Audio Files Analysis/Low/PSL7\20240524_090000.WAV
894.0,897.0,Trochalopteron variegatum,Variegated Laughingthrush,0.7396,C:/Users/shang/OneDrive - Georgia Institute of Technology/HAAG Research Bird Audio/Audio Files Analysis/Low/PSL7\20240524_090000.WAV
12.0,15.0,Phylloscopus occipitalis,Western Crowned Warbler,0.5365,C:/Users/shang/OneDrive - Georgia Institute of Technology/HAAG Research Bird Audio/Audio Files Analysis/Low/PSL7\20240525_060000.WAV
75.0,78.0,Phylloscopus nitidus,Green Warbler,0.7227,C:/Users/shang/OneDrive - Georgia Institute of Technology/HAAG Research Bird Audio/Audio Files Analysis/Low/PSL7\20240525_060000.WAV
180.0,183.0,Phylloscopus nitidus,Green Warbler,0.5117,C:/Users/shang/OneDrive - Georgia Institute of Technology/HAAG Research Bird Audio/Audio Files Analysis/Low/PSL7\20240525_060000.WAV
195.0,198.0,Phylloscopus nitidus,Green Warbler,0.5838,C:/Users/shang/OneDrive - Georgia Institute of Technology/HAAG Research Bird Audio/Audio Files Analysis/Low/PSL7\20240525_060000.WAV
198.0,201.0,Phylloscopus nitidus,Green Warbler,0.7460,C:/Users/shang/OneDrive - Georgia Institute of Technology/HAAG Research Bird Audio/Audio Files Analysis/Low/PSL7\20240525_060000.WAV
198.0,201.0,Phylloscopus trochiloides,Greenish Warbler,0.5496,C:/Users/shang/OneDrive - Georgia Institute of Technology/HAAG Research Bird Audio/Audio Files Analysis/Low/PSL7\20240525_060000.WAV
204.0,207.0,Phylloscopus nitidus,Green Warbler,0.8064,C:/Users/shang/OneDrive - Georgia Institute of Technology/HAAG Research Bird Audio/Audio Files Analysis/Low/PSL7\20240525_060000.WAV
213.0,216.0,Phylloscopus trochiloides,Greenish Warbler,0.6041,C:/Users/shang/OneDrive - Georgia Institute of Technology/HAAG Research Bird Audio/Audio Files Analysis/Low/PSL7\20240525_060000.WAV
234.0,237.0,Phylloscopus trochiloides,Greenish Warbler,0.5159,C:/Users/shang/OneDrive - Georgia Institute of Technology/HAAG Research Bird Audio/Audio Files Analysis/Low/PSL7\20240525_060000.WAV
261.0,264.0,Phylloscopus trochiloides,Greenish Warbler,0.5497,C:/Users/shang/OneDrive - Georgia Institute of Technology/HAAG Research Bird Audio/Audio Files Analysis/Low/PSL7\20240525_060000.WAV
267.0,270.0,Phylloscopus nitidus,Green Warbler,0.7872,C:/Users/shang/OneDrive - Georgia Institute of Technology/HAAG Research Bird Audio/Audio Files Analysis/Low/PSL7\20240525_060000.WAV
276.0,279.0,Phylloscopus nitidus,Green Warbler,0.5541,C:/Users/shang/OneDrive - Georgia Institute of Technology/HAAG Research Bird Audio/Audio Files Analysis/Low/PSL7\20240525_060000.WAV
294.0,297.0,Phylloscopus nitidus,Green Warbler,0.9170,C:/Users/shang/OneDrive - Georgia Institute of Technology/HAAG Research Bird Audio/Audio Files Analysis/Low/PSL7\20240525_060000.WAV
303.0,306.0,Phylloscopus nitidus,Green Warbler,0.5912,C:/Users/shang/OneDrive - Georgia Institute of Technology/HAAG Research Bird Audio/Audio Files Analysis/Low/PSL7\20240525_060000.WAV
324.0,327.0,Phylloscopus humei,Hume's Warbler,0.5053,C:/Users/shang/OneDrive - Georgia Institute of Technology/HAAG Research Bird Audio/Audio Files Analysis/Low/PSL7\20240525_060000.WAV
399.0,402.0,Phylloscopus nitidus,Green Warbler,0.6161,C:/Users/shang/OneDrive - Georgia Institute of Technology/HAAG Research Bird Audio/Audio Files Analysis/Low/PSL7\20240525_060000.WAV
408.0,411.0,Phylloscopus trochiloides,Greenish Warbler,0.5407,C:/Users/shang/OneDrive - Georgia Institute of Technology/HAAG Research Bird Audio/Audio Files Analysis/Low/PSL7\20240525_060000.WAV
420.0,423.0,Phylloscopus humei,Hume's Warbler,0.6047,C:/Users/shang/OneDrive - Georgia Institute of Technology/HAAG Research Bird Audio/Audio Files Analysis/Low/PSL7\20240525_060000.WAV
426.0,429.0,Phylloscopus nitidus,Green Warbler,0.6227,C:/Users/shang/OneDrive - Georgia Institute of Technology/HAAG Research Bird Audio/Audio Files Analysis/Low/PSL7\20240525_060000.WAV
444.0,447.0,Phylloscopus nitidus,Green Warbler,0.6380,C:/Users/shang/OneDrive - Georgia Institute of Technology/HAAG Research Bird Audio/Audio Files Analysis/Low/PSL7\20240525_060000.WAV
471.0,474.0,Phylloscopus nitidus,Green Warbler,0.8064,C:/Users/shang/OneDrive - Georgia Institute of Technology/HAAG Research Bird Audio/Audio Files Analysis/Low/PSL7\20240525_060000.WAV
477.0,480.0,Phylloscopus nitidus,Green Warbler,0.6554,C:/Users/shang/OneDrive - Georgia Institute of Technology/HAAG Research Bird Audio/Audio Files Analysis/Low/PSL7\20240525_060000.WAV
477.0,480.0,Phylloscopus trochiloides,Greenish Warbler,0.6395,C:/Users/shang/OneDrive - Georgia Institute of Technology/HAAG Research Bird Audio/Audio Files Analysis/Low/PSL7\20240525_060000.WAV
513.0,516.0,Phylloscopus nitidus,Green Warbler,0.5481,C:/Users/shang/OneDrive - Georgia Institute of Technology/HAAG Research Bird Audio/Audio Files Analysis/Low/PSL7\20240525_060000.WAV
513.0,516.0,Phylloscopus trochiloides,Greenish Warbler,0.5057,C:/Users/shang/OneDrive - Georgia Institute of Technology/HAAG Research Bird Audio/Audio Files Analysis/Low/PSL7\20240525_060000.WAV
621.0,624.0,Phylloscopus occipitalis,Western Crowned Warbler,0.6558,C:/Users/shang/OneDrive - Georgia Institute of Technology/HAAG Research Bird Audio/Audio Files Analysis/Low/PSL7\20240525_060000.WAV
669.0,672.0,Phylloscopus occipitalis,Western Crowned Warbler,0.5280,C:/Users/shang/OneDrive - Georgia Institute of Technology/HAAG Research Bird Audio/Audio Files Analysis/Low/PSL7\20240525_060000.WAV
696.0,699.0,Phylloscopus occipitalis,Western Crowned Warbler,0.7405,C:/Users/shang/OneDrive - Georgia Institute of Technology/HAAG Research Bird Audio/Audio Files Analysis/Low/PSL7\20240525_060000.WAV
699.0,702.0,Phylloscopus occipitalis,Western Crowned Warbler,0.9497,C:/Users/shang/OneDrive - Georgia Institute of Technology/HAAG Research Bird Audio/Audio Files Analysis/Low/PSL7\20240525_060000.WAV
702.0,705.0,Phylloscopus occipitalis,Western Crowned Warbler,0.9364,C:/Users/shang/OneDrive - Georgia Institute of Technology/HAAG Research Bird Audio/Audio Files Analysis/Low/PSL7\20240525_060000.WAV
705.0,708.0,Phylloscopus occipitalis,Western Crowned Warbler,0.5981,C:/Users/shang/OneDrive - Georgia Institute of Technology/HAAG Research Bird Audio/Audio Files Analysis/Low/PSL7\20240525_060000.WAV
708.0,711.0,Phylloscopus occipitalis,Western Crowned Warbler,0.9263,C:/Users/shang/OneDrive - Georgia Institute of Technology/HAAG Research Bird Audio/Audio Files Analysis/Low/PSL7\20240525_060000.WAV
711.0,714.0,Phylloscopus occipitalis,Western Crowned Warbler,0.8491,C:/Users/shang/OneDrive - Georgia Institute of Technology/HAAG Research Bird Audio/Audio Files Analysis/Low/PSL7\20240525_060000.WAV
714.0,717.0,Phylloscopus occipitalis,Western Crowned Warbler,0.9212,C:/Users/shang/OneDrive - Georgia Institute of Technology/HAAG Research Bird Audio/Audio Files Analysis/Low/PSL7\20240525_060000.WAV
717.0,720.0,Sericornis humilis,Tasmanian Scrubwren,0.5962,C:/Users/shang/OneDrive - Georgia Institute of Technology/HAAG Research Bird Audio/Audio Files Analysis/Low/PSL7\20240525_060000.WAV
720.0,723.0,Phylloscopus occipitalis,Western Crowned Warbler,0.9732,C:/Users/shang/OneDrive - Georgia Institute of Technology/HAAG Research Bird Audio/Audio Files Analysis/Low/PSL7\20240525_060000.WAV
723.0,726.0,Phylloscopus occipitalis,Western Crowned Warbler,0.7776,C:/Users/shang/OneDrive - Georgia Institute of Technology/HAAG Research Bird Audio/Audio Files Analysis/Low/PSL7\20240525_060000.WAV
723.0,726.0,Sericornis humilis,Tasmanian Scrubwren,0.5650,C:/Users/shang/OneDrive - Georgia Institute of Technology/HAAG Research Bird Audio/Audio Files Analysis/Low/PSL7\20240525_060000.WAV
726.0,729.0,Phylloscopus occipitalis,Western Crowned Warbler,0.8376,C:/Users/shang/OneDrive - Georgia Institute of Technology/HAAG Research Bird Audio/Audio Files Analysis/Low/PSL7\20240525_060000.WAV
729.0,732.0,Phylloscopus occipitalis,Western Crowned Warbler,0.7152,C:/Users/shang/OneDrive - Georgia Institute of Technology/HAAG Research Bird Audio/Audio Files Analysis/Low/PSL7\20240525_060000.WAV
732.0,735.0,Phylloscopus occipitalis,Western Crowned Warbler,0.7250,C:/Users/shang/OneDrive - Georgia Institute of Technology/HAAG Research Bird Audio/Audio Files Analysis/Low/PSL7\20240525_060000.WAV
735.0,738.0,Phylloscopus occipitalis,Western Crowned Warbler,0.9145,C:/Users/shang/OneDrive - Georgia Institute of Technology/HAAG Research Bird Audio/Audio Files Analysis/Low/PSL7\20240525_060000.WAV
738.0,741.0,Phylloscopus occipitalis,Western Crowned Warbler,0.9627,C:/Users/shang/OneDrive - Georgia Institute of Technology/HAAG Research Bird Audio/Audio Files Analysis/Low/PSL7\20240525_060000.WAV
744.0,747.0,Phylloscopus occipitalis,Western Crowned Warbler,0.6661,C:/Users/shang/OneDrive - Georgia Institute of Technology/HAAG Research Bird Audio/Audio Files Analysis/Low/PSL7\20240525_060000.WAV
747.0,750.0,Phylloscopus occipitalis,Western Crowned Warbler,0.5199,C:/Users/shang/OneDrive - Georgia Institute of Technology/HAAG Research Bird Audio/Audio Files Analysis/Low/PSL7\20240525_060000.WAV
753.0,756.0,Phylloscopus occipitalis,Western Crowned Warbler,0.9410,C:/Users/shang/OneDrive - Georgia Institute of Technology/HAAG Research Bird Audio/Audio Files Analysis/Low/PSL7\20240525_060000.WAV
756.0,759.0,Phylloscopus occipitalis,Western Crowned Warbler,0.8615,C:/Users/shang/OneDrive - Georgia Institute of Technology/HAAG Research Bird Audio/Audio Files Analysis/Low/PSL7\20240525_060000.WAV
759.0,762.0,Phylloscopus occipitalis,Western Crowned Warbler,0.7907,C:/Users/shang/OneDrive - Georgia Institute of Technology/HAAG Research Bird Audio/Audio Files Analysis/Low/PSL7\20240525_060000.WAV
765.0,768.0,Phylloscopus occipitalis,Western Crowned Warbler,0.9853,C:/Users/shang/OneDrive - Georgia Institute of Technology/HAAG Research Bird Audio/Audio Files Analysis/Low/PSL7\20240525_060000.WAV
768.0,771.0,Phylloscopus occipitalis,Western Crowned Warbler,0.7043,C:/Users/shang/OneDrive - Georgia Institute of Technology/HAAG Research Bird Audio/Audio Files Analysis/Low/PSL7\20240525_060000.WAV
771.0,774.0,Phylloscopus occipitalis,Western Crowned Warbler,0.5227,C:/Users/shang/OneDrive - Georgia Institute of Technology/HAAG Research Bird Audio/Audio Files Analysis/Low/PSL7\20240525_060000.WAV
774.0,777.0,Phylloscopus occipitalis,Western Crowned Warbler,0.9207,C:/Users/shang/OneDrive - Georgia Institute of Technology/HAAG Research Bird Audio/Audio Files Analysis/Low/PSL7\20240525_060000.WAV
777.0,780.0,Phylloscopus occipitalis,Western Crowned Warbler,0.7370,C:/Users/shang/OneDrive - Georgia Institute of Technology/HAAG Research Bird Audio/Audio Files Analysis/Low/PSL7\20240525_060000.WAV
780.0,783.0,Phylloscopus occipitalis,Western Crowned Warbler,0.8094,C:/Users/shang/OneDrive - Georgia Institute of Technology/HAAG Research Bird Audio/Audio Files Analysis/Low/PSL7\20240525_060000.WAV
783.0,786.0,Phylloscopus occipitalis,Western Crowned Warbler,0.9313,C:/Users/shang/OneDrive - Georgia Institute of Technology/HAAG Research Bird Audio/Audio Files Analysis/Low/PSL7\20240525_060000.WAV
786.0,789.0,Phylloscopus occipitalis,Western Crowned Warbler,0.8713,C:/Users/shang/OneDrive - Georgia Institute of Technology/HAAG Research Bird Audio/Audio Files Analysis/Low/PSL7\20240525_060000.WAV
789.0,792.0,Phylloscopus occipitalis,Western Crowned Warbler,0.8987,C:/Users/shang/OneDrive - Georgia Institute of Technology/HAAG Research Bird Audio/Audio Files Analysis/Low/PSL7\20240525_060000.WAV
792.0,795.0,Phylloscopus occipitalis,Western Crowned Warbler,0.8486,C:/Users/shang/OneDrive - Georgia Institute of Technology/HAAG Research Bird Audio/Audio Files Analysis/Low/PSL7\20240525_060000.WAV
795.0,798.0,Phylloscopus occipitalis,Western Crowned Warbler,0.7197,C:/Users/shang/OneDrive - Georgia Institute of Technology/HAAG Research Bird Audio/Audio Files Analysis/Low/PSL7\20240525_060000.WAV
798.0,801.0,Phylloscopus occipitalis,Western Crowned Warbler,0.9191,C:/Users/shang/OneDrive - Georgia Institute of Technology/HAAG Research Bird Audio/Audio Files Analysis/Low/PSL7\20240525_060000.WAV
801.0,804.0,Phylloscopus occipitalis,Western Crowned Warbler,0.8265,C:/Users/shang/OneDrive - Georgia Institute of Technology/HAAG Research Bird Audio/Audio Files Analysis/Low/PSL7\20240525_060000.WAV
807.0,810.0,Phylloscopus occipitalis,Western Crowned Warbler,0.8329,C:/Users/shang/OneDrive - Georgia Institute of Technology/HAAG Research Bird Audio/Audio Files Analysis/Low/PSL7\20240525_060000.WAV
813.0,816.0,Phylloscopus occipitalis,Western Crowned Warbler,0.7273,C:/Users/shang/OneDrive - Georgia Institute of Technology/HAAG Research Bird Audio/Audio Files Analysis/Low/PSL7\20240525_060000.WAV
822.0,825.0,Phylloscopus occipitalis,Western Crowned Warbler,0.6278,C:/Users/shang/OneDrive - Georgia Institute of Technology/HAAG Research Bird Audio/Audio Files Analysis/Low/PSL7\20240525_060000.WAV
825.0,828.0,Phylloscopus occipitalis,Western Crowned Warbler,0.8967,C:/Users/shang/OneDrive - Georgia Institute of Technology/HAAG Research Bird Audio/Audio Files Analysis/Low/PSL7\20240525_060000.WAV
828.0,831.0,Phylloscopus occipitalis,Western Crowned Warbler,0.8621,C:/Users/shang/OneDrive - Georgia Institute of Technology/HAAG Research Bird Audio/Audio Files Analysis/Low/PSL7\20240525_060000.WAV
831.0,834.0,Phylloscopus occipitalis,Western Crowned Warbler,0.9468,C:/Users/shang/OneDrive - Georgia Institute of Technology/HAAG Research Bird Audio/Audio Files Analysis/Low/PSL7\20240525_060000.WAV
834.0,837.0,Phylloscopus occipitalis,Western Crowned Warbler,0.9070,C:/Users/shang/OneDrive - Georgia Institute of Technology/HAAG Research Bird Audio/Audio Files Analysis/Low/PSL7\20240525_060000.WAV
837.0,840.0,Phylloscopus occipitalis,Western Crowned Warbler,0.9896,C:/Users/shang/OneDrive - Georgia Institute of Technology/HAAG Research Bird Audio/Audio Files Analysis/Low/PSL7\20240525_060000.WAV
840.0,843.0,Phylloscopus occipitalis,Western Crowned Warbler,0.8503,C:/Users/shang/OneDrive - Georgia Institute of Technology/HAAG Research Bird Audio/Audio Files Analysis/Low/PSL7\20240525_060000.WAV
843.0,846.0,Phylloscopus occipitalis,Western Crowned Warbler,0.9908,C:/Users/shang/OneDrive - Georgia Institute of Technology/HAAG Research Bird Audio/Audio Files Analysis/Low/PSL7\20240525_060000.WAV
846.0,849.0,Phylloscopus occipitalis,Western Crowned Warbler,0.9805,C:/Users/shang/OneDrive - Georgia Institute of Technology/HAAG Research Bird Audio/Audio Files Analysis/Low/PSL7\20240525_060000.WAV
849.0,852.0,Phylloscopus occipitalis,Western Crowned Warbler,0.9887,C:/Users/shang/OneDrive - Georgia Institute of Technology/HAAG Research Bird Audio/Audio Files Analysis/Low/PSL7\20240525_060000.WAV
852.0,855.0,Phylloscopus occipitalis,Western Crowned Warbler,0.9950,C:/Users/shang/OneDrive - Georgia Institute of Technology/HAAG Research Bird Audio/Audio Files Analysis/Low/PSL7\20240525_060000.WAV
855.0,858.0,Phylloscopus occipitalis,Western Crowned Warbler,0.9021,C:/Users/shang/OneDrive - Georgia Institute of Technology/HAAG Research Bird Audio/Audio Files Analysis/Low/PSL7\20240525_060000.WAV
858.0,861.0,Phylloscopus occipitalis,Western Crowned Warbler,0.8102,C:/Users/shang/OneDrive - Georgia Institute of Technology/HAAG Research Bird Audio/Audio Files Analysis/Low/PSL7\20240525_060000.WAV
861.0,864.0,Phylloscopus occipitalis,Western Crowned Warbler,0.7323,C:/Users/shang/OneDrive - Georgia Institute of Technology/HAAG Research Bird Audio/Audio Files Analysis/Low/PSL7\20240525_060000.WAV
864.0,867.0,Phylloscopus occipitalis,Western Crowned Warbler,0.7448,C:/Users/shang/OneDrive - Georgia Institute of Technology/HAAG Research Bird Audio/Audio Files Analysis/Low/PSL7\20240525_060000.WAV
6.0,9.0,Palmeria dolei,Akohekohe,0.7185,C:/Users/shang/OneDrive - Georgia Institute of Technology/HAAG Research Bird Audio/Audio Files Analysis/Low/PSL7\20240525_070000.WAV
24.0,27.0,Protonotaria citrea,Prothonotary Warbler,0.7803,C:/Users/shang/OneDrive - Georgia Institute of Technology/HAAG Research Bird Audio/Audio Files Analysis/Low/PSL7\20240525_070000.WAV
30.0,33.0,Phylloscopus occipitalis,Western Crowned Warbler,0.9346,C:/Users/shang/OneDrive - Georgia Institute of Technology/HAAG Research Bird Audio/Audio Files Analysis/Low/PSL7\20240525_070000.WAV
39.0,42.0,Phylloscopus occipitalis,Western Crowned Warbler,0.5179,C:/Users/shang/OneDrive - Georgia Institute of Technology/HAAG Research Bird Audio/Audio Files Analysis/Low/PSL7\20240525_070000.WAV
45.0,48.0,Phylloscopus occipitalis,Western Crowned Warbler,0.9471,C:/Users/shang/OneDrive - Georgia Institute of Technology/HAAG Research Bird Audio/Audio Files Analysis/Low/PSL7\20240525_070000.WAV
51.0,54.0,Phylloscopus occipitalis,Western Crowned Warbler,0.9137,C:/Users/shang/OneDrive - Georgia Institute of Technology/HAAG Research Bird Audio/Audio Files Analysis/Low/PSL7\20240525_070000.WAV
57.0,60.0,Phylloscopus occipitalis,Western Crowned Warbler,0.9090,C:/Users/shang/OneDrive - Georgia Institute of Technology/HAAG Research Bird Audio/Audio Files Analysis/Low/PSL7\20240525_070000.WAV
60.0,63.0,Phylloscopus occipitalis,Western Crowned Warbler,0.7669,C:/Users/shang/OneDrive - Georgia Institute of Technology/HAAG Research Bird Audio/Audio Files Analysis/Low/PSL7\20240525_070000.WAV
60.0,63.0,Protonotaria citrea,Prothonotary Warbler,0.5760,C:/Users/shang/OneDrive - Georgia Institute of Technology/HAAG Research Bird Audio/Audio Files Analysis/Low/PSL7\20240525_070000.WAV
66.0,69.0,Protonotaria citrea,Prothonotary Warbler,0.8457,C:/Users/shang/OneDrive - Georgia Institute of Technology/HAAG Research Bird Audio/Audio Files Analysis/Low/PSL7\20240525_070000.WAV
72.0,75.0,Phylloscopus occipitalis,Western Crowned Warbler,0.5533,C:/Users/shang/OneDrive - Georgia Institute of Technology/HAAG Research Bird Audio/Audio Files Analysis/Low/PSL7\20240525_070000.WAV
81.0,84.0,Protonotaria citrea,Prothonotary Warbler,0.7882,C:/Users/shang/OneDrive - Georgia Institute of Technology/HAAG Research Bird Audio/Audio Files Analysis/Low/PSL7\20240525_070000.WAV
93.0,96.0,Phylloscopus occipitalis,Western Crowned Warbler,0.5291,C:/Users/shang/OneDrive - Georgia Institute of Technology/HAAG Research Bird Audio/Audio Files Analysis/Low/PSL7\20240525_070000.WAV
129.0,132.0,Phylloscopus occipitalis,Western Crowned Warbler,0.7621,C:/Users/shang/OneDrive - Georgia Institute of Technology/HAAG Research Bird Audio/Audio Files Analysis/Low/PSL7\20240525_070000.WAV
135.0,138.0,Phylloscopus occipitalis,Western Crowned Warbler,0.5217,C:/Users/shang/OneDrive - Georgia Institute of Technology/HAAG Research Bird Audio/Audio Files Analysis/Low/PSL7\20240525_070000.WAV
348.0,351.0,Phylloscopus humei,Hume's Warbler,0.5464,C:/Users/shang/OneDrive - Georgia Institute of Technology/HAAG Research Bird Audio/Audio Files Analysis/Low/PSL7\20240525_070000.WAV
357.0,360.0,Phylloscopus humei,Hume's Warbler,0.9378,C:/Users/shang/OneDrive - Georgia Institute of Technology/HAAG Research Bird Audio/Audio Files Analysis/Low/PSL7\20240525_070000.WAV
393.0,396.0,Phylloscopus nitidus,Green Warbler,0.5568,C:/Users/shang/OneDrive - Georgia Institute of Technology/HAAG Research Bird Audio/Audio Files Analysis/Low/PSL7\20240525_070000.WAV
402.0,405.0,Phylloscopus humei,Hume's Warbler,0.8728,C:/Users/shang/OneDrive - Georgia Institute of Technology/HAAG Research Bird Audio/Audio Files Analysis/Low/PSL7\20240525_070000.WAV
411.0,414.0,Phylloscopus nitidus,Green Warbler,0.6190,C:/Users/shang/OneDrive - Georgia Institute of Technology/HAAG Research Bird Audio/Audio Files Analysis/Low/PSL7\20240525_070000.WAV
417.0,420.0,Phylloscopus humei,Hume's Warbler,0.9138,C:/Users/shang/OneDrive - Georgia Institute of Technology/HAAG Research Bird Audio/Audio Files Analysis/Low/PSL7\20240525_070000.WAV
438.0,441.0,Phylloscopus humei,Hume's Warbler,0.8465,C:/Users/shang/OneDrive - Georgia Institute of Technology/HAAG Research Bird Audio/Audio Files Analysis/Low/PSL7\20240525_070000.WAV
462.0,465.0,Larvivora brunnea,Indian Blue Robin,0.6590,C:/Users/shang/OneDrive - Georgia Institute of Technology/HAAG Research Bird Audio/Audio Files Analysis/Low/PSL7\20240525_070000.WAV
495.0,498.0,Larvivora brunnea,Indian Blue Robin,0.7533,C:/Users/shang/OneDrive - Georgia Institute of Technology/HAAG Research Bird Audio/Audio Files Analysis/Low/PSL7\20240525_070000.WAV
516.0,519.0,Larvivora brunnea,Indian Blue Robin,0.6693,C:/Users/shang/OneDrive - Georgia Institute of Technology/HAAG Research Bird Audio/Audio Files Analysis/Low/PSL7\20240525_070000.WAV
540.0,543.0,Ficedula albicollis,Collared Flycatcher,0.6898,C:/Users/shang/OneDrive - Georgia Institute of Technology/HAAG Research Bird Audio/Audio Files Analysis/Low/PSL7\20240525_070000.WAV
591.0,594.0,Larvivora brunnea,Indian Blue Robin,0.9011,C:/Users/shang/OneDrive - Georgia Institute of Technology/HAAG Research Bird Audio/Audio Files Analysis/Low/PSL7\20240525_070000.WAV
618.0,621.0,Larvivora brunnea,Indian Blue Robin,0.5861,C:/Users/shang/OneDrive - Georgia Institute of Technology/HAAG Research Bird Audio/Audio Files Analysis/Low/PSL7\20240525_070000.WAV
630.0,633.0,Larvivora brunnea,Indian Blue Robin,0.6923,C:/Users/shang/OneDrive - Georgia Institute of Technology/HAAG Research Bird Audio/Audio Files Analysis/Low/PSL7\20240525_070000.WAV
648.0,651.0,Larvivora brunnea,Indian Blue Robin,0.9865,C:/Users/shang/OneDrive - Georgia Institute of Technology/HAAG Research Bird Audio/Audio Files Analysis/Low/PSL7\20240525_070000.WAV
651.0,654.0,Phylloscopus occipitalis,Western Crowned Warbler,0.7614,C:/Users/shang/OneDrive - Georgia Institute of Technology/HAAG Research Bird Audio/Audio Files Analysis/Low/PSL7\20240525_070000.WAV
657.0,660.0,Phylloscopus occipitalis,Western Crowned Warbler,0.5807,C:/Users/shang/OneDrive - Georgia Institute of Technology/HAAG Research Bird Audio/Audio Files Analysis/Low/PSL7\20240525_070000.WAV
663.0,666.0,Phylloscopus occipitalis,Western Crowned Warbler,0.9217,C:/Users/shang/OneDrive - Georgia Institute of Technology/HAAG Research Bird Audio/Audio Files Analysis/Low/PSL7\20240525_070000.WAV
666.0,669.0,Phylloscopus occipitalis,Western Crowned Warbler,0.8564,C:/Users/shang/OneDrive - Georgia Institute of Technology/HAAG Research Bird Audio/Audio Files Analysis/Low/PSL7\20240525_070000.WAV
672.0,675.0,Protonotaria citrea,Prothonotary Warbler,0.8844,C:/Users/shang/OneDrive - Georgia Institute of Technology/HAAG Research Bird Audio/Audio Files Analysis/Low/PSL7\20240525_070000.WAV
675.0,678.0,Larvivora brunnea,Indian Blue Robin,0.7152,C:/Users/shang/OneDrive - Georgia Institute of Technology/HAAG Research Bird Audio/Audio Files Analysis/Low/PSL7\20240525_070000.WAV
684.0,687.0,Phylloscopus occipitalis,Western Crowned Warbler,0.9670,C:/Users/shang/OneDrive - Georgia Institute of Technology/HAAG Research Bird Audio/Audio Files Analysis/Low/PSL7\20240525_070000.WAV
693.0,696.0,Phylloscopus occipitalis,Western Crowned Warbler,0.6760,C:/Users/shang/OneDrive - Georgia Institute of Technology/HAAG Research Bird Audio/Audio Files Analysis/Low/PSL7\20240525_070000.WAV
705.0,708.0,Phylloscopus occipitalis,Western Crowned Warbler,0.5859,C:/Users/shang/OneDrive - Georgia Institute of Technology/HAAG Research Bird Audio/Audio Files Analysis/Low/PSL7\20240525_070000.WAV
708.0,711.0,Larvivora brunnea,Indian Blue Robin,0.5148,C:/Users/shang/OneDrive - Georgia Institute of Technology/HAAG Research Bird Audio/Audio Files Analysis/Low/PSL7\20240525_070000.WAV
732.0,735.0,Phylloscopus occipitalis,Western Crowned Warbler,0.5027,C:/Users/shang/OneDrive - Georgia Institute of Technology/HAAG Research Bird Audio/Audio Files Analysis/Low/PSL7\20240525_070000.WAV
744.0,747.0,Phylloscopus occipitalis,Western Crowned Warbler,0.9303,C:/Users/shang/OneDrive - Georgia Institute of Technology/HAAG Research Bird Audio/Audio Files Analysis/Low/PSL7\20240525_070000.WAV
753.0,756.0,Phylloscopus occipitalis,Western Crowned Warbler,0.6144,C:/Users/shang/OneDrive - Georgia Institute of Technology/HAAG Research Bird Audio/Audio Files Analysis/Low/PSL7\20240525_070000.WAV
783.0,786.0,Phylloscopus sindianus,Mountain Chiffchaff,0.6908,C:/Users/shang/OneDrive - Georgia Institute of Technology/HAAG Research Bird Audio/Audio Files Analysis/Low/PSL7\20240525_070000.WAV
795.0,798.0,Protonotaria citrea,Prothonotary Warbler,0.6896,C:/Users/shang/OneDrive - Georgia Institute of Technology/HAAG Research Bird Audio/Audio Files Analysis/Low/PSL7\20240525_070000.WAV
816.0,819.0,Prinia socialis,Ashy Prinia,0.7013,C:/Users/shang/OneDrive - Georgia Institute of Technology/HAAG Research Bird Audio/Audio Files Analysis/Low/PSL7\20240525_070000.WAV
825.0,828.0,Larvivora brunnea,Indian Blue Robin,0.5296,C:/Users/shang/OneDrive - Georgia Institute of Technology/HAAG Research Bird Audio/Audio Files Analysis/Low/PSL7\20240525_070000.WAV
846.0,849.0,Phylloscopus occipitalis,Western Crowned Warbler,0.6860,C:/Users/shang/OneDrive - Georgia Institute of Technology/HAAG Research Bird Audio/Audio Files Analysis/Low/PSL7\20240525_070000.WAV
864.0,867.0,Protonotaria citrea,Prothonotary Warbler,0.6146,C:/Users/shang/OneDrive - Georgia Institute of Technology/HAAG Research Bird Audio/Audio Files Analysis/Low/PSL7\20240525_070000.WAV
876.0,879.0,Protonotaria citrea,Prothonotary Warbler,0.7106,C:/Users/shang/OneDrive - Georgia Institute of Technology/HAAG Research Bird Audio/Audio Files Analysis/Low/PSL7\20240525_070000.WAV
891.0,894.0,Phylloscopus nitidus,Green Warbler,0.5224,C:/Users/shang/OneDrive - Georgia Institute of Technology/HAAG Research Bird Audio/Audio Files Analysis/Low/PSL7\20240525_070000.WAV
33.0,36.0,Prunella strophiata,Rufous-breasted Accentor,0.6075,C:/Users/shang/OneDrive - Georgia Institute of Technology/HAAG Research Bird Audio/Audio Files Analysis/Low/PSL7\20240525_080000.WAV
111.0,114.0,Phylloscopus nitidus,Green Warbler,0.6166,C:/Users/shang/OneDrive - Georgia Institute of Technology/HAAG Research Bird Audio/Audio Files Analysis/Low/PSL7\20240525_080000.WAV
129.0,132.0,Phylloscopus humei,Hume's Warbler,0.9147,C:/Users/shang/OneDrive - Georgia Institute of Technology/HAAG Research Bird Audio/Audio Files Analysis/Low/PSL7\20240525_080000.WAV
138.0,141.0,Phylloscopus humei,Hume's Warbler,0.9338,C:/Users/shang/OneDrive - Georgia Institute of Technology/HAAG Research Bird Audio/Audio Files Analysis/Low/PSL7\20240525_080000.WAV
144.0,147.0,Phylloscopus humei,Hume's Warbler,0.7953,C:/Users/shang/OneDrive - Georgia Institute of Technology/HAAG Research Bird Audio/Audio Files Analysis/Low/PSL7\20240525_080000.WAV
147.0,150.0,Phylloscopus humei,Hume's Warbler,0.8632,C:/Users/shang/OneDrive - Georgia Institute of Technology/HAAG Research Bird Audio/Audio Files Analysis/Low/PSL7\20240525_080000.WAV
150.0,153.0,Phylloscopus humei,Hume's Warbler,0.8443,C:/Users/shang/OneDrive - Georgia Institute of Technology/HAAG Research Bird Audio/Audio Files Analysis/Low/PSL7\20240525_080000.WAV
153.0,156.0,Phylloscopus humei,Hume's Warbler,0.6608,C:/Users/shang/OneDrive - Georgia Institute of Technology/HAAG Research Bird Audio/Audio Files Analysis/Low/PSL7\20240525_080000.WAV
162.0,165.0,Phylloscopus humei,Hume's Warbler,0.8029,C:/Users/shang/OneDrive - Georgia Institute of Technology/HAAG Research Bird Audio/Audio Files Analysis/Low/PSL7\20240525_080000.WAV
168.0,171.0,Phylloscopus humei,Hume's Warbler,0.7493,C:/Users/shang/OneDrive - Georgia Institute of Technology/HAAG Research Bird Audio/Audio Files Analysis/Low/PSL7\20240525_080000.WAV
171.0,174.0,Phylloscopus humei,Hume's Warbler,0.5185,C:/Users/shang/OneDrive - Georgia Institute of Technology/HAAG Research Bird Audio/Audio Files Analysis/Low/PSL7\20240525_080000.WAV
174.0,177.0,Phylloscopus humei,Hume's Warbler,0.7769,C:/Users/shang/OneDrive - Georgia Institute of Technology/HAAG Research Bird Audio/Audio Files Analysis/Low/PSL7\20240525_080000.WAV
180.0,183.0,Phylloscopus nitidus,Green Warbler,0.5682,C:/Users/shang/OneDrive - Georgia Institute of Technology/HAAG Research Bird Audio/Audio Files Analysis/Low/PSL7\20240525_080000.WAV
192.0,195.0,Phylloscopus humei,Hume's Warbler,0.7799,C:/Users/shang/OneDrive - Georgia Institute of Technology/HAAG Research Bird Audio/Audio Files Analysis/Low/PSL7\20240525_080000.WAV
207.0,210.0,Phylloscopus humei,Hume's Warbler,0.7483,C:/Users/shang/OneDrive - Georgia Institute of Technology/HAAG Research Bird Audio/Audio Files Analysis/Low/PSL7\20240525_080000.WAV
219.0,222.0,Phylloscopus humei,Hume's Warbler,0.6854,C:/Users/shang/OneDrive - Georgia Institute of Technology/HAAG Research Bird Audio/Audio Files Analysis/Low/PSL7\20240525_080000.WAV
222.0,225.0,Phylloscopus humei,Hume's Warbler,0.5308,C:/Users/shang/OneDrive - Georgia Institute of Technology/HAAG Research Bird Audio/Audio Files Analysis/Low/PSL7\20240525_080000.WAV
225.0,228.0,Phylloscopus humei,Hume's Warbler,0.5026,C:/Users/shang/OneDrive - Georgia Institute of Technology/HAAG Research Bird Audio/Audio Files Analysis/Low/PSL7\20240525_080000.WAV
228.0,231.0,Phylloscopus humei,Hume's Warbler,0.8817,C:/Users/shang/OneDrive - Georgia Institute of Technology/HAAG Research Bird Audio/Audio Files Analysis/Low/PSL7\20240525_080000.WAV
234.0,237.0,Phylloscopus humei,Hume's Warbler,0.9886,C:/Users/shang/OneDrive - Georgia Institute of Technology/HAAG Research Bird Audio/Audio Files Analysis/Low/PSL7\20240525_080000.WAV
237.0,240.0,Phylloscopus humei,Hume's Warbler,0.7623,C:/Users/shang/OneDrive - Georgia Institute of Technology/HAAG Research Bird Audio/Audio Files Analysis/Low/PSL7\20240525_080000.WAV
315.0,318.0,Phylloscopus occipitalis,Western Crowned Warbler,0.6546,C:/Users/shang/OneDrive - Georgia Institute of Technology/HAAG Research Bird Audio/Audio Files Analysis/Low/PSL7\20240525_080000.WAV
348.0,351.0,Serinus serinus,European Serin,0.5410,C:/Users/shang/OneDrive - Georgia Institute of Technology/HAAG Research Bird Audio/Audio Files Analysis/Low/PSL7\20240525_080000.WAV
351.0,354.0,Callacanthis burtoni,Spectacled Finch,0.6162,C:/Users/shang/OneDrive - Georgia Institute of Technology/HAAG Research Bird Audio/Audio Files Analysis/Low/PSL7\20240525_080000.WAV
366.0,369.0,Phylloscopus occipitalis,Western Crowned Warbler,0.8418,C:/Users/shang/OneDrive - Georgia Institute of Technology/HAAG Research Bird Audio/Audio Files Analysis/Low/PSL7\20240525_080000.WAV
384.0,387.0,Phylloscopus occipitalis,Western Crowned Warbler,0.8888,C:/Users/shang/OneDrive - Georgia Institute of Technology/HAAG Research Bird Audio/Audio Files Analysis/Low/PSL7\20240525_080000.WAV
408.0,411.0,Protonotaria citrea,Prothonotary Warbler,0.6660,C:/Users/shang/OneDrive - Georgia Institute of Technology/HAAG Research Bird Audio/Audio Files Analysis/Low/PSL7\20240525_080000.WAV
423.0,426.0,Phylloscopus occipitalis,Western Crowned Warbler,0.8033,C:/Users/shang/OneDrive - Georgia Institute of Technology/HAAG Research Bird Audio/Audio Files Analysis/Low/PSL7\20240525_080000.WAV
435.0,438.0,Protonotaria citrea,Prothonotary Warbler,0.8838,C:/Users/shang/OneDrive - Georgia Institute of Technology/HAAG Research Bird Audio/Audio Files Analysis/Low/PSL7\20240525_080000.WAV
438.0,441.0,Phylloscopus occipitalis,Western Crowned Warbler,0.5633,C:/Users/shang/OneDrive - Georgia Institute of Technology/HAAG Research Bird Audio/Audio Files Analysis/Low/PSL7\20240525_080000.WAV
441.0,444.0,Phylloscopus occipitalis,Western Crowned Warbler,0.5113,C:/Users/shang/OneDrive - Georgia Institute of Technology/HAAG Research Bird Audio/Audio Files Analysis/Low/PSL7\20240525_080000.WAV
444.0,447.0,Phylloscopus occipitalis,Western Crowned Warbler,0.8255,C:/Users/shang/OneDrive - Georgia Institute of Technology/HAAG Research Bird Audio/Audio Files Analysis/Low/PSL7\20240525_080000.WAV
447.0,450.0,Phylloscopus occipitalis,Western Crowned Warbler,0.5813,C:/Users/shang/OneDrive - Georgia Institute of Technology/HAAG Research Bird Audio/Audio Files Analysis/Low/PSL7\20240525_080000.WAV
453.0,456.0,Phylloscopus occipitalis,Western Crowned Warbler,0.8835,C:/Users/shang/OneDrive - Georgia Institute of Technology/HAAG Research Bird Audio/Audio Files Analysis/Low/PSL7\20240525_080000.WAV
456.0,459.0,Phylloscopus occipitalis,Western Crowned Warbler,0.6365,C:/Users/shang/OneDrive - Georgia Institute of Technology/HAAG Research Bird Audio/Audio Files Analysis/Low/PSL7\20240525_080000.WAV
462.0,465.0,Phylloscopus occipitalis,Western Crowned Warbler,0.9811,C:/Users/shang/OneDrive - Georgia Institute of Technology/HAAG Research Bird Audio/Audio Files Analysis/Low/PSL7\20240525_080000.WAV
465.0,468.0,Protonotaria citrea,Prothonotary Warbler,0.5257,C:/Users/shang/OneDrive - Georgia Institute of Technology/HAAG Research Bird Audio/Audio Files Analysis/Low/PSL7\20240525_080000.WAV
477.0,480.0,Phylloscopus occipitalis,Western Crowned Warbler,0.7398,C:/Users/shang/OneDrive - Georgia Institute of Technology/HAAG Research Bird Audio/Audio Files Analysis/Low/PSL7\20240525_080000.WAV
480.0,483.0,Phylloscopus occipitalis,Western Crowned Warbler,0.7192,C:/Users/shang/OneDrive - Georgia Institute of Technology/HAAG Research Bird Audio/Audio Files Analysis/Low/PSL7\20240525_080000.WAV
486.0,489.0,Phylloscopus occipitalis,Western Crowned Warbler,0.7581,C:/Users/shang/OneDrive - Georgia Institute of Technology/HAAG Research Bird Audio/Audio Files Analysis/Low/PSL7\20240525_080000.WAV
489.0,492.0,Phylloscopus occipitalis,Western Crowned Warbler,0.6355,C:/Users/shang/OneDrive - Georgia Institute of Technology/HAAG Research Bird Audio/Audio Files Analysis/Low/PSL7\20240525_080000.WAV
495.0,498.0,Phylloscopus occipitalis,Western Crowned Warbler,0.8442,C:/Users/shang/OneDrive - Georgia Institute of Technology/HAAG Research Bird Audio/Audio Files Analysis/Low/PSL7\20240525_080000.WAV
501.0,504.0,Protonotaria citrea,Prothonotary Warbler,0.7291,C:/Users/shang/OneDrive - Georgia Institute of Technology/HAAG Research Bird Audio/Audio Files Analysis/Low/PSL7\20240525_080000.WAV
519.0,522.0,Protonotaria citrea,Prothonotary Warbler,0.7294,C:/Users/shang/OneDrive - Georgia Institute of Technology/HAAG Research Bird Audio/Audio Files Analysis/Low/PSL7\20240525_080000.WAV
534.0,537.0,Phylloscopus occipitalis,Western Crowned Warbler,0.6415,C:/Users/shang/OneDrive - Georgia Institute of Technology/HAAG Research Bird Audio/Audio Files Analysis/Low/PSL7\20240525_080000.WAV
540.0,543.0,Phylloscopus humei,Hume's Warbler,0.9609,C:/Users/shang/OneDrive - Georgia Institute of Technology/HAAG Research Bird Audio/Audio Files Analysis/Low/PSL7\20240525_080000.WAV
552.0,555.0,Phylloscopus occipitalis,Western Crowned Warbler,0.9047,C:/Users/shang/OneDrive - Georgia Institute of Technology/HAAG Research Bird Audio/Audio Files Analysis/Low/PSL7\20240525_080000.WAV
597.0,600.0,Phylloscopus occipitalis,Western Crowned Warbler,0.5959,C:/Users/shang/OneDrive - Georgia Institute of Technology/HAAG Research Bird Audio/Audio Files Analysis/Low/PSL7\20240525_080000.WAV
612.0,615.0,Protonotaria citrea,Prothonotary Warbler,0.5742,C:/Users/shang/OneDrive - Georgia Institute of Technology/HAAG Research Bird Audio/Audio Files Analysis/Low/PSL7\20240525_080000.WAV
618.0,621.0,Protonotaria citrea,Prothonotary Warbler,0.6953,C:/Users/shang/OneDrive - Georgia Institute of Technology/HAAG Research Bird Audio/Audio Files Analysis/Low/PSL7\20240525_080000.WAV
660.0,663.0,Prunella strophiata,Rufous-breasted Accentor,0.6083,C:/Users/shang/OneDrive - Georgia Institute of Technology/HAAG Research Bird Audio/Audio Files Analysis/Low/PSL7\20240525_080000.WAV
690.0,693.0,Prinia socialis,Ashy Prinia,0.7328,C:/Users/shang/OneDrive - Georgia Institute of Technology/HAAG Research Bird Audio/Audio Files Analysis/Low/PSL7\20240525_080000.WAV
717.0,720.0,Phylloscopus occipitalis,Western Crowned Warbler,0.5074,C:/Users/shang/OneDrive - Georgia Institute of Technology/HAAG Research Bird Audio/Audio Files Analysis/Low/PSL7\20240525_080000.WAV
732.0,735.0,Prinia socialis,Ashy Prinia,0.5622,C:/Users/shang/OneDrive - Georgia Institute of Technology/HAAG Research Bird Audio/Audio Files Analysis/Low/PSL7\20240525_080000.WAV
753.0,756.0,Phylloscopus occipitalis,Western Crowned Warbler,0.7249,C:/Users/shang/OneDrive - Georgia Institute of Technology/HAAG Research Bird Audio/Audio Files Analysis/Low/PSL7\20240525_080000.WAV
822.0,825.0,Protonotaria citrea,Prothonotary Warbler,0.7626,C:/Users/shang/OneDrive - Georgia Institute of Technology/HAAG Research Bird Audio/Audio Files Analysis/Low/PSL7\20240525_080000.WAV
6.0,9.0,Phylloscopus humei,Hume's Warbler,0.5550,C:/Users/shang/OneDrive - Georgia Institute of Technology/HAAG Research Bird Audio/Audio Files Analysis/Low/PSL7\20240525_090000.WAV
9.0,12.0,Phylloscopus humei,Hume's Warbler,0.8566,C:/Users/shang/OneDrive - Georgia Institute of Technology/HAAG Research Bird Audio/Audio Files Analysis/Low/PSL7\20240525_090000.WAV
12.0,15.0,Phylloscopus humei,Hume's Warbler,0.7863,C:/Users/shang/OneDrive - Georgia Institute of Technology/HAAG Research Bird Audio/Audio Files Analysis/Low/PSL7\20240525_090000.WAV
18.0,21.0,Phylloscopus humei,Hume's Warbler,0.9578,C:/Users/shang/OneDrive - Georgia Institute of Technology/HAAG Research Bird Audio/Audio Files Analysis/Low/PSL7\20240525_090000.WAV
21.0,24.0,Phylloscopus humei,Hume's Warbler,0.9047,C:/Users/shang/OneDrive - Georgia Institute of Technology/HAAG Research Bird Audio/Audio Files Analysis/Low/PSL7\20240525_090000.WAV
27.0,30.0,Phylloscopus humei,Hume's Warbler,0.6536,C:/Users/shang/OneDrive - Georgia Institute of Technology/HAAG Research Bird Audio/Audio Files Analysis/Low/PSL7\20240525_090000.WAV
30.0,33.0,Phylloscopus humei,Hume's Warbler,0.8210,C:/Users/shang/OneDrive - Georgia Institute of Technology/HAAG Research Bird Audio/Audio Files Analysis/Low/PSL7\20240525_090000.WAV
33.0,36.0,Phylloscopus humei,Hume's Warbler,0.7612,C:/Users/shang/OneDrive - Georgia Institute of Technology/HAAG Research Bird Audio/Audio Files Analysis/Low/PSL7\20240525_090000.WAV
36.0,39.0,Phylloscopus humei,Hume's Warbler,0.9230,C:/Users/shang/OneDrive - Georgia Institute of Technology/HAAG Research Bird Audio/Audio Files Analysis/Low/PSL7\20240525_090000.WAV
42.0,45.0,Phylloscopus humei,Hume's Warbler,0.9054,C:/Users/shang/OneDrive - Georgia Institute of Technology/HAAG Research Bird Audio/Audio Files Analysis/Low/PSL7\20240525_090000.WAV
45.0,48.0,Phylloscopus humei,Hume's Warbler,0.5963,C:/Users/shang/OneDrive - Georgia Institute of Technology/HAAG Research Bird Audio/Audio Files Analysis/Low/PSL7\20240525_090000.WAV
48.0,51.0,Phylloscopus humei,Hume's Warbler,0.5349,C:/Users/shang/OneDrive - Georgia Institute of Technology/HAAG Research Bird Audio/Audio Files Analysis/Low/PSL7\20240525_090000.WAV
51.0,54.0,Phylloscopus humei,Hume's Warbler,0.6668,C:/Users/shang/OneDrive - Georgia Institute of Technology/HAAG Research Bird Audio/Audio Files Analysis/Low/PSL7\20240525_090000.WAV
54.0,57.0,Phylloscopus humei,Hume's Warbler,0.9988,C:/Users/shang/OneDrive - Georgia Institute of Technology/HAAG Research Bird Audio/Audio Files Analysis/Low/PSL7\20240525_090000.WAV
75.0,78.0,Phylloscopus humei,Hume's Warbler,0.7376,C:/Users/shang/OneDrive - Georgia Institute of Technology/HAAG Research Bird Audio/Audio Files Analysis/Low/PSL7\20240525_090000.WAV
81.0,84.0,Phylloscopus humei,Hume's Warbler,0.7783,C:/Users/shang/OneDrive - Georgia Institute of Technology/HAAG Research Bird Audio/Audio Files Analysis/Low/PSL7\20240525_090000.WAV
84.0,87.0,Phylloscopus humei,Hume's Warbler,0.5753,C:/Users/shang/OneDrive - Georgia Institute of Technology/HAAG Research Bird Audio/Audio Files Analysis/Low/PSL7\20240525_090000.WAV
90.0,93.0,Phylloscopus humei,Hume's Warbler,0.5804,C:/Users/shang/OneDrive - Georgia Institute of Technology/HAAG Research Bird Audio/Audio Files Analysis/Low/PSL7\20240525_090000.WAV
99.0,102.0,Phylloscopus humei,Hume's Warbler,0.9623,C:/Users/shang/OneDrive - Georgia Institute of Technology/HAAG Research Bird Audio/Audio Files Analysis/Low/PSL7\20240525_090000.WAV
99.0,102.0,Turdus iliacus,Redwing,0.6853,C:/Users/shang/OneDrive - Georgia Institute of Technology/HAAG Research Bird Audio/Audio Files Analysis/Low/PSL7\20240525_090000.WAV
102.0,105.0,Phylloscopus humei,Hume's Warbler,0.9586,C:/Users/shang/OneDrive - Georgia Institute of Technology/HAAG Research Bird Audio/Audio Files Analysis/Low/PSL7\20240525_090000.WAV
105.0,108.0,Phylloscopus nitidus,Green Warbler,0.8360,C:/Users/shang/OneDrive - Georgia Institute of Technology/HAAG Research Bird Audio/Audio Files Analysis/Low/PSL7\20240525_090000.WAV
117.0,120.0,Phylloscopus humei,Hume's Warbler,0.7372,C:/Users/shang/OneDrive - Georgia Institute of Technology/HAAG Research Bird Audio/Audio Files Analysis/Low/PSL7\20240525_090000.WAV
147.0,150.0,Phylloscopus humei,Hume's Warbler,0.7880,C:/Users/shang/OneDrive - Georgia Institute of Technology/HAAG Research Bird Audio/Audio Files Analysis/Low/PSL7\20240525_090000.WAV
156.0,159.0,Phylloscopus humei,Hume's Warbler,0.6820,C:/Users/shang/OneDrive - Georgia Institute of Technology/HAAG Research Bird Audio/Audio Files Analysis/Low/PSL7\20240525_090000.WAV
165.0,168.0,Phylloscopus humei,Hume's Warbler,0.6291,C:/Users/shang/OneDrive - Georgia Institute of Technology/HAAG Research Bird Audio/Audio Files Analysis/Low/PSL7\20240525_090000.WAV
168.0,171.0,Phylloscopus humei,Hume's Warbler,0.8525,C:/Users/shang/OneDrive - Georgia Institute of Technology/HAAG Research Bird Audio/Audio Files Analysis/Low/PSL7\20240525_090000.WAV
177.0,180.0,Phylloscopus humei,Hume's Warbler,0.6320,C:/Users/shang/OneDrive - Georgia Institute of Technology/HAAG Research Bird Audio/Audio Files Analysis/Low/PSL7\20240525_090000.WAV
180.0,183.0,Phylloscopus humei,Hume's Warbler,0.8126,C:/Users/shang/OneDrive - Georgia Institute of Technology/HAAG Research Bird Audio/Audio Files Analysis/Low/PSL7\20240525_090000.WAV
183.0,186.0,Phylloscopus humei,Hume's Warbler,0.5125,C:/Users/shang/OneDrive - Georgia Institute of Technology/HAAG Research Bird Audio/Audio Files Analysis/Low/PSL7\20240525_090000.WAV
192.0,195.0,Phylloscopus humei,Hume's Warbler,0.7499,C:/Users/shang/OneDrive - Georgia Institute of Technology/HAAG Research Bird Audio/Audio Files Analysis/Low/PSL7\20240525_090000.WAV
195.0,198.0,Phylloscopus humei,Hume's Warbler,0.8478,C:/Users/shang/OneDrive - Georgia Institute of Technology/HAAG Research Bird Audio/Audio Files Analysis/Low/PSL7\20240525_090000.WAV
282.0,285.0,Prinia socialis,Ashy Prinia,0.5023,C:/Users/shang/OneDrive - Georgia Institute of Technology/HAAG Research Bird Audio/Audio Files Analysis/Low/PSL7\20240525_090000.WAV
309.0,312.0,Prinia socialis,Ashy Prinia,0.7934,C:/Users/shang/OneDrive - Georgia Institute of Technology/HAAG Research Bird Audio/Audio Files Analysis/Low/PSL7\20240525_090000.WAV
372.0,375.0,Larvivora brunnea,Indian Blue Robin,0.5919,C:/Users/shang/OneDrive - Georgia Institute of Technology/HAAG Research Bird Audio/Audio Files Analysis/Low/PSL7\20240525_090000.WAV
387.0,390.0,Larvivora brunnea,Indian Blue Robin,0.5915,C:/Users/shang/OneDrive - Georgia Institute of Technology/HAAG Research Bird Audio/Audio Files Analysis/Low/PSL7\20240525_090000.WAV
408.0,411.0,Larvivora brunnea,Indian Blue Robin,0.6452,C:/Users/shang/OneDrive - Georgia Institute of Technology/HAAG Research Bird Audio/Audio Files Analysis/Low/PSL7\20240525_090000.WAV
516.0,519.0,Phylloscopus nitidus,Green Warbler,0.8657,C:/Users/shang/OneDrive - Georgia Institute of Technology/HAAG Research Bird Audio/Audio Files Analysis/Low/PSL7\20240525_090000.WAV
519.0,522.0,Phylloscopus nitidus,Green Warbler,0.8237,C:/Users/shang/OneDrive - Georgia Institute of Technology/HAAG Research Bird Audio/Audio Files Analysis/Low/PSL7\20240525_090000.WAV
528.0,531.0,Phylloscopus nitidus,Green Warbler,0.8303,C:/Users/shang/OneDrive - Georgia Institute of Technology/HAAG Research Bird Audio/Audio Files Analysis/Low/PSL7\20240525_090000.WAV
531.0,534.0,Phylloscopus occipitalis,Western Crowned Warbler,0.8317,C:/Users/shang/OneDrive - Georgia Institute of Technology/HAAG Research Bird Audio/Audio Files Analysis/Low/PSL7\20240525_090000.WAV
546.0,549.0,Phylloscopus occipitalis,Western Crowned Warbler,0.5629,C:/Users/shang/OneDrive - Georgia Institute of Technology/HAAG Research Bird Audio/Audio Files Analysis/Low/PSL7\20240525_090000.WAV
549.0,552.0,Phylloscopus trochiloides,Greenish Warbler,0.6916,C:/Users/shang/OneDrive - Georgia Institute of Technology/HAAG Research Bird Audio/Audio Files Analysis/Low/PSL7\20240525_090000.WAV
555.0,558.0,Phylloscopus nitidus,Green Warbler,0.9382,C:/Users/shang/OneDrive - Georgia Institute of Technology/HAAG Research Bird Audio/Audio Files Analysis/Low/PSL7\20240525_090000.WAV
585.0,588.0,Phylloscopus occipitalis,Western Crowned Warbler,0.9191,C:/Users/shang/OneDrive - Georgia Institute of Technology/HAAG Research Bird Audio/Audio Files Analysis/Low/PSL7\20240525_090000.WAV
588.0,591.0,Phylloscopus occipitalis,Western Crowned Warbler,0.5560,C:/Users/shang/OneDrive - Georgia Institute of Technology/HAAG Research Bird Audio/Audio Files Analysis/Low/PSL7\20240525_090000.WAV
591.0,594.0,Phylloscopus nitidus,Green Warbler,0.9280,C:/Users/shang/OneDrive - Georgia Institute of Technology/HAAG Research Bird Audio/Audio Files Analysis/Low/PSL7\20240525_090000.WAV
603.0,606.0,Phylloscopus occipitalis,Western Crowned Warbler,0.9492,C:/Users/shang/OneDrive - Georgia Institute of Technology/HAAG Research Bird Audio/Audio Files Analysis/Low/PSL7\20240525_090000.WAV
738.0,741.0,Phylloscopus nitidus,Green Warbler,0.7573,C:/Users/shang/OneDrive - Georgia Institute of Technology/HAAG Research Bird Audio/Audio Files Analysis/Low/PSL7\20240525_090000.WAV
750.0,753.0,Phylloscopus nitidus,Green Warbler,0.8402,C:/Users/shang/OneDrive - Georgia Institute of Technology/HAAG Research Bird Audio/Audio Files Analysis/Low/PSL7\20240525_090000.WAV
801.0,804.0,Phylloscopus nitidus,Green Warbler,0.5610,C:/Users/shang/OneDrive - Georgia Institute of Technology/HAAG Research Bird Audio/Audio Files Analysis/Low/PSL7\20240525_090000.WAV
855.0,858.0,Phylloscopus nitidus,Green Warbler,0.9149,C:/Users/shang/OneDrive - Georgia Institute of Technology/HAAG Research Bird Audio/Audio Files Analysis/Low/PSL7\20240525_090000.WAV
873.0,876.0,Phylloscopus nitidus,Green Warbler,0.9778,C:/Users/shang/OneDrive - Georgia Institute of Technology/HAAG Research Bird Audio/Audio Files Analysis/Low/PSL7\20240525_090000.WAV
885.0,888.0,Prinia socialis,Ashy Prinia,0.9630,C:/Users/shang/OneDrive - Georgia Institute of Technology/HAAG Research Bird Audio/Audio Files Analysis/Low/PSL7\20240525_090000.WAV
0,3.0,Phylloscopus humei,Hume's Warbler,0.6539,C:/Users/shang/OneDrive - Georgia Institute of Technology/HAAG Research Bird Audio/Audio Files Analysis/Low/PSL7\20240526_060000.WAV
12.0,15.0,Phylloscopus humei,Hume's Warbler,0.5318,C:/Users/shang/OneDrive - Georgia Institute of Technology/HAAG Research Bird Audio/Audio Files Analysis/Low/PSL7\20240526_060000.WAV
27.0,30.0,Phylloscopus humei,Hume's Warbler,0.8378,C:/Users/shang/OneDrive - Georgia Institute of Technology/HAAG Research Bird Audio/Audio Files Analysis/Low/PSL7\20240526_060000.WAV
30.0,33.0,Phylloscopus humei,Hume's Warbler,0.7047,C:/Users/shang/OneDrive - Georgia Institute of Technology/HAAG Research Bird Audio/Audio Files Analysis/Low/PSL7\20240526_060000.WAV
36.0,39.0,Phylloscopus humei,Hume's Warbler,0.7982,C:/Users/shang/OneDrive - Georgia Institute of Technology/HAAG Research Bird Audio/Audio Files Analysis/Low/PSL7\20240526_060000.WAV
39.0,42.0,Phylloscopus humei,Hume's Warbler,0.6677,C:/Users/shang/OneDrive - Georgia Institute of Technology/HAAG Research Bird Audio/Audio Files Analysis/Low/PSL7\20240526_060000.WAV
42.0,45.0,Phylloscopus humei,Hume's Warbler,0.8700,C:/Users/shang/OneDrive - Georgia Institute of Technology/HAAG Research Bird Audio/Audio Files Analysis/Low/PSL7\20240526_060000.WAV
51.0,54.0,Phylloscopus humei,Hume's Warbler,0.5185,C:/Users/shang/OneDrive - Georgia Institute of Technology/HAAG Research Bird Audio/Audio Files Analysis/Low/PSL7\20240526_060000.WAV
54.0,57.0,Phylloscopus humei,Hume's Warbler,0.9202,C:/Users/shang/OneDrive - Georgia Institute of Technology/HAAG Research Bird Audio/Audio Files Analysis/Low/PSL7\20240526_060000.WAV
57.0,60.0,Phylloscopus humei,Hume's Warbler,0.8134,C:/Users/shang/OneDrive - Georgia Institute of Technology/HAAG Research Bird Audio/Audio Files Analysis/Low/PSL7\20240526_060000.WAV
60.0,63.0,Larvivora brunnea,Indian Blue Robin,0.8150,C:/Users/shang/OneDrive - Georgia Institute of Technology/HAAG Research Bird Audio/Audio Files Analysis/Low/PSL7\20240526_060000.WAV
63.0,66.0,Phylloscopus humei,Hume's Warbler,0.6127,C:/Users/shang/OneDrive - Georgia Institute of Technology/HAAG Research Bird Audio/Audio Files Analysis/Low/PSL7\20240526_060000.WAV
66.0,69.0,Phylloscopus humei,Hume's Warbler,0.9182,C:/Users/shang/OneDrive - Georgia Institute of Technology/HAAG Research Bird Audio/Audio Files Analysis/Low/PSL7\20240526_060000.WAV
69.0,72.0,Phylloscopus humei,Hume's Warbler,0.7160,C:/Users/shang/OneDrive - Georgia Institute of Technology/HAAG Research Bird Audio/Audio Files Analysis/Low/PSL7\20240526_060000.WAV
72.0,75.0,Phylloscopus humei,Hume's Warbler,0.9670,C:/Users/shang/OneDrive - Georgia Institute of Technology/HAAG Research Bird Audio/Audio Files Analysis/Low/PSL7\20240526_060000.WAV
78.0,81.0,Phylloscopus humei,Hume's Warbler,0.9419,C:/Users/shang/OneDrive - Georgia Institute of Technology/HAAG Research Bird Audio/Audio Files Analysis/Low/PSL7\20240526_060000.WAV
81.0,84.0,Phylloscopus humei,Hume's Warbler,0.9116,C:/Users/shang/OneDrive - Georgia Institute of Technology/HAAG Research Bird Audio/Audio Files Analysis/Low/PSL7\20240526_060000.WAV
93.0,96.0,Phylloscopus humei,Hume's Warbler,0.8441,C:/Users/shang/OneDrive - Georgia Institute of Technology/HAAG Research Bird Audio/Audio Files Analysis/Low/PSL7\20240526_060000.WAV
99.0,102.0,Phylloscopus humei,Hume's Warbler,0.9736,C:/Users/shang/OneDrive - Georgia Institute of Technology/HAAG Research Bird Audio/Audio Files Analysis/Low/PSL7\20240526_060000.WAV
114.0,117.0,Phylloscopus humei,Hume's Warbler,0.9057,C:/Users/shang/OneDrive - Georgia Institute of Technology/HAAG Research Bird Audio/Audio Files Analysis/Low/PSL7\20240526_060000.WAV
120.0,123.0,Phylloscopus humei,Hume's Warbler,0.7077,C:/Users/shang/OneDrive - Georgia Institute of Technology/HAAG Research Bird Audio/Audio Files Analysis/Low/PSL7\20240526_060000.WAV
126.0,129.0,Phylloscopus humei,Hume's Warbler,0.7686,C:/Users/shang/OneDrive - Georgia Institute of Technology/HAAG Research Bird Audio/Audio Files Analysis/Low/PSL7\20240526_060000.WAV
135.0,138.0,Phylloscopus humei,Hume's Warbler,0.5789,C:/Users/shang/OneDrive - Georgia Institute of Technology/HAAG Research Bird Audio/Audio Files Analysis/Low/PSL7\20240526_060000.WAV
144.0,147.0,Larvivora brunnea,Indian Blue Robin,0.8239,C:/Users/shang/OneDrive - Georgia Institute of Technology/HAAG Research Bird Audio/Audio Files Analysis/Low/PSL7\20240526_060000.WAV
147.0,150.0,Phylloscopus humei,Hume's Warbler,0.8700,C:/Users/shang/OneDrive - Georgia Institute of Technology/HAAG Research Bird Audio/Audio Files Analysis/Low/PSL7\20240526_060000.WAV
150.0,153.0,Phylloscopus occipitalis,Western Crowned Warbler,0.5025,C:/Users/shang/OneDrive - Georgia Institute of Technology/HAAG Research Bird Audio/Audio Files Analysis/Low/PSL7\20240526_060000.WAV
153.0,156.0,Phylloscopus humei,Hume's Warbler,0.8077,C:/Users/shang/OneDrive - Georgia Institute of Technology/HAAG Research Bird Audio/Audio Files Analysis/Low/PSL7\20240526_060000.WAV
195.0,198.0,Larvivora brunnea,Indian Blue Robin,0.9448,C:/Users/shang/OneDrive - Georgia Institute of Technology/HAAG Research Bird Audio/Audio Files Analysis/Low/PSL7\20240526_060000.WAV
201.0,204.0,Phylloscopus humei,Hume's Warbler,0.7463,C:/Users/shang/OneDrive - Georgia Institute of Technology/HAAG Research Bird Audio/Audio Files Analysis/Low/PSL7\20240526_060000.WAV
204.0,207.0,Phylloscopus humei,Hume's Warbler,0.7382,C:/Users/shang/OneDrive - Georgia Institute of Technology/HAAG Research Bird Audio/Audio Files Analysis/Low/PSL7\20240526_060000.WAV
207.0,210.0,Larvivora brunnea,Indian Blue Robin,0.9179,C:/Users/shang/OneDrive - Georgia Institute of Technology/HAAG Research Bird Audio/Audio Files Analysis/Low/PSL7\20240526_060000.WAV
219.0,222.0,Larvivora brunnea,Indian Blue Robin,0.8360,C:/Users/shang/OneDrive - Georgia Institute of Technology/HAAG Research Bird Audio/Audio Files Analysis/Low/PSL7\20240526_060000.WAV
228.0,231.0,Phylloscopus humei,Hume's Warbler,0.6373,C:/Users/shang/OneDrive - Georgia Institute of Technology/HAAG Research Bird Audio/Audio Files Analysis/Low/PSL7\20240526_060000.WAV
234.0,237.0,Larvivora brunnea,Indian Blue Robin,0.9482,C:/Users/shang/OneDrive - Georgia Institute of Technology/HAAG Research Bird Audio/Audio Files Analysis/Low/PSL7\20240526_060000.WAV
261.0,264.0,Larvivora brunnea,Indian Blue Robin,0.7296,C:/Users/shang/OneDrive - Georgia Institute of Technology/HAAG Research Bird Audio/Audio Files Analysis/Low/PSL7\20240526_060000.WAV
312.0,315.0,Larvivora brunnea,Indian Blue Robin,0.8131,C:/Users/shang/OneDrive - Georgia Institute of Technology/HAAG Research Bird Audio/Audio Files Analysis/Low/PSL7\20240526_060000.WAV
324.0,327.0,Larvivora brunnea,Indian Blue Robin,0.8383,C:/Users/shang/OneDrive - Georgia Institute of Technology/HAAG Research Bird Audio/Audio Files Analysis/Low/PSL7\20240526_060000.WAV
336.0,339.0,Larvivora brunnea,Indian Blue Robin,0.8490,C:/Users/shang/OneDrive - Georgia Institute of Technology/HAAG Research Bird Audio/Audio Files Analysis/Low/PSL7\20240526_060000.WAV
360.0,363.0,Larvivora brunnea,Indian Blue Robin,0.8938,C:/Users/shang/OneDrive - Georgia Institute of Technology/HAAG Research Bird Audio/Audio Files Analysis/Low/PSL7\20240526_060000.WAV
411.0,414.0,Larvivora brunnea,Indian Blue Robin,0.9340,C:/Users/shang/OneDrive - Georgia Institute of Technology/HAAG Research Bird Audio/Audio Files Analysis/Low/PSL7\20240526_060000.WAV
438.0,441.0,Larvivora brunnea,Indian Blue Robin,0.5934,C:/Users/shang/OneDrive - Georgia Institute of Technology/HAAG Research Bird Audio/Audio Files Analysis/Low/PSL7\20240526_060000.WAV
564.0,567.0,Larvivora brunnea,Indian Blue Robin,0.8909,C:/Users/shang/OneDrive - Georgia Institute of Technology/HAAG Research Bird Audio/Audio Files Analysis/Low/PSL7\20240526_060000.WAV
576.0,579.0,Larvivora brunnea,Indian Blue Robin,0.7800,C:/Users/shang/OneDrive - Georgia Institute of Technology/HAAG Research Bird Audio/Audio Files Analysis/Low/PSL7\20240526_060000.WAV
603.0,606.0,Larvivora brunnea,Indian Blue Robin,0.8126,C:/Users/shang/OneDrive - Georgia Institute of Technology/HAAG Research Bird Audio/Audio Files Analysis/Low/PSL7\20240526_060000.WAV
627.0,630.0,Setophaga townsendi,Townsend's Warbler,0.7184,C:/Users/shang/OneDrive - Georgia Institute of Technology/HAAG Research Bird Audio/Audio Files Analysis/Low/PSL7\20240526_060000.WAV
639.0,642.0,Larvivora brunnea,Indian Blue Robin,0.5749,C:/Users/shang/OneDrive - Georgia Institute of Technology/HAAG Research Bird Audio/Audio Files Analysis/Low/PSL7\20240526_060000.WAV
666.0,669.0,Phylloscopus humei,Hume's Warbler,0.9119,C:/Users/shang/OneDrive - Georgia Institute of Technology/HAAG Research Bird Audio/Audio Files Analysis/Low/PSL7\20240526_060000.WAV
669.0,672.0,Larvivora brunnea,Indian Blue Robin,0.8010,C:/Users/shang/OneDrive - Georgia Institute of Technology/HAAG Research Bird Audio/Audio Files Analysis/Low/PSL7\20240526_060000.WAV
672.0,675.0,Phylloscopus humei,Hume's Warbler,0.8884,C:/Users/shang/OneDrive - Georgia Institute of Technology/HAAG Research Bird Audio/Audio Files Analysis/Low/PSL7\20240526_060000.WAV
675.0,678.0,Phylloscopus humei,Hume's Warbler,0.9157,C:/Users/shang/OneDrive - Georgia Institute of Technology/HAAG Research Bird Audio/Audio Files Analysis/Low/PSL7\20240526_060000.WAV
690.0,693.0,Phylloscopus humei,Hume's Warbler,0.8365,C:/Users/shang/OneDrive - Georgia Institute of Technology/HAAG Research Bird Audio/Audio Files Analysis/Low/PSL7\20240526_060000.WAV
693.0,696.0,Phylloscopus humei,Hume's Warbler,0.9542,C:/Users/shang/OneDrive - Georgia Institute of Technology/HAAG Research Bird Audio/Audio Files Analysis/Low/PSL7\20240526_060000.WAV
696.0,699.0,Phylloscopus humei,Hume's Warbler,0.6682,C:/Users/shang/OneDrive - Georgia Institute of Technology/HAAG Research Bird Audio/Audio Files Analysis/Low/PSL7\20240526_060000.WAV
699.0,702.0,Phylloscopus humei,Hume's Warbler,0.7995,C:/Users/shang/OneDrive - Georgia Institute of Technology/HAAG Research Bird Audio/Audio Files Analysis/Low/PSL7\20240526_060000.WAV
702.0,705.0,Larvivora brunnea,Indian Blue Robin,0.6372,C:/Users/shang/OneDrive - Georgia Institute of Technology/HAAG Research Bird Audio/Audio Files Analysis/Low/PSL7\20240526_060000.WAV
711.0,714.0,Larvivora brunnea,Indian Blue Robin,0.5108,C:/Users/shang/OneDrive - Georgia Institute of Technology/HAAG Research Bird Audio/Audio Files Analysis/Low/PSL7\20240526_060000.WAV
720.0,723.0,Phylloscopus humei,Hume's Warbler,0.7447,C:/Users/shang/OneDrive - Georgia Institute of Technology/HAAG Research Bird Audio/Audio Files Analysis/Low/PSL7\20240526_060000.WAV
753.0,756.0,Phylloscopus humei,Hume's Warbler,0.8402,C:/Users/shang/OneDrive - Georgia Institute of Technology/HAAG Research Bird Audio/Audio Files Analysis/Low/PSL7\20240526_060000.WAV
756.0,759.0,Phylloscopus trochiloides,Greenish Warbler,0.6133,C:/Users/shang/OneDrive - Georgia Institute of Technology/HAAG Research Bird Audio/Audio Files Analysis/Low/PSL7\20240526_060000.WAV
759.0,762.0,Larvivora brunnea,Indian Blue Robin,0.5242,C:/Users/shang/OneDrive - Georgia Institute of Technology/HAAG Research Bird Audio/Audio Files Analysis/Low/PSL7\20240526_060000.WAV
762.0,765.0,Phylloscopus humei,Hume's Warbler,0.6693,C:/Users/shang/OneDrive - Georgia Institute of Technology/HAAG Research Bird Audio/Audio Files Analysis/Low/PSL7\20240526_060000.WAV
765.0,768.0,Phylloscopus humei,Hume's Warbler,0.6857,C:/Users/shang/OneDrive - Georgia Institute of Technology/HAAG Research Bird Audio/Audio Files Analysis/Low/PSL7\20240526_060000.WAV
768.0,771.0,Phylloscopus nitidus,Green Warbler,0.7405,C:/Users/shang/OneDrive - Georgia Institute of Technology/HAAG Research Bird Audio/Audio Files Analysis/Low/PSL7\20240526_060000.WAV
771.0,774.0,Larvivora brunnea,Indian Blue Robin,0.5170,C:/Users/shang/OneDrive - Georgia Institute of Technology/HAAG Research Bird Audio/Audio Files Analysis/Low/PSL7\20240526_060000.WAV
774.0,777.0,Phylloscopus humei,Hume's Warbler,0.9856,C:/Users/shang/OneDrive - Georgia Institute of Technology/HAAG Research Bird Audio/Audio Files Analysis/Low/PSL7\20240526_060000.WAV
780.0,783.0,Phylloscopus trochiloides,Greenish Warbler,0.5422,C:/Users/shang/OneDrive - Georgia Institute of Technology/HAAG Research Bird Audio/Audio Files Analysis/Low/PSL7\20240526_060000.WAV
780.0,783.0,Phylloscopus humei,Hume's Warbler,0.5042,C:/Users/shang/OneDrive - Georgia Institute of Technology/HAAG Research Bird Audio/Audio Files Analysis/Low/PSL7\20240526_060000.WAV
789.0,792.0,Phylloscopus humei,Hume's Warbler,0.8062,C:/Users/shang/OneDrive - Georgia Institute of Technology/HAAG Research Bird Audio/Audio Files Analysis/Low/PSL7\20240526_060000.WAV
789.0,792.0,Phylloscopus nitidus,Green Warbler,0.7205,C:/Users/shang/OneDrive - Georgia Institute of Technology/HAAG Research Bird Audio/Audio Files Analysis/Low/PSL7\20240526_060000.WAV
792.0,795.0,Phylloscopus humei,Hume's Warbler,0.7545,C:/Users/shang/OneDrive - Georgia Institute of Technology/HAAG Research Bird Audio/Audio Files Analysis/Low/PSL7\20240526_060000.WAV
810.0,813.0,Phylloscopus humei,Hume's Warbler,0.5019,C:/Users/shang/OneDrive - Georgia Institute of Technology/HAAG Research Bird Audio/Audio Files Analysis/Low/PSL7\20240526_060000.WAV
813.0,816.0,Phylloscopus humei,Hume's Warbler,0.8217,C:/Users/shang/OneDrive - Georgia Institute of Technology/HAAG Research Bird Audio/Audio Files Analysis/Low/PSL7\20240526_060000.WAV
819.0,822.0,Phylloscopus humei,Hume's Warbler,0.9787,C:/Users/shang/OneDrive - Georgia Institute of Technology/HAAG Research Bird Audio/Audio Files Analysis/Low/PSL7\20240526_060000.WAV
825.0,828.0,Phylloscopus humei,Hume's Warbler,0.7988,C:/Users/shang/OneDrive - Georgia Institute of Technology/HAAG Research Bird Audio/Audio Files Analysis/Low/PSL7\20240526_060000.WAV
828.0,831.0,Phylloscopus humei,Hume's Warbler,0.9352,C:/Users/shang/OneDrive - Georgia Institute of Technology/HAAG Research Bird Audio/Audio Files Analysis/Low/PSL7\20240526_060000.WAV
831.0,834.0,Phylloscopus humei,Hume's Warbler,0.9371,C:/Users/shang/OneDrive - Georgia Institute of Technology/HAAG Research Bird Audio/Audio Files Analysis/Low/PSL7\20240526_060000.WAV
834.0,837.0,Phylloscopus humei,Hume's Warbler,0.6774,C:/Users/shang/OneDrive - Georgia Institute of Technology/HAAG Research Bird Audio/Audio Files Analysis/Low/PSL7\20240526_060000.WAV
837.0,840.0,Phylloscopus humei,Hume's Warbler,0.6548,C:/Users/shang/OneDrive - Georgia Institute of Technology/HAAG Research Bird Audio/Audio Files Analysis/Low/PSL7\20240526_060000.WAV
852.0,855.0,Phylloscopus humei,Hume's Warbler,0.5309,C:/Users/shang/OneDrive - Georgia Institute of Technology/HAAG Research Bird Audio/Audio Files Analysis/Low/PSL7\20240526_060000.WAV
12.0,15.0,Trochalopteron affine,Black-faced Laughingthrush,0.8708,C:/Users/shang/OneDrive - Georgia Institute of Technology/HAAG Research Bird Audio/Audio Files Analysis/Low/PSL7\20240526_070000.WAV
48.0,51.0,Larvivora brunnea,Indian Blue Robin,0.5612,C:/Users/shang/OneDrive - Georgia Institute of Technology/HAAG Research Bird Audio/Audio Files Analysis/Low/PSL7\20240526_070000.WAV
108.0,111.0,Larvivora brunnea,Indian Blue Robin,0.9393,C:/Users/shang/OneDrive - Georgia Institute of Technology/HAAG Research Bird Audio/Audio Files Analysis/Low/PSL7\20240526_070000.WAV
159.0,162.0,Larvivora brunnea,Indian Blue Robin,0.8678,C:/Users/shang/OneDrive - Georgia Institute of Technology/HAAG Research Bird Audio/Audio Files Analysis/Low/PSL7\20240526_070000.WAV
180.0,183.0,Phylloscopus humei,Hume's Warbler,0.6565,C:/Users/shang/OneDrive - Georgia Institute of Technology/HAAG Research Bird Audio/Audio Files Analysis/Low/PSL7\20240526_070000.WAV
183.0,186.0,Phylloscopus nitidus,Green Warbler,0.5870,C:/Users/shang/OneDrive - Georgia Institute of Technology/HAAG Research Bird Audio/Audio Files Analysis/Low/PSL7\20240526_070000.WAV
183.0,186.0,Phylloscopus magnirostris,Large-billed Leaf Warbler,0.5232,C:/Users/shang/OneDrive - Georgia Institute of Technology/HAAG Research Bird Audio/Audio Files Analysis/Low/PSL7\20240526_070000.WAV
186.0,189.0,Phylloscopus trochiloides,Greenish Warbler,0.5410,C:/Users/shang/OneDrive - Georgia Institute of Technology/HAAG Research Bird Audio/Audio Files Analysis/Low/PSL7\20240526_070000.WAV
222.0,225.0,Phylloscopus nitidus,Green Warbler,0.7528,C:/Users/shang/OneDrive - Georgia Institute of Technology/HAAG Research Bird Audio/Audio Files Analysis/Low/PSL7\20240526_070000.WAV
240.0,243.0,Phylloscopus nitidus,Green Warbler,0.5775,C:/Users/shang/OneDrive - Georgia Institute of Technology/HAAG Research Bird Audio/Audio Files Analysis/Low/PSL7\20240526_070000.WAV
249.0,252.0,Phylloscopus humei,Hume's Warbler,0.6589,C:/Users/shang/OneDrive - Georgia Institute of Technology/HAAG Research Bird Audio/Audio Files Analysis/Low/PSL7\20240526_070000.WAV
255.0,258.0,Phylloscopus nitidus,Green Warbler,0.8164,C:/Users/shang/OneDrive - Georgia Institute of Technology/HAAG Research Bird Audio/Audio Files Analysis/Low/PSL7\20240526_070000.WAV
258.0,261.0,Phylloscopus humei,Hume's Warbler,0.9025,C:/Users/shang/OneDrive - Georgia Institute of Technology/HAAG Research Bird Audio/Audio Files Analysis/Low/PSL7\20240526_070000.WAV
267.0,270.0,Phylloscopus humei,Hume's Warbler,0.5890,C:/Users/shang/OneDrive - Georgia Institute of Technology/HAAG Research Bird Audio/Audio Files Analysis/Low/PSL7\20240526_070000.WAV
288.0,291.0,Phylloscopus humei,Hume's Warbler,0.5848,C:/Users/shang/OneDrive - Georgia Institute of Technology/HAAG Research Bird Audio/Audio Files Analysis/Low/PSL7\20240526_070000.WAV
291.0,294.0,Phylloscopus humei,Hume's Warbler,0.8510,C:/Users/shang/OneDrive - Georgia Institute of Technology/HAAG Research Bird Audio/Audio Files Analysis/Low/PSL7\20240526_070000.WAV
297.0,300.0,Otus elegans,Ryukyu Scops-Owl,0.5327,C:/Users/shang/OneDrive - Georgia Institute of Technology/HAAG Research Bird Audio/Audio Files Analysis/Low/PSL7\20240526_070000.WAV
300.0,303.0,Phylloscopus nitidus,Green Warbler,0.8418,C:/Users/shang/OneDrive - Georgia Institute of Technology/HAAG Research Bird Audio/Audio Files Analysis/Low/PSL7\20240526_070000.WAV
300.0,303.0,Phylloscopus trochiloides,Greenish Warbler,0.5166,C:/Users/shang/OneDrive - Georgia Institute of Technology/HAAG Research Bird Audio/Audio Files Analysis/Low/PSL7\20240526_070000.WAV
318.0,321.0,Phylloscopus humei,Hume's Warbler,0.9699,C:/Users/shang/OneDrive - Georgia Institute of Technology/HAAG Research Bird Audio/Audio Files Analysis/Low/PSL7\20240526_070000.WAV
366.0,369.0,Phylloscopus humei,Hume's Warbler,0.5527,C:/Users/shang/OneDrive - Georgia Institute of Technology/HAAG Research Bird Audio/Audio Files Analysis/Low/PSL7\20240526_070000.WAV
414.0,417.0,Phylloscopus humei,Hume's Warbler,0.9643,C:/Users/shang/OneDrive - Georgia Institute of Technology/HAAG Research Bird Audio/Audio Files Analysis/Low/PSL7\20240526_070000.WAV
432.0,435.0,Phylloscopus humei,Hume's Warbler,0.5334,C:/Users/shang/OneDrive - Georgia Institute of Technology/HAAG Research Bird Audio/Audio Files Analysis/Low/PSL7\20240526_070000.WAV
462.0,465.0,Phylloscopus humei,Hume's Warbler,0.6150,C:/Users/shang/OneDrive - Georgia Institute of Technology/HAAG Research Bird Audio/Audio Files Analysis/Low/PSL7\20240526_070000.WAV
474.0,477.0,Phylloscopus humei,Hume's Warbler,0.5336,C:/Users/shang/OneDrive - Georgia Institute of Technology/HAAG Research Bird Audio/Audio Files Analysis/Low/PSL7\20240526_070000.WAV
501.0,504.0,Phylloscopus humei,Hume's Warbler,0.5571,C:/Users/shang/OneDrive - Georgia Institute of Technology/HAAG Research Bird Audio/Audio Files Analysis/Low/PSL7\20240526_070000.WAV
513.0,516.0,Phylloscopus humei,Hume's Warbler,0.7761,C:/Users/shang/OneDrive - Georgia Institute of Technology/HAAG Research Bird Audio/Audio Files Analysis/Low/PSL7\20240526_070000.WAV
525.0,528.0,Phylloscopus humei,Hume's Warbler,0.5533,C:/Users/shang/OneDrive - Georgia Institute of Technology/HAAG Research Bird Audio/Audio Files Analysis/Low/PSL7\20240526_070000.WAV
537.0,540.0,Phylloscopus humei,Hume's Warbler,0.8705,C:/Users/shang/OneDrive - Georgia Institute of Technology/HAAG Research Bird Audio/Audio Files Analysis/Low/PSL7\20240526_070000.WAV
549.0,552.0,Phylloscopus humei,Hume's Warbler,0.9398,C:/Users/shang/OneDrive - Georgia Institute of Technology/HAAG Research Bird Audio/Audio Files Analysis/Low/PSL7\20240526_070000.WAV
573.0,576.0,Myzomela sanguinolenta,Scarlet Myzomela,0.6189,C:/Users/shang/OneDrive - Georgia Institute of Technology/HAAG Research Bird Audio/Audio Files Analysis/Low/PSL7\20240526_070000.WAV
591.0,594.0,Protonotaria citrea,Prothonotary Warbler,0.5359,C:/Users/shang/OneDrive - Georgia Institute of Technology/HAAG Research Bird Audio/Audio Files Analysis/Low/PSL7\20240526_070000.WAV
675.0,678.0,Trochalopteron variegatum,Variegated Laughingthrush,0.5190,C:/Users/shang/OneDrive - Georgia Institute of Technology/HAAG Research Bird Audio/Audio Files Analysis/Low/PSL7\20240526_070000.WAV
693.0,696.0,Trochalopteron variegatum,Variegated Laughingthrush,0.7020,C:/Users/shang/OneDrive - Georgia Institute of Technology/HAAG Research Bird Audio/Audio Files Analysis/Low/PSL7\20240526_070000.WAV
699.0,702.0,Phylloscopus humei,Hume's Warbler,0.8675,C:/Users/shang/OneDrive - Georgia Institute of Technology/HAAG Research Bird Audio/Audio Files Analysis/Low/PSL7\20240526_070000.WAV
705.0,708.0,Phylloscopus humei,Hume's Warbler,0.8780,C:/Users/shang/OneDrive - Georgia Institute of Technology/HAAG Research Bird Audio/Audio Files Analysis/Low/PSL7\20240526_070000.WAV
720.0,723.0,Phylloscopus humei,Hume's Warbler,0.5818,C:/Users/shang/OneDrive - Georgia Institute of Technology/HAAG Research Bird Audio/Audio Files Analysis/Low/PSL7\20240526_070000.WAV
723.0,726.0,Phylloscopus humei,Hume's Warbler,0.9671,C:/Users/shang/OneDrive - Georgia Institute of Technology/HAAG Research Bird Audio/Audio Files Analysis/Low/PSL7\20240526_070000.WAV
729.0,732.0,Phylloscopus humei,Hume's Warbler,0.9888,C:/Users/shang/OneDrive - Georgia Institute of Technology/HAAG Research Bird Audio/Audio Files Analysis/Low/PSL7\20240526_070000.WAV
732.0,735.0,Phylloscopus humei,Hume's Warbler,0.7005,C:/Users/shang/OneDrive - Georgia Institute of Technology/HAAG Research Bird Audio/Audio Files Analysis/Low/PSL7\20240526_070000.WAV
738.0,741.0,Phylloscopus humei,Hume's Warbler,0.7966,C:/Users/shang/OneDrive - Georgia Institute of Technology/HAAG Research Bird Audio/Audio Files Analysis/Low/PSL7\20240526_070000.WAV
777.0,780.0,Phylloscopus humei,Hume's Warbler,0.6313,C:/Users/shang/OneDrive - Georgia Institute of Technology/HAAG Research Bird Audio/Audio Files Analysis/Low/PSL7\20240526_070000.WAV
816.0,819.0,Trochalopteron variegatum,Variegated Laughingthrush,0.5696,C:/Users/shang/OneDrive - Georgia Institute of Technology/HAAG Research Bird Audio/Audio Files Analysis/Low/PSL7\20240526_070000.WAV
819.0,822.0,Phylloscopus humei,Hume's Warbler,0.5330,C:/Users/shang/OneDrive - Georgia Institute of Technology/HAAG Research Bird Audio/Audio Files Analysis/Low/PSL7\20240526_070000.WAV
843.0,846.0,Phylloscopus humei,Hume's Warbler,0.6582,C:/Users/shang/OneDrive - Georgia Institute of Technology/HAAG Research Bird Audio/Audio Files Analysis/Low/PSL7\20240526_070000.WAV
6.0,9.0,Phylloscopus nitidus,Green Warbler,0.8392,C:/Users/shang/OneDrive - Georgia Institute of Technology/HAAG Research Bird Audio/Audio Files Analysis/Low/PSL7\20240526_080000.WAV
6.0,9.0,Phylloscopus trochiloides,Greenish Warbler,0.7711,C:/Users/shang/OneDrive - Georgia Institute of Technology/HAAG Research Bird Audio/Audio Files Analysis/Low/PSL7\20240526_080000.WAV
27.0,30.0,Phylloscopus nitidus,Green Warbler,0.6560,C:/Users/shang/OneDrive - Georgia Institute of Technology/HAAG Research Bird Audio/Audio Files Analysis/Low/PSL7\20240526_080000.WAV
42.0,45.0,Phylloscopus nitidus,Green Warbler,0.8735,C:/Users/shang/OneDrive - Georgia Institute of Technology/HAAG Research Bird Audio/Audio Files Analysis/Low/PSL7\20240526_080000.WAV
42.0,45.0,Phylloscopus trochiloides,Greenish Warbler,0.5604,C:/Users/shang/OneDrive - Georgia Institute of Technology/HAAG Research Bird Audio/Audio Files Analysis/Low/PSL7\20240526_080000.WAV
51.0,54.0,Phylloscopus nitidus,Green Warbler,0.7541,C:/Users/shang/OneDrive - Georgia Institute of Technology/HAAG Research Bird Audio/Audio Files Analysis/Low/PSL7\20240526_080000.WAV
51.0,54.0,Phylloscopus trochiloides,Greenish Warbler,0.6305,C:/Users/shang/OneDrive - Georgia Institute of Technology/HAAG Research Bird Audio/Audio Files Analysis/Low/PSL7\20240526_080000.WAV
75.0,78.0,Phylloscopus humei,Hume's Warbler,0.5604,C:/Users/shang/OneDrive - Georgia Institute of Technology/HAAG Research Bird Audio/Audio Files Analysis/Low/PSL7\20240526_080000.WAV
81.0,84.0,Phylloscopus humei,Hume's Warbler,0.6769,C:/Users/shang/OneDrive - Georgia Institute of Technology/HAAG Research Bird Audio/Audio Files Analysis/Low/PSL7\20240526_080000.WAV
90.0,93.0,Phylloscopus humei,Hume's Warbler,0.7387,C:/Users/shang/OneDrive - Georgia Institute of Technology/HAAG Research Bird Audio/Audio Files Analysis/Low/PSL7\20240526_080000.WAV
102.0,105.0,Phylloscopus humei,Hume's Warbler,0.9813,C:/Users/shang/OneDrive - Georgia Institute of Technology/HAAG Research Bird Audio/Audio Files Analysis/Low/PSL7\20240526_080000.WAV
105.0,108.0,Phylloscopus nitidus,Green Warbler,0.8081,C:/Users/shang/OneDrive - Georgia Institute of Technology/HAAG Research Bird Audio/Audio Files Analysis/Low/PSL7\20240526_080000.WAV
114.0,117.0,Phylloscopus nitidus,Green Warbler,0.8635,C:/Users/shang/OneDrive - Georgia Institute of Technology/HAAG Research Bird Audio/Audio Files Analysis/Low/PSL7\20240526_080000.WAV
120.0,123.0,Phylloscopus humei,Hume's Warbler,0.5011,C:/Users/shang/OneDrive - Georgia Institute of Technology/HAAG Research Bird Audio/Audio Files Analysis/Low/PSL7\20240526_080000.WAV
123.0,126.0,Phylloscopus nitidus,Green Warbler,0.8074,C:/Users/shang/OneDrive - Georgia Institute of Technology/HAAG Research Bird Audio/Audio Files Analysis/Low/PSL7\20240526_080000.WAV
123.0,126.0,Phylloscopus trochiloides,Greenish Warbler,0.5048,C:/Users/shang/OneDrive - Georgia Institute of Technology/HAAG Research Bird Audio/Audio Files Analysis/Low/PSL7\20240526_080000.WAV
129.0,132.0,Phylloscopus humei,Hume's Warbler,0.8565,C:/Users/shang/OneDrive - Georgia Institute of Technology/HAAG Research Bird Audio/Audio Files Analysis/Low/PSL7\20240526_080000.WAV
132.0,135.0,Phylloscopus humei,Hume's Warbler,0.8162,C:/Users/shang/OneDrive - Georgia Institute of Technology/HAAG Research Bird Audio/Audio Files Analysis/Low/PSL7\20240526_080000.WAV
141.0,144.0,Phylloscopus humei,Hume's Warbler,0.5155,C:/Users/shang/OneDrive - Georgia Institute of Technology/HAAG Research Bird Audio/Audio Files Analysis/Low/PSL7\20240526_080000.WAV
144.0,147.0,Phylloscopus humei,Hume's Warbler,0.6335,C:/Users/shang/OneDrive - Georgia Institute of Technology/HAAG Research Bird Audio/Audio Files Analysis/Low/PSL7\20240526_080000.WAV
156.0,159.0,Phylloscopus humei,Hume's Warbler,0.8772,C:/Users/shang/OneDrive - Georgia Institute of Technology/HAAG Research Bird Audio/Audio Files Analysis/Low/PSL7\20240526_080000.WAV
162.0,165.0,Phylloscopus nitidus,Green Warbler,0.7036,C:/Users/shang/OneDrive - Georgia Institute of Technology/HAAG Research Bird Audio/Audio Files Analysis/Low/PSL7\20240526_080000.WAV
165.0,168.0,Phylloscopus humei,Hume's Warbler,0.7036,C:/Users/shang/OneDrive - Georgia Institute of Technology/HAAG Research Bird Audio/Audio Files Analysis/Low/PSL7\20240526_080000.WAV
174.0,177.0,Phylloscopus humei,Hume's Warbler,0.7896,C:/Users/shang/OneDrive - Georgia Institute of Technology/HAAG Research Bird Audio/Audio Files Analysis/Low/PSL7\20240526_080000.WAV
186.0,189.0,Phylloscopus occipitalis,Western Crowned Warbler,0.5796,C:/Users/shang/OneDrive - Georgia Institute of Technology/HAAG Research Bird Audio/Audio Files Analysis/Low/PSL7\20240526_080000.WAV
189.0,192.0,Phylloscopus nitidus,Green Warbler,0.8490,C:/Users/shang/OneDrive - Georgia Institute of Technology/HAAG Research Bird Audio/Audio Files Analysis/Low/PSL7\20240526_080000.WAV
192.0,195.0,Phylloscopus occipitalis,Western Crowned Warbler,0.7054,C:/Users/shang/OneDrive - Georgia Institute of Technology/HAAG Research Bird Audio/Audio Files Analysis/Low/PSL7\20240526_080000.WAV
219.0,222.0,Phylloscopus humei,Hume's Warbler,0.9121,C:/Users/shang/OneDrive - Georgia Institute of Technology/HAAG Research Bird Audio/Audio Files Analysis/Low/PSL7\20240526_080000.WAV
324.0,327.0,Larvivora cyane,Siberian Blue Robin,0.6357,C:/Users/shang/OneDrive - Georgia Institute of Technology/HAAG Research Bird Audio/Audio Files Analysis/Low/PSL7\20240526_080000.WAV
333.0,336.0,Larvivora brunnea,Indian Blue Robin,0.8808,C:/Users/shang/OneDrive - Georgia Institute of Technology/HAAG Research Bird Audio/Audio Files Analysis/Low/PSL7\20240526_080000.WAV
336.0,339.0,Protonotaria citrea,Prothonotary Warbler,0.8613,C:/Users/shang/OneDrive - Georgia Institute of Technology/HAAG Research Bird Audio/Audio Files Analysis/Low/PSL7\20240526_080000.WAV
354.0,357.0,Larvivora brunnea,Indian Blue Robin,0.5146,C:/Users/shang/OneDrive - Georgia Institute of Technology/HAAG Research Bird Audio/Audio Files Analysis/Low/PSL7\20240526_080000.WAV
363.0,366.0,Larvivora brunnea,Indian Blue Robin,0.5731,C:/Users/shang/OneDrive - Georgia Institute of Technology/HAAG Research Bird Audio/Audio Files Analysis/Low/PSL7\20240526_080000.WAV
384.0,387.0,Larvivora brunnea,Indian Blue Robin,0.7161,C:/Users/shang/OneDrive - Georgia Institute of Technology/HAAG Research Bird Audio/Audio Files Analysis/Low/PSL7\20240526_080000.WAV
417.0,420.0,Larvivora brunnea,Indian Blue Robin,0.9282,C:/Users/shang/OneDrive - Georgia Institute of Technology/HAAG Research Bird Audio/Audio Files Analysis/Low/PSL7\20240526_080000.WAV
438.0,441.0,Larvivora brunnea,Indian Blue Robin,0.7718,C:/Users/shang/OneDrive - Georgia Institute of Technology/HAAG Research Bird Audio/Audio Files Analysis/Low/PSL7\20240526_080000.WAV
468.0,471.0,Phylloscopus trochiloides,Greenish Warbler,0.5726,C:/Users/shang/OneDrive - Georgia Institute of Technology/HAAG Research Bird Audio/Audio Files Analysis/Low/PSL7\20240526_080000.WAV
489.0,492.0,Larvivora brunnea,Indian Blue Robin,0.9443,C:/Users/shang/OneDrive - Georgia Institute of Technology/HAAG Research Bird Audio/Audio Files Analysis/Low/PSL7\20240526_080000.WAV
501.0,504.0,Larvivora brunnea,Indian Blue Robin,0.5548,C:/Users/shang/OneDrive - Georgia Institute of Technology/HAAG Research Bird Audio/Audio Files Analysis/Low/PSL7\20240526_080000.WAV
525.0,528.0,Phylloscopus humei,Hume's Warbler,0.5030,C:/Users/shang/OneDrive - Georgia Institute of Technology/HAAG Research Bird Audio/Audio Files Analysis/Low/PSL7\20240526_080000.WAV
528.0,531.0,Phylloscopus humei,Hume's Warbler,0.5051,C:/Users/shang/OneDrive - Georgia Institute of Technology/HAAG Research Bird Audio/Audio Files Analysis/Low/PSL7\20240526_080000.WAV
531.0,534.0,Setophaga townsendi,Townsend's Warbler,0.6452,C:/Users/shang/OneDrive - Georgia Institute of Technology/HAAG Research Bird Audio/Audio Files Analysis/Low/PSL7\20240526_080000.WAV
546.0,549.0,Larvivora brunnea,Indian Blue Robin,0.8766,C:/Users/shang/OneDrive - Georgia Institute of Technology/HAAG Research Bird Audio/Audio Files Analysis/Low/PSL7\20240526_080000.WAV
594.0,597.0,Larvivora brunnea,Indian Blue Robin,0.8147,C:/Users/shang/OneDrive - Georgia Institute of Technology/HAAG Research Bird Audio/Audio Files Analysis/Low/PSL7\20240526_080000.WAV
603.0,606.0,Phylloscopus humei,Hume's Warbler,0.7357,C:/Users/shang/OneDrive - Georgia Institute of Technology/HAAG Research Bird Audio/Audio Files Analysis/Low/PSL7\20240526_080000.WAV
636.0,639.0,Larvivora brunnea,Indian Blue Robin,0.9300,C:/Users/shang/OneDrive - Georgia Institute of Technology/HAAG Research Bird Audio/Audio Files Analysis/Low/PSL7\20240526_080000.WAV
648.0,651.0,Larvivora brunnea,Indian Blue Robin,0.7666,C:/Users/shang/OneDrive - Georgia Institute of Technology/HAAG Research Bird Audio/Audio Files Analysis/Low/PSL7\20240526_080000.WAV
681.0,684.0,Larvivora brunnea,Indian Blue Robin,0.5328,C:/Users/shang/OneDrive - Georgia Institute of Technology/HAAG Research Bird Audio/Audio Files Analysis/Low/PSL7\20240526_080000.WAV
705.0,708.0,Larvivora brunnea,Indian Blue Robin,0.6235,C:/Users/shang/OneDrive - Georgia Institute of Technology/HAAG Research Bird Audio/Audio Files Analysis/Low/PSL7\20240526_080000.WAV
726.0,729.0,Larvivora brunnea,Indian Blue Robin,0.5229,C:/Users/shang/OneDrive - Georgia Institute of Technology/HAAG Research Bird Audio/Audio Files Analysis/Low/PSL7\20240526_080000.WAV
735.0,738.0,Carpodacus erythrinus,Common Rosefinch,0.5698,C:/Users/shang/OneDrive - Georgia Institute of Technology/HAAG Research Bird Audio/Audio Files Analysis/Low/PSL7\20240526_080000.WAV
744.0,747.0,Phylloscopus occipitalis,Western Crowned Warbler,0.7241,C:/Users/shang/OneDrive - Georgia Institute of Technology/HAAG Research Bird Audio/Audio Files Analysis/Low/PSL7\20240526_080000.WAV
750.0,753.0,Carpodacus erythrinus,Common Rosefinch,0.8842,C:/Users/shang/OneDrive - Georgia Institute of Technology/HAAG Research Bird Audio/Audio Files Analysis/Low/PSL7\20240526_080000.WAV
774.0,777.0,Larvivora brunnea,Indian Blue Robin,0.8874,C:/Users/shang/OneDrive - Georgia Institute of Technology/HAAG Research Bird Audio/Audio Files Analysis/Low/PSL7\20240526_080000.WAV
783.0,786.0,Carpodacus erythrinus,Common Rosefinch,0.7597,C:/Users/shang/OneDrive - Georgia Institute of Technology/HAAG Research Bird Audio/Audio Files Analysis/Low/PSL7\20240526_080000.WAV
786.0,789.0,Larvivora brunnea,Indian Blue Robin,0.5078,C:/Users/shang/OneDrive - Georgia Institute of Technology/HAAG Research Bird Audio/Audio Files Analysis/Low/PSL7\20240526_080000.WAV
798.0,801.0,Phylloscopus humei,Hume's Warbler,0.5732,C:/Users/shang/OneDrive - Georgia Institute of Technology/HAAG Research Bird Audio/Audio Files Analysis/Low/PSL7\20240526_080000.WAV
807.0,810.0,Phylloscopus humei,Hume's Warbler,0.8406,C:/Users/shang/OneDrive - Georgia Institute of Technology/HAAG Research Bird Audio/Audio Files Analysis/Low/PSL7\20240526_080000.WAV
816.0,819.0,Phylloscopus humei,Hume's Warbler,0.8800,C:/Users/shang/OneDrive - Georgia Institute of Technology/HAAG Research Bird Audio/Audio Files Analysis/Low/PSL7\20240526_080000.WAV
819.0,822.0,Phylloscopus humei,Hume's Warbler,0.7659,C:/Users/shang/OneDrive - Georgia Institute of Technology/HAAG Research Bird Audio/Audio Files Analysis/Low/PSL7\20240526_080000.WAV
822.0,825.0,Phylloscopus humei,Hume's Warbler,0.6841,C:/Users/shang/OneDrive - Georgia Institute of Technology/HAAG Research Bird Audio/Audio Files Analysis/Low/PSL7\20240526_080000.WAV
828.0,831.0,Larvivora brunnea,Indian Blue Robin,0.8039,C:/Users/shang/OneDrive - Georgia Institute of Technology/HAAG Research Bird Audio/Audio Files Analysis/Low/PSL7\20240526_080000.WAV
852.0,855.0,Prinia socialis,Ashy Prinia,0.5364,C:/Users/shang/OneDrive - Georgia Institute of Technology/HAAG Research Bird Audio/Audio Files Analysis/Low/PSL7\20240526_080000.WAV
864.0,867.0,Larvivora brunnea,Indian Blue Robin,0.5046,C:/Users/shang/OneDrive - Georgia Institute of Technology/HAAG Research Bird Audio/Audio Files Analysis/Low/PSL7\20240526_080000.WAV
