Start (s),End (s),Scientific name,Common name,Confidence,ID,Year,Month,Day,Time
0.0,3.0,Trochalopteron variegatum,Variegated Laughingthrush,0.7465,psm9,2024,06,02,05
6.0,9.0,Trochalopteron variegatum,Variegated Laughingthrush,0.5854,psm9,2024,06,02,05
9.0,12.0,Trochalopteron variegatum,Variegated Laughingthrush,0.9282,psm9,2024,06,02,05
15.0,18.0,Trochalopteron variegatum,Variegated Laughingthrush,0.9712,psm9,2024,06,02,05
21.0,24.0,Trochalopteron variegatum,Variegated Laughingthrush,0.8984,psm9,2024,06,02,05
30.0,33.0,Trochalopteron variegatum,Variegated Laughingthrush,0.861,psm9,2024,06,02,05
39.0,42.0,Trochalopteron variegatum,Variegated Laughingthrush,0.8652,psm9,2024,06,02,05
45.0,48.0,Trochalopteron variegatum,Variegated Laughingthrush,0.9141,psm9,2024,06,02,05
51.0,54.0,Trochalopteron variegatum,Variegated Laughingthrush,0.9675,psm9,2024,06,02,05
54.0,57.0,Trochalopteron variegatum,Variegated Laughingthrush,0.9384,psm9,2024,06,02,05
66.0,69.0,Trochalopteron variegatum,Variegated Laughingthrush,0.9444,psm9,2024,06,02,05
102.0,105.0,Phylloscopus humei,Hume's Warbler,0.5778,psm9,2024,06,02,05
108.0,111.0,Phylloscopus humei,Hume's Warbler,0.8114,psm9,2024,06,02,05
129.0,132.0,Zosterops simplex,Swinhoe's White-eye,0.5092,psm9,2024,06,02,05
150.0,153.0,Zosterops simplex,Swinhoe's White-eye,0.6205,psm9,2024,06,02,05
195.0,198.0,Zosterops simplex,Swinhoe's White-eye,0.6044,psm9,2024,06,02,05
243.0,246.0,Phylloscopus humei,Hume's Warbler,0.5567,psm9,2024,06,02,05
249.0,252.0,Zosterops simplex,Swinhoe's White-eye,0.5601,psm9,2024,06,02,05
282.0,285.0,Phylloscopus humei,Hume's Warbler,0.6817,psm9,2024,06,02,05
324.0,327.0,Phylloscopus humei,Hume's Warbler,0.7479,psm9,2024,06,02,05
336.0,339.0,Phylloscopus humei,Hume's Warbler,0.6638,psm9,2024,06,02,05
345.0,348.0,Phylloscopus humei,Hume's Warbler,0.5683,psm9,2024,06,02,05
372.0,375.0,Phylloscopus humei,Hume's Warbler,0.5455,psm9,2024,06,02,05
384.0,387.0,Phylloscopus nitidus,Green Warbler,0.8086,psm9,2024,06,02,05
393.0,396.0,Phylloscopus humei,Hume's Warbler,0.9076,psm9,2024,06,02,05
414.0,417.0,Phylloscopus nitidus,Green Warbler,0.5854,psm9,2024,06,02,05
423.0,426.0,Phylloscopus humei,Hume's Warbler,0.5323,psm9,2024,06,02,05
444.0,447.0,Zosterops simplex,Swinhoe's White-eye,0.7858,psm9,2024,06,02,05
483.0,486.0,Phylloscopus humei,Hume's Warbler,0.6135,psm9,2024,06,02,05
492.0,495.0,Zosterops simplex,Swinhoe's White-eye,0.7026,psm9,2024,06,02,05
498.0,501.0,Zosterops simplex,Swinhoe's White-eye,0.6415,psm9,2024,06,02,05
585.0,588.0,Phylloscopus nitidus,Green Warbler,0.5788,psm9,2024,06,02,05
591.0,594.0,Phylloscopus trochiloides,Greenish Warbler,0.5504,psm9,2024,06,02,05
675.0,678.0,Phylloscopus nitidus,Green Warbler,0.9347,psm9,2024,06,02,05
684.0,687.0,Phylloscopus nitidus,Green Warbler,0.517,psm9,2024,06,02,05
690.0,693.0,Phylloscopus nitidus,Green Warbler,0.7834,psm9,2024,06,02,05
699.0,702.0,Phylloscopus reguloides,Blyth's Leaf Warbler,0.5842,psm9,2024,06,02,05
705.0,708.0,Phylloscopus nitidus,Green Warbler,0.6329,psm9,2024,06,02,05
726.0,729.0,Phylloscopus trochiloides,Greenish Warbler,0.7172,psm9,2024,06,02,05
729.0,732.0,Phylloscopus reguloides,Blyth's Leaf Warbler,0.5697,psm9,2024,06,02,05
744.0,747.0,Phylloscopus nitidus,Green Warbler,0.6229,psm9,2024,06,02,05
783.0,786.0,Phylloscopus nitidus,Green Warbler,0.8069,psm9,2024,06,02,05
786.0,789.0,Phylloscopus nitidus,Green Warbler,0.5402,psm9,2024,06,02,05
807.0,810.0,Trochalopteron variegatum,Variegated Laughingthrush,0.6173,psm9,2024,06,02,05
819.0,822.0,Trochalopteron variegatum,Variegated Laughingthrush,0.5131,psm9,2024,06,02,05
822.0,825.0,Phylloscopus nitidus,Green Warbler,0.8018,psm9,2024,06,02,05
831.0,834.0,Trochalopteron variegatum,Variegated Laughingthrush,0.7742,psm9,2024,06,02,05
834.0,837.0,Trochalopteron variegatum,Variegated Laughingthrush,0.5653,psm9,2024,06,02,05
837.0,840.0,Trochalopteron variegatum,Variegated Laughingthrush,0.6864,psm9,2024,06,02,05
843.0,846.0,Trochalopteron variegatum,Variegated Laughingthrush,0.6926,psm9,2024,06,02,05
855.0,858.0,Phylloscopus nitidus,Green Warbler,0.568,psm9,2024,06,02,05
858.0,861.0,Trochalopteron variegatum,Variegated Laughingthrush,0.7297,psm9,2024,06,02,05
867.0,870.0,Trochalopteron variegatum,Variegated Laughingthrush,0.5463,psm9,2024,06,02,05
867.0,870.0,Phylloscopus nitidus,Green Warbler,0.5065,psm9,2024,06,02,05
873.0,876.0,Trochalopteron variegatum,Variegated Laughingthrush,0.5781,psm9,2024,06,02,05
879.0,882.0,Phylloscopus nitidus,Green Warbler,0.9453,psm9,2024,06,02,05
891.0,894.0,Vireo flavifrons,Yellow-throated Vireo,0.5923,psm9,2024,06,02,05
897.0,900.0,Phylloscopus trochiloides,Greenish Warbler,0.5397,psm9,2024,06,02,05
3.0,6.0,Phylloscopus trochiloides,Greenish Warbler,0.5897,psm9,2024,06,02,06
54.0,57.0,Phylloscopus humei,Hume's Warbler,0.5145,psm9,2024,06,02,06
81.0,84.0,Phylloscopus nitidus,Green Warbler,0.7731,psm9,2024,06,02,06
111.0,114.0,Phylloscopus nitidus,Green Warbler,0.8846,psm9,2024,06,02,06
111.0,114.0,Phylloscopus trochiloides,Greenish Warbler,0.7161,psm9,2024,06,02,06
120.0,123.0,Phylloscopus nitidus,Green Warbler,0.9782,psm9,2024,06,02,06
153.0,156.0,Phylloscopus nitidus,Green Warbler,0.9132,psm9,2024,06,02,06
159.0,162.0,Phylloscopus nitidus,Green Warbler,0.977,psm9,2024,06,02,06
174.0,177.0,Phylloscopus nitidus,Green Warbler,0.8892,psm9,2024,06,02,06
174.0,177.0,Phylloscopus trochiloides,Greenish Warbler,0.6812,psm9,2024,06,02,06
180.0,183.0,Phylloscopus reguloides,Blyth's Leaf Warbler,0.6199,psm9,2024,06,02,06
183.0,186.0,Phylloscopus nitidus,Green Warbler,0.7431,psm9,2024,06,02,06
192.0,195.0,Phylloscopus nitidus,Green Warbler,0.5846,psm9,2024,06,02,06
231.0,234.0,Phylloscopus trochiloides,Greenish Warbler,0.5659,psm9,2024,06,02,06
240.0,243.0,Phylloscopus nitidus,Green Warbler,0.5909,psm9,2024,06,02,06
282.0,285.0,Phylloscopus nitidus,Green Warbler,0.6518,psm9,2024,06,02,06
282.0,285.0,Phylloscopus trochiloides,Greenish Warbler,0.6159,psm9,2024,06,02,06
285.0,288.0,Phylloscopus trochiloides,Greenish Warbler,0.5743,psm9,2024,06,02,06
288.0,291.0,Phylloscopus nitidus,Green Warbler,0.8128,psm9,2024,06,02,06
306.0,309.0,Phylloscopus nitidus,Green Warbler,0.601,psm9,2024,06,02,06
321.0,324.0,Phylloscopus nitidus,Green Warbler,0.6869,psm9,2024,06,02,06
327.0,330.0,Phylloscopus nitidus,Green Warbler,0.8376,psm9,2024,06,02,06
330.0,333.0,Phylloscopus nitidus,Green Warbler,0.94,psm9,2024,06,02,06
336.0,339.0,Phylloscopus nitidus,Green Warbler,0.5091,psm9,2024,06,02,06
354.0,357.0,Phylloscopus nitidus,Green Warbler,0.6512,psm9,2024,06,02,06
360.0,363.0,Phylloscopus nitidus,Green Warbler,0.6317,psm9,2024,06,02,06
369.0,372.0,Phylloscopus nitidus,Green Warbler,0.8539,psm9,2024,06,02,06
402.0,405.0,Phylloscopus trochiloides,Greenish Warbler,0.5244,psm9,2024,06,02,06
411.0,414.0,Phylloscopus nitidus,Green Warbler,0.6238,psm9,2024,06,02,06
417.0,420.0,Phylloscopus nitidus,Green Warbler,0.6561,psm9,2024,06,02,06
441.0,444.0,Phylloscopus nitidus,Green Warbler,0.8622,psm9,2024,06,02,06
450.0,453.0,Phylloscopus trochiloides,Greenish Warbler,0.6176,psm9,2024,06,02,06
453.0,456.0,Phylloscopus nitidus,Green Warbler,0.5749,psm9,2024,06,02,06
462.0,465.0,Prunella strophiata,Rufous-breasted Accentor,0.7055,psm9,2024,06,02,06
468.0,471.0,Phylloscopus nitidus,Green Warbler,0.9668,psm9,2024,06,02,06
471.0,474.0,Prunella strophiata,Rufous-breasted Accentor,0.8618,psm9,2024,06,02,06
504.0,507.0,Phylloscopus reguloides,Blyth's Leaf Warbler,0.5638,psm9,2024,06,02,06
507.0,510.0,Prunella strophiata,Rufous-breasted Accentor,0.581,psm9,2024,06,02,06
510.0,513.0,Prunella strophiata,Rufous-breasted Accentor,0.6963,psm9,2024,06,02,06
513.0,516.0,Phylloscopus nitidus,Green Warbler,0.9039,psm9,2024,06,02,06
516.0,519.0,Prunella strophiata,Rufous-breasted Accentor,0.7208,psm9,2024,06,02,06
519.0,522.0,Prunella strophiata,Rufous-breasted Accentor,0.9648,psm9,2024,06,02,06
525.0,528.0,Prunella strophiata,Rufous-breasted Accentor,0.9841,psm9,2024,06,02,06
525.0,528.0,Trochalopteron variegatum,Variegated Laughingthrush,0.6076,psm9,2024,06,02,06
540.0,543.0,Prunella strophiata,Rufous-breasted Accentor,0.9856,psm9,2024,06,02,06
558.0,561.0,Pinicola enucleator,Pine Grosbeak,0.709,psm9,2024,06,02,06
561.0,564.0,Phylloscopus nitidus,Green Warbler,0.5947,psm9,2024,06,02,06
570.0,573.0,Phylloscopus nitidus,Green Warbler,0.6041,psm9,2024,06,02,06
576.0,579.0,Prunella strophiata,Rufous-breasted Accentor,0.7398,psm9,2024,06,02,06
576.0,579.0,Phylloscopus nitidus,Green Warbler,0.5972,psm9,2024,06,02,06
582.0,585.0,Prunella strophiata,Rufous-breasted Accentor,0.6922,psm9,2024,06,02,06
588.0,591.0,Prunella strophiata,Rufous-breasted Accentor,0.5963,psm9,2024,06,02,06
591.0,594.0,Tarsiger rufilatus,Himalayan Bluetail,0.527,psm9,2024,06,02,06
600.0,603.0,Prunella strophiata,Rufous-breasted Accentor,0.5688,psm9,2024,06,02,06
609.0,612.0,Prunella strophiata,Rufous-breasted Accentor,0.9687,psm9,2024,06,02,06
612.0,615.0,Prunella strophiata,Rufous-breasted Accentor,0.907,psm9,2024,06,02,06
615.0,618.0,Phylloscopus nitidus,Green Warbler,0.8883,psm9,2024,06,02,06
615.0,618.0,Phylloscopus trochiloides,Greenish Warbler,0.6757,psm9,2024,06,02,06
627.0,630.0,Prunella strophiata,Rufous-breasted Accentor,0.9182,psm9,2024,06,02,06
630.0,633.0,Phylloscopus trochiloides,Greenish Warbler,0.7386,psm9,2024,06,02,06
630.0,633.0,Phylloscopus nitidus,Green Warbler,0.7265,psm9,2024,06,02,06
630.0,633.0,Prunella strophiata,Rufous-breasted Accentor,0.5314,psm9,2024,06,02,06
633.0,636.0,Phylloscopus nitidus,Green Warbler,0.7417,psm9,2024,06,02,06
642.0,645.0,Prunella strophiata,Rufous-breasted Accentor,0.9313,psm9,2024,06,02,06
645.0,648.0,Phylloscopus nitidus,Green Warbler,0.803,psm9,2024,06,02,06
669.0,672.0,Prunella strophiata,Rufous-breasted Accentor,0.9855,psm9,2024,06,02,06
675.0,678.0,Prunella strophiata,Rufous-breasted Accentor,0.9428,psm9,2024,06,02,06
675.0,678.0,Aethopyga nipalensis,Green-tailed Sunbird,0.6555,psm9,2024,06,02,06
678.0,681.0,Prunella strophiata,Rufous-breasted Accentor,0.9537,psm9,2024,06,02,06
681.0,684.0,Prunella strophiata,Rufous-breasted Accentor,0.9329,psm9,2024,06,02,06
687.0,690.0,Prunella strophiata,Rufous-breasted Accentor,0.6635,psm9,2024,06,02,06
690.0,693.0,Prunella strophiata,Rufous-breasted Accentor,0.9105,psm9,2024,06,02,06
699.0,702.0,Phylloscopus magnirostris,Large-billed Leaf Warbler,0.6948,psm9,2024,06,02,06
702.0,705.0,Prunella strophiata,Rufous-breasted Accentor,0.969,psm9,2024,06,02,06
705.0,708.0,Prunella strophiata,Rufous-breasted Accentor,0.8508,psm9,2024,06,02,06
708.0,711.0,Prunella strophiata,Rufous-breasted Accentor,0.9276,psm9,2024,06,02,06
720.0,723.0,Phylloscopus magnirostris,Large-billed Leaf Warbler,0.5338,psm9,2024,06,02,06
723.0,726.0,Phylloscopus nitidus,Green Warbler,0.5415,psm9,2024,06,02,06
729.0,732.0,Phylloscopus nitidus,Green Warbler,0.8328,psm9,2024,06,02,06
738.0,741.0,Prunella strophiata,Rufous-breasted Accentor,0.8747,psm9,2024,06,02,06
747.0,750.0,Prunella strophiata,Rufous-breasted Accentor,0.6124,psm9,2024,06,02,06
753.0,756.0,Prunella strophiata,Rufous-breasted Accentor,0.9523,psm9,2024,06,02,06
762.0,765.0,Prunella strophiata,Rufous-breasted Accentor,0.7979,psm9,2024,06,02,06
768.0,771.0,Prunella strophiata,Rufous-breasted Accentor,0.944,psm9,2024,06,02,06
771.0,774.0,Phylloscopus nitidus,Green Warbler,0.8009,psm9,2024,06,02,06
774.0,777.0,Prunella strophiata,Rufous-breasted Accentor,0.8641,psm9,2024,06,02,06
780.0,783.0,Prunella strophiata,Rufous-breasted Accentor,0.9077,psm9,2024,06,02,06
783.0,786.0,Phylloscopus nitidus,Green Warbler,0.952,psm9,2024,06,02,06
792.0,795.0,Prunella strophiata,Rufous-breasted Accentor,0.6997,psm9,2024,06,02,06
795.0,798.0,Prunella strophiata,Rufous-breasted Accentor,0.6327,psm9,2024,06,02,06
798.0,801.0,Phylloscopus nitidus,Green Warbler,0.7133,psm9,2024,06,02,06
801.0,804.0,Prunella strophiata,Rufous-breasted Accentor,0.8108,psm9,2024,06,02,06
810.0,813.0,Prunella strophiata,Rufous-breasted Accentor,0.6658,psm9,2024,06,02,06
816.0,819.0,Prunella strophiata,Rufous-breasted Accentor,0.6374,psm9,2024,06,02,06
825.0,828.0,Prunella strophiata,Rufous-breasted Accentor,0.8155,psm9,2024,06,02,06
828.0,831.0,Prunella strophiata,Rufous-breasted Accentor,0.6864,psm9,2024,06,02,06
831.0,834.0,Prunella strophiata,Rufous-breasted Accentor,0.9115,psm9,2024,06,02,06
834.0,837.0,Phylloscopus nitidus,Green Warbler,0.9096,psm9,2024,06,02,06
837.0,840.0,Prunella strophiata,Rufous-breasted Accentor,0.5038,psm9,2024,06,02,06
840.0,843.0,Prunella strophiata,Rufous-breasted Accentor,0.7152,psm9,2024,06,02,06
864.0,867.0,Prunella strophiata,Rufous-breasted Accentor,0.7535,psm9,2024,06,02,06
873.0,876.0,Ficedula parva,Red-breasted Flycatcher,0.6737,psm9,2024,06,02,06
873.0,876.0,Prunella strophiata,Rufous-breasted Accentor,0.6382,psm9,2024,06,02,06
879.0,882.0,Phylloscopus magnirostris,Large-billed Leaf Warbler,0.5361,psm9,2024,06,02,06
885.0,888.0,Prunella strophiata,Rufous-breasted Accentor,0.9126,psm9,2024,06,02,06
888.0,891.0,Prunella strophiata,Rufous-breasted Accentor,0.7029,psm9,2024,06,02,06
891.0,894.0,Prunella strophiata,Rufous-breasted Accentor,0.6502,psm9,2024,06,02,06
897.0,900.0,Prunella strophiata,Rufous-breasted Accentor,0.5225,psm9,2024,06,02,06
33.0,36.0,Trochalopteron variegatum,Variegated Laughingthrush,0.5234,psm9,2024,06,02,07
63.0,66.0,Trochalopteron variegatum,Variegated Laughingthrush,0.5603,psm9,2024,06,02,07
72.0,75.0,Trochalopteron variegatum,Variegated Laughingthrush,0.7739,psm9,2024,06,02,07
114.0,117.0,Trochalopteron variegatum,Variegated Laughingthrush,0.5062,psm9,2024,06,02,07
135.0,138.0,Trochalopteron variegatum,Variegated Laughingthrush,0.5914,psm9,2024,06,02,07
156.0,159.0,Phylloscopus nitidus,Green Warbler,0.5206,psm9,2024,06,02,07
165.0,168.0,Phylloscopus nitidus,Green Warbler,0.7793,psm9,2024,06,02,07
168.0,171.0,Trochalopteron variegatum,Variegated Laughingthrush,0.81,psm9,2024,06,02,07
168.0,171.0,Trochalopteron erythrocephalum,Chestnut-crowned Laughingthrush,0.5331,psm9,2024,06,02,07
177.0,180.0,Trochalopteron variegatum,Variegated Laughingthrush,0.9196,psm9,2024,06,02,07
180.0,183.0,Trochalopteron variegatum,Variegated Laughingthrush,0.6588,psm9,2024,06,02,07
183.0,186.0,Trochalopteron variegatum,Variegated Laughingthrush,0.5404,psm9,2024,06,02,07
222.0,225.0,Phylloscopus nitidus,Green Warbler,0.5686,psm9,2024,06,02,07
273.0,276.0,Phylloscopus nitidus,Green Warbler,0.5777,psm9,2024,06,02,07
282.0,285.0,Phylloscopus nitidus,Green Warbler,0.6602,psm9,2024,06,02,07
288.0,291.0,Larvivora brunnea,Indian Blue Robin,0.5434,psm9,2024,06,02,07
309.0,312.0,Trochalopteron variegatum,Variegated Laughingthrush,0.5993,psm9,2024,06,02,07
312.0,315.0,Trochalopteron variegatum,Variegated Laughingthrush,0.6224,psm9,2024,06,02,07
318.0,321.0,Trochalopteron variegatum,Variegated Laughingthrush,0.5935,psm9,2024,06,02,07
330.0,333.0,Trochalopteron variegatum,Variegated Laughingthrush,0.5321,psm9,2024,06,02,07
336.0,339.0,Trochalopteron variegatum,Variegated Laughingthrush,0.5959,psm9,2024,06,02,07
345.0,348.0,Trochalopteron variegatum,Variegated Laughingthrush,0.685,psm9,2024,06,02,07
348.0,351.0,Trochalopteron variegatum,Variegated Laughingthrush,0.9004,psm9,2024,06,02,07
363.0,366.0,Trochalopteron variegatum,Variegated Laughingthrush,0.6212,psm9,2024,06,02,07
366.0,369.0,Trochalopteron variegatum,Variegated Laughingthrush,0.7647,psm9,2024,06,02,07
372.0,375.0,Trochalopteron variegatum,Variegated Laughingthrush,0.9614,psm9,2024,06,02,07
375.0,378.0,Trochalopteron variegatum,Variegated Laughingthrush,0.5374,psm9,2024,06,02,07
381.0,384.0,Trochalopteron variegatum,Variegated Laughingthrush,0.9742,psm9,2024,06,02,07
384.0,387.0,Trochalopteron variegatum,Variegated Laughingthrush,0.5886,psm9,2024,06,02,07
387.0,390.0,Trochalopteron variegatum,Variegated Laughingthrush,0.7093,psm9,2024,06,02,07
405.0,408.0,Trochalopteron variegatum,Variegated Laughingthrush,0.5011,psm9,2024,06,02,07
414.0,417.0,Trochalopteron variegatum,Variegated Laughingthrush,0.6255,psm9,2024,06,02,07
423.0,426.0,Trochalopteron variegatum,Variegated Laughingthrush,0.6192,psm9,2024,06,02,07
444.0,447.0,Trochalopteron variegatum,Variegated Laughingthrush,0.5924,psm9,2024,06,02,07
468.0,471.0,Trochalopteron variegatum,Variegated Laughingthrush,0.6687,psm9,2024,06,02,07
492.0,495.0,Larvivora brunnea,Indian Blue Robin,0.5996,psm9,2024,06,02,07
573.0,576.0,Trochalopteron variegatum,Variegated Laughingthrush,0.8364,psm9,2024,06,02,07
579.0,582.0,Trochalopteron variegatum,Variegated Laughingthrush,0.6383,psm9,2024,06,02,07
597.0,600.0,Phylloscopus magnirostris,Large-billed Leaf Warbler,0.6734,psm9,2024,06,02,07
636.0,639.0,Trochalopteron variegatum,Variegated Laughingthrush,0.5661,psm9,2024,06,02,07
645.0,648.0,Trochalopteron variegatum,Variegated Laughingthrush,0.8865,psm9,2024,06,02,07
654.0,657.0,Trochalopteron variegatum,Variegated Laughingthrush,0.5109,psm9,2024,06,02,07
657.0,660.0,Phylloscopus nitidus,Green Warbler,0.6865,psm9,2024,06,02,07
660.0,663.0,Trochalopteron variegatum,Variegated Laughingthrush,0.5574,psm9,2024,06,02,07
663.0,666.0,Trochalopteron variegatum,Variegated Laughingthrush,0.5825,psm9,2024,06,02,07
672.0,675.0,Phylloscopus trochiloides,Greenish Warbler,0.5005,psm9,2024,06,02,07
675.0,678.0,Phylloscopus trochiloides,Greenish Warbler,0.6631,psm9,2024,06,02,07
696.0,699.0,Larvivora brunnea,Indian Blue Robin,0.6256,psm9,2024,06,02,07
696.0,699.0,Phylloscopus magnirostris,Large-billed Leaf Warbler,0.5531,psm9,2024,06,02,07
699.0,702.0,Phylloscopus magnirostris,Large-billed Leaf Warbler,0.8607,psm9,2024,06,02,07
717.0,720.0,Phylloscopus humei,Hume's Warbler,0.5135,psm9,2024,06,02,07
789.0,792.0,Trochalopteron variegatum,Variegated Laughingthrush,0.8647,psm9,2024,06,02,07
789.0,792.0,Phylloscopus magnirostris,Large-billed Leaf Warbler,0.7257,psm9,2024,06,02,07
798.0,801.0,Brachyramphus marmoratus,Marbled Murrelet,0.5561,psm9,2024,06,02,07
801.0,804.0,Trochalopteron variegatum,Variegated Laughingthrush,0.5992,psm9,2024,06,02,07
804.0,807.0,Trochalopteron variegatum,Variegated Laughingthrush,0.5115,psm9,2024,06,02,07
807.0,810.0,Trochalopteron variegatum,Variegated Laughingthrush,0.5314,psm9,2024,06,02,07
21.0,24.0,Phylloscopus humei,Hume's Warbler,0.7946,psm9,2024,06,03,05
30.0,33.0,Phylloscopus humei,Hume's Warbler,0.7942,psm9,2024,06,03,05
36.0,39.0,Phylloscopus humei,Hume's Warbler,0.5159,psm9,2024,06,03,05
84.0,87.0,Tarsiger rufilatus,Himalayan Bluetail,0.5733,psm9,2024,06,03,05
117.0,120.0,Tarsiger rufilatus,Himalayan Bluetail,0.5334,psm9,2024,06,03,05
120.0,123.0,Tarsiger rufilatus,Himalayan Bluetail,0.6868,psm9,2024,06,03,05
126.0,129.0,Tarsiger rufilatus,Himalayan Bluetail,0.5328,psm9,2024,06,03,05
147.0,150.0,Tarsiger rufilatus,Himalayan Bluetail,0.5814,psm9,2024,06,03,05
150.0,153.0,Tarsiger rufilatus,Himalayan Bluetail,0.6586,psm9,2024,06,03,05
153.0,156.0,Tarsiger rufilatus,Himalayan Bluetail,0.8961,psm9,2024,06,03,05
171.0,174.0,Phylloscopus humei,Hume's Warbler,0.8053,psm9,2024,06,03,05
183.0,186.0,Phylloscopus humei,Hume's Warbler,0.5776,psm9,2024,06,03,05
225.0,228.0,Phylloscopus humei,Hume's Warbler,0.8763,psm9,2024,06,03,05
240.0,243.0,Phylloscopus humei,Hume's Warbler,0.8897,psm9,2024,06,03,05
243.0,246.0,Phylloscopus humei,Hume's Warbler,0.7169,psm9,2024,06,03,05
264.0,267.0,Phylloscopus humei,Hume's Warbler,0.6883,psm9,2024,06,03,05
267.0,270.0,Phylloscopus humei,Hume's Warbler,0.5611,psm9,2024,06,03,05
270.0,273.0,Phylloscopus humei,Hume's Warbler,0.5656,psm9,2024,06,03,05
285.0,288.0,Zosterops simplex,Swinhoe's White-eye,0.7152,psm9,2024,06,03,05
333.0,336.0,Zosterops simplex,Swinhoe's White-eye,0.745,psm9,2024,06,03,05
336.0,339.0,Phylloscopus humei,Hume's Warbler,0.6951,psm9,2024,06,03,05
339.0,342.0,Phylloscopus humei,Hume's Warbler,0.6271,psm9,2024,06,03,05
345.0,348.0,Phylloscopus humei,Hume's Warbler,0.8206,psm9,2024,06,03,05
357.0,360.0,Phylloscopus humei,Hume's Warbler,0.7188,psm9,2024,06,03,05
381.0,384.0,Phylloscopus humei,Hume's Warbler,0.5447,psm9,2024,06,03,05
384.0,387.0,Phylloscopus humei,Hume's Warbler,0.5069,psm9,2024,06,03,05
390.0,393.0,Phylloscopus humei,Hume's Warbler,0.6419,psm9,2024,06,03,05
399.0,402.0,Zosterops simplex,Swinhoe's White-eye,0.7492,psm9,2024,06,03,05
405.0,408.0,Zosterops simplex,Swinhoe's White-eye,0.5342,psm9,2024,06,03,05
408.0,411.0,Phylloscopus humei,Hume's Warbler,0.5607,psm9,2024,06,03,05
423.0,426.0,Phylloscopus humei,Hume's Warbler,0.8674,psm9,2024,06,03,05
426.0,429.0,Phylloscopus humei,Hume's Warbler,0.7531,psm9,2024,06,03,05
468.0,471.0,Zosterops simplex,Swinhoe's White-eye,0.5031,psm9,2024,06,03,05
474.0,477.0,Zosterops simplex,Swinhoe's White-eye,0.6159,psm9,2024,06,03,05
477.0,480.0,Phylloscopus humei,Hume's Warbler,0.808,psm9,2024,06,03,05
486.0,489.0,Phylloscopus humei,Hume's Warbler,0.7389,psm9,2024,06,03,05
498.0,501.0,Zosterops simplex,Swinhoe's White-eye,0.6963,psm9,2024,06,03,05
501.0,504.0,Zosterops simplex,Swinhoe's White-eye,0.5396,psm9,2024,06,03,05
510.0,513.0,Zosterops simplex,Swinhoe's White-eye,0.6228,psm9,2024,06,03,05
546.0,549.0,Phylloscopus humei,Hume's Warbler,0.5999,psm9,2024,06,03,05
552.0,555.0,Zosterops simplex,Swinhoe's White-eye,0.5821,psm9,2024,06,03,05
555.0,558.0,Phylloscopus humei,Hume's Warbler,0.5664,psm9,2024,06,03,05
573.0,576.0,Phylloscopus humei,Hume's Warbler,0.9359,psm9,2024,06,03,05
585.0,588.0,Zosterops simplex,Swinhoe's White-eye,0.5528,psm9,2024,06,03,05
609.0,612.0,Phylloscopus humei,Hume's Warbler,0.7162,psm9,2024,06,03,05
618.0,621.0,Phylloscopus humei,Hume's Warbler,0.6107,psm9,2024,06,03,05
627.0,630.0,Phylloscopus humei,Hume's Warbler,0.785,psm9,2024,06,03,05
636.0,639.0,Phylloscopus humei,Hume's Warbler,0.8968,psm9,2024,06,03,05
645.0,648.0,Phylloscopus humei,Hume's Warbler,0.8321,psm9,2024,06,03,05
648.0,651.0,Phylloscopus humei,Hume's Warbler,0.6579,psm9,2024,06,03,05
654.0,657.0,Phylloscopus humei,Hume's Warbler,0.5123,psm9,2024,06,03,05
657.0,660.0,Phylloscopus humei,Hume's Warbler,0.5369,psm9,2024,06,03,05
660.0,663.0,Phylloscopus humei,Hume's Warbler,0.8772,psm9,2024,06,03,05
684.0,687.0,Trochalopteron variegatum,Variegated Laughingthrush,0.5364,psm9,2024,06,03,05
702.0,705.0,Phylloscopus humei,Hume's Warbler,0.6185,psm9,2024,06,03,05
705.0,708.0,Phylloscopus humei,Hume's Warbler,0.607,psm9,2024,06,03,05
711.0,714.0,Phylloscopus humei,Hume's Warbler,0.6792,psm9,2024,06,03,05
714.0,717.0,Phylloscopus humei,Hume's Warbler,0.6337,psm9,2024,06,03,05
723.0,726.0,Phylloscopus humei,Hume's Warbler,0.6795,psm9,2024,06,03,05
726.0,729.0,Zosterops simplex,Swinhoe's White-eye,0.5928,psm9,2024,06,03,05
732.0,735.0,Phylloscopus humei,Hume's Warbler,0.8246,psm9,2024,06,03,05
747.0,750.0,Phylloscopus humei,Hume's Warbler,0.5831,psm9,2024,06,03,05
756.0,759.0,Phylloscopus humei,Hume's Warbler,0.7355,psm9,2024,06,03,05
759.0,762.0,Phylloscopus humei,Hume's Warbler,0.8141,psm9,2024,06,03,05
762.0,765.0,Phylloscopus humei,Hume's Warbler,0.8769,psm9,2024,06,03,05
765.0,768.0,Phylloscopus humei,Hume's Warbler,0.6565,psm9,2024,06,03,05
771.0,774.0,Phylloscopus humei,Hume's Warbler,0.5664,psm9,2024,06,03,05
774.0,777.0,Phylloscopus humei,Hume's Warbler,0.5829,psm9,2024,06,03,05
786.0,789.0,Phylloscopus humei,Hume's Warbler,0.5011,psm9,2024,06,03,05
816.0,819.0,Phylloscopus humei,Hume's Warbler,0.5836,psm9,2024,06,03,05
861.0,864.0,Trochalopteron variegatum,Variegated Laughingthrush,0.8696,psm9,2024,06,03,05
861.0,864.0,Accipiter badius,Shikra,0.61,psm9,2024,06,03,05
867.0,870.0,Trochalopteron variegatum,Variegated Laughingthrush,0.5153,psm9,2024,06,03,05
873.0,876.0,Trochalopteron variegatum,Variegated Laughingthrush,0.9035,psm9,2024,06,03,05
63.0,66.0,Lophophorus impejanus,Himalayan Monal,0.707,psm9,2024,06,03,06
66.0,69.0,Lophophorus impejanus,Himalayan Monal,0.6359,psm9,2024,06,03,06
66.0,69.0,Calidris pygmaea,Spoon-billed Sandpiper,0.6084,psm9,2024,06,03,06
69.0,72.0,Lophophorus impejanus,Himalayan Monal,0.9453,psm9,2024,06,03,06
72.0,75.0,Lophophorus impejanus,Himalayan Monal,0.9806,psm9,2024,06,03,06
75.0,78.0,Lophophorus impejanus,Himalayan Monal,0.9404,psm9,2024,06,03,06
84.0,87.0,Lophophorus impejanus,Himalayan Monal,0.6745,psm9,2024,06,03,06
138.0,141.0,Phylloscopus humei,Hume's Warbler,0.7372,psm9,2024,06,03,06
150.0,153.0,Phylloscopus humei,Hume's Warbler,0.5582,psm9,2024,06,03,06
180.0,183.0,Phylloscopus humei,Hume's Warbler,0.6595,psm9,2024,06,03,06
183.0,186.0,Phylloscopus humei,Hume's Warbler,0.823,psm9,2024,06,03,06
186.0,189.0,Phylloscopus humei,Hume's Warbler,0.6998,psm9,2024,06,03,06
309.0,312.0,Phylloscopus magnirostris,Large-billed Leaf Warbler,0.645,psm9,2024,06,03,06
531.0,534.0,Periparus rufonuchalis,Rufous-naped Tit,0.5906,psm9,2024,06,03,06
540.0,543.0,Calidris pygmaea,Spoon-billed Sandpiper,0.6351,psm9,2024,06,03,06
552.0,555.0,Spizelloides arborea,American Tree Sparrow,0.5746,psm9,2024,06,03,06
633.0,636.0,Haemorhous cassinii,Cassin's Finch,0.5743,psm9,2024,06,03,06
768.0,771.0,Larvivora brunnea,Indian Blue Robin,0.6586,psm9,2024,06,03,06
804.0,807.0,Turdus iliacus,Redwing,0.7953,psm9,2024,06,03,06
849.0,852.0,Phylloscopus humei,Hume's Warbler,0.6299,psm9,2024,06,03,06
864.0,867.0,Phylloscopus humei,Hume's Warbler,0.6046,psm9,2024,06,03,06
870.0,873.0,Phylloscopus humei,Hume's Warbler,0.5673,psm9,2024,06,03,06
882.0,885.0,Phylloscopus humei,Hume's Warbler,0.6033,psm9,2024,06,03,06
897.0,900.0,Phylloscopus humei,Hume's Warbler,0.5773,psm9,2024,06,03,06
48.0,51.0,Phylloscopus humei,Hume's Warbler,0.6571,psm9,2024,06,03,07
60.0,63.0,Phylloscopus trochiloides,Greenish Warbler,0.553,psm9,2024,06,03,07
63.0,66.0,Phylloscopus nitidus,Green Warbler,0.7033,psm9,2024,06,03,07
72.0,75.0,Phylloscopus trochiloides,Greenish Warbler,0.5323,psm9,2024,06,03,07
93.0,96.0,Phylloscopus trochiloides,Greenish Warbler,0.8475,psm9,2024,06,03,07
102.0,105.0,Phylloscopus trochiloides,Greenish Warbler,0.9148,psm9,2024,06,03,07
108.0,111.0,Phylloscopus humei,Hume's Warbler,0.8484,psm9,2024,06,03,07
111.0,114.0,Phylloscopus trochiloides,Greenish Warbler,0.7135,psm9,2024,06,03,07
114.0,117.0,Phylloscopus trochiloides,Greenish Warbler,0.6513,psm9,2024,06,03,07
120.0,123.0,Phylloscopus trochiloides,Greenish Warbler,0.6992,psm9,2024,06,03,07
126.0,129.0,Phylloscopus trochiloides,Greenish Warbler,0.6768,psm9,2024,06,03,07
129.0,132.0,Phylloscopus trochiloides,Greenish Warbler,0.6234,psm9,2024,06,03,07
138.0,141.0,Phylloscopus humei,Hume's Warbler,0.7868,psm9,2024,06,03,07
186.0,189.0,Phylloscopus trochiloides,Greenish Warbler,0.8978,psm9,2024,06,03,07
192.0,195.0,Phylloscopus trochiloides,Greenish Warbler,0.9005,psm9,2024,06,03,07
201.0,204.0,Phylloscopus trochiloides,Greenish Warbler,0.5607,psm9,2024,06,03,07
207.0,210.0,Phylloscopus trochiloides,Greenish Warbler,0.6853,psm9,2024,06,03,07
222.0,225.0,Phylloscopus trochiloides,Greenish Warbler,0.9494,psm9,2024,06,03,07
276.0,279.0,Trochalopteron variegatum,Variegated Laughingthrush,0.8914,psm9,2024,06,03,07
294.0,297.0,Trochalopteron variegatum,Variegated Laughingthrush,0.7998,psm9,2024,06,03,07
321.0,324.0,Phylloscopus occipitalis,Western Crowned Warbler,0.5011,psm9,2024,06,03,07
351.0,354.0,Phylloscopus occipitalis,Western Crowned Warbler,0.5822,psm9,2024,06,03,07
453.0,456.0,Phylloscopus occipitalis,Western Crowned Warbler,0.667,psm9,2024,06,03,07
504.0,507.0,Phylloscopus occipitalis,Western Crowned Warbler,0.9217,psm9,2024,06,03,07
519.0,522.0,Larvivora brunnea,Indian Blue Robin,0.5123,psm9,2024,06,03,07
537.0,540.0,Phylloscopus occipitalis,Western Crowned Warbler,0.7736,psm9,2024,06,03,07
543.0,546.0,Phylloscopus occipitalis,Western Crowned Warbler,0.8568,psm9,2024,06,03,07
546.0,549.0,Larvivora brunnea,Indian Blue Robin,0.5553,psm9,2024,06,03,07
555.0,558.0,Phylloscopus occipitalis,Western Crowned Warbler,0.7647,psm9,2024,06,03,07
570.0,573.0,Phylloscopus occipitalis,Western Crowned Warbler,0.6888,psm9,2024,06,03,07
591.0,594.0,Phylloscopus occipitalis,Western Crowned Warbler,0.5518,psm9,2024,06,03,07
609.0,612.0,Phylloscopus occipitalis,Western Crowned Warbler,0.8794,psm9,2024,06,03,07
618.0,621.0,Phylloscopus occipitalis,Western Crowned Warbler,0.5101,psm9,2024,06,03,07
648.0,651.0,Phylloscopus occipitalis,Western Crowned Warbler,0.9123,psm9,2024,06,03,07
657.0,660.0,Phylloscopus occipitalis,Western Crowned Warbler,0.5125,psm9,2024,06,03,07
669.0,672.0,Phylloscopus occipitalis,Western Crowned Warbler,0.6158,psm9,2024,06,03,07
681.0,684.0,Phylloscopus trochiloides,Greenish Warbler,0.547,psm9,2024,06,03,07
699.0,702.0,Phylloscopus occipitalis,Western Crowned Warbler,0.6785,psm9,2024,06,03,07
780.0,783.0,Phylloscopus trochiloides,Greenish Warbler,0.8362,psm9,2024,06,03,07
828.0,831.0,Phylloscopus humei,Hume's Warbler,0.7715,psm9,2024,06,03,07
855.0,858.0,Phylloscopus trochiloides,Greenish Warbler,0.6123,psm9,2024,06,03,07
873.0,876.0,Phylloscopus humei,Hume's Warbler,0.5818,psm9,2024,06,03,07
891.0,894.0,Phylloscopus trochiloides,Greenish Warbler,0.5735,psm9,2024,06,03,07
0.0,3.0,Phylloscopus humei,Hume's Warbler,0.7728,psm9,2024,06,04,05
36.0,39.0,Zosterops simplex,Swinhoe's White-eye,0.7357,psm9,2024,06,04,05
60.0,63.0,Trochalopteron variegatum,Variegated Laughingthrush,0.8019,psm9,2024,06,04,05
78.0,81.0,Trochalopteron variegatum,Variegated Laughingthrush,0.8065,psm9,2024,06,04,05
90.0,93.0,Zosterops simplex,Swinhoe's White-eye,0.519,psm9,2024,06,04,05
111.0,114.0,Phylloscopus humei,Hume's Warbler,0.5497,psm9,2024,06,04,05
123.0,126.0,Phylloscopus humei,Hume's Warbler,0.8089,psm9,2024,06,04,05
168.0,171.0,Phylloscopus humei,Hume's Warbler,0.8374,psm9,2024,06,04,05
183.0,186.0,Phylloscopus humei,Hume's Warbler,0.8492,psm9,2024,06,04,05
189.0,192.0,Phylloscopus humei,Hume's Warbler,0.5634,psm9,2024,06,04,05
195.0,198.0,Phylloscopus humei,Hume's Warbler,0.8862,psm9,2024,06,04,05
204.0,207.0,Zosterops simplex,Swinhoe's White-eye,0.571,psm9,2024,06,04,05
210.0,213.0,Phylloscopus humei,Hume's Warbler,0.5339,psm9,2024,06,04,05
213.0,216.0,Zosterops simplex,Swinhoe's White-eye,0.9458,psm9,2024,06,04,05
216.0,219.0,Phylloscopus humei,Hume's Warbler,0.8268,psm9,2024,06,04,05
222.0,225.0,Phylloscopus humei,Hume's Warbler,0.7484,psm9,2024,06,04,05
228.0,231.0,Zosterops simplex,Swinhoe's White-eye,0.7276,psm9,2024,06,04,05
234.0,237.0,Phylloscopus humei,Hume's Warbler,0.798,psm9,2024,06,04,05
252.0,255.0,Phylloscopus humei,Hume's Warbler,0.5568,psm9,2024,06,04,05
258.0,261.0,Phylloscopus humei,Hume's Warbler,0.9392,psm9,2024,06,04,05
264.0,267.0,Phylloscopus humei,Hume's Warbler,0.558,psm9,2024,06,04,05
270.0,273.0,Phylloscopus humei,Hume's Warbler,0.7335,psm9,2024,06,04,05
273.0,276.0,Zosterops simplex,Swinhoe's White-eye,0.8648,psm9,2024,06,04,05
276.0,279.0,Phylloscopus humei,Hume's Warbler,0.5219,psm9,2024,06,04,05
279.0,282.0,Phylloscopus humei,Hume's Warbler,0.8153,psm9,2024,06,04,05
291.0,294.0,Phylloscopus humei,Hume's Warbler,0.6787,psm9,2024,06,04,05
294.0,297.0,Phylloscopus humei,Hume's Warbler,0.8882,psm9,2024,06,04,05
297.0,300.0,Phylloscopus humei,Hume's Warbler,0.5665,psm9,2024,06,04,05
306.0,309.0,Phylloscopus humei,Hume's Warbler,0.9444,psm9,2024,06,04,05
312.0,315.0,Phylloscopus humei,Hume's Warbler,0.5331,psm9,2024,06,04,05
318.0,321.0,Phylloscopus humei,Hume's Warbler,0.9096,psm9,2024,06,04,05
321.0,324.0,Phylloscopus humei,Hume's Warbler,0.6867,psm9,2024,06,04,05
342.0,345.0,Phylloscopus humei,Hume's Warbler,0.5574,psm9,2024,06,04,05
351.0,354.0,Phylloscopus humei,Hume's Warbler,0.5323,psm9,2024,06,04,05
357.0,360.0,Phylloscopus humei,Hume's Warbler,0.6948,psm9,2024,06,04,05
363.0,366.0,Phylloscopus humei,Hume's Warbler,0.6671,psm9,2024,06,04,05
366.0,369.0,Phylloscopus humei,Hume's Warbler,0.9224,psm9,2024,06,04,05
369.0,372.0,Phylloscopus humei,Hume's Warbler,0.9287,psm9,2024,06,04,05
435.0,438.0,Phylloscopus humei,Hume's Warbler,0.5079,psm9,2024,06,04,05
477.0,480.0,Phylloscopus humei,Hume's Warbler,0.5636,psm9,2024,06,04,05
492.0,495.0,Zosterops simplex,Swinhoe's White-eye,0.6033,psm9,2024,06,04,05
555.0,558.0,Phylloscopus humei,Hume's Warbler,0.5787,psm9,2024,06,04,05
645.0,648.0,Phylloscopus humei,Hume's Warbler,0.9204,psm9,2024,06,04,05
648.0,651.0,Phylloscopus humei,Hume's Warbler,0.9167,psm9,2024,06,04,05
666.0,669.0,Phylloscopus humei,Hume's Warbler,0.8034,psm9,2024,06,04,05
789.0,792.0,Tarsiger rufilatus,Himalayan Bluetail,0.5606,psm9,2024,06,04,05
792.0,795.0,Tarsiger rufilatus,Himalayan Bluetail,0.8665,psm9,2024,06,04,05
798.0,801.0,Phylloscopus humei,Hume's Warbler,0.808,psm9,2024,06,04,05
804.0,807.0,Phylloscopus humei,Hume's Warbler,0.9512,psm9,2024,06,04,05
807.0,810.0,Phylloscopus humei,Hume's Warbler,0.7302,psm9,2024,06,04,05
810.0,813.0,Zosterops simplex,Swinhoe's White-eye,0.5368,psm9,2024,06,04,05
816.0,819.0,Zosterops simplex,Swinhoe's White-eye,0.7669,psm9,2024,06,04,05
891.0,894.0,Zosterops simplex,Swinhoe's White-eye,0.7385,psm9,2024,06,04,05
9.0,12.0,Phylloscopus humei,Hume's Warbler,0.5413,psm9,2024,06,04,06
21.0,24.0,Phylloscopus humei,Hume's Warbler,0.5868,psm9,2024,06,04,06
45.0,48.0,Phylloscopus humei,Hume's Warbler,0.566,psm9,2024,06,04,06
72.0,75.0,Phylloscopus humei,Hume's Warbler,0.5926,psm9,2024,06,04,06
123.0,126.0,Trochalopteron variegatum,Variegated Laughingthrush,0.9864,psm9,2024,06,04,06
141.0,144.0,Trochalopteron variegatum,Variegated Laughingthrush,0.9842,psm9,2024,06,04,06
150.0,153.0,Pitangus sulphuratus,Great Kiskadee,0.6409,psm9,2024,06,04,06
186.0,189.0,Spinus pinus,Pine Siskin,0.6667,psm9,2024,06,04,06
207.0,210.0,Phylloscopus humei,Hume's Warbler,0.651,psm9,2024,06,04,06
225.0,228.0,Carpodacus erythrinus,Common Rosefinch,0.8851,psm9,2024,06,04,06
231.0,234.0,Carpodacus erythrinus,Common Rosefinch,0.8149,psm9,2024,06,04,06
303.0,306.0,Carpodacus erythrinus,Common Rosefinch,0.5866,psm9,2024,06,04,06
345.0,348.0,Carpodacus erythrinus,Common Rosefinch,0.6668,psm9,2024,06,04,06
564.0,567.0,Phylloscopus nitidus,Green Warbler,0.7596,psm9,2024,06,04,06
642.0,645.0,Scolopax minor,American Woodcock,0.7144,psm9,2024,06,04,06
693.0,696.0,Zosterops simplex,Swinhoe's White-eye,0.5123,psm9,2024,06,04,06
702.0,705.0,Phylloscopus trochiloides,Greenish Warbler,0.5023,psm9,2024,06,04,06
861.0,864.0,Anthus hodgsoni,Olive-backed Pipit,0.8816,psm9,2024,06,04,06
885.0,888.0,Phylloscopus trochiloides,Greenish Warbler,0.5759,psm9,2024,06,04,06
117.0,120.0,Phylloscopus magnirostris,Large-billed Leaf Warbler,0.6811,psm9,2024,06,04,07
219.0,222.0,Tringa erythropus,Spotted Redshank,0.9564,psm9,2024,06,04,07
237.0,240.0,Phylloscopus magnirostris,Large-billed Leaf Warbler,0.504,psm9,2024,06,04,07
366.0,369.0,Phylloscopus humei,Hume's Warbler,0.7555,psm9,2024,06,04,07
402.0,405.0,Phylloscopus magnirostris,Large-billed Leaf Warbler,0.6836,psm9,2024,06,04,07
411.0,414.0,Phylloscopus magnirostris,Large-billed Leaf Warbler,0.9246,psm9,2024,06,04,07
420.0,423.0,Phylloscopus magnirostris,Large-billed Leaf Warbler,0.8445,psm9,2024,06,04,07
432.0,435.0,Phylloscopus humei,Hume's Warbler,0.6163,psm9,2024,06,04,07
456.0,459.0,Phylloscopus magnirostris,Large-billed Leaf Warbler,0.7892,psm9,2024,06,04,07
465.0,468.0,Phylloscopus humei,Hume's Warbler,0.5607,psm9,2024,06,04,07
486.0,489.0,Phylloscopus humei,Hume's Warbler,0.5726,psm9,2024,06,04,07
501.0,504.0,Phylloscopus magnirostris,Large-billed Leaf Warbler,0.682,psm9,2024,06,04,07
519.0,522.0,Phylloscopus humei,Hume's Warbler,0.9363,psm9,2024,06,04,07
537.0,540.0,Phylloscopus humei,Hume's Warbler,0.9235,psm9,2024,06,04,07
543.0,546.0,Phylloscopus humei,Hume's Warbler,0.7193,psm9,2024,06,04,07
549.0,552.0,Phylloscopus humei,Hume's Warbler,0.763,psm9,2024,06,04,07
558.0,561.0,Phylloscopus humei,Hume's Warbler,0.9227,psm9,2024,06,04,07
567.0,570.0,Phylloscopus humei,Hume's Warbler,0.5503,psm9,2024,06,04,07
570.0,573.0,Phylloscopus humei,Hume's Warbler,0.8032,psm9,2024,06,04,07
600.0,603.0,Phylloscopus magnirostris,Large-billed Leaf Warbler,0.8368,psm9,2024,06,04,07
600.0,603.0,Larvivora brunnea,Indian Blue Robin,0.6396,psm9,2024,06,04,07
606.0,609.0,Phylloscopus humei,Hume's Warbler,0.545,psm9,2024,06,04,07
612.0,615.0,Phylloscopus magnirostris,Large-billed Leaf Warbler,0.5128,psm9,2024,06,04,07
639.0,642.0,Phylloscopus humei,Hume's Warbler,0.6923,psm9,2024,06,04,07
645.0,648.0,Phylloscopus magnirostris,Large-billed Leaf Warbler,0.5237,psm9,2024,06,04,07
729.0,732.0,Zosterops simplex,Swinhoe's White-eye,0.539,psm9,2024,06,04,07
750.0,753.0,Zosterops simplex,Swinhoe's White-eye,0.5347,psm9,2024,06,04,07
771.0,774.0,Phylloscopus magnirostris,Large-billed Leaf Warbler,0.9206,psm9,2024,06,04,07
777.0,780.0,Phylloscopus humei,Hume's Warbler,0.8497,psm9,2024,06,04,07
804.0,807.0,Phylloscopus magnirostris,Large-billed Leaf Warbler,0.5338,psm9,2024,06,04,07
855.0,858.0,Phylloscopus magnirostris,Large-billed Leaf Warbler,0.6364,psm9,2024,06,04,07
864.0,867.0,Phylloscopus magnirostris,Large-billed Leaf Warbler,0.5846,psm9,2024,06,04,07
897.0,900.0,Larvivora brunnea,Indian Blue Robin,0.5367,psm9,2024,06,04,07
6.0,9.0,Zosterops simplex,Swinhoe's White-eye,0.7556,psm9,2024,06,05,05
9.0,12.0,Phylloscopus humei,Hume's Warbler,0.9633,psm9,2024,06,05,05
18.0,21.0,Zosterops simplex,Swinhoe's White-eye,0.656,psm9,2024,06,05,05
30.0,33.0,Phylloscopus humei,Hume's Warbler,0.6649,psm9,2024,06,05,05
36.0,39.0,Phylloscopus humei,Hume's Warbler,0.5624,psm9,2024,06,05,05
51.0,54.0,Phylloscopus humei,Hume's Warbler,0.5013,psm9,2024,06,05,05
66.0,69.0,Zosterops simplex,Swinhoe's White-eye,0.5422,psm9,2024,06,05,05
72.0,75.0,Phylloscopus humei,Hume's Warbler,0.5998,psm9,2024,06,05,05
75.0,78.0,Zosterops simplex,Swinhoe's White-eye,0.5437,psm9,2024,06,05,05
78.0,81.0,Phylloscopus humei,Hume's Warbler,0.6363,psm9,2024,06,05,05
102.0,105.0,Zosterops simplex,Swinhoe's White-eye,0.8495,psm9,2024,06,05,05
123.0,126.0,Phylloscopus humei,Hume's Warbler,0.6598,psm9,2024,06,05,05
141.0,144.0,Phylloscopus humei,Hume's Warbler,0.6873,psm9,2024,06,05,05
144.0,147.0,Phylloscopus humei,Hume's Warbler,0.6991,psm9,2024,06,05,05
180.0,183.0,Tarsiger rufilatus,Himalayan Bluetail,0.676,psm9,2024,06,05,05
180.0,183.0,Phylloscopus humei,Hume's Warbler,0.5043,psm9,2024,06,05,05
186.0,189.0,Phylloscopus humei,Hume's Warbler,0.6134,psm9,2024,06,05,05
195.0,198.0,Tarsiger rufilatus,Himalayan Bluetail,0.6206,psm9,2024,06,05,05
207.0,210.0,Tarsiger rufilatus,Himalayan Bluetail,0.8153,psm9,2024,06,05,05
210.0,213.0,Zosterops simplex,Swinhoe's White-eye,0.564,psm9,2024,06,05,05
213.0,216.0,Phylloscopus humei,Hume's Warbler,0.57,psm9,2024,06,05,05
240.0,243.0,Phylloscopus humei,Hume's Warbler,0.7315,psm9,2024,06,05,05
240.0,243.0,Tarsiger rufilatus,Himalayan Bluetail,0.5138,psm9,2024,06,05,05
246.0,249.0,Phylloscopus humei,Hume's Warbler,0.5066,psm9,2024,06,05,05
369.0,372.0,Zosterops simplex,Swinhoe's White-eye,0.5411,psm9,2024,06,05,05
417.0,420.0,Phylloscopus humei,Hume's Warbler,0.5728,psm9,2024,06,05,05
426.0,429.0,Tarsiger rufilatus,Himalayan Bluetail,0.5611,psm9,2024,06,05,05
432.0,435.0,Phylloscopus humei,Hume's Warbler,0.7801,psm9,2024,06,05,05
447.0,450.0,Phylloscopus humei,Hume's Warbler,0.8129,psm9,2024,06,05,05
450.0,453.0,Zosterops simplex,Swinhoe's White-eye,0.5889,psm9,2024,06,05,05
453.0,456.0,Phylloscopus humei,Hume's Warbler,0.5131,psm9,2024,06,05,05
459.0,462.0,Zosterops simplex,Swinhoe's White-eye,0.5013,psm9,2024,06,05,05
465.0,468.0,Phylloscopus humei,Hume's Warbler,0.645,psm9,2024,06,05,05
468.0,471.0,Phylloscopus humei,Hume's Warbler,0.8763,psm9,2024,06,05,05
474.0,477.0,Phylloscopus humei,Hume's Warbler,0.7933,psm9,2024,06,05,05
489.0,492.0,Phylloscopus humei,Hume's Warbler,0.5896,psm9,2024,06,05,05
492.0,495.0,Phylloscopus humei,Hume's Warbler,0.7064,psm9,2024,06,05,05
495.0,498.0,Phylloscopus humei,Hume's Warbler,0.9029,psm9,2024,06,05,05
501.0,504.0,Phylloscopus humei,Hume's Warbler,0.9486,psm9,2024,06,05,05
504.0,507.0,Phylloscopus humei,Hume's Warbler,0.6375,psm9,2024,06,05,05
510.0,513.0,Phylloscopus humei,Hume's Warbler,0.901,psm9,2024,06,05,05
513.0,516.0,Zosterops simplex,Swinhoe's White-eye,0.767,psm9,2024,06,05,05
516.0,519.0,Phylloscopus humei,Hume's Warbler,0.7457,psm9,2024,06,05,05
519.0,522.0,Phylloscopus humei,Hume's Warbler,0.5334,psm9,2024,06,05,05
528.0,531.0,Phylloscopus humei,Hume's Warbler,0.9487,psm9,2024,06,05,05
531.0,534.0,Phylloscopus humei,Hume's Warbler,0.7538,psm9,2024,06,05,05
543.0,546.0,Zosterops simplex,Swinhoe's White-eye,0.5661,psm9,2024,06,05,05
549.0,552.0,Phylloscopus humei,Hume's Warbler,0.8933,psm9,2024,06,05,05
555.0,558.0,Phylloscopus humei,Hume's Warbler,0.8101,psm9,2024,06,05,05
558.0,561.0,Phylloscopus humei,Hume's Warbler,0.5484,psm9,2024,06,05,05
588.0,591.0,Phylloscopus humei,Hume's Warbler,0.531,psm9,2024,06,05,05
597.0,600.0,Phylloscopus humei,Hume's Warbler,0.5562,psm9,2024,06,05,05
606.0,609.0,Phylloscopus humei,Hume's Warbler,0.7988,psm9,2024,06,05,05
627.0,630.0,Phylloscopus humei,Hume's Warbler,0.5209,psm9,2024,06,05,05
636.0,639.0,Phylloscopus humei,Hume's Warbler,0.7759,psm9,2024,06,05,05
639.0,642.0,Phylloscopus humei,Hume's Warbler,0.8571,psm9,2024,06,05,05
645.0,648.0,Phylloscopus humei,Hume's Warbler,0.6044,psm9,2024,06,05,05
648.0,651.0,Phylloscopus humei,Hume's Warbler,0.7397,psm9,2024,06,05,05
651.0,654.0,Phylloscopus humei,Hume's Warbler,0.9376,psm9,2024,06,05,05
675.0,678.0,Phylloscopus humei,Hume's Warbler,0.5251,psm9,2024,06,05,05
690.0,693.0,Phylloscopus humei,Hume's Warbler,0.7057,psm9,2024,06,05,05
702.0,705.0,Phylloscopus humei,Hume's Warbler,0.557,psm9,2024,06,05,05
708.0,711.0,Phylloscopus humei,Hume's Warbler,0.5254,psm9,2024,06,05,05
744.0,747.0,Phylloscopus humei,Hume's Warbler,0.6098,psm9,2024,06,05,05
756.0,759.0,Phylloscopus humei,Hume's Warbler,0.7062,psm9,2024,06,05,05
762.0,765.0,Phylloscopus humei,Hume's Warbler,0.8917,psm9,2024,06,05,05
774.0,777.0,Phylloscopus humei,Hume's Warbler,0.7658,psm9,2024,06,05,05
777.0,780.0,Phylloscopus humei,Hume's Warbler,0.7462,psm9,2024,06,05,05
798.0,801.0,Zosterops simplex,Swinhoe's White-eye,0.6181,psm9,2024,06,05,05
39.0,42.0,Phylloscopus nitidus,Green Warbler,0.7183,psm9,2024,06,05,06
81.0,84.0,Trochalopteron variegatum,Variegated Laughingthrush,0.5713,psm9,2024,06,05,06
135.0,138.0,Trochalopteron variegatum,Variegated Laughingthrush,0.8392,psm9,2024,06,05,06
141.0,144.0,Trochalopteron variegatum,Variegated Laughingthrush,0.7937,psm9,2024,06,05,06
147.0,150.0,Trochalopteron variegatum,Variegated Laughingthrush,0.9965,psm9,2024,06,05,06
150.0,153.0,Trochalopteron variegatum,Variegated Laughingthrush,0.8148,psm9,2024,06,05,06
168.0,171.0,Trochalopteron variegatum,Variegated Laughingthrush,0.999,psm9,2024,06,05,06
180.0,183.0,Trochalopteron variegatum,Variegated Laughingthrush,0.9739,psm9,2024,06,05,06
186.0,189.0,Trochalopteron variegatum,Variegated Laughingthrush,0.9886,psm9,2024,06,05,06
192.0,195.0,Trochalopteron variegatum,Variegated Laughingthrush,0.9906,psm9,2024,06,05,06
198.0,201.0,Trochalopteron variegatum,Variegated Laughingthrush,0.9878,psm9,2024,06,05,06
207.0,210.0,Trochalopteron variegatum,Variegated Laughingthrush,0.9977,psm9,2024,06,05,06
237.0,240.0,Trochalopteron variegatum,Variegated Laughingthrush,0.7367,psm9,2024,06,05,06
246.0,249.0,Trochalopteron variegatum,Variegated Laughingthrush,0.6818,psm9,2024,06,05,06
252.0,255.0,Trochalopteron variegatum,Variegated Laughingthrush,0.7553,psm9,2024,06,05,06
264.0,267.0,Trochalopteron variegatum,Variegated Laughingthrush,0.5749,psm9,2024,06,05,06
300.0,303.0,Trochalopteron variegatum,Variegated Laughingthrush,0.8844,psm9,2024,06,05,06
303.0,306.0,Trochalopteron variegatum,Variegated Laughingthrush,0.7123,psm9,2024,06,05,06
327.0,330.0,Trochalopteron variegatum,Variegated Laughingthrush,0.5476,psm9,2024,06,05,06
393.0,396.0,Phylloscopus magnirostris,Large-billed Leaf Warbler,0.7829,psm9,2024,06,05,06
435.0,438.0,Phylloscopus humei,Hume's Warbler,0.5144,psm9,2024,06,05,06
447.0,450.0,Phylloscopus humei,Hume's Warbler,0.7254,psm9,2024,06,05,06
453.0,456.0,Phylloscopus humei,Hume's Warbler,0.5405,psm9,2024,06,05,06
456.0,459.0,Phylloscopus humei,Hume's Warbler,0.6114,psm9,2024,06,05,06
462.0,465.0,Phylloscopus humei,Hume's Warbler,0.9711,psm9,2024,06,05,06
468.0,471.0,Phylloscopus humei,Hume's Warbler,0.7704,psm9,2024,06,05,06
489.0,492.0,Phylloscopus magnirostris,Large-billed Leaf Warbler,0.5155,psm9,2024,06,05,06
621.0,624.0,Phylloscopus reguloides,Blyth's Leaf Warbler,0.5336,psm9,2024,06,05,06
714.0,717.0,Phylloscopus humei,Hume's Warbler,0.8378,psm9,2024,06,05,06
720.0,723.0,Phylloscopus humei,Hume's Warbler,0.638,psm9,2024,06,05,06
723.0,726.0,Phylloscopus humei,Hume's Warbler,0.6337,psm9,2024,06,05,06
765.0,768.0,Phylloscopus humei,Hume's Warbler,0.5707,psm9,2024,06,05,06
789.0,792.0,Phylloscopus humei,Hume's Warbler,0.7438,psm9,2024,06,05,06
807.0,810.0,Phylloscopus humei,Hume's Warbler,0.7792,psm9,2024,06,05,06
885.0,888.0,Phylloscopus humei,Hume's Warbler,0.8759,psm9,2024,06,05,06
42.0,45.0,Phylloscopus humei,Hume's Warbler,0.522,psm9,2024,06,05,07
45.0,48.0,Zosterops simplex,Swinhoe's White-eye,0.6396,psm9,2024,06,05,07
45.0,48.0,Phylloscopus humei,Hume's Warbler,0.5676,psm9,2024,06,05,07
66.0,69.0,Phylloscopus humei,Hume's Warbler,0.8843,psm9,2024,06,05,07
69.0,72.0,Phylloscopus humei,Hume's Warbler,0.6927,psm9,2024,06,05,07
75.0,78.0,Phylloscopus humei,Hume's Warbler,0.569,psm9,2024,06,05,07
84.0,87.0,Phylloscopus humei,Hume's Warbler,0.698,psm9,2024,06,05,07
87.0,90.0,Phylloscopus humei,Hume's Warbler,0.7151,psm9,2024,06,05,07
96.0,99.0,Phylloscopus humei,Hume's Warbler,0.5366,psm9,2024,06,05,07
102.0,105.0,Phylloscopus humei,Hume's Warbler,0.6966,psm9,2024,06,05,07
111.0,114.0,Phylloscopus humei,Hume's Warbler,0.7632,psm9,2024,06,05,07
120.0,123.0,Phylloscopus humei,Hume's Warbler,0.8755,psm9,2024,06,05,07
120.0,123.0,Zosterops simplex,Swinhoe's White-eye,0.5176,psm9,2024,06,05,07
129.0,132.0,Phylloscopus humei,Hume's Warbler,0.6994,psm9,2024,06,05,07
135.0,138.0,Phylloscopus humei,Hume's Warbler,0.5686,psm9,2024,06,05,07
153.0,156.0,Phylloscopus humei,Hume's Warbler,0.8476,psm9,2024,06,05,07
174.0,177.0,Phylloscopus humei,Hume's Warbler,0.5653,psm9,2024,06,05,07
177.0,180.0,Phylloscopus humei,Hume's Warbler,0.7211,psm9,2024,06,05,07
177.0,180.0,Phylloscopus coronatus,Eastern Crowned Warbler,0.5055,psm9,2024,06,05,07
183.0,186.0,Phylloscopus humei,Hume's Warbler,0.7531,psm9,2024,06,05,07
186.0,189.0,Phylloscopus humei,Hume's Warbler,0.8981,psm9,2024,06,05,07
198.0,201.0,Phylloscopus humei,Hume's Warbler,0.8365,psm9,2024,06,05,07
201.0,204.0,Phylloscopus humei,Hume's Warbler,0.8787,psm9,2024,06,05,07
204.0,207.0,Phylloscopus humei,Hume's Warbler,0.5652,psm9,2024,06,05,07
213.0,216.0,Phylloscopus humei,Hume's Warbler,0.9967,psm9,2024,06,05,07
225.0,228.0,Phylloscopus humei,Hume's Warbler,0.7913,psm9,2024,06,05,07
249.0,252.0,Zosterops simplex,Swinhoe's White-eye,0.6836,psm9,2024,06,05,07
249.0,252.0,Zosterops japonicus,Warbling White-eye,0.5633,psm9,2024,06,05,07
261.0,264.0,Phylloscopus humei,Hume's Warbler,0.8836,psm9,2024,06,05,07
264.0,267.0,Phylloscopus humei,Hume's Warbler,0.8687,psm9,2024,06,05,07
273.0,276.0,Phylloscopus humei,Hume's Warbler,0.665,psm9,2024,06,05,07
276.0,279.0,Phylloscopus humei,Hume's Warbler,0.9216,psm9,2024,06,05,07
279.0,282.0,Phylloscopus humei,Hume's Warbler,0.5094,psm9,2024,06,05,07
285.0,288.0,Phylloscopus humei,Hume's Warbler,0.7414,psm9,2024,06,05,07
288.0,291.0,Phylloscopus humei,Hume's Warbler,0.9069,psm9,2024,06,05,07
300.0,303.0,Phylloscopus humei,Hume's Warbler,0.699,psm9,2024,06,05,07
303.0,306.0,Phylloscopus humei,Hume's Warbler,0.7925,psm9,2024,06,05,07
312.0,315.0,Phylloscopus humei,Hume's Warbler,0.9462,psm9,2024,06,05,07
318.0,321.0,Phylloscopus humei,Hume's Warbler,0.8036,psm9,2024,06,05,07
336.0,339.0,Phylloscopus humei,Hume's Warbler,0.7745,psm9,2024,06,05,07
339.0,342.0,Phylloscopus nitidus,Green Warbler,0.5348,psm9,2024,06,05,07
342.0,345.0,Phylloscopus humei,Hume's Warbler,0.6618,psm9,2024,06,05,07
345.0,348.0,Phylloscopus humei,Hume's Warbler,0.8919,psm9,2024,06,05,07
366.0,369.0,Phylloscopus nitidus,Green Warbler,0.588,psm9,2024,06,05,07
387.0,390.0,Phylloscopus humei,Hume's Warbler,0.5325,psm9,2024,06,05,07
393.0,396.0,Phylloscopus humei,Hume's Warbler,0.507,psm9,2024,06,05,07
408.0,411.0,Phylloscopus humei,Hume's Warbler,0.6721,psm9,2024,06,05,07
444.0,447.0,Turdus iliacus,Redwing,0.9107,psm9,2024,06,05,07
498.0,501.0,Phylloscopus humei,Hume's Warbler,0.9482,psm9,2024,06,05,07
501.0,504.0,Phylloscopus humei,Hume's Warbler,0.6027,psm9,2024,06,05,07
540.0,543.0,Phylloscopus trochiloides,Greenish Warbler,0.709,psm9,2024,06,05,07
603.0,606.0,Phylloscopus humei,Hume's Warbler,0.953,psm9,2024,06,05,07
738.0,741.0,Prunella strophiata,Rufous-breasted Accentor,0.8384,psm9,2024,06,05,07
744.0,747.0,Phylloscopus trochiloides,Greenish Warbler,0.5491,psm9,2024,06,05,07
771.0,774.0,Catharus minimus,Gray-cheeked Thrush,0.5541,psm9,2024,06,05,07
816.0,819.0,Phylloscopus humei,Hume's Warbler,0.614,psm9,2024,06,05,07
819.0,822.0,Phylloscopus humei,Hume's Warbler,0.5285,psm9,2024,06,05,07
843.0,846.0,Trochalopteron variegatum,Variegated Laughingthrush,0.507,psm9,2024,06,05,07
858.0,861.0,Phylloscopus humei,Hume's Warbler,0.5684,psm9,2024,06,05,07
870.0,873.0,Phylloscopus humei,Hume's Warbler,0.6288,psm9,2024,06,05,07
882.0,885.0,Phylloscopus humei,Hume's Warbler,0.7649,psm9,2024,06,05,07
894.0,897.0,Phylloscopus humei,Hume's Warbler,0.6327,psm9,2024,06,05,07
897.0,900.0,Phylloscopus humei,Hume's Warbler,0.5247,psm9,2024,06,05,07
6.0,9.0,Phylloscopus humei,Hume's Warbler,0.5344,psm9,2024,06,06,05
12.0,15.0,Phylloscopus humei,Hume's Warbler,0.747,psm9,2024,06,06,05
27.0,30.0,Phylloscopus humei,Hume's Warbler,0.7158,psm9,2024,06,06,05
33.0,36.0,Phylloscopus humei,Hume's Warbler,0.8405,psm9,2024,06,06,05
45.0,48.0,Phylloscopus humei,Hume's Warbler,0.7826,psm9,2024,06,06,05
45.0,48.0,Zosterops simplex,Swinhoe's White-eye,0.5982,psm9,2024,06,06,05
51.0,54.0,Phylloscopus humei,Hume's Warbler,0.9492,psm9,2024,06,06,05
66.0,69.0,Zosterops simplex,Swinhoe's White-eye,0.5079,psm9,2024,06,06,05
72.0,75.0,Phylloscopus humei,Hume's Warbler,0.8176,psm9,2024,06,06,05
84.0,87.0,Phylloscopus humei,Hume's Warbler,0.589,psm9,2024,06,06,05
90.0,93.0,Prunella strophiata,Rufous-breasted Accentor,0.8781,psm9,2024,06,06,05
96.0,99.0,Phylloscopus humei,Hume's Warbler,0.7983,psm9,2024,06,06,05
108.0,111.0,Phylloscopus humei,Hume's Warbler,0.6374,psm9,2024,06,06,05
111.0,114.0,Zosterops simplex,Swinhoe's White-eye,0.6138,psm9,2024,06,06,05
117.0,120.0,Phylloscopus humei,Hume's Warbler,0.5051,psm9,2024,06,06,05
126.0,129.0,Phylloscopus humei,Hume's Warbler,0.5207,psm9,2024,06,06,05
129.0,132.0,Phylloscopus humei,Hume's Warbler,0.5355,psm9,2024,06,06,05
132.0,135.0,Phylloscopus humei,Hume's Warbler,0.7129,psm9,2024,06,06,05
138.0,141.0,Phylloscopus humei,Hume's Warbler,0.5359,psm9,2024,06,06,05
141.0,144.0,Phylloscopus humei,Hume's Warbler,0.5865,psm9,2024,06,06,05
147.0,150.0,Tarsiger rufilatus,Himalayan Bluetail,0.572,psm9,2024,06,06,05
150.0,153.0,Zosterops simplex,Swinhoe's White-eye,0.7267,psm9,2024,06,06,05
156.0,159.0,Phylloscopus humei,Hume's Warbler,0.7664,psm9,2024,06,06,05
171.0,174.0,Phylloscopus humei,Hume's Warbler,0.7668,psm9,2024,06,06,05
180.0,183.0,Tarsiger rufilatus,Himalayan Bluetail,0.5595,psm9,2024,06,06,05
183.0,186.0,Phylloscopus humei,Hume's Warbler,0.9404,psm9,2024,06,06,05
183.0,186.0,Tarsiger rufilatus,Himalayan Bluetail,0.5478,psm9,2024,06,06,05
216.0,219.0,Phylloscopus humei,Hume's Warbler,0.503,psm9,2024,06,06,05
222.0,225.0,Phylloscopus humei,Hume's Warbler,0.5509,psm9,2024,06,06,05
234.0,237.0,Phylloscopus humei,Hume's Warbler,0.5878,psm9,2024,06,06,05
240.0,243.0,Phylloscopus humei,Hume's Warbler,0.6873,psm9,2024,06,06,05
243.0,246.0,Phylloscopus nitidus,Green Warbler,0.8572,psm9,2024,06,06,05
252.0,255.0,Phylloscopus humei,Hume's Warbler,0.7705,psm9,2024,06,06,05
258.0,261.0,Phylloscopus humei,Hume's Warbler,0.5389,psm9,2024,06,06,05
261.0,264.0,Phylloscopus humei,Hume's Warbler,0.5599,psm9,2024,06,06,05
264.0,267.0,Phylloscopus humei,Hume's Warbler,0.5329,psm9,2024,06,06,05
270.0,273.0,Zosterops simplex,Swinhoe's White-eye,0.6138,psm9,2024,06,06,05
276.0,279.0,Phylloscopus humei,Hume's Warbler,0.586,psm9,2024,06,06,05
279.0,282.0,Phylloscopus humei,Hume's Warbler,0.8263,psm9,2024,06,06,05
288.0,291.0,Phylloscopus humei,Hume's Warbler,0.9852,psm9,2024,06,06,05
297.0,300.0,Phylloscopus humei,Hume's Warbler,0.7009,psm9,2024,06,06,05
300.0,303.0,Phylloscopus humei,Hume's Warbler,0.8691,psm9,2024,06,06,05
309.0,312.0,Zosterops simplex,Swinhoe's White-eye,0.5831,psm9,2024,06,06,05
312.0,315.0,Phylloscopus humei,Hume's Warbler,0.6847,psm9,2024,06,06,05
318.0,321.0,Zosterops simplex,Swinhoe's White-eye,0.5339,psm9,2024,06,06,05
501.0,504.0,Lophophorus impejanus,Himalayan Monal,0.6899,psm9,2024,06,06,05
504.0,507.0,Pluvialis squatarola,Black-bellied Plover,0.5229,psm9,2024,06,06,05
555.0,558.0,Phylloscopus trochiloides,Greenish Warbler,0.775,psm9,2024,06,06,05
657.0,660.0,Prunella strophiata,Rufous-breasted Accentor,0.6679,psm9,2024,06,06,05
711.0,714.0,Prunella strophiata,Rufous-breasted Accentor,0.6764,psm9,2024,06,06,05
792.0,795.0,Phylloscopus humei,Hume's Warbler,0.6742,psm9,2024,06,06,05
828.0,831.0,Zosterops simplex,Swinhoe's White-eye,0.8701,psm9,2024,06,06,05
834.0,837.0,Phylloscopus humei,Hume's Warbler,0.9505,psm9,2024,06,06,05
837.0,840.0,Phylloscopus humei,Hume's Warbler,0.7784,psm9,2024,06,06,05
840.0,843.0,Phylloscopus humei,Hume's Warbler,0.991,psm9,2024,06,06,05
849.0,852.0,Phylloscopus humei,Hume's Warbler,0.867,psm9,2024,06,06,05
852.0,855.0,Zosterops simplex,Swinhoe's White-eye,0.843,psm9,2024,06,06,05
855.0,858.0,Phylloscopus humei,Hume's Warbler,0.6506,psm9,2024,06,06,05
858.0,861.0,Phylloscopus humei,Hume's Warbler,0.8908,psm9,2024,06,06,05
864.0,867.0,Phylloscopus humei,Hume's Warbler,0.6102,psm9,2024,06,06,05
867.0,870.0,Zosterops simplex,Swinhoe's White-eye,0.7588,psm9,2024,06,06,05
870.0,873.0,Phylloscopus humei,Hume's Warbler,0.7692,psm9,2024,06,06,05
876.0,879.0,Phylloscopus humei,Hume's Warbler,0.8816,psm9,2024,06,06,05
879.0,882.0,Phylloscopus humei,Hume's Warbler,0.5462,psm9,2024,06,06,05
882.0,885.0,Phylloscopus humei,Hume's Warbler,0.9983,psm9,2024,06,06,05
885.0,888.0,Phylloscopus humei,Hume's Warbler,0.5461,psm9,2024,06,06,05
888.0,891.0,Phylloscopus humei,Hume's Warbler,0.6171,psm9,2024,06,06,05
891.0,894.0,Phylloscopus humei,Hume's Warbler,0.8735,psm9,2024,06,06,05
894.0,897.0,Phylloscopus humei,Hume's Warbler,0.5653,psm9,2024,06,06,05
897.0,900.0,Phylloscopus humei,Hume's Warbler,0.9668,psm9,2024,06,06,05
12.0,15.0,Phylloscopus humei,Hume's Warbler,0.6806,psm9,2024,06,06,06
18.0,21.0,Phylloscopus humei,Hume's Warbler,0.6171,psm9,2024,06,06,06
21.0,24.0,Phylloscopus humei,Hume's Warbler,0.7864,psm9,2024,06,06,06
21.0,24.0,Zosterops simplex,Swinhoe's White-eye,0.7134,psm9,2024,06,06,06
27.0,30.0,Phylloscopus humei,Hume's Warbler,0.8099,psm9,2024,06,06,06
36.0,39.0,Phylloscopus magnirostris,Large-billed Leaf Warbler,0.8875,psm9,2024,06,06,06
48.0,51.0,Phylloscopus magnirostris,Large-billed Leaf Warbler,0.8906,psm9,2024,06,06,06
51.0,54.0,Phylloscopus magnirostris,Large-billed Leaf Warbler,0.6791,psm9,2024,06,06,06
57.0,60.0,Phylloscopus magnirostris,Large-billed Leaf Warbler,0.5372,psm9,2024,06,06,06
60.0,63.0,Phylloscopus magnirostris,Large-billed Leaf Warbler,0.8284,psm9,2024,06,06,06
165.0,168.0,Trochalopteron variegatum,Variegated Laughingthrush,0.8007,psm9,2024,06,06,06
171.0,174.0,Trochalopteron variegatum,Variegated Laughingthrush,0.5537,psm9,2024,06,06,06
198.0,201.0,Trochalopteron elliotii,Elliot's Laughingthrush,0.5525,psm9,2024,06,06,06
204.0,207.0,Phylloscopus humei,Hume's Warbler,0.7428,psm9,2024,06,06,06
237.0,240.0,Trochalopteron variegatum,Variegated Laughingthrush,0.8694,psm9,2024,06,06,06
240.0,243.0,Trochalopteron variegatum,Variegated Laughingthrush,0.9381,psm9,2024,06,06,06
243.0,246.0,Trochalopteron variegatum,Variegated Laughingthrush,0.7411,psm9,2024,06,06,06
249.0,252.0,Trochalopteron variegatum,Variegated Laughingthrush,0.8977,psm9,2024,06,06,06
252.0,255.0,Trochalopteron variegatum,Variegated Laughingthrush,0.7501,psm9,2024,06,06,06
366.0,369.0,Phylloscopus humei,Hume's Warbler,0.8772,psm9,2024,06,06,06
369.0,372.0,Phylloscopus humei,Hume's Warbler,0.8781,psm9,2024,06,06,06
393.0,396.0,Luscinia phaenicuroides,White-bellied Redstart,0.995,psm9,2024,06,06,06
396.0,399.0,Luscinia phaenicuroides,White-bellied Redstart,0.6106,psm9,2024,06,06,06
405.0,408.0,Luscinia phaenicuroides,White-bellied Redstart,0.6731,psm9,2024,06,06,06
411.0,414.0,Luscinia phaenicuroides,White-bellied Redstart,0.7375,psm9,2024,06,06,06
414.0,417.0,Luscinia phaenicuroides,White-bellied Redstart,0.895,psm9,2024,06,06,06
438.0,441.0,Larvivora brunnea,Indian Blue Robin,0.6331,psm9,2024,06,06,06
477.0,480.0,Luscinia phaenicuroides,White-bellied Redstart,0.6602,psm9,2024,06,06,06
480.0,483.0,Monticola solitarius,Blue Rock-Thrush,0.5969,psm9,2024,06,06,06
486.0,489.0,Luscinia phaenicuroides,White-bellied Redstart,0.573,psm9,2024,06,06,06
504.0,507.0,Luscinia phaenicuroides,White-bellied Redstart,0.7862,psm9,2024,06,06,06
528.0,531.0,Piranga rubra,Summer Tanager,0.6306,psm9,2024,06,06,06
540.0,543.0,Luscinia phaenicuroides,White-bellied Redstart,0.5084,psm9,2024,06,06,06
558.0,561.0,Luscinia phaenicuroides,White-bellied Redstart,0.8765,psm9,2024,06,06,06
567.0,570.0,Luscinia phaenicuroides,White-bellied Redstart,0.592,psm9,2024,06,06,06
576.0,579.0,Luscinia phaenicuroides,White-bellied Redstart,0.6411,psm9,2024,06,06,06
582.0,585.0,Phylloscopus trochiloides,Greenish Warbler,0.5155,psm9,2024,06,06,06
621.0,624.0,Luscinia phaenicuroides,White-bellied Redstart,0.6024,psm9,2024,06,06,06
630.0,633.0,Luscinia phaenicuroides,White-bellied Redstart,0.7843,psm9,2024,06,06,06
660.0,663.0,Luscinia phaenicuroides,White-bellied Redstart,0.8194,psm9,2024,06,06,06
672.0,675.0,Luscinia phaenicuroides,White-bellied Redstart,0.6026,psm9,2024,06,06,06
675.0,678.0,Luscinia phaenicuroides,White-bellied Redstart,0.8278,psm9,2024,06,06,06
681.0,684.0,Luscinia phaenicuroides,White-bellied Redstart,0.7066,psm9,2024,06,06,06
684.0,687.0,Luscinia phaenicuroides,White-bellied Redstart,0.9189,psm9,2024,06,06,06
687.0,690.0,Luscinia phaenicuroides,White-bellied Redstart,0.6907,psm9,2024,06,06,06
699.0,702.0,Luscinia phaenicuroides,White-bellied Redstart,0.9604,psm9,2024,06,06,06
702.0,705.0,Luscinia phaenicuroides,White-bellied Redstart,0.9785,psm9,2024,06,06,06
708.0,711.0,Luscinia phaenicuroides,White-bellied Redstart,0.768,psm9,2024,06,06,06
711.0,714.0,Luscinia phaenicuroides,White-bellied Redstart,0.5833,psm9,2024,06,06,06
717.0,720.0,Luscinia phaenicuroides,White-bellied Redstart,0.6372,psm9,2024,06,06,06
723.0,726.0,Larvivora brunnea,Indian Blue Robin,0.5332,psm9,2024,06,06,06
732.0,735.0,Luscinia phaenicuroides,White-bellied Redstart,0.8914,psm9,2024,06,06,06
741.0,744.0,Luscinia phaenicuroides,White-bellied Redstart,0.6751,psm9,2024,06,06,06
747.0,750.0,Luscinia phaenicuroides,White-bellied Redstart,0.7984,psm9,2024,06,06,06
750.0,753.0,Luscinia phaenicuroides,White-bellied Redstart,0.6418,psm9,2024,06,06,06
756.0,759.0,Luscinia phaenicuroides,White-bellied Redstart,0.5475,psm9,2024,06,06,06
759.0,762.0,Luscinia phaenicuroides,White-bellied Redstart,0.9541,psm9,2024,06,06,06
765.0,768.0,Luscinia phaenicuroides,White-bellied Redstart,0.9587,psm9,2024,06,06,06
771.0,774.0,Luscinia phaenicuroides,White-bellied Redstart,0.9732,psm9,2024,06,06,06
777.0,780.0,Luscinia phaenicuroides,White-bellied Redstart,0.9456,psm9,2024,06,06,06
780.0,783.0,Luscinia phaenicuroides,White-bellied Redstart,0.6285,psm9,2024,06,06,06
792.0,795.0,Luscinia phaenicuroides,White-bellied Redstart,0.8019,psm9,2024,06,06,06
795.0,798.0,Larvivora brunnea,Indian Blue Robin,0.5084,psm9,2024,06,06,06
801.0,804.0,Luscinia phaenicuroides,White-bellied Redstart,0.5738,psm9,2024,06,06,06
804.0,807.0,Luscinia phaenicuroides,White-bellied Redstart,0.8162,psm9,2024,06,06,06
822.0,825.0,Luscinia phaenicuroides,White-bellied Redstart,0.7915,psm9,2024,06,06,06
828.0,831.0,Luscinia phaenicuroides,White-bellied Redstart,0.6657,psm9,2024,06,06,06
840.0,843.0,Luscinia phaenicuroides,White-bellied Redstart,0.6747,psm9,2024,06,06,06
855.0,858.0,Luscinia phaenicuroides,White-bellied Redstart,0.6,psm9,2024,06,06,06
861.0,864.0,Luscinia phaenicuroides,White-bellied Redstart,0.5235,psm9,2024,06,06,06
864.0,867.0,Luscinia phaenicuroides,White-bellied Redstart,0.7769,psm9,2024,06,06,06
870.0,873.0,Luscinia phaenicuroides,White-bellied Redstart,0.9275,psm9,2024,06,06,06
873.0,876.0,Luscinia phaenicuroides,White-bellied Redstart,0.6947,psm9,2024,06,06,06
879.0,882.0,Luscinia phaenicuroides,White-bellied Redstart,0.8306,psm9,2024,06,06,06
879.0,882.0,Phylloscopus humei,Hume's Warbler,0.7034,psm9,2024,06,06,06
882.0,885.0,Phylloscopus trochiloides,Greenish Warbler,0.7831,psm9,2024,06,06,06
894.0,897.0,Phylloscopus trochiloides,Greenish Warbler,0.5583,psm9,2024,06,06,06
897.0,900.0,Phylloscopus trochiloides,Greenish Warbler,0.8488,psm9,2024,06,06,06
6.0,9.0,Phylloscopus trochiloides,Greenish Warbler,0.5911,psm9,2024,06,06,07
9.0,12.0,Phylloscopus trochiloides,Greenish Warbler,0.862,psm9,2024,06,06,07
12.0,15.0,Phylloscopus trochiloides,Greenish Warbler,0.6743,psm9,2024,06,06,07
15.0,18.0,Phylloscopus trochiloides,Greenish Warbler,0.7699,psm9,2024,06,06,07
18.0,21.0,Phylloscopus trochiloides,Greenish Warbler,0.5507,psm9,2024,06,06,07
21.0,24.0,Phylloscopus humei,Hume's Warbler,0.5423,psm9,2024,06,06,07
24.0,27.0,Phylloscopus humei,Hume's Warbler,0.8676,psm9,2024,06,06,07
27.0,30.0,Phylloscopus humei,Hume's Warbler,0.6158,psm9,2024,06,06,07
30.0,33.0,Phylloscopus humei,Hume's Warbler,0.8819,psm9,2024,06,06,07
33.0,36.0,Phylloscopus humei,Hume's Warbler,0.6836,psm9,2024,06,06,07
36.0,39.0,Phylloscopus humei,Hume's Warbler,0.6709,psm9,2024,06,06,07
51.0,54.0,Phylloscopus trochiloides,Greenish Warbler,0.7362,psm9,2024,06,06,07
51.0,54.0,Phylloscopus nitidus,Green Warbler,0.6328,psm9,2024,06,06,07
54.0,57.0,Phylloscopus humei,Hume's Warbler,0.6374,psm9,2024,06,06,07
57.0,60.0,Phylloscopus humei,Hume's Warbler,0.7408,psm9,2024,06,06,07
60.0,63.0,Phylloscopus humei,Hume's Warbler,0.6851,psm9,2024,06,06,07
63.0,66.0,Phylloscopus humei,Hume's Warbler,0.9404,psm9,2024,06,06,07
66.0,69.0,Phylloscopus humei,Hume's Warbler,0.8165,psm9,2024,06,06,07
69.0,72.0,Phylloscopus humei,Hume's Warbler,0.96,psm9,2024,06,06,07
72.0,75.0,Phylloscopus humei,Hume's Warbler,0.9791,psm9,2024,06,06,07
75.0,78.0,Phylloscopus humei,Hume's Warbler,0.9928,psm9,2024,06,06,07
78.0,81.0,Phylloscopus humei,Hume's Warbler,0.7749,psm9,2024,06,06,07
81.0,84.0,Phylloscopus humei,Hume's Warbler,0.9864,psm9,2024,06,06,07
84.0,87.0,Phylloscopus humei,Hume's Warbler,0.9785,psm9,2024,06,06,07
87.0,90.0,Phylloscopus humei,Hume's Warbler,0.9966,psm9,2024,06,06,07
90.0,93.0,Phylloscopus humei,Hume's Warbler,0.9462,psm9,2024,06,06,07
93.0,96.0,Phylloscopus humei,Hume's Warbler,0.9691,psm9,2024,06,06,07
96.0,99.0,Phylloscopus humei,Hume's Warbler,0.9888,psm9,2024,06,06,07
99.0,102.0,Phylloscopus humei,Hume's Warbler,0.9795,psm9,2024,06,06,07
102.0,105.0,Phylloscopus humei,Hume's Warbler,0.9,psm9,2024,06,06,07
105.0,108.0,Phylloscopus humei,Hume's Warbler,0.9683,psm9,2024,06,06,07
120.0,123.0,Phylloscopus humei,Hume's Warbler,0.8883,psm9,2024,06,06,07
138.0,141.0,Phylloscopus humei,Hume's Warbler,0.6635,psm9,2024,06,06,07
147.0,150.0,Phylloscopus humei,Hume's Warbler,0.7064,psm9,2024,06,06,07
162.0,165.0,Phylloscopus humei,Hume's Warbler,0.9218,psm9,2024,06,06,07
216.0,219.0,Trochalopteron variegatum,Variegated Laughingthrush,0.5092,psm9,2024,06,06,07
219.0,222.0,Trochalopteron variegatum,Variegated Laughingthrush,0.5622,psm9,2024,06,06,07
222.0,225.0,Trochalopteron variegatum,Variegated Laughingthrush,0.7797,psm9,2024,06,06,07
225.0,228.0,Trochalopteron variegatum,Variegated Laughingthrush,0.8197,psm9,2024,06,06,07
231.0,234.0,Trochalopteron variegatum,Variegated Laughingthrush,0.634,psm9,2024,06,06,07
237.0,240.0,Trochalopteron variegatum,Variegated Laughingthrush,0.8057,psm9,2024,06,06,07
240.0,243.0,Trochalopteron variegatum,Variegated Laughingthrush,0.7036,psm9,2024,06,06,07
243.0,246.0,Trochalopteron variegatum,Variegated Laughingthrush,0.9878,psm9,2024,06,06,07
246.0,249.0,Trochalopteron variegatum,Variegated Laughingthrush,0.8745,psm9,2024,06,06,07
252.0,255.0,Trochalopteron variegatum,Variegated Laughingthrush,0.9473,psm9,2024,06,06,07
255.0,258.0,Trochalopteron variegatum,Variegated Laughingthrush,0.7647,psm9,2024,06,06,07
261.0,264.0,Trochalopteron variegatum,Variegated Laughingthrush,0.8581,psm9,2024,06,06,07
264.0,267.0,Trochalopteron variegatum,Variegated Laughingthrush,0.9273,psm9,2024,06,06,07
270.0,273.0,Trochalopteron variegatum,Variegated Laughingthrush,0.9829,psm9,2024,06,06,07
273.0,276.0,Trochalopteron variegatum,Variegated Laughingthrush,0.8678,psm9,2024,06,06,07
279.0,282.0,Phylloscopus humei,Hume's Warbler,0.8237,psm9,2024,06,06,07
285.0,288.0,Trochalopteron variegatum,Variegated Laughingthrush,0.7819,psm9,2024,06,06,07
288.0,291.0,Trochalopteron variegatum,Variegated Laughingthrush,0.8397,psm9,2024,06,06,07
294.0,297.0,Trochalopteron variegatum,Variegated Laughingthrush,0.8842,psm9,2024,06,06,07
300.0,303.0,Trochalopteron variegatum,Variegated Laughingthrush,0.9261,psm9,2024,06,06,07
306.0,309.0,Trochalopteron variegatum,Variegated Laughingthrush,0.5992,psm9,2024,06,06,07
309.0,312.0,Trochalopteron variegatum,Variegated Laughingthrush,0.8318,psm9,2024,06,06,07
315.0,318.0,Trochalopteron variegatum,Variegated Laughingthrush,0.5194,psm9,2024,06,06,07
321.0,324.0,Trochalopteron variegatum,Variegated Laughingthrush,0.5855,psm9,2024,06,06,07
330.0,333.0,Trochalopteron variegatum,Variegated Laughingthrush,0.9792,psm9,2024,06,06,07
333.0,336.0,Lophophorus impejanus,Himalayan Monal,0.7425,psm9,2024,06,06,07
336.0,339.0,Trochalopteron variegatum,Variegated Laughingthrush,0.9114,psm9,2024,06,06,07
342.0,345.0,Trochalopteron variegatum,Variegated Laughingthrush,0.539,psm9,2024,06,06,07
348.0,351.0,Trochalopteron variegatum,Variegated Laughingthrush,0.9013,psm9,2024,06,06,07
354.0,357.0,Trochalopteron variegatum,Variegated Laughingthrush,0.5765,psm9,2024,06,06,07
360.0,363.0,Trochalopteron variegatum,Variegated Laughingthrush,0.8175,psm9,2024,06,06,07
363.0,366.0,Trochalopteron variegatum,Variegated Laughingthrush,0.7306,psm9,2024,06,06,07
372.0,375.0,Trochalopteron variegatum,Variegated Laughingthrush,0.8188,psm9,2024,06,06,07
378.0,381.0,Trochalopteron variegatum,Variegated Laughingthrush,0.5289,psm9,2024,06,06,07
384.0,387.0,Trochalopteron variegatum,Variegated Laughingthrush,0.729,psm9,2024,06,06,07
390.0,393.0,Trochalopteron variegatum,Variegated Laughingthrush,0.8542,psm9,2024,06,06,07
393.0,396.0,Trochalopteron variegatum,Variegated Laughingthrush,0.6315,psm9,2024,06,06,07
396.0,399.0,Trochalopteron variegatum,Variegated Laughingthrush,0.7706,psm9,2024,06,06,07
402.0,405.0,Trochalopteron variegatum,Variegated Laughingthrush,0.8499,psm9,2024,06,06,07
411.0,414.0,Trochalopteron variegatum,Variegated Laughingthrush,0.743,psm9,2024,06,06,07
414.0,417.0,Trochalopteron variegatum,Variegated Laughingthrush,0.8537,psm9,2024,06,06,07
420.0,423.0,Trochalopteron variegatum,Variegated Laughingthrush,0.9224,psm9,2024,06,06,07
423.0,426.0,Trochalopteron variegatum,Variegated Laughingthrush,0.8273,psm9,2024,06,06,07
429.0,432.0,Trochalopteron variegatum,Variegated Laughingthrush,0.692,psm9,2024,06,06,07
438.0,441.0,Trochalopteron variegatum,Variegated Laughingthrush,0.521,psm9,2024,06,06,07
468.0,471.0,Lophophorus impejanus,Himalayan Monal,0.6342,psm9,2024,06,06,07
474.0,477.0,Lophophorus impejanus,Himalayan Monal,0.6611,psm9,2024,06,06,07
480.0,483.0,Lophophorus impejanus,Himalayan Monal,0.5743,psm9,2024,06,06,07
486.0,489.0,Lophophorus impejanus,Himalayan Monal,0.7747,psm9,2024,06,06,07
492.0,495.0,Lophophorus impejanus,Himalayan Monal,0.716,psm9,2024,06,06,07
495.0,498.0,Lophophorus impejanus,Himalayan Monal,0.8663,psm9,2024,06,06,07
501.0,504.0,Lophophorus impejanus,Himalayan Monal,0.9113,psm9,2024,06,06,07
504.0,507.0,Lophophorus impejanus,Himalayan Monal,0.7566,psm9,2024,06,06,07
516.0,519.0,Phylloscopus affinis,Tickell's Leaf Warbler,0.8406,psm9,2024,06,06,07
519.0,522.0,Lophophorus impejanus,Himalayan Monal,0.6613,psm9,2024,06,06,07
525.0,528.0,Lophophorus impejanus,Himalayan Monal,0.8975,psm9,2024,06,06,07
531.0,534.0,Lophophorus impejanus,Himalayan Monal,0.9247,psm9,2024,06,06,07
534.0,537.0,Lophophorus impejanus,Himalayan Monal,0.9912,psm9,2024,06,06,07
537.0,540.0,Lophophorus impejanus,Himalayan Monal,0.958,psm9,2024,06,06,07
540.0,543.0,Lophophorus impejanus,Himalayan Monal,0.7762,psm9,2024,06,06,07
543.0,546.0,Lophophorus impejanus,Himalayan Monal,0.9565,psm9,2024,06,06,07
546.0,549.0,Lophophorus impejanus,Himalayan Monal,0.6237,psm9,2024,06,06,07
549.0,552.0,Lophophorus impejanus,Himalayan Monal,0.8941,psm9,2024,06,06,07
552.0,555.0,Lophophorus impejanus,Himalayan Monal,0.9862,psm9,2024,06,06,07
555.0,558.0,Lophophorus impejanus,Himalayan Monal,0.8091,psm9,2024,06,06,07
558.0,561.0,Lophophorus impejanus,Himalayan Monal,0.9499,psm9,2024,06,06,07
561.0,564.0,Lophophorus impejanus,Himalayan Monal,0.7847,psm9,2024,06,06,07
579.0,582.0,Phylloscopus trochiloides,Greenish Warbler,0.7901,psm9,2024,06,06,07
585.0,588.0,Phylloscopus trochiloides,Greenish Warbler,0.6451,psm9,2024,06,06,07
654.0,657.0,Phylloscopus humei,Hume's Warbler,0.5042,psm9,2024,06,06,07
675.0,678.0,Phylloscopus humei,Hume's Warbler,0.7423,psm9,2024,06,06,07
675.0,678.0,Tarsiger rufilatus,Himalayan Bluetail,0.5317,psm9,2024,06,06,07
690.0,693.0,Phylloscopus nitidus,Green Warbler,0.7677,psm9,2024,06,06,07
720.0,723.0,Phylloscopus trochiloides,Greenish Warbler,0.6426,psm9,2024,06,06,07
753.0,756.0,Trochalopteron variegatum,Variegated Laughingthrush,0.6378,psm9,2024,06,06,07
762.0,765.0,Trochalopteron variegatum,Variegated Laughingthrush,0.5899,psm9,2024,06,06,07
0.0,3.0,Phylloscopus humei,Hume's Warbler,0.6644,psm9,2024,06,07,05
12.0,15.0,Phylloscopus humei,Hume's Warbler,0.716,psm9,2024,06,07,05
21.0,24.0,Phylloscopus humei,Hume's Warbler,0.7526,psm9,2024,06,07,05
27.0,30.0,Phylloscopus humei,Hume's Warbler,0.5246,psm9,2024,06,07,05
33.0,36.0,Phylloscopus humei,Hume's Warbler,0.7942,psm9,2024,06,07,05
57.0,60.0,Phylloscopus humei,Hume's Warbler,0.8057,psm9,2024,06,07,05
63.0,66.0,Phylloscopus humei,Hume's Warbler,0.5751,psm9,2024,06,07,05
72.0,75.0,Phylloscopus humei,Hume's Warbler,0.7445,psm9,2024,06,07,05
87.0,90.0,Phylloscopus humei,Hume's Warbler,0.6518,psm9,2024,06,07,05
99.0,102.0,Phylloscopus humei,Hume's Warbler,0.572,psm9,2024,06,07,05
135.0,138.0,Phylloscopus humei,Hume's Warbler,0.593,psm9,2024,06,07,05
153.0,156.0,Phylloscopus humei,Hume's Warbler,0.5146,psm9,2024,06,07,05
174.0,177.0,Phylloscopus humei,Hume's Warbler,0.5757,psm9,2024,06,07,05
180.0,183.0,Zosterops simplex,Swinhoe's White-eye,0.5309,psm9,2024,06,07,05
195.0,198.0,Zosterops simplex,Swinhoe's White-eye,0.5616,psm9,2024,06,07,05
228.0,231.0,Zosterops simplex,Swinhoe's White-eye,0.5071,psm9,2024,06,07,05
297.0,300.0,Phylloscopus humei,Hume's Warbler,0.5246,psm9,2024,06,07,05
312.0,315.0,Phylloscopus humei,Hume's Warbler,0.5423,psm9,2024,06,07,05
399.0,402.0,Phylloscopus humei,Hume's Warbler,0.5096,psm9,2024,06,07,05
408.0,411.0,Phylloscopus humei,Hume's Warbler,0.6307,psm9,2024,06,07,05
411.0,414.0,Phylloscopus humei,Hume's Warbler,0.5606,psm9,2024,06,07,05
414.0,417.0,Zosterops simplex,Swinhoe's White-eye,0.6105,psm9,2024,06,07,05
420.0,423.0,Phylloscopus humei,Hume's Warbler,0.9088,psm9,2024,06,07,05
441.0,444.0,Phylloscopus humei,Hume's Warbler,0.6694,psm9,2024,06,07,05
459.0,462.0,Phylloscopus humei,Hume's Warbler,0.5291,psm9,2024,06,07,05
468.0,471.0,Phylloscopus humei,Hume's Warbler,0.9632,psm9,2024,06,07,05
480.0,483.0,Zosterops simplex,Swinhoe's White-eye,0.5465,psm9,2024,06,07,05
483.0,486.0,Tarsiger rufilatus,Himalayan Bluetail,0.5272,psm9,2024,06,07,05
486.0,489.0,Zosterops simplex,Swinhoe's White-eye,0.804,psm9,2024,06,07,05
546.0,549.0,Phylloscopus humei,Hume's Warbler,0.7957,psm9,2024,06,07,05
549.0,552.0,Phylloscopus humei,Hume's Warbler,0.7408,psm9,2024,06,07,05
570.0,573.0,Trochalopteron variegatum,Variegated Laughingthrush,0.87,psm9,2024,06,07,05
579.0,582.0,Trochalopteron variegatum,Variegated Laughingthrush,0.7849,psm9,2024,06,07,05
591.0,594.0,Phylloscopus humei,Hume's Warbler,0.8201,psm9,2024,06,07,05
603.0,606.0,Trochalopteron variegatum,Variegated Laughingthrush,0.5248,psm9,2024,06,07,05
603.0,606.0,Phylloscopus humei,Hume's Warbler,0.518,psm9,2024,06,07,05
606.0,609.0,Trochalopteron variegatum,Variegated Laughingthrush,0.7861,psm9,2024,06,07,05
612.0,615.0,Trochalopteron variegatum,Variegated Laughingthrush,0.5349,psm9,2024,06,07,05
615.0,618.0,Trochalopteron variegatum,Variegated Laughingthrush,0.5925,psm9,2024,06,07,05
618.0,621.0,Trochalopteron affine,Black-faced Laughingthrush,0.5639,psm9,2024,06,07,05
624.0,627.0,Trochalopteron variegatum,Variegated Laughingthrush,0.6269,psm9,2024,06,07,05
633.0,636.0,Phylloscopus humei,Hume's Warbler,0.924,psm9,2024,06,07,05
663.0,666.0,Phylloscopus humei,Hume's Warbler,0.5607,psm9,2024,06,07,05
693.0,696.0,Phylloscopus humei,Hume's Warbler,0.5403,psm9,2024,06,07,05
705.0,708.0,Phylloscopus humei,Hume's Warbler,0.6162,psm9,2024,06,07,05
756.0,759.0,Phylloscopus humei,Hume's Warbler,0.5168,psm9,2024,06,07,05
768.0,771.0,Phylloscopus humei,Hume's Warbler,0.7081,psm9,2024,06,07,05
786.0,789.0,Phylloscopus humei,Hume's Warbler,0.8443,psm9,2024,06,07,05
795.0,798.0,Phylloscopus humei,Hume's Warbler,0.5339,psm9,2024,06,07,05
816.0,819.0,Phylloscopus humei,Hume's Warbler,0.8239,psm9,2024,06,07,05
819.0,822.0,Phylloscopus humei,Hume's Warbler,0.7797,psm9,2024,06,07,05
822.0,825.0,Phylloscopus humei,Hume's Warbler,0.7466,psm9,2024,06,07,05
825.0,828.0,Phylloscopus humei,Hume's Warbler,0.8664,psm9,2024,06,07,05
834.0,837.0,Phylloscopus humei,Hume's Warbler,0.6119,psm9,2024,06,07,05
846.0,849.0,Phylloscopus humei,Hume's Warbler,0.7677,psm9,2024,06,07,05
45.0,48.0,Phylloscopus trochiloides,Greenish Warbler,0.6309,psm9,2024,06,07,06
57.0,60.0,Phylloscopus trochiloides,Greenish Warbler,0.52,psm9,2024,06,07,06
69.0,72.0,Phylloscopus trochiloides,Greenish Warbler,0.5529,psm9,2024,06,07,06
102.0,105.0,Phylloscopus trochiloides,Greenish Warbler,0.5011,psm9,2024,06,07,06
123.0,126.0,Phylloscopus trochiloides,Greenish Warbler,0.7318,psm9,2024,06,07,06
153.0,156.0,Phylloscopus trochiloides,Greenish Warbler,0.6023,psm9,2024,06,07,06
288.0,291.0,Phylloscopus humei,Hume's Warbler,0.6524,psm9,2024,06,07,06
315.0,318.0,Phylloscopus affinis,Tickell's Leaf Warbler,0.5596,psm9,2024,06,07,06
315.0,318.0,Prinia hodgsonii,Gray-breasted Prinia,0.5119,psm9,2024,06,07,06
339.0,342.0,Phylloscopus trochiloides,Greenish Warbler,0.8765,psm9,2024,06,07,06
363.0,366.0,Phylloscopus humei,Hume's Warbler,0.9414,psm9,2024,06,07,06
375.0,378.0,Phylloscopus affinis,Tickell's Leaf Warbler,0.7171,psm9,2024,06,07,06
387.0,390.0,Phylloscopus affinis,Tickell's Leaf Warbler,0.6482,psm9,2024,06,07,06
396.0,399.0,Phylloscopus trochiloides,Greenish Warbler,0.9143,psm9,2024,06,07,06
402.0,405.0,Phylloscopus trochiloides,Greenish Warbler,0.5884,psm9,2024,06,07,06
408.0,411.0,Phylloscopus trochiloides,Greenish Warbler,0.6941,psm9,2024,06,07,06
411.0,414.0,Phylloscopus trochiloides,Greenish Warbler,0.8394,psm9,2024,06,07,06
420.0,423.0,Phylloscopus humei,Hume's Warbler,0.8711,psm9,2024,06,07,06
423.0,426.0,Phylloscopus affinis,Tickell's Leaf Warbler,0.5886,psm9,2024,06,07,06
435.0,438.0,Phylloscopus humei,Hume's Warbler,0.9212,psm9,2024,06,07,06
438.0,441.0,Phylloscopus humei,Hume's Warbler,0.6023,psm9,2024,06,07,06
444.0,447.0,Phylloscopus trochiloides,Greenish Warbler,0.5236,psm9,2024,06,07,06
450.0,453.0,Phylloscopus humei,Hume's Warbler,0.5076,psm9,2024,06,07,06
459.0,462.0,Phylloscopus humei,Hume's Warbler,0.6267,psm9,2024,06,07,06
471.0,474.0,Phylloscopus trochiloides,Greenish Warbler,0.8462,psm9,2024,06,07,06
474.0,477.0,Turdus iliacus,Redwing,0.5957,psm9,2024,06,07,06
483.0,486.0,Phylloscopus humei,Hume's Warbler,0.5955,psm9,2024,06,07,06
492.0,495.0,Phylloscopus humei,Hume's Warbler,0.903,psm9,2024,06,07,06
504.0,507.0,Phylloscopus humei,Hume's Warbler,0.6927,psm9,2024,06,07,06
522.0,525.0,Phylloscopus humei,Hume's Warbler,0.943,psm9,2024,06,07,06
564.0,567.0,Trochalopteron variegatum,Variegated Laughingthrush,0.5391,psm9,2024,06,07,06
687.0,690.0,Phylloscopus trochiloides,Greenish Warbler,0.528,psm9,2024,06,07,06
690.0,693.0,Phylloscopus trochiloides,Greenish Warbler,0.7175,psm9,2024,06,07,06
693.0,696.0,Phylloscopus trochiloides,Greenish Warbler,0.6237,psm9,2024,06,07,06
708.0,711.0,Phylloscopus humei,Hume's Warbler,0.5307,psm9,2024,06,07,06
723.0,726.0,Phylloscopus humei,Hume's Warbler,0.8009,psm9,2024,06,07,06
726.0,729.0,Phylloscopus trochiloides,Greenish Warbler,0.6679,psm9,2024,06,07,06
840.0,843.0,Phylloscopus affinis,Tickell's Leaf Warbler,0.6572,psm9,2024,06,07,06
33.0,36.0,Larvivora brunnea,Indian Blue Robin,0.6678,psm9,2024,06,07,07
60.0,63.0,Phylloscopus magnirostris,Large-billed Leaf Warbler,0.5274,psm9,2024,06,07,07
72.0,75.0,Phylloscopus magnirostris,Large-billed Leaf Warbler,0.5062,psm9,2024,06,07,07
213.0,216.0,Phylloscopus occipitalis,Western Crowned Warbler,0.5547,psm9,2024,06,07,07
216.0,219.0,Larvivora brunnea,Indian Blue Robin,0.7987,psm9,2024,06,07,07
225.0,228.0,Phylloscopus nitidus,Green Warbler,0.6303,psm9,2024,06,07,07
243.0,246.0,Setophaga palmarum,Palm Warbler,0.5554,psm9,2024,06,07,07
264.0,267.0,Phylloscopus affinis,Tickell's Leaf Warbler,0.7355,psm9,2024,06,07,07
270.0,273.0,Phylloscopus trochiloides,Greenish Warbler,0.6651,psm9,2024,06,07,07
291.0,294.0,Phylloscopus affinis,Tickell's Leaf Warbler,0.6055,psm9,2024,06,07,07
303.0,306.0,Phylloscopus affinis,Tickell's Leaf Warbler,0.6345,psm9,2024,06,07,07
330.0,333.0,Phylloscopus affinis,Tickell's Leaf Warbler,0.7061,psm9,2024,06,07,07
345.0,348.0,Larvivora brunnea,Indian Blue Robin,0.5192,psm9,2024,06,07,07
348.0,351.0,Phylloscopus affinis,Tickell's Leaf Warbler,0.6714,psm9,2024,06,07,07
375.0,378.0,Larvivora brunnea,Indian Blue Robin,0.6306,psm9,2024,06,07,07
378.0,381.0,Phylloscopus affinis,Tickell's Leaf Warbler,0.8583,psm9,2024,06,07,07
384.0,387.0,Phylloscopus affinis,Tickell's Leaf Warbler,0.8404,psm9,2024,06,07,07
387.0,390.0,Phylloscopus nitidus,Green Warbler,0.5708,psm9,2024,06,07,07
423.0,426.0,Basileuterus rufifrons,Rufous-capped Warbler,0.7203,psm9,2024,06,07,07
429.0,432.0,Phylloscopus affinis,Tickell's Leaf Warbler,0.9003,psm9,2024,06,07,07
435.0,438.0,Phylloscopus occipitalis,Western Crowned Warbler,0.5285,psm9,2024,06,07,07
438.0,441.0,Phylloscopus affinis,Tickell's Leaf Warbler,0.646,psm9,2024,06,07,07
450.0,453.0,Phylloscopus affinis,Tickell's Leaf Warbler,0.7483,psm9,2024,06,07,07
456.0,459.0,Phylloscopus affinis,Tickell's Leaf Warbler,0.9199,psm9,2024,06,07,07
459.0,462.0,Phylloscopus affinis,Tickell's Leaf Warbler,0.9239,psm9,2024,06,07,07
465.0,468.0,Phylloscopus affinis,Tickell's Leaf Warbler,0.9894,psm9,2024,06,07,07
471.0,474.0,Phylloscopus affinis,Tickell's Leaf Warbler,0.8542,psm9,2024,06,07,07
480.0,483.0,Phylloscopus nitidus,Green Warbler,0.5211,psm9,2024,06,07,07
495.0,498.0,Culicicapa ceylonensis,Gray-headed Canary-Flycatcher,0.546,psm9,2024,06,07,07
501.0,504.0,Phylloscopus affinis,Tickell's Leaf Warbler,0.8096,psm9,2024,06,07,07
504.0,507.0,Larvivora brunnea,Indian Blue Robin,0.6336,psm9,2024,06,07,07
549.0,552.0,Phylloscopus affinis,Tickell's Leaf Warbler,0.5635,psm9,2024,06,07,07
576.0,579.0,Phylloscopus affinis,Tickell's Leaf Warbler,0.644,psm9,2024,06,07,07
582.0,585.0,Phylloscopus nitidus,Green Warbler,0.5572,psm9,2024,06,07,07
594.0,597.0,Phylloscopus nitidus,Green Warbler,0.6729,psm9,2024,06,07,07
606.0,609.0,Phylloscopus trochiloides,Greenish Warbler,0.5521,psm9,2024,06,07,07
612.0,615.0,Phylloscopus nitidus,Green Warbler,0.6692,psm9,2024,06,07,07
660.0,663.0,Culicicapa ceylonensis,Gray-headed Canary-Flycatcher,0.6174,psm9,2024,06,07,07
675.0,678.0,Cardellina pusilla,Wilson's Warbler,0.5196,psm9,2024,06,07,07
702.0,705.0,Culicicapa ceylonensis,Gray-headed Canary-Flycatcher,0.5907,psm9,2024,06,07,07
720.0,723.0,Phylloscopus trochiloides,Greenish Warbler,0.5276,psm9,2024,06,07,07
732.0,735.0,Phylloscopus nitidus,Green Warbler,0.7741,psm9,2024,06,07,07
750.0,753.0,Phylloscopus occipitalis,Western Crowned Warbler,0.7042,psm9,2024,06,07,07
753.0,756.0,Phylloscopus occipitalis,Western Crowned Warbler,0.9641,psm9,2024,06,07,07
753.0,756.0,Protonotaria citrea,Prothonotary Warbler,0.5917,psm9,2024,06,07,07
756.0,759.0,Phylloscopus occipitalis,Western Crowned Warbler,0.9426,psm9,2024,06,07,07
762.0,765.0,Phylloscopus occipitalis,Western Crowned Warbler,0.8699,psm9,2024,06,07,07
768.0,771.0,Phylloscopus occipitalis,Western Crowned Warbler,0.6681,psm9,2024,06,07,07
792.0,795.0,Phylloscopus occipitalis,Western Crowned Warbler,0.9916,psm9,2024,06,07,07
801.0,804.0,Phylloscopus occipitalis,Western Crowned Warbler,0.9778,psm9,2024,06,07,07
801.0,804.0,Phylloscopus reguloides,Blyth's Leaf Warbler,0.5596,psm9,2024,06,07,07
810.0,813.0,Phylloscopus occipitalis,Western Crowned Warbler,0.7534,psm9,2024,06,07,07
831.0,834.0,Phylloscopus occipitalis,Western Crowned Warbler,0.5188,psm9,2024,06,07,07
840.0,843.0,Phylloscopus occipitalis,Western Crowned Warbler,0.5984,psm9,2024,06,07,07
849.0,852.0,Larvivora brunnea,Indian Blue Robin,0.7402,psm9,2024,06,07,07
852.0,855.0,Phylloscopus occipitalis,Western Crowned Warbler,0.7991,psm9,2024,06,07,07
852.0,855.0,Phylloscopus reguloides,Blyth's Leaf Warbler,0.5203,psm9,2024,06,07,07
855.0,858.0,Phylloscopus occipitalis,Western Crowned Warbler,0.7084,psm9,2024,06,07,07
867.0,870.0,Phylloscopus occipitalis,Western Crowned Warbler,0.9909,psm9,2024,06,07,07
870.0,873.0,Phylloscopus occipitalis,Western Crowned Warbler,0.813,psm9,2024,06,07,07
891.0,894.0,Larvivora brunnea,Indian Blue Robin,0.5929,psm9,2024,06,07,07
12.0,15.0,Lophophorus impejanus,Himalayan Monal,0.5804,psm9,2024,06,08,05
18.0,21.0,Prunella strophiata,Rufous-breasted Accentor,0.8018,psm9,2024,06,08,05
45.0,48.0,Lophophorus impejanus,Himalayan Monal,0.5571,psm9,2024,06,08,05
51.0,54.0,Lophophorus impejanus,Himalayan Monal,0.7679,psm9,2024,06,08,05
63.0,66.0,Phylloscopus humei,Hume's Warbler,0.7049,psm9,2024,06,08,05
81.0,84.0,Prunella strophiata,Rufous-breasted Accentor,0.9655,psm9,2024,06,08,05
87.0,90.0,Prunella strophiata,Rufous-breasted Accentor,0.9807,psm9,2024,06,08,05
99.0,102.0,Prunella strophiata,Rufous-breasted Accentor,0.9677,psm9,2024,06,08,05
102.0,105.0,Prunella strophiata,Rufous-breasted Accentor,0.9327,psm9,2024,06,08,05
111.0,114.0,Zosterops simplex,Swinhoe's White-eye,0.5194,psm9,2024,06,08,05
114.0,117.0,Prunella strophiata,Rufous-breasted Accentor,0.9917,psm9,2024,06,08,05
117.0,120.0,Prunella strophiata,Rufous-breasted Accentor,0.9866,psm9,2024,06,08,05
123.0,126.0,Prunella strophiata,Rufous-breasted Accentor,0.9732,psm9,2024,06,08,05
132.0,135.0,Prunella strophiata,Rufous-breasted Accentor,0.9853,psm9,2024,06,08,05
135.0,138.0,Prunella strophiata,Rufous-breasted Accentor,0.8401,psm9,2024,06,08,05
141.0,144.0,Prunella strophiata,Rufous-breasted Accentor,0.9476,psm9,2024,06,08,05
144.0,147.0,Phylloscopus humei,Hume's Warbler,0.5095,psm9,2024,06,08,05
156.0,159.0,Ficedula parva,Red-breasted Flycatcher,0.7031,psm9,2024,06,08,05
159.0,162.0,Phylloscopus humei,Hume's Warbler,0.8578,psm9,2024,06,08,05
168.0,171.0,Prunella strophiata,Rufous-breasted Accentor,0.9749,psm9,2024,06,08,05
171.0,174.0,Phylloscopus humei,Hume's Warbler,0.6365,psm9,2024,06,08,05
174.0,177.0,Prunella strophiata,Rufous-breasted Accentor,0.8143,psm9,2024,06,08,05
189.0,192.0,Prunella strophiata,Rufous-breasted Accentor,0.6552,psm9,2024,06,08,05
204.0,207.0,Prunella strophiata,Rufous-breasted Accentor,0.9715,psm9,2024,06,08,05
210.0,213.0,Prunella strophiata,Rufous-breasted Accentor,0.9317,psm9,2024,06,08,05
213.0,216.0,Trochalopteron variegatum,Variegated Laughingthrush,0.9097,psm9,2024,06,08,05
216.0,219.0,Trochalopteron variegatum,Variegated Laughingthrush,0.9823,psm9,2024,06,08,05
231.0,234.0,Trochalopteron variegatum,Variegated Laughingthrush,0.9546,psm9,2024,06,08,05
237.0,240.0,Trochalopteron variegatum,Variegated Laughingthrush,0.9436,psm9,2024,06,08,05
246.0,249.0,Trochalopteron variegatum,Variegated Laughingthrush,0.8855,psm9,2024,06,08,05
252.0,255.0,Trochalopteron variegatum,Variegated Laughingthrush,0.5192,psm9,2024,06,08,05
255.0,258.0,Trochalopteron variegatum,Variegated Laughingthrush,0.9687,psm9,2024,06,08,05
261.0,264.0,Trochalopteron variegatum,Variegated Laughingthrush,0.8969,psm9,2024,06,08,05
261.0,264.0,Phylloscopus humei,Hume's Warbler,0.6345,psm9,2024,06,08,05
264.0,267.0,Trochalopteron variegatum,Variegated Laughingthrush,0.9051,psm9,2024,06,08,05
270.0,273.0,Trochalopteron variegatum,Variegated Laughingthrush,0.9094,psm9,2024,06,08,05
273.0,276.0,Prunella strophiata,Rufous-breasted Accentor,0.9422,psm9,2024,06,08,05
279.0,282.0,Phylloscopus humei,Hume's Warbler,0.6376,psm9,2024,06,08,05
282.0,285.0,Trochalopteron variegatum,Variegated Laughingthrush,0.8719,psm9,2024,06,08,05
288.0,291.0,Phylloscopus humei,Hume's Warbler,0.8663,psm9,2024,06,08,05
306.0,309.0,Phylloscopus humei,Hume's Warbler,0.6496,psm9,2024,06,08,05
315.0,318.0,Recurvirostra americana,American Avocet,0.9389,psm9,2024,06,08,05
318.0,321.0,Recurvirostra americana,American Avocet,0.8991,psm9,2024,06,08,05
318.0,321.0,Zosterops simplex,Swinhoe's White-eye,0.8327,psm9,2024,06,08,05
321.0,324.0,Recurvirostra americana,American Avocet,0.9441,psm9,2024,06,08,05
321.0,324.0,Zosterops simplex,Swinhoe's White-eye,0.7748,psm9,2024,06,08,05
324.0,327.0,Recurvirostra americana,American Avocet,0.59,psm9,2024,06,08,05
327.0,330.0,Lophophorus impejanus,Himalayan Monal,0.8673,psm9,2024,06,08,05
333.0,336.0,Recurvirostra americana,American Avocet,0.8406,psm9,2024,06,08,05
336.0,339.0,Zosterops simplex,Swinhoe's White-eye,0.6945,psm9,2024,06,08,05
336.0,339.0,Lophophorus impejanus,Himalayan Monal,0.5663,psm9,2024,06,08,05
339.0,342.0,Lophophorus impejanus,Himalayan Monal,0.5248,psm9,2024,06,08,05
342.0,345.0,Lophophorus impejanus,Himalayan Monal,0.6991,psm9,2024,06,08,05
354.0,357.0,Zosterops simplex,Swinhoe's White-eye,0.7641,psm9,2024,06,08,05
393.0,396.0,Phylloscopus humei,Hume's Warbler,0.6207,psm9,2024,06,08,05
429.0,432.0,Zosterops simplex,Swinhoe's White-eye,0.8636,psm9,2024,06,08,05
438.0,441.0,Zosterops simplex,Swinhoe's White-eye,0.6732,psm9,2024,06,08,05
480.0,483.0,Tarsiger rufilatus,Himalayan Bluetail,0.6185,psm9,2024,06,08,05
483.0,486.0,Tarsiger rufilatus,Himalayan Bluetail,0.5573,psm9,2024,06,08,05
492.0,495.0,Phylloscopus humei,Hume's Warbler,0.7586,psm9,2024,06,08,05
498.0,501.0,Phylloscopus humei,Hume's Warbler,0.5762,psm9,2024,06,08,05
501.0,504.0,Phylloscopus humei,Hume's Warbler,0.8212,psm9,2024,06,08,05
510.0,513.0,Phylloscopus humei,Hume's Warbler,0.6111,psm9,2024,06,08,05
567.0,570.0,Phylloscopus humei,Hume's Warbler,0.5016,psm9,2024,06,08,05
594.0,597.0,Zosterops simplex,Swinhoe's White-eye,0.5694,psm9,2024,06,08,05
624.0,627.0,Phylloscopus humei,Hume's Warbler,0.6472,psm9,2024,06,08,05
651.0,654.0,Phylloscopus humei,Hume's Warbler,0.5214,psm9,2024,06,08,05
699.0,702.0,Phylloscopus humei,Hume's Warbler,0.5502,psm9,2024,06,08,05
705.0,708.0,Zosterops simplex,Swinhoe's White-eye,0.793,psm9,2024,06,08,05
705.0,708.0,Zosterops japonicus,Warbling White-eye,0.5,psm9,2024,06,08,05
708.0,711.0,Phylloscopus humei,Hume's Warbler,0.6565,psm9,2024,06,08,05
723.0,726.0,Phylloscopus humei,Hume's Warbler,0.9206,psm9,2024,06,08,05
729.0,732.0,Phylloscopus humei,Hume's Warbler,0.9717,psm9,2024,06,08,05
741.0,744.0,Phylloscopus humei,Hume's Warbler,0.5489,psm9,2024,06,08,05
750.0,753.0,Phylloscopus humei,Hume's Warbler,0.6414,psm9,2024,06,08,05
750.0,753.0,Zosterops simplex,Swinhoe's White-eye,0.6375,psm9,2024,06,08,05
756.0,759.0,Trochalopteron variegatum,Variegated Laughingthrush,0.9909,psm9,2024,06,08,05
759.0,762.0,Trochalopteron variegatum,Variegated Laughingthrush,0.9289,psm9,2024,06,08,05
762.0,765.0,Phylloscopus humei,Hume's Warbler,0.837,psm9,2024,06,08,05
765.0,768.0,Trochalopteron variegatum,Variegated Laughingthrush,0.998,psm9,2024,06,08,05
768.0,771.0,Phylloscopus humei,Hume's Warbler,0.7297,psm9,2024,06,08,05
771.0,774.0,Trochalopteron variegatum,Variegated Laughingthrush,0.972,psm9,2024,06,08,05
777.0,780.0,Trochalopteron variegatum,Variegated Laughingthrush,0.9767,psm9,2024,06,08,05
780.0,783.0,Trochalopteron variegatum,Variegated Laughingthrush,0.5564,psm9,2024,06,08,05
783.0,786.0,Trochalopteron variegatum,Variegated Laughingthrush,0.8551,psm9,2024,06,08,05
786.0,789.0,Trochalopteron variegatum,Variegated Laughingthrush,0.9967,psm9,2024,06,08,05
792.0,795.0,Trochalopteron variegatum,Variegated Laughingthrush,0.7801,psm9,2024,06,08,05
798.0,801.0,Trochalopteron variegatum,Variegated Laughingthrush,0.8147,psm9,2024,06,08,05
813.0,816.0,Phylloscopus humei,Hume's Warbler,0.8058,psm9,2024,06,08,05
822.0,825.0,Trochalopteron variegatum,Variegated Laughingthrush,0.9558,psm9,2024,06,08,05
825.0,828.0,Trochalopteron variegatum,Variegated Laughingthrush,0.8592,psm9,2024,06,08,05
831.0,834.0,Trochalopteron variegatum,Variegated Laughingthrush,0.9888,psm9,2024,06,08,05
837.0,840.0,Trochalopteron variegatum,Variegated Laughingthrush,0.9906,psm9,2024,06,08,05
843.0,846.0,Trochalopteron variegatum,Variegated Laughingthrush,0.9926,psm9,2024,06,08,05
846.0,849.0,Trochalopteron variegatum,Variegated Laughingthrush,0.9877,psm9,2024,06,08,05
852.0,855.0,Trochalopteron variegatum,Variegated Laughingthrush,0.9971,psm9,2024,06,08,05
855.0,858.0,Trochalopteron variegatum,Variegated Laughingthrush,0.7221,psm9,2024,06,08,05
858.0,861.0,Trochalopteron variegatum,Variegated Laughingthrush,0.8488,psm9,2024,06,08,05
861.0,864.0,Trochalopteron variegatum,Variegated Laughingthrush,0.9913,psm9,2024,06,08,05
864.0,867.0,Trochalopteron variegatum,Variegated Laughingthrush,0.9867,psm9,2024,06,08,05
867.0,870.0,Trochalopteron variegatum,Variegated Laughingthrush,0.9368,psm9,2024,06,08,05
870.0,873.0,Trochalopteron variegatum,Variegated Laughingthrush,0.6191,psm9,2024,06,08,05
876.0,879.0,Trochalopteron variegatum,Variegated Laughingthrush,0.996,psm9,2024,06,08,05
879.0,882.0,Trochalopteron variegatum,Variegated Laughingthrush,0.9793,psm9,2024,06,08,05
882.0,885.0,Trochalopteron variegatum,Variegated Laughingthrush,0.9852,psm9,2024,06,08,05
888.0,891.0,Trochalopteron variegatum,Variegated Laughingthrush,0.9855,psm9,2024,06,08,05
894.0,897.0,Trochalopteron variegatum,Variegated Laughingthrush,0.9536,psm9,2024,06,08,05
12.0,15.0,Phylloscopus trochiloides,Greenish Warbler,0.8485,psm9,2024,06,08,06
18.0,21.0,Phylloscopus trochiloides,Greenish Warbler,0.7135,psm9,2024,06,08,06
21.0,24.0,Phylloscopus nitidus,Green Warbler,0.829,psm9,2024,06,08,06
24.0,27.0,Phylloscopus trochiloides,Greenish Warbler,0.7628,psm9,2024,06,08,06
24.0,27.0,Phylloscopus nitidus,Green Warbler,0.5169,psm9,2024,06,08,06
27.0,30.0,Phylloscopus trochiloides,Greenish Warbler,0.718,psm9,2024,06,08,06
30.0,33.0,Phylloscopus trochiloides,Greenish Warbler,0.6976,psm9,2024,06,08,06
39.0,42.0,Phylloscopus trochiloides,Greenish Warbler,0.9305,psm9,2024,06,08,06
48.0,51.0,Phylloscopus trochiloides,Greenish Warbler,0.6169,psm9,2024,06,08,06
51.0,54.0,Phylloscopus trochiloides,Greenish Warbler,0.8296,psm9,2024,06,08,06
63.0,66.0,Phylloscopus trochiloides,Greenish Warbler,0.967,psm9,2024,06,08,06
84.0,87.0,Phylloscopus nitidus,Green Warbler,0.8521,psm9,2024,06,08,06
108.0,111.0,Lophophorus impejanus,Himalayan Monal,0.5963,psm9,2024,06,08,06
111.0,114.0,Lophophorus impejanus,Himalayan Monal,0.9107,psm9,2024,06,08,06
114.0,117.0,Lophophorus impejanus,Himalayan Monal,0.8391,psm9,2024,06,08,06
123.0,126.0,Lophophorus impejanus,Himalayan Monal,0.9321,psm9,2024,06,08,06
126.0,129.0,Phylloscopus humei,Hume's Warbler,0.5548,psm9,2024,06,08,06
144.0,147.0,Lophophorus impejanus,Himalayan Monal,0.9841,psm9,2024,06,08,06
147.0,150.0,Lophophorus impejanus,Himalayan Monal,0.5493,psm9,2024,06,08,06
162.0,165.0,Phylloscopus occipitalis,Western Crowned Warbler,0.5335,psm9,2024,06,08,06
186.0,189.0,Phylloscopus trochiloides,Greenish Warbler,0.648,psm9,2024,06,08,06
198.0,201.0,Phylloscopus trochiloides,Greenish Warbler,0.5841,psm9,2024,06,08,06
204.0,207.0,Phylloscopus humei,Hume's Warbler,0.8474,psm9,2024,06,08,06
216.0,219.0,Phylloscopus humei,Hume's Warbler,0.5424,psm9,2024,06,08,06
219.0,222.0,Phylloscopus humei,Hume's Warbler,0.8333,psm9,2024,06,08,06
222.0,225.0,Phylloscopus humei,Hume's Warbler,0.5954,psm9,2024,06,08,06
240.0,243.0,Phylloscopus humei,Hume's Warbler,0.7655,psm9,2024,06,08,06
243.0,246.0,Phylloscopus humei,Hume's Warbler,0.906,psm9,2024,06,08,06
258.0,261.0,Phylloscopus humei,Hume's Warbler,0.9468,psm9,2024,06,08,06
264.0,267.0,Phylloscopus humei,Hume's Warbler,0.5647,psm9,2024,06,08,06
279.0,282.0,Phylloscopus humei,Hume's Warbler,0.5921,psm9,2024,06,08,06
291.0,294.0,Phylloscopus humei,Hume's Warbler,0.5451,psm9,2024,06,08,06
321.0,324.0,Zosterops simplex,Swinhoe's White-eye,0.6627,psm9,2024,06,08,06
321.0,324.0,Phylloscopus humei,Hume's Warbler,0.5483,psm9,2024,06,08,06
354.0,357.0,Phylloscopus humei,Hume's Warbler,0.9284,psm9,2024,06,08,06
423.0,426.0,Larvivora brunnea,Indian Blue Robin,0.6193,psm9,2024,06,08,06
432.0,435.0,Phylloscopus magnirostris,Large-billed Leaf Warbler,0.6898,psm9,2024,06,08,06
453.0,456.0,Phylloscopus occipitalis,Western Crowned Warbler,0.6028,psm9,2024,06,08,06
510.0,513.0,Phylloscopus affinis,Tickell's Leaf Warbler,0.8525,psm9,2024,06,08,06
522.0,525.0,Prunella strophiata,Rufous-breasted Accentor,0.5812,psm9,2024,06,08,06
633.0,636.0,Brachyramphus marmoratus,Marbled Murrelet,0.6065,psm9,2024,06,08,06
717.0,720.0,Phylloscopus magnirostris,Large-billed Leaf Warbler,0.7123,psm9,2024,06,08,06
774.0,777.0,Phylloscopus humei,Hume's Warbler,0.7345,psm9,2024,06,08,06
846.0,849.0,Larvivora brunnea,Indian Blue Robin,0.7637,psm9,2024,06,08,06
12.0,15.0,Larvivora brunnea,Indian Blue Robin,0.602,psm9,2024,06,08,07
42.0,45.0,Phylloscopus occipitalis,Western Crowned Warbler,0.9839,psm9,2024,06,08,07
51.0,54.0,Atlapetes fuscoolivaceus,Dusky-headed Brushfinch,0.5126,psm9,2024,06,08,07
54.0,57.0,Protonotaria citrea,Prothonotary Warbler,0.9463,psm9,2024,06,08,07
63.0,66.0,Phylloscopus occipitalis,Western Crowned Warbler,0.9754,psm9,2024,06,08,07
111.0,114.0,Phylloscopus occipitalis,Western Crowned Warbler,0.791,psm9,2024,06,08,07
126.0,129.0,Phylloscopus occipitalis,Western Crowned Warbler,0.8079,psm9,2024,06,08,07
186.0,189.0,Phylloscopus humei,Hume's Warbler,0.7807,psm9,2024,06,08,07
195.0,198.0,Phylloscopus humei,Hume's Warbler,0.6567,psm9,2024,06,08,07
207.0,210.0,Phylloscopus humei,Hume's Warbler,0.5339,psm9,2024,06,08,07
210.0,213.0,Atlapetes fuscoolivaceus,Dusky-headed Brushfinch,0.6497,psm9,2024,06,08,07
222.0,225.0,Phylloscopus occipitalis,Western Crowned Warbler,0.9018,psm9,2024,06,08,07
258.0,261.0,Phylloscopus humei,Hume's Warbler,0.6441,psm9,2024,06,08,07
291.0,294.0,Zosterops simplex,Swinhoe's White-eye,0.8209,psm9,2024,06,08,07
300.0,303.0,Phylloscopus humei,Hume's Warbler,0.679,psm9,2024,06,08,07
315.0,318.0,Phylloscopus humei,Hume's Warbler,0.9657,psm9,2024,06,08,07
333.0,336.0,Phylloscopus humei,Hume's Warbler,0.7754,psm9,2024,06,08,07
345.0,348.0,Phylloscopus humei,Hume's Warbler,0.845,psm9,2024,06,08,07
378.0,381.0,Zosterops simplex,Swinhoe's White-eye,0.6549,psm9,2024,06,08,07
399.0,402.0,Phylloscopus occipitalis,Western Crowned Warbler,0.7412,psm9,2024,06,08,07
444.0,447.0,Trochalopteron variegatum,Variegated Laughingthrush,0.6321,psm9,2024,06,08,07
447.0,450.0,Phylloscopus occipitalis,Western Crowned Warbler,0.8473,psm9,2024,06,08,07
453.0,456.0,Phylloscopus magnirostris,Large-billed Leaf Warbler,0.7196,psm9,2024,06,08,07
456.0,459.0,Phylloscopus occipitalis,Western Crowned Warbler,0.7094,psm9,2024,06,08,07
567.0,570.0,Larvivora brunnea,Indian Blue Robin,0.5057,psm9,2024,06,08,07
570.0,573.0,Phylloscopus magnirostris,Large-billed Leaf Warbler,0.8171,psm9,2024,06,08,07
588.0,591.0,Larvivora brunnea,Indian Blue Robin,0.527,psm9,2024,06,08,07
639.0,642.0,Phylloscopus affinis,Tickell's Leaf Warbler,0.5466,psm9,2024,06,08,07
672.0,675.0,Phylloscopus occipitalis,Western Crowned Warbler,0.7561,psm9,2024,06,08,07
690.0,693.0,Larvivora brunnea,Indian Blue Robin,0.6304,psm9,2024,06,08,07
702.0,705.0,Phylloscopus affinis,Tickell's Leaf Warbler,0.7347,psm9,2024,06,08,07
729.0,732.0,Phylloscopus occipitalis,Western Crowned Warbler,0.711,psm9,2024,06,08,07
741.0,744.0,Phylloscopus affinis,Tickell's Leaf Warbler,0.9442,psm9,2024,06,08,07
744.0,747.0,Phylloscopus occipitalis,Western Crowned Warbler,0.9036,psm9,2024,06,08,07
759.0,762.0,Larvivora brunnea,Indian Blue Robin,0.6914,psm9,2024,06,08,07
762.0,765.0,Phylloscopus affinis,Tickell's Leaf Warbler,0.615,psm9,2024,06,08,07
804.0,807.0,Larvivora brunnea,Indian Blue Robin,0.5629,psm9,2024,06,08,07
807.0,810.0,Phylloscopus magnirostris,Large-billed Leaf Warbler,0.5071,psm9,2024,06,08,07
837.0,840.0,Phylloscopus magnirostris,Large-billed Leaf Warbler,0.7448,psm9,2024,06,08,07
843.0,846.0,Phylloscopus occipitalis,Western Crowned Warbler,0.9787,psm9,2024,06,08,07
846.0,849.0,Phylloscopus occipitalis,Western Crowned Warbler,0.8688,psm9,2024,06,08,07
852.0,855.0,Phylloscopus occipitalis,Western Crowned Warbler,0.9835,psm9,2024,06,08,07
708.0,711.0,Luscinia phaenicuroides,White-bellied Redstart,0.9851,psm9,2024,06,09,04
30.0,33.0,Phylloscopus humei,Hume's Warbler,0.7502,psm9,2024,06,09,05
39.0,42.0,Phylloscopus humei,Hume's Warbler,0.5513,psm9,2024,06,09,05
42.0,45.0,Phylloscopus humei,Hume's Warbler,0.7024,psm9,2024,06,09,05
45.0,48.0,Zosterops simplex,Swinhoe's White-eye,0.5629,psm9,2024,06,09,05
48.0,51.0,Phylloscopus humei,Hume's Warbler,0.5496,psm9,2024,06,09,05
63.0,66.0,Phylloscopus humei,Hume's Warbler,0.5001,psm9,2024,06,09,05
66.0,69.0,Phylloscopus humei,Hume's Warbler,0.5473,psm9,2024,06,09,05
75.0,78.0,Phylloscopus humei,Hume's Warbler,0.8486,psm9,2024,06,09,05
84.0,87.0,Phylloscopus humei,Hume's Warbler,0.5824,psm9,2024,06,09,05
93.0,96.0,Phylloscopus humei,Hume's Warbler,0.7431,psm9,2024,06,09,05
99.0,102.0,Phylloscopus humei,Hume's Warbler,0.8802,psm9,2024,06,09,05
105.0,108.0,Phylloscopus humei,Hume's Warbler,0.5131,psm9,2024,06,09,05
108.0,111.0,Phylloscopus humei,Hume's Warbler,0.8751,psm9,2024,06,09,05
114.0,117.0,Phylloscopus humei,Hume's Warbler,0.917,psm9,2024,06,09,05
120.0,123.0,Phylloscopus humei,Hume's Warbler,0.9549,psm9,2024,06,09,05
132.0,135.0,Phylloscopus humei,Hume's Warbler,0.9239,psm9,2024,06,09,05
147.0,150.0,Phylloscopus humei,Hume's Warbler,0.7498,psm9,2024,06,09,05
153.0,156.0,Phylloscopus humei,Hume's Warbler,0.5735,psm9,2024,06,09,05
159.0,162.0,Phylloscopus humei,Hume's Warbler,0.5319,psm9,2024,06,09,05
162.0,165.0,Tarsiger rufilatus,Himalayan Bluetail,0.6433,psm9,2024,06,09,05
165.0,168.0,Tarsiger rufilatus,Himalayan Bluetail,0.7922,psm9,2024,06,09,05
171.0,174.0,Tarsiger rufilatus,Himalayan Bluetail,0.7882,psm9,2024,06,09,05
174.0,177.0,Tarsiger rufilatus,Himalayan Bluetail,0.5746,psm9,2024,06,09,05
177.0,180.0,Tarsiger rufilatus,Himalayan Bluetail,0.5674,psm9,2024,06,09,05
180.0,183.0,Tarsiger rufilatus,Himalayan Bluetail,0.6495,psm9,2024,06,09,05
180.0,183.0,Phylloscopus humei,Hume's Warbler,0.6264,psm9,2024,06,09,05
186.0,189.0,Tarsiger rufilatus,Himalayan Bluetail,0.8517,psm9,2024,06,09,05
186.0,189.0,Phylloscopus humei,Hume's Warbler,0.6452,psm9,2024,06,09,05
189.0,192.0,Tarsiger rufilatus,Himalayan Bluetail,0.9503,psm9,2024,06,09,05
201.0,204.0,Phylloscopus humei,Hume's Warbler,0.616,psm9,2024,06,09,05
201.0,204.0,Tarsiger rufilatus,Himalayan Bluetail,0.5816,psm9,2024,06,09,05
204.0,207.0,Tarsiger rufilatus,Himalayan Bluetail,0.9242,psm9,2024,06,09,05
204.0,207.0,Phylloscopus humei,Hume's Warbler,0.5288,psm9,2024,06,09,05
207.0,210.0,Tarsiger rufilatus,Himalayan Bluetail,0.7717,psm9,2024,06,09,05
228.0,231.0,Tarsiger indicus,White-browed Bush-Robin,0.7963,psm9,2024,06,09,05
237.0,240.0,Tarsiger rufilatus,Himalayan Bluetail,0.6545,psm9,2024,06,09,05
240.0,243.0,Tarsiger rufilatus,Himalayan Bluetail,0.6677,psm9,2024,06,09,05
252.0,255.0,Phylloscopus humei,Hume's Warbler,0.7117,psm9,2024,06,09,05
258.0,261.0,Tarsiger rufilatus,Himalayan Bluetail,0.5134,psm9,2024,06,09,05
264.0,267.0,Tarsiger rufilatus,Himalayan Bluetail,0.6741,psm9,2024,06,09,05
285.0,288.0,Tarsiger rufilatus,Himalayan Bluetail,0.6139,psm9,2024,06,09,05
300.0,303.0,Tarsiger rufilatus,Himalayan Bluetail,0.5444,psm9,2024,06,09,05
312.0,315.0,Tarsiger rufilatus,Himalayan Bluetail,0.9633,psm9,2024,06,09,05
315.0,318.0,Tarsiger rufilatus,Himalayan Bluetail,0.7659,psm9,2024,06,09,05
318.0,321.0,Tarsiger rufilatus,Himalayan Bluetail,0.6206,psm9,2024,06,09,05
327.0,330.0,Tarsiger rufilatus,Himalayan Bluetail,0.7156,psm9,2024,06,09,05
333.0,336.0,Tarsiger rufilatus,Himalayan Bluetail,0.7989,psm9,2024,06,09,05
363.0,366.0,Phylloscopus humei,Hume's Warbler,0.5059,psm9,2024,06,09,05
381.0,384.0,Prunella strophiata,Rufous-breasted Accentor,0.8724,psm9,2024,06,09,05
393.0,396.0,Phylloscopus humei,Hume's Warbler,0.8193,psm9,2024,06,09,05
396.0,399.0,Zosterops simplex,Swinhoe's White-eye,0.5645,psm9,2024,06,09,05
405.0,408.0,Phylloscopus humei,Hume's Warbler,0.8304,psm9,2024,06,09,05
426.0,429.0,Phylloscopus humei,Hume's Warbler,0.6654,psm9,2024,06,09,05
468.0,471.0,Phylloscopus humei,Hume's Warbler,0.8397,psm9,2024,06,09,05
507.0,510.0,Phylloscopus humei,Hume's Warbler,0.8875,psm9,2024,06,09,05
516.0,519.0,Phylloscopus humei,Hume's Warbler,0.6299,psm9,2024,06,09,05
543.0,546.0,Phylloscopus trochiloides,Greenish Warbler,0.8278,psm9,2024,06,09,05
546.0,549.0,Prunella strophiata,Rufous-breasted Accentor,0.7717,psm9,2024,06,09,05
549.0,552.0,Prunella strophiata,Rufous-breasted Accentor,0.5459,psm9,2024,06,09,05
555.0,558.0,Prunella strophiata,Rufous-breasted Accentor,0.8274,psm9,2024,06,09,05
558.0,561.0,Prunella strophiata,Rufous-breasted Accentor,0.9226,psm9,2024,06,09,05
567.0,570.0,Prunella strophiata,Rufous-breasted Accentor,0.8119,psm9,2024,06,09,05
570.0,573.0,Phylloscopus humei,Hume's Warbler,0.8603,psm9,2024,06,09,05
591.0,594.0,Phylloscopus humei,Hume's Warbler,0.9611,psm9,2024,06,09,05
594.0,597.0,Phylloscopus humei,Hume's Warbler,0.939,psm9,2024,06,09,05
597.0,600.0,Phylloscopus humei,Hume's Warbler,0.9638,psm9,2024,06,09,05
600.0,603.0,Phylloscopus humei,Hume's Warbler,0.6051,psm9,2024,06,09,05
615.0,618.0,Phylloscopus humei,Hume's Warbler,0.7769,psm9,2024,06,09,05
618.0,621.0,Phylloscopus humei,Hume's Warbler,0.7804,psm9,2024,06,09,05
621.0,624.0,Phylloscopus humei,Hume's Warbler,0.7925,psm9,2024,06,09,05
624.0,627.0,Phylloscopus humei,Hume's Warbler,0.8763,psm9,2024,06,09,05
627.0,630.0,Phylloscopus humei,Hume's Warbler,0.9883,psm9,2024,06,09,05
630.0,633.0,Phylloscopus humei,Hume's Warbler,0.991,psm9,2024,06,09,05
633.0,636.0,Phylloscopus humei,Hume's Warbler,0.7536,psm9,2024,06,09,05
651.0,654.0,Phylloscopus humei,Hume's Warbler,0.9339,psm9,2024,06,09,05
654.0,657.0,Phylloscopus humei,Hume's Warbler,0.6095,psm9,2024,06,09,05
657.0,660.0,Phylloscopus humei,Hume's Warbler,0.7005,psm9,2024,06,09,05
672.0,675.0,Phylloscopus occipitalis,Western Crowned Warbler,0.5602,psm9,2024,06,09,05
726.0,729.0,Phylloscopus humei,Hume's Warbler,0.7809,psm9,2024,06,09,05
864.0,867.0,Phylloscopus nitidus,Green Warbler,0.6898,psm9,2024,06,09,05
876.0,879.0,Larvivora brunnea,Indian Blue Robin,0.7288,psm9,2024,06,09,05
879.0,882.0,Phylloscopus trochiloides,Greenish Warbler,0.5887,psm9,2024,06,09,05
150.0,153.0,Phylloscopus occipitalis,Western Crowned Warbler,0.5028,psm9,2024,06,09,06
195.0,198.0,Phylloscopus occipitalis,Western Crowned Warbler,0.6312,psm9,2024,06,09,06
219.0,222.0,Phylloscopus affinis,Tickell's Leaf Warbler,0.5824,psm9,2024,06,09,06
258.0,261.0,Phylloscopus occipitalis,Western Crowned Warbler,0.8288,psm9,2024,06,09,06
306.0,309.0,Phylloscopus nitidus,Green Warbler,0.5337,psm9,2024,06,09,06
309.0,312.0,Trochalopteron variegatum,Variegated Laughingthrush,0.9276,psm9,2024,06,09,06
318.0,321.0,Trochalopteron variegatum,Variegated Laughingthrush,0.6426,psm9,2024,06,09,06
321.0,324.0,Phylloscopus occipitalis,Western Crowned Warbler,0.5067,psm9,2024,06,09,06
324.0,327.0,Trochalopteron variegatum,Variegated Laughingthrush,0.9098,psm9,2024,06,09,06
339.0,342.0,Trochalopteron variegatum,Variegated Laughingthrush,0.6618,psm9,2024,06,09,06
345.0,348.0,Trochalopteron variegatum,Variegated Laughingthrush,0.7859,psm9,2024,06,09,06
351.0,354.0,Trochalopteron variegatum,Variegated Laughingthrush,0.9439,psm9,2024,06,09,06
357.0,360.0,Trochalopteron variegatum,Variegated Laughingthrush,0.8356,psm9,2024,06,09,06
363.0,366.0,Trochalopteron variegatum,Variegated Laughingthrush,0.9288,psm9,2024,06,09,06
372.0,375.0,Trochalopteron variegatum,Variegated Laughingthrush,0.9735,psm9,2024,06,09,06
375.0,378.0,Phylloscopus occipitalis,Western Crowned Warbler,0.6476,psm9,2024,06,09,06
381.0,384.0,Trochalopteron variegatum,Variegated Laughingthrush,0.8996,psm9,2024,06,09,06
390.0,393.0,Phylloscopus occipitalis,Western Crowned Warbler,0.5613,psm9,2024,06,09,06
393.0,396.0,Phylloscopus trochiloides,Greenish Warbler,0.6422,psm9,2024,06,09,06
396.0,399.0,Phylloscopus affinis,Tickell's Leaf Warbler,0.7259,psm9,2024,06,09,06
423.0,426.0,Phylloscopus occipitalis,Western Crowned Warbler,0.9244,psm9,2024,06,09,06
435.0,438.0,Phylloscopus occipitalis,Western Crowned Warbler,0.7264,psm9,2024,06,09,06
444.0,447.0,Phylloscopus occipitalis,Western Crowned Warbler,0.6721,psm9,2024,06,09,06
447.0,450.0,Phylloscopus affinis,Tickell's Leaf Warbler,0.811,psm9,2024,06,09,06
468.0,471.0,Protonotaria citrea,Prothonotary Warbler,0.7214,psm9,2024,06,09,06
510.0,513.0,Phylloscopus occipitalis,Western Crowned Warbler,0.7674,psm9,2024,06,09,06
576.0,579.0,Phylloscopus occipitalis,Western Crowned Warbler,0.6626,psm9,2024,06,09,06
579.0,582.0,Phylloscopus occipitalis,Western Crowned Warbler,0.5259,psm9,2024,06,09,06
720.0,723.0,Phylloscopus occipitalis,Western Crowned Warbler,0.6428,psm9,2024,06,09,06
726.0,729.0,Phylloscopus trochiloides,Greenish Warbler,0.6113,psm9,2024,06,09,06
744.0,747.0,Phylloscopus affinis,Tickell's Leaf Warbler,0.6094,psm9,2024,06,09,06
750.0,753.0,Phylloscopus humei,Hume's Warbler,0.8359,psm9,2024,06,09,06
768.0,771.0,Phylloscopus affinis,Tickell's Leaf Warbler,0.6946,psm9,2024,06,09,06
801.0,804.0,Phylloscopus affinis,Tickell's Leaf Warbler,0.6859,psm9,2024,06,09,06
804.0,807.0,Culicicapa ceylonensis,Gray-headed Canary-Flycatcher,0.9517,psm9,2024,06,09,06
885.0,888.0,Periparus ater,Coal Tit,0.5874,psm9,2024,06,09,06
888.0,891.0,Periparus ater,Coal Tit,0.5423,psm9,2024,06,09,06
894.0,897.0,Periparus ater,Coal Tit,0.8242,psm9,2024,06,09,06
6.0,9.0,Phylloscopus humei,Hume's Warbler,0.6883,psm9,2024,06,09,07
24.0,27.0,Phylloscopus humei,Hume's Warbler,0.7586,psm9,2024,06,09,07
144.0,147.0,Protonotaria citrea,Prothonotary Warbler,0.6625,psm9,2024,06,09,07
183.0,186.0,Protonotaria citrea,Prothonotary Warbler,0.5045,psm9,2024,06,09,07
204.0,207.0,Larvivora brunnea,Indian Blue Robin,0.5092,psm9,2024,06,09,07
228.0,231.0,Phylloscopus occipitalis,Western Crowned Warbler,0.6105,psm9,2024,06,09,07
237.0,240.0,Phylloscopus occipitalis,Western Crowned Warbler,0.5623,psm9,2024,06,09,07
249.0,252.0,Larvivora brunnea,Indian Blue Robin,0.6195,psm9,2024,06,09,07
318.0,321.0,Phylloscopus humei,Hume's Warbler,0.7628,psm9,2024,06,09,07
324.0,327.0,Phylloscopus occipitalis,Western Crowned Warbler,0.6014,psm9,2024,06,09,07
447.0,450.0,Tarsiger rufilatus,Himalayan Bluetail,0.9604,psm9,2024,06,09,07
456.0,459.0,Phylloscopus tytleri,Tytler's Leaf Warbler,0.5621,psm9,2024,06,09,07
465.0,468.0,Phylloscopus trochiloides,Greenish Warbler,0.5986,psm9,2024,06,09,07
468.0,471.0,Phylloscopus trochiloides,Greenish Warbler,0.5048,psm9,2024,06,09,07
483.0,486.0,Phylloscopus occipitalis,Western Crowned Warbler,0.7206,psm9,2024,06,09,07
492.0,495.0,Phylloscopus trochiloides,Greenish Warbler,0.9012,psm9,2024,06,09,07
498.0,501.0,Phylloscopus trochiloides,Greenish Warbler,0.6571,psm9,2024,06,09,07
507.0,510.0,Phylloscopus occipitalis,Western Crowned Warbler,0.8413,psm9,2024,06,09,07
516.0,519.0,Phylloscopus occipitalis,Western Crowned Warbler,0.9394,psm9,2024,06,09,07
519.0,522.0,Tarsiger rufilatus,Himalayan Bluetail,0.7043,psm9,2024,06,09,07
522.0,525.0,Phylloscopus trochiloides,Greenish Warbler,0.7674,psm9,2024,06,09,07
525.0,528.0,Phylloscopus occipitalis,Western Crowned Warbler,0.8318,psm9,2024,06,09,07
549.0,552.0,Phylloscopus occipitalis,Western Crowned Warbler,0.943,psm9,2024,06,09,07
552.0,555.0,Phylloscopus trochiloides,Greenish Warbler,0.5181,psm9,2024,06,09,07
558.0,561.0,Phylloscopus occipitalis,Western Crowned Warbler,0.9488,psm9,2024,06,09,07
561.0,564.0,Phylloscopus occipitalis,Western Crowned Warbler,0.6476,psm9,2024,06,09,07
573.0,576.0,Phylloscopus reguloides,Blyth's Leaf Warbler,0.6443,psm9,2024,06,09,07
576.0,579.0,Phylloscopus nitidus,Green Warbler,0.5774,psm9,2024,06,09,07
603.0,606.0,Phylloscopus occipitalis,Western Crowned Warbler,0.5342,psm9,2024,06,09,07
684.0,687.0,Calidris alpina,Dunlin,0.5707,psm9,2024,06,09,07
741.0,744.0,Phylloscopus affinis,Tickell's Leaf Warbler,0.6186,psm9,2024,06,09,07
12.0,15.0,Phylloscopus humei,Hume's Warbler,0.678,psm9,2024,06,10,05
12.0,15.0,Tarsiger rufilatus,Himalayan Bluetail,0.5128,psm9,2024,06,10,05
60.0,63.0,Tarsiger rufilatus,Himalayan Bluetail,0.9093,psm9,2024,06,10,05
66.0,69.0,Troglodytes pacificus,Pacific Wren,0.5525,psm9,2024,06,10,05
120.0,123.0,Phylloscopus nitidus,Green Warbler,0.7226,psm9,2024,06,10,05
126.0,129.0,Phylloscopus humei,Hume's Warbler,0.86,psm9,2024,06,10,05
264.0,267.0,Phylloscopus humei,Hume's Warbler,0.6747,psm9,2024,06,10,05
303.0,306.0,Phylloscopus humei,Hume's Warbler,0.6962,psm9,2024,06,10,05
336.0,339.0,Phylloscopus humei,Hume's Warbler,0.5011,psm9,2024,06,10,05
372.0,375.0,Zosterops simplex,Swinhoe's White-eye,0.686,psm9,2024,06,10,05
375.0,378.0,Phylloscopus humei,Hume's Warbler,0.9511,psm9,2024,06,10,05
420.0,423.0,Zosterops simplex,Swinhoe's White-eye,0.5493,psm9,2024,06,10,05
429.0,432.0,Zosterops simplex,Swinhoe's White-eye,0.5131,psm9,2024,06,10,05
471.0,474.0,Phylloscopus humei,Hume's Warbler,0.6489,psm9,2024,06,10,05
507.0,510.0,Zosterops simplex,Swinhoe's White-eye,0.8164,psm9,2024,06,10,05
510.0,513.0,Phylloscopus humei,Hume's Warbler,0.8186,psm9,2024,06,10,05
558.0,561.0,Phylloscopus reguloides,Blyth's Leaf Warbler,0.5278,psm9,2024,06,10,05
573.0,576.0,Phylloscopus reguloides,Blyth's Leaf Warbler,0.6467,psm9,2024,06,10,05
576.0,579.0,Phylloscopus humei,Hume's Warbler,0.705,psm9,2024,06,10,05
582.0,585.0,Phylloscopus trochiloides,Greenish Warbler,0.5473,psm9,2024,06,10,05
615.0,618.0,Phylloscopus humei,Hume's Warbler,0.5411,psm9,2024,06,10,05
618.0,621.0,Phylloscopus humei,Hume's Warbler,0.9535,psm9,2024,06,10,05
618.0,621.0,Zosterops simplex,Swinhoe's White-eye,0.519,psm9,2024,06,10,05
642.0,645.0,Phylloscopus humei,Hume's Warbler,0.8354,psm9,2024,06,10,05
654.0,657.0,Phylloscopus affinis,Tickell's Leaf Warbler,0.5124,psm9,2024,06,10,05
657.0,660.0,Phylloscopus humei,Hume's Warbler,0.7565,psm9,2024,06,10,05
669.0,672.0,Phylloscopus affinis,Tickell's Leaf Warbler,0.6626,psm9,2024,06,10,05
675.0,678.0,Phylloscopus affinis,Tickell's Leaf Warbler,0.9084,psm9,2024,06,10,05
678.0,681.0,Phylloscopus nitidus,Green Warbler,0.5302,psm9,2024,06,10,05
687.0,690.0,Prunella strophiata,Rufous-breasted Accentor,0.6534,psm9,2024,06,10,05
714.0,717.0,Phylloscopus affinis,Tickell's Leaf Warbler,0.5719,psm9,2024,06,10,05
735.0,738.0,Prinia hodgsonii,Gray-breasted Prinia,0.53,psm9,2024,06,10,05
753.0,756.0,Phylloscopus affinis,Tickell's Leaf Warbler,0.9787,psm9,2024,06,10,05
771.0,774.0,Phylloscopus reguloides,Blyth's Leaf Warbler,0.7085,psm9,2024,06,10,05
774.0,777.0,Phylloscopus affinis,Tickell's Leaf Warbler,0.9634,psm9,2024,06,10,05
780.0,783.0,Phylloscopus affinis,Tickell's Leaf Warbler,0.9653,psm9,2024,06,10,05
783.0,786.0,Phylloscopus nitidus,Green Warbler,0.7327,psm9,2024,06,10,05
786.0,789.0,Phylloscopus trochiloides,Greenish Warbler,0.6832,psm9,2024,06,10,05
795.0,798.0,Phylloscopus affinis,Tickell's Leaf Warbler,0.9926,psm9,2024,06,10,05
801.0,804.0,Phylloscopus reguloides,Blyth's Leaf Warbler,0.6365,psm9,2024,06,10,05
804.0,807.0,Phylloscopus affinis,Tickell's Leaf Warbler,0.9341,psm9,2024,06,10,05
813.0,816.0,Culicicapa ceylonensis,Gray-headed Canary-Flycatcher,0.837,psm9,2024,06,10,05
819.0,822.0,Phylloscopus affinis,Tickell's Leaf Warbler,0.7346,psm9,2024,06,10,05
825.0,828.0,Phylloscopus affinis,Tickell's Leaf Warbler,0.8032,psm9,2024,06,10,05
828.0,831.0,Phylloscopus nitidus,Green Warbler,0.6412,psm9,2024,06,10,05
828.0,831.0,Phylloscopus trochiloides,Greenish Warbler,0.6313,psm9,2024,06,10,05
834.0,837.0,Phylloscopus affinis,Tickell's Leaf Warbler,0.9282,psm9,2024,06,10,05
840.0,843.0,Phylloscopus affinis,Tickell's Leaf Warbler,0.9371,psm9,2024,06,10,05
846.0,849.0,Phylloscopus nitidus,Green Warbler,0.8894,psm9,2024,06,10,05
849.0,852.0,Phylloscopus nitidus,Green Warbler,0.8231,psm9,2024,06,10,05
852.0,855.0,Phylloscopus affinis,Tickell's Leaf Warbler,0.9616,psm9,2024,06,10,05
864.0,867.0,Phylloscopus affinis,Tickell's Leaf Warbler,0.6022,psm9,2024,06,10,05
0.0,3.0,Phylloscopus humei,Hume's Warbler,0.6351,psm9,2024,06,10,06
33.0,36.0,Zosterops simplex,Swinhoe's White-eye,0.7001,psm9,2024,06,10,06
36.0,39.0,Phylloscopus humei,Hume's Warbler,0.5104,psm9,2024,06,10,06
51.0,54.0,Zosterops simplex,Swinhoe's White-eye,0.5226,psm9,2024,06,10,06
60.0,63.0,Phylloscopus trochiloides,Greenish Warbler,0.6292,psm9,2024,06,10,06
147.0,150.0,Phylloscopus humei,Hume's Warbler,0.5308,psm9,2024,06,10,06
216.0,219.0,Phylloscopus humei,Hume's Warbler,0.5303,psm9,2024,06,10,06
258.0,261.0,Phylloscopus humei,Hume's Warbler,0.636,psm9,2024,06,10,06
261.0,264.0,Phylloscopus humei,Hume's Warbler,0.5877,psm9,2024,06,10,06
273.0,276.0,Phylloscopus nitidus,Green Warbler,0.9395,psm9,2024,06,10,06
294.0,297.0,Phylloscopus humei,Hume's Warbler,0.5085,psm9,2024,06,10,06
360.0,363.0,Phylloscopus trochiloides,Greenish Warbler,0.5286,psm9,2024,06,10,06
375.0,378.0,Phylloscopus trochiloides,Greenish Warbler,0.7407,psm9,2024,06,10,06
498.0,501.0,Brachyramphus marmoratus,Marbled Murrelet,0.5941,psm9,2024,06,10,06
507.0,510.0,Phylloscopus occipitalis,Western Crowned Warbler,0.7858,psm9,2024,06,10,06
513.0,516.0,Phylloscopus occipitalis,Western Crowned Warbler,0.5369,psm9,2024,06,10,06
516.0,519.0,Phylloscopus occipitalis,Western Crowned Warbler,0.769,psm9,2024,06,10,06
600.0,603.0,Phylloscopus occipitalis,Western Crowned Warbler,0.7256,psm9,2024,06,10,06
609.0,612.0,Phylloscopus occipitalis,Western Crowned Warbler,0.861,psm9,2024,06,10,06
612.0,615.0,Phylloscopus occipitalis,Western Crowned Warbler,0.7301,psm9,2024,06,10,06
615.0,618.0,Brachyramphus marmoratus,Marbled Murrelet,0.565,psm9,2024,06,10,06
618.0,621.0,Phylloscopus occipitalis,Western Crowned Warbler,0.7985,psm9,2024,06,10,06
618.0,621.0,Protonotaria citrea,Prothonotary Warbler,0.5131,psm9,2024,06,10,06
642.0,645.0,Phylloscopus occipitalis,Western Crowned Warbler,0.794,psm9,2024,06,10,06
663.0,666.0,Phylloscopus occipitalis,Western Crowned Warbler,0.6108,psm9,2024,06,10,06
672.0,675.0,Phylloscopus occipitalis,Western Crowned Warbler,0.5576,psm9,2024,06,10,06
678.0,681.0,Protonotaria citrea,Prothonotary Warbler,0.6255,psm9,2024,06,10,06
678.0,681.0,Phylloscopus occipitalis,Western Crowned Warbler,0.5884,psm9,2024,06,10,06
684.0,687.0,Phylloscopus occipitalis,Western Crowned Warbler,0.5138,psm9,2024,06,10,06
699.0,702.0,Phylloscopus affinis,Tickell's Leaf Warbler,0.9576,psm9,2024,06,10,06
702.0,705.0,Phylloscopus affinis,Tickell's Leaf Warbler,0.8784,psm9,2024,06,10,06
717.0,720.0,Phylloscopus affinis,Tickell's Leaf Warbler,0.7593,psm9,2024,06,10,06
723.0,726.0,Protonotaria citrea,Prothonotary Warbler,0.5831,psm9,2024,06,10,06
729.0,732.0,Zosterops simplex,Swinhoe's White-eye,0.5162,psm9,2024,06,10,06
738.0,741.0,Phylloscopus occipitalis,Western Crowned Warbler,0.8785,psm9,2024,06,10,06
744.0,747.0,Phylloscopus occipitalis,Western Crowned Warbler,0.5092,psm9,2024,06,10,06
792.0,795.0,Phylloscopus occipitalis,Western Crowned Warbler,0.8114,psm9,2024,06,10,06
792.0,795.0,Protonotaria citrea,Prothonotary Warbler,0.7716,psm9,2024,06,10,06
798.0,801.0,Phylloscopus occipitalis,Western Crowned Warbler,0.9023,psm9,2024,06,10,06
801.0,804.0,Protonotaria citrea,Prothonotary Warbler,0.645,psm9,2024,06,10,06
807.0,810.0,Phylloscopus occipitalis,Western Crowned Warbler,0.606,psm9,2024,06,10,06
858.0,861.0,Atlapetes fuscoolivaceus,Dusky-headed Brushfinch,0.7144,psm9,2024,06,10,06
858.0,861.0,Protonotaria citrea,Prothonotary Warbler,0.5417,psm9,2024,06,10,06
27.0,30.0,Larvivora brunnea,Indian Blue Robin,0.6738,psm9,2024,06,10,07
96.0,99.0,Phylloscopus trochiloides,Greenish Warbler,0.6925,psm9,2024,06,10,07
156.0,159.0,Trochalopteron variegatum,Variegated Laughingthrush,0.669,psm9,2024,06,10,07
315.0,318.0,Phylloscopus trochiloides,Greenish Warbler,0.7045,psm9,2024,06,10,07
384.0,387.0,Phylloscopus trochiloides,Greenish Warbler,0.7949,psm9,2024,06,10,07
408.0,411.0,Phylloscopus trochiloides,Greenish Warbler,0.5879,psm9,2024,06,10,07
438.0,441.0,Phylloscopus trochiloides,Greenish Warbler,0.6172,psm9,2024,06,10,07
453.0,456.0,Phylloscopus trochiloides,Greenish Warbler,0.6769,psm9,2024,06,10,07
801.0,804.0,Phylloscopus trochiloides,Greenish Warbler,0.5692,psm9,2024,06,10,07
822.0,825.0,Zosterops simplex,Swinhoe's White-eye,0.6789,psm9,2024,06,10,07
837.0,840.0,Zosterops simplex,Swinhoe's White-eye,0.6576,psm9,2024,06,10,07
519.0,522.0,Luscinia phaenicuroides,White-bellied Redstart,0.9685,psm9,2024,06,11,04
18.0,21.0,Phylloscopus humei,Hume's Warbler,0.5986,psm9,2024,06,11,05
63.0,66.0,Zosterops simplex,Swinhoe's White-eye,0.9641,psm9,2024,06,11,05
90.0,93.0,Zosterops simplex,Swinhoe's White-eye,0.7182,psm9,2024,06,11,05
108.0,111.0,Zosterops simplex,Swinhoe's White-eye,0.567,psm9,2024,06,11,05
177.0,180.0,Phylloscopus humei,Hume's Warbler,0.8773,psm9,2024,06,11,05
192.0,195.0,Tarsiger rufilatus,Himalayan Bluetail,0.6363,psm9,2024,06,11,05
204.0,207.0,Tarsiger rufilatus,Himalayan Bluetail,0.5425,psm9,2024,06,11,05
210.0,213.0,Tarsiger rufilatus,Himalayan Bluetail,0.5706,psm9,2024,06,11,05
261.0,264.0,Zosterops simplex,Swinhoe's White-eye,0.5085,psm9,2024,06,11,05
402.0,405.0,Phylloscopus nitidus,Green Warbler,0.5005,psm9,2024,06,11,05
408.0,411.0,Phylloscopus nitidus,Green Warbler,0.7176,psm9,2024,06,11,05
471.0,474.0,Phylloscopus humei,Hume's Warbler,0.5086,psm9,2024,06,11,05
525.0,528.0,Phylloscopus humei,Hume's Warbler,0.7645,psm9,2024,06,11,05
657.0,660.0,Phylloscopus affinis,Tickell's Leaf Warbler,0.7292,psm9,2024,06,11,05
663.0,666.0,Phylloscopus affinis,Tickell's Leaf Warbler,0.7093,psm9,2024,06,11,05
669.0,672.0,Phylloscopus affinis,Tickell's Leaf Warbler,0.9114,psm9,2024,06,11,05
786.0,789.0,Phylloscopus humei,Hume's Warbler,0.6167,psm9,2024,06,11,05
819.0,822.0,Carpodacus erythrinus,Common Rosefinch,0.6149,psm9,2024,06,11,05
24.0,27.0,Phylloscopus occipitalis,Western Crowned Warbler,0.6462,psm9,2024,06,11,06
75.0,78.0,Phylloscopus humei,Hume's Warbler,0.5914,psm9,2024,06,11,06
249.0,252.0,Phylloscopus humei,Hume's Warbler,0.9819,psm9,2024,06,11,06
252.0,255.0,Phylloscopus humei,Hume's Warbler,0.9523,psm9,2024,06,11,06
276.0,279.0,Phylloscopus nitidus,Green Warbler,0.9617,psm9,2024,06,11,06
318.0,321.0,Phylloscopus reguloides,Blyth's Leaf Warbler,0.5559,psm9,2024,06,11,06
351.0,354.0,Phylloscopus trochiloides,Greenish Warbler,0.5183,psm9,2024,06,11,06
450.0,453.0,Phylloscopus occipitalis,Western Crowned Warbler,0.9773,psm9,2024,06,11,06
480.0,483.0,Phylloscopus occipitalis,Western Crowned Warbler,0.8764,psm9,2024,06,11,06
531.0,534.0,Cossypha caffra,Cape Robin-Chat,0.5041,psm9,2024,06,11,06
534.0,537.0,Turdus viscivorus,Mistle Thrush,0.8242,psm9,2024,06,11,06
552.0,555.0,Grallaria hypoleuca,White-bellied Antpitta,0.5543,psm9,2024,06,11,06
573.0,576.0,Turdus viscivorus,Mistle Thrush,0.8053,psm9,2024,06,11,06
576.0,579.0,Turdus viscivorus,Mistle Thrush,0.5117,psm9,2024,06,11,06
621.0,624.0,Phylloscopus humei,Hume's Warbler,0.8171,psm9,2024,06,11,06
624.0,627.0,Phylloscopus humei,Hume's Warbler,0.6129,psm9,2024,06,11,06
630.0,633.0,Phylloscopus humei,Hume's Warbler,0.9388,psm9,2024,06,11,06
639.0,642.0,Phylloscopus humei,Hume's Warbler,0.713,psm9,2024,06,11,06
642.0,645.0,Turdus simillimus,Indian Blackbird,0.5373,psm9,2024,06,11,06
651.0,654.0,Turdus viscivorus,Mistle Thrush,0.5829,psm9,2024,06,11,06
657.0,660.0,Phylloscopus humei,Hume's Warbler,0.9295,psm9,2024,06,11,06
672.0,675.0,Turdus viscivorus,Mistle Thrush,0.7764,psm9,2024,06,11,06
819.0,822.0,Turdus viscivorus,Mistle Thrush,0.5381,psm9,2024,06,11,06
834.0,837.0,Turdus viscivorus,Mistle Thrush,0.8372,psm9,2024,06,11,06
885.0,888.0,Phylloscopus humei,Hume's Warbler,0.9183,psm9,2024,06,11,06
891.0,894.0,Turdus viscivorus,Mistle Thrush,0.5978,psm9,2024,06,11,06
0.0,3.0,Tarsiger rufilatus,Himalayan Bluetail,0.7138,psm9,2024,06,11,07
12.0,15.0,Tarsiger rufilatus,Himalayan Bluetail,0.6854,psm9,2024,06,11,07
27.0,30.0,Saxicola ferreus,Gray Bushchat,0.6517,psm9,2024,06,11,07
33.0,36.0,Saxicola ferreus,Gray Bushchat,0.6001,psm9,2024,06,11,07
114.0,117.0,Larvivora brunnea,Indian Blue Robin,0.5561,psm9,2024,06,11,07
135.0,138.0,Larvivora brunnea,Indian Blue Robin,0.5172,psm9,2024,06,11,07
387.0,390.0,Larvivora brunnea,Indian Blue Robin,0.5003,psm9,2024,06,11,07
393.0,396.0,Phylloscopus humei,Hume's Warbler,0.7654,psm9,2024,06,11,07
0.0,3.0,Prunella strophiata,Rufous-breasted Accentor,0.8018,psm9,2024,06,12,05
9.0,12.0,Prunella strophiata,Rufous-breasted Accentor,0.9824,psm9,2024,06,12,05
15.0,18.0,Prunella strophiata,Rufous-breasted Accentor,0.6316,psm9,2024,06,12,05
18.0,21.0,Prunella strophiata,Rufous-breasted Accentor,0.9,psm9,2024,06,12,05
24.0,27.0,Prunella strophiata,Rufous-breasted Accentor,0.9678,psm9,2024,06,12,05
27.0,30.0,Prunella strophiata,Rufous-breasted Accentor,0.9083,psm9,2024,06,12,05
30.0,33.0,Prunella strophiata,Rufous-breasted Accentor,0.9605,psm9,2024,06,12,05
57.0,60.0,Phylloscopus humei,Hume's Warbler,0.5731,psm9,2024,06,12,05
69.0,72.0,Zosterops simplex,Swinhoe's White-eye,0.6757,psm9,2024,06,12,05
87.0,90.0,Zosterops simplex,Swinhoe's White-eye,0.5065,psm9,2024,06,12,05
108.0,111.0,Tarsiger rufilatus,Himalayan Bluetail,0.8934,psm9,2024,06,12,05
186.0,189.0,Phylloscopus humei,Hume's Warbler,0.6501,psm9,2024,06,12,05
195.0,198.0,Phylloscopus humei,Hume's Warbler,0.507,psm9,2024,06,12,05
408.0,411.0,Phylloscopus affinis,Tickell's Leaf Warbler,0.8615,psm9,2024,06,12,05
426.0,429.0,Larvivora brunnea,Indian Blue Robin,0.5116,psm9,2024,06,12,05
477.0,480.0,Prunella strophiata,Rufous-breasted Accentor,0.9488,psm9,2024,06,12,05
492.0,495.0,Phylloscopus nitidus,Green Warbler,0.6027,psm9,2024,06,12,05
522.0,525.0,Zosterops simplex,Swinhoe's White-eye,0.5465,psm9,2024,06,12,05
534.0,537.0,Zosterops simplex,Swinhoe's White-eye,0.6311,psm9,2024,06,12,05
618.0,621.0,Phylloscopus affinis,Tickell's Leaf Warbler,0.6347,psm9,2024,06,12,05
636.0,639.0,Phylloscopus affinis,Tickell's Leaf Warbler,0.9201,psm9,2024,06,12,05
639.0,642.0,Phylloscopus affinis,Tickell's Leaf Warbler,0.5216,psm9,2024,06,12,05
660.0,663.0,Phylloscopus affinis,Tickell's Leaf Warbler,0.843,psm9,2024,06,12,05
666.0,669.0,Phylloscopus affinis,Tickell's Leaf Warbler,0.8943,psm9,2024,06,12,05
702.0,705.0,Ficedula tricolor,Slaty-blue Flycatcher,0.6682,psm9,2024,06,12,05
738.0,741.0,Phylloscopus affinis,Tickell's Leaf Warbler,0.7563,psm9,2024,06,12,05
771.0,774.0,Phylloscopus affinis,Tickell's Leaf Warbler,0.6581,psm9,2024,06,12,05
30.0,33.0,Periparus ater,Coal Tit,0.5879,psm9,2024,06,12,06
111.0,114.0,Poecile palustris,Marsh Tit,0.5774,psm9,2024,06,12,06
162.0,165.0,Larvivora brunnea,Indian Blue Robin,0.6692,psm9,2024,06,12,06
168.0,171.0,Larvivora brunnea,Indian Blue Robin,0.6801,psm9,2024,06,12,06
180.0,183.0,Larvivora brunnea,Indian Blue Robin,0.5234,psm9,2024,06,12,06
189.0,192.0,Phylloscopus trochiloides,Greenish Warbler,0.751,psm9,2024,06,12,06
192.0,195.0,Phylloscopus humei,Hume's Warbler,0.5691,psm9,2024,06,12,06
201.0,204.0,Phylloscopus humei,Hume's Warbler,0.5952,psm9,2024,06,12,06
246.0,249.0,Phylloscopus humei,Hume's Warbler,0.905,psm9,2024,06,12,06
249.0,252.0,Phylloscopus humei,Hume's Warbler,0.7413,psm9,2024,06,12,06
453.0,456.0,Luscinia phaenicuroides,White-bellied Redstart,0.506,psm9,2024,06,12,06
528.0,531.0,Phylloscopus occipitalis,Western Crowned Warbler,0.7449,psm9,2024,06,12,06
546.0,549.0,Larvivora brunnea,Indian Blue Robin,0.5217,psm9,2024,06,12,06
594.0,597.0,Zosterops simplex,Swinhoe's White-eye,0.5046,psm9,2024,06,12,06
627.0,630.0,Phylloscopus occipitalis,Western Crowned Warbler,0.8616,psm9,2024,06,12,06
633.0,636.0,Phylloscopus humei,Hume's Warbler,0.5124,psm9,2024,06,12,06
648.0,651.0,Phylloscopus humei,Hume's Warbler,0.8304,psm9,2024,06,12,06
729.0,732.0,Phylloscopus affinis,Tickell's Leaf Warbler,0.8259,psm9,2024,06,12,06
801.0,804.0,Phylloscopus nitidus,Green Warbler,0.6322,psm9,2024,06,12,06
813.0,816.0,Phylloscopus trochiloides,Greenish Warbler,0.5613,psm9,2024,06,12,06
834.0,837.0,Luscinia phaenicuroides,White-bellied Redstart,0.8541,psm9,2024,06,12,06
870.0,873.0,Luscinia phaenicuroides,White-bellied Redstart,0.7842,psm9,2024,06,12,06
879.0,882.0,Phylloscopus magnirostris,Large-billed Leaf Warbler,0.5872,psm9,2024,06,12,06
24.0,27.0,Larvivora brunnea,Indian Blue Robin,0.5171,psm9,2024,06,12,07
33.0,36.0,Phylloscopus occipitalis,Western Crowned Warbler,0.8496,psm9,2024,06,12,07
36.0,39.0,Phylloscopus occipitalis,Western Crowned Warbler,0.5388,psm9,2024,06,12,07
57.0,60.0,Phylloscopus trochiloides,Greenish Warbler,0.639,psm9,2024,06,12,07
78.0,81.0,Phylloscopus occipitalis,Western Crowned Warbler,0.7752,psm9,2024,06,12,07
141.0,144.0,Phylloscopus magnirostris,Large-billed Leaf Warbler,0.5029,psm9,2024,06,12,07
210.0,213.0,Trochalopteron variegatum,Variegated Laughingthrush,0.7559,psm9,2024,06,12,07
312.0,315.0,Larvivora brunnea,Indian Blue Robin,0.5686,psm9,2024,06,12,07
327.0,330.0,Phylloscopus trochiloides,Greenish Warbler,0.5163,psm9,2024,06,12,07
366.0,369.0,Larvivora brunnea,Indian Blue Robin,0.5291,psm9,2024,06,12,07
417.0,420.0,Phylloscopus magnirostris,Large-billed Leaf Warbler,0.647,psm9,2024,06,12,07
429.0,432.0,Phylloscopus magnirostris,Large-billed Leaf Warbler,0.665,psm9,2024,06,12,07
453.0,456.0,Larvivora brunnea,Indian Blue Robin,0.7423,psm9,2024,06,12,07
456.0,459.0,Phylloscopus magnirostris,Large-billed Leaf Warbler,0.5188,psm9,2024,06,12,07
468.0,471.0,Phylloscopus magnirostris,Large-billed Leaf Warbler,0.6937,psm9,2024,06,12,07
477.0,480.0,Larvivora brunnea,Indian Blue Robin,0.811,psm9,2024,06,12,07
489.0,492.0,Larvivora brunnea,Indian Blue Robin,0.7829,psm9,2024,06,12,07
498.0,501.0,Larvivora brunnea,Indian Blue Robin,0.6009,psm9,2024,06,12,07
519.0,522.0,Larvivora brunnea,Indian Blue Robin,0.6587,psm9,2024,06,12,07
540.0,543.0,Phylloscopus magnirostris,Large-billed Leaf Warbler,0.6716,psm9,2024,06,12,07
552.0,555.0,Phylloscopus magnirostris,Large-billed Leaf Warbler,0.5937,psm9,2024,06,12,07
561.0,564.0,Larvivora brunnea,Indian Blue Robin,0.64,psm9,2024,06,12,07
570.0,573.0,Larvivora brunnea,Indian Blue Robin,0.5005,psm9,2024,06,12,07
579.0,582.0,Elachura formosa,Spotted Elachura,0.5655,psm9,2024,06,12,07
597.0,600.0,Larvivora brunnea,Indian Blue Robin,0.6764,psm9,2024,06,12,07
624.0,627.0,Phylloscopus magnirostris,Large-billed Leaf Warbler,0.9097,psm9,2024,06,12,07
627.0,630.0,Phylloscopus magnirostris,Large-billed Leaf Warbler,0.5574,psm9,2024,06,12,07
636.0,639.0,Larvivora brunnea,Indian Blue Robin,0.652,psm9,2024,06,12,07
657.0,660.0,Phylloscopus affinis,Tickell's Leaf Warbler,0.7183,psm9,2024,06,12,07
660.0,663.0,Phylloscopus magnirostris,Large-billed Leaf Warbler,0.7353,psm9,2024,06,12,07
663.0,666.0,Phylloscopus affinis,Tickell's Leaf Warbler,0.6065,psm9,2024,06,12,07
675.0,678.0,Phylloscopus affinis,Tickell's Leaf Warbler,0.6801,psm9,2024,06,12,07
690.0,693.0,Culicicapa ceylonensis,Gray-headed Canary-Flycatcher,0.9306,psm9,2024,06,12,07
711.0,714.0,Phylloscopus affinis,Tickell's Leaf Warbler,0.7052,psm9,2024,06,12,07
717.0,720.0,Basileuterus rufifrons,Rufous-capped Warbler,0.676,psm9,2024,06,12,07
720.0,723.0,Larvivora brunnea,Indian Blue Robin,0.5508,psm9,2024,06,12,07
762.0,765.0,Phylloscopus trochiloides,Greenish Warbler,0.5005,psm9,2024,06,12,07
768.0,771.0,Phylloscopus trochiloides,Greenish Warbler,0.575,psm9,2024,06,12,07
774.0,777.0,Phylloscopus affinis,Tickell's Leaf Warbler,0.5477,psm9,2024,06,12,07
780.0,783.0,Phylloscopus magnirostris,Large-billed Leaf Warbler,0.5457,psm9,2024,06,12,07
837.0,840.0,Phylloscopus magnirostris,Large-billed Leaf Warbler,0.5435,psm9,2024,06,12,07
861.0,864.0,Phylloscopus magnirostris,Large-billed Leaf Warbler,0.5047,psm9,2024,06,12,07
3.0,6.0,Troglodytes pacificus,Pacific Wren,0.5935,psm9,2024,06,13,05
39.0,42.0,Phylloscopus nitidus,Green Warbler,0.5752,psm9,2024,06,13,05
69.0,72.0,Phylloscopus reguloides,Blyth's Leaf Warbler,0.8419,psm9,2024,06,13,05
78.0,81.0,Phylloscopus reguloides,Blyth's Leaf Warbler,0.6464,psm9,2024,06,13,05
105.0,108.0,Phylloscopus nitidus,Green Warbler,0.6703,psm9,2024,06,13,05
105.0,108.0,Phylloscopus trochiloides,Greenish Warbler,0.5794,psm9,2024,06,13,05
129.0,132.0,Phylloscopus nitidus,Green Warbler,0.7537,psm9,2024,06,13,05
138.0,141.0,Phylloscopus reguloides,Blyth's Leaf Warbler,0.7265,psm9,2024,06,13,05
156.0,159.0,Zosterops simplex,Swinhoe's White-eye,0.873,psm9,2024,06,13,05
219.0,222.0,Tarsiger rufilatus,Himalayan Bluetail,0.5717,psm9,2024,06,13,05
252.0,255.0,Phylloscopus reguloides,Blyth's Leaf Warbler,0.5696,psm9,2024,06,13,05
264.0,267.0,Phylloscopus reguloides,Blyth's Leaf Warbler,0.5232,psm9,2024,06,13,05
273.0,276.0,Phylloscopus reguloides,Blyth's Leaf Warbler,0.7907,psm9,2024,06,13,05
279.0,282.0,Phylloscopus trochiloides,Greenish Warbler,0.5886,psm9,2024,06,13,05
294.0,297.0,Phylloscopus reguloides,Blyth's Leaf Warbler,0.5708,psm9,2024,06,13,05
306.0,309.0,Phylloscopus nitidus,Green Warbler,0.7706,psm9,2024,06,13,05
327.0,330.0,Phylloscopus trochiloides,Greenish Warbler,0.5027,psm9,2024,06,13,05
330.0,333.0,Phylloscopus nitidus,Green Warbler,0.8687,psm9,2024,06,13,05
468.0,471.0,Phylloscopus tytleri,Tytler's Leaf Warbler,0.5601,psm9,2024,06,13,05
501.0,504.0,Troglodytes pacificus,Pacific Wren,0.6972,psm9,2024,06,13,05
504.0,507.0,Troglodytes troglodytes,Eurasian Wren,0.673,psm9,2024,06,13,05
513.0,516.0,Phylloscopus nitidus,Green Warbler,0.8134,psm9,2024,06,13,05
522.0,525.0,Troglodytes troglodytes,Eurasian Wren,0.6203,psm9,2024,06,13,05
525.0,528.0,Troglodytes pacificus,Pacific Wren,0.6915,psm9,2024,06,13,05
540.0,543.0,Troglodytes pacificus,Pacific Wren,0.8056,psm9,2024,06,13,05
549.0,552.0,Troglodytes pacificus,Pacific Wren,0.937,psm9,2024,06,13,05
567.0,570.0,Phylloscopus tytleri,Tytler's Leaf Warbler,0.8203,psm9,2024,06,13,05
582.0,585.0,Phylloscopus nitidus,Green Warbler,0.639,psm9,2024,06,13,05
594.0,597.0,Phylloscopus reguloides,Blyth's Leaf Warbler,0.5365,psm9,2024,06,13,05
603.0,606.0,Phylloscopus tytleri,Tytler's Leaf Warbler,0.5801,psm9,2024,06,13,05
609.0,612.0,Phylloscopus nitidus,Green Warbler,0.8662,psm9,2024,06,13,05
624.0,627.0,Phylloscopus nitidus,Green Warbler,0.8002,psm9,2024,06,13,05
630.0,633.0,Phylloscopus trochiloides,Greenish Warbler,0.5462,psm9,2024,06,13,05
636.0,639.0,Phylloscopus nitidus,Green Warbler,0.7368,psm9,2024,06,13,05
636.0,639.0,Phylloscopus trochiloides,Greenish Warbler,0.5443,psm9,2024,06,13,05
639.0,642.0,Phylloscopus tytleri,Tytler's Leaf Warbler,0.6667,psm9,2024,06,13,05
642.0,645.0,Phylloscopus nitidus,Green Warbler,0.8896,psm9,2024,06,13,05
642.0,645.0,Phylloscopus tytleri,Tytler's Leaf Warbler,0.8126,psm9,2024,06,13,05
657.0,660.0,Phylloscopus nitidus,Green Warbler,0.6519,psm9,2024,06,13,05
660.0,663.0,Phylloscopus tytleri,Tytler's Leaf Warbler,0.6348,psm9,2024,06,13,05
666.0,669.0,Phylloscopus nitidus,Green Warbler,0.6154,psm9,2024,06,13,05
681.0,684.0,Phylloscopus trochiloides,Greenish Warbler,0.7062,psm9,2024,06,13,05
681.0,684.0,Phylloscopus nitidus,Green Warbler,0.6885,psm9,2024,06,13,05
687.0,690.0,Phylloscopus trochiloides,Greenish Warbler,0.6026,psm9,2024,06,13,05
687.0,690.0,Phylloscopus nitidus,Green Warbler,0.5179,psm9,2024,06,13,05
690.0,693.0,Phylloscopus nitidus,Green Warbler,0.7504,psm9,2024,06,13,05
690.0,693.0,Phylloscopus trochiloides,Greenish Warbler,0.7358,psm9,2024,06,13,05
729.0,732.0,Phylloscopus trochiloides,Greenish Warbler,0.8465,psm9,2024,06,13,05
732.0,735.0,Phylloscopus trochiloides,Greenish Warbler,0.5361,psm9,2024,06,13,05
738.0,741.0,Phylloscopus nitidus,Green Warbler,0.9078,psm9,2024,06,13,05
744.0,747.0,Phylloscopus tytleri,Tytler's Leaf Warbler,0.8885,psm9,2024,06,13,05
753.0,756.0,Phylloscopus trochiloides,Greenish Warbler,0.7487,psm9,2024,06,13,05
756.0,759.0,Phylloscopus trochiloides,Greenish Warbler,0.9601,psm9,2024,06,13,05
759.0,762.0,Phylloscopus nitidus,Green Warbler,0.9167,psm9,2024,06,13,05
762.0,765.0,Phylloscopus trochiloides,Greenish Warbler,0.7284,psm9,2024,06,13,05
762.0,765.0,Phylloscopus nitidus,Green Warbler,0.5556,psm9,2024,06,13,05
765.0,768.0,Phylloscopus trochiloides,Greenish Warbler,0.5276,psm9,2024,06,13,05
780.0,783.0,Phylloscopus trochiloides,Greenish Warbler,0.9047,psm9,2024,06,13,05
780.0,783.0,Phylloscopus nitidus,Green Warbler,0.6359,psm9,2024,06,13,05
786.0,789.0,Phylloscopus trochiloides,Greenish Warbler,0.5818,psm9,2024,06,13,05
798.0,801.0,Phylloscopus nitidus,Green Warbler,0.7261,psm9,2024,06,13,05
801.0,804.0,Phylloscopus trochiloides,Greenish Warbler,0.6285,psm9,2024,06,13,05
804.0,807.0,Phylloscopus trochiloides,Greenish Warbler,0.6121,psm9,2024,06,13,05
810.0,813.0,Phylloscopus trochiloides,Greenish Warbler,0.9199,psm9,2024,06,13,05
819.0,822.0,Phylloscopus trochiloides,Greenish Warbler,0.7954,psm9,2024,06,13,05
822.0,825.0,Phylloscopus nitidus,Green Warbler,0.5722,psm9,2024,06,13,05
825.0,828.0,Phylloscopus trochiloides,Greenish Warbler,0.7533,psm9,2024,06,13,05
828.0,831.0,Phylloscopus nitidus,Green Warbler,0.8697,psm9,2024,06,13,05
828.0,831.0,Phylloscopus trochiloides,Greenish Warbler,0.5433,psm9,2024,06,13,05
834.0,837.0,Phylloscopus nitidus,Green Warbler,0.8942,psm9,2024,06,13,05
837.0,840.0,Phylloscopus trochiloides,Greenish Warbler,0.5864,psm9,2024,06,13,05
846.0,849.0,Phylloscopus nitidus,Green Warbler,0.5232,psm9,2024,06,13,05
873.0,876.0,Phylloscopus nitidus,Green Warbler,0.5755,psm9,2024,06,13,05
888.0,891.0,Phylloscopus trochiloides,Greenish Warbler,0.7494,psm9,2024,06,13,05
891.0,894.0,Phylloscopus nitidus,Green Warbler,0.5974,psm9,2024,06,13,05
897.0,900.0,Phylloscopus reguloides,Blyth's Leaf Warbler,0.679,psm9,2024,06,13,05
3.0,6.0,Phylloscopus affinis,Tickell's Leaf Warbler,0.7335,psm9,2024,06,13,06
21.0,24.0,Phylloscopus humei,Hume's Warbler,0.5022,psm9,2024,06,13,06
27.0,30.0,Phylloscopus affinis,Tickell's Leaf Warbler,0.856,psm9,2024,06,13,06
30.0,33.0,Phylloscopus humei,Hume's Warbler,0.7335,psm9,2024,06,13,06
33.0,36.0,Phylloscopus humei,Hume's Warbler,0.6813,psm9,2024,06,13,06
36.0,39.0,Phylloscopus humei,Hume's Warbler,0.7402,psm9,2024,06,13,06
39.0,42.0,Phylloscopus humei,Hume's Warbler,0.6699,psm9,2024,06,13,06
75.0,78.0,Phylloscopus occipitalis,Western Crowned Warbler,0.7108,psm9,2024,06,13,06
105.0,108.0,Phylloscopus humei,Hume's Warbler,0.5477,psm9,2024,06,13,06
108.0,111.0,Phylloscopus affinis,Tickell's Leaf Warbler,0.9217,psm9,2024,06,13,06
111.0,114.0,Phylloscopus occipitalis,Western Crowned Warbler,0.8185,psm9,2024,06,13,06
141.0,144.0,Phylloscopus nitidus,Green Warbler,0.8699,psm9,2024,06,13,06
144.0,147.0,Phylloscopus nitidus,Green Warbler,0.8549,psm9,2024,06,13,06
153.0,156.0,Phylloscopus trochiloides,Greenish Warbler,0.7012,psm9,2024,06,13,06
153.0,156.0,Phylloscopus nitidus,Green Warbler,0.5883,psm9,2024,06,13,06
159.0,162.0,Phylloscopus nitidus,Green Warbler,0.6049,psm9,2024,06,13,06
177.0,180.0,Phylloscopus nitidus,Green Warbler,0.5252,psm9,2024,06,13,06
180.0,183.0,Phylloscopus affinis,Tickell's Leaf Warbler,0.5112,psm9,2024,06,13,06
183.0,186.0,Phylloscopus reguloides,Blyth's Leaf Warbler,0.6162,psm9,2024,06,13,06
189.0,192.0,Phylloscopus occipitalis,Western Crowned Warbler,0.8864,psm9,2024,06,13,06
192.0,195.0,Phylloscopus nitidus,Green Warbler,0.7366,psm9,2024,06,13,06
195.0,198.0,Phylloscopus occipitalis,Western Crowned Warbler,0.6125,psm9,2024,06,13,06
204.0,207.0,Phylloscopus occipitalis,Western Crowned Warbler,0.8296,psm9,2024,06,13,06
225.0,228.0,Phylloscopus nitidus,Green Warbler,0.8952,psm9,2024,06,13,06
234.0,237.0,Phylloscopus reguloides,Blyth's Leaf Warbler,0.6132,psm9,2024,06,13,06
240.0,243.0,Phylloscopus trochiloides,Greenish Warbler,0.812,psm9,2024,06,13,06
246.0,249.0,Phylloscopus trochiloides,Greenish Warbler,0.9209,psm9,2024,06,13,06
252.0,255.0,Phylloscopus reguloides,Blyth's Leaf Warbler,0.5848,psm9,2024,06,13,06
258.0,261.0,Phylloscopus nitidus,Green Warbler,0.8345,psm9,2024,06,13,06
267.0,270.0,Phylloscopus trochiloides,Greenish Warbler,0.8822,psm9,2024,06,13,06
273.0,276.0,Phylloscopus nitidus,Green Warbler,0.8874,psm9,2024,06,13,06
282.0,285.0,Phylloscopus trochiloides,Greenish Warbler,0.7995,psm9,2024,06,13,06
285.0,288.0,Phylloscopus trochiloides,Greenish Warbler,0.9541,psm9,2024,06,13,06
288.0,291.0,Phylloscopus reguloides,Blyth's Leaf Warbler,0.5154,psm9,2024,06,13,06
291.0,294.0,Phylloscopus reguloides,Blyth's Leaf Warbler,0.6927,psm9,2024,06,13,06
300.0,303.0,Phylloscopus occipitalis,Western Crowned Warbler,0.8498,psm9,2024,06,13,06
306.0,309.0,Phylloscopus trochiloides,Greenish Warbler,0.5935,psm9,2024,06,13,06
306.0,309.0,Phylloscopus nitidus,Green Warbler,0.517,psm9,2024,06,13,06
357.0,360.0,Larvivora brunnea,Indian Blue Robin,0.5731,psm9,2024,06,13,06
387.0,390.0,Larvivora brunnea,Indian Blue Robin,0.5799,psm9,2024,06,13,06
390.0,393.0,Phylloscopus magnirostris,Large-billed Leaf Warbler,0.618,psm9,2024,06,13,06
393.0,396.0,Trochalopteron variegatum,Variegated Laughingthrush,0.9942,psm9,2024,06,13,06
429.0,432.0,Larvivora brunnea,Indian Blue Robin,0.782,psm9,2024,06,13,06
459.0,462.0,Larvivora brunnea,Indian Blue Robin,0.6523,psm9,2024,06,13,06
522.0,525.0,Phylloscopus reguloides,Blyth's Leaf Warbler,0.5587,psm9,2024,06,13,06
543.0,546.0,Phylloscopus nitidus,Green Warbler,0.7212,psm9,2024,06,13,06
552.0,555.0,Phylloscopus nitidus,Green Warbler,0.6836,psm9,2024,06,13,06
552.0,555.0,Larvivora brunnea,Indian Blue Robin,0.5051,psm9,2024,06,13,06
582.0,585.0,Larvivora brunnea,Indian Blue Robin,0.6878,psm9,2024,06,13,06
585.0,588.0,Larvivora brunnea,Indian Blue Robin,0.5106,psm9,2024,06,13,06
591.0,594.0,Phylloscopus nitidus,Green Warbler,0.6185,psm9,2024,06,13,06
600.0,603.0,Phylloscopus nitidus,Green Warbler,0.5012,psm9,2024,06,13,06
633.0,636.0,Larvivora brunnea,Indian Blue Robin,0.7804,psm9,2024,06,13,06
657.0,660.0,Larvivora brunnea,Indian Blue Robin,0.5301,psm9,2024,06,13,06
681.0,684.0,Phylloscopus occipitalis,Western Crowned Warbler,0.507,psm9,2024,06,13,06
684.0,687.0,Phylloscopus trochiloides,Greenish Warbler,0.6061,psm9,2024,06,13,06
690.0,693.0,Phylloscopus occipitalis,Western Crowned Warbler,0.6347,psm9,2024,06,13,06
693.0,696.0,Phylloscopus nitidus,Green Warbler,0.7263,psm9,2024,06,13,06
693.0,696.0,Phylloscopus trochiloides,Greenish Warbler,0.5221,psm9,2024,06,13,06
741.0,744.0,Phylloscopus trochiloides,Greenish Warbler,0.8324,psm9,2024,06,13,06
744.0,747.0,Phylloscopus trochiloides,Greenish Warbler,0.8844,psm9,2024,06,13,06
744.0,747.0,Phylloscopus nitidus,Green Warbler,0.7459,psm9,2024,06,13,06
750.0,753.0,Phylloscopus trochiloides,Greenish Warbler,0.9103,psm9,2024,06,13,06
759.0,762.0,Larvivora brunnea,Indian Blue Robin,0.5288,psm9,2024,06,13,06
843.0,846.0,Phylloscopus occipitalis,Western Crowned Warbler,0.8526,psm9,2024,06,13,06
858.0,861.0,Larvivora brunnea,Indian Blue Robin,0.5355,psm9,2024,06,13,06
861.0,864.0,Luscinia phaenicuroides,White-bellied Redstart,0.5221,psm9,2024,06,13,06
879.0,882.0,Larvivora brunnea,Indian Blue Robin,0.6141,psm9,2024,06,13,06
897.0,900.0,Phylloscopus trochiloides,Greenish Warbler,0.5758,psm9,2024,06,13,06
27.0,30.0,Phylloscopus occipitalis,Western Crowned Warbler,0.8391,psm9,2024,06,13,07
36.0,39.0,Phylloscopus occipitalis,Western Crowned Warbler,0.8557,psm9,2024,06,13,07
72.0,75.0,Periparus ater,Coal Tit,0.5338,psm9,2024,06,13,07
96.0,99.0,Phylloscopus nitidus,Green Warbler,0.6804,psm9,2024,06,13,07
114.0,117.0,Phylloscopus nitidus,Green Warbler,0.5916,psm9,2024,06,13,07
114.0,117.0,Phylloscopus trochiloides,Greenish Warbler,0.5072,psm9,2024,06,13,07
132.0,135.0,Phylloscopus nitidus,Green Warbler,0.5324,psm9,2024,06,13,07
132.0,135.0,Phylloscopus tytleri,Tytler's Leaf Warbler,0.5038,psm9,2024,06,13,07
156.0,159.0,Phylloscopus magnirostris,Large-billed Leaf Warbler,0.7056,psm9,2024,06,13,07
168.0,171.0,Phylloscopus nitidus,Green Warbler,0.5125,psm9,2024,06,13,07
213.0,216.0,Protonotaria citrea,Prothonotary Warbler,0.592,psm9,2024,06,13,07
276.0,279.0,Phylloscopus chloronotus,Lemon-rumped Warbler,0.5824,psm9,2024,06,13,07
294.0,297.0,Protonotaria citrea,Prothonotary Warbler,0.6292,psm9,2024,06,13,07
300.0,303.0,Phylloscopus chloronotus,Lemon-rumped Warbler,0.5572,psm9,2024,06,13,07
309.0,312.0,Phylloscopus chloronotus,Lemon-rumped Warbler,0.5999,psm9,2024,06,13,07
462.0,465.0,Phylloscopus occipitalis,Western Crowned Warbler,0.6258,psm9,2024,06,13,07
504.0,507.0,Atlapetes fuscoolivaceus,Dusky-headed Brushfinch,0.5538,psm9,2024,06,13,07
534.0,537.0,Larvivora brunnea,Indian Blue Robin,0.5901,psm9,2024,06,13,07
540.0,543.0,Larvivora brunnea,Indian Blue Robin,0.5661,psm9,2024,06,13,07
543.0,546.0,Trochalopteron variegatum,Variegated Laughingthrush,0.6506,psm9,2024,06,13,07
603.0,606.0,Larvivora brunnea,Indian Blue Robin,0.5167,psm9,2024,06,13,07
636.0,639.0,Phylloscopus magnirostris,Large-billed Leaf Warbler,0.7922,psm9,2024,06,13,07
660.0,663.0,Phylloscopus trochiloides,Greenish Warbler,0.8318,psm9,2024,06,13,07
675.0,678.0,Phylloscopus trochiloides,Greenish Warbler,0.9132,psm9,2024,06,13,07
699.0,702.0,Larvivora brunnea,Indian Blue Robin,0.7278,psm9,2024,06,13,07
711.0,714.0,Larvivora brunnea,Indian Blue Robin,0.5277,psm9,2024,06,13,07
738.0,741.0,Larvivora brunnea,Indian Blue Robin,0.5057,psm9,2024,06,13,07
759.0,762.0,Larvivora brunnea,Indian Blue Robin,0.5299,psm9,2024,06,13,07
771.0,774.0,Larvivora brunnea,Indian Blue Robin,0.5865,psm9,2024,06,13,07
795.0,798.0,Protonotaria citrea,Prothonotary Warbler,0.653,psm9,2024,06,13,07
822.0,825.0,Larvivora brunnea,Indian Blue Robin,0.6749,psm9,2024,06,13,07
840.0,843.0,Trochalopteron variegatum,Variegated Laughingthrush,0.5544,psm9,2024,06,13,07
867.0,870.0,Trochalopteron variegatum,Variegated Laughingthrush,0.8847,psm9,2024,06,13,07
63.0,66.0,Phylloscopus trochiloides,Greenish Warbler,0.625,psm9,2024,06,14,05
69.0,72.0,Phylloscopus nitidus,Green Warbler,0.6751,psm9,2024,06,14,05
87.0,90.0,Phylloscopus nitidus,Green Warbler,0.567,psm9,2024,06,14,05
90.0,93.0,Phylloscopus nitidus,Green Warbler,0.5214,psm9,2024,06,14,05
117.0,120.0,Phylloscopus reguloides,Blyth's Leaf Warbler,0.6629,psm9,2024,06,14,05
126.0,129.0,Phylloscopus nitidus,Green Warbler,0.9918,psm9,2024,06,14,05
132.0,135.0,Phylloscopus reguloides,Blyth's Leaf Warbler,0.6314,psm9,2024,06,14,05
291.0,294.0,Anthus hodgsoni,Olive-backed Pipit,0.6187,psm9,2024,06,14,05
441.0,444.0,Larvivora brunnea,Indian Blue Robin,0.8703,psm9,2024,06,14,05
486.0,489.0,Larvivora brunnea,Indian Blue Robin,0.6008,psm9,2024,06,14,05
519.0,522.0,Phylloscopus affinis,Tickell's Leaf Warbler,0.6058,psm9,2024,06,14,05
528.0,531.0,Phylloscopus humei,Hume's Warbler,0.7808,psm9,2024,06,14,05
540.0,543.0,Phylloscopus affinis,Tickell's Leaf Warbler,0.5656,psm9,2024,06,14,05
546.0,549.0,Phylloscopus affinis,Tickell's Leaf Warbler,0.645,psm9,2024,06,14,05
588.0,591.0,Phylloscopus nitidus,Green Warbler,0.9027,psm9,2024,06,14,05
591.0,594.0,Phylloscopus trochiloides,Greenish Warbler,0.5047,psm9,2024,06,14,05
615.0,618.0,Phylloscopus nitidus,Green Warbler,0.6545,psm9,2024,06,14,05
651.0,654.0,Phylloscopus nitidus,Green Warbler,0.7329,psm9,2024,06,14,05
654.0,657.0,Phylloscopus tytleri,Tytler's Leaf Warbler,0.58,psm9,2024,06,14,05
663.0,666.0,Phylloscopus nitidus,Green Warbler,0.8851,psm9,2024,06,14,05
684.0,687.0,Phylloscopus trochiloides,Greenish Warbler,0.5048,psm9,2024,06,14,05
714.0,717.0,Lophophorus impejanus,Himalayan Monal,0.8501,psm9,2024,06,14,05
717.0,720.0,Lophophorus impejanus,Himalayan Monal,0.7896,psm9,2024,06,14,05
723.0,726.0,Recurvirostra americana,American Avocet,0.8169,psm9,2024,06,14,05
726.0,729.0,Recurvirostra americana,American Avocet,0.6463,psm9,2024,06,14,05
825.0,828.0,Phylloscopus occipitalis,Western Crowned Warbler,0.8094,psm9,2024,06,14,05
876.0,879.0,Larvivora brunnea,Indian Blue Robin,0.5696,psm9,2024,06,14,05
894.0,897.0,Phylloscopus reguloides,Blyth's Leaf Warbler,0.7593,psm9,2024,06,14,05
0.0,3.0,Phylloscopus occipitalis,Western Crowned Warbler,0.8577,psm9,2024,06,14,06
9.0,12.0,Phylloscopus occipitalis,Western Crowned Warbler,0.7759,psm9,2024,06,14,06
45.0,48.0,Phylloscopus occipitalis,Western Crowned Warbler,0.6644,psm9,2024,06,14,06
60.0,63.0,Phylloscopus occipitalis,Western Crowned Warbler,0.9128,psm9,2024,06,14,06
66.0,69.0,Phylloscopus occipitalis,Western Crowned Warbler,0.8268,psm9,2024,06,14,06
75.0,78.0,Phylloscopus occipitalis,Western Crowned Warbler,0.9292,psm9,2024,06,14,06
114.0,117.0,Larvivora brunnea,Indian Blue Robin,0.5173,psm9,2024,06,14,06
120.0,123.0,Phylloscopus occipitalis,Western Crowned Warbler,0.8772,psm9,2024,06,14,06
126.0,129.0,Phylloscopus occipitalis,Western Crowned Warbler,0.9034,psm9,2024,06,14,06
129.0,132.0,Phylloscopus occipitalis,Western Crowned Warbler,0.6565,psm9,2024,06,14,06
135.0,138.0,Phylloscopus occipitalis,Western Crowned Warbler,0.8745,psm9,2024,06,14,06
144.0,147.0,Larvivora brunnea,Indian Blue Robin,0.5152,psm9,2024,06,14,06
162.0,165.0,Phylloscopus occipitalis,Western Crowned Warbler,0.7498,psm9,2024,06,14,06
168.0,171.0,Phylloscopus occipitalis,Western Crowned Warbler,0.828,psm9,2024,06,14,06
207.0,210.0,Phylloscopus occipitalis,Western Crowned Warbler,0.9353,psm9,2024,06,14,06
240.0,243.0,Phylloscopus occipitalis,Western Crowned Warbler,0.7708,psm9,2024,06,14,06
417.0,420.0,Phylloscopus humei,Hume's Warbler,0.6286,psm9,2024,06,14,06
426.0,429.0,Larvivora brunnea,Indian Blue Robin,0.5684,psm9,2024,06,14,06
450.0,453.0,Phylloscopus occipitalis,Western Crowned Warbler,0.7985,psm9,2024,06,14,06
471.0,474.0,Phylloscopus occipitalis,Western Crowned Warbler,0.7685,psm9,2024,06,14,06
513.0,516.0,Phylloscopus occipitalis,Western Crowned Warbler,0.78,psm9,2024,06,14,06
531.0,534.0,Phylloscopus occipitalis,Western Crowned Warbler,0.9072,psm9,2024,06,14,06
537.0,540.0,Phylloscopus occipitalis,Western Crowned Warbler,0.8807,psm9,2024,06,14,06
543.0,546.0,Phylloscopus occipitalis,Western Crowned Warbler,0.8863,psm9,2024,06,14,06
570.0,573.0,Phylloscopus occipitalis,Western Crowned Warbler,0.5632,psm9,2024,06,14,06
591.0,594.0,Larvivora brunnea,Indian Blue Robin,0.6156,psm9,2024,06,14,06
612.0,615.0,Phylloscopus occipitalis,Western Crowned Warbler,0.9724,psm9,2024,06,14,06
624.0,627.0,Phylloscopus occipitalis,Western Crowned Warbler,0.876,psm9,2024,06,14,06
630.0,633.0,Phylloscopus occipitalis,Western Crowned Warbler,0.9532,psm9,2024,06,14,06
648.0,651.0,Phylloscopus occipitalis,Western Crowned Warbler,0.6298,psm9,2024,06,14,06
654.0,657.0,Phylloscopus occipitalis,Western Crowned Warbler,0.5654,psm9,2024,06,14,06
657.0,660.0,Phylloscopus occipitalis,Western Crowned Warbler,0.5167,psm9,2024,06,14,06
660.0,663.0,Phylloscopus occipitalis,Western Crowned Warbler,0.9552,psm9,2024,06,14,06
663.0,666.0,Phylloscopus occipitalis,Western Crowned Warbler,0.9184,psm9,2024,06,14,06
672.0,675.0,Phylloscopus occipitalis,Western Crowned Warbler,0.7154,psm9,2024,06,14,06
678.0,681.0,Phylloscopus occipitalis,Western Crowned Warbler,0.6373,psm9,2024,06,14,06
786.0,789.0,Phylloscopus occipitalis,Western Crowned Warbler,0.5894,psm9,2024,06,14,06
789.0,792.0,Phylloscopus occipitalis,Western Crowned Warbler,0.5027,psm9,2024,06,14,06
795.0,798.0,Phylloscopus occipitalis,Western Crowned Warbler,0.6228,psm9,2024,06,14,06
801.0,804.0,Phylloscopus occipitalis,Western Crowned Warbler,0.6124,psm9,2024,06,14,06
831.0,834.0,Phylloscopus occipitalis,Western Crowned Warbler,0.533,psm9,2024,06,14,06
837.0,840.0,Phylloscopus occipitalis,Western Crowned Warbler,0.6214,psm9,2024,06,14,06
843.0,846.0,Phylloscopus occipitalis,Western Crowned Warbler,0.6485,psm9,2024,06,14,06
846.0,849.0,Phylloscopus occipitalis,Western Crowned Warbler,0.6589,psm9,2024,06,14,06
867.0,870.0,Phylloscopus occipitalis,Western Crowned Warbler,0.5336,psm9,2024,06,14,06
879.0,882.0,Phylloscopus occipitalis,Western Crowned Warbler,0.7645,psm9,2024,06,14,06
888.0,891.0,Phylloscopus occipitalis,Western Crowned Warbler,0.7243,psm9,2024,06,14,06
6.0,9.0,Phylloscopus occipitalis,Western Crowned Warbler,0.9153,psm9,2024,06,14,07
15.0,18.0,Protonotaria citrea,Prothonotary Warbler,0.8978,psm9,2024,06,14,07
24.0,27.0,Phylloscopus occipitalis,Western Crowned Warbler,0.6176,psm9,2024,06,14,07
57.0,60.0,Phylloscopus occipitalis,Western Crowned Warbler,0.6787,psm9,2024,06,14,07
60.0,63.0,Phylloscopus occipitalis,Western Crowned Warbler,0.5142,psm9,2024,06,14,07
63.0,66.0,Phylloscopus occipitalis,Western Crowned Warbler,0.8241,psm9,2024,06,14,07
138.0,141.0,Phylloscopus affinis,Tickell's Leaf Warbler,0.5175,psm9,2024,06,14,07
150.0,153.0,Phylloscopus affinis,Tickell's Leaf Warbler,0.7412,psm9,2024,06,14,07
150.0,153.0,Culicicapa ceylonensis,Gray-headed Canary-Flycatcher,0.7266,psm9,2024,06,14,07
177.0,180.0,Phylloscopus affinis,Tickell's Leaf Warbler,0.567,psm9,2024,06,14,07
186.0,189.0,Larvivora brunnea,Indian Blue Robin,0.6005,psm9,2024,06,14,07
210.0,213.0,Phylloscopus affinis,Tickell's Leaf Warbler,0.8604,psm9,2024,06,14,07
216.0,219.0,Culicicapa ceylonensis,Gray-headed Canary-Flycatcher,0.6327,psm9,2024,06,14,07
237.0,240.0,Phylloscopus affinis,Tickell's Leaf Warbler,0.6215,psm9,2024,06,14,07
237.0,240.0,Prinia hodgsonii,Gray-breasted Prinia,0.554,psm9,2024,06,14,07
243.0,246.0,Phylloscopus affinis,Tickell's Leaf Warbler,0.5115,psm9,2024,06,14,07
255.0,258.0,Phylloscopus affinis,Tickell's Leaf Warbler,0.6245,psm9,2024,06,14,07
264.0,267.0,Phylloscopus affinis,Tickell's Leaf Warbler,0.599,psm9,2024,06,14,07
270.0,273.0,Phylloscopus affinis,Tickell's Leaf Warbler,0.7057,psm9,2024,06,14,07
276.0,279.0,Phylloscopus affinis,Tickell's Leaf Warbler,0.667,psm9,2024,06,14,07
282.0,285.0,Phylloscopus affinis,Tickell's Leaf Warbler,0.5847,psm9,2024,06,14,07
579.0,582.0,Phylloscopus magnirostris,Large-billed Leaf Warbler,0.6176,psm9,2024,06,14,07
633.0,636.0,Phylloscopus magnirostris,Large-billed Leaf Warbler,0.6192,psm9,2024,06,14,07
639.0,642.0,Phylloscopus trochiloides,Greenish Warbler,0.5525,psm9,2024,06,14,07
651.0,654.0,Larvivora brunnea,Indian Blue Robin,0.618,psm9,2024,06,14,07
654.0,657.0,Phylloscopus trochiloides,Greenish Warbler,0.5544,psm9,2024,06,14,07
732.0,735.0,Carpodacus rodochroa,Pink-browed Rosefinch,0.9777,psm9,2024,06,14,07
735.0,738.0,Carpodacus rodochroa,Pink-browed Rosefinch,0.9944,psm9,2024,06,14,07
738.0,741.0,Carpodacus rodochroa,Pink-browed Rosefinch,0.9769,psm9,2024,06,14,07
741.0,744.0,Carpodacus rodochroa,Pink-browed Rosefinch,0.958,psm9,2024,06,14,07
750.0,753.0,Carpodacus rodochroa,Pink-browed Rosefinch,0.7336,psm9,2024,06,14,07
756.0,759.0,Carpodacus rodochroa,Pink-browed Rosefinch,0.9253,psm9,2024,06,14,07
759.0,762.0,Carpodacus rodochroa,Pink-browed Rosefinch,0.9632,psm9,2024,06,14,07
762.0,765.0,Phylloscopus nitidus,Green Warbler,0.9492,psm9,2024,06,14,07
768.0,771.0,Carpodacus rodochroa,Pink-browed Rosefinch,0.5794,psm9,2024,06,14,07
777.0,780.0,Phylloscopus trochiloides,Greenish Warbler,0.5398,psm9,2024,06,14,07
783.0,786.0,Carpodacus rodochroa,Pink-browed Rosefinch,0.8592,psm9,2024,06,14,07
789.0,792.0,Carpodacus rodochroa,Pink-browed Rosefinch,0.86,psm9,2024,06,14,07
876.0,879.0,Phylloscopus magnirostris,Large-billed Leaf Warbler,0.8326,psm9,2024,06,14,07
888.0,891.0,Phylloscopus magnirostris,Large-billed Leaf Warbler,0.5278,psm9,2024,06,14,07
351.0,354.0,Phylloscopus nitidus,Green Warbler,0.5563,psm9,2024,06,15,05
360.0,363.0,Phylloscopus nitidus,Green Warbler,0.7303,psm9,2024,06,15,05
360.0,363.0,Phylloscopus trochiloides,Greenish Warbler,0.5125,psm9,2024,06,15,05
363.0,366.0,Phylloscopus trochiloides,Greenish Warbler,0.8705,psm9,2024,06,15,05
372.0,375.0,Phylloscopus nitidus,Green Warbler,0.7133,psm9,2024,06,15,05
378.0,381.0,Phylloscopus nitidus,Green Warbler,0.7382,psm9,2024,06,15,05
381.0,384.0,Phylloscopus trochiloides,Greenish Warbler,0.5883,psm9,2024,06,15,05
384.0,387.0,Phylloscopus trochiloides,Greenish Warbler,0.5847,psm9,2024,06,15,05
387.0,390.0,Phylloscopus trochiloides,Greenish Warbler,0.5675,psm9,2024,06,15,05
390.0,393.0,Phylloscopus nitidus,Green Warbler,0.9475,psm9,2024,06,15,05
399.0,402.0,Phylloscopus nitidus,Green Warbler,0.6403,psm9,2024,06,15,05
402.0,405.0,Phylloscopus nitidus,Green Warbler,0.7096,psm9,2024,06,15,05
405.0,408.0,Phylloscopus trochiloides,Greenish Warbler,0.7604,psm9,2024,06,15,05
408.0,411.0,Phylloscopus trochiloides,Greenish Warbler,0.7595,psm9,2024,06,15,05
540.0,543.0,Phylloscopus tytleri,Tytler's Leaf Warbler,0.6958,psm9,2024,06,15,05
567.0,570.0,Phylloscopus nitidus,Green Warbler,0.6242,psm9,2024,06,15,05
576.0,579.0,Phylloscopus nitidus,Green Warbler,0.5234,psm9,2024,06,15,05
591.0,594.0,Phylloscopus nitidus,Green Warbler,0.6881,psm9,2024,06,15,05
594.0,597.0,Tarsiger indicus,White-browed Bush-Robin,0.7897,psm9,2024,06,15,05
630.0,633.0,Tarsiger indicus,White-browed Bush-Robin,0.7699,psm9,2024,06,15,05
633.0,636.0,Tarsiger indicus,White-browed Bush-Robin,0.6266,psm9,2024,06,15,05
732.0,735.0,Trochalopteron variegatum,Variegated Laughingthrush,0.7032,psm9,2024,06,15,05
3.0,6.0,Phylloscopus reguloides,Blyth's Leaf Warbler,0.635,psm9,2024,06,15,06
12.0,15.0,Phylloscopus nitidus,Green Warbler,0.8553,psm9,2024,06,15,06
60.0,63.0,Phylloscopus trochiloides,Greenish Warbler,0.5326,psm9,2024,06,15,06
75.0,78.0,Phylloscopus nitidus,Green Warbler,0.812,psm9,2024,06,15,06
84.0,87.0,Phylloscopus nitidus,Green Warbler,0.6944,psm9,2024,06,15,06
123.0,126.0,Phylloscopus occipitalis,Western Crowned Warbler,0.5402,psm9,2024,06,15,06
126.0,129.0,Phylloscopus trochiloides,Greenish Warbler,0.8583,psm9,2024,06,15,06
129.0,132.0,Phylloscopus trochiloides,Greenish Warbler,0.7051,psm9,2024,06,15,06
147.0,150.0,Phylloscopus nitidus,Green Warbler,0.5371,psm9,2024,06,15,06
252.0,255.0,Phylloscopus occipitalis,Western Crowned Warbler,0.6915,psm9,2024,06,15,06
255.0,258.0,Phylloscopus occipitalis,Western Crowned Warbler,0.5125,psm9,2024,06,15,06
276.0,279.0,Phylloscopus occipitalis,Western Crowned Warbler,0.6078,psm9,2024,06,15,06
288.0,291.0,Phylloscopus occipitalis,Western Crowned Warbler,0.8035,psm9,2024,06,15,06
378.0,381.0,Phylloscopus occipitalis,Western Crowned Warbler,0.583,psm9,2024,06,15,06
444.0,447.0,Phylloscopus occipitalis,Western Crowned Warbler,0.7331,psm9,2024,06,15,06
465.0,468.0,Phylloscopus occipitalis,Western Crowned Warbler,0.7298,psm9,2024,06,15,06
471.0,474.0,Phylloscopus occipitalis,Western Crowned Warbler,0.9545,psm9,2024,06,15,06
477.0,480.0,Phylloscopus occipitalis,Western Crowned Warbler,0.9078,psm9,2024,06,15,06
480.0,483.0,Phylloscopus occipitalis,Western Crowned Warbler,0.8536,psm9,2024,06,15,06
486.0,489.0,Phylloscopus occipitalis,Western Crowned Warbler,0.9169,psm9,2024,06,15,06
492.0,495.0,Phylloscopus occipitalis,Western Crowned Warbler,0.9133,psm9,2024,06,15,06
495.0,498.0,Phylloscopus occipitalis,Western Crowned Warbler,0.656,psm9,2024,06,15,06
501.0,504.0,Phylloscopus occipitalis,Western Crowned Warbler,0.5211,psm9,2024,06,15,06
516.0,519.0,Phylloscopus occipitalis,Western Crowned Warbler,0.6327,psm9,2024,06,15,06
528.0,531.0,Phylloscopus occipitalis,Western Crowned Warbler,0.957,psm9,2024,06,15,06
534.0,537.0,Phylloscopus occipitalis,Western Crowned Warbler,0.9914,psm9,2024,06,15,06
537.0,540.0,Protonotaria citrea,Prothonotary Warbler,0.5665,psm9,2024,06,15,06
543.0,546.0,Phylloscopus occipitalis,Western Crowned Warbler,0.6508,psm9,2024,06,15,06
546.0,549.0,Calidris alpina,Dunlin,0.5557,psm9,2024,06,15,06
552.0,555.0,Phylloscopus occipitalis,Western Crowned Warbler,0.546,psm9,2024,06,15,06
555.0,558.0,Periparus ater,Coal Tit,0.768,psm9,2024,06,15,06
567.0,570.0,Phylloscopus occipitalis,Western Crowned Warbler,0.551,psm9,2024,06,15,06
588.0,591.0,Phylloscopus nitidus,Green Warbler,0.7752,psm9,2024,06,15,06
591.0,594.0,Phylloscopus occipitalis,Western Crowned Warbler,0.5783,psm9,2024,06,15,06
612.0,615.0,Phylloscopus nitidus,Green Warbler,0.7882,psm9,2024,06,15,06
618.0,621.0,Phylloscopus nitidus,Green Warbler,0.8104,psm9,2024,06,15,06
630.0,633.0,Phylloscopus nitidus,Green Warbler,0.9309,psm9,2024,06,15,06
642.0,645.0,Phylloscopus nitidus,Green Warbler,0.9216,psm9,2024,06,15,06
651.0,654.0,Phylloscopus nitidus,Green Warbler,0.8071,psm9,2024,06,15,06
654.0,657.0,Pinicola enucleator,Pine Grosbeak,0.6963,psm9,2024,06,15,06
687.0,690.0,Phylloscopus trochiloides,Greenish Warbler,0.6598,psm9,2024,06,15,06
693.0,696.0,Trochalopteron variegatum,Variegated Laughingthrush,0.5008,psm9,2024,06,15,06
699.0,702.0,Phylloscopus nitidus,Green Warbler,0.6991,psm9,2024,06,15,06
723.0,726.0,Phylloscopus reguloides,Blyth's Leaf Warbler,0.5257,psm9,2024,06,15,06
729.0,732.0,Phylloscopus trochiloides,Greenish Warbler,0.6216,psm9,2024,06,15,06
738.0,741.0,Protonotaria citrea,Prothonotary Warbler,0.7717,psm9,2024,06,15,06
738.0,741.0,Phylloscopus occipitalis,Western Crowned Warbler,0.6468,psm9,2024,06,15,06
747.0,750.0,Trochalopteron variegatum,Variegated Laughingthrush,0.5791,psm9,2024,06,15,06
828.0,831.0,Larvivora brunnea,Indian Blue Robin,0.5518,psm9,2024,06,15,06
834.0,837.0,Phylloscopus occipitalis,Western Crowned Warbler,0.5008,psm9,2024,06,15,06
885.0,888.0,Larvivora brunnea,Indian Blue Robin,0.5962,psm9,2024,06,15,06
3.0,6.0,Phylloscopus occipitalis,Western Crowned Warbler,0.5925,psm9,2024,06,15,07
12.0,15.0,Phylloscopus occipitalis,Western Crowned Warbler,0.5917,psm9,2024,06,15,07
18.0,21.0,Phylloscopus occipitalis,Western Crowned Warbler,0.8869,psm9,2024,06,15,07
24.0,27.0,Lophophorus impejanus,Himalayan Monal,0.5627,psm9,2024,06,15,07
51.0,54.0,Phylloscopus humei,Hume's Warbler,0.6912,psm9,2024,06,15,07
54.0,57.0,Phylloscopus occipitalis,Western Crowned Warbler,0.517,psm9,2024,06,15,07
57.0,60.0,Phylloscopus humei,Hume's Warbler,0.6401,psm9,2024,06,15,07
60.0,63.0,Phylloscopus occipitalis,Western Crowned Warbler,0.7975,psm9,2024,06,15,07
72.0,75.0,Phylloscopus occipitalis,Western Crowned Warbler,0.8007,psm9,2024,06,15,07
93.0,96.0,Phylloscopus occipitalis,Western Crowned Warbler,0.5748,psm9,2024,06,15,07
102.0,105.0,Phylloscopus occipitalis,Western Crowned Warbler,0.6935,psm9,2024,06,15,07
108.0,111.0,Phylloscopus occipitalis,Western Crowned Warbler,0.6251,psm9,2024,06,15,07
117.0,120.0,Phylloscopus occipitalis,Western Crowned Warbler,0.707,psm9,2024,06,15,07
153.0,156.0,Phylloscopus occipitalis,Western Crowned Warbler,0.8933,psm9,2024,06,15,07
174.0,177.0,Protonotaria citrea,Prothonotary Warbler,0.5323,psm9,2024,06,15,07
189.0,192.0,Zosterops simplex,Swinhoe's White-eye,0.5295,psm9,2024,06,15,07
210.0,213.0,Phylloscopus occipitalis,Western Crowned Warbler,0.7329,psm9,2024,06,15,07
216.0,219.0,Trochalopteron variegatum,Variegated Laughingthrush,0.7085,psm9,2024,06,15,07
222.0,225.0,Trochalopteron variegatum,Variegated Laughingthrush,0.7146,psm9,2024,06,15,07
225.0,228.0,Trochalopteron variegatum,Variegated Laughingthrush,0.5269,psm9,2024,06,15,07
228.0,231.0,Trochalopteron variegatum,Variegated Laughingthrush,0.6212,psm9,2024,06,15,07
234.0,237.0,Trochalopteron variegatum,Variegated Laughingthrush,0.7526,psm9,2024,06,15,07
237.0,240.0,Phylloscopus occipitalis,Western Crowned Warbler,0.5087,psm9,2024,06,15,07
240.0,243.0,Trochalopteron variegatum,Variegated Laughingthrush,0.964,psm9,2024,06,15,07
243.0,246.0,Trochalopteron variegatum,Variegated Laughingthrush,0.6313,psm9,2024,06,15,07
246.0,249.0,Trochalopteron variegatum,Variegated Laughingthrush,0.5948,psm9,2024,06,15,07
249.0,252.0,Phylloscopus occipitalis,Western Crowned Warbler,0.9097,psm9,2024,06,15,07
252.0,255.0,Trochalopteron variegatum,Variegated Laughingthrush,0.5487,psm9,2024,06,15,07
255.0,258.0,Trochalopteron variegatum,Variegated Laughingthrush,0.5952,psm9,2024,06,15,07
258.0,261.0,Trochalopteron variegatum,Variegated Laughingthrush,0.9641,psm9,2024,06,15,07
258.0,261.0,Phylloscopus occipitalis,Western Crowned Warbler,0.5395,psm9,2024,06,15,07
267.0,270.0,Trochalopteron variegatum,Variegated Laughingthrush,0.7981,psm9,2024,06,15,07
294.0,297.0,Trochalopteron variegatum,Variegated Laughingthrush,0.9408,psm9,2024,06,15,07
297.0,300.0,Trochalopteron variegatum,Variegated Laughingthrush,0.9439,psm9,2024,06,15,07
303.0,306.0,Phylloscopus occipitalis,Western Crowned Warbler,0.7601,psm9,2024,06,15,07
309.0,312.0,Trochalopteron variegatum,Variegated Laughingthrush,0.6372,psm9,2024,06,15,07
312.0,315.0,Phylloscopus occipitalis,Western Crowned Warbler,0.6766,psm9,2024,06,15,07
312.0,315.0,Trochalopteron variegatum,Variegated Laughingthrush,0.5618,psm9,2024,06,15,07
315.0,318.0,Trochalopteron variegatum,Variegated Laughingthrush,0.6983,psm9,2024,06,15,07
318.0,321.0,Trochalopteron variegatum,Variegated Laughingthrush,0.6048,psm9,2024,06,15,07
321.0,324.0,Phylloscopus occipitalis,Western Crowned Warbler,0.6663,psm9,2024,06,15,07
330.0,333.0,Trochalopteron variegatum,Variegated Laughingthrush,0.7083,psm9,2024,06,15,07
342.0,345.0,Trochalopteron variegatum,Variegated Laughingthrush,0.875,psm9,2024,06,15,07
345.0,348.0,Trochalopteron variegatum,Variegated Laughingthrush,0.7596,psm9,2024,06,15,07
348.0,351.0,Trochalopteron variegatum,Variegated Laughingthrush,0.6698,psm9,2024,06,15,07
351.0,354.0,Trochalopteron variegatum,Variegated Laughingthrush,0.5066,psm9,2024,06,15,07
354.0,357.0,Phylloscopus occipitalis,Western Crowned Warbler,0.9039,psm9,2024,06,15,07
357.0,360.0,Trochalopteron variegatum,Variegated Laughingthrush,0.6064,psm9,2024,06,15,07
363.0,366.0,Protonotaria citrea,Prothonotary Warbler,0.6666,psm9,2024,06,15,07
369.0,372.0,Phylloscopus occipitalis,Western Crowned Warbler,0.9935,psm9,2024,06,15,07
375.0,378.0,Trochalopteron variegatum,Variegated Laughingthrush,0.5085,psm9,2024,06,15,07
378.0,381.0,Phylloscopus occipitalis,Western Crowned Warbler,0.8139,psm9,2024,06,15,07
387.0,390.0,Trochalopteron variegatum,Variegated Laughingthrush,0.5379,psm9,2024,06,15,07
393.0,396.0,Vireo flavifrons,Yellow-throated Vireo,0.5346,psm9,2024,06,15,07
402.0,405.0,Vireo flavifrons,Yellow-throated Vireo,0.5839,psm9,2024,06,15,07
408.0,411.0,Trochalopteron variegatum,Variegated Laughingthrush,0.5042,psm9,2024,06,15,07
414.0,417.0,Trochalopteron variegatum,Variegated Laughingthrush,0.6024,psm9,2024,06,15,07
426.0,429.0,Larvivora brunnea,Indian Blue Robin,0.7102,psm9,2024,06,15,07
441.0,444.0,Trochalopteron variegatum,Variegated Laughingthrush,0.7906,psm9,2024,06,15,07
444.0,447.0,Trochalopteron variegatum,Variegated Laughingthrush,0.634,psm9,2024,06,15,07
450.0,453.0,Phylloscopus occipitalis,Western Crowned Warbler,0.9543,psm9,2024,06,15,07
453.0,456.0,Phylloscopus occipitalis,Western Crowned Warbler,0.8675,psm9,2024,06,15,07
468.0,471.0,Phylloscopus occipitalis,Western Crowned Warbler,0.6287,psm9,2024,06,15,07
552.0,555.0,Phylloscopus occipitalis,Western Crowned Warbler,0.6536,psm9,2024,06,15,07
564.0,567.0,Phylloscopus occipitalis,Western Crowned Warbler,0.7106,psm9,2024,06,15,07
576.0,579.0,Phylloscopus occipitalis,Western Crowned Warbler,0.5574,psm9,2024,06,15,07
639.0,642.0,Phylloscopus nitidus,Green Warbler,0.7925,psm9,2024,06,15,07
708.0,711.0,Phylloscopus nitidus,Green Warbler,0.6852,psm9,2024,06,15,07
723.0,726.0,Phylloscopus nitidus,Green Warbler,0.9427,psm9,2024,06,15,07
741.0,744.0,Phylloscopus nitidus,Green Warbler,0.9167,psm9,2024,06,15,07
753.0,756.0,Phylloscopus nitidus,Green Warbler,0.6989,psm9,2024,06,15,07
777.0,780.0,Phylloscopus occipitalis,Western Crowned Warbler,0.6733,psm9,2024,06,15,07
804.0,807.0,Phylloscopus humei,Hume's Warbler,0.7003,psm9,2024,06,15,07
882.0,885.0,Phylloscopus occipitalis,Western Crowned Warbler,0.8626,psm9,2024,06,15,07
888.0,891.0,Phylloscopus occipitalis,Western Crowned Warbler,0.8356,psm9,2024,06,15,07
72.0,75.0,Troglodytes pacificus,Pacific Wren,0.6202,psm9,2024,06,16,05
129.0,132.0,Phylloscopus nitidus,Green Warbler,0.935,psm9,2024,06,16,05
132.0,135.0,Phylloscopus nitidus,Green Warbler,0.717,psm9,2024,06,16,05
141.0,144.0,Phylloscopus nitidus,Green Warbler,0.992,psm9,2024,06,16,05
147.0,150.0,Phylloscopus reguloides,Blyth's Leaf Warbler,0.6996,psm9,2024,06,16,05
699.0,702.0,Phylloscopus humei,Hume's Warbler,0.7438,psm9,2024,06,16,05
702.0,705.0,Phylloscopus humei,Hume's Warbler,0.5521,psm9,2024,06,16,05
708.0,711.0,Phylloscopus humei,Hume's Warbler,0.9477,psm9,2024,06,16,05
711.0,714.0,Phylloscopus humei,Hume's Warbler,0.8487,psm9,2024,06,16,05
735.0,738.0,Phylloscopus nitidus,Green Warbler,0.6055,psm9,2024,06,16,05
741.0,744.0,Phylloscopus nitidus,Green Warbler,0.5436,psm9,2024,06,16,05
744.0,747.0,Phylloscopus nitidus,Green Warbler,0.567,psm9,2024,06,16,05
756.0,759.0,Phylloscopus nitidus,Green Warbler,0.8323,psm9,2024,06,16,05
759.0,762.0,Phylloscopus nitidus,Green Warbler,0.5204,psm9,2024,06,16,05
765.0,768.0,Phylloscopus reguloides,Blyth's Leaf Warbler,0.6701,psm9,2024,06,16,05
783.0,786.0,Phylloscopus nitidus,Green Warbler,0.8351,psm9,2024,06,16,05
786.0,789.0,Phylloscopus nitidus,Green Warbler,0.9487,psm9,2024,06,16,05
789.0,792.0,Larvivora brunnea,Indian Blue Robin,0.5814,psm9,2024,06,16,05
792.0,795.0,Phylloscopus nitidus,Green Warbler,0.6246,psm9,2024,06,16,05
798.0,801.0,Phylloscopus nitidus,Green Warbler,0.7742,psm9,2024,06,16,05
807.0,810.0,Phylloscopus nitidus,Green Warbler,0.5089,psm9,2024,06,16,05
822.0,825.0,Protonotaria citrea,Prothonotary Warbler,0.5579,psm9,2024,06,16,05
831.0,834.0,Phylloscopus nitidus,Green Warbler,0.8432,psm9,2024,06,16,05
843.0,846.0,Phylloscopus nitidus,Green Warbler,0.8622,psm9,2024,06,16,05
852.0,855.0,Phylloscopus occipitalis,Western Crowned Warbler,0.8565,psm9,2024,06,16,05
855.0,858.0,Phylloscopus nitidus,Green Warbler,0.9329,psm9,2024,06,16,05
867.0,870.0,Phylloscopus occipitalis,Western Crowned Warbler,0.9864,psm9,2024,06,16,05
870.0,873.0,Phylloscopus occipitalis,Western Crowned Warbler,0.8077,psm9,2024,06,16,05
897.0,900.0,Phylloscopus occipitalis,Western Crowned Warbler,0.8342,psm9,2024,06,16,05
21.0,24.0,Phylloscopus occipitalis,Western Crowned Warbler,0.5336,psm9,2024,06,16,06
75.0,78.0,Protonotaria citrea,Prothonotary Warbler,0.5585,psm9,2024,06,16,06
117.0,120.0,Protonotaria citrea,Prothonotary Warbler,0.7649,psm9,2024,06,16,06
369.0,372.0,Phylloscopus occipitalis,Western Crowned Warbler,0.5021,psm9,2024,06,16,06
393.0,396.0,Phylloscopus occipitalis,Western Crowned Warbler,0.5075,psm9,2024,06,16,06
426.0,429.0,Phylloscopus occipitalis,Western Crowned Warbler,0.6389,psm9,2024,06,16,06
474.0,477.0,Phylloscopus occipitalis,Western Crowned Warbler,0.5481,psm9,2024,06,16,06
519.0,522.0,Phylloscopus trochiloides,Greenish Warbler,0.5396,psm9,2024,06,16,06
525.0,528.0,Phylloscopus trochiloides,Greenish Warbler,0.6202,psm9,2024,06,16,06
528.0,531.0,Phylloscopus occipitalis,Western Crowned Warbler,0.571,psm9,2024,06,16,06
567.0,570.0,Phylloscopus trochiloides,Greenish Warbler,0.87,psm9,2024,06,16,06
615.0,618.0,Phylloscopus occipitalis,Western Crowned Warbler,0.9304,psm9,2024,06,16,06
618.0,621.0,Phylloscopus trochiloides,Greenish Warbler,0.8369,psm9,2024,06,16,06
627.0,630.0,Protonotaria citrea,Prothonotary Warbler,0.7592,psm9,2024,06,16,06
654.0,657.0,Phylloscopus trochiloides,Greenish Warbler,0.7927,psm9,2024,06,16,06
657.0,660.0,Phylloscopus trochiloides,Greenish Warbler,0.5033,psm9,2024,06,16,06
663.0,666.0,Phylloscopus trochiloides,Greenish Warbler,0.6028,psm9,2024,06,16,06
687.0,690.0,Phylloscopus occipitalis,Western Crowned Warbler,0.8019,psm9,2024,06,16,06
690.0,693.0,Phylloscopus occipitalis,Western Crowned Warbler,0.8381,psm9,2024,06,16,06
693.0,696.0,Phylloscopus trochiloides,Greenish Warbler,0.902,psm9,2024,06,16,06
696.0,699.0,Phylloscopus nitidus,Green Warbler,0.6312,psm9,2024,06,16,06
699.0,702.0,Phylloscopus trochiloides,Greenish Warbler,0.5706,psm9,2024,06,16,06
702.0,705.0,Phylloscopus trochiloides,Greenish Warbler,0.8879,psm9,2024,06,16,06
708.0,711.0,Phylloscopus trochiloides,Greenish Warbler,0.6759,psm9,2024,06,16,06
711.0,714.0,Phylloscopus trochiloides,Greenish Warbler,0.8366,psm9,2024,06,16,06
717.0,720.0,Phylloscopus trochiloides,Greenish Warbler,0.65,psm9,2024,06,16,06
726.0,729.0,Phylloscopus trochiloides,Greenish Warbler,0.6153,psm9,2024,06,16,06
744.0,747.0,Phylloscopus occipitalis,Western Crowned Warbler,0.8973,psm9,2024,06,16,06
753.0,756.0,Phylloscopus occipitalis,Western Crowned Warbler,0.963,psm9,2024,06,16,06
762.0,765.0,Phylloscopus occipitalis,Western Crowned Warbler,0.9753,psm9,2024,06,16,06
777.0,780.0,Tringa erythropus,Spotted Redshank,0.7127,psm9,2024,06,16,06
786.0,789.0,Phylloscopus trochiloides,Greenish Warbler,0.5863,psm9,2024,06,16,06
798.0,801.0,Phylloscopus occipitalis,Western Crowned Warbler,0.8382,psm9,2024,06,16,06
825.0,828.0,Phylloscopus occipitalis,Western Crowned Warbler,0.6217,psm9,2024,06,16,06
828.0,831.0,Phylloscopus occipitalis,Western Crowned Warbler,0.6713,psm9,2024,06,16,06
828.0,831.0,Protonotaria citrea,Prothonotary Warbler,0.5875,psm9,2024,06,16,06
888.0,891.0,Protonotaria citrea,Prothonotary Warbler,0.8844,psm9,2024,06,16,06
18.0,21.0,Phylloscopus trochiloides,Greenish Warbler,0.5841,psm9,2024,06,16,07
24.0,27.0,Phylloscopus trochiloides,Greenish Warbler,0.5754,psm9,2024,06,16,07
30.0,33.0,Phylloscopus trochiloides,Greenish Warbler,0.9419,psm9,2024,06,16,07
33.0,36.0,Phylloscopus trochiloides,Greenish Warbler,0.8067,psm9,2024,06,16,07
93.0,96.0,Protonotaria citrea,Prothonotary Warbler,0.5532,psm9,2024,06,16,07
228.0,231.0,Carpodacus erythrinus,Common Rosefinch,0.6804,psm9,2024,06,16,07
261.0,264.0,Protonotaria citrea,Prothonotary Warbler,0.8485,psm9,2024,06,16,07
309.0,312.0,Protonotaria citrea,Prothonotary Warbler,0.807,psm9,2024,06,16,07
324.0,327.0,Carpodacus erythrinus,Common Rosefinch,0.7609,psm9,2024,06,16,07
327.0,330.0,Carpodacus erythrinus,Common Rosefinch,0.5843,psm9,2024,06,16,07
342.0,345.0,Carpodacus erythrinus,Common Rosefinch,0.9731,psm9,2024,06,16,07
348.0,351.0,Phylloscopus armandii,Yellow-streaked Warbler,0.5649,psm9,2024,06,16,07
351.0,354.0,Atlapetes fuscoolivaceus,Dusky-headed Brushfinch,0.646,psm9,2024,06,16,07
354.0,357.0,Carpodacus erythrinus,Common Rosefinch,0.7338,psm9,2024,06,16,07
360.0,363.0,Carpodacus erythrinus,Common Rosefinch,0.6153,psm9,2024,06,16,07
366.0,369.0,Carpodacus erythrinus,Common Rosefinch,0.5255,psm9,2024,06,16,07
381.0,384.0,Carpodacus erythrinus,Common Rosefinch,0.8616,psm9,2024,06,16,07
387.0,390.0,Phylloscopus occipitalis,Western Crowned Warbler,0.5595,psm9,2024,06,16,07
390.0,393.0,Carpodacus erythrinus,Common Rosefinch,0.8309,psm9,2024,06,16,07
396.0,399.0,Carpodacus erythrinus,Common Rosefinch,0.8405,psm9,2024,06,16,07
405.0,408.0,Carpodacus erythrinus,Common Rosefinch,0.9138,psm9,2024,06,16,07
408.0,411.0,Phylloscopus occipitalis,Western Crowned Warbler,0.958,psm9,2024,06,16,07
417.0,420.0,Carpodacus erythrinus,Common Rosefinch,0.5482,psm9,2024,06,16,07
423.0,426.0,Carpodacus erythrinus,Common Rosefinch,0.7404,psm9,2024,06,16,07
438.0,441.0,Carpodacus erythrinus,Common Rosefinch,0.5824,psm9,2024,06,16,07
450.0,453.0,Phylloscopus occipitalis,Western Crowned Warbler,0.6703,psm9,2024,06,16,07
453.0,456.0,Carpodacus erythrinus,Common Rosefinch,0.5683,psm9,2024,06,16,07
459.0,462.0,Phylloscopus occipitalis,Western Crowned Warbler,0.6751,psm9,2024,06,16,07
483.0,486.0,Phylloscopus affinis,Tickell's Leaf Warbler,0.5532,psm9,2024,06,16,07
489.0,492.0,Phylloscopus affinis,Tickell's Leaf Warbler,0.8311,psm9,2024,06,16,07
492.0,495.0,Phylloscopus affinis,Tickell's Leaf Warbler,0.8345,psm9,2024,06,16,07
498.0,501.0,Carpodacus erythrinus,Common Rosefinch,0.7913,psm9,2024,06,16,07
501.0,504.0,Carpodacus erythrinus,Common Rosefinch,0.6675,psm9,2024,06,16,07
507.0,510.0,Phylloscopus affinis,Tickell's Leaf Warbler,0.6459,psm9,2024,06,16,07
510.0,513.0,Phylloscopus occipitalis,Western Crowned Warbler,0.8398,psm9,2024,06,16,07
525.0,528.0,Carpodacus erythrinus,Common Rosefinch,0.9273,psm9,2024,06,16,07
528.0,531.0,Phylloscopus occipitalis,Western Crowned Warbler,0.5124,psm9,2024,06,16,07
540.0,543.0,Carpodacus erythrinus,Common Rosefinch,0.6251,psm9,2024,06,16,07
549.0,552.0,Carpodacus erythrinus,Common Rosefinch,0.6035,psm9,2024,06,16,07
552.0,555.0,Carpodacus erythrinus,Common Rosefinch,0.6848,psm9,2024,06,16,07
558.0,561.0,Phylloscopus occipitalis,Western Crowned Warbler,0.7308,psm9,2024,06,16,07
561.0,564.0,Carpodacus erythrinus,Common Rosefinch,0.5996,psm9,2024,06,16,07
567.0,570.0,Carpodacus erythrinus,Common Rosefinch,0.8047,psm9,2024,06,16,07
573.0,576.0,Carpodacus erythrinus,Common Rosefinch,0.6529,psm9,2024,06,16,07
576.0,579.0,Phylloscopus occipitalis,Western Crowned Warbler,0.7356,psm9,2024,06,16,07
585.0,588.0,Phylloscopus occipitalis,Western Crowned Warbler,0.708,psm9,2024,06,16,07
594.0,597.0,Phylloscopus occipitalis,Western Crowned Warbler,0.7139,psm9,2024,06,16,07
609.0,612.0,Phylloscopus occipitalis,Western Crowned Warbler,0.8745,psm9,2024,06,16,07
672.0,675.0,Phylloscopus occipitalis,Western Crowned Warbler,0.7249,psm9,2024,06,16,07
675.0,678.0,Protonotaria citrea,Prothonotary Warbler,0.5875,psm9,2024,06,16,07
705.0,708.0,Xenops rutilans,Streaked Xenops,0.5437,psm9,2024,06,16,07
708.0,711.0,Phylloscopus occipitalis,Western Crowned Warbler,0.5438,psm9,2024,06,16,07
720.0,723.0,Phylloscopus occipitalis,Western Crowned Warbler,0.8581,psm9,2024,06,16,07
732.0,735.0,Phylloscopus occipitalis,Western Crowned Warbler,0.9413,psm9,2024,06,16,07
735.0,738.0,Phylloscopus occipitalis,Western Crowned Warbler,0.5644,psm9,2024,06,16,07
741.0,744.0,Phylloscopus occipitalis,Western Crowned Warbler,0.6886,psm9,2024,06,16,07
771.0,774.0,Protonotaria citrea,Prothonotary Warbler,0.8979,psm9,2024,06,16,07
798.0,801.0,Protonotaria citrea,Prothonotary Warbler,0.6617,psm9,2024,06,16,07
798.0,801.0,Atlapetes fuscoolivaceus,Dusky-headed Brushfinch,0.5994,psm9,2024,06,16,07
810.0,813.0,Phylloscopus occipitalis,Western Crowned Warbler,0.8676,psm9,2024,06,16,07
813.0,816.0,Phylloscopus occipitalis,Western Crowned Warbler,0.5204,psm9,2024,06,16,07
816.0,819.0,Phylloscopus occipitalis,Western Crowned Warbler,0.5535,psm9,2024,06,16,07
837.0,840.0,Phylloscopus occipitalis,Western Crowned Warbler,0.8889,psm9,2024,06,16,07
846.0,849.0,Phylloscopus occipitalis,Western Crowned Warbler,0.9048,psm9,2024,06,16,07
855.0,858.0,Phylloscopus occipitalis,Western Crowned Warbler,0.6304,psm9,2024,06,16,07
885.0,888.0,Phylloscopus occipitalis,Western Crowned Warbler,0.9024,psm9,2024,06,16,07
891.0,894.0,Phylloscopus occipitalis,Western Crowned Warbler,0.6628,psm9,2024,06,16,07
363.0,366.0,Trochalopteron variegatum,Variegated Laughingthrush,0.8708,psm9,2024,06,17,05
372.0,375.0,Trochalopteron variegatum,Variegated Laughingthrush,0.9665,psm9,2024,06,17,05
375.0,378.0,Trochalopteron variegatum,Variegated Laughingthrush,0.6433,psm9,2024,06,17,05
393.0,396.0,Trochalopteron variegatum,Variegated Laughingthrush,0.5883,psm9,2024,06,17,05
411.0,414.0,Trochalopteron variegatum,Variegated Laughingthrush,0.5013,psm9,2024,06,17,05
420.0,423.0,Tarsiger rufilatus,Himalayan Bluetail,0.7905,psm9,2024,06,17,05
420.0,423.0,Trochalopteron affine,Black-faced Laughingthrush,0.5293,psm9,2024,06,17,05
423.0,426.0,Trochalopteron variegatum,Variegated Laughingthrush,0.8008,psm9,2024,06,17,05
429.0,432.0,Trochalopteron variegatum,Variegated Laughingthrush,0.8819,psm9,2024,06,17,05
435.0,438.0,Trochalopteron variegatum,Variegated Laughingthrush,0.799,psm9,2024,06,17,05
444.0,447.0,Trochalopteron variegatum,Variegated Laughingthrush,0.9516,psm9,2024,06,17,05
456.0,459.0,Trochalopteron variegatum,Variegated Laughingthrush,0.7099,psm9,2024,06,17,05
459.0,462.0,Trochalopteron variegatum,Variegated Laughingthrush,0.5942,psm9,2024,06,17,05
477.0,480.0,Trochalopteron variegatum,Variegated Laughingthrush,0.9527,psm9,2024,06,17,05
480.0,483.0,Trochalopteron variegatum,Variegated Laughingthrush,0.8161,psm9,2024,06,17,05
516.0,519.0,Trochalopteron variegatum,Variegated Laughingthrush,0.9297,psm9,2024,06,17,05
525.0,528.0,Trochalopteron variegatum,Variegated Laughingthrush,0.8806,psm9,2024,06,17,05
537.0,540.0,Trochalopteron variegatum,Variegated Laughingthrush,0.7257,psm9,2024,06,17,05
552.0,555.0,Trochalopteron variegatum,Variegated Laughingthrush,0.6433,psm9,2024,06,17,05
558.0,561.0,Trochalopteron variegatum,Variegated Laughingthrush,0.6616,psm9,2024,06,17,05
561.0,564.0,Trochalopteron variegatum,Variegated Laughingthrush,0.7189,psm9,2024,06,17,05
564.0,567.0,Trochalopteron variegatum,Variegated Laughingthrush,0.9319,psm9,2024,06,17,05
576.0,579.0,Trochalopteron variegatum,Variegated Laughingthrush,0.7571,psm9,2024,06,17,05
612.0,615.0,Trochalopteron variegatum,Variegated Laughingthrush,0.8654,psm9,2024,06,17,05
621.0,624.0,Trochalopteron variegatum,Variegated Laughingthrush,0.7098,psm9,2024,06,17,05
693.0,696.0,Phylloscopus occipitalis,Western Crowned Warbler,0.5568,psm9,2024,06,17,05
780.0,783.0,Phylloscopus nitidus,Green Warbler,0.9724,psm9,2024,06,17,05
780.0,783.0,Phylloscopus trochiloides,Greenish Warbler,0.641,psm9,2024,06,17,05
789.0,792.0,Trochalopteron variegatum,Variegated Laughingthrush,0.7935,psm9,2024,06,17,05
795.0,798.0,Trochalopteron variegatum,Variegated Laughingthrush,0.7382,psm9,2024,06,17,05
816.0,819.0,Phylloscopus nitidus,Green Warbler,0.92,psm9,2024,06,17,05
837.0,840.0,Phylloscopus nitidus,Green Warbler,0.5388,psm9,2024,06,17,05
837.0,840.0,Trochalopteron variegatum,Variegated Laughingthrush,0.5058,psm9,2024,06,17,05
843.0,846.0,Phylloscopus nitidus,Green Warbler,0.7543,psm9,2024,06,17,05
858.0,861.0,Trochalopteron variegatum,Variegated Laughingthrush,0.827,psm9,2024,06,17,05
870.0,873.0,Trochalopteron variegatum,Variegated Laughingthrush,0.9831,psm9,2024,06,17,05
885.0,888.0,Trochalopteron variegatum,Variegated Laughingthrush,0.6943,psm9,2024,06,17,05
0.0,3.0,Phylloscopus occipitalis,Western Crowned Warbler,0.6871,psm9,2024,06,17,06
51.0,54.0,Phylloscopus affinis,Tickell's Leaf Warbler,0.7873,psm9,2024,06,17,06
57.0,60.0,Phylloscopus affinis,Tickell's Leaf Warbler,0.8032,psm9,2024,06,17,06
63.0,66.0,Phylloscopus affinis,Tickell's Leaf Warbler,0.9601,psm9,2024,06,17,06
216.0,219.0,Larvivora brunnea,Indian Blue Robin,0.6795,psm9,2024,06,17,06
318.0,321.0,Larvivora brunnea,Indian Blue Robin,0.6421,psm9,2024,06,17,06
333.0,336.0,Larvivora brunnea,Indian Blue Robin,0.5447,psm9,2024,06,17,06
342.0,345.0,Phylloscopus occipitalis,Western Crowned Warbler,0.8596,psm9,2024,06,17,06
345.0,348.0,Protonotaria citrea,Prothonotary Warbler,0.5489,psm9,2024,06,17,06
378.0,381.0,Phylloscopus occipitalis,Western Crowned Warbler,0.6334,psm9,2024,06,17,06
381.0,384.0,Larvivora brunnea,Indian Blue Robin,0.5124,psm9,2024,06,17,06
396.0,399.0,Protonotaria citrea,Prothonotary Warbler,0.6316,psm9,2024,06,17,06
450.0,453.0,Carpodacus erythrinus,Common Rosefinch,0.7461,psm9,2024,06,17,06
456.0,459.0,Phylloscopus occipitalis,Western Crowned Warbler,0.9145,psm9,2024,06,17,06
459.0,462.0,Phylloscopus occipitalis,Western Crowned Warbler,0.6841,psm9,2024,06,17,06
462.0,465.0,Phylloscopus occipitalis,Western Crowned Warbler,0.5523,psm9,2024,06,17,06
498.0,501.0,Phylloscopus occipitalis,Western Crowned Warbler,0.5231,psm9,2024,06,17,06
504.0,507.0,Protonotaria citrea,Prothonotary Warbler,0.915,psm9,2024,06,17,06
519.0,522.0,Phylloscopus occipitalis,Western Crowned Warbler,0.6247,psm9,2024,06,17,06
531.0,534.0,Phylloscopus occipitalis,Western Crowned Warbler,0.6617,psm9,2024,06,17,06
534.0,537.0,Phylloscopus occipitalis,Western Crowned Warbler,0.7688,psm9,2024,06,17,06
537.0,540.0,Phylloscopus occipitalis,Western Crowned Warbler,0.6278,psm9,2024,06,17,06
540.0,543.0,Phylloscopus occipitalis,Western Crowned Warbler,0.5742,psm9,2024,06,17,06
546.0,549.0,Phylloscopus occipitalis,Western Crowned Warbler,0.6935,psm9,2024,06,17,06
567.0,570.0,Phylloscopus trochiloides,Greenish Warbler,0.5403,psm9,2024,06,17,06
582.0,585.0,Phylloscopus occipitalis,Western Crowned Warbler,0.7794,psm9,2024,06,17,06
588.0,591.0,Phylloscopus occipitalis,Western Crowned Warbler,0.9262,psm9,2024,06,17,06
594.0,597.0,Phylloscopus occipitalis,Western Crowned Warbler,0.7616,psm9,2024,06,17,06
636.0,639.0,Phylloscopus occipitalis,Western Crowned Warbler,0.8011,psm9,2024,06,17,06
639.0,642.0,Phylloscopus occipitalis,Western Crowned Warbler,0.8381,psm9,2024,06,17,06
648.0,651.0,Phylloscopus occipitalis,Western Crowned Warbler,0.9364,psm9,2024,06,17,06
660.0,663.0,Phylloscopus occipitalis,Western Crowned Warbler,0.7296,psm9,2024,06,17,06
678.0,681.0,Phylloscopus occipitalis,Western Crowned Warbler,0.6643,psm9,2024,06,17,06
684.0,687.0,Phylloscopus occipitalis,Western Crowned Warbler,0.8661,psm9,2024,06,17,06
690.0,693.0,Phylloscopus occipitalis,Western Crowned Warbler,0.7838,psm9,2024,06,17,06
711.0,714.0,Phylloscopus occipitalis,Western Crowned Warbler,0.5446,psm9,2024,06,17,06
720.0,723.0,Phylloscopus occipitalis,Western Crowned Warbler,0.7566,psm9,2024,06,17,06
723.0,726.0,Phylloscopus occipitalis,Western Crowned Warbler,0.5095,psm9,2024,06,17,06
726.0,729.0,Atlapetes fuscoolivaceus,Dusky-headed Brushfinch,0.5012,psm9,2024,06,17,06
741.0,744.0,Phylloscopus occipitalis,Western Crowned Warbler,0.7676,psm9,2024,06,17,06
786.0,789.0,Phylloscopus occipitalis,Western Crowned Warbler,0.619,psm9,2024,06,17,06
795.0,798.0,Phylloscopus trochiloides,Greenish Warbler,0.8376,psm9,2024,06,17,06
801.0,804.0,Phylloscopus occipitalis,Western Crowned Warbler,0.5609,psm9,2024,06,17,06
828.0,831.0,Phylloscopus trochiloides,Greenish Warbler,0.6617,psm9,2024,06,17,06
837.0,840.0,Phylloscopus trochiloides,Greenish Warbler,0.8152,psm9,2024,06,17,06
849.0,852.0,Phylloscopus occipitalis,Western Crowned Warbler,0.6874,psm9,2024,06,17,06
852.0,855.0,Phylloscopus occipitalis,Western Crowned Warbler,0.9873,psm9,2024,06,17,06
855.0,858.0,Phylloscopus occipitalis,Western Crowned Warbler,0.7049,psm9,2024,06,17,06
861.0,864.0,Phylloscopus occipitalis,Western Crowned Warbler,0.7302,psm9,2024,06,17,06
870.0,873.0,Phylloscopus trochiloides,Greenish Warbler,0.7309,psm9,2024,06,17,06
873.0,876.0,Phylloscopus occipitalis,Western Crowned Warbler,0.5679,psm9,2024,06,17,06
876.0,879.0,Phylloscopus trochiloides,Greenish Warbler,0.8187,psm9,2024,06,17,06
879.0,882.0,Phylloscopus trochiloides,Greenish Warbler,0.9006,psm9,2024,06,17,06
882.0,885.0,Phylloscopus trochiloides,Greenish Warbler,0.8847,psm9,2024,06,17,06
885.0,888.0,Phylloscopus trochiloides,Greenish Warbler,0.9156,psm9,2024,06,17,06
888.0,891.0,Phylloscopus trochiloides,Greenish Warbler,0.8737,psm9,2024,06,17,06
891.0,894.0,Phylloscopus trochiloides,Greenish Warbler,0.8872,psm9,2024,06,17,06
894.0,897.0,Phylloscopus trochiloides,Greenish Warbler,0.9619,psm9,2024,06,17,06
897.0,900.0,Phylloscopus trochiloides,Greenish Warbler,0.8089,psm9,2024,06,17,06
0.0,3.0,Trochalopteron variegatum,Variegated Laughingthrush,0.9648,psm9,2024,06,17,07
3.0,6.0,Trochalopteron variegatum,Variegated Laughingthrush,0.9971,psm9,2024,06,17,07
6.0,9.0,Trochalopteron variegatum,Variegated Laughingthrush,0.9973,psm9,2024,06,17,07
9.0,12.0,Trochalopteron variegatum,Variegated Laughingthrush,0.9801,psm9,2024,06,17,07
12.0,15.0,Trochalopteron variegatum,Variegated Laughingthrush,0.8863,psm9,2024,06,17,07
15.0,18.0,Trochalopteron variegatum,Variegated Laughingthrush,0.9384,psm9,2024,06,17,07
21.0,24.0,Trochalopteron variegatum,Variegated Laughingthrush,0.913,psm9,2024,06,17,07
24.0,27.0,Trochalopteron variegatum,Variegated Laughingthrush,0.9169,psm9,2024,06,17,07
30.0,33.0,Trochalopteron variegatum,Variegated Laughingthrush,0.9631,psm9,2024,06,17,07
33.0,36.0,Trochalopteron variegatum,Variegated Laughingthrush,0.7306,psm9,2024,06,17,07
39.0,42.0,Trochalopteron variegatum,Variegated Laughingthrush,0.7687,psm9,2024,06,17,07
42.0,45.0,Trochalopteron variegatum,Variegated Laughingthrush,0.832,psm9,2024,06,17,07
48.0,51.0,Trochalopteron variegatum,Variegated Laughingthrush,0.502,psm9,2024,06,17,07
54.0,57.0,Trochalopteron variegatum,Variegated Laughingthrush,0.6244,psm9,2024,06,17,07
57.0,60.0,Trochalopteron variegatum,Variegated Laughingthrush,0.7403,psm9,2024,06,17,07
63.0,66.0,Trochalopteron variegatum,Variegated Laughingthrush,0.8372,psm9,2024,06,17,07
69.0,72.0,Trochalopteron variegatum,Variegated Laughingthrush,0.9008,psm9,2024,06,17,07
78.0,81.0,Trochalopteron variegatum,Variegated Laughingthrush,0.8116,psm9,2024,06,17,07
81.0,84.0,Trochalopteron variegatum,Variegated Laughingthrush,0.9804,psm9,2024,06,17,07
87.0,90.0,Trochalopteron variegatum,Variegated Laughingthrush,0.769,psm9,2024,06,17,07
90.0,93.0,Trochalopteron variegatum,Variegated Laughingthrush,0.848,psm9,2024,06,17,07
93.0,96.0,Trochalopteron variegatum,Variegated Laughingthrush,0.7392,psm9,2024,06,17,07
96.0,99.0,Trochalopteron variegatum,Variegated Laughingthrush,0.9877,psm9,2024,06,17,07
99.0,102.0,Trochalopteron variegatum,Variegated Laughingthrush,0.8905,psm9,2024,06,17,07
102.0,105.0,Trochalopteron variegatum,Variegated Laughingthrush,0.9719,psm9,2024,06,17,07
105.0,108.0,Trochalopteron variegatum,Variegated Laughingthrush,0.8676,psm9,2024,06,17,07
111.0,114.0,Trochalopteron variegatum,Variegated Laughingthrush,0.949,psm9,2024,06,17,07
126.0,129.0,Trochalopteron variegatum,Variegated Laughingthrush,0.7632,psm9,2024,06,17,07
135.0,138.0,Trochalopteron variegatum,Variegated Laughingthrush,0.8772,psm9,2024,06,17,07
141.0,144.0,Trochalopteron variegatum,Variegated Laughingthrush,0.9123,psm9,2024,06,17,07
153.0,156.0,Trochalopteron variegatum,Variegated Laughingthrush,0.8424,psm9,2024,06,17,07
156.0,159.0,Trochalopteron variegatum,Variegated Laughingthrush,0.7591,psm9,2024,06,17,07
162.0,165.0,Trochalopteron variegatum,Variegated Laughingthrush,0.7565,psm9,2024,06,17,07
165.0,168.0,Trochalopteron variegatum,Variegated Laughingthrush,0.8034,psm9,2024,06,17,07
180.0,183.0,Trochalopteron variegatum,Variegated Laughingthrush,0.9312,psm9,2024,06,17,07
186.0,189.0,Trochalopteron variegatum,Variegated Laughingthrush,0.5526,psm9,2024,06,17,07
192.0,195.0,Trochalopteron variegatum,Variegated Laughingthrush,0.7924,psm9,2024,06,17,07
198.0,201.0,Trochalopteron variegatum,Variegated Laughingthrush,0.9937,psm9,2024,06,17,07
201.0,204.0,Trochalopteron variegatum,Variegated Laughingthrush,0.8357,psm9,2024,06,17,07
204.0,207.0,Trochalopteron variegatum,Variegated Laughingthrush,0.596,psm9,2024,06,17,07
213.0,216.0,Trochalopteron variegatum,Variegated Laughingthrush,0.8049,psm9,2024,06,17,07
219.0,222.0,Trochalopteron variegatum,Variegated Laughingthrush,0.7395,psm9,2024,06,17,07
222.0,225.0,Trochalopteron variegatum,Variegated Laughingthrush,0.6043,psm9,2024,06,17,07
240.0,243.0,Trochalopteron variegatum,Variegated Laughingthrush,0.7891,psm9,2024,06,17,07
243.0,246.0,Trochalopteron variegatum,Variegated Laughingthrush,0.5889,psm9,2024,06,17,07
252.0,255.0,Trochalopteron variegatum,Variegated Laughingthrush,0.8225,psm9,2024,06,17,07
255.0,258.0,Trochalopteron variegatum,Variegated Laughingthrush,0.8261,psm9,2024,06,17,07
258.0,261.0,Trochalopteron variegatum,Variegated Laughingthrush,0.9575,psm9,2024,06,17,07
276.0,279.0,Trochalopteron variegatum,Variegated Laughingthrush,0.7854,psm9,2024,06,17,07
282.0,285.0,Trochalopteron variegatum,Variegated Laughingthrush,0.9718,psm9,2024,06,17,07
297.0,300.0,Trochalopteron variegatum,Variegated Laughingthrush,0.5087,psm9,2024,06,17,07
306.0,309.0,Trochalopteron variegatum,Variegated Laughingthrush,0.8992,psm9,2024,06,17,07
312.0,315.0,Trochalopteron variegatum,Variegated Laughingthrush,0.7677,psm9,2024,06,17,07
318.0,321.0,Trochalopteron variegatum,Variegated Laughingthrush,0.813,psm9,2024,06,17,07
321.0,324.0,Trochalopteron variegatum,Variegated Laughingthrush,0.6198,psm9,2024,06,17,07
330.0,333.0,Trochalopteron variegatum,Variegated Laughingthrush,0.8265,psm9,2024,06,17,07
333.0,336.0,Trochalopteron variegatum,Variegated Laughingthrush,0.8222,psm9,2024,06,17,07
348.0,351.0,Trochalopteron variegatum,Variegated Laughingthrush,0.942,psm9,2024,06,17,07
357.0,360.0,Trochalopteron variegatum,Variegated Laughingthrush,0.5975,psm9,2024,06,17,07
387.0,390.0,Trochalopteron variegatum,Variegated Laughingthrush,0.6113,psm9,2024,06,17,07
564.0,567.0,Phylloscopus occipitalis,Western Crowned Warbler,0.7547,psm9,2024,06,17,07
573.0,576.0,Larvivora brunnea,Indian Blue Robin,0.8245,psm9,2024,06,17,07
579.0,582.0,Carpodacus erythrinus,Common Rosefinch,0.9682,psm9,2024,06,17,07
867.0,870.0,Phylloscopus affinis,Tickell's Leaf Warbler,0.8299,psm9,2024,06,17,07
885.0,888.0,Phylloscopus affinis,Tickell's Leaf Warbler,0.8344,psm9,2024,06,17,07
891.0,894.0,Protonotaria citrea,Prothonotary Warbler,0.6765,psm9,2024,06,17,07
54.0,57.0,Leiothrix argentauris,Silver-eared Mesia,0.5264,psm9,2024,06,18,05
69.0,72.0,Tarsiger rufilatus,Himalayan Bluetail,0.5788,psm9,2024,06,18,05
81.0,84.0,Cyanoptila cumatilis,Zappey's Flycatcher,0.5156,psm9,2024,06,18,05
135.0,138.0,Prunella strophiata,Rufous-breasted Accentor,0.6213,psm9,2024,06,18,05
162.0,165.0,Tarsiger rufilatus,Himalayan Bluetail,0.5111,psm9,2024,06,18,05
255.0,258.0,Phylloscopus occipitalis,Western Crowned Warbler,0.7001,psm9,2024,06,18,05
447.0,450.0,Trochalopteron variegatum,Variegated Laughingthrush,0.5518,psm9,2024,06,18,05
558.0,561.0,Troglodytes pacificus,Pacific Wren,0.768,psm9,2024,06,18,05
669.0,672.0,Phylloscopus occipitalis,Western Crowned Warbler,0.6203,psm9,2024,06,18,05
738.0,741.0,Phylloscopus occipitalis,Western Crowned Warbler,0.566,psm9,2024,06,18,05
813.0,816.0,Protonotaria citrea,Prothonotary Warbler,0.5888,psm9,2024,06,18,05
849.0,852.0,Phylloscopus nitidus,Green Warbler,0.8954,psm9,2024,06,18,05
861.0,864.0,Phylloscopus nitidus,Green Warbler,0.8259,psm9,2024,06,18,05
864.0,867.0,Phylloscopus nitidus,Green Warbler,0.8272,psm9,2024,06,18,05
870.0,873.0,Phylloscopus reguloides,Blyth's Leaf Warbler,0.7552,psm9,2024,06,18,05
873.0,876.0,Phylloscopus nitidus,Green Warbler,0.5413,psm9,2024,06,18,05
882.0,885.0,Phylloscopus nitidus,Green Warbler,0.5703,psm9,2024,06,18,05
882.0,885.0,Phylloscopus reguloides,Blyth's Leaf Warbler,0.5103,psm9,2024,06,18,05
888.0,891.0,Phylloscopus nitidus,Green Warbler,0.8685,psm9,2024,06,18,05
888.0,891.0,Phylloscopus trochiloides,Greenish Warbler,0.762,psm9,2024,06,18,05
105.0,108.0,Protonotaria citrea,Prothonotary Warbler,0.5883,psm9,2024,06,18,06
189.0,192.0,Phylloscopus occipitalis,Western Crowned Warbler,0.9164,psm9,2024,06,18,06
210.0,213.0,Phylloscopus occipitalis,Western Crowned Warbler,0.8299,psm9,2024,06,18,06
369.0,372.0,Phylloscopus occipitalis,Western Crowned Warbler,0.8248,psm9,2024,06,18,06
432.0,435.0,Protonotaria citrea,Prothonotary Warbler,0.5405,psm9,2024,06,18,06
489.0,492.0,Phylloscopus nitidus,Green Warbler,0.9167,psm9,2024,06,18,06
498.0,501.0,Phylloscopus nitidus,Green Warbler,0.984,psm9,2024,06,18,06
507.0,510.0,Phylloscopus nitidus,Green Warbler,0.8972,psm9,2024,06,18,06
516.0,519.0,Phylloscopus nitidus,Green Warbler,0.5149,psm9,2024,06,18,06
543.0,546.0,Phylloscopus nitidus,Green Warbler,0.5553,psm9,2024,06,18,06
564.0,567.0,Phylloscopus occipitalis,Western Crowned Warbler,0.6743,psm9,2024,06,18,06
570.0,573.0,Phylloscopus nitidus,Green Warbler,0.7076,psm9,2024,06,18,06
579.0,582.0,Phylloscopus nitidus,Green Warbler,0.9023,psm9,2024,06,18,06
582.0,585.0,Phylloscopus nitidus,Green Warbler,0.8816,psm9,2024,06,18,06
582.0,585.0,Phylloscopus trochiloides,Greenish Warbler,0.8001,psm9,2024,06,18,06
585.0,588.0,Phylloscopus occipitalis,Western Crowned Warbler,0.5692,psm9,2024,06,18,06
612.0,615.0,Phylloscopus humei,Hume's Warbler,0.7644,psm9,2024,06,18,06
615.0,618.0,Phylloscopus humei,Hume's Warbler,0.7902,psm9,2024,06,18,06
618.0,621.0,Phylloscopus humei,Hume's Warbler,0.6665,psm9,2024,06,18,06
621.0,624.0,Phylloscopus humei,Hume's Warbler,0.7779,psm9,2024,06,18,06
624.0,627.0,Phylloscopus humei,Hume's Warbler,0.9272,psm9,2024,06,18,06
627.0,630.0,Phylloscopus humei,Hume's Warbler,0.8925,psm9,2024,06,18,06
630.0,633.0,Phylloscopus humei,Hume's Warbler,0.8749,psm9,2024,06,18,06
633.0,636.0,Phylloscopus humei,Hume's Warbler,0.9711,psm9,2024,06,18,06
636.0,639.0,Phylloscopus humei,Hume's Warbler,0.9141,psm9,2024,06,18,06
639.0,642.0,Phylloscopus humei,Hume's Warbler,0.9217,psm9,2024,06,18,06
642.0,645.0,Phylloscopus humei,Hume's Warbler,0.6766,psm9,2024,06,18,06
645.0,648.0,Phylloscopus humei,Hume's Warbler,0.9638,psm9,2024,06,18,06
648.0,651.0,Phylloscopus humei,Hume's Warbler,0.8694,psm9,2024,06,18,06
651.0,654.0,Phylloscopus humei,Hume's Warbler,0.9896,psm9,2024,06,18,06
657.0,660.0,Phylloscopus humei,Hume's Warbler,0.8993,psm9,2024,06,18,06
663.0,666.0,Phylloscopus humei,Hume's Warbler,0.5001,psm9,2024,06,18,06
666.0,669.0,Phylloscopus humei,Hume's Warbler,0.9563,psm9,2024,06,18,06
669.0,672.0,Phylloscopus humei,Hume's Warbler,0.9602,psm9,2024,06,18,06
672.0,675.0,Phylloscopus humei,Hume's Warbler,0.6463,psm9,2024,06,18,06
678.0,681.0,Phylloscopus humei,Hume's Warbler,0.5602,psm9,2024,06,18,06
681.0,684.0,Phylloscopus humei,Hume's Warbler,0.5453,psm9,2024,06,18,06
684.0,687.0,Phylloscopus humei,Hume's Warbler,0.9354,psm9,2024,06,18,06
687.0,690.0,Phylloscopus humei,Hume's Warbler,0.882,psm9,2024,06,18,06
690.0,693.0,Phylloscopus humei,Hume's Warbler,0.8862,psm9,2024,06,18,06
693.0,696.0,Phylloscopus humei,Hume's Warbler,0.9939,psm9,2024,06,18,06
696.0,699.0,Phylloscopus humei,Hume's Warbler,0.6096,psm9,2024,06,18,06
699.0,702.0,Phylloscopus humei,Hume's Warbler,0.9001,psm9,2024,06,18,06
705.0,708.0,Phylloscopus humei,Hume's Warbler,0.7448,psm9,2024,06,18,06
708.0,711.0,Phylloscopus humei,Hume's Warbler,0.9809,psm9,2024,06,18,06
711.0,714.0,Phylloscopus humei,Hume's Warbler,0.9499,psm9,2024,06,18,06
714.0,717.0,Phylloscopus humei,Hume's Warbler,0.6309,psm9,2024,06,18,06
717.0,720.0,Phylloscopus humei,Hume's Warbler,0.8033,psm9,2024,06,18,06
720.0,723.0,Phylloscopus humei,Hume's Warbler,0.9171,psm9,2024,06,18,06
723.0,726.0,Phylloscopus humei,Hume's Warbler,0.9709,psm9,2024,06,18,06
726.0,729.0,Phylloscopus humei,Hume's Warbler,0.7095,psm9,2024,06,18,06
729.0,732.0,Phylloscopus humei,Hume's Warbler,0.7901,psm9,2024,06,18,06
732.0,735.0,Phylloscopus humei,Hume's Warbler,0.7734,psm9,2024,06,18,06
738.0,741.0,Phylloscopus humei,Hume's Warbler,0.9339,psm9,2024,06,18,06
741.0,744.0,Phylloscopus humei,Hume's Warbler,0.5706,psm9,2024,06,18,06
744.0,747.0,Phylloscopus humei,Hume's Warbler,0.7759,psm9,2024,06,18,06
747.0,750.0,Phylloscopus occipitalis,Western Crowned Warbler,0.5959,psm9,2024,06,18,06
750.0,753.0,Phylloscopus humei,Hume's Warbler,0.9343,psm9,2024,06,18,06
753.0,756.0,Phylloscopus humei,Hume's Warbler,0.9507,psm9,2024,06,18,06
765.0,768.0,Phylloscopus humei,Hume's Warbler,0.627,psm9,2024,06,18,06
768.0,771.0,Phylloscopus humei,Hume's Warbler,0.9127,psm9,2024,06,18,06
774.0,777.0,Phylloscopus humei,Hume's Warbler,0.9092,psm9,2024,06,18,06
789.0,792.0,Phylloscopus humei,Hume's Warbler,0.9303,psm9,2024,06,18,06
792.0,795.0,Phylloscopus humei,Hume's Warbler,0.9547,psm9,2024,06,18,06
795.0,798.0,Phylloscopus humei,Hume's Warbler,0.5936,psm9,2024,06,18,06
807.0,810.0,Phylloscopus humei,Hume's Warbler,0.8969,psm9,2024,06,18,06
813.0,816.0,Phylloscopus humei,Hume's Warbler,0.5827,psm9,2024,06,18,06
816.0,819.0,Phylloscopus humei,Hume's Warbler,0.8089,psm9,2024,06,18,06
825.0,828.0,Phylloscopus humei,Hume's Warbler,0.868,psm9,2024,06,18,06
831.0,834.0,Phylloscopus humei,Hume's Warbler,0.9399,psm9,2024,06,18,06
834.0,837.0,Phylloscopus humei,Hume's Warbler,0.7295,psm9,2024,06,18,06
849.0,852.0,Phylloscopus humei,Hume's Warbler,0.6817,psm9,2024,06,18,06
852.0,855.0,Phylloscopus humei,Hume's Warbler,0.6194,psm9,2024,06,18,06
858.0,861.0,Phylloscopus humei,Hume's Warbler,0.6415,psm9,2024,06,18,06
861.0,864.0,Phylloscopus humei,Hume's Warbler,0.6788,psm9,2024,06,18,06
873.0,876.0,Phylloscopus occipitalis,Western Crowned Warbler,0.8493,psm9,2024,06,18,06
891.0,894.0,Phylloscopus humei,Hume's Warbler,0.7478,psm9,2024,06,18,06
894.0,897.0,Phylloscopus humei,Hume's Warbler,0.5222,psm9,2024,06,18,06
897.0,900.0,Phylloscopus humei,Hume's Warbler,0.6042,psm9,2024,06,18,06
3.0,6.0,Phylloscopus occipitalis,Western Crowned Warbler,0.538,psm9,2024,06,18,07
18.0,21.0,Phylloscopus occipitalis,Western Crowned Warbler,0.927,psm9,2024,06,18,07
78.0,81.0,Tringa erythropus,Spotted Redshank,0.9789,psm9,2024,06,18,07
210.0,213.0,Calidris alpina,Dunlin,0.5288,psm9,2024,06,18,07
483.0,486.0,Carpodacus erythrinus,Common Rosefinch,0.5962,psm9,2024,06,18,07
3.0,6.0,Phylloscopus occipitalis,Western Crowned Warbler,0.5298,psm9,2024,06,19,05
6.0,9.0,Phylloscopus occipitalis,Western Crowned Warbler,0.5315,psm9,2024,06,19,05
12.0,15.0,Phylloscopus occipitalis,Western Crowned Warbler,0.518,psm9,2024,06,19,05
21.0,24.0,Phylloscopus occipitalis,Western Crowned Warbler,0.8636,psm9,2024,06,19,05
36.0,39.0,Phylloscopus occipitalis,Western Crowned Warbler,0.6102,psm9,2024,06,19,05
42.0,45.0,Phylloscopus occipitalis,Western Crowned Warbler,0.8627,psm9,2024,06,19,05
57.0,60.0,Phylloscopus occipitalis,Western Crowned Warbler,0.6043,psm9,2024,06,19,05
63.0,66.0,Phylloscopus occipitalis,Western Crowned Warbler,0.5379,psm9,2024,06,19,05
66.0,69.0,Phylloscopus occipitalis,Western Crowned Warbler,0.5486,psm9,2024,06,19,05
69.0,72.0,Phylloscopus occipitalis,Western Crowned Warbler,0.7581,psm9,2024,06,19,05
72.0,75.0,Phylloscopus occipitalis,Western Crowned Warbler,0.8927,psm9,2024,06,19,05
75.0,78.0,Phylloscopus occipitalis,Western Crowned Warbler,0.7282,psm9,2024,06,19,05
84.0,87.0,Phylloscopus occipitalis,Western Crowned Warbler,0.8217,psm9,2024,06,19,05
90.0,93.0,Phylloscopus occipitalis,Western Crowned Warbler,0.6046,psm9,2024,06,19,05
96.0,99.0,Phylloscopus occipitalis,Western Crowned Warbler,0.9179,psm9,2024,06,19,05
99.0,102.0,Phylloscopus occipitalis,Western Crowned Warbler,0.7593,psm9,2024,06,19,05
102.0,105.0,Phylloscopus occipitalis,Western Crowned Warbler,0.7485,psm9,2024,06,19,05
117.0,120.0,Phylloscopus occipitalis,Western Crowned Warbler,0.5442,psm9,2024,06,19,05
120.0,123.0,Phylloscopus occipitalis,Western Crowned Warbler,0.8149,psm9,2024,06,19,05
138.0,141.0,Phylloscopus occipitalis,Western Crowned Warbler,0.8512,psm9,2024,06,19,05
141.0,144.0,Phylloscopus occipitalis,Western Crowned Warbler,0.5321,psm9,2024,06,19,05
147.0,150.0,Phylloscopus occipitalis,Western Crowned Warbler,0.8214,psm9,2024,06,19,05
150.0,153.0,Phylloscopus occipitalis,Western Crowned Warbler,0.7556,psm9,2024,06,19,05
153.0,156.0,Phylloscopus occipitalis,Western Crowned Warbler,0.6348,psm9,2024,06,19,05
156.0,159.0,Phylloscopus occipitalis,Western Crowned Warbler,0.7767,psm9,2024,06,19,05
159.0,162.0,Phylloscopus occipitalis,Western Crowned Warbler,0.9749,psm9,2024,06,19,05
165.0,168.0,Phylloscopus occipitalis,Western Crowned Warbler,0.8421,psm9,2024,06,19,05
168.0,171.0,Phylloscopus occipitalis,Western Crowned Warbler,0.6546,psm9,2024,06,19,05
171.0,174.0,Phylloscopus occipitalis,Western Crowned Warbler,0.6762,psm9,2024,06,19,05
174.0,177.0,Phylloscopus occipitalis,Western Crowned Warbler,0.9032,psm9,2024,06,19,05
189.0,192.0,Phylloscopus occipitalis,Western Crowned Warbler,0.5145,psm9,2024,06,19,05
210.0,213.0,Phylloscopus occipitalis,Western Crowned Warbler,0.7726,psm9,2024,06,19,05
213.0,216.0,Phylloscopus occipitalis,Western Crowned Warbler,0.7859,psm9,2024,06,19,05
216.0,219.0,Phylloscopus occipitalis,Western Crowned Warbler,0.834,psm9,2024,06,19,05
246.0,249.0,Phylloscopus occipitalis,Western Crowned Warbler,0.6638,psm9,2024,06,19,05
255.0,258.0,Phylloscopus occipitalis,Western Crowned Warbler,0.5611,psm9,2024,06,19,05
258.0,261.0,Phylloscopus occipitalis,Western Crowned Warbler,0.8697,psm9,2024,06,19,05
267.0,270.0,Phylloscopus occipitalis,Western Crowned Warbler,0.697,psm9,2024,06,19,05
276.0,279.0,Phylloscopus occipitalis,Western Crowned Warbler,0.5408,psm9,2024,06,19,05
279.0,282.0,Phylloscopus occipitalis,Western Crowned Warbler,0.537,psm9,2024,06,19,05
291.0,294.0,Phylloscopus occipitalis,Western Crowned Warbler,0.5774,psm9,2024,06,19,05
309.0,312.0,Phylloscopus occipitalis,Western Crowned Warbler,0.8261,psm9,2024,06,19,05
336.0,339.0,Phylloscopus occipitalis,Western Crowned Warbler,0.514,psm9,2024,06,19,05
357.0,360.0,Phylloscopus occipitalis,Western Crowned Warbler,0.5458,psm9,2024,06,19,05
369.0,372.0,Phylloscopus occipitalis,Western Crowned Warbler,0.6603,psm9,2024,06,19,05
372.0,375.0,Phylloscopus occipitalis,Western Crowned Warbler,0.7671,psm9,2024,06,19,05
375.0,378.0,Phylloscopus occipitalis,Western Crowned Warbler,0.5705,psm9,2024,06,19,05
387.0,390.0,Phylloscopus occipitalis,Western Crowned Warbler,0.6963,psm9,2024,06,19,05
393.0,396.0,Phylloscopus occipitalis,Western Crowned Warbler,0.6233,psm9,2024,06,19,05
411.0,414.0,Phylloscopus occipitalis,Western Crowned Warbler,0.5452,psm9,2024,06,19,05
423.0,426.0,Phylloscopus occipitalis,Western Crowned Warbler,0.5749,psm9,2024,06,19,05
426.0,429.0,Prunella strophiata,Rufous-breasted Accentor,0.9677,psm9,2024,06,19,05
429.0,432.0,Phylloscopus occipitalis,Western Crowned Warbler,0.6866,psm9,2024,06,19,05
441.0,444.0,Prunella strophiata,Rufous-breasted Accentor,0.6192,psm9,2024,06,19,05
444.0,447.0,Phylloscopus occipitalis,Western Crowned Warbler,0.7893,psm9,2024,06,19,05
450.0,453.0,Phylloscopus occipitalis,Western Crowned Warbler,0.7837,psm9,2024,06,19,05
453.0,456.0,Phylloscopus occipitalis,Western Crowned Warbler,0.5341,psm9,2024,06,19,05
456.0,459.0,Phylloscopus occipitalis,Western Crowned Warbler,0.5291,psm9,2024,06,19,05
477.0,480.0,Phylloscopus occipitalis,Western Crowned Warbler,0.8996,psm9,2024,06,19,05
558.0,561.0,Phylloscopus occipitalis,Western Crowned Warbler,0.6771,psm9,2024,06,19,05
564.0,567.0,Phylloscopus occipitalis,Western Crowned Warbler,0.653,psm9,2024,06,19,05
579.0,582.0,Phylloscopus occipitalis,Western Crowned Warbler,0.6195,psm9,2024,06,19,05
627.0,630.0,Phylloscopus occipitalis,Western Crowned Warbler,0.5257,psm9,2024,06,19,05
633.0,636.0,Phylloscopus occipitalis,Western Crowned Warbler,0.6552,psm9,2024,06,19,05
663.0,666.0,Phylloscopus occipitalis,Western Crowned Warbler,0.5768,psm9,2024,06,19,05
813.0,816.0,Phylloscopus occipitalis,Western Crowned Warbler,0.5341,psm9,2024,06,19,05
816.0,819.0,Phylloscopus occipitalis,Western Crowned Warbler,0.6536,psm9,2024,06,19,05
822.0,825.0,Phylloscopus occipitalis,Western Crowned Warbler,0.6844,psm9,2024,06,19,05
885.0,888.0,Phylloscopus humei,Hume's Warbler,0.8723,psm9,2024,06,19,05
888.0,891.0,Phylloscopus humei,Hume's Warbler,0.5468,psm9,2024,06,19,05
894.0,897.0,Phylloscopus humei,Hume's Warbler,0.7167,psm9,2024,06,19,05
21.0,24.0,Phylloscopus affinis,Tickell's Leaf Warbler,0.8274,psm9,2024,06,19,06
33.0,36.0,Basileuterus rufifrons,Rufous-capped Warbler,0.6817,psm9,2024,06,19,06
48.0,51.0,Phylloscopus occipitalis,Western Crowned Warbler,0.7396,psm9,2024,06,19,06
51.0,54.0,Phylloscopus occipitalis,Western Crowned Warbler,0.5794,psm9,2024,06,19,06
60.0,63.0,Phylloscopus affinis,Tickell's Leaf Warbler,0.5755,psm9,2024,06,19,06
78.0,81.0,Phylloscopus occipitalis,Western Crowned Warbler,0.6601,psm9,2024,06,19,06
84.0,87.0,Phylloscopus affinis,Tickell's Leaf Warbler,0.7191,psm9,2024,06,19,06
183.0,186.0,Phylloscopus humei,Hume's Warbler,0.7865,psm9,2024,06,19,06
222.0,225.0,Phylloscopus occipitalis,Western Crowned Warbler,0.7567,psm9,2024,06,19,06
231.0,234.0,Phylloscopus occipitalis,Western Crowned Warbler,0.9342,psm9,2024,06,19,06
234.0,237.0,Phylloscopus occipitalis,Western Crowned Warbler,0.6401,psm9,2024,06,19,06
258.0,261.0,Phylloscopus occipitalis,Western Crowned Warbler,0.6665,psm9,2024,06,19,06
279.0,282.0,Phylloscopus occipitalis,Western Crowned Warbler,0.6972,psm9,2024,06,19,06
330.0,333.0,Protonotaria citrea,Prothonotary Warbler,0.6628,psm9,2024,06,19,06
342.0,345.0,Phylloscopus magnirostris,Large-billed Leaf Warbler,0.5459,psm9,2024,06,19,06
387.0,390.0,Phylloscopus occipitalis,Western Crowned Warbler,0.5888,psm9,2024,06,19,06
396.0,399.0,Phylloscopus trochiloides,Greenish Warbler,0.5324,psm9,2024,06,19,06
519.0,522.0,Prinia socialis,Ashy Prinia,0.6373,psm9,2024,06,19,06
549.0,552.0,Phylloscopus humei,Hume's Warbler,0.6051,psm9,2024,06,19,06
573.0,576.0,Anthus trivialis,Tree Pipit,0.7292,psm9,2024,06,19,06
732.0,735.0,Phylloscopus occipitalis,Western Crowned Warbler,0.5933,psm9,2024,06,19,06
741.0,744.0,Phylloscopus occipitalis,Western Crowned Warbler,0.7295,psm9,2024,06,19,06
768.0,771.0,Anthus trivialis,Tree Pipit,0.6967,psm9,2024,06,19,06
771.0,774.0,Phylloscopus occipitalis,Western Crowned Warbler,0.7338,psm9,2024,06,19,06
276.0,279.0,Palmeria dolei,Akohekohe,0.5141,psm9,2024,06,19,07
363.0,366.0,Tringa erythropus,Spotted Redshank,0.6528,psm9,2024,06,19,07
6.0,9.0,Troglodytes pacificus,Pacific Wren,0.6008,psm9,2024,06,20,05
21.0,24.0,Troglodytes pacificus,Pacific Wren,0.5008,psm9,2024,06,20,05
45.0,48.0,Troglodytes pacificus,Pacific Wren,0.673,psm9,2024,06,20,05
54.0,57.0,Troglodytes pacificus,Pacific Wren,0.7835,psm9,2024,06,20,05
72.0,75.0,Troglodytes pacificus,Pacific Wren,0.7837,psm9,2024,06,20,05
81.0,84.0,Troglodytes pacificus,Pacific Wren,0.5438,psm9,2024,06,20,05
420.0,423.0,Calidris pygmaea,Spoon-billed Sandpiper,0.5941,psm9,2024,06,20,05
423.0,426.0,Calidris pygmaea,Spoon-billed Sandpiper,0.8907,psm9,2024,06,20,05
426.0,429.0,Calidris pygmaea,Spoon-billed Sandpiper,0.5762,psm9,2024,06,20,05
429.0,432.0,Calidris pygmaea,Spoon-billed Sandpiper,0.5719,psm9,2024,06,20,05
432.0,435.0,Calidris pygmaea,Spoon-billed Sandpiper,0.9134,psm9,2024,06,20,05
438.0,441.0,Calidris pygmaea,Spoon-billed Sandpiper,0.881,psm9,2024,06,20,05
441.0,444.0,Calidris pygmaea,Spoon-billed Sandpiper,0.6561,psm9,2024,06,20,05
444.0,447.0,Calidris pygmaea,Spoon-billed Sandpiper,0.8905,psm9,2024,06,20,05
447.0,450.0,Calidris pygmaea,Spoon-billed Sandpiper,0.6833,psm9,2024,06,20,05
450.0,453.0,Calidris pygmaea,Spoon-billed Sandpiper,0.654,psm9,2024,06,20,05
453.0,456.0,Calidris pygmaea,Spoon-billed Sandpiper,0.8241,psm9,2024,06,20,05
465.0,468.0,Calidris pygmaea,Spoon-billed Sandpiper,0.8658,psm9,2024,06,20,05
468.0,471.0,Calidris pygmaea,Spoon-billed Sandpiper,0.5088,psm9,2024,06,20,05
474.0,477.0,Calidris pygmaea,Spoon-billed Sandpiper,0.7382,psm9,2024,06,20,05
483.0,486.0,Calidris pygmaea,Spoon-billed Sandpiper,0.5461,psm9,2024,06,20,05
24.0,27.0,Phylloscopus occipitalis,Western Crowned Warbler,0.933,psm9,2024,06,20,06
36.0,39.0,Protonotaria citrea,Prothonotary Warbler,0.5309,psm9,2024,06,20,06
57.0,60.0,Phylloscopus occipitalis,Western Crowned Warbler,0.5752,psm9,2024,06,20,06
84.0,87.0,Phylloscopus occipitalis,Western Crowned Warbler,0.718,psm9,2024,06,20,06
93.0,96.0,Phylloscopus occipitalis,Western Crowned Warbler,0.7018,psm9,2024,06,20,06
111.0,114.0,Protonotaria citrea,Prothonotary Warbler,0.5839,psm9,2024,06,20,06
207.0,210.0,Larvivora brunnea,Indian Blue Robin,0.5232,psm9,2024,06,20,06
231.0,234.0,Phylloscopus occipitalis,Western Crowned Warbler,0.6599,psm9,2024,06,20,06
234.0,237.0,Phylloscopus magnirostris,Large-billed Leaf Warbler,0.9412,psm9,2024,06,20,06
243.0,246.0,Phylloscopus magnirostris,Large-billed Leaf Warbler,0.8085,psm9,2024,06,20,06
249.0,252.0,Phylloscopus magnirostris,Large-billed Leaf Warbler,0.9953,psm9,2024,06,20,06
255.0,258.0,Phylloscopus magnirostris,Large-billed Leaf Warbler,0.886,psm9,2024,06,20,06
258.0,261.0,Phylloscopus magnirostris,Large-billed Leaf Warbler,0.6284,psm9,2024,06,20,06
267.0,270.0,Larvivora brunnea,Indian Blue Robin,0.728,psm9,2024,06,20,06
273.0,276.0,Phylloscopus magnirostris,Large-billed Leaf Warbler,0.5241,psm9,2024,06,20,06
312.0,315.0,Protonotaria citrea,Prothonotary Warbler,0.8776,psm9,2024,06,20,06
354.0,357.0,Phylloscopus occipitalis,Western Crowned Warbler,0.5034,psm9,2024,06,20,06
384.0,387.0,Protonotaria citrea,Prothonotary Warbler,0.6814,psm9,2024,06,20,06
465.0,468.0,Phylloscopus tytleri,Tytler's Leaf Warbler,0.8366,psm9,2024,06,20,06
465.0,468.0,Phylloscopus nitidus,Green Warbler,0.5026,psm9,2024,06,20,06
495.0,498.0,Phylloscopus trochiloides,Greenish Warbler,0.7085,psm9,2024,06,20,06
594.0,597.0,Phylloscopus occipitalis,Western Crowned Warbler,0.6351,psm9,2024,06,20,06
597.0,600.0,Junco hyemalis,Dark-eyed Junco,0.5678,psm9,2024,06,20,06
669.0,672.0,Phylloscopus occipitalis,Western Crowned Warbler,0.7193,psm9,2024,06,20,06
3.0,6.0,Phylloscopus occipitalis,Western Crowned Warbler,0.7012,psm9,2024,06,20,07
15.0,18.0,Phylloscopus occipitalis,Western Crowned Warbler,0.7008,psm9,2024,06,20,07
78.0,81.0,Phylloscopus occipitalis,Western Crowned Warbler,0.6893,psm9,2024,06,20,07
84.0,87.0,Phylloscopus tytleri,Tytler's Leaf Warbler,0.6689,psm9,2024,06,20,07
135.0,138.0,Phylloscopus occipitalis,Western Crowned Warbler,0.5065,psm9,2024,06,20,07
240.0,243.0,Phylloscopus occipitalis,Western Crowned Warbler,0.6504,psm9,2024,06,20,07
264.0,267.0,Phylloscopus occipitalis,Western Crowned Warbler,0.6179,psm9,2024,06,20,07
309.0,312.0,Phylloscopus occipitalis,Western Crowned Warbler,0.7188,psm9,2024,06,20,07
348.0,351.0,Phylloscopus occipitalis,Western Crowned Warbler,0.7817,psm9,2024,06,20,07
438.0,441.0,Xenops rutilans,Streaked Xenops,0.9699,psm9,2024,06,20,07
0.0,3.0,Troglodytes pacificus,Pacific Wren,0.6435,psm9,2024,06,21,05
45.0,48.0,Troglodytes pacificus,Pacific Wren,0.6343,psm9,2024,06,21,05
60.0,63.0,Troglodytes troglodytes,Eurasian Wren,0.5063,psm9,2024,06,21,05
69.0,72.0,Troglodytes pacificus,Pacific Wren,0.7971,psm9,2024,06,21,05
72.0,75.0,Troglodytes troglodytes,Eurasian Wren,0.6236,psm9,2024,06,21,05
78.0,81.0,Troglodytes pacificus,Pacific Wren,0.524,psm9,2024,06,21,05
84.0,87.0,Troglodytes pacificus,Pacific Wren,0.6872,psm9,2024,06,21,05
117.0,120.0,Troglodytes pacificus,Pacific Wren,0.6613,psm9,2024,06,21,05
129.0,132.0,Troglodytes pacificus,Pacific Wren,0.5105,psm9,2024,06,21,05
138.0,141.0,Troglodytes pacificus,Pacific Wren,0.5273,psm9,2024,06,21,05
165.0,168.0,Troglodytes pacificus,Pacific Wren,0.6572,psm9,2024,06,21,05
174.0,177.0,Troglodytes pacificus,Pacific Wren,0.795,psm9,2024,06,21,05
183.0,186.0,Troglodytes pacificus,Pacific Wren,0.51,psm9,2024,06,21,05
186.0,189.0,Troglodytes pacificus,Pacific Wren,0.8649,psm9,2024,06,21,05
189.0,192.0,Anthus hodgsoni,Olive-backed Pipit,0.5505,psm9,2024,06,21,05
195.0,198.0,Troglodytes pacificus,Pacific Wren,0.8951,psm9,2024,06,21,05
198.0,201.0,Troglodytes troglodytes,Eurasian Wren,0.6512,psm9,2024,06,21,05
207.0,210.0,Troglodytes pacificus,Pacific Wren,0.7868,psm9,2024,06,21,05
216.0,219.0,Troglodytes pacificus,Pacific Wren,0.6652,psm9,2024,06,21,05
636.0,639.0,Prunella strophiata,Rufous-breasted Accentor,0.6095,psm9,2024,06,21,05
834.0,837.0,Anthus trivialis,Tree Pipit,0.5133,psm9,2024,06,21,05
39.0,42.0,Basileuterus rufifrons,Rufous-capped Warbler,0.5637,psm9,2024,06,21,06
48.0,51.0,Prinia hodgsonii,Gray-breasted Prinia,0.6576,psm9,2024,06,21,06
63.0,66.0,Basileuterus rufifrons,Rufous-capped Warbler,0.5725,psm9,2024,06,21,06
72.0,75.0,Phylloscopus affinis,Tickell's Leaf Warbler,0.5802,psm9,2024,06,21,06
117.0,120.0,Phylloscopus affinis,Tickell's Leaf Warbler,0.8672,psm9,2024,06,21,06
123.0,126.0,Phylloscopus affinis,Tickell's Leaf Warbler,0.6408,psm9,2024,06,21,06
174.0,177.0,Phylloscopus affinis,Tickell's Leaf Warbler,0.827,psm9,2024,06,21,06
183.0,186.0,Basileuterus rufifrons,Rufous-capped Warbler,0.739,psm9,2024,06,21,06
192.0,195.0,Phylloscopus occipitalis,Western Crowned Warbler,0.9574,psm9,2024,06,21,06
201.0,204.0,Phylloscopus occipitalis,Western Crowned Warbler,0.7051,psm9,2024,06,21,06
207.0,210.0,Phylloscopus occipitalis,Western Crowned Warbler,0.9661,psm9,2024,06,21,06
213.0,216.0,Phylloscopus occipitalis,Western Crowned Warbler,0.7547,psm9,2024,06,21,06
231.0,234.0,Phylloscopus occipitalis,Western Crowned Warbler,0.7591,psm9,2024,06,21,06
240.0,243.0,Phylloscopus occipitalis,Western Crowned Warbler,0.6244,psm9,2024,06,21,06
243.0,246.0,Phylloscopus affinis,Tickell's Leaf Warbler,0.5924,psm9,2024,06,21,06
249.0,252.0,Phylloscopus affinis,Tickell's Leaf Warbler,0.9558,psm9,2024,06,21,06
261.0,264.0,Phylloscopus affinis,Tickell's Leaf Warbler,0.7493,psm9,2024,06,21,06
294.0,297.0,Phylloscopus affinis,Tickell's Leaf Warbler,0.5209,psm9,2024,06,21,06
297.0,300.0,Phylloscopus occipitalis,Western Crowned Warbler,0.6956,psm9,2024,06,21,06
306.0,309.0,Phylloscopus occipitalis,Western Crowned Warbler,0.541,psm9,2024,06,21,06
345.0,348.0,Protonotaria citrea,Prothonotary Warbler,0.7567,psm9,2024,06,21,06
354.0,357.0,Protonotaria citrea,Prothonotary Warbler,0.883,psm9,2024,06,21,06
372.0,375.0,Protonotaria citrea,Prothonotary Warbler,0.7388,psm9,2024,06,21,06
441.0,444.0,Phylloscopus occipitalis,Western Crowned Warbler,0.5791,psm9,2024,06,21,06
465.0,468.0,Phylloscopus chloronotus,Lemon-rumped Warbler,0.5021,psm9,2024,06,21,06
474.0,477.0,Phylloscopus affinis,Tickell's Leaf Warbler,0.5283,psm9,2024,06,21,06
525.0,528.0,Phylloscopus affinis,Tickell's Leaf Warbler,0.6752,psm9,2024,06,21,06
531.0,534.0,Phylloscopus affinis,Tickell's Leaf Warbler,0.9358,psm9,2024,06,21,06
540.0,543.0,Phylloscopus affinis,Tickell's Leaf Warbler,0.5922,psm9,2024,06,21,06
552.0,555.0,Phylloscopus affinis,Tickell's Leaf Warbler,0.7501,psm9,2024,06,21,06
558.0,561.0,Culicicapa ceylonensis,Gray-headed Canary-Flycatcher,0.8073,psm9,2024,06,21,06
588.0,591.0,Phylloscopus affinis,Tickell's Leaf Warbler,0.6764,psm9,2024,06,21,06
618.0,621.0,Phylloscopus affinis,Tickell's Leaf Warbler,0.7265,psm9,2024,06,21,06
624.0,627.0,Phylloscopus affinis,Tickell's Leaf Warbler,0.7467,psm9,2024,06,21,06
630.0,633.0,Culicicapa ceylonensis,Gray-headed Canary-Flycatcher,0.7931,psm9,2024,06,21,06
726.0,729.0,Protonotaria citrea,Prothonotary Warbler,0.8864,psm9,2024,06,21,06
774.0,777.0,Protonotaria citrea,Prothonotary Warbler,0.6599,psm9,2024,06,21,06
846.0,849.0,Protonotaria citrea,Prothonotary Warbler,0.6496,psm9,2024,06,21,06
894.0,897.0,Phylloscopus affinis,Tickell's Leaf Warbler,0.7428,psm9,2024,06,21,06
6.0,9.0,Phylloscopus occipitalis,Western Crowned Warbler,0.6382,psm9,2024,06,21,07
36.0,39.0,Protonotaria citrea,Prothonotary Warbler,0.5188,psm9,2024,06,21,07
54.0,57.0,Protonotaria citrea,Prothonotary Warbler,0.9385,psm9,2024,06,21,07
60.0,63.0,Protonotaria citrea,Prothonotary Warbler,0.6918,psm9,2024,06,21,07
126.0,129.0,Protonotaria citrea,Prothonotary Warbler,0.5063,psm9,2024,06,21,07
156.0,159.0,Phylloscopus occipitalis,Western Crowned Warbler,0.5172,psm9,2024,06,21,07
183.0,186.0,Phylloscopus occipitalis,Western Crowned Warbler,0.5213,psm9,2024,06,21,07
186.0,189.0,Phylloscopus occipitalis,Western Crowned Warbler,0.7192,psm9,2024,06,21,07
195.0,198.0,Phylloscopus occipitalis,Western Crowned Warbler,0.7916,psm9,2024,06,21,07
219.0,222.0,Phylloscopus occipitalis,Western Crowned Warbler,0.5467,psm9,2024,06,21,07
234.0,237.0,Phylloscopus occipitalis,Western Crowned Warbler,0.5795,psm9,2024,06,21,07
300.0,303.0,Protonotaria citrea,Prothonotary Warbler,0.7984,psm9,2024,06,21,07
339.0,342.0,Protonotaria citrea,Prothonotary Warbler,0.6442,psm9,2024,06,21,07
360.0,363.0,Larvivora brunnea,Indian Blue Robin,0.546,psm9,2024,06,21,07
483.0,486.0,Protonotaria citrea,Prothonotary Warbler,0.7328,psm9,2024,06,21,07
495.0,498.0,Phylloscopus trochiloides,Greenish Warbler,0.5263,psm9,2024,06,21,07
516.0,519.0,Protonotaria citrea,Prothonotary Warbler,0.5014,psm9,2024,06,21,07
519.0,522.0,Phylloscopus tytleri,Tytler's Leaf Warbler,0.8693,psm9,2024,06,21,07
720.0,723.0,Protonotaria citrea,Prothonotary Warbler,0.5123,psm9,2024,06,21,07
750.0,753.0,Mareca penelope,Eurasian Wigeon,0.6237,psm9,2024,06,21,07
756.0,759.0,Atlapetes fuscoolivaceus,Dusky-headed Brushfinch,0.5316,psm9,2024,06,21,07
759.0,762.0,Protonotaria citrea,Prothonotary Warbler,0.7501,psm9,2024,06,21,07
768.0,771.0,Protonotaria citrea,Prothonotary Warbler,0.6293,psm9,2024,06,21,07
771.0,774.0,Atlapetes fuscoolivaceus,Dusky-headed Brushfinch,0.5146,psm9,2024,06,21,07
822.0,825.0,Protonotaria citrea,Prothonotary Warbler,0.754,psm9,2024,06,21,07
825.0,828.0,Protonotaria citrea,Prothonotary Warbler,0.6122,psm9,2024,06,21,07
885.0,888.0,Protonotaria citrea,Prothonotary Warbler,0.8521,psm9,2024,06,21,07
147.0,150.0,Trochalopteron henrici,Prince Henry's Laughingthrush,0.6126,psm9,2024,06,22,05
165.0,168.0,Trochalopteron variegatum,Variegated Laughingthrush,0.5178,psm9,2024,06,22,05
216.0,219.0,Piranga olivacea,Scarlet Tanager,0.5054,psm9,2024,06,22,05
624.0,627.0,Piranga olivacea,Scarlet Tanager,0.5238,psm9,2024,06,22,05
804.0,807.0,Malacocincla sepiaria,Horsfield's Babbler,0.5529,psm9,2024,06,22,05
108.0,111.0,Phylloscopus occipitalis,Western Crowned Warbler,0.6804,psm9,2024,06,22,06
186.0,189.0,Phylloscopus occipitalis,Western Crowned Warbler,0.7308,psm9,2024,06,22,06
189.0,192.0,Phylloscopus nitidus,Green Warbler,0.7658,psm9,2024,06,22,06
198.0,201.0,Protonotaria citrea,Prothonotary Warbler,0.9165,psm9,2024,06,22,06
255.0,258.0,Protonotaria citrea,Prothonotary Warbler,0.8811,psm9,2024,06,22,06
276.0,279.0,Protonotaria citrea,Prothonotary Warbler,0.5151,psm9,2024,06,22,06
312.0,315.0,Phylloscopus occipitalis,Western Crowned Warbler,0.6145,psm9,2024,06,22,06
324.0,327.0,Phylloscopus occipitalis,Western Crowned Warbler,0.6529,psm9,2024,06,22,06
378.0,381.0,Phylloscopus occipitalis,Western Crowned Warbler,0.5974,psm9,2024,06,22,06
384.0,387.0,Phylloscopus occipitalis,Western Crowned Warbler,0.583,psm9,2024,06,22,06
405.0,408.0,Phylloscopus occipitalis,Western Crowned Warbler,0.5922,psm9,2024,06,22,06
486.0,489.0,Phylloscopus occipitalis,Western Crowned Warbler,0.6662,psm9,2024,06,22,06
501.0,504.0,Phylloscopus magnirostris,Large-billed Leaf Warbler,0.87,psm9,2024,06,22,06
549.0,552.0,Phylloscopus occipitalis,Western Crowned Warbler,0.7164,psm9,2024,06,22,06
597.0,600.0,Phylloscopus occipitalis,Western Crowned Warbler,0.5649,psm9,2024,06,22,06
612.0,615.0,Phylloscopus occipitalis,Western Crowned Warbler,0.7499,psm9,2024,06,22,06
618.0,621.0,Phylloscopus occipitalis,Western Crowned Warbler,0.6098,psm9,2024,06,22,06
636.0,639.0,Phylloscopus occipitalis,Western Crowned Warbler,0.6442,psm9,2024,06,22,06
654.0,657.0,Phylloscopus occipitalis,Western Crowned Warbler,0.7781,psm9,2024,06,22,06
657.0,660.0,Protonotaria citrea,Prothonotary Warbler,0.5249,psm9,2024,06,22,06
723.0,726.0,Phylloscopus occipitalis,Western Crowned Warbler,0.5355,psm9,2024,06,22,06
726.0,729.0,Protonotaria citrea,Prothonotary Warbler,0.7069,psm9,2024,06,22,06
732.0,735.0,Phylloscopus occipitalis,Western Crowned Warbler,0.5592,psm9,2024,06,22,06
735.0,738.0,Protonotaria citrea,Prothonotary Warbler,0.637,psm9,2024,06,22,06
783.0,786.0,Phylloscopus occipitalis,Western Crowned Warbler,0.6486,psm9,2024,06,22,06
843.0,846.0,Phylloscopus occipitalis,Western Crowned Warbler,0.5794,psm9,2024,06,22,06
897.0,900.0,Calidris alpina,Dunlin,0.7324,psm9,2024,06,22,06
42.0,45.0,Phylloscopus occipitalis,Western Crowned Warbler,0.8806,psm9,2024,06,22,07
105.0,108.0,Atlapetes fuscoolivaceus,Dusky-headed Brushfinch,0.6252,psm9,2024,06,22,07
105.0,108.0,Protonotaria citrea,Prothonotary Warbler,0.561,psm9,2024,06,22,07
255.0,258.0,Trochalopteron variegatum,Variegated Laughingthrush,0.5114,psm9,2024,06,22,07
276.0,279.0,Protonotaria citrea,Prothonotary Warbler,0.5001,psm9,2024,06,22,07
315.0,318.0,Trochalopteron variegatum,Variegated Laughingthrush,0.6225,psm9,2024,06,22,07
336.0,339.0,Coracina macei,Large Cuckooshrike,0.509,psm9,2024,06,22,07
348.0,351.0,Trochalopteron variegatum,Variegated Laughingthrush,0.8039,psm9,2024,06,22,07
351.0,354.0,Piranga bidentata,Flame-colored Tanager,0.7013,psm9,2024,06,22,07
357.0,360.0,Trochalopteron variegatum,Variegated Laughingthrush,0.7051,psm9,2024,06,22,07
366.0,369.0,Protonotaria citrea,Prothonotary Warbler,0.5103,psm9,2024,06,22,07
414.0,417.0,Trochalopteron variegatum,Variegated Laughingthrush,0.7555,psm9,2024,06,22,07
423.0,426.0,Trochalopteron variegatum,Variegated Laughingthrush,0.6072,psm9,2024,06,22,07
426.0,429.0,Coracina macei,Large Cuckooshrike,0.5028,psm9,2024,06,22,07
450.0,453.0,Protonotaria citrea,Prothonotary Warbler,0.7129,psm9,2024,06,22,07
456.0,459.0,Piranga bidentata,Flame-colored Tanager,0.8411,psm9,2024,06,22,07
456.0,459.0,Trochalopteron variegatum,Variegated Laughingthrush,0.8215,psm9,2024,06,22,07
462.0,465.0,Trochalopteron variegatum,Variegated Laughingthrush,0.8397,psm9,2024,06,22,07
462.0,465.0,Piranga bidentata,Flame-colored Tanager,0.5603,psm9,2024,06,22,07
492.0,495.0,Trochalopteron variegatum,Variegated Laughingthrush,0.6812,psm9,2024,06,22,07
501.0,504.0,Trochalopteron variegatum,Variegated Laughingthrush,0.535,psm9,2024,06,22,07
507.0,510.0,Protonotaria citrea,Prothonotary Warbler,0.5034,psm9,2024,06,22,07
543.0,546.0,Phylloscopus tytleri,Tytler's Leaf Warbler,0.6371,psm9,2024,06,22,07
582.0,585.0,Trochalopteron variegatum,Variegated Laughingthrush,0.7152,psm9,2024,06,22,07
591.0,594.0,Trochalopteron variegatum,Variegated Laughingthrush,0.8304,psm9,2024,06,22,07
594.0,597.0,Trochalopteron variegatum,Variegated Laughingthrush,0.6059,psm9,2024,06,22,07
651.0,654.0,Phylloscopus nitidus,Green Warbler,0.6639,psm9,2024,06,22,07
693.0,696.0,Trochalopteron variegatum,Variegated Laughingthrush,0.6442,psm9,2024,06,22,07
705.0,708.0,Vireo flavifrons,Yellow-throated Vireo,0.6133,psm9,2024,06,22,07
726.0,729.0,Piranga bidentata,Flame-colored Tanager,0.584,psm9,2024,06,22,07
729.0,732.0,Trochalopteron variegatum,Variegated Laughingthrush,0.5007,psm9,2024,06,22,07
744.0,747.0,Trochalopteron variegatum,Variegated Laughingthrush,0.553,psm9,2024,06,22,07
747.0,750.0,Trochalopteron variegatum,Variegated Laughingthrush,0.5184,psm9,2024,06,22,07
756.0,759.0,Piranga bidentata,Flame-colored Tanager,0.6343,psm9,2024,06,22,07
789.0,792.0,Piranga bidentata,Flame-colored Tanager,0.9044,psm9,2024,06,22,07
789.0,792.0,Trochalopteron variegatum,Variegated Laughingthrush,0.5161,psm9,2024,06,22,07
804.0,807.0,Trochalopteron variegatum,Variegated Laughingthrush,0.8407,psm9,2024,06,22,07
807.0,810.0,Trochalopteron variegatum,Variegated Laughingthrush,0.7945,psm9,2024,06,22,07
831.0,834.0,Phylloscopus occipitalis,Western Crowned Warbler,0.5155,psm9,2024,06,22,07
849.0,852.0,Trochalopteron variegatum,Variegated Laughingthrush,0.7161,psm9,2024,06,22,07
48.0,51.0,Phylloscopus occipitalis,Western Crowned Warbler,0.6156,psm9,2024,06,23,05
51.0,54.0,Phylloscopus occipitalis,Western Crowned Warbler,0.6762,psm9,2024,06,23,05
117.0,120.0,Phylloscopus occipitalis,Western Crowned Warbler,0.7153,psm9,2024,06,23,05
171.0,174.0,Phylloscopus occipitalis,Western Crowned Warbler,0.5497,psm9,2024,06,23,05
189.0,192.0,Phylloscopus occipitalis,Western Crowned Warbler,0.518,psm9,2024,06,23,05
213.0,216.0,Phylloscopus occipitalis,Western Crowned Warbler,0.5077,psm9,2024,06,23,05
243.0,246.0,Phylloscopus occipitalis,Western Crowned Warbler,0.6571,psm9,2024,06,23,05
249.0,252.0,Phylloscopus occipitalis,Western Crowned Warbler,0.5529,psm9,2024,06,23,05
288.0,291.0,Phylloscopus occipitalis,Western Crowned Warbler,0.9148,psm9,2024,06,23,05
315.0,318.0,Phylloscopus occipitalis,Western Crowned Warbler,0.7139,psm9,2024,06,23,05
354.0,357.0,Phylloscopus occipitalis,Western Crowned Warbler,0.7398,psm9,2024,06,23,05
360.0,363.0,Phylloscopus occipitalis,Western Crowned Warbler,0.5036,psm9,2024,06,23,05
363.0,366.0,Phylloscopus occipitalis,Western Crowned Warbler,0.9654,psm9,2024,06,23,05
369.0,372.0,Phylloscopus occipitalis,Western Crowned Warbler,0.5827,psm9,2024,06,23,05
393.0,396.0,Phylloscopus occipitalis,Western Crowned Warbler,0.7702,psm9,2024,06,23,05
396.0,399.0,Phylloscopus occipitalis,Western Crowned Warbler,0.5809,psm9,2024,06,23,05
408.0,411.0,Phylloscopus occipitalis,Western Crowned Warbler,0.7419,psm9,2024,06,23,05
426.0,429.0,Phylloscopus occipitalis,Western Crowned Warbler,0.7915,psm9,2024,06,23,05
438.0,441.0,Phylloscopus occipitalis,Western Crowned Warbler,0.6557,psm9,2024,06,23,05
441.0,444.0,Phylloscopus occipitalis,Western Crowned Warbler,0.5604,psm9,2024,06,23,05
444.0,447.0,Phylloscopus occipitalis,Western Crowned Warbler,0.7194,psm9,2024,06,23,05
459.0,462.0,Phylloscopus occipitalis,Western Crowned Warbler,0.5743,psm9,2024,06,23,05
462.0,465.0,Phylloscopus occipitalis,Western Crowned Warbler,0.8632,psm9,2024,06,23,05
471.0,474.0,Phylloscopus occipitalis,Western Crowned Warbler,0.7511,psm9,2024,06,23,05
483.0,486.0,Phylloscopus occipitalis,Western Crowned Warbler,0.6081,psm9,2024,06,23,05
492.0,495.0,Phylloscopus occipitalis,Western Crowned Warbler,0.7852,psm9,2024,06,23,05
504.0,507.0,Phylloscopus occipitalis,Western Crowned Warbler,0.8102,psm9,2024,06,23,05
516.0,519.0,Phylloscopus occipitalis,Western Crowned Warbler,0.5384,psm9,2024,06,23,05
519.0,522.0,Phylloscopus occipitalis,Western Crowned Warbler,0.6582,psm9,2024,06,23,05
522.0,525.0,Phylloscopus occipitalis,Western Crowned Warbler,0.6862,psm9,2024,06,23,05
537.0,540.0,Phylloscopus occipitalis,Western Crowned Warbler,0.6881,psm9,2024,06,23,05
570.0,573.0,Phylloscopus occipitalis,Western Crowned Warbler,0.5371,psm9,2024,06,23,05
588.0,591.0,Phylloscopus occipitalis,Western Crowned Warbler,0.5511,psm9,2024,06,23,05
591.0,594.0,Phylloscopus occipitalis,Western Crowned Warbler,0.9321,psm9,2024,06,23,05
594.0,597.0,Phylloscopus occipitalis,Western Crowned Warbler,0.5391,psm9,2024,06,23,05
600.0,603.0,Phylloscopus occipitalis,Western Crowned Warbler,0.7086,psm9,2024,06,23,05
630.0,633.0,Phylloscopus occipitalis,Western Crowned Warbler,0.7783,psm9,2024,06,23,05
633.0,636.0,Phylloscopus occipitalis,Western Crowned Warbler,0.8731,psm9,2024,06,23,05
636.0,639.0,Phylloscopus occipitalis,Western Crowned Warbler,0.8041,psm9,2024,06,23,05
639.0,642.0,Phylloscopus occipitalis,Western Crowned Warbler,0.51,psm9,2024,06,23,05
675.0,678.0,Phylloscopus occipitalis,Western Crowned Warbler,0.685,psm9,2024,06,23,05
681.0,684.0,Phylloscopus occipitalis,Western Crowned Warbler,0.6777,psm9,2024,06,23,05
702.0,705.0,Phylloscopus occipitalis,Western Crowned Warbler,0.7221,psm9,2024,06,23,05
720.0,723.0,Phylloscopus occipitalis,Western Crowned Warbler,0.5268,psm9,2024,06,23,05
723.0,726.0,Phylloscopus occipitalis,Western Crowned Warbler,0.5067,psm9,2024,06,23,05
798.0,801.0,Protonotaria citrea,Prothonotary Warbler,0.5219,psm9,2024,06,23,05
882.0,885.0,Phylloscopus occipitalis,Western Crowned Warbler,0.5064,psm9,2024,06,23,05
897.0,900.0,Phylloscopus occipitalis,Western Crowned Warbler,0.5003,psm9,2024,06,23,05
18.0,21.0,Leiothlypis ruficapilla,Nashville Warbler,0.5248,psm9,2024,06,23,06
81.0,84.0,Phylloscopus occipitalis,Western Crowned Warbler,0.7002,psm9,2024,06,23,06
84.0,87.0,Phylloscopus occipitalis,Western Crowned Warbler,0.5447,psm9,2024,06,23,06
87.0,90.0,Phylloscopus occipitalis,Western Crowned Warbler,0.5385,psm9,2024,06,23,06
123.0,126.0,Phylloscopus occipitalis,Western Crowned Warbler,0.6185,psm9,2024,06,23,06
132.0,135.0,Phylloscopus occipitalis,Western Crowned Warbler,0.9233,psm9,2024,06,23,06
183.0,186.0,Phylloscopus trochiloides,Greenish Warbler,0.642,psm9,2024,06,23,06
189.0,192.0,Phylloscopus trochiloides,Greenish Warbler,0.546,psm9,2024,06,23,06
192.0,195.0,Phylloscopus trochiloides,Greenish Warbler,0.6896,psm9,2024,06,23,06
201.0,204.0,Phylloscopus trochiloides,Greenish Warbler,0.6365,psm9,2024,06,23,06
207.0,210.0,Phylloscopus trochiloides,Greenish Warbler,0.6344,psm9,2024,06,23,06
234.0,237.0,Phylloscopus trochiloides,Greenish Warbler,0.5903,psm9,2024,06,23,06
243.0,246.0,Phylloscopus trochiloides,Greenish Warbler,0.8263,psm9,2024,06,23,06
249.0,252.0,Phylloscopus trochiloides,Greenish Warbler,0.8027,psm9,2024,06,23,06
273.0,276.0,Phylloscopus nitidus,Green Warbler,0.6935,psm9,2024,06,23,06
282.0,285.0,Phylloscopus trochiloides,Greenish Warbler,0.8228,psm9,2024,06,23,06
288.0,291.0,Phylloscopus trochiloides,Greenish Warbler,0.9377,psm9,2024,06,23,06
300.0,303.0,Phylloscopus occipitalis,Western Crowned Warbler,0.6725,psm9,2024,06,23,06
303.0,306.0,Phylloscopus trochiloides,Greenish Warbler,0.5716,psm9,2024,06,23,06
312.0,315.0,Phylloscopus trochiloides,Greenish Warbler,0.5049,psm9,2024,06,23,06
315.0,318.0,Phylloscopus trochiloides,Greenish Warbler,0.7587,psm9,2024,06,23,06
321.0,324.0,Phylloscopus trochiloides,Greenish Warbler,0.7443,psm9,2024,06,23,06
324.0,327.0,Phylloscopus trochiloides,Greenish Warbler,0.7454,psm9,2024,06,23,06
336.0,339.0,Phylloscopus trochiloides,Greenish Warbler,0.5716,psm9,2024,06,23,06
339.0,342.0,Phylloscopus trochiloides,Greenish Warbler,0.8103,psm9,2024,06,23,06
342.0,345.0,Phylloscopus trochiloides,Greenish Warbler,0.8765,psm9,2024,06,23,06
345.0,348.0,Phylloscopus trochiloides,Greenish Warbler,0.7246,psm9,2024,06,23,06
348.0,351.0,Phylloscopus trochiloides,Greenish Warbler,0.8224,psm9,2024,06,23,06
351.0,354.0,Phylloscopus trochiloides,Greenish Warbler,0.7057,psm9,2024,06,23,06
354.0,357.0,Phylloscopus trochiloides,Greenish Warbler,0.951,psm9,2024,06,23,06
357.0,360.0,Phylloscopus trochiloides,Greenish Warbler,0.9416,psm9,2024,06,23,06
360.0,363.0,Phylloscopus trochiloides,Greenish Warbler,0.5954,psm9,2024,06,23,06
363.0,366.0,Phylloscopus trochiloides,Greenish Warbler,0.7653,psm9,2024,06,23,06
366.0,369.0,Phylloscopus trochiloides,Greenish Warbler,0.8555,psm9,2024,06,23,06
369.0,372.0,Phylloscopus trochiloides,Greenish Warbler,0.8085,psm9,2024,06,23,06
372.0,375.0,Phylloscopus trochiloides,Greenish Warbler,0.7004,psm9,2024,06,23,06
375.0,378.0,Phylloscopus trochiloides,Greenish Warbler,0.7493,psm9,2024,06,23,06
381.0,384.0,Phylloscopus trochiloides,Greenish Warbler,0.863,psm9,2024,06,23,06
384.0,387.0,Phylloscopus trochiloides,Greenish Warbler,0.7866,psm9,2024,06,23,06
387.0,390.0,Phylloscopus trochiloides,Greenish Warbler,0.7527,psm9,2024,06,23,06
390.0,393.0,Phylloscopus trochiloides,Greenish Warbler,0.8486,psm9,2024,06,23,06
396.0,399.0,Phylloscopus trochiloides,Greenish Warbler,0.7595,psm9,2024,06,23,06
399.0,402.0,Phylloscopus trochiloides,Greenish Warbler,0.6988,psm9,2024,06,23,06
402.0,405.0,Phylloscopus trochiloides,Greenish Warbler,0.5116,psm9,2024,06,23,06
405.0,408.0,Phylloscopus trochiloides,Greenish Warbler,0.7721,psm9,2024,06,23,06
408.0,411.0,Phylloscopus trochiloides,Greenish Warbler,0.8029,psm9,2024,06,23,06
414.0,417.0,Phylloscopus trochiloides,Greenish Warbler,0.8093,psm9,2024,06,23,06
417.0,420.0,Phylloscopus trochiloides,Greenish Warbler,0.8034,psm9,2024,06,23,06
420.0,423.0,Phylloscopus trochiloides,Greenish Warbler,0.8651,psm9,2024,06,23,06
423.0,426.0,Phylloscopus trochiloides,Greenish Warbler,0.8171,psm9,2024,06,23,06
450.0,453.0,Phylloscopus nitidus,Green Warbler,0.5749,psm9,2024,06,23,06
528.0,531.0,Phylloscopus occipitalis,Western Crowned Warbler,0.5196,psm9,2024,06,23,06
537.0,540.0,Phylloscopus occipitalis,Western Crowned Warbler,0.8439,psm9,2024,06,23,06
546.0,549.0,Phylloscopus occipitalis,Western Crowned Warbler,0.6815,psm9,2024,06,23,06
555.0,558.0,Protonotaria citrea,Prothonotary Warbler,0.6567,psm9,2024,06,23,06
576.0,579.0,Phylloscopus occipitalis,Western Crowned Warbler,0.5057,psm9,2024,06,23,06
594.0,597.0,Phylloscopus occipitalis,Western Crowned Warbler,0.7784,psm9,2024,06,23,06
621.0,624.0,Phylloscopus occipitalis,Western Crowned Warbler,0.6347,psm9,2024,06,23,06
723.0,726.0,Phylloscopus occipitalis,Western Crowned Warbler,0.6027,psm9,2024,06,23,06
771.0,774.0,Protonotaria citrea,Prothonotary Warbler,0.5863,psm9,2024,06,23,06
786.0,789.0,Larvivora brunnea,Indian Blue Robin,0.6112,psm9,2024,06,23,06
792.0,795.0,Phylloscopus occipitalis,Western Crowned Warbler,0.6916,psm9,2024,06,23,06
807.0,810.0,Phylloscopus occipitalis,Western Crowned Warbler,0.5665,psm9,2024,06,23,06
15.0,18.0,Protonotaria citrea,Prothonotary Warbler,0.5225,psm9,2024,06,23,07
75.0,78.0,Protonotaria citrea,Prothonotary Warbler,0.8308,psm9,2024,06,23,07
135.0,138.0,Protonotaria citrea,Prothonotary Warbler,0.6609,psm9,2024,06,23,07
168.0,171.0,Protonotaria citrea,Prothonotary Warbler,0.8279,psm9,2024,06,23,07
423.0,426.0,Phylloscopus trochiloides,Greenish Warbler,0.5618,psm9,2024,06,23,07
12.0,15.0,Phylloscopus occipitalis,Western Crowned Warbler,0.6653,psm9,2024,06,24,05
87.0,90.0,Trochalopteron variegatum,Variegated Laughingthrush,0.5828,psm9,2024,06,24,05
93.0,96.0,Trochalopteron variegatum,Variegated Laughingthrush,0.95,psm9,2024,06,24,05
99.0,102.0,Trochalopteron variegatum,Variegated Laughingthrush,0.7706,psm9,2024,06,24,05
111.0,114.0,Trochalopteron variegatum,Variegated Laughingthrush,0.7701,psm9,2024,06,24,05
141.0,144.0,Trochalopteron variegatum,Variegated Laughingthrush,0.5381,psm9,2024,06,24,05
150.0,153.0,Trochalopteron variegatum,Variegated Laughingthrush,0.879,psm9,2024,06,24,05
156.0,159.0,Trochalopteron variegatum,Variegated Laughingthrush,0.8997,psm9,2024,06,24,05
165.0,168.0,Trochalopteron variegatum,Variegated Laughingthrush,0.8893,psm9,2024,06,24,05
168.0,171.0,Phylloscopus occipitalis,Western Crowned Warbler,0.6592,psm9,2024,06,24,05
171.0,174.0,Trochalopteron variegatum,Variegated Laughingthrush,0.9169,psm9,2024,06,24,05
177.0,180.0,Trochalopteron variegatum,Variegated Laughingthrush,0.7693,psm9,2024,06,24,05
180.0,183.0,Trochalopteron variegatum,Variegated Laughingthrush,0.99,psm9,2024,06,24,05
186.0,189.0,Trochalopteron variegatum,Variegated Laughingthrush,0.7939,psm9,2024,06,24,05
189.0,192.0,Trochalopteron variegatum,Variegated Laughingthrush,0.9737,psm9,2024,06,24,05
195.0,198.0,Trochalopteron variegatum,Variegated Laughingthrush,0.934,psm9,2024,06,24,05
201.0,204.0,Trochalopteron variegatum,Variegated Laughingthrush,0.8889,psm9,2024,06,24,05
210.0,213.0,Trochalopteron variegatum,Variegated Laughingthrush,0.9746,psm9,2024,06,24,05
216.0,219.0,Trochalopteron variegatum,Variegated Laughingthrush,0.9792,psm9,2024,06,24,05
225.0,228.0,Trochalopteron variegatum,Variegated Laughingthrush,0.9774,psm9,2024,06,24,05
228.0,231.0,Phylloscopus occipitalis,Western Crowned Warbler,0.5213,psm9,2024,06,24,05
237.0,240.0,Trochalopteron variegatum,Variegated Laughingthrush,0.9879,psm9,2024,06,24,05
240.0,243.0,Trochalopteron variegatum,Variegated Laughingthrush,0.9862,psm9,2024,06,24,05
243.0,246.0,Trochalopteron variegatum,Variegated Laughingthrush,0.8419,psm9,2024,06,24,05
246.0,249.0,Trochalopteron variegatum,Variegated Laughingthrush,0.9675,psm9,2024,06,24,05
255.0,258.0,Trochalopteron variegatum,Variegated Laughingthrush,0.9944,psm9,2024,06,24,05
258.0,261.0,Trochalopteron variegatum,Variegated Laughingthrush,0.9723,psm9,2024,06,24,05
261.0,264.0,Trochalopteron variegatum,Variegated Laughingthrush,0.9919,psm9,2024,06,24,05
267.0,270.0,Trochalopteron variegatum,Variegated Laughingthrush,0.9911,psm9,2024,06,24,05
273.0,276.0,Trochalopteron variegatum,Variegated Laughingthrush,0.9121,psm9,2024,06,24,05
276.0,279.0,Trochalopteron variegatum,Variegated Laughingthrush,0.9795,psm9,2024,06,24,05
279.0,282.0,Trochalopteron variegatum,Variegated Laughingthrush,0.9751,psm9,2024,06,24,05
282.0,285.0,Trochalopteron variegatum,Variegated Laughingthrush,0.9828,psm9,2024,06,24,05
288.0,291.0,Trochalopteron variegatum,Variegated Laughingthrush,0.9688,psm9,2024,06,24,05
291.0,294.0,Trochalopteron variegatum,Variegated Laughingthrush,0.8869,psm9,2024,06,24,05
294.0,297.0,Trochalopteron variegatum,Variegated Laughingthrush,0.8146,psm9,2024,06,24,05
297.0,300.0,Trochalopteron variegatum,Variegated Laughingthrush,0.9786,psm9,2024,06,24,05
300.0,303.0,Trochalopteron variegatum,Variegated Laughingthrush,0.9824,psm9,2024,06,24,05
303.0,306.0,Trochalopteron variegatum,Variegated Laughingthrush,0.9852,psm9,2024,06,24,05
309.0,312.0,Trochalopteron variegatum,Variegated Laughingthrush,0.9858,psm9,2024,06,24,05
318.0,321.0,Trochalopteron variegatum,Variegated Laughingthrush,0.9689,psm9,2024,06,24,05
327.0,330.0,Trochalopteron variegatum,Variegated Laughingthrush,0.9729,psm9,2024,06,24,05
330.0,333.0,Piranga bidentata,Flame-colored Tanager,0.9336,psm9,2024,06,24,05
330.0,333.0,Trochalopteron variegatum,Variegated Laughingthrush,0.5506,psm9,2024,06,24,05
336.0,339.0,Trochalopteron variegatum,Variegated Laughingthrush,0.9527,psm9,2024,06,24,05
348.0,351.0,Trochalopteron variegatum,Variegated Laughingthrush,0.914,psm9,2024,06,24,05
384.0,387.0,Trochalopteron variegatum,Variegated Laughingthrush,0.9366,psm9,2024,06,24,05
396.0,399.0,Trochalopteron variegatum,Variegated Laughingthrush,0.9245,psm9,2024,06,24,05
402.0,405.0,Trochalopteron variegatum,Variegated Laughingthrush,0.9929,psm9,2024,06,24,05
405.0,408.0,Trochalopteron variegatum,Variegated Laughingthrush,0.9943,psm9,2024,06,24,05
411.0,414.0,Trochalopteron variegatum,Variegated Laughingthrush,0.9313,psm9,2024,06,24,05
414.0,417.0,Trochalopteron variegatum,Variegated Laughingthrush,0.9444,psm9,2024,06,24,05
420.0,423.0,Trochalopteron variegatum,Variegated Laughingthrush,0.8791,psm9,2024,06,24,05
426.0,429.0,Trochalopteron variegatum,Variegated Laughingthrush,0.962,psm9,2024,06,24,05
432.0,435.0,Trochalopteron variegatum,Variegated Laughingthrush,0.9813,psm9,2024,06,24,05
435.0,438.0,Trochalopteron variegatum,Variegated Laughingthrush,0.6175,psm9,2024,06,24,05
438.0,441.0,Trochalopteron variegatum,Variegated Laughingthrush,0.7597,psm9,2024,06,24,05
441.0,444.0,Trochalopteron variegatum,Variegated Laughingthrush,0.9372,psm9,2024,06,24,05
447.0,450.0,Trochalopteron variegatum,Variegated Laughingthrush,0.9767,psm9,2024,06,24,05
450.0,453.0,Trochalopteron variegatum,Variegated Laughingthrush,0.9647,psm9,2024,06,24,05
453.0,456.0,Trochalopteron variegatum,Variegated Laughingthrush,0.5168,psm9,2024,06,24,05
456.0,459.0,Trochalopteron variegatum,Variegated Laughingthrush,0.5472,psm9,2024,06,24,05
459.0,462.0,Trochalopteron variegatum,Variegated Laughingthrush,0.994,psm9,2024,06,24,05
462.0,465.0,Trochalopteron variegatum,Variegated Laughingthrush,0.8408,psm9,2024,06,24,05
465.0,468.0,Trochalopteron variegatum,Variegated Laughingthrush,0.9642,psm9,2024,06,24,05
471.0,474.0,Trochalopteron variegatum,Variegated Laughingthrush,0.9631,psm9,2024,06,24,05
483.0,486.0,Trochalopteron variegatum,Variegated Laughingthrush,0.9085,psm9,2024,06,24,05
486.0,489.0,Trochalopteron variegatum,Variegated Laughingthrush,0.9621,psm9,2024,06,24,05
492.0,495.0,Trochalopteron variegatum,Variegated Laughingthrush,0.9901,psm9,2024,06,24,05
495.0,498.0,Trochalopteron variegatum,Variegated Laughingthrush,0.9493,psm9,2024,06,24,05
498.0,501.0,Trochalopteron variegatum,Variegated Laughingthrush,0.9668,psm9,2024,06,24,05
507.0,510.0,Trochalopteron variegatum,Variegated Laughingthrush,0.8505,psm9,2024,06,24,05
510.0,513.0,Trochalopteron variegatum,Variegated Laughingthrush,0.651,psm9,2024,06,24,05
513.0,516.0,Trochalopteron variegatum,Variegated Laughingthrush,0.9512,psm9,2024,06,24,05
519.0,522.0,Trochalopteron variegatum,Variegated Laughingthrush,0.9302,psm9,2024,06,24,05
522.0,525.0,Trochalopteron variegatum,Variegated Laughingthrush,0.9675,psm9,2024,06,24,05
528.0,531.0,Trochalopteron variegatum,Variegated Laughingthrush,0.8592,psm9,2024,06,24,05
531.0,534.0,Trochalopteron variegatum,Variegated Laughingthrush,0.6134,psm9,2024,06,24,05
537.0,540.0,Trochalopteron variegatum,Variegated Laughingthrush,0.8256,psm9,2024,06,24,05
546.0,549.0,Trochalopteron variegatum,Variegated Laughingthrush,0.8274,psm9,2024,06,24,05
549.0,552.0,Trochalopteron variegatum,Variegated Laughingthrush,0.7156,psm9,2024,06,24,05
555.0,558.0,Trochalopteron variegatum,Variegated Laughingthrush,0.9491,psm9,2024,06,24,05
564.0,567.0,Trochalopteron variegatum,Variegated Laughingthrush,0.8702,psm9,2024,06,24,05
564.0,567.0,Vireo flavifrons,Yellow-throated Vireo,0.7591,psm9,2024,06,24,05
594.0,597.0,Trochalopteron variegatum,Variegated Laughingthrush,0.5706,psm9,2024,06,24,05
603.0,606.0,Trochalopteron variegatum,Variegated Laughingthrush,0.8815,psm9,2024,06,24,05
621.0,624.0,Trochalopteron variegatum,Variegated Laughingthrush,0.9643,psm9,2024,06,24,05
630.0,633.0,Trochalopteron variegatum,Variegated Laughingthrush,0.6395,psm9,2024,06,24,05
654.0,657.0,Phylloscopus occipitalis,Western Crowned Warbler,0.7046,psm9,2024,06,24,05
777.0,780.0,Protonotaria citrea,Prothonotary Warbler,0.5736,psm9,2024,06,24,05
156.0,159.0,Phylloscopus occipitalis,Western Crowned Warbler,0.9148,psm9,2024,06,24,06
183.0,186.0,Phylloscopus occipitalis,Western Crowned Warbler,0.5283,psm9,2024,06,24,06
222.0,225.0,Phylloscopus occipitalis,Western Crowned Warbler,0.7247,psm9,2024,06,24,06
228.0,231.0,Phylloscopus occipitalis,Western Crowned Warbler,0.881,psm9,2024,06,24,06
237.0,240.0,Phylloscopus occipitalis,Western Crowned Warbler,0.691,psm9,2024,06,24,06
243.0,246.0,Phylloscopus occipitalis,Western Crowned Warbler,0.7941,psm9,2024,06,24,06
243.0,246.0,Protonotaria citrea,Prothonotary Warbler,0.5119,psm9,2024,06,24,06
294.0,297.0,Protonotaria citrea,Prothonotary Warbler,0.786,psm9,2024,06,24,06
456.0,459.0,Phylloscopus occipitalis,Western Crowned Warbler,0.662,psm9,2024,06,24,06
468.0,471.0,Phylloscopus occipitalis,Western Crowned Warbler,0.7158,psm9,2024,06,24,06
483.0,486.0,Phylloscopus occipitalis,Western Crowned Warbler,0.5539,psm9,2024,06,24,06
489.0,492.0,Phylloscopus occipitalis,Western Crowned Warbler,0.744,psm9,2024,06,24,06
531.0,534.0,Phylloscopus occipitalis,Western Crowned Warbler,0.5223,psm9,2024,06,24,06
543.0,546.0,Phylloscopus occipitalis,Western Crowned Warbler,0.5485,psm9,2024,06,24,06
552.0,555.0,Protonotaria citrea,Prothonotary Warbler,0.8148,psm9,2024,06,24,06
567.0,570.0,Phylloscopus occipitalis,Western Crowned Warbler,0.5256,psm9,2024,06,24,06
597.0,600.0,Phylloscopus occipitalis,Western Crowned Warbler,0.8927,psm9,2024,06,24,06
600.0,603.0,Phylloscopus occipitalis,Western Crowned Warbler,0.5785,psm9,2024,06,24,06
600.0,603.0,Protonotaria citrea,Prothonotary Warbler,0.5684,psm9,2024,06,24,06
612.0,615.0,Phylloscopus occipitalis,Western Crowned Warbler,0.6199,psm9,2024,06,24,06
633.0,636.0,Phylloscopus occipitalis,Western Crowned Warbler,0.6993,psm9,2024,06,24,06
639.0,642.0,Phylloscopus occipitalis,Western Crowned Warbler,0.9283,psm9,2024,06,24,06
654.0,657.0,Phylloscopus occipitalis,Western Crowned Warbler,0.5709,psm9,2024,06,24,06
660.0,663.0,Phylloscopus occipitalis,Western Crowned Warbler,0.7437,psm9,2024,06,24,06
702.0,705.0,Phylloscopus occipitalis,Western Crowned Warbler,0.9327,psm9,2024,06,24,06
711.0,714.0,Phylloscopus occipitalis,Western Crowned Warbler,0.5265,psm9,2024,06,24,06
753.0,756.0,Protonotaria citrea,Prothonotary Warbler,0.7605,psm9,2024,06,24,06
894.0,897.0,Phylloscopus nitidus,Green Warbler,0.6129,psm9,2024,06,24,06
132.0,135.0,Chlorodrepanis virens,Hawaii Amakihi,0.7534,psm9,2024,06,24,07
525.0,528.0,Anthus trivialis,Tree Pipit,0.7754,psm9,2024,06,24,07
717.0,720.0,Protonotaria citrea,Prothonotary Warbler,0.6686,psm9,2024,06,24,07
732.0,735.0,Phylloscopus occipitalis,Western Crowned Warbler,0.6088,psm9,2024,06,24,07
897.0,900.0,Basileuterus rufifrons,Rufous-capped Warbler,0.7756,psm9,2024,06,24,07
369.0,372.0,Drymophila ferruginea,Ferruginous Antbird,0.5007,psm9,2024,06,25,05
507.0,510.0,Trochalopteron variegatum,Variegated Laughingthrush,0.7144,psm9,2024,06,25,05
525.0,528.0,Trochalopteron variegatum,Variegated Laughingthrush,0.9782,psm9,2024,06,25,05
531.0,534.0,Trochalopteron variegatum,Variegated Laughingthrush,0.9667,psm9,2024,06,25,05
543.0,546.0,Trochalopteron variegatum,Variegated Laughingthrush,0.968,psm9,2024,06,25,05
615.0,618.0,Carpodacus rubicilloides,Streaked Rosefinch,0.6623,psm9,2024,06,25,05
621.0,624.0,Tarsiger rufilatus,Himalayan Bluetail,0.7425,psm9,2024,06,25,05
624.0,627.0,Tarsiger rufilatus,Himalayan Bluetail,0.644,psm9,2024,06,25,05
627.0,630.0,Tarsiger rufilatus,Himalayan Bluetail,0.6968,psm9,2024,06,25,05
648.0,651.0,Ficedula zanthopygia,Yellow-rumped Flycatcher,0.5357,psm9,2024,06,25,05
651.0,654.0,Ficedula zanthopygia,Yellow-rumped Flycatcher,0.5053,psm9,2024,06,25,05
663.0,666.0,Tarsiger rufilatus,Himalayan Bluetail,0.7124,psm9,2024,06,25,05
669.0,672.0,Tarsiger rufilatus,Himalayan Bluetail,0.8712,psm9,2024,06,25,05
675.0,678.0,Tarsiger rufilatus,Himalayan Bluetail,0.5938,psm9,2024,06,25,05
675.0,678.0,Ficedula zanthopygia,Yellow-rumped Flycatcher,0.5185,psm9,2024,06,25,05
882.0,885.0,Tarsiger indicus,White-browed Bush-Robin,0.5649,psm9,2024,06,25,05
33.0,36.0,Atlapetes fuscoolivaceus,Dusky-headed Brushfinch,0.5486,psm9,2024,06,25,06
78.0,81.0,Phylloscopus trochiloides,Greenish Warbler,0.6869,psm9,2024,06,25,06
90.0,93.0,Carpodacus erythrinus,Common Rosefinch,0.82,psm9,2024,06,25,06
96.0,99.0,Carpodacus erythrinus,Common Rosefinch,0.6456,psm9,2024,06,25,06
114.0,117.0,Carpodacus erythrinus,Common Rosefinch,0.6805,psm9,2024,06,25,06
141.0,144.0,Carpodacus erythrinus,Common Rosefinch,0.6787,psm9,2024,06,25,06
147.0,150.0,Phylloscopus tytleri,Tytler's Leaf Warbler,0.661,psm9,2024,06,25,06
156.0,159.0,Carpodacus erythrinus,Common Rosefinch,0.7999,psm9,2024,06,25,06
162.0,165.0,Atlapetes fuscoolivaceus,Dusky-headed Brushfinch,0.8045,psm9,2024,06,25,06
165.0,168.0,Protonotaria citrea,Prothonotary Warbler,0.6603,psm9,2024,06,25,06
168.0,171.0,Phylloscopus occipitalis,Western Crowned Warbler,0.574,psm9,2024,06,25,06
174.0,177.0,Phylloscopus occipitalis,Western Crowned Warbler,0.7019,psm9,2024,06,25,06
204.0,207.0,Carpodacus erythrinus,Common Rosefinch,0.8712,psm9,2024,06,25,06
222.0,225.0,Carpodacus erythrinus,Common Rosefinch,0.5854,psm9,2024,06,25,06
225.0,228.0,Carpodacus erythrinus,Common Rosefinch,0.8406,psm9,2024,06,25,06
243.0,246.0,Protonotaria citrea,Prothonotary Warbler,0.6921,psm9,2024,06,25,06
261.0,264.0,Carpodacus erythrinus,Common Rosefinch,0.6659,psm9,2024,06,25,06
300.0,303.0,Protonotaria citrea,Prothonotary Warbler,0.5781,psm9,2024,06,25,06
315.0,318.0,Phylloscopus occipitalis,Western Crowned Warbler,0.6251,psm9,2024,06,25,06
339.0,342.0,Phylloscopus occipitalis,Western Crowned Warbler,0.5491,psm9,2024,06,25,06
348.0,351.0,Phylloscopus occipitalis,Western Crowned Warbler,0.6036,psm9,2024,06,25,06
414.0,417.0,Trochalopteron variegatum,Variegated Laughingthrush,0.7516,psm9,2024,06,25,06
420.0,423.0,Trochalopteron variegatum,Variegated Laughingthrush,0.571,psm9,2024,06,25,06
426.0,429.0,Trochalopteron variegatum,Variegated Laughingthrush,0.8609,psm9,2024,06,25,06
435.0,438.0,Trochalopteron virgatum,Striped Laughingthrush,0.7861,psm9,2024,06,25,06
435.0,438.0,Trochalopteron variegatum,Variegated Laughingthrush,0.6263,psm9,2024,06,25,06
444.0,447.0,Trochalopteron variegatum,Variegated Laughingthrush,0.6355,psm9,2024,06,25,06
444.0,447.0,Trochalopteron virgatum,Striped Laughingthrush,0.5585,psm9,2024,06,25,06
447.0,450.0,Trochalopteron variegatum,Variegated Laughingthrush,0.8544,psm9,2024,06,25,06
450.0,453.0,Trochalopteron variegatum,Variegated Laughingthrush,0.6863,psm9,2024,06,25,06
465.0,468.0,Trochalopteron variegatum,Variegated Laughingthrush,0.7561,psm9,2024,06,25,06
468.0,471.0,Trochalopteron variegatum,Variegated Laughingthrush,0.8227,psm9,2024,06,25,06
471.0,474.0,Protonotaria citrea,Prothonotary Warbler,0.5479,psm9,2024,06,25,06
480.0,483.0,Trochalopteron variegatum,Variegated Laughingthrush,0.7023,psm9,2024,06,25,06
486.0,489.0,Trochalopteron variegatum,Variegated Laughingthrush,0.5282,psm9,2024,06,25,06
492.0,495.0,Trochalopteron variegatum,Variegated Laughingthrush,0.5071,psm9,2024,06,25,06
513.0,516.0,Pycnonotus jocosus,Red-whiskered Bulbul,0.5318,psm9,2024,06,25,06
522.0,525.0,Trochalopteron variegatum,Variegated Laughingthrush,0.658,psm9,2024,06,25,06
528.0,531.0,Trochalopteron variegatum,Variegated Laughingthrush,0.6772,psm9,2024,06,25,06
531.0,534.0,Trochalopteron variegatum,Variegated Laughingthrush,0.6851,psm9,2024,06,25,06
537.0,540.0,Trochalopteron variegatum,Variegated Laughingthrush,0.5683,psm9,2024,06,25,06
549.0,552.0,Trochalopteron variegatum,Variegated Laughingthrush,0.5094,psm9,2024,06,25,06
567.0,570.0,Trochalopteron variegatum,Variegated Laughingthrush,0.6252,psm9,2024,06,25,06
579.0,582.0,Trochalopteron variegatum,Variegated Laughingthrush,0.9574,psm9,2024,06,25,06
588.0,591.0,Trochalopteron variegatum,Variegated Laughingthrush,0.7271,psm9,2024,06,25,06
594.0,597.0,Trochalopteron variegatum,Variegated Laughingthrush,0.8784,psm9,2024,06,25,06
603.0,606.0,Trochalopteron variegatum,Variegated Laughingthrush,0.9633,psm9,2024,06,25,06
609.0,612.0,Trochalopteron variegatum,Variegated Laughingthrush,0.7556,psm9,2024,06,25,06
621.0,624.0,Phylloscopus occipitalis,Western Crowned Warbler,0.81,psm9,2024,06,25,06
627.0,630.0,Phylloscopus occipitalis,Western Crowned Warbler,0.9272,psm9,2024,06,25,06
630.0,633.0,Trochalopteron variegatum,Variegated Laughingthrush,0.7749,psm9,2024,06,25,06
633.0,636.0,Trochalopteron variegatum,Variegated Laughingthrush,0.8593,psm9,2024,06,25,06
639.0,642.0,Trochalopteron variegatum,Variegated Laughingthrush,0.8489,psm9,2024,06,25,06
642.0,645.0,Trochalopteron variegatum,Variegated Laughingthrush,0.775,psm9,2024,06,25,06
648.0,651.0,Trochalopteron variegatum,Variegated Laughingthrush,0.5664,psm9,2024,06,25,06
663.0,666.0,Trochalopteron variegatum,Variegated Laughingthrush,0.623,psm9,2024,06,25,06
672.0,675.0,Trochalopteron variegatum,Variegated Laughingthrush,0.9513,psm9,2024,06,25,06
675.0,678.0,Trochalopteron variegatum,Variegated Laughingthrush,0.8885,psm9,2024,06,25,06
678.0,681.0,Trochalopteron variegatum,Variegated Laughingthrush,0.6951,psm9,2024,06,25,06
684.0,687.0,Trochalopteron variegatum,Variegated Laughingthrush,0.9195,psm9,2024,06,25,06
687.0,690.0,Trochalopteron variegatum,Variegated Laughingthrush,0.9489,psm9,2024,06,25,06
690.0,693.0,Trochalopteron variegatum,Variegated Laughingthrush,0.9491,psm9,2024,06,25,06
696.0,699.0,Trochalopteron variegatum,Variegated Laughingthrush,0.9493,psm9,2024,06,25,06
705.0,708.0,Trochalopteron variegatum,Variegated Laughingthrush,0.5113,psm9,2024,06,25,06
732.0,735.0,Protonotaria citrea,Prothonotary Warbler,0.6952,psm9,2024,06,25,06
747.0,750.0,Trochalopteron variegatum,Variegated Laughingthrush,0.8302,psm9,2024,06,25,06
753.0,756.0,Trochalopteron variegatum,Variegated Laughingthrush,0.9107,psm9,2024,06,25,06
756.0,759.0,Trochalopteron variegatum,Variegated Laughingthrush,0.5351,psm9,2024,06,25,06
777.0,780.0,Trochalopteron variegatum,Variegated Laughingthrush,0.5266,psm9,2024,06,25,06
783.0,786.0,Pycnonotus jocosus,Red-whiskered Bulbul,0.5907,psm9,2024,06,25,06
792.0,795.0,Trochalopteron variegatum,Variegated Laughingthrush,0.6488,psm9,2024,06,25,06
795.0,798.0,Trochalopteron variegatum,Variegated Laughingthrush,0.8806,psm9,2024,06,25,06
801.0,804.0,Trochalopteron variegatum,Variegated Laughingthrush,0.5041,psm9,2024,06,25,06
810.0,813.0,Trochalopteron variegatum,Variegated Laughingthrush,0.5426,psm9,2024,06,25,06
813.0,816.0,Trochalopteron variegatum,Variegated Laughingthrush,0.961,psm9,2024,06,25,06
819.0,822.0,Trochalopteron variegatum,Variegated Laughingthrush,0.7751,psm9,2024,06,25,06
822.0,825.0,Trochalopteron virgatum,Striped Laughingthrush,0.7983,psm9,2024,06,25,06
822.0,825.0,Trochalopteron variegatum,Variegated Laughingthrush,0.7295,psm9,2024,06,25,06
834.0,837.0,Trochalopteron variegatum,Variegated Laughingthrush,0.6824,psm9,2024,06,25,06
843.0,846.0,Phylloscopus occipitalis,Western Crowned Warbler,0.5732,psm9,2024,06,25,06
846.0,849.0,Trochalopteron variegatum,Variegated Laughingthrush,0.8843,psm9,2024,06,25,06
855.0,858.0,Trochalopteron variegatum,Variegated Laughingthrush,0.5913,psm9,2024,06,25,06
864.0,867.0,Phylloscopus occipitalis,Western Crowned Warbler,0.8374,psm9,2024,06,25,06
876.0,879.0,Trochalopteron variegatum,Variegated Laughingthrush,0.5449,psm9,2024,06,25,06
879.0,882.0,Phylloscopus occipitalis,Western Crowned Warbler,0.8711,psm9,2024,06,25,06
882.0,885.0,Trochalopteron variegatum,Variegated Laughingthrush,0.8305,psm9,2024,06,25,06
885.0,888.0,Trochalopteron virgatum,Striped Laughingthrush,0.5874,psm9,2024,06,25,06
891.0,894.0,Trochalopteron variegatum,Variegated Laughingthrush,0.8228,psm9,2024,06,25,06
63.0,66.0,Phylloscopus trochiloides,Greenish Warbler,0.7224,psm9,2024,06,25,07
66.0,69.0,Phylloscopus trochiloides,Greenish Warbler,0.6114,psm9,2024,06,25,07
69.0,72.0,Phylloscopus trochiloides,Greenish Warbler,0.9315,psm9,2024,06,25,07
78.0,81.0,Phylloscopus trochiloides,Greenish Warbler,0.6139,psm9,2024,06,25,07
105.0,108.0,Phylloscopus trochiloides,Greenish Warbler,0.8008,psm9,2024,06,25,07
168.0,171.0,Phylloscopus trochiloides,Greenish Warbler,0.6483,psm9,2024,06,25,07
192.0,195.0,Phylloscopus trochiloides,Greenish Warbler,0.9464,psm9,2024,06,25,07
195.0,198.0,Phylloscopus trochiloides,Greenish Warbler,0.692,psm9,2024,06,25,07
201.0,204.0,Phylloscopus trochiloides,Greenish Warbler,0.937,psm9,2024,06,25,07
204.0,207.0,Phylloscopus trochiloides,Greenish Warbler,0.8734,psm9,2024,06,25,07
207.0,210.0,Phylloscopus trochiloides,Greenish Warbler,0.9857,psm9,2024,06,25,07
210.0,213.0,Phylloscopus trochiloides,Greenish Warbler,0.9143,psm9,2024,06,25,07
213.0,216.0,Phylloscopus trochiloides,Greenish Warbler,0.9043,psm9,2024,06,25,07
216.0,219.0,Phylloscopus trochiloides,Greenish Warbler,0.8893,psm9,2024,06,25,07
219.0,222.0,Phylloscopus trochiloides,Greenish Warbler,0.919,psm9,2024,06,25,07
222.0,225.0,Phylloscopus trochiloides,Greenish Warbler,0.898,psm9,2024,06,25,07
225.0,228.0,Phylloscopus trochiloides,Greenish Warbler,0.8834,psm9,2024,06,25,07
228.0,231.0,Phylloscopus nitidus,Green Warbler,0.5735,psm9,2024,06,25,07
240.0,243.0,Leptopogon taczanowskii,Inca Flycatcher,0.5183,psm9,2024,06,25,07
243.0,246.0,Phylloscopus nitidus,Green Warbler,0.68,psm9,2024,06,25,07
243.0,246.0,Phylloscopus trochiloides,Greenish Warbler,0.6172,psm9,2024,06,25,07
249.0,252.0,Phylloscopus trochiloides,Greenish Warbler,0.5386,psm9,2024,06,25,07
258.0,261.0,Phylloscopus trochiloides,Greenish Warbler,0.7889,psm9,2024,06,25,07
258.0,261.0,Phylloscopus nitidus,Green Warbler,0.6105,psm9,2024,06,25,07
261.0,264.0,Phylloscopus trochiloides,Greenish Warbler,0.7266,psm9,2024,06,25,07
264.0,267.0,Phylloscopus trochiloides,Greenish Warbler,0.5693,psm9,2024,06,25,07
270.0,273.0,Phylloscopus trochiloides,Greenish Warbler,0.7105,psm9,2024,06,25,07
273.0,276.0,Phylloscopus nitidus,Green Warbler,0.7894,psm9,2024,06,25,07
276.0,279.0,Phylloscopus trochiloides,Greenish Warbler,0.7457,psm9,2024,06,25,07
276.0,279.0,Phylloscopus nitidus,Green Warbler,0.514,psm9,2024,06,25,07
285.0,288.0,Phylloscopus trochiloides,Greenish Warbler,0.8074,psm9,2024,06,25,07
291.0,294.0,Phylloscopus trochiloides,Greenish Warbler,0.7707,psm9,2024,06,25,07
294.0,297.0,Phylloscopus trochiloides,Greenish Warbler,0.6333,psm9,2024,06,25,07
297.0,300.0,Phylloscopus trochiloides,Greenish Warbler,0.7584,psm9,2024,06,25,07
336.0,339.0,Protonotaria citrea,Prothonotary Warbler,0.5205,psm9,2024,06,25,07
354.0,357.0,Carpodacus erythrinus,Common Rosefinch,0.9739,psm9,2024,06,25,07
360.0,363.0,Carpodacus erythrinus,Common Rosefinch,0.9585,psm9,2024,06,25,07
432.0,435.0,Protonotaria citrea,Prothonotary Warbler,0.8649,psm9,2024,06,25,07
435.0,438.0,Protonotaria citrea,Prothonotary Warbler,0.8172,psm9,2024,06,25,07
489.0,492.0,Protonotaria citrea,Prothonotary Warbler,0.5786,psm9,2024,06,25,07
618.0,621.0,Phylloscopus nitidus,Green Warbler,0.8867,psm9,2024,06,25,07
627.0,630.0,Phylloscopus nitidus,Green Warbler,0.8352,psm9,2024,06,25,07
627.0,630.0,Phylloscopus trochiloides,Greenish Warbler,0.7196,psm9,2024,06,25,07
639.0,642.0,Phylloscopus nitidus,Green Warbler,0.7968,psm9,2024,06,25,07
681.0,684.0,Phylloscopus nitidus,Green Warbler,0.5219,psm9,2024,06,25,07
690.0,693.0,Phylloscopus occipitalis,Western Crowned Warbler,0.806,psm9,2024,06,25,07
786.0,789.0,Protonotaria citrea,Prothonotary Warbler,0.8889,psm9,2024,06,25,07
825.0,828.0,Phylloscopus trochiloides,Greenish Warbler,0.7289,psm9,2024,06,25,07
891.0,894.0,Phylloscopus occipitalis,Western Crowned Warbler,0.8165,psm9,2024,06,25,07
522.0,525.0,Tarsiger indicus,White-browed Bush-Robin,0.6727,psm9,2024,06,26,05
528.0,531.0,Tarsiger rufilatus,Himalayan Bluetail,0.793,psm9,2024,06,26,05
540.0,543.0,Tarsiger rufilatus,Himalayan Bluetail,0.5016,psm9,2024,06,26,05
27.0,30.0,Atlapetes fuscoolivaceus,Dusky-headed Brushfinch,0.5767,psm9,2024,06,26,06
117.0,120.0,Periparus ater,Coal Tit,0.747,psm9,2024,06,26,06
270.0,273.0,Phylloscopus magnirostris,Large-billed Leaf Warbler,0.9062,psm9,2024,06,26,06
273.0,276.0,Phylloscopus magnirostris,Large-billed Leaf Warbler,0.637,psm9,2024,06,26,06
288.0,291.0,Phylloscopus magnirostris,Large-billed Leaf Warbler,0.9553,psm9,2024,06,26,06
288.0,291.0,Elachura formosa,Spotted Elachura,0.5488,psm9,2024,06,26,06
294.0,297.0,Phylloscopus magnirostris,Large-billed Leaf Warbler,0.6418,psm9,2024,06,26,06
300.0,303.0,Phylloscopus magnirostris,Large-billed Leaf Warbler,0.5518,psm9,2024,06,26,06
372.0,375.0,Phylloscopus magnirostris,Large-billed Leaf Warbler,0.6014,psm9,2024,06,26,06
393.0,396.0,Protonotaria citrea,Prothonotary Warbler,0.9355,psm9,2024,06,26,06
414.0,417.0,Protonotaria citrea,Prothonotary Warbler,0.6037,psm9,2024,06,26,06
483.0,486.0,Phylloscopus occipitalis,Western Crowned Warbler,0.5801,psm9,2024,06,26,06
498.0,501.0,Phylloscopus occipitalis,Western Crowned Warbler,0.7053,psm9,2024,06,26,06
507.0,510.0,Protonotaria citrea,Prothonotary Warbler,0.5785,psm9,2024,06,26,06
510.0,513.0,Phylloscopus occipitalis,Western Crowned Warbler,0.9362,psm9,2024,06,26,06
516.0,519.0,Phylloscopus occipitalis,Western Crowned Warbler,0.5249,psm9,2024,06,26,06
525.0,528.0,Phylloscopus occipitalis,Western Crowned Warbler,0.6051,psm9,2024,06,26,06
546.0,549.0,Phylloscopus occipitalis,Western Crowned Warbler,0.6257,psm9,2024,06,26,06
741.0,744.0,Protonotaria citrea,Prothonotary Warbler,0.5323,psm9,2024,06,26,06
9.0,12.0,Phylloscopus occipitalis,Western Crowned Warbler,0.8783,psm9,2024,06,26,07
45.0,48.0,Phylloscopus occipitalis,Western Crowned Warbler,0.6252,psm9,2024,06,26,07
138.0,141.0,Phylloscopus trochiloides,Greenish Warbler,0.5366,psm9,2024,06,26,07
195.0,198.0,Phylloscopus humei,Hume's Warbler,0.826,psm9,2024,06,26,07
210.0,213.0,Phylloscopus humei,Hume's Warbler,0.8157,psm9,2024,06,26,07
714.0,717.0,Phylloscopus magnirostris,Large-billed Leaf Warbler,0.7838,psm9,2024,06,26,07
48.0,51.0,Piranga olivacea,Scarlet Tanager,0.6998,psm9,2024,06,27,05
93.0,96.0,Trochalopteron variegatum,Variegated Laughingthrush,0.7396,psm9,2024,06,27,05
99.0,102.0,Trochalopteron variegatum,Variegated Laughingthrush,0.8007,psm9,2024,06,27,05
111.0,114.0,Trochalopteron variegatum,Variegated Laughingthrush,0.8529,psm9,2024,06,27,05
111.0,114.0,Piranga bidentata,Flame-colored Tanager,0.5352,psm9,2024,06,27,05
135.0,138.0,Piranga bidentata,Flame-colored Tanager,0.5608,psm9,2024,06,27,05
147.0,150.0,Trochalopteron variegatum,Variegated Laughingthrush,0.5758,psm9,2024,06,27,05
162.0,165.0,Trochalopteron variegatum,Variegated Laughingthrush,0.5773,psm9,2024,06,27,05
171.0,174.0,Trochalopteron variegatum,Variegated Laughingthrush,0.8533,psm9,2024,06,27,05
177.0,180.0,Trochalopteron variegatum,Variegated Laughingthrush,0.9139,psm9,2024,06,27,05
189.0,192.0,Trochalopteron variegatum,Variegated Laughingthrush,0.9861,psm9,2024,06,27,05
195.0,198.0,Trochalopteron variegatum,Variegated Laughingthrush,0.9655,psm9,2024,06,27,05
210.0,213.0,Trochalopteron variegatum,Variegated Laughingthrush,0.9754,psm9,2024,06,27,05
216.0,219.0,Trochalopteron variegatum,Variegated Laughingthrush,0.9778,psm9,2024,06,27,05
231.0,234.0,Trochalopteron variegatum,Variegated Laughingthrush,0.9988,psm9,2024,06,27,05
237.0,240.0,Trochalopteron variegatum,Variegated Laughingthrush,0.9899,psm9,2024,06,27,05
243.0,246.0,Trochalopteron variegatum,Variegated Laughingthrush,0.8916,psm9,2024,06,27,05
246.0,249.0,Trochalopteron variegatum,Variegated Laughingthrush,0.9076,psm9,2024,06,27,05
252.0,255.0,Trochalopteron variegatum,Variegated Laughingthrush,0.9989,psm9,2024,06,27,05
258.0,261.0,Trochalopteron variegatum,Variegated Laughingthrush,0.9794,psm9,2024,06,27,05
261.0,264.0,Trochalopteron variegatum,Variegated Laughingthrush,0.9246,psm9,2024,06,27,05
267.0,270.0,Trochalopteron variegatum,Variegated Laughingthrush,0.9647,psm9,2024,06,27,05
273.0,276.0,Trochalopteron variegatum,Variegated Laughingthrush,0.9884,psm9,2024,06,27,05
279.0,282.0,Trochalopteron variegatum,Variegated Laughingthrush,0.9944,psm9,2024,06,27,05
285.0,288.0,Trochalopteron variegatum,Variegated Laughingthrush,0.9829,psm9,2024,06,27,05
288.0,291.0,Trochalopteron variegatum,Variegated Laughingthrush,0.5604,psm9,2024,06,27,05
300.0,303.0,Trochalopteron variegatum,Variegated Laughingthrush,0.9127,psm9,2024,06,27,05
303.0,306.0,Trochalopteron variegatum,Variegated Laughingthrush,0.903,psm9,2024,06,27,05
309.0,312.0,Trochalopteron variegatum,Variegated Laughingthrush,0.8674,psm9,2024,06,27,05
318.0,321.0,Trochalopteron variegatum,Variegated Laughingthrush,0.8839,psm9,2024,06,27,05
324.0,327.0,Trochalopteron variegatum,Variegated Laughingthrush,0.948,psm9,2024,06,27,05
582.0,585.0,Trochalopteron variegatum,Variegated Laughingthrush,0.7477,psm9,2024,06,27,05
606.0,609.0,Trochalopteron variegatum,Variegated Laughingthrush,0.7296,psm9,2024,06,27,05
609.0,612.0,Trochalopteron variegatum,Variegated Laughingthrush,0.8314,psm9,2024,06,27,05
612.0,615.0,Trochalopteron variegatum,Variegated Laughingthrush,0.686,psm9,2024,06,27,05
618.0,621.0,Trochalopteron variegatum,Variegated Laughingthrush,0.7397,psm9,2024,06,27,05
627.0,630.0,Trochalopteron variegatum,Variegated Laughingthrush,0.547,psm9,2024,06,27,05
633.0,636.0,Trochalopteron variegatum,Variegated Laughingthrush,0.9214,psm9,2024,06,27,05
846.0,849.0,Trochalopteron variegatum,Variegated Laughingthrush,0.8518,psm9,2024,06,27,05
864.0,867.0,Piranga bidentata,Flame-colored Tanager,0.5686,psm9,2024,06,27,05
867.0,870.0,Piranga bidentata,Flame-colored Tanager,0.5872,psm9,2024,06,27,05
882.0,885.0,Trochalopteron variegatum,Variegated Laughingthrush,0.7952,psm9,2024,06,27,05
891.0,894.0,Piranga bidentata,Flame-colored Tanager,0.7945,psm9,2024,06,27,05
891.0,894.0,Trochalopteron variegatum,Variegated Laughingthrush,0.5591,psm9,2024,06,27,05
897.0,900.0,Trochalopteron variegatum,Variegated Laughingthrush,0.8375,psm9,2024,06,27,05
195.0,198.0,Tringa erythropus,Spotted Redshank,0.5074,psm9,2024,06,27,06
306.0,309.0,Phylloscopus occipitalis,Western Crowned Warbler,0.5124,psm9,2024,06,27,06
369.0,372.0,Phylloscopus magnirostris,Large-billed Leaf Warbler,0.9421,psm9,2024,06,27,06
381.0,384.0,Phylloscopus magnirostris,Large-billed Leaf Warbler,0.9179,psm9,2024,06,27,06
396.0,399.0,Protonotaria citrea,Prothonotary Warbler,0.5193,psm9,2024,06,27,06
429.0,432.0,Atlapetes fuscoolivaceus,Dusky-headed Brushfinch,0.5559,psm9,2024,06,27,06
447.0,450.0,Protonotaria citrea,Prothonotary Warbler,0.5468,psm9,2024,06,27,06
456.0,459.0,Protonotaria citrea,Prothonotary Warbler,0.8457,psm9,2024,06,27,06
501.0,504.0,Protonotaria citrea,Prothonotary Warbler,0.5637,psm9,2024,06,27,06
510.0,513.0,Protonotaria citrea,Prothonotary Warbler,0.7253,psm9,2024,06,27,06
525.0,528.0,Protonotaria citrea,Prothonotary Warbler,0.7952,psm9,2024,06,27,06
531.0,534.0,Phylloscopus occipitalis,Western Crowned Warbler,0.5784,psm9,2024,06,27,06
564.0,567.0,Phylloscopus occipitalis,Western Crowned Warbler,0.9349,psm9,2024,06,27,06
567.0,570.0,Protonotaria citrea,Prothonotary Warbler,0.9049,psm9,2024,06,27,06
588.0,591.0,Protonotaria citrea,Prothonotary Warbler,0.8248,psm9,2024,06,27,06
594.0,597.0,Atlapetes fuscoolivaceus,Dusky-headed Brushfinch,0.5806,psm9,2024,06,27,06
597.0,600.0,Protonotaria citrea,Prothonotary Warbler,0.9676,psm9,2024,06,27,06
753.0,756.0,Protonotaria citrea,Prothonotary Warbler,0.686,psm9,2024,06,27,06
768.0,771.0,Protonotaria citrea,Prothonotary Warbler,0.7559,psm9,2024,06,27,06
396.0,399.0,Tringa erythropus,Spotted Redshank,0.5704,psm9,2024,06,27,07
405.0,408.0,Tringa erythropus,Spotted Redshank,0.7508,psm9,2024,06,27,07
555.0,558.0,Andropadus importunus,Sombre Greenbul,0.763,psm9,2024,06,27,07
645.0,648.0,Haemorhous cassinii,Cassin's Finch,0.5938,psm9,2024,06,27,07
648.0,651.0,Andropadus importunus,Sombre Greenbul,0.5013,psm9,2024,06,27,07
699.0,702.0,Mareca penelope,Eurasian Wigeon,0.6901,psm9,2024,06,27,07
813.0,816.0,Phylloscopus nitidus,Green Warbler,0.6319,psm9,2024,06,27,07
828.0,831.0,Phylloscopus nitidus,Green Warbler,0.6866,psm9,2024,06,27,07
840.0,843.0,Phylloscopus nitidus,Green Warbler,0.8554,psm9,2024,06,27,07
861.0,864.0,Phylloscopus nitidus,Green Warbler,0.9249,psm9,2024,06,27,07
864.0,867.0,Phylloscopus nitidus,Green Warbler,0.9089,psm9,2024,06,27,07
159.0,162.0,Piranga olivacea,Scarlet Tanager,0.5138,psm9,2024,06,28,05
174.0,177.0,Piranga olivacea,Scarlet Tanager,0.7048,psm9,2024,06,28,05
222.0,225.0,Prunella strophiata,Rufous-breasted Accentor,0.9312,psm9,2024,06,28,05
252.0,255.0,Prunella strophiata,Rufous-breasted Accentor,0.5018,psm9,2024,06,28,05
321.0,324.0,Prunella strophiata,Rufous-breasted Accentor,0.8844,psm9,2024,06,28,05
321.0,324.0,Phoenicurus frontalis,Blue-fronted Redstart,0.5778,psm9,2024,06,28,05
357.0,360.0,Prunella strophiata,Rufous-breasted Accentor,0.6591,psm9,2024,06,28,05
363.0,366.0,Prunella strophiata,Rufous-breasted Accentor,0.5366,psm9,2024,06,28,05
417.0,420.0,Cyanocompsa parellina,Blue Bunting,0.5181,psm9,2024,06,28,05
489.0,492.0,Bolborhynchus lineola,Barred Parakeet,0.699,psm9,2024,06,28,05
558.0,561.0,Tarsiger rufilatus,Himalayan Bluetail,0.5282,psm9,2024,06,28,05
6.0,9.0,Phylloscopus occipitalis,Western Crowned Warbler,0.5272,psm9,2024,06,28,06
15.0,18.0,Phylloscopus occipitalis,Western Crowned Warbler,0.5194,psm9,2024,06,28,06
18.0,21.0,Phylloscopus occipitalis,Western Crowned Warbler,0.8065,psm9,2024,06,28,06
27.0,30.0,Phylloscopus occipitalis,Western Crowned Warbler,0.6092,psm9,2024,06,28,06
33.0,36.0,Phylloscopus occipitalis,Western Crowned Warbler,0.7612,psm9,2024,06,28,06
45.0,48.0,Phylloscopus occipitalis,Western Crowned Warbler,0.5435,psm9,2024,06,28,06
60.0,63.0,Phylloscopus occipitalis,Western Crowned Warbler,0.5455,psm9,2024,06,28,06
84.0,87.0,Phylloscopus occipitalis,Western Crowned Warbler,0.576,psm9,2024,06,28,06
87.0,90.0,Phylloscopus occipitalis,Western Crowned Warbler,0.8048,psm9,2024,06,28,06
87.0,90.0,Protonotaria citrea,Prothonotary Warbler,0.5825,psm9,2024,06,28,06
99.0,102.0,Phylloscopus occipitalis,Western Crowned Warbler,0.6048,psm9,2024,06,28,06
129.0,132.0,Phylloscopus trochiloides,Greenish Warbler,0.9288,psm9,2024,06,28,06
141.0,144.0,Protonotaria citrea,Prothonotary Warbler,0.9453,psm9,2024,06,28,06
252.0,255.0,Phylloscopus humei,Hume's Warbler,0.8423,psm9,2024,06,28,06
261.0,264.0,Protonotaria citrea,Prothonotary Warbler,0.5578,psm9,2024,06,28,06
267.0,270.0,Protonotaria citrea,Prothonotary Warbler,0.9597,psm9,2024,06,28,06
276.0,279.0,Protonotaria citrea,Prothonotary Warbler,0.6013,psm9,2024,06,28,06
279.0,282.0,Motacilla flava,Western Yellow Wagtail,0.5737,psm9,2024,06,28,06
282.0,285.0,Phylloscopus humei,Hume's Warbler,0.8608,psm9,2024,06,28,06
285.0,288.0,Phylloscopus humei,Hume's Warbler,0.5614,psm9,2024,06,28,06
303.0,306.0,Phylloscopus humei,Hume's Warbler,0.9109,psm9,2024,06,28,06
327.0,330.0,Protonotaria citrea,Prothonotary Warbler,0.5192,psm9,2024,06,28,06
330.0,333.0,Protonotaria citrea,Prothonotary Warbler,0.8852,psm9,2024,06,28,06
363.0,366.0,Protonotaria citrea,Prothonotary Warbler,0.9193,psm9,2024,06,28,06
372.0,375.0,Protonotaria citrea,Prothonotary Warbler,0.5205,psm9,2024,06,28,06
381.0,384.0,Protonotaria citrea,Prothonotary Warbler,0.826,psm9,2024,06,28,06
492.0,495.0,Mareca penelope,Eurasian Wigeon,0.5887,psm9,2024,06,28,06
648.0,651.0,Protonotaria citrea,Prothonotary Warbler,0.8467,psm9,2024,06,28,06
654.0,657.0,Phylloscopus occipitalis,Western Crowned Warbler,0.8803,psm9,2024,06,28,06
675.0,678.0,Calidris alpina,Dunlin,0.5195,psm9,2024,06,28,06
717.0,720.0,Protonotaria citrea,Prothonotary Warbler,0.5564,psm9,2024,06,28,06
720.0,723.0,Protonotaria citrea,Prothonotary Warbler,0.7545,psm9,2024,06,28,06
852.0,855.0,Anthus trivialis,Tree Pipit,0.5431,psm9,2024,06,28,06
855.0,858.0,Protonotaria citrea,Prothonotary Warbler,0.5319,psm9,2024,06,28,06
84.0,87.0,Anthus trivialis,Tree Pipit,0.7252,psm9,2024,06,28,07
87.0,90.0,Anthus trivialis,Tree Pipit,0.5373,psm9,2024,06,28,07
90.0,93.0,Anthus trivialis,Tree Pipit,0.5338,psm9,2024,06,28,07
174.0,177.0,Phylloscopus occipitalis,Western Crowned Warbler,0.6131,psm9,2024,06,28,07
648.0,651.0,Phylloscopus humei,Hume's Warbler,0.6957,psm9,2024,06,28,07
651.0,654.0,Turdus iliacus,Redwing,0.7439,psm9,2024,06,28,07
723.0,726.0,Protonotaria citrea,Prothonotary Warbler,0.6381,psm9,2024,06,28,07
126.0,129.0,Tarsiger indicus,White-browed Bush-Robin,0.6069,psm9,2024,06,29,05
135.0,138.0,Tarsiger rufilatus,Himalayan Bluetail,0.6198,psm9,2024,06,29,05
216.0,219.0,Coracina macei,Large Cuckooshrike,0.5264,psm9,2024,06,29,05
297.0,300.0,Trochalopteron variegatum,Variegated Laughingthrush,0.8532,psm9,2024,06,29,05
309.0,312.0,Trochalopteron variegatum,Variegated Laughingthrush,0.6114,psm9,2024,06,29,05
429.0,432.0,Trochalopteron variegatum,Variegated Laughingthrush,0.8234,psm9,2024,06,29,05
435.0,438.0,Trochalopteron variegatum,Variegated Laughingthrush,0.5683,psm9,2024,06,29,05
450.0,453.0,Trochalopteron variegatum,Variegated Laughingthrush,0.8356,psm9,2024,06,29,05
453.0,456.0,Vireo altiloquus,Black-whiskered Vireo,0.5049,psm9,2024,06,29,05
573.0,576.0,Carpodacus rubicilloides,Streaked Rosefinch,0.7016,psm9,2024,06,29,05
6.0,9.0,Phylloscopus occipitalis,Western Crowned Warbler,0.9162,psm9,2024,06,29,06
9.0,12.0,Phylloscopus occipitalis,Western Crowned Warbler,0.5859,psm9,2024,06,29,06
24.0,27.0,Phylloscopus occipitalis,Western Crowned Warbler,0.5606,psm9,2024,06,29,06
27.0,30.0,Phylloscopus occipitalis,Western Crowned Warbler,0.7504,psm9,2024,06,29,06
57.0,60.0,Phylloscopus occipitalis,Western Crowned Warbler,0.5571,psm9,2024,06,29,06
141.0,144.0,Protonotaria citrea,Prothonotary Warbler,0.5319,psm9,2024,06,29,06
321.0,324.0,Protonotaria citrea,Prothonotary Warbler,0.5566,psm9,2024,06,29,06
348.0,351.0,Tringa erythropus,Spotted Redshank,0.6668,psm9,2024,06,29,06
366.0,369.0,Phylloscopus occipitalis,Western Crowned Warbler,0.5956,psm9,2024,06,29,06
543.0,546.0,Haemorhous cassinii,Cassin's Finch,0.5404,psm9,2024,06,29,06
609.0,612.0,Prunella modularis,Dunnock,0.719,psm9,2024,06,29,06
633.0,636.0,Protonotaria citrea,Prothonotary Warbler,0.817,psm9,2024,06,29,06
645.0,648.0,Tringa erythropus,Spotted Redshank,0.9272,psm9,2024,06,29,06
657.0,660.0,Tringa erythropus,Spotted Redshank,0.9682,psm9,2024,06,29,06
687.0,690.0,Tringa erythropus,Spotted Redshank,0.5892,psm9,2024,06,29,06
696.0,699.0,Haemorhous cassinii,Cassin's Finch,0.5632,psm9,2024,06,29,06
735.0,738.0,Tringa erythropus,Spotted Redshank,0.7457,psm9,2024,06,29,06
738.0,741.0,Phylloscopus occipitalis,Western Crowned Warbler,0.6813,psm9,2024,06,29,06
747.0,750.0,Protonotaria citrea,Prothonotary Warbler,0.7088,psm9,2024,06,29,06
765.0,768.0,Regulus satrapa,Golden-crowned Kinglet,0.7829,psm9,2024,06,29,06
792.0,795.0,Phylloscopus occipitalis,Western Crowned Warbler,0.5401,psm9,2024,06,29,06
804.0,807.0,Protonotaria citrea,Prothonotary Warbler,0.6578,psm9,2024,06,29,06
831.0,834.0,Protonotaria citrea,Prothonotary Warbler,0.5434,psm9,2024,06,29,06
360.0,363.0,Turdus iliacus,Redwing,0.705,psm9,2024,06,29,07
447.0,450.0,Luscinia phaenicuroides,White-bellied Redstart,0.5504,psm9,2024,06,30,04
450.0,453.0,Luscinia phaenicuroides,White-bellied Redstart,0.8548,psm9,2024,06,30,04
297.0,300.0,Trochalopteron variegatum,Variegated Laughingthrush,0.5194,psm9,2024,06,30,05
306.0,309.0,Trochalopteron variegatum,Variegated Laughingthrush,0.7835,psm9,2024,06,30,05
597.0,600.0,Turdus rubrocanus,Chestnut Thrush,0.6058,psm9,2024,06,30,05
822.0,825.0,Cyanocompsa parellina,Blue Bunting,0.5796,psm9,2024,06,30,05
822.0,825.0,Tarsiger indicus,White-browed Bush-Robin,0.577,psm9,2024,06,30,05
111.0,114.0,Coracina macei,Large Cuckooshrike,0.9138,psm9,2024,06,30,06
126.0,129.0,Trochalopteron variegatum,Variegated Laughingthrush,0.963,psm9,2024,06,30,06
129.0,132.0,Trochalopteron variegatum,Variegated Laughingthrush,0.8889,psm9,2024,06,30,06
135.0,138.0,Trochalopteron variegatum,Variegated Laughingthrush,0.9262,psm9,2024,06,30,06
138.0,141.0,Trochalopteron variegatum,Variegated Laughingthrush,0.8982,psm9,2024,06,30,06
150.0,153.0,Trochalopteron variegatum,Variegated Laughingthrush,0.644,psm9,2024,06,30,06
153.0,156.0,Trochalopteron variegatum,Variegated Laughingthrush,0.7406,psm9,2024,06,30,06
156.0,159.0,Chiroxiphia boliviana,Yungas Manakin,0.6682,psm9,2024,06,30,06
156.0,159.0,Trochalopteron variegatum,Variegated Laughingthrush,0.6656,psm9,2024,06,30,06
162.0,165.0,Trochalopteron variegatum,Variegated Laughingthrush,0.9096,psm9,2024,06,30,06
168.0,171.0,Trochalopteron variegatum,Variegated Laughingthrush,0.944,psm9,2024,06,30,06
171.0,174.0,Trochalopteron variegatum,Variegated Laughingthrush,0.9767,psm9,2024,06,30,06
174.0,177.0,Trochalopteron variegatum,Variegated Laughingthrush,0.9801,psm9,2024,06,30,06
177.0,180.0,Trochalopteron variegatum,Variegated Laughingthrush,0.9666,psm9,2024,06,30,06
183.0,186.0,Trochalopteron variegatum,Variegated Laughingthrush,0.9913,psm9,2024,06,30,06
186.0,189.0,Trochalopteron variegatum,Variegated Laughingthrush,0.599,psm9,2024,06,30,06
189.0,192.0,Trochalopteron variegatum,Variegated Laughingthrush,0.883,psm9,2024,06,30,06
195.0,198.0,Trochalopteron variegatum,Variegated Laughingthrush,0.9442,psm9,2024,06,30,06
198.0,201.0,Trochalopteron variegatum,Variegated Laughingthrush,0.9003,psm9,2024,06,30,06
207.0,210.0,Trochalopteron variegatum,Variegated Laughingthrush,0.9458,psm9,2024,06,30,06
210.0,213.0,Trochalopteron variegatum,Variegated Laughingthrush,0.957,psm9,2024,06,30,06
216.0,219.0,Trochalopteron variegatum,Variegated Laughingthrush,0.9751,psm9,2024,06,30,06
219.0,222.0,Trochalopteron variegatum,Variegated Laughingthrush,0.9655,psm9,2024,06,30,06
225.0,228.0,Trochalopteron variegatum,Variegated Laughingthrush,0.993,psm9,2024,06,30,06
228.0,231.0,Trochalopteron variegatum,Variegated Laughingthrush,0.9263,psm9,2024,06,30,06
231.0,234.0,Trochalopteron variegatum,Variegated Laughingthrush,0.783,psm9,2024,06,30,06
234.0,237.0,Trochalopteron variegatum,Variegated Laughingthrush,0.82,psm9,2024,06,30,06
240.0,243.0,Trochalopteron variegatum,Variegated Laughingthrush,0.9561,psm9,2024,06,30,06
246.0,249.0,Trochalopteron variegatum,Variegated Laughingthrush,0.5621,psm9,2024,06,30,06
249.0,252.0,Trochalopteron variegatum,Variegated Laughingthrush,0.9631,psm9,2024,06,30,06
252.0,255.0,Trochalopteron variegatum,Variegated Laughingthrush,0.9892,psm9,2024,06,30,06
255.0,258.0,Trochalopteron variegatum,Variegated Laughingthrush,0.9845,psm9,2024,06,30,06
258.0,261.0,Trochalopteron variegatum,Variegated Laughingthrush,0.953,psm9,2024,06,30,06
264.0,267.0,Trochalopteron variegatum,Variegated Laughingthrush,0.925,psm9,2024,06,30,06
267.0,270.0,Trochalopteron variegatum,Variegated Laughingthrush,0.9776,psm9,2024,06,30,06
270.0,273.0,Trochalopteron variegatum,Variegated Laughingthrush,0.9861,psm9,2024,06,30,06
273.0,276.0,Trochalopteron variegatum,Variegated Laughingthrush,0.821,psm9,2024,06,30,06
276.0,279.0,Trochalopteron variegatum,Variegated Laughingthrush,0.5847,psm9,2024,06,30,06
279.0,282.0,Trochalopteron variegatum,Variegated Laughingthrush,0.5262,psm9,2024,06,30,06
282.0,285.0,Trochalopteron variegatum,Variegated Laughingthrush,0.9727,psm9,2024,06,30,06
285.0,288.0,Trochalopteron variegatum,Variegated Laughingthrush,0.7312,psm9,2024,06,30,06
291.0,294.0,Trochalopteron variegatum,Variegated Laughingthrush,0.9715,psm9,2024,06,30,06
294.0,297.0,Trochalopteron variegatum,Variegated Laughingthrush,0.8417,psm9,2024,06,30,06
300.0,303.0,Trochalopteron variegatum,Variegated Laughingthrush,0.9698,psm9,2024,06,30,06
303.0,306.0,Trochalopteron variegatum,Variegated Laughingthrush,0.9752,psm9,2024,06,30,06
306.0,309.0,Trochalopteron variegatum,Variegated Laughingthrush,0.9835,psm9,2024,06,30,06
309.0,312.0,Trochalopteron variegatum,Variegated Laughingthrush,0.9344,psm9,2024,06,30,06
315.0,318.0,Trochalopteron variegatum,Variegated Laughingthrush,0.7731,psm9,2024,06,30,06
318.0,321.0,Trochalopteron variegatum,Variegated Laughingthrush,0.858,psm9,2024,06,30,06
324.0,327.0,Trochalopteron variegatum,Variegated Laughingthrush,0.9297,psm9,2024,06,30,06
327.0,330.0,Trochalopteron variegatum,Variegated Laughingthrush,0.9877,psm9,2024,06,30,06
330.0,333.0,Trochalopteron variegatum,Variegated Laughingthrush,0.816,psm9,2024,06,30,06
333.0,336.0,Trochalopteron variegatum,Variegated Laughingthrush,0.6669,psm9,2024,06,30,06
336.0,339.0,Trochalopteron variegatum,Variegated Laughingthrush,0.9208,psm9,2024,06,30,06
342.0,345.0,Trochalopteron variegatum,Variegated Laughingthrush,0.6988,psm9,2024,06,30,06
348.0,351.0,Trochalopteron variegatum,Variegated Laughingthrush,0.891,psm9,2024,06,30,06
351.0,354.0,Trochalopteron variegatum,Variegated Laughingthrush,0.7204,psm9,2024,06,30,06
357.0,360.0,Trochalopteron variegatum,Variegated Laughingthrush,0.9804,psm9,2024,06,30,06
366.0,369.0,Trochalopteron variegatum,Variegated Laughingthrush,0.6664,psm9,2024,06,30,06
369.0,372.0,Pteruthius aeralatus,Blyth's Shrike-Babbler,0.609,psm9,2024,06,30,06
375.0,378.0,Trochalopteron variegatum,Variegated Laughingthrush,0.5087,psm9,2024,06,30,06
384.0,387.0,Trochalopteron variegatum,Variegated Laughingthrush,0.9353,psm9,2024,06,30,06
387.0,390.0,Trochalopteron variegatum,Variegated Laughingthrush,0.8377,psm9,2024,06,30,06
399.0,402.0,Trochalopteron variegatum,Variegated Laughingthrush,0.7308,psm9,2024,06,30,06
408.0,411.0,Trochalopteron variegatum,Variegated Laughingthrush,0.8542,psm9,2024,06,30,06
417.0,420.0,Trochalopteron variegatum,Variegated Laughingthrush,0.7762,psm9,2024,06,30,06
444.0,447.0,Trochalopteron variegatum,Variegated Laughingthrush,0.6619,psm9,2024,06,30,06
468.0,471.0,Trochalopteron variegatum,Variegated Laughingthrush,0.7768,psm9,2024,06,30,06
492.0,495.0,Trochalopteron variegatum,Variegated Laughingthrush,0.9675,psm9,2024,06,30,06
498.0,501.0,Phylloscopus occipitalis,Western Crowned Warbler,0.7617,psm9,2024,06,30,06
525.0,528.0,Trochalopteron variegatum,Variegated Laughingthrush,0.7755,psm9,2024,06,30,06
528.0,531.0,Trochalopteron variegatum,Variegated Laughingthrush,0.5363,psm9,2024,06,30,06
546.0,549.0,Trochalopteron variegatum,Variegated Laughingthrush,0.7928,psm9,2024,06,30,06
549.0,552.0,Trochalopteron variegatum,Variegated Laughingthrush,0.9713,psm9,2024,06,30,06
558.0,561.0,Trochalopteron variegatum,Variegated Laughingthrush,0.5949,psm9,2024,06,30,06
564.0,567.0,Phylloscopus occipitalis,Western Crowned Warbler,0.6799,psm9,2024,06,30,06
585.0,588.0,Coracina macei,Large Cuckooshrike,0.5183,psm9,2024,06,30,06
600.0,603.0,Trochalopteron variegatum,Variegated Laughingthrush,0.7487,psm9,2024,06,30,06
612.0,615.0,Vireo flavifrons,Yellow-throated Vireo,0.6871,psm9,2024,06,30,06
663.0,666.0,Vireo flavifrons,Yellow-throated Vireo,0.5184,psm9,2024,06,30,06
705.0,708.0,Tringa erythropus,Spotted Redshank,0.8194,psm9,2024,06,30,06
747.0,750.0,Phylloscopus occipitalis,Western Crowned Warbler,0.7906,psm9,2024,06,30,06
756.0,759.0,Phylloscopus occipitalis,Western Crowned Warbler,0.7287,psm9,2024,06,30,06
762.0,765.0,Trochalopteron variegatum,Variegated Laughingthrush,0.5035,psm9,2024,06,30,06
771.0,774.0,Phylloscopus occipitalis,Western Crowned Warbler,0.9892,psm9,2024,06,30,06
795.0,798.0,Trochalopteron variegatum,Variegated Laughingthrush,0.7157,psm9,2024,06,30,06
810.0,813.0,Trochalopteron variegatum,Variegated Laughingthrush,0.6749,psm9,2024,06,30,06
831.0,834.0,Tringa erythropus,Spotted Redshank,0.9511,psm9,2024,06,30,06
837.0,840.0,Tringa erythropus,Spotted Redshank,0.683,psm9,2024,06,30,06
846.0,849.0,Tringa erythropus,Spotted Redshank,0.8781,psm9,2024,06,30,06
306.0,309.0,Tarsiger indicus,White-browed Bush-Robin,0.5474,psm9,2024,06,30,07
432.0,435.0,Phylloscopus nitidus,Green Warbler,0.7822,psm9,2024,06,30,07
432.0,435.0,Phylloscopus trochiloides,Greenish Warbler,0.6184,psm9,2024,06,30,07
432.0,435.0,Calidris bairdii,Baird's Sandpiper,0.5019,psm9,2024,06,30,07
444.0,447.0,Phylloscopus nitidus,Green Warbler,0.6699,psm9,2024,06,30,07
480.0,483.0,Phylloscopus nitidus,Green Warbler,0.8224,psm9,2024,06,30,07
501.0,504.0,Phylloscopus nitidus,Green Warbler,0.9592,psm9,2024,06,30,07
510.0,513.0,Phylloscopus nitidus,Green Warbler,0.7671,psm9,2024,06,30,07
510.0,513.0,Phylloscopus tytleri,Tytler's Leaf Warbler,0.5619,psm9,2024,06,30,07
591.0,594.0,Phylloscopus nitidus,Green Warbler,0.5308,psm9,2024,06,30,07
693.0,696.0,Phylloscopus bonelli,Western Bonelli's Warbler,0.7232,psm9,2024,06,30,07
12.0,15.0,Coracina striata,Bar-bellied Cuckooshrike,0.5829,psm9,2024,07,01,05
39.0,42.0,Trochalopteron variegatum,Variegated Laughingthrush,0.9563,psm9,2024,07,01,05
69.0,72.0,Trochalopteron variegatum,Variegated Laughingthrush,0.6949,psm9,2024,07,01,05
192.0,195.0,Myiarchus crinitus,Great Crested Flycatcher,0.6971,psm9,2024,07,01,05
225.0,228.0,Piranga olivacea,Scarlet Tanager,0.5485,psm9,2024,07,01,05
471.0,474.0,Piranga olivacea,Scarlet Tanager,0.7407,psm9,2024,07,01,05
675.0,678.0,Protonotaria citrea,Prothonotary Warbler,0.5181,psm9,2024,07,01,05
813.0,816.0,Tarsiger indicus,White-browed Bush-Robin,0.532,psm9,2024,07,01,05
210.0,213.0,Phylloscopus nitidus,Green Warbler,0.9447,psm9,2024,07,01,06
351.0,354.0,Phylloscopus nitidus,Green Warbler,0.7338,psm9,2024,07,01,06
588.0,591.0,Motacilla cinerea,Gray Wagtail,0.8003,psm9,2024,07,01,06
21.0,24.0,Phylloscopus occipitalis,Western Crowned Warbler,0.6602,psm9,2024,07,01,07
36.0,39.0,Phylloscopus occipitalis,Western Crowned Warbler,0.8123,psm9,2024,07,01,07
75.0,78.0,Phylloscopus occipitalis,Western Crowned Warbler,0.6555,psm9,2024,07,01,07
84.0,87.0,Phylloscopus occipitalis,Western Crowned Warbler,0.6336,psm9,2024,07,01,07
132.0,135.0,Phylloscopus occipitalis,Western Crowned Warbler,0.6548,psm9,2024,07,01,07
138.0,141.0,Phylloscopus occipitalis,Western Crowned Warbler,0.5808,psm9,2024,07,01,07
186.0,189.0,Phylloscopus occipitalis,Western Crowned Warbler,0.824,psm9,2024,07,01,07
192.0,195.0,Phylloscopus occipitalis,Western Crowned Warbler,0.8768,psm9,2024,07,01,07
267.0,270.0,Tarsiger rufilatus,Himalayan Bluetail,0.6754,psm9,2024,07,01,07
402.0,405.0,Trochalopteron variegatum,Variegated Laughingthrush,0.5699,psm9,2024,07,01,07
417.0,420.0,Carpodacus erythrinus,Common Rosefinch,0.7576,psm9,2024,07,01,07
687.0,690.0,Anthus trivialis,Tree Pipit,0.8847,psm9,2024,07,01,07
741.0,744.0,Phylloscopus humei,Hume's Warbler,0.9984,psm9,2024,07,01,07
756.0,759.0,Phylloscopus humei,Hume's Warbler,0.9581,psm9,2024,07,01,07
762.0,765.0,Anthus trivialis,Tree Pipit,0.6396,psm9,2024,07,01,07
798.0,801.0,Turdus iliacus,Redwing,0.6834,psm9,2024,07,01,07
894.0,897.0,Anthus hodgsoni,Olive-backed Pipit,0.743,psm9,2024,07,01,07
0.0,3.0,Phylloscopus occipitalis,Western Crowned Warbler,0.5547,psm9,2024,07,02,05
9.0,12.0,Phylloscopus occipitalis,Western Crowned Warbler,0.8389,psm9,2024,07,02,05
12.0,15.0,Phylloscopus occipitalis,Western Crowned Warbler,0.5349,psm9,2024,07,02,05
27.0,30.0,Phylloscopus occipitalis,Western Crowned Warbler,0.6487,psm9,2024,07,02,05
96.0,99.0,Protonotaria citrea,Prothonotary Warbler,0.5077,psm9,2024,07,02,05
144.0,147.0,Protonotaria citrea,Prothonotary Warbler,0.7829,psm9,2024,07,02,05
204.0,207.0,Tarsiger indicus,White-browed Bush-Robin,0.7072,psm9,2024,07,02,05
213.0,216.0,Tarsiger rufilatus,Himalayan Bluetail,0.7227,psm9,2024,07,02,05
222.0,225.0,Tarsiger rufilatus,Himalayan Bluetail,0.9524,psm9,2024,07,02,05
231.0,234.0,Carpodacus rubicilloides,Streaked Rosefinch,0.666,psm9,2024,07,02,05
267.0,270.0,Phylloscopus occipitalis,Western Crowned Warbler,0.5361,psm9,2024,07,02,05
339.0,342.0,Protonotaria citrea,Prothonotary Warbler,0.9343,psm9,2024,07,02,05
423.0,426.0,Phylloscopus occipitalis,Western Crowned Warbler,0.5209,psm9,2024,07,02,05
465.0,468.0,Tarsiger indicus,White-browed Bush-Robin,0.687,psm9,2024,07,02,05
474.0,477.0,Tarsiger indicus,White-browed Bush-Robin,0.5299,psm9,2024,07,02,05
489.0,492.0,Tarsiger indicus,White-browed Bush-Robin,0.7562,psm9,2024,07,02,05
510.0,513.0,Phylloscopus occipitalis,Western Crowned Warbler,0.6825,psm9,2024,07,02,05
564.0,567.0,Phylloscopus occipitalis,Western Crowned Warbler,0.6669,psm9,2024,07,02,05
567.0,570.0,Phylloscopus occipitalis,Western Crowned Warbler,0.6743,psm9,2024,07,02,05
588.0,591.0,Andropadus importunus,Sombre Greenbul,0.7373,psm9,2024,07,02,05
660.0,663.0,Trochalopteron variegatum,Variegated Laughingthrush,0.8163,psm9,2024,07,02,05
663.0,666.0,Phylloscopus occipitalis,Western Crowned Warbler,0.5561,psm9,2024,07,02,05
687.0,690.0,Trochalopteron variegatum,Variegated Laughingthrush,0.5476,psm9,2024,07,02,05
723.0,726.0,Trochalopteron variegatum,Variegated Laughingthrush,0.7667,psm9,2024,07,02,05
729.0,732.0,Trochalopteron variegatum,Variegated Laughingthrush,0.7703,psm9,2024,07,02,05
741.0,744.0,Trochalopteron variegatum,Variegated Laughingthrush,0.9075,psm9,2024,07,02,05
759.0,762.0,Phylloscopus occipitalis,Western Crowned Warbler,0.5746,psm9,2024,07,02,05
798.0,801.0,Tarsiger rufilatus,Himalayan Bluetail,0.7763,psm9,2024,07,02,05
801.0,804.0,Tarsiger rufilatus,Himalayan Bluetail,0.621,psm9,2024,07,02,05
804.0,807.0,Tarsiger indicus,White-browed Bush-Robin,0.7495,psm9,2024,07,02,05
855.0,858.0,Phylloscopus occipitalis,Western Crowned Warbler,0.6425,psm9,2024,07,02,05
864.0,867.0,Phylloscopus occipitalis,Western Crowned Warbler,0.6843,psm9,2024,07,02,05
117.0,120.0,Pycnonotus aurigaster,Sooty-headed Bulbul,0.5976,psm9,2024,07,02,06
189.0,192.0,Pyrrhula nipalensis,Brown Bullfinch,0.5507,psm9,2024,07,02,06
189.0,192.0,Trochalopteron variegatum,Variegated Laughingthrush,0.5487,psm9,2024,07,02,06
612.0,615.0,Phylloscopus humei,Hume's Warbler,0.839,psm9,2024,07,02,06
843.0,846.0,Phylloscopus nitidus,Green Warbler,0.7516,psm9,2024,07,02,06
849.0,852.0,Trochalopteron variegatum,Variegated Laughingthrush,0.6623,psm9,2024,07,02,06
861.0,864.0,Phylloscopus nitidus,Green Warbler,0.6347,psm9,2024,07,02,06
726.0,729.0,Tringa erythropus,Spotted Redshank,0.8967,psm9,2024,07,02,07
846.0,849.0,Haemorhous cassinii,Cassin's Finch,0.6393,psm9,2024,07,02,07
858.0,861.0,Tringa erythropus,Spotted Redshank,0.8676,psm9,2024,07,02,07
879.0,882.0,Tringa erythropus,Spotted Redshank,0.5986,psm9,2024,07,02,07
264.0,267.0,Turdus falcklandii,Austral Thrush,0.5399,psm9,2024,07,03,05
318.0,321.0,Palmeria dolei,Akohekohe,0.6197,psm9,2024,07,03,05
441.0,444.0,Tarsiger rufilatus,Himalayan Bluetail,0.573,psm9,2024,07,03,05
447.0,450.0,Ficedula zanthopygia,Yellow-rumped Flycatcher,0.7433,psm9,2024,07,03,05
567.0,570.0,Piranga olivacea,Scarlet Tanager,0.554,psm9,2024,07,03,05
795.0,798.0,Phylloscopus nitidus,Green Warbler,0.7671,psm9,2024,07,03,05
810.0,813.0,Phylloscopus nitidus,Green Warbler,0.5838,psm9,2024,07,03,05
360.0,363.0,Trochalopteron variegatum,Variegated Laughingthrush,0.621,psm9,2024,07,03,06
372.0,375.0,Piranga bidentata,Flame-colored Tanager,0.5856,psm9,2024,07,03,06
375.0,378.0,Elaenia albiceps,White-crested Elaenia,0.6158,psm9,2024,07,03,06
393.0,396.0,Trochalopteron variegatum,Variegated Laughingthrush,0.7596,psm9,2024,07,03,06
399.0,402.0,Trochalopteron variegatum,Variegated Laughingthrush,0.5897,psm9,2024,07,03,06
402.0,405.0,Trochalopteron variegatum,Variegated Laughingthrush,0.9311,psm9,2024,07,03,06
411.0,414.0,Trochalopteron variegatum,Variegated Laughingthrush,0.7058,psm9,2024,07,03,06
414.0,417.0,Trochalopteron variegatum,Variegated Laughingthrush,0.5408,psm9,2024,07,03,06
423.0,426.0,Trochalopteron variegatum,Variegated Laughingthrush,0.5431,psm9,2024,07,03,06
426.0,429.0,Trochalopteron variegatum,Variegated Laughingthrush,0.7839,psm9,2024,07,03,06
429.0,432.0,Trochalopteron variegatum,Variegated Laughingthrush,0.568,psm9,2024,07,03,06
432.0,435.0,Trochalopteron variegatum,Variegated Laughingthrush,0.5637,psm9,2024,07,03,06
561.0,564.0,Trochalopteron variegatum,Variegated Laughingthrush,0.8307,psm9,2024,07,03,06
567.0,570.0,Piranga bidentata,Flame-colored Tanager,0.9054,psm9,2024,07,03,06
576.0,579.0,Trochalopteron variegatum,Variegated Laughingthrush,0.7932,psm9,2024,07,03,06
615.0,618.0,Trochalopteron variegatum,Variegated Laughingthrush,0.9158,psm9,2024,07,03,06
693.0,696.0,Trochalopteron variegatum,Variegated Laughingthrush,0.6336,psm9,2024,07,03,06
696.0,699.0,Trochalopteron variegatum,Variegated Laughingthrush,0.7243,psm9,2024,07,03,06
702.0,705.0,Trochalopteron variegatum,Variegated Laughingthrush,0.7439,psm9,2024,07,03,06
708.0,711.0,Trochalopteron variegatum,Variegated Laughingthrush,0.614,psm9,2024,07,03,06
714.0,717.0,Trochalopteron variegatum,Variegated Laughingthrush,0.6169,psm9,2024,07,03,06
723.0,726.0,Trochalopteron variegatum,Variegated Laughingthrush,0.5853,psm9,2024,07,03,06
774.0,777.0,Phylloscopus occipitalis,Western Crowned Warbler,0.5775,psm9,2024,07,03,06
783.0,786.0,Phylloscopus occipitalis,Western Crowned Warbler,0.5312,psm9,2024,07,03,06
810.0,813.0,Trochalopteron virgatum,Striped Laughingthrush,0.6104,psm9,2024,07,03,06
834.0,837.0,Protonotaria citrea,Prothonotary Warbler,0.7011,psm9,2024,07,03,06
39.0,42.0,Calidris alpina,Dunlin,0.6654,psm9,2024,07,03,07
42.0,45.0,Pinicola enucleator,Pine Grosbeak,0.6985,psm9,2024,07,03,07
192.0,195.0,Phylloscopus nitidus,Green Warbler,0.9202,psm9,2024,07,03,07
225.0,228.0,Phylloscopus nitidus,Green Warbler,0.7722,psm9,2024,07,03,07
246.0,249.0,Phylloscopus nitidus,Green Warbler,0.9028,psm9,2024,07,03,07
255.0,258.0,Phylloscopus nitidus,Green Warbler,0.9401,psm9,2024,07,03,07
264.0,267.0,Phylloscopus nitidus,Green Warbler,0.5643,psm9,2024,07,03,07
288.0,291.0,Phylloscopus nitidus,Green Warbler,0.8924,psm9,2024,07,03,07
561.0,564.0,Phylloscopus trochiloides,Greenish Warbler,0.775,psm9,2024,07,03,07
591.0,594.0,Phylloscopus trochiloides,Greenish Warbler,0.681,psm9,2024,07,03,07
597.0,600.0,Phylloscopus trochiloides,Greenish Warbler,0.6784,psm9,2024,07,03,07
600.0,603.0,Phylloscopus trochiloides,Greenish Warbler,0.8091,psm9,2024,07,03,07
603.0,606.0,Phylloscopus trochiloides,Greenish Warbler,0.6227,psm9,2024,07,03,07
603.0,606.0,Phylloscopus nitidus,Green Warbler,0.5709,psm9,2024,07,03,07
612.0,615.0,Phylloscopus trochiloides,Greenish Warbler,0.8851,psm9,2024,07,03,07
621.0,624.0,Phylloscopus trochiloides,Greenish Warbler,0.5484,psm9,2024,07,03,07
660.0,663.0,Phylloscopus nitidus,Green Warbler,0.6621,psm9,2024,07,03,07
660.0,663.0,Phylloscopus trochiloides,Greenish Warbler,0.5263,psm9,2024,07,03,07
675.0,678.0,Phylloscopus nitidus,Green Warbler,0.6218,psm9,2024,07,03,07
726.0,729.0,Phylloscopus trochiloides,Greenish Warbler,0.7254,psm9,2024,07,03,07
741.0,744.0,Phylloscopus nitidus,Green Warbler,0.8286,psm9,2024,07,03,07
744.0,747.0,Phylloscopus trochiloides,Greenish Warbler,0.6103,psm9,2024,07,03,07
762.0,765.0,Phylloscopus trochiloides,Greenish Warbler,0.51,psm9,2024,07,03,07
765.0,768.0,Phylloscopus trochiloides,Greenish Warbler,0.8071,psm9,2024,07,03,07
765.0,768.0,Phylloscopus nitidus,Green Warbler,0.5681,psm9,2024,07,03,07
771.0,774.0,Phylloscopus trochiloides,Greenish Warbler,0.6384,psm9,2024,07,03,07
777.0,780.0,Phylloscopus trochiloides,Greenish Warbler,0.7142,psm9,2024,07,03,07
780.0,783.0,Phylloscopus trochiloides,Greenish Warbler,0.7041,psm9,2024,07,03,07
786.0,789.0,Phylloscopus trochiloides,Greenish Warbler,0.605,psm9,2024,07,03,07
789.0,792.0,Phylloscopus trochiloides,Greenish Warbler,0.6273,psm9,2024,07,03,07
792.0,795.0,Phylloscopus trochiloides,Greenish Warbler,0.657,psm9,2024,07,03,07
798.0,801.0,Phylloscopus trochiloides,Greenish Warbler,0.7504,psm9,2024,07,03,07
801.0,804.0,Phylloscopus nitidus,Green Warbler,0.5713,psm9,2024,07,03,07
813.0,816.0,Phylloscopus trochiloides,Greenish Warbler,0.737,psm9,2024,07,03,07
816.0,819.0,Phylloscopus nitidus,Green Warbler,0.5864,psm9,2024,07,03,07
825.0,828.0,Phylloscopus trochiloides,Greenish Warbler,0.5951,psm9,2024,07,03,07
825.0,828.0,Phylloscopus nitidus,Green Warbler,0.5088,psm9,2024,07,03,07
843.0,846.0,Phylloscopus trochiloides,Greenish Warbler,0.7542,psm9,2024,07,03,07
849.0,852.0,Phylloscopus trochiloides,Greenish Warbler,0.5646,psm9,2024,07,03,07
852.0,855.0,Phylloscopus trochiloides,Greenish Warbler,0.8285,psm9,2024,07,03,07
855.0,858.0,Phylloscopus trochiloides,Greenish Warbler,0.8559,psm9,2024,07,03,07
879.0,882.0,Phylloscopus trochiloides,Greenish Warbler,0.6979,psm9,2024,07,03,07
18.0,21.0,Troglodytes pacificus,Pacific Wren,0.6164,psm9,2024,07,04,05
33.0,36.0,Troglodytes pacificus,Pacific Wren,0.8533,psm9,2024,07,04,05
42.0,45.0,Troglodytes pacificus,Pacific Wren,0.5001,psm9,2024,07,04,05
69.0,72.0,Troglodytes pacificus,Pacific Wren,0.6437,psm9,2024,07,04,05
78.0,81.0,Troglodytes pacificus,Pacific Wren,0.8506,psm9,2024,07,04,05
96.0,99.0,Troglodytes pacificus,Pacific Wren,0.6438,psm9,2024,07,04,05
114.0,117.0,Troglodytes pacificus,Pacific Wren,0.5007,psm9,2024,07,04,05
132.0,135.0,Troglodytes troglodytes,Eurasian Wren,0.5506,psm9,2024,07,04,05
135.0,138.0,Troglodytes pacificus,Pacific Wren,0.8135,psm9,2024,07,04,05
141.0,144.0,Troglodytes troglodytes,Eurasian Wren,0.7464,psm9,2024,07,04,05
144.0,147.0,Troglodytes pacificus,Pacific Wren,0.909,psm9,2024,07,04,05
150.0,153.0,Troglodytes troglodytes,Eurasian Wren,0.9696,psm9,2024,07,04,05
153.0,156.0,Troglodytes pacificus,Pacific Wren,0.9827,psm9,2024,07,04,05
156.0,159.0,Troglodytes troglodytes,Eurasian Wren,0.8129,psm9,2024,07,04,05
174.0,177.0,Troglodytes pacificus,Pacific Wren,0.8586,psm9,2024,07,04,05
177.0,180.0,Troglodytes pacificus,Pacific Wren,0.8794,psm9,2024,07,04,05
183.0,186.0,Troglodytes pacificus,Pacific Wren,0.5809,psm9,2024,07,04,05
189.0,192.0,Troglodytes pacificus,Pacific Wren,0.8721,psm9,2024,07,04,05
195.0,198.0,Troglodytes pacificus,Pacific Wren,0.8055,psm9,2024,07,04,05
204.0,207.0,Troglodytes pacificus,Pacific Wren,0.6321,psm9,2024,07,04,05
210.0,213.0,Troglodytes pacificus,Pacific Wren,0.638,psm9,2024,07,04,05
213.0,216.0,Troglodytes pacificus,Pacific Wren,0.58,psm9,2024,07,04,05
216.0,219.0,Troglodytes troglodytes,Eurasian Wren,0.8728,psm9,2024,07,04,05
222.0,225.0,Troglodytes pacificus,Pacific Wren,0.8842,psm9,2024,07,04,05
225.0,228.0,Troglodytes pacificus,Pacific Wren,0.8267,psm9,2024,07,04,05
228.0,231.0,Troglodytes pacificus,Pacific Wren,0.8284,psm9,2024,07,04,05
459.0,462.0,Phylloscopus bonelli,Western Bonelli's Warbler,0.6025,psm9,2024,07,04,05
489.0,492.0,Troglodytes pacificus,Pacific Wren,0.7743,psm9,2024,07,04,05
501.0,504.0,Troglodytes pacificus,Pacific Wren,0.5409,psm9,2024,07,04,05
507.0,510.0,Troglodytes pacificus,Pacific Wren,0.7351,psm9,2024,07,04,05
570.0,573.0,Phylloscopus nitidus,Green Warbler,0.885,psm9,2024,07,04,05
576.0,579.0,Phylloscopus nitidus,Green Warbler,0.9653,psm9,2024,07,04,05
582.0,585.0,Phylloscopus nitidus,Green Warbler,0.7303,psm9,2024,07,04,05
597.0,600.0,Phylloscopus nitidus,Green Warbler,0.8573,psm9,2024,07,04,05
597.0,600.0,Tarsiger indicus,White-browed Bush-Robin,0.7242,psm9,2024,07,04,05
0.0,3.0,Phylloscopus nitidus,Green Warbler,0.9727,psm9,2024,07,04,06
12.0,15.0,Trochalopteron variegatum,Variegated Laughingthrush,0.5606,psm9,2024,07,04,06
15.0,18.0,Phylloscopus nitidus,Green Warbler,0.8515,psm9,2024,07,04,06
24.0,27.0,Trochalopteron variegatum,Variegated Laughingthrush,0.8527,psm9,2024,07,04,06
24.0,27.0,Phylloscopus nitidus,Green Warbler,0.7084,psm9,2024,07,04,06
27.0,30.0,Phylloscopus nitidus,Green Warbler,0.9606,psm9,2024,07,04,06
30.0,33.0,Trochalopteron variegatum,Variegated Laughingthrush,0.837,psm9,2024,07,04,06
33.0,36.0,Phylloscopus nitidus,Green Warbler,0.5031,psm9,2024,07,04,06
36.0,39.0,Trochalopteron variegatum,Variegated Laughingthrush,0.8343,psm9,2024,07,04,06
42.0,45.0,Trochalopteron variegatum,Variegated Laughingthrush,0.7631,psm9,2024,07,04,06
45.0,48.0,Phylloscopus trochiloides,Greenish Warbler,0.8203,psm9,2024,07,04,06
45.0,48.0,Phylloscopus nitidus,Green Warbler,0.6143,psm9,2024,07,04,06
48.0,51.0,Trochalopteron variegatum,Variegated Laughingthrush,0.7656,psm9,2024,07,04,06
51.0,54.0,Phylloscopus nitidus,Green Warbler,0.9924,psm9,2024,07,04,06
54.0,57.0,Trochalopteron variegatum,Variegated Laughingthrush,0.8576,psm9,2024,07,04,06
57.0,60.0,Trochalopteron variegatum,Variegated Laughingthrush,0.9571,psm9,2024,07,04,06
66.0,69.0,Trochalopteron variegatum,Variegated Laughingthrush,0.8212,psm9,2024,07,04,06
66.0,69.0,Phylloscopus nitidus,Green Warbler,0.6365,psm9,2024,07,04,06
81.0,84.0,Trochalopteron variegatum,Variegated Laughingthrush,0.9447,psm9,2024,07,04,06
84.0,87.0,Trochalopteron variegatum,Variegated Laughingthrush,0.8479,psm9,2024,07,04,06
90.0,93.0,Trochalopteron variegatum,Variegated Laughingthrush,0.9894,psm9,2024,07,04,06
96.0,99.0,Trochalopteron variegatum,Variegated Laughingthrush,0.9833,psm9,2024,07,04,06
99.0,102.0,Trochalopteron variegatum,Variegated Laughingthrush,0.7687,psm9,2024,07,04,06
102.0,105.0,Trochalopteron variegatum,Variegated Laughingthrush,0.9865,psm9,2024,07,04,06
105.0,108.0,Trochalopteron variegatum,Variegated Laughingthrush,0.8463,psm9,2024,07,04,06
114.0,117.0,Trochalopteron variegatum,Variegated Laughingthrush,0.8965,psm9,2024,07,04,06
123.0,126.0,Trochalopteron variegatum,Variegated Laughingthrush,0.642,psm9,2024,07,04,06
126.0,129.0,Trochalopteron variegatum,Variegated Laughingthrush,0.9176,psm9,2024,07,04,06
135.0,138.0,Trochalopteron variegatum,Variegated Laughingthrush,0.6948,psm9,2024,07,04,06
138.0,141.0,Trochalopteron variegatum,Variegated Laughingthrush,0.6148,psm9,2024,07,04,06
141.0,144.0,Trochalopteron variegatum,Variegated Laughingthrush,0.5948,psm9,2024,07,04,06
147.0,150.0,Trochalopteron variegatum,Variegated Laughingthrush,0.8681,psm9,2024,07,04,06
174.0,177.0,Trochalopteron variegatum,Variegated Laughingthrush,0.536,psm9,2024,07,04,06
183.0,186.0,Trochalopteron variegatum,Variegated Laughingthrush,0.8591,psm9,2024,07,04,06
186.0,189.0,Trochalopteron variegatum,Variegated Laughingthrush,0.9632,psm9,2024,07,04,06
207.0,210.0,Trochalopteron variegatum,Variegated Laughingthrush,0.619,psm9,2024,07,04,06
210.0,213.0,Trochalopteron variegatum,Variegated Laughingthrush,0.9539,psm9,2024,07,04,06
219.0,222.0,Trochalopteron variegatum,Variegated Laughingthrush,0.9571,psm9,2024,07,04,06
222.0,225.0,Trochalopteron variegatum,Variegated Laughingthrush,0.8188,psm9,2024,07,04,06
231.0,234.0,Trochalopteron variegatum,Variegated Laughingthrush,0.9742,psm9,2024,07,04,06
237.0,240.0,Trochalopteron variegatum,Variegated Laughingthrush,0.8494,psm9,2024,07,04,06
243.0,246.0,Trochalopteron variegatum,Variegated Laughingthrush,0.9675,psm9,2024,07,04,06
246.0,249.0,Trochalopteron variegatum,Variegated Laughingthrush,0.956,psm9,2024,07,04,06
249.0,252.0,Trochalopteron variegatum,Variegated Laughingthrush,0.6019,psm9,2024,07,04,06
255.0,258.0,Trochalopteron variegatum,Variegated Laughingthrush,0.9495,psm9,2024,07,04,06
258.0,261.0,Trochalopteron variegatum,Variegated Laughingthrush,0.9779,psm9,2024,07,04,06
261.0,264.0,Trochalopteron variegatum,Variegated Laughingthrush,0.6369,psm9,2024,07,04,06
267.0,270.0,Trochalopteron variegatum,Variegated Laughingthrush,0.6002,psm9,2024,07,04,06
270.0,273.0,Trochalopteron variegatum,Variegated Laughingthrush,0.9463,psm9,2024,07,04,06
330.0,333.0,Pycnonotus jocosus,Red-whiskered Bulbul,0.5242,psm9,2024,07,04,06
336.0,339.0,Trochalopteron variegatum,Variegated Laughingthrush,0.7943,psm9,2024,07,04,06
342.0,345.0,Trochalopteron variegatum,Variegated Laughingthrush,0.8683,psm9,2024,07,04,06
354.0,357.0,Phylloscopus nitidus,Green Warbler,0.7965,psm9,2024,07,04,06
360.0,363.0,Trochalopteron variegatum,Variegated Laughingthrush,0.8494,psm9,2024,07,04,06
363.0,366.0,Phylloscopus nitidus,Green Warbler,0.5732,psm9,2024,07,04,06
369.0,372.0,Phylloscopus nitidus,Green Warbler,0.8238,psm9,2024,07,04,06
423.0,426.0,Phylloscopus nitidus,Green Warbler,0.7774,psm9,2024,07,04,06
705.0,708.0,Muscicapa striata,Spotted Flycatcher,0.654,psm9,2024,07,04,06
720.0,723.0,Muscicapa striata,Spotted Flycatcher,0.506,psm9,2024,07,04,06
753.0,756.0,Muscicapa striata,Spotted Flycatcher,0.8551,psm9,2024,07,04,06
756.0,759.0,Muscicapa striata,Spotted Flycatcher,0.9346,psm9,2024,07,04,06
759.0,762.0,Muscicapa striata,Spotted Flycatcher,0.648,psm9,2024,07,04,06
804.0,807.0,Trochalopteron morrisonianum,White-whiskered Laughingthrush,0.7868,psm9,2024,07,04,06
834.0,837.0,Muscicapa striata,Spotted Flycatcher,0.9107,psm9,2024,07,04,06
843.0,846.0,Muscicapa striata,Spotted Flycatcher,0.7512,psm9,2024,07,04,06
849.0,852.0,Phylloscopus nitidus,Green Warbler,0.7033,psm9,2024,07,04,06
873.0,876.0,Phylloscopus nitidus,Green Warbler,0.9018,psm9,2024,07,04,06
888.0,891.0,Muscicapa striata,Spotted Flycatcher,0.5119,psm9,2024,07,04,06
165.0,168.0,Motacilla cinerea,Gray Wagtail,0.6197,psm9,2024,07,04,07
660.0,663.0,Phylloscopus nitidus,Green Warbler,0.7938,psm9,2024,07,04,07
693.0,696.0,Phylloscopus nitidus,Green Warbler,0.5652,psm9,2024,07,04,07
738.0,741.0,Phylloscopus nitidus,Green Warbler,0.8238,psm9,2024,07,04,07
747.0,750.0,Phylloscopus nitidus,Green Warbler,0.9705,psm9,2024,07,04,07
771.0,774.0,Phylloscopus nitidus,Green Warbler,0.6074,psm9,2024,07,04,07
27.0,30.0,Palmeria dolei,Akohekohe,0.7266,psm9,2024,07,05,05
270.0,273.0,Palmeria dolei,Akohekohe,0.5348,psm9,2024,07,05,05
747.0,750.0,Anthus trivialis,Tree Pipit,0.7823,psm9,2024,07,05,05
756.0,759.0,Phylloscopus humei,Hume's Warbler,0.648,psm9,2024,07,05,05
702.0,705.0,Anthus trivialis,Tree Pipit,0.7504,psm9,2024,07,05,06
816.0,819.0,Trochalopteron variegatum,Variegated Laughingthrush,0.5159,psm9,2024,07,05,06
822.0,825.0,Vireo altiloquus,Black-whiskered Vireo,0.5512,psm9,2024,07,05,06
828.0,831.0,Piranga bidentata,Flame-colored Tanager,0.7384,psm9,2024,07,05,06
894.0,897.0,Trochalopteron variegatum,Variegated Laughingthrush,0.6206,psm9,2024,07,05,06
96.0,99.0,Tringa erythropus,Spotted Redshank,0.849,psm9,2024,07,05,07
234.0,237.0,Mareca penelope,Eurasian Wigeon,0.6218,psm9,2024,07,05,07
426.0,429.0,Phylloscopus nitidus,Green Warbler,0.9226,psm9,2024,07,05,07
435.0,438.0,Phylloscopus nitidus,Green Warbler,0.8926,psm9,2024,07,05,07
450.0,453.0,Phylloscopus nitidus,Green Warbler,0.7817,psm9,2024,07,05,07
450.0,453.0,Phylloscopus trochiloides,Greenish Warbler,0.5405,psm9,2024,07,05,07
489.0,492.0,Phylloscopus nitidus,Green Warbler,0.9105,psm9,2024,07,05,07
501.0,504.0,Phylloscopus nitidus,Green Warbler,0.789,psm9,2024,07,05,07
765.0,768.0,Phylloscopus nitidus,Green Warbler,0.8288,psm9,2024,07,05,07
768.0,771.0,Phylloscopus nitidus,Green Warbler,0.6146,psm9,2024,07,05,07
789.0,792.0,Phylloscopus nitidus,Green Warbler,0.9264,psm9,2024,07,05,07
312.0,315.0,Coracina macei,Large Cuckooshrike,0.5736,psm9,2024,07,06,05
318.0,321.0,Tarsiger indicus,White-browed Bush-Robin,0.5842,psm9,2024,07,06,05
510.0,513.0,Piranga olivacea,Scarlet Tanager,0.9177,psm9,2024,07,06,05
141.0,144.0,Elachura formosa,Spotted Elachura,0.5947,psm9,2024,07,06,06
528.0,531.0,Phylloscopus trochiloides,Greenish Warbler,0.56,psm9,2024,07,06,06
531.0,534.0,Phylloscopus trochiloides,Greenish Warbler,0.9234,psm9,2024,07,06,06
534.0,537.0,Phylloscopus trochiloides,Greenish Warbler,0.5693,psm9,2024,07,06,06
537.0,540.0,Phylloscopus trochiloides,Greenish Warbler,0.6668,psm9,2024,07,06,06
570.0,573.0,Phylloscopus trochiloides,Greenish Warbler,0.7544,psm9,2024,07,06,06
588.0,591.0,Phylloscopus trochiloides,Greenish Warbler,0.7794,psm9,2024,07,06,06
615.0,618.0,Phylloscopus trochiloides,Greenish Warbler,0.9381,psm9,2024,07,06,06
627.0,630.0,Phylloscopus nitidus,Green Warbler,0.8445,psm9,2024,07,06,06
630.0,633.0,Phylloscopus trochiloides,Greenish Warbler,0.8151,psm9,2024,07,06,06
636.0,639.0,Phylloscopus trochiloides,Greenish Warbler,0.9711,psm9,2024,07,06,06
639.0,642.0,Phylloscopus trochiloides,Greenish Warbler,0.9752,psm9,2024,07,06,06
645.0,648.0,Phylloscopus nitidus,Green Warbler,0.935,psm9,2024,07,06,06
657.0,660.0,Phylloscopus nitidus,Green Warbler,0.7085,psm9,2024,07,06,06
660.0,663.0,Phylloscopus nitidus,Green Warbler,0.8996,psm9,2024,07,06,06
672.0,675.0,Phylloscopus nitidus,Green Warbler,0.734,psm9,2024,07,06,06
675.0,678.0,Phylloscopus nitidus,Green Warbler,0.944,psm9,2024,07,06,06
9.0,12.0,Phylloscopus trochiloides,Greenish Warbler,0.798,psm9,2024,07,06,07
9.0,12.0,Phylloscopus nitidus,Green Warbler,0.6522,psm9,2024,07,06,07
12.0,15.0,Phylloscopus nitidus,Green Warbler,0.5621,psm9,2024,07,06,07
21.0,24.0,Phylloscopus nitidus,Green Warbler,0.9529,psm9,2024,07,06,07
27.0,30.0,Phylloscopus reguloides,Blyth's Leaf Warbler,0.5571,psm9,2024,07,06,07
36.0,39.0,Phylloscopus nitidus,Green Warbler,0.5627,psm9,2024,07,06,07
39.0,42.0,Phylloscopus tytleri,Tytler's Leaf Warbler,0.533,psm9,2024,07,06,07
51.0,54.0,Phylloscopus nitidus,Green Warbler,0.6751,psm9,2024,07,06,07
60.0,63.0,Phylloscopus nitidus,Green Warbler,0.8163,psm9,2024,07,06,07
66.0,69.0,Phylloscopus nitidus,Green Warbler,0.5375,psm9,2024,07,06,07
138.0,141.0,Phylloscopus nitidus,Green Warbler,0.5667,psm9,2024,07,06,07
228.0,231.0,Motacilla cinerea,Gray Wagtail,0.527,psm9,2024,07,06,07
252.0,255.0,Troglodytes pacificus,Pacific Wren,0.9109,psm9,2024,07,06,07
255.0,258.0,Phylloscopus nitidus,Green Warbler,0.5636,psm9,2024,07,06,07
264.0,267.0,Troglodytes pacificus,Pacific Wren,0.5566,psm9,2024,07,06,07
369.0,372.0,Troglodytes pacificus,Pacific Wren,0.7068,psm9,2024,07,06,07
435.0,438.0,Luscinia phaenicuroides,White-bellied Redstart,0.9204,psm9,2024,07,06,07
450.0,453.0,Luscinia phaenicuroides,White-bellied Redstart,0.6886,psm9,2024,07,06,07
468.0,471.0,Luscinia phaenicuroides,White-bellied Redstart,0.6185,psm9,2024,07,06,07
540.0,543.0,Epinecrophylla fulviventris,Checker-throated Stipplethroat,0.5085,psm9,2024,07,06,07
597.0,600.0,Phylloscopus trochiloides,Greenish Warbler,0.5074,psm9,2024,07,06,07
630.0,633.0,Luscinia phaenicuroides,White-bellied Redstart,0.8166,psm9,2024,07,06,07
654.0,657.0,Luscinia phaenicuroides,White-bellied Redstart,0.9622,psm9,2024,07,06,07
678.0,681.0,Luscinia phaenicuroides,White-bellied Redstart,0.6676,psm9,2024,07,06,07
693.0,696.0,Luscinia phaenicuroides,White-bellied Redstart,0.9423,psm9,2024,07,06,07
702.0,705.0,Luscinia phaenicuroides,White-bellied Redstart,0.9243,psm9,2024,07,06,07
723.0,726.0,Phylloscopus humei,Hume's Warbler,0.7401,psm9,2024,07,06,07
798.0,801.0,Luscinia phaenicuroides,White-bellied Redstart,0.5985,psm9,2024,07,06,07
813.0,816.0,Luscinia phaenicuroides,White-bellied Redstart,0.8676,psm9,2024,07,06,07
831.0,834.0,Luscinia phaenicuroides,White-bellied Redstart,0.908,psm9,2024,07,06,07
849.0,852.0,Luscinia phaenicuroides,White-bellied Redstart,0.9317,psm9,2024,07,06,07
855.0,858.0,Luscinia phaenicuroides,White-bellied Redstart,0.6495,psm9,2024,07,06,07
855.0,858.0,Larvivora brunnea,Indian Blue Robin,0.6025,psm9,2024,07,06,07
882.0,885.0,Luscinia phaenicuroides,White-bellied Redstart,0.5746,psm9,2024,07,06,07
888.0,891.0,Luscinia phaenicuroides,White-bellied Redstart,0.9201,psm9,2024,07,06,07
894.0,897.0,Luscinia phaenicuroides,White-bellied Redstart,0.6052,psm9,2024,07,06,07
264.0,267.0,Tringa erythropus,Spotted Redshank,0.7392,psm9,2024,07,07,05
354.0,357.0,Tringa erythropus,Spotted Redshank,0.6159,psm9,2024,07,07,05
486.0,489.0,Tringa erythropus,Spotted Redshank,0.7698,psm9,2024,07,07,05
624.0,627.0,Phylloscopus tytleri,Tytler's Leaf Warbler,0.5767,psm9,2024,07,07,05
645.0,648.0,Phylloscopus nitidus,Green Warbler,0.7965,psm9,2024,07,07,05
465.0,468.0,Phylloscopus nitidus,Green Warbler,0.5362,psm9,2024,07,07,06
468.0,471.0,Phylloscopus nitidus,Green Warbler,0.7161,psm9,2024,07,07,06
519.0,522.0,Phylloscopus nitidus,Green Warbler,0.6169,psm9,2024,07,07,06
546.0,549.0,Phylloscopus nitidus,Green Warbler,0.817,psm9,2024,07,07,06
645.0,648.0,Phylloscopus nitidus,Green Warbler,0.5309,psm9,2024,07,07,06
420.0,423.0,Myadestes ralloides,Andean Solitaire,0.6483,psm9,2024,07,07,07
432.0,435.0,Phylloscopus magnirostris,Large-billed Leaf Warbler,0.723,psm9,2024,07,07,07
453.0,456.0,Phylloscopus magnirostris,Large-billed Leaf Warbler,0.6129,psm9,2024,07,07,07
474.0,477.0,Phylloscopus magnirostris,Large-billed Leaf Warbler,0.9338,psm9,2024,07,07,07
498.0,501.0,Phylloscopus magnirostris,Large-billed Leaf Warbler,0.5286,psm9,2024,07,07,07
516.0,519.0,Phylloscopus magnirostris,Large-billed Leaf Warbler,0.6955,psm9,2024,07,07,07
546.0,549.0,Phylloscopus nitidus,Green Warbler,0.8259,psm9,2024,07,07,07
594.0,597.0,Phylloscopus magnirostris,Large-billed Leaf Warbler,0.6587,psm9,2024,07,07,07
600.0,603.0,Phylloscopus magnirostris,Large-billed Leaf Warbler,0.6651,psm9,2024,07,07,07
663.0,666.0,Troglodytes pacificus,Pacific Wren,0.6278,psm9,2024,07,07,07
702.0,705.0,Troglodytes pacificus,Pacific Wren,0.6136,psm9,2024,07,07,07
705.0,708.0,Troglodytes pacificus,Pacific Wren,0.6172,psm9,2024,07,07,07
777.0,780.0,Pycnonotus aurigaster,Sooty-headed Bulbul,0.7153,psm9,2024,07,07,07
792.0,795.0,Phylloscopus tytleri,Tytler's Leaf Warbler,0.5495,psm9,2024,07,07,07
867.0,870.0,Phylloscopus nitidus,Green Warbler,0.7767,psm9,2024,07,07,07
870.0,873.0,Phylloscopus nitidus,Green Warbler,0.8559,psm9,2024,07,07,07
471.0,474.0,Zosterops maderaspatanus,Malagasy White-eye,0.6948,psm9,2024,07,08,05
582.0,585.0,Zosterops maderaspatanus,Malagasy White-eye,0.6311,psm9,2024,07,08,05
6.0,9.0,Luscinia phaenicuroides,White-bellied Redstart,0.9876,psm9,2024,07,08,06
15.0,18.0,Luscinia phaenicuroides,White-bellied Redstart,0.9898,psm9,2024,07,08,06
30.0,33.0,Luscinia phaenicuroides,White-bellied Redstart,0.9569,psm9,2024,07,08,06
36.0,39.0,Trochalopteron variegatum,Variegated Laughingthrush,0.7837,psm9,2024,07,08,06
48.0,51.0,Trochalopteron variegatum,Variegated Laughingthrush,0.6551,psm9,2024,07,08,06
51.0,54.0,Luscinia phaenicuroides,White-bellied Redstart,0.9711,psm9,2024,07,08,06
54.0,57.0,Trochalopteron variegatum,Variegated Laughingthrush,0.7804,psm9,2024,07,08,06
60.0,63.0,Luscinia phaenicuroides,White-bellied Redstart,0.7381,psm9,2024,07,08,06
69.0,72.0,Trochalopteron variegatum,Variegated Laughingthrush,0.9325,psm9,2024,07,08,06
72.0,75.0,Luscinia phaenicuroides,White-bellied Redstart,0.8242,psm9,2024,07,08,06
93.0,96.0,Trochalopteron variegatum,Variegated Laughingthrush,0.8482,psm9,2024,07,08,06
105.0,108.0,Luscinia phaenicuroides,White-bellied Redstart,0.6533,psm9,2024,07,08,06
114.0,117.0,Phylloscopus nitidus,Green Warbler,0.8683,psm9,2024,07,08,06
117.0,120.0,Luscinia phaenicuroides,White-bellied Redstart,0.5752,psm9,2024,07,08,06
126.0,129.0,Phylloscopus nitidus,Green Warbler,0.8175,psm9,2024,07,08,06
138.0,141.0,Phylloscopus nitidus,Green Warbler,0.7925,psm9,2024,07,08,06
138.0,141.0,Phylloscopus tytleri,Tytler's Leaf Warbler,0.5381,psm9,2024,07,08,06
141.0,144.0,Zosterops lateralis,Silvereye,0.9131,psm9,2024,07,08,06
144.0,147.0,Phylloscopus nitidus,Green Warbler,0.5835,psm9,2024,07,08,06
156.0,159.0,Luscinia phaenicuroides,White-bellied Redstart,0.8003,psm9,2024,07,08,06
162.0,165.0,Phylloscopus magnirostris,Large-billed Leaf Warbler,0.7531,psm9,2024,07,08,06
171.0,174.0,Luscinia phaenicuroides,White-bellied Redstart,0.928,psm9,2024,07,08,06
174.0,177.0,Phylloscopus nitidus,Green Warbler,0.7024,psm9,2024,07,08,06
177.0,180.0,Phylloscopus nitidus,Green Warbler,0.789,psm9,2024,07,08,06
180.0,183.0,Phylloscopus magnirostris,Large-billed Leaf Warbler,0.6603,psm9,2024,07,08,06
189.0,192.0,Phylloscopus magnirostris,Large-billed Leaf Warbler,0.5497,psm9,2024,07,08,06
198.0,201.0,Phylloscopus magnirostris,Large-billed Leaf Warbler,0.6876,psm9,2024,07,08,06
225.0,228.0,Phylloscopus magnirostris,Large-billed Leaf Warbler,0.5277,psm9,2024,07,08,06
306.0,309.0,Phylloscopus magnirostris,Large-billed Leaf Warbler,0.6366,psm9,2024,07,08,06
315.0,318.0,Phylloscopus magnirostris,Large-billed Leaf Warbler,0.5891,psm9,2024,07,08,06
321.0,324.0,Phylloscopus tytleri,Tytler's Leaf Warbler,0.5101,psm9,2024,07,08,06
327.0,330.0,Phylloscopus nitidus,Green Warbler,0.5576,psm9,2024,07,08,06
333.0,336.0,Phylloscopus nitidus,Green Warbler,0.9365,psm9,2024,07,08,06
336.0,339.0,Phylloscopus nitidus,Green Warbler,0.9541,psm9,2024,07,08,06
345.0,348.0,Phylloscopus nitidus,Green Warbler,0.682,psm9,2024,07,08,06
351.0,354.0,Phylloscopus nitidus,Green Warbler,0.8605,psm9,2024,07,08,06
354.0,357.0,Phylloscopus magnirostris,Large-billed Leaf Warbler,0.7455,psm9,2024,07,08,06
357.0,360.0,Phylloscopus nitidus,Green Warbler,0.7479,psm9,2024,07,08,06
366.0,369.0,Phylloscopus nitidus,Green Warbler,0.9789,psm9,2024,07,08,06
372.0,375.0,Phylloscopus nitidus,Green Warbler,0.9582,psm9,2024,07,08,06
372.0,375.0,Phylloscopus trochiloides,Greenish Warbler,0.7664,psm9,2024,07,08,06
375.0,378.0,Phylloscopus nitidus,Green Warbler,0.9817,psm9,2024,07,08,06
378.0,381.0,Phylloscopus magnirostris,Large-billed Leaf Warbler,0.6723,psm9,2024,07,08,06
387.0,390.0,Phylloscopus nitidus,Green Warbler,0.8628,psm9,2024,07,08,06
396.0,399.0,Phylloscopus nitidus,Green Warbler,0.9021,psm9,2024,07,08,06
456.0,459.0,Luscinia phaenicuroides,White-bellied Redstart,0.5553,psm9,2024,07,08,06
468.0,471.0,Phylloscopus magnirostris,Large-billed Leaf Warbler,0.7802,psm9,2024,07,08,06
471.0,474.0,Luscinia phaenicuroides,White-bellied Redstart,0.933,psm9,2024,07,08,06
489.0,492.0,Luscinia phaenicuroides,White-bellied Redstart,0.6817,psm9,2024,07,08,06
501.0,504.0,Phylloscopus magnirostris,Large-billed Leaf Warbler,0.8507,psm9,2024,07,08,06
504.0,507.0,Calidris alpina,Dunlin,0.9174,psm9,2024,07,08,06
507.0,510.0,Luscinia phaenicuroides,White-bellied Redstart,0.6999,psm9,2024,07,08,06
510.0,513.0,Euphonia xanthogaster,Orange-bellied Euphonia,0.5352,psm9,2024,07,08,06
519.0,522.0,Luscinia phaenicuroides,White-bellied Redstart,0.9923,psm9,2024,07,08,06
528.0,531.0,Luscinia phaenicuroides,White-bellied Redstart,0.71,psm9,2024,07,08,06
537.0,540.0,Parus major,Great Tit,0.605,psm9,2024,07,08,06
546.0,549.0,Luscinia phaenicuroides,White-bellied Redstart,0.7914,psm9,2024,07,08,06
576.0,579.0,Luscinia phaenicuroides,White-bellied Redstart,0.9637,psm9,2024,07,08,06
600.0,603.0,Phylloscopus magnirostris,Large-billed Leaf Warbler,0.8794,psm9,2024,07,08,06
609.0,612.0,Phylloscopus tytleri,Tytler's Leaf Warbler,0.5267,psm9,2024,07,08,06
618.0,621.0,Phylloscopus nitidus,Green Warbler,0.769,psm9,2024,07,08,06
636.0,639.0,Luscinia phaenicuroides,White-bellied Redstart,0.7575,psm9,2024,07,08,06
645.0,648.0,Luscinia phaenicuroides,White-bellied Redstart,0.9987,psm9,2024,07,08,06
651.0,654.0,Luscinia phaenicuroides,White-bellied Redstart,0.882,psm9,2024,07,08,06
657.0,660.0,Luscinia phaenicuroides,White-bellied Redstart,0.8888,psm9,2024,07,08,06
669.0,672.0,Luscinia phaenicuroides,White-bellied Redstart,0.8735,psm9,2024,07,08,06
672.0,675.0,Luscinia phaenicuroides,White-bellied Redstart,0.9067,psm9,2024,07,08,06
675.0,678.0,Phylloscopus tytleri,Tytler's Leaf Warbler,0.594,psm9,2024,07,08,06
678.0,681.0,Luscinia phaenicuroides,White-bellied Redstart,0.9974,psm9,2024,07,08,06
684.0,687.0,Luscinia phaenicuroides,White-bellied Redstart,0.6733,psm9,2024,07,08,06
690.0,693.0,Luscinia phaenicuroides,White-bellied Redstart,0.9839,psm9,2024,07,08,06
696.0,699.0,Luscinia phaenicuroides,White-bellied Redstart,0.9737,psm9,2024,07,08,06
705.0,708.0,Luscinia phaenicuroides,White-bellied Redstart,0.9404,psm9,2024,07,08,06
708.0,711.0,Phylloscopus nitidus,Green Warbler,0.6696,psm9,2024,07,08,06
714.0,717.0,Luscinia phaenicuroides,White-bellied Redstart,0.9951,psm9,2024,07,08,06
720.0,723.0,Luscinia phaenicuroides,White-bellied Redstart,0.9428,psm9,2024,07,08,06
726.0,729.0,Phylloscopus nitidus,Green Warbler,0.9137,psm9,2024,07,08,06
729.0,732.0,Luscinia phaenicuroides,White-bellied Redstart,0.9223,psm9,2024,07,08,06
735.0,738.0,Phylloscopus nitidus,Green Warbler,0.6938,psm9,2024,07,08,06
738.0,741.0,Luscinia phaenicuroides,White-bellied Redstart,0.9228,psm9,2024,07,08,06
741.0,744.0,Phylloscopus nitidus,Green Warbler,0.7539,psm9,2024,07,08,06
744.0,747.0,Luscinia phaenicuroides,White-bellied Redstart,0.9543,psm9,2024,07,08,06
750.0,753.0,Luscinia phaenicuroides,White-bellied Redstart,0.987,psm9,2024,07,08,06
756.0,759.0,Luscinia phaenicuroides,White-bellied Redstart,0.9019,psm9,2024,07,08,06
762.0,765.0,Luscinia phaenicuroides,White-bellied Redstart,0.521,psm9,2024,07,08,06
765.0,768.0,Luscinia phaenicuroides,White-bellied Redstart,0.8524,psm9,2024,07,08,06
765.0,768.0,Phylloscopus nitidus,Green Warbler,0.7015,psm9,2024,07,08,06
768.0,771.0,Phylloscopus nitidus,Green Warbler,0.5894,psm9,2024,07,08,06
771.0,774.0,Luscinia phaenicuroides,White-bellied Redstart,0.9159,psm9,2024,07,08,06
774.0,777.0,Phylloscopus nitidus,Green Warbler,0.795,psm9,2024,07,08,06
777.0,780.0,Phylloscopus nitidus,Green Warbler,0.8658,psm9,2024,07,08,06
777.0,780.0,Luscinia phaenicuroides,White-bellied Redstart,0.6471,psm9,2024,07,08,06
786.0,789.0,Luscinia phaenicuroides,White-bellied Redstart,0.7633,psm9,2024,07,08,06
792.0,795.0,Luscinia phaenicuroides,White-bellied Redstart,0.9961,psm9,2024,07,08,06
795.0,798.0,Phylloscopus nitidus,Green Warbler,0.5117,psm9,2024,07,08,06
798.0,801.0,Luscinia phaenicuroides,White-bellied Redstart,0.973,psm9,2024,07,08,06
804.0,807.0,Luscinia phaenicuroides,White-bellied Redstart,0.9841,psm9,2024,07,08,06
813.0,816.0,Luscinia phaenicuroides,White-bellied Redstart,0.9415,psm9,2024,07,08,06
822.0,825.0,Luscinia phaenicuroides,White-bellied Redstart,0.9955,psm9,2024,07,08,06
828.0,831.0,Luscinia phaenicuroides,White-bellied Redstart,0.9788,psm9,2024,07,08,06
834.0,837.0,Luscinia phaenicuroides,White-bellied Redstart,0.9716,psm9,2024,07,08,06
843.0,846.0,Luscinia phaenicuroides,White-bellied Redstart,0.9697,psm9,2024,07,08,06
855.0,858.0,Phylloscopus nitidus,Green Warbler,0.8109,psm9,2024,07,08,06
858.0,861.0,Phylloscopus nitidus,Green Warbler,0.5956,psm9,2024,07,08,06
873.0,876.0,Luscinia phaenicuroides,White-bellied Redstart,0.7536,psm9,2024,07,08,06
882.0,885.0,Luscinia phaenicuroides,White-bellied Redstart,0.5468,psm9,2024,07,08,06
891.0,894.0,Luscinia phaenicuroides,White-bellied Redstart,0.6003,psm9,2024,07,08,06
0.0,3.0,Phylloscopus nitidus,Green Warbler,0.8164,psm9,2024,07,08,07
33.0,36.0,Phylloscopus nitidus,Green Warbler,0.9767,psm9,2024,07,08,07
48.0,51.0,Phylloscopus nitidus,Green Warbler,0.6657,psm9,2024,07,08,07
66.0,69.0,Phylloscopus nitidus,Green Warbler,0.9565,psm9,2024,07,08,07
90.0,93.0,Phylloscopus nitidus,Green Warbler,0.6926,psm9,2024,07,08,07
93.0,96.0,Phylloscopus nitidus,Green Warbler,0.9534,psm9,2024,07,08,07
105.0,108.0,Phylloscopus nitidus,Green Warbler,0.9058,psm9,2024,07,08,07
108.0,111.0,Phylloscopus nitidus,Green Warbler,0.8671,psm9,2024,07,08,07
114.0,117.0,Phylloscopus nitidus,Green Warbler,0.6273,psm9,2024,07,08,07
150.0,153.0,Phylloscopus nitidus,Green Warbler,0.7853,psm9,2024,07,08,07
156.0,159.0,Phylloscopus nitidus,Green Warbler,0.9857,psm9,2024,07,08,07
162.0,165.0,Phylloscopus trochiloides,Greenish Warbler,0.557,psm9,2024,07,08,07
174.0,177.0,Phylloscopus nitidus,Green Warbler,0.698,psm9,2024,07,08,07
183.0,186.0,Phylloscopus nitidus,Green Warbler,0.5687,psm9,2024,07,08,07
198.0,201.0,Phylloscopus nitidus,Green Warbler,0.699,psm9,2024,07,08,07
201.0,204.0,Phylloscopus nitidus,Green Warbler,0.9701,psm9,2024,07,08,07
204.0,207.0,Phylloscopus nitidus,Green Warbler,0.5786,psm9,2024,07,08,07
207.0,210.0,Phylloscopus nitidus,Green Warbler,0.7963,psm9,2024,07,08,07
210.0,213.0,Phylloscopus nitidus,Green Warbler,0.8526,psm9,2024,07,08,07
216.0,219.0,Phylloscopus nitidus,Green Warbler,0.9134,psm9,2024,07,08,07
246.0,249.0,Phylloscopus nitidus,Green Warbler,0.6038,psm9,2024,07,08,07
252.0,255.0,Phylloscopus nitidus,Green Warbler,0.8669,psm9,2024,07,08,07
258.0,261.0,Diglossa sittoides,Rusty Flowerpiercer,0.6217,psm9,2024,07,08,07
264.0,267.0,Phylloscopus nitidus,Green Warbler,0.6373,psm9,2024,07,08,07
285.0,288.0,Phylloscopus nitidus,Green Warbler,0.8435,psm9,2024,07,08,07
285.0,288.0,Phylloscopus trochiloides,Greenish Warbler,0.5062,psm9,2024,07,08,07
291.0,294.0,Phylloscopus nitidus,Green Warbler,0.8819,psm9,2024,07,08,07
306.0,309.0,Phylloscopus nitidus,Green Warbler,0.9897,psm9,2024,07,08,07
315.0,318.0,Phylloscopus nitidus,Green Warbler,0.9275,psm9,2024,07,08,07
324.0,327.0,Phylloscopus nitidus,Green Warbler,0.9476,psm9,2024,07,08,07
336.0,339.0,Phylloscopus nitidus,Green Warbler,0.531,psm9,2024,07,08,07
351.0,354.0,Phylloscopus nitidus,Green Warbler,0.5468,psm9,2024,07,08,07
357.0,360.0,Phylloscopus trochiloides,Greenish Warbler,0.7942,psm9,2024,07,08,07
357.0,360.0,Phylloscopus nitidus,Green Warbler,0.5535,psm9,2024,07,08,07
363.0,366.0,Phylloscopus nitidus,Green Warbler,0.8976,psm9,2024,07,08,07
366.0,369.0,Phylloscopus nitidus,Green Warbler,0.5592,psm9,2024,07,08,07
387.0,390.0,Turdus iliacus,Redwing,0.536,psm9,2024,07,08,07
522.0,525.0,Phylloscopus nitidus,Green Warbler,0.8295,psm9,2024,07,08,07
528.0,531.0,Phylloscopus nitidus,Green Warbler,0.898,psm9,2024,07,08,07
597.0,600.0,Phylloscopus nitidus,Green Warbler,0.8326,psm9,2024,07,08,07
612.0,615.0,Phylloscopus nitidus,Green Warbler,0.5311,psm9,2024,07,08,07
651.0,654.0,Phylloscopus nitidus,Green Warbler,0.5506,psm9,2024,07,08,07
660.0,663.0,Phylloscopus nitidus,Green Warbler,0.8795,psm9,2024,07,08,07
666.0,669.0,Phylloscopus nitidus,Green Warbler,0.7626,psm9,2024,07,08,07
675.0,678.0,Phylloscopus nitidus,Green Warbler,0.6187,psm9,2024,07,08,07
687.0,690.0,Phylloscopus nitidus,Green Warbler,0.9046,psm9,2024,07,08,07
690.0,693.0,Phylloscopus nitidus,Green Warbler,0.9762,psm9,2024,07,08,07
696.0,699.0,Phylloscopus nitidus,Green Warbler,0.5943,psm9,2024,07,08,07
696.0,699.0,Phylloscopus trochiloides,Greenish Warbler,0.5918,psm9,2024,07,08,07
714.0,717.0,Phylloscopus nitidus,Green Warbler,0.7683,psm9,2024,07,08,07
720.0,723.0,Phylloscopus nitidus,Green Warbler,0.7653,psm9,2024,07,08,07
720.0,723.0,Phylloscopus trochiloides,Greenish Warbler,0.7067,psm9,2024,07,08,07
735.0,738.0,Phylloscopus nitidus,Green Warbler,0.8642,psm9,2024,07,08,07
759.0,762.0,Phylloscopus nitidus,Green Warbler,0.8857,psm9,2024,07,08,07
765.0,768.0,Phylloscopus nitidus,Green Warbler,0.9183,psm9,2024,07,08,07
771.0,774.0,Phylloscopus nitidus,Green Warbler,0.8017,psm9,2024,07,08,07
783.0,786.0,Phylloscopus nitidus,Green Warbler,0.7519,psm9,2024,07,08,07
804.0,807.0,Phylloscopus nitidus,Green Warbler,0.986,psm9,2024,07,08,07
810.0,813.0,Phylloscopus nitidus,Green Warbler,0.9229,psm9,2024,07,08,07
813.0,816.0,Phylloscopus nitidus,Green Warbler,0.8458,psm9,2024,07,08,07
822.0,825.0,Phylloscopus trochiloides,Greenish Warbler,0.7209,psm9,2024,07,08,07
834.0,837.0,Phylloscopus nitidus,Green Warbler,0.8171,psm9,2024,07,08,07
849.0,852.0,Phylloscopus nitidus,Green Warbler,0.5269,psm9,2024,07,08,07
852.0,855.0,Phylloscopus nitidus,Green Warbler,0.8142,psm9,2024,07,08,07
876.0,879.0,Phylloscopus nitidus,Green Warbler,0.6598,psm9,2024,07,08,07
885.0,888.0,Phylloscopus nitidus,Green Warbler,0.8028,psm9,2024,07,08,07
57.0,60.0,Luscinia phaenicuroides,White-bellied Redstart,0.5909,psm9,2024,07,09,05
108.0,111.0,Phylloscopus magnirostris,Large-billed Leaf Warbler,0.6432,psm9,2024,07,09,05
153.0,156.0,Elachura formosa,Spotted Elachura,0.5648,psm9,2024,07,09,05
213.0,216.0,Phylloscopus magnirostris,Large-billed Leaf Warbler,0.9018,psm9,2024,07,09,05
213.0,216.0,Elachura formosa,Spotted Elachura,0.6878,psm9,2024,07,09,05
225.0,228.0,Phylloscopus magnirostris,Large-billed Leaf Warbler,0.5249,psm9,2024,07,09,05
231.0,234.0,Drymophila ferruginea,Ferruginous Antbird,0.8396,psm9,2024,07,09,05
237.0,240.0,Tarsiger indicus,White-browed Bush-Robin,0.5317,psm9,2024,07,09,05
189.0,192.0,Motacilla cinerea,Gray Wagtail,0.9324,psm9,2024,07,09,06
375.0,378.0,Emberiza hortulana,Ortolan Bunting,0.5156,psm9,2024,07,09,06
537.0,540.0,Phylloscopus nitidus,Green Warbler,0.7994,psm9,2024,07,09,06
543.0,546.0,Phylloscopus nitidus,Green Warbler,0.6875,psm9,2024,07,09,06
549.0,552.0,Phylloscopus nitidus,Green Warbler,0.978,psm9,2024,07,09,06
555.0,558.0,Phylloscopus nitidus,Green Warbler,0.9228,psm9,2024,07,09,06
567.0,570.0,Phylloscopus nitidus,Green Warbler,0.8268,psm9,2024,07,09,06
567.0,570.0,Phylloscopus trochiloides,Greenish Warbler,0.5909,psm9,2024,07,09,06
573.0,576.0,Phylloscopus nitidus,Green Warbler,0.9389,psm9,2024,07,09,06
591.0,594.0,Phylloscopus nitidus,Green Warbler,0.92,psm9,2024,07,09,06
597.0,600.0,Phylloscopus nitidus,Green Warbler,0.7111,psm9,2024,07,09,06
600.0,603.0,Phylloscopus nitidus,Green Warbler,0.6168,psm9,2024,07,09,06
606.0,609.0,Phylloscopus nitidus,Green Warbler,0.8548,psm9,2024,07,09,06
612.0,615.0,Phylloscopus nitidus,Green Warbler,0.8277,psm9,2024,07,09,06
615.0,618.0,Phylloscopus nitidus,Green Warbler,0.8601,psm9,2024,07,09,06
615.0,618.0,Phylloscopus trochiloides,Greenish Warbler,0.715,psm9,2024,07,09,06
618.0,621.0,Phylloscopus nitidus,Green Warbler,0.683,psm9,2024,07,09,06
627.0,630.0,Phylloscopus nitidus,Green Warbler,0.7407,psm9,2024,07,09,06
630.0,633.0,Phylloscopus nitidus,Green Warbler,0.9629,psm9,2024,07,09,06
636.0,639.0,Phylloscopus nitidus,Green Warbler,0.9892,psm9,2024,07,09,06
639.0,642.0,Phylloscopus nitidus,Green Warbler,0.8863,psm9,2024,07,09,06
648.0,651.0,Phylloscopus nitidus,Green Warbler,0.9166,psm9,2024,07,09,06
660.0,663.0,Phylloscopus nitidus,Green Warbler,0.9806,psm9,2024,07,09,06
672.0,675.0,Phylloscopus nitidus,Green Warbler,0.5471,psm9,2024,07,09,06
672.0,675.0,Phylloscopus tytleri,Tytler's Leaf Warbler,0.5464,psm9,2024,07,09,06
675.0,678.0,Phylloscopus magnirostris,Large-billed Leaf Warbler,0.901,psm9,2024,07,09,06
675.0,678.0,Phylloscopus nitidus,Green Warbler,0.8943,psm9,2024,07,09,06
681.0,684.0,Phylloscopus nitidus,Green Warbler,0.817,psm9,2024,07,09,06
687.0,690.0,Larvivora brunnea,Indian Blue Robin,0.6886,psm9,2024,07,09,06
690.0,693.0,Phylloscopus nitidus,Green Warbler,0.7698,psm9,2024,07,09,06
690.0,693.0,Phylloscopus trochiloides,Greenish Warbler,0.6141,psm9,2024,07,09,06
696.0,699.0,Phylloscopus nitidus,Green Warbler,0.524,psm9,2024,07,09,06
702.0,705.0,Phylloscopus nitidus,Green Warbler,0.6701,psm9,2024,07,09,06
705.0,708.0,Phylloscopus nitidus,Green Warbler,0.6987,psm9,2024,07,09,06
723.0,726.0,Phylloscopus nitidus,Green Warbler,0.9078,psm9,2024,07,09,06
729.0,732.0,Phylloscopus trochiloides,Greenish Warbler,0.6486,psm9,2024,07,09,06
729.0,732.0,Phylloscopus nitidus,Green Warbler,0.6315,psm9,2024,07,09,06
732.0,735.0,Phylloscopus nitidus,Green Warbler,0.8809,psm9,2024,07,09,06
738.0,741.0,Phylloscopus nitidus,Green Warbler,0.8764,psm9,2024,07,09,06
750.0,753.0,Phylloscopus nitidus,Green Warbler,0.8367,psm9,2024,07,09,06
756.0,759.0,Phylloscopus nitidus,Green Warbler,0.6473,psm9,2024,07,09,06
756.0,759.0,Phylloscopus trochiloides,Greenish Warbler,0.5476,psm9,2024,07,09,06
768.0,771.0,Phylloscopus nitidus,Green Warbler,0.6881,psm9,2024,07,09,06
768.0,771.0,Phylloscopus trochiloides,Greenish Warbler,0.5239,psm9,2024,07,09,06
777.0,780.0,Phylloscopus nitidus,Green Warbler,0.714,psm9,2024,07,09,06
783.0,786.0,Phylloscopus nitidus,Green Warbler,0.6985,psm9,2024,07,09,06
804.0,807.0,Phylloscopus nitidus,Green Warbler,0.8869,psm9,2024,07,09,06
810.0,813.0,Phylloscopus nitidus,Green Warbler,0.5926,psm9,2024,07,09,06
819.0,822.0,Phylloscopus nitidus,Green Warbler,0.652,psm9,2024,07,09,06
828.0,831.0,Phylloscopus nitidus,Green Warbler,0.8173,psm9,2024,07,09,06
840.0,843.0,Phylloscopus nitidus,Green Warbler,0.8603,psm9,2024,07,09,06
846.0,849.0,Phylloscopus nitidus,Green Warbler,0.5147,psm9,2024,07,09,06
855.0,858.0,Phylloscopus nitidus,Green Warbler,0.6691,psm9,2024,07,09,06
873.0,876.0,Phylloscopus nitidus,Green Warbler,0.9463,psm9,2024,07,09,06
879.0,882.0,Phylloscopus nitidus,Green Warbler,0.8209,psm9,2024,07,09,06
888.0,891.0,Phylloscopus nitidus,Green Warbler,0.5073,psm9,2024,07,09,06
18.0,21.0,Phylloscopus nitidus,Green Warbler,0.9957,psm9,2024,07,09,07
24.0,27.0,Phylloscopus nitidus,Green Warbler,0.593,psm9,2024,07,09,07
36.0,39.0,Phylloscopus nitidus,Green Warbler,0.9181,psm9,2024,07,09,07
45.0,48.0,Phylloscopus nitidus,Green Warbler,0.5462,psm9,2024,07,09,07
51.0,54.0,Phylloscopus nitidus,Green Warbler,0.9058,psm9,2024,07,09,07
54.0,57.0,Phylloscopus nitidus,Green Warbler,0.9379,psm9,2024,07,09,07
69.0,72.0,Phylloscopus nitidus,Green Warbler,0.6438,psm9,2024,07,09,07
72.0,75.0,Phylloscopus nitidus,Green Warbler,0.7996,psm9,2024,07,09,07
78.0,81.0,Phylloscopus nitidus,Green Warbler,0.7777,psm9,2024,07,09,07
660.0,663.0,Tringa erythropus,Spotted Redshank,0.894,psm9,2024,07,09,07
663.0,666.0,Tringa erythropus,Spotted Redshank,0.5398,psm9,2024,07,09,07
678.0,681.0,Tringa erythropus,Spotted Redshank,0.8092,psm9,2024,07,09,07
696.0,699.0,Tringa erythropus,Spotted Redshank,0.5328,psm9,2024,07,09,07
717.0,720.0,Vireo flavifrons,Yellow-throated Vireo,0.6439,psm9,2024,07,09,07
726.0,729.0,Tringa erythropus,Spotted Redshank,0.6522,psm9,2024,07,09,07
735.0,738.0,Vireo flavifrons,Yellow-throated Vireo,0.9031,psm9,2024,07,09,07
750.0,753.0,Tringa erythropus,Spotted Redshank,0.6617,psm9,2024,07,09,07
759.0,762.0,Vireo flavifrons,Yellow-throated Vireo,0.7204,psm9,2024,07,09,07
759.0,762.0,Tringa erythropus,Spotted Redshank,0.6267,psm9,2024,07,09,07
813.0,816.0,Vireo flavifrons,Yellow-throated Vireo,0.8671,psm9,2024,07,09,07
828.0,831.0,Emberizoides herbicola,Wedge-tailed Grass-Finch,0.9169,psm9,2024,07,09,07
837.0,840.0,Phylloscopus nitidus,Green Warbler,0.5629,psm9,2024,07,09,07
60.0,63.0,Luscinia phaenicuroides,White-bellied Redstart,0.5708,psm9,2024,07,10,05
84.0,87.0,Luscinia phaenicuroides,White-bellied Redstart,0.6394,psm9,2024,07,10,05
99.0,102.0,Luscinia phaenicuroides,White-bellied Redstart,0.78,psm9,2024,07,10,05
108.0,111.0,Luscinia phaenicuroides,White-bellied Redstart,0.8956,psm9,2024,07,10,05
111.0,114.0,Luscinia phaenicuroides,White-bellied Redstart,0.7762,psm9,2024,07,10,05
117.0,120.0,Luscinia phaenicuroides,White-bellied Redstart,0.9879,psm9,2024,07,10,05
120.0,123.0,Luscinia phaenicuroides,White-bellied Redstart,0.9643,psm9,2024,07,10,05
126.0,129.0,Luscinia phaenicuroides,White-bellied Redstart,0.988,psm9,2024,07,10,05
132.0,135.0,Luscinia phaenicuroides,White-bellied Redstart,0.873,psm9,2024,07,10,05
135.0,138.0,Luscinia phaenicuroides,White-bellied Redstart,0.9683,psm9,2024,07,10,05
141.0,144.0,Luscinia phaenicuroides,White-bellied Redstart,0.9492,psm9,2024,07,10,05
150.0,153.0,Luscinia phaenicuroides,White-bellied Redstart,0.9631,psm9,2024,07,10,05
153.0,156.0,Luscinia phaenicuroides,White-bellied Redstart,0.9736,psm9,2024,07,10,05
156.0,159.0,Luscinia phaenicuroides,White-bellied Redstart,0.9908,psm9,2024,07,10,05
162.0,165.0,Luscinia phaenicuroides,White-bellied Redstart,0.9968,psm9,2024,07,10,05
165.0,168.0,Luscinia phaenicuroides,White-bellied Redstart,0.9735,psm9,2024,07,10,05
171.0,174.0,Luscinia phaenicuroides,White-bellied Redstart,0.8849,psm9,2024,07,10,05
174.0,177.0,Luscinia phaenicuroides,White-bellied Redstart,0.9975,psm9,2024,07,10,05
180.0,183.0,Luscinia phaenicuroides,White-bellied Redstart,0.9758,psm9,2024,07,10,05
183.0,186.0,Luscinia phaenicuroides,White-bellied Redstart,0.9932,psm9,2024,07,10,05
186.0,189.0,Luscinia phaenicuroides,White-bellied Redstart,0.9742,psm9,2024,07,10,05
189.0,192.0,Luscinia phaenicuroides,White-bellied Redstart,0.7991,psm9,2024,07,10,05
195.0,198.0,Luscinia phaenicuroides,White-bellied Redstart,0.9713,psm9,2024,07,10,05
201.0,204.0,Luscinia phaenicuroides,White-bellied Redstart,0.9859,psm9,2024,07,10,05
204.0,207.0,Luscinia phaenicuroides,White-bellied Redstart,0.7197,psm9,2024,07,10,05
210.0,213.0,Luscinia phaenicuroides,White-bellied Redstart,0.9931,psm9,2024,07,10,05
213.0,216.0,Luscinia phaenicuroides,White-bellied Redstart,0.9879,psm9,2024,07,10,05
216.0,219.0,Luscinia phaenicuroides,White-bellied Redstart,0.8373,psm9,2024,07,10,05
222.0,225.0,Luscinia phaenicuroides,White-bellied Redstart,0.9497,psm9,2024,07,10,05
225.0,228.0,Luscinia phaenicuroides,White-bellied Redstart,0.9946,psm9,2024,07,10,05
393.0,396.0,Anthus trivialis,Tree Pipit,0.6854,psm9,2024,07,10,05
717.0,720.0,Zosterops maderaspatanus,Malagasy White-eye,0.5451,psm9,2024,07,10,05
726.0,729.0,Lophophorus impejanus,Himalayan Monal,0.5574,psm9,2024,07,10,05
729.0,732.0,Lophophorus impejanus,Himalayan Monal,0.5245,psm9,2024,07,10,05
738.0,741.0,Lophophorus impejanus,Himalayan Monal,0.5106,psm9,2024,07,10,05
747.0,750.0,Trochalopteron variegatum,Variegated Laughingthrush,0.9015,psm9,2024,07,10,05
768.0,771.0,Trochalopteron morrisonianum,White-whiskered Laughingthrush,0.6184,psm9,2024,07,10,05
786.0,789.0,Trochalopteron variegatum,Variegated Laughingthrush,0.694,psm9,2024,07,10,05
51.0,54.0,Phylloscopus nitidus,Green Warbler,0.9794,psm9,2024,07,10,06
57.0,60.0,Phylloscopus nitidus,Green Warbler,0.9721,psm9,2024,07,10,06
60.0,63.0,Phylloscopus nitidus,Green Warbler,0.9741,psm9,2024,07,10,06
66.0,69.0,Phylloscopus nitidus,Green Warbler,0.6432,psm9,2024,07,10,06
72.0,75.0,Phylloscopus nitidus,Green Warbler,0.9579,psm9,2024,07,10,06
78.0,81.0,Phylloscopus nitidus,Green Warbler,0.6339,psm9,2024,07,10,06
99.0,102.0,Phylloscopus nitidus,Green Warbler,0.98,psm9,2024,07,10,06
108.0,111.0,Phylloscopus nitidus,Green Warbler,0.8599,psm9,2024,07,10,06
111.0,114.0,Phylloscopus nitidus,Green Warbler,0.983,psm9,2024,07,10,06
123.0,126.0,Phylloscopus magnirostris,Large-billed Leaf Warbler,0.7978,psm9,2024,07,10,06
132.0,135.0,Phylloscopus nitidus,Green Warbler,0.9341,psm9,2024,07,10,06
141.0,144.0,Phylloscopus magnirostris,Large-billed Leaf Warbler,0.7524,psm9,2024,07,10,06
144.0,147.0,Phylloscopus nitidus,Green Warbler,0.9753,psm9,2024,07,10,06
144.0,147.0,Phylloscopus trochiloides,Greenish Warbler,0.5293,psm9,2024,07,10,06
150.0,153.0,Phylloscopus tytleri,Tytler's Leaf Warbler,0.6701,psm9,2024,07,10,06
153.0,156.0,Phylloscopus nitidus,Green Warbler,0.9644,psm9,2024,07,10,06
168.0,171.0,Phylloscopus nitidus,Green Warbler,0.841,psm9,2024,07,10,06
183.0,186.0,Phylloscopus nitidus,Green Warbler,0.6708,psm9,2024,07,10,06
189.0,192.0,Phylloscopus nitidus,Green Warbler,0.9406,psm9,2024,07,10,06
201.0,204.0,Phylloscopus nitidus,Green Warbler,0.5534,psm9,2024,07,10,06
216.0,219.0,Phylloscopus nitidus,Green Warbler,0.9545,psm9,2024,07,10,06
231.0,234.0,Phylloscopus magnirostris,Large-billed Leaf Warbler,0.7617,psm9,2024,07,10,06
234.0,237.0,Phylloscopus nitidus,Green Warbler,0.8835,psm9,2024,07,10,06
234.0,237.0,Phylloscopus trochiloides,Greenish Warbler,0.5258,psm9,2024,07,10,06
243.0,246.0,Phylloscopus nitidus,Green Warbler,0.617,psm9,2024,07,10,06
258.0,261.0,Phylloscopus nitidus,Green Warbler,0.8118,psm9,2024,07,10,06
267.0,270.0,Phylloscopus nitidus,Green Warbler,0.9378,psm9,2024,07,10,06
270.0,273.0,Phylloscopus nitidus,Green Warbler,0.5288,psm9,2024,07,10,06
288.0,291.0,Phylloscopus nitidus,Green Warbler,0.7452,psm9,2024,07,10,06
291.0,294.0,Phylloscopus trochiloides,Greenish Warbler,0.6362,psm9,2024,07,10,06
294.0,297.0,Phylloscopus nitidus,Green Warbler,0.9805,psm9,2024,07,10,06
300.0,303.0,Phylloscopus tytleri,Tytler's Leaf Warbler,0.5512,psm9,2024,07,10,06
303.0,306.0,Phylloscopus nitidus,Green Warbler,0.8514,psm9,2024,07,10,06
336.0,339.0,Phylloscopus nitidus,Green Warbler,0.7091,psm9,2024,07,10,06
348.0,351.0,Phylloscopus nitidus,Green Warbler,0.9318,psm9,2024,07,10,06
348.0,351.0,Phylloscopus trochiloides,Greenish Warbler,0.8662,psm9,2024,07,10,06
351.0,354.0,Phylloscopus nitidus,Green Warbler,0.7957,psm9,2024,07,10,06
387.0,390.0,Phylloscopus nitidus,Green Warbler,0.7371,psm9,2024,07,10,06
402.0,405.0,Phylloscopus nitidus,Green Warbler,0.6068,psm9,2024,07,10,06
417.0,420.0,Phylloscopus nitidus,Green Warbler,0.6983,psm9,2024,07,10,06
441.0,444.0,Phylloscopus nitidus,Green Warbler,0.8452,psm9,2024,07,10,06
471.0,474.0,Phylloscopus nitidus,Green Warbler,0.9616,psm9,2024,07,10,06
486.0,489.0,Phylloscopus nitidus,Green Warbler,0.9538,psm9,2024,07,10,06
486.0,489.0,Phylloscopus trochiloides,Greenish Warbler,0.5,psm9,2024,07,10,06
492.0,495.0,Phylloscopus nitidus,Green Warbler,0.7139,psm9,2024,07,10,06
501.0,504.0,Phylloscopus nitidus,Green Warbler,0.929,psm9,2024,07,10,06
507.0,510.0,Phylloscopus nitidus,Green Warbler,0.8774,psm9,2024,07,10,06
513.0,516.0,Phylloscopus nitidus,Green Warbler,0.6651,psm9,2024,07,10,06
519.0,522.0,Phylloscopus nitidus,Green Warbler,0.5247,psm9,2024,07,10,06
531.0,534.0,Phylloscopus nitidus,Green Warbler,0.6554,psm9,2024,07,10,06
564.0,567.0,Phylloscopus nitidus,Green Warbler,0.5189,psm9,2024,07,10,06
567.0,570.0,Phylloscopus nitidus,Green Warbler,0.9311,psm9,2024,07,10,06
570.0,573.0,Phylloscopus trochiloides,Greenish Warbler,0.7723,psm9,2024,07,10,06
573.0,576.0,Phylloscopus nitidus,Green Warbler,0.9613,psm9,2024,07,10,06
648.0,651.0,Turdus iliacus,Redwing,0.941,psm9,2024,07,10,06
828.0,831.0,Anthus trivialis,Tree Pipit,0.5751,psm9,2024,07,10,06
6.0,9.0,Phylloscopus nitidus,Green Warbler,0.5914,psm9,2024,07,10,07
12.0,15.0,Phylloscopus nitidus,Green Warbler,0.7134,psm9,2024,07,10,07
24.0,27.0,Phylloscopus nitidus,Green Warbler,0.9607,psm9,2024,07,10,07
33.0,36.0,Phylloscopus nitidus,Green Warbler,0.9991,psm9,2024,07,10,07
48.0,51.0,Phylloscopus nitidus,Green Warbler,0.5371,psm9,2024,07,10,07
57.0,60.0,Trochalopteron variegatum,Variegated Laughingthrush,0.8777,psm9,2024,07,10,07
66.0,69.0,Trochalopteron variegatum,Variegated Laughingthrush,0.8192,psm9,2024,07,10,07
69.0,72.0,Trochalopteron variegatum,Variegated Laughingthrush,0.8193,psm9,2024,07,10,07
72.0,75.0,Trochalopteron variegatum,Variegated Laughingthrush,0.7103,psm9,2024,07,10,07
78.0,81.0,Trochalopteron variegatum,Variegated Laughingthrush,0.5111,psm9,2024,07,10,07
81.0,84.0,Trochalopteron variegatum,Variegated Laughingthrush,0.9694,psm9,2024,07,10,07
84.0,87.0,Trochalopteron variegatum,Variegated Laughingthrush,0.979,psm9,2024,07,10,07
87.0,90.0,Trochalopteron variegatum,Variegated Laughingthrush,0.7804,psm9,2024,07,10,07
90.0,93.0,Trochalopteron variegatum,Variegated Laughingthrush,0.7092,psm9,2024,07,10,07
93.0,96.0,Trochalopteron variegatum,Variegated Laughingthrush,0.7379,psm9,2024,07,10,07
96.0,99.0,Trochalopteron variegatum,Variegated Laughingthrush,0.625,psm9,2024,07,10,07
99.0,102.0,Trochalopteron variegatum,Variegated Laughingthrush,0.9471,psm9,2024,07,10,07
102.0,105.0,Trochalopteron variegatum,Variegated Laughingthrush,0.7756,psm9,2024,07,10,07
108.0,111.0,Trochalopteron variegatum,Variegated Laughingthrush,0.9417,psm9,2024,07,10,07
111.0,114.0,Trochalopteron variegatum,Variegated Laughingthrush,0.8866,psm9,2024,07,10,07
114.0,117.0,Trochalopteron variegatum,Variegated Laughingthrush,0.9362,psm9,2024,07,10,07
117.0,120.0,Trochalopteron variegatum,Variegated Laughingthrush,0.7875,psm9,2024,07,10,07
126.0,129.0,Trochalopteron variegatum,Variegated Laughingthrush,0.9442,psm9,2024,07,10,07
165.0,168.0,Trochalopteron variegatum,Variegated Laughingthrush,0.958,psm9,2024,07,10,07
168.0,171.0,Trochalopteron variegatum,Variegated Laughingthrush,0.7441,psm9,2024,07,10,07
189.0,192.0,Pinicola enucleator,Pine Grosbeak,0.6281,psm9,2024,07,10,07
192.0,195.0,Trochalopteron variegatum,Variegated Laughingthrush,0.9453,psm9,2024,07,10,07
711.0,714.0,Luscinia phaenicuroides,White-bellied Redstart,0.5964,psm9,2024,07,10,07
234.0,237.0,Luscinia phaenicuroides,White-bellied Redstart,0.7611,psm9,2024,07,11,05
240.0,243.0,Zosterops lateralis,Silvereye,0.5277,psm9,2024,07,11,05
255.0,258.0,Luscinia phaenicuroides,White-bellied Redstart,0.6974,psm9,2024,07,11,05
264.0,267.0,Luscinia phaenicuroides,White-bellied Redstart,0.7836,psm9,2024,07,11,05
282.0,285.0,Luscinia phaenicuroides,White-bellied Redstart,0.5694,psm9,2024,07,11,05
297.0,300.0,Luscinia phaenicuroides,White-bellied Redstart,0.5772,psm9,2024,07,11,05
0.0,3.0,Phylloscopus magnirostris,Large-billed Leaf Warbler,0.6365,psm9,2024,07,11,06
240.0,243.0,Phylloscopus nitidus,Green Warbler,0.5255,psm9,2024,07,11,06
246.0,249.0,Phylloscopus nitidus,Green Warbler,0.6661,psm9,2024,07,11,06
246.0,249.0,Phylloscopus trochiloides,Greenish Warbler,0.5108,psm9,2024,07,11,06
252.0,255.0,Phylloscopus nitidus,Green Warbler,0.9046,psm9,2024,07,11,06
279.0,282.0,Phylloscopus nitidus,Green Warbler,0.8633,psm9,2024,07,11,06
297.0,300.0,Phylloscopus nitidus,Green Warbler,0.8914,psm9,2024,07,11,06
309.0,312.0,Phylloscopus trochiloides,Greenish Warbler,0.6746,psm9,2024,07,11,06
327.0,330.0,Phylloscopus nitidus,Green Warbler,0.6294,psm9,2024,07,11,06
339.0,342.0,Phylloscopus nitidus,Green Warbler,0.8139,psm9,2024,07,11,06
342.0,345.0,Phylloscopus nitidus,Green Warbler,0.8918,psm9,2024,07,11,06
351.0,354.0,Phylloscopus nitidus,Green Warbler,0.6506,psm9,2024,07,11,06
378.0,381.0,Phylloscopus nitidus,Green Warbler,0.5729,psm9,2024,07,11,06
393.0,396.0,Phylloscopus nitidus,Green Warbler,0.8752,psm9,2024,07,11,06
399.0,402.0,Phylloscopus nitidus,Green Warbler,0.6579,psm9,2024,07,11,06
423.0,426.0,Phylloscopus nitidus,Green Warbler,0.7773,psm9,2024,07,11,06
435.0,438.0,Phylloscopus nitidus,Green Warbler,0.5726,psm9,2024,07,11,06
441.0,444.0,Phylloscopus nitidus,Green Warbler,0.713,psm9,2024,07,11,06
459.0,462.0,Phylloscopus nitidus,Green Warbler,0.9266,psm9,2024,07,11,06
483.0,486.0,Phylloscopus nitidus,Green Warbler,0.8145,psm9,2024,07,11,06
510.0,513.0,Phylloscopus nitidus,Green Warbler,0.69,psm9,2024,07,11,06
519.0,522.0,Phylloscopus nitidus,Green Warbler,0.5623,psm9,2024,07,11,06
531.0,534.0,Phylloscopus nitidus,Green Warbler,0.6421,psm9,2024,07,11,06
534.0,537.0,Phylloscopus nitidus,Green Warbler,0.9402,psm9,2024,07,11,06
555.0,558.0,Phylloscopus nitidus,Green Warbler,0.7926,psm9,2024,07,11,06
585.0,588.0,Phylloscopus nitidus,Green Warbler,0.8104,psm9,2024,07,11,06
594.0,597.0,Phylloscopus nitidus,Green Warbler,0.8008,psm9,2024,07,11,06
612.0,615.0,Phylloscopus nitidus,Green Warbler,0.5761,psm9,2024,07,11,06
618.0,621.0,Phylloscopus nitidus,Green Warbler,0.7623,psm9,2024,07,11,06
657.0,660.0,Phylloscopus nitidus,Green Warbler,0.9481,psm9,2024,07,11,06
675.0,678.0,Phylloscopus nitidus,Green Warbler,0.5539,psm9,2024,07,11,06
678.0,681.0,Phylloscopus nitidus,Green Warbler,0.9487,psm9,2024,07,11,06
696.0,699.0,Phylloscopus nitidus,Green Warbler,0.742,psm9,2024,07,11,06
711.0,714.0,Phylloscopus nitidus,Green Warbler,0.501,psm9,2024,07,11,06
720.0,723.0,Phylloscopus magnirostris,Large-billed Leaf Warbler,0.8271,psm9,2024,07,11,06
726.0,729.0,Phylloscopus nitidus,Green Warbler,0.8832,psm9,2024,07,11,06
726.0,729.0,Phylloscopus trochiloides,Greenish Warbler,0.5782,psm9,2024,07,11,06
732.0,735.0,Phylloscopus nitidus,Green Warbler,0.9685,psm9,2024,07,11,06
741.0,744.0,Phylloscopus nitidus,Green Warbler,0.9503,psm9,2024,07,11,06
744.0,747.0,Phylloscopus tytleri,Tytler's Leaf Warbler,0.5593,psm9,2024,07,11,06
744.0,747.0,Phylloscopus nitidus,Green Warbler,0.5239,psm9,2024,07,11,06
747.0,750.0,Phylloscopus nitidus,Green Warbler,0.8436,psm9,2024,07,11,06
774.0,777.0,Phylloscopus nitidus,Green Warbler,0.8745,psm9,2024,07,11,06
783.0,786.0,Phylloscopus nitidus,Green Warbler,0.8118,psm9,2024,07,11,06
792.0,795.0,Phylloscopus nitidus,Green Warbler,0.9565,psm9,2024,07,11,06
795.0,798.0,Phylloscopus nitidus,Green Warbler,0.9307,psm9,2024,07,11,06
798.0,801.0,Phylloscopus nitidus,Green Warbler,0.6515,psm9,2024,07,11,06
804.0,807.0,Phylloscopus nitidus,Green Warbler,0.5127,psm9,2024,07,11,06
810.0,813.0,Phylloscopus nitidus,Green Warbler,0.5116,psm9,2024,07,11,06
813.0,816.0,Phylloscopus nitidus,Green Warbler,0.8038,psm9,2024,07,11,06
819.0,822.0,Phylloscopus nitidus,Green Warbler,0.7171,psm9,2024,07,11,06
825.0,828.0,Phylloscopus nitidus,Green Warbler,0.9222,psm9,2024,07,11,06
843.0,846.0,Phylloscopus nitidus,Green Warbler,0.9615,psm9,2024,07,11,06
852.0,855.0,Phylloscopus nitidus,Green Warbler,0.9434,psm9,2024,07,11,06
858.0,861.0,Phylloscopus nitidus,Green Warbler,0.6622,psm9,2024,07,11,06
864.0,867.0,Phylloscopus nitidus,Green Warbler,0.9661,psm9,2024,07,11,06
876.0,879.0,Phylloscopus nitidus,Green Warbler,0.5266,psm9,2024,07,11,06
252.0,255.0,Phylloscopus chloronotus,Lemon-rumped Warbler,0.7883,psm9,2024,07,11,07
348.0,351.0,Tiaris olivaceus,Yellow-faced Grassquit,0.5344,psm9,2024,07,11,07
366.0,369.0,Tiaris olivaceus,Yellow-faced Grassquit,0.5057,psm9,2024,07,11,07
447.0,450.0,Trochocercus cyanomelas,African Crested-Flycatcher,0.8062,psm9,2024,07,11,07
447.0,450.0,Hypothymis azurea,Black-naped Monarch,0.7272,psm9,2024,07,11,07
504.0,507.0,Turdus iliacus,Redwing,0.5138,psm9,2024,07,11,07
546.0,549.0,Vireo flavifrons,Yellow-throated Vireo,0.7667,psm9,2024,07,11,07
597.0,600.0,Cyclarhis gujanensis,Rufous-browed Peppershrike,0.6639,psm9,2024,07,11,07
630.0,633.0,Trochalopteron variegatum,Variegated Laughingthrush,0.7457,psm9,2024,07,11,07
639.0,642.0,Trochalopteron variegatum,Variegated Laughingthrush,0.8583,psm9,2024,07,11,07
663.0,666.0,Trochalopteron affine,Black-faced Laughingthrush,0.523,psm9,2024,07,11,07
738.0,741.0,Coracina macei,Large Cuckooshrike,0.5981,psm9,2024,07,11,07
738.0,741.0,Trochalopteron variegatum,Variegated Laughingthrush,0.5769,psm9,2024,07,11,07
750.0,753.0,Trochalopteron variegatum,Variegated Laughingthrush,0.808,psm9,2024,07,11,07
756.0,759.0,Trochalopteron variegatum,Variegated Laughingthrush,0.6497,psm9,2024,07,11,07
768.0,771.0,Trochalopteron variegatum,Variegated Laughingthrush,0.5374,psm9,2024,07,11,07
816.0,819.0,Trochalopteron variegatum,Variegated Laughingthrush,0.8676,psm9,2024,07,11,07
840.0,843.0,Trochalopteron variegatum,Variegated Laughingthrush,0.9687,psm9,2024,07,11,07
840.0,843.0,Trochalopteron morrisonianum,White-whiskered Laughingthrush,0.7152,psm9,2024,07,11,07
840.0,843.0,Pitangus sulphuratus,Great Kiskadee,0.5246,psm9,2024,07,11,07
846.0,849.0,Trochalopteron variegatum,Variegated Laughingthrush,0.5943,psm9,2024,07,11,07
849.0,852.0,Trochalopteron variegatum,Variegated Laughingthrush,0.5892,psm9,2024,07,11,07
852.0,855.0,Trochalopteron variegatum,Variegated Laughingthrush,0.721,psm9,2024,07,11,07
855.0,858.0,Trochalopteron variegatum,Variegated Laughingthrush,0.7163,psm9,2024,07,11,07
861.0,864.0,Trochalopteron variegatum,Variegated Laughingthrush,0.5114,psm9,2024,07,11,07
867.0,870.0,Trochalopteron variegatum,Variegated Laughingthrush,0.77,psm9,2024,07,11,07
870.0,873.0,Trochalopteron variegatum,Variegated Laughingthrush,0.9459,psm9,2024,07,11,07
876.0,879.0,Trochalopteron variegatum,Variegated Laughingthrush,0.7987,psm9,2024,07,11,07
879.0,882.0,Trochalopteron variegatum,Variegated Laughingthrush,0.5709,psm9,2024,07,11,07
882.0,885.0,Trochalopteron variegatum,Variegated Laughingthrush,0.6307,psm9,2024,07,11,07
885.0,888.0,Trochalopteron variegatum,Variegated Laughingthrush,0.7274,psm9,2024,07,11,07
888.0,891.0,Piranga bidentata,Flame-colored Tanager,0.7543,psm9,2024,07,11,07
891.0,894.0,Trochalopteron variegatum,Variegated Laughingthrush,0.7563,psm9,2024,07,11,07
894.0,897.0,Trochalopteron variegatum,Variegated Laughingthrush,0.5282,psm9,2024,07,11,07
81.0,84.0,Phylloscopus magnirostris,Large-billed Leaf Warbler,0.594,psm9,2024,07,12,05
84.0,87.0,Phylloscopus magnirostris,Large-billed Leaf Warbler,0.7196,psm9,2024,07,12,05
282.0,285.0,Tarsiger rufilatus,Himalayan Bluetail,0.5523,psm9,2024,07,12,05
306.0,309.0,Zosterops maderaspatanus,Malagasy White-eye,0.5539,psm9,2024,07,12,05
366.0,369.0,Tarsiger rufilatus,Himalayan Bluetail,0.5642,psm9,2024,07,12,05
372.0,375.0,Tarsiger rufilatus,Himalayan Bluetail,0.7109,psm9,2024,07,12,05
381.0,384.0,Tarsiger rufilatus,Himalayan Bluetail,0.5548,psm9,2024,07,12,05
396.0,399.0,Zosterops maderaspatanus,Malagasy White-eye,0.6548,psm9,2024,07,12,05
402.0,405.0,Zosterops maderaspatanus,Malagasy White-eye,0.6428,psm9,2024,07,12,05
411.0,414.0,Tarsiger rufilatus,Himalayan Bluetail,0.6888,psm9,2024,07,12,05
735.0,738.0,Coccothraustes coccothraustes,Hawfinch,0.5701,psm9,2024,07,12,05
801.0,804.0,Phylloscopus nitidus,Green Warbler,0.6542,psm9,2024,07,12,05
318.0,321.0,Phylloscopus nitidus,Green Warbler,0.681,psm9,2024,07,12,06
447.0,450.0,Phylloscopus nitidus,Green Warbler,0.6192,psm9,2024,07,12,06
561.0,564.0,Phylloscopus nitidus,Green Warbler,0.7601,psm9,2024,07,12,06
615.0,618.0,Pinicola enucleator,Pine Grosbeak,0.5414,psm9,2024,07,12,06
9.0,12.0,Tringa erythropus,Spotted Redshank,0.9066,psm9,2024,07,12,07
15.0,18.0,Charadrius semipalmatus,Semipalmated Plover,0.5648,psm9,2024,07,12,07
33.0,36.0,Trochalopteron variegatum,Variegated Laughingthrush,0.6746,psm9,2024,07,12,07
60.0,63.0,Palmeria dolei,Akohekohe,0.5359,psm9,2024,07,12,07
66.0,69.0,Phylloscopus tytleri,Tytler's Leaf Warbler,0.5497,psm9,2024,07,12,07
81.0,84.0,Phylloscopus nitidus,Green Warbler,0.5191,psm9,2024,07,12,07
84.0,87.0,Phylloscopus nitidus,Green Warbler,0.5379,psm9,2024,07,12,07
90.0,93.0,Phylloscopus nitidus,Green Warbler,0.9918,psm9,2024,07,12,07
96.0,99.0,Phylloscopus nitidus,Green Warbler,0.6632,psm9,2024,07,12,07
102.0,105.0,Phylloscopus nitidus,Green Warbler,0.5916,psm9,2024,07,12,07
156.0,159.0,Phylloscopus nitidus,Green Warbler,0.9452,psm9,2024,07,12,07
177.0,180.0,Phylloscopus nitidus,Green Warbler,0.8059,psm9,2024,07,12,07
177.0,180.0,Phylloscopus trochiloides,Greenish Warbler,0.5605,psm9,2024,07,12,07
186.0,189.0,Phylloscopus nitidus,Green Warbler,0.8715,psm9,2024,07,12,07
207.0,210.0,Phylloscopus nitidus,Green Warbler,0.887,psm9,2024,07,12,07
216.0,219.0,Phylloscopus nitidus,Green Warbler,0.7644,psm9,2024,07,12,07
219.0,222.0,Phylloscopus nitidus,Green Warbler,0.7908,psm9,2024,07,12,07
267.0,270.0,Phylloscopus humei,Hume's Warbler,0.9472,psm9,2024,07,12,07
303.0,306.0,Setophaga pitiayumi,Tropical Parula,0.6346,psm9,2024,07,12,07
321.0,324.0,Troglodytes pacificus,Pacific Wren,0.7741,psm9,2024,07,12,07
333.0,336.0,Troglodytes pacificus,Pacific Wren,0.9073,psm9,2024,07,12,07
342.0,345.0,Troglodytes pacificus,Pacific Wren,0.7003,psm9,2024,07,12,07
348.0,351.0,Loxigilla noctis,Lesser Antillean Bullfinch,0.5102,psm9,2024,07,12,07
351.0,354.0,Troglodytes pacificus,Pacific Wren,0.9253,psm9,2024,07,12,07
354.0,357.0,Setophaga ruticilla,American Redstart,0.6215,psm9,2024,07,12,07
363.0,366.0,Troglodytes pacificus,Pacific Wren,0.7751,psm9,2024,07,12,07
375.0,378.0,Troglodytes pacificus,Pacific Wren,0.5985,psm9,2024,07,12,07
408.0,411.0,Phylloscopus nitidus,Green Warbler,0.7916,psm9,2024,07,12,07
504.0,507.0,Phylloscopus nitidus,Green Warbler,0.6566,psm9,2024,07,12,07
525.0,528.0,Phylloscopus nitidus,Green Warbler,0.6645,psm9,2024,07,12,07
528.0,531.0,Phylloscopus nitidus,Green Warbler,0.7192,psm9,2024,07,12,07
534.0,537.0,Phylloscopus nitidus,Green Warbler,0.9404,psm9,2024,07,12,07
540.0,543.0,Phylloscopus nitidus,Green Warbler,0.9591,psm9,2024,07,12,07
549.0,552.0,Phylloscopus nitidus,Green Warbler,0.5909,psm9,2024,07,12,07
555.0,558.0,Phylloscopus nitidus,Green Warbler,0.75,psm9,2024,07,12,07
561.0,564.0,Phylloscopus nitidus,Green Warbler,0.5215,psm9,2024,07,12,07
591.0,594.0,Phylloscopus nitidus,Green Warbler,0.526,psm9,2024,07,12,07
594.0,597.0,Phylloscopus nitidus,Green Warbler,0.549,psm9,2024,07,12,07
633.0,636.0,Phylloscopus nitidus,Green Warbler,0.6583,psm9,2024,07,12,07
639.0,642.0,Phylloscopus nitidus,Green Warbler,0.9313,psm9,2024,07,12,07
648.0,651.0,Phylloscopus nitidus,Green Warbler,0.6039,psm9,2024,07,12,07
756.0,759.0,Phylloscopus nitidus,Green Warbler,0.6586,psm9,2024,07,12,07
768.0,771.0,Phylloscopus nitidus,Green Warbler,0.7462,psm9,2024,07,12,07
774.0,777.0,Phylloscopus nitidus,Green Warbler,0.5031,psm9,2024,07,12,07
780.0,783.0,Phylloscopus nitidus,Green Warbler,0.5503,psm9,2024,07,12,07
789.0,792.0,Phylloscopus nitidus,Green Warbler,0.6532,psm9,2024,07,12,07
795.0,798.0,Phylloscopus nitidus,Green Warbler,0.5812,psm9,2024,07,12,07
801.0,804.0,Phylloscopus nitidus,Green Warbler,0.6616,psm9,2024,07,12,07
819.0,822.0,Phylloscopus nitidus,Green Warbler,0.7719,psm9,2024,07,12,07
825.0,828.0,Phylloscopus nitidus,Green Warbler,0.7884,psm9,2024,07,12,07
888.0,891.0,Phylloscopus trochiloides,Greenish Warbler,0.8404,psm9,2024,07,12,07
897.0,900.0,Phylloscopus trochiloides,Greenish Warbler,0.6039,psm9,2024,07,12,07
633.0,636.0,Trochalopteron variegatum,Variegated Laughingthrush,0.6491,psm9,2024,07,13,05
801.0,804.0,Tarsiger rufilatus,Himalayan Bluetail,0.8413,psm9,2024,07,13,05
0.0,3.0,Phylloscopus tytleri,Tytler's Leaf Warbler,0.6797,psm9,2024,07,13,06
3.0,6.0,Phylloscopus nitidus,Green Warbler,0.761,psm9,2024,07,13,06
12.0,15.0,Phylloscopus nitidus,Green Warbler,0.5202,psm9,2024,07,13,06
21.0,24.0,Phylloscopus nitidus,Green Warbler,0.5564,psm9,2024,07,13,06
33.0,36.0,Phylloscopus nitidus,Green Warbler,0.9399,psm9,2024,07,13,06
42.0,45.0,Phylloscopus nitidus,Green Warbler,0.8986,psm9,2024,07,13,06
57.0,60.0,Phylloscopus nitidus,Green Warbler,0.556,psm9,2024,07,13,06
93.0,96.0,Phylloscopus nitidus,Green Warbler,0.8445,psm9,2024,07,13,06
93.0,96.0,Phylloscopus trochiloides,Greenish Warbler,0.527,psm9,2024,07,13,06
600.0,603.0,Phylloscopus nitidus,Green Warbler,0.6775,psm9,2024,07,13,06
615.0,618.0,Phylloscopus nitidus,Green Warbler,0.9173,psm9,2024,07,13,06
648.0,651.0,Phylloscopus nitidus,Green Warbler,0.7836,psm9,2024,07,13,06
648.0,651.0,Phylloscopus trochiloides,Greenish Warbler,0.6668,psm9,2024,07,13,06
819.0,822.0,Phylloscopus nitidus,Green Warbler,0.6188,psm9,2024,07,13,06
843.0,846.0,Phylloscopus nitidus,Green Warbler,0.5065,psm9,2024,07,13,06
864.0,867.0,Phylloscopus tytleri,Tytler's Leaf Warbler,0.5967,psm9,2024,07,13,06
45.0,48.0,Phylloscopus nitidus,Green Warbler,0.6597,psm9,2024,07,13,07
54.0,57.0,Phylloscopus nitidus,Green Warbler,0.9706,psm9,2024,07,13,07
144.0,147.0,Phylloscopus nitidus,Green Warbler,0.894,psm9,2024,07,13,07
186.0,189.0,Phylloscopus nitidus,Green Warbler,0.5356,psm9,2024,07,13,07
204.0,207.0,Trochalopteron elliotii,Elliot's Laughingthrush,0.9545,psm9,2024,07,13,07
312.0,315.0,Calidris alpina,Dunlin,0.8546,psm9,2024,07,13,07
315.0,318.0,Calidris alpina,Dunlin,0.5966,psm9,2024,07,13,07
546.0,549.0,Troglodytes pacificus,Pacific Wren,0.7627,psm9,2024,07,13,07
585.0,588.0,Troglodytes pacificus,Pacific Wren,0.744,psm9,2024,07,13,07
597.0,600.0,Troglodytes pacificus,Pacific Wren,0.6072,psm9,2024,07,13,07
693.0,696.0,Zosterops palpebrosus,Indian White-eye,0.6095,psm9,2024,07,13,07
63.0,66.0,Tarsiger indicus,White-browed Bush-Robin,0.5901,psm9,2024,07,14,05
597.0,600.0,Trochalopteron variegatum,Variegated Laughingthrush,0.5836,psm9,2024,07,14,05
603.0,606.0,Trochalopteron variegatum,Variegated Laughingthrush,0.7414,psm9,2024,07,14,05
609.0,612.0,Trochalopteron variegatum,Variegated Laughingthrush,0.779,psm9,2024,07,14,05
615.0,618.0,Trochalopteron variegatum,Variegated Laughingthrush,0.952,psm9,2024,07,14,05
618.0,621.0,Trochalopteron variegatum,Variegated Laughingthrush,0.816,psm9,2024,07,14,05
630.0,633.0,Trochalopteron variegatum,Variegated Laughingthrush,0.7691,psm9,2024,07,14,05
636.0,639.0,Trochalopteron variegatum,Variegated Laughingthrush,0.8871,psm9,2024,07,14,05
0.0,3.0,Luscinia phaenicuroides,White-bellied Redstart,0.9735,psm9,2024,07,14,06
6.0,9.0,Luscinia phaenicuroides,White-bellied Redstart,0.9524,psm9,2024,07,14,06
12.0,15.0,Luscinia phaenicuroides,White-bellied Redstart,0.9944,psm9,2024,07,14,06
18.0,21.0,Luscinia phaenicuroides,White-bellied Redstart,0.6889,psm9,2024,07,14,06
24.0,27.0,Luscinia phaenicuroides,White-bellied Redstart,0.6942,psm9,2024,07,14,06
27.0,30.0,Luscinia phaenicuroides,White-bellied Redstart,0.8893,psm9,2024,07,14,06
27.0,30.0,Zosterops lateralis,Silvereye,0.8808,psm9,2024,07,14,06
30.0,33.0,Luscinia phaenicuroides,White-bellied Redstart,0.9351,psm9,2024,07,14,06
39.0,42.0,Luscinia phaenicuroides,White-bellied Redstart,0.9721,psm9,2024,07,14,06
48.0,51.0,Luscinia phaenicuroides,White-bellied Redstart,0.983,psm9,2024,07,14,06
57.0,60.0,Luscinia phaenicuroides,White-bellied Redstart,0.9976,psm9,2024,07,14,06
63.0,66.0,Luscinia phaenicuroides,White-bellied Redstart,0.5965,psm9,2024,07,14,06
66.0,69.0,Luscinia phaenicuroides,White-bellied Redstart,0.5042,psm9,2024,07,14,06
72.0,75.0,Luscinia phaenicuroides,White-bellied Redstart,0.9734,psm9,2024,07,14,06
78.0,81.0,Luscinia phaenicuroides,White-bellied Redstart,0.9921,psm9,2024,07,14,06
87.0,90.0,Luscinia phaenicuroides,White-bellied Redstart,0.987,psm9,2024,07,14,06
93.0,96.0,Luscinia phaenicuroides,White-bellied Redstart,0.9893,psm9,2024,07,14,06
111.0,114.0,Luscinia phaenicuroides,White-bellied Redstart,0.9527,psm9,2024,07,14,06
114.0,117.0,Luscinia phaenicuroides,White-bellied Redstart,0.7666,psm9,2024,07,14,06
123.0,126.0,Luscinia phaenicuroides,White-bellied Redstart,0.6535,psm9,2024,07,14,06
126.0,129.0,Luscinia phaenicuroides,White-bellied Redstart,0.8358,psm9,2024,07,14,06
153.0,156.0,Luscinia phaenicuroides,White-bellied Redstart,0.9262,psm9,2024,07,14,06
159.0,162.0,Luscinia phaenicuroides,White-bellied Redstart,0.7376,psm9,2024,07,14,06
162.0,165.0,Luscinia phaenicuroides,White-bellied Redstart,0.8053,psm9,2024,07,14,06
171.0,174.0,Luscinia phaenicuroides,White-bellied Redstart,0.9889,psm9,2024,07,14,06
189.0,192.0,Luscinia phaenicuroides,White-bellied Redstart,0.9708,psm9,2024,07,14,06
219.0,222.0,Luscinia phaenicuroides,White-bellied Redstart,0.7758,psm9,2024,07,14,06
231.0,234.0,Luscinia phaenicuroides,White-bellied Redstart,0.5328,psm9,2024,07,14,06
255.0,258.0,Luscinia phaenicuroides,White-bellied Redstart,0.7984,psm9,2024,07,14,06
273.0,276.0,Luscinia phaenicuroides,White-bellied Redstart,0.7298,psm9,2024,07,14,06
282.0,285.0,Luscinia phaenicuroides,White-bellied Redstart,0.8532,psm9,2024,07,14,06
297.0,300.0,Luscinia phaenicuroides,White-bellied Redstart,0.5661,psm9,2024,07,14,06
315.0,318.0,Luscinia phaenicuroides,White-bellied Redstart,0.5466,psm9,2024,07,14,06
387.0,390.0,Luscinia phaenicuroides,White-bellied Redstart,0.9345,psm9,2024,07,14,06
399.0,402.0,Luscinia phaenicuroides,White-bellied Redstart,0.8902,psm9,2024,07,14,06
411.0,414.0,Luscinia phaenicuroides,White-bellied Redstart,0.956,psm9,2024,07,14,06
423.0,426.0,Luscinia phaenicuroides,White-bellied Redstart,0.7931,psm9,2024,07,14,06
228.0,231.0,Phylloscopus humei,Hume's Warbler,0.835,psm9,2024,07,14,07
297.0,300.0,Coccothraustes coccothraustes,Hawfinch,0.5441,psm9,2024,07,14,07
360.0,363.0,Muscicapa striata,Spotted Flycatcher,0.7057,psm9,2024,07,14,07
642.0,645.0,Calidris alpina,Dunlin,0.562,psm9,2024,07,14,07
774.0,777.0,Erithacus rubecula,European Robin,0.5862,psm9,2024,07,14,07
54.0,57.0,Tarsiger indicus,White-browed Bush-Robin,0.716,psm9,2024,07,15,05
516.0,519.0,Tarsiger indicus,White-browed Bush-Robin,0.8233,psm9,2024,07,15,05
555.0,558.0,Phylloscopus bonelli,Western Bonelli's Warbler,0.9432,psm9,2024,07,15,05
828.0,831.0,Phylloscopus nitidus,Green Warbler,0.5561,psm9,2024,07,15,05
834.0,837.0,Phylloscopus trochiloides,Greenish Warbler,0.7728,psm9,2024,07,15,05
837.0,840.0,Phylloscopus trochiloides,Greenish Warbler,0.6218,psm9,2024,07,15,05
39.0,42.0,Cissopis leverianus,Magpie Tanager,0.7318,psm9,2024,07,15,06
336.0,339.0,Passer domesticus,House Sparrow,0.5195,psm9,2024,07,15,06
444.0,447.0,Phylloscopus nitidus,Green Warbler,0.7434,psm9,2024,07,15,06
477.0,480.0,Phylloscopus nitidus,Green Warbler,0.5887,psm9,2024,07,15,06
492.0,495.0,Tarsiger rufilatus,Himalayan Bluetail,0.7698,psm9,2024,07,15,06
492.0,495.0,Phylloscopus nitidus,Green Warbler,0.5426,psm9,2024,07,15,06
510.0,513.0,Phylloscopus nitidus,Green Warbler,0.5012,psm9,2024,07,15,06
552.0,555.0,Turdus philomelos,Song Thrush,0.6146,psm9,2024,07,15,06
564.0,567.0,Phylloscopus nitidus,Green Warbler,0.7756,psm9,2024,07,15,06
591.0,594.0,Phylloscopus nitidus,Green Warbler,0.8856,psm9,2024,07,15,06
606.0,609.0,Phylloscopus nitidus,Green Warbler,0.9709,psm9,2024,07,15,06
687.0,690.0,Spinus tristis,American Goldfinch,0.7928,psm9,2024,07,15,06
714.0,717.0,Phylloscopus nitidus,Green Warbler,0.7618,psm9,2024,07,15,06
720.0,723.0,Phylloscopus nitidus,Green Warbler,0.7218,psm9,2024,07,15,06
720.0,723.0,Phylloscopus tytleri,Tytler's Leaf Warbler,0.6509,psm9,2024,07,15,06
729.0,732.0,Phylloscopus nitidus,Green Warbler,0.7592,psm9,2024,07,15,06
747.0,750.0,Phylloscopus nitidus,Green Warbler,0.9481,psm9,2024,07,15,06
750.0,753.0,Phylloscopus nitidus,Green Warbler,0.9485,psm9,2024,07,15,06
750.0,753.0,Phylloscopus trochiloides,Greenish Warbler,0.5332,psm9,2024,07,15,06
768.0,771.0,Phylloscopus reguloides,Blyth's Leaf Warbler,0.6507,psm9,2024,07,15,06
792.0,795.0,Phylloscopus nitidus,Green Warbler,0.714,psm9,2024,07,15,06
816.0,819.0,Periparus ater,Coal Tit,0.5601,psm9,2024,07,15,06
822.0,825.0,Phylloscopus nitidus,Green Warbler,0.7606,psm9,2024,07,15,06
831.0,834.0,Phylloscopus nitidus,Green Warbler,0.7731,psm9,2024,07,15,06
837.0,840.0,Phylloscopus tytleri,Tytler's Leaf Warbler,0.5363,psm9,2024,07,15,06
843.0,846.0,Periparus ater,Coal Tit,0.509,psm9,2024,07,15,06
849.0,852.0,Periparus rufonuchalis,Rufous-naped Tit,0.9063,psm9,2024,07,15,06
0.0,3.0,Trochalopteron variegatum,Variegated Laughingthrush,0.8785,psm9,2024,07,15,07
6.0,9.0,Trochalopteron variegatum,Variegated Laughingthrush,0.5275,psm9,2024,07,15,07
9.0,12.0,Trochalopteron variegatum,Variegated Laughingthrush,0.8839,psm9,2024,07,15,07
12.0,15.0,Trochalopteron variegatum,Variegated Laughingthrush,0.6041,psm9,2024,07,15,07
15.0,18.0,Trochalopteron variegatum,Variegated Laughingthrush,0.6287,psm9,2024,07,15,07
24.0,27.0,Trochalopteron variegatum,Variegated Laughingthrush,0.8171,psm9,2024,07,15,07
33.0,36.0,Trochalopteron variegatum,Variegated Laughingthrush,0.5947,psm9,2024,07,15,07
57.0,60.0,Trochalopteron variegatum,Variegated Laughingthrush,0.6081,psm9,2024,07,15,07
60.0,63.0,Trochalopteron variegatum,Variegated Laughingthrush,0.8989,psm9,2024,07,15,07
63.0,66.0,Trochalopteron variegatum,Variegated Laughingthrush,0.772,psm9,2024,07,15,07
72.0,75.0,Trochalopteron variegatum,Variegated Laughingthrush,0.8981,psm9,2024,07,15,07
78.0,81.0,Trochalopteron variegatum,Variegated Laughingthrush,0.5859,psm9,2024,07,15,07
81.0,84.0,Trochalopteron variegatum,Variegated Laughingthrush,0.881,psm9,2024,07,15,07
84.0,87.0,Trochalopteron variegatum,Variegated Laughingthrush,0.9465,psm9,2024,07,15,07
87.0,90.0,Trochalopteron variegatum,Variegated Laughingthrush,0.8757,psm9,2024,07,15,07
93.0,96.0,Trochalopteron variegatum,Variegated Laughingthrush,0.7103,psm9,2024,07,15,07
96.0,99.0,Trochalopteron variegatum,Variegated Laughingthrush,0.9229,psm9,2024,07,15,07
108.0,111.0,Trochalopteron variegatum,Variegated Laughingthrush,0.7136,psm9,2024,07,15,07
111.0,114.0,Trochalopteron variegatum,Variegated Laughingthrush,0.5934,psm9,2024,07,15,07
114.0,117.0,Trochalopteron variegatum,Variegated Laughingthrush,0.9863,psm9,2024,07,15,07
120.0,123.0,Trochalopteron variegatum,Variegated Laughingthrush,0.6944,psm9,2024,07,15,07
132.0,135.0,Trochalopteron variegatum,Variegated Laughingthrush,0.7447,psm9,2024,07,15,07
141.0,144.0,Trochalopteron variegatum,Variegated Laughingthrush,0.9699,psm9,2024,07,15,07
144.0,147.0,Trochalopteron variegatum,Variegated Laughingthrush,0.8788,psm9,2024,07,15,07
147.0,150.0,Trochalopteron variegatum,Variegated Laughingthrush,0.9453,psm9,2024,07,15,07
150.0,153.0,Trochalopteron variegatum,Variegated Laughingthrush,0.8367,psm9,2024,07,15,07
153.0,156.0,Trochalopteron variegatum,Variegated Laughingthrush,0.8224,psm9,2024,07,15,07
156.0,159.0,Trochalopteron variegatum,Variegated Laughingthrush,0.8906,psm9,2024,07,15,07
162.0,165.0,Trochalopteron variegatum,Variegated Laughingthrush,0.9685,psm9,2024,07,15,07
168.0,171.0,Trochalopteron variegatum,Variegated Laughingthrush,0.898,psm9,2024,07,15,07
174.0,177.0,Trochalopteron variegatum,Variegated Laughingthrush,0.552,psm9,2024,07,15,07
180.0,183.0,Trochalopteron variegatum,Variegated Laughingthrush,0.8215,psm9,2024,07,15,07
195.0,198.0,Trochalopteron variegatum,Variegated Laughingthrush,0.9946,psm9,2024,07,15,07
198.0,201.0,Trochalopteron variegatum,Variegated Laughingthrush,0.9968,psm9,2024,07,15,07
201.0,204.0,Trochalopteron variegatum,Variegated Laughingthrush,0.9441,psm9,2024,07,15,07
204.0,207.0,Trochalopteron variegatum,Variegated Laughingthrush,0.9107,psm9,2024,07,15,07
207.0,210.0,Trochalopteron variegatum,Variegated Laughingthrush,0.9554,psm9,2024,07,15,07
612.0,615.0,Tringa erythropus,Spotted Redshank,0.6103,psm9,2024,07,15,07
750.0,753.0,Pycnonotus jocosus,Red-whiskered Bulbul,0.5177,psm9,2024,07,15,07
861.0,864.0,Prunella strophiata,Rufous-breasted Accentor,0.6877,psm9,2024,07,15,07
648.0,651.0,Tringa glareola,Wood Sandpiper,0.8717,psm9,2024,07,16,04
3.0,6.0,Carpodacus rubicilloides,Streaked Rosefinch,0.5452,psm9,2024,07,16,05
24.0,27.0,Vireo flavifrons,Yellow-throated Vireo,0.5329,psm9,2024,07,16,05
129.0,132.0,Phylloscopus humei,Hume's Warbler,0.6907,psm9,2024,07,16,06
222.0,225.0,Trochalopteron variegatum,Variegated Laughingthrush,0.5584,psm9,2024,07,16,06
228.0,231.0,Trochalopteron variegatum,Variegated Laughingthrush,0.9052,psm9,2024,07,16,06
243.0,246.0,Trochalopteron variegatum,Variegated Laughingthrush,0.8861,psm9,2024,07,16,06
249.0,252.0,Trochalopteron variegatum,Variegated Laughingthrush,0.7458,psm9,2024,07,16,06
252.0,255.0,Trochalopteron variegatum,Variegated Laughingthrush,0.6253,psm9,2024,07,16,06
261.0,264.0,Trochalopteron variegatum,Variegated Laughingthrush,0.528,psm9,2024,07,16,06
276.0,279.0,Trochalopteron variegatum,Variegated Laughingthrush,0.9688,psm9,2024,07,16,06
282.0,285.0,Trochalopteron variegatum,Variegated Laughingthrush,0.7931,psm9,2024,07,16,06
285.0,288.0,Trochalopteron variegatum,Variegated Laughingthrush,0.6745,psm9,2024,07,16,06
321.0,324.0,Trochalopteron erythrocephalum,Chestnut-crowned Laughingthrush,0.7258,psm9,2024,07,16,06
531.0,534.0,Calidris alpina,Dunlin,0.5434,psm9,2024,07,16,06
573.0,576.0,Lathrotriccus euleri,Euler's Flycatcher,0.5768,psm9,2024,07,16,06
666.0,669.0,Fringilla coelebs,Common Chaffinch,0.5241,psm9,2024,07,16,06
804.0,807.0,Zonotrichia capensis,Rufous-collared Sparrow,0.5023,psm9,2024,07,16,06
852.0,855.0,Carpodacus erythrinus,Common Rosefinch,0.7566,psm9,2024,07,16,06
12.0,15.0,Phylloscopus nitidus,Green Warbler,0.9554,psm9,2024,07,16,07
39.0,42.0,Phylloscopus nitidus,Green Warbler,0.8755,psm9,2024,07,16,07
39.0,42.0,Phylloscopus trochiloides,Greenish Warbler,0.5074,psm9,2024,07,16,07
51.0,54.0,Phylloscopus nitidus,Green Warbler,0.9645,psm9,2024,07,16,07
54.0,57.0,Phylloscopus nitidus,Green Warbler,0.8981,psm9,2024,07,16,07
54.0,57.0,Phylloscopus trochiloides,Greenish Warbler,0.7085,psm9,2024,07,16,07
60.0,63.0,Phylloscopus nitidus,Green Warbler,0.9412,psm9,2024,07,16,07
69.0,72.0,Phylloscopus nitidus,Green Warbler,0.6239,psm9,2024,07,16,07
72.0,75.0,Phylloscopus nitidus,Green Warbler,0.9806,psm9,2024,07,16,07
81.0,84.0,Phylloscopus nitidus,Green Warbler,0.6849,psm9,2024,07,16,07
84.0,87.0,Phylloscopus nitidus,Green Warbler,0.564,psm9,2024,07,16,07
93.0,96.0,Phylloscopus nitidus,Green Warbler,0.6381,psm9,2024,07,16,07
99.0,102.0,Phylloscopus nitidus,Green Warbler,0.9671,psm9,2024,07,16,07
99.0,102.0,Phylloscopus trochiloides,Greenish Warbler,0.506,psm9,2024,07,16,07
183.0,186.0,Tringa erythropus,Spotted Redshank,0.9939,psm9,2024,07,16,07
195.0,198.0,Mareca penelope,Eurasian Wigeon,0.5296,psm9,2024,07,16,07
327.0,330.0,Lullula arborea,Wood Lark,0.5107,psm9,2024,07,16,07
855.0,858.0,Coccothraustes vespertinus,Evening Grosbeak,0.627,psm9,2024,07,16,07
693.0,696.0,Charadrius dubius,Little Ringed Plover,0.7267,psm9,2024,07,17,05
708.0,711.0,Charadrius dubius,Little Ringed Plover,0.7647,psm9,2024,07,17,05
756.0,759.0,Carpodacus rubicilloides,Streaked Rosefinch,0.5065,psm9,2024,07,17,05
825.0,828.0,Phylloscopus trochiloides,Greenish Warbler,0.7581,psm9,2024,07,17,05
30.0,33.0,Tringa erythropus,Spotted Redshank,0.728,psm9,2024,07,17,06
33.0,36.0,Tringa erythropus,Spotted Redshank,0.6976,psm9,2024,07,17,06
204.0,207.0,Erithacus rubecula,European Robin,0.6319,psm9,2024,07,17,06
402.0,405.0,Carpodacus erythrinus,Common Rosefinch,0.6578,psm9,2024,07,17,06
411.0,414.0,Zonotrichia capensis,Rufous-collared Sparrow,0.6938,psm9,2024,07,17,06
423.0,426.0,Carpodacus erythrinus,Common Rosefinch,0.501,psm9,2024,07,17,06
42.0,45.0,Carpodacus erythrinus,Common Rosefinch,0.6666,psm9,2024,07,17,07
60.0,63.0,Carpodacus erythrinus,Common Rosefinch,0.847,psm9,2024,07,17,07
219.0,222.0,Tringa ochropus,Green Sandpiper,0.946,psm9,2024,07,17,07
465.0,468.0,Carpodacus erythrinus,Common Rosefinch,0.602,psm9,2024,07,17,07
492.0,495.0,Carpodacus erythrinus,Common Rosefinch,0.8577,psm9,2024,07,17,07
498.0,501.0,Carpodacus erythrinus,Common Rosefinch,0.8236,psm9,2024,07,17,07
507.0,510.0,Carpodacus erythrinus,Common Rosefinch,0.8343,psm9,2024,07,17,07
513.0,516.0,Carpodacus erythrinus,Common Rosefinch,0.8575,psm9,2024,07,17,07
525.0,528.0,Carpodacus erythrinus,Common Rosefinch,0.8547,psm9,2024,07,17,07
540.0,543.0,Carpodacus erythrinus,Common Rosefinch,0.7059,psm9,2024,07,17,07
546.0,549.0,Carpodacus erythrinus,Common Rosefinch,0.8836,psm9,2024,07,17,07
648.0,651.0,Tringa totanus,Common Redshank,0.5187,psm9,2024,07,17,07
489.0,492.0,Palmeria dolei,Akohekohe,0.609,psm9,2024,07,18,05
852.0,855.0,Tarsiger indicus,White-browed Bush-Robin,0.5274,psm9,2024,07,18,05
66.0,69.0,Carpodacus erythrinus,Common Rosefinch,0.7698,psm9,2024,07,18,06
132.0,135.0,Luscinia phaenicuroides,White-bellied Redstart,0.8277,psm9,2024,07,18,06
135.0,138.0,Vireo plumbeus,Plumbeous Vireo,0.7252,psm9,2024,07,18,06
204.0,207.0,Luscinia phaenicuroides,White-bellied Redstart,0.88,psm9,2024,07,18,06
222.0,225.0,Luscinia phaenicuroides,White-bellied Redstart,0.8645,psm9,2024,07,18,06
285.0,288.0,Carpodacus erythrinus,Common Rosefinch,0.7155,psm9,2024,07,18,06
300.0,303.0,Carpodacus erythrinus,Common Rosefinch,0.7343,psm9,2024,07,18,06
342.0,345.0,Phylloscopus nitidus,Green Warbler,0.8876,psm9,2024,07,18,06
354.0,357.0,Phylloscopus nitidus,Green Warbler,0.7726,psm9,2024,07,18,06
357.0,360.0,Phylloscopus nitidus,Green Warbler,0.8919,psm9,2024,07,18,06
393.0,396.0,Phylloscopus nitidus,Green Warbler,0.7169,psm9,2024,07,18,06
396.0,399.0,Phylloscopus nitidus,Green Warbler,0.6249,psm9,2024,07,18,06
423.0,426.0,Phylloscopus nitidus,Green Warbler,0.609,psm9,2024,07,18,06
432.0,435.0,Phylloscopus nitidus,Green Warbler,0.6712,psm9,2024,07,18,06
441.0,444.0,Phylloscopus nitidus,Green Warbler,0.7509,psm9,2024,07,18,06
444.0,447.0,Phylloscopus nitidus,Green Warbler,0.6858,psm9,2024,07,18,06
480.0,483.0,Caprimulgus europaeus,Eurasian Nightjar,0.5443,psm9,2024,07,18,06
486.0,489.0,Phylloscopus nitidus,Green Warbler,0.9857,psm9,2024,07,18,06
489.0,492.0,Phylloscopus nitidus,Green Warbler,0.7809,psm9,2024,07,18,06
504.0,507.0,Phylloscopus nitidus,Green Warbler,0.549,psm9,2024,07,18,06
513.0,516.0,Phylloscopus nitidus,Green Warbler,0.7157,psm9,2024,07,18,06
516.0,519.0,Phylloscopus nitidus,Green Warbler,0.9372,psm9,2024,07,18,06
534.0,537.0,Phylloscopus nitidus,Green Warbler,0.809,psm9,2024,07,18,06
534.0,537.0,Phylloscopus trochiloides,Greenish Warbler,0.596,psm9,2024,07,18,06
537.0,540.0,Phylloscopus nitidus,Green Warbler,0.7317,psm9,2024,07,18,06
540.0,543.0,Phylloscopus nitidus,Green Warbler,0.6861,psm9,2024,07,18,06
555.0,558.0,Phylloscopus nitidus,Green Warbler,0.5232,psm9,2024,07,18,06
558.0,561.0,Phylloscopus nitidus,Green Warbler,0.5514,psm9,2024,07,18,06
54.0,57.0,Tarsiger indicus,White-browed Bush-Robin,0.5253,psm9,2024,07,19,05
588.0,591.0,Tarsiger rufilatus,Himalayan Bluetail,0.7098,psm9,2024,07,19,05
606.0,609.0,Lonchura punctulata,Scaly-breasted Munia,0.6078,psm9,2024,07,19,05
150.0,153.0,Tringa erythropus,Spotted Redshank,0.7353,psm9,2024,07,19,06
195.0,198.0,Cyclarhis nigrirostris,Black-billed Peppershrike,0.5128,psm9,2024,07,19,06
228.0,231.0,Carpodacus erythrinus,Common Rosefinch,0.509,psm9,2024,07,19,06
633.0,636.0,Anthus hodgsoni,Olive-backed Pipit,0.7139,psm9,2024,07,19,06
888.0,891.0,Spinus spinus,Eurasian Siskin,0.5526,psm9,2024,07,19,06
12.0,15.0,Phylloscopus nitidus,Green Warbler,0.7004,psm9,2024,07,19,07
15.0,18.0,Phylloscopus nitidus,Green Warbler,0.6937,psm9,2024,07,19,07
24.0,27.0,Phylloscopus nitidus,Green Warbler,0.958,psm9,2024,07,19,07
546.0,549.0,Muscicapa striata,Spotted Flycatcher,0.513,psm9,2024,07,19,07
675.0,678.0,Pinicola enucleator,Pine Grosbeak,0.5603,psm9,2024,07,19,07
729.0,732.0,Trochalopteron variegatum,Variegated Laughingthrush,0.6737,psm9,2024,07,19,07
840.0,843.0,Anthus trivialis,Tree Pipit,0.6886,psm9,2024,07,19,07
72.0,75.0,Palmeria dolei,Akohekohe,0.8258,psm9,2024,07,20,05
78.0,81.0,Vireo flavifrons,Yellow-throated Vireo,0.7587,psm9,2024,07,20,05
120.0,123.0,Palmeria dolei,Akohekohe,0.9172,psm9,2024,07,20,05
252.0,255.0,Carpodacus erythrinus,Common Rosefinch,0.8124,psm9,2024,07,20,05
258.0,261.0,Carpodacus erythrinus,Common Rosefinch,0.7983,psm9,2024,07,20,05
261.0,264.0,Carpodacus erythrinus,Common Rosefinch,0.7989,psm9,2024,07,20,05
267.0,270.0,Carpodacus erythrinus,Common Rosefinch,0.9416,psm9,2024,07,20,05
270.0,273.0,Carpodacus erythrinus,Common Rosefinch,0.9789,psm9,2024,07,20,05
273.0,276.0,Carpodacus erythrinus,Common Rosefinch,0.6117,psm9,2024,07,20,05
477.0,480.0,Calidris alpina,Dunlin,0.5295,psm9,2024,07,20,05
123.0,126.0,Phylloscopus humei,Hume's Warbler,0.6253,psm9,2024,07,20,06
177.0,180.0,Phylloscopus humei,Hume's Warbler,0.7831,psm9,2024,07,20,06
342.0,345.0,Phylloscopus nitidus,Green Warbler,0.8356,psm9,2024,07,20,06
348.0,351.0,Phylloscopus nitidus,Green Warbler,0.923,psm9,2024,07,20,06
372.0,375.0,Phylloscopus nitidus,Green Warbler,0.5992,psm9,2024,07,20,06
390.0,393.0,Phylloscopus nitidus,Green Warbler,0.8628,psm9,2024,07,20,06
642.0,645.0,Phylloscopus nitidus,Green Warbler,0.6146,psm9,2024,07,20,06
648.0,651.0,Phylloscopus nitidus,Green Warbler,0.5232,psm9,2024,07,20,06
657.0,660.0,Phylloscopus nitidus,Green Warbler,0.9827,psm9,2024,07,20,06
663.0,666.0,Phylloscopus nitidus,Green Warbler,0.9573,psm9,2024,07,20,06
663.0,666.0,Phylloscopus trochiloides,Greenish Warbler,0.6604,psm9,2024,07,20,06
669.0,672.0,Phylloscopus nitidus,Green Warbler,0.6786,psm9,2024,07,20,06
702.0,705.0,Phylloscopus nitidus,Green Warbler,0.5304,psm9,2024,07,20,06
9.0,12.0,Tringa erythropus,Spotted Redshank,0.5276,psm9,2024,07,20,07
81.0,84.0,Calidris alpina,Dunlin,0.5339,psm9,2024,07,20,07
111.0,114.0,Vireo flavifrons,Yellow-throated Vireo,0.5231,psm9,2024,07,20,07
156.0,159.0,Anthus trivialis,Tree Pipit,0.8483,psm9,2024,07,20,07
180.0,183.0,Tringa erythropus,Spotted Redshank,0.6038,psm9,2024,07,20,07
201.0,204.0,Tringa erythropus,Spotted Redshank,0.814,psm9,2024,07,20,07
207.0,210.0,Tringa erythropus,Spotted Redshank,0.989,psm9,2024,07,20,07
255.0,258.0,Tringa erythropus,Spotted Redshank,0.8842,psm9,2024,07,20,07
342.0,345.0,Tringa erythropus,Spotted Redshank,0.9896,psm9,2024,07,20,07
480.0,483.0,Luscinia phaenicuroides,White-bellied Redstart,0.7856,psm9,2024,07,20,07
138.0,141.0,Luscinia phaenicuroides,White-bellied Redstart,0.6975,psm9,2024,07,21,05
144.0,147.0,Luscinia phaenicuroides,White-bellied Redstart,0.6833,psm9,2024,07,21,05
177.0,180.0,Trichoglossus moluccanus,Rainbow Lorikeet,0.6316,psm9,2024,07,21,05
594.0,597.0,Carpodacus erythrinus,Common Rosefinch,0.9568,psm9,2024,07,21,05
75.0,78.0,Anthus trivialis,Tree Pipit,0.6704,psm9,2024,07,21,06
492.0,495.0,Vireo flavifrons,Yellow-throated Vireo,0.5928,psm9,2024,07,21,06
633.0,636.0,Phylloscopus trochiloides,Greenish Warbler,0.6425,psm9,2024,07,21,06
642.0,645.0,Phylloscopus nitidus,Green Warbler,0.7742,psm9,2024,07,21,06
654.0,657.0,Phylloscopus nitidus,Green Warbler,0.5981,psm9,2024,07,21,06
678.0,681.0,Phylloscopus nitidus,Green Warbler,0.8207,psm9,2024,07,21,06
12.0,15.0,Phylloscopus nitidus,Green Warbler,0.8948,psm9,2024,07,21,07
33.0,36.0,Phylloscopus nitidus,Green Warbler,0.5885,psm9,2024,07,21,07
36.0,39.0,Phylloscopus nitidus,Green Warbler,0.7696,psm9,2024,07,21,07
36.0,39.0,Phylloscopus trochiloides,Greenish Warbler,0.5233,psm9,2024,07,21,07
48.0,51.0,Phylloscopus nitidus,Green Warbler,0.5305,psm9,2024,07,21,07
369.0,372.0,Phylloscopus humei,Hume's Warbler,0.5875,psm9,2024,07,21,07
561.0,564.0,Trochalopteron variegatum,Variegated Laughingthrush,0.919,psm9,2024,07,21,07
645.0,648.0,Carpodacus erythrinus,Common Rosefinch,0.5773,psm9,2024,07,21,07
654.0,657.0,Tringa erythropus,Spotted Redshank,0.7963,psm9,2024,07,21,07
735.0,738.0,Anthus trivialis,Tree Pipit,0.5687,psm9,2024,07,21,07
33.0,36.0,Palmeria dolei,Akohekohe,0.5495,psm9,2024,07,22,05
63.0,66.0,Palmeria dolei,Akohekohe,0.5966,psm9,2024,07,22,05
243.0,246.0,Palmeria dolei,Akohekohe,0.6379,psm9,2024,07,22,05
270.0,273.0,Luscinia phaenicuroides,White-bellied Redstart,0.6726,psm9,2024,07,22,05
513.0,516.0,Palmeria dolei,Akohekohe,0.6949,psm9,2024,07,22,05
549.0,552.0,Tarsiger indicus,White-browed Bush-Robin,0.7664,psm9,2024,07,22,05
582.0,585.0,Palmeria dolei,Akohekohe,0.6622,psm9,2024,07,22,05
588.0,591.0,Palmeria dolei,Akohekohe,0.6633,psm9,2024,07,22,05
651.0,654.0,Palmeria dolei,Akohekohe,0.6338,psm9,2024,07,22,05
189.0,192.0,Haemorhous purpureus,Purple Finch,0.6295,psm9,2024,07,22,06
324.0,327.0,Turdus philomelos,Song Thrush,0.6953,psm9,2024,07,22,06
660.0,663.0,Trochalopteron variegatum,Variegated Laughingthrush,0.8661,psm9,2024,07,22,06
666.0,669.0,Trochalopteron variegatum,Variegated Laughingthrush,0.6301,psm9,2024,07,22,06
669.0,672.0,Trochalopteron variegatum,Variegated Laughingthrush,0.511,psm9,2024,07,22,06
711.0,714.0,Trochalopteron variegatum,Variegated Laughingthrush,0.5161,psm9,2024,07,22,06
720.0,723.0,Trochalopteron variegatum,Variegated Laughingthrush,0.6186,psm9,2024,07,22,06
732.0,735.0,Trochalopteron variegatum,Variegated Laughingthrush,0.6478,psm9,2024,07,22,06
747.0,750.0,Trochalopteron variegatum,Variegated Laughingthrush,0.8759,psm9,2024,07,22,06
753.0,756.0,Trochalopteron variegatum,Variegated Laughingthrush,0.7241,psm9,2024,07,22,06
756.0,759.0,Trochalopteron variegatum,Variegated Laughingthrush,0.7914,psm9,2024,07,22,06
762.0,765.0,Trochalopteron variegatum,Variegated Laughingthrush,0.5157,psm9,2024,07,22,06
765.0,768.0,Trochalopteron variegatum,Variegated Laughingthrush,0.6823,psm9,2024,07,22,06
795.0,798.0,Trochalopteron variegatum,Variegated Laughingthrush,0.6107,psm9,2024,07,22,06
849.0,852.0,Trochalopteron variegatum,Variegated Laughingthrush,0.6641,psm9,2024,07,22,06
876.0,879.0,Trochalopteron variegatum,Variegated Laughingthrush,0.5224,psm9,2024,07,22,06
0.0,3.0,Luscinia phaenicuroides,White-bellied Redstart,0.9499,psm9,2024,07,22,07
6.0,9.0,Luscinia phaenicuroides,White-bellied Redstart,0.9381,psm9,2024,07,22,07
12.0,15.0,Luscinia phaenicuroides,White-bellied Redstart,0.7541,psm9,2024,07,22,07
21.0,24.0,Luscinia phaenicuroides,White-bellied Redstart,0.9517,psm9,2024,07,22,07
27.0,30.0,Luscinia phaenicuroides,White-bellied Redstart,0.6729,psm9,2024,07,22,07
33.0,36.0,Luscinia phaenicuroides,White-bellied Redstart,0.8631,psm9,2024,07,22,07
39.0,42.0,Luscinia phaenicuroides,White-bellied Redstart,0.9683,psm9,2024,07,22,07
54.0,57.0,Luscinia phaenicuroides,White-bellied Redstart,0.8098,psm9,2024,07,22,07
60.0,63.0,Luscinia phaenicuroides,White-bellied Redstart,0.9063,psm9,2024,07,22,07
72.0,75.0,Luscinia phaenicuroides,White-bellied Redstart,0.9644,psm9,2024,07,22,07
459.0,462.0,Troglodytes pacificus,Pacific Wren,0.5739,psm9,2024,07,22,07
738.0,741.0,Pinicola enucleator,Pine Grosbeak,0.7776,psm9,2024,07,22,07
747.0,750.0,Andropadus importunus,Sombre Greenbul,0.787,psm9,2024,07,22,07
747.0,750.0,Haemorhous cassinii,Cassin's Finch,0.52,psm9,2024,07,22,07
777.0,780.0,Turdus falcklandii,Austral Thrush,0.8687,psm9,2024,07,22,07
270.0,273.0,Palmeria dolei,Akohekohe,0.5449,psm9,2024,07,23,05
279.0,282.0,Palmeria dolei,Akohekohe,0.689,psm9,2024,07,23,05
312.0,315.0,Palmeria dolei,Akohekohe,0.7963,psm9,2024,07,23,05
330.0,333.0,Palmeria dolei,Akohekohe,0.8906,psm9,2024,07,23,05
357.0,360.0,Palmeria dolei,Akohekohe,0.8523,psm9,2024,07,23,05
366.0,369.0,Palmeria dolei,Akohekohe,0.865,psm9,2024,07,23,05
387.0,390.0,Palmeria dolei,Akohekohe,0.8644,psm9,2024,07,23,05
396.0,399.0,Palmeria dolei,Akohekohe,0.7155,psm9,2024,07,23,05
705.0,708.0,Tarsiger indicus,White-browed Bush-Robin,0.5296,psm9,2024,07,23,05
714.0,717.0,Myiarchus crinitus,Great Crested Flycatcher,0.5153,psm9,2024,07,23,05
798.0,801.0,Piranga olivacea,Scarlet Tanager,0.6575,psm9,2024,07,23,05
840.0,843.0,Palmeria dolei,Akohekohe,0.6682,psm9,2024,07,23,05
864.0,867.0,Palmeria dolei,Akohekohe,0.5378,psm9,2024,07,23,05
873.0,876.0,Palmeria dolei,Akohekohe,0.5347,psm9,2024,07,23,05
885.0,888.0,Palmeria dolei,Akohekohe,0.5194,psm9,2024,07,23,05
894.0,897.0,Palmeria dolei,Akohekohe,0.5721,psm9,2024,07,23,05
327.0,330.0,Phylloscopus nitidus,Green Warbler,0.7271,psm9,2024,07,23,06
30.0,33.0,Calidris alpina,Dunlin,0.7521,psm9,2024,07,23,07
33.0,36.0,Phylloscopus nitidus,Green Warbler,0.8798,psm9,2024,07,23,07
45.0,48.0,Phylloscopus nitidus,Green Warbler,0.5213,psm9,2024,07,23,07
51.0,54.0,Phylloscopus nitidus,Green Warbler,0.9619,psm9,2024,07,23,07
51.0,54.0,Phylloscopus trochiloides,Greenish Warbler,0.5248,psm9,2024,07,23,07
54.0,57.0,Phylloscopus nitidus,Green Warbler,0.7014,psm9,2024,07,23,07
69.0,72.0,Phylloscopus nitidus,Green Warbler,0.8874,psm9,2024,07,23,07
93.0,96.0,Phylloscopus nitidus,Green Warbler,0.8777,psm9,2024,07,23,07
93.0,96.0,Phylloscopus trochiloides,Greenish Warbler,0.5182,psm9,2024,07,23,07
132.0,135.0,Calidris alpina,Dunlin,0.5354,psm9,2024,07,23,07
135.0,138.0,Phylloscopus nitidus,Green Warbler,0.9683,psm9,2024,07,23,07
165.0,168.0,Phylloscopus nitidus,Green Warbler,0.8366,psm9,2024,07,23,07
192.0,195.0,Phylloscopus nitidus,Green Warbler,0.9463,psm9,2024,07,23,07
195.0,198.0,Phylloscopus nitidus,Green Warbler,0.6879,psm9,2024,07,23,07
198.0,201.0,Palmeria dolei,Akohekohe,0.5308,psm9,2024,07,23,07
300.0,303.0,Phylloscopus nitidus,Green Warbler,0.6575,psm9,2024,07,23,07
384.0,387.0,Phylloscopus nitidus,Green Warbler,0.5407,psm9,2024,07,23,07
393.0,396.0,Phylloscopus nitidus,Green Warbler,0.6642,psm9,2024,07,23,07
735.0,738.0,Phylloscopus nitidus,Green Warbler,0.818,psm9,2024,07,23,07
3.0,6.0,Myadestes ralloides,Andean Solitaire,0.5419,psm9,2024,07,24,05
6.0,9.0,Palmeria dolei,Akohekohe,0.7454,psm9,2024,07,24,05
15.0,18.0,Elachura formosa,Spotted Elachura,0.7026,psm9,2024,07,24,05
15.0,18.0,Phylloscopus magnirostris,Large-billed Leaf Warbler,0.6928,psm9,2024,07,24,05
48.0,51.0,Palmeria dolei,Akohekohe,0.856,psm9,2024,07,24,05
603.0,606.0,Piranga olivacea,Scarlet Tanager,0.6991,psm9,2024,07,24,05
702.0,705.0,Bolborhynchus lineola,Barred Parakeet,0.6526,psm9,2024,07,24,05
705.0,708.0,Piranga olivacea,Scarlet Tanager,0.6686,psm9,2024,07,24,05
810.0,813.0,Elaenia albiceps,White-crested Elaenia,0.5189,psm9,2024,07,24,05
0.0,3.0,Luscinia phaenicuroides,White-bellied Redstart,0.5336,psm9,2024,07,24,06
36.0,39.0,Loxops coccineus,Hawaii Akepa,0.5009,psm9,2024,07,24,06
81.0,84.0,Phylloscopus nitidus,Green Warbler,0.7909,psm9,2024,07,24,06
120.0,123.0,Phylloscopus nitidus,Green Warbler,0.5086,psm9,2024,07,24,06
249.0,252.0,Anthus trivialis,Tree Pipit,0.9135,psm9,2024,07,24,06
309.0,312.0,Trochalopteron variegatum,Variegated Laughingthrush,0.7258,psm9,2024,07,24,06
318.0,321.0,Trochalopteron variegatum,Variegated Laughingthrush,0.5671,psm9,2024,07,24,06
321.0,324.0,Trochalopteron variegatum,Variegated Laughingthrush,0.8282,psm9,2024,07,24,06
324.0,327.0,Trochalopteron variegatum,Variegated Laughingthrush,0.9003,psm9,2024,07,24,06
327.0,330.0,Trochalopteron variegatum,Variegated Laughingthrush,0.5724,psm9,2024,07,24,06
330.0,333.0,Trochalopteron variegatum,Variegated Laughingthrush,0.9767,psm9,2024,07,24,06
336.0,339.0,Trochalopteron variegatum,Variegated Laughingthrush,0.9297,psm9,2024,07,24,06
339.0,342.0,Trochalopteron variegatum,Variegated Laughingthrush,0.7637,psm9,2024,07,24,06
345.0,348.0,Trochalopteron variegatum,Variegated Laughingthrush,0.6983,psm9,2024,07,24,06
354.0,357.0,Trochalopteron variegatum,Variegated Laughingthrush,0.8733,psm9,2024,07,24,06
360.0,363.0,Trochalopteron variegatum,Variegated Laughingthrush,0.9024,psm9,2024,07,24,06
363.0,366.0,Trochalopteron variegatum,Variegated Laughingthrush,0.6287,psm9,2024,07,24,06
369.0,372.0,Luscinia phaenicuroides,White-bellied Redstart,0.5249,psm9,2024,07,24,06
372.0,375.0,Trochalopteron variegatum,Variegated Laughingthrush,0.9496,psm9,2024,07,24,06
378.0,381.0,Trochalopteron variegatum,Variegated Laughingthrush,0.5302,psm9,2024,07,24,06
381.0,384.0,Trochalopteron variegatum,Variegated Laughingthrush,0.8328,psm9,2024,07,24,06
387.0,390.0,Trochalopteron variegatum,Variegated Laughingthrush,0.9046,psm9,2024,07,24,06
390.0,393.0,Trochalopteron variegatum,Variegated Laughingthrush,0.52,psm9,2024,07,24,06
396.0,399.0,Trochalopteron variegatum,Variegated Laughingthrush,0.8513,psm9,2024,07,24,06
399.0,402.0,Trochalopteron variegatum,Variegated Laughingthrush,0.8041,psm9,2024,07,24,06
411.0,414.0,Trochalopteron variegatum,Variegated Laughingthrush,0.9683,psm9,2024,07,24,06
420.0,423.0,Trochalopteron variegatum,Variegated Laughingthrush,0.635,psm9,2024,07,24,06
423.0,426.0,Trochalopteron variegatum,Variegated Laughingthrush,0.9432,psm9,2024,07,24,06
453.0,456.0,Trochalopteron variegatum,Variegated Laughingthrush,0.6509,psm9,2024,07,24,06
465.0,468.0,Trochalopteron variegatum,Variegated Laughingthrush,0.8509,psm9,2024,07,24,06
477.0,480.0,Trochalopteron variegatum,Variegated Laughingthrush,0.6842,psm9,2024,07,24,06
492.0,495.0,Trochalopteron variegatum,Variegated Laughingthrush,0.7603,psm9,2024,07,24,06
495.0,498.0,Trochalopteron variegatum,Variegated Laughingthrush,0.9047,psm9,2024,07,24,06
498.0,501.0,Trochalopteron variegatum,Variegated Laughingthrush,0.6392,psm9,2024,07,24,06
504.0,507.0,Trochalopteron variegatum,Variegated Laughingthrush,0.9519,psm9,2024,07,24,06
507.0,510.0,Phylloscopus humei,Hume's Warbler,0.8413,psm9,2024,07,24,06
516.0,519.0,Trochalopteron variegatum,Variegated Laughingthrush,0.8596,psm9,2024,07,24,06
525.0,528.0,Trochalopteron variegatum,Variegated Laughingthrush,0.5484,psm9,2024,07,24,06
531.0,534.0,Trochalopteron variegatum,Variegated Laughingthrush,0.7303,psm9,2024,07,24,06
537.0,540.0,Trochalopteron variegatum,Variegated Laughingthrush,0.953,psm9,2024,07,24,06
543.0,546.0,Trochalopteron variegatum,Variegated Laughingthrush,0.6422,psm9,2024,07,24,06
708.0,711.0,Trochalopteron variegatum,Variegated Laughingthrush,0.8818,psm9,2024,07,24,06
741.0,744.0,Trochalopteron variegatum,Variegated Laughingthrush,0.8084,psm9,2024,07,24,06
750.0,753.0,Trochalopteron variegatum,Variegated Laughingthrush,0.5941,psm9,2024,07,24,06
603.0,606.0,Tringa erythropus,Spotted Redshank,0.7695,psm9,2024,07,24,07
612.0,615.0,Trochalopteron variegatum,Variegated Laughingthrush,0.6071,psm9,2024,07,24,07
615.0,618.0,Trochalopteron variegatum,Variegated Laughingthrush,0.6876,psm9,2024,07,24,07
618.0,621.0,Trochalopteron variegatum,Variegated Laughingthrush,0.7928,psm9,2024,07,24,07
621.0,624.0,Trochalopteron variegatum,Variegated Laughingthrush,0.6179,psm9,2024,07,24,07
624.0,627.0,Trochalopteron variegatum,Variegated Laughingthrush,0.9216,psm9,2024,07,24,07
627.0,630.0,Trochalopteron variegatum,Variegated Laughingthrush,0.6283,psm9,2024,07,24,07
633.0,636.0,Trochalopteron variegatum,Variegated Laughingthrush,0.8825,psm9,2024,07,24,07
636.0,639.0,Trochalopteron variegatum,Variegated Laughingthrush,0.9856,psm9,2024,07,24,07
648.0,651.0,Trochalopteron variegatum,Variegated Laughingthrush,0.7539,psm9,2024,07,24,07
651.0,654.0,Trochalopteron variegatum,Variegated Laughingthrush,0.6531,psm9,2024,07,24,07
660.0,663.0,Trochalopteron variegatum,Variegated Laughingthrush,0.8735,psm9,2024,07,24,07
663.0,666.0,Trochalopteron variegatum,Variegated Laughingthrush,0.797,psm9,2024,07,24,07
666.0,669.0,Trochalopteron variegatum,Variegated Laughingthrush,0.9379,psm9,2024,07,24,07
669.0,672.0,Trochalopteron variegatum,Variegated Laughingthrush,0.9295,psm9,2024,07,24,07
675.0,678.0,Trochalopteron variegatum,Variegated Laughingthrush,0.915,psm9,2024,07,24,07
678.0,681.0,Trochalopteron variegatum,Variegated Laughingthrush,0.5949,psm9,2024,07,24,07
681.0,684.0,Trochalopteron variegatum,Variegated Laughingthrush,0.986,psm9,2024,07,24,07
687.0,690.0,Trochalopteron variegatum,Variegated Laughingthrush,0.9104,psm9,2024,07,24,07
693.0,696.0,Trochalopteron variegatum,Variegated Laughingthrush,0.9726,psm9,2024,07,24,07
696.0,699.0,Trochalopteron variegatum,Variegated Laughingthrush,0.9799,psm9,2024,07,24,07
786.0,789.0,Cyanopica cooki,Iberian Magpie,0.5671,psm9,2024,07,24,07
348.0,351.0,Palmeria dolei,Akohekohe,0.5843,psm9,2024,07,25,05
369.0,372.0,Palmeria dolei,Akohekohe,0.515,psm9,2024,07,25,05
396.0,399.0,Palmeria dolei,Akohekohe,0.8489,psm9,2024,07,25,05
606.0,609.0,Luscinia phaenicuroides,White-bellied Redstart,0.5811,psm9,2024,07,25,05
717.0,720.0,Palmeria dolei,Akohekohe,0.5314,psm9,2024,07,25,05
777.0,780.0,Palmeria dolei,Akohekohe,0.8203,psm9,2024,07,25,05
45.0,48.0,Phylloscopus humei,Hume's Warbler,0.6019,psm9,2024,07,25,06
48.0,51.0,Phylloscopus humei,Hume's Warbler,0.7175,psm9,2024,07,25,06
51.0,54.0,Phylloscopus humei,Hume's Warbler,0.6887,psm9,2024,07,25,06
99.0,102.0,Phylloscopus humei,Hume's Warbler,0.8946,psm9,2024,07,25,06
108.0,111.0,Xenus cinereus,Terek Sandpiper,0.5397,psm9,2024,07,25,06
183.0,186.0,Phylloscopus humei,Hume's Warbler,0.5157,psm9,2024,07,25,06
210.0,213.0,Phylloscopus nitidus,Green Warbler,0.7537,psm9,2024,07,25,06
507.0,510.0,Phylloscopus humei,Hume's Warbler,0.5091,psm9,2024,07,25,06
606.0,609.0,Luscinia phaenicuroides,White-bellied Redstart,0.5223,psm9,2024,07,25,06
639.0,642.0,Luscinia phaenicuroides,White-bellied Redstart,0.7586,psm9,2024,07,25,06
684.0,687.0,Luscinia phaenicuroides,White-bellied Redstart,0.6417,psm9,2024,07,25,06
711.0,714.0,Phylloscopus nitidus,Green Warbler,0.937,psm9,2024,07,25,06
744.0,747.0,Trochalopteron variegatum,Variegated Laughingthrush,0.8059,psm9,2024,07,25,06
756.0,759.0,Trochalopteron variegatum,Variegated Laughingthrush,0.7804,psm9,2024,07,25,06
762.0,765.0,Trochalopteron variegatum,Variegated Laughingthrush,0.7666,psm9,2024,07,25,06
765.0,768.0,Phylloscopus nitidus,Green Warbler,0.7921,psm9,2024,07,25,06
765.0,768.0,Trochalopteron variegatum,Variegated Laughingthrush,0.5051,psm9,2024,07,25,06
771.0,774.0,Trochalopteron variegatum,Variegated Laughingthrush,0.7698,psm9,2024,07,25,06
774.0,777.0,Trochalopteron variegatum,Variegated Laughingthrush,0.6774,psm9,2024,07,25,06
786.0,789.0,Trochalopteron variegatum,Variegated Laughingthrush,0.8369,psm9,2024,07,25,06
792.0,795.0,Trochalopteron variegatum,Variegated Laughingthrush,0.7137,psm9,2024,07,25,06
807.0,810.0,Trochalopteron variegatum,Variegated Laughingthrush,0.7892,psm9,2024,07,25,06
813.0,816.0,Trochalopteron variegatum,Variegated Laughingthrush,0.6176,psm9,2024,07,25,06
813.0,816.0,Sericossypha albocristata,White-capped Tanager,0.6119,psm9,2024,07,25,06
825.0,828.0,Trochalopteron variegatum,Variegated Laughingthrush,0.8353,psm9,2024,07,25,06
831.0,834.0,Trochalopteron variegatum,Variegated Laughingthrush,0.9608,psm9,2024,07,25,06
840.0,843.0,Trochalopteron variegatum,Variegated Laughingthrush,0.9401,psm9,2024,07,25,06
846.0,849.0,Trochalopteron variegatum,Variegated Laughingthrush,0.9014,psm9,2024,07,25,06
855.0,858.0,Trochalopteron variegatum,Variegated Laughingthrush,0.9325,psm9,2024,07,25,06
867.0,870.0,Trochalopteron variegatum,Variegated Laughingthrush,0.9575,psm9,2024,07,25,06
870.0,873.0,Luscinia phaenicuroides,White-bellied Redstart,0.7354,psm9,2024,07,25,06
873.0,876.0,Trochalopteron variegatum,Variegated Laughingthrush,0.8992,psm9,2024,07,25,06
888.0,891.0,Trochalopteron variegatum,Variegated Laughingthrush,0.6023,psm9,2024,07,25,06
42.0,45.0,Luscinia phaenicuroides,White-bellied Redstart,0.5833,psm9,2024,07,25,07
102.0,105.0,Tarsiger rufilatus,Himalayan Bluetail,0.9987,psm9,2024,07,25,07
105.0,108.0,Tarsiger rufilatus,Himalayan Bluetail,0.8178,psm9,2024,07,25,07
111.0,114.0,Phylloscopus chloronotus,Lemon-rumped Warbler,0.5813,psm9,2024,07,25,07
117.0,120.0,Phylloscopus chloronotus,Lemon-rumped Warbler,0.5002,psm9,2024,07,25,07
120.0,123.0,Phylloscopus chloronotus,Lemon-rumped Warbler,0.7439,psm9,2024,07,25,07
123.0,126.0,Tarsiger rufilatus,Himalayan Bluetail,0.6028,psm9,2024,07,25,07
135.0,138.0,Tarsiger rufilatus,Himalayan Bluetail,0.967,psm9,2024,07,25,07
138.0,141.0,Tarsiger rufilatus,Himalayan Bluetail,0.8942,psm9,2024,07,25,07
141.0,144.0,Tarsiger rufilatus,Himalayan Bluetail,0.5074,psm9,2024,07,25,07
234.0,237.0,Phylloscopus magnirostris,Large-billed Leaf Warbler,0.987,psm9,2024,07,25,07
243.0,246.0,Phylloscopus magnirostris,Large-billed Leaf Warbler,0.5153,psm9,2024,07,25,07
252.0,255.0,Elachura formosa,Spotted Elachura,0.78,psm9,2024,07,25,07
264.0,267.0,Elachura formosa,Spotted Elachura,0.5574,psm9,2024,07,25,07
357.0,360.0,Elachura formosa,Spotted Elachura,0.5768,psm9,2024,07,25,07
402.0,405.0,Prunella modularis,Dunnock,0.5778,psm9,2024,07,25,07
450.0,453.0,Luscinia phaenicuroides,White-bellied Redstart,0.5526,psm9,2024,07,25,07
465.0,468.0,Luscinia phaenicuroides,White-bellied Redstart,0.5605,psm9,2024,07,25,07
528.0,531.0,Anthus trivialis,Tree Pipit,0.5711,psm9,2024,07,25,07
549.0,552.0,Luscinia phaenicuroides,White-bellied Redstart,0.9272,psm9,2024,07,25,07
624.0,627.0,Luscinia phaenicuroides,White-bellied Redstart,0.9423,psm9,2024,07,25,07
648.0,651.0,Drymophila rubricollis,Bertoni's Antbird,0.5845,psm9,2024,07,25,07
666.0,669.0,Luscinia phaenicuroides,White-bellied Redstart,0.8514,psm9,2024,07,25,07
675.0,678.0,Luscinia phaenicuroides,White-bellied Redstart,0.845,psm9,2024,07,25,07
747.0,750.0,Luscinia phaenicuroides,White-bellied Redstart,0.6239,psm9,2024,07,25,07
789.0,792.0,Luscinia phaenicuroides,White-bellied Redstart,0.5054,psm9,2024,07,25,07
795.0,798.0,Luscinia phaenicuroides,White-bellied Redstart,0.5554,psm9,2024,07,25,07
846.0,849.0,Luscinia phaenicuroides,White-bellied Redstart,0.7019,psm9,2024,07,25,07
849.0,852.0,Phylloscopus nitidus,Green Warbler,0.8967,psm9,2024,07,25,07
891.0,894.0,Luscinia phaenicuroides,White-bellied Redstart,0.7512,psm9,2024,07,25,07
18.0,21.0,Palmeria dolei,Akohekohe,0.5597,psm9,2024,07,26,05
57.0,60.0,Palmeria dolei,Akohekohe,0.5422,psm9,2024,07,26,05
129.0,132.0,Palmeria dolei,Akohekohe,0.7403,psm9,2024,07,26,05
162.0,165.0,Drymophila ferruginea,Ferruginous Antbird,0.5749,psm9,2024,07,26,05
180.0,183.0,Piranga olivacea,Scarlet Tanager,0.6889,psm9,2024,07,26,05
204.0,207.0,Piranga olivacea,Scarlet Tanager,0.5745,psm9,2024,07,26,05
219.0,222.0,Myiarchus crinitus,Great Crested Flycatcher,0.7892,psm9,2024,07,26,05
234.0,237.0,Myiarchus crinitus,Great Crested Flycatcher,0.6389,psm9,2024,07,26,05
288.0,291.0,Tarsiger indicus,White-browed Bush-Robin,0.8485,psm9,2024,07,26,05
351.0,354.0,Palmeria dolei,Akohekohe,0.7503,psm9,2024,07,26,05
444.0,447.0,Luscinia phaenicuroides,White-bellied Redstart,0.6695,psm9,2024,07,26,05
450.0,453.0,Luscinia phaenicuroides,White-bellied Redstart,0.6385,psm9,2024,07,26,05
459.0,462.0,Luscinia phaenicuroides,White-bellied Redstart,0.9531,psm9,2024,07,26,05
465.0,468.0,Luscinia phaenicuroides,White-bellied Redstart,0.8047,psm9,2024,07,26,05
468.0,471.0,Luscinia phaenicuroides,White-bellied Redstart,0.805,psm9,2024,07,26,05
489.0,492.0,Luscinia phaenicuroides,White-bellied Redstart,0.5881,psm9,2024,07,26,05
549.0,552.0,Luscinia phaenicuroides,White-bellied Redstart,0.6813,psm9,2024,07,26,05
555.0,558.0,Luscinia phaenicuroides,White-bellied Redstart,0.9244,psm9,2024,07,26,05
561.0,564.0,Zosterops lateralis,Silvereye,0.6377,psm9,2024,07,26,05
726.0,729.0,Luscinia phaenicuroides,White-bellied Redstart,0.5177,psm9,2024,07,26,05
747.0,750.0,Luscinia phaenicuroides,White-bellied Redstart,0.5213,psm9,2024,07,26,05
828.0,831.0,Tringa erythropus,Spotted Redshank,0.6263,psm9,2024,07,26,05
843.0,846.0,Palmeria dolei,Akohekohe,0.794,psm9,2024,07,26,05
894.0,897.0,Palmeria dolei,Akohekohe,0.6521,psm9,2024,07,26,05
114.0,117.0,Calidris alpina,Dunlin,0.6317,psm9,2024,07,26,06
129.0,132.0,Palmeria dolei,Akohekohe,0.6603,psm9,2024,07,26,06
138.0,141.0,Palmeria dolei,Akohekohe,0.7888,psm9,2024,07,26,06
408.0,411.0,Phylloscopus humei,Hume's Warbler,0.6278,psm9,2024,07,26,06
810.0,813.0,Phylloscopus humei,Hume's Warbler,0.9044,psm9,2024,07,26,06
813.0,816.0,Phylloscopus humei,Hume's Warbler,0.6251,psm9,2024,07,26,06
54.0,57.0,Trochalopteron variegatum,Variegated Laughingthrush,0.8373,psm9,2024,07,26,07
66.0,69.0,Trochalopteron variegatum,Variegated Laughingthrush,0.7415,psm9,2024,07,26,07
72.0,75.0,Trochalopteron variegatum,Variegated Laughingthrush,0.8791,psm9,2024,07,26,07
81.0,84.0,Trochalopteron variegatum,Variegated Laughingthrush,0.7492,psm9,2024,07,26,07
87.0,90.0,Trochalopteron variegatum,Variegated Laughingthrush,0.778,psm9,2024,07,26,07
255.0,258.0,Thlypopsis ornata,Rufous-chested Tanager,0.5449,psm9,2024,07,26,07
258.0,261.0,Streptoprocne zonaris,White-collared Swift,0.7196,psm9,2024,07,26,07
315.0,318.0,Coccothraustes coccothraustes,Hawfinch,0.7357,psm9,2024,07,26,07
786.0,789.0,Phylloscopus nitidus,Green Warbler,0.7965,psm9,2024,07,26,07
